id,campo,antes,despues
38230,nombre_comercial,IBUTAN 400 mg X 20 TABLETAS,IBUTAN 400 MG X 20 TABLETAS
38231,nombre_comercial,IBUTAN 600 mg X 10 TABLETAS,IBUTAN 600 MG X 10 TABLETAS
38232,nombre_comercial,IBUTANCOL 400 mg - 4 mg X 10 TABLETAS,IBUTANCOL 400 MG - 4 MG X 10 TABLETAS
38233,nombre_comercial,IBUTANCOL 400 mg - 4 mg X 20 TABLETAS,IBUTANCOL 400 MG - 4 MG X 20 TABLETAS
38234,nombre_comercial,IBUTANCOL 600 mg - 4 mg X 10 TABLETAS,IBUTANCOL 600 MG - 4 MG X 10 TABLETAS
38235,nombre_comercial,IBUTANCOL 600 mg - 4 mg X 20 TABLETAS,IBUTANCOL 600 MG - 4 MG X 20 TABLETAS
38236,nombre_comercial,IBUTANFEM 400 mg - 20 mg X 20 TABLETAS RECUBIERTAS,IBUTANFEM 400 MG - 20 MG X 20 TABLETAS RECUBIERTAS
38237,nombre_comercial,IBUTANFEM 400 mg - 20 mg X 30 TABLETAS RECUBIERTAS,IBUTANFEM 400 MG - 20 MG X 30 TABLETAS RECUBIERTAS
38238,nombre_comercial,IDOXEN 75 mg X 30 CAPSULAS DE LIBERACION PROLONGADA,IDOXEN 75 MG X 30 CAPSULAS DE LIBERACION PROLONGADA
38239,nombre_comercial,IDOXEN 150 mg X 10 CAPSULAS DE LIBERACION PROLONGADA,IDOXEN 150 MG X 10 CAPSULAS DE LIBERACION PROLONGADA
38240,nombre_comercial,ILANA 600 mg X 1 CAPSULA BLANDA VAGINAL,ILANA 600 MG X 1 CAPSULA BLANDA VAGINAL
38241,nombre_comercial,ILTUX 20 mg X 28 COMPRIMIDOS RECUBIERTOS,ILTUX 20 MG X 28 COMPRIMIDOS RECUBIERTOS
38242,nombre_comercial,IMAZOL DUAL 500 mg CAPSULA BLANDA VAGINAL + 1 % X 1 CREMA VAGINAL,IMAZOL DUAL 500 MG CAPSULA BLANDA VAGINAL + 1 % X 1 CREMA VAGINAL
38245,nombre_comercial,IMAZOL 100 mg X 6 TABLETAS VAGINALES,IMAZOL 100 MG X 6 TABLETAS VAGINALES
38246,nombre_comercial,INIBIL 20 mg X 14 COMPRIMIDOS CON CUBIERTA ENTERICA,INIBIL 20 MG X 14 COMPRIMIDOS CON CUBIERTA ENTERICA
38247,nombre_comercial,INIBIL 40 mg X 14 COMPRIMIDOS CON CUBIERTA ENTERICA,INIBIL 40 MG X 14 COMPRIMIDOS CON CUBIERTA ENTERICA
38249,nombre_comercial,FLUTIXAIR 125 mg - 25 mcg / DOSIS X 200 SUSPENSION INHALACION ORAL,FLUTIXAIR 125 MG - 25 MCG / DOSIS X 200 SUSPENSION INHALACION ORAL
38250,nombre_comercial,IPORET 40 mg / mL SUSPENSION ORAL GOTAS,IPORET 40 MG / ML SUSPENSION ORAL GOTAS
38251,nombre_comercial,IPROXIN 500 mg X 12 TABLETAS RECUBIERTAS,IPROXIN 500 MG X 12 TABLETAS RECUBIERTAS
38252,nombre_comercial,IPROXIN 750 mg X 10 TABLETAS RECUBIERTAS,IPROXIN 750 MG X 10 TABLETAS RECUBIERTAS
38253,nombre_comercial,IRBESARTAN 150 mg X 28 TABLETAS,IRBESARTAN 150 MG X 28 TABLETAS
38254,nombre_comercial,IRBESARTAN 150 mg X 10 TABLETAS,IRBESARTAN 150 MG X 10 TABLETAS
38255,nombre_comercial,IRBESARTAN 150 mg X 30 TABLETAS,IRBESARTAN 150 MG X 30 TABLETAS
38256,nombre_comercial,IRBESARTAN 300 mg X 28 TABLETAS,IRBESARTAN 300 MG X 28 TABLETAS
38257,nombre_comercial,IRBESARTAN 300 mg X 10 TABLETAS,IRBESARTAN 300 MG X 10 TABLETAS
38258,nombre_comercial,"IRBESARTAN -HIDROCLOROTIAZIDA 150 mg -12,5 mg X 28 TABLETAS",IRBESARTAN -HIDROCLOROTIAZIDA 150 MG -12.5 MG X 28 TABLETAS
38259,nombre_comercial,"IRBETIAZID 150 mg - 12,5 mg X 28 TABLETAS",IRBETIAZID 150 MG - 12.5 MG X 28 TABLETAS
38260,nombre_comercial,"ISBELA 2 mg - 0,035 mg X 21 TABLETAS RECUBIERTAS",ISBELA 2 MG - 0.035 MG X 21 TABLETAS RECUBIERTAS
38261,nombre_comercial,Itraconazol 100 mg X 10 Cápsulas,ITRACONAZOL 100 MG X 10 CAPSULAS
38261,presentacion,X 10 Cápsulas,X 10 CAPSULAS
38262,nombre_comercial,"ITRASEC 33,33 mg – 166,66 mg X 12 CÁPSULAS",ITRASEC 33.33 MG – 166.66 MG X 12 CAPSULAS
38262,presentacion,X 12 CÁPSULAS,X 12 CAPSULAS
38263,nombre_comercial,IVERMECTINA 6 mg X 4 TABLETAS,IVERMECTINA 6 MG X 4 TABLETAS
38264,nombre_comercial,IZABAN 10 mg X 30 COMPRIMIDOS RECUBIERTOS,IZABAN 10 MG X 30 COMPRIMIDOS RECUBIERTOS
38265,nombre_comercial,IZABAN DPP 25 mg - 5 mg X 30 COMPRIMIDOS RECUBIERTOS,IZABAN DPP 25 MG - 5 MG X 30 COMPRIMIDOS RECUBIERTOS
38266,nombre_comercial,KAPET 75 mg X 14 TABLETAS RECUBIERTAS,KAPET 75 MG X 14 TABLETAS RECUBIERTAS
38267,nombre_comercial,KAPET 75 mg X 30 TABLETAS RECUBIERTAS,KAPET 75 MG X 30 TABLETAS RECUBIERTAS
38268,nombre_comercial,KATRIN 30 mg / mL X 1 AMPOLLAS,KATRIN 30 MG / ML X 1 AMPOLLA
38268,presentacion,X 1 AMPOLLAS,X 1 AMPOLLA
38270,nombre_comercial,KELAC 30 mg / mL X 1 AMPOLLAS,KELAC 30 MG / ML X 1 AMPOLLA
38270,presentacion,X 1 AMPOLLAS,X 1 AMPOLLA
38271,nombre_comercial,KELAC 30 mg / mL X 3 AMPOLLAS,KELAC 30 MG / ML X 3 AMPOLLAS
38272,nombre_comercial,KELAC 30 mg / mL X 4 AMPOLLAS,KELAC 30 MG / ML X 4 AMPOLLAS
38273,nombre_comercial,KELAC 30 mg X 4 TABLETAS SUBLINGUALES.,KELAC 30 MG X 4 TABLETAS SUBLINGUALES.
38274,nombre_comercial,KELFEN 50 mg X 10 CAPSULAS,KELFEN 50 MG X 10 CAPSULAS
38275,nombre_comercial,KELFEN 100 mg X 20 COMPRIMIDOS CON CUBIERTA ENTERICA,KELFEN 100 MG X 20 COMPRIMIDOS CON CUBIERTA ENTERICA
38276,nombre_comercial,KEPPRA 1000 mg X 30 TABLETAS RECUBIERTAS,KEPPRA 1000 MG X 30 TABLETAS RECUBIERTAS
38277,nombre_comercial,KEPPRA 500 mg X 30 TABLETAS RECUBIERTAS,KEPPRA 500 MG X 30 TABLETAS RECUBIERTAS
38278,nombre_comercial,KEPRORET 1 mg / mL SOLUCION ORAL,KEPRORET 1 MG / ML SOLUCION ORAL
38281,nombre_comercial,KETAZOL 400 mg X 3 OVULOS,KETAZOL 400 MG X 3 OVULOS
38282,nombre_comercial,CLINDAMICINA - KETOCONAZOL 100 mg - 400 mg OVULOS VAGINALES,CLINDAMICINA - KETOCONAZOL 100 MG - 400 MG OVULOS VAGINALES
38283,nombre_comercial,KETODEX 100 mg X 10 TABLETAS CON RECUBRIMIENTO ENTERICO,KETODEX 100 MG X 10 TABLETAS CON RECUBRIMIENTO ENTERICO
38284,nombre_comercial,KETOPROFENO 100mg / 2 mL X 1 AMPOLLAS,KETOPROFENO 100 MG / 2 ML X 1 AMPOLLA
38284,presentacion,X 1 AMPOLLAS,X 1 AMPOLLA
38285,nombre_comercial,KETOPROFENO 100mg / 2 mL X 2 AMPOLLAS,KETOPROFENO 100 MG / 2 ML X 2 AMPOLLAS
38286,nombre_comercial,KETOPROFENO 100mg / 2 mL X 10 AMPOLLAS,KETOPROFENO 100 MG / 2 ML X 10 AMPOLLAS
38287,nombre_comercial,KETOPROFENO 100mg / 2 mL X 20 AMPOLLAS,KETOPROFENO 100 MG / 2 ML X 20 AMPOLLAS
38288,nombre_comercial,KETOPROFENO 100 mg X 10 CAPSULAS,KETOPROFENO 100 MG X 10 CAPSULAS
38289,nombre_comercial,KETOPROFENO 100 mg X 20 CAPSULAS,KETOPROFENO 100 MG X 20 CAPSULAS
38290,nombre_comercial,KETOPROFENO 100 mg X 10 CAPSULAS,KETOPROFENO 100 MG X 10 CAPSULAS
38291,nombre_comercial,KETOPROFENO 100 mg X 20 CAPSULAS,KETOPROFENO 100 MG X 20 CAPSULAS
38292,nombre_comercial,KETOPROFENO 100 mg X 10 CAPSULAS,KETOPROFENO 100 MG X 10 CAPSULAS
38293,nombre_comercial,KETOPROFENO 100 mg X 20 CAPSULAS,KETOPROFENO 100 MG X 20 CAPSULAS
38294,nombre_comercial,KETOPROFENO 50 mg / mL SOLUCIÓN INYECTABLE,KETOPROFENO 50 MG / ML SOLUCION INYECTABLE
38295,nombre_comercial,KETOREL 30 mg X 4 COMPRIMIDOS ORODISPERSABLE,KETOREL 30 MG X 4 COMPRIMIDOS ORODISPERSABLE
38296,nombre_comercial,KETOROLACO TROMETAMOL 30 mg / mL X 10 AMPOLLAS,KETOROLACO TROMETAMOL 30 MG / ML X 10 AMPOLLAS
38297,nombre_comercial,KETOROLACO TROMETAMOL 30 mg / mL X 8 AMPOLLAS,KETOROLACO TROMETAMOL 30 MG / ML X 8 AMPOLLAS
38298,nombre_comercial,KETOROLACO TROMETAMINA 30 mg / mL X 3 AMPOLLAS,KETOROLACO TROMETAMINA 30 MG / ML X 3 AMPOLLAS
38299,nombre_comercial,KETOROLAC TROMETAMINA 20 mg X 10 COMPRIMIDOS,KETOROLAC TROMETAMINA 20 MG X 10 COMPRIMIDOS
38300,nombre_comercial,KEYDOL 400 mg - 4 mg X 10 COMPRIMIDOS RECUBIERTOS,KEYDOL 400 MG - 4 MG X 10 COMPRIMIDOS RECUBIERTOS
38301,nombre_comercial,KEYDOL 400 mg - 4 mg X 20 COMPRIMIDOS RECUBIERTOS,KEYDOL 400 MG - 4 MG X 20 COMPRIMIDOS RECUBIERTOS
38302,nombre_comercial,KEYDOL 600 mg - 4 mg X 10 COMPRIMIDOS RECUBIERTOS,KEYDOL 600 MG - 4 MG X 10 COMPRIMIDOS RECUBIERTOS
38303,nombre_comercial,KEYDOL 600 mg - 4 mg X 20 COMPRIMIDOS RECUBIERTOS,KEYDOL 600 MG - 4 MG X 20 COMPRIMIDOS RECUBIERTOS
38304,nombre_comercial,KLAS 100 mg X 20 CAPSULAS,KLAS 100 MG X 20 CAPSULAS
38305,nombre_comercial,L - CARNITINA 1 g / 10 mL SOLUCION ORAL,L - CARNITINA 1 G / 10 ML SOLUCION ORAL
38308,nombre_comercial,"LARFACAINA 2 mg - 1,5 mg X 16 PASTILLAS SABOR A TUTTI - FRUTTI",LARFACAINA 2 MG - 1.5 MG X 16 PASTILLAS SABOR A TUTTI - FRUTTI
38309,nombre_comercial,VITAMINA C 500 mg X 16 TABLETAS MASTICABLES SABOR A TUTTI FRUTTI,VITAMINA C 500 MG X 16 TABLETAS MASTICABLES SABOR A TUTTI FRUTTI
38310,nombre_comercial,LAMICTAL 25 mg X 30 TABLETAS DISPERSABLES-MASTICABLES,LAMICTAL 25 MG X 30 TABLETAS DISPERSABLES-MASTICABLES
38311,nombre_comercial,LAMOTRIGINA 100 mg X 30 TABLETAS RECUBIERTAS,LAMOTRIGINA 100 MG X 30 TABLETAS RECUBIERTAS
38312,nombre_comercial,LAMOTRIGINA 100 mg X 28 TABLETAS DE LIBERACION PROLONGADA,LAMOTRIGINA 100 MG X 28 TABLETAS DE LIBERACION PROLONGADA
38313,nombre_comercial,LAMPRAL 4 mg / 2 mL X 2 AMPOLLAS,LAMPRAL 4 MG / 2 ML X 2 AMPOLLAS
38314,nombre_comercial,LANSOPRAZOL 30 mg X 28 CAPSULAS,LANSOPRAZOL 30 MG X 28 CAPSULAS
38315,nombre_comercial,"LECHE DE MAGNESIA 8,5 % SUSPENSION SABOR ORIGINAL",LECHE DE MAGNESIA 8.5 % SUSPENSION SABOR ORIGINAL
38316,nombre_comercial,ARAVA 20 mg X 30 TABLETAS RECUBIERTAS,ARAVA 20 MG X 30 TABLETAS RECUBIERTAS
38317,nombre_comercial,LENTOCILIN 6.3.3 X 1 AMPOLLAS,LENTOCILIN 6.3.3 X 1 AMPOLLA
38317,presentacion,X 1 AMPOLLAS,X 1 AMPOLLA
38318,nombre_comercial,LEPRIT 25 mg X 30 TABLETAS,LEPRIT 25 MG X 30 TABLETAS
38319,nombre_comercial,LEPTAZINE 10 mg X 24 COMPRIMIDOS,LEPTAZINE 10 MG X 24 COMPRIMIDOS
38320,nombre_comercial,LEPTAZINE 5 mg X 30 COMPRIMIDOS,LEPTAZINE 5 MG X 30 COMPRIMIDOS
38321,nombre_comercial,LERCANIDIPINO 20 mg X 10 COMPRIMIDOS RECUBIERTOS,LERCANIDIPINO 20 MG X 10 COMPRIMIDOS RECUBIERTOS
38322,nombre_comercial,LERCANIDIPINO 20 mg X 30 COMPRIMIDOS RECUBIERTOS,LERCANIDIPINO 20 MG X 30 COMPRIMIDOS RECUBIERTOS
38323,nombre_comercial,LERCANIDIPINO CLOHIDRATO 10 mg X 30 TABLETAS RECUBIERTAS,LERCANIDIPINO CLOHIDRATO 10 MG X 30 TABLETAS RECUBIERTAS
38324,nombre_comercial,LERCANIDIPNO 20 mg X 30 TABLETAS RECUBIERTAS,LERCANIDIPNO 20 MG X 30 TABLETAS RECUBIERTAS
38325,nombre_comercial,LESTECOL 20 mg X 30 TABLETAS RECUBIERTAS,LESTECOL 20 MG X 30 TABLETAS RECUBIERTAS
38326,nombre_comercial,LETISAN 500 mg X 10 COMPRIMIDOS RECUBIERTOS DE ACCION PROLONGADA,LETISAN 500 MG X 10 COMPRIMIDOS RECUBIERTOS DE ACCION PROLONGADA
38327,nombre_comercial,LETISAN 500 mg X 30 COMPRIMIDOS RECUBIERTOS DE ACCION PROLONGADA,LETISAN 500 MG X 30 COMPRIMIDOS RECUBIERTOS DE ACCION PROLONGADA
38328,nombre_comercial,"LETROZOL 2,5 mg X 30 TABLETAS RECUBIERTAS",LETROZOL 2.5 MG X 30 TABLETAS RECUBIERTAS
38329,nombre_comercial,LEVAMOX 750 mg X 10 TABLETAS RECUBIERTAS,LEVAMOX 750 MG X 10 TABLETAS RECUBIERTAS
38330,nombre_comercial,LEVETIRACETAM 1000 mg X 10 COMPRIMIDOS RECUBIERTOS,LEVETIRACETAM 1000 MG X 10 COMPRIMIDOS RECUBIERTOS
38331,nombre_comercial,LEVETIRACETAM 500 mg X 30 TABLETAS RECUBIERTAS,LEVETIRACETAM 500 MG X 30 TABLETAS RECUBIERTAS
38332,nombre_comercial,LEVOFLOXACINA 500 mg/100mL SOLUCION PARA INFUSION INTRAVENOSA,LEVOFLOXACINA 500 MG / 100 ML SOLUCION PARA INFUSION INTRAVENOSA
38333,nombre_comercial,LEVOFLOXACINO 500 mg X 10 TABLETAS RECUBIERTAS,LEVOFLOXACINO 500 MG X 10 TABLETAS RECUBIERTAS
38334,nombre_comercial,LEVOFLOXACINA 500 mg X 10 COMPRIMIDOS RECUBIERTOS,LEVOFLOXACINA 500 MG X 10 COMPRIMIDOS RECUBIERTOS
38335,nombre_comercial,LEVOFLOXACINA 750 mg X 5 TABLETAS RECUBIERTAS,LEVOFLOXACINA 750 MG X 5 TABLETAS RECUBIERTAS
38336,nombre_comercial,LEVOFLOXACINA 750 mg X 7 TABLETAS RECUBIERTAS,LEVOFLOXACINA 750 MG X 7 TABLETAS RECUBIERTAS
38337,nombre_comercial,LEVOFLOXACINA 750 mg X 10 TABLETAS RECUBIERTAS,LEVOFLOXACINA 750 MG X 10 TABLETAS RECUBIERTAS
38338,nombre_comercial,LEVOFLOXACINA 500 mg X 10 TABLETAS RECUBIERTAS,LEVOFLOXACINA 500 MG X 10 TABLETAS RECUBIERTAS
38339,nombre_comercial,LEVOFLOXACINA 500 mg X 7 TABLETAS RECUBIERTAS,LEVOFLOXACINA 500 MG X 7 TABLETAS RECUBIERTAS
38340,nombre_comercial,LEVOFLOXACINO 500 mg X 7 TABLETAS RECUBIERTAS,LEVOFLOXACINO 500 MG X 7 TABLETAS RECUBIERTAS
38341,nombre_comercial,LEVOFLOXACINO 500 mg X 10 TABLETAS RECUBIERTAS,LEVOFLOXACINO 500 MG X 10 TABLETAS RECUBIERTAS
38342,nombre_comercial,LEVOFLOXACINO 500 mg X 5 TABLETAS RECUBIERTAS,LEVOFLOXACINO 500 MG X 5 TABLETAS RECUBIERTAS
38343,nombre_comercial,LEVOFLOXACINO 750 mg X 5 TABLETAS RECUBIERTAS,LEVOFLOXACINO 750 MG X 5 TABLETAS RECUBIERTAS
38344,nombre_comercial,"LEVONORGESTREL 1,5 mg X 1 TABLETAS RECUBIERTAS",LEVONORGESTREL 1.5 MG X 1 TABLETA RECUBIERTA
38344,presentacion,X 1 TABLETAS RECUBIERTAS,X 1 TABLETA RECUBIERTA
38346,nombre_comercial,LEVORAT 5 mg / mL X 10 SOLUCION ORAL,LEVORAT 5 MG / ML X 10 SOLUCION ORAL
38347,nombre_comercial,LEVOSULPIRIDA 25 mg X 30 TABLETAS,LEVOSULPIRIDA 25 MG X 30 TABLETAS
38348,nombre_comercial,LEVOSULPIRIDE 25 mg X 30 TABLETAS,LEVOSULPIRIDE 25 MG X 30 TABLETAS
38349,nombre_comercial,LEVOTIROXINA SODICA 100 mcg X 10 TABLETAS,LEVOTIROXINA SODICA 100 MCG X 10 TABLETAS
38350,nombre_comercial,LEVOTIROXINA SODICA 100 mcg X 50 TABLETAS,LEVOTIROXINA SODICA 100 MCG X 50 TABLETAS
38351,nombre_comercial,LEVOTIROXINA SODICA 50 mcg X 50 TABLETAS,LEVOTIROXINA SODICA 50 MCG X 50 TABLETAS
38352,nombre_comercial,LIBERDUX 5 mg X 10 TABLETAS RECUBIERTAS,LIBERDUX 5 MG X 10 TABLETAS RECUBIERTAS
38354,nombre_comercial,Lidocaina 2% con Adrenalina 1: 80.000 Solución Inyectable,LIDOCAINA 2 % CON ADRENALINA 1: 80.000 SOLUCION INYECTABLE
38355,nombre_comercial,LINEZID 2 mg/ ml SOLUCION INYECTABLE PARA INFUSION IV,LINEZID 2 MG / ML SOLUCION INYECTABLE PARA INFUSION IV
38357,nombre_comercial,"LIOLACTIL (Lactobacilos rhamnosus) 1,5g X 6 POLVO PARA SUSPENSION ORAL SOBRES",LIOLACTIL (LACTOBACILOS RHAMNOSUS) 1.5 G X 6 POLVO PARA SUSPENSION ORAL SOBRES
38358,nombre_comercial,LIPACOMB 40 mg - 10 mg X 30 TABLETAS,LIPACOMB 40 MG - 10 MG X 30 TABLETAS
38359,nombre_comercial,LIPEND 10 mg X 30 COMPRIMIDOS RECUBIERTOS,LIPEND 10 MG X 30 COMPRIMIDOS RECUBIERTOS
38360,nombre_comercial,LIPEND 20 mg X 30 COMPRIMIDOS RECUBIERTOS,LIPEND 20 MG X 30 COMPRIMIDOS RECUBIERTOS
38361,nombre_comercial,LIPONTAL 900 mg X 10 TABLETAS,LIPONTAL 900 MG X 10 TABLETAS
38362,nombre_comercial,LISILET 10 mg X 30 COMPRIMIDOS,LISILET 10 MG X 30 COMPRIMIDOS
38363,nombre_comercial,"LISILETIC 20 mg -12,5 mg X 30 COMPRIMIDOS",LISILETIC 20 MG -12.5 MG X 30 COMPRIMIDOS
38364,nombre_comercial,LISOMUCIN 4 mg / 5 mL JARABE,LISOMUCIN 4 MG / 5 ML JARABE
38365,nombre_comercial,LISOMUCIN 8 mg / 5 mL JARABE,LISOMUCIN 8 MG / 5 ML JARABE
38366,nombre_comercial,LODESTAR 100 mg X 30 TABLETAS RECUBIERTAS,LODESTAR 100 MG X 30 TABLETAS RECUBIERTAS
38367,nombre_comercial,"LODESTAR HCT 50 mg - 12,5 mg X 30 TABLETAS RECUBIERTAS",LODESTAR HCT 50 MG - 12.5 MG X 30 TABLETAS RECUBIERTAS
38368,nombre_comercial,LODIPIN 10 mg X 10 COMPRIMIDOS,LODIPIN 10 MG X 10 COMPRIMIDOS
38369,nombre_comercial,LODIPIN VL 10 mg - 160 mg X 30 CAPSULAS,LODIPIN VL 10 MG - 160 MG X 30 CAPSULAS
38370,nombre_comercial,LOFLOX 400 mg X 10 TABLETAS RECUBIERTAS,LOFLOX 400 MG X 10 TABLETAS RECUBIERTAS
38371,nombre_comercial,LOGANIL 250 mg / 5 mL JARABE,LOGANIL 250 MG / 5 ML JARABE
38372,nombre_comercial,LOGANIL 100 mg / 5 mL JARABE,LOGANIL 100 MG / 5 ML JARABE
38373,nombre_comercial,LOKARIN 5 mg - 60 mg / 5 mL JARABE,LOKARIN 5 MG - 60 MG / 5 ML JARABE
38374,nombre_comercial,LONGACEF 400 mg X 5 CAPSULAS,LONGACEF 400 MG X 5 CAPSULAS
38375,nombre_comercial,LONGACEF 100 mg / 5 mL POLVO PARA SUSPENSION,LONGACEF 100 MG / 5 ML POLVO PARA SUSPENSION
38376,nombre_comercial,LOPERAM 2 mg X 4 TABLETAS,LOPERAM 2 MG X 4 TABLETAS
38377,nombre_comercial,LOPERAM 2 mg X 10 TABLETAS,LOPERAM 2 MG X 10 TABLETAS
38378,nombre_comercial,LOPERAMIDA 2 mg X 10 TABLETAS,LOPERAMIDA 2 MG X 10 TABLETAS
38379,nombre_comercial,LOPERAMIDA 2 mg X 100 COMPRIMIDOS,LOPERAMIDA 2 MG X 100 COMPRIMIDOS
38380,nombre_comercial,LORADEX 10 mg X 10 TABLETAS,LORADEX 10 MG X 10 TABLETAS
38381,nombre_comercial,LORATADINA 10 mg X 10 COMPRIMIDOS,LORATADINA 10 MG X 10 COMPRIMIDOS
38382,nombre_comercial,LORATADINA 1 mg / mL JARABE,LORATADINA 1 MG / ML JARABE
38383,nombre_comercial,LORATADINA 10 mg X 10 TABLETAS,LORATADINA 10 MG X 10 TABLETAS
38384,nombre_comercial,LORATADINA 10 mg X 20 TABLETAS,LORATADINA 10 MG X 20 TABLETAS
38385,nombre_comercial,LORATADINA - AMBROXOL CLORHIDRATO 5 mg - 30 mg / 5 mL SOLUCION ORAL,LORATADINA - AMBROXOL CLORHIDRATO 5 MG - 30 MG / 5 ML SOLUCION ORAL
38386,nombre_comercial,LORATADINA 5 mg / 5 mL JARABE,LORATADINA 5 MG / 5 ML JARABE
38387,nombre_comercial,LORATADINA 10 mg X 10 TABLETAS,LORATADINA 10 MG X 10 TABLETAS
38388,nombre_comercial,LORATADINA 10 mg X 10 TABLETAS,LORATADINA 10 MG X 10 TABLETAS
38389,nombre_comercial,LORATADINA - AMBROXOL CLORHIDRATO 5 mg - 30 mg X 10 TABLETAS,LORATADINA - AMBROXOL CLORHIDRATO 5 MG - 30 MG X 10 TABLETAS
38390,nombre_comercial,"LORATADINA - BETAMETASONA 5 mg - 0,25 mg COMPRIMIDOS",LORATADINA - BETAMETASONA 5 MG - 0.25 MG COMPRIMIDOS
38391,nombre_comercial,LORAVAL 5 mg / 5 mL JARABE,LORAVAL 5 MG / 5 ML JARABE
38392,nombre_comercial,LORAVAL 10 mg X 10 TABLETAS,LORAVAL 10 MG X 10 TABLETAS
38393,nombre_comercial,"LORECORT 1 mg - 0,05 mg / 5mL SOLUCION ORAL",LORECORT 1 MG - 0.05 MG / 5 ML SOLUCION ORAL
38394,nombre_comercial,LOREX 1 mg / mL JARABE,LOREX 1 MG / ML JARABE
38395,nombre_comercial,LOSARTAN POTASICO 50 mg X 30 COMPRIMIDOS RECUBIERTOS,LOSARTAN POTASICO 50 MG X 30 COMPRIMIDOS RECUBIERTOS
38396,nombre_comercial,LOSARTAN POTASICO 50 mg X 10 COMPRIMIDOS RECUBIERTOS,LOSARTAN POTASICO 50 MG X 10 COMPRIMIDOS RECUBIERTOS
38397,nombre_comercial,LOSARTAN POTASICO 50 mg X 20 COMPRIMIDOS RECUBIERTOS,LOSARTAN POTASICO 50 MG X 20 COMPRIMIDOS RECUBIERTOS
38398,nombre_comercial,"LOSARTAN POTASICO - HIDROCLOROTIAZIDA 50 mg - 12,5 mg COMPRIMIDOS RECU",LOSARTAN POTASICO - HIDROCLOROTIAZIDA 50 MG - 12.5 MG COMPRIMIDOS RECU
38399,nombre_comercial,LOSARTAN POTASICO - HIDROCLOROTIAZIDA 100 mg - 25 mg X 10 TABLETAS RECUBIERTAS,LOSARTAN POTASICO - HIDROCLOROTIAZIDA 100 MG - 25 MG X 10 TABLETAS RECUBIERTAS
38400,nombre_comercial,LOSARTAN POTASICO - HIDROCLOROTIAZIDA 100 mg - 25 mg X 30 TABLETAS RECUBIERTAS,LOSARTAN POTASICO - HIDROCLOROTIAZIDA 100 MG - 25 MG X 30 TABLETAS RECUBIERTAS
38401,nombre_comercial,LOSARTAN POTASICO 50 mg X 30 TABLETAS RECUBIERTAS,LOSARTAN POTASICO 50 MG X 30 TABLETAS RECUBIERTAS
38402,nombre_comercial,"LOSARTAN POTASICO - HIDROCLOROTIAZIDA 50 mg - 12,5 mg X 30 COMPRIMIDOS RECU",LOSARTAN POTASICO - HIDROCLOROTIAZIDA 50 MG - 12.5 MG X 30 COMPRIMIDOS RECU
38403,nombre_comercial,"LOSARTAN POTASICO - HIDROCLOROTIAZIDA 50 mg - 12,5 mg X 15 COMPRIMIDOS RECU",LOSARTAN POTASICO - HIDROCLOROTIAZIDA 50 MG - 12.5 MG X 15 COMPRIMIDOS RECU
38404,nombre_comercial,LOSARTAN POTASICO 50 mg X 30 TABLETAS RECUBIERTAS,LOSARTAN POTASICO 50 MG X 30 TABLETAS RECUBIERTAS
38405,nombre_comercial,LOSARTAN POTASICO - HIDROCLOROTIZADA 100 mg - 25 mg X 10 TABLETAS RECUBIERTAS,LOSARTAN POTASICO - HIDROCLOROTIZADA 100 MG - 25 MG X 10 TABLETAS RECUBIERTAS
38406,nombre_comercial,LOSARTAN POTASICO - HIDROCLOROTIZADA 100 mg - 25 mg X 30 TABLETAS RECUBIERTAS,LOSARTAN POTASICO - HIDROCLOROTIZADA 100 MG - 25 MG X 30 TABLETAS RECUBIERTAS
38407,nombre_comercial,LOSARTAN POTASICO 50 mg X 10 TABLETAS RECUBIERTAS,LOSARTAN POTASICO 50 MG X 10 TABLETAS RECUBIERTAS
38408,nombre_comercial,LOSARTAN POTASICO 50 mg X 30 TABLETAS RECUBIERTAS,LOSARTAN POTASICO 50 MG X 30 TABLETAS RECUBIERTAS
38409,nombre_comercial,LOSARTAN POTASICO 50 mg X 20 TABLETAS RECUBIERTAS,LOSARTAN POTASICO 50 MG X 20 TABLETAS RECUBIERTAS
38410,nombre_comercial,LOSARTAN POTASICO 50 mg X 30 TABLETAS RECUBIERTAS,LOSARTAN POTASICO 50 MG X 30 TABLETAS RECUBIERTAS
38411,nombre_comercial,LOSARTAN POTASICO 100 mg X 30 COMPRIMIDOS RECUBIERTOS,LOSARTAN POTASICO 100 MG X 30 COMPRIMIDOS RECUBIERTOS
38412,nombre_comercial,"LOTEMICIN 0,5 % - 0,3 % SUSPENSION OFTALMICA",LOTEMICIN 0.5 % - 0.3 % SUSPENSION OFTALMICA
38413,nombre_comercial,LOWPRES 150 mcg / mL X 5 AMPOLLAS,LOWPRES 150 MCG / ML X 5 AMPOLLAS
38414,nombre_comercial,LUDROX 75 mg X 30 TABLETAS RECUBIERTAS,LUDROX 75 MG X 30 TABLETAS RECUBIERTAS
38415,nombre_comercial,LUMBAX 200 mg X 10 TABLETAS,LUMBAX 200 MG X 10 TABLETAS
38416,nombre_comercial,LUMBAX 400 mg X 10 TABLETAS,LUMBAX 400 MG X 10 TABLETAS
38417,nombre_comercial,LUMBAX 600 mg X 10 TABLETAS,LUMBAX 600 MG X 10 TABLETAS
38418,nombre_comercial,LUMBAX 800 mg X 6 COMPRIMIDOS RECUBIERTOS,LUMBAX 800 MG X 6 COMPRIMIDOS RECUBIERTOS
38419,nombre_comercial,MACRODANTINA 50 mg X 30 CAPSULAS,MACRODANTINA 50 MG X 30 CAPSULAS
38420,nombre_comercial,MADECASSOL 1% UNGUENTO,MADECASSOL 1 % UNGUENTO
38421,nombre_comercial,MAALOX 460 mg - 400 mg / 4.3 mL X 30 SUSPENSION,MAALOX 460 MG - 400 MG / 4.3 ML X 30 SUSPENSION
38422,nombre_comercial,GLETOP 20 mg X 60 TABLETAS CON CUBIERTA ENTERICA,GLETOP 20 MG X 60 TABLETAS CON CUBIERTA ENTERICA
38423,nombre_comercial,MAILEN 5 mg X 10 COMPRIMIDOS RECUBIERTOS,MAILEN 5 MG X 10 COMPRIMIDOS RECUBIERTOS
38424,nombre_comercial,MAILEN 5 mg X 30 COMPRIMIDOS RECUBIERTOS,MAILEN 5 MG X 30 COMPRIMIDOS RECUBIERTOS
38425,nombre_comercial,"MAILEN 2,5 mg / 5 mL JARABE",MAILEN 2.5 MG / 5 ML JARABE
38427,nombre_comercial,MARTESIA 25 mg X 30 CAPSULAS,MARTESIA 25 MG X 30 CAPSULAS
38428,nombre_comercial,MARTESIA 300 mg X 14 CAPSULAS,MARTESIA 300 MG X 14 CAPSULAS
38429,nombre_comercial,MARTESIA 75 mg X 14 CAPSULAS,MARTESIA 75 MG X 14 CAPSULAS
38431,nombre_comercial,"MATILOL 0,5 % SOLUCION OFTALMICA",MATILOL 0.5 % SOLUCION OFTALMICA
38432,nombre_comercial,MAXIFUR 50 mg X 30 CAPSULAS,MAXIFUR 50 MG X 30 CAPSULAS
38433,nombre_comercial,MAXOTEN 25 mg X 30 COMPRIMIDOS RECUBIERTOS,MAXOTEN 25 MG X 30 COMPRIMIDOS RECUBIERTOS
38434,nombre_comercial,Medroxiprogesterona 10mg X 10 Tabletas,MEDROXIPROGESTERONA 10 MG X 10 TABLETAS
38434,presentacion,X 10 Tabletas,X 10 TABLETAS
38435,nombre_comercial,Medroxiprogesterona 10mg X 28 Tabletas,MEDROXIPROGESTERONA 10 MG X 28 TABLETAS
38435,presentacion,X 28 Tabletas,X 28 TABLETAS
38436,nombre_comercial,MELIF 50 mg - 500 mg X 30 COMPRIMIDOS RECUBIERTOS,MELIF 50 MG - 500 MG X 30 COMPRIMIDOS RECUBIERTOS
38437,nombre_comercial,MELIGEN 10 mg X 30 TABLETAS RECUBIERTAS,MELIGEN 10 MG X 30 TABLETAS RECUBIERTAS
38438,nombre_comercial,MELOXICAM 15 mg X 10 TABLETAS,MELOXICAM 15 MG X 10 TABLETAS
38439,nombre_comercial,MELOXICAM 15 mg X 10 TABLETAS,MELOXICAM 15 MG X 10 TABLETAS
38440,nombre_comercial,MELOXICAM 15 mg X 10 COMPRIMIDOS,MELOXICAM 15 MG X 10 COMPRIMIDOS
38441,nombre_comercial,"MELOXICAM 7,5 mg X 10 TABLETAS",MELOXICAM 7.5 MG X 10 TABLETAS
38442,nombre_comercial,MEMANTINA CLORHIDRATO 10 mg X 10 TABLETAS RECUBIERTAS,MEMANTINA CLORHIDRATO 10 MG X 10 TABLETAS RECUBIERTAS
38443,nombre_comercial,MEMANTINA CLORHIDRATO 10 mg X 28 TABLETAS RECUBIERTAS,MEMANTINA CLORHIDRATO 10 MG X 28 TABLETAS RECUBIERTAS
38444,nombre_comercial,MEMANTINA CLORHIDRATO 10 mg X 14 TABLETAS RECUBIERTAS,MEMANTINA CLORHIDRATO 10 MG X 14 TABLETAS RECUBIERTAS
38446,nombre_comercial,FRICSOL 10 % - 10 %  LINIMENTO,FRICSOL 10 % - 10 % LINIMENTO
38447,nombre_comercial,MEROPENEM 1 g X 10 AMPOLLAS,MEROPENEM 1 G X 10 AMPOLLAS
38448,nombre_comercial,"MEROPENEM 1 g - 0,5 g X 1 AMPOLLAS",MEROPENEM 1 G - 0.5 G X 1 AMPOLLA
38448,presentacion,X 1 AMPOLLAS,X 1 AMPOLLA
38449,nombre_comercial,MESPEN 500 mg X 1 AMPOLLAS,MESPEN 500 MG X 1 AMPOLLA
38449,presentacion,X 1 AMPOLLAS,X 1 AMPOLLA
38450,nombre_comercial,DIPIRONA 1 g / 2 mL X 3 AMPOLLAS,DIPIRONA 1 G / 2 ML X 3 AMPOLLAS
38451,nombre_comercial,DIPIRONA 1 g / 2 mL X 5 AMPOLLAS,DIPIRONA 1 G / 2 ML X 5 AMPOLLAS
38452,nombre_comercial,CLORHIDRATO DE METFORMINA 500 mg X 30 TABLETAS RECUBIERTAS,CLORHIDRATO DE METFORMINA 500 MG X 30 TABLETAS RECUBIERTAS
38453,nombre_comercial,Metformina Clorhidrato 850mg X 30 Tabletas Recubiertas,METFORMINA CLORHIDRATO 850 MG X 30 TABLETAS RECUBIERTAS
38453,presentacion,X 30 Tabletas Recubiertas,X 30 TABLETAS RECUBIERTAS
38454,nombre_comercial,Metformina Clorhidrato 850mg X 14 Tabletas Recubiertas,METFORMINA CLORHIDRATO 850 MG X 14 TABLETAS RECUBIERTAS
38454,presentacion,X 14 Tabletas Recubiertas,X 14 TABLETAS RECUBIERTAS
38455,nombre_comercial,Metformina Clorhidrato 850mg X 28 Tabletas Recubiertas,METFORMINA CLORHIDRATO 850 MG X 28 TABLETAS RECUBIERTAS
38455,presentacion,X 28 Tabletas Recubiertas,X 28 TABLETAS RECUBIERTAS
38456,nombre_comercial,METFORMINA CLORHIDRATO 1000 mg X 30 TABLETAS RECUBIERTAS,METFORMINA CLORHIDRATO 1000 MG X 30 TABLETAS RECUBIERTAS
38457,nombre_comercial,METFORMINA CLORHIDRATO 500 mg X 28 TABLETAS,METFORMINA CLORHIDRATO 500 MG X 28 TABLETAS
38458,nombre_comercial,METFORMINA 500 mg X 30 TABLETAS RECUBIERTAS,METFORMINA 500 MG X 30 TABLETAS RECUBIERTAS
38459,nombre_comercial,METFORMINA 500 mg X 30 TABLETAS RECUBIERTAS,METFORMINA 500 MG X 30 TABLETAS RECUBIERTAS
38460,nombre_comercial,METFORMINA CLORHIDRATO 500 mg X 30 TABLETAS RECUBIERTAS,METFORMINA CLORHIDRATO 500 MG X 30 TABLETAS RECUBIERTAS
38461,nombre_comercial,METFORMINA CLORHIDRATO 850 mg X 30 TABLETAS,METFORMINA CLORHIDRATO 850 MG X 30 TABLETAS
38462,nombre_comercial,METFORMINA CLORHIDRATO 850 mg X 28 TABLETAS,METFORMINA CLORHIDRATO 850 MG X 28 TABLETAS
38463,nombre_comercial,SITAGLIPTINA-METFORMINA CLORHIDRATO 50 mg-1000mg X 30 COMP RECUBIERTOS,SITAGLIPTINA-METFORMINA CLORHIDRATO 50 MG-1000 MG X 30 COMP RECUBIERTOS
38464,nombre_comercial,METFORMINA CLORHIDRATO 1000 mg X 30 TABLETAS RECUBIERTAS,METFORMINA CLORHIDRATO 1000 MG X 30 TABLETAS RECUBIERTAS
38465,nombre_comercial,SITAGLIPTINA -METFORMINA CLORHIDRATO 50 mg-500 mg X 30 COMPRIMIDOS,SITAGLIPTINA -METFORMINA CLORHIDRATO 50 MG-500 MG X 30 COMPRIMIDOS
38466,nombre_comercial,METILPREDNISOLONA 125 mg X 1 AMPOLLAS,METILPREDNISOLONA 125 MG X 1 AMPOLLA
38466,presentacion,X 1 AMPOLLAS,X 1 AMPOLLA
38467,nombre_comercial,METOCLOPRAMIDA 10 mg / 2 mL X 3 AMPOLLAS,METOCLOPRAMIDA 10 MG / 2 ML X 3 AMPOLLAS
38468,nombre_comercial,METOCLOPRAMIDA 10 mg / 2 mL X 6 AMPOLLAS,METOCLOPRAMIDA 10 MG / 2 ML X 6 AMPOLLAS
38469,nombre_comercial,METOCLOPRAMIDA 10 mg X 10 TABLETAS,METOCLOPRAMIDA 10 MG X 10 TABLETAS
38470,nombre_comercial,"BETALOCZOK 47,5 mg X 30 COMPRIMIDOS DE LIBERACION CONTROLADA",BETALOCZOK 47.5 MG X 30 COMPRIMIDOS DE LIBERACION CONTROLADA
38471,nombre_comercial,METREN 500 mg X 10 CAPSULAS BLANDAS VAGINALES,METREN 500 MG X 10 CAPSULAS BLANDAS VAGINALES
38472,nombre_comercial,METREN 500 mg X 15 CAPSULAS BLANDAS VAGINALES,METREN 500 MG X 15 CAPSULAS BLANDAS VAGINALES
38473,nombre_comercial,METREN 250 mg / 5 mL SUSPENSION,METREN 250 MG / 5 ML SUSPENSION
38474,nombre_comercial,METREN 500 mg X 10 TABLETAS,METREN 500 MG X 10 TABLETAS
38475,nombre_comercial,"METRONIDAZOL 0,75 % GEL",METRONIDAZOL 0.75 % GEL
38476,nombre_comercial,METRONIDAZOL 500 mg / 100 mL SOLUCIÓN PARA INFUSIÓN.,METRONIDAZOL 500 MG / 100 ML SOLUCION PARA INFUSION.
38477,nombre_comercial,METRONIDAZOL 500 mg X 10 OVULOS VAGINALES,METRONIDAZOL 500 MG X 10 OVULOS VAGINALES
38478,nombre_comercial,METRONIDAZOL 500 mg / 100 mL SOLUCION PARA INFUSION INTRAVENOSA,METRONIDAZOL 500 MG / 100 ML SOLUCION PARA INFUSION INTRAVENOSA
38479,nombre_comercial,METRONIDAZOL BENZOIL 125 mg / 5 mL SUSPENSION ORAL,METRONIDAZOL BENZOIL 125 MG / 5 ML SUSPENSION ORAL
38480,nombre_comercial,METRONIDAZOL BENZOIL 250 mg/ 5 mL SUSPENSION ORAL,METRONIDAZOL BENZOIL 250 MG / 5 ML SUSPENSION ORAL
38481,nombre_comercial,METRONIDAZOL 500 mg X 10 TABLETAS,METRONIDAZOL 500 MG X 10 TABLETAS
38482,nombre_comercial,METRONIDAZOL 500 mg X 30 TABLETAS,METRONIDAZOL 500 MG X 30 TABLETAS
38483,nombre_comercial,METRONIDAZOL 500 mg X 30 TABLETAS,METRONIDAZOL 500 MG X 30 TABLETAS
38484,nombre_comercial,METRONIDAZOL - MICONAZOL 750 mg - 200 mg X 6 ÓVULOS,METRONIDAZOL - MICONAZOL 750 MG - 200 MG X 6 OVULOS
38484,presentacion,X 6 ÓVULOS,X 6 OVULOS
38485,nombre_comercial,METSIGLIN 500 mg - 50 mg X 30 COMPRIMIDOS RECUBIERTOS,METSIGLIN 500 MG - 50 MG X 30 COMPRIMIDOS RECUBIERTOS
38487,nombre_comercial,MICROSER 16 mg X 20 TABLETAS,MICROSER 16 MG X 20 TABLETAS
38488,nombre_comercial,MIGRAVAL 100 mg X 2 COMPRIMIDOS RECUBIERTOS,MIGRAVAL 100 MG X 2 COMPRIMIDOS RECUBIERTOS
38489,nombre_comercial,MIGRAVAL 100 mg X 4 COMPRIMIDOS RECUBIERTOS,MIGRAVAL 100 MG X 4 COMPRIMIDOS RECUBIERTOS
38490,nombre_comercial,MIGRAVAL 100 mg X 8 COMPRIMIDOS RECUBIERTOS,MIGRAVAL 100 MG X 8 COMPRIMIDOS RECUBIERTOS
38491,nombre_comercial,MILAX 50% X 20 SOLUCION ORAL,MILAX 50 % X 20 SOLUCION ORAL
38493,nombre_comercial,MIOVIT COMPOSITUM CON LIDOCAINA X 1 AMPOLLAS,MIOVIT COMPOSITUM CON LIDOCAINA X 1 AMPOLLA
38493,presentacion,X 1 AMPOLLAS,X 1 AMPOLLA
38497,nombre_comercial,"VERNATE 0,05 % CREMA",VERNATE 0.05 % CREMA
38498,nombre_comercial,MIRTAZAPINA 15 mg X 30 TABLETAS RECUBIERTAS,MIRTAZAPINA 15 MG X 30 TABLETAS RECUBIERTAS
38499,nombre_comercial,MIRTAZAPINA 30 mg X 30 TABLETAS RECUBIERTAS,MIRTAZAPINA 30 MG X 30 TABLETAS RECUBIERTAS
38500,nombre_comercial,MIRTAZAVAL 15 mg X 30 TABLETAS RECUBIERTAS,MIRTAZAVAL 15 MG X 30 TABLETAS RECUBIERTAS
38501,nombre_comercial,MIRTAZAVAL 15 mg X 10 TABLETAS RECUBIERTAS,MIRTAZAVAL 15 MG X 10 TABLETAS RECUBIERTAS
38502,nombre_comercial,MISULVAN 30 mg / 5 mL JARABE,MISULVAN 30 MG / 5 ML JARABE
38503,nombre_comercial,MISULVAN FORTE 30 mg - 5 mg / 5 mL SOLUCION ORAL,MISULVAN FORTE 30 MG - 5 MG / 5 ML SOLUCION ORAL
38504,nombre_comercial,MONTELUKAST 10 mg X 10 TABLETAS RECUBIERTAS,MONTELUKAST 10 MG X 10 TABLETAS RECUBIERTAS
38505,nombre_comercial,MONTELUKAST 10 mg X 30 TABLETAS RECUBIERTAS,MONTELUKAST 10 MG X 30 TABLETAS RECUBIERTAS
38506,nombre_comercial,MONTELUKAST 5 mg X 30 TABLETAS MASTICABLES,MONTELUKAST 5 MG X 30 TABLETAS MASTICABLES
38507,nombre_comercial,MONTRAX 10 mg X 10 TABLETAS,MONTRAX 10 MG X 10 TABLETAS
38508,nombre_comercial,MONTRAX 10 mg X 30 TABLETAS,MONTRAX 10 MG X 30 TABLETAS
38509,nombre_comercial,MONTRAX 4 mg X 10 TABLETAS MASTICABLES,MONTRAX 4 MG X 10 TABLETAS MASTICABLES
38510,nombre_comercial,MONTRAX 5 mg X 10 TABLETAS MASTICABLES,MONTRAX 5 MG X 10 TABLETAS MASTICABLES
38511,nombre_comercial,MONTRAX 5 mg X 30 TABLETAS MASTICABLES,MONTRAX 5 MG X 30 TABLETAS MASTICABLES
38512,nombre_comercial,MONUKAST 5 mg X 30 TABLETAS MASTICABLES,MONUKAST 5 MG X 30 TABLETAS MASTICABLES
38513,nombre_comercial,MOPERID 10 mg X 20 TABLETAS,MOPERID 10 MG X 20 TABLETAS
38514,nombre_comercial,MOVIMEX 15 mg X 10 TABLETAS,MOVIMEX 15 MG X 10 TABLETAS
38515,nombre_comercial,"MOXIDEX 0,5 -0,1 % SOLUCION OFTALMICA ESTERIL",MOXIDEX 0.5 -0.1 % SOLUCION OFTALMICA ESTERIL
38516,nombre_comercial,MOXIFLOXACINA 400 mg X 7 TABLETAS RECUBIERTAS,MOXIFLOXACINA 400 MG X 7 TABLETAS RECUBIERTAS
38517,nombre_comercial,MOXIFLOXACINA 400 mg X 10 COMPRIMIDOS RECUBIERTOS,MOXIFLOXACINA 400 MG X 10 COMPRIMIDOS RECUBIERTOS
38518,nombre_comercial,MOXIFLOXACINA 400 mg X 5 TABLETAS RECUBIERTAS,MOXIFLOXACINA 400 MG X 5 TABLETAS RECUBIERTAS
38519,nombre_comercial,MUCLAR 30mg - 5mg X 10 COMPRIMIDOS,MUCLAR 30 MG - 5 MG X 10 COMPRIMIDOS
38520,nombre_comercial,MUCOBROL 4 mg / 5 mL JARABE,MUCOBROL 4 MG / 5 ML JARABE
38521,nombre_comercial,MUCOMAX 15 mg / 5 mL SOLUCION ORAL USO PEDIATRICO,MUCOMAX 15 MG / 5 ML SOLUCION ORAL USO PEDIATRICO
38522,nombre_comercial,MUCOXOL 30 mg / 5 mL JARABE,MUCOXOL 30 MG / 5 ML JARABE
38526,nombre_comercial,MUVETT 300 mg X 20 TABLETAS RECUBIERTAS DE LIBERACION PROLONGADA,MUVETT 300 MG X 20 TABLETAS RECUBIERTAS DE LIBERACION PROLONGADA
38528,nombre_comercial,N-BUTIL BROMURO DE HIOSCINA 20 mg / mL X 5 AMPOLLAS,N-BUTIL BROMURO DE HIOSCINA 20 MG / ML X 5 AMPOLLAS
38529,nombre_comercial,"NACLODIN 0,150 mg X 30 TABLETAS",NACLODIN 0.150 MG X 30 TABLETAS
38531,nombre_comercial,NAPROXENO 250 mg X 10 TABLETAS,NAPROXENO 250 MG X 10 TABLETAS
38532,nombre_comercial,TRASS (Naproxeno Sódico 500 mg + Sumatriptan 85 mg) X 10 TABLETAS RECUBIERTAS,TRASS (NAPROXENO SODICO 500 MG + SUMATRIPTAN 85 MG) X 10 TABLETAS RECUBIERTAS
38533,nombre_comercial,NEFROTAL AMLO 50 mg - 5 mg X 30 COMPRIMIDOS,NEFROTAL AMLO 50 MG - 5 MG X 30 COMPRIMIDOS
38534,nombre_comercial,"NEFROTAL H 50 mg - 12,5 mg X 30 COMPRIMIDOS RECUBIERTOS",NEFROTAL H 50 MG - 12.5 MG X 30 COMPRIMIDOS RECUBIERTOS
38535,nombre_comercial,"NEFROTAL H 50 mg - 12,5 mg X 15 COMPRIMIDOS RECUBIERTOS",NEFROTAL H 50 MG - 12.5 MG X 15 COMPRIMIDOS RECUBIERTOS
38536,nombre_comercial,"NEFROTAL H 50 mg - 12,5 mg X 10 COMPRIMIDOS RECUBIERTOS",NEFROTAL H 50 MG - 12.5 MG X 10 COMPRIMIDOS RECUBIERTOS
38537,nombre_comercial,"NEFROTAL H 50 mg - 12,5 mg X 14 COMPRIMIDOS RECUBIERTOS",NEFROTAL H 50 MG - 12.5 MG X 14 COMPRIMIDOS RECUBIERTOS
38538,nombre_comercial,NEFROTAL 100 mg X 30 COMPRIMIDOS RECUBIERTOS,NEFROTAL 100 MG X 30 COMPRIMIDOS RECUBIERTOS
38539,nombre_comercial,NEFROTAL 100 mg X 10 COMPRIMIDOS RECUBIERTOS,NEFROTAL 100 MG X 10 COMPRIMIDOS RECUBIERTOS
38540,nombre_comercial,NEFROTAL 100 mg X 14 COMPRIMIDOS RECUBIERTOS,NEFROTAL 100 MG X 14 COMPRIMIDOS RECUBIERTOS
38541,nombre_comercial,NEFROTAL H 100 mg - 25 mg X 10 COMPRIMIDOS RECUBIERTOS,NEFROTAL H 100 MG - 25 MG X 10 COMPRIMIDOS RECUBIERTOS
38542,nombre_comercial,"CORIOSYL 500 U.I. - 3,5 mg - 10.000 U.I. / g UNGUENTO",CORIOSYL 500 U.I. - 3.5 MG - 10.000 U.I. / G UNGUENTO
38543,nombre_comercial,"NEOSTIGMINA 0,5 mg / mL X 3 AMPOLLAS",NEOSTIGMINA 0.5 MG / ML X 3 AMPOLLAS
38544,nombre_comercial,"NEOSTIGMINA 0,5 mg / mL X 6 AMPOLLAS",NEOSTIGMINA 0.5 MG / ML X 6 AMPOLLAS
38545,nombre_comercial,NEULEVAL 500 mg X 10 TABLETAS RECUBIERTAS,NEULEVAL 500 MG X 10 TABLETAS RECUBIERTAS
38546,nombre_comercial,NEULEVAL 750 mg X 5 TABLETAS RECUBIERTAS,NEULEVAL 750 MG X 5 TABLETAS RECUBIERTAS
38547,nombre_comercial,NEURIXA 150 mg X 14 CAPSULAS,NEURIXA 150 MG X 14 CAPSULAS
38548,nombre_comercial,NEURIXA 75 mg X 14 CAPSULAS,NEURIXA 75 MG X 14 CAPSULAS
38549,nombre_comercial,NEURIXA 75 mg X 21 CAPSULAS,NEURIXA 75 MG X 21 CAPSULAS
38551,nombre_comercial,"NEVAC 0,1 % SUSPENSION OFTALMICA",NEVAC 0.1 % SUSPENSION OFTALMICA
38552,nombre_comercial,NIFEDIPINA 10 mg X 14 CAPSULAS,NIFEDIPINA 10 MG X 14 CAPSULAS
38553,nombre_comercial,NIFEDIPINA 10 mg X 30 COMPRIMIDOS DISPERSABLES,NIFEDIPINA 10 MG X 30 COMPRIMIDOS DISPERSABLES
38554,nombre_comercial,NIFEDIPINA 10 mg X 10 COMPRIMIDOS DISPERSABLES,NIFEDIPINA 10 MG X 10 COMPRIMIDOS DISPERSABLES
38555,nombre_comercial,NIFEDIPINO 10 mg X 30 TABLETAS RECUBIERTAS,NIFEDIPINO 10 MG X 30 TABLETAS RECUBIERTAS
38556,nombre_comercial,NIMODIPINA 30 mg X 30 COMPRIMIDOS,NIMODIPINA 30 MG X 30 COMPRIMIDOS
38558,nombre_comercial,"NIPE 100 mg - 0,25 mg / mL X 6 SOLUCION ORAL EN GOTAS",NIPE 100 MG - 0.25 MG / ML X 6 SOLUCION ORAL EN GOTAS
38559,nombre_comercial,NISTATINA 100.000 UI/mL SUSPENSIÓN ,NISTATINA 100.000 UI / ML SUSPENSION
38560,nombre_comercial,NITAX 500 mg X 6 TABLETAS RECUBIERTAS,NITAX 500 MG X 6 TABLETAS RECUBIERTAS
38561,nombre_comercial,NITAZOXANIDA 500 mg X 6 TABLETAS RECUBIERTAS,NITAZOXANIDA 500 MG X 6 TABLETAS RECUBIERTAS
38562,nombre_comercial,NITROFURANTOINA 100 mg X 300 TABLETAS RECUBIERTAS,NITROFURANTOINA 100 MG X 300 TABLETAS RECUBIERTAS
38563,nombre_comercial,NITROFURANTOINA 100 mg X 10 TABLETAS RECUBIERTAS,NITROFURANTOINA 100 MG X 10 TABLETAS RECUBIERTAS
38564,nombre_comercial,NITROFURANTOINA 50 mg X 10 TABLETAS RECUBIERTAS,NITROFURANTOINA 50 MG X 10 TABLETAS RECUBIERTAS
38565,nombre_comercial,NITROFURANTOINA 50 mg X 30 TABLETAS RECUBIERTAS,NITROFURANTOINA 50 MG X 30 TABLETAS RECUBIERTAS
38566,nombre_comercial,"NITROFURAZONA 0,2 % CREMA",NITROFURAZONA 0.2 % CREMA
38567,nombre_comercial,NONAFOL 10 mg X 10 TABLETAS,NONAFOL 10 MG X 10 TABLETAS
38568,nombre_comercial,NONAFOL 10 mg X 20 TABLETAS,NONAFOL 10 MG X 20 TABLETAS
38569,nombre_comercial,NONAFOL 10 mg X 30 TABLETAS,NONAFOL 10 MG X 30 TABLETAS
38570,nombre_comercial,NONAFOL 5 mg X 10 TABLETAS,NONAFOL 5 MG X 10 TABLETAS
38571,nombre_comercial,NONAFOL 5 mg X 20 TABLETAS,NONAFOL 5 MG X 20 TABLETAS
38572,nombre_comercial,NONAFOL 5 mg X 30 TABLETAS,NONAFOL 5 MG X 30 TABLETAS
38573,nombre_comercial,NORMIX 200 mg X 12 TABLETAS RECUBIERTAS,NORMIX 200 MG X 12 TABLETAS RECUBIERTAS
38574,nombre_comercial,NORSINA 500 mg - 10 mg X 12 TABLETAS,NORSINA 500 MG - 10 MG X 12 TABLETAS
38575,nombre_comercial,NORTRICOL 200 mg X 20 CÁPSULAS,NORTRICOL 200 MG X 20 CAPSULAS
38575,presentacion,X 20 CÁPSULAS,X 20 CAPSULAS
38576,nombre_comercial,NOTOLAC 20 mg X 10 TABLETAS,NOTOLAC 20 MG X 10 TABLETAS
38577,nombre_comercial,NOTOLAC 20 mg X 4 TABLETAS,NOTOLAC 20 MG X 4 TABLETAS
38578,nombre_comercial,NOVARONA 200 mg X 10 COMPRIMIDOS,NOVARONA 200 MG X 10 COMPRIMIDOS
38580,nombre_comercial,NYTAXIN 500 mg X 6 CAPSULAS BLANDAS,NYTAXIN 500 MG X 6 CAPSULAS BLANDAS
38582,nombre_comercial,OFAFLAN 50 mg X 10 COMPRIMIDOS CON CUBIERTA ENTERICA,OFAFLAN 50 MG X 10 COMPRIMIDOS CON CUBIERTA ENTERICA
38583,nombre_comercial,DICLOFENAC POTASICO 15 mg / mL SUSPENSION ORAL,DICLOFENAC POTASICO 15 MG / ML SUSPENSION ORAL
38584,nombre_comercial,OFAFLAN 2 mg / mL SUSPENSION ORAL,OFAFLAN 2 MG / ML SUSPENSION ORAL
38586,nombre_comercial,OLANZAPINA 5 mg X 30 TABLETAS ORODISPERSABLES,OLANZAPINA 5 MG X 30 TABLETAS ORODISPERSABLES
38587,nombre_comercial,OLMECAR 20 mg X 30 COMPRIMIDOS RECUBIERTOS,OLMECAR 20 MG X 30 COMPRIMIDOS RECUBIERTOS
38588,nombre_comercial,OLMECAR 40 mg X 30 COMPRIMIDOS RECUBIERTOS,OLMECAR 40 MG X 30 COMPRIMIDOS RECUBIERTOS
38589,nombre_comercial,"OLMESARTAN MEDOXOMIL 40 mg - HIDROLOCOTIAZIDA 12,5 mg X 30 TABLETAS RECUBIERTAS",OLMESARTAN MEDOXOMIL 40 MG - HIDROLOCOTIAZIDA 12.5 MG X 30 TABLETAS RECUBIERTAS
38590,nombre_comercial,OLMESARTAN MEDOXOMILO 20 mg X 10 TABLETAS RECUBIERTAS,OLMESARTAN MEDOXOMILO 20 MG X 10 TABLETAS RECUBIERTAS
38591,nombre_comercial,OLMESARTAN MEDOXOMILO 20 mg X 30 TABLETAS RECUBIERTAS,OLMESARTAN MEDOXOMILO 20 MG X 30 TABLETAS RECUBIERTAS
38592,nombre_comercial,OLMESARTAN MEDOXOMIL 20 mg X 30 TABLETAS RECUBIERTAS,OLMESARTAN MEDOXOMIL 20 MG X 30 TABLETAS RECUBIERTAS
38593,nombre_comercial,OLMESARTAN MEDOXOMILO 40 mg X 10 TABLETAS RECUBIERTAS,OLMESARTAN MEDOXOMILO 40 MG X 10 TABLETAS RECUBIERTAS
38594,nombre_comercial,OLMESARTAN MEDOXOMILO 40 mg X 30 TABLETAS RECUBIERTAS,OLMESARTAN MEDOXOMILO 40 MG X 30 TABLETAS RECUBIERTAS
38595,nombre_comercial,OLMETIQUE 20 mg X 30 TABLETAS RECUBIERTAS,OLMETIQUE 20 MG X 30 TABLETAS RECUBIERTAS
38596,nombre_comercial,OMEPRAZOL 20 mg X 10 CAPSULAS CON MICROGRANULOS ENTERICOS,OMEPRAZOL 20 MG X 10 CAPSULAS CON MICROGRANULOS ENTERICOS
38597,nombre_comercial,OMEPRAZOL 20 mg X 14 CAPSULAS CON MICROGRANULOS ENTERICOS,OMEPRAZOL 20 MG X 14 CAPSULAS CON MICROGRANULOS ENTERICOS
38598,nombre_comercial,OMEPRAZOL 20 mg X 28 CAPSULAS CON MICROGRANULOS ENTERICOS,OMEPRAZOL 20 MG X 28 CAPSULAS CON MICROGRANULOS ENTERICOS
38599,nombre_comercial,OMEPRAZOL 20 mg X 30 CAPSULAS CON MICROGRANULOS ENTERICOS,OMEPRAZOL 20 MG X 30 CAPSULAS CON MICROGRANULOS ENTERICOS
38600,nombre_comercial,OMEPRAZOL 20 mg X 7 CAPSULAS CON MICROGRANULOS ENTERICOS,OMEPRAZOL 20 MG X 7 CAPSULAS CON MICROGRANULOS ENTERICOS
38601,nombre_comercial,OMEPRAZOL 20 mg X 30 CAPSULAS CON MICROGRANULOS CON CUBIERTA ENTERICA,OMEPRAZOL 20 MG X 30 CAPSULAS CON MICROGRANULOS CON CUBIERTA ENTERICA
38602,nombre_comercial,OMEPRAZOL 20 mg X 8 CAPSULAS CON MICROGRANULOS CON CUBIERTA ENTERICA,OMEPRAZOL 20 MG X 8 CAPSULAS CON MICROGRANULOS CON CUBIERTA ENTERICA
38603,nombre_comercial,OMEPRAZOL 20 mg X 10 CAPSULAS GASTRORRESISTENTES,OMEPRAZOL 20 MG X 10 CAPSULAS GASTRORRESISTENTES
38604,nombre_comercial,OMEPRAZOL 20 mg X 20 CAPSULAS GASTRORRESISTENTES,OMEPRAZOL 20 MG X 20 CAPSULAS GASTRORRESISTENTES
38605,nombre_comercial,OMEPRAZOL 20 mg X 30 CAPSULAS GASTRORRESISTENTES,OMEPRAZOL 20 MG X 30 CAPSULAS GASTRORRESISTENTES
38606,nombre_comercial,OMEPRAZOL 20 mg X 7 CAPSULAS GASTRORRESISTENTES,OMEPRAZOL 20 MG X 7 CAPSULAS GASTRORRESISTENTES
38607,nombre_comercial,OMEPRAZOL 20 mg X 8 CAPSULAS GASTRORRESISTENTES,OMEPRAZOL 20 MG X 8 CAPSULAS GASTRORRESISTENTES
38608,nombre_comercial,OMEPRAZOL 40 mg X 30 CAPSULAS CON MICROGRANULOS GASTRORRESISTENTES,OMEPRAZOL 40 MG X 30 CAPSULAS CON MICROGRANULOS GASTRORRESISTENTES
38609,nombre_comercial,OMEPRAZOL 40 mg X 7 CAPSULAS CON MICROGRANULOS GASTRORRESISTENTES,OMEPRAZOL 40 MG X 7 CAPSULAS CON MICROGRANULOS GASTRORRESISTENTES
38610,nombre_comercial,OMEPRAZOL 40 mg X 30 CAPSULAS GASTRORRESISTENTES,OMEPRAZOL 40 MG X 30 CAPSULAS GASTRORRESISTENTES
38611,nombre_comercial,OMEPRAZOL 40 mg X 10 CAPSULAS GASTRORRESISTENTES,OMEPRAZOL 40 MG X 10 CAPSULAS GASTRORRESISTENTES
38612,nombre_comercial,JUVILOC 20 mg X 20 TABLETAS GASTRORRESISTENTE,JUVILOC 20 MG X 20 TABLETAS GASTRORRESISTENTE
38613,nombre_comercial,OMEPRAZOL 40 mg X 1 AMPOLLAS,OMEPRAZOL 40 MG X 1 AMPOLLA
38613,presentacion,X 1 AMPOLLAS,X 1 AMPOLLA
38614,nombre_comercial,OMMUNAL (LISADO BACTERIANO) 7 mg X 10 CAPSULAS,OMMUNAL (LISADO BACTERIANO) 7 MG X 10 CAPSULAS
38615,nombre_comercial,ONDANSETRON 4 mg X 10 COMPRIMIDOS,ONDANSETRON 4 MG X 10 COMPRIMIDOS
38616,nombre_comercial,ONDANSETRON 8 mg X 10 COMPRIMIDOS,ONDANSETRON 8 MG X 10 COMPRIMIDOS
38617,nombre_comercial,ONDANSETRON 8 mg / 4 mL X 1 AMPOLLAS,ONDANSETRON 8 MG / 4 ML X 1 AMPOLLA
38617,presentacion,X 1 AMPOLLAS,X 1 AMPOLLA
38618,nombre_comercial,ONDANSETRON 8 mg / 4 mL X 5 AMPOLLAS,ONDANSETRON 8 MG / 4 ML X 5 AMPOLLAS
38619,nombre_comercial,ONDANSETRON 2 mg / mL X 1 AMPOLLAS,ONDANSETRON 2 MG / ML X 1 AMPOLLA
38619,presentacion,X 1 AMPOLLAS,X 1 AMPOLLA
38620,nombre_comercial,ONDANSETRON 4 mg / 5 mL SOLUCION ORAL,ONDANSETRON 4 MG / 5 ML SOLUCION ORAL
38621,nombre_comercial,ONDATRIN 2 mg / mL X 1 AMPOLLAS,ONDATRIN 2 MG / ML X 1 AMPOLLA
38621,presentacion,X 1 AMPOLLAS,X 1 AMPOLLA
38622,nombre_comercial,ONDATRIN 2 mg / mL X 5 AMPOLLAS,ONDATRIN 2 MG / ML X 5 AMPOLLAS
38623,nombre_comercial,  SUEROLITO ZINC 75 mEq/L SOLUCION ELECTROLITICA USO ORAL SABOR A FRUTAS TROPICALES,SUEROLITO ZINC 75 MEQ / L SOLUCION ELECTROLITICA USO ORAL SABOR A FRUTAS TROPICALES
38625,nombre_comercial,ORLIDIET 120 mg X 30 CAPSULAS,ORLIDIET 120 MG X 30 CAPSULAS
38626,nombre_comercial,ORLIDIET 60 mg X 30 CAPSULAS,ORLIDIET 60 MG X 30 CAPSULAS
38627,nombre_comercial,ORLISTAT 120 mg X 30 CAPSULAS,ORLISTAT 120 MG X 30 CAPSULAS
38628,nombre_comercial,OTANOL 50 mg/ml SOLUCION OTICA,OTANOL 50 MG / ML SOLUCION OTICA
38629,nombre_comercial,OXCARBAZEPINA 300 mg X 30 TABLETAS RECUBIERTAS,OXCARBAZEPINA 300 MG X 30 TABLETAS RECUBIERTAS
38630,nombre_comercial,OXIDREN 150 mg X 1 COMPRIMIDOS RECUBIERTOS,OXIDREN 150 MG X 1 COMPRIMIDO RECUBIERTO
38630,presentacion,X 1 COMPRIMIDOS RECUBIERTOS,X 1 COMPRIMIDO RECUBIERTO
38632,nombre_comercial,OXOLAMINA CITRATO 50 mg / 5 mL JARABE,OXOLAMINA CITRATO 50 MG / 5 ML JARABE
38633,nombre_comercial,"PALONOSETRON 0,25 mg / 5 mL SOLUCION INYECTABLE",PALONOSETRON 0.25 MG / 5 ML SOLUCION INYECTABLE
38634,nombre_comercial,PANTOPRAZOL 40 mg X 10 COMPRIMIDOS CON CUBIERTA DE LIBERACION ENTERICA,PANTOPRAZOL 40 MG X 10 COMPRIMIDOS CON CUBIERTA DE LIBERACION ENTERICA
38635,nombre_comercial,PANTOPRAZOL 40 mg X 1 AMPOLLAS,PANTOPRAZOL 40 MG X 1 AMPOLLA
38635,presentacion,X 1 AMPOLLAS,X 1 AMPOLLA
38636,nombre_comercial,PANTOPRAZOL 40 mg X 7 TABLETAS DE LIBERACION RETARDADA,PANTOPRAZOL 40 MG X 7 TABLETAS DE LIBERACION RETARDADA
38637,nombre_comercial,ATAREM 100 mg / 5 mL SOLUCIÓN ORAL,ATAREM 100 MG / 5 ML SOLUCION ORAL
38638,nombre_comercial,PARACETAMOL 1 g / 100 mL SOLUCION PARA INFUSION,PARACETAMOL 1 G / 100 ML SOLUCION PARA INFUSION
38639,nombre_comercial,PAROXETINA 20 mg X 30 COMPRIMIDOS RECUBIERTAS,PAROXETINA 20 MG X 30 COMPRIMIDOS RECUBIERTAS
38640,nombre_comercial,PASIM PLUS 10 mg - 500 mg X 10 COMPRIMIDOS RECUBIERTOS,PASIM PLUS 10 MG - 500 MG X 10 COMPRIMIDOS RECUBIERTOS
38641,nombre_comercial,PASIM PLUS 2 mg - 100 mg / mL SOLUCION ORAL,PASIM PLUS 2 MG - 100 MG / ML SOLUCION ORAL
38642,nombre_comercial,PASIM 10 mg / mL SOLUCION ORAL,PASIM 10 MG / ML SOLUCION ORAL
38644,nombre_comercial,PAXIL CR 25 mg X 30 TABLETAS DE LIBERACION CONTROLADA,PAXIL CR 25 MG X 30 TABLETAS DE LIBERACION CONTROLADA
38645,nombre_comercial,PEDIACORT 3 mg / mL SOLUCION ORAL,PEDIACORT 3 MG / ML SOLUCION ORAL
38646,nombre_comercial,PEGYT 150 mg X 20 CAPSULAS,PEGYT 150 MG X 20 CAPSULAS
38647,nombre_comercial,PEGYT 150 mg X 30 CAPSULAS,PEGYT 150 MG X 30 CAPSULAS
38648,nombre_comercial,PEGYT 25 mg X 30 CAPSULAS,PEGYT 25 MG X 30 CAPSULAS
38649,nombre_comercial,PEGYT 75 mg X 20 CAPSULAS,PEGYT 75 MG X 20 CAPSULAS
38650,nombre_comercial,PENTOXIFILINA 300 mg / 15 mL X 5 AMPOLLAS,PENTOXIFILINA 300 MG / 15 ML X 5 AMPOLLAS
38651,nombre_comercial,PENTOXIFILINA 400 mg X 30 COMPRIMIDOS RECUBIERTOS DE ACCION PROLONGADA,PENTOXIFILINA 400 MG X 30 COMPRIMIDOS RECUBIERTOS DE ACCION PROLONGADA
38652,nombre_comercial,PEPTO-BISMOL 525 mg / 30 mL SUSPENSIÓN ORAL,PEPTO-BISMOL 525 MG / 30 ML SUSPENSION ORAL
38653,nombre_comercial,PEREBRON 28 mg / 5 mL JARABE SABOR A FRAMBUESA,PEREBRON 28 MG / 5 ML JARABE SABOR A FRAMBUESA
38654,nombre_comercial,PEREBRON 28 mg / 5 mL JARABE SABOR MIEL - LIMON,PEREBRON 28 MG / 5 ML JARABE SABOR MIEL - LIMON
38655,nombre_comercial,"PERIDONT 0,12 % SOLUCION TOPICA BUCAL",PERIDONT 0.12 % SOLUCION TOPICA BUCAL
38656,nombre_comercial,"PEROXIDO DE BENZOILO 2,5 % GEL",PEROXIDO DE BENZOILO 2.5 % GEL
38657,nombre_comercial,PERTEN 1% SOLUCION TOPICA,PERTEN 1 % SOLUCION TOPICA
38660,nombre_comercial,PERTEN 250 mg X 20 TABLETAS,PERTEN 250 MG X 20 TABLETAS
38661,nombre_comercial,PIGRAL 75 mg X 14 COMPRIMIDOS RECUBIERTOS,PIGRAL 75 MG X 14 COMPRIMIDOS RECUBIERTOS
38662,nombre_comercial,PIMADOL 10 mg X 10 TABLETAS RECUBIERTAS,PIMADOL 10 MG X 10 TABLETAS RECUBIERTAS
38663,nombre_comercial,PINAVERIUM BROMURO 100 mg X 20 TABLETAS RECUBIERTAS,PINAVERIUM BROMURO 100 MG X 20 TABLETAS RECUBIERTAS
38664,nombre_comercial,PINAVERIUM BROMURO 100 mg X 30 TABLETAS RECUBIERTAS,PINAVERIUM BROMURO 100 MG X 30 TABLETAS RECUBIERTAS
38665,nombre_comercial,PINAVIX 100 mg X 30 COMPRIMIDOS RECUBIERTOS,PINAVIX 100 MG X 30 COMPRIMIDOS RECUBIERTOS
38666,nombre_comercial,PINAVIX 100 mg X 20 COMPRIMIDOS RECUBIERTOS,PINAVIX 100 MG X 20 COMPRIMIDOS RECUBIERTOS
38667,nombre_comercial,PIPERAZINA 500mg / 5mL JARABE,PIPERAZINA 500 MG / 5 ML JARABE
38668,nombre_comercial,BREINOX 400 mg X 30 TABLETAS,BREINOX 400 MG X 30 TABLETAS
38669,nombre_comercial,PIROXICAM 20 mg X 10 CAPSULAS,PIROXICAM 20 MG X 10 CAPSULAS
38670,nombre_comercial,PLAVIX 75 mg X 14 COMPRIMIDOS RECUBIERTOS,PLAVIX 75 MG X 14 COMPRIMIDOS RECUBIERTOS
38671,nombre_comercial,PLIDAN COMPUESTO 10 mg / 125 mg X 10 COMPRIMIDOS RECUBIERTOS,PLIDAN COMPUESTO 10 MG / 125 MG X 10 COMPRIMIDOS RECUBIERTOS
38672,nombre_comercial,PLIDAN COMPUESTO 15 mg / 2 mL - 100 mg / 2 mL X 1 AMPOLLAS,PLIDAN COMPUESTO 15 MG / 2 ML - 100 MG / 2 ML X 1 AMPOLLA
38672,presentacion,X 1 AMPOLLAS,X 1 AMPOLLA
38673,nombre_comercial,PLIDAN COMPUESTO 15 mg / 2 mL - 100 mg / 2 mL X 2 AMPOLLAS,PLIDAN COMPUESTO 15 MG / 2 ML - 100 MG / 2 ML X 2 AMPOLLAS
38674,nombre_comercial,OTODON 2% - 5% SOLUCION GOTAS USO OTICO.,OTODON 2 % - 5 % SOLUCION GOTAS USO OTICO.
38676,nombre_comercial,"POSTINOR 2 0,75 mg X 2 COMPRIMIDOS",POSTINOR 2 0.75 MG X 2 COMPRIMIDOS
38677,nombre_comercial,POTAX 10 mEq X 100 TABLETAS DE LIBERACION PROLONGADA,POTAX 10 MEQ X 100 TABLETAS DE LIBERACION PROLONGADA
38678,nombre_comercial,PRALINA 75 mg X 14 CAPSULAS,PRALINA 75 MG X 14 CAPSULAS
38679,nombre_comercial,PRAXONA 150 mg X 10 COMPRIMIDOS,PRAXONA 150 MG X 10 COMPRIMIDOS
38680,nombre_comercial,PRAXONA 150 mg X 24 COMPRIMIDOS,PRAXONA 150 MG X 24 COMPRIMIDOS
38681,nombre_comercial,PREDNA 15 mg / 5 mL SOLUCION ORAL,PREDNA 15 MG / 5 ML SOLUCION ORAL
38682,nombre_comercial,PRENIL 3 mg / 1 mL SOLUCIÓN ORAL,PRENIL 3 MG / 1 ML SOLUCION ORAL
38684,nombre_comercial,PREDNISOLONA 5 mg X 10 TABLETAS,PREDNISOLONA 5 MG X 10 TABLETAS
38685,nombre_comercial,PREDNISOLONA 5 mg X 30 TABLETAS,PREDNISOLONA 5 MG X 30 TABLETAS
38686,nombre_comercial,PREDNISOLONA 5 mg X 10 TABLETAS,PREDNISOLONA 5 MG X 10 TABLETAS
38687,nombre_comercial,PREDNISOLONA 5 mg X 30 TABLETAS,PREDNISOLONA 5 MG X 30 TABLETAS
38688,nombre_comercial,PREDNISONA 50 mg X 10 TABLETAS,PREDNISONA 50 MG X 10 TABLETAS
38689,nombre_comercial,PREDNISONA 50 mg X 10 TABLETAS.,PREDNISONA 50 MG X 10 TABLETAS.
38690,nombre_comercial,PREDNISONA 5 mg X 10 TABLETAS,PREDNISONA 5 MG X 10 TABLETAS
38691,nombre_comercial,PREDNISONA 5 mg X 100 TABLETAS,PREDNISONA 5 MG X 100 TABLETAS
38692,nombre_comercial,PREDNISONA 5 mg X 30 TABLETAS,PREDNISONA 5 MG X 30 TABLETAS
38693,nombre_comercial,PREDNISONA 5 mg X 10 TABLETAS,PREDNISONA 5 MG X 10 TABLETAS
38694,nombre_comercial,PREGABALINA 150 mg X 30 CAPSULAS,PREGABALINA 150 MG X 30 CAPSULAS
38695,nombre_comercial,PREGABALINA 150 mg X 20 CAPSULAS,PREGABALINA 150 MG X 20 CAPSULAS
38696,nombre_comercial,PREGALIS 75MG X 30 CAPSULAS,PREGALIS 75 MG X 30 CAPSULAS
38697,nombre_comercial,PREGALIS 75MG X 14 CAPSULAS,PREGALIS 75 MG X 14 CAPSULAS
38698,nombre_comercial,PRELIVAL 150 mg X 20 CAPSULAS,PRELIVAL 150 MG X 20 CAPSULAS
38699,nombre_comercial,PRELIVAL 75 mg X 20 CAPSULAS,PRELIVAL 75 MG X 20 CAPSULAS
38701,nombre_comercial,PREVERAL  CON CODEINA  JARABE,PREVERAL CON CODEINA JARABE
38702,nombre_comercial,PROPRANOLOL 40mg X 20 TABLETAS,PROPRANOLOL 40 MG X 20 TABLETAS
38703,nombre_comercial,PROPRANOLOL 10 mg X 20 TABLETAS,PROPRANOLOL 10 MG X 20 TABLETAS
38705,nombre_comercial,PROVICAR 2 g / 10ml SOLUCION ORAL,PROVICAR 2 G / 10 ML SOLUCION ORAL
38706,nombre_comercial,PROXIME 750 mg X 5 COMPRIMIDOS RECUBIERTOS,PROXIME 750 MG X 5 COMPRIMIDOS RECUBIERTOS
38707,nombre_comercial,PULMOLET 1 mg / mL SUSPENSION PARA NEBULIZAR,PULMOLET 1 MG / ML SUSPENSION PARA NEBULIZAR
38708,nombre_comercial,QUETIAPINA 100 mg X 10 TABLETAS RECUBIERTAS,QUETIAPINA 100 MG X 10 TABLETAS RECUBIERTAS
38709,nombre_comercial,QUETIAPINA 100 mg X 30 TABLETAS RECUBIERTAS,QUETIAPINA 100 MG X 30 TABLETAS RECUBIERTAS
38710,nombre_comercial,QUETIAPINA 25 mg X 30 TABLETAS RECUBIERTAS,QUETIAPINA 25 MG X 30 TABLETAS RECUBIERTAS
38711,nombre_comercial,QUETIAZIC 300 mg X 30 COMPRIMIDOS RECUBIERTOS,QUETIAZIC 300 MG X 30 COMPRIMIDOS RECUBIERTOS
38712,nombre_comercial,QUETIVAL 100 mg X 30 TABLETAS RECUBIERTAS,QUETIVAL 100 MG X 30 TABLETAS RECUBIERTAS
38713,nombre_comercial,QUETIVAL 200 mg X 30 TABLETAS RECUBIERTAS,QUETIVAL 200 MG X 30 TABLETAS RECUBIERTAS
38714,nombre_comercial,QUETIVAL 25 mg X 30 TABLETAS RECUBIERTAS,QUETIVAL 25 MG X 30 TABLETAS RECUBIERTAS
38715,nombre_comercial,"QUINOMAX 0,5% SOLUCION OFTALMICA",QUINOMAX 0.5 % SOLUCION OFTALMICA
38717,nombre_comercial,RAMIPRES 5 mg X 30 COMPRIMIDOS,RAMIPRES 5 MG X 30 COMPRIMIDOS
38718,nombre_comercial,"RAMIPRIL 2,5 mg X 30 COMPRIMIDOS",RAMIPRIL 2.5 MG X 30 COMPRIMIDOS
38719,nombre_comercial,RANITIDINA 50 mg/2 mL X 10 AMPOLLAS,RANITIDINA 50 MG / 2 ML X 10 AMPOLLAS
38720,nombre_comercial,RANITIDINA 150 mg X 10 COMPRIMIDOS RECUBIERTOS,RANITIDINA 150 MG X 10 COMPRIMIDOS RECUBIERTOS
38721,nombre_comercial,RANITIDINA 300mg X 10 TABLETAS,RANITIDINA 300 MG X 10 TABLETAS
38722,nombre_comercial,REGULIP 20 mg X 30 TABLETAS,REGULIP 20 MG X 30 TABLETAS
38723,nombre_comercial,"RESEQUIL 0,1% LOCION TOPICA",RESEQUIL 0.1 % LOCION TOPICA
38724,nombre_comercial,REUMAQUINE 200 mg X 20 TABLETAS RECUBIERTAS,REUMAQUINE 200 MG X 20 TABLETAS RECUBIERTAS
38725,nombre_comercial,RIDAL 2 mg X 20 COMPRIMIDOS RECUBIERTOS,RIDAL 2 MG X 20 COMPRIMIDOS RECUBIERTOS
38726,nombre_comercial,RIDAL 3 mg X 20 COMPRIMIDOS RECUBIERTOS,RIDAL 3 MG X 20 COMPRIMIDOS RECUBIERTOS
38727,nombre_comercial,RIDAL 1 mg X 20 COMPRIMIDOS RECUBIERTOS,RIDAL 1 MG X 20 COMPRIMIDOS RECUBIERTOS
38728,nombre_comercial,RIDAL 1 mg / mL SOLUCION ORAL,RIDAL 1 MG / ML SOLUCION ORAL
38729,nombre_comercial,RIFAMIX 200 mg X 12 COMPRIMIDOS RECUBIERTOS,RIFAMIX 200 MG X 12 COMPRIMIDOS RECUBIERTOS
38730,nombre_comercial,RIFAMIX 200 mg X 10 COMPRIMIDOS RECUBIERTOS,RIFAMIX 200 MG X 10 COMPRIMIDOS RECUBIERTOS
38731,nombre_comercial,"RINARIS 2,5 mg - 30 mg /5 mL X 10 SOLUCION ORAL",RINARIS 2.5 MG - 30 MG / 5 ML X 10 SOLUCION ORAL
38733,nombre_comercial,"RINIFLU 2,5 mg / 5 mL JARABE",RINIFLU 2.5 MG / 5 ML JARABE
38734,nombre_comercial,RINOLAST 120 mg X 10 TABLETAS RECUBIERTAS,RINOLAST 120 MG X 10 TABLETAS RECUBIERTAS
38735,nombre_comercial,"RINOMAX 0,25 % - 0,125 % - 0,25 % SOLUCION NASAL",RINOMAX 0.25 % - 0.125 % - 0.25 % SOLUCION NASAL
38736,nombre_comercial,RISPERID 2 mg X 30 COMPRIMIDOS RECUBIERTOS,RISPERID 2 MG X 30 COMPRIMIDOS RECUBIERTOS
38737,nombre_comercial,RISPERID 3 mg X 30 COMPRIMIDOS RECUBIERTOS,RISPERID 3 MG X 30 COMPRIMIDOS RECUBIERTOS
38738,nombre_comercial,RISPERID 1 mg/ mL X 30 SOLUCION ORAL,RISPERID 1 MG / ML X 30 SOLUCION ORAL
38739,nombre_comercial,RISPERID 1 mg X 20 COMPRIMIDOS RECUBIERTOS,RISPERID 1 MG X 20 COMPRIMIDOS RECUBIERTOS
38740,nombre_comercial,RISPERIDONA 2 mg X 20 TABLETAS RECUBIERTAS,RISPERIDONA 2 MG X 20 TABLETAS RECUBIERTAS
38741,nombre_comercial,RISTONEL 100 mg X 30 COMPRIMIDOS RECUBIERTOS,RISTONEL 100 MG X 30 COMPRIMIDOS RECUBIERTOS
38742,nombre_comercial,RISTONEL 50 mg X 30 COMPRIMIDOS RECUBIERTOS,RISTONEL 50 MG X 30 COMPRIMIDOS RECUBIERTOS
38743,nombre_comercial,RITROMI 500 mg X 10 TABLETAS RECUBIERTAS,RITROMI 500 MG X 10 TABLETAS RECUBIERTAS
38744,nombre_comercial,RIVAROXABAN 15 mg X 30 TABLETAS RECUBIERTAS,RIVAROXABAN 15 MG X 30 TABLETAS RECUBIERTAS
38745,nombre_comercial,RIVAROXABAN 20 mg X 10 TABLETAS RECUBIERTAS,RIVAROXABAN 20 MG X 10 TABLETAS RECUBIERTAS
38746,nombre_comercial,RIVAROXABAN 20 mg X 14 TABLETAS RECUBIERTAS,RIVAROXABAN 20 MG X 14 TABLETAS RECUBIERTAS
38747,nombre_comercial,RONARES 500 mg - 4 mg X 10 COMPRIMIDOS,RONARES 500 MG - 4 MG X 10 COMPRIMIDOS
38748,nombre_comercial,ROSUTAN 10 mg X 30 TABLETAS RECUBIERTAS,ROSUTAN 10 MG X 30 TABLETAS RECUBIERTAS
38749,nombre_comercial,ROSUVASTATINA 20 mg X 30 COMPRIMIDOS RECUBIERTOS,ROSUVASTATINA 20 MG X 30 COMPRIMIDOS RECUBIERTOS
38750,nombre_comercial,ROSUVASTATINA 20 mg X 10 TABLETAS RECUBIERTAS,ROSUVASTATINA 20 MG X 10 TABLETAS RECUBIERTAS
38751,nombre_comercial,ROSUVASTATINA 20 mg X 30 TABLETAS RECUBIERTAS,ROSUVASTATINA 20 MG X 30 TABLETAS RECUBIERTAS
38752,nombre_comercial,ROSUVASTATINA 10 mg X 30 TABLETAS RECUBIERTAS,ROSUVASTATINA 10 MG X 30 TABLETAS RECUBIERTAS
38753,nombre_comercial,ROVARTAL 10 mg X 30 COMPRIMIDOS RECUBIERTOS,ROVARTAL 10 MG X 30 COMPRIMIDOS RECUBIERTOS
38754,nombre_comercial,ROVARTAL 40 mg X 30 COMPRIMIDOS RECUBIERTOS,ROVARTAL 40 MG X 30 COMPRIMIDOS RECUBIERTOS
38755,nombre_comercial,ROWELUK 5 mg X 10 COMPRIMIDOS MASTICABLES,ROWELUK 5 MG X 10 COMPRIMIDOS MASTICABLES
38756,nombre_comercial,ROWELUK 5 mg X 30 COMPRIMIDOS MASTICABLES,ROWELUK 5 MG X 30 COMPRIMIDOS MASTICABLES
38757,nombre_comercial,ROWELUK 10 mg X 10 COMPRIMIDOS RECUBIERTOS,ROWELUK 10 MG X 10 COMPRIMIDOS RECUBIERTOS
38758,nombre_comercial,ROWELUK 4 mg X 30 COMPRIMIDOS MASTICABLES,ROWELUK 4 MG X 30 COMPRIMIDOS MASTICABLES
38759,nombre_comercial,ROWELUK 4 mg X 10 COMPRIMIDOS MASTICABLES,ROWELUK 4 MG X 10 COMPRIMIDOS MASTICABLES
38760,nombre_comercial,RUBIZON 20 mg X 35 TABLETAS RECUBIERTAS,RUBIZON 20 MG X 35 TABLETAS RECUBIERTAS
38761,nombre_comercial,SADOXOL 50 mg X 30 TABLETAS,SADOXOL 50 MG X 30 TABLETAS
38762,nombre_comercial,SALBUTAMOL 40 mg/ 100 mL JARABE,SALBUTAMOL 40 MG / 100 ML JARABE
38763,nombre_comercial,SALBUTAN 100 mcg / DOSIS X 200 SUSPENSION PARA INHALACION ORAL,SALBUTAN 100 MCG / DOSIS X 200 SUSPENSION PARA INHALACION ORAL
38764,nombre_comercial,"SARIFAN COMPOSITUM 0,01 g - 0,25 g X 20 TABLETAS RECUBIERTAS",SARIFAN COMPOSITUM 0.01 G - 0.25 G X 20 TABLETAS RECUBIERTAS
38765,nombre_comercial,SAVER 200 mg / 5 mL X 37 POLVO PARA SUSPENSION ORAL,SAVER 200 MG / 5 ML X 37 POLVO PARA SUSPENSION ORAL
38766,nombre_comercial,SAVER 500 mg X 5 COMPRIMIDOS RECUBIERTOS,SAVER 500 MG X 5 COMPRIMIDOS RECUBIERTOS
38767,nombre_comercial,SECNIDAZOL 500 mg X 4 TABLETAS RECUBIERTAS,SECNIDAZOL 500 MG X 4 TABLETAS RECUBIERTAS
38768,nombre_comercial,SECNIDAZOL 1 g COMPRIMIDOS RECUBIERTOS,SECNIDAZOL 1 G COMPRIMIDOS RECUBIERTOS
38769,nombre_comercial,SECNIDAZOL 1 g X 2 TABLETAS RECUBIERTAS,SECNIDAZOL 1 G X 2 TABLETAS RECUBIERTAS
38770,nombre_comercial,SECNIDAZOL 1 g X 2 TABLETAS RECUBIERTAS,SECNIDAZOL 1 G X 2 TABLETAS RECUBIERTAS
38771,nombre_comercial,SECNIDAZOL 500 mg X 4 COMPRIMIDOS,SECNIDAZOL 500 MG X 4 COMPRIMIDOS
38772,nombre_comercial,SECNIDAZOL 1 g X 2 TABLETAS RECUBIERTAS,SECNIDAZOL 1 G X 2 TABLETAS RECUBIERTAS
38773,nombre_comercial,SECNIDEX 500 mg X 4 TABLETAS RECUBIERTAS,SECNIDEX 500 MG X 4 TABLETAS RECUBIERTAS
38774,nombre_comercial,SELENE 400 UI - 70 mcg X 30 CAPSULAS BLANDAS,SELENE 400 UI - 70 MCG X 30 CAPSULAS BLANDAS
38775,nombre_comercial,SELENE 100 UI - 70 mcg X 60 CAPSULAS BLANDAS,SELENE 100 UI - 70 MCG X 60 CAPSULAS BLANDAS
38776,nombre_comercial,SERETIDE 25 mcg - 50 mcg DOSIS X 120 SUSPENSION PARA INHALACION ORAL,SERETIDE 25 MCG - 50 MCG DOSIS X 120 SUSPENSION PARA INHALACION ORAL
38777,nombre_comercial,SERLINE 100 mg X 10 COMPRIMIDOS,SERLINE 100 MG X 10 COMPRIMIDOS
38778,nombre_comercial,SERLINE 50 mg X 10 COMPRIMIDOS,SERLINE 50 MG X 10 COMPRIMIDOS
38779,nombre_comercial,SERLINE 50 mg X 30 COMPRIMIDOS,SERLINE 50 MG X 30 COMPRIMIDOS
38780,nombre_comercial,SERTRALINA 50 mg X 30 TABLETAS,SERTRALINA 50 MG X 30 TABLETAS
38781,nombre_comercial,SERTRALINA 50 mg X 56 TABLETAS,SERTRALINA 50 MG X 56 TABLETAS
38782,nombre_comercial,SERTRALINA 50 mg X 10 TABLETAS,SERTRALINA 50 MG X 10 TABLETAS
38783,nombre_comercial,SERTRALINA 50 mg X 10 COMPRIMIDOS RECUBIERTOS,SERTRALINA 50 MG X 10 COMPRIMIDOS RECUBIERTOS
38784,nombre_comercial,SERTRALINA 50 mg X 14 COMPRIMIDOS RECUBIERTOS,SERTRALINA 50 MG X 14 COMPRIMIDOS RECUBIERTOS
38785,nombre_comercial,SERTRALINA 50 mg X 30 COMPRIMIDOS RECUBIERTOS,SERTRALINA 50 MG X 30 COMPRIMIDOS RECUBIERTOS
38786,nombre_comercial,Sertralina 50 mg X 14 Tabletas Recubiertas,SERTRALINA 50 MG X 14 TABLETAS RECUBIERTAS
38786,presentacion,X 14 Tabletas Recubiertas,X 14 TABLETAS RECUBIERTAS
38787,nombre_comercial,SESAREN XR 150 mg X 15 CAPSULAS CON MICROGRANULOS DE LIBERACION PROLONGADA,SESAREN XR 150 MG X 15 CAPSULAS CON MICROGRANULOS DE LIBERACION PROLONGADA
38788,nombre_comercial,SIDAZOL 100 mg X 30 TABLETAS,SIDAZOL 100 MG X 30 TABLETAS
38789,nombre_comercial,SIDAZOL 50 mg X 30 TABLETAS,SIDAZOL 50 MG X 30 TABLETAS
38790,nombre_comercial,SIGLUTAN 50 mg-500 mg X 30 TABLETAS RECUBIERTAS,SIGLUTAN 50 MG-500 MG X 30 TABLETAS RECUBIERTAS
38791,nombre_comercial,SILDENAFILO 50mg X 1 TABLETAS RECUBIERTAS,SILDENAFILO 50 MG X 1 TABLETA RECUBIERTA
38791,presentacion,X 1 TABLETAS RECUBIERTAS,X 1 TABLETA RECUBIERTA
38792,nombre_comercial,SILDENAFILO 50mg X 2 TABLETAS RECUBIERTAS,SILDENAFILO 50 MG X 2 TABLETAS RECUBIERTAS
38793,nombre_comercial,SILDENAFILO 50mg X 4 TABLETAS RECUBIERTAS,SILDENAFILO 50 MG X 4 TABLETAS RECUBIERTAS
38794,nombre_comercial,SILDEX 100 mg X 1 TABLETAS RECUBIERTAS,SILDEX 100 MG X 1 TABLETA RECUBIERTA
38794,presentacion,X 1 TABLETAS RECUBIERTAS,X 1 TABLETA RECUBIERTA
38795,nombre_comercial,SILDEX 100 mg X 2 TABLETAS RECUBIERTAS,SILDEX 100 MG X 2 TABLETAS RECUBIERTAS
38796,nombre_comercial,SILDEX 50 mg X 1 TABLETAS RECUBIERTAS,SILDEX 50 MG X 1 TABLETA RECUBIERTA
38796,presentacion,X 1 TABLETAS RECUBIERTAS,X 1 TABLETA RECUBIERTA
38797,nombre_comercial,SILDEX 50 mg X 2 TABLETAS RECUBIERTAS,SILDEX 50 MG X 2 TABLETAS RECUBIERTAS
38798,nombre_comercial,"SINUTIL 80 mg - 0,5 mg / mL SOLUCION ORAL",SINUTIL 80 MG - 0.5 MG / ML SOLUCION ORAL
38800,nombre_comercial,SITAGLIPTINA - METFORMINA CLORHIDRATO 50 mg - 500 mg X 30 TABLETAS RECUBIERTAS,SITAGLIPTINA - METFORMINA CLORHIDRATO 50 MG - 500 MG X 30 TABLETAS RECUBIERTAS
38801,nombre_comercial,SITAGLIPTINA - METFORMINA CLORHIDRATO 50 mg - 500 mg X 10 TABLETAS RECUBIERTAS,SITAGLIPTINA - METFORMINA CLORHIDRATO 50 MG - 500 MG X 10 TABLETAS RECUBIERTAS
38802,nombre_comercial,METFORMINA CLORHIDRATO - SITAGLIPTINA 850 mg - 50 mg X 28 TABLETAS RECUBIERTAS,METFORMINA CLORHIDRATO - SITAGLIPTINA 850 MG - 50 MG X 28 TABLETAS RECUBIERTAS
38803,nombre_comercial,SITAGLIS MET 50 mg-1000 mg X 28 COMPRIMIDOS RECUBIERTOS,SITAGLIS MET 50 MG-1000 MG X 28 COMPRIMIDOS RECUBIERTOS
38804,nombre_comercial,SOMAZINA 500 mg X 30 COMPRIMIDOS RECUBIERTOS,SOMAZINA 500 MG X 30 COMPRIMIDOS RECUBIERTOS
38805,nombre_comercial,SOMAZINA 1000 mg / 4 mL X 5 AMPOLLAS,SOMAZINA 1000 MG / 4 ML X 5 AMPOLLAS
38806,nombre_comercial,SUCRALFATO 100 mg / mL SUSPENSION ORAL,SUCRALFATO 100 MG / ML SUSPENSION ORAL
38807,nombre_comercial,SUCRALFATO 1 g X 20 TABLETAS,SUCRALFATO 1 G X 20 TABLETAS
38808,nombre_comercial,SUCRALFATO 1 g X 10 TABLETAS,SUCRALFATO 1 G X 10 TABLETAS
38811,nombre_comercial,"SULIXTRA 0,4 mg X 30 CAPSULAS DE LIBERACION PROLONGADA",SULIXTRA 0.4 MG X 30 CAPSULAS DE LIBERACION PROLONGADA
38812,nombre_comercial,"SULIXTRA DUO 0,4 mg - 0,5 mg X 10 CAPSULAS DE LIBERACION PROLONGADA",SULIXTRA DUO 0.4 MG - 0.5 MG X 10 CAPSULAS DE LIBERACION PROLONGADA
38813,nombre_comercial,"SULIXTRA DUO 0,4 mg - 0,5 mg X 30 CAPSULAS DE LIBERACION PROLONGADA",SULIXTRA DUO 0.4 MG - 0.5 MG X 30 CAPSULAS DE LIBERACION PROLONGADA
38814,nombre_comercial,SULPIR 25mg X 30 COMPRIMIDOS,SULPIR 25 MG X 30 COMPRIMIDOS
38815,nombre_comercial,SULTAMICILINA 750 mg X 10 TABLETAS RECUBIERTAS,SULTAMICILINA 750 MG X 10 TABLETAS RECUBIERTAS
38816,nombre_comercial,SULTRIM 400 mg – 80 mg X 20 TABLETAS,SULTRIM 400 MG – 80 MG X 20 TABLETAS
38817,nombre_comercial,SUPRAMYCINA FORTE 200 mg X 10 TABLETAS,SUPRAMYCINA FORTE 200 MG X 10 TABLETAS
38818,nombre_comercial,SUPRAMYCINA 100 mg X 10 TABLETAS,SUPRAMYCINA 100 MG X 10 TABLETAS
38819,nombre_comercial,SURIDE 25 mg X 30 COMPRIMIDOS RECUBIERTOS,SURIDE 25 MG X 30 COMPRIMIDOS RECUBIERTOS
38820,nombre_comercial,TACHIFORTE 1 g X 20 TABLETAS,TACHIFORTE 1 G X 20 TABLETAS
38821,nombre_comercial,TACHIFORTE 650 mg X 10 TABLETAS,TACHIFORTE 650 MG X 10 TABLETAS
38822,nombre_comercial,TACHIPIRIN 125 mg X 6 SUPOSITORIOS,TACHIPIRIN 125 MG X 6 SUPOSITORIOS
38823,nombre_comercial,"TACROLIMUS 0,03% UNGÜENTO",TACROLIMUS 0.03 % UNGUENTO
38824,nombre_comercial,TADAFOX 20 mg X 1 TABLETAS RECUBIERTAS,TADAFOX 20 MG X 1 TABLETA RECUBIERTA
38824,presentacion,X 1 TABLETAS RECUBIERTAS,X 1 TABLETA RECUBIERTA
38825,nombre_comercial,TADAFOX 20 mg X 2 TABLETAS RECUBIERTAS,TADAFOX 20 MG X 2 TABLETAS RECUBIERTAS
38826,nombre_comercial,TADALAFILO 20 mg X 1 TABLETAS RECUBIERTAS,TADALAFILO 20 MG X 1 TABLETA RECUBIERTA
38826,presentacion,X 1 TABLETAS RECUBIERTAS,X 1 TABLETA RECUBIERTA
38827,nombre_comercial,TADALAFILO 20 mg X 2 TABLETAS RECUBIERTAS,TADALAFILO 20 MG X 2 TABLETAS RECUBIERTAS
38828,nombre_comercial,TADALAFILO 5 mg X 30 TABLETAS RECUBIERTAS,TADALAFILO 5 MG X 30 TABLETAS RECUBIERTAS
38829,nombre_comercial,TADIFIL 5 mg X 30 COMPRIMIDOS RECUBIERTOS,TADIFIL 5 MG X 30 COMPRIMIDOS RECUBIERTOS
38830,nombre_comercial,TADIFIL 20 mg X 1 COMPRIMIDOS RECUBIERTOS,TADIFIL 20 MG X 1 COMPRIMIDO RECUBIERTO
38830,presentacion,X 1 COMPRIMIDOS RECUBIERTOS,X 1 COMPRIMIDO RECUBIERTO
38831,nombre_comercial,TADIFIL 20 mg X 2 COMPRIMIDOS RECUBIERTOS,TADIFIL 20 MG X 2 COMPRIMIDOS RECUBIERTOS
38832,nombre_comercial,TALERC 10 mg X 10 COMPRIMIDOS,TALERC 10 MG X 10 COMPRIMIDOS
38833,nombre_comercial,TALYSTO 5 mg X 10 TABLETAS MASTICABLES,TALYSTO 5 MG X 10 TABLETAS MASTICABLES
38834,nombre_comercial,TALYSTO 5 mg X 30 TABLETAS MASTICABLES,TALYSTO 5 MG X 30 TABLETAS MASTICABLES
38835,nombre_comercial,TALZIC 10 mg X 10 COMPRIMIDOS RECUBIERTOS,TALZIC 10 MG X 10 COMPRIMIDOS RECUBIERTOS
38836,nombre_comercial,TALZIC 10 mg / mL SOLUCION ORAL,TALZIC 10 MG / ML SOLUCION ORAL
38837,nombre_comercial,TALZIC 1 mg / mL SOLUCION ORAL,TALZIC 1 MG / ML SOLUCION ORAL
38838,nombre_comercial,TAMOA 250 mg / 5 mL X 6 SUSPENSION,TAMOA 250 MG / 5 ML X 6 SUSPENSION
38839,nombre_comercial,"TAMOSTIN 0,4 mg X 30 CAPSULAS DE LIBERACION PROLONGADA",TAMOSTIN 0.4 MG X 30 CAPSULAS DE LIBERACION PROLONGADA
38840,nombre_comercial,"TAMOSTIN 0,4 mg X 20 CAPSULAS DE LIBERACION PROLONGADA",TAMOSTIN 0.4 MG X 20 CAPSULAS DE LIBERACION PROLONGADA
38841,nombre_comercial,"TAMSULON 0,4 mg X 30 CAPSULAS DE LIBERACION CONTROLADA",TAMSULON 0.4 MG X 30 CAPSULAS DE LIBERACION CONTROLADA
38842,nombre_comercial,"TAMSULOSINA HCL 0,4 mg CAPSULAS DE LIBERACION PROGRAMADA X 30 CAPSULAS",TAMSULOSINA HCL 0.4 MG CAPSULAS DE LIBERACION PROGRAMADA X 30 CAPSULAS
38843,nombre_comercial,"TAMSULOSINA HCL 0,4 mg CAPSULAS DE LIBERACION PROGRAMADA X 10 CAPSULAS",TAMSULOSINA HCL 0.4 MG CAPSULAS DE LIBERACION PROGRAMADA X 10 CAPSULAS
38844,nombre_comercial,"TAMSULOSINA CLORHIDRATO 0,4 mg X 30 CAPSULAS DE LIBERACION PROLONGADA",TAMSULOSINA CLORHIDRATO 0.4 MG X 30 CAPSULAS DE LIBERACION PROLONGADA
38845,nombre_comercial,"TANTUN 0,1 % SOLUCION DUCHA VAGINAL",TANTUN 0.1 % SOLUCION DUCHA VAGINAL
38846,nombre_comercial,TAPAZOL 5 mg X 60 TABLETAS,TAPAZOL 5 MG X 60 TABLETAS
38847,nombre_comercial,TEKRON 200 mg X 10 COMPRIMIDOS RECUBIERTOS,TEKRON 200 MG X 10 COMPRIMIDOS RECUBIERTOS
38848,nombre_comercial,TEKRON 200 mg X 30 COMPRIMIDOS RECUBIERTOS,TEKRON 200 MG X 30 COMPRIMIDOS RECUBIERTOS
38849,nombre_comercial,TENSOMAX 30 mg X 30 CAPSULAS DE LIBERACION PROLONGADA,TENSOMAX 30 MG X 30 CAPSULAS DE LIBERACION PROLONGADA
38850,nombre_comercial,TENSOMAX 30 mg X 10 CAPSULAS DE LIBERACION PROLONGADA,TENSOMAX 30 MG X 10 CAPSULAS DE LIBERACION PROLONGADA
38851,nombre_comercial,TENSOPIN 20 mg / mL SOLUCION ORAL,TENSOPIN 20 MG / ML SOLUCION ORAL
38852,nombre_comercial,NUELIN 80 mg / 15 mL JARABE,NUELIN 80 MG / 15 ML JARABE
38853,nombre_comercial,TERAGRIPFORTE 650mg-20mg-2mg X 6 GRANULADO PARA SOLUCION ORAL,TERAGRIPFORTE 650 MG-20 MG-2 MG X 6 GRANULADO PARA SOLUCION ORAL
38854,nombre_comercial,TERAGRIPFORTE 650mg-20mg-2mg X 10 GRANULADO PARA SOLUCION ORAL,TERAGRIPFORTE 650 MG-20 MG-2 MG X 10 GRANULADO PARA SOLUCION ORAL
38855,nombre_comercial,TERAGRIPFORTE 650mg-20mg-2mg X 20 GRANULADO PARA SOLUCION ORAL,TERAGRIPFORTE 650 MG-20 MG-2 MG X 20 GRANULADO PARA SOLUCION ORAL
38857,nombre_comercial,TIALIN 100 mg X 10 COMPRIMIDOS,TIALIN 100 MG X 10 COMPRIMIDOS
38858,nombre_comercial,TIALIN 50 mg X 10 COMPRIMIDOS,TIALIN 50 MG X 10 COMPRIMIDOS
38859,nombre_comercial,TIALIN 50 mg X 30 COMPRIMIDOS,TIALIN 50 MG X 30 COMPRIMIDOS
38860,nombre_comercial,"TIDOR 2 % - 0,5 % SOLUCION OFTALMICA",TIDOR 2 % - 0.5 % SOLUCION OFTALMICA
38861,nombre_comercial,TILODRIN 4 mg / mL SOLUCION ORAL,TILODRIN 4 MG / ML SOLUCION ORAL
38862,nombre_comercial,TILODRIN 30 mg / 15 mL JARABE,TILODRIN 30 MG / 15 ML JARABE
38863,nombre_comercial,"TIMOLOL 0,5 % SOLUCION OFTALMICA",TIMOLOL 0.5 % SOLUCION OFTALMICA
38864,nombre_comercial,TINIDAZOL 500 mg X 4 TABLETAS RECUBIERTAS,TINIDAZOL 500 MG X 4 TABLETAS RECUBIERTAS
38865,nombre_comercial,TIOCHAX PLUS 400 mg - 4 mg X 10 TABLETAS RECUBIERTAS,TIOCHAX PLUS 400 MG - 4 MG X 10 TABLETAS RECUBIERTAS
38866,nombre_comercial,TIOCHAX 4 mg X 12 COMPRIMIDOS,TIOCHAX 4 MG X 12 COMPRIMIDOS
38867,nombre_comercial,TIOCOL 8 mg X 10 TABLETAS RECUBIERTAS,TIOCOL 8 MG X 10 TABLETAS RECUBIERTAS
38868,nombre_comercial,TIOCOLCHICOSIDO 4 mg / 2 mL X 1 AMPOLLAS,TIOCOLCHICOSIDO 4 MG / 2 ML X 1 AMPOLLA
38868,presentacion,X 1 AMPOLLAS,X 1 AMPOLLA
38869,nombre_comercial,TIOCOLCHICOSIDO 4 mg / 2 mL X 50 AMPOLLAS,TIOCOLCHICOSIDO 4 MG / 2 ML X 50 AMPOLLAS
38870,nombre_comercial,TIOCOLCHICOSIDO 4 mg / 2 mL X 2 AMPOLLAS,TIOCOLCHICOSIDO 4 MG / 2 ML X 2 AMPOLLAS
38871,nombre_comercial,TIOCOLCHICOSIDO 4 mg X 10 COMPRIMIDOS,TIOCOLCHICOSIDO 4 MG X 10 COMPRIMIDOS
38872,nombre_comercial,TIOCOLCHICOSIDO 4 mg X 12 TABLETAS,TIOCOLCHICOSIDO 4 MG X 12 TABLETAS
38873,nombre_comercial,TIOCOLCHICOSIDO 4 mg X 12 TABLETAS,TIOCOLCHICOSIDO 4 MG X 12 TABLETAS
38874,nombre_comercial,TIOCOLFEN 600 mg - 4 mg X 10 TABLETAS RECUBIERTAS,TIOCOLFEN 600 MG - 4 MG X 10 TABLETAS RECUBIERTAS
38876,nombre_comercial,TOBRAMICINA 300 mg/5 ml SOLUCION PARA INHALACION,TOBRAMICINA 300 MG / 5 ML SOLUCION PARA INHALACION
38877,nombre_comercial,"TOBRASOL 0,3 % SOLUCION OFTALMICA",TOBRASOL 0.3 % SOLUCION OFTALMICA
38878,nombre_comercial,"TODENAC 0,3 % - 0,1 % SOLUCION OFTALMICA",TODENAC 0.3 % - 0.1 % SOLUCION OFTALMICA
38880,nombre_comercial,TONERVOL 5 mg X 30 TABLETAS,TONERVOL 5 MG X 30 TABLETAS
38881,nombre_comercial,TONUM 1 mg / mL  SUSPENSION ORAL,TONUM 1 MG / ML SUSPENSION ORAL
38882,nombre_comercial,TONUM 10 mg X 30 TABLETAS,TONUM 10 MG X 30 TABLETAS
38883,nombre_comercial,TORIVAS 50 mg X 30 TABLETAS RECUBIERTAS,TORIVAS 50 MG X 30 TABLETAS RECUBIERTAS
38884,nombre_comercial,TRACEVAL 500 mg - 50 mg X 20 TABLETAS,TRACEVAL 500 MG - 50 MG X 20 TABLETAS
38885,nombre_comercial,"TRACEVAL 325 mg - 37,5 mg X 20 TABLETAS RECUBIERTAS",TRACEVAL 325 MG - 37.5 MG X 20 TABLETAS RECUBIERTAS
38886,nombre_comercial,TRACTIL FORTE 8 mg X 10 COMPRIMIDOS,TRACTIL FORTE 8 MG X 10 COMPRIMIDOS
38887,nombre_comercial,TRACTIL 4 mg X 12 COMPRIMIDOS,TRACTIL 4 MG X 12 COMPRIMIDOS
38888,nombre_comercial,TRALIX 50 mg X 30 TABLETAS,TRALIX 50 MG X 30 TABLETAS
38889,nombre_comercial,TRAMAL LONG 150 mg X 20 TABLETAS RECUBIERTAS DE LIBERACION PROLONGADA,TRAMAL LONG 150 MG X 20 TABLETAS RECUBIERTAS DE LIBERACION PROLONGADA
38890,nombre_comercial,TRAMAL 100 mg / mL SOLUCION ORAL,TRAMAL 100 MG / ML SOLUCION ORAL
38891,nombre_comercial,TRICOX 60 mg X 14 TABLETAS RECUBIERTAS,TRICOX 60 MG X 14 TABLETAS RECUBIERTAS
38893,nombre_comercial,TRIMEBUTINA MALEATO 200 mg X 10 TABLETAS,TRIMEBUTINA MALEATO 200 MG X 10 TABLETAS
38894,nombre_comercial,TRIMEBUTINA MALEATO 200 mg X 30 TABLETAS,TRIMEBUTINA MALEATO 200 MG X 30 TABLETAS
38895,nombre_comercial,TRIMEBUTINA 300 mg X 10 COMPRIMIDOS RECUBIERTOS DE LIBERACION PROLONGADA,TRIMEBUTINA 300 MG X 10 COMPRIMIDOS RECUBIERTOS DE LIBERACION PROLONGADA
38896,nombre_comercial,FLUTIXAIR 250 mcg -25 mcg / DOSIS X 120 SUSPENSION PARA INHALACION ORAL,FLUTIXAIR 250 MCG -25 MCG / DOSIS X 120 SUSPENSION PARA INHALACION ORAL
38897,nombre_comercial,TRIPUR 80 mg - 400 mg X 20 COMPRIMIDOS,TRIPUR 80 MG - 400 MG X 20 COMPRIMIDOS
38898,nombre_comercial,TRITTICO 100 mg X 30 TABLETAS,TRITTICO 100 MG X 30 TABLETAS
38899,nombre_comercial,TRITTICO 50 mg X 30 TABLETAS,TRITTICO 50 MG X 30 TABLETAS
38900,nombre_comercial,ULCENOL 20 mg X 10 TABLETAS,ULCENOL 20 MG X 10 TABLETAS
38901,nombre_comercial,ULCENOL 40 mg X 20 TABLETAS,ULCENOL 40 MG X 20 TABLETAS
38902,nombre_comercial,ULCON 1 g X 20 TABLETAS,ULCON 1 G X 20 TABLETAS
38903,nombre_comercial,ULCRAF 1 g / 5 mL SUSPENSIÓN ORAL,ULCRAF 1 G / 5 ML SUSPENSION ORAL
38904,nombre_comercial,ULGARIN 20 mg X 16 CAPSULAS,ULGARIN 20 MG X 16 CAPSULAS
38905,nombre_comercial,ULGARIN 20 mg X 28 CAPSULAS,ULGARIN 20 MG X 28 CAPSULAS
38906,nombre_comercial,ULGARIN 40 mg X 16 CAPSULAS,ULGARIN 40 MG X 16 CAPSULAS
38907,nombre_comercial,ULGARIN 40 mg X 32 CAPSULAS,ULGARIN 40 MG X 32 CAPSULAS
38908,nombre_comercial,ULTAMYN 750 mg X 10 TABLETAS RECUBIERTAS,ULTAMYN 750 MG X 10 TABLETAS RECUBIERTAS
38909,nombre_comercial,URODUTAN 200 mg X 10 TABLETAS RECUBIERTAS,URODUTAN 200 MG X 10 TABLETAS RECUBIERTAS
38910,nombre_comercial,"UROSINA 0,4 mg X 30 TABLETAS RECUBIERTAS DE LIBERACION PROLONGADA",UROSINA 0.4 MG X 30 TABLETAS RECUBIERTAS DE LIBERACION PROLONGADA
38911,nombre_comercial,VALACICLOVIR 500 mg X 10 TABLETAS RECUBIERTAS,VALACICLOVIR 500 MG X 10 TABLETAS RECUBIERTAS
38912,nombre_comercial,VALPRON 250 mg / 5 mL JARABE,VALPRON 250 MG / 5 ML JARABE
38913,nombre_comercial,VALSARTÁN 160mg X 10 COMPRIMIDOS RECUBIERTOS,VALSARTAN 160 MG X 10 COMPRIMIDOS RECUBIERTOS
38914,nombre_comercial,VALSARTÁN 160mg X 28 COMPRIMIDOS RECUBIERTOS,VALSARTAN 160 MG X 28 COMPRIMIDOS RECUBIERTOS
38915,nombre_comercial,VALSARTÁN 160mg X 30 COMPRIMIDOS RECUBIERTOS,VALSARTAN 160 MG X 30 COMPRIMIDOS RECUBIERTOS
38916,nombre_comercial,VALSARTAN 160 mg X 14 CAPSULAS,VALSARTAN 160 MG X 14 CAPSULAS
38917,nombre_comercial,VALSARTAN 160 mg X 7 CAPSULAS,VALSARTAN 160 MG X 7 CAPSULAS
38918,nombre_comercial,"VALSARTAN - HIDROCLOROTIAZIDA 160 mg - 12,5 mg X 30 TABLETAS RECUBIERTAS",VALSARTAN - HIDROCLOROTIAZIDA 160 MG - 12.5 MG X 30 TABLETAS RECUBIERTAS
38919,nombre_comercial,"VALSARTAN - HIDROCLOROTIAZIDA 160 mg - 12,5 mg X 14 TABLETAS RECUBIERTAS",VALSARTAN - HIDROCLOROTIAZIDA 160 MG - 12.5 MG X 14 TABLETAS RECUBIERTAS
38920,nombre_comercial,VALSARTAN 80 mg X 14 CAPSULAS,VALSARTAN 80 MG X 14 CAPSULAS
38921,nombre_comercial,VALSARTAN 80 mg X 30 CAPSULAS,VALSARTAN 80 MG X 30 CAPSULAS
38922,nombre_comercial,"VALSARTAN - HIDROCLOROTIAZIDA 80 mg - 12,5 mg X 20 TABLETAS RECUBIERTAS",VALSARTAN - HIDROCLOROTIAZIDA 80 MG - 12.5 MG X 20 TABLETAS RECUBIERTAS
38923,nombre_comercial,"VALSARTAN - HIDROCLOROTIAZIDA 80 mg - 12,5 mg X 30 TABLETAS RECUBIERTAS",VALSARTAN - HIDROCLOROTIAZIDA 80 MG - 12.5 MG X 30 TABLETAS RECUBIERTAS
38924,nombre_comercial,"VALSARTAN - HIDROCLOROTIAZIDA 80 mg - 12,5 mg X 28 TABLETAS RECUBIERTAS",VALSARTAN - HIDROCLOROTIAZIDA 80 MG - 12.5 MG X 28 TABLETAS RECUBIERTAS
38925,nombre_comercial,"VALSARTAN - HIDROCLOROTIAZIDA 80 mg - 12,5 mg X 14 TABLETAS RECUBIERTAS",VALSARTAN - HIDROCLOROTIAZIDA 80 MG - 12.5 MG X 14 TABLETAS RECUBIERTAS
38926,nombre_comercial,"VALSARTAN - HIDROCLOROTIAZIDA 80 mg - 12,5 mg X 30 TABLETAS RECUBIERTAS",VALSARTAN - HIDROCLOROTIAZIDA 80 MG - 12.5 MG X 30 TABLETAS RECUBIERTAS
38927,nombre_comercial,"VASATEN HCT 80 mg - 12,5 mg X 10 COMPRIMIDOS RECUBIERTOS",VASATEN HCT 80 MG - 12.5 MG X 10 COMPRIMIDOS RECUBIERTOS
38928,nombre_comercial,"VASATEN HCT 80 mg - 12,5 mg X 14 COMPRIMIDOS RECUBIERTOS",VASATEN HCT 80 MG - 12.5 MG X 14 COMPRIMIDOS RECUBIERTOS
38929,nombre_comercial,"VALSARTAN - HIDROCLOROTIAZIDA 80 mg - 12,5 mg X 10 TABLETAS RECUBIERTAS",VALSARTAN - HIDROCLOROTIAZIDA 80 MG - 12.5 MG X 10 TABLETAS RECUBIERTAS
38930,nombre_comercial,"VALSARTAN - HIDROCLOROTIAZIDA 80 mg - 12,5 mg X 30 TABLETAS RECUBIERTAS",VALSARTAN - HIDROCLOROTIAZIDA 80 MG - 12.5 MG X 30 TABLETAS RECUBIERTAS
38932,nombre_comercial,VALSARTAN 80 mg X 14 CAPSULAS,VALSARTAN 80 MG X 14 CAPSULAS
38933,nombre_comercial,VALSARTAN 80 mg X 30 CAPSULAS,VALSARTAN 80 MG X 30 CAPSULAS
38934,nombre_comercial,VASPITOR 20 mg X 30 COMPRIMIDOS RECUBIERTOS,VASPITOR 20 MG X 30 COMPRIMIDOS RECUBIERTOS
38935,nombre_comercial,VASPITOR 20 mg X 10 COMPRIMIDOS RECUBIERTOS,VASPITOR 20 MG X 10 COMPRIMIDOS RECUBIERTOS
38936,nombre_comercial,VASPITOR 40 mg X 30 COMPRIMIDOS RECUBIERTOS,VASPITOR 40 MG X 30 COMPRIMIDOS RECUBIERTOS
38937,nombre_comercial,VASPITOR 40 mg X 10 COMPRIMIDOS RECUBIERTOS,VASPITOR 40 MG X 10 COMPRIMIDOS RECUBIERTOS
38938,nombre_comercial,"VASSLUTEN HCT 300 mg - 12,5 mg TABLETAS",VASSLUTEN HCT 300 MG - 12.5 MG TABLETAS
38939,nombre_comercial,"VASSLUTEN HCT 150 mg - 12,5 mg TABLETAS",VASSLUTEN HCT 150 MG - 12.5 MG TABLETAS
38940,nombre_comercial,VECTUS 20 mg X 1 TABLETAS RECUBIERTAS,VECTUS 20 MG X 1 TABLETA RECUBIERTA
38940,presentacion,X 1 TABLETAS RECUBIERTAS,X 1 TABLETA RECUBIERTA
38941,nombre_comercial,VECTUS 20 mg X 2 TABLETAS RECUBIERTAS,VECTUS 20 MG X 2 TABLETAS RECUBIERTAS
38942,nombre_comercial,VECTUS 5 mg X 10 TABLETAS RECUBIERTAS,VECTUS 5 MG X 10 TABLETAS RECUBIERTAS
38943,nombre_comercial,VECTUS 5 mg X 20 TABLETAS RECUBIERTAS,VECTUS 5 MG X 20 TABLETAS RECUBIERTAS
38944,nombre_comercial,VECTUS 5 mg X 30 TABLETAS RECUBIERTAS,VECTUS 5 MG X 30 TABLETAS RECUBIERTAS
38945,nombre_comercial,DIOSMINA - HESPERIDINA 450 mg - 50 mg X 30 CAPSULAS BLANDAS,DIOSMINA - HESPERIDINA 450 MG - 50 MG X 30 CAPSULAS BLANDAS
38946,nombre_comercial,DIOSMINA - HESPERIDINA 450 mg - 50 mg X 10 CAPSULAS BLANDAS,DIOSMINA - HESPERIDINA 450 MG - 50 MG X 10 CAPSULAS BLANDAS
38947,nombre_comercial,VESTAX 650 mg X 10 TABLETAS,VESTAX 650 MG X 10 TABLETAS
38948,nombre_comercial,VIAJESAN 50 mg X 10 TABLETAS RECUBIERTAS,VIAJESAN 50 MG X 10 TABLETAS RECUBIERTAS
38949,nombre_comercial,VIASEk 50 mg X 2 COMPRIMIDOS RECUBIERTOS,VIASEK 50 MG X 2 COMPRIMIDOS RECUBIERTOS
38950,nombre_comercial,VIASEk 50 mg X 1 COMPRIMIDOS RECUBIERTOS,VIASEK 50 MG X 1 COMPRIMIDO RECUBIERTO
38950,presentacion,X 1 COMPRIMIDOS RECUBIERTOS,X 1 COMPRIMIDO RECUBIERTO
38951,nombre_comercial,VIGRASOL 50 mg X 1 COMPRIMIDOS RECUBIERTOS,VIGRASOL 50 MG X 1 COMPRIMIDO RECUBIERTO
38951,presentacion,X 1 COMPRIMIDOS RECUBIERTOS,X 1 COMPRIMIDO RECUBIERTO
38952,nombre_comercial,VILDAGLIPTINA 50 mg X 30 COMPRIMIDOS,VILDAGLIPTINA 50 MG X 30 COMPRIMIDOS
38958,nombre_comercial,VITAMINA B12 5 mg / mL X 1 AMPOLLAS,VITAMINA B12 5 MG / ML X 1 AMPOLLA
38958,presentacion,X 1 AMPOLLAS,X 1 AMPOLLA
38959,nombre_comercial,VITAMINA B12 500 mcg X 20 CAPSULAS,VITAMINA B12 500 MCG X 20 CAPSULAS
38960,nombre_comercial,VITAMINA C 500 mg / 5 mL X 10 AMPOLLAS,VITAMINA C 500 MG / 5 ML X 10 AMPOLLAS
38961,nombre_comercial,DEROVIT 5000 UI X 60 CÁPSULAS BLANDAS,DEROVIT 5000 UI X 60 CAPSULAS BLANDAS
38961,presentacion,X 60 CÁPSULAS BLANDAS,X 60 CAPSULAS BLANDAS
38962,nombre_comercial,DEROVIT 5000 UI X 100 CÁPSULAS BLANDAS,DEROVIT 5000 UI X 100 CAPSULAS BLANDAS
38962,presentacion,X 100 CÁPSULAS BLANDAS,X 100 CAPSULAS BLANDAS
38963,nombre_comercial,VITAMINA C 500 mg X 15 TABLETAS MASTICABLES SABOR A NARANJA,VITAMINA C 500 MG X 15 TABLETAS MASTICABLES SABOR A NARANJA
38964,nombre_comercial,VITAMINA C 500 mg X 30 TABLETAS MASTICABLES SABOR A NARANJA,VITAMINA C 500 MG X 30 TABLETAS MASTICABLES SABOR A NARANJA
38965,nombre_comercial,VITAMINA C 500 mg X 10 TABLETAS MASTICABLES SABOR A NARANJA,VITAMINA C 500 MG X 10 TABLETAS MASTICABLES SABOR A NARANJA
38966,nombre_comercial,CALCIO OSTELIN 175 mg - 60 UI / 5 mL SUSPENSION,CALCIO OSTELIN 175 MG - 60 UI / 5 ML SUSPENSION
38967,nombre_comercial,VITAMINA C 100 mg / 5 mL SOLUCION ORAL,VITAMINA C 100 MG / 5 ML SOLUCION ORAL
38970,nombre_comercial,VITAMINA K1 10 mg / mL X 3 AMPOLLAS,VITAMINA K1 10 MG / ML X 3 AMPOLLAS
38971,nombre_comercial,VITADYN C 500 mg TABLETAS MASTICABLES SABOR A FRUTAS TROPICALES X 10 TABLETAS,VITADYN C 500 MG TABLETAS MASTICABLES SABOR A FRUTAS TROPICALES X 10 TABLETAS
38972,nombre_comercial,VITADYN C 500 mg TABLETAS MASTICABLES SABOR A FRUTAS TROPICALES X 30 TABLETAS,VITADYN C 500 MG TABLETAS MASTICABLES SABOR A FRUTAS TROPICALES X 30 TABLETAS
38973,nombre_comercial,VITAMINA E 100 mg X 60 CAPSULAS BLANDAS,VITAMINA E 100 MG X 60 CAPSULAS BLANDAS
38976,nombre_comercial,VIZERUL 75 mg X 10 COMPRIMIDOS RECUBIERTOS,VIZERUL 75 MG X 10 COMPRIMIDOS RECUBIERTOS
38977,nombre_comercial,VIZERUL 75 mg X 20 COMPRIMIDOS RECUBIERTOS,VIZERUL 75 MG X 20 COMPRIMIDOS RECUBIERTOS
38978,nombre_comercial,VIZERUL 150 mg / 10 mL X 10 SOLUCION ORAL,VIZERUL 150 MG / 10 ML X 10 SOLUCION ORAL
38979,nombre_comercial,VOLCOFEN 75 mg / 3 mL X 1 AMPOLLAS,VOLCOFEN 75 MG / 3 ML X 1 AMPOLLA
38979,presentacion,X 1 AMPOLLAS,X 1 AMPOLLA
38980,nombre_comercial,VONAU FLASH 4mg TABLETAS DE DESINTEGRACION ORAL X 10 TABLETAS,VONAU FLASH 4 MG TABLETAS DE DESINTEGRACION ORAL X 10 TABLETAS
38981,nombre_comercial,VORCUM 200 mg POLVO LIOFILIZADO PARA SOLUCION PARA INFUSION,VORCUM 200 MG POLVO LIOFILIZADO PARA SOLUCION PARA INFUSION
38982,nombre_comercial,XANEXTRA 500 mg / 5 mL X 1 AMPOLLAS,XANEXTRA 500 MG / 5 ML X 1 AMPOLLA
38982,presentacion,X 1 AMPOLLAS,X 1 AMPOLLA
38983,nombre_comercial,XANEXTRA 500 mg / 5 mL X 21 AMPOLLAS,XANEXTRA 500 MG / 5 ML X 21 AMPOLLAS
38984,nombre_comercial,XAROX 10 mg X 30 TABLETAS RECUBIERTAS.,XAROX 10 MG X 30 TABLETAS RECUBIERTAS.
38985,nombre_comercial,XAROX 15 mg X 30 TABLETAS RECUBIERTAS,XAROX 15 MG X 30 TABLETAS RECUBIERTAS
38986,nombre_comercial,XAROX 20 mg X 30 TABLETAS RECUBIERTAS,XAROX 20 MG X 30 TABLETAS RECUBIERTAS
38987,nombre_comercial,XEROGRAX 120 mg X 60 CAPSULAS,XEROGRAX 120 MG X 60 CAPSULAS
38988,nombre_comercial,PRAMIPEXOL 1 mg X 28 TABLETAS,PRAMIPEXOL 1 MG X 28 TABLETAS
38989,nombre_comercial,YONALIN 4 mg / mL SOLUCION ORAL GOTAS,YONALIN 4 MG / ML SOLUCION ORAL GOTAS
38990,nombre_comercial,"ZALDIAR 37,5 mg - 325 mg X 20 COMPRIMIDOS RECUBIERTOS",ZALDIAR 37.5 MG - 325 MG X 20 COMPRIMIDOS RECUBIERTOS
38991,nombre_comercial,ZILDON 10 mg X 30 TABLETAS RECUBIERTAS,ZILDON 10 MG X 30 TABLETAS RECUBIERTAS
38993,nombre_comercial,"VITADYN C ZINC 500mg - 7,5mg X 30 CÁPSULAS",VITADYN C ZINC 500 MG - 7.5 MG X 30 CAPSULAS
38993,presentacion,X 30 CÁPSULAS,X 30 CAPSULAS
38994,nombre_comercial,"VITADYN C ZINC 500mg - 7,5mg X 60 CÁPSULAS",VITADYN C ZINC 500 MG - 7.5 MG X 60 CAPSULAS
38994,presentacion,X 60 CÁPSULAS,X 60 CAPSULAS
38996,nombre_comercial,ZOLPIDEX 10 mg X 10 COMPRIMIDOS RECUBIERTOS,ZOLPIDEX 10 MG X 10 COMPRIMIDOS RECUBIERTOS
38997,nombre_comercial,ZOLPIDEX 10 mg X 20 COMPRIMIDOS RECUBIERTOS,ZOLPIDEX 10 MG X 20 COMPRIMIDOS RECUBIERTOS
38998,nombre_comercial,ZONIUM 20 mg X 14 CAPSULAS CON MICROGRANULOS ENTERICOS,ZONIUM 20 MG X 14 CAPSULAS CON MICROGRANULOS ENTERICOS
38999,nombre_comercial,ZONIUM 40 mg X 14 CAPSULAS CON MICROGRANULOS ENTERICOS,ZONIUM 40 MG X 14 CAPSULAS CON MICROGRANULOS ENTERICOS
39000,nombre_comercial,ZONTRICON 100mg/5mL POLVO PARA SUSPENSION,ZONTRICON 100 MG / 5 ML POLVO PARA SUSPENSION
39001,nombre_comercial,"ZOPICLONA 7,5 mg X 10 TABLETAS RECUBIERTAS",ZOPICLONA 7.5 MG X 10 TABLETAS RECUBIERTAS
39002,nombre_comercial,ZOST 50 mg X 1 COMPRIMIDOS,ZOST 50 MG X 1 COMPRIMIDO
39002,presentacion,X 1 COMPRIMIDOS,X 1 COMPRIMIDO
39003,nombre_comercial,ZOST 50 mg X 2 COMPRIMIDOS,ZOST 50 MG X 2 COMPRIMIDOS
39004,nombre_comercial,ZOST 50 mg X 4 COMPRIMIDOS,ZOST 50 MG X 4 COMPRIMIDOS
39006,nombre_comercial,ZYRTEC 10 mg X 20 COMPRIMIDOS RECUBIERTOS,ZYRTEC 10 MG X 20 COMPRIMIDOS RECUBIERTOS
39007,nombre_comercial,ACETAMINOFEN 1000 mg COMPRIMIDOS,ACETAMINOFEN 1000 MG COMPRIMIDOS
39008,nombre_comercial,ACETAMINOFEN 120 mg / 5 mL JARABE,ACETAMINOFEN 120 MG / 5 ML JARABE
39009,nombre_comercial,ACETAMINOFEN 125 mg SUPOSITORIOS,ACETAMINOFEN 125 MG SUPOSITORIOS
39010,nombre_comercial,ACETAMINOFEN 650 mg X 10 TABLETAS,ACETAMINOFEN 650 MG X 10 TABLETAS
39011,nombre_comercial,ACETAMINOFEN 500 mg X 10 TABLETAS,ACETAMINOFEN 500 MG X 10 TABLETAS
39012,nombre_comercial,ACETAMINOFEN 500 mg X 30 TABLETAS,ACETAMINOFEN 500 MG X 30 TABLETAS
39013,nombre_comercial,ACETAMINOFEN 650 mg X 10 COMPRIMIDOS,ACETAMINOFEN 650 MG X 10 COMPRIMIDOS
39014,nombre_comercial,ACETAMINOFEN 120 mg / 5 mL X 10 SOLUCION ORAL,ACETAMINOFEN 120 MG / 5 ML X 10 SOLUCION ORAL
39017,nombre_comercial,ACIDO ACETIL SALICILICO 81 mg X 30 COMPRIMIDOS ENTERICOS,ACIDO ACETIL SALICILICO 81 MG X 30 COMPRIMIDOS ENTERICOS
39018,nombre_comercial,ACIDO FOLICO 10 mg X 20 TABLETAS,ACIDO FOLICO 10 MG X 20 TABLETAS
39019,nombre_comercial,ACIDO FOLICO 10 mg X 30 TABLETAS,ACIDO FOLICO 10 MG X 30 TABLETAS
39020,nombre_comercial,ACIDO FOLICO 10 mg / mL SOLUCION ORAL,ACIDO FOLICO 10 MG / ML SOLUCION ORAL
39021,nombre_comercial,ACIDO FOLICO 10 mg COMPRIMIDOS,ACIDO FOLICO 10 MG COMPRIMIDOS
39022,nombre_comercial,ACIDO FOLICO 5 mg X 30 TABLETAS,ACIDO FOLICO 5 MG X 30 TABLETAS
39023,nombre_comercial,ACIDO FOLICO 10 mg / mL SOLUCION ORAL,ACIDO FOLICO 10 MG / ML SOLUCION ORAL
39025,nombre_comercial,"AIREX 0,05% SOLUCION NASAL",AIREX 0.05 % SOLUCION NASAL
39026,nombre_comercial,"OLOCOF 0,02% SOLUCIÓN OFTÁLMICA ",OLOCOF 0.02 % SOLUCION OFTALMICA
39027,nombre_comercial,AIRON 5 mg X 10 TABLETAS MASTICABLES,AIRON 5 MG X 10 TABLETAS MASTICABLES
39028,nombre_comercial,AIRON 5 mg X 30 TABLETAS MASTICABLES,AIRON 5 MG X 30 TABLETAS MASTICABLES
39029,nombre_comercial,ALBENDAZOL 200 mg X 2 TABLETAS MASTICABLES SABOR A BANANA,ALBENDAZOL 200 MG X 2 TABLETAS MASTICABLES SABOR A BANANA
39030,nombre_comercial,ALBENDAZOL 200 mg X 6 TABLETAS MASTICABLES SABOR A BANANA,ALBENDAZOL 200 MG X 6 TABLETAS MASTICABLES SABOR A BANANA
39031,nombre_comercial,"SECNIDAZOL - ITRACONAZOL 166,66 mg - 33,33 mg X 12 CAPSULAS",SECNIDAZOL - ITRACONAZOL 166.66 MG - 33.33 MG X 12 CAPSULAS
39032,nombre_comercial,ALIPAL FORTE NOCHE 650 mg - 4 mg X 12 CAPSULAS,ALIPAL FORTE NOCHE 650 MG - 4 MG X 12 CAPSULAS
39033,nombre_comercial,ALIVETNOC 500 mg - 3 mg GRANULADO SABOR LIMON - MIEL,ALIVETNOC 500 MG - 3 MG GRANULADO SABOR LIMON - MIEL
39035,nombre_comercial,AMLODIPINA 10 mg X 20 TABLETAS,AMLODIPINA 10 MG X 20 TABLETAS
39036,nombre_comercial,AMLODIPINA 10 mg X 30 TABLETAS,AMLODIPINA 10 MG X 30 TABLETAS
39037,nombre_comercial,AMLODIPINO 10 mg X 20 COMPRIMIDOS,AMLODIPINO 10 MG X 20 COMPRIMIDOS
39038,nombre_comercial,AMLODIPINA - VALSARTAN 10 mg - 160 mg COMPRIMIDOS RECUBIERTOS,AMLODIPINA - VALSARTAN 10 MG - 160 MG COMPRIMIDOS RECUBIERTOS
39039,nombre_comercial,BISOPROLOL FUMARATO - AMLODIPINA 5 mg - 10 mg COMPRIMIDOS,BISOPROLOL FUMARATO - AMLODIPINA 5 MG - 10 MG COMPRIMIDOS
39040,nombre_comercial,AMLODIPINO 5 mg X 20 COMPRIMIDOS,AMLODIPINO 5 MG X 20 COMPRIMIDOS
39041,nombre_comercial,AMLODIPINA 5 mg X 30 TABLETAS,AMLODIPINA 5 MG X 30 TABLETAS
39042,nombre_comercial,AMOVIN 500 mg X 3 TABLETAS RECUBIERTAS,AMOVIN 500 MG X 3 TABLETAS RECUBIERTAS
39043,nombre_comercial,AMOVIN 500 mg X 6 TABLETAS RECUBIERTAS,AMOVIN 500 MG X 6 TABLETAS RECUBIERTAS
39044,nombre_comercial,AMOXICILINA 250 mg / 5 mL POLVO PARA SUSPENSION ORAL,AMOXICILINA 250 MG / 5 ML POLVO PARA SUSPENSION ORAL
39045,nombre_comercial,AMOXICILINA 500 mg X 12 CAPSULAS,AMOXICILINA 500 MG X 12 CAPSULAS
39046,nombre_comercial,AMOXICILINA 750 mg / 5 mL POLVO PARA SUSPENSION ORAL,AMOXICILINA 750 MG / 5 ML POLVO PARA SUSPENSION ORAL
39047,nombre_comercial,AMOXICILINA - ACIDO CLAVULANICO 400 mg - 57 mg / 5 mL  POLVO PARA SUSPENSION ORAL,AMOXICILINA - ACIDO CLAVULANICO 400 MG - 57 MG / 5 ML POLVO PARA SUSPENSION ORAL
39048,nombre_comercial,"AMOXIVALAC 250 mg - 62,5 mg / 5 mL POLVO PARA SUSPENSION ORAL",AMOXIVALAC 250 MG - 62.5 MG / 5 ML POLVO PARA SUSPENSION ORAL
39049,nombre_comercial,"AMOXIVALAC 600 mg – 42,9 mg / 5 mL POLVO PARA SUSPENSIÓN ORAL",AMOXIVALAC 600 MG – 42.9 MG / 5 ML POLVO PARA SUSPENSION ORAL
39050,nombre_comercial,"AMPROVIL 0,5 mg X 30 CAPSULAS.",AMPROVIL 0.5 MG X 30 CAPSULAS.
39051,nombre_comercial,"ANASMOL 2,5 mg COMPRIMIDOS",ANASMOL 2.5 MG COMPRIMIDOS
39052,nombre_comercial,ANGRIP FORTE DIA 650 mg - 2 mg - 20 mg COMPRIMIDOS RECUBIERTOS,ANGRIP FORTE DIA 650 MG - 2 MG - 20 MG COMPRIMIDOS RECUBIERTOS
39053,nombre_comercial,ANGRIP FORTE NOCHE 650 mg - 4 mg COMPRIMIDOS RECUBIERTOS,ANGRIP FORTE NOCHE 650 MG - 4 MG COMPRIMIDOS RECUBIERTOS
39054,nombre_comercial,"ANTAAR 2,5 mg X 30 TABLETAS RECUBIERTAS",ANTAAR 2.5 MG X 30 TABLETAS RECUBIERTAS
39055,nombre_comercial,"ANTAAR 2,5 mg X 10 TABLETAS RECUBIERTAS",ANTAAR 2.5 MG X 10 TABLETAS RECUBIERTAS
39056,nombre_comercial,ANTAAR 5 mg X 30 TABLETAS RECUBIERTAS,ANTAAR 5 MG X 30 TABLETAS RECUBIERTAS
39057,nombre_comercial,"ANTAAR HCT 2,5 mg - 6,25 mg X 30 TABLETAS",ANTAAR HCT 2.5 MG - 6.25 MG X 30 TABLETAS
39058,nombre_comercial,ANTIFOM 125 mg X 10 TABLETAS MASTICABLES,ANTIFOM 125 MG X 10 TABLETAS MASTICABLES
39059,nombre_comercial,ANTIFOM 80 mg / mL SUSPENSION ORAL,ANTIFOM 80 MG / ML SUSPENSION ORAL
39060,nombre_comercial,ANTILAX 2 mg X 10 TABLETAS,ANTILAX 2 MG X 10 TABLETAS
39061,nombre_comercial,APIRET 125 mg SUPOSITORIOS,APIRET 125 MG SUPOSITORIOS
39062,nombre_comercial,APIRET 180 mg / 5 mL  SOLUCION ORAL,APIRET 180 MG / 5 ML SOLUCION ORAL
39063,nombre_comercial,APIRET 250 mg SUPOSITORIOS,APIRET 250 MG SUPOSITORIOS
39064,nombre_comercial,APLACAL 750 mg TABLETAS MASTICABLES SABOR A FRAMBUESA X 10 TABLETAS,APLACAL 750 MG TABLETAS MASTICABLES SABOR A FRAMBUESA X 10 TABLETAS
39065,nombre_comercial,APLACAL 750 mg TABLETAS MASTICABLES SABOR A FRAMBUESA X 80 TABLETAS,APLACAL 750 MG TABLETAS MASTICABLES SABOR A FRAMBUESA X 80 TABLETAS
39066,nombre_comercial,APLACAL 750 mg X 10 TABLETAS MASTICABLES SABOR A MENTA,APLACAL 750 MG X 10 TABLETAS MASTICABLES SABOR A MENTA
39067,nombre_comercial,APLACAL 750 mg X 120 TABLETAS MASTICABLES SABOR A MENTA,APLACAL 750 MG X 120 TABLETAS MASTICABLES SABOR A MENTA
39068,nombre_comercial,APLACAL 750 mg X 80 TABLETAS MASTICABLES SABOR A MENTA,APLACAL 750 MG X 80 TABLETAS MASTICABLES SABOR A MENTA
39069,nombre_comercial,APLACAL 750 mg X 80 TABLETAS MASTICABLES SABOR A MANDARINA,APLACAL 750 MG X 80 TABLETAS MASTICABLES SABOR A MANDARINA
39070,nombre_comercial,ARANDA 5 mg - 50 mg X 10 CAPSULAS,ARANDA 5 MG - 50 MG X 10 CAPSULAS
39071,nombre_comercial,ARANDA 5 mg - 50 mg X 30 CAPSULAS,ARANDA 5 MG - 50 MG X 30 CAPSULAS
39072,nombre_comercial,ARBIXIL 15 mg - 10 mcg / 5 mL JARABE,ARBIXIL 15 MG - 10 MCG / 5 ML JARABE
39073,nombre_comercial,"ARBIXIL 7,5 mg - 5 mcg / 5 mL JARABE",ARBIXIL 7.5 MG - 5 MCG / 5 ML JARABE
39074,nombre_comercial,"ARBIXIL 7,5 mg - 5 mcg / mL SOLUCION ORAL",ARBIXIL 7.5 MG - 5 MCG / ML SOLUCION ORAL
39075,nombre_comercial,"ARESAN HCT 20 mg - 12,5 mg X 10 TABLETAS RECUBIERTAS",ARESAN HCT 20 MG - 12.5 MG X 10 TABLETAS RECUBIERTAS
39076,nombre_comercial,ARTRODAR 50 mg X 30 CAPSULAS,ARTRODAR 50 MG X 30 CAPSULAS
39077,nombre_comercial,"ASCAFYL SC 80 mg -  0,4 mg / mL SOLUCION ORAL",ASCAFYL SC 80 MG - 0.4 MG / ML SOLUCION ORAL
39078,nombre_comercial,ASPIXAN 81 mg X 100 TABLETAS CON RECUBRIMIENTO ENTERICO,ASPIXAN 81 MG X 100 TABLETAS CON RECUBRIMIENTO ENTERICO
39079,nombre_comercial,ASTRIMOL 5 mg X 30 TABLETAS RECUBIERTAS,ASTRIMOL 5 MG X 30 TABLETAS RECUBIERTAS
39080,nombre_comercial,ATAMEL 100 mg / mL SOLUCION ORAL,ATAMEL 100 MG / ML SOLUCION ORAL
39081,nombre_comercial,ATAMEL PLUS 500 mg - 32 mg X 10 TABLETAS,ATAMEL PLUS 500 MG - 32 MG X 10 TABLETAS
39082,nombre_comercial,ATENOLOL 100 mg COMPRIMIDOS,ATENOLOL 100 MG COMPRIMIDOS
39083,nombre_comercial,ATENOLOL 50 mg X 30 COMPRIMIDOS,ATENOLOL 50 MG X 30 COMPRIMIDOS
39084,nombre_comercial,ATORVASTATINA - EZETIMIBA 20 mg - 10 mg COMPRIMIDOS RECUBIERTOS,ATORVASTATINA - EZETIMIBA 20 MG - 10 MG COMPRIMIDOS RECUBIERTOS
39085,nombre_comercial,ATORVASTATINA 20 mg COMPRIMIDOS RECUBIERTOS,ATORVASTATINA 20 MG COMPRIMIDOS RECUBIERTOS
39086,nombre_comercial,ATORVASTATINA 40 mg COMPRIMIDOS RECUBIERTOS,ATORVASTATINA 40 MG COMPRIMIDOS RECUBIERTOS
39087,nombre_comercial,ATORVASTATINA 40 mg X 30 TABLETAS RECUBIERTAS,ATORVASTATINA 40 MG X 30 TABLETAS RECUBIERTAS
39088,nombre_comercial,ATROVERAN 10 mg X 10 TABLETAS RECUBIERTAS,ATROVERAN 10 MG X 10 TABLETAS RECUBIERTAS
39089,nombre_comercial,ATROVERAN FORTE 20mg TABLETAS RECUBIERTAS,ATROVERAN FORTE 20 MG TABLETAS RECUBIERTAS
39090,nombre_comercial,AZITROMICINA 500 mg COMPRIMIDOS RECUBIERTOS,AZITROMICINA 500 MG COMPRIMIDOS RECUBIERTOS
39091,nombre_comercial,"AZUTAN 0,15 % COLUTORIO",AZUTAN 0.15 % COLUTORIO
39092,nombre_comercial,BACITRACINA 500 UI / g UNGUENTO,BACITRACINA 500 UI / G UNGUENTO
39094,nombre_comercial,"BETADERM 0,05 % CREMA",BETADERM 0.05 % CREMA
39095,nombre_comercial,"BETADERM CON GENTAMICINA 0,1 % - 0,1 % X 1 CREMA",BETADERM CON GENTAMICINA 0.1 % - 0.1 % X 1 CREMA
39096,nombre_comercial,BETAMETASONA 4 mg / mL X 1 AMPOLLAS,BETAMETASONA 4 MG / ML X 1 AMPOLLA
39096,presentacion,X 1 AMPOLLAS,X 1 AMPOLLA
39097,nombre_comercial,BICARBONATO DE SODIO AL 5 % X 1 AMPOLLAS,BICARBONATO DE SODIO AL 5 % X 1 AMPOLLA
39097,presentacion,X 1 AMPOLLAS,X 1 AMPOLLA
39098,nombre_comercial,BIOCOR 20 mg X 30 TABLETAS RECUBIERTAS,BIOCOR 20 MG X 30 TABLETAS RECUBIERTAS
39099,nombre_comercial,OLMESARTAN MEDOXOMILO 40 mg X 30 TABLETAS RECUBIERTAS,OLMESARTAN MEDOXOMILO 40 MG X 30 TABLETAS RECUBIERTAS
39100,nombre_comercial,CARIBAN FORTE 20 mg - 20 mg X 20 COMPRIMIDOS RECUBIERTOS DE LIBERACION CONTROLADA,CARIBAN FORTE 20 MG - 20 MG X 20 COMPRIMIDOS RECUBIERTOS DE LIBERACION CONTROLADA
39101,nombre_comercial,BIOTALOL PE 10 mg - 5 mg COMPRIMIDOS RECUBIERTOS,BIOTALOL PE 10 MG - 5 MG COMPRIMIDOS RECUBIERTOS
39102,nombre_comercial,"BIOTALOL HCT 2,5 mg - 6,25 mg COMPRIMIDOS RECUBIERTOS",BIOTALOL HCT 2.5 MG - 6.25 MG COMPRIMIDOS RECUBIERTOS
39103,nombre_comercial,BIOTALOL PE 5 mg - 10 mg COMPRIMIDOS RECUBIERTOS ,BIOTALOL PE 5 MG - 10 MG COMPRIMIDOS RECUBIERTOS
39104,nombre_comercial,"BIPROLIL 2,5 mg COMPRIMIDOS RECUBIERTOS",BIPROLIL 2.5 MG COMPRIMIDOS RECUBIERTOS
39105,nombre_comercial,"BISOPROLOL FUMARATO 1,25 mg COMPRIMIDOS RECUBIERTOS",BISOPROLOL FUMARATO 1.25 MG COMPRIMIDOS RECUBIERTOS
39106,nombre_comercial,"BISOPROLOL FUMARATO 2,5 mg X 30 TABLETAS RECUBIERTAS",BISOPROLOL FUMARATO 2.5 MG X 30 TABLETAS RECUBIERTAS
39107,nombre_comercial,BISOPROLOL FUMARATO 5 mg COMPRIMIDOS RECUBIERTOS,BISOPROLOL FUMARATO 5 MG COMPRIMIDOS RECUBIERTOS
39108,nombre_comercial,"BISOPROLOL FUMARATO - HIDROCLOROTIAZIDA 10 mg - 6,25 mg COMPRIMIDOS RECUBIERTOS",BISOPROLOL FUMARATO - HIDROCLOROTIAZIDA 10 MG - 6.25 MG COMPRIMIDOS RECUBIERTOS
39109,nombre_comercial,"BISOPROLOL FUMARATO - HIDROCLOROTIZIDA 2,5 mg - 6,25 mg COMPRIMIDOS RECUBIERTOS",BISOPROLOL FUMARATO - HIDROCLOROTIZIDA 2.5 MG - 6.25 MG COMPRIMIDOS RECUBIERTOS
39110,nombre_comercial,"BISOPROLOL FUMARATO 2,5 mg COMPRIMIDOS RECUBIERTOS",BISOPROLOL FUMARATO 2.5 MG COMPRIMIDOS RECUBIERTOS
39111,nombre_comercial,"BISOPROLOL FUMARATO - HIDROCLOROTIAZIDA 5 mg - 6,25 mg COMPRIMIDOS RECUBIERTOS",BISOPROLOL FUMARATO - HIDROCLOROTIAZIDA 5 MG - 6.25 MG COMPRIMIDOS RECUBIERTOS
39112,nombre_comercial,BONAMES 150 mg X 1 TABLETAS RECUBIERTAS,BONAMES 150 MG X 1 TABLETA RECUBIERTA
39112,presentacion,X 1 TABLETAS RECUBIERTAS,X 1 TABLETA RECUBIERTA
39113,nombre_comercial,BRAL 500 mg / mL X 100 AMPOLLAS,BRAL 500 MG / ML X 100 AMPOLLAS
39114,nombre_comercial,BRAL 500 mg / mL X 20 AMPOLLAS,BRAL 500 MG / ML X 20 AMPOLLAS
39115,nombre_comercial,BRASARTAN 80 mg X 30 CAPSULAS,BRASARTAN 80 MG X 30 CAPSULAS
39116,nombre_comercial,"BRASARTAN CTDN 160 mg - 12,5 mg X 30 TABLETAS RECUBIERTAS",BRASARTAN CTDN 160 MG - 12.5 MG X 30 TABLETAS RECUBIERTAS
39117,nombre_comercial,BROLAT 5 mg - 30 mg / 5 mL X 10 SOLUCION ORAL,BROLAT 5 MG - 30 MG / 5 ML X 10 SOLUCION ORAL
39118,nombre_comercial,BROMHEXINA CLORHIDRATO 4 mg / 5 mL JARABE,BROMHEXINA CLORHIDRATO 4 MG / 5 ML JARABE
39119,nombre_comercial,CALCIO OSTELIN FORTE 300 mg - 200 UI / 5 mL X 30 SUSPENSION,CALCIO OSTELIN FORTE 300 MG - 200 UI / 5 ML X 30 SUSPENSION
39120,nombre_comercial,CAMPAL P 15 mg / mL SUSPENSIÓN ORAL,CAMPAL P 15 MG / ML SUSPENSION ORAL
39121,nombre_comercial,CANDESARTAN CILEXETILO 8 mg COMPRIMIDOS,CANDESARTAN CILEXETILO 8 MG COMPRIMIDOS
39122,nombre_comercial,CAPTOPRIL 25 mg X 30 TABLETAS,CAPTOPRIL 25 MG X 30 TABLETAS
39123,nombre_comercial,CAPTOPRIL 25 mg X 20 TABLETAS,CAPTOPRIL 25 MG X 20 TABLETAS
39124,nombre_comercial,CARBAMAZEPINA 200 mg COMPRIMIDOS RECUBIERTOS DE LIBERACION CONTROLADA,CARBAMAZEPINA 200 MG COMPRIMIDOS RECUBIERTOS DE LIBERACION CONTROLADA
39125,nombre_comercial,CARBETAL 16 mg X 30 TABLETAS,CARBETAL 16 MG X 30 TABLETAS
39126,nombre_comercial,CARBETAL 8 mg X 30 TABLETAS,CARBETAL 8 MG X 30 TABLETAS
39127,nombre_comercial,"CARICEL 2 mg - 0,02 mg COMPRIMIDOS RECUBIERTOS",CARICEL 2 MG - 0.02 MG COMPRIMIDOS RECUBIERTOS
39128,nombre_comercial,"CARVEDILOL 12,5 mg X 20 TABLETAS RECUBIERTAS",CARVEDILOL 12.5 MG X 20 TABLETAS RECUBIERTAS
39129,nombre_comercial,"CARVEDILOL 12,5 mg X 30 TABLETAS RECUBIERTAS",CARVEDILOL 12.5 MG X 30 TABLETAS RECUBIERTAS
39130,nombre_comercial,CARVEDILOL 25 mg X 20 TABLETAS RECUBIERTAS,CARVEDILOL 25 MG X 20 TABLETAS RECUBIERTAS
39131,nombre_comercial,"CARVEDILOL 6,25 mg COMPRIMIDOS",CARVEDILOL 6.25 MG COMPRIMIDOS
39132,nombre_comercial,"CARVEDILOL 6,25 mg COMPRIMIDOS",CARVEDILOL 6.25 MG COMPRIMIDOS
39133,nombre_comercial,CETERIX 10 mg COMPRIMIDOS,CETERIX 10 MG COMPRIMIDOS
39134,nombre_comercial,CETIRIZINA CLORHIDRATO 10 mg / mL SOLUCION ORAL GOTAS,CETIRIZINA CLORHIDRATO 10 MG / ML SOLUCION ORAL GOTAS
39135,nombre_comercial,CETIRIZINA 1 mg / mL SOLUCION ORAL,CETIRIZINA 1 MG / ML SOLUCION ORAL
39136,nombre_comercial,CLORHIDRATO DE MORFINA 10 mg / mL X 10 AMPOLLAS,CLORHIDRATO DE MORFINA 10 MG / ML X 10 AMPOLLAS
39137,nombre_comercial,CETRAL 5 mg / 5 mL SOLUCION ORAL,CETRAL 5 MG / 5 ML SOLUCION ORAL
39139,nombre_comercial,CIPROFLOXACINA 500 mg COMPRIMIDOS RECUBIERTOS,CIPROFLOXACINA 500 MG COMPRIMIDOS RECUBIERTOS
39140,nombre_comercial,CIPROFLOXACINA 500 mg COMPRIMIDOS RECUBIERTOS DE LIBERACION PROGRAMADA,CIPROFLOXACINA 500 MG COMPRIMIDOS RECUBIERTOS DE LIBERACION PROGRAMADA
39141,nombre_comercial,CIPROFLOXACINA 500 mg X 6 TABLETAS RECUBIERTAS,CIPROFLOXACINA 500 MG X 6 TABLETAS RECUBIERTAS
39142,nombre_comercial,CIPROFLOXACINA 750 mg COMPRIMIDOS RECUBIERTOS,CIPROFLOXACINA 750 MG COMPRIMIDOS RECUBIERTOS
39143,nombre_comercial,CLARITROMICINA 500 mg COMPRIMIDOS RECUBIERTOS,CLARITROMICINA 500 MG COMPRIMIDOS RECUBIERTOS
39144,nombre_comercial,CLINDAMICINA 300 mg X 16 CAPSULAS,CLINDAMICINA 300 MG X 16 CAPSULAS
39145,nombre_comercial,CLINDOX - D 12 mg / mL SOLUCION INYECTABLE PARA INFUSION INTRAVENOSA,CLINDOX - D 12 MG / ML SOLUCION INYECTABLE PARA INFUSION INTRAVENOSA
39146,nombre_comercial,GYNO CLOCIM 1% CREMA VAGINAL,GYNO CLOCIM 1 % CREMA VAGINAL
39147,nombre_comercial,CLOPIDOGREL 75 mg COMPRIMIDOS RECUBIERTOS,CLOPIDOGREL 75 MG COMPRIMIDOS RECUBIERTOS
39148,nombre_comercial,CLORACE 500 mg – 4 mg X 10 GRANULOS PARA SOLUCIÓN ORAL SABOR A LIMÓN,CLORACE 500 MG – 4 MG X 10 GRANULOS PARA SOLUCION ORAL SABOR A LIMON
39148,presentacion,X 10 GRANULOS PARA SOLUCIÓN ORAL SABOR A LIMÓN,X 10 GRANULOS PARA SOLUCION ORAL SABOR A LIMON
39149,nombre_comercial,CLORACE 500 mg – 4 mg X 20 GRANULOS PARA SOLUCIÓN ORAL SABOR A LIMÓN,CLORACE 500 MG – 4 MG X 20 GRANULOS PARA SOLUCION ORAL SABOR A LIMON
39149,presentacion,X 20 GRANULOS PARA SOLUCIÓN ORAL SABOR A LIMÓN,X 20 GRANULOS PARA SOLUCION ORAL SABOR A LIMON
39150,nombre_comercial,"CLORURO DE POTASIO 7,5 % SOLUCION HIPERTONICA X 1 AMPOLLAS",CLORURO DE POTASIO 7.5 % SOLUCION HIPERTONICA X 1 AMPOLLA
39150,presentacion,X 1 AMPOLLAS,X 1 AMPOLLA
39154,nombre_comercial,COFASUR 160 mg X 30 TABLETAS RECUBIERTAS,COFASUR 160 MG X 30 TABLETAS RECUBIERTAS
39155,nombre_comercial,"COFASUR PLUS 80 mg - 12,5 mg X 30 TABLETAS RECUBIERTAS",COFASUR PLUS 80 MG - 12.5 MG X 30 TABLETAS RECUBIERTAS
39156,nombre_comercial,COLVAL 4 mg / 2 mL X 2 AMPOLLAS,COLVAL 4 MG / 2 ML X 2 AMPOLLAS
39157,nombre_comercial,TIMOGLOBULINA (INMUNOGLOBULINA DE CONEJO ANTITIMOCITOS HUMANOS) 5 mg / mL X 3 AMPOLLAS,TIMOGLOBULINA (INMUNOGLOBULINA DE CONEJO ANTITIMOCITOS HUMANOS) 5 MG / ML X 3 AMPOLLAS
39159,nombre_comercial,TERAGRIPFORTE DIA 650 mg - 30 mg X 20 TABLETAS RECUBIERTAS,TERAGRIPFORTE DIA 650 MG - 30 MG X 20 TABLETAS RECUBIERTAS
39160,nombre_comercial,"CORENTEL H 10 mg - 6,25 mg COMPRIMIDOS RECUBIERTOS",CORENTEL H 10 MG - 6.25 MG COMPRIMIDOS RECUBIERTOS
39161,nombre_comercial,"CORENTEL H 5 mg - 6,25 mg COMPRIMIDOS RECUBIERTOS",CORENTEL H 5 MG - 6.25 MG COMPRIMIDOS RECUBIERTOS
39162,nombre_comercial,COROPRES 16 mg COMPRIMIDOS,COROPRES 16 MG COMPRIMIDOS
39163,nombre_comercial,"COROPRES HCT 32 mg - 12,5 mg COMPRIMIDOS",COROPRES HCT 32 MG - 12.5 MG COMPRIMIDOS
39164,nombre_comercial,"COVENTROL 12,5 mg COMPRIMIDOS",COVENTROL 12.5 MG COMPRIMIDOS
39165,nombre_comercial,CRISOMET 50 mg - 850 mg X 10 TABLETAS RECUBIERTAS,CRISOMET 50 MG - 850 MG X 10 TABLETAS RECUBIERTAS
39166,nombre_comercial,CRISOMET 50 mg - 850 mg X 30 TABLETAS RECUBIERTAS,CRISOMET 50 MG - 850 MG X 30 TABLETAS RECUBIERTAS
39167,nombre_comercial,"CURPINOL 12,5 mg COMPRIMIDOS",CURPINOL 12.5 MG COMPRIMIDOS
39168,nombre_comercial,CURPINOL 25 mg COMPRIMIDOS,CURPINOL 25 MG COMPRIMIDOS
39169,nombre_comercial,DOL FORTE 500 mg - 65 mg X 10 TABLETAS,DOL FORTE 500 MG - 65 MG X 10 TABLETAS
39170,nombre_comercial,DOL FORTE 500 mg - 65 mg X 4 TABLETAS,DOL FORTE 500 MG - 65 MG X 4 TABLETAS
39171,nombre_comercial,DAYZOL 600 mg - 4 mg COMPRIMIDOS RECUBIERTOS,DAYZOL 600 MG - 4 MG COMPRIMIDOS RECUBIERTOS
39172,nombre_comercial,DEFLAZACORT 6 mg COMPRIMIDOS,DEFLAZACORT 6 MG COMPRIMIDOS
39173,nombre_comercial,ZARCOT 6 mg X 10 TABLETAS,ZARCOT 6 MG X 10 TABLETAS
39174,nombre_comercial,"DERMAZOL 0,05 % UNGUENTO",DERMAZOL 0.05 % UNGUENTO
39175,nombre_comercial,"DERMAZOL 0,05 % CREMA",DERMAZOL 0.05 % CREMA
39176,nombre_comercial,"DESLORATADINA 0,5 mg / mL SOLUCION ORAL",DESLORATADINA 0.5 MG / ML SOLUCION ORAL
39177,nombre_comercial,"DESLORATADINA 2,5 mg / 5 mL JARABE",DESLORATADINA 2.5 MG / 5 ML JARABE
39178,nombre_comercial,"DESLORATADINA 2,5 mg / 5 mL SOLUCION ORAL",DESLORATADINA 2.5 MG / 5 ML SOLUCION ORAL
39179,nombre_comercial,DESLORATADINA - MONTELUKAST 5 mg - 10 mg COMPRIMIDOS RECUBIERTOS,DESLORATADINA - MONTELUKAST 5 MG - 10 MG COMPRIMIDOS RECUBIERTOS
39180,nombre_comercial,DESLORATADINA 5 mg X 10 TABLETAS RECUBIERTAS,DESLORATADINA 5 MG X 10 TABLETAS RECUBIERTAS
39181,nombre_comercial,DESLORATADINA 5 mg X 10 TABLETAS RECUBIERTAS,DESLORATADINA 5 MG X 10 TABLETAS RECUBIERTAS
39182,nombre_comercial,"DICLOFENAC DIETILAMINO 1,16 % GEL",DICLOFENAC DIETILAMINO 1.16 % GEL
39183,nombre_comercial,DICLOFENAC POTASICO 50 mg X 10 TABLETAS RECUBIERTAS,DICLOFENAC POTASICO 50 MG X 10 TABLETAS RECUBIERTAS
39184,nombre_comercial,DICLOFENAC POTASICO 50 mg X 30 TABLETAS RECUBIERTAS,DICLOFENAC POTASICO 50 MG X 30 TABLETAS RECUBIERTAS
39185,nombre_comercial,DICLOFENACO POTASICO 50 mg X 20 TABLETAS RECUBIERTAS,DICLOFENACO POTASICO 50 MG X 20 TABLETAS RECUBIERTAS
39186,nombre_comercial,DICLOFENAC POTASICO 50 mg COMPRIMIDOS RECUBIERTOS,DICLOFENAC POTASICO 50 MG COMPRIMIDOS RECUBIERTOS
39187,nombre_comercial,DICLOFENAC POTASICO 50 mg X 20 COMPRIMIDOS RECUBIERTOS,DICLOFENAC POTASICO 50 MG X 20 COMPRIMIDOS RECUBIERTOS
39188,nombre_comercial,DICLOFENACO SÓDICO 50 mg SUPOSITORIOS,DICLOFENACO SODICO 50 MG SUPOSITORIOS
39190,nombre_comercial,LERCANIDIPINO 10 mg X 10 COMPRIMIDOS RECUBIERTOS,LERCANIDIPINO 10 MG X 10 COMPRIMIDOS RECUBIERTOS
39191,nombre_comercial,DIKLASON 50 mg COMPRIMIDOS RECUBIERTOS,DIKLASON 50 MG COMPRIMIDOS RECUBIERTOS
39192,nombre_comercial,DIKLASON 75 mg / 3 mL X 1 AMPOLLAS,DIKLASON 75 MG / 3 ML X 1 AMPOLLA
39192,presentacion,X 1 AMPOLLAS,X 1 AMPOLLA
39193,nombre_comercial,"DIKLASON 1,16 % GEL",DIKLASON 1.16 % GEL
39194,nombre_comercial,"MATIGEL 0,5 % SOLUCION OFTALMICA",MATIGEL 0.5 % SOLUCION OFTALMICA
39196,nombre_comercial,DOMPERIDONA 10 mg COMPRIMIDOS,DOMPERIDONA 10 MG COMPRIMIDOS
39197,nombre_comercial,"DUOVENT 0,4 mg - 1 mg AEROSOL",DUOVENT 0.4 MG - 1 MG AEROSOL
39198,nombre_comercial,DURACAINA HIPERBARA 5 mg - 80 mg / mL X 1 AMPOLLAS,DURACAINA HIPERBARA 5 MG - 80 MG / ML X 1 AMPOLLA
39198,presentacion,X 1 AMPOLLAS,X 1 AMPOLLA
39199,nombre_comercial,ENALAPRIL MALEATO 20 mg COMPRIMIDOS RECUBIERTOS,ENALAPRIL MALEATO 20 MG COMPRIMIDOS RECUBIERTOS
39200,nombre_comercial,ENALAPRIL MALEATO 20 mg X 30 TABLETAS,ENALAPRIL MALEATO 20 MG X 30 TABLETAS
39201,nombre_comercial,"ERILON 0,1 % CREMA",ERILON 0.1 % CREMA
39202,nombre_comercial,ESOMEPRAZOL 40 mg X 16 CAPSULAS CON MICROGRANULOS DE LIBERACION ENTERICA.,ESOMEPRAZOL 40 MG X 16 CAPSULAS CON MICROGRANULOS DE LIBERACION ENTERICA.
39203,nombre_comercial,DESLORATADINA 5 mg COMPRIMIDOS RECUBIERTOS,DESLORATADINA 5 MG COMPRIMIDOS RECUBIERTOS
39204,nombre_comercial,EUKENE 20 mg COMPRIMIDOS RECUBIERTOS,EUKENE 20 MG COMPRIMIDOS RECUBIERTOS
39205,nombre_comercial,EUSILEN 4 mg / 2 mL X 1 AMPOLLAS,EUSILEN 4 MG / 2 ML X 1 AMPOLLA
39205,presentacion,X 1 AMPOLLAS,X 1 AMPOLLA
39206,nombre_comercial,EUSILEN 4 mg / 2 mL X 2 AMPOLLAS,EUSILEN 4 MG / 2 ML X 2 AMPOLLAS
39207,nombre_comercial,EVABOLIN 10 mg X 30 TABLETAS RECUBIERTAS,EVABOLIN 10 MG X 30 TABLETAS RECUBIERTAS
39208,nombre_comercial,FAMOTIDINA 40 mg X 10 COMPRIMIDOS,FAMOTIDINA 40 MG X 10 COMPRIMIDOS
39209,nombre_comercial,HEXANT 15mg/ 5mL SOLUCION ORAL SABOR A FRESA,HEXANT 15 MG / 5 ML SOLUCION ORAL SABOR A FRESA
39210,nombre_comercial,FARMAD 200UI/gota X 30 SOLUCION ORAL,FARMAD 200 UI / GOTA X 30 SOLUCION ORAL
39211,nombre_comercial,FARMAD 200UI/gota X 10 SOLUCION ORAL,FARMAD 200 UI / GOTA X 10 SOLUCION ORAL
39213,nombre_comercial,FEBRATIC 10 mg / 5 mL SUSPENSION ORAL,FEBRATIC 10 MG / 5 ML SUSPENSION ORAL
39215,nombre_comercial,FEMIZOL 750 mg - 200 mg OVULOS.,FEMIZOL 750 MG - 200 MG OVULOS.
39216,nombre_comercial,FERGANIC FOLIC 40 mg - 350 mcg X 24 TABLETAS MASTICABLES,FERGANIC FOLIC 40 MG - 350 MCG X 24 TABLETAS MASTICABLES
39217,nombre_comercial,FERGANIC FOLIC 40 mg - 350 mcg X 14 TABLETAS MASTICABLES,FERGANIC FOLIC 40 MG - 350 MCG X 14 TABLETAS MASTICABLES
39218,nombre_comercial,FERGANIC FOLIC 40 mg - 350 mcg X 30 TABLETAS MASTICABLES,FERGANIC FOLIC 40 MG - 350 MCG X 30 TABLETAS MASTICABLES
39219,nombre_comercial,FERGANIC FOLIC 40 mg - 350 mcg X 20 TABLETAS MASTICABLES,FERGANIC FOLIC 40 MG - 350 MCG X 20 TABLETAS MASTICABLES
39220,nombre_comercial,FLENOX 30 mg / 5 mL SOLUCION ORAL,FLENOX 30 MG / 5 ML SOLUCION ORAL
39222,nombre_comercial,"FLOMED 0,15 % - 0,25 % SOLUCION TOPICA BUCAL",FLOMED 0.15 % - 0.25 % SOLUCION TOPICA BUCAL
39223,nombre_comercial,FLUCONAZOL 150 mg X 2 CAPSULAS,FLUCONAZOL 150 MG X 2 CAPSULAS
39225,nombre_comercial,"FURFURIL 0,2 %  APOSITO SOLUBLE",FURFURIL 0.2 % APOSITO SOLUBLE
39226,nombre_comercial,GABAPENTINA 300 mg X 20 CAPSULAS,GABAPENTINA 300 MG X 20 CAPSULAS
39227,nombre_comercial,GABAPENTINA 400 mg X 20 CAPSULAS,GABAPENTINA 400 MG X 20 CAPSULAS
39228,nombre_comercial,GEMKAST 10 mg X 30 TABLETAS RECUBIERTAS,GEMKAST 10 MG X 30 TABLETAS RECUBIERTAS
39229,nombre_comercial,GEMKAST 4 mg X 10 TABLETAS MASTICABLES,GEMKAST 4 MG X 10 TABLETAS MASTICABLES
39230,nombre_comercial,GEMKAST 4 mg X 30 TABLETAS MASTICABLES,GEMKAST 4 MG X 30 TABLETAS MASTICABLES
39231,nombre_comercial,GEMKAST 5 mg X 30 TABLETAS MASTICABLES,GEMKAST 5 MG X 30 TABLETAS MASTICABLES
39232,nombre_comercial,GEMKAST 5 mg X 10 TABLETAS MASTICABLES,GEMKAST 5 MG X 10 TABLETAS MASTICABLES
39233,nombre_comercial,"GENCICOF 0,15 % - 0,15 % SOLUCION TOPICA BUCAL",GENCICOF 0.15 % - 0.15 % SOLUCION TOPICA BUCAL
39234,nombre_comercial,"GLICILAX 1,72 g SUPOSITORIOS",GLICILAX 1.72 G SUPOSITORIOS
39235,nombre_comercial,"GLICILAX 0,86 g SUPOSITORIOS",GLICILAX 0.86 G SUPOSITORIOS
39236,nombre_comercial,"GLICERINA 1,68 g SUPOSITORIOS",GLICERINA 1.68 G SUPOSITORIOS
39237,nombre_comercial,"GLICERINA 2,88 g SUPOSITORIOS",GLICERINA 2.88 G SUPOSITORIOS
39239,nombre_comercial,GLUTAPTIN MET 50 mg - 500 mg X 30 TABLETAS RECUBIERTAS,GLUTAPTIN MET 50 MG - 500 MG X 30 TABLETAS RECUBIERTAS
39240,nombre_comercial,GLYMAR 4 mg X 20 TABLETAS,GLYMAR 4 MG X 20 TABLETAS
39241,nombre_comercial,GULAPER 100 MG / 5 ML SOLUCION ORAL SABOR CHICLE ,GULAPER 100 MG / 5 ML SOLUCION ORAL SABOR CHICLE
39243,nombre_comercial,HEXANTFLEM 100 mg - 5 mL SOLUCIÓN ORAL,HEXANTFLEM 100 MG - 5 ML SOLUCION ORAL
39244,nombre_comercial,"HEXOMEDINE 1 mg - 0,5 mg / mL COLUTORIO AEROSOL",HEXOMEDINE 1 MG - 0.5 MG / ML COLUTORIO AEROSOL
39245,nombre_comercial,"HIDROCLOROTIAZIDA 12,5 mg COMPRIMIDOS",HIDROCLOROTIAZIDA 12.5 MG COMPRIMIDOS
39246,nombre_comercial,"HIDROCLOROTIAZIDA 12,5 mg COMPRIMIDOS",HIDROCLOROTIAZIDA 12.5 MG COMPRIMIDOS
39247,nombre_comercial,HIDROCLOROTIAZIDA 25 mg COMPRIMIDOS,HIDROCLOROTIAZIDA 25 MG COMPRIMIDOS
39248,nombre_comercial,IBUPROFENO 400 mg-TIOCOLCHICOSIDO 4 mg COMPRIMIDOS,IBUPROFENO 400 MG-TIOCOLCHICOSIDO 4 MG COMPRIMIDOS
39249,nombre_comercial,IBUPROFENO 100 mg / 5 mL SUSPENSION ORAL,IBUPROFENO 100 MG / 5 ML SUSPENSION ORAL
39250,nombre_comercial,IBUPROFENO 400 mg COMPRIMIDOS RECUBIERTOS,IBUPROFENO 400 MG COMPRIMIDOS RECUBIERTOS
39251,nombre_comercial,IBUPROFENO 400 mg X 10 TABLETAS RECUBIERTAS,IBUPROFENO 400 MG X 10 TABLETAS RECUBIERTAS
39252,nombre_comercial,IBUPROFENO 100 mg / 5 mL SUSPENSION ORAL,IBUPROFENO 100 MG / 5 ML SUSPENSION ORAL
39253,nombre_comercial,IBUPROFENO - TIOCOLCHICOSIDO 600 mg - 4 mg COMPRIMIDOS RECUBIERTOS,IBUPROFENO - TIOCOLCHICOSIDO 600 MG - 4 MG COMPRIMIDOS RECUBIERTOS
39254,nombre_comercial,IBUCAF 200 mg - 30 mg X 10 TABLETAS,IBUCAF 200 MG - 30 MG X 10 TABLETAS
39255,nombre_comercial,IMAZOL DUAL 100 mg CAPSULAS BLANDAS VAGINALES - 1 % X 6 CREMA VAGINAL,IMAZOL DUAL 100 MG CAPSULAS BLANDAS VAGINALES - 1 % X 6 CREMA VAGINAL
39257,nombre_comercial,IRBESARTAN 150 mg X 28 TABLETAS,IRBESARTAN 150 MG X 28 TABLETAS
39258,nombre_comercial,IRBESARTAN 300 mg COMPRIMIDOS,IRBESARTAN 300 MG COMPRIMIDOS
39259,nombre_comercial,"IRBETIAZID 300 mg - 12,5 mg X 28 TABLETAS",IRBETIAZID 300 MG - 12.5 MG X 28 TABLETAS
39260,nombre_comercial,IRGEM 150 mg X 30 TABLETAS,IRGEM 150 MG X 30 TABLETAS
39261,nombre_comercial,IRGEM 300 mg X 10 TABLETAS,IRGEM 300 MG X 10 TABLETAS
39262,nombre_comercial,IRGEM 300 mg X 30 TABLETAS,IRGEM 300 MG X 30 TABLETAS
39263,nombre_comercial,"IRGEM PLUS 300 mg - 12,5 mg X 30 TABLETAS",IRGEM PLUS 300 MG - 12.5 MG X 30 TABLETAS
39264,nombre_comercial,"ISOSPRAY PLUS 0,15 % - 0,25 % SOLUCION",ISOSPRAY PLUS 0.15 % - 0.25 % SOLUCION
39266,nombre_comercial,IZABAN DPP 10 mg - 5 mg COMPRIMIDOS RECUBIERTOS,IZABAN DPP 10 MG - 5 MG COMPRIMIDOS RECUBIERTOS
39267,nombre_comercial,KETOPROFENO 100 mg / 2 mL X 10 AMPOLLAS,KETOPROFENO 100 MG / 2 ML X 10 AMPOLLAS
39268,nombre_comercial,KETOPROFENO 100 mg / 2 mL X 20 AMPOLLAS,KETOPROFENO 100 MG / 2 ML X 20 AMPOLLAS
39269,nombre_comercial,KETOPROFENO 100 mg COMPRIMIDOS ENTERICOS,KETOPROFENO 100 MG COMPRIMIDOS ENTERICOS
39270,nombre_comercial,KETOPROFENO 100 mg / 2 mL X 10 AMPOLLAS,KETOPROFENO 100 MG / 2 ML X 10 AMPOLLAS
39271,nombre_comercial,KETOPROFENO 100 mg / 2 mL X 1 AMPOLLAS,KETOPROFENO 100 MG / 2 ML X 1 AMPOLLA
39271,presentacion,X 1 AMPOLLAS,X 1 AMPOLLA
39272,nombre_comercial,KETOROLAC 10 mg COMPRIMIDOS,KETOROLAC 10 MG COMPRIMIDOS
39273,nombre_comercial,KLINCOSAL 262 mg - 100 mg X 30 TABLETAS MASTICABLES SABOR A UVA,KLINCOSAL 262 MG - 100 MG X 30 TABLETAS MASTICABLES SABOR A UVA
39274,nombre_comercial,KLINCOSAL 262 mg - 500 mg / 15 mL SUSPENSION ORAL SABOR A FRESA,KLINCOSAL 262 MG - 500 MG / 15 ML SUSPENSION ORAL SABOR A FRESA
39275,nombre_comercial,KLINCOSAL 262 mg - 500 mg / 15 mL SUSPENSION ORAL SABOR A UVA,KLINCOSAL 262 MG - 500 MG / 15 ML SUSPENSION ORAL SABOR A UVA
39276,nombre_comercial,LAGEMIN 25 mg X 30 TABLETAS DISPERSABLES,LAGEMIN 25 MG X 30 TABLETAS DISPERSABLES
39277,nombre_comercial,LAGEMIN 50 mg X 30 TABLETAS DISPERSABLES,LAGEMIN 50 MG X 30 TABLETAS DISPERSABLES
39278,nombre_comercial,LAGEMIN 50 mg X 10 TABLETAS DISPERSABLES,LAGEMIN 50 MG X 10 TABLETAS DISPERSABLES
39279,nombre_comercial,LAGEMIN 100 mg X 10 TABLETAS DISPERSABLES,LAGEMIN 100 MG X 10 TABLETAS DISPERSABLES
39280,nombre_comercial,LAGEMIN 100 mg X 30 TABLETAS DISPERSABLES,LAGEMIN 100 MG X 30 TABLETAS DISPERSABLES
39282,nombre_comercial,LASIX 20 mg COMPRIMIDOS,LASIX 20 MG COMPRIMIDOS
39283,nombre_comercial,LECART 1 g / 10 mL SOLUCION ORAL,LECART 1 G / 10 ML SOLUCION ORAL
39284,nombre_comercial,LETISAN 500 mg X 10 TABLETAS MASTICABLES SABOR UVA,LETISAN 500 MG X 10 TABLETAS MASTICABLES SABOR UVA
39285,nombre_comercial,LEVOTEC 5 mg / mL SOLUCION INYECTABLE PARA INFUSION INTRAVENOSA,LEVOTEC 5 MG / ML SOLUCION INYECTABLE PARA INFUSION INTRAVENOSA
39286,nombre_comercial,LOBEDRIN 6 mg / mL SOLUCION ORAL,LOBEDRIN 6 MG / ML SOLUCION ORAL
39287,nombre_comercial,LORATADINA 10 mg COMPRIMIDOS,LORATADINA 10 MG COMPRIMIDOS
39288,nombre_comercial,Loratadina 1mg/mL Solucion Oral,LORATADINA 1 MG / ML SOLUCION ORAL
39289,nombre_comercial,LOSARTAN POTASICO 50 mg X 14 TABLETAS RECUBIERTAS,LOSARTAN POTASICO 50 MG X 14 TABLETAS RECUBIERTAS
39290,nombre_comercial,LOSARTAN POTASICO 100 mg X 10 TABLETAS RECUBIERTAS,LOSARTAN POTASICO 100 MG X 10 TABLETAS RECUBIERTAS
39291,nombre_comercial,LOSARTAN POTASICO 100 mg COMPRIMIDOS RECUBIERTOS,LOSARTAN POTASICO 100 MG COMPRIMIDOS RECUBIERTOS
39292,nombre_comercial,MACRODANTINA 100 mg X 30 CAPSULAS,MACRODANTINA 100 MG X 30 CAPSULAS
39293,nombre_comercial,"ROWELUK PLUS 5 mg - 2,5 mg X 10 COMPRIMIDOS MASTICABLES",ROWELUK PLUS 5 MG - 2.5 MG X 10 COMPRIMIDOS MASTICABLES
39294,nombre_comercial,MAXOTEN 50 mg COMPRIMIDOS RECUBIERTOS,MAXOTEN 50 MG COMPRIMIDOS RECUBIERTOS
39295,nombre_comercial,"MELOXICAM 7,5 mg X 10 TABLETAS",MELOXICAM 7.5 MG X 10 TABLETAS
39296,nombre_comercial,MELOXICAM 15 mg COMPRIMIDOS,MELOXICAM 15 MG COMPRIMIDOS
39297,nombre_comercial,METFORMINA CLORHIDRATO 1000 mg COMPRIMIDOS,METFORMINA CLORHIDRATO 1000 MG COMPRIMIDOS
39298,nombre_comercial,METFORMINA CLORHIDRATO 500 mg COMPRIMIDOS,METFORMINA CLORHIDRATO 500 MG COMPRIMIDOS
39299,nombre_comercial,METFORMINA CLORHIDRATO 850 mg COMPRIMIDOS,METFORMINA CLORHIDRATO 850 MG COMPRIMIDOS
39300,nombre_comercial,METFORMINA CLORHIDRATO 500 mg X 30 TABLETAS,METFORMINA CLORHIDRATO 500 MG X 30 TABLETAS
39301,nombre_comercial,METRONIDAZOL 500 mg COMPRIMIDOS,METRONIDAZOL 500 MG COMPRIMIDOS
39302,nombre_comercial,SECNIDAZOL 500 mg X 10 TABLETAS,SECNIDAZOL 500 MG X 10 TABLETAS
39303,nombre_comercial,MIDOL 500 mg X 10 TABLETAS,MIDOL 500 MG X 10 TABLETAS
39304,nombre_comercial,MIDOL FORTE 650 mg X 10 TABLETAS,MIDOL FORTE 650 MG X 10 TABLETAS
39305,nombre_comercial,MIGRADORIXINA 125 mg - 1 mg COMPRIMIDOS RECUBIERTOS,MIGRADORIXINA 125 MG - 1 MG COMPRIMIDOS RECUBIERTOS
39306,nombre_comercial,MISELLIM 10 mg COMPRIMIDOS RECUBIERTOS,MISELLIM 10 MG COMPRIMIDOS RECUBIERTOS
39307,nombre_comercial,"MODERAN 10,1 g / 15 mL SOLUCION ORAL",MODERAN 10.1 G / 15 ML SOLUCION ORAL
39308,nombre_comercial,MONTELUKAST 10 mg COMPRIMIDOS RECUBIERTOS,MONTELUKAST 10 MG COMPRIMIDOS RECUBIERTOS
39309,nombre_comercial,MONTELUKAST 10 mg X 10 TABLETAS RECUBIERTAS,MONTELUKAST 10 MG X 10 TABLETAS RECUBIERTAS
39310,nombre_comercial,MONTELUKAST 5 mg X 30 TABLETAS MASTICABLES,MONTELUKAST 5 MG X 30 TABLETAS MASTICABLES
39311,nombre_comercial,OTOCORT 1 mg - 5 mg - 5000 UI / mL SUSPENSIÓN ÓTICA,OTOCORT 1 MG - 5 MG - 5000 UI / ML SUSPENSION OTICA
39312,nombre_comercial,"DYFRIN 5 % - 0,5 % SOLUCION OFTALMICA",DYFRIN 5 % - 0.5 % SOLUCION OFTALMICA
39313,nombre_comercial,"NAFAZOLINA CLORHIDRATO 0,12 mg / mL SOLUCION OFTALMICA",NAFAZOLINA CLORHIDRATO 0.12 MG / ML SOLUCION OFTALMICA
39314,nombre_comercial,NAPROXENO SODICO 275 mg COMPRIMIDOS RECUBIERTOS,NAPROXENO SODICO 275 MG COMPRIMIDOS RECUBIERTOS
39315,nombre_comercial,NEBLUM 50 mg X 30 TABLETAS RECUBIERTAS,NEBLUM 50 MG X 30 TABLETAS RECUBIERTAS
39316,nombre_comercial,"NEFROTAL H 100 mg - 12,5 mg COMPRIMIDOS RECUBIERTOS",NEFROTAL H 100 MG - 12.5 MG COMPRIMIDOS RECUBIERTOS
39317,nombre_comercial,NEULEVAL 500 mg/100 mL X 10 AMPOLLAS,NEULEVAL 500 MG / 100 ML X 10 AMPOLLAS
39319,nombre_comercial,NONAFOL 10 mg / mL X 10 SOLUCION ORAL,NONAFOL 10 MG / ML X 10 SOLUCION ORAL
39320,nombre_comercial,NOVACODIN 50 mg / 5 mL SOLUCION ORAL,NOVACODIN 50 MG / 5 ML SOLUCION ORAL
39321,nombre_comercial,"NOXPIRIN 125 mg - 0,5 mg / 5 mL SOLUCION ORAL",NOXPIRIN 125 MG - 0.5 MG / 5 ML SOLUCION ORAL
39322,nombre_comercial,"NOXPIRIN 325 mg - 1,25 mg / 5 mL SOLUCION ORAL",NOXPIRIN 325 MG - 1.25 MG / 5 ML SOLUCION ORAL
39323,nombre_comercial,"OLMESARTAN MEDOXOMIL - HIDROCLOROTIAZIDA 40 mg - 12,5 mg COMPRIMIDOS RECUBIERTOS",OLMESARTAN MEDOXOMIL - HIDROCLOROTIAZIDA 40 MG - 12.5 MG COMPRIMIDOS RECUBIERTOS
39324,nombre_comercial,OLMESARTAN MEDOXOMIL 20 mg COMPRIMIDOS RECUBIERTOS,OLMESARTAN MEDOXOMIL 20 MG COMPRIMIDOS RECUBIERTOS
39325,nombre_comercial,OLMESARTAN MEDOXOMILO 20 mg X 30 TABLETAS RECUBIERTAS,OLMESARTAN MEDOXOMILO 20 MG X 30 TABLETAS RECUBIERTAS
39326,nombre_comercial,OMEPRAZOL 40 mg X 7 CAPSULAS GASTRORRESISTENTES,OMEPRAZOL 40 MG X 7 CAPSULAS GASTRORRESISTENTES
39327,nombre_comercial,OMEPRAZOL 40 mg X 30 CAPSULAS GASTRORRESISTENTES,OMEPRAZOL 40 MG X 30 CAPSULAS GASTRORRESISTENTES
39328,nombre_comercial,OMEPRAZOL 20 mg X 28 CAPSULAS,OMEPRAZOL 20 MG X 28 CAPSULAS
39329,nombre_comercial,OMEPRAZOL 20 mg X 30 CAPSULAS,OMEPRAZOL 20 MG X 30 CAPSULAS
39330,nombre_comercial,OMEPRAZOL 20 mg X 7 CAPSULAS,OMEPRAZOL 20 MG X 7 CAPSULAS
39332,nombre_comercial,OROFENO 150 mg COMPRIMIDOS DE LIBERACION CONTROLADA,OROFENO 150 MG COMPRIMIDOS DE LIBERACION CONTROLADA
39333,nombre_comercial,"OTAN 0,1 % - 4,0 % SOLUCION OTICA",OTAN 0.1 % - 4.0 % SOLUCION OTICA
39334,nombre_comercial,OXOLAMINA 28 mg / 5mL JARABE,OXOLAMINA 28 MG / 5 ML JARABE
39335,nombre_comercial,OXOLAMINA 50 mg / 5 mL JARABE,OXOLAMINA 50 MG / 5 ML JARABE
39336,nombre_comercial,OXOLAMINA CITRATO 50 mg / 5 mL JARABE,OXOLAMINA CITRATO 50 MG / 5 ML JARABE
39338,nombre_comercial,PEGYT 50 mg X 30 CAPSULAS,PEGYT 50 MG X 30 CAPSULAS
39339,nombre_comercial,OXOLAMINA 50 mg / 5 mL JARABE,OXOLAMINA 50 MG / 5 ML JARABE
39342,nombre_comercial,PREDNISONA 5 mg COMPRIMIDOS,PREDNISONA 5 MG COMPRIMIDOS
39344,nombre_comercial,CARNITENE 1 g / 10 mL SOLUCION ORAL,CARNITENE 1 G / 10 ML SOLUCION ORAL
39345,nombre_comercial,QUETIAPINA 100 mg COMPRIMIDOS RECUBIERTOS,QUETIAPINA 100 MG COMPRIMIDOS RECUBIERTOS
39346,nombre_comercial,QUETIAPINA 25 mg COMPRIMIDOS RECUBIERTOS,QUETIAPINA 25 MG COMPRIMIDOS RECUBIERTOS
39347,nombre_comercial,QUETIAPINA 100 mg COMPRIMIDOS,QUETIAPINA 100 MG COMPRIMIDOS
39348,nombre_comercial,QUETIAPINA 25 mg COMPRIMIDOS,QUETIAPINA 25 MG COMPRIMIDOS
39349,nombre_comercial,"RAMIPRES HCT 2,5 mg - 12,5 mg COMPRIMIDOS",RAMIPRES HCT 2.5 MG - 12.5 MG COMPRIMIDOS
39350,nombre_comercial,"REFLUXYL 0,400 g - 0,375 g / 15 mL SUSPENSION ORAL",REFLUXYL 0.400 G - 0.375 G / 15 ML SUSPENSION ORAL
39351,nombre_comercial,REGULIP 10 mg X 30 TABLETAS,REGULIP 10 MG X 30 TABLETAS
39352,nombre_comercial,REHIDROSOL 45 mEq/L SOLUCION ELECTROLITICA USO ORAL SABOR A FRAMBUESA,REHIDROSOL 45 MEQ / L SOLUCION ELECTROLITICA USO ORAL SABOR A FRAMBUESA
39353,nombre_comercial,REHIDROSOL 45 mEq / L SOLUCION ELECTROLITICA USO ORAL SABOR A UVA,REHIDROSOL 45 MEQ / L SOLUCION ELECTROLITICA USO ORAL SABOR A UVA
39354,nombre_comercial,REHIDROSOL 60 mEq / L SOLUCION ELECTROLITICA USO ORAL SABOR A MANZANA,REHIDROSOL 60 MEQ / L SOLUCION ELECTROLITICA USO ORAL SABOR A MANZANA
39355,nombre_comercial,RINARIS 5 mg - 60 mg X 10 TABLETAS RECUBIERTAS,RINARIS 5 MG - 60 MG X 10 TABLETAS RECUBIERTAS
39357,nombre_comercial,RINOLAST D 30 mg - 30 mg / 5 mL SUSPENSION ORAL,RINOLAST D 30 MG - 30 MG / 5 ML SUSPENSION ORAL
39358,nombre_comercial,SIMVASTATINA 20 mg COMPRIMIDOS RECUBIERTOS,SIMVASTATINA 20 MG COMPRIMIDOS RECUBIERTOS
39359,nombre_comercial,"SALBUROL 0,5 % SOLUCION PARA INHALACION",SALBUROL 0.5 % SOLUCION PARA INHALACION
39360,nombre_comercial,"SALBUTAMOL 0,5 % SOLUCION PARA INHALAR",SALBUTAMOL 0.5 % SOLUCION PARA INHALAR
39361,nombre_comercial,SERTRALINA 100 mg COMPRIMIDOS,SERTRALINA 100 MG COMPRIMIDOS
39362,nombre_comercial,SERTRALINA 50 mg COMPRIMIDOS,SERTRALINA 50 MG COMPRIMIDOS
39363,nombre_comercial,SILDENAFIL 50 mg X 2 TABLETAS RECUBIERTAS,SILDENAFIL 50 MG X 2 TABLETAS RECUBIERTAS
39364,nombre_comercial,SILDENAFIL 50 mg X 4 TABLETAS RECUBIERTAS,SILDENAFIL 50 MG X 4 TABLETAS RECUBIERTAS
39365,nombre_comercial,SITALUX 100 mg X 30 tabletas recubiertas,SITALUX 100 MG X 30 TABLETAS RECUBIERTAS
39365,presentacion,X 30 tabletas recubiertas,X 30 TABLETAS RECUBIERTAS
39366,nombre_comercial,SITAGLIS MET 50 mg - 850 mg COMPRIMIDOS RECUBIERTOS,SITAGLIS MET 50 MG - 850 MG COMPRIMIDOS RECUBIERTOS
39367,nombre_comercial,DEXTROSA AL 5% EN SOLUCION FISIOLOGICA ISOTONICA DE CLORURO DE SODIO I,DEXTROSA AL 5 % EN SOLUCION FISIOLOGICA ISOTONICA DE CLORURO DE SODIO I
39368,nombre_comercial,STAMYLFORTE 300 mg - 100 mg X 20 TABLETAS RECUBIERTAS,STAMYLFORTE 300 MG - 100 MG X 20 TABLETAS RECUBIERTAS
39369,nombre_comercial,SUEROLITO ZINC 75 mEq/L SOLUCION ELECTROLITICA USO ORAL SABOR A CHICLE ,SUEROLITO ZINC 75 MEQ / L SOLUCION ELECTROLITICA USO ORAL SABOR A CHICLE
39370,nombre_comercial,SUEROLITO ZINC 75 mEqL/L SOLUCION ELECTROLITICA USO ORAL SABOR A COCO,SUEROLITO ZINC 75 MEQL / L SOLUCION ELECTROLITICA USO ORAL SABOR A COCO
39371,nombre_comercial,SUEROLITO ZINC 75 mEQ/L SOLUCIÓN ELECTROLÍTICA USO ORAL SABOR A FRESA,SUEROLITO ZINC 75 MEQ / L SOLUCION ELECTROLITICA USO ORAL SABOR A FRESA
39372,nombre_comercial,SUEROLITO ZINC 75 mEq/L SOLUCION ELECTROLITICA USO ORAL SABOR A MANDARINA,SUEROLITO ZINC 75 MEQ / L SOLUCION ELECTROLITICA USO ORAL SABOR A MANDARINA
39373,nombre_comercial,SUEROLITO ZINC 75 mEq/L SOLUCIÓN ELECTROLÍTICA  USO ORAL SABOR A UVA,SUEROLITO ZINC 75 MEQ / L SOLUCION ELECTROLITICA USO ORAL SABOR A UVA
39374,nombre_comercial,SUEROLITO ZINC 75 mEq/L SOLUCION ELECTROLITICA USO ORAL SABOR A MANZANA,SUEROLITO ZINC 75 MEQ / L SOLUCION ELECTROLITICA USO ORAL SABOR A MANZANA
39375,nombre_comercial,SULTAMICILINA 250 mg / 5 mL POLVO PARA SUSPENSION ORAL,SULTAMICILINA 250 MG / 5 ML POLVO PARA SUSPENSION ORAL
39376,nombre_comercial,SULTAMICILINA 750 mg COMPRIMIDOS RECUBIERTOS,SULTAMICILINA 750 MG COMPRIMIDOS RECUBIERTOS
39378,nombre_comercial,TACHIPIRIN 100 mg / mL SOLUCION ORAL,TACHIPIRIN 100 MG / ML SOLUCION ORAL
39379,nombre_comercial,ACETAMINOFEN 250 mg SUPOSITORIOS,ACETAMINOFEN 250 MG SUPOSITORIOS
39380,nombre_comercial,TACHIPIRIN 500 mg X 20 TABLETAS,TACHIPIRIN 500 MG X 20 TABLETAS
39381,nombre_comercial,TACHIPIRIN FORTE 160 mg / 5 mL SUSPENSION ORAL,TACHIPIRIN FORTE 160 MG / 5 ML SUSPENSION ORAL
39382,nombre_comercial,TADALAFILO 5 mg COMPRIMIDOS RECUBIERTOS,TADALAFILO 5 MG COMPRIMIDOS RECUBIERTOS
39383,nombre_comercial,TAMOA 250 mg COMPRIMIDOS MASTICABLES,TAMOA 250 MG COMPRIMIDOS MASTICABLES
39384,nombre_comercial,TARVINA 20 mg X 10 TABLETAS RECUBIERTAS,TARVINA 20 MG X 10 TABLETAS RECUBIERTAS
39385,nombre_comercial,TARVINA 20 mg X 30 TABLETAS RECUBIERTAS,TARVINA 20 MG X 30 TABLETAS RECUBIERTAS
39386,nombre_comercial,TARVINA 40 mg X 10 TABLETAS RECUBIERTAS,TARVINA 40 MG X 10 TABLETAS RECUBIERTAS
39387,nombre_comercial,TENSOMAX 60 mg X 10 CAPSULAS DE LIBERACION PROLONGADA,TENSOMAX 60 MG X 10 CAPSULAS DE LIBERACION PROLONGADA
39388,nombre_comercial,TERAGRIPFORTE NOCHE 650mg-4mg X 6 GRANULADO PARA SOLUCION ORAL,TERAGRIPFORTE NOCHE 650 MG-4 MG X 6 GRANULADO PARA SOLUCION ORAL
39389,nombre_comercial,TERAGRIPFORTE NOCHE 650 mg - 4 mg X 4 TABLETAS RECUBIERTAS,TERAGRIPFORTE NOCHE 650 MG - 4 MG X 4 TABLETAS RECUBIERTAS
39390,nombre_comercial,TERAGRIPFORTE NOCHE 650mg-4mg X 10 GRANULADO PARA SOLUCION ORAL,TERAGRIPFORTE NOCHE 650 MG-4 MG X 10 GRANULADO PARA SOLUCION ORAL
39393,nombre_comercial,TIOCOLCHICOSIDO 4 mg / 2 mL X 12 AMPOLLAS,TIOCOLCHICOSIDO 4 MG / 2 ML X 12 AMPOLLAS
39394,nombre_comercial,TIOCOLCHICOSIDO 4 mg / 2 mL X 12 AMPOLLAS,TIOCOLCHICOSIDO 4 MG / 2 ML X 12 AMPOLLAS
39395,nombre_comercial,"TOBRAMICINA 0,3 % SOLUCION OFTALMICA",TOBRAMICINA 0.3 % SOLUCION OFTALMICA
39396,nombre_comercial,TOBRASOL 3 mg / g UNGUENTO OFTALMICO,TOBRASOL 3 MG / G UNGUENTO OFTALMICO
39397,nombre_comercial,TRIMETOPRIM/SULFAMETOXASOL 40 mg - 200 mg / 5 mL SUSPENSION,TRIMETOPRIM / SULFAMETOXASOL 40 MG - 200 MG / 5 ML SUSPENSION
39398,nombre_comercial,"VALGEM PLUS 160 mg-12,5 mg X 10 TABLETAS RECUBIERTAS",VALGEM PLUS 160 MG-12.5 MG X 10 TABLETAS RECUBIERTAS
39399,nombre_comercial,"VALGEM PLUS 160 mg-12,5 mg X 30 TABLETAS RECUBIERTAS",VALGEM PLUS 160 MG-12.5 MG X 30 TABLETAS RECUBIERTAS
39400,nombre_comercial,VALSARTAN 160 mg X 20 CAPSULAS,VALSARTAN 160 MG X 20 CAPSULAS
39401,nombre_comercial,"VALSARTAN CON HIDROCLOROTIAZIDA 160 mg - 12,5 mg COMPRIMIDOS RECUBIERTOS",VALSARTAN CON HIDROCLOROTIAZIDA 160 MG - 12.5 MG COMPRIMIDOS RECUBIERTOS
39402,nombre_comercial,VALSARTAN 160 mg CAPSULAS,VALSARTAN 160 MG CAPSULAS
39403,nombre_comercial,"VALSARTAN-HIDROCLOROTIAZIDA 160 mg-12,5 mg X 30 COMPRIMIDOS RECUBIERTOS",VALSARTAN-HIDROCLOROTIAZIDA 160 MG-12.5 MG X 30 COMPRIMIDOS RECUBIERTOS
39404,nombre_comercial,VALSARTAN 80 mg CAPSULAS,VALSARTAN 80 MG CAPSULAS
39405,nombre_comercial,VALSARTAN 80 mg COMPRIMIDOS RECUBIERTOS,VALSARTAN 80 MG COMPRIMIDOS RECUBIERTOS
39406,nombre_comercial,"VALSARTAN CON HIDROCLOROTIAZIDA 80 mg - 12,5 mg COMPRIMIDOS",VALSARTAN CON HIDROCLOROTIAZIDA 80 MG - 12.5 MG COMPRIMIDOS
39407,nombre_comercial,VERALEN P 75 mg / 3 mL X 1 AMPOLLAS,VERALEN P 75 MG / 3 ML X 1 AMPOLLA
39407,presentacion,X 1 AMPOLLAS,X 1 AMPOLLA
39408,nombre_comercial,VITAMINA C 100 mg/5 ml JARABE,VITAMINA C 100 MG / 5 ML JARABE
39409,nombre_comercial,VITADYN C 1 g COMPRIMIDOS EFERVESCENTES SABOR A GRAPEFRUIT X 10 COMPRIMIDOS,VITADYN C 1 G COMPRIMIDOS EFERVESCENTES SABOR A GRAPEFRUIT X 10 COMPRIMIDOS
39410,nombre_comercial,VITADYN C 500 mg X 30 TABLETAS MASTICABLES SABOR A FRESA,VITADYN C 500 MG X 30 TABLETAS MASTICABLES SABOR A FRESA
39411,nombre_comercial,VITAMINA B12 250 mcg X 3 CAPSULAS,VITAMINA B12 250 MCG X 3 CAPSULAS
39412,nombre_comercial,VITAMINA B12 250 mcg X 20 CAPSULAS,VITAMINA B12 250 MCG X 20 CAPSULAS
39413,nombre_comercial,VITAMINA C 50 mg / 5 mL JARABE,VITAMINA C 50 MG / 5 ML JARABE
39414,nombre_comercial,YONAL 15 mg / 5 mL SOLUCION ORAL,YONAL 15 MG / 5 ML SOLUCION ORAL
39415,nombre_comercial,YONALAT 15 mg - 3 mg / 5 mL SOLUCION ORAL,YONALAT 15 MG - 3 MG / 5 ML SOLUCION ORAL
39416,nombre_comercial,"ZUDENINA PEB 0,1% - 2,5% GEL",ZUDENINA PEB 0.1 % - 2.5 % GEL
39418,nombre_comercial,"ACRYLARM 0,2 % GEL OFTALMICO",ACRYLARM 0.2 % GEL OFTALMICO
39419,nombre_comercial,ALBENDAZOL 100 mg / 5 mL SUSPENSIÓN ORAL,ALBENDAZOL 100 MG / 5 ML SUSPENSION ORAL
39420,nombre_comercial,ALBENDAZOL 200 mg TABLETAS RECUBIERTAS MASTICABLES,ALBENDAZOL 200 MG TABLETAS RECUBIERTAS MASTICABLES
39421,nombre_comercial,"ALILUB 1,4 % SOLUCION OFTALMICA",ALILUB 1.4 % SOLUCION OFTALMICA
39422,nombre_comercial,ALERVAX 120 mg X 10 TABLETAS RECUBIERTAS,ALERVAX 120 MG X 10 TABLETAS RECUBIERTAS
39423,nombre_comercial,AMOXIDUO 750 mg / 5 mL POLVO PARA SUSPENSION ORAL,AMOXIDUO 750 MG / 5 ML POLVO PARA SUSPENSION ORAL
39424,nombre_comercial,ANALPERNAX 250 mg X 10 CAPSULAS,ANALPERNAX 250 MG X 10 CAPSULAS
39425,nombre_comercial,ANAPIR 400 mg X 10 CAPSULAS BLANDAS,ANAPIR 400 MG X 10 CAPSULAS BLANDAS
39427,nombre_comercial,ARIPIPRAZOL 15mg X 30 TABLETAS,ARIPIPRAZOL 15 MG X 30 TABLETAS
39429,nombre_comercial,APRIX 125 mg X 10 CAPSULAS BLANDAS,APRIX 125 MG X 10 CAPSULAS BLANDAS
39430,nombre_comercial,"CO-APROVEL 150 mg - 12,5 mg X 28 COMPRIMIDOS RECUBIERTOS",CO-APROVEL 150 MG - 12.5 MG X 28 COMPRIMIDOS RECUBIERTOS
39431,nombre_comercial,ULTRAFEN FORTE 650 mg X 10 CAPSULAS BLANDAS,ULTRAFEN FORTE 650 MG X 10 CAPSULAS BLANDAS
39432,nombre_comercial,ASPIANDEX 81 mg X 30 TABLETAS CON RECUBRIMIENTO ENTERICO,ASPIANDEX 81 MG X 30 TABLETAS CON RECUBRIMIENTO ENTERICO
39433,nombre_comercial,ATAMEL 120 mg / 5 mL JARABE,ATAMEL 120 MG / 5 ML JARABE
39434,nombre_comercial,ATAPEC 25 mg X 30 COMPRIMIDOS RECUBIERTOS,ATAPEC 25 MG X 30 COMPRIMIDOS RECUBIERTOS
39435,nombre_comercial,ATOVAROL 20 mg X 30 CAPSULAS BLANDAS,ATOVAROL 20 MG X 30 CAPSULAS BLANDAS
39436,nombre_comercial,"AVOST 0,004% SOLUCION OFTALMICA",AVOST 0.004 % SOLUCION OFTALMICA
39437,nombre_comercial,AZITROMICINA 500 mg X 3 TABLETA RECUBIERTA,AZITROMICINA 500 MG X 3 TABLETA RECUBIERTA
39438,nombre_comercial,"BEDEX 0,15 % SOLUCION TOPICA BUCAL",BEDEX 0.15 % SOLUCION TOPICA BUCAL
39439,nombre_comercial,"CLOBETASOL PROPIONATO 0,05% UNGUENTO",CLOBETASOL PROPIONATO 0.05 % UNGUENTO
39440,nombre_comercial,PREDNIDET 500 mg X 1 AMPOLLAS,PREDNIDET 500 MG X 1 AMPOLLA
39440,presentacion,X 1 AMPOLLAS,X 1 AMPOLLA
39441,nombre_comercial,"OTALEX 0,2 % - 1 % SUSPENSION OTICA",OTALEX 0.2 % - 1 % SUSPENSION OTICA
39442,nombre_comercial,BIRGIT PLUS 50 mg - 850 mg X 30 COMPRIMIDOS RECUBIERTOS,BIRGIT PLUS 50 MG - 850 MG X 30 COMPRIMIDOS RECUBIERTOS
39443,nombre_comercial,"BIOTALOL HCT 10 mg - 6,25 mg COMPRIMIDOS RECUBIERTOS ",BIOTALOL HCT 10 MG - 6.25 MG COMPRIMIDOS RECUBIERTOS
39444,nombre_comercial,BLOKXA 20 mg X 28 TABLETAS RECUBIERTAS,BLOKXA 20 MG X 28 TABLETAS RECUBIERTAS
39445,nombre_comercial,BONAC 4% GEL USO TOPICO,BONAC 4 % GEL USO TOPICO
39446,nombre_comercial,"BRIMOPRESS 0,2 % SOLUCION OFTALMICA",BRIMOPRESS 0.2 % SOLUCION OFTALMICA
39447,nombre_comercial,"BRIXIA 0,0 5% SOLUCION OFTALMICA",BRIXIA 0.0 5 % SOLUCION OFTALMICA
39448,nombre_comercial,BUDESONIDA 50 mcg / DOSIS SUSPENSION PARA INHALACION ORAL,BUDESONIDA 50 MCG / DOSIS SUSPENSION PARA INHALACION ORAL
39449,nombre_comercial,HIOSCINA N-BUTILBROMURO 10 mg X 10 TABLETAS RECUBIERTAS,HIOSCINA N-BUTILBROMURO 10 MG X 10 TABLETAS RECUBIERTAS
39450,nombre_comercial,"NAFAZOLINA CLORHIDRATO 0,012 % SOLUCION OFTALMICA",NAFAZOLINA CLORHIDRATO 0.012 % SOLUCION OFTALMICA
39451,nombre_comercial,GYNOTRAN 15%-4% CREMA VAGINAL,GYNOTRAN 15 %-4 % CREMA VAGINAL
39452,nombre_comercial,CEFOTAS 250 mg / 5 mL POLVO PARA SUSPENSION ORAL,CEFOTAS 250 MG / 5 ML POLVO PARA SUSPENSION ORAL
39453,nombre_comercial,CIBROLIP 100 mg X 30 CAPSULAS,CIBROLIP 100 MG X 30 CAPSULAS
39454,nombre_comercial,CILOSTAL 100 mg X 30 TABLETAS,CILOSTAL 100 MG X 30 TABLETAS
39455,nombre_comercial,CITICOLINA 500 mg X 30 COMPRIMIDOS RECUBIERTOS,CITICOLINA 500 MG X 30 COMPRIMIDOS RECUBIERTOS
39456,nombre_comercial,"NASIN 0,05 % SOLUCION NASAL",NASIN 0.05 % SOLUCION NASAL
39457,nombre_comercial,Dolmobrox 15 mg / 5ml Solución Oral ,DOLMOBROX 15 MG / 5 ML SOLUCION ORAL
39458,nombre_comercial,CLINDAMICINA 1% GEL TOPICO,CLINDAMICINA 1 % GEL TOPICO
39459,nombre_comercial,"CLOBETASOL PROPIONATO 0,05 % CREMA",CLOBETASOL PROPIONATO 0.05 % CREMA
39460,nombre_comercial,"CLORDITAN 12,5 mg X 30 Tabletas",CLORDITAN 12.5 MG X 30 TABLETAS
39460,presentacion,X 30 Tabletas,X 30 TABLETAS
39461,nombre_comercial,"SOLUCION PARA DIALISIS PERITONEAL CON DEXTROSA AL 1,5 % BAJA EN MAGNESIO",SOLUCION PARA DIALISIS PERITONEAL CON DEXTROSA AL 1.5 % BAJA EN MAGNESIO
39463,nombre_comercial,COMENTER 30 mg X 30 COMPRIMIDOS RECUBIERTOS,COMENTER 30 MG X 30 COMPRIMIDOS RECUBIERTOS
39464,nombre_comercial,CORASPIRINA 81 mg X 100 TABLETAS CON CUBIERTA ENTERICA,CORASPIRINA 81 MG X 100 TABLETAS CON CUBIERTA ENTERICA
39465,nombre_comercial,"CROMUS 0,1 % UNGUENTO",CROMUS 0.1 % UNGUENTO
39466,nombre_comercial,ISOTRETINOINA 10 mg X 30 CAPSULAS BLANDAS,ISOTRETINOINA 10 MG X 30 CAPSULAS BLANDAS
39467,nombre_comercial,CYNT 20 mg X 20 COMPRIMIDOS RECUBIERTOS,CYNT 20 MG X 20 COMPRIMIDOS RECUBIERTOS
39468,nombre_comercial,CYNT 40 mg COMPRIMIDOS RECIBIERTOS X 10 COMPRIMIDOS,CYNT 40 MG COMPRIMIDOS RECIBIERTOS X 10 COMPRIMIDOS
39469,nombre_comercial,DUNIXI 10 mg X 30 COMPRIMIDOS RECUBIERTOS,DUNIXI 10 MG X 30 COMPRIMIDOS RECUBIERTOS
39470,nombre_comercial,DAVINTEX 60 mg X 10 COMPRIMIDOS RECUBIERTOS,DAVINTEX 60 MG X 10 COMPRIMIDOS RECUBIERTOS
39471,nombre_comercial,MEDIGRIP DIA 500mg - 2mg - 3mg X 10 COMPRIMIDOS,MEDIGRIP DIA 500 MG - 2 MG - 3 MG X 10 COMPRIMIDOS
39472,nombre_comercial,DICLOFENAC SODICO 1% GEL,DICLOFENAC SODICO 1 % GEL
39474,nombre_comercial,"AUTEX 0,1 % CREMA",AUTEX 0.1 % CREMA
39475,nombre_comercial,DEXAMETASONA 21-FOLATO 4 mg/mL X 10 AMPOLLAS,DEXAMETASONA 21-FOLATO 4 MG / ML X 10 AMPOLLAS
39476,nombre_comercial,DESLER M 5 mg - 10 mg X 30 TABLETAS RECUBIERTAS,DESLER M 5 MG - 10 MG X 30 TABLETAS RECUBIERTAS
39477,nombre_comercial,DESLER M 5 mg - 10 mg X 10 TABLETAS RECUBIERTAS,DESLER M 5 MG - 10 MG X 10 TABLETAS RECUBIERTAS
39478,nombre_comercial,"MARVELON 28 0,15 mg - 0,03 mg X 21 COMPRIMIDOS",MARVELON 28 0.15 MG - 0.03 MG X 21 COMPRIMIDOS
39479,nombre_comercial,SITAGLIPTINA - METFORMINA CLORHIDRATO 50 mg - 500 mg TABLETAS RECUBIERTAS,SITAGLIPTINA - METFORMINA CLORHIDRATO 50 MG - 500 MG TABLETAS RECUBIERTAS
39480,nombre_comercial,DEXABIOL 4mg / mL X 1 AMPOLLAS,DEXABIOL 4 MG / ML X 1 AMPOLLA
39480,presentacion,X 1 AMPOLLAS,X 1 AMPOLLA
39481,nombre_comercial,ALBENDAZOL 200 mg / 5 mL SUSPENSION ORAL,ALBENDAZOL 200 MG / 5 ML SUSPENSION ORAL
39482,nombre_comercial,"DICLOFENAC DIETILAMINA 1,16% EMULGEL",DICLOFENAC DIETILAMINA 1.16 % EMULGEL
39483,nombre_comercial,DIFENAC 100 mg X 10 COMPRIMIDOS RECUBIERTOS,DIFENAC 100 MG X 10 COMPRIMIDOS RECUBIERTOS
39484,nombre_comercial,IBUVIN 600 mg X 20 CAPSULAS BLANDAS,IBUVIN 600 MG X 20 CAPSULAS BLANDAS
39485,nombre_comercial,"CLOTRIMAZOL - NEOMICINA - DEXAMETASONA 1% - 0,5% - 0.04% X 1 CREMA",CLOTRIMAZOL - NEOMICINA - DEXAMETASONA 1 % - 0.5 % - 0.04 % X 1 CREMA
39486,nombre_comercial,LEVODROPROPIZINA 6 mg/ml SOLUCIÓN ORAL,LEVODROPROPIZINA 6 MG / ML SOLUCION ORAL
39487,nombre_comercial,DEOXICAL 500 mg X 30 CAPSULAS,DEOXICAL 500 MG X 30 CAPSULAS
39488,nombre_comercial,ALIVETOS 3 mg - 15 mg / 5 mL SOLUCIÓN ORAL,ALIVETOS 3 MG - 15 MG / 5 ML SOLUCION ORAL
39489,nombre_comercial,DOLAK 30 mg X 4 COMPRIMIDOS SUBLINGUALES,DOLAK 30 MG X 4 COMPRIMIDOS SUBLINGUALES
39490,nombre_comercial,DOLAK 30 mg X 1 COMPRIMIDOS SUBLINGUALES,DOLAK 30 MG X 1 COMPRIMIDO SUBLINGUAL
39490,presentacion,X 1 COMPRIMIDOS SUBLINGUALES,X 1 COMPRIMIDO SUBLINGUAL
39491,nombre_comercial,DOLAK 30 mg X 2 COMPRIMIDOS SUBLINGUALES,DOLAK 30 MG X 2 COMPRIMIDOS SUBLINGUALES
39493,nombre_comercial,DOPRIL 3 mg / mL SOLUCIÓN ORAL,DOPRIL 3 MG / ML SOLUCION ORAL
39494,nombre_comercial,DROPIL 100 mg X 40 COMPRIMIDOS RECUBIERTOS,DROPIL 100 MG X 40 COMPRIMIDOS RECUBIERTOS
39495,nombre_comercial,DROPIL 200 mg X 40 COMPRIMIDOS RECUBIERTOS,DROPIL 200 MG X 40 COMPRIMIDOS RECUBIERTOS
39496,nombre_comercial,CARBONATO DE CALCIO 750 mg X 20 TABLETAS MASTICABLES SABOR MENTA,CARBONATO DE CALCIO 750 MG X 20 TABLETAS MASTICABLES SABOR MENTA
39497,nombre_comercial,CLOTRIMAZOL 200 mg X 3 OVULOS VAGINALES,CLOTRIMAZOL 200 MG X 3 OVULOS VAGINALES
39498,nombre_comercial,ELMETACIN-IND 1% SOLUCIÓN TOPICA,ELMETACIN-IND 1 % SOLUCION TOPICA
39499,nombre_comercial,"ELOK 0,1% CREMA",ELOK 0.1 % CREMA
39500,nombre_comercial,INSPRA 50 mg X 30 TABLETAS RECUBIERTAS,INSPRA 50 MG X 30 TABLETAS RECUBIERTAS
39501,nombre_comercial,ESOFLUX 20 mg X 30 TABLETAS CON RECUBRIMIENTO ENTERICO,ESOFLUX 20 MG X 30 TABLETAS CON RECUBRIMIENTO ENTERICO
39502,nombre_comercial,EVIGAX 125 mg X 10 CAPSULAS BLANDAS,EVIGAX 125 MG X 10 CAPSULAS BLANDAS
39503,nombre_comercial,EVIGAX 125 mg X 20 CAPSULAS BLANDAS,EVIGAX 125 MG X 20 CAPSULAS BLANDAS
39504,nombre_comercial,"SIEGEXANIA 0,05% EMULSION	",SIEGEXANIA 0.05 % EMULSION
39505,nombre_comercial,EZENTIUS 20 mg X 20 COMPRIMIDOS RECUBIERTOS,EZENTIUS 20 MG X 20 COMPRIMIDOS RECUBIERTOS
39507,nombre_comercial,DOLOGINEX 125 mg - 10 mg X 10 COMPRIMIDOS RECUBIERTOS,DOLOGINEX 125 MG - 10 MG X 10 COMPRIMIDOS RECUBIERTOS
39508,nombre_comercial,FLATVIN 125 mg X 10 CAPSULAS BLANDAS,FLATVIN 125 MG X 10 CAPSULAS BLANDAS
39509,nombre_comercial,FLEVOMAX - D 600 mg X 15 COMPRIMIDOS RECUBIERTOS,FLEVOMAX - D 600 MG X 15 COMPRIMIDOS RECUBIERTOS
39510,nombre_comercial,FLUCONAZOL 200 mg / 100 mL SOLUCION PARA INFUSION,FLUCONAZOL 200 MG / 100 ML SOLUCION PARA INFUSION
39511,nombre_comercial,"SYMBICORT TURBUHALER 160 mcg - 4,5 mcg / DOSIS X 60 POLVO INHALACION ORAL",SYMBICORT TURBUHALER 160 MCG - 4.5 MCG / DOSIS X 60 POLVO INHALACION ORAL
39512,nombre_comercial,GABICTAL 400 mg X 15 COMPRIMIDOS RECUBIERTOS,GABICTAL 400 MG X 15 COMPRIMIDOS RECUBIERTOS
39513,nombre_comercial,GABICTAL 300 mg X 30 COMPRIMIDOS RECUBIERTOS,GABICTAL 300 MG X 30 COMPRIMIDOS RECUBIERTOS
39514,nombre_comercial,GESTAGENO 100 mg CAPSULAS DE GELATINA BLANDA X 10 CAPSULAS,GESTAGENO 100 MG CAPSULAS DE GELATINA BLANDA X 10 CAPSULAS
39515,nombre_comercial,GESTAGENO 200 mg CAPSULAS DE GELATINA BLANDA X 10 CAPSULAS,GESTAGENO 200 MG CAPSULAS DE GELATINA BLANDA X 10 CAPSULAS
39516,nombre_comercial,"GLAUCOTENSIL T  2 % - 0,5 % SOLUCION OFTALMICA",GLAUCOTENSIL T 2 % - 0.5 % SOLUCION OFTALMICA
39517,nombre_comercial,GLICLAZIDA 80 mg X 20 TABLETAS,GLICLAZIDA 80 MG X 20 TABLETAS
39518,nombre_comercial,Glidex 500 mg X 30 Tabletas Recubiertas,GLIDEX 500 MG X 30 TABLETAS RECUBIERTAS
39518,presentacion,X 30 Tabletas Recubiertas,X 30 TABLETAS RECUBIERTAS
39519,nombre_comercial,Glidex 850 mg X 30 Tabletas Recubiertas,GLIDEX 850 MG X 30 TABLETAS RECUBIERTAS
39519,presentacion,X 30 Tabletas Recubiertas,X 30 TABLETAS RECUBIERTAS
39520,nombre_comercial,PEDIALYTE ZINC 60 mEq SOLUCION ELECTROLITICA DE USO ORAL SABOR A UVA X 60 SOLUCION ORAL,PEDIALYTE ZINC 60 MEQ SOLUCION ELECTROLITICA DE USO ORAL SABOR A UVA X 60 SOLUCION ORAL
39523,nombre_comercial,HIDROCORTISONA 100 mg X 10 AMPOLLAS,HIDROCORTISONA 100 MG X 10 AMPOLLAS
39524,nombre_comercial,Biocortin 500mg X 1 AMPOLLAS,BIOCORTIN 500 MG X 1 AMPOLLA
39524,presentacion,X 1 AMPOLLAS,X 1 AMPOLLA
39525,nombre_comercial,IBUFEN 800 mg X 6 COMPRIMIDOS RECUBIERTOS,IBUFEN 800 MG X 6 COMPRIMIDOS RECUBIERTOS
39526,nombre_comercial,IMOL 20 mg X 30 COMPRIMIDOS RECUBIERTOS,IMOL 20 MG X 30 COMPRIMIDOS RECUBIERTOS
39527,nombre_comercial,"ITISONA 0,1 % CREMA",ITISONA 0.1 % CREMA
39528,nombre_comercial,IVABRADINA 5 mg X 30 TABLETAS RECUBIERTAS,IVABRADINA 5 MG X 30 TABLETAS RECUBIERTAS
39529,nombre_comercial,JARIT 100 mg X 30 CAPSULAS BLANDAS,JARIT 100 MG X 30 CAPSULAS BLANDAS
39530,nombre_comercial,KEPPRA 100 mg/mL SOLUCION ORAL,KEPPRA 100 MG / ML SOLUCION ORAL
39531,nombre_comercial,KETOCONAZOL 2% CREMA,KETOCONAZOL 2 % CREMA
39532,nombre_comercial,"BIOKETOF 2,5% GEL PARA USO T",BIOKETOF 2.5 % GEL PARA USO T
39534,nombre_comercial,KATIVIL 1 g / 10 mL X 60 SOLUCION ORAL,KATIVIL 1 G / 10 ML X 60 SOLUCION ORAL
39535,nombre_comercial,LAMICTAL 100 mg X 30 TABLETAS DISPERSABLES-MASTICABLES,LAMICTAL 100 MG X 30 TABLETAS DISPERSABLES-MASTICABLES
39536,nombre_comercial,LAMICTAL 50 mg X 30 TABLETAS DISPERSABLES - MASTICABLES,LAMICTAL 50 MG X 30 TABLETAS DISPERSABLES - MASTICABLES
39537,nombre_comercial,LESTECOL 40 mg X 30 TABLETAS RECUBIERTAS,LESTECOL 40 MG X 30 TABLETAS RECUBIERTAS
39538,nombre_comercial,LEVOFERIN 30 mg / 5 mL SOLUCION,LEVOFERIN 30 MG / 5 ML SOLUCION
39539,nombre_comercial,"MANTIXA 2,5 mg X 30 COMPRIMIDOS RECUBIERTOS",MANTIXA 2.5 MG X 30 COMPRIMIDOS RECUBIERTOS
39540,nombre_comercial,MAXIFURFORTE 100 mg X 30 CAPSULAS,MAXIFURFORTE 100 MG X 30 CAPSULAS
39541,nombre_comercial,DEPO - PROVERA 150 mg / mL X 1 AMPOLLAS,DEPO - PROVERA 150 MG / ML X 1 AMPOLLA
39541,presentacion,X 1 AMPOLLAS,X 1 AMPOLLA
39542,nombre_comercial,MINOXIDIL FORTE 5% SOLUCION TOPICA,MINOXIDIL FORTE 5 % SOLUCION TOPICA
39543,nombre_comercial,MITAR 50 mcg / DOSIS SOLUCION PARA INHALACION NASAL,MITAR 50 MCG / DOSIS SOLUCION PARA INHALACION NASAL
39544,nombre_comercial,"MOMEQ 0,1 % CREMA",MOMEQ 0.1 % CREMA
39545,nombre_comercial,DESLORATADINA - MONTELUKAST 5 mg - 10 mg X 30 TABLETAS RECUBIERTAS,DESLORATADINA - MONTELUKAST 5 MG - 10 MG X 30 TABLETAS RECUBIERTAS
39547,nombre_comercial,ACECOL 600 mg X 100 POLVO PARA SOLUCIÓN ORAL,ACECOL 600 MG X 100 POLVO PARA SOLUCION ORAL
39547,presentacion,X 100 POLVO PARA SOLUCIÓN ORAL,X 100 POLVO PARA SOLUCION ORAL
39548,nombre_comercial,ACECOL 600 mg X 10 POLVO PARA SOLUCIÓN ORAL,ACECOL 600 MG X 10 POLVO PARA SOLUCION ORAL
39548,presentacion,X 10 POLVO PARA SOLUCIÓN ORAL,X 10 POLVO PARA SOLUCION ORAL
39549,nombre_comercial,"FANASAL 0,05 % SOLUCION NASAL",FANASAL 0.05 % SOLUCION NASAL
39550,nombre_comercial,NEMAX 16% - 6% SOLUCION RECTAL,NEMAX 16 % - 6 % SOLUCION RECTAL
39551,nombre_comercial,FOSFATO DE SODIO MONOBÁSICO 16% - FOSFATO DE SODIO DIBÁSICO 6%,FOSFATO DE SODIO MONOBASICO 16 % - FOSFATO DE SODIO DIBASICO 6 %
39552,nombre_comercial,NEUROALFA X 1 AMPOLLAS,NEUROALFA X 1 AMPOLLA
39552,presentacion,X 1 AMPOLLAS,X 1 AMPOLLA
39554,nombre_comercial,NIFEDIPINA 30 mg X 30 CAPSULAS DE LIBERACION PROLONGADA,NIFEDIPINA 30 MG X 30 CAPSULAS DE LIBERACION PROLONGADA
39555,nombre_comercial,OMEPRAZOL 40 mg X 10 AMPOLLAS,OMEPRAZOL 40 MG X 10 AMPOLLAS
39556,nombre_comercial,OPRABLU 20 mg X 30 CAPSULAS,OPRABLU 20 MG X 30 CAPSULAS
39557,nombre_comercial,OLXAC 40 mg X 1 AMPOLLAS,OLXAC 40 MG X 1 AMPOLLA
39557,presentacion,X 1 AMPOLLAS,X 1 AMPOLLA
39558,nombre_comercial,PARACETAMOL 120 mg / 5 mL SOLUCIÓN ORAL,PARACETAMOL 120 MG / 5 ML SOLUCION ORAL
39559,nombre_comercial,"BIOTADIN 0,2% SOLUCIÓN OFTALMICA",BIOTADIN 0.2 % SOLUCION OFTALMICA
39560,nombre_comercial,"OPAT 0,1 % SOLUCION OFTALMICA",OPAT 0.1 % SOLUCION OFTALMICA
39561,nombre_comercial,PATFLUX 40 mg X 1 TABLETAS CON RECUBRIMIENTO ENTERICO,PATFLUX 40 MG X 1 TABLETA CON RECUBRIMIENTO ENTERICO
39561,presentacion,X 1 TABLETAS CON RECUBRIMIENTO ENTERICO,X 1 TABLETA CON RECUBRIMIENTO ENTERICO
39562,nombre_comercial,PENTOXIFILINA 400 mg X 30 TABLETAS RECUBIERTAS DE LIBERACION PROLONGADA,PENTOXIFILINA 400 MG X 30 TABLETAS RECUBIERTAS DE LIBERACION PROLONGADA
39563,nombre_comercial,PEPSADEL 262 mg X 12 TABLETAS MASTICABLES,PEPSADEL 262 MG X 12 TABLETAS MASTICABLES
39564,nombre_comercial,"DUSTALOX 0,5 % SOLUCION OFTALMICA",DUSTALOX 0.5 % SOLUCION OFTALMICA
39565,nombre_comercial,"POENTOBRAL PLUS 0,3 %- 0,1 % SUSPENSIÓN OFTÁLMICA",POENTOBRAL PLUS 0.3 %- 0.1 % SUSPENSION OFTALMICA
39566,nombre_comercial,PREDNISONA 5 mg / 5 mL SOLUCIÓN ORAL,PREDNISONA 5 MG / 5 ML SOLUCION ORAL
39567,nombre_comercial,PREGATAN 75 mg X 30 CAPSULAS,PREGATAN 75 MG X 30 CAPSULAS
39568,nombre_comercial,PROFLOX 1g / 5 ml suspensión oral ,PROFLOX 1 G / 5 ML SUSPENSION ORAL
39569,nombre_comercial,RANITIDINA 150 mg / 10 mL X 10 SOLUCION ORAL,RANITIDINA 150 MG / 10 ML X 10 SOLUCION ORAL
39570,nombre_comercial,RESECAL 10 mg X 10 POLVO PARA SUSPENSIÓN ORAL,RESECAL 10 MG X 10 POLVO PARA SUSPENSION ORAL
39570,presentacion,X 10 POLVO PARA SUSPENSIÓN ORAL,X 10 POLVO PARA SUSPENSION ORAL
39571,nombre_comercial,RIFAMIX 550 mg X 10 COMPRIMIDOS RECUBIERTOS,RIFAMIX 550 MG X 10 COMPRIMIDOS RECUBIERTOS
39572,nombre_comercial,RIVAREX 10 mg X 30 COMPRIMIDOS RECUBIERTOS,RIVAREX 10 MG X 30 COMPRIMIDOS RECUBIERTOS
39573,nombre_comercial,ESOZ 10 mg X 10 MICROGRANULOS ENTERICOS PARA SUSPENSION ORAL,ESOZ 10 MG X 10 MICROGRANULOS ENTERICOS PARA SUSPENSION ORAL
39574,nombre_comercial,SACUMIC 50 mg X 30 COMPRIMIDOS RECUBIERTOS,SACUMIC 50 MG X 30 COMPRIMIDOS RECUBIERTOS
39575,nombre_comercial,"CLORURO DE SODIO 0,9% - GLUCOSA 5% X 10 AMPOLLAS",CLORURO DE SODIO 0.9 % - GLUCOSA 5 % X 10 AMPOLLAS
39576,nombre_comercial,"FLUDINAX 0,9 % SOLUCION NASAL",FLUDINAX 0.9 % SOLUCION NASAL
39578,nombre_comercial,SIMULTAN DUO 50 mg - 850 mg X 30 COMPRIMIDOS RECUBIERTOS,SIMULTAN DUO 50 MG - 850 MG X 30 COMPRIMIDOS RECUBIERTOS
39579,nombre_comercial,SINMEGAS 125 mg X 20 CÁPSULAS BLANDAS,SINMEGAS 125 MG X 20 CAPSULAS BLANDAS
39579,presentacion,X 20 CÁPSULAS BLANDAS,X 20 CAPSULAS BLANDAS
39580,nombre_comercial,SINMEGAS 125 mg X 30 CÁPSULAS BLANDAS,SINMEGAS 125 MG X 30 CAPSULAS BLANDAS
39580,presentacion,X 30 CÁPSULAS BLANDAS,X 30 CAPSULAS BLANDAS
39581,nombre_comercial,ESLIPEL MET 50mg - 1000 mg X 10 COMPRIMIDOS RECUBIERTOS,ESLIPEL MET 50 MG - 1000 MG X 10 COMPRIMIDOS RECUBIERTOS
39583,nombre_comercial,ULCIRAM 1g/5 mL X 20 SUSPENSION ORAL,ULCIRAM 1 G / 5 ML X 20 SUSPENSION ORAL
39584,nombre_comercial,SULTAMICILINA 250 mg/5 ml POLVO PARA SUSPENSION ORAL,SULTAMICILINA 250 MG / 5 ML POLVO PARA SUSPENSION ORAL
39585,nombre_comercial,SYNARTROS 60 mg X 10 TABLETAS RECUBIERTAS,SYNARTROS 60 MG X 10 TABLETAS RECUBIERTAS
39586,nombre_comercial,TADAFER 5 mg X 15 TABLETAS RECUBIERTAS,TADAFER 5 MG X 15 TABLETAS RECUBIERTAS
39587,nombre_comercial,TALERC 10 mg / mL SOLUCION ORAL,TALERC 10 MG / ML SOLUCION ORAL
39588,nombre_comercial,TALFIDEX 20 mg X 2 Tabletas Recubiertas,TALFIDEX 20 MG X 2 TABLETAS RECUBIERTAS
39588,presentacion,X 2 Tabletas Recubiertas,X 2 TABLETAS RECUBIERTAS
39589,nombre_comercial,TALYSTOR 20 mg X 1 TABLETAS MASTICABLES,TALYSTOR 20 MG X 1 TABLETA MASTICABLE
39589,presentacion,X 1 TABLETAS MASTICABLES,X 1 TABLETA MASTICABLE
39590,nombre_comercial,"BUCOXOLGAR 0,15 % - 0,25 % SOLUCION TOPICA BUCAL ATOMIZADORA SABOR A MENTA FRESCA",BUCOXOLGAR 0.15 % - 0.25 % SOLUCION TOPICA BUCAL ATOMIZADORA SABOR A MENTA FRESCA
39591,nombre_comercial,TAXUS 20 mg X 30 COMPRIMIDOS,TAXUS 20 MG X 30 COMPRIMIDOS
39593,nombre_comercial,"TOMYCIN DEX 0,3 % - 0,1 % SUSPENSIÓN OFTÁLMICA",TOMYCIN DEX 0.3 % - 0.1 % SUSPENSION OFTALMICA
39594,nombre_comercial,"TOMYCIN 0,3 % SOLUCIÓN OFTALMICA",TOMYCIN 0.3 % SOLUCION OFTALMICA
39595,nombre_comercial,TOPISEPT 2 % CREMA TÓPICA ,TOPISEPT 2 % CREMA TOPICA
39596,nombre_comercial,TRUSOMIDA 2% SOLUCIÓN OFTÁLMICA,TRUSOMIDA 2 % SOLUCION OFTALMICA
39597,nombre_comercial,UDOX 75 mg X 10 CAPSULAS,UDOX 75 MG X 10 CAPSULAS
39598,nombre_comercial,VERICOLAN 450 mg - 50 mg X 30 TABLETAS RECUBIERTAS,VERICOLAN 450 MG - 50 MG X 30 TABLETAS RECUBIERTAS
39599,nombre_comercial,VAXIDUO 100 mg - 400 mg X 7 OVULOS VAGINALES,VAXIDUO 100 MG - 400 MG X 7 OVULOS VAGINALES
39600,nombre_comercial,"FLOGAREN 1,16 % GEL",FLOGAREN 1.16 % GEL
39601,nombre_comercial,VIZERUL 300 mg X 10 COMPRIMIDOS,VIZERUL 300 MG X 10 COMPRIMIDOS
39603,nombre_comercial,REHIDROSOL ZINC 60 mEq / L SOLUCION ELECTROLITICA USO ORAL SABOR A MANZANA X 30 SOLUCION ORAL,REHIDROSOL ZINC 60 MEQ / L SOLUCION ELECTROLITICA USO ORAL SABOR A MANZANA X 30 SOLUCION ORAL
39604,nombre_comercial,"ZOCLONAX 7,5 mg X 10 TABLETAS RECUBIERTAS",ZOCLONAX 7.5 MG X 10 TABLETAS RECUBIERTAS
39605,nombre_comercial,TRAMAL 100 mg / mL SOLUCION ORAL,TRAMAL 100 MG / ML SOLUCION ORAL
39606,nombre_comercial,TRAMAL 100 mg / mL SOLUCION ORAL,TRAMAL 100 MG / ML SOLUCION ORAL
39611,nombre_comercial,TRAMAL 100 mg / mL SOLUCION ORAL,TRAMAL 100 MG / ML SOLUCION ORAL