id,nombre_comercial,url_anterior,url_nueva,bytes_origen,bytes_destino,variante_logo,estado,error
37291,ABRETIA 10 MG X 10 CAPSULAS,https://mav.farmaciasaas.com/api/images/articulos/DISTRIBUCION/17769.jpg,,0,0,blanco,pendiente,
37292,ABRETIA 18 MG X 10 CAPSULAS,https://mav.farmaciasaas.com/api/images/articulos/DISTRIBUCION/17770.jpg,,0,0,blanco,pendiente,
37293,ABRETIA 25 MG X 20 CAPSULAS,https://mav.farmaciasaas.com/api/images/articulos/DISTRIBUCION/17768.jpg,,0,0,blanco,pendiente,
37294,ACIDO FOLICO 5 MG X 20 COMPRIMIDOS,https://mav.farmaciasaas.com/api/images/articulos/DISTRIBUCION/23.jpg,,0,0,blanco,pendiente,
37295,ACIDO FOLICO 5 MG X 30 COMPRIMIDOS,https://mav.farmaciasaas.com/api/images/articulos/DISTRIBUCION/92955.jpg,,0,0,blanco,pendiente,
37297,ACIDO FOLICO 10 MG X 10 TABLETAS,https://mav.farmaciasaas.com/api/images/articulos/DISTRIBUCION/53282.jpg,,0,0,blanco,pendiente,
37298,ACIDO FOLICO 10 MG X 10 TABLETAS,https://mav.farmaciasaas.com/api/images/articulos/DISTRIBUCION/53779.jpg,,0,0,blanco,pendiente,
37299,ACIDO FOLICO 10 MG X 20 TABLETAS,https://mav.farmaciasaas.com/api/images/articulos/DISTRIBUCION/92858.jpg,,0,0,blanco,pendiente,
37300,ACIDO FOLICO 10 MG X 30 TABLETAS,https://mav.farmaciasaas.com/api/images/articulos/DISTRIBUCION/92857.jpg,,0,0,blanco,pendiente,
37301,ACIDO FOLICO 5 MG X 10 TABLETAS,https://mav.farmaciasaas.com/api/images/articulos/DISTRIBUCION/53280.jpg,,0,0,blanco,pendiente,
37304,ACIDO VALPROICO 250 MG / 5 ML JARABE,https://pccentro.net.ve/img/s/7/2/3/0/6/72306-large_default.webp,,0,0,blanco,pendiente,
37305,ACALIX 60 MG X 30 TABLETAS,https://mav.farmaciasaas.com/api/images/articulos/DISTRIBUCION/4986.jpg,,0,0,blanco,pendiente,
37307,ACETAB 250 MG X 20 TABLETAS,https://mav.farmaciasaas.com/api/images/articulos/DISTRIBUCION/90118.jpg,,0,0,blanco,pendiente,
37308,ACETAMINOFEN 500 X 10 COMPRIMIDOS,https://mav.farmaciasaas.com/api/images/articulos/DISTRIBUCION/22931.jpg,,0,0,blanco,pendiente,
37309,ACETAMINOFEN 650 MG X 10 TABLETAS,https://mav.farmaciasaas.com/api/images/articulos/DISTRIBUCION/52390.jpg,,0,0,blanco,pendiente,
37310,ACETAMINOFEN 650 MG X 20 TABLETAS,https://pccentro.net.ve/img/s/9/6/2/1/4/96214-large_default.webp,,0,0,blanco,pendiente,
37315,ACETAMINOFEN 180 MG / 5 ML SOLUCION ORAL,https://mav.farmaciasaas.com/api/images/articulos/DISTRIBUCION/51788.jpg,,0,0,blanco,pendiente,
37318,ACETAMINOFEN 500 MG X 10 TABLETAS,https://mav.farmaciasaas.com/api/images/articulos/DISTRIBUCION/2337.jpg,,0,0,blanco,pendiente,
37322,ACETAMINOFEN - HIOSCINA N BUTIL BROMURO 500 MG-10 MG X 20 TABLETAS RE,https://mav.farmaciasaas.com/api/images/articulos/DISTRIBUCION/7537.jpg,,0,0,blanco,pendiente,
37329,ACEVAL 100 MG / ML SOLUCION ORAL EN GOTAS,https://mav.farmaciasaas.com/api/images/articulos/DISTRIBUCION/4669.jpg,,0,0,blanco,pendiente,
37330,ACEVAL 180 MG / 5 ML SOLUCION ORAL,https://mav.farmaciasaas.com/api/images/articulos/DISTRIBUCION/22391.jpg,,0,0,blanco,pendiente,
37331,ACEVAL 650 MG X 10 TABLETAS,https://mav.farmaciasaas.com/api/images/articulos/DISTRIBUCION/646.jpg,,0,0,blanco,pendiente,
37332,ACEVAL 650 MG X 50 TABLETAS,https://mav.farmaciasaas.com/api/images/articulos/DISTRIBUCION/24308.jpg,,0,0,blanco,pendiente,
37333,ACICLOR 1 G X 10 COMPRIMIDOS A.P.,https://mav.farmaciasaas.com/api/images/articulos/DISTRIBUCION/3203.jpg,,0,0,blanco,pendiente,
37334,ACICLOR 5 % CREMA,https://mav.farmaciasaas.com/api/images/articulos/DISTRIBUCION/8876.jpg,,0,0,blanco,pendiente,
37342,ACICLOVIR 200 MG X 25 TABLETAS,https://mav.farmaciasaas.com/api/images/articulos/DISTRIBUCION/11560.jpg,,0,0,blanco,pendiente,
37345,ACIDO ACETILSALICILICO 81 MG X 24 TABLETAS CON CUBIERTA ENTERICA,https://mav.farmaciasaas.com/api/images/articulos/DISTRIBUCION/7271.jpg,,0,0,blanco,pendiente,
37348,ACIDO ASCORBICO 100 MG / ML SOLUCION ORAL,https://mav.farmaciasaas.com/api/images/articulos/DISTRIBUCION/29208.jpg,,0,0,blanco,pendiente,
37351,ACIDO FOLICO 10 MG / ML X 3 AMPOLLAS,https://mav.farmaciasaas.com/api/images/articulos/DISTRIBUCION/20.jpg,,0,0,blanco,pendiente,
37353,ACIDO FOLICO 10 MG COMPRIMIDOS,https://mav.farmaciasaas.com/api/images/articulos/DISTRIBUCION/4100.jpg,,0,0,blanco,pendiente,
37354,ACIDO FOLICO 10 MG X 20 COMPRIMIDOS,https://mav.farmaciasaas.com/api/images/articulos/DISTRIBUCION/24.jpg,,0,0,blanco,pendiente,
37355,ACIDO FOLICO 10 MG X 30 COMPRIMIDOS,https://mav.farmaciasaas.com/api/images/articulos/DISTRIBUCION/90738.jpg,,0,0,blanco,pendiente,
37357,ACIDO FOLICO 10 MG X 30 COMPRIMIDOS,https://mav.farmaciasaas.com/api/images/articulos/DISTRIBUCION/98454.jpg,,0,0,blanco,pendiente,
37358,ACIDO FOLICO 10 MG / ML SOLUCION ORAL,https://pccentro.net.ve/img/s/8/2/1/5/8/82158-large_default.webp,,0,0,blanco,pendiente,
37359,ACIDO FOLICO 10 MG X 30 TABLETAS,https://mav.farmaciasaas.com/api/images/articulos/DISTRIBUCION/29544.jpg,,0,0,blanco,pendiente,
37360,ACIDO FOLICO 5 MG X 30 TABLETAS,https://mav.farmaciasaas.com/api/images/articulos/DISTRIBUCION/23782.jpg,,0,0,blanco,pendiente,
37362,ACIDO MEFENAMICO 500 MG X 10 TABLETAS,https://mav.farmaciasaas.com/api/images/articulos/DISTRIBUCION/28706.jpg,,0,0,blanco,pendiente,
37364,VALPRON 500 MG X 30 TABLETAS,https://mav.farmaciasaas.com/api/images/articulos/DISTRIBUCION/5235.jpg,,0,0,blanco,pendiente,
37365,VALPRON 500 MG X 60 TABLETAS,https://pccentro.net.ve/img/s/7/1/4/2/5/71425-large_default.webp,,0,0,blanco,pendiente,
37370,AFLAMAX 50 MG X 10 TABLETAS RECUBIERTAS,https://mav.farmaciasaas.com/api/images/articulos/DISTRIBUCION/19583.jpg,,0,0,blanco,pendiente,
37371,AFLAMAX 50 MG X 20 TABLETAS RECUBIERTAS,https://mav.farmaciasaas.com/api/images/articulos/DISTRIBUCION/92341.jpg,,0,0,blanco,pendiente,
37372,AFOKLIN 5 MG X 20 COMPRIMIDOS,https://mav.farmaciasaas.com/api/images/articulos/DISTRIBUCION/778.jpg,,0,0,blanco,pendiente,
37373,AFOKLIN 10 MG / ML SOLUCION ORAL,https://mav.farmaciasaas.com/api/images/articulos/DISTRIBUCION/779.jpg,,0,0,blanco,pendiente,
37376,AIRCOF PLUS 5 MG - 2.5 MG X 30 TABLETAS MASTICABLES,https://mav.farmaciasaas.com/api/images/articulos/DISTRIBUCION/53225.jpg,,0,0,blanco,pendiente,
37377,AIRCOF 10 MG X 30 TABLETAS MASTICABLES,https://mav.farmaciasaas.com/api/images/articulos/DISTRIBUCION/53060.jpg,,0,0,blanco,pendiente,
37378,AIRFEN 0.05 % SOLUCION NASAL,https://mav.farmaciasaas.com/api/images/articulos/DISTRIBUCION/4340.jpg,,0,0,blanco,pendiente,
37379,AIRON 10 MG X 30 TABLETAS RECUBIERTAS,https://mav.farmaciasaas.com/api/images/articulos/DISTRIBUCION/5930.jpg,,0,0,blanco,pendiente,
37380,AIRON 10 MG X 10 TABLETAS RECUBIERTAS,https://pccentro.net.ve/img/s/1/8/2/0/6/18206-large_default.webp,,0,0,blanco,pendiente,
37385,ALBENDAZOL 200 MG X 2 TABLETAS,https://mav.farmaciasaas.com/api/images/articulos/DISTRIBUCION/17968.jpg,,0,0,blanco,pendiente,
37386,ALBENDAZOL 200 MG X 6 TABLETAS,https://mav.farmaciasaas.com/api/images/articulos/DISTRIBUCION/20302.jpg,,0,0,blanco,pendiente,
37387,ALBENDAZOL 200 MG X 6 TABLETAS MASTICABLES,https://mav.farmaciasaas.com/api/images/articulos/DISTRIBUCION/94917.jpg,,0,0,blanco,pendiente,
37388,ALBICAR 400 MG / 10 ML SUSPENSION,https://mav.farmaciasaas.com/api/images/articulos/DISTRIBUCION/9806.jpg,,0,0,blanco,pendiente,
37389,ALBICAR 200 MG X 2 TABLETAS,https://mav.farmaciasaas.com/api/images/articulos/DISTRIBUCION/9807.jpg,,0,0,blanco,pendiente,
37390,ALBICAR 200 MG X 6 TABLETAS,https://mav.farmaciasaas.com/api/images/articulos/DISTRIBUCION/9782.jpg,,0,0,blanco,pendiente,
37392,ALENTIK 70 MG X 4 TABLETAS,https://mav.farmaciasaas.com/api/images/articulos/DISTRIBUCION/50731.jpg,,0,0,blanco,pendiente,
37393,ALERGOT 0.05 % SOLUCION OFTALMICA,https://mav.farmaciasaas.com/api/images/articulos/DISTRIBUCION/5332.jpg,,0,0,blanco,pendiente,
37394,ALFADYN 0.2 % SOLUCION OFTALMICA,https://mav.farmaciasaas.com/api/images/articulos/DISTRIBUCION/8457.jpg,,0,0,blanco,pendiente,
37395,ALGIOL 5 MG X 30 COMPRIMIDOS RECUBIERTOS,https://mav.farmaciasaas.com/api/images/articulos/DISTRIBUCION/23948.jpg,,0,0,blanco,pendiente,
37396,ALGOREN 10 MG X 20 TABLETAS,https://mav.farmaciasaas.com/api/images/articulos/DISTRIBUCION/104.jpg,,0,0,blanco,pendiente,
37397,ALIPAL FORTE DIA 650 MG - 32 MG - 4 MG X 12 CAPSULAS,https://mav.farmaciasaas.com/api/images/articulos/DISTRIBUCION/53530.jpg,,0,0,blanco,pendiente,
37398,AMITAFEN FORTE 650 MG X 10 TABLETAS,https://mav.farmaciasaas.com/api/images/articulos/DISTRIBUCION/6236.jpg,,0,0,blanco,pendiente,
37400,ALOPURINOL 100 MG X 30 TABLETAS,https://pccentro.net.ve/img/s/3/1/9/2/3/31923-large_default.webp,,0,0,blanco,pendiente,
37401,ALPRAM 0.5 MG X 30 TABLETAS,https://mav.farmaciasaas.com/api/images/articulos/DISTRIBUCION/5177.jpg,,0,0,blanco,pendiente,
37402,ALPRAM 1 MG X 30 TABLETAS,https://mav.farmaciasaas.com/api/images/articulos/DISTRIBUCION/5184.jpg,,0,0,blanco,pendiente,
37403,ALPRAM 2 MG X 30 TABLETAS,https://mav.farmaciasaas.com/api/images/articulos/DISTRIBUCION/5185.jpg,,0,0,blanco,pendiente,
37404,ALPRAZOLAM 0.5 MG X 30 TABLETAS,https://mav.farmaciasaas.com/api/images/articulos/DISTRIBUCION/10378.jpg,,0,0,blanco,pendiente,
37405,ALPRAZOLAM 1 MG X 30 TABLETAS,https://mav.farmaciasaas.com/api/images/articulos/DISTRIBUCION/10377.jpg,,0,0,blanco,pendiente,
37406,ALPRAZOLAM 2 MG X 30 TABLETAS,https://mav.farmaciasaas.com/api/images/articulos/DISTRIBUCION/97351.jpg,,0,0,blanco,pendiente,
37407,ALSART 160 MG X 10 CAPSULAS,https://mav.farmaciasaas.com/api/images/articulos/DISTRIBUCION/20787.jpg,,0,0,blanco,pendiente,
37408,ALSART 160 MG X 30 CAPSULAS,https://pccentro.net.ve/img/s/3/5/0/4/0/35040-large_default.webp,,0,0,blanco,pendiente,
37409,ALSART 80 MG X 10 CAPSULAS,https://mav.farmaciasaas.com/api/images/articulos/DISTRIBUCION/20332.jpg,,0,0,blanco,pendiente,
37410,ALSART 80 MG X 30 CAPSULAS,https://mav.farmaciasaas.com/api/images/articulos/DISTRIBUCION/20333.jpg,,0,0,blanco,pendiente,
37411,ALURON 300 MG X 20 COMPRIMIDOS,https://mav.farmaciasaas.com/api/images/articulos/DISTRIBUCION/13540.jpg,,0,0,blanco,pendiente,
37412,ALURON 100 MG X 30 TABLETAS,https://mav.farmaciasaas.com/api/images/articulos/DISTRIBUCION/119.jpg,,0,0,blanco,pendiente,
37413,AMANIRIS 81 MG X 30 COMPRIMIDOS CON CUBIERTA ENTERICA,https://mav.farmaciasaas.com/api/images/articulos/DISTRIBUCION/29745.jpg,,0,0,blanco,pendiente,
37417,AMBROXOL CLORHIDRATO - LORATADINA 30 MG - 5 MG / 5 ML JARABE,https://pccentro.net.ve/img/s/8/0/1/5/3/80153-large_default.webp,,0,0,blanco,pendiente,
37421,AMIODARONA CLORHIDRATO 200 MG X 10 COMPRIMIDOS,https://mav.farmaciasaas.com/api/images/articulos/DISTRIBUCION/3505.jpg,,0,0,blanco,pendiente,
37422,AMIODARONA CLORHIDRATO 200 MG X 10 TABLETAS,https://mav.farmaciasaas.com/api/images/articulos/DISTRIBUCION/4602.jpg,,0,0,blanco,pendiente,
37423,AMLODIPINA 10 MG X 30 COMPRIMIDOS,https://mav.farmaciasaas.com/api/images/articulos/DISTRIBUCION/97973.jpg,,0,0,blanco,pendiente,
37426,AMLODIPINA 5 MG X 30 COMPRIMIDOS,https://mav.farmaciasaas.com/api/images/articulos/DISTRIBUCION/9206.jpg,,0,0,blanco,pendiente,
37427,AMLODIPINA 10 MG X 10 TABLETAS,https://pccentro.net.ve/img/s/8/3/7/7/1/83771-large_default.webp,,0,0,blanco,pendiente,
37428,AMLODIPINA 10 MG X 30 TABLETAS,https://mav.farmaciasaas.com/api/images/articulos/DISTRIBUCION/12054.jpg,,0,0,blanco,pendiente,
37431,AMLODIPINA 5 MG X 10 TABLETAS,https://pccentro.net.ve/img/s/8/3/7/7/2/83772-large_default.webp,,0,0,blanco,pendiente,
37432,AMLODIPINA 5 MG X 30 TABLETAS,https://mav.farmaciasaas.com/api/images/articulos/DISTRIBUCION/10982.jpg,,0,0,blanco,pendiente,
37443,AMOXICILINA 500 MG X 12 CAPSULAS,https://mav.farmaciasaas.com/api/images/articulos/DISTRIBUCION/25978.jpg,,0,0,blanco,pendiente,
37444,AMOXICILINA 250 MG / 5 ML POLVO PARA SUSPENSION ORAL,https://mav.farmaciasaas.com/api/images/articulos/DISTRIBUCION/51378.jpg,,0,0,blanco,pendiente,
37448,AMOXICILINA - ACIDO CLAVULANICO 875 MG - 125 MG COMPRIMIDOS,https://pccentro.net.ve/img/s/7/5/0/2/1/75021-large_default.webp,,0,0,blanco,pendiente,
37449,AMOXIDUO 875 MG X 14 COMPRIMIDOS RECUBIERTOS,https://mav.farmaciasaas.com/api/images/articulos/DISTRIBUCION/1481.jpg,,0,0,blanco,pendiente,
37450,AMOXIVAL 500 MG X 12 CAPSULAS,https://mav.farmaciasaas.com/api/images/articulos/DISTRIBUCION/5739.jpg,,0,0,blanco,pendiente,
37453,AMOXIVAL 875 MG X 20 TABLETAS RECUBIERTAS,https://mav.farmaciasaas.com/api/images/articulos/DISTRIBUCION/98747.jpg,,0,0,blanco,pendiente,
37455,AMPLIDER 50 MG X 10 CAPSULAS BLANDAS,https://mav.farmaciasaas.com/api/images/articulos/DISTRIBUCION/28394.jpg,,0,0,blanco,pendiente,
37456,ANALPER PLUS 500 MG - 10 MG X 10 TABLETAS RECUBIERTAS,https://mav.farmaciasaas.com/api/images/articulos/DISTRIBUCION/7690.jpg,,0,0,blanco,pendiente,
37457,ANANTY FORTE 160 MG / 5 ML SUSPENSION,https://mav.farmaciasaas.com/api/images/articulos/DISTRIBUCION/13266.jpg,,0,0,blanco,pendiente,
37458,ANANTY 120 MG / 5 ML SUSPENSION,https://mav.farmaciasaas.com/api/images/articulos/DISTRIBUCION/6865.jpg,,0,0,blanco,pendiente,
37459,ANANTY 650 MG X 10 TABLETAS,https://mav.farmaciasaas.com/api/images/articulos/DISTRIBUCION/6868.jpg,,0,0,blanco,pendiente,
37460,ANAPIRFLEX 600 MG – 4 MG X 10 TABLETAS RECUBIERTAS,https://mav.farmaciasaas.com/api/images/articulos/DISTRIBUCION/29669.jpg,,0,0,blanco,pendiente,
37461,ANASMOL 5 MG X 10 COMPRIMIDOS,https://pccentro.net.ve/img/s/7/5/7/4/9/75749-large_default.webp,,0,0,blanco,pendiente,
37462,ANASMOL 5 MG X 30 COMPRIMIDOS,https://mav.farmaciasaas.com/api/images/articulos/DISTRIBUCION/95473.jpg,,0,0,blanco,pendiente,
37464,ANGRIP X 8 COMPRIMIDOS,https://mav.farmaciasaas.com/api/images/articulos/DISTRIBUCION/22591.jpg,,0,0,blanco,pendiente,
37465,ANGRIP X 4 COMPRIMIDOS,https://mav.farmaciasaas.com/api/images/articulos/DISTRIBUCION/23940.jpg,,0,0,blanco,pendiente,
37466,ANGRIP X 15 COMPRIMIDOS,https://mav.farmaciasaas.com/api/images/articulos/DISTRIBUCION/51261.jpg,,0,0,blanco,pendiente,
37467,ANSILAN 0.5 MG X 30 COMPRIMIDOS RECUBIERTOS,https://mav.farmaciasaas.com/api/images/articulos/DISTRIBUCION/1297.jpg,,0,0,blanco,pendiente,
37468,ANSILAN 1 MG X 30 COMPRIMIDOS RECUBIERTOS,https://mav.farmaciasaas.com/api/images/articulos/DISTRIBUCION/1298.jpg,,0,0,blanco,pendiente,
37469,ANSILAN 2 MG X 30 COMPRIMIDOS RECUBIERTOS,https://mav.farmaciasaas.com/api/images/articulos/DISTRIBUCION/16881.jpg,,0,0,blanco,pendiente,
37470,ANTAAR 1.25 MG X 30 TABLETAS RECUBIERTAS,https://mav.farmaciasaas.com/api/images/articulos/DISTRIBUCION/29562.jpg,,0,0,blanco,pendiente,
37472,ANTAAR 10 MG X 30 TABLETAS RECUBIERTAS,https://mav.farmaciasaas.com/api/images/articulos/DISTRIBUCION/17094.jpg,,0,0,blanco,pendiente,
37473,ANTIFOM 160 MG X 10 COMPRIMIDOS RECUBIERTOS,https://mav.farmaciasaas.com/api/images/articulos/DISTRIBUCION/23430.jpg,,0,0,blanco,pendiente,
37475,APIRET FORTE 650 MG X 10 TABLETAS,https://mav.farmaciasaas.com/api/images/articulos/DISTRIBUCION/50410.jpg,,0,0,blanco,pendiente,
37478,APIRET 500 MG X 10 TABLETAS,https://mav.farmaciasaas.com/api/images/articulos/DISTRIBUCION/28791.jpg,,0,0,blanco,pendiente,
37482,APLACAL 750 MG X 80 TABLETAS MASTICABLES SABOR A BANANA,https://mav.farmaciasaas.com/api/images/articulos/DISTRIBUCION/52504.jpg,,0,0,blanco,pendiente,
37483,APLACAL 750 MG X 10 TABLETAS MASTICABLES SABOR A BANANA,https://mav.farmaciasaas.com/api/images/articulos/DISTRIBUCION/21600.jpg,,0,0,blanco,pendiente,
37484,APLEXIL 550 MG X 10 TABLETAS RECUBIERTAS,https://mav.farmaciasaas.com/api/images/articulos/DISTRIBUCION/53335.jpg,,0,0,blanco,pendiente,
37485,ARANDA 2.5 MG - 50 MG X 10 CAPSULAS,https://pccentro.net.ve/img/s/7/5/0/7/6/75076-large_default.webp,,0,0,blanco,pendiente,
37486,ARANDA 2.5 MG - 50 MG X 30 CAPSULAS,https://pccentro.net.ve/img/s/1/8/5/4/6/18546-large_default.webp,,0,0,blanco,pendiente,
37487,ARANDA 5 MG - 100 MG X 10 CAPSULAS,https://pccentro.net.ve/img/s/7/5/0/6/8/75068-large_default.webp,,0,0,blanco,pendiente,
37488,ARCOVAL 60 MG X 10 TABLETAS RECUBIERTAS,https://mav.farmaciasaas.com/api/images/articulos/DISTRIBUCION/52031.jpg,,0,0,blanco,pendiente,
37489,ARCOVAL 90 MG X 10 TABLETAS RECUBIERTAS,https://mav.farmaciasaas.com/api/images/articulos/DISTRIBUCION/52032.jpg,,0,0,blanco,pendiente,
37490,ARESAN 20 MG X 30 TABLETAS RECUBIERTAS,https://mav.farmaciasaas.com/api/images/articulos/DISTRIBUCION/22093.jpg,,0,0,blanco,pendiente,
37491,ARESAN 20 MG X 10 TABLETAS RECUBIERTAS,https://mav.farmaciasaas.com/api/images/articulos/DISTRIBUCION/51009.jpg,,0,0,blanco,pendiente,
37492,ARTENOLOL 100 MG X 30 TABLETAS,https://mav.farmaciasaas.com/api/images/articulos/DISTRIBUCION/19753.jpg,,0,0,blanco,pendiente,
37493,ARUDIL 15 MG X 10 TABLETAS RECUBIERTAS,https://mav.farmaciasaas.com/api/images/articulos/DISTRIBUCION/19965.jpg,,0,0,blanco,pendiente,
37494,ARUDIL 15 MG X 30 TABLETAS RECUBIERTAS,https://mav.farmaciasaas.com/api/images/articulos/DISTRIBUCION/19966.jpg,,0,0,blanco,pendiente,
37495,ARUDIL 20 MG X 10 TABLETAS RECUBIERTAS,https://mav.farmaciasaas.com/api/images/articulos/DISTRIBUCION/19058.jpg,,0,0,blanco,pendiente,
37496,ARUDIL 20 MG X 30 TABLETAS RECUBIERTAS,https://mav.farmaciasaas.com/api/images/articulos/DISTRIBUCION/19059.jpg,,0,0,blanco,pendiente,
37497,ASAPROL 81 MG X 100 COMPRIMIDOS ENTERICOS,https://mav.farmaciasaas.com/api/images/articulos/DISTRIBUCION/9092.jpg,,0,0,blanco,pendiente,
37498,ASAPROL 81 MG X 40 COMPRIMIDOS ENTERICOS,https://mav.farmaciasaas.com/api/images/articulos/DISTRIBUCION/99232.jpg,,0,0,blanco,pendiente,
37499,ASARAP 10 MG X 30 COMPRIMIDOS RECUBIERTOS,https://mav.farmaciasaas.com/api/images/articulos/DISTRIBUCION/30076.jpg,,0,0,blanco,pendiente,
37500,ASARAP 15 MG X 30 COMPRIMIDOS RECUBIERTOS,https://mav.farmaciasaas.com/api/images/articulos/DISTRIBUCION/30307.jpg,,0,0,blanco,pendiente,
37501,ASARAP 20 MG X 30 COMPRIMIDOS RECUBIERTOS,https://mav.farmaciasaas.com/api/images/articulos/DISTRIBUCION/50067.jpg,,0,0,blanco,pendiente,
37504,ASPRINIL 81 MG X 40 TABLETAS CON RECUBRIMIENTO ENTERICO,https://mav.farmaciasaas.com/api/images/articulos/DISTRIBUCION/53383.jpg,,0,0,blanco,pendiente,
37505,ASPRINIL 81 MG X 100 TABLETAS CON RECUBRIMIENTO ENTERICO,https://mav.farmaciasaas.com/api/images/articulos/DISTRIBUCION/51425.jpg,,0,0,blanco,pendiente,
37506,ASTRIMOL 2.5 MG X 30 TABLETAS RECUBIERTAS,https://mav.farmaciasaas.com/api/images/articulos/DISTRIBUCION/53167.jpg,,0,0,blanco,pendiente,
37507,ATAMEL FORTE 650 MG X 10 TABLETAS,https://mav.farmaciasaas.com/api/images/articulos/DISTRIBUCION/3689.jpg,,0,0,blanco,pendiente,
37508,ATAMEL 500 MG X 10 TABLETAS,https://mav.farmaciasaas.com/api/images/articulos/DISTRIBUCION/2337.jpg,,0,0,blanco,pendiente,
37509,ATAMEL 500 MG X 20 TABLETAS,https://mav.farmaciasaas.com/api/images/articulos/DISTRIBUCION/3692.jpg,,0,0,blanco,pendiente,
37511,ATENOLOL 100 MG X 30 COMPRIMIDOS,https://pccentro.net.ve/img/s/5/5/5/2/8/55528-large_default.webp,,0,0,blanco,pendiente,
37515,ATORVACOF 20 MG X 14 TABLETAS RECUBIERTAS,https://mav.farmaciasaas.com/api/images/articulos/DISTRIBUCION/98600.jpg,,0,0,blanco,pendiente,
37517,ATORVASTATINA 20 MG X 10 COMPRIMIDOS RECUBIERTOS,https://mav.farmaciasaas.com/api/images/articulos/DISTRIBUCION/4070.jpg,,0,0,blanco,pendiente,
37519,ATORVASTATINA 20 MG X 30 COMPRIMIDOS RECUBIERTOS,https://mav.farmaciasaas.com/api/images/articulos/DISTRIBUCION/97977.jpg,,0,0,blanco,pendiente,
37520,ATORVASTATINA 40 MG X 30 COMPRIMIDOS RECUBIERTOS,https://mav.farmaciasaas.com/api/images/articulos/DISTRIBUCION/98292.jpg,,0,0,blanco,pendiente,
37521,ATORVASTATINA 20 MG X 30 TABLETAS RECUBIERTAS,https://mav.farmaciasaas.com/api/images/articulos/DISTRIBUCION/51293.jpg,,0,0,blanco,pendiente,
37525,ATORVASTATINA 20 MG X 30 TABLETAS RECUBIERTAS,https://pccentro.net.ve/img/s/9/5/9/8/6/95986-large_default.webp,,0,0,blanco,pendiente,
37526,ATRIMON 10 MG X 10 COMPRIMIDOS,https://mav.farmaciasaas.com/api/images/articulos/DISTRIBUCION/527.jpg,,0,0,blanco,pendiente,
37527,ATROBEL 10 MG / ML SOLUCION GOTAS REFORMULADO,https://mav.farmaciasaas.com/api/images/articulos/DISTRIBUCION/22695.jpg,,0,0,blanco,pendiente,
37528,ATROPINA SULFATO 1 MG / ML X 10 AMPOLLAS,https://mav.farmaciasaas.com/api/images/articulos/DISTRIBUCION/50775.jpg,,0,0,blanco,pendiente,
37529,ATROVERAN 10 MG / ML X 10 SOLUCION GOTAS,https://mav.farmaciasaas.com/api/images/articulos/DISTRIBUCION/25310.jpg,,0,0,blanco,pendiente,
37530,ATROVERAN FEM 10 MG-200 MG X 10 COMPRIMIDOS RECUBIERTOS,https://mav.farmaciasaas.com/api/images/articulos/DISTRIBUCION/54524.jpg,,0,0,blanco,pendiente,
37531,AUGMENTIN 500 MG - 125 MG TABLETAS RECUBIERTAS,https://mav.farmaciasaas.com/api/images/articulos/DISTRIBUCION/9781.jpg,,0,0,blanco,pendiente,
37533,AUPREL 90 MG X 20 COMPRIMIDOS RECUBIERTOS,https://mav.farmaciasaas.com/api/images/articulos/DISTRIBUCION/28697.jpg,,0,0,blanco,pendiente,
37534,AVELOX 400 MG X 5 COMPRIMIDOS RECUBIERTOS,https://mav.farmaciasaas.com/api/images/articulos/DISTRIBUCION/11301.jpg,,0,0,blanco,pendiente,
37535,AVODART 0.5 MG CAPSULAS BLANDAS,https://mav.farmaciasaas.com/api/images/articulos/DISTRIBUCION/10278.jpg,,0,0,blanco,pendiente,
37536,AXOKINE 400 MG X 5 COMPRIMIDOS RECUBIERTOS,https://mav.farmaciasaas.com/api/images/articulos/DISTRIBUCION/90556.jpg,,0,0,blanco,pendiente,
37537,AZACARD 81 MG X 30 TABLETAS CON CUBIERTA ENTERICA,https://mav.farmaciasaas.com/api/images/articulos/DISTRIBUCION/4756.jpg,,0,0,blanco,pendiente,
37538,AZACARD 81 MG X 60 TABLETAS CON CUBIERTA ENTERICA,https://mav.farmaciasaas.com/api/images/articulos/DISTRIBUCION/4694.jpg,,0,0,blanco,pendiente,
37539,AZACARD 81 MG X 100 TABLETAS CON CUBIERTA ENTERICA,https://mav.farmaciasaas.com/api/images/articulos/DISTRIBUCION/53427.jpg,,0,0,blanco,pendiente,
37540,AZIMAKROL 1 G X 2 COMPRIMIDOS RECUBIERTOS,https://mav.farmaciasaas.com/api/images/articulos/DISTRIBUCION/91098.jpg,,0,0,blanco,pendiente,
37541,AZIMAKROL 1 G X 5 COMPRIMIDOS RECUBIERTOS,https://mav.farmaciasaas.com/api/images/articulos/DISTRIBUCION/54042.jpg,,0,0,blanco,pendiente,
37542,AZITRODEX 500 MG X 3 TABLETAS RECUBIERTAS,https://mav.farmaciasaas.com/api/images/articulos/DISTRIBUCION/92796.jpg,,0,0,blanco,pendiente,
37543,AZITRODEX 500 MG X 5 TABLETAS RECUBIERTAS,https://mav.farmaciasaas.com/api/images/articulos/DISTRIBUCION/94416.jpg,,0,0,blanco,pendiente,
37548,AZITROMICINA 500 MG X 5 TABLETAS RECUBIERTAS,https://mav.farmaciasaas.com/api/images/articulos/DISTRIBUCION/92571.jpg,,0,0,blanco,pendiente,
37551,BACTEVAL 250 MG - 50 MG X 24 CAPSULAS,https://mav.farmaciasaas.com/api/images/articulos/DISTRIBUCION/8557.jpg,,0,0,blanco,pendiente,
37552,BACTRON FORTE 160 MG - 800 MG X 10 TABLETAS,https://mav.farmaciasaas.com/api/images/articulos/DISTRIBUCION/9770.jpg,,0,0,blanco,pendiente,
37553,BACTRIZOL 5 MG / ML SOLUCION INYECTABLE PARA INFUSION INTRAVENOSA,https://mav.farmaciasaas.com/api/images/articulos/DISTRIBUCION/7496.jpg,,0,0,blanco,pendiente,
37554,BACTRON 80 MG - 400 MG X 20 TABLETAS,https://mav.farmaciasaas.com/api/images/articulos/DISTRIBUCION/345.jpg,,0,0,blanco,pendiente,
37555,BARGONIL 2 % UNGUENTO,https://mav.farmaciasaas.com/api/images/articulos/DISTRIBUCION/9756.jpg,,0,0,blanco,pendiente,
37556,BEHKACIN 500 MG / 2 ML X 1 AMPOLLA,https://mav.farmaciasaas.com/api/images/articulos/DISTRIBUCION/52498.jpg,,0,0,blanco,pendiente,
37557,BENCIDAMINA CLORHIDRATO 0.15 % SOLUCION TOPICA BUCAL,https://mav.farmaciasaas.com/api/images/articulos/DISTRIBUCION/13344.jpg,,0,0,blanco,pendiente,
37558,BENDAMEN 100 MG / 5 ML SUSPENSION,https://mav.farmaciasaas.com/api/images/articulos/DISTRIBUCION/4846.jpg,,0,0,blanco,pendiente,
37559,BENDAMEN 100 MG X 6 TABLETAS,https://mav.farmaciasaas.com/api/images/articulos/DISTRIBUCION/4845.jpg,,0,0,blanco,pendiente,
37560,BENFLUX 30 MG X 20 TABLETAS,https://mav.farmaciasaas.com/api/images/articulos/DISTRIBUCION/7033.jpg,,0,0,blanco,pendiente,
37561,BENZODIAZOL 0.25 MG - 5 MG X 16 PASTILLAS SABOR A LIMON - MIEL,https://mav.farmaciasaas.com/api/images/articulos/DISTRIBUCION/97346.jpg,,0,0,blanco,pendiente,
37562,BENZODIAZOL 0.25 MG - 5 MG X 16 PASTILLAS SABOR A MENTA,https://mav.farmaciasaas.com/api/images/articulos/DISTRIBUCION/97346.jpg,,0,0,blanco,pendiente,
37564,BENZODIAZOL 0.25 MG - 5 MG X 16 PASTILLAS SABOR A TUTTI FRUTTI,https://mav.farmaciasaas.com/api/images/articulos/DISTRIBUCION/97346.jpg,,0,0,blanco,pendiente,
37565,BEPRODERM 0.05 % - 0.1 % CREMA,https://mav.farmaciasaas.com/api/images/articulos/DISTRIBUCION/94044.jpg,,0,0,blanco,pendiente,
37568,BETAGEN 4 MG / ML X 1 AMPOLLA,https://mav.farmaciasaas.com/api/images/articulos/DISTRIBUCION/4359.jpg,,0,0,blanco,pendiente,
37569,BETAGEN 12 MG / 3 ML X 1 AMPOLLA,https://mav.farmaciasaas.com/api/images/articulos/DISTRIBUCION/13138.jpg,,0,0,blanco,pendiente,
37571,BETAHISTINA 16 MG X 20 TABLETAS RECUBIERTAS,https://pccentro.net.ve/img/s/1/9/3/6/0/19360-large_default.webp,,0,0,blanco,pendiente,
37572,BETAMETASONA - GENTAMICINA - CLOTRIMAZOL 0.5 MG - 1 MG - 10 MG CREMA,https://pccentro.net.ve/img/s/7/3/4/0/9/73409-large_default.webp,,0,0,blanco,pendiente,
37577,BIOCOR AMLO 20 MG - 5 MG X 30 TABLETAS RECUBIERTAS,https://mav.farmaciasaas.com/api/images/articulos/DISTRIBUCION/17705.jpg,,0,0,blanco,pendiente,
37578,BIOCOR AMLO 40 MG - 5 MG X 30 TABLETAS RECUBIERTAS,https://mav.farmaciasaas.com/api/images/articulos/DISTRIBUCION/17706.jpg,,0,0,blanco,pendiente,
37579,BIOCOR 40 MG X 30 TABLETAS RECUBIERTAS,https://mav.farmaciasaas.com/api/images/articulos/DISTRIBUCION/15628.jpg,,0,0,blanco,pendiente,
37580,BIOTALOL 2.5 MG X 10 COMPRIMIDOS RECUBIERTOS,https://mav.farmaciasaas.com/api/images/articulos/DISTRIBUCION/30302.jpg,,0,0,blanco,pendiente,
37581,BIOTALOL 2.5 MG X 30 COMPRIMIDOS RECUBIERTOS,https://mav.farmaciasaas.com/api/images/articulos/DISTRIBUCION/98616.jpg,,0,0,blanco,pendiente,
37582,BIOTALOL 1.25 MG X 30 COMPRIMIDOS RECUBIERTOS,https://mav.farmaciasaas.com/api/images/articulos/DISTRIBUCION/26929.jpg,,0,0,blanco,pendiente,
37583,BIOTALOL 10 MG X 30 COMPRIMIDOS RECUBIERTOS,https://mav.farmaciasaas.com/api/images/articulos/DISTRIBUCION/98614.jpg,,0,0,blanco,pendiente,
37584,BIPRIN 300 MG X 10 CAPSULAS BLANDAS,https://mav.farmaciasaas.com/api/images/articulos/DISTRIBUCION/9940.jpg,,0,0,blanco,pendiente,
37585,BIPROLIL HCT 5 MG - 6.25 MG X 30 COMPRIMIDOS RECUBIERTOS,https://mav.farmaciasaas.com/api/images/articulos/DISTRIBUCION/54525.jpg,,0,0,blanco,pendiente,
37588,BISOBLOC H 5 MG - 6.25 MG TABLETAS RECUBIERTAS,https://mav.farmaciasaas.com/api/images/articulos/DISTRIBUCION/19057.jpg,,0,0,blanco,pendiente,
37589,BISOPROLOL FUMARATO 5 MG X 30 TABLETAS RECUBIERTAS,https://mav.farmaciasaas.com/api/images/articulos/DISTRIBUCION/97001.jpg,,0,0,blanco,pendiente,
37590,BISOPROLOL FUMARATO 2.5 MG X 30 COMPRIMIDOS RECUBIERTOS,https://mav.farmaciasaas.com/api/images/articulos/DISTRIBUCION/98667.jpg,,0,0,blanco,pendiente,
37593,BISOPROLOL FUMARATO 10 MG X 30 TABLETAS RECUBIERTAS,https://mav.farmaciasaas.com/api/images/articulos/DISTRIBUCION/53140.jpg,,0,0,blanco,pendiente,
37596,BLOCAX PLUS 16 MG - 12.5 MG X 10 TABLETAS,https://mav.farmaciasaas.com/api/images/articulos/DISTRIBUCION/99775.jpg,,0,0,blanco,pendiente,
37597,BLOCAX PLUS 16 MG - 12.5 MG X 30 TABLETAS,https://mav.farmaciasaas.com/api/images/articulos/DISTRIBUCION/19969.jpg,,0,0,blanco,pendiente,
37598,BLOCAX 8 MG X 10 TABLETAS,https://mav.farmaciasaas.com/api/images/articulos/DISTRIBUCION/13408.jpg,,0,0,blanco,pendiente,
37599,BLOCAX 8 MG X 30 TABLETAS,https://mav.farmaciasaas.com/api/images/articulos/DISTRIBUCION/15065.jpg,,0,0,blanco,pendiente,
37600,BLOKIUM 100 MG X 30 COMPRIMIDOS,https://mav.farmaciasaas.com/api/images/articulos/DISTRIBUCION/4312.jpg,,0,0,blanco,pendiente,
37601,BRASARTAN 80 MG X 30 TABLETAS RECUBIERTAS,https://mav.farmaciasaas.com/api/images/articulos/DISTRIBUCION/19231.jpg,,0,0,blanco,pendiente,
37602,BRASARTAN CTDN 80 MG - 12.5 MG X 10 TABLETAS RECUBIERTAS,https://pccentro.net.ve/img/s/2/3/8/4/3/23843-large_default.webp,,0,0,blanco,pendiente,
37603,BRASARTAN CTDN 80 MG - 12.5 MG X 30 TABLETAS RECUBIERTAS,https://mav.farmaciasaas.com/api/images/articulos/DISTRIBUCION/22884.jpg,,0,0,blanco,pendiente,
37605,BREINOX 800 MG X 30 TABLETAS,https://mav.farmaciasaas.com/api/images/articulos/DISTRIBUCION/4274.jpg,,0,0,blanco,pendiente,
37606,BRESIS 600 MG X 20 COMPRIMIDOS RECUBIERTOS,https://mav.farmaciasaas.com/api/images/articulos/DISTRIBUCION/54187.jpg,,0,0,blanco,pendiente,
37607,BRESIS 600 MG X 30 COMPRIMIDOS RECUBIERTOS,https://mav.farmaciasaas.com/api/images/articulos/DISTRIBUCION/53310.jpg,,0,0,blanco,pendiente,
37608,BREXIN 100 MG / ML SOLUCION ORAL,https://mav.farmaciasaas.com/api/images/articulos/DISTRIBUCION/4861.jpg,,0,0,blanco,pendiente,
37609,BROFLEMA 8 MG / 5 ML SOLUCION ORAL,https://mav.farmaciasaas.com/api/images/articulos/DISTRIBUCION/94046.jpg,,0,0,blanco,pendiente,
37610,BROFLEMA 4 MG - 5 ML JARABE,https://mav.farmaciasaas.com/api/images/articulos/DISTRIBUCION/52164.jpg,,0,0,blanco,pendiente,
37611,BROLAT 5 MG - 30 MG X 10 TABLETAS,https://mav.farmaciasaas.com/api/images/articulos/DISTRIBUCION/98629.jpg,,0,0,blanco,pendiente,
37612,BROMAZEPAM 3 MG X 30 COMPRIMIDOS,https://mav.farmaciasaas.com/api/images/articulos/DISTRIBUCION/1301.jpg,,0,0,blanco,pendiente,
37613,BROMAZEPAM 6 MG X 30 COMPRIMIDOS,https://mav.farmaciasaas.com/api/images/articulos/DISTRIBUCION/1302.jpg,,0,0,blanco,pendiente,
37618,BROMURO DE IPRATROPIO 20 MCG / DOSIS SOLUCION PARA INHALACION ORAL,https://pccentro.net.ve/img/s/8/0/3/3/1/80331-large_default.webp,,0,0,blanco,pendiente,
37619,BRUDOL 200 MG - 65 MG X 20 COMPRIMIDOS RECUBIERTOS,https://mav.farmaciasaas.com/api/images/articulos/DISTRIBUCION/16419.jpg,,0,0,blanco,pendiente,
37620,BRUDOL 400 MG - 65 MG X 20 COMPRIMIDOS RECUBIERTOS,https://mav.farmaciasaas.com/api/images/articulos/DISTRIBUCION/16420.jpg,,0,0,blanco,pendiente,
37621,BRUGESIC 400 MG X 10 COMPRIMIDOS,https://mav.farmaciasaas.com/api/images/articulos/DISTRIBUCION/22102.jpg,,0,0,blanco,pendiente,
37622,BRUGESIC FORTE 200 MG / 5 ML X 10 SUSPENSION ORAL,https://pccentro.net.ve/img/s/1/9/4/2/2/19422-large_default.webp,,0,0,blanco,pendiente,
37623,BRUGESIC FORTE 800 MG X 10 COMPRIMIDOS,https://mav.farmaciasaas.com/api/images/articulos/DISTRIBUCION/27805.jpg,,0,0,blanco,pendiente,
37625,BUCOXOLGAR 3 MG - 1 MG X 12 TABLETAS MASTICABLES SABOR A MIEL LIMON,https://mav.farmaciasaas.com/api/images/articulos/DISTRIBUCION/19870.jpg,,0,0,blanco,pendiente,
37626,BUDECORT 1 MG / ML SUSPENSION PARA INHALAR,https://mav.farmaciasaas.com/api/images/articulos/DISTRIBUCION/30268.jpg,,0,0,blanco,pendiente,
37627,BUDEQUIT 1 MG / ML SUSPENSION PARA INHALACION ORAL,https://mav.farmaciasaas.com/api/images/articulos/DISTRIBUCION/54403.jpg,,0,0,blanco,pendiente,
37628,BUMELEX 0.5 MG / 2 ML X 3 AMPOLLAS,https://mav.farmaciasaas.com/api/images/articulos/DISTRIBUCION/6678.jpg,,0,0,blanco,pendiente,
37629,BUMELEX 1 MG X 30 COMPRIMIDOS,https://mav.farmaciasaas.com/api/images/articulos/DISTRIBUCION/50048.jpg,,0,0,blanco,pendiente,
37630,BUMELEX 1 MG X 16 COMPRIMIDOS,https://mav.farmaciasaas.com/api/images/articulos/DISTRIBUCION/1999.jpg,,0,0,blanco,pendiente,
37631,BUMETIN RETARD 300 MG X 20 TABLETAS DE LIBERACION PROLONGADA,https://mav.farmaciasaas.com/api/images/articulos/DISTRIBUCION/8304.jpg,,0,0,blanco,pendiente,
37633,BUTAL 8 MG X 20 TABLETAS RECUBIERTAS,https://mav.farmaciasaas.com/api/images/articulos/DISTRIBUCION/52802.jpg,,0,0,blanco,pendiente,
37635,BUTILAMINA COMPUESTA 10 MG - 250 MG X 20 TABLETAS RECUBIERTAS,https://pccentro.net.ve/img/s/7/8/7/1/6/78716-large_default.webp,,0,0,blanco,pendiente,
37636,CABERTRIX 0.5 MG X 4 COMPRIMIDOS,https://mav.farmaciasaas.com/api/images/articulos/DISTRIBUCION/29371.jpg,,0,0,blanco,pendiente,
37641,CALCITREX D3 950 MG - 200 UI X 30 TABLETAS,https://mav.farmaciasaas.com/api/images/articulos/DISTRIBUCION/5529.jpg,,0,0,blanco,pendiente,
37642,CALMOX 15 MG X 10 TABLETAS,https://mav.farmaciasaas.com/api/images/articulos/DISTRIBUCION/644.jpg,,0,0,blanco,pendiente,
37643,CALMOX 15 MG X 20 TABLETAS,https://mav.farmaciasaas.com/api/images/articulos/DISTRIBUCION/24411.jpg,,0,0,blanco,pendiente,
37644,CALMOX 7.5 MG X 10 TABLETAS,https://mav.farmaciasaas.com/api/images/articulos/DISTRIBUCION/643.jpg,,0,0,blanco,pendiente,
37645,CALOXPIRINA 81 MG X 30 TABLETAS ENTERICAS,https://mav.farmaciasaas.com/api/images/articulos/DISTRIBUCION/92195.jpg,,0,0,blanco,pendiente,
37646,CALOXPIRINA 81 MG X 100 TABLETAS ENTERICAS,https://mav.farmaciasaas.com/api/images/articulos/DISTRIBUCION/29545.jpg,,0,0,blanco,pendiente,
37647,CAMPAL 1 % GEL,https://mav.farmaciasaas.com/api/images/articulos/DISTRIBUCION/53178.jpg,,0,0,blanco,pendiente,
37649,CANDER HCT 16 MG - 12.5 MG X 30 TABLETAS,https://mav.farmaciasaas.com/api/images/articulos/DISTRIBUCION/99153.jpg,,0,0,blanco,pendiente,
37651,CANDER 32 MG X 30 TABLETAS,https://mav.farmaciasaas.com/api/images/articulos/DISTRIBUCION/14972.jpg,,0,0,blanco,pendiente,
37652,CANDER 32 MG X 15 TABLETAS,https://mav.farmaciasaas.com/api/images/articulos/DISTRIBUCION/51481.jpg,,0,0,blanco,pendiente,
37653,CANDER 8 MG X 10 TABLETAS,https://mav.farmaciasaas.com/api/images/articulos/DISTRIBUCION/50515.jpg,,0,0,blanco,pendiente,
37654,CANDER 8 MG X 30 TABLETAS,https://pccentro.net.ve/img/s/2/4/0/1/6/24016-large_default.webp,,0,0,blanco,pendiente,
37656,CANDESARTAN CILEXETILO 16 MG X 10 COMPRIMIDOS,https://mav.farmaciasaas.com/api/images/articulos/DISTRIBUCION/53047.jpg,,0,0,blanco,pendiente,
37657,CANDESARTAN 8 MG X 10 COMPRIMIDOS,https://mav.farmaciasaas.com/api/images/articulos/DISTRIBUCION/51789.jpg,,0,0,blanco,pendiente,
37658,CANDESARTAN 8 MG X 30 COMPRIMIDOS,https://mav.farmaciasaas.com/api/images/articulos/DISTRIBUCION/14216.jpg,,0,0,blanco,pendiente,
37659,CANDESARTAN CILEXETIL 16 MG X 28 TABLETAS,https://mav.farmaciasaas.com/api/images/articulos/DISTRIBUCION/50190.jpg,,0,0,blanco,pendiente,
37660,CANDESARTAN CILEXETIL 16 MG X 10 TABLETAS,https://mav.farmaciasaas.com/api/images/articulos/DISTRIBUCION/50190.jpg,,0,0,blanco,pendiente,
37661,CANDESARTAN CILEXETIL 16 MG X 30 TABLETAS,https://mav.farmaciasaas.com/api/images/articulos/DISTRIBUCION/50190.jpg,,0,0,blanco,pendiente,
37662,CANDESARTAN CILEXETIL 8 MG X 28 TABLETAS,https://mav.farmaciasaas.com/api/images/articulos/DISTRIBUCION/94869.jpg,,0,0,blanco,pendiente,
37663,CANDESARTAN 8 MG X 30 TABLETAS,https://mav.farmaciasaas.com/api/images/articulos/DISTRIBUCION/23944.jpg,,0,0,blanco,pendiente,
37664,CANDETIQUE 16 MG X 30 TABLETAS,https://mav.farmaciasaas.com/api/images/articulos/DISTRIBUCION/27011.jpg,,0,0,blanco,pendiente,
37666,CANTIP 16 MG X 30 COMPRIMIDOS,https://mav.farmaciasaas.com/api/images/articulos/DISTRIBUCION/29751.jpg,,0,0,blanco,pendiente,
37667,CANTIP 8 MG X 30 COMPRIMIDOS,https://pccentro.net.ve/img/s/6/8/9/0/5/68905-large_default.webp,,0,0,blanco,pendiente,
37669,CAPTOPRIL 25 MG X 30 COMPRIMIDOS,https://mav.farmaciasaas.com/api/images/articulos/DISTRIBUCION/97972.jpg,,0,0,blanco,pendiente,
37672,CAPTOPRIL 25 MG X 30 TABLETAS,https://mav.farmaciasaas.com/api/images/articulos/DISTRIBUCION/99739.jpg,,0,0,blanco,pendiente,
37673,CAPTOPRIL 50 MG X 30 TABLETAS,https://mav.farmaciasaas.com/api/images/articulos/DISTRIBUCION/99741.jpg,,0,0,blanco,pendiente,
37674,CARBAMAZEPINA 200 MG X 30 COMPRIMIDOS,https://mav.farmaciasaas.com/api/images/articulos/DISTRIBUCION/99338.jpg,,0,0,blanco,pendiente,
37675,CARBAMAZEPINA 200 MG X 30 COMPRIMIDOS,https://mav.farmaciasaas.com/api/images/articulos/DISTRIBUCION/51392.jpg,,0,0,blanco,pendiente,
37681,CARBATIL 12.5 MG X 30 TABLETAS,https://mav.farmaciasaas.com/api/images/articulos/DISTRIBUCION/6143.jpg,,0,0,blanco,pendiente,
37683,CARBATIL 6.25 MG X 30 TABLETAS,https://mav.farmaciasaas.com/api/images/articulos/DISTRIBUCION/6142.jpg,,0,0,blanco,pendiente,
37684,CARBONATO DE LITIO 300 MG X 20 CAPSULAS,https://mav.farmaciasaas.com/api/images/articulos/DISTRIBUCION/4553.jpg,,0,0,blanco,pendiente,
37686,CARDIPIRINA 80 MG X 30 CAPSULAS CON MICROGRANULOS CON CUBIERTA ENTERICA,https://mav.farmaciasaas.com/api/images/articulos/DISTRIBUCION/4758.jpg,,0,0,blanco,pendiente,
37687,CARIBAN 10 MG-10 MG X 30 COMPRIMIDOS ENTERICOS,https://mav.farmaciasaas.com/api/images/articulos/DISTRIBUCION/99559.jpg,,0,0,blanco,pendiente,
37688,CARNISIN 1 G / 10 ML SOLUCION ORAL LIBRE DE AZUCAR,https://mav.farmaciasaas.com/api/images/articulos/DISTRIBUCION/50337.jpg,,0,0,blanco,pendiente,
37689,CARVEDIL 12.5 MG X 30 TABLETAS RECUBIERTAS,https://mav.farmaciasaas.com/api/images/articulos/DISTRIBUCION/94090.jpg,,0,0,blanco,pendiente,
37690,CARVEDIL 6.25 MG X 30 TABLETAS RECUBIERTAS,https://pccentro.net.ve/img/s/5/6/2/6/1/56261-large_default.webp,,0,0,blanco,pendiente,
37691,CARVEDILOL 12.5 MG X 30 COMPRIMIDOS,https://mav.farmaciasaas.com/api/images/articulos/DISTRIBUCION/99061.jpg,,0,0,blanco,pendiente,
37697,CARVEDILOL 25 MG X 30 COMPRIMIDOS,https://pccentro.net.ve/img/s/4/0/4/7/4/40474-large_default.webp,,0,0,blanco,pendiente,
37699,CARVEDILOL 6.25 MG X 30 TABLETAS RECUBIERTAS,https://mav.farmaciasaas.com/api/images/articulos/DISTRIBUCION/54223.jpg,,0,0,blanco,pendiente,
37700,CARVEDILOL 6.25 MG X 20 TABLETAS RECUBIERTAS,https://mav.farmaciasaas.com/api/images/articulos/DISTRIBUCION/9486.jpg,,0,0,blanco,pendiente,
37701,CARVEDILOL 25 MG X 14 TABLETAS RECUBIERTAS,https://pccentro.net.ve/img/s/8/3/8/7/1/83871-large_default.webp,,0,0,blanco,pendiente,
37702,CARVEDILOL 25 MG X 28 TABLETAS RECUBIERTAS,https://mav.farmaciasaas.com/api/images/articulos/DISTRIBUCION/30061.jpg,,0,0,blanco,pendiente,
37703,CEBION 1 G X 10 TABLETAS EFERVESCENTES SABOR A NARANJA,https://mav.farmaciasaas.com/api/images/articulos/DISTRIBUCION/5017.jpg,,0,0,blanco,pendiente,
37706,CEFADROXILO 500 MG X 10 CAPSULAS,https://mav.farmaciasaas.com/api/images/articulos/DISTRIBUCION/22822.jpg,,0,0,blanco,pendiente,
37710,CEFALOTINA 1 G X 10 AMPOLLAS,https://mav.farmaciasaas.com/api/images/articulos/DISTRIBUCION/51987.jpg,,0,0,blanco,pendiente,
37712,CEFIXIMA 400 MG X 5 CAPSULAS,https://mav.farmaciasaas.com/api/images/articulos/DISTRIBUCION/29896.jpg,,0,0,blanco,pendiente,
37716,CEFONAX 500 MG X 16 CAPSULAS,https://mav.farmaciasaas.com/api/images/articulos/DISTRIBUCION/11648.jpg,,0,0,blanco,pendiente,
37721,CELAY 5 MG / 5 ML SOLUCION ORAL,https://mav.farmaciasaas.com/api/images/articulos/DISTRIBUCION/96253.jpg,,0,0,blanco,pendiente,
37723,CELESTREN 0.075 MG X 28 TABLETAS RECUBIERTAS,https://mav.farmaciasaas.com/api/images/articulos/DISTRIBUCION/50668.jpg,,0,0,blanco,pendiente,
37724,CETERIX 5 MG / 5 ML SOLUCION ORAL,https://mav.farmaciasaas.com/api/images/articulos/DISTRIBUCION/53603.jpg,,0,0,blanco,pendiente,
37725,CETIDEX 5 MG / 5 ML SOLUCION ORAL,https://mav.farmaciasaas.com/api/images/articulos/DISTRIBUCION/54330.jpg,,0,0,blanco,pendiente,
37726,CETIRIZINA DICLORHIDRATO 10 MG X 10 TABLETAS RECUBIERTAS,https://mav.farmaciasaas.com/api/images/articulos/DISTRIBUCION/1505.jpg,,0,0,blanco,pendiente,
37728,CETIRIZINA 10 MG X 10 COMPRIMIDOS RECUBIERTOS,https://mav.farmaciasaas.com/api/images/articulos/DISTRIBUCION/11497.jpg,,0,0,blanco,pendiente,
37729,CETIRIZINA 1 MG / ML SOLUCION ORAL,https://mav.farmaciasaas.com/api/images/articulos/DISTRIBUCION/7587.jpg,,0,0,blanco,pendiente,
37731,CETRAL D 5 MG - 60 MG / 5 ML SOLUCION ORAL,https://mav.farmaciasaas.com/api/images/articulos/DISTRIBUCION/91326.jpg,,0,0,blanco,pendiente,
37732,CETRAL 10 MG / ML SOLUCION ORAL,https://mav.farmaciasaas.com/api/images/articulos/DISTRIBUCION/645.jpg,,0,0,blanco,pendiente,
37733,CETRAL 10 MG X 10 TABLETAS,https://mav.farmaciasaas.com/api/images/articulos/DISTRIBUCION/626.jpg,,0,0,blanco,pendiente,
37736,CIALIS 20 MG X 1 COMPRIMIDO RECUBIERTO,https://mav.farmaciasaas.com/api/images/articulos/DISTRIBUCION/3344.jpg,,0,0,blanco,pendiente,
37737,CIATAL 500 MG / 2 ML X 1 AMPOLLA,https://mav.farmaciasaas.com/api/images/articulos/DISTRIBUCION/51327.jpg,,0,0,blanco,pendiente,
37738,CIATAL 500 MG / 2 ML X 9 AMPOLLAS,https://mav.farmaciasaas.com/api/images/articulos/DISTRIBUCION/25233.jpg,,0,0,blanco,pendiente,
37739,CICLOFTAL1 % SOLUCION OFTALMICA,https://mav.farmaciasaas.com/api/images/articulos/DISTRIBUCION/9675.jpg,,0,0,blanco,pendiente,
37740,CICLOKAN 500 MG / 5 ML X 1 AMPOLLA,https://mav.farmaciasaas.com/api/images/articulos/DISTRIBUCION/94107.jpg,,0,0,blanco,pendiente,
37741,CICLOKAN 500 MG X 21 COMPRIMIDOS RECUBIERTOS,https://mav.farmaciasaas.com/api/images/articulos/DISTRIBUCION/16882.jpg,,0,0,blanco,pendiente,
37743,CIFARCAINA AL 1 % SOLUCION INYECTABLE,https://mav.farmaciasaas.com/api/images/articulos/DISTRIBUCION/836.jpg,,0,0,blanco,pendiente,
37746,CINAREN 75 MG X 20 CAPSULAS,https://mav.farmaciasaas.com/api/images/articulos/DISTRIBUCION/7434.jpg,,0,0,blanco,pendiente,
37747,CINAREN 25 MG X 30 COMPRIMIDOS,https://mav.farmaciasaas.com/api/images/articulos/DISTRIBUCION/28507.jpg,,0,0,blanco,pendiente,
37748,CINNARIZINA 75 MG X 10 CAPSULAS,https://mav.farmaciasaas.com/api/images/articulos/DISTRIBUCION/90809.jpg,,0,0,blanco,pendiente,
37750,CIPROFLOX 500 MG X 12 TABLETAS RECUBIERTAS,https://mav.farmaciasaas.com/api/images/articulos/DISTRIBUCION/91927.jpg,,0,0,blanco,pendiente,
37757,CIPROFLOXACINA 500 MG X 14 TABLETAS RECUBIERTAS,https://mav.farmaciasaas.com/api/images/articulos/DISTRIBUCION/12057.jpg,,0,0,blanco,pendiente,
37762,CIPROFLOXACINO 500 MG X 14 TABLETAS RECUBIERTAS,https://mav.farmaciasaas.com/api/images/articulos/DISTRIBUCION/54467.jpg,,0,0,blanco,pendiente,
37764,CITICOLINA 500 MG X 10 TABLETAS RECUBIERTAS,https://mav.farmaciasaas.com/api/images/articulos/DISTRIBUCION/9109.jpg,,0,0,blanco,pendiente,
37765,CITICOLINA 500 MG X 30 TABLETAS RECUBIERTAS,https://mav.farmaciasaas.com/api/images/articulos/DISTRIBUCION/22770.jpg,,0,0,blanco,pendiente,
37770,CLARITROMICINA 500 MG X 10 TABLETAS RECUBIERTAS,https://mav.farmaciasaas.com/api/images/articulos/DISTRIBUCION/1501.jpg,,0,0,blanco,pendiente,
37772,CLENBUNAL 0.020 MG X 10 COMPRIMIDOS,https://mav.farmaciasaas.com/api/images/articulos/DISTRIBUCION/7942.jpg,,0,0,blanco,pendiente,
37773,CLENBUNAL 0.020 MG X 20 COMPRIMIDOS,https://mav.farmaciasaas.com/api/images/articulos/DISTRIBUCION/5981.jpg,,0,0,blanco,pendiente,
37776,CLENBUTEROL CLORHIDRATO 10 MCG / 5 ML JARABE,https://mav.farmaciasaas.com/api/images/articulos/DISTRIBUCION/54332.jpg,,0,0,blanco,pendiente,
37779,CLENBUNAL 0.01 MG / 5 ML JARABE,https://mav.farmaciasaas.com/api/images/articulos/DISTRIBUCION/7209.jpg,,0,0,blanco,pendiente,
37780,CLENOSAN 90 MG X 30 COMPRIMIDOS RECUBIERTOS,https://mav.farmaciasaas.com/api/images/articulos/DISTRIBUCION/52057.jpg,,0,0,blanco,pendiente,
37781,CLINAC 1 % - 5 % GEL,https://mav.farmaciasaas.com/api/images/articulos/DISTRIBUCION/14908.jpg,,0,0,blanco,pendiente,
37782,CLINDAMICINA 600 MG / 4 ML X 1 AMPOLLA,https://mav.farmaciasaas.com/api/images/articulos/DISTRIBUCION/5821.jpg,,0,0,blanco,pendiente,
37785,CLODOXIN 10 MG - 100 MG X 10 COMPRIMIDOS RECUBIERTOS,https://mav.farmaciasaas.com/api/images/articulos/DISTRIBUCION/29066.jpg,,0,0,blanco,pendiente,
37786,CLOFEN 100 MG X 10 CAPSULAS DE ACCION PROLONGADA,https://mav.farmaciasaas.com/api/images/articulos/DISTRIBUCION/433.jpg,,0,0,blanco,pendiente,
37789,CLONATRIL 0.5 MG X 30 COMPRIMIDOS,https://pccentro.net.ve/img/s/2/4/1/6/2/24162-large_default.webp,,0,0,blanco,pendiente,
37790,CLONATRIL 1 MG X 30 COMPRIMIDOS,https://mav.farmaciasaas.com/api/images/articulos/DISTRIBUCION/20153.jpg,,0,0,blanco,pendiente,
37791,CLONATRIL 2 MG X 30 COMPRIMIDOS,https://mav.farmaciasaas.com/api/images/articulos/DISTRIBUCION/6642.jpg,,0,0,blanco,pendiente,
37794,CLONIDINA CLORHIDRATO 0.150 MG / ML X 2 AMPOLLAS,https://mav.farmaciasaas.com/api/images/articulos/DISTRIBUCION/2086.jpg,,0,0,blanco,pendiente,
37796,CLONIPRES 0.150 MG X 20 COMPRIMIDOS,https://mav.farmaciasaas.com/api/images/articulos/DISTRIBUCION/8267.jpg,,0,0,blanco,pendiente,
37797,CLONIPRES 0.150 MG / ML X 3 AMPOLLAS,https://pccentro.net.ve/img/s/7/4/6/6/6/74666-large_default.webp,,0,0,blanco,pendiente,
37798,CLONZEP 0.5 MG X 30 TABLETAS,https://mav.farmaciasaas.com/api/images/articulos/DISTRIBUCION/13114.jpg,,0,0,blanco,pendiente,
37799,CLONZEP 2 MG X 30 TABLETAS,https://mav.farmaciasaas.com/api/images/articulos/DISTRIBUCION/13115.jpg,,0,0,blanco,pendiente,
37800,CLOPIDEX 75 MG X 30 TABLETAS RECUBIERTAS,https://mav.farmaciasaas.com/api/images/articulos/DISTRIBUCION/94886.jpg,,0,0,blanco,pendiente,
37801,CLOPIDOGREL 75 MG X 14 COMPRIMIDOS RECUBIERTOS,https://mav.farmaciasaas.com/api/images/articulos/DISTRIBUCION/52340.jpg,,0,0,blanco,pendiente,
37804,CLOPIDOGREL 75 MG X 14 TABLETAS RECUBIERTAS,https://mav.farmaciasaas.com/api/images/articulos/DISTRIBUCION/96822.jpg,,0,0,blanco,pendiente,
37808,CLOPIVAL 75 MG X 30 TABLETAS RECUBIERTAS,https://mav.farmaciasaas.com/api/images/articulos/DISTRIBUCION/11595.jpg,,0,0,blanco,pendiente,
37809,CLOPTAN 75 MG X 30 TABLETAS RECUBIERTAS,https://mav.farmaciasaas.com/api/images/articulos/DISTRIBUCION/20161.jpg,,0,0,blanco,pendiente,
37811,CLORACE 500 MG - 4 MG X 20 TABLETAS,https://mav.farmaciasaas.com/api/images/articulos/DISTRIBUCION/97306.jpg,,0,0,blanco,pendiente,
37812,CLORACE 500 MG - 4 MG X 10 TABLETAS,https://mav.farmaciasaas.com/api/images/articulos/DISTRIBUCION/9598.jpg,,0,0,blanco,pendiente,
37813,CLORACOLD 30 MG - 5 MG / 5 ML SOLUCION ORAL,https://mav.farmaciasaas.com/api/images/articulos/DISTRIBUCION/53063.jpg,,0,0,blanco,pendiente,
37815,DOPALEN 200 MG X 10 CAPSULAS DE LIBERACION PROLONGADA,https://mav.farmaciasaas.com/api/images/articulos/DISTRIBUCION/28633.jpg,,0,0,blanco,pendiente,
37822,CLOTRIMAZOL 10 % CREMA VAGINAL,https://mav.farmaciasaas.com/api/images/articulos/DISTRIBUCION/15301.jpg,,0,0,blanco,pendiente,
37826,CODEBROMIL PLUS 15 MG - 3 MG / 15 ML JARABE,https://mav.farmaciasaas.com/api/images/articulos/DISTRIBUCION/19724.jpg,,0,0,blanco,pendiente,
37828,COLFENE 400 MG - 4 MG X 10 COMPRIMIDOS RECUBIERTOS,https://mav.farmaciasaas.com/api/images/articulos/DISTRIBUCION/6165.jpg,,0,0,blanco,pendiente,
37829,COLFENE 600 MG - 4 MG X 15 COMPRIMIDOS RECUBIERTOS,https://mav.farmaciasaas.com/api/images/articulos/DISTRIBUCION/97446.jpg,,0,0,blanco,pendiente,
37833,COLVAL 4 MG X 12 COMPRIMIDOS,https://mav.farmaciasaas.com/api/images/articulos/DISTRIBUCION/8062.jpg,,0,0,blanco,pendiente,
37834,COLYPAN 200 MG X 10 TABLETAS,https://mav.farmaciasaas.com/api/images/articulos/DISTRIBUCION/16762.jpg,,0,0,blanco,pendiente,
37836,CONEXINE 50 MG X 30 COMPRIMIDOS RECUBIERTOS,https://mav.farmaciasaas.com/api/images/articulos/DISTRIBUCION/29374.jpg,,0,0,blanco,pendiente,
37837,CONTRADOL 100 MG / ML SOLUCION ORAL,https://mav.farmaciasaas.com/api/images/articulos/DISTRIBUCION/50553.jpg,,0,0,blanco,pendiente,
37838,CORAZEM 60 MG X 20 TABLETAS RECUBIERTAS,https://mav.farmaciasaas.com/api/images/articulos/DISTRIBUCION/10134.jpg,,0,0,blanco,pendiente,
37839,CORBIS 10 MG X 30 COMPRIMIDOS RECUBIERTOS,https://mav.farmaciasaas.com/api/images/articulos/DISTRIBUCION/23009.jpg,,0,0,blanco,pendiente,
37840,CORBIS 5 MG X 30 COMPRIMIDOS RECUBIERTOS,https://mav.farmaciasaas.com/api/images/articulos/DISTRIBUCION/23008.jpg,,0,0,blanco,pendiente,
37843,CORENTEL 1.25 MG X 10 COMPRIMIDOS RECUBIERTOS,https://mav.farmaciasaas.com/api/images/articulos/DISTRIBUCION/28209.jpg,,0,0,blanco,pendiente,
37845,CORENTEL 5 MG X 30 COMPRIMIDOS RECUBIERTOS,https://mav.farmaciasaas.com/api/images/articulos/DISTRIBUCION/10042.jpg,,0,0,blanco,pendiente,
37846,CORENTEL 5 MG X 10 COMPRIMIDOS RECUBIERTOS,https://mav.farmaciasaas.com/api/images/articulos/DISTRIBUCION/10024.jpg,,0,0,blanco,pendiente,
37847,COROPRES HCT 16 MG - 12.5 MG X 10 COMPRIMIDOS,https://mav.farmaciasaas.com/api/images/articulos/DISTRIBUCION/28208.jpg,,0,0,blanco,pendiente,
37848,COROPRES HCT 16 MG - 12.5 MG X 30 COMPRIMIDOS,https://mav.farmaciasaas.com/api/images/articulos/DISTRIBUCION/96010.jpg,,0,0,blanco,pendiente,
37849,COROPRES 8 MG X 30 COMPRIMIDOS,https://mav.farmaciasaas.com/api/images/articulos/DISTRIBUCION/98452.jpg,,0,0,blanco,pendiente,
37851,COVENTROL 6.25 MG X 30 COMPRIMIDOS,https://mav.farmaciasaas.com/api/images/articulos/DISTRIBUCION/99167.jpg,,0,0,blanco,pendiente,
37852,CRISOMET 50 MG - 500 MG X 10 TABLETAS RECUBIERTAS,https://mav.farmaciasaas.com/api/images/articulos/DISTRIBUCION/16905.jpg,,0,0,blanco,pendiente,
37853,CRISOMET 50 MG - 500 MG X 30 TABLETAS RECUBIERTAS,https://mav.farmaciasaas.com/api/images/articulos/DISTRIBUCION/19232.jpg,,0,0,blanco,pendiente,
37854,CRISPLUS 120 MG X 30 CAPSULAS,https://mav.farmaciasaas.com/api/images/articulos/DISTRIBUCION/28167.jpg,,0,0,blanco,pendiente,
37855,CURPINOL 6.25 MG X 10 COMPRIMIDOS,https://mav.farmaciasaas.com/api/images/articulos/DISTRIBUCION/26063.jpg,,0,0,blanco,pendiente,
37856,CURPINOL 6.25 MG X 30 COMPRIMIDOS,https://mav.farmaciasaas.com/api/images/articulos/DISTRIBUCION/92400.jpg,,0,0,blanco,pendiente,
37857,CYPRAL 500 MG X 14 TABLETAS RECUBIERTAS,https://mav.farmaciasaas.com/api/images/articulos/DISTRIBUCION/3660.jpg,,0,0,blanco,pendiente,
37858,CYPRAL 500 MG X 20 TABLETAS RECUBIERTAS,https://mav.farmaciasaas.com/api/images/articulos/DISTRIBUCION/92798.jpg,,0,0,blanco,pendiente,
37859,CYPRAL 750 MG X 6 TABLETAS RECUBIERTAS,https://mav.farmaciasaas.com/api/images/articulos/DISTRIBUCION/11353.jpg,,0,0,blanco,pendiente,
37860,DALCITRIN 2 % UNGUENTO,https://mav.farmaciasaas.com/api/images/articulos/DISTRIBUCION/28692.jpg,,0,0,blanco,pendiente,
37861,DALPAS 5 MG X 30 TABLETAS,https://mav.farmaciasaas.com/api/images/articulos/DISTRIBUCION/6617.jpg,,0,0,blanco,pendiente,
37862,DALTAZEN 60 MG X 10 COMPRIMIDOS,https://mav.farmaciasaas.com/api/images/articulos/DISTRIBUCION/28478.jpg,,0,0,blanco,pendiente,
37863,DALTAZEN 60 MG X 20 COMPRIMIDOS,https://mav.farmaciasaas.com/api/images/articulos/DISTRIBUCION/1303.jpg,,0,0,blanco,pendiente,
37865,DECA LENTERMINA COMPLEX SOLUCION INYECTABLE,https://mav.farmaciasaas.com/api/images/articulos/DISTRIBUCION/24816.jpg,,0,0,blanco,pendiente,
37867,DECOBEL 0.5 MG X 10 TABLETAS,https://pccentro.net.ve/img/s/5/3/5/8/5/53585-large_default.webp,,0,0,blanco,pendiente,
37868,DECOBEL 0.5 MG X 30 TABLETAS,https://mav.farmaciasaas.com/api/images/articulos/DISTRIBUCION/22694.jpg,,0,0,blanco,pendiente,
37869,DECOBEL 8 MG / 2 ML SOLUCION INYECTABLE,https://mav.farmaciasaas.com/api/images/articulos/DISTRIBUCION/94637.jpg,,0,0,blanco,pendiente,
37870,DEFLARIN 6 MG X 10 COMPRIMIDOS,https://mav.farmaciasaas.com/api/images/articulos/DISTRIBUCION/21048.jpg,,0,0,blanco,pendiente,
37871,DEFLAZACORT 30 MG X 10 TABLETAS,https://mav.farmaciasaas.com/api/images/articulos/DISTRIBUCION/22262.jpg,,0,0,blanco,pendiente,
37872,DEFLAZACORT 30 MG X 30 TABLETAS,https://mav.farmaciasaas.com/api/images/articulos/DISTRIBUCION/91498.jpg,,0,0,blanco,pendiente,
37873,DEFLAZACORT 6 MG X 10 TABLETAS,https://mav.farmaciasaas.com/api/images/articulos/DISTRIBUCION/91527.jpg,,0,0,blanco,pendiente,
37876,DENCOFEN 1.16 % CREMA EN BASE GEL,https://mav.farmaciasaas.com/api/images/articulos/DISTRIBUCION/90093.jpg,,0,0,blanco,pendiente,
37877,DENCORUB CREMA,https://mav.farmaciasaas.com/api/images/articulos/DISTRIBUCION/3455.jpg,,0,0,blanco,pendiente,
37878,DENUAL 150 MG X 1 COMPRIMIDO RECUBIERTO,https://mav.farmaciasaas.com/api/images/articulos/DISTRIBUCION/94853.jpg,,0,0,blanco,pendiente,
37879,DEPOFEM 150MGML X 1 AMPOLLA,https://mav.farmaciasaas.com/api/images/articulos/DISTRIBUCION/28729.jpg,,0,0,blanco,pendiente,
37880,DERAIN 15 % CREMA,https://mav.farmaciasaas.com/api/images/articulos/DISTRIBUCION/8275.jpg,,0,0,blanco,pendiente,
37881,DERMACORTINE 0.1 % CREMA,https://mav.farmaciasaas.com/api/images/articulos/DISTRIBUCION/91421.jpg,,0,0,blanco,pendiente,
37883,DERMAZOL 0.05 % LOCION CAPILAR,https://mav.farmaciasaas.com/api/images/articulos/DISTRIBUCION/99591.jpg,,0,0,blanco,pendiente,
37884,DERMOSUPRIL C 0.1 % - 3 % CREMA TOPICA,https://mav.farmaciasaas.com/api/images/articulos/DISTRIBUCION/24079.jpg,,0,0,blanco,pendiente,
37885,DERMOVATE 0.05 % CREMA,https://mav.farmaciasaas.com/api/images/articulos/DISTRIBUCION/28893.jpg,,0,0,blanco,pendiente,
37886,DEROVIT 1000 UI X 30 CAPSULAS BLANDAS,https://mav.farmaciasaas.com/api/images/articulos/DISTRIBUCION/25518.jpg,,0,0,blanco,pendiente,
37887,DESKEFLAS 50 MG / 2 ML X 3 AMPOLLAS,https://mav.farmaciasaas.com/api/images/articulos/DISTRIBUCION/53176.jpg,,0,0,blanco,pendiente,
37888,DESKEFLAS 25 MG X 10 TABLETAS RECUBIERTAS,https://mav.farmaciasaas.com/api/images/articulos/DISTRIBUCION/52476.jpg,,0,0,blanco,pendiente,
37889,DESLER 5 MG X 10 TABLETAS RECUBIERTAS,https://mav.farmaciasaas.com/api/images/articulos/DISTRIBUCION/18806.jpg,,0,0,blanco,pendiente,
37890,DESLORAT 5 MG X 10 TABLETAS RECUBIERTAS,https://mav.farmaciasaas.com/api/images/articulos/DISTRIBUCION/90319.jpg,,0,0,blanco,pendiente,
37891,DESLORAT 5 MG X 20 TABLETAS RECUBIERTAS,https://mav.farmaciasaas.com/api/images/articulos/DISTRIBUCION/90319.jpg,,0,0,blanco,pendiente,
37892,DESLORATADINA 2.5 MG / 5 ML X 10 JARABE,https://mav.farmaciasaas.com/api/images/articulos/DISTRIBUCION/9955.jpg,,0,0,blanco,pendiente,
37893,DESLORATADINA 2.5 MG / 5 ML JARABE,https://pccentro.net.ve/img/s/7/4/5/1/9/74519-large_default.webp,,0,0,blanco,pendiente,
37894,DESLORATADINA 5 MG X 10 TABLETAS RECUBIERTAS,https://mav.farmaciasaas.com/api/images/articulos/DISTRIBUCION/97003.jpg,,0,0,blanco,pendiente,
37895,DESLORATADINA 5 MG X 10 COMPRIMIDOS RECUBIERTOS,https://mav.farmaciasaas.com/api/images/articulos/DISTRIBUCION/8560.jpg,,0,0,blanco,pendiente,
37896,MONTELUKAST - DESLORATADINA 10 MG - 5 MG X 10 TABLETAS RECUBIERTAS,https://pccentro.net.ve/img/s/7/2/5/2/6/72526-large_default.webp,,0,0,blanco,pendiente,
37897,DESONIDA 0.1 % CREMA,https://mav.farmaciasaas.com/api/images/articulos/DISTRIBUCION/23011.jpg,,0,0,blanco,pendiente,
37898,DESTREL 75 MCG X 28 COMPRIMIDOS RECUBIERTOS,https://mav.farmaciasaas.com/api/images/articulos/DISTRIBUCION/50861.jpg,,0,0,blanco,pendiente,
37899,DEXAMETASONA 4 MG X 10 COMPRIMIDOS,https://pccentro.net.ve/img/s/7/6/8/5/4/76854-large_default.webp,,0,0,blanco,pendiente,
37903,DEXAMETASONA FOSFATO 8 MG / 2 ML X 1 AMPOLLA,https://mav.farmaciasaas.com/api/images/articulos/DISTRIBUCION/53308.jpg,,0,0,blanco,pendiente,
37905,DEXAMETASONA 0.5 MG X 30 TABLETAS,https://mav.farmaciasaas.com/api/images/articulos/DISTRIBUCION/54029.jpg,,0,0,blanco,pendiente,
37909,DEXTROMETORFANO 15 MG / 5 ML JARABE,https://mav.farmaciasaas.com/api/images/articulos/DISTRIBUCION/26399.jpg,,0,0,blanco,pendiente,
37911,DEXTROSA 50 % SOLUCION INYECTABLE IV,https://mav.farmaciasaas.com/api/images/articulos/DISTRIBUCION/1131.jpg,,0,0,blanco,pendiente,
37914,DIAFORMINA 1000 MG X 30 COMPRIMIDOS RECUBIERTOS,https://mav.farmaciasaas.com/api/images/articulos/DISTRIBUCION/95456.jpg,,0,0,blanco,pendiente,
37915,DIAFORMINA 500 MG X 30 COMPRIMIDOS RECUBIERTOS,https://mav.farmaciasaas.com/api/images/articulos/DISTRIBUCION/50991.jpg,,0,0,blanco,pendiente,
37916,DIAGESIC 75 MG / 3 ML X 1 AMPOLLA,https://mav.farmaciasaas.com/api/images/articulos/DISTRIBUCION/51210.jpg,,0,0,blanco,pendiente,
37917,DIAGESIC 75 MG / 3 ML X 2 AMPOLLAS,https://mav.farmaciasaas.com/api/images/articulos/DISTRIBUCION/6136.jpg,,0,0,blanco,pendiente,
37920,DIARONA 200 MG X 10 TABLETAS,https://mav.farmaciasaas.com/api/images/articulos/DISTRIBUCION/7335.jpg,,0,0,blanco,pendiente,
37923,DICLODEX 50 MG X 20 TABLETAS RECUBIERTAS,https://mav.farmaciasaas.com/api/images/articulos/DISTRIBUCION/90913.jpg,,0,0,blanco,pendiente,
37933,DICLOFENAC SODICO 50 MG TABLETAS RECUBIERTAS,https://mav.farmaciasaas.com/api/images/articulos/DISTRIBUCION/55.jpg,,0,0,blanco,pendiente,
37936,DIECAPS 120 MG X 30 CAPSULAS,https://mav.farmaciasaas.com/api/images/articulos/DISTRIBUCION/94852.jpg,,0,0,blanco,pendiente,
37937,DIECAPS 60 MG X 30 CAPSULAS,https://mav.farmaciasaas.com/api/images/articulos/DISTRIBUCION/17245.jpg,,0,0,blanco,pendiente,
37938,DIFEN X 10 TABLETAS RECUBIERTAS,https://pccentro.net.ve/img/s/7/4/6/0/5/74605-large_default.webp,,0,0,blanco,pendiente,
37939,DIFEN X 20 TABLETAS RECUBIERTAS,https://pccentro.net.ve/img/s/7/1/7/8/4/71784-large_default.webp,,0,0,blanco,pendiente,
37940,DIFENAC 1 % GEL,https://mav.farmaciasaas.com/api/images/articulos/DISTRIBUCION/8417.jpg,,0,0,blanco,pendiente,
37941,DIGLET 1000 U.I. X 30 COMPRIMIDOS ORODISPERSABLES,https://mav.farmaciasaas.com/api/images/articulos/DISTRIBUCION/28637.jpg,,0,0,blanco,pendiente,
37942,DIGLET 5000 U.I. X 10 COMPRIMIDOS RECUBIERTOS,https://mav.farmaciasaas.com/api/images/articulos/DISTRIBUCION/52638.jpg,,0,0,blanco,pendiente,
37943,DIGLET 200 UI SOLUCION ORAL,https://mav.farmaciasaas.com/api/images/articulos/DISTRIBUCION/52147.jpg,,0,0,blanco,pendiente,
37944,DIKLASON 100 MG X 20 COMPRIMIDOS DE ACCION PROLONGADA,https://mav.farmaciasaas.com/api/images/articulos/DISTRIBUCION/13042.jpg,,0,0,blanco,pendiente,
37945,DIKLASON BI 150 MG X 10 COMPRIMIDOS DE LIBERACION CONTROLADA,https://mav.farmaciasaas.com/api/images/articulos/DISTRIBUCION/50303.jpg,,0,0,blanco,pendiente,
37946,DIKLASON 1.8 MG / ML SUSPENSION ORAL,https://pccentro.net.ve/img/s/8/0/5/5/1/80551-large_default.webp,,0,0,blanco,pendiente,
37947,DILOTEX 5 MG X 30 COMPRIMIDOS,https://mav.farmaciasaas.com/api/images/articulos/DISTRIBUCION/50518.jpg,,0,0,blanco,pendiente,
37948,DILOTEX 10 MG X 10 COMPRIMIDOS,https://mav.farmaciasaas.com/api/images/articulos/DISTRIBUCION/9889.jpg,,0,0,blanco,pendiente,
37949,DILUXEN 60 MG X 20 TABLETAS,https://pccentro.net.ve/img/s/2/4/5/9/9/24599-large_default.webp,,0,0,blanco,pendiente,
37950,DIOSMINA 600 MG X 30 COMPRIMIDOS RECUBIERTOS,https://mav.farmaciasaas.com/api/images/articulos/DISTRIBUCION/53053.jpg,,0,0,blanco,pendiente,
37951,VEDINOR 600 MG X 15 COMPRIMIDOS RECUBIERTOS,https://mav.farmaciasaas.com/api/images/articulos/DISTRIBUCION/24175.jpg,,0,0,blanco,pendiente,
37952,DIOSMINA 600 MG X 15 COMPRIMIDOS RECUBIERTOS,https://pccentro.net.ve/img/s/3/7/6/5/4/37654-large_default.webp,,0,0,blanco,pendiente,
37953,DIOSMINA 600 MG X 28 TABLETAS RECUBIERTAS,https://mav.farmaciasaas.com/api/images/articulos/DISTRIBUCION/29796.jpg,,0,0,blanco,pendiente,
37954,DIOSMINA 600 MG X 14 TABLETAS RECUBIERTAS,https://mav.farmaciasaas.com/api/images/articulos/DISTRIBUCION/97147.jpg,,0,0,blanco,pendiente,
37958,DIPIDOL 500 MG / ML X 3 AMPOLLAS,https://mav.farmaciasaas.com/api/images/articulos/DISTRIBUCION/52497.jpg,,0,0,blanco,pendiente,
37959,DIPLOZ 1 MG X 30 TABLETAS RECUBIERTAS,https://mav.farmaciasaas.com/api/images/articulos/DISTRIBUCION/22057.jpg,,0,0,blanco,pendiente,
37961,DOBET 2 % - 0.5 % SOLUCION OFTALMICA,https://mav.farmaciasaas.com/api/images/articulos/DISTRIBUCION/843.jpg,,0,0,blanco,pendiente,
37962,DOBRACID 300 MG X 30 COMPRIMIDOS RECUBIERTOS DE LIBERACION PROLONGADA,https://mav.farmaciasaas.com/api/images/articulos/DISTRIBUCION/16483.jpg,,0,0,blanco,pendiente,
37963,DOBRACID 300 MG X 10 COMPRIMIDOS RECUBIERTOS DE LIBERACION PROLONGADA,https://mav.farmaciasaas.com/api/images/articulos/DISTRIBUCION/50498.jpg,,0,0,blanco,pendiente,
37965,DOL X 10 TABLETAS RECUBIERTAS,https://pccentro.net.ve/img/s/8/4/2/9/4/84294-large_default.webp,,0,0,blanco,pendiente,
37966,DOL X 20 TABLETAS RECUBIERTAS,https://pccentro.net.ve/img/s/8/4/2/7/9/84279-large_default.webp,,0,0,blanco,pendiente,
37968,DOLAK 10 MG X 20 COMPRIMIDOS,https://mav.farmaciasaas.com/api/images/articulos/DISTRIBUCION/2586.jpg,,0,0,blanco,pendiente,
37969,DOLAK 10 MG X 10 COMPRIMIDOS,https://mav.farmaciasaas.com/api/images/articulos/DISTRIBUCION/2349.jpg,,0,0,blanco,pendiente,
37970,DOLAK 20 MG X 10 COMPRIMIDOS RECUBIERTOS,https://mav.farmaciasaas.com/api/images/articulos/DISTRIBUCION/10812.jpg,,0,0,blanco,pendiente,
37972,DOLKIDS 160 MG X 20 TABLETAS MASTICABLES,https://mav.farmaciasaas.com/api/images/articulos/DISTRIBUCION/5370.jpg,,0,0,blanco,pendiente,
37973,DOLNIX 150 MG X 20 CAPSULAS,https://mav.farmaciasaas.com/api/images/articulos/DISTRIBUCION/51126.jpg,,0,0,blanco,pendiente,
37977,DOMPESIN 10 MG X 30 COMPRIMIDOS,https://mav.farmaciasaas.com/api/images/articulos/DISTRIBUCION/11584.jpg,,0,0,blanco,pendiente,
37978,DOMPESIN 1 MG / ML SUSPENSION,https://mav.farmaciasaas.com/api/images/articulos/DISTRIBUCION/94774.jpg,,0,0,blanco,pendiente,
37981,DORIXINA FLEX 125 MG - 5 MG X 20 COMPRIMIDOS RECUBIERTOS,https://mav.farmaciasaas.com/api/images/articulos/DISTRIBUCION/50180.jpg,,0,0,blanco,pendiente,
37982,DORIXINA FLEX 125 MG - 5 MG X 5 COMPRIMIDOS RECUBIERTOS,https://mav.farmaciasaas.com/api/images/articulos/DISTRIBUCION/29269.jpg,,0,0,blanco,pendiente,
37983,DORIXINA FLEX 125 MG - 5 MG X 10 COMPRIMIDOS RECUBIERTOS,https://pccentro.net.ve/img/s/7/1/3/9/5/71395-large_default.webp,,0,0,blanco,pendiente,
37986,DOXIUM 500 MG X 30 CAPSULAS,https://mav.farmaciasaas.com/api/images/articulos/DISTRIBUCION/52056.jpg,,0,0,blanco,pendiente,
37988,DUROVAL 50 MG X 2 TABLETAS RECUBIERTAS,https://mav.farmaciasaas.com/api/images/articulos/DISTRIBUCION/22796.jpg,,0,0,blanco,pendiente,
37989,DUROVAL 50 MG X 1 TABLETA RECUBIERTA,https://mav.farmaciasaas.com/api/images/articulos/DISTRIBUCION/2798.jpg,,0,0,blanco,pendiente,
37990,DUROVAL 50 MG X 3 TABLETAS RECUBIERTAS,https://mav.farmaciasaas.com/api/images/articulos/DISTRIBUCION/2821.jpg,,0,0,blanco,pendiente,
37994,DUVADILAN 10 MG X 30 COMPRIMIDOS,https://mav.farmaciasaas.com/api/images/articulos/DISTRIBUCION/1300.jpg,,0,0,blanco,pendiente,
37995,EDAGAN 200 MG X 30 COMPRIMIDOS RECUBIERTOS,https://mav.farmaciasaas.com/api/images/articulos/DISTRIBUCION/90689.jpg,,0,0,blanco,pendiente,
37996,EDAGAN 25 MG X 30 COMPRIMIDOS RECUBIERTOS,https://mav.farmaciasaas.com/api/images/articulos/DISTRIBUCION/90687.jpg,,0,0,blanco,pendiente,
37997,EDEMID 10 MG / ML X 5 AMPOLLAS,https://mav.farmaciasaas.com/api/images/articulos/DISTRIBUCION/2361.jpg,,0,0,blanco,pendiente,
38000,ENALAPRIL MALEATO 10 MG X 30 COMPRIMIDOS RECUBIERTOS,https://mav.farmaciasaas.com/api/images/articulos/DISTRIBUCION/30351.jpg,,0,0,blanco,pendiente,
38001,LERCANIDIPINA CLORHIDRATO – ENALAPRIL MALEATO 10 MG – 20 MG X 30 COMPRIMIDOS RECUBIERTOS,https://mav.farmaciasaas.com/api/images/articulos/DISTRIBUCION/52341.jpg,,0,0,blanco,pendiente,
38003,ENALAPRIL MALEATO 10 MG X 30 TABLETAS,https://mav.farmaciasaas.com/api/images/articulos/DISTRIBUCION/26952.jpg,,0,0,blanco,pendiente,
38005,ENALAPRIL 20 MG X 30 TABLETAS,https://mav.farmaciasaas.com/api/images/articulos/DISTRIBUCION/99636.jpg,,0,0,blanco,pendiente,
38006,ENALAPRIL MALEATO 20 MG X 30 TABLETAS,https://mav.farmaciasaas.com/api/images/articulos/DISTRIBUCION/13265.jpg,,0,0,blanco,pendiente,
38008,ENTEROGERMINA (ESPORAS DE BACILLUS CLAUSII) 2 MILLARDOS / 5 ML X 10 SUSPENSION ORAL,https://mav.farmaciasaas.com/api/images/articulos/DISTRIBUCION/52162.jpg,,0,0,blanco,pendiente,
38009,EPITRAL 25 MG X 30 TABLETAS,https://mav.farmaciasaas.com/api/images/articulos/DISTRIBUCION/52494.jpg,,0,0,blanco,pendiente,
38010,EPITRAL 100 MG X 30 TABLETAS,https://mav.farmaciasaas.com/api/images/articulos/DISTRIBUCION/20035.jpg,,0,0,blanco,pendiente,
38011,EPITRAL 50 MG X 30 TABLETAS,https://mav.farmaciasaas.com/api/images/articulos/DISTRIBUCION/20036.jpg,,0,0,blanco,pendiente,
38013,ERILON 0.05 % CREMA,https://mav.farmaciasaas.com/api/images/articulos/DISTRIBUCION/5842.jpg,,0,0,blanco,pendiente,
38017,ESCITALOPRAM 10 MG X 30 COMPRIMIDOS RECUBIERTOS,https://pccentro.net.ve/img/s/7/2/4/9/3/72493-large_default.webp,,0,0,blanco,pendiente,
38018,ESCITALOPRAM 20 MG X 30 COMPRIMIDOS RECUBIERTOS,https://pccentro.net.ve/img/s/2/4/7/2/5/24725-large_default.webp,,0,0,blanco,pendiente,
38020,ESCITALOPRAM 1 MG / ML SOLUCION ORAL,https://mav.farmaciasaas.com/api/images/articulos/DISTRIBUCION/19850.jpg,,0,0,blanco,pendiente,
38022,ESCITALOPRAM 10 MG X 28 TABLETAS RECUBIERTAS,https://mav.farmaciasaas.com/api/images/articulos/DISTRIBUCION/22208.jpg,,0,0,blanco,pendiente,
38024,ESCITALOPRAM 20 MG X 14 TABLETAS RECUBIERTAS,https://mav.farmaciasaas.com/api/images/articulos/DISTRIBUCION/29792.jpg,,0,0,blanco,pendiente,
38027,ESMIRTAL 20 MG X 30 COMPRIMIDOS RECUBIERTOS,https://mav.farmaciasaas.com/api/images/articulos/DISTRIBUCION/54449.jpg,,0,0,blanco,pendiente,
38028,ESOCOF 10 MG X 30 TABLETAS RECUBIERTAS,https://mav.farmaciasaas.com/api/images/articulos/DISTRIBUCION/54292.jpg,,0,0,blanco,pendiente,
38029,ESOMEPRAZOL 40 MG X 10 TABLETAS RECUBIERTAS,https://pccentro.net.ve/img/s/2/5/0/2/2/25022-large_default.webp,,0,0,blanco,pendiente,
38030,ESOMEPRAZOL 40 MG X 20 TABLETAS RECUBIERTAS,https://pccentro.net.ve/img/s/2/5/0/2/2/25022-large_default.webp,,0,0,blanco,pendiente,
38031,ESOMEPRAZOL 40 MG X 16 TABLETAS RECUBIERTAS,https://pccentro.net.ve/img/s/3/0/7/3/7/30737-large_default.webp,,0,0,blanco,pendiente,
38032,ESOMEPRAZOL 40 MG X 14 TABLETAS RECUBIERTAS,https://pccentro.net.ve/img/s/8/5/5/7/0/85570-large_default.webp,,0,0,blanco,pendiente,
38033,ESOMEPRAZOL 20 MG X 16 CAPSULAS CON MICROGRANULOS DE LIBERACION ENTERICA,https://mav.farmaciasaas.com/api/images/articulos/DISTRIBUCION/52348.jpg,,0,0,blanco,pendiente,
38034,ESOMEPRAZOL 20 MG X 28 CAPSULAS CON MICROGRANULOS DE LIBERACION ENTERICA,https://mav.farmaciasaas.com/api/images/articulos/DISTRIBUCION/52332.jpg,,0,0,blanco,pendiente,
38035,ESOMEPRAZOL 20 MG X 20 TABLETAS CON CUBIERTA ENTERICA,https://mav.farmaciasaas.com/api/images/articulos/DISTRIBUCION/96831.jpg,,0,0,blanco,pendiente,
38036,ESOMEPRAZOL 20 MG X 20 TABLETAS RECUBIERTAS,https://mav.farmaciasaas.com/api/images/articulos/DISTRIBUCION/96831.jpg,,0,0,blanco,pendiente,
38037,ESOMEPRAZOL 20 MG X 14 TABLETAS RECUBIERTAS,https://mav.farmaciasaas.com/api/images/articulos/DISTRIBUCION/21060.jpg,,0,0,blanco,pendiente,
38038,ESOZ 20 MG X 14 TABLETAS RECUBIERTAS,https://mav.farmaciasaas.com/api/images/articulos/DISTRIBUCION/98439/98439.jpg,,0,0,blanco,pendiente,
38039,ESOZ 20 MG X 28 TABLETAS RECUBIERTAS,https://mav.farmaciasaas.com/api/images/articulos/DISTRIBUCION/98438/98438.jpg,,0,0,blanco,pendiente,
38040,ESOZ 20 MG X 7 TABLETAS RECUBIERTAS,https://mav.farmaciasaas.com/api/images/articulos/DISTRIBUCION/18359.jpg,,0,0,blanco,pendiente,
38041,ESOZ 40 MG X 14 TABLETAS RECUBIERTAS DE LIBERACION RETARDADA,https://mav.farmaciasaas.com/api/images/articulos/DISTRIBUCION/97637/97637.jpg,,0,0,blanco,pendiente,
38042,ESOZ 40 MG X 28 TABLETAS RECUBIERTAS DE LIBERACION RETARDADA,https://mav.farmaciasaas.com/api/images/articulos/DISTRIBUCION/97588/97588.jpg,,0,0,blanco,pendiente,
38043,ESOZ 40 MG X 7 TABLETAS RECUBIERTAS DE LIBERACION RETARDADA,https://mav.farmaciasaas.com/api/images/articulos/DISTRIBUCION/18360.jpg,,0,0,blanco,pendiente,
38046,ESPIRONOLACTONA 25 MG X 30 TABLETAS,https://mav.farmaciasaas.com/api/images/articulos/DISTRIBUCION/51325.jpg,,0,0,blanco,pendiente,
38047,ESPIRONOLACTONA 25 MG X 20 TABLETAS,https://mav.farmaciasaas.com/api/images/articulos/DISTRIBUCION/5474.jpg,,0,0,blanco,pendiente,
38049,ESQUIDONE 2 MG X 30 TABLETAS RECUBIERTAS,https://mav.farmaciasaas.com/api/images/articulos/DISTRIBUCION/98680.jpg,,0,0,blanco,pendiente,
38050,ESQUIDONE 3 MG X 30 TABLETAS RECUBIERTAS,https://mav.farmaciasaas.com/api/images/articulos/DISTRIBUCION/98681.jpg,,0,0,blanco,pendiente,
38051,ETORICOXIB 60 MG X 10 TABLETAS RECUBIERTAS,https://mav.farmaciasaas.com/api/images/articulos/DISTRIBUCION/18990.jpg,,0,0,blanco,pendiente,
38052,ETORICOXIB 90 MG X 10 TABLETAS RECUBIERTAS,https://mav.farmaciasaas.com/api/images/articulos/DISTRIBUCION/18572.jpg,,0,0,blanco,pendiente,
38053,EUKENE 40 MG X 30 COMPRIMIDOS RECUBIERTOS,https://mav.farmaciasaas.com/api/images/articulos/DISTRIBUCION/27093.jpg,,0,0,blanco,pendiente,
38054,EUKENE HCT 40 MG - 12.5 MG X 30 COMPRIMIDOS RECUBIERTOS,https://mav.farmaciasaas.com/api/images/articulos/DISTRIBUCION/26422.jpg,,0,0,blanco,pendiente,
38055,EUKENE HCT 40 MG - 25 MG X 30 COMPRIMIDOS RECUBIERTOS,https://mav.farmaciasaas.com/api/images/articulos/DISTRIBUCION/26420.jpg,,0,0,blanco,pendiente,
38056,EUSILEN 4 MG X 15 COMPRIMIDOS,https://mav.farmaciasaas.com/api/images/articulos/DISTRIBUCION/97144.jpg,,0,0,blanco,pendiente,
38057,EUSILEN 4 MG X 8 COMPRIMIDOS,https://mav.farmaciasaas.com/api/images/articulos/DISTRIBUCION/8831.jpg,,0,0,blanco,pendiente,
38058,EUTEBROL 20 MG X 30 COMPRIMIDOS,https://mav.farmaciasaas.com/api/images/articulos/DISTRIBUCION/28314.jpg,,0,0,blanco,pendiente,
38059,EVABOLIN 25 MG X 30 TABLETAS RECUBIERTAS,https://mav.farmaciasaas.com/api/images/articulos/DISTRIBUCION/53346.jpg,,0,0,blanco,pendiente,
38060,EXOM 20 MG X 14 CAPSULAS CON MICROGRANULOS GASTRORRESISTENTES,https://mav.farmaciasaas.com/api/images/articulos/DISTRIBUCION/24978.jpg,,0,0,blanco,pendiente,
38061,EXOVIS DUO 875 MG - 125 MG X 14 TABLETAS RECUBIERTAS,https://mav.farmaciasaas.com/api/images/articulos/DISTRIBUCION/22553.jpg,,0,0,blanco,pendiente,
38062,EZOLIUM 20 MG X 30 CAPSULAS,https://mav.farmaciasaas.com/api/images/articulos/DISTRIBUCION/93948.jpg,,0,0,blanco,pendiente,
38063,EZOLIUM 40 MG X 30 CAPSULAS,https://mav.farmaciasaas.com/api/images/articulos/DISTRIBUCION/93949.jpg,,0,0,blanco,pendiente,
38064,FAMULCER 40 MG X 10 TABLETAS,https://mav.farmaciasaas.com/api/images/articulos/DISTRIBUCION/6884.jpg,,0,0,blanco,pendiente,
38065,FARBICIL 1 % CREMA,https://mav.farmaciasaas.com/api/images/articulos/DISTRIBUCION/91417.jpg,,0,0,blanco,pendiente,
38067,FEBRILIX 120 MG / 5 ML SOLUCION ORAL,https://mav.farmaciasaas.com/api/images/articulos/DISTRIBUCION/8453.jpg,,0,0,blanco,pendiente,
38068,FEBRILIX 500 MG X 20 TABLETAS,https://mav.farmaciasaas.com/api/images/articulos/DISTRIBUCION/7037.jpg,,0,0,blanco,pendiente,
38069,FEBRIP 500 MG X 20 COMPRIMIDOS,https://mav.farmaciasaas.com/api/images/articulos/DISTRIBUCION/54399.jpg,,0,0,blanco,pendiente,
38070,FEBRIP 180 MG / 5 ML SOLUCION ORAL,https://mav.farmaciasaas.com/api/images/articulos/DISTRIBUCION/27532.jpg,,0,0,blanco,pendiente,
38071,FEMMEXTRA 200 MG - 10 MG X 10 CAPSULAS,https://pccentro.net.ve/img/s/3/0/7/4/8/30748-large_default.webp,,0,0,blanco,pendiente,
38076,FERGANIC 40 MG X 24 CAPSULAS,https://mav.farmaciasaas.com/api/images/articulos/DISTRIBUCION/8790.jpg,,0,0,blanco,pendiente,
38077,FERGANIC 40 MG X 30 CAPSULAS,https://mav.farmaciasaas.com/api/images/articulos/DISTRIBUCION/53159.jpg,,0,0,blanco,pendiente,
38079,FERGANIC FOLIC 40 MG - 360 MCG / 15 ML X 20 JARABE,https://mav.farmaciasaas.com/api/images/articulos/DISTRIBUCION/52465.jpg,,0,0,blanco,pendiente,
38080,FERGANIC FOLIC 40 MG - 360 MCG / 15 ML X 1 JARABE,https://mav.farmaciasaas.com/api/images/articulos/DISTRIBUCION/52465.jpg,,0,0,blanco,pendiente,
38081,FERGANIC FOLIC 40 MG - 360 MCG / 15 ML X 30 JARABE,https://mav.farmaciasaas.com/api/images/articulos/DISTRIBUCION/52465.jpg,,0,0,blanco,pendiente,
38082,FERGANIC 40 MG / 15 ML SOLUCION ORAL,https://mav.farmaciasaas.com/api/images/articulos/DISTRIBUCION/8791.jpg,,0,0,blanco,pendiente,
38083,FERGANIC 100 MG / 5 ML X 1 AMPOLLA,https://mav.farmaciasaas.com/api/images/articulos/DISTRIBUCION/52639.jpg,,0,0,blanco,pendiente,
38084,FERROCE 300 MG - 50 MG X 30 TABLETAS ENTERICAS,https://pccentro.net.ve/img/s/7/5/8/1/6/75816-large_default.webp,,0,0,blanco,pendiente,
38085,FERROCE CON B12 JARABE,https://pccentro.net.ve/img/s/7/5/8/1/8/75818-large_default.webp,,0,0,blanco,pendiente,
38089,FEXOFENADINA CLORHIDRATO 120 MG X 10 TABLETAS RECUBIERTAS,https://pccentro.net.ve/img/s/8/3/9/6/9/83969-large_default.webp,,0,0,blanco,pendiente,
38090,FEXORAT 30 MG / 5 ML SUSPENSION ORAL,https://mav.farmaciasaas.com/api/images/articulos/DISTRIBUCION/53627.jpg,,0,0,blanco,pendiente,
38091,FINASTERIDE 5 MG X 30 TABLETAS RECUBIERTAS,https://mav.farmaciasaas.com/api/images/articulos/DISTRIBUCION/12033.jpg,,0,0,blanco,pendiente,
38094,FISIOLIN 0.65 % SOLUCION NASAL,https://mav.farmaciasaas.com/api/images/articulos/DISTRIBUCION/23647.jpg,,0,0,blanco,pendiente,
38095,FITEX 20 MG X 1 TABLETA,https://mav.farmaciasaas.com/api/images/articulos/DISTRIBUCION/99114.jpg,,0,0,blanco,pendiente,
38096,FITEX 20 MG X 2 TABLETAS,https://mav.farmaciasaas.com/api/images/articulos/DISTRIBUCION/99115.jpg,,0,0,blanco,pendiente,
38097,FITEX 5 MG X 10 TABLETAS,https://mav.farmaciasaas.com/api/images/articulos/DISTRIBUCION/20284.jpg,,0,0,blanco,pendiente,
38098,FITEX 5 MG X 30 TABLETAS,https://pccentro.net.ve/img/s/3/0/8/7/0/30870-large_default.webp,,0,0,blanco,pendiente,
38100,FLAVOL 300 MG X 20 CAPSULAS,https://mav.farmaciasaas.com/api/images/articulos/DISTRIBUCION/4190.jpg,,0,0,blanco,pendiente,
38101,GENLET 200 MG X 10 COMPRIMIDOS RECUBIERTOS,https://mav.farmaciasaas.com/api/images/articulos/DISTRIBUCION/50060.jpg,,0,0,blanco,pendiente,
38105,FLEMIBAR 20 MG - 2500 MG / 5 ML X 3 AMPOLLAS,https://mav.farmaciasaas.com/api/images/articulos/DISTRIBUCION/29271.jpg,,0,0,blanco,pendiente,
38106,FLEMIBAR 10 MG - 250 MG X 10 COMPRIMIDOS RECUBIERTOS,https://mav.farmaciasaas.com/api/images/articulos/DISTRIBUCION/28552.jpg,,0,0,blanco,pendiente,
38107,FLENOX 15 MG / 5 ML SOLUCION ORAL,https://mav.farmaciasaas.com/api/images/articulos/DISTRIBUCION/50900.jpg,,0,0,blanco,pendiente,
38108,FLINAS 0.05 % X 140 SUSPENSION NASAL PARA NEBULIZAR,https://mav.farmaciasaas.com/api/images/articulos/DISTRIBUCION/91716.jpg,,0,0,blanco,pendiente,
38109,FLODONT 0.15 % ENJUAGUE BUCAL,https://mav.farmaciasaas.com/api/images/articulos/DISTRIBUCION/10367.jpg,,0,0,blanco,pendiente,
38110,FLOMED 0.15 % - 0.25 % SOLUCION TOPICA BUCAL ATOMIZADORA,https://mav.farmaciasaas.com/api/images/articulos/DISTRIBUCION/16421.jpg,,0,0,blanco,pendiente,
38111,FLUCON 150 MG X 2 CAPSULAS,https://mav.farmaciasaas.com/api/images/articulos/DISTRIBUCION/9690.jpg,,0,0,blanco,pendiente,
38114,FLUCONAZOL 150 MG X 2 CAPSULAS,https://mav.farmaciasaas.com/api/images/articulos/DISTRIBUCION/9668.jpg,,0,0,blanco,pendiente,
38116,FLUCONAZOL 150 MG X 2 CAPSULAS,https://mav.farmaciasaas.com/api/images/articulos/DISTRIBUCION/4546.jpg,,0,0,blanco,pendiente,
38117,FLUCONAZOL 150 MG X 2 CAPSULAS,https://mav.farmaciasaas.com/api/images/articulos/DISTRIBUCION/8645.jpg,,0,0,blanco,pendiente,
38122,FLUDIL 10 MG X 20 TABLETAS,https://mav.farmaciasaas.com/api/images/articulos/DISTRIBUCION/1790.jpg,,0,0,blanco,pendiente,
38123,FLUDIL 10 MG X 40 TABLETAS,https://mav.farmaciasaas.com/api/images/articulos/DISTRIBUCION/95624.jpg,,0,0,blanco,pendiente,
38124,FLUMAZENIL 0.5 MG / 5 ML X 1 AMPOLLA,https://mav.farmaciasaas.com/api/images/articulos/DISTRIBUCION/53237.jpg,,0,0,blanco,pendiente,
38127,FLUOXETINA 20 MG X 14 CAPSULAS,https://mav.farmaciasaas.com/api/images/articulos/DISTRIBUCION/3221.jpg,,0,0,blanco,pendiente,
38129,FLUOXETINA 20 MG X 30 TABLETAS RECUBIERTAS,https://pccentro.net.ve/img/s/8/5/3/1/1/85311-large_default.webp,,0,0,blanco,pendiente,
38130,FOLIFER B-12 X 30 TABLETAS,https://mav.farmaciasaas.com/api/images/articulos/DISTRIBUCION/5344.jpg,,0,0,blanco,pendiente,
38131,TIMOLOL - DORZOLAMIDA 0.5 % - 2 % X 28 SOLUCION OFTALMICA,https://pccentro.net.ve/img/s/7/5/6/4/0/75640-large_default.webp,,0,0,blanco,pendiente,
38132,FOSFATO DE POTASIO MONOBASICO 1 MEQ / ML SOLUCION INYECTABLE I.V.,https://mav.farmaciasaas.com/api/images/articulos/DISTRIBUCION/28881.jpg,,0,0,blanco,pendiente,
38133,FOSFOLIT 21.6 G - 8.1 G / 45 ML SOLUCION ORAL,https://mav.farmaciasaas.com/api/images/articulos/DISTRIBUCION/17761.jpg,,0,0,blanco,pendiente,
38135,FUGOLIN 1 % SOLUCION,https://mav.farmaciasaas.com/api/images/articulos/DISTRIBUCION/2986.jpg,,0,0,blanco,pendiente,
38136,FULGRAM 875 MG - 125 MG X 16 COMPRIMIDOS RECUBIERTOS,https://mav.farmaciasaas.com/api/images/articulos/DISTRIBUCION/17884.jpg,,0,0,blanco,pendiente,
38138,FUNTRAZOL 100 MG X 10 CAPSULAS,https://mav.farmaciasaas.com/api/images/articulos/DISTRIBUCION/21367.jpg,,0,0,blanco,pendiente,
38140,FUROSEMIDA 20 MG X 12 TABLETAS,https://mav.farmaciasaas.com/api/images/articulos/DISTRIBUCION/5054.jpg,,0,0,blanco,pendiente,
38141,FUROSEMIDA 20 MG X 24 TABLETAS,https://mav.farmaciasaas.com/api/images/articulos/DISTRIBUCION/54373.jpg,,0,0,blanco,pendiente,
38142,FUROSEMIDA 40 MG X 12 COMPRIMIDOS,https://mav.farmaciasaas.com/api/images/articulos/DISTRIBUCION/23177.jpg,,0,0,blanco,pendiente,
38143,FUROSEMIDA 40 MG X 12 TABLETAS,https://mav.farmaciasaas.com/api/images/articulos/DISTRIBUCION/51326.jpg,,0,0,blanco,pendiente,
38144,FUROSEMIDA 40 MG X 24 TABLETAS,https://mav.farmaciasaas.com/api/images/articulos/DISTRIBUCION/5296.jpg,,0,0,blanco,pendiente,
38146,GABAPANTINA 300 MG X 20 CAPSULAS,https://mav.farmaciasaas.com/api/images/articulos/DISTRIBUCION/97483.jpg,,0,0,blanco,pendiente,
38149,GABOX 200 MG X 20 COMPRIMIDOS,https://mav.farmaciasaas.com/api/images/articulos/DISTRIBUCION/6134.jpg,,0,0,blanco,pendiente,
38150,GARABET 0.3 % - 0.1 % SOLUCION OFTALMICA,https://mav.farmaciasaas.com/api/images/articulos/DISTRIBUCION/7339.jpg,,0,0,blanco,pendiente,
38151,GARDENAL 100 MG X 30 COMPRIMIDOS,https://mav.farmaciasaas.com/api/images/articulos/DISTRIBUCION/1477.jpg,,0,0,blanco,pendiente,
38152,GENESA 3 MG-20 MCG X 28 COMPRIMIDOS RECUBIERTOS,https://mav.farmaciasaas.com/api/images/articulos/DISTRIBUCION/13744.jpg,,0,0,blanco,pendiente,
38156,GENTAMICINA 0.3 % SOLUCION OFTALMICA,https://mav.farmaciasaas.com/api/images/articulos/DISTRIBUCION/5334.jpg,,0,0,blanco,pendiente,
38161,GLICAZET 500 MG / 5 MG TABLETAS RECUBIERTAS,https://mav.farmaciasaas.com/api/images/articulos/DISTRIBUCION/26018.jpg,,0,0,blanco,pendiente,
38162,GLICERINA 2.44 G X 6 SUPOSITORIOS,https://mav.farmaciasaas.com/api/images/articulos/DISTRIBUCION/53074.jpg,,0,0,blanco,pendiente,
38163,GLIDAN 80 MG X 20 TABLETAS,https://mav.farmaciasaas.com/api/images/articulos/DISTRIBUCION/9706.jpg,,0,0,blanco,pendiente,
38164,GLIFORMIN 1000 MG X 30 TABLETAS RECUBIERTAS,https://mav.farmaciasaas.com/api/images/articulos/DISTRIBUCION/22351.jpg,,0,0,blanco,pendiente,
38165,GLIFORMIN 850 MG X 30 TABLETAS RECUBIERTAS,https://mav.farmaciasaas.com/api/images/articulos/DISTRIBUCION/23014.jpg,,0,0,blanco,pendiente,
38166,GLIMEPIRIDA 2 MG X 30 COMPRIMIDOS,https://mav.farmaciasaas.com/api/images/articulos/DISTRIBUCION/52337.jpg,,0,0,blanco,pendiente,
38167,GLIMEPIRIDA 4 MG X 15 COMPRIMIDOS,https://mav.farmaciasaas.com/api/images/articulos/DISTRIBUCION/52338.jpg,,0,0,blanco,pendiente,
38170,GLIPTIN 500 MG - 50 MG X 10 COMPRIMIDOS RECUBIERTOS,https://mav.farmaciasaas.com/api/images/articulos/DISTRIBUCION/26771.jpg,,0,0,blanco,pendiente,
38171,GLIPTIN 500 MG - 50 MG X 30 COMPRIMIDOS RECUBIERTOS,https://mav.farmaciasaas.com/api/images/articulos/DISTRIBUCION/28336.jpg,,0,0,blanco,pendiente,
38173,GLUCONATO FERROSO (50 MG / 15 ML DE HIERRO ELEMENTAL) SOLUCION ORAL,https://mav.farmaciasaas.com/api/images/articulos/DISTRIBUCION/98394/98394.jpg,,0,0,blanco,pendiente,
38174,GLUCOVAL 10 MG X 30 TABLETAS RECUBIERTAS,https://mav.farmaciasaas.com/api/images/articulos/DISTRIBUCION/53623.jpg,,0,0,blanco,pendiente,
38175,GLUCOVAL 25 MG X 30 TABLETAS RECUBIERTAS,https://mav.farmaciasaas.com/api/images/articulos/DISTRIBUCION/53624.jpg,,0,0,blanco,pendiente,
38176,GLYMAR 2 MG X 20 TABLETAS,https://mav.farmaciasaas.com/api/images/articulos/DISTRIBUCION/9455.jpg,,0,0,blanco,pendiente,
38178,GRATIO 500 MG X 10 TABLETAS RECUBIERTAS,https://mav.farmaciasaas.com/api/images/articulos/DISTRIBUCION/93745.jpg,,0,0,blanco,pendiente,
38180,GULAPER 250 MG / 5 ML SOLUCION ORAL,https://mav.farmaciasaas.com/api/images/articulos/DISTRIBUCION/53409.jpg,,0,0,blanco,pendiente,
38181,GULAPER 250 MG / 5 ML SOLUCION ORAL SABOR A MENTA,https://mav.farmaciasaas.com/api/images/articulos/DISTRIBUCION/53409.jpg,,0,0,blanco,pendiente,
38182,GULAPER 100 MG / 5 ML ORAL,https://mav.farmaciasaas.com/api/images/articulos/DISTRIBUCION/8704.jpg,,0,0,blanco,pendiente,
38183,GYNODERAIN 0.6 G X 6 OVULOS,https://mav.farmaciasaas.com/api/images/articulos/DISTRIBUCION/8278.jpg,,0,0,blanco,pendiente,
38184,GYNOMET 750 MG - 200 MG X 7 OVULOS,https://mav.farmaciasaas.com/api/images/articulos/DISTRIBUCION/53056.jpg,,0,0,blanco,pendiente,
38186,HELAL 200 MG X 2 COMPRIMIDOS,https://mav.farmaciasaas.com/api/images/articulos/DISTRIBUCION/6546.jpg,,0,0,blanco,pendiente,
38187,HEPAFOL B12 X 30 TABLETAS RECUBIERTAS,https://mav.farmaciasaas.com/api/images/articulos/DISTRIBUCION/1766.jpg,,0,0,blanco,pendiente,
38188,HEPROX 0.4 MG X 30 CAPSULAS DE LIBERACION PROLONGADA,https://mav.farmaciasaas.com/api/images/articulos/DISTRIBUCION/91510.jpg,,0,0,blanco,pendiente,
38189,HEXANTFLEM 250 MG / 5 ML SOLUCION ORAL,https://mav.farmaciasaas.com/api/images/articulos/DISTRIBUCION/53268.jpg,,0,0,blanco,pendiente,
38190,LOSARTAN POTASICO - HIDROCLOROTIAZIDA 100 MG - 25 MG X 30 COMPRIMIDOS RECUBIERTOS,https://mav.farmaciasaas.com/api/images/articulos/DISTRIBUCION/54300.jpg,,0,0,blanco,pendiente,
38193,LOSARTAN POTASICO - HIDROCLOROTIAZIDA 50 MG -12.5 MG X 30 TABLETAS RECUBIERTAS,https://mav.farmaciasaas.com/api/images/articulos/DISTRIBUCION/53797.jpg,,0,0,blanco,pendiente,
38194,LOSARTAN POTASICO - HIDROCLOROTIAZIDA 50 MG -12.5 MG X 10 TABLETAS RECUBIERTAS,https://mav.farmaciasaas.com/api/images/articulos/DISTRIBUCION/93777.jpg,,0,0,blanco,pendiente,
38197,HIDROTEN 12.5 MG X 30 TABLETAS,https://mav.farmaciasaas.com/api/images/articulos/DISTRIBUCION/96218.jpg,,0,0,blanco,pendiente,
38199,PASIM FEM 20 MG - 400 MG X 10 COMPRIMIDOS RECUBIERTOS,https://mav.farmaciasaas.com/api/images/articulos/DISTRIBUCION/54299.jpg,,0,0,blanco,pendiente,
38201,HISTALER 5 MG X 10 TABLETAS RECUBIERTAS,https://mav.farmaciasaas.com/api/images/articulos/DISTRIBUCION/30267.jpg,,0,0,blanco,pendiente,
38203,HISTIVERT 24 MG X 30 COMPRIMIDOS,https://mav.farmaciasaas.com/api/images/articulos/DISTRIBUCION/16044.jpg,,0,0,blanco,pendiente,
38204,IBANDROMET 150 MG X 1 TABLETA RECUBIERTA,https://mav.farmaciasaas.com/api/images/articulos/DISTRIBUCION/97785.jpg,,0,0,blanco,pendiente,
38205,IBECAR 150 MG X 30 TABLETAS RECUBIERTAS,https://mav.farmaciasaas.com/api/images/articulos/DISTRIBUCION/27009.jpg,,0,0,blanco,pendiente,
38206,IBECAR 300 MG X 30 TABLETAS RECUBIERTAS,https://mav.farmaciasaas.com/api/images/articulos/DISTRIBUCION/27010.jpg,,0,0,blanco,pendiente,
38207,IBLUFEN 800 MG X 10 TABLETAS,https://mav.farmaciasaas.com/api/images/articulos/DISTRIBUCION/23883.jpg,,0,0,blanco,pendiente,
38208,IBUCOLVAL 600 MG - 4 MG X 10 TABLETAS RECUBIERTAS,https://mav.farmaciasaas.com/api/images/articulos/DISTRIBUCION/50513.jpg,,0,0,blanco,pendiente,
38209,IBUCOLVAL 600 MG - 4 MG X 20 TABLETAS RECUBIERTAS,https://mav.farmaciasaas.com/api/images/articulos/DISTRIBUCION/94906.jpg,,0,0,blanco,pendiente,
38210,IBUFENAC 400 MG X 20 CAPSULAS,https://mav.farmaciasaas.com/api/images/articulos/DISTRIBUCION/23089.jpg,,0,0,blanco,pendiente,
38211,IBUMAX 100 MG / 5 ML SUSPENSION ORAL,https://mav.farmaciasaas.com/api/images/articulos/DISTRIBUCION/50304.jpg,,0,0,blanco,pendiente,
38212,IBUN 600 MG X 10 TABLETAS RECUBIERTAS,https://mav.farmaciasaas.com/api/images/articulos/DISTRIBUCION/26152.jpg,,0,0,blanco,pendiente,
38213,IBUN 800 MG X 10 TABLETAS RECUBIERTAS,https://mav.farmaciasaas.com/api/images/articulos/DISTRIBUCION/53061.jpg,,0,0,blanco,pendiente,
38214,IBUPROFENO 600 MG X 10 COMPRIMIDOS RECUBIERTOS,https://mav.farmaciasaas.com/api/images/articulos/DISTRIBUCION/3823.jpg,,0,0,blanco,pendiente,
38215,IBUPROFENO 800 MG X 10 COMPRIMIDOS,https://mav.farmaciasaas.com/api/images/articulos/DISTRIBUCION/50176.jpg,,0,0,blanco,pendiente,
38217,IBUPROFENO 100 MG / 5 ML SUSPENSION ORAL,https://mav.farmaciasaas.com/api/images/articulos/DISTRIBUCION/99047.jpg,,0,0,blanco,pendiente,
38218,IBUPROFENO 400 MG X 20 TABLETAS,https://mav.farmaciasaas.com/api/images/articulos/DISTRIBUCION/24334.jpg,,0,0,blanco,pendiente,
38219,IBUPROFENO 600 MG X 10 TABLETAS,https://mav.farmaciasaas.com/api/images/articulos/DISTRIBUCION/29649.jpg,,0,0,blanco,pendiente,
38220,IBUPROFENO 800 MG X 10 TABLETAS RECUBIERTAS,https://pccentro.net.ve/img/s/8/9/7/4/5/89745-large_default.webp,,0,0,blanco,pendiente,
38221,IBUPROFENO - TIOCOLCHICOSIDO 400 MG - 4 MG X 10 TABLETAS RECUBIERTAS,https://mav.farmaciasaas.com/api/images/articulos/DISTRIBUCION/94963.jpg,,0,0,blanco,pendiente,
38222,IBUPROFENO 400 MG X 10 TABLETAS RECUBIERTAS,https://mav.farmaciasaas.com/api/images/articulos/DISTRIBUCION/10070.jpg,,0,0,blanco,pendiente,
38223,IBUPROFENO 400 MG X 20 TABLETAS RECUBIERTAS,https://pccentro.net.ve/img/s/8/4/0/1/1/84011-large_default.webp,,0,0,blanco,pendiente,
38224,IBUPROFENO 400 MG X 10 TABLETAS RECUBIERTAS ENTERICAS,https://mav.farmaciasaas.com/api/images/articulos/DISTRIBUCION/92855.jpg,,0,0,blanco,pendiente,
38225,IBUPROFENO 600 MG X 10 TABLETAS RECUBIERTAS,https://mav.farmaciasaas.com/api/images/articulos/DISTRIBUCION/10263.jpg,,0,0,blanco,pendiente,
38226,IBUTAN 100 MG / 5 ML SUSPENSION,https://mav.farmaciasaas.com/api/images/articulos/DISTRIBUCION/8970.jpg,,0,0,blanco,pendiente,
38227,IBUTAN 200 MG / 5 ML SUSPENSION,https://mav.farmaciasaas.com/api/images/articulos/DISTRIBUCION/94585.jpg,,0,0,blanco,pendiente,
38228,IBUTAN 200 MG X 10 TABLETAS,https://mav.farmaciasaas.com/api/images/articulos/DISTRIBUCION/4835.jpg,,0,0,blanco,pendiente,
38229,IBUTAN 400 MG X 10 TABLETAS,https://mav.farmaciasaas.com/api/images/articulos/DISTRIBUCION/8969.jpg,,0,0,blanco,pendiente,
38230,IBUTAN 400 MG X 20 TABLETAS,https://mav.farmaciasaas.com/api/images/articulos/DISTRIBUCION/92332.jpg,,0,0,blanco,pendiente,
38231,IBUTAN 600 MG X 10 TABLETAS,https://mav.farmaciasaas.com/api/images/articulos/DISTRIBUCION/127.jpg,,0,0,blanco,pendiente,
38232,IBUTANCOL 400 MG - 4 MG X 10 TABLETAS,https://mav.farmaciasaas.com/api/images/articulos/DISTRIBUCION/14204.jpg,,0,0,blanco,pendiente,
38233,IBUTANCOL 400 MG - 4 MG X 20 TABLETAS,https://mav.farmaciasaas.com/api/images/articulos/DISTRIBUCION/14205.jpg,,0,0,blanco,pendiente,
38234,IBUTANCOL 600 MG - 4 MG X 10 TABLETAS,https://mav.farmaciasaas.com/api/images/articulos/DISTRIBUCION/95589.jpg,,0,0,blanco,pendiente,
38235,IBUTANCOL 600 MG - 4 MG X 20 TABLETAS,https://mav.farmaciasaas.com/api/images/articulos/DISTRIBUCION/95590.jpg,,0,0,blanco,pendiente,
38236,IBUTANFEM 400 MG - 20 MG X 20 TABLETAS RECUBIERTAS,https://mav.farmaciasaas.com/api/images/articulos/DISTRIBUCION/25251.jpg,,0,0,blanco,pendiente,
38237,IBUTANFEM 400 MG - 20 MG X 30 TABLETAS RECUBIERTAS,https://mav.farmaciasaas.com/api/images/articulos/DISTRIBUCION/25252.jpg,,0,0,blanco,pendiente,
38238,IDOXEN 75 MG X 30 CAPSULAS DE LIBERACION PROLONGADA,https://mav.farmaciasaas.com/api/images/articulos/DISTRIBUCION/29527.jpg,,0,0,blanco,pendiente,
38239,IDOXEN 150 MG X 10 CAPSULAS DE LIBERACION PROLONGADA,https://mav.farmaciasaas.com/api/images/articulos/DISTRIBUCION/5699.jpg,,0,0,blanco,pendiente,
38241,ILTUX 20 MG X 28 COMPRIMIDOS RECUBIERTOS,https://mav.farmaciasaas.com/api/images/articulos/DISTRIBUCION/93907.jpg,,0,0,blanco,pendiente,
38242,IMAZOL DUAL 500 MG CAPSULA BLANDA VAGINAL + 1 % X 1 CREMA VAGINAL,https://mav.farmaciasaas.com/api/images/articulos/DISTRIBUCION/8397.jpg,,0,0,blanco,pendiente,
38243,IMAZOL 1 % POLVO,https://mav.farmaciasaas.com/api/images/articulos/DISTRIBUCION/11071.jpg,,0,0,blanco,pendiente,
38244,IMAZOL 1 % SOLUCION TOPICA ATOMIZADOR,https://mav.farmaciasaas.com/api/images/articulos/DISTRIBUCION/1853.jpg,,0,0,blanco,pendiente,
38245,IMAZOL 100 MG X 6 TABLETAS VAGINALES,https://mav.farmaciasaas.com/api/images/articulos/DISTRIBUCION/1854.jpg,,0,0,blanco,pendiente,
38246,INIBIL 20 MG X 14 COMPRIMIDOS CON CUBIERTA ENTERICA,https://mav.farmaciasaas.com/api/images/articulos/DISTRIBUCION/13662.jpg,,0,0,blanco,pendiente,
38247,INIBIL 40 MG X 14 COMPRIMIDOS CON CUBIERTA ENTERICA,https://mav.farmaciasaas.com/api/images/articulos/DISTRIBUCION/13661.jpg,,0,0,blanco,pendiente,
38248,IPALAT 1 % CREMA,https://mav.farmaciasaas.com/api/images/articulos/DISTRIBUCION/10960.jpg,,0,0,blanco,pendiente,
38250,IPORET 40 MG / ML SUSPENSION ORAL GOTAS,https://mav.farmaciasaas.com/api/images/articulos/DISTRIBUCION/96800.jpg,,0,0,blanco,pendiente,
38251,IPROXIN 500 MG X 12 TABLETAS RECUBIERTAS,https://mav.farmaciasaas.com/api/images/articulos/DISTRIBUCION/91152.jpg,,0,0,blanco,pendiente,
38252,IPROXIN 750 MG X 10 TABLETAS RECUBIERTAS,https://mav.farmaciasaas.com/api/images/articulos/DISTRIBUCION/54333.jpg,,0,0,blanco,pendiente,
38256,IRBESARTAN 300 MG X 28 TABLETAS,https://mav.farmaciasaas.com/api/images/articulos/DISTRIBUCION/28779.jpg,,0,0,blanco,pendiente,
38260,ISBELA 2 MG - 0.035 MG X 21 TABLETAS RECUBIERTAS,https://mav.farmaciasaas.com/api/images/articulos/DISTRIBUCION/25187.jpg,,0,0,blanco,pendiente,
38263,IVERMECTINA 6 MG X 4 TABLETAS,https://mav.farmaciasaas.com/api/images/articulos/DISTRIBUCION/38094.jpg,,0,0,blanco,pendiente,
38264,IZABAN 10 MG X 30 COMPRIMIDOS RECUBIERTOS,https://mav.farmaciasaas.com/api/images/articulos/DISTRIBUCION/29953.jpg,,0,0,blanco,pendiente,
38265,IZABAN DPP 25 MG - 5 MG X 30 COMPRIMIDOS RECUBIERTOS,https://mav.farmaciasaas.com/api/images/articulos/DISTRIBUCION/54207.jpg,,0,0,blanco,pendiente,
38266,KAPET 75 MG X 14 TABLETAS RECUBIERTAS,https://mav.farmaciasaas.com/api/images/articulos/DISTRIBUCION/7826.jpg,,0,0,blanco,pendiente,
38267,KAPET 75 MG X 30 TABLETAS RECUBIERTAS,https://pccentro.net.ve/img/s/3/5/6/5/7/35657-large_default.webp,,0,0,blanco,pendiente,
38268,KATRIN 30 MG / ML X 1 AMPOLLA,https://mav.farmaciasaas.com/api/images/articulos/DISTRIBUCION/50006.jpg,,0,0,blanco,pendiente,
38269,KAYIVIS 10 % SOLUCION TOPICA,https://mav.farmaciasaas.com/api/images/articulos/DISTRIBUCION/6514.jpg,,0,0,blanco,pendiente,
38270,KELAC 30 MG / ML X 1 AMPOLLA,https://mav.farmaciasaas.com/api/images/articulos/DISTRIBUCION/8261.jpg,,0,0,blanco,pendiente,
38271,KELAC 30 MG / ML X 3 AMPOLLAS,https://mav.farmaciasaas.com/api/images/articulos/DISTRIBUCION/95398.jpg,,0,0,blanco,pendiente,
38273,KELAC 30 MG X 4 TABLETAS SUBLINGUALES.,https://mav.farmaciasaas.com/api/images/articulos/DISTRIBUCION/27471.jpg,,0,0,blanco,pendiente,
38274,KELFEN 50 MG X 10 CAPSULAS,https://mav.farmaciasaas.com/api/images/articulos/DISTRIBUCION/1518.jpg,,0,0,blanco,pendiente,
38275,KELFEN 100 MG X 20 COMPRIMIDOS CON CUBIERTA ENTERICA,https://mav.farmaciasaas.com/api/images/articulos/DISTRIBUCION/11061.jpg,,0,0,blanco,pendiente,
38276,KEPPRA 1000 MG X 30 TABLETAS RECUBIERTAS,https://mav.farmaciasaas.com/api/images/articulos/DISTRIBUCION/28898.jpg,,0,0,blanco,pendiente,
38277,KEPPRA 500 MG X 30 TABLETAS RECUBIERTAS,https://mav.farmaciasaas.com/api/images/articulos/DISTRIBUCION/28897.jpg,,0,0,blanco,pendiente,
38278,KEPRORET 1 MG / ML SOLUCION ORAL,https://mav.farmaciasaas.com/api/images/articulos/DISTRIBUCION/26611.jpg,,0,0,blanco,pendiente,
38279,KETAZOL 2 % CHAMPU,https://mav.farmaciasaas.com/api/images/articulos/DISTRIBUCION/7281.jpg,,0,0,blanco,pendiente,
38280,KETAZOL 2 % CREMA,https://mav.farmaciasaas.com/api/images/articulos/DISTRIBUCION/6552.jpg,,0,0,blanco,pendiente,
38281,KETAZOL 400 MG X 3 OVULOS,https://mav.farmaciasaas.com/api/images/articulos/DISTRIBUCION/7624.jpg,,0,0,blanco,pendiente,
38282,CLINDAMICINA - KETOCONAZOL 100 MG - 400 MG OVULOS VAGINALES,https://pccentro.net.ve/img/s/8/5/3/0/4/85304-large_default.webp,,0,0,blanco,pendiente,
38283,KETODEX 100 MG X 10 TABLETAS CON RECUBRIMIENTO ENTERICO,https://mav.farmaciasaas.com/api/images/articulos/DISTRIBUCION/28361.jpg,,0,0,blanco,pendiente,
38288,KETOPROFENO 100 MG X 10 CAPSULAS,https://pccentro.net.ve/img/s/8/4/0/5/2/84052-large_default.webp,,0,0,blanco,pendiente,
38289,KETOPROFENO 100 MG X 20 CAPSULAS,https://pccentro.net.ve/img/s/8/4/0/5/1/84051-large_default.webp,,0,0,blanco,pendiente,
38290,KETOPROFENO 100 MG X 10 CAPSULAS,https://mav.farmaciasaas.com/api/images/articulos/DISTRIBUCION/21061.jpg,,0,0,blanco,pendiente,
38291,KETOPROFENO 100 MG X 20 CAPSULAS,https://mav.farmaciasaas.com/api/images/articulos/DISTRIBUCION/2408.jpg,,0,0,blanco,pendiente,
38292,KETOPROFENO 100 MG X 10 CAPSULAS,https://mav.farmaciasaas.com/api/images/articulos/DISTRIBUCION/54274.jpg,,0,0,blanco,pendiente,
38293,KETOPROFENO 100 MG X 20 CAPSULAS,https://mav.farmaciasaas.com/api/images/articulos/DISTRIBUCION/8408.jpg,,0,0,blanco,pendiente,
38295,KETOREL 30 MG X 4 COMPRIMIDOS ORODISPERSABLE,https://mav.farmaciasaas.com/api/images/articulos/DISTRIBUCION/29434.jpg,,0,0,blanco,pendiente,
38300,KEYDOL 400 MG - 4 MG X 10 COMPRIMIDOS RECUBIERTOS,https://mav.farmaciasaas.com/api/images/articulos/DISTRIBUCION/54359.jpg,,0,0,blanco,pendiente,
38301,KEYDOL 400 MG - 4 MG X 20 COMPRIMIDOS RECUBIERTOS,https://mav.farmaciasaas.com/api/images/articulos/DISTRIBUCION/54358.jpg,,0,0,blanco,pendiente,
38302,KEYDOL 600 MG - 4 MG X 10 COMPRIMIDOS RECUBIERTOS,https://mav.farmaciasaas.com/api/images/articulos/DISTRIBUCION/54360.jpg,,0,0,blanco,pendiente,
38303,KEYDOL 600 MG - 4 MG X 20 COMPRIMIDOS RECUBIERTOS,https://mav.farmaciasaas.com/api/images/articulos/DISTRIBUCION/54361.jpg,,0,0,blanco,pendiente,
38304,KLAS 100 MG X 20 CAPSULAS,https://mav.farmaciasaas.com/api/images/articulos/DISTRIBUCION/6615.jpg,,0,0,blanco,pendiente,
38305,L - CARNITINA 1 G / 10 ML SOLUCION ORAL,https://mav.farmaciasaas.com/api/images/articulos/DISTRIBUCION/20545.jpg,,0,0,blanco,pendiente,
38306,LACTBET 3000 U X 10 CAPSULAS,https://mav.farmaciasaas.com/api/images/articulos/DISTRIBUCION/52649.jpg,,0,0,blanco,pendiente,
38308,LARFACAINA 2 MG - 1.5 MG X 16 PASTILLAS SABOR A TUTTI - FRUTTI,https://mav.farmaciasaas.com/api/images/articulos/DISTRIBUCION/8848.jpg,,0,0,blanco,pendiente,
38309,VITAMINA C 500 MG X 16 TABLETAS MASTICABLES SABOR A TUTTI FRUTTI,https://pccentro.net.ve/img/s/4/3/6/0/1/43601-large_default.webp,,0,0,blanco,pendiente,
38310,LAMICTAL 25 MG X 30 TABLETAS DISPERSABLES-MASTICABLES,https://mav.farmaciasaas.com/api/images/articulos/DISTRIBUCION/11119.jpg,,0,0,blanco,pendiente,
38313,LAMPRAL 4 MG / 2 ML X 2 AMPOLLAS,https://mav.farmaciasaas.com/api/images/articulos/DISTRIBUCION/54482.jpg,,0,0,blanco,pendiente,
38314,LANSOPRAZOL 30 MG X 28 CAPSULAS,https://mav.farmaciasaas.com/api/images/articulos/DISTRIBUCION/10462.jpg,,0,0,blanco,pendiente,
38315,LECHE DE MAGNESIA 8.5 % SUSPENSION SABOR ORIGINAL,https://pccentro.net.ve/img/s/3/0/8/6/3/30863-large_default.webp,,0,0,blanco,pendiente,
38316,ARAVA 20 MG X 30 TABLETAS RECUBIERTAS,https://pccentro.net.ve/img/s/7/6/7/2/7/76727-large_default.webp,,0,0,blanco,pendiente,
38317,LENTOCILIN 6.3.3 X 1 AMPOLLA,https://mav.farmaciasaas.com/api/images/articulos/DISTRIBUCION/51060.jpg,,0,0,blanco,pendiente,
38318,LEPRIT 25 MG X 30 TABLETAS,https://mav.farmaciasaas.com/api/images/articulos/DISTRIBUCION/11553.jpg,,0,0,blanco,pendiente,
38319,LEPTAZINE 10 MG X 24 COMPRIMIDOS,https://mav.farmaciasaas.com/api/images/articulos/DISTRIBUCION/5079.jpg,,0,0,blanco,pendiente,
38320,LEPTAZINE 5 MG X 30 COMPRIMIDOS,https://mav.farmaciasaas.com/api/images/articulos/DISTRIBUCION/5080.jpg,,0,0,blanco,pendiente,
38321,DIHIDROLIP 20 MG X 10 COMPRIMIDOS RECUBIERTOS,https://mav.farmaciasaas.com/api/images/articulos/DISTRIBUCION/23436.jpg,,0,0,blanco,pendiente,
38322,LERCANIDIPINO 20 MG X 30 COMPRIMIDOS RECUBIERTOS,https://mav.farmaciasaas.com/api/images/articulos/DISTRIBUCION/53052.jpg,,0,0,blanco,pendiente,
38325,LESTECOL 20 MG X 30 TABLETAS RECUBIERTAS,https://mav.farmaciasaas.com/api/images/articulos/DISTRIBUCION/91318.jpg,,0,0,blanco,pendiente,
38326,LETISAN 500 MG X 10 COMPRIMIDOS RECUBIERTOS DE ACCION PROLONGADA,https://mav.farmaciasaas.com/api/images/articulos/DISTRIBUCION/50523.jpg,,0,0,blanco,pendiente,
38327,LETISAN 500 MG X 30 COMPRIMIDOS RECUBIERTOS DE ACCION PROLONGADA,https://mav.farmaciasaas.com/api/images/articulos/DISTRIBUCION/99231.jpg,,0,0,blanco,pendiente,
38329,LEVAMOX 750 MG X 10 TABLETAS RECUBIERTAS,https://mav.farmaciasaas.com/api/images/articulos/DISTRIBUCION/20350.jpg,,0,0,blanco,pendiente,
38334,LEVOFLOXACINA 500 MG X 10 COMPRIMIDOS RECUBIERTOS,https://mav.farmaciasaas.com/api/images/articulos/DISTRIBUCION/52744.jpg,,0,0,blanco,pendiente,
38345,LEVOPRIDE 25 MG X 30 COMPRIMIDOS,https://mav.farmaciasaas.com/api/images/articulos/DISTRIBUCION/29747.jpg,,0,0,blanco,pendiente,
38346,LEVORAT 5 MG / ML X 10 SOLUCION ORAL,https://mav.farmaciasaas.com/api/images/articulos/DISTRIBUCION/28338.jpg,,0,0,blanco,pendiente,
38347,LEVOSULPIRIDA 25 MG X 30 TABLETAS,https://mav.farmaciasaas.com/api/images/articulos/DISTRIBUCION/53039.jpg,,0,0,blanco,pendiente,
38348,LEVOSULPIRIDE 25 MG X 30 TABLETAS,https://mav.farmaciasaas.com/api/images/articulos/DISTRIBUCION/23223.jpg,,0,0,blanco,pendiente,
38352,LIBERDUX 5 MG X 10 TABLETAS RECUBIERTAS,https://mav.farmaciasaas.com/api/images/articulos/DISTRIBUCION/28647.jpg,,0,0,blanco,pendiente,
38354,LIDOCAINA 2 % CON ADRENALINA 1: 80.000 SOLUCION INYECTABLE,https://mav.farmaciasaas.com/api/images/articulos/DISTRIBUCION/29478.jpg,,0,0,blanco,pendiente,
38357,LIOLACTIL (LACTOBACILOS RHAMNOSUS) 1.5 G X 6 POLVO PARA SUSPENSION ORAL SOBRES,https://mav.farmaciasaas.com/api/images/articulos/DISTRIBUCION/2161.jpg,,0,0,blanco,pendiente,
38359,LIPEND 10 MG X 30 COMPRIMIDOS RECUBIERTOS,https://mav.farmaciasaas.com/api/images/articulos/DISTRIBUCION/52071.jpg,,0,0,blanco,pendiente,
38360,LIPEND 20 MG X 30 COMPRIMIDOS RECUBIERTOS,https://mav.farmaciasaas.com/api/images/articulos/DISTRIBUCION/52072.jpg,,0,0,blanco,pendiente,
38361,LIPONTAL 900 MG X 10 TABLETAS,https://mav.farmaciasaas.com/api/images/articulos/DISTRIBUCION/10400.jpg,,0,0,blanco,pendiente,
38362,LISILET 10 MG X 30 COMPRIMIDOS,https://mav.farmaciasaas.com/api/images/articulos/DISTRIBUCION/99130.jpg,,0,0,blanco,pendiente,
38363,LISILETIC 20 MG -12.5 MG X 30 COMPRIMIDOS,https://mav.farmaciasaas.com/api/images/articulos/DISTRIBUCION/1677.jpg,,0,0,blanco,pendiente,
38364,LISOMUCIN 4 MG / 5 ML JARABE,https://mav.farmaciasaas.com/api/images/articulos/DISTRIBUCION/2178.jpg,,0,0,blanco,pendiente,
38366,LODESTAR 100 MG X 30 TABLETAS RECUBIERTAS,https://mav.farmaciasaas.com/api/images/articulos/DISTRIBUCION/52796.jpg,,0,0,blanco,pendiente,
38367,LODESTAR HCT 50 MG - 12.5 MG X 30 TABLETAS RECUBIERTAS,https://mav.farmaciasaas.com/api/images/articulos/DISTRIBUCION/17318.jpg,,0,0,blanco,pendiente,
38368,LODIPIN 10 MG X 10 COMPRIMIDOS,https://mav.farmaciasaas.com/api/images/articulos/DISTRIBUCION/16508.jpg,,0,0,blanco,pendiente,
38372,LOGANIL 100 MG / 5 ML JARABE,https://mav.farmaciasaas.com/api/images/articulos/DISTRIBUCION/51207.jpg,,0,0,blanco,pendiente,
38373,LOKARIN 5 MG - 60 MG / 5 ML JARABE,https://mav.farmaciasaas.com/api/images/articulos/DISTRIBUCION/11306.jpg,,0,0,blanco,pendiente,
38374,LONGACEF 400 MG X 5 CAPSULAS,https://mav.farmaciasaas.com/api/images/articulos/DISTRIBUCION/98377.jpg,,0,0,blanco,pendiente,
38376,LOPERAM 2 MG X 4 TABLETAS,https://mav.farmaciasaas.com/api/images/articulos/DISTRIBUCION/5224.jpg,,0,0,blanco,pendiente,
38377,LOPERAM 2 MG X 10 TABLETAS,https://mav.farmaciasaas.com/api/images/articulos/DISTRIBUCION/18988.jpg,,0,0,blanco,pendiente,
38380,LORADEX 10 MG X 10 TABLETAS,https://mav.farmaciasaas.com/api/images/articulos/DISTRIBUCION/92795.jpg,,0,0,blanco,pendiente,
38381,LORATADINA 10 MG X 10 COMPRIMIDOS,https://mav.farmaciasaas.com/api/images/articulos/DISTRIBUCION/3401.jpg,,0,0,blanco,pendiente,
38383,LORATADINA 10 MG X 10 TABLETAS,https://mav.farmaciasaas.com/api/images/articulos/DISTRIBUCION/9653.jpg,,0,0,blanco,pendiente,
38385,LORATADINA - AMBROXOL CLORHIDRATO 5 MG - 30 MG / 5 ML SOLUCION ORAL,https://mav.farmaciasaas.com/api/images/articulos/DISTRIBUCION/98664.jpg,,0,0,blanco,pendiente,
38387,LORATADINA 10 MG X 10 TABLETAS,https://mav.farmaciasaas.com/api/images/articulos/DISTRIBUCION/24536.jpg,,0,0,blanco,pendiente,
38389,LORATADINA - AMBROXOL CLORHIDRATO 5 MG - 30 MG X 10 TABLETAS,https://pccentro.net.ve/img/s/2/3/7/9/4/23794-large_default.webp,,0,0,blanco,pendiente,
38391,LORAVAL 5 MG / 5 ML JARABE,https://mav.farmaciasaas.com/api/images/articulos/DISTRIBUCION/9150.jpg,,0,0,blanco,pendiente,
38392,LORAVAL 10 MG X 10 TABLETAS,https://mav.farmaciasaas.com/api/images/articulos/DISTRIBUCION/9147.jpg,,0,0,blanco,pendiente,
38394,LOREX 1 MG / ML JARABE,https://pccentro.net.ve/img/s/7/5/4/0/7/75407-large_default.webp,,0,0,blanco,pendiente,
38395,LOSARTAN POTASICO 50 MG X 30 COMPRIMIDOS RECUBIERTOS,https://mav.farmaciasaas.com/api/images/articulos/DISTRIBUCION/97621.jpg,,0,0,blanco,pendiente,
38396,LOSARTAN POTASICO 50 MG X 10 COMPRIMIDOS RECUBIERTOS,https://mav.farmaciasaas.com/api/images/articulos/DISTRIBUCION/3399.jpg,,0,0,blanco,pendiente,
38400,LOSARTAN POTASICO - HIDROCLOROTIAZIDA 100 MG - 25 MG X 30 TABLETAS RECUBIERTAS,https://pccentro.net.ve/img/s/2/3/6/7/7/23677-large_default.webp,,0,0,blanco,pendiente,
38401,LOSARTAN POTASICO 50 MG X 30 TABLETAS RECUBIERTAS,https://mav.farmaciasaas.com/api/images/articulos/DISTRIBUCION/20271.jpg,,0,0,blanco,pendiente,
38404,LOSARTAN POTASICO 50 MG X 30 TABLETAS RECUBIERTAS,https://mav.farmaciasaas.com/api/images/articulos/DISTRIBUCION/27329.jpg,,0,0,blanco,pendiente,
38406,LOSARTAN POTASICO - HIDROCLOROTIZADA 100 MG - 25 MG X 30 TABLETAS RECUBIERTAS,https://mav.farmaciasaas.com/api/images/articulos/DISTRIBUCION/53633.jpg,,0,0,blanco,pendiente,
38408,LOSARTAN POTASICO 50 MG X 30 TABLETAS RECUBIERTAS,https://mav.farmaciasaas.com/api/images/articulos/DISTRIBUCION/53797.jpg,,0,0,blanco,pendiente,
38409,LOSARTAN POTASICO 50 MG X 20 TABLETAS RECUBIERTAS,https://mav.farmaciasaas.com/api/images/articulos/DISTRIBUCION/92637.jpg,,0,0,blanco,pendiente,
38410,LOSARTAN POTASICO 50 MG X 30 TABLETAS RECUBIERTAS,https://mav.farmaciasaas.com/api/images/articulos/DISTRIBUCION/99640.jpg,,0,0,blanco,pendiente,
38411,LOSARTAN POTASICO 100 MG X 30 COMPRIMIDOS RECUBIERTOS,https://mav.farmaciasaas.com/api/images/articulos/DISTRIBUCION/27782.jpg,,0,0,blanco,pendiente,
38412,LOTEMICIN 0.5 % - 0.3 % SUSPENSION OFTALMICA,https://mav.farmaciasaas.com/api/images/articulos/DISTRIBUCION/93654.jpg,,0,0,blanco,pendiente,
38413,LOWPRES 150 MCG / ML X 5 AMPOLLAS,https://mav.farmaciasaas.com/api/images/articulos/DISTRIBUCION/25380.jpg,,0,0,blanco,pendiente,
38414,LUDROX 75 MG X 30 TABLETAS RECUBIERTAS,https://mav.farmaciasaas.com/api/images/articulos/DISTRIBUCION/26078.jpg,,0,0,blanco,pendiente,
38415,LUMBAX 200 MG X 10 TABLETAS,https://mav.farmaciasaas.com/api/images/articulos/DISTRIBUCION/29648.jpg,,0,0,blanco,pendiente,
38416,LUMBAX 400 MG X 10 TABLETAS,https://mav.farmaciasaas.com/api/images/articulos/DISTRIBUCION/20349.jpg,,0,0,blanco,pendiente,
38417,LUMBAX 600 MG X 10 TABLETAS,https://mav.farmaciasaas.com/api/images/articulos/DISTRIBUCION/20720.jpg,,0,0,blanco,pendiente,
38418,LUMBAX 800 MG X 6 COMPRIMIDOS RECUBIERTOS,https://mav.farmaciasaas.com/api/images/articulos/DISTRIBUCION/20721.jpg,,0,0,blanco,pendiente,
38419,MACRODANTINA 50 MG X 30 CAPSULAS,https://mav.farmaciasaas.com/api/images/articulos/DISTRIBUCION/2247.jpg,,0,0,blanco,pendiente,
38420,MADECASSOL 1 % UNGUENTO,https://mav.farmaciasaas.com/api/images/articulos/DISTRIBUCION/16764.jpg,,0,0,blanco,pendiente,
38423,MAILEN 5 MG X 10 COMPRIMIDOS RECUBIERTOS,https://mav.farmaciasaas.com/api/images/articulos/DISTRIBUCION/7557.jpg,,0,0,blanco,pendiente,
38424,MAILEN 5 MG X 30 COMPRIMIDOS RECUBIERTOS,https://mav.farmaciasaas.com/api/images/articulos/DISTRIBUCION/95984.jpg,,0,0,blanco,pendiente,
38425,MAILEN 2.5 MG / 5 ML JARABE,https://mav.farmaciasaas.com/api/images/articulos/DISTRIBUCION/7559.jpg,,0,0,blanco,pendiente,
38426,MANITOL AL 18 % SOLUCION INYECTABLE INTRAVENOSA,https://mav.farmaciasaas.com/api/images/articulos/DISTRIBUCION/5408.jpg,,0,0,blanco,pendiente,
38427,MARTESIA 25 MG X 30 CAPSULAS,https://mav.farmaciasaas.com/api/images/articulos/DISTRIBUCION/17771.jpg,,0,0,blanco,pendiente,
38428,MARTESIA 300 MG X 14 CAPSULAS,https://mav.farmaciasaas.com/api/images/articulos/DISTRIBUCION/95724.jpg,,0,0,blanco,pendiente,
38429,MARTESIA 75 MG X 14 CAPSULAS,https://mav.farmaciasaas.com/api/images/articulos/DISTRIBUCION/95844.jpg,,0,0,blanco,pendiente,
38430,MATERNAVIT X 30 CAPSULAS BLANDAS,https://mav.farmaciasaas.com/api/images/articulos/DISTRIBUCION/13652.jpg,,0,0,blanco,pendiente,
38431,MATILOL 0.5 % SOLUCION OFTALMICA,https://mav.farmaciasaas.com/api/images/articulos/DISTRIBUCION/2972.jpg,,0,0,blanco,pendiente,
38432,MAXIFUR 50 MG X 30 CAPSULAS,https://mav.farmaciasaas.com/api/images/articulos/DISTRIBUCION/30340.jpg,,0,0,blanco,pendiente,
38436,MELIF 50 MG - 500 MG X 30 COMPRIMIDOS RECUBIERTOS,https://mav.farmaciasaas.com/api/images/articulos/DISTRIBUCION/52755.jpg,,0,0,blanco,pendiente,
38437,MELIGEN 10 MG X 30 TABLETAS RECUBIERTAS,https://mav.farmaciasaas.com/api/images/articulos/DISTRIBUCION/22554.jpg,,0,0,blanco,pendiente,
38439,MELOXICAM 15 MG X 10 TABLETAS,https://mav.farmaciasaas.com/api/images/articulos/DISTRIBUCION/662.jpg,,0,0,blanco,pendiente,
38440,MELOXICAM 15 MG X 10 COMPRIMIDOS,https://mav.farmaciasaas.com/api/images/articulos/DISTRIBUCION/7370.jpg,,0,0,blanco,pendiente,
38445,MENTOL DAVIS UNGUENTO,https://pccentro.net.ve/img/s/2/3/4/3/2/23432-large_default.webp,,0,0,blanco,pendiente,
38449,MESPEN 500 MG X 1 AMPOLLA,https://mav.farmaciasaas.com/api/images/articulos/DISTRIBUCION/20400.jpg,,0,0,blanco,pendiente,
38450,DIPIRONA 1 G / 2 ML X 3 AMPOLLAS,https://mav.farmaciasaas.com/api/images/articulos/DISTRIBUCION/29164.jpg,,0,0,blanco,pendiente,
38453,METFORMINA CLORHIDRATO 850 MG X 30 TABLETAS RECUBIERTAS,https://mav.farmaciasaas.com/api/images/articulos/DISTRIBUCION/53284.jpg,,0,0,blanco,pendiente,
38457,METFORMINA CLORHIDRATO 500 MG X 28 TABLETAS,https://mav.farmaciasaas.com/api/images/articulos/DISTRIBUCION/5582.jpg,,0,0,blanco,pendiente,
38459,METFORMINA 500 MG X 30 TABLETAS RECUBIERTAS,https://pccentro.net.ve/img/s/7/9/6/1/2/79612-large_default.webp,,0,0,blanco,pendiente,
38462,METFORMINA CLORHIDRATO 850 MG X 28 TABLETAS,https://mav.farmaciasaas.com/api/images/articulos/DISTRIBUCION/3913.jpg,,0,0,blanco,pendiente,
38466,METILPREDNISOLONA 125 MG X 1 AMPOLLA,https://mav.farmaciasaas.com/api/images/articulos/DISTRIBUCION/27445.jpg,,0,0,blanco,pendiente,
38468,METOCLOPRAMIDA 10 MG / 2 ML X 6 AMPOLLAS,https://mav.farmaciasaas.com/api/images/articulos/DISTRIBUCION/7763.jpg,,0,0,blanco,pendiente,
38471,METREN 500 MG X 10 CAPSULAS BLANDAS VAGINALES,https://mav.farmaciasaas.com/api/images/articulos/DISTRIBUCION/6011.jpg,,0,0,blanco,pendiente,
38473,METREN 250 MG / 5 ML SUSPENSION,https://mav.farmaciasaas.com/api/images/articulos/DISTRIBUCION/6010.jpg,,0,0,blanco,pendiente,
38474,METREN 500 MG X 10 TABLETAS,https://mav.farmaciasaas.com/api/images/articulos/DISTRIBUCION/6005.jpg,,0,0,blanco,pendiente,
38479,METRONIDAZOL BENZOIL 125 MG / 5 ML SUSPENSION ORAL,https://mav.farmaciasaas.com/api/images/articulos/DISTRIBUCION/1774.jpg,,0,0,blanco,pendiente,
38480,METRONIDAZOL BENZOIL 250 MG / 5 ML SUSPENSION ORAL,https://mav.farmaciasaas.com/api/images/articulos/DISTRIBUCION/1773.jpg,,0,0,blanco,pendiente,
38481,METRONIDAZOL 500 MG X 10 TABLETAS,https://pccentro.net.ve/img/s/7/6/2/9/7/76297-large_default.webp,,0,0,blanco,pendiente,
38485,METSIGLIN 500 MG - 50 MG X 30 COMPRIMIDOS RECUBIERTOS,https://mav.farmaciasaas.com/api/images/articulos/DISTRIBUCION/30362.jpg,,0,0,blanco,pendiente,
38486,MICONAX 15 % - 4 % CREMA VAGINAL,https://mav.farmaciasaas.com/api/images/articulos/DISTRIBUCION/99630.jpg,,0,0,blanco,pendiente,
38488,MIGRAVAL 100 MG X 2 COMPRIMIDOS RECUBIERTOS,https://mav.farmaciasaas.com/api/images/articulos/DISTRIBUCION/1945.jpg,,0,0,blanco,pendiente,
38489,MIGRAVAL 100 MG X 4 COMPRIMIDOS RECUBIERTOS,https://mav.farmaciasaas.com/api/images/articulos/DISTRIBUCION/19846.jpg,,0,0,blanco,pendiente,
38490,MIGRAVAL 100 MG X 8 COMPRIMIDOS RECUBIERTOS,https://mav.farmaciasaas.com/api/images/articulos/DISTRIBUCION/19847.jpg,,0,0,blanco,pendiente,
38491,MILAX 50 % X 20 SOLUCION ORAL,https://mav.farmaciasaas.com/api/images/articulos/DISTRIBUCION/7357.jpg,,0,0,blanco,pendiente,
38492,MIOVIT COMPOSITUM CON LIDOCAINA X 3 AMPOLLAS,https://mav.farmaciasaas.com/api/images/articulos/DISTRIBUCION/5514.jpg,,0,0,blanco,pendiente,
38493,MIOVIT COMPOSITUM CON LIDOCAINA X 1 AMPOLLA,https://mav.farmaciasaas.com/api/images/articulos/DISTRIBUCION/53224.jpg,,0,0,blanco,pendiente,
38494,MIOVIT COMPOSITUM CON LIDOCAINA X 6 AMPOLLAS,https://mav.farmaciasaas.com/api/images/articulos/DISTRIBUCION/97516.jpg,,0,0,blanco,pendiente,
38500,MIRTAZAVAL 15 MG X 30 TABLETAS RECUBIERTAS,https://mav.farmaciasaas.com/api/images/articulos/DISTRIBUCION/52793.jpg,,0,0,blanco,pendiente,
38502,MISULVAN 30 MG / 5 ML JARABE,https://mav.farmaciasaas.com/api/images/articulos/DISTRIBUCION/26235.jpg,,0,0,blanco,pendiente,
38504,MONTELUKAST 10 MG X 10 TABLETAS RECUBIERTAS,https://mav.farmaciasaas.com/api/images/articulos/DISTRIBUCION/52391.jpg,,0,0,blanco,pendiente,
38505,MONTELUKAST 10 MG X 30 TABLETAS RECUBIERTAS,https://mav.farmaciasaas.com/api/images/articulos/DISTRIBUCION/23966.jpg,,0,0,blanco,pendiente,
38507,MONTRAX 10 MG X 10 TABLETAS,https://mav.farmaciasaas.com/api/images/articulos/DISTRIBUCION/27191.jpg,,0,0,blanco,pendiente,
38508,MONTRAX 10 MG X 30 TABLETAS,https://mav.farmaciasaas.com/api/images/articulos/DISTRIBUCION/96585.jpg,,0,0,blanco,pendiente,
38510,MONTRAX 5 MG X 10 TABLETAS MASTICABLES,https://mav.farmaciasaas.com/api/images/articulos/DISTRIBUCION/27038.jpg,,0,0,blanco,pendiente,
38511,MONTRAX 5 MG X 30 TABLETAS MASTICABLES,https://mav.farmaciasaas.com/api/images/articulos/DISTRIBUCION/96583.jpg,,0,0,blanco,pendiente,
38512,MONUKAST 5 MG X 30 TABLETAS MASTICABLES,https://mav.farmaciasaas.com/api/images/articulos/DISTRIBUCION/50733.jpg,,0,0,blanco,pendiente,
38513,MOPERID 10 MG X 20 TABLETAS,https://mav.farmaciasaas.com/api/images/articulos/DISTRIBUCION/20367.jpg,,0,0,blanco,pendiente,
38514,MOVIMEX 15 MG X 10 TABLETAS,https://mav.farmaciasaas.com/api/images/articulos/DISTRIBUCION/90529.jpg,,0,0,blanco,pendiente,
38515,MOXIDEX 0.5 -0.1 % SOLUCION OFTALMICA ESTERIL,https://mav.farmaciasaas.com/api/images/articulos/DISTRIBUCION/17364/17364.jpg,,0,0,blanco,pendiente,
38516,MOXIFLOXACINA 400 MG X 7 TABLETAS RECUBIERTAS,https://mav.farmaciasaas.com/api/images/articulos/DISTRIBUCION/90066.jpg,,0,0,blanco,pendiente,
38518,MOXIFLOXACINA 400 MG X 5 TABLETAS RECUBIERTAS,https://mav.farmaciasaas.com/api/images/articulos/DISTRIBUCION/92489.jpg,,0,0,blanco,pendiente,
38519,MUCLAR 30 MG - 5 MG X 10 COMPRIMIDOS,https://mav.farmaciasaas.com/api/images/articulos/DISTRIBUCION/98656.jpg,,0,0,blanco,pendiente,
38521,MUCOMAX 15 MG / 5 ML SOLUCION ORAL USO PEDIATRICO,https://mav.farmaciasaas.com/api/images/articulos/DISTRIBUCION/14193.jpg,,0,0,blanco,pendiente,
38522,MUCOXOL 30 MG / 5 ML JARABE,https://mav.farmaciasaas.com/api/images/articulos/DISTRIBUCION/30075.jpg,,0,0,blanco,pendiente,
38523,MULTIDERM 2 % UNGUENTO,https://mav.farmaciasaas.com/api/images/articulos/DISTRIBUCION/98294.jpg,,0,0,blanco,pendiente,
38524,MULTIVIRAL X 30 CAPSULAS,https://mav.farmaciasaas.com/api/images/articulos/DISTRIBUCION/2470.jpg,,0,0,blanco,pendiente,
38525,MUPIROCIN 2 % UNGUENTO,https://mav.farmaciasaas.com/api/images/articulos/DISTRIBUCION/28580.jpg,,0,0,blanco,pendiente,
38526,MUVETT 300 MG X 20 TABLETAS RECUBIERTAS DE LIBERACION PROLONGADA,https://mav.farmaciasaas.com/api/images/articulos/DISTRIBUCION/50344.jpg,,0,0,blanco,pendiente,
38527,MYCOFENTIN 2 % CREMA,https://mav.farmaciasaas.com/api/images/articulos/DISTRIBUCION/7183.jpg,,0,0,blanco,pendiente,
38529,NACLODIN 0.150 MG X 30 TABLETAS,https://mav.farmaciasaas.com/api/images/articulos/DISTRIBUCION/30060.jpg,,0,0,blanco,pendiente,
38530,NAFINA 1 % CREMA,https://mav.farmaciasaas.com/api/images/articulos/DISTRIBUCION/4092.jpg,,0,0,blanco,pendiente,
38533,NEFROTAL AMLO 50 MG - 5 MG X 30 COMPRIMIDOS,https://mav.farmaciasaas.com/api/images/articulos/DISTRIBUCION/20154.jpg,,0,0,blanco,pendiente,
38537,NEFROTAL H 50 MG - 12.5 MG X 14 COMPRIMIDOS RECUBIERTOS,https://mav.farmaciasaas.com/api/images/articulos/DISTRIBUCION/1511.jpg,,0,0,blanco,pendiente,
38538,NEFROTAL 100 MG X 30 COMPRIMIDOS RECUBIERTOS,https://mav.farmaciasaas.com/api/images/articulos/DISTRIBUCION/25248.jpg,,0,0,blanco,pendiente,
38539,NEFROTAL 100 MG X 10 COMPRIMIDOS RECUBIERTOS,https://mav.farmaciasaas.com/api/images/articulos/DISTRIBUCION/25320.jpg,,0,0,blanco,pendiente,
38540,NEFROTAL 100 MG X 14 COMPRIMIDOS RECUBIERTOS,https://mav.farmaciasaas.com/api/images/articulos/DISTRIBUCION/8487.jpg,,0,0,blanco,pendiente,
38541,NEFROTAL H 100 MG - 25 MG X 10 COMPRIMIDOS RECUBIERTOS,https://mav.farmaciasaas.com/api/images/articulos/DISTRIBUCION/25321.jpg,,0,0,blanco,pendiente,
38545,NEULEVAL 500 MG X 10 TABLETAS RECUBIERTAS,https://mav.farmaciasaas.com/api/images/articulos/DISTRIBUCION/22859.jpg,,0,0,blanco,pendiente,
38546,NEULEVAL 750 MG X 5 TABLETAS RECUBIERTAS,https://mav.farmaciasaas.com/api/images/articulos/DISTRIBUCION/22860.jpg,,0,0,blanco,pendiente,
38547,NEURIXA 150 MG X 14 CAPSULAS,https://mav.farmaciasaas.com/api/images/articulos/DISTRIBUCION/93669.jpg,,0,0,blanco,pendiente,
38548,NEURIXA 75 MG X 14 CAPSULAS,https://mav.farmaciasaas.com/api/images/articulos/DISTRIBUCION/93668.jpg,,0,0,blanco,pendiente,
38552,NIFEDIPINA 10 MG X 14 CAPSULAS,https://mav.farmaciasaas.com/api/images/articulos/DISTRIBUCION/27546.jpg,,0,0,blanco,pendiente,
38553,NIFEDIPINA 10 MG X 30 COMPRIMIDOS DISPERSABLES,https://mav.farmaciasaas.com/api/images/articulos/DISTRIBUCION/51432.jpg,,0,0,blanco,pendiente,
38556,NIMODIPINA 30 MG X 30 COMPRIMIDOS,https://mav.farmaciasaas.com/api/images/articulos/DISTRIBUCION/23674.jpg,,0,0,blanco,pendiente,
38557,NIPE PLUS GRANULADO PARA SUSPENSION SABOR A FRUTAS TROPICALES,https://mav.farmaciasaas.com/api/images/articulos/DISTRIBUCION/8637.jpg,,0,0,blanco,pendiente,
38560,NITAX 500 MG X 6 TABLETAS RECUBIERTAS,https://mav.farmaciasaas.com/api/images/articulos/DISTRIBUCION/24328.jpg,,0,0,blanco,pendiente,
38565,NITROFURANTOINA 50 MG X 30 TABLETAS RECUBIERTAS,https://mav.farmaciasaas.com/api/images/articulos/DISTRIBUCION/29107.jpg,,0,0,blanco,pendiente,
38567,NONAFOL 10 MG X 10 TABLETAS,https://mav.farmaciasaas.com/api/images/articulos/DISTRIBUCION/23015.jpg,,0,0,blanco,pendiente,
38568,NONAFOL 10 MG X 20 TABLETAS,https://mav.farmaciasaas.com/api/images/articulos/DISTRIBUCION/25245.jpg,,0,0,blanco,pendiente,
38569,NONAFOL 10 MG X 30 TABLETAS,https://mav.farmaciasaas.com/api/images/articulos/DISTRIBUCION/23016.jpg,,0,0,blanco,pendiente,
38570,NONAFOL 5 MG X 10 TABLETAS,https://mav.farmaciasaas.com/api/images/articulos/DISTRIBUCION/23099.jpg,,0,0,blanco,pendiente,
38571,NONAFOL 5 MG X 20 TABLETAS,https://mav.farmaciasaas.com/api/images/articulos/DISTRIBUCION/21982.jpg,,0,0,blanco,pendiente,
38572,NONAFOL 5 MG X 30 TABLETAS,https://mav.farmaciasaas.com/api/images/articulos/DISTRIBUCION/21983.jpg,,0,0,blanco,pendiente,
38573,NORMIX 200 MG X 12 TABLETAS RECUBIERTAS,https://pccentro.net.ve/img/s/7/2/2/3/1/72231-large_default.webp,,0,0,blanco,pendiente,
38574,NORSINA 500 MG - 10 MG X 12 TABLETAS,https://mav.farmaciasaas.com/api/images/articulos/DISTRIBUCION/97499.jpg,,0,0,blanco,pendiente,
38575,NORTRICOL 200 MG X 20 CAPSULAS,https://mav.farmaciasaas.com/api/images/articulos/DISTRIBUCION/25240.jpg,,0,0,blanco,pendiente,
38576,NOTOLAC 20 MG X 10 TABLETAS,https://mav.farmaciasaas.com/api/images/articulos/DISTRIBUCION/1531.jpg,,0,0,blanco,pendiente,
38578,NOVARONA 200 MG X 10 COMPRIMIDOS,https://mav.farmaciasaas.com/api/images/articulos/DISTRIBUCION/8426.jpg,,0,0,blanco,pendiente,
38579,NOXPIRIN GRIP X 12 TABLETAS,https://mav.farmaciasaas.com/api/images/articulos/DISTRIBUCION/27797.jpg,,0,0,blanco,pendiente,
38582,OFAFLAN 50 MG X 10 COMPRIMIDOS CON CUBIERTA ENTERICA,https://mav.farmaciasaas.com/api/images/articulos/DISTRIBUCION/95750.jpg,,0,0,blanco,pendiente,
38583,DICLOFENAC POTASICO 15 MG / ML SUSPENSION ORAL,https://pccentro.net.ve/img/s/8/0/5/5/6/80556-large_default.webp,,0,0,blanco,pendiente,
38584,OFAFLAN 2 MG / ML SUSPENSION ORAL,https://mav.farmaciasaas.com/api/images/articulos/DISTRIBUCION/99845.jpg,,0,0,blanco,pendiente,
38587,OLMECAR 20 MG X 30 COMPRIMIDOS RECUBIERTOS,https://mav.farmaciasaas.com/api/images/articulos/DISTRIBUCION/18030.jpg,,0,0,blanco,pendiente,
38588,OLMECAR 40 MG X 30 COMPRIMIDOS RECUBIERTOS,https://mav.farmaciasaas.com/api/images/articulos/DISTRIBUCION/20723.jpg,,0,0,blanco,pendiente,
38595,OLMETIQUE 20 MG X 30 TABLETAS RECUBIERTAS,https://mav.farmaciasaas.com/api/images/articulos/DISTRIBUCION/27013.jpg,,0,0,blanco,pendiente,
38597,OMEPRAZOL 20 MG X 14 CAPSULAS CON MICROGRANULOS ENTERICOS,https://mav.farmaciasaas.com/api/images/articulos/DISTRIBUCION/21060.jpg,,0,0,blanco,pendiente,
38598,OMEPRAZOL 20 MG X 28 CAPSULAS CON MICROGRANULOS ENTERICOS,https://mav.farmaciasaas.com/api/images/articulos/DISTRIBUCION/8254.jpg,,0,0,blanco,pendiente,
38601,OMEPRAZOL 20 MG X 30 CAPSULAS CON MICROGRANULOS CON CUBIERTA ENTERICA,https://mav.farmaciasaas.com/api/images/articulos/DISTRIBUCION/29950.jpg,,0,0,blanco,pendiente,
38602,OMEPRAZOL 20 MG X 8 CAPSULAS CON MICROGRANULOS CON CUBIERTA ENTERICA,https://mav.farmaciasaas.com/api/images/articulos/DISTRIBUCION/6497.jpg,,0,0,blanco,pendiente,
38611,OMEPRAZOL 40 MG X 10 CAPSULAS GASTRORRESISTENTES,https://mav.farmaciasaas.com/api/images/articulos/DISTRIBUCION/16765.jpg,,0,0,blanco,pendiente,
38612,JUVILOC 20 MG X 20 TABLETAS GASTRORRESISTENTE,https://mav.farmaciasaas.com/api/images/articulos/DISTRIBUCION/53250.jpg,,0,0,blanco,pendiente,
38614,OMMUNAL (LISADO BACTERIANO) 7 MG X 10 CAPSULAS,https://mav.farmaciasaas.com/api/images/articulos/DISTRIBUCION/6053.jpg,,0,0,blanco,pendiente,
38615,ONDANSETRON 4 MG X 10 COMPRIMIDOS,https://mav.farmaciasaas.com/api/images/articulos/DISTRIBUCION/1107.jpg,,0,0,blanco,pendiente,
38616,ONDANSETRON 8 MG X 10 COMPRIMIDOS,https://mav.farmaciasaas.com/api/images/articulos/DISTRIBUCION/1108.jpg,,0,0,blanco,pendiente,
38619,ONDANSETRON 2 MG / ML X 1 AMPOLLA,https://mav.farmaciasaas.com/api/images/articulos/DISTRIBUCION/1111.jpg,,0,0,blanco,pendiente,
38620,ONDANSETRON 4 MG / 5 ML SOLUCION ORAL,https://mav.farmaciasaas.com/api/images/articulos/DISTRIBUCION/23942.jpg,,0,0,blanco,pendiente,
38621,ONDATRIN 2 MG / ML X 1 AMPOLLA,https://mav.farmaciasaas.com/api/images/articulos/DISTRIBUCION/13380.jpg,,0,0,blanco,pendiente,
38624,ORALZINC SALES DE REHIDRATACION X 1 POLVO PARA SOLUCION ORAL SABOR A COCO,https://mav.farmaciasaas.com/api/images/articulos/DISTRIBUCION/51830.jpg,,0,0,blanco,pendiente,
38625,ORLIDIET 120 MG X 30 CAPSULAS,https://mav.farmaciasaas.com/api/images/articulos/DISTRIBUCION/94356.jpg,,0,0,blanco,pendiente,
38626,ORLIDIET 60 MG X 30 CAPSULAS,https://mav.farmaciasaas.com/api/images/articulos/DISTRIBUCION/99789.jpg,,0,0,blanco,pendiente,
38630,OXIDREN 150 MG X 1 COMPRIMIDO RECUBIERTO,https://mav.farmaciasaas.com/api/images/articulos/DISTRIBUCION/94330.jpg,,0,0,blanco,pendiente,
38634,PANTOPRAZOL 40 MG X 10 COMPRIMIDOS CON CUBIERTA DE LIBERACION ENTERICA,https://mav.farmaciasaas.com/api/images/articulos/DISTRIBUCION/98455.jpg,,0,0,blanco,pendiente,
38640,PASIM PLUS 10 MG - 500 MG X 10 COMPRIMIDOS RECUBIERTOS,https://mav.farmaciasaas.com/api/images/articulos/DISTRIBUCION/53745.jpg,,0,0,blanco,pendiente,
38641,PASIM PLUS 2 MG - 100 MG / ML SOLUCION ORAL,https://mav.farmaciasaas.com/api/images/articulos/DISTRIBUCION/53746.jpg,,0,0,blanco,pendiente,
38642,PASIM 10 MG / ML SOLUCION ORAL,https://mav.farmaciasaas.com/api/images/articulos/DISTRIBUCION/17394.jpg,,0,0,blanco,pendiente,
38645,PEDIACORT 3 MG / ML SOLUCION ORAL,https://mav.farmaciasaas.com/api/images/articulos/DISTRIBUCION/16975.jpg,,0,0,blanco,pendiente,
38646,PEGYT 150 MG X 20 CAPSULAS,https://mav.farmaciasaas.com/api/images/articulos/DISTRIBUCION/21676.jpg,,0,0,blanco,pendiente,
38648,PEGYT 25 MG X 30 CAPSULAS,https://mav.farmaciasaas.com/api/images/articulos/DISTRIBUCION/52624.jpg,,0,0,blanco,pendiente,
38649,PEGYT 75 MG X 20 CAPSULAS,https://mav.farmaciasaas.com/api/images/articulos/DISTRIBUCION/99406.jpg,,0,0,blanco,pendiente,
38655,PERIDONT 0.12 % SOLUCION TOPICA BUCAL,https://mav.farmaciasaas.com/api/images/articulos/DISTRIBUCION/18615.jpg,,0,0,blanco,pendiente,
38657,PERTEN 1 % SOLUCION TOPICA,https://mav.farmaciasaas.com/api/images/articulos/DISTRIBUCION/20023.jpg,,0,0,blanco,pendiente,
38658,PERTEN 1 % GEL TOPICO,https://mav.farmaciasaas.com/api/images/articulos/DISTRIBUCION/20023.jpg,,0,0,blanco,pendiente,
38659,PERTEN 1 % SOLUCION ATOMIZADORA PARA USO TOPICO,https://mav.farmaciasaas.com/api/images/articulos/DISTRIBUCION/20023.jpg,,0,0,blanco,pendiente,
38660,PERTEN 250 MG X 20 TABLETAS,https://mav.farmaciasaas.com/api/images/articulos/DISTRIBUCION/18905.jpg,,0,0,blanco,pendiente,
38661,PIGRAL 75 MG X 14 COMPRIMIDOS RECUBIERTOS,https://mav.farmaciasaas.com/api/images/articulos/DISTRIBUCION/24140.jpg,,0,0,blanco,pendiente,
38662,PIMADOL 10 MG X 10 TABLETAS RECUBIERTAS,https://mav.farmaciasaas.com/api/images/articulos/DISTRIBUCION/28531.jpg,,0,0,blanco,pendiente,
38665,PINAVIX 100 MG X 30 COMPRIMIDOS RECUBIERTOS,https://mav.farmaciasaas.com/api/images/articulos/DISTRIBUCION/13663.jpg,,0,0,blanco,pendiente,
38666,PINAVIX 100 MG X 20 COMPRIMIDOS RECUBIERTOS,https://mav.farmaciasaas.com/api/images/articulos/DISTRIBUCION/50990.jpg,,0,0,blanco,pendiente,
38667,PIPERAZINA 500 MG / 5 ML JARABE,https://mav.farmaciasaas.com/api/images/articulos/DISTRIBUCION/22406.jpg,,0,0,blanco,pendiente,
38669,PIROXICAM 20 MG X 10 CAPSULAS,https://mav.farmaciasaas.com/api/images/articulos/DISTRIBUCION/10007.jpg,,0,0,blanco,pendiente,
38670,PLAVIX 75 MG X 14 COMPRIMIDOS RECUBIERTOS,https://mav.farmaciasaas.com/api/images/articulos/DISTRIBUCION/11151.jpg,,0,0,blanco,pendiente,
38671,PLIDAN COMPUESTO 10 MG / 125 MG X 10 COMPRIMIDOS RECUBIERTOS,https://mav.farmaciasaas.com/api/images/articulos/DISTRIBUCION/54271.jpg,,0,0,blanco,pendiente,
38672,PLIDAN COMPUESTO 15 MG / 2 ML - 100 MG / 2 ML X 1 AMPOLLA,https://mav.farmaciasaas.com/api/images/articulos/DISTRIBUCION/4114.jpg,,0,0,blanco,pendiente,
38673,PLIDAN COMPUESTO 15 MG / 2 ML - 100 MG / 2 ML X 2 AMPOLLAS,https://pccentro.net.ve/img/s/8/4/0/4/6/84046-large_default.webp,,0,0,blanco,pendiente,
38675,POLIAMIN 10 % (AMINOACIDOS CRISTALINOS) SOLUCION INYECTABLE INTRAVENOSA,https://mav.farmaciasaas.com/api/images/articulos/DISTRIBUCION/11096.jpg,,0,0,blanco,pendiente,
38676,POSTINOR 2 0.75 MG X 2 COMPRIMIDOS,https://mav.farmaciasaas.com/api/images/articulos/DISTRIBUCION/11368.jpg,,0,0,blanco,pendiente,
38677,POTAX 10 MEQ X 100 TABLETAS DE LIBERACION PROLONGADA,https://mav.farmaciasaas.com/api/images/articulos/DISTRIBUCION/26061.jpg,,0,0,blanco,pendiente,
38678,PRALINA 75 MG X 14 CAPSULAS,https://mav.farmaciasaas.com/api/images/articulos/DISTRIBUCION/17014.jpg,,0,0,blanco,pendiente,
38679,PRAXONA 150 MG X 10 COMPRIMIDOS,https://mav.farmaciasaas.com/api/images/articulos/DISTRIBUCION/2991.jpg,,0,0,blanco,pendiente,
38680,PRAXONA 150 MG X 24 COMPRIMIDOS,https://mav.farmaciasaas.com/api/images/articulos/DISTRIBUCION/2992.jpg,,0,0,blanco,pendiente,
38681,PREDNA 15 MG / 5 ML SOLUCION ORAL,https://mav.farmaciasaas.com/api/images/articulos/DISTRIBUCION/90974.jpg,,0,0,blanco,pendiente,
38688,PREDNISONA 50 MG X 10 TABLETAS,https://mav.farmaciasaas.com/api/images/articulos/DISTRIBUCION/10937.jpg,,0,0,blanco,pendiente,
38689,PREDNISONA 50 MG X 10 TABLETAS.,https://mav.farmaciasaas.com/api/images/articulos/DISTRIBUCION/7835.jpg,,0,0,blanco,pendiente,
38690,PREDNISONA 5 MG X 10 TABLETAS,https://mav.farmaciasaas.com/api/images/articulos/DISTRIBUCION/2998.jpg,,0,0,blanco,pendiente,
38692,PREDNISONA 5 MG X 30 TABLETAS,https://mav.farmaciasaas.com/api/images/articulos/DISTRIBUCION/10460.jpg,,0,0,blanco,pendiente,
38693,PREDNISONA 5 MG X 10 TABLETAS,https://mav.farmaciasaas.com/api/images/articulos/DISTRIBUCION/3927.jpg,,0,0,blanco,pendiente,
38698,PRELIVAL 150 MG X 20 CAPSULAS,https://mav.farmaciasaas.com/api/images/articulos/DISTRIBUCION/22390.jpg,,0,0,blanco,pendiente,
38699,PRELIVAL 75 MG X 20 CAPSULAS,https://mav.farmaciasaas.com/api/images/articulos/DISTRIBUCION/22389.jpg,,0,0,blanco,pendiente,
38700,PRESIDERM 2 % UNGUENTO,https://mav.farmaciasaas.com/api/images/articulos/DISTRIBUCION/11580.jpg,,0,0,blanco,pendiente,
38703,PROPRANOLOL 10 MG X 20 TABLETAS,https://mav.farmaciasaas.com/api/images/articulos/DISTRIBUCION/7637.jpg,,0,0,blanco,pendiente,
38704,PROTOSULFIL 1 % CREMA,https://mav.farmaciasaas.com/api/images/articulos/DISTRIBUCION/5047.jpg,,0,0,blanco,pendiente,
38706,PROXIME 750 MG X 5 COMPRIMIDOS RECUBIERTOS,https://mav.farmaciasaas.com/api/images/articulos/DISTRIBUCION/8044.jpg,,0,0,blanco,pendiente,
38707,PULMOLET 1 MG / ML SUSPENSION PARA NEBULIZAR,https://mav.farmaciasaas.com/api/images/articulos/DISTRIBUCION/91027.jpg,,0,0,blanco,pendiente,
38712,QUETIVAL 100 MG X 30 TABLETAS RECUBIERTAS,https://mav.farmaciasaas.com/api/images/articulos/DISTRIBUCION/27422.jpg,,0,0,blanco,pendiente,
38713,QUETIVAL 200 MG X 30 TABLETAS RECUBIERTAS,https://mav.farmaciasaas.com/api/images/articulos/DISTRIBUCION/52493.jpg,,0,0,blanco,pendiente,
38714,QUETIVAL 25 MG X 30 TABLETAS RECUBIERTAS,https://mav.farmaciasaas.com/api/images/articulos/DISTRIBUCION/27421.jpg,,0,0,blanco,pendiente,
38715,QUINOMAX 0.5 % SOLUCION OFTALMICA,https://mav.farmaciasaas.com/api/images/articulos/DISTRIBUCION/8458.jpg,,0,0,blanco,pendiente,
38717,RAMIPRES 5 MG X 30 COMPRIMIDOS,https://mav.farmaciasaas.com/api/images/articulos/DISTRIBUCION/18617.jpg,,0,0,blanco,pendiente,
38722,REGULIP 20 MG X 30 TABLETAS,https://mav.farmaciasaas.com/api/images/articulos/DISTRIBUCION/95311.jpg,,0,0,blanco,pendiente,
38725,RIDAL 2 MG X 20 COMPRIMIDOS RECUBIERTOS,https://mav.farmaciasaas.com/api/images/articulos/DISTRIBUCION/11398.jpg,,0,0,blanco,pendiente,
38726,RIDAL 3 MG X 20 COMPRIMIDOS RECUBIERTOS,https://mav.farmaciasaas.com/api/images/articulos/DISTRIBUCION/11399.jpg,,0,0,blanco,pendiente,
38727,RIDAL 1 MG X 20 COMPRIMIDOS RECUBIERTOS,https://mav.farmaciasaas.com/api/images/articulos/DISTRIBUCION/90076.jpg,,0,0,blanco,pendiente,
38728,RIDAL 1 MG / ML SOLUCION ORAL,https://mav.farmaciasaas.com/api/images/articulos/DISTRIBUCION/96311.jpg,,0,0,blanco,pendiente,
38729,RIFAMIX 200 MG X 12 COMPRIMIDOS RECUBIERTOS,https://mav.farmaciasaas.com/api/images/articulos/DISTRIBUCION/99098.jpg,,0,0,blanco,pendiente,
38734,RINOLAST 120 MG X 10 TABLETAS RECUBIERTAS,https://mav.farmaciasaas.com/api/images/articulos/DISTRIBUCION/6448.jpg,,0,0,blanco,pendiente,
38735,RINOMAX 0.25 % - 0.125 % - 0.25 % SOLUCION NASAL,https://mav.farmaciasaas.com/api/images/articulos/DISTRIBUCION/2250.jpg,,0,0,blanco,pendiente,
38736,RISPERID 2 MG X 30 COMPRIMIDOS RECUBIERTOS,https://mav.farmaciasaas.com/api/images/articulos/DISTRIBUCION/94360.jpg,,0,0,blanco,pendiente,
38737,RISPERID 3 MG X 30 COMPRIMIDOS RECUBIERTOS,https://mav.farmaciasaas.com/api/images/articulos/DISTRIBUCION/94359.jpg,,0,0,blanco,pendiente,
38738,RISPERID 1 MG / ML X 30 SOLUCION ORAL,https://mav.farmaciasaas.com/api/images/articulos/DISTRIBUCION/90686.jpg,,0,0,blanco,pendiente,
38739,RISPERID 1 MG X 30 COMPRIMIDOS RECUBIERTOS,https://mav.farmaciasaas.com/api/images/articulos/DISTRIBUCION/95023.jpg,,0,0,blanco,pendiente,
38740,RISPERIDONA 2 MG X 20 TABLETAS RECUBIERTAS,https://mav.farmaciasaas.com/api/images/articulos/DISTRIBUCION/97451.jpg,,0,0,blanco,pendiente,
38741,RISTONEL 100 MG X 30 COMPRIMIDOS RECUBIERTOS,https://mav.farmaciasaas.com/api/images/articulos/DISTRIBUCION/53559.jpg,,0,0,blanco,pendiente,
38742,RISTONEL 50 MG X 30 COMPRIMIDOS RECUBIERTOS,https://mav.farmaciasaas.com/api/images/articulos/DISTRIBUCION/53558.jpg,,0,0,blanco,pendiente,
38743,RITROMI 500 MG X 10 TABLETAS RECUBIERTAS,https://mav.farmaciasaas.com/api/images/articulos/DISTRIBUCION/29497.jpg,,0,0,blanco,pendiente,
38747,RONARES 500 MG - 4 MG X 10 COMPRIMIDOS,https://mav.farmaciasaas.com/api/images/articulos/DISTRIBUCION/53742.jpg,,0,0,blanco,pendiente,
38749,ROSUVASTATINA 20 MG X 30 COMPRIMIDOS RECUBIERTOS,https://mav.farmaciasaas.com/api/images/articulos/DISTRIBUCION/99560.jpg,,0,0,blanco,pendiente,
38753,ROVARTAL 10 MG X 30 COMPRIMIDOS RECUBIERTOS,https://mav.farmaciasaas.com/api/images/articulos/DISTRIBUCION/9989.jpg,,0,0,blanco,pendiente,
38754,ROVARTAL 40 MG X 30 COMPRIMIDOS RECUBIERTOS,https://mav.farmaciasaas.com/api/images/articulos/DISTRIBUCION/94461.jpg,,0,0,blanco,pendiente,
38755,ROWELUK 5 MG X 10 COMPRIMIDOS MASTICABLES,https://mav.farmaciasaas.com/api/images/articulos/DISTRIBUCION/26093.jpg,,0,0,blanco,pendiente,
38756,ROWELUK 5 MG X 30 COMPRIMIDOS MASTICABLES,https://mav.farmaciasaas.com/api/images/articulos/DISTRIBUCION/92735.jpg,,0,0,blanco,pendiente,
38757,ROWELUK 10 MG X 10 COMPRIMIDOS RECUBIERTOS,https://pccentro.net.ve/img/s/5/6/3/8/8/56388-large_default.webp,,0,0,blanco,pendiente,
38758,ROWELUK 4 MG X 30 COMPRIMIDOS MASTICABLES,https://mav.farmaciasaas.com/api/images/articulos/DISTRIBUCION/92735.jpg,,0,0,blanco,pendiente,
38759,ROWELUK 4 MG X 10 COMPRIMIDOS MASTICABLES,https://mav.farmaciasaas.com/api/images/articulos/DISTRIBUCION/25403.jpg,,0,0,blanco,pendiente,
38760,RUBIZON 20 MG X 35 TABLETAS RECUBIERTAS,https://mav.farmaciasaas.com/api/images/articulos/DISTRIBUCION/54290.jpg,,0,0,blanco,pendiente,
38761,SADOXOL 50 MG X 30 TABLETAS,https://mav.farmaciasaas.com/api/images/articulos/DISTRIBUCION/54369.jpg,,0,0,blanco,pendiente,
38766,SAVER 500 MG X 5 COMPRIMIDOS RECUBIERTOS,https://mav.farmaciasaas.com/api/images/articulos/DISTRIBUCION/207.jpg,,0,0,blanco,pendiente,
38767,SECNIDAZOL 500 MG X 4 TABLETAS RECUBIERTAS,https://mav.farmaciasaas.com/api/images/articulos/DISTRIBUCION/3004.jpg,,0,0,blanco,pendiente,
38768,SECNIDAZOL 1 G COMPRIMIDOS RECUBIERTOS,https://mav.farmaciasaas.com/api/images/articulos/DISTRIBUCION/52517.jpg,,0,0,blanco,pendiente,
38769,SECNIDAZOL 1 G X 2 TABLETAS RECUBIERTAS,https://mav.farmaciasaas.com/api/images/articulos/DISTRIBUCION/8585.jpg,,0,0,blanco,pendiente,
38771,SECNIDAZOL 500 MG X 4 COMPRIMIDOS,https://pccentro.net.ve/img/s/7/6/1/1/8/76118-large_default.webp,,0,0,blanco,pendiente,
38772,SECNIDAZOL 1 G X 2 TABLETAS RECUBIERTAS,https://mav.farmaciasaas.com/api/images/articulos/DISTRIBUCION/92494.jpg,,0,0,blanco,pendiente,
38773,SECNIDEX 500 MG X 4 TABLETAS RECUBIERTAS,https://mav.farmaciasaas.com/api/images/articulos/DISTRIBUCION/92854.jpg,,0,0,blanco,pendiente,
38774,SELENE 400 UI - 70 MCG X 30 CAPSULAS BLANDAS,https://mav.farmaciasaas.com/api/images/articulos/DISTRIBUCION/4898.jpg,,0,0,blanco,pendiente,
38776,SERETIDE 25 MCG - 50 MCG DOSIS X 120 SUSPENSION PARA INHALACION ORAL,https://mav.farmaciasaas.com/api/images/articulos/DISTRIBUCION/50864.jpg,,0,0,blanco,pendiente,
38777,SERLINE 100 MG X 10 COMPRIMIDOS,https://mav.farmaciasaas.com/api/images/articulos/DISTRIBUCION/3699.jpg,,0,0,blanco,pendiente,
38778,SERLINE 50 MG X 10 COMPRIMIDOS,https://mav.farmaciasaas.com/api/images/articulos/DISTRIBUCION/11400.jpg,,0,0,blanco,pendiente,
38780,SERTRALINA 50 MG X 30 TABLETAS,https://pccentro.net.ve/img/s/8/4/0/3/2/84032-large_default.webp,,0,0,blanco,pendiente,
38782,SERTRALINA 50 MG X 10 TABLETAS,https://pccentro.net.ve/img/s/2/3/0/1/3/23013-large_default.webp,,0,0,blanco,pendiente,
38783,SERTRALINA 50 MG X 10 COMPRIMIDOS RECUBIERTOS,https://mav.farmaciasaas.com/api/images/articulos/DISTRIBUCION/2558.jpg,,0,0,blanco,pendiente,
38785,SERTRALINA 50 MG X 30 COMPRIMIDOS RECUBIERTOS,https://mav.farmaciasaas.com/api/images/articulos/DISTRIBUCION/51984.jpg,,0,0,blanco,pendiente,
38787,SESAREN XR 150 MG X 15 CAPSULAS CON MICROGRANULOS DE LIBERACION PROLONGADA,https://mav.farmaciasaas.com/api/images/articulos/DISTRIBUCION/8574.jpg,,0,0,blanco,pendiente,
38788,SIDAZOL 100 MG X 30 TABLETAS,https://mav.farmaciasaas.com/api/images/articulos/DISTRIBUCION/53221.jpg,,0,0,blanco,pendiente,
38789,SIDAZOL 50 MG X 30 TABLETAS,https://mav.farmaciasaas.com/api/images/articulos/DISTRIBUCION/53222.jpg,,0,0,blanco,pendiente,
38790,SIGLUTAN 50 MG-500 MG X 30 TABLETAS RECUBIERTAS,https://mav.farmaciasaas.com/api/images/articulos/DISTRIBUCION/22555.jpg,,0,0,blanco,pendiente,
38791,SILDENAFILO 50 MG X 1 TABLETA RECUBIERTA,https://mav.farmaciasaas.com/api/images/articulos/DISTRIBUCION/53621.jpg,,0,0,blanco,pendiente,
38792,SILDENAFILO 50 MG X 2 TABLETAS RECUBIERTAS,https://mav.farmaciasaas.com/api/images/articulos/DISTRIBUCION/53622.jpg,,0,0,blanco,pendiente,
38794,SILDEX 100 MG X 1 TABLETA RECUBIERTA,https://mav.farmaciasaas.com/api/images/articulos/DISTRIBUCION/23468.jpg,,0,0,blanco,pendiente,
38795,SILDEX 100 MG X 2 TABLETAS RECUBIERTAS,https://mav.farmaciasaas.com/api/images/articulos/DISTRIBUCION/23469.jpg,,0,0,blanco,pendiente,
38796,SILDEX 50 MG X 1 TABLETA RECUBIERTA,https://mav.farmaciasaas.com/api/images/articulos/DISTRIBUCION/90912.jpg,,0,0,blanco,pendiente,
38797,SILDEX 50 MG X 2 TABLETAS RECUBIERTAS,https://mav.farmaciasaas.com/api/images/articulos/DISTRIBUCION/94885.jpg,,0,0,blanco,pendiente,
38798,SINUTIL 80 MG - 0.5 MG / ML SOLUCION ORAL,https://mav.farmaciasaas.com/api/images/articulos/DISTRIBUCION/19538.jpg,,0,0,blanco,pendiente,
38803,SITAGLIS MET 50 MG-1000 MG X 28 COMPRIMIDOS RECUBIERTOS,https://mav.farmaciasaas.com/api/images/articulos/DISTRIBUCION/26930.jpg,,0,0,blanco,pendiente,
38804,SOMAZINA 500 MG X 30 COMPRIMIDOS RECUBIERTOS,https://mav.farmaciasaas.com/api/images/articulos/DISTRIBUCION/1568.jpg,,0,0,blanco,pendiente,
38805,SOMAZINA 1000 MG / 4 ML X 5 AMPOLLAS,https://pccentro.net.ve/img/s/6/9/8/8/3/69883-large_default.webp,,0,0,blanco,pendiente,
38809,SULFADIAZINA DE PLATA 1 % CREMA,https://mav.farmaciasaas.com/api/images/articulos/DISTRIBUCION/23082.jpg,,0,0,blanco,pendiente,
38811,SULIXTRA 0.4 MG X 30 CAPSULAS DE LIBERACION PROLONGADA,https://mav.farmaciasaas.com/api/images/articulos/DISTRIBUCION/21026.jpg,,0,0,blanco,pendiente,
38812,SULIXTRA DUO 0.4 MG - 0.5 MG X 10 CAPSULAS DE LIBERACION PROLONGADA,https://mav.farmaciasaas.com/api/images/articulos/DISTRIBUCION/21023.jpg,,0,0,blanco,pendiente,
38813,SULIXTRA DUO 0.4 MG - 0.5 MG X 30 CAPSULAS DE LIBERACION PROLONGADA,https://mav.farmaciasaas.com/api/images/articulos/DISTRIBUCION/21024.jpg,,0,0,blanco,pendiente,
38814,SULPIR 25 MG X 30 COMPRIMIDOS,https://mav.farmaciasaas.com/api/images/articulos/DISTRIBUCION/52407.jpg,,0,0,blanco,pendiente,
38815,SULTAMICILINA 750 MG X 12 TABLETAS RECUBIERTAS,https://mav.farmaciasaas.com/api/images/articulos/DISTRIBUCION/50175.jpg,,0,0,blanco,pendiente,
38816,SULTRIM 400 MG – 80 MG X 20 TABLETAS,https://mav.farmaciasaas.com/api/images/articulos/DISTRIBUCION/52000.jpg,,0,0,blanco,pendiente,
38817,SUPRAMYCINA FORTE 200 MG X 10 TABLETAS,https://mav.farmaciasaas.com/api/images/articulos/DISTRIBUCION/52474.jpg,,0,0,blanco,pendiente,
38818,SUPRAMYCINA 100 MG X 10 TABLETAS,https://mav.farmaciasaas.com/api/images/articulos/DISTRIBUCION/52475.jpg,,0,0,blanco,pendiente,
38819,SURIDE 25 MG X 30 COMPRIMIDOS RECUBIERTOS,https://mav.farmaciasaas.com/api/images/articulos/DISTRIBUCION/98364.jpg,,0,0,blanco,pendiente,
38820,TACHIFORTE 1 G X 20 TABLETAS,https://mav.farmaciasaas.com/api/images/articulos/DISTRIBUCION/13061.jpg,,0,0,blanco,pendiente,
38821,TACHIFORTE 650 MG X 10 TABLETAS,https://mav.farmaciasaas.com/api/images/articulos/DISTRIBUCION/93366.jpg,,0,0,blanco,pendiente,
38822,TACHIPIRIN 125 MG X 6 SUPOSITORIOS,https://mav.farmaciasaas.com/api/images/articulos/DISTRIBUCION/5253.jpg,,0,0,blanco,pendiente,
38824,TADAFOX 20 MG X 1 TABLETA RECUBIERTA,https://mav.farmaciasaas.com/api/images/articulos/DISTRIBUCION/99317.jpg,,0,0,blanco,pendiente,
38825,TADAFOX 20 MG X 2 TABLETAS RECUBIERTAS,https://mav.farmaciasaas.com/api/images/articulos/DISTRIBUCION/99316.jpg,,0,0,blanco,pendiente,
38826,TADALAFILO 20 MG X 1 TABLETA RECUBIERTA,https://mav.farmaciasaas.com/api/images/articulos/DISTRIBUCION/97341.jpg,,0,0,blanco,pendiente,
38827,TADALAFILO 20 MG X 2 TABLETAS RECUBIERTAS,https://pccentro.net.ve/img/s/8/4/1/1/3/84113-large_default.webp,,0,0,blanco,pendiente,
38828,TADALAFILO 5 MG X 30 TABLETAS RECUBIERTAS,https://pccentro.net.ve/img/s/7/0/1/7/7/70177-large_default.webp,,0,0,blanco,pendiente,
38829,TADIFIL 5 MG X 30 COMPRIMIDOS RECUBIERTOS,https://mav.farmaciasaas.com/api/images/articulos/DISTRIBUCION/16883.jpg,,0,0,blanco,pendiente,
38830,TADIFIL 20 MG X 1 COMPRIMIDO RECUBIERTO,https://mav.farmaciasaas.com/api/images/articulos/DISTRIBUCION/99201.jpg,,0,0,blanco,pendiente,
38831,TADIFIL 20 MG X 2 COMPRIMIDOS RECUBIERTOS,https://mav.farmaciasaas.com/api/images/articulos/DISTRIBUCION/99199.jpg,,0,0,blanco,pendiente,
38832,TALERC 10 MG X 10 COMPRIMIDOS,https://mav.farmaciasaas.com/api/images/articulos/DISTRIBUCION/8473.jpg,,0,0,blanco,pendiente,
38835,TALZIC 10 MG X 10 COMPRIMIDOS RECUBIERTOS,https://mav.farmaciasaas.com/api/images/articulos/DISTRIBUCION/10310.jpg,,0,0,blanco,pendiente,
38836,TALZIC 10 MG / ML SOLUCION ORAL,https://mav.farmaciasaas.com/api/images/articulos/DISTRIBUCION/10891.jpg,,0,0,blanco,pendiente,
38837,TALZIC 1 MG / ML SOLUCION ORAL,https://mav.farmaciasaas.com/api/images/articulos/DISTRIBUCION/3978.jpg,,0,0,blanco,pendiente,
38839,TAMOSTIN 0.4 MG X 30 CAPSULAS DE LIBERACION PROLONGADA,https://mav.farmaciasaas.com/api/images/articulos/DISTRIBUCION/54206.jpg,,0,0,blanco,pendiente,
38840,TAMOSTIN 0.4 MG X 20 CAPSULAS DE LIBERACION PROLONGADA,https://pccentro.net.ve/img/s/5/4/8/7/7/54877-large_default.webp,,0,0,blanco,pendiente,
38845,TANTUN 0.1 % SOLUCION DUCHA VAGINAL,https://mav.farmaciasaas.com/api/images/articulos/DISTRIBUCION/8116.jpg,,0,0,blanco,pendiente,
38846,TAPAZOL 5 MG X 60 TABLETAS,https://pccentro.net.ve/img/s/9/4/8/3/1/94831-large_default.webp,,0,0,blanco,pendiente,
38847,TEKRON 200 MG X 10 COMPRIMIDOS RECUBIERTOS,https://pccentro.net.ve/img/s/7/8/8/6/8/78868-large_default.webp,,0,0,blanco,pendiente,
38848,TEKRON 200 MG X 30 COMPRIMIDOS RECUBIERTOS,https://mav.farmaciasaas.com/api/images/articulos/DISTRIBUCION/90990.jpg,,0,0,blanco,pendiente,
38849,TENSOMAX 30 MG X 30 CAPSULAS DE LIBERACION PROLONGADA,https://mav.farmaciasaas.com/api/images/articulos/DISTRIBUCION/30143.jpg,,0,0,blanco,pendiente,
38850,TENSOMAX 30 MG X 10 CAPSULAS DE LIBERACION PROLONGADA,https://pccentro.net.ve/img/s/5/4/9/6/3/54963-large_default.webp,,0,0,blanco,pendiente,
38851,TENSOPIN 20 MG / ML SOLUCION ORAL,https://mav.farmaciasaas.com/api/images/articulos/DISTRIBUCION/6991.jpg,,0,0,blanco,pendiente,
38853,TERAGRIPFORTE 650 MG-20 MG-2 MG X 6 GRANULADO PARA SOLUCION ORAL,https://mav.farmaciasaas.com/api/images/articulos/DISTRIBUCION/92190.jpg,,0,0,blanco,pendiente,
38854,TERAGRIPFORTE 650 MG-20 MG-2 MG X 10 GRANULADO PARA SOLUCION ORAL,https://mav.farmaciasaas.com/api/images/articulos/DISTRIBUCION/92190.jpg,,0,0,blanco,pendiente,
38857,TIALIN 100 MG X 10 COMPRIMIDOS,https://mav.farmaciasaas.com/api/images/articulos/DISTRIBUCION/13811.jpg,,0,0,blanco,pendiente,
38858,TIALIN 50 MG X 10 COMPRIMIDOS,https://mav.farmaciasaas.com/api/images/articulos/DISTRIBUCION/10964.jpg,,0,0,blanco,pendiente,
38859,TIALIN 50 MG X 30 COMPRIMIDOS,https://mav.farmaciasaas.com/api/images/articulos/DISTRIBUCION/1374.jpg,,0,0,blanco,pendiente,
38860,TIDOR 2 % - 0.5 % SOLUCION OFTALMICA,https://mav.farmaciasaas.com/api/images/articulos/DISTRIBUCION/25402.jpg,,0,0,blanco,pendiente,
38864,TINIDAZOL 500 MG X 4 TABLETAS RECUBIERTAS,https://mav.farmaciasaas.com/api/images/articulos/DISTRIBUCION/29067.jpg,,0,0,blanco,pendiente,
38865,TIOCHAX PLUS 400 MG - 4 MG X 10 TABLETAS RECUBIERTAS,https://mav.farmaciasaas.com/api/images/articulos/DISTRIBUCION/26615.jpg,,0,0,blanco,pendiente,
38866,TIOCHAX 4 MG X 12 COMPRIMIDOS,https://mav.farmaciasaas.com/api/images/articulos/DISTRIBUCION/91151.jpg,,0,0,blanco,pendiente,
38867,TIOCOL 8 MG X 10 TABLETAS RECUBIERTAS,https://mav.farmaciasaas.com/api/images/articulos/DISTRIBUCION/26009.jpg,,0,0,blanco,pendiente,
38871,TIOCOLCHICOSIDO 4 MG X 10 COMPRIMIDOS,https://mav.farmaciasaas.com/api/images/articulos/DISTRIBUCION/26050.jpg,,0,0,blanco,pendiente,
38872,TIOCOLCHICOSIDO 4 MG X 12 TABLETAS,https://mav.farmaciasaas.com/api/images/articulos/DISTRIBUCION/6808.jpg,,0,0,blanco,pendiente,
38873,TIOCOLCHICOSIDO 4 MG X 12 TABLETAS,https://pccentro.net.ve/img/s/8/4/1/7/0/84170-large_default.webp,,0,0,blanco,pendiente,
38874,TIOCOLFEN 600 MG - 4 MG X 10 TABLETAS RECUBIERTAS,https://pccentro.net.ve/img/s/8/1/0/1/6/81016-large_default.webp,,0,0,blanco,pendiente,
38877,TOBRASOL 0.3 % SOLUCION OFTALMICA,https://mav.farmaciasaas.com/api/images/articulos/DISTRIBUCION/8684.jpg,,0,0,blanco,pendiente,
38878,TODENAC 0.3 % - 0.1 % SOLUCION OFTALMICA,https://mav.farmaciasaas.com/api/images/articulos/DISTRIBUCION/5780.jpg,,0,0,blanco,pendiente,
38879,TOLNAFTAN 1 % SOLUCION,https://mav.farmaciasaas.com/api/images/articulos/DISTRIBUCION/3539.jpg,,0,0,blanco,pendiente,
38881,TONUM 1 MG / ML SUSPENSION ORAL,https://mav.farmaciasaas.com/api/images/articulos/DISTRIBUCION/9640.jpg,,0,0,blanco,pendiente,
38882,TONUM 10 MG X 30 TABLETAS,https://mav.farmaciasaas.com/api/images/articulos/DISTRIBUCION/95057.jpg,,0,0,blanco,pendiente,
38883,TORIVAS 50 MG X 30 TABLETAS RECUBIERTAS,https://mav.farmaciasaas.com/api/images/articulos/DISTRIBUCION/15607.jpg,,0,0,blanco,pendiente,
38885,TRACEVAL 325 MG - 37.5 MG X 20 TABLETAS RECUBIERTAS,https://mav.farmaciasaas.com/api/images/articulos/DISTRIBUCION/99313.jpg,,0,0,blanco,pendiente,
38886,TRACTIL FORTE 8 MG X 10 COMPRIMIDOS,https://mav.farmaciasaas.com/api/images/articulos/DISTRIBUCION/28504.jpg,,0,0,blanco,pendiente,
38887,TRACTIL 4 MG X 12 COMPRIMIDOS,https://mav.farmaciasaas.com/api/images/articulos/DISTRIBUCION/4638.jpg,,0,0,blanco,pendiente,
38888,TRALIX 50 MG X 30 TABLETAS,https://mav.farmaciasaas.com/api/images/articulos/DISTRIBUCION/50749.jpg,,0,0,blanco,pendiente,
38890,TRAMAL 100 MG / ML SOLUCION ORAL,https://pccentro.net.ve/img/s/7/4/5/9/5/74595-large_default.webp,,0,0,blanco,pendiente,
38891,TRICOX 60 MG X 14 TABLETAS RECUBIERTAS,https://mav.farmaciasaas.com/api/images/articulos/DISTRIBUCION/50716.jpg,,0,0,blanco,pendiente,
38892,TRIMBUTOP 200 MG X 10 COMPRIMIDOS,https://mav.farmaciasaas.com/api/images/articulos/DISTRIBUCION/54049.jpg,,0,0,blanco,pendiente,
38894,TRIMEBUTINA MALEATO 200 MG X 30 TABLETAS,https://mav.farmaciasaas.com/api/images/articulos/DISTRIBUCION/26921.jpg,,0,0,blanco,pendiente,
38895,TRIMEBUTINA 300 MG X 10 COMPRIMIDOS RECUBIERTOS DE LIBERACION PROLONGADA,https://pccentro.net.ve/img/s/6/3/8/3/8/63838-large_default.webp,,0,0,blanco,pendiente,
38897,TRIPUR 80 MG - 400 MG X 20 COMPRIMIDOS,https://mav.farmaciasaas.com/api/images/articulos/DISTRIBUCION/6516.jpg,,0,0,blanco,pendiente,
38898,TRITTICO 100 MG X 30 TABLETAS,https://mav.farmaciasaas.com/api/images/articulos/DISTRIBUCION/4228.jpg,,0,0,blanco,pendiente,
38899,TRITTICO 50 MG X 30 TABLETAS,https://mav.farmaciasaas.com/api/images/articulos/DISTRIBUCION/4227.jpg,,0,0,blanco,pendiente,
38900,ULCENOL 20 MG X 10 TABLETAS,https://mav.farmaciasaas.com/api/images/articulos/DISTRIBUCION/2298.jpg,,0,0,blanco,pendiente,
38901,ULCENOL 40 MG X 20 TABLETAS,https://mav.farmaciasaas.com/api/images/articulos/DISTRIBUCION/92083.jpg,,0,0,blanco,pendiente,
38902,ULCON 1 G X 20 TABLETAS,https://mav.farmaciasaas.com/api/images/articulos/DISTRIBUCION/16823.jpg,,0,0,blanco,pendiente,
38903,ULCRAF 1 G / 5 ML SUSPENSION ORAL,https://mav.farmaciasaas.com/api/images/articulos/DISTRIBUCION/50165.jpg,,0,0,blanco,pendiente,
38904,ULGARIN 20 MG X 16 CAPSULAS,https://mav.farmaciasaas.com/api/images/articulos/DISTRIBUCION/23023.jpg,,0,0,blanco,pendiente,
38905,ULGARIN 20 MG X 28 CAPSULAS,https://mav.farmaciasaas.com/api/images/articulos/DISTRIBUCION/13252.jpg,,0,0,blanco,pendiente,
38906,ULGARIN 40 MG X 16 CAPSULAS,https://mav.farmaciasaas.com/api/images/articulos/DISTRIBUCION/23886.jpg,,0,0,blanco,pendiente,
38907,ULGARIN 40 MG X 32 CAPSULAS,https://mav.farmaciasaas.com/api/images/articulos/DISTRIBUCION/13323.jpg,,0,0,blanco,pendiente,
38908,ULTAMYN 750 MG X 10 TABLETAS RECUBIERTAS,https://mav.farmaciasaas.com/api/images/articulos/DISTRIBUCION/27001.jpg,,0,0,blanco,pendiente,
38909,URODUTAN 200 MG X 10 TABLETAS RECUBIERTAS,https://mav.farmaciasaas.com/api/images/articulos/DISTRIBUCION/22852.jpg,,0,0,blanco,pendiente,
38911,VALACICLOVIR 500 MG X 10 TABLETAS RECUBIERTAS,https://mav.farmaciasaas.com/api/images/articulos/DISTRIBUCION/24670.jpg,,0,0,blanco,pendiente,
38914,VALSARTAN 160 MG X 28 COMPRIMIDOS RECUBIERTOS,https://mav.farmaciasaas.com/api/images/articulos/DISTRIBUCION/54193.jpg,,0,0,blanco,pendiente,
38917,VALSARTAN 160 MG X 7 CAPSULAS,https://mav.farmaciasaas.com/api/images/articulos/DISTRIBUCION/2620.jpg,,0,0,blanco,pendiente,
38918,VALSARTAN - HIDROCLOROTIAZIDA 160 MG - 12.5 MG X 30 TABLETAS RECUBIERTAS,https://mav.farmaciasaas.com/api/images/articulos/DISTRIBUCION/54468.jpg,,0,0,blanco,pendiente,
38919,VALSARTAN - HIDROCLOROTIAZIDA 160 MG - 12.5 MG X 14 TABLETAS RECUBIERTAS,https://mav.farmaciasaas.com/api/images/articulos/DISTRIBUCION/96316.jpg,,0,0,blanco,pendiente,
38920,VALSARTAN 80 MG X 14 CAPSULAS,https://mav.farmaciasaas.com/api/images/articulos/DISTRIBUCION/22949.jpg,,0,0,blanco,pendiente,
38921,VALSARTAN 80 MG X 30 CAPSULAS,https://mav.farmaciasaas.com/api/images/articulos/DISTRIBUCION/99797.jpg,,0,0,blanco,pendiente,
38924,VALSARTAN - HIDROCLOROTIAZIDA 80 MG - 12.5 MG X 28 TABLETAS RECUBIERTAS,https://mav.farmaciasaas.com/api/images/articulos/DISTRIBUCION/54281.jpg,,0,0,blanco,pendiente,
38925,VALSARTAN - HIDROCLOROTIAZIDA 80 MG - 12.5 MG X 14 TABLETAS RECUBIERTAS,https://mav.farmaciasaas.com/api/images/articulos/DISTRIBUCION/9838.jpg,,0,0,blanco,pendiente,
38934,VASPITOR 20 MG X 30 COMPRIMIDOS RECUBIERTOS,https://mav.farmaciasaas.com/api/images/articulos/DISTRIBUCION/50578.jpg,,0,0,blanco,pendiente,
38935,VASPITOR 20 MG X 10 COMPRIMIDOS RECUBIERTOS,https://mav.farmaciasaas.com/api/images/articulos/DISTRIBUCION/52641.jpg,,0,0,blanco,pendiente,
38936,VASPITOR 40 MG X 30 COMPRIMIDOS RECUBIERTOS,https://mav.farmaciasaas.com/api/images/articulos/DISTRIBUCION/50530.jpg,,0,0,blanco,pendiente,
38937,VASPITOR 40 MG X 10 COMPRIMIDOS RECUBIERTOS,https://mav.farmaciasaas.com/api/images/articulos/DISTRIBUCION/52642.jpg,,0,0,blanco,pendiente,
38938,VASSLUTEN HCT 300 MG - 12.5 MG TABLETAS,https://mav.farmaciasaas.com/api/images/articulos/DISTRIBUCION/26022.jpg,,0,0,blanco,pendiente,
38939,VASSLUTEN HCT 150 MG - 12.5 MG TABLETAS,https://mav.farmaciasaas.com/api/images/articulos/DISTRIBUCION/15696.jpg,,0,0,blanco,pendiente,
38940,VECTUS 20 MG X 1 TABLETA RECUBIERTA,https://mav.farmaciasaas.com/api/images/articulos/DISTRIBUCION/29011.jpg,,0,0,blanco,pendiente,
38941,VECTUS 20 MG X 2 TABLETAS RECUBIERTAS,https://mav.farmaciasaas.com/api/images/articulos/DISTRIBUCION/29012.jpg,,0,0,blanco,pendiente,
38942,VECTUS 5 MG X 10 TABLETAS RECUBIERTAS,https://mav.farmaciasaas.com/api/images/articulos/DISTRIBUCION/30204.jpg,,0,0,blanco,pendiente,
38943,VECTUS 5 MG X 20 TABLETAS RECUBIERTAS,https://mav.farmaciasaas.com/api/images/articulos/DISTRIBUCION/30212.jpg,,0,0,blanco,pendiente,
38944,VECTUS 5 MG X 30 TABLETAS RECUBIERTAS,https://mav.farmaciasaas.com/api/images/articulos/DISTRIBUCION/30213.jpg,,0,0,blanco,pendiente,
38946,DIOSMINA - HESPERIDINA 450 MG - 50 MG X 10 CAPSULAS BLANDAS,https://pccentro.net.ve/img/s/8/5/8/3/1/85831-large_default.webp,,0,0,blanco,pendiente,
38947,VESTAX 650 MG X 10 TABLETAS,https://mav.farmaciasaas.com/api/images/articulos/DISTRIBUCION/9373.jpg,,0,0,blanco,pendiente,
38948,VIAJESAN 50 MG X 10 TABLETAS RECUBIERTAS,https://mav.farmaciasaas.com/api/images/articulos/DISTRIBUCION/3034.jpg,,0,0,blanco,pendiente,
38949,VIASEK 50 MG X 2 COMPRIMIDOS RECUBIERTOS,https://mav.farmaciasaas.com/api/images/articulos/DISTRIBUCION/2929.jpg,,0,0,blanco,pendiente,
38950,VIASEK 50 MG X 1 COMPRIMIDO RECUBIERTO,https://mav.farmaciasaas.com/api/images/articulos/DISTRIBUCION/5327.jpg,,0,0,blanco,pendiente,
38951,VIGRASOL 50 MG X 1 COMPRIMIDO RECUBIERTO,https://mav.farmaciasaas.com/api/images/articulos/DISTRIBUCION/7331.jpg,,0,0,blanco,pendiente,
38953,VIROSUPRIL 5 % CREMA,https://mav.farmaciasaas.com/api/images/articulos/DISTRIBUCION/90463.jpg,,0,0,blanco,pendiente,
38957,FARMAD 1000 UI X 30 TABLETAS RECUBIERTAS,https://mav.farmaciasaas.com/api/images/articulos/DISTRIBUCION/96976.jpg,,0,0,blanco,pendiente,
38968,VITAMINA E 400 UI X 30 CAPSULAS BLANDAS,https://pccentro.net.ve/img/s/7/7/8/5/8/77858-large_default.webp,,0,0,blanco,pendiente,
38969,VITAMINA E 400 UI X 50 CAPSULAS BLANDAS,https://pccentro.net.ve/img/s/8/2/7/4/6/82746-large_default.webp,,0,0,blanco,pendiente,
38971,VITADYN C 500 MG TABLETAS MASTICABLES SABOR A FRUTAS TROPICALES X 10 TABLETAS,https://mav.farmaciasaas.com/api/images/articulos/DISTRIBUCION/11403.jpg,,0,0,blanco,pendiente,
38972,VITADYN C 500 MG TABLETAS MASTICABLES SABOR A FRUTAS TROPICALES X 30 TABLETAS,https://mav.farmaciasaas.com/api/images/articulos/DISTRIBUCION/30132.jpg,,0,0,blanco,pendiente,
38975,VITENOL CREMA,https://mav.farmaciasaas.com/api/images/articulos/DISTRIBUCION/3832.jpg,,0,0,blanco,pendiente,
38976,VIZERUL 75 MG X 10 COMPRIMIDOS RECUBIERTOS,https://mav.farmaciasaas.com/api/images/articulos/DISTRIBUCION/111.jpg,,0,0,blanco,pendiente,
38977,VIZERUL 75 MG X 20 COMPRIMIDOS RECUBIERTOS,https://mav.farmaciasaas.com/api/images/articulos/DISTRIBUCION/24115.jpg,,0,0,blanco,pendiente,
38978,VIZERUL 150 MG / 10 ML X 10 SOLUCION ORAL,https://mav.farmaciasaas.com/api/images/articulos/DISTRIBUCION/93730.jpg,,0,0,blanco,pendiente,
38979,VOLCOFEN 75 MG / 3 ML X 1 AMPOLLA,https://mav.farmaciasaas.com/api/images/articulos/DISTRIBUCION/28883.jpg,,0,0,blanco,pendiente,
38980,VONAU FLASH 4 MG TABLETAS DE DESINTEGRACION ORAL X 10 TABLETAS,https://mav.farmaciasaas.com/api/images/articulos/DISTRIBUCION/52415.jpg,,0,0,blanco,pendiente,
38982,XANEXTRA 500 MG / 5 ML X 1 AMPOLLA,https://pccentro.net.ve/img/s/3/0/6/1/1/30611-large_default.webp,,0,0,blanco,pendiente,
38984,XAROX 10 MG X 30 TABLETAS RECUBIERTAS.,https://mav.farmaciasaas.com/api/images/articulos/DISTRIBUCION/52153.jpg,,0,0,blanco,pendiente,
38985,XAROX 15 MG X 30 TABLETAS RECUBIERTAS,https://mav.farmaciasaas.com/api/images/articulos/DISTRIBUCION/52924.jpg,,0,0,blanco,pendiente,
38986,XAROX 20 MG X 30 TABLETAS RECUBIERTAS,https://mav.farmaciasaas.com/api/images/articulos/DISTRIBUCION/52925.jpg,,0,0,blanco,pendiente,
38987,XEROGRAX 120 MG X 60 CAPSULAS,https://mav.farmaciasaas.com/api/images/articulos/DISTRIBUCION/91024.jpg,,0,0,blanco,pendiente,
38989,YONALIN 4 MG / ML SOLUCION ORAL GOTAS,https://mav.farmaciasaas.com/api/images/articulos/DISTRIBUCION/53336.jpg,,0,0,blanco,pendiente,
38990,ZALDIAR 37.5 MG - 325 MG X 20 COMPRIMIDOS RECUBIERTOS,https://mav.farmaciasaas.com/api/images/articulos/DISTRIBUCION/4263.jpg,,0,0,blanco,pendiente,
38991,ZILDON 10 MG X 30 TABLETAS RECUBIERTAS,https://mav.farmaciasaas.com/api/images/articulos/DISTRIBUCION/53121.jpg,,0,0,blanco,pendiente,
38993,VITADYN C ZINC 500 MG - 7.5 MG X 30 CAPSULAS,https://mav.farmaciasaas.com/api/images/articulos/DISTRIBUCION/53166.jpg,,0,0,blanco,pendiente,
38996,ZOLPIDEX 10 MG X 10 COMPRIMIDOS RECUBIERTOS,https://mav.farmaciasaas.com/api/images/articulos/DISTRIBUCION/6549.jpg,,0,0,blanco,pendiente,
38997,ZOLPIDEX 10 MG X 20 COMPRIMIDOS RECUBIERTOS,https://mav.farmaciasaas.com/api/images/articulos/DISTRIBUCION/6547.jpg,,0,0,blanco,pendiente,
38998,ZONIUM 20 MG X 14 CAPSULAS CON MICROGRANULOS ENTERICOS,https://mav.farmaciasaas.com/api/images/articulos/DISTRIBUCION/22055.jpg,,0,0,blanco,pendiente,
38999,ZONIUM 40 MG X 14 CAPSULAS CON MICROGRANULOS ENTERICOS,https://mav.farmaciasaas.com/api/images/articulos/DISTRIBUCION/22056.jpg,,0,0,blanco,pendiente,
39001,ZOPICLONA 7.5 MG X 10 TABLETAS RECUBIERTAS,https://pccentro.net.ve/img/s/5/2/7/1/0/52710-large_default.webp,,0,0,blanco,pendiente,
39002,ZOST 50 MG X 1 COMPRIMIDO,https://mav.farmaciasaas.com/api/images/articulos/DISTRIBUCION/91511.jpg,,0,0,blanco,pendiente,
39003,ZOST 50 MG X 2 COMPRIMIDOS,https://mav.farmaciasaas.com/api/images/articulos/DISTRIBUCION/91227.jpg,,0,0,blanco,pendiente,
39004,ZOST 50 MG X 4 COMPRIMIDOS,https://mav.farmaciasaas.com/api/images/articulos/DISTRIBUCION/91228.jpg,,0,0,blanco,pendiente,
39005,ZUDENINA 0.1 % CREMA,https://mav.farmaciasaas.com/api/images/articulos/DISTRIBUCION/9694.jpg,,0,0,blanco,pendiente,
39006,ZYRTEC 10 MG X 20 COMPRIMIDOS RECUBIERTOS,https://mav.farmaciasaas.com/api/images/articulos/DISTRIBUCION/28894.jpg,,0,0,blanco,pendiente,
39007,ACETAMINOFEN 1000 MG COMPRIMIDOS,https://pccentro.net.ve/img/s/3/5/1/8/6/35186-large_default.webp,,0,0,blanco,pendiente,
39008,ACETAMINOFEN 120 MG / 5 ML JARABE,https://mav.farmaciasaas.com/api/images/articulos/DISTRIBUCION/1978.jpg,,0,0,blanco,pendiente,
39009,ACETAMINOFEN 125 MG SUPOSITORIOS,https://mav.farmaciasaas.com/api/images/articulos/DISTRIBUCION/53592.jpg,,0,0,blanco,pendiente,
39010,ACETAMINOFEN 650 MG X 10 TABLETAS,https://mav.farmaciasaas.com/api/images/articulos/DISTRIBUCION/6236.jpg,,0,0,blanco,pendiente,
39011,ACETAMINOFEN 500 MG X 10 TABLETAS,https://pccentro.net.ve/img/s/8/3/7/6/2/83762-large_default.webp,,0,0,blanco,pendiente,
39012,ACETAMINOFEN 500 MG X 30 TABLETAS,https://pccentro.net.ve/img/s/8/7/8/2/6/87826-large_default.webp,,0,0,blanco,pendiente,
39013,ACETAMINOFEN 650 MG X 10 COMPRIMIDOS,https://mav.farmaciasaas.com/api/images/articulos/DISTRIBUCION/21858.jpg,,0,0,blanco,pendiente,
39018,ACIDO FOLICO 10 MG X 20 TABLETAS,https://mav.farmaciasaas.com/api/images/articulos/DISTRIBUCION/10752.jpg,,0,0,blanco,pendiente,
39019,ACIDO FOLICO 10 MG X 30 TABLETAS,https://mav.farmaciasaas.com/api/images/articulos/DISTRIBUCION/91658.jpg,,0,0,blanco,pendiente,
39021,ACIDO FOLICO 10 MG COMPRIMIDOS,https://pccentro.net.ve/img/s/2/3/7/0/5/23705-large_default.webp,,0,0,blanco,pendiente,
39022,ACIDO FOLICO 5 MG X 30 TABLETAS,https://mav.farmaciasaas.com/api/images/articulos/DISTRIBUCION/21981.jpg,,0,0,blanco,pendiente,
39023,ACIDO FOLICO 10 MG / ML SOLUCION ORAL,https://mav.farmaciasaas.com/api/images/articulos/DISTRIBUCION/2643.jpg,,0,0,blanco,pendiente,
39024,DEXTROSA AL 5 % EN AGUA DESTILADA SOLUCION INYECTABLE,https://mav.farmaciasaas.com/api/images/articulos/DISTRIBUCION/1133.jpg,,0,0,blanco,pendiente,
39025,AIREX 0.05 % SOLUCION NASAL,https://mav.farmaciasaas.com/api/images/articulos/DISTRIBUCION/27095.jpg,,0,0,blanco,pendiente,
39028,AIRON 5 MG X 30 TABLETAS MASTICABLES,https://mav.farmaciasaas.com/api/images/articulos/DISTRIBUCION/5931.jpg,,0,0,blanco,pendiente,
39029,ALBENDAZOL 200 MG X 2 TABLETAS MASTICABLES SABOR A BANANA,https://mav.farmaciasaas.com/api/images/articulos/DISTRIBUCION/13063.jpg,,0,0,blanco,pendiente,
39030,ALBENDAZOL 200 MG X 6 TABLETAS MASTICABLES SABOR A BANANA,https://mav.farmaciasaas.com/api/images/articulos/DISTRIBUCION/94917.jpg,,0,0,blanco,pendiente,
39031,SECNIDAZOL - ITRACONAZOL 166.66 MG - 33.33 MG X 12 CAPSULAS,https://pccentro.net.ve/img/s/1/8/2/1/3/18213-large_default.webp,,0,0,blanco,pendiente,
39033,ALIVETNOC 500 MG - 3 MG GRANULADO SABOR LIMON - MIEL,https://mav.farmaciasaas.com/api/images/articulos/DISTRIBUCION/91845.jpg,,0,0,blanco,pendiente,
39034,ALIVET PLUS COMPRIMIDOS RECUBIERTOS,https://mav.farmaciasaas.com/api/images/articulos/DISTRIBUCION/51787.jpg,,0,0,blanco,pendiente,
39035,AMLODIPINA 10 MG X 20 TABLETAS,https://mav.farmaciasaas.com/api/images/articulos/DISTRIBUCION/92638.jpg,,0,0,blanco,pendiente,
39036,AMLODIPINA 10 MG X 30 TABLETAS,https://mav.farmaciasaas.com/api/images/articulos/DISTRIBUCION/53795.jpg,,0,0,blanco,pendiente,
39038,AMLODIPINA - VALSARTAN 10 MG - 160 MG COMPRIMIDOS RECUBIERTOS,https://pccentro.net.ve/img/s/7/8/4/7/9/78479-large_default.webp,,0,0,blanco,pendiente,
39041,AMLODIPINA 5 MG X 30 TABLETAS,https://mav.farmaciasaas.com/api/images/articulos/DISTRIBUCION/12027.jpg,,0,0,blanco,pendiente,
39043,AMOVIN 500 MG X 6 TABLETAS RECUBIERTAS,https://mav.farmaciasaas.com/api/images/articulos/DISTRIBUCION/92490.jpg,,0,0,blanco,pendiente,
39045,AMOXICILINA 500 MG X 12 CAPSULAS,https://mav.farmaciasaas.com/api/images/articulos/DISTRIBUCION/96769.jpg,,0,0,blanco,pendiente,
39047,AMOXICILINA - ACIDO CLAVULANICO 400 MG - 57 MG / 5 ML POLVO PARA SUSPENSION ORAL,https://mav.farmaciasaas.com/api/images/articulos/DISTRIBUCION/13416.jpg,,0,0,blanco,pendiente,
39051,ANASMOL 2.5 MG COMPRIMIDOS,https://mav.farmaciasaas.com/api/images/articulos/DISTRIBUCION/1878.jpg,,0,0,blanco,pendiente,
39052,ANGRIP FORTE DIA 650 MG - 2 MG - 20 MG COMPRIMIDOS RECUBIERTOS,https://mav.farmaciasaas.com/api/images/articulos/DISTRIBUCION/30055.jpg,,0,0,blanco,pendiente,
39053,ANGRIP FORTE NOCHE 650 MG - 4 MG COMPRIMIDOS RECUBIERTOS,https://mav.farmaciasaas.com/api/images/articulos/DISTRIBUCION/30054.jpg,,0,0,blanco,pendiente,
39054,ANTAAR 2.5 MG X 30 TABLETAS RECUBIERTAS,https://mav.farmaciasaas.com/api/images/articulos/DISTRIBUCION/15626.jpg,,0,0,blanco,pendiente,
39055,ANTAAR 2.5 MG X 10 TABLETAS RECUBIERTAS,https://mav.farmaciasaas.com/api/images/articulos/DISTRIBUCION/21066.jpg,,0,0,blanco,pendiente,
39056,ANTAAR 5 MG X 30 TABLETAS RECUBIERTAS,https://mav.farmaciasaas.com/api/images/articulos/DISTRIBUCION/16094.jpg,,0,0,blanco,pendiente,
39058,ANTIFOM 125 MG X 10 TABLETAS MASTICABLES,https://pccentro.net.ve/img/s/7/4/2/0/8/74208-large_default.webp,,0,0,blanco,pendiente,
39059,ANTIFOM 80 MG / ML SUSPENSION ORAL,https://pccentro.net.ve/img/s/7/6/7/6/3/76763-large_default.webp,,0,0,blanco,pendiente,
39060,ANTILAX 2 MG X 10 TABLETAS,https://mav.farmaciasaas.com/api/images/articulos/DISTRIBUCION/93277.jpg,,0,0,blanco,pendiente,
39061,APIRET 125 MG SUPOSITORIOS,https://mav.farmaciasaas.com/api/images/articulos/DISTRIBUCION/26389.jpg,,0,0,blanco,pendiente,
39062,APIRET 180 MG / 5 ML SOLUCION ORAL,https://mav.farmaciasaas.com/api/images/articulos/DISTRIBUCION/99842.jpg,,0,0,blanco,pendiente,
39063,APIRET 250 MG SUPOSITORIOS,https://mav.farmaciasaas.com/api/images/articulos/DISTRIBUCION/22131.jpg,,0,0,blanco,pendiente,
39064,APLACAL 750 MG TABLETAS MASTICABLES SABOR A FRAMBUESA X 10 TABLETAS,https://mav.farmaciasaas.com/api/images/articulos/DISTRIBUCION/21600.jpg,,0,0,blanco,pendiente,
39065,APLACAL 750 MG TABLETAS MASTICABLES SABOR A FRAMBUESA X 80 TABLETAS,https://mav.farmaciasaas.com/api/images/articulos/DISTRIBUCION/52504.jpg,,0,0,blanco,pendiente,
39066,APLACAL 750 MG X 10 TABLETAS MASTICABLES SABOR A MENTA,https://mav.farmaciasaas.com/api/images/articulos/DISTRIBUCION/21600.jpg,,0,0,blanco,pendiente,
39067,APLACAL 750 MG X 120 TABLETAS MASTICABLES SABOR A MENTA,https://mav.farmaciasaas.com/api/images/articulos/DISTRIBUCION/21595.jpg,,0,0,blanco,pendiente,
39068,APLACAL 750 MG X 80 TABLETAS MASTICABLES SABOR A MENTA,https://mav.farmaciasaas.com/api/images/articulos/DISTRIBUCION/52504.jpg,,0,0,blanco,pendiente,
39069,APLACAL 750 MG X 80 TABLETAS MASTICABLES SABOR A MANDARINA,https://mav.farmaciasaas.com/api/images/articulos/DISTRIBUCION/52504.jpg,,0,0,blanco,pendiente,
39072,ARBIXIL 15 MG - 10 MCG / 5 ML JARABE,https://pccentro.net.ve/img/s/1/8/2/1/8/18218-large_default.webp,,0,0,blanco,pendiente,
39073,ARBIXIL 7.5 MG - 5 MCG / 5 ML JARABE,https://pccentro.net.ve/img/s/1/8/1/9/8/18198-large_default.webp,,0,0,blanco,pendiente,
39074,ARBIXIL 7.5 MG - 5 MCG / ML SOLUCION ORAL,https://mav.farmaciasaas.com/api/images/articulos/DISTRIBUCION/3798.jpg,,0,0,blanco,pendiente,
39079,ASTRIMOL 5 MG X 30 TABLETAS RECUBIERTAS,https://mav.farmaciasaas.com/api/images/articulos/DISTRIBUCION/53175.jpg,,0,0,blanco,pendiente,
39081,ATAMEL PLUS 500 MG - 32 MG X 10 TABLETAS,https://mav.farmaciasaas.com/api/images/articulos/DISTRIBUCION/15413.jpg,,0,0,blanco,pendiente,
39082,ATENOLOL 100 MG COMPRIMIDOS,https://mav.farmaciasaas.com/api/images/articulos/DISTRIBUCION/3271.jpg,,0,0,blanco,pendiente,
39083,ATENOLOL 50 MG X 30 COMPRIMIDOS,https://mav.farmaciasaas.com/api/images/articulos/DISTRIBUCION/3028.jpg,,0,0,blanco,pendiente,
39085,ATORVASTATINA 20 MG COMPRIMIDOS RECUBIERTOS,https://pccentro.net.ve/img/s/1/9/1/1/5/19115-large_default.webp,,0,0,blanco,pendiente,
39087,ATORVASTATINA 40 MG X 30 TABLETAS RECUBIERTAS,https://mav.farmaciasaas.com/api/images/articulos/DISTRIBUCION/51294.jpg,,0,0,blanco,pendiente,
39088,ATROVERAN 10 MG X 10 TABLETAS RECUBIERTAS,https://mav.farmaciasaas.com/api/images/articulos/DISTRIBUCION/25527.jpg,,0,0,blanco,pendiente,
39090,AZITROMICINA 500 MG COMPRIMIDOS RECUBIERTOS,https://mav.farmaciasaas.com/api/images/articulos/DISTRIBUCION/6090.jpg,,0,0,blanco,pendiente,
39091,AZUTAN 0.15 % COLUTORIO,https://mav.farmaciasaas.com/api/images/articulos/DISTRIBUCION/15068.jpg,,0,0,blanco,pendiente,
39092,BACITRACINA 500 UI / G UNGUENTO,https://pccentro.net.ve/img/s/1/9/2/7/1/19271-large_default.webp,,0,0,blanco,pendiente,
39093,BALSADER POMADA,https://pccentro.net.ve/img/s/3/2/3/4/5/32345-large_default.webp,,0,0,blanco,pendiente,
39094,BETADERM 0.05 % CREMA,https://mav.farmaciasaas.com/api/images/articulos/DISTRIBUCION/4155.jpg,,0,0,blanco,pendiente,
39096,BETAMETASONA 4 MG / ML X 1 AMPOLLA,https://mav.farmaciasaas.com/api/images/articulos/DISTRIBUCION/2117.jpg,,0,0,blanco,pendiente,
39097,BICARBONATO DE SODIO AL 5 % X 1 AMPOLLA,https://mav.farmaciasaas.com/api/images/articulos/DISTRIBUCION/4842.jpg,,0,0,blanco,pendiente,
39098,BIOCOR 20 MG X 30 TABLETAS RECUBIERTAS,https://mav.farmaciasaas.com/api/images/articulos/DISTRIBUCION/15627.jpg,,0,0,blanco,pendiente,
39099,OLMESARTAN MEDOXOMILO 40 MG X 30 TABLETAS RECUBIERTAS,https://mav.farmaciasaas.com/api/images/articulos/DISTRIBUCION/13812.jpg,,0,0,blanco,pendiente,
39102,BIOTALOL HCT 2.5 MG - 6.25 MG COMPRIMIDOS RECUBIERTOS,https://mav.farmaciasaas.com/api/images/articulos/DISTRIBUCION/53196.jpg,,0,0,blanco,pendiente,
39104,BIPROLIL 2.5 MG COMPRIMIDOS RECUBIERTOS,https://mav.farmaciasaas.com/api/images/articulos/DISTRIBUCION/27780.jpg,,0,0,blanco,pendiente,
39106,BISOPROLOL FUMARATO 2.5 MG X 30 TABLETAS RECUBIERTAS,https://mav.farmaciasaas.com/api/images/articulos/DISTRIBUCION/97002.jpg,,0,0,blanco,pendiente,
39111,BISOPROLOL FUMARATO - HIDROCLOROTIAZIDA 5 MG - 6.25 MG COMPRIMIDOS RECUBIERTOS,https://pccentro.net.ve/img/s/6/8/7/3/8/68738-large_default.webp,,0,0,blanco,pendiente,
39112,BONAMES 150 MG X 1 TABLETA RECUBIERTA,https://mav.farmaciasaas.com/api/images/articulos/DISTRIBUCION/99210.jpg,,0,0,blanco,pendiente,
39115,BRASARTAN 80 MG X 30 CAPSULAS,https://mav.farmaciasaas.com/api/images/articulos/DISTRIBUCION/19231.jpg,,0,0,blanco,pendiente,
39116,BRASARTAN CTDN 160 MG - 12.5 MG X 30 TABLETAS RECUBIERTAS,https://pccentro.net.ve/img/s/5/2/4/9/8/52498-large_default.webp,,0,0,blanco,pendiente,
39117,BROLAT 5 MG - 30 MG / 5 ML X 10 SOLUCION ORAL,https://pccentro.net.ve/img/s/2/3/7/9/3/23793-large_default.webp,,0,0,blanco,pendiente,
39122,CAPTOPRIL 25 MG X 30 TABLETAS,https://mav.farmaciasaas.com/api/images/articulos/DISTRIBUCION/53796.jpg,,0,0,blanco,pendiente,
39123,CAPTOPRIL 25 MG X 20 TABLETAS,https://mav.farmaciasaas.com/api/images/articulos/DISTRIBUCION/3029.jpg,,0,0,blanco,pendiente,
39124,CARBAMAZEPINA 200 MG COMPRIMIDOS RECUBIERTOS DE LIBERACION CONTROLADA,https://mav.farmaciasaas.com/api/images/articulos/DISTRIBUCION/99338.jpg,,0,0,blanco,pendiente,
39125,CARBETAL 16 MG X 30 TABLETAS,https://mav.farmaciasaas.com/api/images/articulos/DISTRIBUCION/54310.jpg,,0,0,blanco,pendiente,
39128,CARVEDILOL 12.5 MG X 20 TABLETAS RECUBIERTAS,https://mav.farmaciasaas.com/api/images/articulos/DISTRIBUCION/24435.jpg,,0,0,blanco,pendiente,
39129,CARVEDILOL 12.5 MG X 30 TABLETAS RECUBIERTAS,https://mav.farmaciasaas.com/api/images/articulos/DISTRIBUCION/54224.jpg,,0,0,blanco,pendiente,
39130,CARVEDILOL 25 MG X 20 TABLETAS RECUBIERTAS,https://mav.farmaciasaas.com/api/images/articulos/DISTRIBUCION/24436.jpg,,0,0,blanco,pendiente,
39131,CARVEDILOL 6.25 MG COMPRIMIDOS,https://mav.farmaciasaas.com/api/images/articulos/DISTRIBUCION/98456.jpg,,0,0,blanco,pendiente,
39132,CARVEDILOL 6.25 MG COMPRIMIDOS,https://pccentro.net.ve/img/s/3/3/1/0/4/33104-large_default.webp,,0,0,blanco,pendiente,
39137,CETRAL 5 MG / 5 ML SOLUCION ORAL,https://mav.farmaciasaas.com/api/images/articulos/DISTRIBUCION/3876.jpg,,0,0,blanco,pendiente,
39138,CIFARCAINA HIPERBARA AL 5 % X 2 AMPOLLAS,https://mav.farmaciasaas.com/api/images/articulos/DISTRIBUCION/53832.jpg,,0,0,blanco,pendiente,
39139,CIPROFLOXACINA 500 MG COMPRIMIDOS RECUBIERTOS,https://mav.farmaciasaas.com/api/images/articulos/DISTRIBUCION/53267.jpg,,0,0,blanco,pendiente,
39140,CIPROFLOXACINA 500 MG COMPRIMIDOS RECUBIERTOS DE LIBERACION PROGRAMADA,https://mav.farmaciasaas.com/api/images/articulos/DISTRIBUCION/51885.jpg,,0,0,blanco,pendiente,
39141,CIPROFLOXACINA 500 MG X 6 TABLETAS RECUBIERTAS,https://mav.farmaciasaas.com/api/images/articulos/DISTRIBUCION/1615.jpg,,0,0,blanco,pendiente,
39146,GYNO CLOCIM 1 % CREMA VAGINAL,https://mav.farmaciasaas.com/api/images/articulos/DISTRIBUCION/9819.jpg,,0,0,blanco,pendiente,
39147,CLOPIDOGREL 75 MG COMPRIMIDOS RECUBIERTOS,https://pccentro.net.ve/img/s/7/6/0/5/6/76056-large_default.webp,,0,0,blanco,pendiente,
39152,CLOTRIMAZOL 1 % CREMA VAGINAL,https://mav.farmaciasaas.com/api/images/articulos/DISTRIBUCION/9819.jpg,,0,0,blanco,pendiente,
39153,CLOTRIMAZOL 1 % CREMA,https://mav.farmaciasaas.com/api/images/articulos/DISTRIBUCION/5596.jpg,,0,0,blanco,pendiente,
39156,COLVAL 4 MG / 2 ML X 2 AMPOLLAS,https://mav.farmaciasaas.com/api/images/articulos/DISTRIBUCION/8563.jpg,,0,0,blanco,pendiente,
39160,CORENTEL H 10 MG - 6.25 MG COMPRIMIDOS RECUBIERTOS,https://mav.farmaciasaas.com/api/images/articulos/DISTRIBUCION/94357.jpg,,0,0,blanco,pendiente,
39161,CORENTEL H 5 MG - 6.25 MG COMPRIMIDOS RECUBIERTOS,https://mav.farmaciasaas.com/api/images/articulos/DISTRIBUCION/94358.jpg,,0,0,blanco,pendiente,
39162,COROPRES 16 MG COMPRIMIDOS,https://mav.farmaciasaas.com/api/images/articulos/DISTRIBUCION/98453.jpg,,0,0,blanco,pendiente,
39163,COROPRES HCT 32 MG - 12.5 MG COMPRIMIDOS,https://mav.farmaciasaas.com/api/images/articulos/DISTRIBUCION/28480.jpg,,0,0,blanco,pendiente,
39164,COVENTROL 12.5 MG COMPRIMIDOS,https://pccentro.net.ve/img/s/2/3/9/3/5/23935-large_default.webp,,0,0,blanco,pendiente,
39165,CRISOMET 50 MG - 850 MG X 10 TABLETAS RECUBIERTAS,https://mav.farmaciasaas.com/api/images/articulos/DISTRIBUCION/17016.jpg,,0,0,blanco,pendiente,
39166,CRISOMET 50 MG - 850 MG X 30 TABLETAS RECUBIERTAS,https://mav.farmaciasaas.com/api/images/articulos/DISTRIBUCION/19233.jpg,,0,0,blanco,pendiente,
39167,CURPINOL 12.5 MG COMPRIMIDOS,https://mav.farmaciasaas.com/api/images/articulos/DISTRIBUCION/92399.jpg,,0,0,blanco,pendiente,
39168,CURPINOL 25 MG COMPRIMIDOS,https://mav.farmaciasaas.com/api/images/articulos/DISTRIBUCION/92398.jpg,,0,0,blanco,pendiente,
39171,DAYZOL 600 MG - 4 MG COMPRIMIDOS RECUBIERTOS,https://mav.farmaciasaas.com/api/images/articulos/DISTRIBUCION/50522.jpg,,0,0,blanco,pendiente,
39172,DEFLAZACORT 6 MG COMPRIMIDOS,https://pccentro.net.ve/img/s/5/5/5/6/1/55561-large_default.webp,,0,0,blanco,pendiente,
39173,ZARCOT 6 MG X 10 TABLETAS,https://mav.farmaciasaas.com/api/images/articulos/DISTRIBUCION/91527.jpg,,0,0,blanco,pendiente,
39174,DERMAZOL 0.05 % UNGUENTO,https://mav.farmaciasaas.com/api/images/articulos/DISTRIBUCION/99591.jpg,,0,0,blanco,pendiente,
39175,DERMAZOL 0.05 % CREMA,https://mav.farmaciasaas.com/api/images/articulos/DISTRIBUCION/99591.jpg,,0,0,blanco,pendiente,
39177,DESLORATADINA 2.5 MG / 5 ML JARABE,https://mav.farmaciasaas.com/api/images/articulos/DISTRIBUCION/24255.jpg,,0,0,blanco,pendiente,
39178,DESLORATADINA 2.5 MG / 5 ML SOLUCION ORAL,https://mav.farmaciasaas.com/api/images/articulos/DISTRIBUCION/27626.jpg,,0,0,blanco,pendiente,
39180,DESLORATADINA 5 MG X 10 TABLETAS RECUBIERTAS,https://mav.farmaciasaas.com/api/images/articulos/DISTRIBUCION/9951.jpg,,0,0,blanco,pendiente,
39181,DESLORATADINA 5 MG X 10 TABLETAS RECUBIERTAS,https://mav.farmaciasaas.com/api/images/articulos/DISTRIBUCION/29006.jpg,,0,0,blanco,pendiente,
39183,DICLOFENAC POTASICO 50 MG X 10 TABLETAS RECUBIERTAS,https://mav.farmaciasaas.com/api/images/articulos/DISTRIBUCION/19601.jpg,,0,0,blanco,pendiente,
39184,DICLOFENAC POTASICO 50 MG X 30 TABLETAS RECUBIERTAS,https://mav.farmaciasaas.com/api/images/articulos/DISTRIBUCION/26049.jpg,,0,0,blanco,pendiente,
39185,DICLOFENACO POTASICO 50 MG X 20 TABLETAS RECUBIERTAS,https://mav.farmaciasaas.com/api/images/articulos/DISTRIBUCION/55.jpg,,0,0,blanco,pendiente,
39186,DICLOFENAC POTASICO 50 MG COMPRIMIDOS RECUBIERTOS,https://mav.farmaciasaas.com/api/images/articulos/DISTRIBUCION/8409.jpg,,0,0,blanco,pendiente,
39187,DICLOFENAC POTASICO 50 MG X 20 COMPRIMIDOS RECUBIERTOS,https://pccentro.net.ve/img/s/2/4/5/7/0/24570-large_default.webp,,0,0,blanco,pendiente,
39188,DICLOFENACO SODICO 50 MG SUPOSITORIOS,https://mav.farmaciasaas.com/api/images/articulos/DISTRIBUCION/53593.jpg,,0,0,blanco,pendiente,
39189,DIFEN PLUS X 10 TABLETAS,https://pccentro.net.ve/img/s/7/4/6/0/5/74605-large_default.webp,,0,0,blanco,pendiente,
39191,DIKLASON 50 MG COMPRIMIDOS RECUBIERTOS,https://pccentro.net.ve/img/s/5/3/8/4/4/53844-large_default.webp,,0,0,blanco,pendiente,
39192,DIKLASON 75 MG / 3 ML X 1 AMPOLLA,https://pccentro.net.ve/img/s/8/0/5/2/8/80528-large_default.webp,,0,0,blanco,pendiente,
39196,DOMPERIDONA 10 MG COMPRIMIDOS,https://pccentro.net.ve/img/s/2/4/5/0/9/24509-large_default.webp,,0,0,blanco,pendiente,
39199,ENALAPRIL MALEATO 20 MG COMPRIMIDOS RECUBIERTOS,https://mav.farmaciasaas.com/api/images/articulos/DISTRIBUCION/98889.jpg,,0,0,blanco,pendiente,
39200,ENALAPRIL MALEATO 20 MG X 30 TABLETAS,https://mav.farmaciasaas.com/api/images/articulos/DISTRIBUCION/7971.jpg,,0,0,blanco,pendiente,
39201,ERILON 0.1 % CREMA,https://mav.farmaciasaas.com/api/images/articulos/DISTRIBUCION/5842.jpg,,0,0,blanco,pendiente,
39202,ESOMEPRAZOL 40 MG X 16 CAPSULAS CON MICROGRANULOS DE LIBERACION ENTERICA.,https://mav.farmaciasaas.com/api/images/articulos/DISTRIBUCION/52333.jpg,,0,0,blanco,pendiente,
39203,DESLORATADINA 5 MG COMPRIMIDOS RECUBIERTOS,https://pccentro.net.ve/img/s/2/5/0/1/7/25017-large_default.webp,,0,0,blanco,pendiente,
39204,EUKENE 20 MG COMPRIMIDOS RECUBIERTOS,https://mav.farmaciasaas.com/api/images/articulos/DISTRIBUCION/15025.jpg,,0,0,blanco,pendiente,
39205,EUSILEN 4 MG / 2 ML X 1 AMPOLLA,https://mav.farmaciasaas.com/api/images/articulos/DISTRIBUCION/9602.jpg,,0,0,blanco,pendiente,
39206,EUSILEN 4 MG / 2 ML X 2 AMPOLLAS,https://mav.farmaciasaas.com/api/images/articulos/DISTRIBUCION/5513.jpg,,0,0,blanco,pendiente,
39208,FAMOTIDINA 40 MG X 10 COMPRIMIDOS,https://pccentro.net.ve/img/s/7/4/1/8/8/74188-large_default.webp,,0,0,blanco,pendiente,
39213,FEBRATIC 10 MG / 5 ML SUSPENSION ORAL,https://mav.farmaciasaas.com/api/images/articulos/DISTRIBUCION/95717.jpg,,0,0,blanco,pendiente,
39214,FEM DUCHA VAGINAL,https://mav.farmaciasaas.com/api/images/articulos/DISTRIBUCION/10354.jpg,,0,0,blanco,pendiente,
39215,FEMIZOL 750 MG - 200 MG OVULOS.,https://pccentro.net.ve/img/s/4/1/3/1/4/41314-large_default.webp,,0,0,blanco,pendiente,
39218,FERGANIC FOLIC 40 MG - 350 MCG X 30 TABLETAS MASTICABLES,https://mav.farmaciasaas.com/api/images/articulos/DISTRIBUCION/90601.jpg,,0,0,blanco,pendiente,
39219,FERGANIC FOLIC 40 MG - 350 MCG X 20 TABLETAS MASTICABLES,https://mav.farmaciasaas.com/api/images/articulos/DISTRIBUCION/3971.jpg,,0,0,blanco,pendiente,
39221,FLODONT EN FILMORASE UNGUENTO BUCAL,https://mav.farmaciasaas.com/api/images/articulos/DISTRIBUCION/6926.jpg,,0,0,blanco,pendiente,
39222,FLOMED 0.15 % - 0.25 % SOLUCION TOPICA BUCAL,https://mav.farmaciasaas.com/api/images/articulos/DISTRIBUCION/16421.jpg,,0,0,blanco,pendiente,
39223,FLUCONAZOL 150 MG X 2 CAPSULAS,https://mav.farmaciasaas.com/api/images/articulos/DISTRIBUCION/10287.jpg,,0,0,blanco,pendiente,
39224,FRIXONIL SOLUCION,https://mav.farmaciasaas.com/api/images/articulos/DISTRIBUCION/97975.jpg,,0,0,blanco,pendiente,
39225,FURFURIL 0.2 % APOSITO SOLUBLE,https://mav.farmaciasaas.com/api/images/articulos/DISTRIBUCION/1622.jpg,,0,0,blanco,pendiente,
39226,GABAPENTINA 300 MG X 20 CAPSULAS,https://pccentro.net.ve/img/s/3/0/6/8/1/30681-large_default.webp,,0,0,blanco,pendiente,
39229,GEMKAST 4 MG X 10 TABLETAS MASTICABLES,https://mav.farmaciasaas.com/api/images/articulos/DISTRIBUCION/53002.jpg,,0,0,blanco,pendiente,
39230,GEMKAST 4 MG X 30 TABLETAS MASTICABLES,https://mav.farmaciasaas.com/api/images/articulos/DISTRIBUCION/53002.jpg,,0,0,blanco,pendiente,
39231,GEMKAST 5 MG X 30 TABLETAS MASTICABLES,https://mav.farmaciasaas.com/api/images/articulos/DISTRIBUCION/53004.jpg,,0,0,blanco,pendiente,
39232,GEMKAST 5 MG X 10 TABLETAS MASTICABLES,https://mav.farmaciasaas.com/api/images/articulos/DISTRIBUCION/53004.jpg,,0,0,blanco,pendiente,
39233,GENCICOF 0.15 % - 0.15 % SOLUCION TOPICA BUCAL,https://mav.farmaciasaas.com/api/images/articulos/DISTRIBUCION/54312.jpg,,0,0,blanco,pendiente,
39234,GLICILAX 1.72 G SUPOSITORIOS,https://mav.farmaciasaas.com/api/images/articulos/DISTRIBUCION/51145.jpg,,0,0,blanco,pendiente,
39235,GLICILAX 0.86 G SUPOSITORIOS,https://mav.farmaciasaas.com/api/images/articulos/DISTRIBUCION/51144.jpg,,0,0,blanco,pendiente,
39236,GLICERINA 1.68 G SUPOSITORIOS,https://mav.farmaciasaas.com/api/images/articulos/DISTRIBUCION/97577.jpg,,0,0,blanco,pendiente,
39237,GLICERINA 2.88 G SUPOSITORIOS,https://mav.farmaciasaas.com/api/images/articulos/DISTRIBUCION/97222.jpg,,0,0,blanco,pendiente,
39238,GLUCONATO DE CALCIO AL 10 % SOLUCION INYECTABLE,https://mav.farmaciasaas.com/api/images/articulos/DISTRIBUCION/99310.jpg,,0,0,blanco,pendiente,
39239,GLUTAPTIN MET 50 MG - 500 MG X 30 TABLETAS RECUBIERTAS,https://mav.farmaciasaas.com/api/images/articulos/DISTRIBUCION/27355.jpg,,0,0,blanco,pendiente,
39240,GLYMAR 4 MG X 20 TABLETAS,https://mav.farmaciasaas.com/api/images/articulos/DISTRIBUCION/9456.jpg,,0,0,blanco,pendiente,
39241,GULAPER 100 MG / 5 ML SOLUCION ORAL SABOR CHICLE,https://mav.farmaciasaas.com/api/images/articulos/DISTRIBUCION/8704.jpg,,0,0,blanco,pendiente,
39243,HEXANTFLEM 100 MG - 5 ML SOLUCION ORAL,https://mav.farmaciasaas.com/api/images/articulos/DISTRIBUCION/53269.jpg,,0,0,blanco,pendiente,
39246,HIDROCLOROTIAZIDA 12.5 MG COMPRIMIDOS,https://mav.farmaciasaas.com/api/images/articulos/DISTRIBUCION/17795.jpg,,0,0,blanco,pendiente,
39251,IBUPROFENO 400 MG X 10 TABLETAS RECUBIERTAS,https://mav.farmaciasaas.com/api/images/articulos/DISTRIBUCION/10908.jpg,,0,0,blanco,pendiente,
39252,IBUPROFENO 100 MG / 5 ML SUSPENSION ORAL,https://mav.farmaciasaas.com/api/images/articulos/DISTRIBUCION/5567.jpg,,0,0,blanco,pendiente,
39253,IBUPROFENO - TIOCOLCHICOSIDO 600 MG - 4 MG COMPRIMIDOS RECUBIERTOS,https://mav.farmaciasaas.com/api/images/articulos/DISTRIBUCION/29650.jpg,,0,0,blanco,pendiente,
39256,IMAZOL 1 % SOLUCION,https://mav.farmaciasaas.com/api/images/articulos/DISTRIBUCION/1852.jpg,,0,0,blanco,pendiente,
39257,IRBESARTAN 150 MG X 28 TABLETAS,https://mav.farmaciasaas.com/api/images/articulos/DISTRIBUCION/28781.jpg,,0,0,blanco,pendiente,
39259,IRBETIAZID 300 MG - 12.5 MG X 28 TABLETAS,https://mav.farmaciasaas.com/api/images/articulos/DISTRIBUCION/25237.jpg,,0,0,blanco,pendiente,
39261,IRGEM 300 MG X 10 TABLETAS,https://mav.farmaciasaas.com/api/images/articulos/DISTRIBUCION/52652.jpg,,0,0,blanco,pendiente,
39262,IRGEM 300 MG X 30 TABLETAS,https://mav.farmaciasaas.com/api/images/articulos/DISTRIBUCION/52652.jpg,,0,0,blanco,pendiente,
39263,IRGEM PLUS 300 MG - 12.5 MG X 30 TABLETAS,https://mav.farmaciasaas.com/api/images/articulos/DISTRIBUCION/52661.jpg,,0,0,blanco,pendiente,
39264,ISOSPRAY PLUS 0.15 % - 0.25 % SOLUCION,https://mav.farmaciasaas.com/api/images/articulos/DISTRIBUCION/99601.jpg,,0,0,blanco,pendiente,
39267,KETOPROFENO 100 MG / 2 ML X 10 AMPOLLAS,https://mav.farmaciasaas.com/api/images/articulos/DISTRIBUCION/5201.jpg,,0,0,blanco,pendiente,
39268,KETOPROFENO 100 MG / 2 ML X 20 AMPOLLAS,https://mav.farmaciasaas.com/api/images/articulos/DISTRIBUCION/5201.jpg,,0,0,blanco,pendiente,
39269,KETOPROFENO 100 MG COMPRIMIDOS ENTERICOS,https://pccentro.net.ve/img/s/2/5/2/5/2/25252-large_default.webp,,0,0,blanco,pendiente,
39271,KETOPROFENO 100 MG / 2 ML X 1 AMPOLLA,https://mav.farmaciasaas.com/api/images/articulos/DISTRIBUCION/521.jpg,,0,0,blanco,pendiente,
39272,KETOROLAC 10 MG COMPRIMIDOS,https://pccentro.net.ve/img/s/2/4/4/8/9/24489-large_default.webp,,0,0,blanco,pendiente,
39273,KLINCOSAL 262 MG - 100 MG X 30 TABLETAS MASTICABLES SABOR A UVA,https://mav.farmaciasaas.com/api/images/articulos/DISTRIBUCION/28870.jpg,,0,0,blanco,pendiente,
39276,LAGEMIN 25 MG X 30 TABLETAS DISPERSABLES,https://mav.farmaciasaas.com/api/images/articulos/DISTRIBUCION/52653.jpg,,0,0,blanco,pendiente,
39277,LAGEMIN 50 MG X 30 TABLETAS DISPERSABLES,https://mav.farmaciasaas.com/api/images/articulos/DISTRIBUCION/52656.jpg,,0,0,blanco,pendiente,
39278,LAGEMIN 50 MG X 10 TABLETAS DISPERSABLES,https://mav.farmaciasaas.com/api/images/articulos/DISTRIBUCION/52656.jpg,,0,0,blanco,pendiente,
39279,LAGEMIN 100 MG X 10 TABLETAS DISPERSABLES,https://mav.farmaciasaas.com/api/images/articulos/DISTRIBUCION/52657.jpg,,0,0,blanco,pendiente,
39280,LAGEMIN 100 MG X 30 TABLETAS DISPERSABLES,https://mav.farmaciasaas.com/api/images/articulos/DISTRIBUCION/52657.jpg,,0,0,blanco,pendiente,
39281,LANOLZINC 15 % - 11 % POMADA,https://mav.farmaciasaas.com/api/images/articulos/DISTRIBUCION/4414.jpg,,0,0,blanco,pendiente,
39282,LASIX 20 MG COMPRIMIDOS,https://mav.farmaciasaas.com/api/images/articulos/DISTRIBUCION/6018.jpg,,0,0,blanco,pendiente,
39283,LECART 1 G / 10 ML SOLUCION ORAL,https://mav.farmaciasaas.com/api/images/articulos/DISTRIBUCION/13056.jpg,,0,0,blanco,pendiente,
39284,LETISAN 500 MG X 10 TABLETAS MASTICABLES SABOR UVA,https://mav.farmaciasaas.com/api/images/articulos/DISTRIBUCION/50523.jpg,,0,0,blanco,pendiente,
39285,LEVOTEC 500 MG SOLUCION INYECTABLE PARA INFUSION INTRAVENOSA,https://mav.farmaciasaas.com/api/images/articulos/DISTRIBUCION/8827.jpg,,0,0,blanco,pendiente,
39288,LORATADINA 1 MG / ML SOLUCION ORAL,https://mav.farmaciasaas.com/api/images/articulos/DISTRIBUCION/51011.jpg,,0,0,blanco,pendiente,
39289,LOSARTAN POTASICO 50 MG X 14 TABLETAS RECUBIERTAS,https://pccentro.net.ve/img/s/8/0/7/3/5/80735-large_default.webp,,0,0,blanco,pendiente,
39290,LOSARTAN POTASICO 100 MG X 10 TABLETAS RECUBIERTAS,https://mav.farmaciasaas.com/api/images/articulos/DISTRIBUCION/93419.jpg,,0,0,blanco,pendiente,
39293,ROWELUK PLUS 5 MG - 2.5 MG X 10 COMPRIMIDOS MASTICABLES,https://pccentro.net.ve/img/s/8/0/8/7/2/80872-large_default.webp,,0,0,blanco,pendiente,
39294,MAXOTEN 50 MG COMPRIMIDOS RECUBIERTOS,https://mav.farmaciasaas.com/api/images/articulos/DISTRIBUCION/50705.jpg,,0,0,blanco,pendiente,
39295,MELOXICAM 7.5 MG X 10 TABLETAS,https://mav.farmaciasaas.com/api/images/articulos/DISTRIBUCION/4936.jpg,,0,0,blanco,pendiente,
39297,METFORMINA CLORHIDRATO 1000 MG COMPRIMIDOS,https://pccentro.net.ve/img/s/7/6/7/8/1/76781-large_default.webp,,0,0,blanco,pendiente,
39298,METFORMINA CLORHIDRATO 500 MG COMPRIMIDOS,https://pccentro.net.ve/img/s/3/0/6/7/5/30675-large_default.webp,,0,0,blanco,pendiente,
39300,METFORMINA CLORHIDRATO 500 MG X 30 TABLETAS,https://mav.farmaciasaas.com/api/images/articulos/DISTRIBUCION/27232.jpg,,0,0,blanco,pendiente,
39301,METRONIDAZOL 500 MG COMPRIMIDOS,https://pccentro.net.ve/img/s/7/5/0/9/4/75094-large_default.webp,,0,0,blanco,pendiente,
39305,MIGRADORIXINA 125 MG - 1 MG COMPRIMIDOS RECUBIERTOS,https://mav.farmaciasaas.com/api/images/articulos/DISTRIBUCION/30067.jpg,,0,0,blanco,pendiente,
39306,MISELLIM 10 MG COMPRIMIDOS RECUBIERTOS,https://mav.farmaciasaas.com/api/images/articulos/DISTRIBUCION/91349.jpg,,0,0,blanco,pendiente,
39309,MONTELUKAST 10 MG X 10 TABLETAS RECUBIERTAS,https://pccentro.net.ve/img/s/3/5/5/2/1/35521-large_default.webp,,0,0,blanco,pendiente,
39310,MONTELUKAST 5 MG X 30 TABLETAS MASTICABLES,https://mav.farmaciasaas.com/api/images/articulos/DISTRIBUCION/92814.jpg,,0,0,blanco,pendiente,
39311,OTOCORT 1 MG - 5 MG - 5000 UI / ML SUSPENSION OTICA,https://mav.farmaciasaas.com/api/images/articulos/DISTRIBUCION/52903.jpg,,0,0,blanco,pendiente,
39314,NAPROXENO SODICO 275 MG COMPRIMIDOS RECUBIERTOS,https://pccentro.net.ve/img/s/7/0/9/2/3/70923-large_default.webp,,0,0,blanco,pendiente,
39316,NEFROTAL H 100 MG - 12.5 MG COMPRIMIDOS RECUBIERTOS,https://mav.farmaciasaas.com/api/images/articulos/DISTRIBUCION/25632.jpg,,0,0,blanco,pendiente,
39318,NEUROMIX COMPRIMIDOS RECUBIERTOS,https://mav.farmaciasaas.com/api/images/articulos/DISTRIBUCION/23206.jpg,,0,0,blanco,pendiente,
39319,NONAFOL 10 MG / ML X 10 SOLUCION ORAL,https://mav.farmaciasaas.com/api/images/articulos/DISTRIBUCION/18358.jpg,,0,0,blanco,pendiente,
39321,NOXPIRIN 125 MG - 0.5 MG / 5 ML SOLUCION ORAL,https://mav.farmaciasaas.com/api/images/articulos/DISTRIBUCION/24256.jpg,,0,0,blanco,pendiente,
39322,NOXPIRIN 325 MG - 1.25 MG / 5 ML SOLUCION ORAL,https://mav.farmaciasaas.com/api/images/articulos/DISTRIBUCION/24257.jpg,,0,0,blanco,pendiente,
39323,OLMESARTAN MEDOXOMIL - HIDROCLOROTIAZIDA 40 MG - 12.5 MG COMPRIMIDOS RECUBIERTOS,https://mav.farmaciasaas.com/api/images/articulos/DISTRIBUCION/17795.jpg,,0,0,blanco,pendiente,
39324,OLMESARTAN MEDOXOMIL 20 MG COMPRIMIDOS RECUBIERTOS,https://mav.farmaciasaas.com/api/images/articulos/DISTRIBUCION/25976.jpg,,0,0,blanco,pendiente,
39325,OLMESARTAN MEDOXOMILO 20 MG X 30 TABLETAS RECUBIERTAS,https://mav.farmaciasaas.com/api/images/articulos/DISTRIBUCION/13813.jpg,,0,0,blanco,pendiente,
39326,OMEPRAZOL 40 MG X 7 CAPSULAS GASTRORRESISTENTES,https://mav.farmaciasaas.com/api/images/articulos/DISTRIBUCION/29583.jpg,,0,0,blanco,pendiente,
39327,OMEPRAZOL 40 MG X 30 CAPSULAS GASTRORRESISTENTES,https://mav.farmaciasaas.com/api/images/articulos/DISTRIBUCION/50576.jpg,,0,0,blanco,pendiente,
39329,OMEPRAZOL 20 MG X 30 CAPSULAS,https://mav.farmaciasaas.com/api/images/articulos/DISTRIBUCION/24329.jpg,,0,0,blanco,pendiente,
39330,OMEPRAZOL 20 MG X 7 CAPSULAS,https://mav.farmaciasaas.com/api/images/articulos/DISTRIBUCION/9745.jpg,,0,0,blanco,pendiente,
39331,ORALZINC SALES DE REHIDRATACION POLVO PARA SOLUCION ORAL SABOR A MANDARINA,https://mav.farmaciasaas.com/api/images/articulos/DISTRIBUCION/51830.jpg,,0,0,blanco,pendiente,
39332,OROFENO 150 MG COMPRIMIDOS DE LIBERACION CONTROLADA,https://pccentro.net.ve/img/s/5/5/0/6/3/55063-large_default.webp,,0,0,blanco,pendiente,
39333,OTAN 0.1 % - 4.0 % SOLUCION OTICA,https://mav.farmaciasaas.com/api/images/articulos/DISTRIBUCION/97545.jpg,,0,0,blanco,pendiente,
39338,PEGYT 50 MG X 30 CAPSULAS,https://mav.farmaciasaas.com/api/images/articulos/DISTRIBUCION/52625.jpg,,0,0,blanco,pendiente,
39340,PERTEN 1 % CREMA,https://mav.farmaciasaas.com/api/images/articulos/DISTRIBUCION/20023.jpg,,0,0,blanco,pendiente,
39342,PREDNISONA 5 MG COMPRIMIDOS,https://pccentro.net.ve/img/s/8/7/8/2/8/87828-large_default.webp,,0,0,blanco,pendiente,
39347,QUETIAPINA 100 MG COMPRIMIDOS,https://pccentro.net.ve/img/s/5/6/4/3/0/56430-large_default.webp,,0,0,blanco,pendiente,
39351,REGULIP 10 MG X 30 TABLETAS,https://pccentro.net.ve/img/s/3/5/6/2/9/35629-large_default.webp,,0,0,blanco,pendiente,
39353,REHIDROSOL 45 MEQ / L SOLUCION ELECTROLITICA USO ORAL SABOR A UVA,https://mav.farmaciasaas.com/api/images/articulos/DISTRIBUCION/15335.jpg,,0,0,blanco,pendiente,
39355,RINARIS 5 MG - 60 MG X 10 TABLETAS RECUBIERTAS,https://mav.farmaciasaas.com/api/images/articulos/DISTRIBUCION/16753.jpg,,0,0,blanco,pendiente,
39357,RINOLAST D 30 MG - 30 MG / 5 ML SUSPENSION ORAL,https://pccentro.net.ve/img/s/2/2/9/0/0/22900-large_default.webp,,0,0,blanco,pendiente,
39363,SILDENAFIL 50 MG X 2 TABLETAS RECUBIERTAS,https://mav.farmaciasaas.com/api/images/articulos/DISTRIBUCION/99404.jpg,,0,0,blanco,pendiente,
39364,SILDENAFIL 50 MG X 4 TABLETAS RECUBIERTAS,https://mav.farmaciasaas.com/api/images/articulos/DISTRIBUCION/20786.jpg,,0,0,blanco,pendiente,
39365,SITALUX 100 MG X 30 TABLETAS RECUBIERTAS,https://mav.farmaciasaas.com/api/images/articulos/DISTRIBUCION/28533.jpg,,0,0,blanco,pendiente,
39367,DEXTROSA AL 5 % EN SOLUCION FISIOLOGICA ISOTONICA DE CLORURO DE SODIO I,https://mav.farmaciasaas.com/api/images/articulos/DISTRIBUCION/1133.jpg,,0,0,blanco,pendiente,
39368,STAMYLFORTE 300 MG - 100 MG X 20 TABLETAS RECUBIERTAS,https://mav.farmaciasaas.com/api/images/articulos/DISTRIBUCION/13272.jpg,,0,0,blanco,pendiente,
39377,TACHIGRIP FORTE X 6 POLVO PARA SOLUCION ORAL,https://pccentro.net.ve/img/s/7/6/9/9/0/76990-large_default.webp,,0,0,blanco,pendiente,
39378,TACHIPIRIN 100 MG / ML SOLUCION ORAL,https://pccentro.net.ve/img/s/2/2/6/9/4/22694-large_default.webp,,0,0,blanco,pendiente,
39379,ACETAMINOFEN 250 MG SUPOSITORIOS,https://pccentro.net.ve/img/s/7/2/0/9/9/72099-large_default.webp,,0,0,blanco,pendiente,
39380,TACHIPIRIN 500 MG X 20 TABLETAS,https://pccentro.net.ve/img/s/5/4/8/7/6/54876-large_default.webp,,0,0,blanco,pendiente,
39381,TACHIPIRIN FORTE 160 MG / 5 ML SUSPENSION ORAL,https://pccentro.net.ve/img/s/2/5/9/6/4/25964-large_default.webp,,0,0,blanco,pendiente,
39382,TADALAFILO 5 MG COMPRIMIDOS RECUBIERTOS,https://mav.farmaciasaas.com/api/images/articulos/DISTRIBUCION/50485.jpg,,0,0,blanco,pendiente,
39383,TAMOA 250 MG COMPRIMIDOS MASTICABLES,https://mav.farmaciasaas.com/api/images/articulos/DISTRIBUCION/95723.jpg,,0,0,blanco,pendiente,
39387,TENSOMAX 60 MG X 10 CAPSULAS DE LIBERACION PROLONGADA,https://pccentro.net.ve/img/s/7/4/4/6/7/74467-large_default.webp,,0,0,blanco,pendiente,
39389,TERAGRIPFORTE NOCHE 650 MG - 4 MG X 4 TABLETAS RECUBIERTAS,https://mav.farmaciasaas.com/api/images/articulos/DISTRIBUCION/51036.jpg,,0,0,blanco,pendiente,
39391,TERAGRIPSUPRA X 10 TABLETAS RECUBIERTAS,https://mav.farmaciasaas.com/api/images/articulos/DISTRIBUCION/96315.jpg,,0,0,blanco,pendiente,
39392,TERBINAFINA 1 % CREMA,https://mav.farmaciasaas.com/api/images/articulos/DISTRIBUCION/96827.jpg,,0,0,blanco,pendiente,
39395,TOBRAMICINA 0.3 % SOLUCION OFTALMICA,https://mav.farmaciasaas.com/api/images/articulos/DISTRIBUCION/28243.jpg,,0,0,blanco,pendiente,
39398,VALGEM PLUS 160 MG-12.5 MG X 10 TABLETAS RECUBIERTAS,https://mav.farmaciasaas.com/api/images/articulos/DISTRIBUCION/52665.jpg,,0,0,blanco,pendiente,
39399,VALGEM PLUS 160 MG-12.5 MG X 30 TABLETAS RECUBIERTAS,https://mav.farmaciasaas.com/api/images/articulos/DISTRIBUCION/52665.jpg,,0,0,blanco,pendiente,
39400,VALSARTAN 160 MG X 20 CAPSULAS,https://pccentro.net.ve/img/s/9/4/1/3/4/94134-large_default.webp,,0,0,blanco,pendiente,
39401,VALSARTAN CON HIDROCLOROTIAZIDA 160 MG - 12.5 MG COMPRIMIDOS RECUBIERTOS,https://mav.farmaciasaas.com/api/images/articulos/DISTRIBUCION/54193.jpg,,0,0,blanco,pendiente,
39404,VALSARTAN 80 MG CAPSULAS,https://mav.farmaciasaas.com/api/images/articulos/DISTRIBUCION/99610.jpg,,0,0,blanco,pendiente,
39405,VALSARTAN 80 MG COMPRIMIDOS RECUBIERTOS,https://mav.farmaciasaas.com/api/images/articulos/DISTRIBUCION/29789.jpg,,0,0,blanco,pendiente,
39406,VALSARTAN CON HIDROCLOROTIAZIDA 80 MG - 12.5 MG COMPRIMIDOS,https://pccentro.net.ve/img/s/5/6/1/6/8/56168-large_default.webp,,0,0,blanco,pendiente,
39408,VITAMINA C 100 MG / 5 ML JARABE,https://pccentro.net.ve/img/s/7/7/8/3/5/77835-large_default.webp,,0,0,blanco,pendiente,
39409,VITADYN C 1 G COMPRIMIDOS EFERVESCENTES SABOR A GRAPEFRUIT X 10 COMPRIMIDOS,https://mav.farmaciasaas.com/api/images/articulos/DISTRIBUCION/11403.jpg,,0,0,blanco,pendiente,
39410,VITADYN C 500 MG X 30 TABLETAS MASTICABLES SABOR A FRESA,https://mav.farmaciasaas.com/api/images/articulos/DISTRIBUCION/30132.jpg,,0,0,blanco,pendiente,
39412,VITAMINA B12 250 MCG X 20 CAPSULAS,https://mav.farmaciasaas.com/api/images/articulos/DISTRIBUCION/3790.jpg,,0,0,blanco,pendiente,
39413,VITAMINA C 50 MG / 5 ML JARABE,https://mav.farmaciasaas.com/api/images/articulos/DISTRIBUCION/11556.jpg,,0,0,blanco,pendiente,
39421,ALILUB 1.4 % SOLUCION OFTALMICA,https://mav.farmaciasaas.com/api/images/articulos/DISTRIBUCION/25509.jpg,,0,0,blanco,pendiente,
39425,ANAPIR 400 MG X 10 CAPSULAS BLANDAS,https://mav.farmaciasaas.com/api/images/articulos/DISTRIBUCION/17362.jpg,,0,0,blanco,pendiente,
39428,APIRETFLU 24 HORAS X 6 GRANULADO,https://mav.farmaciasaas.com/api/images/articulos/DISTRIBUCION/51431.jpg,,0,0,blanco,pendiente,
39429,APRIX 125 MG X 10 CAPSULAS BLANDAS,https://mav.farmaciasaas.com/api/images/articulos/DISTRIBUCION/50995.jpg,,0,0,blanco,pendiente,
39432,ASPIANDEX 81 MG X 30 TABLETAS CON RECUBRIMIENTO ENTERICO,https://mav.farmaciasaas.com/api/images/articulos/DISTRIBUCION/52971.jpg,,0,0,blanco,pendiente,
39433,ATAMEL 120 MG / 5 ML JARABE,https://mav.farmaciasaas.com/api/images/articulos/DISTRIBUCION/50583.jpg,,0,0,blanco,pendiente,
39434,ATAPEC 25 MG X 30 COMPRIMIDOS RECUBIERTOS,https://mav.farmaciasaas.com/api/images/articulos/DISTRIBUCION/53750.jpg,,0,0,blanco,pendiente,
39435,ATOVAROL 20 MG X 30 CAPSULAS BLANDAS,https://pccentro.net.ve/img/s/7/4/0/1/7/74017-large_default.webp,,0,0,blanco,pendiente,
39436,AVOST 0.004 % SOLUCION OFTALMICA,https://mav.farmaciasaas.com/api/images/articulos/DISTRIBUCION/23361.jpg,,0,0,blanco,pendiente,
39438,BEDEX 0.15 % SOLUCION TOPICA BUCAL,https://mav.farmaciasaas.com/api/images/articulos/DISTRIBUCION/28364.jpg,,0,0,blanco,pendiente,
39439,CLOBETASOL PROPIONATO 0.05 % UNGUENTO,https://mav.farmaciasaas.com/api/images/articulos/DISTRIBUCION/90441.jpg,,0,0,blanco,pendiente,
39442,BIRGIT PLUS 50 MG - 850 MG X 30 COMPRIMIDOS RECUBIERTOS,https://mav.farmaciasaas.com/api/images/articulos/DISTRIBUCION/52040.jpg,,0,0,blanco,pendiente,
39443,BIOTALOL HCT 10 MG - 6.25 MG COMPRIMIDOS RECUBIERTOS,https://mav.farmaciasaas.com/api/images/articulos/DISTRIBUCION/51791.jpg,,0,0,blanco,pendiente,
39444,BLOKXA 20 MG X 28 TABLETAS RECUBIERTAS,https://mav.farmaciasaas.com/api/images/articulos/DISTRIBUCION/54280.jpg,,0,0,blanco,pendiente,
39445,BONAC 4 % GEL USO TOPICO,https://mav.farmaciasaas.com/api/images/articulos/DISTRIBUCION/9545.jpg,,0,0,blanco,pendiente,
39446,BRIMOPRESS 0.2 % SOLUCION OFTALMICA,https://mav.farmaciasaas.com/api/images/articulos/DISTRIBUCION/13585.jpg,,0,0,blanco,pendiente,
39447,BRIXIA 0.0 5 % SOLUCION OFTALMICA,https://mav.farmaciasaas.com/api/images/articulos/DISTRIBUCION/1989.jpg,,0,0,blanco,pendiente,
39451,GYNOTRAN 15 %-4 % CREMA VAGINAL,https://mav.farmaciasaas.com/api/images/articulos/DISTRIBUCION/25326.jpg,,0,0,blanco,pendiente,
39455,CITICOLINA 500 MG X 30 COMPRIMIDOS RECUBIERTOS,https://pccentro.net.ve/img/s/7/1/8/0/3/71803-large_default.webp,,0,0,blanco,pendiente,
39456,NASIN 0.05 % SOLUCION NASAL,https://mav.farmaciasaas.com/api/images/articulos/DISTRIBUCION/2507.jpg,,0,0,blanco,pendiente,
39463,COMENTER 30 MG X 30 COMPRIMIDOS RECUBIERTOS,https://mav.farmaciasaas.com/api/images/articulos/DISTRIBUCION/29372.jpg,,0,0,blanco,pendiente,
39465,CROMUS 0.1 % UNGUENTO,https://pccentro.net.ve/img/s/7/2/8/1/9/72819-large_default.webp,,0,0,blanco,pendiente,
39467,CYNT 20 MG X 20 COMPRIMIDOS RECUBIERTOS,https://mav.farmaciasaas.com/api/images/articulos/DISTRIBUCION/5489.jpg,,0,0,blanco,pendiente,
39468,CYNT 40 MG COMPRIMIDOS RECIBIERTOS X 10 COMPRIMIDOS,https://mav.farmaciasaas.com/api/images/articulos/DISTRIBUCION/92664.jpg,,0,0,blanco,pendiente,
39470,DAVINTEX 60 MG X 10 COMPRIMIDOS RECUBIERTOS,https://mav.farmaciasaas.com/api/images/articulos/DISTRIBUCION/27618.jpg,,0,0,blanco,pendiente,
39473,DENCORUB GEL,https://mav.farmaciasaas.com/api/images/articulos/DISTRIBUCION/52521.jpg,,0,0,blanco,pendiente,
39476,DESLER M 5 MG - 10 MG X 30 TABLETAS RECUBIERTAS,https://mav.farmaciasaas.com/api/images/articulos/DISTRIBUCION/96524/96524.jpg,,0,0,blanco,pendiente,
39477,DESLER M 5 MG - 10 MG X 10 TABLETAS RECUBIERTAS,https://mav.farmaciasaas.com/api/images/articulos/DISTRIBUCION/18361.jpg,,0,0,blanco,pendiente,
39482,DICLOFENAC DIETILAMINA 1.16 % EMULGEL,https://pccentro.net.ve/img/s/8/0/6/4/5/80645-large_default.webp,,0,0,blanco,pendiente,
39483,DIFENAC 100 MG X 10 COMPRIMIDOS RECUBIERTOS,https://mav.farmaciasaas.com/api/images/articulos/DISTRIBUCION/8420.jpg,,0,0,blanco,pendiente,
39489,DOLAK 30 MG X 4 COMPRIMIDOS SUBLINGUALES,https://mav.farmaciasaas.com/api/images/articulos/DISTRIBUCION/94457.jpg,,0,0,blanco,pendiente,
39492,BALSADER GEL TOPICO,https://mav.farmaciasaas.com/api/images/articulos/DISTRIBUCION/2521.jpg,,0,0,blanco,pendiente,
39493,DOPRIL 3 MG / ML SOLUCION ORAL,https://mav.farmaciasaas.com/api/images/articulos/DISTRIBUCION/28532.jpg,,0,0,blanco,pendiente,
39494,DROPIL 100 MG X 40 COMPRIMIDOS RECUBIERTOS,https://mav.farmaciasaas.com/api/images/articulos/DISTRIBUCION/96830.jpg,,0,0,blanco,pendiente,
39495,DROPIL 200 MG X 40 COMPRIMIDOS RECUBIERTOS,https://mav.farmaciasaas.com/api/images/articulos/DISTRIBUCION/97140.jpg,,0,0,blanco,pendiente,
39498,ELMETACIN-IND 1 % SOLUCION TOPICA,https://pccentro.net.ve/img/s/8/9/4/4/5/89445-large_default.webp,,0,0,blanco,pendiente,
39502,EVIGAX 125 MG X 10 CAPSULAS BLANDAS,https://mav.farmaciasaas.com/api/images/articulos/DISTRIBUCION/96795.jpg,,0,0,blanco,pendiente,
39503,EVIGAX 125 MG X 20 CAPSULAS BLANDAS,https://mav.farmaciasaas.com/api/images/articulos/DISTRIBUCION/8614.jpg,,0,0,blanco,pendiente,
39505,EZENTIUS 20 MG X 20 COMPRIMIDOS RECUBIERTOS,https://mav.farmaciasaas.com/api/images/articulos/DISTRIBUCION/53836.jpg,,0,0,blanco,pendiente,
39507,DOLOGINEX 125 MG - 10 MG X 10 COMPRIMIDOS RECUBIERTOS,https://mav.farmaciasaas.com/api/images/articulos/DISTRIBUCION/54561.jpg,,0,0,blanco,pendiente,
39508,FLATVIN 125 MG X 10 CAPSULAS BLANDAS,https://mav.farmaciasaas.com/api/images/articulos/DISTRIBUCION/24281.jpg,,0,0,blanco,pendiente,
39509,FLEVOMAX - D 600 MG X 15 COMPRIMIDOS RECUBIERTOS,https://mav.farmaciasaas.com/api/images/articulos/DISTRIBUCION/54226.jpg,,0,0,blanco,pendiente,
39514,GESTAGENO 100 MG CAPSULAS DE GELATINA BLANDA X 10 CAPSULAS,https://pccentro.net.ve/img/s/3/9/7/7/1/39771-large_default.webp,,0,0,blanco,pendiente,
39515,GESTAGENO 200 MG CAPSULAS DE GELATINA BLANDA X 10 CAPSULAS,https://pccentro.net.ve/img/s/7/5/9/8/0/75980-large_default.webp,,0,0,blanco,pendiente,
39516,GLAUCOTENSIL T 2 % - 0.5 % SOLUCION OFTALMICA,https://mav.farmaciasaas.com/api/images/articulos/DISTRIBUCION/2262.jpg,,0,0,blanco,pendiente,
39518,GLIDEX 500 MG X 30 TABLETAS RECUBIERTAS,https://mav.farmaciasaas.com/api/images/articulos/DISTRIBUCION/52469.jpg,,0,0,blanco,pendiente,
39519,GLIDEX 850 MG X 30 TABLETAS RECUBIERTAS,https://mav.farmaciasaas.com/api/images/articulos/DISTRIBUCION/52970.jpg,,0,0,blanco,pendiente,
39525,IBUFEN 800 MG X 6 COMPRIMIDOS RECUBIERTOS,https://mav.farmaciasaas.com/api/images/articulos/DISTRIBUCION/54227.jpg,,0,0,blanco,pendiente,
39526,IMOL 20 MG X 30 COMPRIMIDOS RECUBIERTOS,https://mav.farmaciasaas.com/api/images/articulos/DISTRIBUCION/52408.jpg,,0,0,blanco,pendiente,
39527,ITISONA 0.1 % CREMA,https://mav.farmaciasaas.com/api/images/articulos/DISTRIBUCION/9412.jpg,,0,0,blanco,pendiente,
39530,KEPPRA 100 MG / ML SOLUCION ORAL,https://mav.farmaciasaas.com/api/images/articulos/DISTRIBUCION/28896.jpg,,0,0,blanco,pendiente,
39531,KETOCONAZOL 2 % CREMA,https://mav.farmaciasaas.com/api/images/articulos/DISTRIBUCION/8683.jpg,,0,0,blanco,pendiente,
39533,KETOMED 2 % CHAMPU,https://mav.farmaciasaas.com/api/images/articulos/DISTRIBUCION/30800.jpg,,0,0,blanco,pendiente,
39534,KATIVIL 1 G / 10 ML X 60 SOLUCION ORAL,https://mav.farmaciasaas.com/api/images/articulos/DISTRIBUCION/51086.jpg,,0,0,blanco,pendiente,
39535,LAMICTAL 100 MG X 30 TABLETAS DISPERSABLES-MASTICABLES,https://mav.farmaciasaas.com/api/images/articulos/DISTRIBUCION/11117.jpg,,0,0,blanco,pendiente,
39536,LAMICTAL 50 MG X 30 TABLETAS DISPERSABLES - MASTICABLES,https://mav.farmaciasaas.com/api/images/articulos/DISTRIBUCION/11118.jpg,,0,0,blanco,pendiente,
39537,LESTECOL 40 MG X 30 TABLETAS RECUBIERTAS,https://mav.farmaciasaas.com/api/images/articulos/DISTRIBUCION/91315.jpg,,0,0,blanco,pendiente,
39539,MANTIXA 2.5 MG X 30 COMPRIMIDOS RECUBIERTOS,https://mav.farmaciasaas.com/api/images/articulos/DISTRIBUCION/27090.jpg,,0,0,blanco,pendiente,
39542,MINOXIDIL FORTE 5 % SOLUCION TOPICA,https://mav.farmaciasaas.com/api/images/articulos/DISTRIBUCION/28505.jpg,,0,0,blanco,pendiente,
39544,MOMEQ 0.1 % CREMA,https://mav.farmaciasaas.com/api/images/articulos/DISTRIBUCION/21240.jpg,,0,0,blanco,pendiente,
39554,NIFEDIPINA 30 MG X 30 CAPSULAS DE LIBERACION PROLONGADA,https://pccentro.net.ve/img/s/8/5/3/8/3/85383-large_default.webp,,0,0,blanco,pendiente,
39560,OPAT 0.1 % SOLUCION OFTALMICA,https://mav.farmaciasaas.com/api/images/articulos/DISTRIBUCION/91031.jpg,,0,0,blanco,pendiente,
39563,PEPSADEL 262 MG X 12 TABLETAS MASTICABLES,https://mav.farmaciasaas.com/api/images/articulos/DISTRIBUCION/26892.jpg,,0,0,blanco,pendiente,
39568,PROFLOX 1 G / 5 ML SUSPENSION ORAL,https://mav.farmaciasaas.com/api/images/articulos/DISTRIBUCION/27740.jpg,,0,0,blanco,pendiente,
39570,RESECAL 10 MG X 10 POLVO PARA SUSPENSION ORAL,https://mav.farmaciasaas.com/api/images/articulos/DISTRIBUCION/54046.jpg,,0,0,blanco,pendiente,
39571,RIFAMIX 550 MG X 10 COMPRIMIDOS RECUBIERTOS,https://pccentro.net.ve/img/s/7/9/6/0/5/79605-large_default.webp,,0,0,blanco,pendiente,
39572,RIVAREX 10 MG X 30 COMPRIMIDOS RECUBIERTOS,https://mav.farmaciasaas.com/api/images/articulos/DISTRIBUCION/52904.jpg,,0,0,blanco,pendiente,
39574,SACUMIC 50 MG X 30 COMPRIMIDOS RECUBIERTOS,https://mav.farmaciasaas.com/api/images/articulos/DISTRIBUCION/54298.jpg,,0,0,blanco,pendiente,
39577,SILVEDERMA 1 % CREMA,https://mav.farmaciasaas.com/api/images/articulos/DISTRIBUCION/28865.jpg,,0,0,blanco,pendiente,
39578,SIMULTAN DUO 50 MG - 850 MG X 30 COMPRIMIDOS RECUBIERTOS,https://mav.farmaciasaas.com/api/images/articulos/DISTRIBUCION/52757.jpg,,0,0,blanco,pendiente,
39579,SINMEGAS 125 MG X 20 CAPSULAS BLANDAS,https://mav.farmaciasaas.com/api/images/articulos/DISTRIBUCION/53113.jpg,,0,0,blanco,pendiente,
39580,SINMEGAS 125 MG X 30 CAPSULAS BLANDAS,https://mav.farmaciasaas.com/api/images/articulos/DISTRIBUCION/53114.jpg,,0,0,blanco,pendiente,
39585,SYNARTROS 60 MG X 10 TABLETAS RECUBIERTAS,https://pccentro.net.ve/img/s/2/5/9/5/4/25954-large_default.webp,,0,0,blanco,pendiente,
39587,TALERC 10 MG / ML SOLUCION ORAL,https://mav.farmaciasaas.com/api/images/articulos/DISTRIBUCION/8537.jpg,,0,0,blanco,pendiente,
39588,TALFIDEX 20 MG X 2 TABLETAS RECUBIERTAS,https://mav.farmaciasaas.com/api/images/articulos/DISTRIBUCION/53285.jpg,,0,0,blanco,pendiente,
39589,TALYSTOR 20 MG X 1 TABLETA MASTICABLE,https://mav.farmaciasaas.com/api/images/articulos/DISTRIBUCION/50928.jpg,,0,0,blanco,pendiente,
39590,BUCOXOLGAR 0.15 % - 0.25 % SOLUCION TOPICA BUCAL ATOMIZADORA SABOR A MENTA FRESCA,https://mav.farmaciasaas.com/api/images/articulos/DISTRIBUCION/19885.jpg,,0,0,blanco,pendiente,
39591,TAXUS 20 MG X 30 COMPRIMIDOS,https://mav.farmaciasaas.com/api/images/articulos/DISTRIBUCION/28335.jpg,,0,0,blanco,pendiente,
39592,TERBICRYM 1 % CREMA,https://mav.farmaciasaas.com/api/images/articulos/DISTRIBUCION/21458.jpg,,0,0,blanco,pendiente,
39594,TOMYCIN 0.3 % SOLUCION OFTALMICA,https://mav.farmaciasaas.com/api/images/articulos/DISTRIBUCION/23365.jpg,,0,0,blanco,pendiente,
39595,TOPISEPT 2 % CREMA TOPICA,https://mav.farmaciasaas.com/api/images/articulos/DISTRIBUCION/26900.jpg,,0,0,blanco,pendiente,
39596,TRUSOMIDA 2 % SOLUCION OFTALMICA,https://mav.farmaciasaas.com/api/images/articulos/DISTRIBUCION/52801.jpg,,0,0,blanco,pendiente,
39597,UDOX 75 MG X 10 CAPSULAS,https://mav.farmaciasaas.com/api/images/articulos/DISTRIBUCION/97141.jpg,,0,0,blanco,pendiente,
39599,VAXIDUO 100 MG - 400 MG X 7 OVULOS VAGINALES,https://mav.farmaciasaas.com/api/images/articulos/DISTRIBUCION/25190.jpg,,0,0,blanco,pendiente,
39601,VIZERUL 300 MG X 10 COMPRIMIDOS,https://mav.farmaciasaas.com/api/images/articulos/DISTRIBUCION/8428.jpg,,0,0,blanco,pendiente,
39603,REHIDROSOL ZINC 60 MEQ / L SOLUCION ELECTROLITICA USO ORAL SABOR A MANZANA X 30 SOLUCION ORAL,https://pccentro.net.ve/img/s/7/4/1/8/9/74189-large_default.webp,,0,0,blanco,pendiente,
39604,ZOCLONAX 7.5 MG X 10 TABLETAS RECUBIERTAS,https://mav.farmaciasaas.com/api/images/articulos/DISTRIBUCION/28792.jpg,,0,0,blanco,pendiente,
39618,ACIDO IBANDRONICO 150 MG X 1 TABLETA RECUBIERTA,https://mav.farmaciasaas.com/api/images/articulos/DISTRIBUCION/52763.jpg,,0,0,blanco,pendiente,
39619,ACIDO TRANEXAMICO 500 MG X 10 TABLETAS RECUBIERTAS,https://mav.farmaciasaas.com/api/images/articulos/DISTRIBUCION/53498.jpg,,0,0,blanco,pendiente,
39620,ACECLOFENACO 100 MG X 10 TABLETAS RECUBIERTAS,https://mav.farmaciasaas.com/api/images/articulos/DISTRIBUCION/53399.jpg,,0,0,blanco,pendiente,
39621,ACETAMINOFEN 650 MG X 30 TABLETAS,https://mav.farmaciasaas.com/api/images/articulos/DISTRIBUCION/15591.jpg,,0,0,blanco,pendiente,
39622,ACETAMINOFEN 150 MG / 5 ML JARABE,https://pccentro.net.ve/img/s/1/8/1/9/5/18195-large_default.webp,,0,0,blanco,pendiente,
39623,ACETAMINOFEN 120 MG / 5 ML SOLUCION ORAL,https://mav.farmaciasaas.com/api/images/articulos/DISTRIBUCION/53087.jpg,,0,0,blanco,pendiente,
39624,ACETAMINOFEN 500 MG X 12 TABLETAS,https://mav.farmaciasaas.com/api/images/articulos/DISTRIBUCION/22400.jpg,,0,0,blanco,pendiente,
39625,ACETAMINOFEN 500 MG X 24 TABLETAS,https://mav.farmaciasaas.com/api/images/articulos/DISTRIBUCION/22401.jpg,,0,0,blanco,pendiente,
39626,ACETAZOLAMIDA 250 MG X 20 TABLETAS,https://mav.farmaciasaas.com/api/images/articulos/DISTRIBUCION/53492.jpg,,0,0,blanco,pendiente,
39627,ACETAZOLAMIDA 250 MG X 10 TABLETAS,https://mav.farmaciasaas.com/api/images/articulos/DISTRIBUCION/53177.jpg,,0,0,blanco,pendiente,
39628,ACICLOVIR 250 MG POLVO LIOFILIZADO PARA SOLUCION INYECTABLE PARA INFUSION INTRAVENOSA,https://mav.farmaciasaas.com/api/images/articulos/DISTRIBUCION/51935.jpg,,0,0,blanco,pendiente,
39629,ACICLOVIR 200 MG X 20 TABLETAS,https://mav.farmaciasaas.com/api/images/articulos/DISTRIBUCION/29551.jpg,,0,0,blanco,pendiente,
39630,ACICLOVIR 200 MG X 24 TABLETAS,https://mav.farmaciasaas.com/api/images/articulos/DISTRIBUCION/7859.jpg,,0,0,blanco,pendiente,
39631,ACIDO ASCORBICO 500 MG / 5 ML SOLUCION INYECTABLE,https://mav.farmaciasaas.com/api/images/articulos/DISTRIBUCION/23088.jpg,,0,0,blanco,pendiente,
39632,ACIDO FOLICO 10 MG / 2 ML X 10 INYECTABLE,https://mav.farmaciasaas.com/api/images/articulos/DISTRIBUCION/22846.jpg,,0,0,blanco,pendiente,
39633,ADAPALENO - CLINDAMICINA 0.1 % - 1 % GEL,https://mav.farmaciasaas.com/api/images/articulos/DISTRIBUCION/52420.jpg,,0,0,blanco,pendiente,
39634,ADRENALINA 1 MG / ML X 5 AMPOLLAS,https://mav.farmaciasaas.com/api/images/articulos/DISTRIBUCION/52500.jpg,,0,0,blanco,pendiente,
39635,AGUA OXIG ALVA INYECTABLE,https://mav.farmaciasaas.com/api/images/articulos/DISTRIBUCION/28584.jpg,,0,0,blanco,pendiente,
39636,ALBENDAZOL 400 MG X 10 TABLETAS MASTICABLES,https://mav.farmaciasaas.com/api/images/articulos/DISTRIBUCION/52550.jpg,,0,0,blanco,pendiente,
39637,ALBENDAZOL 200 MG X 6 COMPRIMIDOS,https://mav.farmaciasaas.com/api/images/articulos/DISTRIBUCION/1526.jpg,,0,0,blanco,pendiente,
39638,ALENDRONATO SODICO 70 MG X 4 COMPRIMIDOS,https://mav.farmaciasaas.com/api/images/articulos/DISTRIBUCION/50383.jpg,,0,0,blanco,pendiente,
39639,AMIKACINA 500 MG / 2 ML X 1 AMPOLLA,https://mav.farmaciasaas.com/api/images/articulos/DISTRIBUCION/27450.jpg,,0,0,blanco,pendiente,
39640,AMIKACINA 100 MG / 2 ML X 10 AMPOLLAS,https://mav.farmaciasaas.com/api/images/articulos/DISTRIBUCION/53493.jpg,,0,0,blanco,pendiente,
39641,AMLODIPINA 10 MG X 60 COMPRIMIDOS,https://mav.farmaciasaas.com/api/images/articulos/DISTRIBUCION/20112.jpg,,0,0,blanco,pendiente,
39642,AMLODIPINA 10 MG X 10 COMPRIMIDOS,https://mav.farmaciasaas.com/api/images/articulos/DISTRIBUCION/2419.jpg,,0,0,blanco,pendiente,
39643,AMLODIPINA 5 MG X 30 TABLETAS,https://mav.farmaciasaas.com/api/images/articulos/DISTRIBUCION/99081.jpg,,0,0,blanco,pendiente,
39644,AMOXICILINA 500 MG X 10 CAPSULAS,https://mav.farmaciasaas.com/api/images/articulos/DISTRIBUCION/30058.jpg,,0,0,blanco,pendiente,
39645,AMOXICILINA 500 MG X 6 CAPSULAS,https://mav.farmaciasaas.com/api/images/articulos/DISTRIBUCION/5265.jpg,,0,0,blanco,pendiente,
39646,AMOXICILINA 125 MG / 5 ML SUSPENSION,https://mav.farmaciasaas.com/api/images/articulos/DISTRIBUCION/26127.jpg,,0,0,blanco,pendiente,
39647,ANASTROZOL 1 MG X 30 TABLETAS RECUBIERTAS,https://mav.farmaciasaas.com/api/images/articulos/DISTRIBUCION/26476.jpg,,0,0,blanco,pendiente,
39648,APIXABAN 2.5 MG X 30 COMPRIMIDOS,https://mav.farmaciasaas.com/api/images/articulos/DISTRIBUCION/30329.jpg,,0,0,blanco,pendiente,
39649,ATAPEC 100 MG X 30 TABLETAS RECUBIERTAS,https://mav.farmaciasaas.com/api/images/articulos/DISTRIBUCION/25050.jpg,,0,0,blanco,pendiente,
39650,ATENOLOL 100 MG X 30 TABLETAS,https://mav.farmaciasaas.com/api/images/articulos/DISTRIBUCION/7789.jpg,,0,0,blanco,pendiente,
39651,ATENOLOL 50 MG X 30 TABLETAS,https://mav.farmaciasaas.com/api/images/articulos/DISTRIBUCION/23700.jpg,,0,0,blanco,pendiente,
39652,ATENOLOL 50 MG X 30 COMPRIMIDOS,https://mav.farmaciasaas.com/api/images/articulos/DISTRIBUCION/23700.jpg,,0,0,blanco,pendiente,
39653,ATORVASTATINA 20 MG X 14 COMPRIMIDOS RECUBIERTOS,https://mav.farmaciasaas.com/api/images/articulos/DISTRIBUCION/11565.jpg,,0,0,blanco,pendiente,
39654,ATORVASTATINA 40 MG X 14 TABLETAS RECUBIERTAS,https://mav.farmaciasaas.com/api/images/articulos/DISTRIBUCION/91726.jpg,,0,0,blanco,pendiente,
39655,AUGMENTIN BID 875 MG - 125 MG TABLETAS RECUBIERTAS,https://mav.farmaciasaas.com/api/images/articulos/DISTRIBUCION/92934.jpg,,0,0,blanco,pendiente,
39656,AZITROMICINA 500 MG X 3 COMPRIMIDOS RECUBIERTOS,https://mav.farmaciasaas.com/api/images/articulos/DISTRIBUCION/11009.jpg,,0,0,blanco,pendiente,
39657,AZITROMICINA 200 MG / 5 ML SUSPENSION ORAL,https://mav.farmaciasaas.com/api/images/articulos/DISTRIBUCION/21793.jpg,,0,0,blanco,pendiente,
39658,BACITRACINA 500 UI / 20 G UNGUENTO,https://mav.farmaciasaas.com/api/images/articulos/DISTRIBUCION/29019.jpg,,0,0,blanco,pendiente,
39659,BISACODILO 5 MG X 10 TABLETAS GASTRORRESISTENTES,https://mav.farmaciasaas.com/api/images/articulos/DISTRIBUCION/28708.jpg,,0,0,blanco,pendiente,
39660,BISOPROLOL FUMARATO 10 MG X 30 COMPRIMIDOS RECUBIERTOS,https://mav.farmaciasaas.com/api/images/articulos/DISTRIBUCION/21371.jpg,,0,0,blanco,pendiente,
39661,BISOPROLOL FUMARATO 5 MG X 30 TABLETAS RECUBIERTAS,https://mav.farmaciasaas.com/api/images/articulos/DISTRIBUCION/98668.jpg,,0,0,blanco,pendiente,
39662,VALSARTAN 160 MG X 30 TABLETAS,https://mav.farmaciasaas.com/api/images/articulos/DISTRIBUCION/52911.jpg,,0,0,blanco,pendiente,
39663,CLORHIDRATO DE BROMEXINA 8 MG / 5 ML JARABE.,https://mav.farmaciasaas.com/api/images/articulos/DISTRIBUCION/27452.jpg,,0,0,blanco,pendiente,
39664,BROMEXINA CLORHIDRATO 4 MG / 5 ML JARABE,https://mav.farmaciasaas.com/api/images/articulos/DISTRIBUCION/14190.jpg,,0,0,blanco,pendiente,
39665,BROMHEXINA PED4MG 5 ML / 120 ML JARABE,https://mav.farmaciasaas.com/api/images/articulos/DISTRIBUCION/11549.jpg,,0,0,blanco,pendiente,
39666,CARBAMAZEPINA 200 MG X 10 COMPRIMIDOS,https://mav.farmaciasaas.com/api/images/articulos/DISTRIBUCION/52560.jpg,,0,0,blanco,pendiente,
39667,CARBAMAZEPINA 200 MG X 20 COMPRIMIDOS,https://mav.farmaciasaas.com/api/images/articulos/DISTRIBUCION/20947.jpg,,0,0,blanco,pendiente,
39668,CARBAMAZEPINA 200 MG X 30 TABLETAS,https://mav.farmaciasaas.com/api/images/articulos/DISTRIBUCION/23677.jpg,,0,0,blanco,pendiente,
39669,CARBAMAZEPINA 400 MG X 30 TABLETAS,https://mav.farmaciasaas.com/api/images/articulos/DISTRIBUCION/28515.jpg,,0,0,blanco,pendiente,
39670,CEFAZOLINA SODICO 1 G X 10 INYECTABLE,https://mav.farmaciasaas.com/api/images/articulos/DISTRIBUCION/51988.jpg,,0,0,blanco,pendiente,
39671,CEFTRIAXONA 1 G X 1 AMPOLLA,https://mav.farmaciasaas.com/api/images/articulos/DISTRIBUCION/51473.jpg,,0,0,blanco,pendiente,
39672,CEFTRIAXONA 1 G POLVO PARA SOLUCION INYECTABLE,https://mav.farmaciasaas.com/api/images/articulos/DISTRIBUCION/51473.jpg,,0,0,blanco,pendiente,
39673,CELECOXIB 200 MG X 10 CAPSULAS,https://mav.farmaciasaas.com/api/images/articulos/DISTRIBUCION/26739.jpg,,0,0,blanco,pendiente,
39674,CETIRIZINA 5 MG / 5 ML SOLUCION ORAL,https://mav.farmaciasaas.com/api/images/articulos/DISTRIBUCION/2328.jpg,,0,0,blanco,pendiente,
39675,CILOSTAZOL 50 MG X 30 TABLETAS RECUBIERTAS,https://mav.farmaciasaas.com/api/images/articulos/DISTRIBUCION/25678.jpg,,0,0,blanco,pendiente,
39676,CILOSTAZOL 100 MG X 30 TABLETAS,https://mav.farmaciasaas.com/api/images/articulos/DISTRIBUCION/52907.jpg,,0,0,blanco,pendiente,
39677,CIPROFLOXACINA 500 MG X 6 TABLETAS RECUBIERTAS,https://mav.farmaciasaas.com/api/images/articulos/DISTRIBUCION/20511.jpg,,0,0,blanco,pendiente,
39678,CIPROFLOXACINA INF INY200MG CRDIST 100 ML INYECTABLE,https://mav.farmaciasaas.com/api/images/articulos/DISTRIBUCION/21337.jpg,,0,0,blanco,pendiente,
39679,CIPROFLOXACINA 500 MG X 10 TABLETAS RECUBIERTAS,https://mav.farmaciasaas.com/api/images/articulos/DISTRIBUCION/20945.jpg,,0,0,blanco,pendiente,
39680,CIPROFLOXACINA 500 MG X 10 COMPRIMIDOS RECUBIERTOS,https://mav.farmaciasaas.com/api/images/articulos/DISTRIBUCION/20945.jpg,,0,0,blanco,pendiente,
39681,CIPROFLOXACINA 500 MG X 6 COMPRIMIDOS RECUBIERTOS,https://mav.farmaciasaas.com/api/images/articulos/DISTRIBUCION/20511.jpg,,0,0,blanco,pendiente,
39682,CIPROFLOXACINO 500 MG X 10 TABLETAS RECUBIERTAS,https://mav.farmaciasaas.com/api/images/articulos/DISTRIBUCION/50785.jpg,,0,0,blanco,pendiente,
39683,CITALOPRAM 40 MG X 10 TABLETAS RECUBIERTAS,https://mav.farmaciasaas.com/api/images/articulos/DISTRIBUCION/53032.jpg,,0,0,blanco,pendiente,
39684,CITRATO CA VIT D3 TABLETAS,https://mav.farmaciasaas.com/api/images/articulos/DISTRIBUCION/23439.jpg,,0,0,blanco,pendiente,
39685,CLOMIFENO CITRATO 50 MG X 30 TABLETAS,https://mav.farmaciasaas.com/api/images/articulos/DISTRIBUCION/28709.jpg,,0,0,blanco,pendiente,
39686,CLOPIDOGREL 75 MG X 20 COMPRIMIDOS RECUBIERTOS,https://mav.farmaciasaas.com/api/images/articulos/DISTRIBUCION/51767.jpg,,0,0,blanco,pendiente,
39687,CLOPIDOGREL 75 MG X 30 COMPRIMIDOS RECUBIERTOS,https://mav.farmaciasaas.com/api/images/articulos/DISTRIBUCION/22848.jpg,,0,0,blanco,pendiente,
39688,CLOPIDOGREL 75 MG X 30 TABLETAS RECUBIERTAS,https://mav.farmaciasaas.com/api/images/articulos/DISTRIBUCION/22848.jpg,,0,0,blanco,pendiente,
39689,CLORHID MEBEVERINA 200 MG X 30 CAPSULAS,https://mav.farmaciasaas.com/api/images/articulos/DISTRIBUCION/54229.jpg,,0,0,blanco,pendiente,
39690,CLORURO SODICO 0.9 % INYECTABLE,https://mav.farmaciasaas.com/api/images/articulos/DISTRIBUCION/21357.jpg,,0,0,blanco,pendiente,
39691,CLORURO MAGNES 25 G LOCION,https://mav.farmaciasaas.com/api/images/articulos/DISTRIBUCION/17780.jpg,,0,0,blanco,pendiente,
39692,CLOTRIMAZOL 100 MG X 6 OVULOS VAGINALES,https://mav.farmaciasaas.com/api/images/articulos/DISTRIBUCION/26419.jpg,,0,0,blanco,pendiente,
39693,CLOTRIMAZOL 500 MG X 1 OVULO VAGINAL,https://mav.farmaciasaas.com/api/images/articulos/DISTRIBUCION/26410.jpg,,0,0,blanco,pendiente,
39695,DILTIAZEM 60 MG X 30 COMPRIMIDOS,https://mav.farmaciasaas.com/api/images/articulos/DISTRIBUCION/28519.jpg,,0,0,blanco,pendiente,
39696,6 MG X 30 COMPRIMIDOS,https://mav.farmaciasaas.com/api/images/articulos/DISTRIBUCION/52860.jpg,,0,0,blanco,pendiente,
39697,PORTU 4 MG X 100 COMPRIMIDOS,https://mav.farmaciasaas.com/api/images/articulos/DISTRIBUCION/25079.jpg,,0,0,blanco,pendiente,
39698,SODICO 4 MG / 1 ML X 10 INYECTABLE,https://mav.farmaciasaas.com/api/images/articulos/DISTRIBUCION/23086.jpg,,0,0,blanco,pendiente,
39699,DEXAMETASONA FOSFATO SODICO 8 MG / 2 ML SOLUCION INYECTABLE,https://mav.farmaciasaas.com/api/images/articulos/DISTRIBUCION/23087.jpg,,0,0,blanco,pendiente,
39700,SODICO 8 MG / 2 ML X 10 INYECTABLE,https://mav.farmaciasaas.com/api/images/articulos/DISTRIBUCION/23087.jpg,,0,0,blanco,pendiente,
39701,DIACEREINA 50 MG X 10 CAPSULAS,https://mav.farmaciasaas.com/api/images/articulos/DISTRIBUCION/50231.jpg,,0,0,blanco,pendiente,
39702,CARVEDILOL 25 MG X 30 TABLETAS,https://mav.farmaciasaas.com/api/images/articulos/DISTRIBUCION/54225.jpg,,0,0,blanco,pendiente,
39703,DICLOFENACO SODICO 75 MG / 3 ML X 10 AMPOLLAS,https://mav.farmaciasaas.com/api/images/articulos/DISTRIBUCION/53115.jpg,,0,0,blanco,pendiente,
39704,DICLOFENACO POTASICO 50 MG X 10 TABLETAS RECUBIERTAS,https://mav.farmaciasaas.com/api/images/articulos/DISTRIBUCION/54424.jpg,,0,0,blanco,pendiente,
39705,DICLOFENAC POTASICO 50 MG X 20 TABLETAS,https://mav.farmaciasaas.com/api/images/articulos/DISTRIBUCION/23145.jpg,,0,0,blanco,pendiente,
39706,DIOSMINA 600 MG X 30 TABLETAS RECUBIERTAS,https://mav.farmaciasaas.com/api/images/articulos/DISTRIBUCION/53521.jpg,,0,0,blanco,pendiente,
39707,DIOSMINA - HESPERIDINA 450 MG - 50 MG X 30 TABLETAS RECUBIERTAS,https://mav.farmaciasaas.com/api/images/articulos/DISTRIBUCION/52910.jpg,,0,0,blanco,pendiente,
39708,DIOSMINA-HESPERIDINA 450 MG-50 MG COMPRIMIDOS RECUBIERTOS,https://mav.farmaciasaas.com/api/images/articulos/DISTRIBUCION/52910.jpg,,0,0,blanco,pendiente,
39709,DOBUTAMINA 250 MG / 5 ML X 5 AMPOLLAS,https://mav.farmaciasaas.com/api/images/articulos/DISTRIBUCION/51161.jpg,,0,0,blanco,pendiente,
39710,DOMPERIDONA 10 MG X 10 TABLETAS,https://mav.farmaciasaas.com/api/images/articulos/DISTRIBUCION/53481.jpg,,0,0,blanco,pendiente,
39711,DOMPERIDONA 10 MG X 15 TABLETAS,https://mav.farmaciasaas.com/api/images/articulos/DISTRIBUCION/11636.jpg,,0,0,blanco,pendiente,
39712,DOMPERIDONA 10 MG X 30 TABLETAS,https://mav.farmaciasaas.com/api/images/articulos/DISTRIBUCION/21373.jpg,,0,0,blanco,pendiente,
39713,DOXICICLINA 100 MG X 10 CAPSULAS,https://mav.farmaciasaas.com/api/images/articulos/DISTRIBUCION/28543.jpg,,0,0,blanco,pendiente,
39714,ENALAPRIL 20 MG X 20 TABLETAS,https://mav.farmaciasaas.com/api/images/articulos/DISTRIBUCION/7965.jpg,,0,0,blanco,pendiente,
39715,ENALAPRIL MALEATO - HIDROCLOROTIAZIDA 20 MG - 12.5 MG TABLETAS,https://mav.farmaciasaas.com/api/images/articulos/DISTRIBUCION/54045.jpg,,0,0,blanco,pendiente,
39716,ERITROMICINA 500 MG X 10 TABLETAS RECUBIERTAS,https://mav.farmaciasaas.com/api/images/articulos/DISTRIBUCION/52542.jpg,,0,0,blanco,pendiente,
39717,ESCITALOPRAM 10 MG X 56 COMPRIMIDOS RECUBIERTOS,https://mav.farmaciasaas.com/api/images/articulos/DISTRIBUCION/22243.jpg,,0,0,blanco,pendiente,
39718,ESCITALOPRAM 10 MG X 14 COMPRIMIDOS RECUBIERTOS,https://mav.farmaciasaas.com/api/images/articulos/DISTRIBUCION/23490.jpg,,0,0,blanco,pendiente,
39719,ESCITALOPRAM 20 MG X 28 COMPRIMIDOS RECUBIERTOS,https://mav.farmaciasaas.com/api/images/articulos/DISTRIBUCION/53635.jpg,,0,0,blanco,pendiente,
39720,ESCITALOPRAM 10 MG X 30 TABLETAS RECUBIERTAS,https://mav.farmaciasaas.com/api/images/articulos/DISTRIBUCION/25666.jpg,,0,0,blanco,pendiente,
39721,ESCITALOPRAM 20 MG X 30 TABLETAS RECUBIERTAS,https://mav.farmaciasaas.com/api/images/articulos/DISTRIBUCION/50533.jpg,,0,0,blanco,pendiente,
39722,ESCITALOPRAM 5 MG X 30 TABLETAS RECUBIERTAS,https://mav.farmaciasaas.com/api/images/articulos/DISTRIBUCION/25665.jpg,,0,0,blanco,pendiente,
39723,FEXOFENADINA CLORHIDRATO 180 MG X 10 TABLETAS RECUBIERTAS,https://mav.farmaciasaas.com/api/images/articulos/DISTRIBUCION/28713.jpg,,0,0,blanco,pendiente,
39724,FLAVOXUNI FLAVOXATO 200 MG X 20 COMPRIMIDOS,https://pccentro.net.ve/img/s/9/2/2/5/5/92255-large_default.webp,,0,0,blanco,pendiente,
39725,FLAVOXATO 200 MG X 30 TABLETAS RECUBIERTAS,https://mav.farmaciasaas.com/api/images/articulos/DISTRIBUCION/23673.jpg,,0,0,blanco,pendiente,
39726,FLAVOXATO CLORHIDRATO 200 MG X 10 TABLETAS RECUBIERTAS,https://mav.farmaciasaas.com/api/images/articulos/DISTRIBUCION/99485.jpg,,0,0,blanco,pendiente,
39727,FLUCONAZOL 200 MG CAPSULAS,https://mav.farmaciasaas.com/api/images/articulos/DISTRIBUCION/50070.jpg,,0,0,blanco,pendiente,
39728,FLUCONAZOL 200 MG / 100 ML INYECTABLE,https://mav.farmaciasaas.com/api/images/articulos/DISTRIBUCION/29940.jpg,,0,0,blanco,pendiente,
39729,FLUCONAZOL 200 MG TABLETAS RECUBIERTAS,https://mav.farmaciasaas.com/api/images/articulos/DISTRIBUCION/50070.jpg,,0,0,blanco,pendiente,
39730,FLUCONAZOL 200 MG / 100 ML SOLUCION INYECTABLE INTRAVENOSA,https://mav.farmaciasaas.com/api/images/articulos/DISTRIBUCION/29940.jpg,,0,0,blanco,pendiente,
39731,FLUCONAZOL 150 MG X 4 TABLETAS,https://mav.farmaciasaas.com/api/images/articulos/DISTRIBUCION/52581.jpg,,0,0,blanco,pendiente,
39732,FLUNARIZINA 10 MG X 30 TABLETAS RECUBIERTAS,https://mav.farmaciasaas.com/api/images/articulos/DISTRIBUCION/53116.jpg,,0,0,blanco,pendiente,
39733,FLUOXETINA 20 MG X 28 CAPSULAS,https://mav.farmaciasaas.com/api/images/articulos/DISTRIBUCION/50927.jpg,,0,0,blanco,pendiente,
39734,FUROSEMIDA 20 MG / 2 ML X 3 AMPOLLAS,https://mav.farmaciasaas.com/api/images/articulos/DISTRIBUCION/28787.jpg,,0,0,blanco,pendiente,
39735,GENTAMICINA 160 MG / 2 ML X 10 AMPOLLAS,https://mav.farmaciasaas.com/api/images/articulos/DISTRIBUCION/30124.jpg,,0,0,blanco,pendiente,
39736,GENTAMICINA 160 MG / 2 ML X 5 AMPOLLAS,https://mav.farmaciasaas.com/api/images/articulos/DISTRIBUCION/52502.jpg,,0,0,blanco,pendiente,
39737,GLIBENCLAMIDA 5 MG X 10 COMPRIMIDOS,https://pccentro.net.ve/img/s/4/1/1/3/7/41137-large_default.webp,,0,0,blanco,pendiente,
39738,GLIBENCLAMIDA 5 MG X 30 TABLETAS,https://mav.farmaciasaas.com/api/images/articulos/DISTRIBUCION/28525.jpg,,0,0,blanco,pendiente,
39739,GLIMEPIRIDA 2 MG X 30 TABLETAS,https://mav.farmaciasaas.com/api/images/articulos/DISTRIBUCION/21362.jpg,,0,0,blanco,pendiente,
39740,IRBESARTAN 150 MG X 10 TABLETAS,https://mav.farmaciasaas.com/api/images/articulos/DISTRIBUCION/94012.jpg,,0,0,blanco,pendiente,
39741,IRBESARTAN 300 MG X 10 TABLETAS,https://mav.farmaciasaas.com/api/images/articulos/DISTRIBUCION/50766.jpg,,0,0,blanco,pendiente,
39742,ITRACONAZOL 100 MG X 10 CAPSULAS,https://mav.farmaciasaas.com/api/images/articulos/DISTRIBUCION/53012.jpg,,0,0,blanco,pendiente,
39743,KETOPROFENO 100 MG / 2 ML X 10 AMPOLLAS,https://mav.farmaciasaas.com/api/images/articulos/DISTRIBUCION/26418.jpg,,0,0,blanco,pendiente,
39744,KETOROLACO TROMETAMOL 30 MG / ML X 10 AMPOLLAS,https://mav.farmaciasaas.com/api/images/articulos/DISTRIBUCION/29479.jpg,,0,0,blanco,pendiente,
39745,KETOROLACO TROMETAMINA 30 MG / ML X 3 AMPOLLAS,https://mav.farmaciasaas.com/api/images/articulos/DISTRIBUCION/27131.jpg,,0,0,blanco,pendiente,
39746,KETOROLACO TROMETAMINA 20 MG X 10 COMPRIMIDOS,https://mav.farmaciasaas.com/api/images/articulos/DISTRIBUCION/51770.jpg,,0,0,blanco,pendiente,
39747,LAMOTRIGINA 100 MG X 30 TABLETAS RECUBIERTAS,https://mav.farmaciasaas.com/api/images/articulos/DISTRIBUCION/23029.jpg,,0,0,blanco,pendiente,
39748,LAMOTRIGINA 100 MG X 28 TABLETAS DE LIBERACION PROLONGADA,https://mav.farmaciasaas.com/api/images/articulos/DISTRIBUCION/20096.jpg,,0,0,blanco,pendiente,
39749,LERCANIDIPINO 20 MG X 30 TABLETAS,https://mav.farmaciasaas.com/api/images/articulos/DISTRIBUCION/51324.jpg,,0,0,blanco,pendiente,
39750,LETROZOL 2.5 MG X 30 TABLETAS RECUBIERTAS,https://mav.farmaciasaas.com/api/images/articulos/DISTRIBUCION/53401.jpg,,0,0,blanco,pendiente,
39751,LEVETIRACETAM 500 MG X 30 TABLETAS RECUBIERTAS,https://mav.farmaciasaas.com/api/images/articulos/DISTRIBUCION/25661.jpg,,0,0,blanco,pendiente,
39752,LEVOFLOXACINA INF CRDIST 500 MG / 100 ML INYECTABLE,https://mav.farmaciasaas.com/api/images/articulos/DISTRIBUCION/21338.jpg,,0,0,blanco,pendiente,
39753,LEVOFLOXACINA 750 MG X 5 TABLETAS RECUBIERTAS,https://mav.farmaciasaas.com/api/images/articulos/DISTRIBUCION/19718.jpg,,0,0,blanco,pendiente,
39754,LEVOFLOXACINA 750 MG X 10 TABLETAS RECUBIERTAS,https://mav.farmaciasaas.com/api/images/articulos/DISTRIBUCION/24415.jpg,,0,0,blanco,pendiente,
39755,LEVOFLOXACINA 500 MG X 10 TABLETAS RECUBIERTAS,https://mav.farmaciasaas.com/api/images/articulos/DISTRIBUCION/26132.jpg,,0,0,blanco,pendiente,
39756,LEVOFLOXACINA 500 MG X 7 TABLETAS RECUBIERTAS,https://mav.farmaciasaas.com/api/images/articulos/DISTRIBUCION/24405.jpg,,0,0,blanco,pendiente,
39757,LEVOFLOXACINO 500 MG X 7 TABLETAS RECUBIERTAS,https://mav.farmaciasaas.com/api/images/articulos/DISTRIBUCION/20100.jpg,,0,0,blanco,pendiente,
39758,LEVOFLOXACINO 500 MG X 5 TABLETAS RECUBIERTAS,https://mav.farmaciasaas.com/api/images/articulos/DISTRIBUCION/53252.jpg,,0,0,blanco,pendiente,
39759,LEVOFLOXACINO 750 MG X 5 TABLETAS RECUBIERTAS,https://mav.farmaciasaas.com/api/images/articulos/DISTRIBUCION/53251.jpg,,0,0,blanco,pendiente,
39760,LEVONORGESTREL 1.5 MG X 1 TABLETA RECUBIERTA,https://mav.farmaciasaas.com/api/images/articulos/DISTRIBUCION/50305.jpg,,0,0,blanco,pendiente,
39761,LEVOTIROXINA SODICO 100 MCG X 10 TABLETAS,https://mav.farmaciasaas.com/api/images/articulos/DISTRIBUCION/22840.jpg,,0,0,blanco,pendiente,
39762,LEVOTIROXINA SODICO 100 MCG X 50 TABLETAS,https://mav.farmaciasaas.com/api/images/articulos/DISTRIBUCION/54490.jpg,,0,0,blanco,pendiente,
39763,LEVOTIROXINA SODICO 50 MCG X 50 TABLETAS,https://mav.farmaciasaas.com/api/images/articulos/DISTRIBUCION/21408.jpg,,0,0,blanco,pendiente,
39764,LOPERAMIDA 2 MG X 10 TABLETAS,https://mav.farmaciasaas.com/api/images/articulos/DISTRIBUCION/25399.jpg,,0,0,blanco,pendiente,
39765,LOPERAMIDA PORTU 2 MG X 100 COMPRIMIDOS,https://mav.farmaciasaas.com/api/images/articulos/DISTRIBUCION/25013.jpg,,0,0,blanco,pendiente,
39766,LORATADINA 10 MG X 20 TABLETAS,https://mav.farmaciasaas.com/api/images/articulos/DISTRIBUCION/99082.jpg,,0,0,blanco,pendiente,
39767,LORATADINA 5 MG / 5 ML JARABE,https://mav.farmaciasaas.com/api/images/articulos/DISTRIBUCION/23709.jpg,,0,0,blanco,pendiente,
39768,LOSARTAN HCT 50 MG X 30 COMPRIMIDOS,https://mav.farmaciasaas.com/api/images/articulos/DISTRIBUCION/20434.jpg,,0,0,blanco,pendiente,
39769,LOSARTAN HCT 50 MG X 15 COMPRIMIDOS,https://mav.farmaciasaas.com/api/images/articulos/DISTRIBUCION/90067.jpg,,0,0,blanco,pendiente,
39770,MAGNESIO GLICINATO X 60 TABLETAS,https://mav.farmaciasaas.com/api/images/articulos/DISTRIBUCION/27004.jpg,,0,0,blanco,pendiente,
39772,MEDROXIPROGESTERONA 10 MG X 10 TABLETAS,https://mav.farmaciasaas.com/api/images/articulos/DISTRIBUCION/53471.jpg,,0,0,blanco,pendiente,
39773,MELOXICAM 15 MG X 10 TABLETAS,https://mav.farmaciasaas.com/api/images/articulos/DISTRIBUCION/28529.jpg,,0,0,blanco,pendiente,
39774,MELOXICAM 7.5 MG X 10 TABLETAS,https://mav.farmaciasaas.com/api/images/articulos/DISTRIBUCION/1986.jpg,,0,0,blanco,pendiente,
39775,MEMANTINA CLORHIDRATO 10 MG X 10 TABLETAS RECUBIERTAS,https://mav.farmaciasaas.com/api/images/articulos/DISTRIBUCION/50985.jpg,,0,0,blanco,pendiente,
39776,MEMANTINA CLORHIDRATO 10 MG X 28 TABLETAS RECUBIERTAS,https://mav.farmaciasaas.com/api/images/articulos/DISTRIBUCION/22396.jpg,,0,0,blanco,pendiente,
39777,MEMANTINA CLORHIDRATO 10 MG X 14 TABLETAS RECUBIERTAS,https://mav.farmaciasaas.com/api/images/articulos/DISTRIBUCION/26136.jpg,,0,0,blanco,pendiente,
39778,MEROPENEM 1 G X 10 AMPOLLAS,https://mav.farmaciasaas.com/api/images/articulos/DISTRIBUCION/26005.jpg,,0,0,blanco,pendiente,
39779,CLORHIDRATO DE METFORMINA 500 MG X 30 TABLETAS RECUBIERTAS,https://mav.farmaciasaas.com/api/images/articulos/DISTRIBUCION/20433.jpg,,0,0,blanco,pendiente,
39780,METFORMINA LP 1000 MG X 30 TABLETAS,https://mav.farmaciasaas.com/api/images/articulos/DISTRIBUCION/52951.jpg,,0,0,blanco,pendiente,
39781,METFORMINA 500 MG X 30 TABLETAS RECUBIERTAS,https://mav.farmaciasaas.com/api/images/articulos/DISTRIBUCION/20433.jpg,,0,0,blanco,pendiente,
39782,METFORMINA CLORHIDRATO 500 MG X 30 TABLETAS RECUBIERTAS,https://mav.farmaciasaas.com/api/images/articulos/DISTRIBUCION/20433.jpg,,0,0,blanco,pendiente,
39783,METFORMINA CLORHIDRATO 850 MG X 30 TABLETAS,https://mav.farmaciasaas.com/api/images/articulos/DISTRIBUCION/28530.jpg,,0,0,blanco,pendiente,
39784,METOCLOPRAMIDA 10 MG / 2 ML X 3 AMPOLLAS,https://mav.farmaciasaas.com/api/images/articulos/DISTRIBUCION/28789.jpg,,0,0,blanco,pendiente,
39785,METOCLOPRAMIDA 10 MG X 10 TABLETAS,https://mav.farmaciasaas.com/api/images/articulos/DISTRIBUCION/26729.jpg,,0,0,blanco,pendiente,
39786,METRONIDAZOL 0.75 % GEL,https://mav.farmaciasaas.com/api/images/articulos/DISTRIBUCION/28989.jpg,,0,0,blanco,pendiente,
39787,METRONIDAZOL 500 MG / 100 ML SOLUCION PARA INFUSION.,https://mav.farmaciasaas.com/api/images/articulos/DISTRIBUCION/21360.jpg,,0,0,blanco,pendiente,
39788,METRONIDAZOL 500 MG X 10 OVULOS VAGINALES,https://mav.farmaciasaas.com/api/images/articulos/DISTRIBUCION/21032.jpg,,0,0,blanco,pendiente,
39789,METRONIDAZOL 500 MG / 100 ML SOLUCION PARA INFUSION INTRAVENOSA,https://mav.farmaciasaas.com/api/images/articulos/DISTRIBUCION/21360.jpg,,0,0,blanco,pendiente,
39790,METRONIDAZOL 500 MG X 30 TABLETAS,https://mav.farmaciasaas.com/api/images/articulos/DISTRIBUCION/21370.jpg,,0,0,blanco,pendiente,
39791,BETAHISTINA 16 MG X 20 TABLETAS,https://mav.farmaciasaas.com/api/images/articulos/DISTRIBUCION/51762.jpg,,0,0,blanco,pendiente,
39792,MIRTAZAPINA 15 MG X 30 TABLETAS RECUBIERTAS,https://mav.farmaciasaas.com/api/images/articulos/DISTRIBUCION/25667.jpg,,0,0,blanco,pendiente,
39793,MIRTAZAPINA 30 MG X 30 TABLETAS RECUBIERTAS,https://mav.farmaciasaas.com/api/images/articulos/DISTRIBUCION/51322.jpg,,0,0,blanco,pendiente,
39794,MOXIFLOXACINA 400 MG X 10 COMPRIMIDOS RECUBIERTOS,https://mav.farmaciasaas.com/api/images/articulos/DISTRIBUCION/25226.jpg,,0,0,blanco,pendiente,
39795,NAPROXENO 250 MG X 10 TABLETAS,https://mav.farmaciasaas.com/api/images/articulos/DISTRIBUCION/53117.jpg,,0,0,blanco,pendiente,
39796,LOSARTAN HCT TABR 50 MG X 30 COMPRIMIDOS,https://mav.farmaciasaas.com/api/images/articulos/DISTRIBUCION/28636.jpg,,0,0,blanco,pendiente,
39797,NIFEDIPINA 10 MG X 10 COMPRIMIDOS DISPERSABLES,https://pccentro.net.ve/img/s/5/9/8/4/5/59845-large_default.webp,,0,0,blanco,pendiente,
39798,NITROFURANTOINA LAPROFF 100 MG X 300 TABLETAS,https://mav.farmaciasaas.com/api/images/articulos/DISTRIBUCION/51871.jpg,,0,0,blanco,pendiente,
39799,NITROFURANTOINA 100 MG X 10 TABLETAS RECUBIERTAS,https://mav.farmaciasaas.com/api/images/articulos/DISTRIBUCION/25663.jpg,,0,0,blanco,pendiente,
39800,NITROFURANTOINA 50 MG X 10 TABLETAS RECUBIERTAS,https://mav.farmaciasaas.com/api/images/articulos/DISTRIBUCION/53552.jpg,,0,0,blanco,pendiente,
39801,NITROFURAZONA 2 MG / 30 G CREMA,https://mav.farmaciasaas.com/api/images/articulos/DISTRIBUCION/52434.jpg,,0,0,blanco,pendiente,
39802,PREDNISOLONA 3 MG / 60 ML SUSPENSION ORAL,https://mav.farmaciasaas.com/api/images/articulos/DISTRIBUCION/53054.jpg,,0,0,blanco,pendiente,
39803,OLANZAPINA 5 MG X 30 TABLETAS ORODISPERSABLES,https://mav.farmaciasaas.com/api/images/articulos/DISTRIBUCION/25670.jpg,,0,0,blanco,pendiente,
39804,OLMESARTAN MEDOXOMIL 40 MG - HIDROLOCOTIAZIDA 12.5 MG X 30 TABLETAS RECUBIERTAS,https://mav.farmaciasaas.com/api/images/articulos/DISTRIBUCION/99045.jpg,,0,0,blanco,pendiente,
39805,OLMESARTAN MEDOXOMILO 20 MG X 10 TABLETAS RECUBIERTAS,https://mav.farmaciasaas.com/api/images/articulos/DISTRIBUCION/18568.jpg,,0,0,blanco,pendiente,
39806,OLMESARTAN MEDOXOMILO 40 MG X 10 TABLETAS RECUBIERTAS,https://mav.farmaciasaas.com/api/images/articulos/DISTRIBUCION/18584.jpg,,0,0,blanco,pendiente,
39807,OLMESARTAN MEDOXOMILO 40 MG X 30 TABLETAS RECUBIERTAS,https://mav.farmaciasaas.com/api/images/articulos/DISTRIBUCION/99045.jpg,,0,0,blanco,pendiente,
39808,OMEPRAZOL 20 MG X 10 CAPSULAS CON MICROGRANULOS ENTERICOS,https://mav.farmaciasaas.com/api/images/articulos/DISTRIBUCION/53303.jpg,,0,0,blanco,pendiente,
39809,OMEPRAZOL 20 MG X 7 CAPSULAS CON MICROGRANULOS ENTERICOS,https://mav.farmaciasaas.com/api/images/articulos/DISTRIBUCION/20777.jpg,,0,0,blanco,pendiente,
39810,OMEPRAZOL 40 MG X 1 AMPOLLA,https://mav.farmaciasaas.com/api/images/articulos/DISTRIBUCION/51351.jpg,,0,0,blanco,pendiente,
39812,ONDANSETRON 8 MG / 4 ML X 1 AMPOLLA,https://mav.farmaciasaas.com/api/images/articulos/DISTRIBUCION/53239.jpg,,0,0,blanco,pendiente,
39813,ONDANSETRON 8 MG / 4 ML X 5 AMPOLLAS,https://mav.farmaciasaas.com/api/images/articulos/DISTRIBUCION/52480.jpg,,0,0,blanco,pendiente,
39814,CRISPLUS ORLISTAT ELEA ZUOZ 120 MG X 30 CAPSULAS,https://pccentro.net.ve/img/s/7/9/3/8/1/79381-large_default.webp,,0,0,blanco,pendiente,
39815,OXCARBAZEPINA 300 MG X 30 TABLETAS RECUBIERTAS,https://mav.farmaciasaas.com/api/images/articulos/DISTRIBUCION/25662.jpg,,0,0,blanco,pendiente,
39816,OXOLAMINA 120 ML JARABE,https://mav.farmaciasaas.com/api/images/articulos/DISTRIBUCION/2771.jpg,,0,0,blanco,pendiente,
39817,PANTOPRAZOL 40 MG X 7 TABLETAS DE LIBERACION RETARDADA,https://mav.farmaciasaas.com/api/images/articulos/DISTRIBUCION/20517.jpg,,0,0,blanco,pendiente,
39818,PARACETAMOL PORTU 100 MG / 10 ML SOLUCION ORAL,https://mav.farmaciasaas.com/api/images/articulos/DISTRIBUCION/23735.jpg,,0,0,blanco,pendiente,
39819,PARACETAMOL 1 G / 100 ML SOLUCION PARA INFUSION,https://mav.farmaciasaas.com/api/images/articulos/DISTRIBUCION/21339.jpg,,0,0,blanco,pendiente,
39820,PAROXETINA 20 MG X 30 COMPRIMIDOS RECUBIERTAS,https://mav.farmaciasaas.com/api/images/articulos/DISTRIBUCION/25668.jpg,,0,0,blanco,pendiente,
39821,PREGABALINA 150 MG X 30 CAPSULAS,https://mav.farmaciasaas.com/api/images/articulos/DISTRIBUCION/52772.jpg,,0,0,blanco,pendiente,
39822,PENTOXIFILINA 400 MG X 30 COMPRIMIDOS RECUBIERTOS DE ACCION PROLONGADA,https://mav.farmaciasaas.com/api/images/articulos/DISTRIBUCION/21851.jpg,,0,0,blanco,pendiente,
39823,PIRACETAM 400 MG X 30 TABLETAS,https://mav.farmaciasaas.com/api/images/articulos/DISTRIBUCION/50807.jpg,,0,0,blanco,pendiente,
39824,PREDNISOLONA 3 MG / 60 ML SOLUCION ORAL,https://mav.farmaciasaas.com/api/images/articulos/DISTRIBUCION/53054.jpg,,0,0,blanco,pendiente,
39825,PREDNISOLONA 5 ML SOLUCION OFTALMICA,https://mav.farmaciasaas.com/api/images/articulos/DISTRIBUCION/29565.jpg,,0,0,blanco,pendiente,
39826,PREDNISOLONA 5 MG X 10 TABLETAS,https://mav.farmaciasaas.com/api/images/articulos/23776.jpg,,0,0,blanco,pendiente,
39827,PREDNISOLONA 5 MG X 30 TABLETAS,https://mav.farmaciasaas.com/api/images/articulos/DISTRIBUCION/21369.jpg,,0,0,blanco,pendiente,
39828,PREDNISONA 5 MG X 100 TABLETAS,https://mav.farmaciasaas.com/api/images/articulos/DISTRIBUCION/22275.jpg,,0,0,blanco,pendiente,
39829,PREGABALINA 75 MG X 30 CAPSULAS,https://mav.farmaciasaas.com/api/images/articulos/DISTRIBUCION/27604.jpg,,0,0,blanco,pendiente,
39830,PREVERAL DEXTRO REFORM 120 ML JARABE,https://mav.farmaciasaas.com/api/images/articulos/DISTRIBUCION/99589.jpg,,0,0,blanco,pendiente,
39831,PROPRANOLOL CLORH 40 MG X 20 TABLETAS,https://mav.farmaciasaas.com/api/images/articulos/DISTRIBUCION/50368.jpg,,0,0,blanco,pendiente,
39832,QUETIAPINA FARMAMED 100 MG X 10 TABLETAS,https://mav.farmaciasaas.com/api/images/articulos/DISTRIBUCION/50162.jpg,,0,0,blanco,pendiente,
39833,QUETIAPINA 100 MG X 30 TABLETAS RECUBIERTAS,https://mav.farmaciasaas.com/api/images/articulos/DISTRIBUCION/27607.jpg,,0,0,blanco,pendiente,
39834,QUETIAPINA 25 MG X 30 TABLETAS RECUBIERTAS,https://mav.farmaciasaas.com/api/images/articulos/DISTRIBUCION/27606.jpg,,0,0,blanco,pendiente,
39835,QUETIAPINA 300 MG X 30 COMPRIMIDOS,https://mav.farmaciasaas.com/api/images/articulos/DISTRIBUCION/51310.jpg,,0,0,blanco,pendiente,
39836,RANITIDINA 50 MG / 2 ML X 10 AMPOLLAS,https://mav.farmaciasaas.com/api/images/articulos/DISTRIBUCION/23534.jpg,,0,0,blanco,pendiente,
39837,RANITIDINA 150 MG X 10 COMPRIMIDOS RECUBIERTOS,https://mav.farmaciasaas.com/api/images/articulos/DISTRIBUCION/54366.jpg,,0,0,blanco,pendiente,
39838,RANITIDINA 300 MG X 10 TABLETAS,https://mav.farmaciasaas.com/api/images/articulos/DISTRIBUCION/54367.jpg,,0,0,blanco,pendiente,
39839,HIDROXICLOROQUINA 200 MG X 20 TABLETAS,https://mav.farmaciasaas.com/api/images/articulos/DISTRIBUCION/27621.jpg,,0,0,blanco,pendiente,
39840,RIVAROXABAN 15 MG X 30 TABLETAS RECUBIERTAS,https://mav.farmaciasaas.com/api/images/articulos/DISTRIBUCION/24319.jpg,,0,0,blanco,pendiente,
39841,RIVAROXABAN 20 MG X 10 TABLETAS RECUBIERTAS,https://mav.farmaciasaas.com/api/images/articulos/DISTRIBUCION/26738.jpg,,0,0,blanco,pendiente,
39842,RIVAROXABAN 20 MG X 14 TABLETAS RECUBIERTAS,https://mav.farmaciasaas.com/api/images/articulos/DISTRIBUCION/54217.jpg,,0,0,blanco,pendiente,
39843,ROSUVASTATINA 10 MG X 30 TABLETAS,https://mav.farmaciasaas.com/api/images/articulos/DISTRIBUCION/29584.jpg,,0,0,blanco,pendiente,
39844,ROSUVASTATINA 20 MG X 10 TABLETAS RECUBIERTAS,https://mav.farmaciasaas.com/api/images/articulos/DISTRIBUCION/24316.jpg,,0,0,blanco,pendiente,
39845,ROSUVASTATINA 20 MG X 30 TABLETAS RECUBIERTAS,https://mav.farmaciasaas.com/api/images/articulos/DISTRIBUCION/21364.jpg,,0,0,blanco,pendiente,
39846,ROSUVASTATINA 10 MG X 30 TABLETAS RECUBIERTAS,https://mav.farmaciasaas.com/api/images/articulos/DISTRIBUCION/29584.jpg,,0,0,blanco,pendiente,
39847,SERTRALINA 50 MG X 30 COMPRIMIDOS,https://mav.farmaciasaas.com/api/images/articulos/DISTRIBUCION/25669.jpg,,0,0,blanco,pendiente,
39848,SERTRALINA 50 MG X 56 TABLETAS,https://mav.farmaciasaas.com/api/images/articulos/DISTRIBUCION/53165.jpg,,0,0,blanco,pendiente,
39849,SERTRALINA 50 MG X 14 COMPRIMIDOS RECUBIERTOS,https://mav.farmaciasaas.com/api/images/articulos/DISTRIBUCION/22393.jpg,,0,0,blanco,pendiente,
39850,SERTRALINA 50 MG X 14 TABLETAS RECUBIERTAS,https://mav.farmaciasaas.com/api/images/articulos/DISTRIBUCION/22393.jpg,,0,0,blanco,pendiente,
39851,SUCRALFATO 1 G X 20 TABLETAS,https://mav.farmaciasaas.com/api/images/articulos/DISTRIBUCION/54219.jpg,,0,0,blanco,pendiente,
39852,SUCRALFATO 1 G X 10 TABLETAS,https://mav.farmaciasaas.com/api/images/articulos/DISTRIBUCION/25675.jpg,,0,0,blanco,pendiente,
39853,TACROLIMUS 0.03 % UNGUENTO,https://mav.farmaciasaas.com/api/images/articulos/DISTRIBUCION/50903.jpg,,0,0,blanco,pendiente,
39854,TAMSULOSINA HCL 0.4 MG CAPSULAS DE LIBERACION PROGRAMADA X 30 CAPSULAS,https://mav.farmaciasaas.com/api/images/articulos/DISTRIBUCION/24279.jpg,,0,0,blanco,pendiente,
39855,TAMSULOSINA TAMSUHEM 0.4 MG X 10 CAPSULAS,https://mav.farmaciasaas.com/api/images/articulos/DISTRIBUCION/53254.jpg,,0,0,blanco,pendiente,
39856,TAMSULOSINA CLORHIDRATO 0.4 MG X 30 CAPSULAS DE LIBERACION PROLONGADA,https://mav.farmaciasaas.com/api/images/articulos/DISTRIBUCION/24279.jpg,,0,0,blanco,pendiente,
39857,TEOFILINA 80 MG / 15 ML JARABE,https://mav.farmaciasaas.com/api/images/articulos/DISTRIBUCION/53266.jpg,,0,0,blanco,pendiente,
39858,TIMOLOL 0.5 % SOLUCION OFTALMICA,https://mav.farmaciasaas.com/api/images/articulos/DISTRIBUCION/22841.jpg,,0,0,blanco,pendiente,
39859,TIOCOLCHICOSIDO 4 MG / 2 ML X 1 AMPOLLA,https://mav.farmaciasaas.com/api/images/articulos/DISTRIBUCION/51472.jpg,,0,0,blanco,pendiente,
39860,TIOCOLCHICOSIDO 4 MG / 2 ML X 50 AMPOLLAS,https://mav.farmaciasaas.com/api/images/articulos/DISTRIBUCION/20404.jpg,,0,0,blanco,pendiente,
39861,TIOCOLCHICOSIDO IMP 4 MG / 2 ML X 2 INYECTABLE,https://mav.farmaciasaas.com/api/images/articulos/DISTRIBUCION/20405.jpg,,0,0,blanco,pendiente,
39862,TIZANIDINA 2 MG X 10 TABLETAS,https://mav.farmaciasaas.com/api/images/articulos/DISTRIBUCION/28534.jpg,,0,0,blanco,pendiente,
39863,TRIMEBUTINA MALEATO 200 MG X 10 TABLETAS,https://mav.farmaciasaas.com/api/images/articulos/DISTRIBUCION/25677.jpg,,0,0,blanco,pendiente,
39864,VALSARTAN 160 MG X 10 COMPRIMIDOS RECUBIERTOS,https://mav.farmaciasaas.com/api/images/articulos/DISTRIBUCION/21372.jpg,,0,0,blanco,pendiente,
39865,VALSARTAN 160 MG X 30 COMPRIMIDOS RECUBIERTOS,https://mav.farmaciasaas.com/api/images/articulos/DISTRIBUCION/52911.jpg,,0,0,blanco,pendiente,
39866,VALSARTAN HCT TABREC 80 MG X 30 TABLETAS,https://mav.farmaciasaas.com/api/images/articulos/DISTRIBUCION/22214.jpg,,0,0,blanco,pendiente,
39867,VALSARTAN 160 MG X 30 TABLETAS RECUBIERTAS,https://mav.farmaciasaas.com/api/images/articulos/DISTRIBUCION/52911.jpg,,0,0,blanco,pendiente,
39868,VILDAGLIPTINA 50 MG X 30 COMPRIMIDOS,https://mav.farmaciasaas.com/api/images/articulos/DISTRIBUCION/30332.jpg,,0,0,blanco,pendiente,
39869,BITEX COMPLEJO VITAMINA B1 B2 B6 B12 NATURALIFES X 30 TABLETAS,https://pccentro.net.ve/img/s/6/8/9/1/0/68910-large_default.webp,,0,0,blanco,pendiente,
39870,VITAMINA MANDARINA TIRA TABLETA MASTICABLE UNIDADES 500 MG X 10 TABLETAS,https://pccentro.net.ve/img/s/7/4/6/6/8/74668-large_default.webp,,0,0,blanco,pendiente,
39871,VORICONAZOL 200 MG INYECTABLE,https://mav.farmaciasaas.com/api/images/articulos/DISTRIBUCION/27731.jpg,,0,0,blanco,pendiente,
39872,ACETAMINOFEN 120 MG / 5 ML X 10 SOLUCION ORAL,https://mav.farmaciasaas.com/api/images/articulos/DISTRIBUCION/53087.jpg,,0,0,blanco,pendiente,
39873,AZITROMICINA 500 MG X 3 TABLETAS,https://mav.farmaciasaas.com/api/images/articulos/DISTRIBUCION/11009.jpg,,0,0,blanco,pendiente,
39874,BISOPROLOL FUMARATO 1.25 MG COMPRIMIDOS RECUBIERTOS,https://mav.farmaciasaas.com/api/images/articulos/DISTRIBUCION/97000.jpg,,0,0,blanco,pendiente,
39875,BISOPROLOL FUMARATO 5 MG COMPRIMIDOS RECUBIERTOS,https://mav.farmaciasaas.com/api/images/articulos/DISTRIBUCION/98668.jpg,,0,0,blanco,pendiente,
39876,BISOPROLOL HCT 2.5 MG X 15 COMPRIMIDOS,https://mav.farmaciasaas.com/api/images/articulos/DISTRIBUCION/20507.jpg,,0,0,blanco,pendiente,
39877,ZYRTEC DICLORHIDRATO CETIRIZINA GSK FARMA 1 MG / 1 ML SOLUCION ORAL,https://pccentro.net.ve/img/s/8/0/1/1/4/80114-large_default.webp,,0,0,blanco,pendiente,
39878,CLARITROMICINA 500 MG COMPRIMIDOS RECUBIERTOS,https://mav.farmaciasaas.com/api/images/articulos/DISTRIBUCION/20429.jpg,,0,0,blanco,pendiente,
39879,CLORURO MAGNES 25 G INYECTABLE,https://mav.farmaciasaas.com/api/images/articulos/DISTRIBUCION/17780.jpg,,0,0,blanco,pendiente,
39880,DICLOFENAC DIETILAMINO 1.16 % GEL,https://mav.farmaciasaas.com/api/images/articulos/DISTRIBUCION/51997.jpg,,0,0,blanco,pendiente,
39881,EMPAGLIFLOZINA 10 MG X 30 TABLETAS,https://mav.farmaciasaas.com/api/images/articulos/DISTRIBUCION/52002.jpg,,0,0,blanco,pendiente,
39882,MONTELUKAST 10 MG X 30 TABLETAS,https://mav.farmaciasaas.com/api/images/articulos/DISTRIBUCION/27584.jpg,,0,0,blanco,pendiente,
39883,HIDROCLOROTIAZIDA 12.5 MG COMPRIMIDOS,https://mav.farmaciasaas.com/api/images/articulos/DISTRIBUCION/53195.jpg,,0,0,blanco,pendiente,
39884,LOSARTAN POTASICO 100 MG COMPRIMIDOS RECUBIERTOS,https://mav.farmaciasaas.com/api/images/articulos/DISTRIBUCION/28528.jpg,,0,0,blanco,pendiente,
39885,MELOXICAM 15 MG COMPRIMIDOS,https://mav.farmaciasaas.com/api/images/articulos/DISTRIBUCION/28529.jpg,,0,0,blanco,pendiente,
39886,METFORMINA CLORHIDRATO 850 MG COMPRIMIDOS,https://mav.farmaciasaas.com/api/images/articulos/DISTRIBUCION/28530.jpg,,0,0,blanco,pendiente,
39887,ACETAMINOFEN 650 MG X 10 TABLETAS,https://mav.farmaciasaas.com/api/images/articulos/DISTRIBUCION/11552.jpg,,0,0,blanco,pendiente,
39888,MONTELUKAST 10 MG COMPRIMIDOS RECUBIERTOS,https://mav.farmaciasaas.com/api/images/articulos/DISTRIBUCION/18804.jpg,,0,0,blanco,pendiente,
39889,QUETIAPINA 100 MG COMPRIMIDOS RECUBIERTOS,https://mav.farmaciasaas.com/api/images/articulos/DISTRIBUCION/27607.jpg,,0,0,blanco,pendiente,
39890,QUETIAPINA 25 MG COMPRIMIDOS RECUBIERTOS,https://mav.farmaciasaas.com/api/images/articulos/DISTRIBUCION/27606.jpg,,0,0,blanco,pendiente,
39891,QUETIAPINA 25 MG COMPRIMIDOS,https://mav.farmaciasaas.com/api/images/articulos/DISTRIBUCION/27606.jpg,,0,0,blanco,pendiente,
39892,CYNT SIMVASTATINA 20 MG X 20 COMPRIMIDOS,https://pccentro.net.ve/img/s/7/8/3/5/3/78353-large_default.webp,,0,0,blanco,pendiente,
39893,SALBUTAMOL INH 100 MCG INHALACION,https://mav.farmaciasaas.com/api/images/articulos/DISTRIBUCION/20949.jpg,,0,0,blanco,pendiente,
39894,SALBUTAMOL INH 100 MCG LOCION,https://mav.farmaciasaas.com/api/images/articulos/DISTRIBUCION/20949.jpg,,0,0,blanco,pendiente,
39895,SERTRALINA 50 MG COMPRIMIDOS,https://mav.farmaciasaas.com/api/images/articulos/DISTRIBUCION/25669.jpg,,0,0,blanco,pendiente,
39896,SULTAMICILINA 750 MG COMPRIMIDOS RECUBIERTOS,https://mav.farmaciasaas.com/api/images/articulos/DISTRIBUCION/20939.jpg,,0,0,blanco,pendiente,
39897,ALBENDAZOL 200 MG TABLETAS RECUBIERTAS MASTICABLES,https://mav.farmaciasaas.com/api/images/articulos/DISTRIBUCION/1526.jpg,,0,0,blanco,pendiente,
39898,ANGIOFLUX 250LSU X 25 CAPSULAS,https://mav.farmaciasaas.com/api/images/articulos/DISTRIBUCION/52055.jpg,,0,0,blanco,pendiente,
39899,AZITROMICINA 500 MG X 3 TABLETA RECUBIERTA,https://mav.farmaciasaas.com/api/images/articulos/DISTRIBUCION/11009.jpg,,0,0,blanco,pendiente,
39900,BUDESONIDA 50 MCG / DOSIS SUSPENSION PARA INHALACION ORAL,https://mav.farmaciasaas.com/api/images/articulos/DISTRIBUCION/4804.jpg,,0,0,blanco,pendiente,
39901,HIOSCINA N-BUTILBROMURO 10 MG X 10 TABLETAS RECUBIERTAS,https://mav.farmaciasaas.com/api/images/articulos/DISTRIBUCION/23872.jpg,,0,0,blanco,pendiente,
39902,CLINDAMICINA 15 G GEL,https://mav.farmaciasaas.com/api/images/articulos/DISTRIBUCION/23694.jpg,,0,0,blanco,pendiente,
39903,CLORTALIDONA 12.5 MG X 30 TABLETAS,https://mav.farmaciasaas.com/api/images/articulos/DISTRIBUCION/50972.jpg,,0,0,blanco,pendiente,
39904,CLOTRIMAZOL VAG 20 G CREMA,https://mav.farmaciasaas.com/api/images/articulos/DISTRIBUCION/51265.jpg,,0,0,blanco,pendiente,
39905,DAPAGLIFLOZINA 10 MG X 30 COMPRIMIDOS,https://mav.farmaciasaas.com/api/images/articulos/DISTRIBUCION/53037.jpg,,0,0,blanco,pendiente,
39906,DICLOFENAC SODICO 50 G GEL,https://mav.farmaciasaas.com/api/images/articulos/DISTRIBUCION/24336.jpg,,0,0,blanco,pendiente,
39907,DYMAZOL CLOTRIMAZOL OVULOS VAGINAL 200 MG X 3 OVULOS,https://pccentro.net.ve/img/s/6/0/7/4/2/60742-large_default.webp,,0,0,blanco,pendiente,
39908,FLUCONAZOL 200 MG / 100 ML SOLUCION PARA INFUSION,https://mav.farmaciasaas.com/api/images/articulos/DISTRIBUCION/29940.jpg,,0,0,blanco,pendiente,
39909,GABAPENTINA 300 MG X 30 COMPRIMIDOS,https://mav.farmaciasaas.com/api/images/articulos/DISTRIBUCION/20432.jpg,,0,0,blanco,pendiente,
39910,GLUTAMINA VIT B12 X 60 INYECTABLE,https://mav.farmaciasaas.com/api/images/articulos/DISTRIBUCION/28485.jpg,,0,0,blanco,pendiente,
39911,HIDROCORTISONA SODICO 500 MG INYECTABLE,https://mav.farmaciasaas.com/api/images/articulos/DISTRIBUCION/23085.jpg,,0,0,blanco,pendiente,
39912,KETOPROFENO 2.5 % GEL,https://mav.farmaciasaas.com/api/images/articulos/DISTRIBUCION/52479.jpg,,0,0,blanco,pendiente,
39913,DALCITRIN MUPIROCINA UNGUENTO,https://pccentro.net.ve/img/s/5/3/2/6/2/53262-large_default.webp,,0,0,blanco,pendiente,
39914,OMEPRAZOL 40 MG X 1 INYECTABLE,https://mav.farmaciasaas.com/api/images/articulos/DISTRIBUCION/51351.jpg,,0,0,blanco,pendiente,
39915,PENTOXIFILINA 400 MG X 30 TABLETAS RECUBIERTAS DE LIBERACION PROLONGADA,https://mav.farmaciasaas.com/api/images/articulos/DISTRIBUCION/21851.jpg,,0,0,blanco,pendiente,
39916,RANITIDINA 150 MG / 10 ML X 10 SOLUCION ORAL,https://mav.farmaciasaas.com/api/images/articulos/DISTRIBUCION/53151.jpg,,0,0,blanco,pendiente,
39917,DIOSMINA HESPER 450 MG X 30 TABLETAS,https://mav.farmaciasaas.com/api/images/articulos/DISTRIBUCION/52910.jpg,,0,0,blanco,pendiente,
