id,sku,nombre_comercial,fuente,url_origen,url_nueva,foto_url_previa,resultado,error
37312,ME43707,ACETAMINOFEN 150 MG / 5 ML JARABE,farmadon,https://www.farmadon.com.ve/wp-content/uploads/2024/03/Acetaminofen-Jarabe-Pediatrico-Cereza-150Mg5Ml-X-90Ml-Laproff.jpg,https://fqeshthtycmzgyibiurq.supabase.co/storage/v1/object/public/crsnimages/catalogo/cb9839a1-a9a2-4457-8425-51fa835d9807.jpg,,aplicada,
37314,ME40084,ACETAMINOFEN 180 MG / 5 ML SOLUCION ORAL,farmago,https://www.farmago.com.ve/web/image/product.template/53361/image_1024,https://fqeshthtycmzgyibiurq.supabase.co/storage/v1/object/public/crsnimages/catalogo/6f146648-612b-4898-8ea8-787bec55eb0d.jpg,,aplicada,
37316,ME25466/2,ACETAMINOFEN 500 MG X 10 COMPRIMIDOS,farmatodo,https://lh3.googleusercontent.com/1NQ49g_WJuTKzwpKKkMqQ7kAUZZIu3foWKOJuosGEYjitjcf-WRG8lD81CHlvTARCmGsQxb1OZzMXwjHSoZUHDTopa9H-X2NAkRvTTDL4YbvnSw,https://fqeshthtycmzgyibiurq.supabase.co/storage/v1/object/public/crsnimages/catalogo/fc0bbadd-e8e0-4727-bfa1-9eaf706aa180.jpg,,aplicada,
37319,ME23275/2,ACETAMINOFEN 500 MG X 10 TABLETAS,farmatodo,https://lh3.googleusercontent.com/1NQ49g_WJuTKzwpKKkMqQ7kAUZZIu3foWKOJuosGEYjitjcf-WRG8lD81CHlvTARCmGsQxb1OZzMXwjHSoZUHDTopa9H-X2NAkRvTTDL4YbvnSw,https://fqeshthtycmzgyibiurq.supabase.co/storage/v1/object/public/crsnimages/catalogo/ab5c438b-a700-4e1a-8f3c-717161cfcd75.jpg,,aplicada,
37321,ME23275/4,ACETAMINOFEN 500 MG X 24 TABLETAS,farmatodo,https://product-images.farmatodo.com/_DmcGVWwXWvimm79C0yj_CkTzXCfqFjWtlYIGFU8uZcLZAmtkEMqtYtcCDUb1Hvc6sdKA5XHwhGNfpN-6HH89t-lJTcb8PeQOk1e3Et9hff2_JE,https://fqeshthtycmzgyibiurq.supabase.co/storage/v1/object/public/crsnimages/catalogo/2de4c409-a9c2-428d-9f04-137cab65767e.jpg,,aplicada,
37324,ME37095,ACETAMINOFEN 500 MG X 20 TABLETAS,farmatodo,https://product-images.farmatodo.com/E9v07LFcVkn4ZdHm9wZJzPXbvfzhrF4hyCTw3SPr9isulwtn9YIMvEO4c51IS6tzo4w195Acj7nOnYl4LfgQjRjiL5VZGGEJRz3Y5MlUZsWKQSdksw,https://fqeshthtycmzgyibiurq.supabase.co/storage/v1/object/public/crsnimages/catalogo/79078ff5-abc1-4f08-a070-445d477721ac.jpg,,aplicada,
37325,ME40713,ACETAMINOFEN - CLORFENIRAMINA 125 MG - 1 MG / 5 ML JARABE,farmago,https://www.farmago.com.ve/web/image/product.template/60478/image_1024,https://fqeshthtycmzgyibiurq.supabase.co/storage/v1/object/public/crsnimages/catalogo/9928e739-2b25-43b2-96da-0b6923a5251f.jpg,,aplicada,
37326,ME39115,ACETAMINOFEN - TRAMADOL 325 MG - 37.5 MG X 10 COMPRIMIDOS,farmago,https://www.farmago.com.ve/web/image/product.template/52738/image_1024,https://fqeshthtycmzgyibiurq.supabase.co/storage/v1/object/public/crsnimages/catalogo/a1f46db7-f5ad-4cb3-8a32-3e5f7936be9c.jpg,,aplicada,
37327,ME34148/3,ACETAZOLAMIDA 250 MG X 20 TABLETAS,farmadon,https://www.farmadon.com.ve/wp-content/uploads/2025/10/Acetazolamida-250Mg-X-20Tab.-Kmplus.png,https://fqeshthtycmzgyibiurq.supabase.co/storage/v1/object/public/crsnimages/catalogo/ff6fe373-62e2-47b7-83ee-d4f391ee97bb.jpg,,aplicada,
37328,ME34148/2,ACETAZOLAMIDA 250 MG X 10 TABLETAS,farmatodo,https://product-images.farmatodo.com/PGY22rPJlYFg1e8D7j8h77beJSLDj_TZc5ONDi6_k2wTL0SJCrhAZY0yL4GFxRB8ihRv7aKBWAPWA52F9Sdi0BETkIUw0PlUPE2iFNhhmy8RxfNC,https://fqeshthtycmzgyibiurq.supabase.co/storage/v1/object/public/crsnimages/catalogo/403cb47e-4c59-40d9-ac23-2287e3e35373.jpg,,aplicada,
37336,HO40581,ACICLOVIR 250 MG POLVO LIOFILIZADO PARA SOLUCION INYECTABLE PARA INFUSION INTRAVENOSA,farmadon,https://www.farmadon.com.ve/wp-content/uploads/2023/06/Aciclovir-Amp.-250Mg-I.V-Vitalis.jpg,https://fqeshthtycmzgyibiurq.supabase.co/storage/v1/object/public/crsnimages/catalogo/061985c7-ef03-4dbd-8ffe-6c40398eeb16.jpg,,aplicada,
37340,ME26178/2,ACICLOVIR 200 MG X 10 TABLETAS,farmadon,https://www.farmadon.com.ve/wp-content/uploads/2025/04/Aciclovir-200Mg-X-10-Tabletas-De-Dispensador-Drotafarma-new.png,https://fqeshthtycmzgyibiurq.supabase.co/storage/v1/object/public/crsnimages/catalogo/56a734ca-560e-4573-bd9a-76b26192e9f0.jpg,,aplicada,
37341,ME26178/4,ACICLOVIR 200 MG X 24 TABLETAS,farmatodo,https://product-images.farmatodo.com/iRwu1bB18ktuFcYcmrhy8e64sGdtdws9rr2b3SAvKs10NBZwI2H-235rMM1Yj1_5lQ3ROtVrkbFTXRXA3Zn6Lf3NCwmPOala2sMxDTR7FaAIElo,https://fqeshthtycmzgyibiurq.supabase.co/storage/v1/object/public/crsnimages/catalogo/89a9ec2f-4682-4111-bdf0-b99dad759303.jpg,,aplicada,
37346,ME34553/3,ACIDO ACETILSALICILICO 81 MG X 30 TABLETAS CON CUBIERTA ENTERICA,farmatodo,https://lh3.googleusercontent.com/qy3CMuQpvk0U_7BsbcyRX5fJf0IFBA8lKTPkqSppj0QgCMO6cgVfCgtL63WaqLoYt1sKHJTrpNzZpS7dXfsffZcQ_eqp7Ky-ZmeMsXNUAvch3Bk,https://fqeshthtycmzgyibiurq.supabase.co/storage/v1/object/public/crsnimages/catalogo/8f4fd3f6-f7d2-4345-b7fa-8843ca763e09.jpg,,aplicada,
37347,HO44464,ACIDO ASCORBICO 500 MG / 5 ML SOLUCION INYECTABLE,farmadon,https://www.farmadon.com.ve/wp-content/uploads/2026/06/Dosvit-Vitamina-C-Ampolla-1.png,https://fqeshthtycmzgyibiurq.supabase.co/storage/v1/object/public/crsnimages/catalogo/06e966e4-e4b3-411d-9883-3218260def6c.jpg,,aplicada,
37350,HO3187/3,ACIDO FOLICO 10 MG / ML X 10 AMPOLLAS,farmadon,https://www.farmadon.com.ve/wp-content/uploads/2022/11/Acido-Folico-Ampolla-10Mg-1Ml-I.M-I.V-Bioglass-1.jpg,https://fqeshthtycmzgyibiurq.supabase.co/storage/v1/object/public/crsnimages/catalogo/e238c0e4-c4a9-4312-8531-47074825eebc.jpg,,aplicada,
37352,HO3187/4,ACIDO FOLICO 10 MG / ML X 20 AMPOLLAS,farmadon,https://www.farmadon.com.ve/wp-content/uploads/2022/11/Acido-Folico-Ampolla-10Mg-1Ml-I.M-I.V-Bioglass-1.jpg,https://fqeshthtycmzgyibiurq.supabase.co/storage/v1/object/public/crsnimages/catalogo/8041f5e5-778e-4274-9c54-2afd0ba70152.jpg,,aplicada,
37356,ME4630/2,ACIDO FOLICO 10 MG X 10 COMPRIMIDOS,farmadon,https://www.farmadon.com.ve/wp-content/uploads/2021/10/Nonafol-Acido-Folico-10mg-x-10-Tabletas-–-Siegfried.jpg,https://fqeshthtycmzgyibiurq.supabase.co/storage/v1/object/public/crsnimages/catalogo/8bf4737d-c917-4ff5-931b-eea60d1841b4.jpg,,aplicada,
37366,ME38066,ACIDO IBANDRONICO 150 MG X 1 TABLETA RECUBIERTA,farmadon,https://www.farmadon.com.ve/wp-content/uploads/2024/10/Amarenfem-150Mg-X-1-Capsulas-Fc-Pharma-new.png,https://fqeshthtycmzgyibiurq.supabase.co/storage/v1/object/public/crsnimages/catalogo/067813d9-588c-4172-8b07-15da39b1dd41.jpg,,aplicada,
37367,ME44457,ACTUMIR DUO 12.5 MG-850 MG X 30 TABLETAS RECUBIERTAS,farmadon,https://www.farmadon.com.ve/wp-content/uploads/2026/08/Actumir-12.5Mg-850Mg-X-30Tab.-Farma-ll.png,https://fqeshthtycmzgyibiurq.supabase.co/storage/v1/object/public/crsnimages/catalogo/911344b3-c5c2-4d27-9fba-c16bde06934f.jpg,,aplicada,
37368,ME43334,ADAPALENO - CLINDAMICINA 0.1 % - 1 % GEL,farmatodo,https://lh3.googleusercontent.com/kyUf_r-A-DXECzFAo3uW-_OCaFNPFbnSwu_QCZ2IgsmhJyCQWvDnC4iXx9H5dMCJAKoYZw2y38CyNOxyGhetBM8rado1fqeKx0A,https://fqeshthtycmzgyibiurq.supabase.co/storage/v1/object/public/crsnimages/catalogo/ce9b333d-09ea-463a-a20a-35facf112b49.jpg,,aplicada,
37369,HO34745,ADRENALINA 1 MG / ML X 5 AMPOLLAS,farmadon,https://www.farmadon.com.ve/wp-content/uploads/2025/11/Adrenalina-Amp.-1Mg-1Ml-I.V.-I.M-Distrilab.png,https://fqeshthtycmzgyibiurq.supabase.co/storage/v1/object/public/crsnimages/catalogo/e7bc8f57-a032-43c1-8081-7c7c8b5cf804.jpg,,aplicada,
37381,ME43288,ALBENDAZOL 400 MG X 10 TABLETAS MASTICABLES,farmadon,https://www.farmadon.com.ve/wp-content/uploads/2025/07/Albendazol-Blis-400Mg-X-10Taletas-Fahd.png,https://fqeshthtycmzgyibiurq.supabase.co/storage/v1/object/public/crsnimages/catalogo/53646328-8edf-466b-b1ce-ed8cc95e8d04.jpg,,aplicada,
37382,ME27081,ALBENDAZOL 400 MG / 10 ML SUSPENSION,farmatodo,https://product-images.farmatodo.com/XFJfyZnpF4YzKJd8aZFUPyRtmbVfq6zSdtDrK-zGHrvxFKtCL_QmlidkW61PGJU4WYG8h5FZWksTqu8DXUlqzJWhtaIzL1KVau27hptO5sXVMXg,https://fqeshthtycmzgyibiurq.supabase.co/storage/v1/object/public/crsnimages/catalogo/07abde40-7ad3-44e5-94ed-b5871a6daf77.jpg,,aplicada,
37383,ME40605/2,ALBENDAZOL 200 MG X 2 COMPRIMIDOS,farmatodo,https://product-images.farmatodo.com/4F7GHguy95o5hLu2lhPCW91CvxFKNrEGTuNgBSg6XOQdr4Xvu19pKaerd24amfsSCU91FA8KLLkbzJaYNp1wZ8GShrvR_5ZJWdnw_9R6bjoZLWAq,https://fqeshthtycmzgyibiurq.supabase.co/storage/v1/object/public/crsnimages/catalogo/c22a689d-fbb5-4b5a-a0a8-faf548be2569.jpg,,aplicada,
37384,ME40605/3,ALBENDAZOL 200 MG X 6 COMPRIMIDOS,farmadon,https://www.farmadon.com.ve/wp-content/uploads/2026/02/Albendazol-200Mg-X-6Tab.-Calox.png,https://fqeshthtycmzgyibiurq.supabase.co/storage/v1/object/public/crsnimages/catalogo/55d8bf22-c564-41d9-987e-e9d9535546fd.jpg,,aplicada,
37391,ME32131,ALENDRONATO SODICO 70 MG X 4 COMPRIMIDOS,farmatodo,https://product-images.farmatodo.com/6xyS4mdWUFftd_xWd0nPJ_NIDTZMuIwWIb2-WgyyTKalHv4e0b9fPecIlvr3jAXsL06RpOda8Xsg3ZmKkOrXsR2SkdK-7xpMZDYqGKMCHU-3QB_q,https://fqeshthtycmzgyibiurq.supabase.co/storage/v1/object/public/crsnimages/catalogo/98d740a2-d80a-4ae8-b775-dc519ae128d8.jpg,,aplicada,
37414,ME28493,AMBROXOL CLORHIDRATO 30 MG / 5 ML JARABE,farmatodo,https://lh3.googleusercontent.com/DxAbBVX6tdR8CXhXykp33SldZMUi4M9lUQAtCa5429vYwT5R7fkVbc2udm3K3E0ZrAx5eRp-75PCc7QRSE8O1XEIgChAzUYjtnDo9kCcHjgG-0_abA,https://fqeshthtycmzgyibiurq.supabase.co/storage/v1/object/public/crsnimages/catalogo/e1ef080f-6a07-4d57-99bf-9aa68991739c.jpg,,aplicada,
37418,HO23247,AMIKACINA 500 MG / 2 ML X 1 AMPOLLA,farmatodo,https://product-images.farmatodo.com/KYlBjsDR0iWxJljBGliHPw3Lpp_AEmW3uaf9rILz2LwXD3SHB6D3ypTS-1sjZo1jiEbTQRpNvGhVPmez0jc-wQKWCBwspwilBbPUjcSmveCe-6i5,https://fqeshthtycmzgyibiurq.supabase.co/storage/v1/object/public/crsnimages/catalogo/82b87c92-2574-4597-9b59-2ef4ba7d2a08.jpg,,aplicada,
37419,HO24946,AMIKACINA 500 MG / 2 ML X 1 AMPOLLA,farmatodo,https://product-images.farmatodo.com/KYlBjsDR0iWxJljBGliHPw3Lpp_AEmW3uaf9rILz2LwXD3SHB6D3ypTS-1sjZo1jiEbTQRpNvGhVPmez0jc-wQKWCBwspwilBbPUjcSmveCe-6i5,https://fqeshthtycmzgyibiurq.supabase.co/storage/v1/object/public/crsnimages/catalogo/c61fa478-a78d-44ce-bbc9-8ded3aa0c10b.jpg,,aplicada,
37420,HO26424,AMIKACINA 100 MG / 2 ML X 10 AMPOLLAS,farmadon,https://www.farmadon.com.ve/wp-content/uploads/2021/10/Amikacina-Ampolla-100mg-2ml-I.M-I.V-Biosano.jpg,https://fqeshthtycmzgyibiurq.supabase.co/storage/v1/object/public/crsnimages/catalogo/ee3d84bd-b0e7-4793-a2be-9f61e9dfb946.jpg,,aplicada,
37425,ME30206/2,AMLODIPINA 10 MG X 10 COMPRIMIDOS,farmadon,https://www.farmadon.com.ve/wp-content/uploads/2021/10/Dilotex-10mg-x-10-Comprimidos-Dollder.jpg,https://fqeshthtycmzgyibiurq.supabase.co/storage/v1/object/public/crsnimages/catalogo/4e836500-3dbc-4ccf-b2f8-a4250bb3a7a9.jpg,,aplicada,
37429,ME39126/2,AMLODIPINA 10 MG X 20 TABLETAS,farmadon,https://www.farmadon.com.ve/wp-content/uploads/2021/03/Amlodipina-10mg-x-20-Tabletas-Kimiceg.jpg,https://fqeshthtycmzgyibiurq.supabase.co/storage/v1/object/public/crsnimages/catalogo/13e1f41a-b176-45ad-8645-d334c7b3da3f.jpg,,aplicada,
37433,ME31230,AMLODIPINA 5 MG X 30 TABLETAS,farmatodo,https://lh3.googleusercontent.com/2TVepj7rnvGEU3RbcmOXk3L7SWeC2slYAkw_Buav6nyF5GaNqY3lkFG3LgVOChoeVQhh0tIGTo_RZtRvn1YSncdABGsZckU58jM,https://fqeshthtycmzgyibiurq.supabase.co/storage/v1/object/public/crsnimages/catalogo/3ca74d10-cbd6-4e12-bfda-e2bfa4e75032.jpg,,aplicada,
37438,ME43040,AMOXICILINA 500 MG X 10 CAPSULAS,farmatodo,https://lh3.googleusercontent.com/QtkgNBWxxoaKHwlJsyWmSjnr-ZgEy2MBdQxF2YdzqDu2zBWbEPhiJM0Vz3UvH3sCfYALpmUofoGGmrabPE8ZP2k6xe8fJGIaqIMJ-y__ywBoq4o,https://fqeshthtycmzgyibiurq.supabase.co/storage/v1/object/public/crsnimages/catalogo/05a3b40d-c63e-4ffe-a665-a7eff86b8423.jpg,,aplicada,
37440,ME20340/3,AMOXICILINA 500 MG X 10 CAPSULAS,farmatodo,https://lh3.googleusercontent.com/QtkgNBWxxoaKHwlJsyWmSjnr-ZgEy2MBdQxF2YdzqDu2zBWbEPhiJM0Vz3UvH3sCfYALpmUofoGGmrabPE8ZP2k6xe8fJGIaqIMJ-y__ywBoq4o,https://fqeshthtycmzgyibiurq.supabase.co/storage/v1/object/public/crsnimages/catalogo/bf695337-4f83-4db5-b702-7f1dfcbce0b6.jpg,,aplicada,
37441,ME20340/4,AMOXICILINA 500 MG X 12 CAPSULAS,farmadon,https://www.farmadon.com.ve/wp-content/uploads/2024/10/Amoxicilina-500Mg-X-12Caps.-Calox.png,https://fqeshthtycmzgyibiurq.supabase.co/storage/v1/object/public/crsnimages/catalogo/82925110-e94a-4a8d-bc24-f57ec563590e.jpg,,aplicada,
37442,ME20340/2,AMOXICILINA 500 MG X 6 CAPSULAS,farmadon,https://www.farmadon.com.ve/wp-content/uploads/2021/10/Amoxicilina-500mg-x-6-Capsulas-–-La-Sante.jpg,https://fqeshthtycmzgyibiurq.supabase.co/storage/v1/object/public/crsnimages/catalogo/e1122c9b-fad2-4afd-9cc8-5aa7b65b4b2f.jpg,,aplicada,
37463,ME42609,ANASTROZOL 1 MG X 30 TABLETAS RECUBIERTAS,farmatodo,https://product-images.farmatodo.com/oUoP-qCs9z21_zzfafdwh5GL_KCbmwul_KxOF_1Py7s9uDkiWKMF-N0DFl0OTpxakqrvvQTDDYGzP88E4vc9vuBbMWxUHYiAewjdiQDkZPg7n2E,https://fqeshthtycmzgyibiurq.supabase.co/storage/v1/object/public/crsnimages/catalogo/8fb56769-ab32-4808-842f-fb93f1986f15.jpg,,aplicada,
37480,ME44489,APITENA 2.5 MG X 30 COMPRIMIDOS RECUBIERTOS,farmatodo,https://product-images.farmatodo.com/OBZAgWmEfygSmY6N9ea-3gb4bt__Ryoex5ZwHHTE8IPZ9Imbg25BzIo-MCBrtv5t6qelmTAfto5br0s26CjydN1cvWVT4S3x2Rdy_C87blw_XOSN,https://fqeshthtycmzgyibiurq.supabase.co/storage/v1/object/public/crsnimages/catalogo/d4e26c71-352e-4a24-8581-bbd7505e8761.jpg,,aplicada,
37512,ME25816,ATENOLOL 100 MG X 30 TABLETAS,farmadon,https://www.farmadon.com.ve/wp-content/uploads/2025/06/Atenolol-100Mg-X-30Comp.-Genven.png,https://fqeshthtycmzgyibiurq.supabase.co/storage/v1/object/public/crsnimages/catalogo/08ccbf35-f625-4d97-8bd2-3a853c403ad2.jpg,,aplicada,
37513,ME25817,ATENOLOL 50 MG X 30 TABLETAS,farmadon,https://www.farmadon.com.ve/wp-content/uploads/2024/04/Atenolol-50Mg-X-30-Comprimidos-Genven.jpg,https://fqeshthtycmzgyibiurq.supabase.co/storage/v1/object/public/crsnimages/catalogo/b6c79946-dceb-446c-94f7-1560e07dbe70.jpg,,aplicada,
37514,ME25982,ATENOLOL 50 MG X 30 COMPRIMIDOS,farmadon,https://www.farmadon.com.ve/wp-content/uploads/2024/04/Atenolol-50Mg-X-30-Comprimidos-Genven.jpg,https://fqeshthtycmzgyibiurq.supabase.co/storage/v1/object/public/crsnimages/catalogo/5869e9e9-5f3c-4ae4-84b3-84a5e4febf2e.jpg,,aplicada,
37518,ME32690/3,ATORVASTATINA 20 MG X 14 COMPRIMIDOS RECUBIERTOS,farmadon,https://www.farmadon.com.ve/wp-content/uploads/2023/06/Atorvastatina-20Mg-X-14-Comprimidos-Spefar-new.png,https://fqeshthtycmzgyibiurq.supabase.co/storage/v1/object/public/crsnimages/catalogo/2687d1ba-2f52-49d7-9fcb-bdb67479f2f5.jpg,,aplicada,
37522,ME37775,ATORVASTATINA 20 MG X 30 TABLETAS RECUBIERTAS,farmatodo,https://product-images.farmatodo.com/ApO4U-j4dGb39Az402BfTN87IAPD-QDL9XFzXy6MY_qtIkvAmWf9bN5BoWuDhVPeABBiPUCOqbxw9YXYTnNuvAayKuIYZWD93Oc,https://fqeshthtycmzgyibiurq.supabase.co/storage/v1/object/public/crsnimages/catalogo/8bd34ab9-d649-4cde-b42f-3268b97fbdd0.jpg,,aplicada,
37523,ME35340/3,ATORVASTATINA 40 MG X 30 TABLETAS RECUBIERTAS,farmatodo,https://product-images.farmatodo.com/koi1c1e_iaPa0ziW0nhu-OtRhZh4t77oxcqBMEbPev9efnSEuRqLqYWGmxjKnOJLs9YrHKMhBBTq_dYM5Rh0z47_qjgpaa5M530,https://fqeshthtycmzgyibiurq.supabase.co/storage/v1/object/public/crsnimages/catalogo/a3c8d0d1-d06c-4e07-8d59-cc73b23d6743.jpg,,aplicada,
37524,ME35340/2,ATORVASTATINA 40 MG X 14 TABLETAS RECUBIERTAS,farmadon,https://www.farmadon.com.ve/wp-content/uploads/2021/10/Atovarol-Atorvastatina-40mg-x-14-Capsulas-Blandas-Vivax-new.png,https://fqeshthtycmzgyibiurq.supabase.co/storage/v1/object/public/crsnimages/catalogo/4e4ce7eb-fb71-483e-ac92-4a9916c747df.jpg,,aplicada,
37544,ME31564/3,AZITROMICINA 500 MG X 5 COMPRIMIDOS RECUBIERTOS,farmadon,https://www.farmadon.com.ve/wp-content/uploads/2026/06/Azitromicina-500Mg-X-5-Tab.Distrilab-ln.png,https://fqeshthtycmzgyibiurq.supabase.co/storage/v1/object/public/crsnimages/catalogo/1e4affba-5b98-4618-9cb4-fa1b1309bd9e.jpg,,aplicada,
37545,ME31564/2,AZITROMICINA 500 MG X 3 COMPRIMIDOS RECUBIERTOS,farmatodo,https://product-images.farmatodo.com/cUVcDkRde1UVEyZWrCFNIYPIHEI817sqC_4yqkXTmrUZiWhm2NADfsfh_Oyo1t6zrQXJlUc4zrscNz5MfDVs6NYELxCuJFZ5RwY6bw3gtt62FlQy,https://fqeshthtycmzgyibiurq.supabase.co/storage/v1/object/public/crsnimages/catalogo/36197881-c10b-4f7d-a640-867ca10e5118.jpg,,aplicada,
37546,ME42509,AZITROMICINA 200 MG / 5 ML SUSPENSION ORAL,farmatodo,https://lh3.googleusercontent.com/se8d7w_KjJrqilYNdmw33g2mE_fb7EQxBT3GFpRXQJv5jixK4Ovu8YDTpHVLm3i9DSSmmFFLZuOigGEhHiy8wIYB5vqwWek3Aug0rt1h5WjJhYgj,https://fqeshthtycmzgyibiurq.supabase.co/storage/v1/object/public/crsnimages/catalogo/343db52c-e3b3-40d6-81fe-8f4938f02f2d.jpg,,aplicada,
37547,ME42465,AZITROMICINA 500 MG X 5 TABLETAS RECUBIERTAS,farmatodo,https://lh3.googleusercontent.com/_V9OvsMi9b-cnW-hSv1bek02PUjx1owbyJ93vqNgPw8ADm47ZjHsDDGJtDHna-aUYQRoAHSuK1atBwjMHvrdcXswDekg-LbFv0k,https://fqeshthtycmzgyibiurq.supabase.co/storage/v1/object/public/crsnimages/catalogo/8b9355b8-ba35-4442-9c4a-f1cd30927ff6.jpg,,aplicada,
37550,ME20140,BACITRACINA 500 UI - G UNGUENTO,farmadon,https://www.farmadon.com.ve/wp-content/uploads/2021/10/Bacitracina-500Ui-Unguento-x-15gr-Kimiceg-1.jpg,https://fqeshthtycmzgyibiurq.supabase.co/storage/v1/object/public/crsnimages/catalogo/868f6596-8061-4bba-b815-4fabdc3c0cbc.jpg,,aplicada,
37570,ME16115,BETAGEN SOLSPEN X 1 AMPOLLA,farmadon,https://www.farmadon.com.ve/wp-content/uploads/2021/09/Betagen-Solspen-Betametasona-Ampolla-4mg-1ml-Biotech.png,https://fqeshthtycmzgyibiurq.supabase.co/storage/v1/object/public/crsnimages/catalogo/9e3407e1-7373-4a7d-a2a1-6e9ba9894d96.jpg,,aplicada,
37573,HO36271/2,BETAMETASONA 4 MG / ML X 1 AMPOLLA,farmatodo,https://product-images.farmatodo.com/sOOmpVCyEGTizDzbGa5Fe5lxWAk2c-xRRmuMOysWKS0NVGl7hXfc-smIqFAkwhHqUZiA32DBhw8zFI1o8dmo4QaURvVXsG3jHQny5E1A0_XcifSx,https://fqeshthtycmzgyibiurq.supabase.co/storage/v1/object/public/crsnimages/catalogo/66908d57-dcc1-4823-a8f6-ac6cbfa1b095.jpg,,aplicada,
37574,HO36271/3,BETAMETASONA 4 MG / ML X 10 AMPOLLAS,farmadon,https://www.farmadon.com.ve/wp-content/uploads/2022/01/Betametasona-Ampolla-4mg1ml-I.MI_.V-–-Vitalis-new.png,https://fqeshthtycmzgyibiurq.supabase.co/storage/v1/object/public/crsnimages/catalogo/2be2b0b6-0dc7-4529-a8f9-a2800bcb781d.jpg,,aplicada,
37587,ME43626,BISACODILO 5 MG X 10 TABLETAS GASTRORRESISTENTES,farmatodo,https://product-images.farmatodo.com/ldAa0IRrw7bEAcLpOAgnkvgyeFE0eQRi0oBiNHuTiDQj0SoRXlH_QFQ7HvoZELnn11h-rApjWNRtFQLpEl-L8-ZoTidcpqYhXWdAn1dFfY9xU5M,https://fqeshthtycmzgyibiurq.supabase.co/storage/v1/object/public/crsnimages/catalogo/e02c3187-1177-4ac0-9126-30a8771c4a45.jpg,,aplicada,
37592,ME42421,BISOPROLOL FUMARATO 10 MG X 30 COMPRIMIDOS RECUBIERTOS,farmago,https://www.farmago.com.ve/web/image/product.template/53857/image_1024,https://fqeshthtycmzgyibiurq.supabase.co/storage/v1/object/public/crsnimages/catalogo/ad1d6e19-e1a6-47f0-9cee-6a3d26c0452e.jpg,,aplicada,
37594,ME44328,BISOPROLOL FUMARATO 5 MG X 30 TABLETAS RECUBIERTAS,farmatodo,https://lh3.googleusercontent.com/_TrdZXNs-6hb08O7Amlg01y5s6aeVCoRzISZFKKvhWD567ZyY7NJdmKGtWGJiyDRWkWw6BCBeGhyTPb80g8reo9f1-LveOF53SsBOMfZwszXeUDnug,https://fqeshthtycmzgyibiurq.supabase.co/storage/v1/object/public/crsnimages/catalogo/bb66426c-4402-4fc0-bfe6-e655207a4ec8.jpg,,aplicada,
37614,ME26069,CLORHIDRATO DE BROMEXINA 8 MG / 5 ML JARABE.,farmago,https://www.farmago.com.ve/web/image/product.template/54020/image_1024,https://fqeshthtycmzgyibiurq.supabase.co/storage/v1/object/public/crsnimages/catalogo/1a0c3c6f-ea2c-4ca0-b5bb-2fb9a062f771.jpg,,aplicada,
37632,HO43908,BUPIVACAINA 50 MG / 10 ML SOLUCION INYECTABLE,farmadon,https://www.farmadon.com.ve/wp-content/uploads/2021/10/Bupivacaina-Ampolla-50mg10ml-Biosano.jpg,https://fqeshthtycmzgyibiurq.supabase.co/storage/v1/object/public/crsnimages/catalogo/c43e12dd-be5a-4793-9fa4-290bee456543.jpg,,aplicada,
37665,ME40335,CANFIR 500 MG X 30 COMPRIMIDOS RECUBIERTOS DE LIBERACION PROLONGADA,farmadon,https://www.farmadon.com.ve/wp-content/uploads/2021/10/Canfir-L.P.-Metformina-500mg-x-30-Comprimidos-Leti.jpg,https://fqeshthtycmzgyibiurq.supabase.co/storage/v1/object/public/crsnimages/catalogo/c5680a2a-2a85-43c5-95df-9ef54cf70a87.jpg,,aplicada,
37668,MI1290,OXIGENO MEDICINAL,farmadon,https://www.farmadon.com.ve/wp-content/uploads/2025/07/Regulador-De-Oxigeno-Medicinal-Con-Flujometro-Y-Vaso-Bialy.png,https://fqeshthtycmzgyibiurq.supabase.co/storage/v1/object/public/crsnimages/catalogo/fa8d8216-6e73-4743-ad2a-e143536b419d.jpg,,aplicada,
37670,ME25978/2,CAPTOPRIL 25 MG X 20 COMPRIMIDOS,farmadon,https://www.farmadon.com.ve/wp-content/uploads/2021/10/Captopril-25mg-x-20-Tabletas-Kimiceg-1.jpg,https://fqeshthtycmzgyibiurq.supabase.co/storage/v1/object/public/crsnimages/catalogo/56c74239-3702-4ef4-b95c-2b3b7f4a0e86.jpg,,aplicada,
37671,ME25738/2,CAPTOPRIL 25 MG X 20 TABLETAS,farmadon,https://www.farmadon.com.ve/wp-content/uploads/2021/10/Captopril-25mg-x-20-Tabletas-Kimiceg-1.jpg,https://fqeshthtycmzgyibiurq.supabase.co/storage/v1/object/public/crsnimages/catalogo/d83e87eb-9563-407a-9d97-093cb40bcbda.jpg,,aplicada,
37676,ME24815/2,CARBAMAZEPINA 200 MG X 10 COMPRIMIDOS,farmadon,https://www.farmadon.com.ve/wp-content/uploads/2025/04/Carbamazepina-200Mg-X-10-Tabletas-De-Dispensador-Drotafarma.png,https://fqeshthtycmzgyibiurq.supabase.co/storage/v1/object/public/crsnimages/catalogo/e2f21b24-1139-44a7-9a7d-8558a8f72af1.jpg,,aplicada,
37677,ME24815/3,CARBAMAZEPINA 200 MG X 20 COMPRIMIDOS,farmadon,https://www.farmadon.com.ve/wp-content/uploads/2024/11/Gabox-200-mg_Hero-1000x1000-1.jpeg,https://fqeshthtycmzgyibiurq.supabase.co/storage/v1/object/public/crsnimages/catalogo/0e437ae5-f855-4a9a-aeb8-4bdef31a9c8d.jpg,,aplicada,
37678,ME28957,CARBAMAZEPINA 200 MG X 30 TABLETAS,farmatodo,https://product-images.farmatodo.com/-mXxajquv84wl0GuUFh0Rbg74s38735-18PHShA42mBt0Rb2GDk13RDvsQM67nBc5zP1KD01mrXLh3Ej8MrcWEAGJLN0BEtIIzlRecgL-239_AMb,https://fqeshthtycmzgyibiurq.supabase.co/storage/v1/object/public/crsnimages/catalogo/c7a22781-291d-42bd-aba3-cbb6ed9497e6.jpg,,aplicada,
37679,ME43783,CARBAMAZEPINA 200 MG X 30 TABLETAS,farmatodo,https://product-images.farmatodo.com/-mXxajquv84wl0GuUFh0Rbg74s38735-18PHShA42mBt0Rb2GDk13RDvsQM67nBc5zP1KD01mrXLh3Ej8MrcWEAGJLN0BEtIIzlRecgL-239_AMb,https://fqeshthtycmzgyibiurq.supabase.co/storage/v1/object/public/crsnimages/catalogo/18e09f9c-6e62-4dc2-890a-6d2ee660aa31.jpg,,aplicada,
37680,ME43998,CARBAMAZEPINA 400 MG X 30 TABLETAS,farmatodo,https://lh3.googleusercontent.com/BFBw3-feSLvqn3TxIh00rK1cxgI1XiIIXFbhQAaSUv8v8IbwV1WFBVPkZkxhs1UZbmhjfzipp04JYnmD7VRfiT0JgMkJN_y-3MU,https://fqeshthtycmzgyibiurq.supabase.co/storage/v1/object/public/crsnimages/catalogo/c1badab8-534f-4061-82f2-a15d9baf8e00.jpg,,aplicada,
37682,ME33422/2,CARBATIL 12.5 MG X 10 TABLETAS,farmadon,https://www.farmadon.com.ve/wp-content/uploads/2024/10/Biotech_Carvedilol_Carbatil_Tabletas_125mg.png,https://fqeshthtycmzgyibiurq.supabase.co/storage/v1/object/public/crsnimages/catalogo/80733157-04e8-47a0-b4a2-81dfed7ce044.jpg,,aplicada,
37685,ME1642,CARBONATO DE LITIO 300 MG X 20 CAPSULAS,farmadon,https://www.farmadon.com.ve/wp-content/uploads/2025/05/Biotech_CarbonatodeLitio_Capsulas_300mg.png,https://fqeshthtycmzgyibiurq.supabase.co/storage/v1/object/public/crsnimages/catalogo/23c52f6b-6d9c-4f05-86f0-fdff000268cc.jpg,,aplicada,
37704,ME30368,CEFADROXILO 500 MG X 10 CAPSULAS,farmatodo,https://product-images.farmatodo.com/i7mBXG_vGDUip0R1KmvJ5LTIhX08xAmN0C9H2w7byBlUtEXdhf2QyW7nsVTLLdV1c0NdxWqBZ4Jv_7fAkORBf7XxiW21P1Z-Bg_sDbAvHGeMWG3U,https://fqeshthtycmzgyibiurq.supabase.co/storage/v1/object/public/crsnimages/catalogo/62cc8a51-11a1-4248-a306-b70ea7e52750.jpg,,aplicada,
37705,ME27532,CEFADROXILO 500 MG X 10 CAPSULAS,farmatodo,https://product-images.farmatodo.com/i7mBXG_vGDUip0R1KmvJ5LTIhX08xAmN0C9H2w7byBlUtEXdhf2QyW7nsVTLLdV1c0NdxWqBZ4Jv_7fAkORBf7XxiW21P1Z-Bg_sDbAvHGeMWG3U,https://fqeshthtycmzgyibiurq.supabase.co/storage/v1/object/public/crsnimages/catalogo/7ee73632-234a-4323-b776-24224549c975.jpg,,aplicada,
37708,ME42857,CEFADROXILO 500 MG X 10 TABLETAS,farmatodo,https://product-images.farmatodo.com/i7mBXG_vGDUip0R1KmvJ5LTIhX08xAmN0C9H2w7byBlUtEXdhf2QyW7nsVTLLdV1c0NdxWqBZ4Jv_7fAkORBf7XxiW21P1Z-Bg_sDbAvHGeMWG3U,https://fqeshthtycmzgyibiurq.supabase.co/storage/v1/object/public/crsnimages/catalogo/296fe944-049e-41e5-91a0-d015a5010895.jpg,,aplicada,
37711,HO44435,CEFAZOLINA 1 G X 10 AMPOLLAS,farmadon,https://www.farmadon.com.ve/wp-content/uploads/2026/07/Cefazolina-Amp.-1Gr-I.M-I.V.Distrilab-RR.png,https://fqeshthtycmzgyibiurq.supabase.co/storage/v1/object/public/crsnimages/catalogo/0b33cda1-b602-48db-8cbe-bac80b952dbb.jpg,,aplicada,
37714,ME44329,CEFIXIMA 400 MG X 5 TABLETAS RECUBIERTAS,farmadon,https://www.farmadon.com.ve/wp-content/uploads/2024/03/Cefixima-400Mg-X-5-Capsulas-Genven.jpg,https://fqeshthtycmzgyibiurq.supabase.co/storage/v1/object/public/crsnimages/catalogo/351d43ec-c85f-4e58-945f-0a99c4a09b58.jpg,,aplicada,
37715,ME44129,CEFIXIMA 400 MG X 10 TABLETAS DISPERSABLES,farmadon,https://www.farmadon.com.ve/wp-content/uploads/2023/06/Cefixima-400Mg-X-10-Tabletas-Dac55.jpg,https://fqeshthtycmzgyibiurq.supabase.co/storage/v1/object/public/crsnimages/catalogo/80a36a07-6f70-49b5-a631-b14e75ff263e.jpg,,aplicada,
37718,ME43917,CEFOTAS 500 MG X 20 CAPSULAS,farmadon,https://www.farmadon.com.ve/wp-content/uploads/2026/03/Cefotas-500Mg-X-20Caps.Megalabs.png,https://fqeshthtycmzgyibiurq.supabase.co/storage/v1/object/public/crsnimages/catalogo/5b7a0478-7906-457e-8127-c2e49c02c105.jpg,,aplicada,
37719,HO33864,CEFTRIAXONA 1 G X 1 AMPOLLA,farmatodo,https://product-images.farmatodo.com/mouzv8lNo4NpPBzdvxYpp86KrD5s5GmsCjpAtp1OKnJ-DZt5v14irADC3uQ7G3vUcBWjXm07Yps3flQj6_JMdwkKRl1rqFoDD68,https://fqeshthtycmzgyibiurq.supabase.co/storage/v1/object/public/crsnimages/catalogo/a2aa0d19-78f4-4381-8375-db64b751f1e3.jpg,,aplicada,
37720,HO29420,CEFTRIAXONA 1 G POLVO PARA SOLUCION INYECTABLE,farmatodo,https://product-images.farmatodo.com/mouzv8lNo4NpPBzdvxYpp86KrD5s5GmsCjpAtp1OKnJ-DZt5v14irADC3uQ7G3vUcBWjXm07Yps3flQj6_JMdwkKRl1rqFoDD68,https://fqeshthtycmzgyibiurq.supabase.co/storage/v1/object/public/crsnimages/catalogo/7dc5e187-e8f6-44ff-b8ba-d2ed6ee45ebf.jpg,,aplicada,
37722,ME41586,CELECOXIB 200 MG X 10 CAPSULAS,farmatodo,https://product-images.farmatodo.com/hINGCFDMbGJ66TgTztHdZKLqWTyegwfIZG2Dw_yUBnp2nJ4vuZRgpNoEzxShU8H6j1mwVxcna0coCdq9KBc2Pul7QeY2Y0k-3xst,https://fqeshthtycmzgyibiurq.supabase.co/storage/v1/object/public/crsnimages/catalogo/cca19e3f-d8f8-4e92-a6d8-175bfc6f547f.jpg,,aplicada,
37730,ME44603,CETIRIZINA 5 MG / 5 ML SOLUCION ORAL,farmago,https://www.farmago.com.ve/web/image/product.template/54456/image_1024,https://fqeshthtycmzgyibiurq.supabase.co/storage/v1/object/public/crsnimages/catalogo/aff507e9-9b6c-4ef6-bf61-0887ca5f7240.jpg,,aplicada,
37734,ME33334/2,VITAMINA C 500 MG X 15 TABLETAS MASTICABLES SABOR A PINA,farmadon,https://www.farmadon.com.ve/wp-content/uploads/2021/10/Cevax-Vitamina-C-500mg-x-15-Capsulas-Vivax.png,https://fqeshthtycmzgyibiurq.supabase.co/storage/v1/object/public/crsnimages/catalogo/927e9408-11c5-45c6-b6f1-4e8648595c93.jpg,,aplicada,
37735,ME33334/3,VITAMINA C 500 MG X 30 TABLETAS MASTICABLES SABOR A PINA,farmadon,https://www.farmadon.com.ve/wp-content/uploads/2024/03/vitadyn.png,https://fqeshthtycmzgyibiurq.supabase.co/storage/v1/object/public/crsnimages/catalogo/914bff80-2816-4569-9bcb-36ff5be58b4e.jpg,,aplicada,
37744,ME43391,CILOSTAZOL 50 MG X 30 TABLETAS RECUBIERTAS,farmatodo,https://product-images.farmatodo.com/OANLskJ33PgQuQYiZYXChLuza9Syyv5Z4IXP--b75BGpAQK3a-O2I_mGrjqBkFwwGSC8HJc1A_6JavWfvpBz1btnIc5CwRHk2k-Zs3LEaYzQfQVt_g,https://fqeshthtycmzgyibiurq.supabase.co/storage/v1/object/public/crsnimages/catalogo/151f9703-27de-493a-b79f-7335f7d84042.jpg,,aplicada,
37745,ME42967,CILOSTAZOL 100 MG X 30 TABLETAS,farmatodo,https://product-images.farmatodo.com/Iz4uNiwRjE33siNyRYxxhx61OCBqHaEVbAFRFa_gM6SyBH-24oTmT93Vwh680HDfheRxHaf6SN0ekKF5ncMaJPYNwL7ndrNydqmEtRbj5adyow8W,https://fqeshthtycmzgyibiurq.supabase.co/storage/v1/object/public/crsnimages/catalogo/59ff459d-3c31-4688-a951-cd2c6a2fc44a.jpg,,aplicada,
37751,ME28283/3,CIPROFLOXACINA 500 MG X 14 TABLETAS RECUBIERTAS,farmadon,https://www.farmadon.com.ve/wp-content/uploads/2025/04/Ciprofloxacina-500Mg-X-14Comp.-Genven.png,https://fqeshthtycmzgyibiurq.supabase.co/storage/v1/object/public/crsnimages/catalogo/9acf97be-9d2e-476e-8bf7-f42c314cadee.jpg,,aplicada,
37752,ME28283/2,CIPROFLOXACINA 500 MG X 6 TABLETAS RECUBIERTAS,farmadon,https://www.farmadon.com.ve/wp-content/uploads/2022/07/Ciprofloxacina-500Mg-X-6-Tabletas-Kimiceg-1.jpg,https://fqeshthtycmzgyibiurq.supabase.co/storage/v1/object/public/crsnimages/catalogo/8a8d4d10-f6a9-4325-878b-c7d888298490.jpg,,aplicada,
37753,HO44719,CIPROFLOXACINA 200 MG / 100 ML SOLUCION INYECTABLE,farmadon,https://www.farmadon.com.ve/wp-content/uploads/2025/07/Ciprofloxacina-Amp.-200Mg-100Ml-I.V-Alfa.png,https://fqeshthtycmzgyibiurq.supabase.co/storage/v1/object/public/crsnimages/catalogo/ce097d89-7e2e-47f3-aaf5-de9d5870f2f0.jpg,,aplicada,
37755,ME27827/4,CIPROFLOXACINA 500 MG X 10 TABLETAS RECUBIERTAS,farmadon,https://www.farmadon.com.ve/wp-content/uploads/2024/07/Ciprofloxacina-500Mg-X-10-Tabletas-La-Sante.png,https://fqeshthtycmzgyibiurq.supabase.co/storage/v1/object/public/crsnimages/catalogo/44b48f6d-71a8-4eb5-a2bb-091ac3ffa0a5.jpg,,aplicada,
37756,ME27827/3,CIPROFLOXACINA 500 MG X 6 TABLETAS RECUBIERTAS,farmadon,https://www.farmadon.com.ve/wp-content/uploads/2022/07/Ciprofloxacina-500Mg-X-6-Tabletas-Kimiceg-1.jpg,https://fqeshthtycmzgyibiurq.supabase.co/storage/v1/object/public/crsnimages/catalogo/8ba03d2d-6530-426c-be79-6636a841d007.jpg,,aplicada,
37759,ME26487/3,CIPROFLOXACINA 500 MG X 10 COMPRIMIDOS RECUBIERTOS,farmadon,https://www.farmadon.com.ve/wp-content/uploads/2024/07/Ciprofloxacina-500Mg-X-10-Tabletas-La-Sante.png,https://fqeshthtycmzgyibiurq.supabase.co/storage/v1/object/public/crsnimages/catalogo/d9b2c09a-c172-44cf-bb45-003a7c574f65.jpg,,aplicada,
37760,ME26487/2,CIPROFLOXACINA 500 MG X 6 COMPRIMIDOS RECUBIERTOS,farmadon,https://www.farmadon.com.ve/wp-content/uploads/2022/07/Ciprofloxacina-500Mg-X-6-Tabletas-Kimiceg-1.jpg,https://fqeshthtycmzgyibiurq.supabase.co/storage/v1/object/public/crsnimages/catalogo/c5d2247e-6167-4b20-86cb-cc272aec60f8.jpg,,aplicada,
37761,ME42422,CIPROFLOXACINO 500 MG X 10 TABLETAS RECUBIERTAS,farmatodo,https://lh3.googleusercontent.com/A8RScjbykuSoJdHMb5Tgo6KZQITpi0Aq0FzN5-vPRnKamD0GnNvsH2XMSsqwjZfmeQVOzGvQ9uxWoA9xkYBLFiyrCK4JMG3E1FY,https://fqeshthtycmzgyibiurq.supabase.co/storage/v1/object/public/crsnimages/catalogo/4bff7e53-ba9d-41d5-b8b0-c3a24f52f654.jpg,,aplicada,
37775,ME29289,CLENBUNAL 0.014 MG / ML SOLUCION ORAL,farmadon,https://www.farmadon.com.ve/wp-content/uploads/2021/02/Clenbunal-Clenbuterol-En-Gotas-Pediatrico-0.014mgml-15ml-Rowe.png,https://fqeshthtycmzgyibiurq.supabase.co/storage/v1/object/public/crsnimages/catalogo/f80420c3-d6d6-416b-8899-aaa41c7c15a7.jpg,,aplicada,
37783,ME44654,CLINDAMICINA 300 MG X 16 CAPSULAS,farmadon,https://www.farmadon.com.ve/wp-content/uploads/2023/09/Clindamicina-300Mg-X-16-Capsulas-Genven.jpg,https://fqeshthtycmzgyibiurq.supabase.co/storage/v1/object/public/crsnimages/catalogo/93f4c484-6418-4bba-b328-66659688c9ba.jpg,,aplicada,
37784,ME31466,CLINDAMICINA 300 MG X 20 CAPSULAS,farmadon,https://www.farmadon.com.ve/wp-content/uploads/2025/10/Clindamicina-300Mg-X-20Caps.-La-Sante.png,https://fqeshthtycmzgyibiurq.supabase.co/storage/v1/object/public/crsnimages/catalogo/101ab0df-f90a-4595-8216-47846367b90c.jpg,,aplicada,
37787,ME33581,CLOFEN 1.8 MG / ML SUSPENSION ORAL,farmadon,https://www.farmadon.com.ve/wp-content/uploads/2021/09/Clofen-Diclofenac-Potasico-Suspension-Oral-1.8mgml-120ml.-Dollder.jpg,https://fqeshthtycmzgyibiurq.supabase.co/storage/v1/object/public/crsnimages/catalogo/8c15cb87-0e08-49af-83dc-f594c91e9dec.jpg,,aplicada,
37792,ME38584,CLONAZEPAM 0.5 MG X 30 TABLETAS,farmatodo,https://lh3.googleusercontent.com/MLBltkukZL3tPPSmYsQYY05OnqZAioaxxcXg5hkrUcy2yAqUYrsFZzMx0r_4MeuVydgj0b85BvyDP3zai4lf-PboTvzcbSCHQw,https://fqeshthtycmzgyibiurq.supabase.co/storage/v1/object/public/crsnimages/catalogo/04325eee-65b9-42ee-bdee-7f8eb08c73fc.jpg,,aplicada,
37793,ME38585,CLONAZEPAM 2 MG X 30 TABLETAS,farmatodo,https://lh3.googleusercontent.com/E1STe3imMh8951Y5RDyibWGPCD5JuSk6VZGlpiWlCA5tNWx4NcR1mFahALu3brwLbrsYlnMqhBbonlprB2Myj2C2r2lnHe5neCWE,https://fqeshthtycmzgyibiurq.supabase.co/storage/v1/object/public/crsnimages/catalogo/fad920de-32a7-4d49-ba6e-99a2ce9063a4.jpg,,aplicada,
37802,ME34084/3,CLOPIDOGREL 75 MG X 20 COMPRIMIDOS RECUBIERTOS,farmatodo,https://lh3.googleusercontent.com/o0pfHeynfFqMwflKqtvDTnBaCaOTmqjvJbziiUC8J8Xh2zQ0TCaIiOlNT5lgf0Bp6dArUqrq9xiipZEda0dSb3AJX-7GnacW0S0,https://fqeshthtycmzgyibiurq.supabase.co/storage/v1/object/public/crsnimages/catalogo/f020fec7-5384-4f2f-b0f1-5c7840d9d1cd.jpg,,aplicada,
37803,ME34084/4,CLOPIDOGREL 75 MG X 30 COMPRIMIDOS RECUBIERTOS,farmatodo,https://product-images.farmatodo.com/XzcZaHrdNhy-0rgueLoZexkK8oUTobLEhXmlPL0_BEpyFlV_qlO-skP4MucFCrKWRGUvWcqFwkJ6ReD1QFsxo59g-6-IHLobpMJ8_Qoxbc41_Wo,https://fqeshthtycmzgyibiurq.supabase.co/storage/v1/object/public/crsnimages/catalogo/75687bb9-895b-4cff-a0fc-40f0f0ed08fe.jpg,,aplicada,
37805,ME37534,CLOPIDOGREL 75 MG X 30 TABLETAS RECUBIERTAS,farmatodo,https://product-images.farmatodo.com/XzcZaHrdNhy-0rgueLoZexkK8oUTobLEhXmlPL0_BEpyFlV_qlO-skP4MucFCrKWRGUvWcqFwkJ6ReD1QFsxo59g-6-IHLobpMJ8_Qoxbc41_Wo,https://fqeshthtycmzgyibiurq.supabase.co/storage/v1/object/public/crsnimages/catalogo/ff11e26b-4bd6-4dbf-a027-5d8d362cbb2c.jpg,,aplicada,
37806,ME43375,CLOPIDOGREL 75 MG X 30 TABLETAS RECUBIERTAS,farmatodo,https://product-images.farmatodo.com/XzcZaHrdNhy-0rgueLoZexkK8oUTobLEhXmlPL0_BEpyFlV_qlO-skP4MucFCrKWRGUvWcqFwkJ6ReD1QFsxo59g-6-IHLobpMJ8_Qoxbc41_Wo,https://fqeshthtycmzgyibiurq.supabase.co/storage/v1/object/public/crsnimages/catalogo/00f64c9e-dfd0-4071-a301-745e3ab5507e.jpg,,aplicada,
37807,ME34774,CLOPIDOGREL 75 MG X 30 TABLETAS RECUBIERTAS,farmatodo,https://product-images.farmatodo.com/XzcZaHrdNhy-0rgueLoZexkK8oUTobLEhXmlPL0_BEpyFlV_qlO-skP4MucFCrKWRGUvWcqFwkJ6ReD1QFsxo59g-6-IHLobpMJ8_Qoxbc41_Wo,https://fqeshthtycmzgyibiurq.supabase.co/storage/v1/object/public/crsnimages/catalogo/96e3cd9e-5310-4cb9-929c-faae5ac4d963.jpg,,aplicada,
37817,ME34033,CLORTALIDONA 25 MG X 30 TABLETAS,farmatodo,https://product-images.farmatodo.com/dXHmxT6_lFwNqJF_JkUEEoJkUAOBQa4vdhIWFldOmnGfUoIfTJO2g2gthZLM7GF4mLtz65sud_NVAoGvybXNXzLzh5nHdSGecBQvt0zXbutV7tRu,https://fqeshthtycmzgyibiurq.supabase.co/storage/v1/object/public/crsnimages/catalogo/b4d0ea32-adb3-47d1-9959-df7751f86c35.jpg,,aplicada,
37818,HO37055,CLORURO DE POTASIO 2 MEQ / ML SOLUCION INYECTABLE,farmago,https://www.farmago.com.ve/web/image/product.template/54860/image_1024,https://fqeshthtycmzgyibiurq.supabase.co/storage/v1/object/public/crsnimages/catalogo/2ab33ef0-acbc-4959-a0d7-ace640374d60.jpg,,aplicada,
37823,ME43751,CLOTRIMAZOL 100 MG X 6 OVULOS VAGINALES,farmadon,https://www.farmadon.com.ve/wp-content/uploads/2022/05/Clotrimazol-100Mg-X-6.Ov_.-Tiares.jpg,https://fqeshthtycmzgyibiurq.supabase.co/storage/v1/object/public/crsnimages/catalogo/df3aa6a3-717a-4982-91e7-b8b3154d52b4.jpg,,aplicada,
37842,ME35619/3,CORENTEL 10 MG X 30 COMPRIMIDOS RECUBIERTOS,farmadon,https://www.farmadon.com.ve/wp-content/uploads/2021/03/Corentel-Bisoprolol-10mg-x-30-Comprimidos-Roemmers.png,https://fqeshthtycmzgyibiurq.supabase.co/storage/v1/object/public/crsnimages/catalogo/2fc940d7-29ff-42f2-a1d9-17cf774e3851.jpg,,aplicada,
37844,ME39494/3,CORENTEL 1.25 MG X 30 COMPRIMIDOS RECUBIERTOS,farmadon,https://www.farmadon.com.ve/wp-content/uploads/2021/10/Corentel-Bisoprolol-1.25mg-x-30-Comprimidos-Roemmers.png,https://fqeshthtycmzgyibiurq.supabase.co/storage/v1/object/public/crsnimages/catalogo/3999c57a-028c-4a99-8b10-e205fc76250a.jpg,,aplicada,
37874,ME32194/2,DEFLAZACORT 6 MG X 10 COMPRIMIDOS,farmatodo,https://product-images.farmatodo.com/Q8R2kvEab4IQF1ddAbmku4OYqTrvFQySEu5YvN-pozlLlraIL8l9gUtisjRU5cpGGWwoEP4WglVbmICZm2jueSqCY_Ci2Sp8XrPaAlGXK_9RsVQ,https://fqeshthtycmzgyibiurq.supabase.co/storage/v1/object/public/crsnimages/catalogo/d2ffc577-0dcf-4219-b6b8-22b66c864d31.jpg,,aplicada,
37904,HO42601,DEXAMETASONA 8 MG / 2 ML X 10 AMPOLLAS,farmatodo,https://product-images.farmatodo.com/NpAIMfM75BXIeF5uwqEn8OZg8-Ke_czCFhG9HvfdzJuxODZBGBa7lqnXsU0axkl4uarhZ7ppvUxc-gdz_m5hxyoTW2d9xjGrYwz_4Dt6_DYLr9xW,https://fqeshthtycmzgyibiurq.supabase.co/storage/v1/object/public/crsnimages/catalogo/8f4160e4-a58f-454f-995f-4d9d523a3cfa.jpg,,aplicada,
37906,ME44066,DEXKETOPROFENO 25 MG / 10 ML X 20 SOLUCION ORAL,farmadon,https://www.farmadon.com.ve/wp-content/uploads/2025/06/Dexketoprofeno-Sobre-Sol.Oral-25Mg10Ml-X-Unid.-Calox.png,https://fqeshthtycmzgyibiurq.supabase.co/storage/v1/object/public/crsnimages/catalogo/8a481660-8337-4dc0-acb5-f15fe4a55125.jpg,,aplicada,
37918,ME35040,DIAGESIC 1.8 MG / ML SUSPENSION ORAL,farmadon,https://www.farmadon.com.ve/wp-content/uploads/2024/10/Diagesic-Diclofenac-Jarabe-Pediatrico-1.8Mg-Ml-X-60Ml-Biotech-new.png,https://fqeshthtycmzgyibiurq.supabase.co/storage/v1/object/public/crsnimages/catalogo/cd4182ed-0c89-4025-b804-c2cc2425aac9.jpg,,aplicada,
37927,HO36803/2,DICLOFENACO SODICO 75 MG / 3 ML X 1 AMPOLLA,farmatodo,https://lh3.googleusercontent.com/TgK_rrtZsfutQp0PUCePbwGrKJrBSZBVVWYR375xDiDCE_XH9Jg9Ebn-nP2vJtoHuVeyhkPWtiu5flbAcEAatc7jYKKsIDj1vxRg-ph8_dMJ2LVe,https://fqeshthtycmzgyibiurq.supabase.co/storage/v1/object/public/crsnimages/catalogo/6f171a90-b637-4290-95e1-a79850cdb148.jpg,,aplicada,
37928,HO36803/3,DICLOFENACO SODICO 75 MG / 3 ML X 10 AMPOLLAS,farmatodo,https://lh3.googleusercontent.com/kEz2npdk07gQJ7KEMOn9fUY94L9-T53VZSuCdBb8cc3T6y7WSezSykHmTjc0Wd69QbRc1rMBPYC6QdpNL-ztZAa8N-COrLbNyNucRJB5RvIJD7Y,https://fqeshthtycmzgyibiurq.supabase.co/storage/v1/object/public/crsnimages/catalogo/5becaa41-3044-4b75-af0c-526badb1e5ec.jpg,,aplicada,
37932,ME28851,DICLOFENAC SODICO 50 MG X 20 TABLETAS CON RECUBRIMIENTO ENTERICO,farmago,https://www.farmago.com.ve/web/image/product.template/55688/image_1024,https://fqeshthtycmzgyibiurq.supabase.co/storage/v1/object/public/crsnimages/catalogo/dc7a681d-4786-412b-92dc-e44b29ada40d.jpg,,aplicada,
37955,ME38177/4,DIOSMINA 600 MG X 30 TABLETAS RECUBIERTAS,farmatodo,https://lh3.googleusercontent.com/lAZlgNyYiBYoLyTusaGgNK1qkrJTYD2ijCA7yhpi4Hkk_9X2iynpp0rleqHpaEOLUIxPu-C2HsahcVlvMiGbpJKEr77YO2WJw50,https://fqeshthtycmzgyibiurq.supabase.co/storage/v1/object/public/crsnimages/catalogo/3b6fa491-46a0-4479-8f72-462012a3d7c8.jpg,,aplicada,
37956,ME36420,DIOSMINA - HESPERIDINA 450 MG - 50 MG X 30 TABLETAS RECUBIERTAS,farmatodo,https://product-images.farmatodo.com/4YZ8nNV3H_I6fvKuLVIGSqP0sburgc6YnNJ3hG4EzZ-zQfLAv_b2ntxrle-aYjeEjmd6ZKZUU640XfOXH2VUJNS4zHcPpa0E7hO471tLsoyaOcVRFw,https://fqeshthtycmzgyibiurq.supabase.co/storage/v1/object/public/crsnimages/catalogo/2c2bf294-a878-407b-b637-ff863fca741e.jpg,,aplicada,
37957,ME40371,DIOSMINA-HESPERIDINA 450 MG-50 MG COMPRIMIDOS RECUBIERTOS,farmago,https://www.farmago.com.ve/web/image/product.template/56339/image_1024,https://fqeshthtycmzgyibiurq.supabase.co/storage/v1/object/public/crsnimages/catalogo/18397398-9b0c-4f53-b58e-88ef615e386f.jpg,,aplicada,
37967,ME26655/2,DOL X 4 TABLETAS RECUBIERTAS,farmadon,https://www.farmadon.com.ve/wp-content/uploads/2025/07/Dol-Plus-AcetaminofenCafeinaDihidroergotamina-10-Tabletas-–-Calox-RR.png,https://fqeshthtycmzgyibiurq.supabase.co/storage/v1/object/public/crsnimages/catalogo/a28cd97f-72ad-4f38-bbc3-54bcfda7f1c5.jpg,,aplicada,
37974,ME44581/2,DOMPERIDONA 10 MG X 10 TABLETAS,farmadon,https://www.farmadon.com.ve/wp-content/uploads/2021/02/Biotech_Domperidona_Tonum_Tabletas_10mg.png,https://fqeshthtycmzgyibiurq.supabase.co/storage/v1/object/public/crsnimages/catalogo/f54723b2-0e58-4722-98f3-29ca6fcdbe47.jpg,,aplicada,
37975,ME44581/3,DOMPERIDONA 10 MG X 15 TABLETAS,farmadon,https://www.farmadon.com.ve/wp-content/uploads/2026/02/DOMPERIDONA-10MG-X-15TAB-USO-VETERINARIO.-CALOX.png,https://fqeshthtycmzgyibiurq.supabase.co/storage/v1/object/public/crsnimages/catalogo/4710c1ea-ddda-4046-bd72-e39fc0257ed6.jpg,,aplicada,
37976,ME44581/4,DOMPERIDONA 10 MG X 30 TABLETAS,farmatodo,https://product-images.farmatodo.com/BgBKAT1G4QnALgQLoRHItZ_u1iE_cgvX9YVPZHszLDS6pyMk6BTXwol518MDBd2sJEnRD3sGmo-VT2KxjbI8MFsxByRKqk4rHNkiEOiqxu9uyrtj,https://fqeshthtycmzgyibiurq.supabase.co/storage/v1/object/public/crsnimages/catalogo/54c0c42c-32b8-4c73-a79f-968be3088af7.jpg,,aplicada,
37984,ME43060,DOXICICLINA 100 MG X 10 CAPSULAS,farmatodo,https://product-images.farmatodo.com/VC9D0KkpBputU5B6WWBUDpfIE1Ed1MSDCsZAQQd_yLbrPSPczq0YGj2pSJi2xVcxSnq4rkBQ3OVw9T5uE03WHtjNNlG9HJy84hk,https://fqeshthtycmzgyibiurq.supabase.co/storage/v1/object/public/crsnimages/catalogo/705381aa-c29c-4019-87d3-11454e9e1919.jpg,,aplicada,
37985,ME20337,DOXICICLINA 100 MG X 10 CAPSULAS,farmatodo,https://product-images.farmatodo.com/VC9D0KkpBputU5B6WWBUDpfIE1Ed1MSDCsZAQQd_yLbrPSPczq0YGj2pSJi2xVcxSnq4rkBQ3OVw9T5uE03WHtjNNlG9HJy84hk,https://fqeshthtycmzgyibiurq.supabase.co/storage/v1/object/public/crsnimages/catalogo/3c71616d-6113-4d99-951f-bec9b73e412d.jpg,,aplicada,
37987,ME42749,DULOXETINA 60 MG X 28 TABLETAS GASTRORRESISTENTES,farmatodo,https://lh3.googleusercontent.com/M25Md9LCEW_cB4bOHmpbwWPhJPswg-ldsljAfntmkyYcslaped53NugTRsCOA1BW5Qht6cWF37Ae5d_Qz4CmjB8It5mePE3vtGM9,https://fqeshthtycmzgyibiurq.supabase.co/storage/v1/object/public/crsnimages/catalogo/c9aecee5-68ad-45b7-9858-6ae610336390.jpg,,aplicada,
37991,ME32615/5,DUROVAL 50 MG X 10 TABLETAS RECUBIERTAS,farmadon,https://www.farmadon.com.ve/wp-content/uploads/2021/10/Duroval-Sildenafilo-50mg-x-10Tabletas-–-Valmorca.jpg,https://fqeshthtycmzgyibiurq.supabase.co/storage/v1/object/public/crsnimages/catalogo/e545bddd-816c-48e2-a233-331d26b5deca.jpg,,aplicada,
37993,ME44389/3,TAMSULON DUO 0.5 MG - 0.4 MG X 30 CAPSULAS DE LIBERACION PROLONGADA,farmatodo,https://product-images.farmatodo.com/kM8at_lNiD6_FxYo3rTyFpUAe6EGw2PUFBWUIWRH1Mo2yV9GyNFnvw1ilZDk_CycialyeRudrj74n70GthUKSFxrvSWeYybaO5yMleD4sHQh3aNx,https://fqeshthtycmzgyibiurq.supabase.co/storage/v1/object/public/crsnimages/catalogo/2051a667-eace-4e2f-85a9-a3c8719f7301.jpg,,aplicada,
37998,ME44046,EMPAGLIFLOZINA - LINAGLIPTINA 10 MG - 5 MG X 30 COMPRIMIDOS RECUBIERTOS,farmatodo,https://lh3.googleusercontent.com/rYOU3jqyGqsLlbLnBdsIDAsI_rCb2HKh553b5BgSG0BFCbrKVV3Byhm1wNMGkUBdFCSEjQzxoPW0hpa7uewF8TCdDe1RspzSrWw,https://fqeshthtycmzgyibiurq.supabase.co/storage/v1/object/public/crsnimages/catalogo/0562653c-0239-413d-905e-5ae45f00507e.jpg,,aplicada,
37999,ME44045,EMPAGLIFLOZINA - LINAGLIPTINA 25 MG - 5 MG X 30 COMPRIMIDOS RECUBIERTOS,farmatodo,https://lh3.googleusercontent.com/seIjzT8E4ZlRr74utL97SLd8zcdpMSRTjcwtDY43V3v7HwLmTCq-WzWxvGuekp8Q2PnCmX6HxOTVv0r_ae6TfvVojUTux8Hhqg,https://fqeshthtycmzgyibiurq.supabase.co/storage/v1/object/public/crsnimages/catalogo/36679648-9019-48c7-9ec7-0ea7ebf131d0.jpg,,aplicada,
38004,ME26416/2,ENALAPRIL 20 MG X 20 TABLETAS,farmatodo,https://lh3.googleusercontent.com/UHupst0eIr5cG8UXJ91FEzZRSN8wUy31zl8rNrutBGxzO38b2dd00d7nj67xZCeQWeLgktBzfUJqs8XqKQU-LsuR_xaoRby3ADY,https://fqeshthtycmzgyibiurq.supabase.co/storage/v1/object/public/crsnimages/catalogo/7eae72e5-5fc7-4918-b642-03ee8465cd26.jpg,,aplicada,
38014,ME37000,ERITROMICINA 500 MG X 10 TABLETAS RECUBIERTAS,farmatodo,https://lh3.googleusercontent.com/ojpjAzty9uI2APJ6jdIfzxrv0YqpUcRoX3wAYF2RlMkmt-Hs0bb_SYoKz4L5jueQB7Rr3Y29kODRbREhwMmpnU6W1V4Gg0WSCiknMiqQXxpA08c,https://fqeshthtycmzgyibiurq.supabase.co/storage/v1/object/public/crsnimages/catalogo/f5a7aaff-5826-409e-b88e-ed6270c9928f.jpg,,aplicada,
38016,ME40959/2,ESCITALOPRAM 10 MG X 14 COMPRIMIDOS RECUBIERTOS,farmatodo,https://lh3.googleusercontent.com/JdthEttRQ_ghs0dOAlPLEcoghJJS6F9GqQ0oie55t7spD7k0qeOUyQ40P80ZTsydqVbAGx-PYjVFSwvK-xy-75nRk70EEye_CNMnxnR27FMkdpc,https://fqeshthtycmzgyibiurq.supabase.co/storage/v1/object/public/crsnimages/catalogo/0fe26ca2-74c3-465e-9190-6f1af2f3a40f.jpg,,aplicada,
38019,ME40960/2,ESCITALOPRAM 20 MG X 28 COMPRIMIDOS RECUBIERTOS,farmatodo,https://product-images.farmatodo.com/fAPGUvCNHgJvnD3YhkLX1KovP2sToB-UiPGES73-hRnRtReEfWkrCf2M2YgvzlPmhpJqrMq4owaRVCDE9CmH7lEk8yFUZTwQA323iqxX_2fTPfvU,https://fqeshthtycmzgyibiurq.supabase.co/storage/v1/object/public/crsnimages/catalogo/7cb978f5-5403-418e-8680-01b4a0bdde89.jpg,,aplicada,
38021,ME38504/3,ESCITALOPRAM 10 MG X 30 TABLETAS RECUBIERTAS,farmatodo,https://product-images.farmatodo.com/DDVZgPY7KYgyYqtnSOPZyR_zLoHOAHYgsSDMZKSmtlv7XbnCyx_XAm5pC9dhZZFklLcduDW2JrfW5vACsiImAruqTfM28MrjSPoOh-_frld3aG0,https://fqeshthtycmzgyibiurq.supabase.co/storage/v1/object/public/crsnimages/catalogo/11e501c5-f0ca-4ad3-aa24-59172c6def54.jpg,,aplicada,
38023,ME41771/3,ESCITALOPRAM 20 MG X 30 TABLETAS RECUBIERTAS,farmatodo,https://lh3.googleusercontent.com/ONCshQWenoy5vsyyGmbuVZzOX5Rxj9Zt2w_PWsdkmeHl3mDWKxnDz-FwaQF59CSALGZl5ckZaw5jLKPZ_bUTpg2sb3xyiVln6A,https://fqeshthtycmzgyibiurq.supabase.co/storage/v1/object/public/crsnimages/catalogo/cec80f68-6147-42a0-863d-ef919777864e.jpg,,aplicada,
38025,ME43340,ESCITALOPRAM 5 MG X 30 TABLETAS RECUBIERTAS,farmadon,https://www.farmadon.com.ve/wp-content/uploads/2022/04/Escitalopram-5mg-x-30-Comprimidos-Cleo-Pharma-NEW.png,https://fqeshthtycmzgyibiurq.supabase.co/storage/v1/object/public/crsnimages/catalogo/74590354-54da-414d-9410-1cca10eac75d.jpg,,aplicada,
38026,ME43163,ESCITALOPRAM 10 MG X 28 TABLETAS RECUBIERTAS,farmatodo,https://product-images.farmatodo.com/UNdDXf4CuhhFxncz_Zs83rPDe5ji1tvXtmBEP8yRDe__surVsx7Q1eNjsZA8A6TewrteDvgG3V6l6CBFezsbiOZICIE2Z2rSVeiGj9u7ph-cIbj8,https://fqeshthtycmzgyibiurq.supabase.co/storage/v1/object/public/crsnimages/catalogo/7d3b0329-5378-4981-9395-40de03dcc029.jpg,,aplicada,
38045,ME33352/2,ESPIRONOLACTONA 25 MG X 10 TABLETAS,farmadon,https://www.farmadon.com.ve/wp-content/uploads/2026/05/Espironolactona-25Mg-X-10Tab.-Hym-ll.png,https://fqeshthtycmzgyibiurq.supabase.co/storage/v1/object/public/crsnimages/catalogo/6698c59f-5e3f-48b5-abdb-7ed6197f5d07.jpg,,aplicada,
38073,HO35889/3,FENITOINA SODICA 250 MG / 5 ML X 30 AMPOLLAS,farmadon,https://www.farmadon.com.ve/wp-content/uploads/2021/10/Fenitoina-Sodica-Ampolla-250mg-5ml-I.M-I.V-Vitalis.jpg,https://fqeshthtycmzgyibiurq.supabase.co/storage/v1/object/public/crsnimages/catalogo/ef5ad054-863a-4fa3-bcec-67f8be6babe9.jpg,,aplicada,
38074,HO35889/2,FENITOINA SODICA 250 MG / 5 ML X 10 AMPOLLAS,farmadon,https://www.farmadon.com.ve/wp-content/uploads/2021/10/Fenitoina-Sodica-Ampolla-250mg-5ml-I.M-I.V-Vitalis.jpg,https://fqeshthtycmzgyibiurq.supabase.co/storage/v1/object/public/crsnimages/catalogo/2d1cf3de-3e77-4a25-9942-1dcc7172afcc.jpg,,aplicada,
38075,ME27405/2,FERGANIC 40 MG X 14 CAPSULAS,farmadon,https://www.farmadon.com.ve/wp-content/uploads/2021/03/Ferganic-Hierro-40mg-x-14-Tabletas-–-Rowe-1.png,https://fqeshthtycmzgyibiurq.supabase.co/storage/v1/object/public/crsnimages/catalogo/a78a8d3a-a348-4c1b-9a05-a679fb26305c.jpg,,aplicada,
38078,ME27552,FERGANIC 20 MG / ML SOLUCION ORAL,farmago,https://www.farmago.com.ve/web/image/product.template/56295/image_1024,https://fqeshthtycmzgyibiurq.supabase.co/storage/v1/object/public/crsnimages/catalogo/44f00444-baad-41fc-9532-3cfc31979d55.jpg,,aplicada,
38088,ME36163,FEXOFENADINA CLORHIDRATO 180 MG X 10 TABLETAS RECUBIERTAS,farmatodo,https://lh3.googleusercontent.com/NNS2VS3xIkHhK0BBMoFPxouYU-R8uIyjOON8W2IuzuZ-j19poGzLZhPj3FYvpEoTETyu205uYEphvvKVj1XKnZbi7nSWHEoNmkrZmg1BF6vi05k,https://fqeshthtycmzgyibiurq.supabase.co/storage/v1/object/public/crsnimages/catalogo/50f2f973-8c1b-43a6-81fe-0f3e99ef7a80.jpg,,aplicada,
38093,ME13715,MONOSULPA X 260 SOLUCION NASAL,farmago,https://www.farmago.com.ve/web/image/product.template/58593/image_1024,https://fqeshthtycmzgyibiurq.supabase.co/storage/v1/object/public/crsnimages/catalogo/b7e16f4e-5ca0-4935-a6d7-0a71ebc3b24d.jpg,,aplicada,
38099,ME35935,FLATORIL 80 MG / ML SUSPENSION GOTAS,farmago,https://www.farmago.com.ve/web/image/product.template/56330/image_1024,https://fqeshthtycmzgyibiurq.supabase.co/storage/v1/object/public/crsnimages/catalogo/2da31255-be52-4a8e-90a4-87b5d98994fa.jpg,,aplicada,
38102,ME40011/3,FLAVOXATO 200 MG X 20 COMPRIMIDOS RECUBIERTOS,farmadon,https://www.farmadon.com.ve/wp-content/uploads/2024/06/Flavoxato-200Mg-X-20-Tabletas-Dac55.png,https://fqeshthtycmzgyibiurq.supabase.co/storage/v1/object/public/crsnimages/catalogo/19b37da4-91a7-4ead-88e0-477203f66e0c.jpg,,aplicada,
38103,ME44088,FLAVOXATO 200 MG X 30 TABLETAS RECUBIERTAS,farmadon,https://www.farmadon.com.ve/wp-content/uploads/2025/01/FLAVOXATO-.png,https://fqeshthtycmzgyibiurq.supabase.co/storage/v1/object/public/crsnimages/catalogo/57f20f07-a98b-474a-ad1a-f0050c178f03.jpg,,aplicada,
38104,ME41029,FLAVOXATO CLORHIDRATO 200 MG X 10 TABLETAS RECUBIERTAS,farmago,https://www.farmago.com.ve/web/image/product.template/56337/image_1024,https://fqeshthtycmzgyibiurq.supabase.co/storage/v1/object/public/crsnimages/catalogo/4c30c02f-29fa-4740-abf0-65c0e9cfa14c.jpg,,aplicada,
38112,ME41686,FLUCON 200 MG X 4 CAPSULAS,farmadon,https://www.farmadon.com.ve/wp-content/uploads/2021/10/Flucon-200mg-x-4-Capsulas-Rowe.jpg,https://fqeshthtycmzgyibiurq.supabase.co/storage/v1/object/public/crsnimages/catalogo/9c25fcf9-69da-4ead-a589-1f4e7fce0e4d.jpg,,aplicada,
38118,ME43904,FLUCONAZOL 200 MG TABLETAS RECUBIERTAS,farmatodo,https://product-images.farmatodo.com/uuQjSv0X239_d-h72TJkT8yJ6lIJ5M7TLXxFxR8A0fpHOo_xJCvpV4eKRyNFZ38BkpD0SbCfAuGYO2PULSQLe9Qo7QGiXsPw8g,https://fqeshthtycmzgyibiurq.supabase.co/storage/v1/object/public/crsnimages/catalogo/e0556683-3288-47b8-8f88-1ed69b48d090.jpg,,aplicada,
38119,HO40840,FLUCONAZOL 200 MG / 100 ML SOLUCION INYECTABLE INTRAVENOSA,farmadon,https://www.farmadon.com.ve/wp-content/uploads/2026/08/Fluconazol-Amp.-200Mg-100Ml-I.V-Ips-SM.png,https://fqeshthtycmzgyibiurq.supabase.co/storage/v1/object/public/crsnimages/catalogo/98de80f4-483b-456d-b260-0560c4bd0c83.jpg,,aplicada,
38120,ME42709/2,FLUCONAZOL 150 MG X 2 TABLETAS,farmatodo,https://product-images.farmatodo.com/JAeebDUO_-roSl6tyFqJlpFG_3SHdNLhl3pRk-sD3JqTV3cqsCLSzFQ3OB3jDpeyZzPHMbTISkV1FGVDxBWRgzB8SIyeUhXsIPemXsyYmWMnzODS,https://fqeshthtycmzgyibiurq.supabase.co/storage/v1/object/public/crsnimages/catalogo/055f8874-8e9d-4413-bf0b-0b3b0f061918.jpg,,aplicada,
38125,ME43024,FLUNARIZINA 10 MG X 30 TABLETAS RECUBIERTAS,farmatodo,https://product-images.farmatodo.com/FpjpGhi3vo_jsmHvKFdj9n6uyDpoDixF4UMJ3CAK2AlCRK5mETNt92s-1_Qi19dSl_KR8WPokVqvLTmVemHAVLXSGd2ymH3BliF5zvuHPzPCjYBdJA,https://fqeshthtycmzgyibiurq.supabase.co/storage/v1/object/public/crsnimages/catalogo/61396fd6-e423-49dd-9ea7-5544660f3881.jpg,,aplicada,
38126,ME31214,FLUOXETINA 20 MG X 14 CAPSULAS,farmadon,https://www.farmadon.com.ve/wp-content/uploads/2025/04/Fluoxetina-20Mg-X-14-Capsulas-La-Sante.png,https://fqeshthtycmzgyibiurq.supabase.co/storage/v1/object/public/crsnimages/catalogo/2a764127-2f91-4c7c-a190-fc865c2f56f6.jpg,,aplicada,
38128,ME28948,FLUOXETINA 20 MG X 28 CAPSULAS,farmatodo,https://lh3.googleusercontent.com/TnSonvium1r0o4_vbbUNndxINQkYDjFcZiS9eXofblxekZV3tu2jtx1033N6-WRb78xDGUTrrdnU9GD16jJ-aY5XM9S-cHtxNes,https://fqeshthtycmzgyibiurq.supabase.co/storage/v1/object/public/crsnimages/catalogo/1516c90a-3aff-4068-bc67-d2b88feaf6ea.jpg,,aplicada,
38139,HO32365,FUROSEMIDA 20 MG / 2 ML X 3 AMPOLLAS,farmadon,https://www.farmadon.com.ve/wp-content/uploads/2024/07/Furosemida-Amp.-20Mg2Ml-I.VI_.M-Drotafarma.png,https://fqeshthtycmzgyibiurq.supabase.co/storage/v1/object/public/crsnimages/catalogo/f1d0c3d4-75a4-465c-bf68-8a5c0029d7d7.jpg,,aplicada,
38145,ME21300,FUROSEMIDA 40 MG X 24 TABLETAS,farmatodo,https://lh3.googleusercontent.com/vQFyn7_C5EYG85tOO7PZrOaaywu0ybxAbX6qgUKoHYEhCiPKp9kVV04uWkAMi_A4DP_kgtPqls0ooE5xAl463c3UZMFBzstzQR2z_eWl2wcw2sjr,https://fqeshthtycmzgyibiurq.supabase.co/storage/v1/object/public/crsnimages/catalogo/bef9b587-8f84-4f73-ba12-a52642fbf699.jpg,,aplicada,
38147,ME34981/2,GABAPENTINA 300 MG X 14 CAPSULAS,farmadon,https://www.farmadon.com.ve/wp-content/uploads/2024/03/Gabapentina-300Mg-X-14-Capsulas-Lattan-Medic.jpg,https://fqeshthtycmzgyibiurq.supabase.co/storage/v1/object/public/crsnimages/catalogo/f996ea6a-2507-47f6-a7d5-0c707bc8c3ce.jpg,,aplicada,
38148,ME34981/3,GABAPENTINA 300 MG X 30 CAPSULAS,farmatodo,https://lh3.googleusercontent.com/cC2lNiW3CT31sjN-SuL_70IFc7As783B4CQxEvbFxKkUMqwB2xy-kn4xyMmRKD8omW5OxCRdabkD5DlmY283FxDGe8OIToFwzijbTDU3eo7USyM,https://fqeshthtycmzgyibiurq.supabase.co/storage/v1/object/public/crsnimages/catalogo/d37633fa-b41c-4367-b938-d9941635018d.jpg,,aplicada,
38154,HO36306/3,GENTAMICINA 160 MG / 2 ML X 10 AMPOLLAS,farmatodo,https://lh3.googleusercontent.com/FdqyDK_-cSFfc_DW9RdPOvl3JY_IJbLRSV6ZUFtV9FIoCFjK53sCqXUPTQwaghcDWAnliZYGIkzJT0_KHhEZXoMgFLyvd5aTNzu0vAwenVknjNA,https://fqeshthtycmzgyibiurq.supabase.co/storage/v1/object/public/crsnimages/catalogo/62156b4e-8194-4f26-b268-05edc55c5e94.jpg,,aplicada,
38157,ME24164,GENURIN 200 MG X 10 COMPRIMIDOS RECUBIERTOS,farmadon,https://www.farmadon.com.ve/wp-content/uploads/2021/10/Genurin-200mg-x-10-Tabletas-Elmor.jpg,https://fqeshthtycmzgyibiurq.supabase.co/storage/v1/object/public/crsnimages/catalogo/0c066a38-c015-4e34-b5bb-9063390e9f40.jpg,,aplicada,
38158,ME33501,GLIBENCLAMIDA 5 MG X 10 COMPRIMIDOS,farmadon,https://www.farmadon.com.ve/wp-content/uploads/2025/02/Glibenclamida-5Mg-X-10Tab.-Vincenti.png,https://fqeshthtycmzgyibiurq.supabase.co/storage/v1/object/public/crsnimages/catalogo/58c81154-563e-4789-8688-b45972d3baf0.jpg,,aplicada,
38159,ME26275,GLIBENCLAMIDA 5 MG X 30 TABLETAS,farmatodo,https://lh3.googleusercontent.com/vBDP5hR8pF6zWdDJB8LmHr3aEifOtoA469OhObh-PCjo-2J4hSLNagGB0SjjIbMfqg_olHXHg7epv9yfoRvrww8L2LGK19ydgJA,https://fqeshthtycmzgyibiurq.supabase.co/storage/v1/object/public/crsnimages/catalogo/7080c8c2-befe-41c2-b953-c04df283313d.jpg,,aplicada,
38168,ME32878,GLIMEPIRIDA 4 MG TABLETAS,farmatodo,https://lh3.googleusercontent.com/2HRhlvlFsRAKk4c8p-JDZURr5ScJnJbECf6cIY-YEkyB1GBrzxocRncSI46xLT6u8YdAB2RdNOAImahQ4syiU3oJNg_D-KYg-h3fnSIs4iWocRNl,https://fqeshthtycmzgyibiurq.supabase.co/storage/v1/object/public/crsnimages/catalogo/d7cf2b99-22a8-4bf3-b76c-cd5bac136fb7.jpg,,aplicada,
38177,ME35616,GLYMAR 4 MG X 20 TABLETAS,farmadon,https://www.farmadon.com.ve/wp-content/uploads/2021/10/KAPET-4.png,https://fqeshthtycmzgyibiurq.supabase.co/storage/v1/object/public/crsnimages/catalogo/e9daf368-994c-48bd-b08b-71de9fb9a52f.jpg,,aplicada,
38185,HO32537,HALOPERIDOL 5 MG / ML X 30 AMPOLLAS,farmadon,https://www.farmadon.com.ve/wp-content/uploads/2021/10/Haloperidol-Ampolla-5mg1ml-I.MI_.V-Biosano.jpg,https://fqeshthtycmzgyibiurq.supabase.co/storage/v1/object/public/crsnimages/catalogo/2124e336-5071-4160-a8e6-f825efb2b23d.jpg,,aplicada,
38191,ME35183/2,LOSARTAN POTASICO - HIDROCLOROTIAZIDA 100 MG - 25 MG X 10 COMPRIMIDOS RECUBIERTOS,farmago,https://www.farmago.com.ve/web/image/product.template/58078/image_1024,https://fqeshthtycmzgyibiurq.supabase.co/storage/v1/object/public/crsnimages/catalogo/afffa863-9c00-4b07-87dc-70918107d6c5.jpg,,aplicada,
38195,ME36980/2,LOSARTAN POTASICO - HIDROCLOROTIAZIDA 100 MG - 25 MG X 10 COMPRIMIDOS RECUB,farmago,https://www.farmago.com.ve/web/image/product.template/58078/image_1024,https://fqeshthtycmzgyibiurq.supabase.co/storage/v1/object/public/crsnimages/catalogo/b8e438e6-280d-45ca-8229-51e48bf91415.jpg,,aplicada,
38196,ME36980/3,LOSARTAN POTASICO - HIDROCLOROTIAZIDA 100 MG - 25 MG X 30 COMPRIMIDOS RECUB,farmago,https://www.farmago.com.ve/web/image/product.template/58079/image_1024,https://fqeshthtycmzgyibiurq.supabase.co/storage/v1/object/public/crsnimages/catalogo/8f31a34f-b8d3-4524-952c-cdbaebb1aedd.jpg,,aplicada,
38198,HO35867,BUTILBROMURO DE HIOSCINA 20 MG / ML SOLUCION INYECTABLE,farmadon,https://www.farmadon.com.ve/wp-content/uploads/2022/03/N-BUTILBROMURO-D.-HIOSCINADIPIRONA-AMP.20MG-2.5G-5ML-I.M-I.V-VITALIS.jpg,https://fqeshthtycmzgyibiurq.supabase.co/storage/v1/object/public/crsnimages/catalogo/d29a580d-833a-4de4-bb2c-359ef0a7c5f4.jpg,,aplicada,
38202,ME41648,HISTIVERT 16 MG X 30 COMPRIMIDOS,farmatodo,https://product-images.farmatodo.com/8_7r_M1NDAMQwAQb0DoVEY-CYHH2b8nwSdVp6thoSALG9HhhL5BJNi4fm5ifl8KuAWkuJv508p0XEuJkjDgjj_--7nh3Km8xX-EPW2dpeFMYnOfW,https://fqeshthtycmzgyibiurq.supabase.co/storage/v1/object/public/crsnimages/catalogo/421f2d97-772d-4038-b426-2093dd0b0a09.jpg,,aplicada,
38216,ME34468,IBUPROFENO 100 MG / 5 ML SUSPENSION,farmadon,https://www.farmadon.com.ve/wp-content/uploads/2023/10/Ibuprofeno-Jarabe-Peditrico-100Mg-5Ml-X-90Ml-Genven.jpg,https://fqeshthtycmzgyibiurq.supabase.co/storage/v1/object/public/crsnimages/catalogo/b8af3db6-71e6-4e33-8ec6-fb76e70a0900.jpg,,aplicada,
38240,ME37122,ILANA 600 MG X 1 CAPSULA BLANDA VAGINAL,farmadon,https://www.farmadon.com.ve/wp-content/uploads/2021/10/Ilana-Isoconazol-600mg-x-1-Capsula-Vaginal-–-Vivax.png,https://fqeshthtycmzgyibiurq.supabase.co/storage/v1/object/public/crsnimages/catalogo/839a355e-966a-4bd5-a023-7eebc2baae79.jpg,,aplicada,
38253,ME36068/3,IRBESARTAN 150 MG X 28 TABLETAS,farmadon,https://www.farmadon.com.ve/wp-content/uploads/2024/01/Irbesartan-150Mg-X-28-Tabletas-Calox.jpg,https://fqeshthtycmzgyibiurq.supabase.co/storage/v1/object/public/crsnimages/catalogo/219a99a6-f187-49fb-89cd-1477123c5cfa.jpg,,aplicada,
38254,ME36068/2,IRBESARTAN 150 MG X 10 TABLETAS,farmadon,https://www.farmadon.com.ve/wp-content/uploads/2021/10/Irbesartan-150mg-x-10-Tabletas-La-Sante.jpg,https://fqeshthtycmzgyibiurq.supabase.co/storage/v1/object/public/crsnimages/catalogo/c571a7fc-6b34-471e-9fb3-2658f2c78d98.jpg,,aplicada,
38255,ME36068/4,IRBESARTAN 150 MG X 30 TABLETAS,farmatodo,https://lh3.googleusercontent.com/i9XosF1MkwRvD4ZtOoAaDNOci8tPE4kgrU0SYMls69x06KOwEQga-olPdI1ALS2gl6ME3HY6wpwVemWX_ZOnhjXX2d9rH545K0HWRZpQqjzvIWc3,https://fqeshthtycmzgyibiurq.supabase.co/storage/v1/object/public/crsnimages/catalogo/7678bd5d-643f-417a-aa23-6f877bffe691.jpg,,aplicada,
38257,ME35908/2,IRBESARTAN 300 MG X 10 TABLETAS,farmadon,https://www.farmadon.com.ve/wp-content/uploads/2025/10/Irbesartan-300Mg-X-10Tab.-La-Sante.png,https://fqeshthtycmzgyibiurq.supabase.co/storage/v1/object/public/crsnimages/catalogo/015955aa-ee80-46e9-9e7c-b533724fcfdc.jpg,,aplicada,
38261,ME43740,ITRACONAZOL 100 MG X 10 CAPSULAS,farmadon,https://www.farmadon.com.ve/wp-content/uploads/2025/04/Itraconazol-100-Mg-X10-Capsulas-De-Dispensador-Drotafarma-new.png,https://fqeshthtycmzgyibiurq.supabase.co/storage/v1/object/public/crsnimages/catalogo/e3159384-ead5-490f-b4a2-7b2df156d82f.jpg,,aplicada,
38262,ME44504,ITRASEC 33.33 MG – 166.66 MG X 12 CAPSULAS,farmadon,https://www.farmadon.com.ve/wp-content/uploads/2025/03/Itrasec-Secnidazol-Itraconazol-33.33Mg166.66Mg-X-12-Capsulas-Tiares.png,https://fqeshthtycmzgyibiurq.supabase.co/storage/v1/object/public/crsnimages/catalogo/bd039ee6-fdb0-4843-9b11-609885da89e3.jpg,,aplicada,
38284,HO35019/2,KETOPROFENO 100 MG / 2 ML X 1 AMPOLLA,farmadon,https://www.farmadon.com.ve/wp-content/uploads/2022/05/Ketoprofeno-Ampolla-100Mg-2Ml-I.V.-I.M-Tiares.jpg,https://fqeshthtycmzgyibiurq.supabase.co/storage/v1/object/public/crsnimages/catalogo/d705c479-0c08-43cd-95df-e6a0fa56dc22.jpg,,aplicada,
38285,HO35019/3,KETOPROFENO 100 MG / 2 ML X 2 AMPOLLAS,farmatodo,https://product-images.farmatodo.com/YLRv4H1XPndPIilIv5320jT63jOzThB9GPIxfH85gTp53hoMZkq3XdVHuBgRt0VmDIWYM-Q2j96bqZDBm3aBU3aRwBJ7FuAvLBRzLH4rabNeEm6X,https://fqeshthtycmzgyibiurq.supabase.co/storage/v1/object/public/crsnimages/catalogo/28742e29-e38b-4c64-a1d1-d02695213496.jpg,,aplicada,
38286,HO35019/4,KETOPROFENO 100 MG / 2 ML X 10 AMPOLLAS,farmadon,https://www.farmadon.com.ve/wp-content/uploads/2022/05/Ketoprofeno-Ampolla-100Mg-2Ml-I.V.-I.M-Tiares.jpg,https://fqeshthtycmzgyibiurq.supabase.co/storage/v1/object/public/crsnimages/catalogo/a4bfd4cd-4f76-4bb1-9951-b607adf811f6.jpg,,aplicada,
38287,HO35019/5,KETOPROFENO 100 MG / 2 ML X 20 AMPOLLAS,farmadon,https://www.farmadon.com.ve/wp-content/uploads/2022/05/Ketoprofeno-Ampolla-100Mg-2Ml-I.V.-I.M-Tiares.jpg,https://fqeshthtycmzgyibiurq.supabase.co/storage/v1/object/public/crsnimages/catalogo/0e286840-96d5-4b47-be16-cfe6a25c75b3.jpg,,aplicada,
38299,ME36886,KETOROLAC TROMETAMINA 20 MG X 10 COMPRIMIDOS,farmago,https://www.farmago.com.ve/web/image/product.template/55805/image_1024,https://fqeshthtycmzgyibiurq.supabase.co/storage/v1/object/public/crsnimages/catalogo/f4b7c394-4ac9-4e31-88c9-981ec6538931.jpg,,aplicada,
38307,ME36925/3,LACTBET 3000 U X 20 CAPSULAS,farmadon,https://www.farmadon.com.ve/wp-content/uploads/2025/06/Biotech_Lactasa_Lactbet_Capsulas_3000u.png,https://fqeshthtycmzgyibiurq.supabase.co/storage/v1/object/public/crsnimages/catalogo/b40ff886-e639-4544-a2ac-18e589bd1961.jpg,,aplicada,
38311,ME42689,LAMOTRIGINA 100 MG X 30 TABLETAS RECUBIERTAS,farmatodo,https://lh3.googleusercontent.com/bbaKUkksR1gpXH80Y5cCSNw7C-WzY-vRViYJMKSjmBEBPksujV_a_4lmPQH8DhUqVaNjpSPGvM-fkGR7lTLbvYFNCqXSJdG923z4,https://fqeshthtycmzgyibiurq.supabase.co/storage/v1/object/public/crsnimages/catalogo/94867415-95d6-467e-88ba-1560abcc04dc.jpg,,aplicada,
38328,ME37661,LETROZOL 2.5 MG X 30 TABLETAS RECUBIERTAS,farmatodo,https://lh3.googleusercontent.com/ox5OlcTqZ25z9218krb2-H2e_h83gFULQmDjucgByyeNFeXKmkj9_Sq-OUeL_dwjdNyhgrYcI0F463dyDdxPN0vqsEsEZfzQxEBB_33VmBedmeyH5w,https://fqeshthtycmzgyibiurq.supabase.co/storage/v1/object/public/crsnimages/catalogo/80bcb4aa-144e-4493-b389-24085a273ae0.jpg,,aplicada,
38331,ME43729,LEVETIRACETAM 500 MG X 30 TABLETAS RECUBIERTAS,farmatodo,https://product-images.farmatodo.com/mVg8whzW4JSVbocqvVwh-GpPHgs8g0zabJ8p_-Thr_wavD4taqMocDUmpPuXiSZhQFy7ZO9AN3mG6mnvlaH5P-zNuIMyTCZAmdF94kdxE5ecAUo,https://fqeshthtycmzgyibiurq.supabase.co/storage/v1/object/public/crsnimages/catalogo/041b95c1-f5ba-4bed-bda9-6daafe4fcf00.jpg,,aplicada,
38332,HO37449,LEVOFLOXACINA 500 MG / 100 ML SOLUCION PARA INFUSION INTRAVENOSA,farmadon,https://www.farmadon.com.ve/wp-content/uploads/2025/03/Levofloxacina-Amp.-500Mg100Ml-I.V-Distrilab.png,https://fqeshthtycmzgyibiurq.supabase.co/storage/v1/object/public/crsnimages/catalogo/d201cebb-36b3-4156-a935-4309e3c65b01.jpg,,aplicada,
38333,ME43817,LEVOFLOXACINO 500 MG X 10 TABLETAS RECUBIERTAS,farmadon,https://www.farmadon.com.ve/wp-content/uploads/2026/03/Levofloxacino-500Mg-X-10Tab.-Calox.png,https://fqeshthtycmzgyibiurq.supabase.co/storage/v1/object/public/crsnimages/catalogo/eda565bf-a120-4b1c-9500-2f982c7308b4.jpg,,aplicada,
38335,ME43531/2,LEVOFLOXACINA 750 MG X 5 TABLETAS RECUBIERTAS,farmatodo,https://product-images.farmatodo.com/uWFbO72PhVwnfr6yGL2wP0TvRO-NdBVkmH8PRPkucyPYjaIsroUdBcDZGJi-vf6vHmWmQYy77a-8YPiYUuq3ZU2jMOehVcMji_I2yDmEWfMTLXs,https://fqeshthtycmzgyibiurq.supabase.co/storage/v1/object/public/crsnimages/catalogo/4b46647b-adda-4c38-8e2e-575114404c99.jpg,,aplicada,
38337,ME43531/4,LEVOFLOXACINA 750 MG X 10 TABLETAS RECUBIERTAS,farmadon,https://www.farmadon.com.ve/wp-content/uploads/2021/10/Levamox-Levofloxacina-750mg-x-10-Tabletas-–-Fc-Pharma-new.png,https://fqeshthtycmzgyibiurq.supabase.co/storage/v1/object/public/crsnimages/catalogo/c88d381e-8710-420c-8f7f-cdd2f3b51fa4.jpg,,aplicada,
38338,ME35920/3,LEVOFLOXACINA 500 MG X 10 TABLETAS RECUBIERTAS,farmatodo,https://product-images.farmatodo.com/KAM9z5MUZ6RkVdtnmXlR_V2stnMxuBdPI3kRQnEIRfndG_oYfHyTs39zh747XViK7j5_uG9q6xyBIqIlkm2tkV-5tckVVbtIky6sCgmIbLDuqpQw1w,https://fqeshthtycmzgyibiurq.supabase.co/storage/v1/object/public/crsnimages/catalogo/69ce363e-7655-4f36-84f0-664609882455.jpg,,aplicada,
38339,ME35920/2,LEVOFLOXACINA 500 MG X 7 TABLETAS RECUBIERTAS,farmatodo,https://lh3.googleusercontent.com/p3belQ9vpmoKz-ijQxmCfftDW83nuei1PDxRToH-Y9lGwzTmdn4SfA1I_7iEqLeSa561wcjXgLeAZMOHGCpqF4SYdKxH0WKIR7E1QRENdtPDF_Q,https://fqeshthtycmzgyibiurq.supabase.co/storage/v1/object/public/crsnimages/catalogo/3789810e-552f-4209-abf5-cf906bdb1019.jpg,,aplicada,
38340,ME38925/3,LEVOFLOXACINO 500 MG X 7 TABLETAS RECUBIERTAS,farmatodo,https://lh3.googleusercontent.com/DSIry9qRILb7DCPPgC85K32D2lXzFaMgJrPsrOraVQNzrPVNY45vgRk1PX5Ptgn4eb_Kqc4MzXlbiEAF2zPadlmhmJMqadYzBGE,https://fqeshthtycmzgyibiurq.supabase.co/storage/v1/object/public/crsnimages/catalogo/93668b23-e136-4618-a0aa-d8999c4f971b.jpg,,aplicada,
38341,ME38925/4,LEVOFLOXACINO 500 MG X 10 TABLETAS RECUBIERTAS,farmadon,https://www.farmadon.com.ve/wp-content/uploads/2026/03/Levofloxacino-500Mg-X-10Tab.-Calox.png,https://fqeshthtycmzgyibiurq.supabase.co/storage/v1/object/public/crsnimages/catalogo/5b352b89-cadd-4e6e-acd3-8537e134ccee.jpg,,aplicada,
38342,ME38925/2,LEVOFLOXACINO 500 MG X 5 TABLETAS RECUBIERTAS,farmadon,https://www.farmadon.com.ve/wp-content/uploads/2022/01/Levofloxacino-500mg-x-5-Tabletas-Calox.jpg,https://fqeshthtycmzgyibiurq.supabase.co/storage/v1/object/public/crsnimages/catalogo/eaffab17-4d34-4a13-97c3-a239beedb978.jpg,,aplicada,
38343,ME38926,LEVOFLOXACINO 750 MG X 5 TABLETAS RECUBIERTAS,farmatodo,https://lh3.googleusercontent.com/9KilTpotdP1eNjQqPFkjH4Fj0ZRy-q-iMdU383LrwVm7pWALxiZAeiCI8bvm2SueLPviAKZNWuS_JBAIUy4hCcBo6mlbcIAdZDwQMlyneibzDPgd,https://fqeshthtycmzgyibiurq.supabase.co/storage/v1/object/public/crsnimages/catalogo/ff842d47-99ef-4ea9-bd0b-300efbdf9dd1.jpg,,aplicada,
38344,ME43297,LEVONORGESTREL 1.5 MG X 1 TABLETA RECUBIERTA,farmatodo,https://product-images.farmatodo.com/gPV24p6liHDsm6Hc0qFJNEyj_b9J_PSSOABppv5pM1GEnltl9f2NyIH5-VUyuswGkp3jn-90IRKEs4cKmZg2ip77yXNSIJVDROQA1YbYyaIC_wP41w,https://fqeshthtycmzgyibiurq.supabase.co/storage/v1/object/public/crsnimages/catalogo/4caee123-5762-43d8-a682-dc8827522960.jpg,,aplicada,
38349,ME42576/2,LEVOTIROXINA SODICA 100 MCG X 10 TABLETAS,farmadon,https://www.farmadon.com.ve/wp-content/uploads/2024/08/Levotiroxina-Sod.-100Mcg-X-10-Tabletas-Distrilab.png,https://fqeshthtycmzgyibiurq.supabase.co/storage/v1/object/public/crsnimages/catalogo/61765f44-b037-4040-87d9-e1ea48fadd4a.jpg,,aplicada,
38350,ME42576/3,LEVOTIROXINA SODICA 100 MCG X 50 TABLETAS,farmatodo,https://lh3.googleusercontent.com/UxIk0bFPVZkFEkKzg1N-9M7Tn5JvEaZX6G46MfuQh1sWSmPBygqAXLHrDuD5Dv2ijX5v93gMZlD-P_nPeog_TaN9J6-g76dpJ-diPK2g3SO1GnXk,https://fqeshthtycmzgyibiurq.supabase.co/storage/v1/object/public/crsnimages/catalogo/8fc346a6-b1c4-48a8-8c13-fbf63ba3ab27.jpg,,aplicada,
38351,ME43141,LEVOTIROXINA SODICA 50 MCG X 50 TABLETAS,farmatodo,https://product-images.farmatodo.com/lKmw61nC2JzF0NTVV-K9PLtUQlXdm3rzIumArRJEJQYTevsqamuVJc0YaYQ2WUCpOOgnL5Lu7MN7gi8gP4XJjq8CqMTbT6YLGndKTGRhnuxfhaM,https://fqeshthtycmzgyibiurq.supabase.co/storage/v1/object/public/crsnimages/catalogo/7bb840c0-4154-4328-8863-bbf9fe1720ff.jpg,,aplicada,
38355,HO40559,LINEZID 2 MG / ML SOLUCION INYECTABLE PARA INFUSION IV,farmadon,https://www.farmadon.com.ve/wp-content/uploads/2021/09/Linezid-Linezolid-Ampolla-2mg300ml-IV-Behrens.jpg-new.jpg,https://fqeshthtycmzgyibiurq.supabase.co/storage/v1/object/public/crsnimages/catalogo/dad45e1b-f7d0-49a3-b4be-6cf2f498e130.jpg,,aplicada,
38370,ME28967,LOFLOX 400 MG X 10 TABLETAS RECUBIERTAS,farmadon,https://www.farmadon.com.ve/wp-content/uploads/2021/10/Loflox-400mg-x-10-Tabletas-Siegfried.jpg,https://fqeshthtycmzgyibiurq.supabase.co/storage/v1/object/public/crsnimages/catalogo/8c8250e3-0aaa-4e2a-a60b-17fc3db4dcd6.jpg,,aplicada,
38371,ME22858,LOGANIL 250 MG / 5 ML JARABE,farmadon,https://www.farmadon.com.ve/wp-content/uploads/2022/01/Biotech_S-Carboximetilcisteina_Loganil_Jarabe_250mg5ml.png,https://fqeshthtycmzgyibiurq.supabase.co/storage/v1/object/public/crsnimages/catalogo/17f32911-5f2c-4ea9-b84a-5ce8642153a8.jpg,,aplicada,
38378,ME40887,LOPERAMIDA 2 MG X 10 TABLETAS,farmadon,https://www.farmadon.com.ve/wp-content/uploads/2025/10/LOPERAMIDE-HCI-2MG-12TABLETAS-HEALTHA2Z.png,https://fqeshthtycmzgyibiurq.supabase.co/storage/v1/object/public/crsnimages/catalogo/3748a097-509e-4d49-9936-712e786c6ce2.jpg,,aplicada,
38379,ME43709,LOPERAMIDA 2 MG X 100 COMPRIMIDOS,farmadon,https://www.farmadon.com.ve/wp-content/uploads/2025/10/LOPERAMIDE-HCI-2MG-12TABLETAS-HEALTHA2Z.png,https://fqeshthtycmzgyibiurq.supabase.co/storage/v1/object/public/crsnimages/catalogo/eb3de9fb-126a-494c-add7-9356ce230f1c.jpg,,aplicada,
38382,ME30034,LORATADINA 1 MG / ML JARABE,farmatodo,https://lh3.googleusercontent.com/6Yg51rIJ1SKo3pAcbwJEAfqg-6bwmjTfDR8req5b7w9XoDY0MeWzEIuF15Zo9ZUHVziSBb6BvYWC9XUuO-yKIn3t6sht_F_jqZwrl22fV6hYX8gZ,https://fqeshthtycmzgyibiurq.supabase.co/storage/v1/object/public/crsnimages/catalogo/4516ec25-c2d5-4f32-9000-fbe8d465cf49.jpg,,aplicada,
38384,ME27529/3,LORATADINA 10 MG X 20 TABLETAS,farmatodo,https://lh3.googleusercontent.com/ChhJbUq8G02gYMmZLf3t39fslO8vLweqSMIMIyc_MRhpb445VdqYjWijIR4y9sxJ8Cw1Wj62UOYexSLAnb_3vABHenaEFAAzFe0uo4afbXLhsCAIcQ,https://fqeshthtycmzgyibiurq.supabase.co/storage/v1/object/public/crsnimages/catalogo/1a9a05b1-e393-4275-821f-b28863fc0185.jpg,,aplicada,
38386,ME28201,LORATADINA 5 MG / 5 ML JARABE,farmatodo,https://lh3.googleusercontent.com/08EezAj7k1pKPh8nWXxvI_hXj4twKrLRfjDRngW-dM-R6CRs9AeKT-8G_Clw7WR9PwMX3FCCLz2Ef24Gr7SKTJbBZZ-qKvXimBAoy7Sb79SIwtJdFA,https://fqeshthtycmzgyibiurq.supabase.co/storage/v1/object/public/crsnimages/catalogo/843c009f-1034-47d2-b56f-12c1b6281f14.jpg,,aplicada,
38388,ME39177,LORATADINA 10 MG X 10 TABLETAS,farmatodo,https://product-images.farmatodo.com/ybhWOmVOP8Zj26Z6EmhSoBEkC5VAslNeFIyfctB8BGrpAkkiRlWynyJdT2TeHdcNGRCZG-hUyBEVvq6j-xF1bpanHRoa-m3YBv9LDU6y_4fhrS3J,https://fqeshthtycmzgyibiurq.supabase.co/storage/v1/object/public/crsnimages/catalogo/43372962-e84e-4c19-b0e0-93a1ae0cc406.jpg,,aplicada,
38398,ME36979,LOSARTAN POTASICO - HIDROCLOROTIAZIDA 50 MG - 12.5 MG COMPRIMIDOS RECU,farmatodo,https://product-images.farmatodo.com/p5EIsvWKXs5-7GWqu9YmOH20LIpjX484GMTP43X5GAfE16leqEMB9XFXCCQa-rempoSmgE9qBdZ7pNzu_LEpog1yeZmbvwa7D-x6A3p3APbRIN-2kg,https://fqeshthtycmzgyibiurq.supabase.co/storage/v1/object/public/crsnimages/catalogo/f98adc0f-c019-4cd5-9957-1121e91e73c6.jpg,,aplicada,
38399,ME37542/2,LOSARTAN POTASICO - HIDROCLOROTIAZIDA 100 MG - 25 MG X 10 TABLETAS RECUBIERTAS,farmago,https://www.farmago.com.ve/web/image/product.template/58078/image_1024,https://fqeshthtycmzgyibiurq.supabase.co/storage/v1/object/public/crsnimages/catalogo/2b2871d2-fa69-4a2e-9aa8-b3aa6093bf99.jpg,,aplicada,
38402,ME35402/3,LOSARTAN POTASICO - HIDROCLOROTIAZIDA 50 MG - 12.5 MG X 30 COMPRIMIDOS RECU,farmago,https://www.farmago.com.ve/web/image/product.template/58085/image_1024,https://fqeshthtycmzgyibiurq.supabase.co/storage/v1/object/public/crsnimages/catalogo/8fcd6141-e6ac-418f-88c4-a44b34657f88.jpg,,aplicada,
38403,ME35402/2,LOSARTAN POTASICO - HIDROCLOROTIAZIDA 50 MG - 12.5 MG X 15 COMPRIMIDOS RECU,farmatodo,https://product-images.farmatodo.com/p5EIsvWKXs5-7GWqu9YmOH20LIpjX484GMTP43X5GAfE16leqEMB9XFXCCQa-rempoSmgE9qBdZ7pNzu_LEpog1yeZmbvwa7D-x6A3p3APbRIN-2kg,https://fqeshthtycmzgyibiurq.supabase.co/storage/v1/object/public/crsnimages/catalogo/02b0d965-2781-4385-ac07-bb127c5a6afc.jpg,,aplicada,
38407,ME31205/2,LOSARTAN POTASICO 50 MG X 10 TABLETAS RECUBIERTAS,farmadon,https://www.farmadon.com.ve/wp-content/uploads/2022/07/Losartan-Potasico-50Mg-X-10Comp.-Genven.jpg,https://fqeshthtycmzgyibiurq.supabase.co/storage/v1/object/public/crsnimages/catalogo/4ae5b94e-6eba-4f28-8727-c8a9a87b346a.jpg,,aplicada,
38433,ME42290,MAXOTEN 25 MG X 30 COMPRIMIDOS RECUBIERTOS,farmadon,https://www.farmadon.com.ve/wp-content/uploads/2025/04/Maxoten-Eplerenona-25Mg-X-30-Tabletas-Leti.png,https://fqeshthtycmzgyibiurq.supabase.co/storage/v1/object/public/crsnimages/catalogo/93dc1b91-53e5-4139-8362-e75930f4de9f.jpg,,aplicada,
38435,ME43537/3,MEDROXIPROGESTERONA 10 MG X 28 TABLETAS,farmatodo,https://lh3.googleusercontent.com/_cxq1r0TPHOw1AfOKDEWAijtyeVAsDad4d0m7MigWW81vR4p0abzi3u6zdbeFSX1QV4NAgcpdfiurScbs_dTZWOg-UKmuoqfSuATuO3J-CfF59ZV,https://fqeshthtycmzgyibiurq.supabase.co/storage/v1/object/public/crsnimages/catalogo/38a43fb8-43f2-4a07-b438-9ad3826d8c88.jpg,,aplicada,
38438,ME33048,MELOXICAM 15 MG X 10 TABLETAS,farmatodo,https://product-images.farmatodo.com/04p-CYUW7iiW7Rtg20N3MEC_tF7K-sz5gkoFpiL2s9fstIeGdPNwx0cd0GtyrXDvDA6drecNFcUEcGNV-GrIJyKyAmJlt0FwTuRX,https://fqeshthtycmzgyibiurq.supabase.co/storage/v1/object/public/crsnimages/catalogo/72b814ef-e3f9-47ea-8e85-13e80e089de9.jpg,,aplicada,
38441,ME30976,MELOXICAM 7.5 MG X 10 TABLETAS,farmatodo,https://product-images.farmatodo.com/9-37Mces-d8XBfuGJkrtt-zAyvknAQCSIkLovfADSAI7Tv95II4kImedI6ZADNMFYNCH53kt6HE5uvP3_D-vHHe4G_zmCxd9Zmk,https://fqeshthtycmzgyibiurq.supabase.co/storage/v1/object/public/crsnimages/catalogo/7530b0fb-5347-4401-8f60-c97e295bba31.jpg,,aplicada,
38447,HO34365,MEROPENEM 1 G X 10 AMPOLLAS,farmadon,https://www.farmadon.com.ve/wp-content/uploads/2024/03/Meropenem-Ampolla-1Gr-I.V-Drotafarma.png,https://fqeshthtycmzgyibiurq.supabase.co/storage/v1/object/public/crsnimages/catalogo/86de0af6-c721-4b2d-b330-f798c9024a25.jpg,,aplicada,
38451,HO21983/3,DIPIRONA 1 G / 2 ML X 5 AMPOLLAS,farmadon,https://www.farmadon.com.ve/wp-content/uploads/2024/03/Dipirona-Ampolla-1G2Ml-I.MI_.V-Drotafarma.jpg,https://fqeshthtycmzgyibiurq.supabase.co/storage/v1/object/public/crsnimages/catalogo/f288011f-f5a4-41d3-935a-13442768a7a3.jpg,,aplicada,
38456,ME42410,METFORMINA CLORHIDRATO 1000 MG X 30 TABLETAS RECUBIERTAS,farmatodo,https://product-images.farmatodo.com/F_uR_jfHYtN8NG16swCgXys7neJzqjDAOIrfVgQQs5U-e3t0vY0QEvjWViRqvk6sZeekPDIf3ZzAABJmmGag0jMGLzWfmsuIgMR3pPo1HYDLcJH5yA,https://fqeshthtycmzgyibiurq.supabase.co/storage/v1/object/public/crsnimages/catalogo/a67232fc-2037-4f43-95a7-433c06b9707c.jpg,,aplicada,
38458,ME36815,METFORMINA 500 MG X 30 TABLETAS RECUBIERTAS,farmatodo,https://product-images.farmatodo.com/Un8qlHj3gTobhzy2iGz0A9lkgZ2_kTvPqlwkhx8HsD_RAKWcmnZVetvew7KjBLozPvcw8eS4FTC6ALKl69hWAe2xxQNOSYgHMEC9ccBZREseco4,https://fqeshthtycmzgyibiurq.supabase.co/storage/v1/object/public/crsnimages/catalogo/08b43799-9f87-4275-81ee-1aab6cb0ea66.jpg,,aplicada,
38460,ME37538,METFORMINA CLORHIDRATO 500 MG X 30 TABLETAS RECUBIERTAS,farmatodo,https://product-images.farmatodo.com/QdKtTKEM2eHrKrqxpJiuu_6-zOHmyTK67pgjQwsAGnpac4isR7MyM6xfubWT4txtB_PJN3NWP0Ln4J2ra_FnFp1zaczPU1ksOo4NguYzeQa9UeTv,https://fqeshthtycmzgyibiurq.supabase.co/storage/v1/object/public/crsnimages/catalogo/48d3a39d-c5b6-4499-9057-cfba64ab7495.jpg,,aplicada,
38461,ME32508/3,METFORMINA CLORHIDRATO 850 MG X 30 TABLETAS,farmatodo,https://lh3.googleusercontent.com/Ni416cWGoW0W7EGYUE3o91AdSjF42EWs4gPkC04lOaCUu3_jFpGkny4wViss1y-HCjTWh7vncj-80sCrW6vlZfoLibJ1qkT8wN4s,https://fqeshthtycmzgyibiurq.supabase.co/storage/v1/object/public/crsnimages/catalogo/6c80bf54-2eff-46b7-a2cc-5595e3e64ca7.jpg,,aplicada,
38464,ME42625,METFORMINA CLORHIDRATO 1000 MG X 30 TABLETAS RECUBIERTAS,farmatodo,https://product-images.farmatodo.com/F_uR_jfHYtN8NG16swCgXys7neJzqjDAOIrfVgQQs5U-e3t0vY0QEvjWViRqvk6sZeekPDIf3ZzAABJmmGag0jMGLzWfmsuIgMR3pPo1HYDLcJH5yA,https://fqeshthtycmzgyibiurq.supabase.co/storage/v1/object/public/crsnimages/catalogo/0f23b569-1376-4ce5-994a-b0860730f6cd.jpg,,aplicada,
38465,ME40568,SITAGLIPTINA -METFORMINA CLORHIDRATO 50 MG-500 MG X 30 COMPRIMIDOS,farmago,https://www.farmago.com.ve/web/image/product.template/60153/image_1024,https://fqeshthtycmzgyibiurq.supabase.co/storage/v1/object/public/crsnimages/catalogo/ea685b75-cf78-4ca4-9db5-e2cd77c28f56.jpg,,aplicada,
38467,HO44684,METOCLOPRAMIDA 10 MG / 2 ML X 3 AMPOLLAS,farmadon,https://www.farmadon.com.ve/wp-content/uploads/2024/11/Metoclopramida-Ampolla-10Mg2Ml-I.MI_.V-Vitalis.png,https://fqeshthtycmzgyibiurq.supabase.co/storage/v1/object/public/crsnimages/catalogo/dc3339b2-ec17-433d-a88f-ef7b7677b7b8.jpg,,aplicada,
38469,ME36811,METOCLOPRAMIDA 10 MG X 10 TABLETAS,farmadon,https://www.farmadon.com.ve/wp-content/uploads/2026/08/Metoclopramida-10Mg-X-10Tab.-Vincenti.png,https://fqeshthtycmzgyibiurq.supabase.co/storage/v1/object/public/crsnimages/catalogo/6b5f021a-d526-4b7c-a28a-f8e0436f699e.jpg,,aplicada,
38475,ME42520,METRONIDAZOL 0.75 % GEL,farmatodo,https://lh3.googleusercontent.com/6VIBjaxBzm7k81V4WyTb_myzB190KMZwstN5ds3ODfxTNLSWVFtK-IshtdZqlcRw6D0pwYd5-N87DiEsGT-BEI6h_5pvJ9PKDFE,https://fqeshthtycmzgyibiurq.supabase.co/storage/v1/object/public/crsnimages/catalogo/359f341e-ae50-4efa-a586-f416c848819f.jpg,,aplicada,
38476,HO42390,METRONIDAZOL 500 MG / 100 ML SOLUCION PARA INFUSION.,farmadon,https://www.farmadon.com.ve/wp-content/uploads/2024/12/Metronidazol-Solucion-Inyectable-500Mg-100Ml-Drotafarma.png,https://fqeshthtycmzgyibiurq.supabase.co/storage/v1/object/public/crsnimages/catalogo/73157559-c872-4216-9241-fde71614f324.jpg,,aplicada,
38477,ME42530,METRONIDAZOL 500 MG X 10 OVULOS VAGINALES,farmatodo,https://product-images.farmatodo.com/mlx6Rm3uco9hJXmZLJPUwCaRTzHtukIE3u7wChokB0Z4ALovzwl5k7jtpfkleMYaW8HYmOmqHTff3_xJLGEbqHStYQM0UlcZusjmTF8kln8OsydN,https://fqeshthtycmzgyibiurq.supabase.co/storage/v1/object/public/crsnimages/catalogo/d354ec46-f44d-4237-b53a-4f4c6b36ba32.jpg,,aplicada,
38478,HO33361,METRONIDAZOL 500 MG / 100 ML SOLUCION PARA INFUSION INTRAVENOSA,farmadon,https://www.farmadon.com.ve/wp-content/uploads/2024/12/Metronidazol-Solucion-Inyectable-500Mg-100Ml-Drotafarma.png,https://fqeshthtycmzgyibiurq.supabase.co/storage/v1/object/public/crsnimages/catalogo/c8bee8bd-62b0-4947-873a-e06987cf0c95.jpg,,aplicada,
38482,ME28549/3,METRONIDAZOL 500 MG X 30 TABLETAS,farmatodo,https://lh3.googleusercontent.com/abrv_YniP-GAMsRHXCpwAWf-cYleAwdIw3sSs_GzCwlydj1jPnrW6Wuoz9ab4930UmEiz2_ciIWhP5ORCxaklnLlAWP6B6ftc_tkvmm1DvN2U1M,https://fqeshthtycmzgyibiurq.supabase.co/storage/v1/object/public/crsnimages/catalogo/2de82f07-9782-4841-9636-9ccba0f14759.jpg,,aplicada,
38483,ME43038,METRONIDAZOL 500 MG X 30 TABLETAS,farmatodo,https://lh3.googleusercontent.com/abrv_YniP-GAMsRHXCpwAWf-cYleAwdIw3sSs_GzCwlydj1jPnrW6Wuoz9ab4930UmEiz2_ciIWhP5ORCxaklnLlAWP6B6ftc_tkvmm1DvN2U1M,https://fqeshthtycmzgyibiurq.supabase.co/storage/v1/object/public/crsnimages/catalogo/660be168-d1d0-401a-8ebf-cdd2a72e4f3f.jpg,,aplicada,
38495,ME22476/2,MIOVIT X 10 COMPRIMIDOS RECUBIERTOS,farmadon,https://www.farmadon.com.ve/wp-content/uploads/2021/06/miovit-x-30-new.jpg,https://fqeshthtycmzgyibiurq.supabase.co/storage/v1/object/public/crsnimages/catalogo/1df8f17b-a293-4db5-9b71-237bf576e803.jpg,,aplicada,
38496,ME22476/3,MIOVIT X 30 COMPRIMIDOS RECUBIERTOS,farmadon,https://www.farmadon.com.ve/wp-content/uploads/2021/06/miovit-x-30-new.jpg,https://fqeshthtycmzgyibiurq.supabase.co/storage/v1/object/public/crsnimages/catalogo/7d76a002-524d-4d92-a0be-c4c0334788bf.jpg,,aplicada,
38498,ME43124,MIRTAZAPINA 15 MG X 30 TABLETAS RECUBIERTAS,farmadon,https://www.farmadon.com.ve/wp-content/uploads/2025/06/Mirtazaval-15Mg-X-30Tab.-Valmorca.png,https://fqeshthtycmzgyibiurq.supabase.co/storage/v1/object/public/crsnimages/catalogo/22d46547-a9e5-40db-9885-3887474232d2.jpg,,aplicada,
38499,ME37308,MIRTAZAPINA 30 MG X 30 TABLETAS RECUBIERTAS,farmatodo,https://product-images.farmatodo.com/3Ey4Z5ys_a7rjU3GLo5pv7aHcjlLWPPm00bIpiRsBe2DjxI-qKYRVSOoXsfB7D8bq1cKYO-YyUG0MzXa1-LB67F5YGKgTxynJVFTIg6tRVPtmJueKA,https://fqeshthtycmzgyibiurq.supabase.co/storage/v1/object/public/crsnimages/catalogo/57d1300e-a101-4757-9ebe-9c05dbd89e1c.jpg,,aplicada,
38506,ME35286,MONTELUKAST 5 MG X 30 TABLETAS MASTICABLES,farmatodo,https://product-images.farmatodo.com/o7EuPFI1GzMbmUA_26k37V_TJ6-qJflUTh90Eirzb_hudoYBexh1wQg_ELUY0GRCOpNZPxx9BdHKPzeRnCZrJdD57pnrT_pou2VWQM3EA-BaoUg8,https://fqeshthtycmzgyibiurq.supabase.co/storage/v1/object/public/crsnimages/catalogo/dc41d819-f56b-4ffc-86f8-4d150ab4c599.jpg,,aplicada,
38517,ME36486,MOXIFLOXACINA 400 MG X 10 COMPRIMIDOS RECUBIERTOS,farmadon,https://www.farmadon.com.ve/wp-content/uploads/2026/06/Moxifloxacina-400Mg-X-10Tab.-Belmarca-RR.png,https://fqeshthtycmzgyibiurq.supabase.co/storage/v1/object/public/crsnimages/catalogo/f694cce1-8a49-4f39-9b47-016afc44507d.jpg,,aplicada,
38520,ME20385,MUCOBROL 4 MG / 5 ML JARABE,farmadon,https://www.farmadon.com.ve/wp-content/uploads/2022/01/Mucobrol-Bromhexina-Jarabe-4mg5ml-x-120ml-–-Cofasa-1.jpg,https://fqeshthtycmzgyibiurq.supabase.co/storage/v1/object/public/crsnimages/catalogo/07465148-a20d-4da4-8b83-d102944026e5.jpg,,aplicada,
38531,ME34793,NAPROXENO 250 MG X 10 TABLETAS,farmatodo,https://product-images.farmatodo.com/vtqRI4TF4Y2tvqu49tBztFILwNXMfP2BIkz8UYIg_pgwFOfquAE-5aCwVOQ0YO4ABNdp49C-uK_zR4p9d7_xYtzmzSa8bBA3cNQbu1cbWOXpbsYiLQ,https://fqeshthtycmzgyibiurq.supabase.co/storage/v1/object/public/crsnimages/catalogo/4d99a8b6-1f4c-40ae-acb9-3f93e4396313.jpg,,aplicada,
38543,HO7099/2,NEOSTIGMINA 0.5 MG / ML X 3 AMPOLLAS,farmadon,https://www.farmadon.com.ve/wp-content/uploads/2022/10/Neostigmina-0.5MgMl-I.MI_.VS_.C-X-3-Ampolla-Klinos.jpg,https://fqeshthtycmzgyibiurq.supabase.co/storage/v1/object/public/crsnimages/catalogo/9da0c428-ea7b-4bf3-9b3e-27386f7db957.jpg,,aplicada,
38544,HO7099/3,NEOSTIGMINA 0.5 MG / ML X 6 AMPOLLAS,farmadon,https://www.farmadon.com.ve/wp-content/uploads/2021/10/Neostigmina-Ampolla-0.5mg-1ml-I.M-I.V-Vitalis.jpg,https://fqeshthtycmzgyibiurq.supabase.co/storage/v1/object/public/crsnimages/catalogo/bc764de7-6f9d-491d-b1c0-3766c3344438.jpg,,aplicada,
38549,ME38421/3,NEURIXA 75 MG X 21 CAPSULAS,farmadon,https://www.farmadon.com.ve/wp-content/uploads/2026/08/Neurixa-75Mg-X-21Caps.-Farma-ll.png,https://fqeshthtycmzgyibiurq.supabase.co/storage/v1/object/public/crsnimages/catalogo/47d6397a-ceda-471f-91bc-db172e736058.jpg,,aplicada,
38551,ME42077,NEVAC 0.1 % SUSPENSION OFTALMICA,farmago,https://www.farmago.com.ve/web/image/product.template/58757/image_1024,https://fqeshthtycmzgyibiurq.supabase.co/storage/v1/object/public/crsnimages/catalogo/a0263770-56d4-4c1a-b2ee-1dffcd56c4d5.jpg,,aplicada,
38554,ME25984/2,NIFEDIPINA 10 MG X 10 COMPRIMIDOS DISPERSABLES,farmadon,https://www.farmadon.com.ve/wp-content/uploads/2026/05/Nifedipina-10Mg-X-10-Tabletas-De-Dispensador-Balaxi-RR.png,https://fqeshthtycmzgyibiurq.supabase.co/storage/v1/object/public/crsnimages/catalogo/c55ebf8f-2a99-423d-b067-6be6896406f0.jpg,,aplicada,
38559,ME44261,NISTATINA 100.000 UI / ML SUSPENSION,farmadon,https://www.farmadon.com.ve/wp-content/uploads/2025/11/Nistatina-Susp.-Oral-100.000Ui.-5Ml-X-30Ml-Drotafarma.png,https://fqeshthtycmzgyibiurq.supabase.co/storage/v1/object/public/crsnimages/catalogo/6fd9e235-980d-4baf-9f54-d03c22c1a36a.jpg,,aplicada,
38561,ME37921,NITAZOXANIDA 500 MG X 6 TABLETAS RECUBIERTAS,farmatodo,https://product-images.farmatodo.com/lbbNfxaZbCi3btWHlQrp9bCZFC1nYEqpwJwtFSBbmktU8HZwxBsG64EYnkOvRgVCURZ7gOC1VsbKQX6CI8RhV0Gzo2AOico2whE,https://fqeshthtycmzgyibiurq.supabase.co/storage/v1/object/public/crsnimages/catalogo/28a1ea71-909d-41d6-b4fe-9a8aeae64c32.jpg,,aplicada,
38563,ME43051/2,NITROFURANTOINA 100 MG X 10 TABLETAS RECUBIERTAS,farmadon,https://www.farmadon.com.ve/wp-content/uploads/2025/04/Nitrofurantoina-100Mg-X-10-Tabletas-De-Dispensador-Drotafarma.png,https://fqeshthtycmzgyibiurq.supabase.co/storage/v1/object/public/crsnimages/catalogo/2fdb8037-ba1e-4f6c-a761-b4ede627d1a8.jpg,,aplicada,
38564,ME44220/2,NITROFURANTOINA 50 MG X 10 TABLETAS RECUBIERTAS,farmadon,https://www.farmadon.com.ve/wp-content/uploads/2025/12/Nitrofurantoina-Blis-50Mg-X-10Tab.-Drotafarma.png,https://fqeshthtycmzgyibiurq.supabase.co/storage/v1/object/public/crsnimages/catalogo/f5037c80-37dd-4530-b618-8689aefa59e4.jpg,,aplicada,
38566,ME34437,NITROFURAZONA 0.2 % CREMA,farmadon,https://www.farmadon.com.ve/wp-content/uploads/2025/01/Nitrofurazona-0.2-Ung-X-30Gr.-Hym.png,https://fqeshthtycmzgyibiurq.supabase.co/storage/v1/object/public/crsnimages/catalogo/7fff7675-e0ec-4974-8027-eefbe43a45c9.jpg,,aplicada,
38580,ME37707,NYTAXIN 500 MG X 6 CAPSULAS BLANDAS,farmadon,https://www.farmadon.com.ve/wp-content/uploads/2021/03/Nytaxin-Nitazoxanida-500mg-x-6-Capsulas-Vivax.png,https://fqeshthtycmzgyibiurq.supabase.co/storage/v1/object/public/crsnimages/catalogo/1e3fdfda-509c-440b-9f7a-20b8a9dce931.jpg,,aplicada,
38581,ME43411,PREDNISOLONA ACETATO 1 % SUSPENSION OFTALMICA,farmatodo,https://lh3.googleusercontent.com/K7BLTnwdm-tp-hNcr3FV5CdlGUL0KLuJ3ej_qtokeBW9-uvI9FGiWJ9cd-vj3CBRUfikm5KpZAFtGMoQroVKf40JmXRX0mAkmA,https://fqeshthtycmzgyibiurq.supabase.co/storage/v1/object/public/crsnimages/catalogo/17639977-b770-49b2-97ba-7aa6c7e930fd.jpg,,aplicada,
38586,ME42964,OLANZAPINA 5 MG X 30 TABLETAS ORODISPERSABLES,farmatodo,https://product-images.farmatodo.com/pm9uN6rvz5rBOqHHb7RstAB8GF_8YeH--fmwddPODzcHgVPHDfan3i2DZ909MmJg1IC96uxCoGPONgtFx4SrFYYVdCAYI1lZzYIjOjuyvi4Ylkwi,https://fqeshthtycmzgyibiurq.supabase.co/storage/v1/object/public/crsnimages/catalogo/58672ce3-e4d2-41df-a92a-9d5b76bb5ca3.jpg,,aplicada,
38592,ME40779,OLMESARTAN MEDOXOMIL 20 MG X 30 TABLETAS RECUBIERTAS,farmago,https://www.farmago.com.ve/web/image/product.template/53823/image_1024,https://fqeshthtycmzgyibiurq.supabase.co/storage/v1/object/public/crsnimages/catalogo/7d54941a-24c3-4828-8b8b-18b9b48ed735.jpg,,aplicada,
38596,ME27785/3,OMEPRAZOL 20 MG X 10 CAPSULAS CON MICROGRANULOS ENTERICOS,farmatodo,https://lh3.googleusercontent.com/vcJr1XQon-sjG-tX-lbpoxWZ4IocY7-aoMOmvWS_758y_KY2tZygBzue7W83ixj0OOzR9QrKroZHr1nnqDFRZ8du87BKa5B7uhA,https://fqeshthtycmzgyibiurq.supabase.co/storage/v1/object/public/crsnimages/catalogo/2e904939-c004-41cc-80cf-da653c6b33e4.jpg,,aplicada,
38599,ME27785/6,OMEPRAZOL 20 MG X 30 CAPSULAS CON MICROGRANULOS ENTERICOS,farmatodo,https://product-images.farmatodo.com/9x8ui6JICVceU674MPEQzb10SnJzsBIoBS0r56LpU14Fw7YoVKNNPaIPIFb53pmP3f5eP1937dpmU64lhe73iJnzycNM_P6Vr5yfTZqZdALWEBIL,https://fqeshthtycmzgyibiurq.supabase.co/storage/v1/object/public/crsnimages/catalogo/15729bc5-fd73-446d-b7d2-fb0c868a89a3.jpg,,aplicada,
38600,ME27785/2,OMEPRAZOL 20 MG X 7 CAPSULAS CON MICROGRANULOS ENTERICOS,farmadon,https://www.farmadon.com.ve/wp-content/uploads/2024/06/Omeprazol-20Mg-X-7-Capsulas-Medigen.png,https://fqeshthtycmzgyibiurq.supabase.co/storage/v1/object/public/crsnimages/catalogo/bdcaeadb-c7b1-4dd1-a13a-984e9d745964.jpg,,aplicada,
38608,ME42404/3,OMEPRAZOL 40 MG X 30 CAPSULAS CON MICROGRANULOS GASTRORRESISTENTES,farmatodo,https://product-images.farmatodo.com/R3FOxj3ZavQEbH77lKprJJG1pOBpIU2UpDQMJBvG3t82YNu1LD2mKBTVaTtaO-4vjOUxtBn6IGaNFY5qNemp1acjOjidxuBxG2HADLSnYMThuoX_,https://fqeshthtycmzgyibiurq.supabase.co/storage/v1/object/public/crsnimages/catalogo/5b40e749-91e8-48ea-9cce-153888529198.jpg,,aplicada,
38609,ME42404/2,OMEPRAZOL 40 MG X 7 CAPSULAS CON MICROGRANULOS GASTRORRESISTENTES,farmatodo,https://product-images.farmatodo.com/R3FOxj3ZavQEbH77lKprJJG1pOBpIU2UpDQMJBvG3t82YNu1LD2mKBTVaTtaO-4vjOUxtBn6IGaNFY5qNemp1acjOjidxuBxG2HADLSnYMThuoX_,https://fqeshthtycmzgyibiurq.supabase.co/storage/v1/object/public/crsnimages/catalogo/af5d668d-ab64-465e-9e35-93a9c32f64a8.jpg,,aplicada,
38610,ME41965/3,OMEPRAZOL 40 MG X 30 CAPSULAS GASTRORRESISTENTES,farmatodo,https://product-images.farmatodo.com/R3FOxj3ZavQEbH77lKprJJG1pOBpIU2UpDQMJBvG3t82YNu1LD2mKBTVaTtaO-4vjOUxtBn6IGaNFY5qNemp1acjOjidxuBxG2HADLSnYMThuoX_,https://fqeshthtycmzgyibiurq.supabase.co/storage/v1/object/public/crsnimages/catalogo/80360de6-9dc8-46cd-9785-c760b1ce1940.jpg,,aplicada,
38613,HO33836,OMEPRAZOL 40 MG X 1 AMPOLLA,farmatodo,https://lh3.googleusercontent.com/3-FuqOYcJoaBkeV5H8xwv74yDpUrK3UoTzV5DirM1ZjjAifXiEAWY5yUDFHtxiTnaqpzoWeyzDD9nXHM1xND2REw63t0X1CydO0LFJU8KhDVUzFF,https://fqeshthtycmzgyibiurq.supabase.co/storage/v1/object/public/crsnimages/catalogo/52ce676a-0ef0-45f4-8dc9-db79b17fd6ca.jpg,,aplicada,
38617,HO37763/2,ONDANSETRON 8 MG / 4 ML X 1 AMPOLLA,farmadon,https://www.farmadon.com.ve/wp-content/uploads/2025/06/Ondansetron-Amp.-8Mg4Ml-I.VI_.M-Distrilab.png,https://fqeshthtycmzgyibiurq.supabase.co/storage/v1/object/public/crsnimages/catalogo/50ff7da9-17b9-48fe-8080-90d7d595cb1d.jpg,,aplicada,
38618,HO37763/3,ONDANSETRON 8 MG / 4 ML X 5 AMPOLLAS,farmadon,https://www.farmadon.com.ve/wp-content/uploads/2025/06/Ondansetron-Amp.-8Mg4Ml-I.VI_.M-Distrilab.png,https://fqeshthtycmzgyibiurq.supabase.co/storage/v1/object/public/crsnimages/catalogo/25b29baa-bc5a-4e18-b98b-856d2ac392a8.jpg,,aplicada,
38622,HO35150/3,ONDATRIN 2 MG / ML X 5 AMPOLLAS,farmadon,https://www.farmadon.com.ve/wp-content/uploads/2022/10/Ondatrin-Amp.-2Mg-Ml-I.V-Behrens.jpg,https://fqeshthtycmzgyibiurq.supabase.co/storage/v1/object/public/crsnimages/catalogo/1221cd57-9a8d-4d93-b3a8-8f2e1afcd668.jpg,,aplicada,
38627,ME36024,ORLISTAT 120 MG X 30 CAPSULAS,farmatodo,https://lh3.googleusercontent.com/Z8SQjG0iDBujg34uVd3bCv_1HO_FoMxMd4vAyy2u27BgKs2iqdg3ai7xpjUylw7ZCuvKfC_WzB2sI0hok7MPXG1-3GYybuzaDhtbObt_8PJb1GI,https://fqeshthtycmzgyibiurq.supabase.co/storage/v1/object/public/crsnimages/catalogo/6876fffa-c66b-4750-8995-3b2f3c40188c.jpg,,aplicada,
38629,ME43862,OXCARBAZEPINA 300 MG X 30 TABLETAS RECUBIERTAS,farmatodo,https://lh3.googleusercontent.com/fDtkNYqX7BaPxAd0jUdeAJ9Y7h7zWjIHTH6XGVwGrR51vDBO1ZhMJHWCsrMr7EaRBN9LaomcwZ984KtSDQEmBZCj05BgwZd2aEVEbHhHdLRajqRe,https://fqeshthtycmzgyibiurq.supabase.co/storage/v1/object/public/crsnimages/catalogo/851c0fcd-a3b6-4777-bc82-2b38aa16c9b2.jpg,,aplicada,
38631,ME25936,OXOLAMINA JARABE,farmadon,https://www.farmadon.com.ve/wp-content/uploads/2024/12/Broxol-Tos-Jarabe-Pediatrico-Sin-Azucar-X-2-120Ml-Pharmetique.png,https://fqeshthtycmzgyibiurq.supabase.co/storage/v1/object/public/crsnimages/catalogo/ff2aa130-fd9c-4f40-8f94-def8c15db33e.jpg,,aplicada,
38633,HO41149,PALONOSETRON 0.25 MG / 5 ML SOLUCION INYECTABLE,farmadon,https://www.farmadon.com.ve/wp-content/uploads/2025/07/Palonosetron-Palnox-Ampolla-0.25Mg5Ml-I.V-Glenmark.png,https://fqeshthtycmzgyibiurq.supabase.co/storage/v1/object/public/crsnimages/catalogo/30ff651d-ac1c-448e-a9a9-26e1a01b112f.jpg,,aplicada,
38638,HO44116,PARACETAMOL 1 G / 100 ML SOLUCION PARA INFUSION,farmadon,https://www.farmadon.com.ve/wp-content/uploads/2026/09/Glassmol-Paracetamol-Amp.-1G-100Ml-I.M-I.V-Bioglass-AB.png,https://fqeshthtycmzgyibiurq.supabase.co/storage/v1/object/public/crsnimages/catalogo/d398c6b7-0f5c-4188-a60f-d3c50836daac.jpg,,aplicada,
38639,ME37850,PAROXETINA 20 MG X 30 COMPRIMIDOS RECUBIERTAS,farmatodo,https://product-images.farmatodo.com/CqQhkviaH-gzLYlagIz-ONBJSvUYWiViZijb68i2fh4FXCHgfJdrHnQQgKzODd8uCavuZuRKZWey9z7-iD31Ymqn7hrTkZw0aj-dxnIw81fjD92Y,https://fqeshthtycmzgyibiurq.supabase.co/storage/v1/object/public/crsnimages/catalogo/d7df4036-74e7-434c-874d-644ec901363e.jpg,,aplicada,
38650,HO38517,PENTOXIFILINA 300 MG / 15 ML X 5 AMPOLLAS,farmadon,https://www.farmadon.com.ve/wp-content/uploads/2023/11/PENTOXIFILINA-AMP-300MG15ML-I.V-LIVE-ALTH.jpg,https://fqeshthtycmzgyibiurq.supabase.co/storage/v1/object/public/crsnimages/catalogo/bab582f9-8974-4e16-b0d0-3a99af899627.jpg,,aplicada,
38651,ME27020,PENTOXIFILINA 400 MG X 30 COMPRIMIDOS RECUBIERTOS DE ACCION PROLONGADA,farmatodo,https://product-images.farmatodo.com/JiZJUay11jVbPJhYwQ5gD4UcsgaG3LUzcuUmXmhLlbI8v_CjZQVeXOdWnCSu6p5TIIPKiY8yqpDYl9st3rPuNlJAUTY3sMdaDt9XRTeDjQ23jrtC,https://fqeshthtycmzgyibiurq.supabase.co/storage/v1/object/public/crsnimages/catalogo/2328399f-846a-4bd1-b7d9-3eb35cc45419.jpg,,aplicada,
38653,ME12460,PEREBRON 28 MG / 5 ML JARABE SABOR A FRAMBUESA,farmadon,https://www.farmadon.com.ve/wp-content/uploads/2022/04/PEREBRON-JBE.PED_.-MIEL-LIMON-28MG-5ML-X-120ML-ELMOR.jpg,https://fqeshthtycmzgyibiurq.supabase.co/storage/v1/object/public/crsnimages/catalogo/3389cd58-6c47-4426-9e80-a7120390af52.jpg,,aplicada,
38654,ME41148,PEREBRON 28 MG / 5 ML JARABE SABOR MIEL - LIMON,farmadon,https://www.farmadon.com.ve/wp-content/uploads/2022/04/PEREBRON-JBE.PED_.-MIEL-LIMON-28MG-5ML-X-120ML-ELMOR.jpg,https://fqeshthtycmzgyibiurq.supabase.co/storage/v1/object/public/crsnimages/catalogo/13e9c618-14b8-47f3-96ea-5b074f3eebaf.jpg,,aplicada,
38663,ME37698/2,PINAVERIUM BROMURO 100 MG X 20 TABLETAS RECUBIERTAS,farmago,https://www.farmago.com.ve/web/image/product.template/59314/image_1024,https://fqeshthtycmzgyibiurq.supabase.co/storage/v1/object/public/crsnimages/catalogo/be9a89fe-32d1-4da5-8929-ce77d6deabaa.jpg,,aplicada,
38664,ME37698/3,PINAVERIUM BROMURO 100 MG X 30 TABLETAS RECUBIERTAS,farmago,https://www.farmago.com.ve/web/image/product.template/60906/image_1024,https://fqeshthtycmzgyibiurq.supabase.co/storage/v1/object/public/crsnimages/catalogo/4d2aedbb-1108-4f38-9c5e-4a6d01a87ec2.jpg,,aplicada,
38683,ME43177,PREDNISOLONA ACETATO 1 % SUSPENSION OFTALMICA,farmadon,https://www.farmadon.com.ve/wp-content/uploads/2023/11/Prednisolona-Acetato-1-Solucion-Oftalmica-X-5Ml-Distrilab.jpg,https://fqeshthtycmzgyibiurq.supabase.co/storage/v1/object/public/crsnimages/catalogo/8f20bd5e-1565-4a5f-8e29-61a50c578d74.jpg,,aplicada,
38684,ME43039/2,PREDNISOLONA 5 MG X 10 TABLETAS,farmadon,https://www.farmadon.com.ve/wp-content/uploads/2025/04/Prednisolona-5Mg-X-10-Tabletas-De-Dispensador-Laproff.png,https://fqeshthtycmzgyibiurq.supabase.co/storage/v1/object/public/crsnimages/catalogo/9310a38e-3f84-47ba-b8d8-e51102213b38.jpg,,aplicada,
38685,ME43039/3,PREDNISOLONA 5 MG X 30 TABLETAS,farmatodo,https://product-images.farmatodo.com/W-U3f1UKy_c1VVAyog-6sw9hqKQVQSHqkaUlab6do3oSdQJye5jQCs36g2BVeoqleMlH3ARAzK9KDKaNB0bAyJLzexS7UuODlz8sdnTyD9K2leBBIg,https://fqeshthtycmzgyibiurq.supabase.co/storage/v1/object/public/crsnimages/catalogo/d065a579-4015-4474-abbd-9715c6b0de64.jpg,,aplicada,
38686,ME42866/2,PREDNISOLONA 5 MG X 10 TABLETAS,farmadon,https://www.farmadon.com.ve/wp-content/uploads/2025/04/Prednisolona-5Mg-X-10-Tabletas-De-Dispensador-Laproff.png,https://fqeshthtycmzgyibiurq.supabase.co/storage/v1/object/public/crsnimages/catalogo/30338df7-3778-40d5-89c8-68d80033ce34.jpg,,aplicada,
38687,ME42866/3,PREDNISOLONA 5 MG X 30 TABLETAS,farmatodo,https://product-images.farmatodo.com/W-U3f1UKy_c1VVAyog-6sw9hqKQVQSHqkaUlab6do3oSdQJye5jQCs36g2BVeoqleMlH3ARAzK9KDKaNB0bAyJLzexS7UuODlz8sdnTyD9K2leBBIg,https://fqeshthtycmzgyibiurq.supabase.co/storage/v1/object/public/crsnimages/catalogo/1bf69e10-5ae8-44f8-8eb8-ed06c45feae5.jpg,,aplicada,
38694,ME42570/3,PREGABALINA 150 MG X 30 CAPSULAS,farmatodo,https://product-images.farmatodo.com/mpAsPOu9iTiXisDDbHY7zkyBVIpfPuJSe9LiaJyLNHHmh1cZ34r8ZKLJ9YN1YKD3aLbjJzZw4bHMihEbYCCPmcuG4_B2IgCz1DLi1akQpvKvkMfH,https://fqeshthtycmzgyibiurq.supabase.co/storage/v1/object/public/crsnimages/catalogo/ce0ed248-9268-4d66-84c7-a5fa04bbc4f8.jpg,,aplicada,
38695,ME42570/2,PREGABALINA 150 MG X 20 CAPSULAS,farmatodo,https://lh3.googleusercontent.com/Ywaim0353QY-SAV9XKblmn9yNAFjd5fIhidCsrr1oXGwhg3XHt8uFVw1_AOaS5MsP-t8TI-68TZqfk227UWu8DKGmXN1gPdR5A,https://fqeshthtycmzgyibiurq.supabase.co/storage/v1/object/public/crsnimages/catalogo/5ca31981-1c10-481b-9eb8-f8d28cf92408.jpg,,aplicada,
38702,ME39191,PROPRANOLOL 40 MG X 20 TABLETAS,farmatodo,https://product-images.farmatodo.com/qPzj3ObFFGCRLBupDGYLuV7mgd9SoupONCP-nCVj8rA7lsETo4pOa4dgEO5K5vhplMALtBCMg6M4DOryx-sZj9qqe1bEQZHMQeddJ7J5B_Kj6Q9H,https://fqeshthtycmzgyibiurq.supabase.co/storage/v1/object/public/crsnimages/catalogo/3ba61d3c-b26b-4251-b0e1-2cdda330d6a4.jpg,,aplicada,
38709,ME43431/3,QUETIAPINA 100 MG X 30 TABLETAS RECUBIERTAS,farmatodo,https://product-images.farmatodo.com/_sH0j4nv4lnhe1bct2DrraHap2gPt-_WJDjqY2kmsQsDdAlV6tcBkifryGIzRAw6aNZjqFf5UWc6bnORZ1aZBMnTTv8oXF7wXMU,https://fqeshthtycmzgyibiurq.supabase.co/storage/v1/object/public/crsnimages/catalogo/b8c85f48-fa87-46f0-a4e2-ccf5667365d9.jpg,,aplicada,
38710,ME43426,QUETIAPINA 25 MG X 30 TABLETAS RECUBIERTAS,farmatodo,https://lh3.googleusercontent.com/tC_h2TP_vILCGdp9obAoh0H7AgBGYL9NIBLLi1Jd1a-50iBMk66ZWMWw30Z4aeIBW1g6J_h_zlO10NXoagP7LZY9AXXUl31lQRMk0yUKyM8MXyE,https://fqeshthtycmzgyibiurq.supabase.co/storage/v1/object/public/crsnimages/catalogo/d9200063-2b3e-4b2f-9d77-08303caed51b.jpg,,aplicada,
38718,ME37058,RAMIPRIL 2.5 MG X 30 COMPRIMIDOS,farmadon,https://www.farmadon.com.ve/wp-content/uploads/2021/10/Ramipres-Ramipril-2.5mg-x-30-Comprimidos-Megalabs.png,https://fqeshthtycmzgyibiurq.supabase.co/storage/v1/object/public/crsnimages/catalogo/20cdedfd-30ae-4b5f-a172-49b2b2b425fc.jpg,,aplicada,
38719,HO30929,RANITIDINA 50 MG / 2 ML X 10 AMPOLLAS,farmadon,https://www.farmadon.com.ve/wp-content/uploads/2021/10/Ranitidina-Ampolla-50mg-2ml-I.M-I.V-Vitalis.jpg,https://fqeshthtycmzgyibiurq.supabase.co/storage/v1/object/public/crsnimages/catalogo/8bbf1e95-7cce-47aa-8740-1e4f29a12437.jpg,,aplicada,
38720,ME26538,RANITIDINA 150 MG X 10 COMPRIMIDOS RECUBIERTOS,farmatodo,https://lh3.googleusercontent.com/MHH8Xc0j_aePEmPB1VVCR95YnU4rb2EsJ3nqmDMFp7X9BgaVe8ECEVB6eEjKzDhYZ3NNOLR9Jo0-IgshQOt6ZPlDfSCW8eIuPWg,https://fqeshthtycmzgyibiurq.supabase.co/storage/v1/object/public/crsnimages/catalogo/0226fe32-c399-4465-a78c-59a7d6a87567.jpg,,aplicada,
38721,ME31884,RANITIDINA 300 MG X 10 TABLETAS,farmatodo,https://lh3.googleusercontent.com/L4bfv4Gtcx55UeukXFzQb3y_xX62J_cCuskSlrlat5SquRi7iKs7zoT65EMMZS5p7Rl2RVHOp9ERfcUvzqxqWqnbkRp8JQWOeBNwofP363yRXpbd,https://fqeshthtycmzgyibiurq.supabase.co/storage/v1/object/public/crsnimages/catalogo/17b5659a-1625-495a-81e8-598295af6632.jpg,,aplicada,
38724,ME44650,REUMAQUINE 200 MG X 20 TABLETAS RECUBIERTAS,farmadon,https://www.farmadon.com.ve/wp-content/uploads/2024/06/Reumaquine-200Mg-X-20-Comprimidos-Dollyfarma.png,https://fqeshthtycmzgyibiurq.supabase.co/storage/v1/object/public/crsnimages/catalogo/6b2194fb-20ce-4eea-be89-63973b963907.jpg,,aplicada,
38744,ME42922,RIVAROXABAN 15 MG X 30 TABLETAS RECUBIERTAS,farmatodo,https://product-images.farmatodo.com/j1YuEJWJEZGOX3ncQ9137c0OLPQpBfc4vHSaOSYi9ORUHgkSrnL3PQWU8Xdft1BynDt-qi6TyYsbNPRYCHSgp_28EOyvWnMu0v7KzlZjnmkocxA,https://fqeshthtycmzgyibiurq.supabase.co/storage/v1/object/public/crsnimages/catalogo/d3582747-8380-4a8d-b1cb-8d5748c2b01b.jpg,,aplicada,
38745,ME42923/2,RIVAROXABAN 20 MG X 10 TABLETAS RECUBIERTAS,farmadon,https://www.farmadon.com.ve/wp-content/uploads/2021/10/Arudil-Rivaroxaban-20mg-x-10-Tabletas-Farma.png,https://fqeshthtycmzgyibiurq.supabase.co/storage/v1/object/public/crsnimages/catalogo/4ff88da3-0613-49b4-9ccf-7f191e50a0ae.jpg,,aplicada,
38746,ME42923/3,RIVAROXABAN 20 MG X 14 TABLETAS RECUBIERTAS,farmatodo,https://product-images.farmatodo.com/J8HRiyMGf_eowNnPHyOlZcyYOTCb8X0bQ50sejImka0xJ1t4j2PzULb1Cgth0CmbUzYMA5mWs78BaA9AfFbnRiLNWP9pPa4PmIqGBRQiXDpj3fGWLw,https://fqeshthtycmzgyibiurq.supabase.co/storage/v1/object/public/crsnimages/catalogo/10fe6840-fb03-47af-85ee-f3ade4e6ec30.jpg,,aplicada,
38750,ME42632/2,ROSUVASTATINA 20 MG X 10 TABLETAS RECUBIERTAS,farmago,https://www.farmago.com.ve/web/image/product.template/59840/image_1024,https://fqeshthtycmzgyibiurq.supabase.co/storage/v1/object/public/crsnimages/catalogo/6635379c-60a4-4499-9825-4753363dae56.jpg,,aplicada,
38751,ME42632/3,ROSUVASTATINA 20 MG X 30 TABLETAS RECUBIERTAS,farmatodo,https://product-images.farmatodo.com/Ex_RufyAmNP63in1RRu2Lj5jGJyeVt5J9TGOBAOvqRVHApnlTchBIQFfdWZJtW6XaVrMYpF4YCI6mrjBs1ThSXCCWxh7uubz1kfSk7nuL0G2FDzs,https://fqeshthtycmzgyibiurq.supabase.co/storage/v1/object/public/crsnimages/catalogo/6704b42c-dd62-42cd-a3f6-d3bbbc8e0fbc.jpg,,aplicada,
38752,ME42676,ROSUVASTATINA 10 MG X 30 TABLETAS RECUBIERTAS,farmatodo,https://product-images.farmatodo.com/GoM5g75sEU-6v3uVdArnSFa0PkDSDPhXprlmrUvKQjNtHtd9uEpt-vOJfLXb0qp5bFiYsVID3-5i9eEpd-q8kWdOqQmCFFyDw0O8EqavH2s25AdS,https://fqeshthtycmzgyibiurq.supabase.co/storage/v1/object/public/crsnimages/catalogo/2bfbea8c-5ec5-4b85-ba21-2fa46338f5ac.jpg,,aplicada,
38764,ME20265,SARIFAN COMPOSITUM 0.01 G - 0.25 G X 20 TABLETAS RECUBIERTAS,farmago,https://www.farmago.com.ve/web/image/product.template/59935/image_1024,https://fqeshthtycmzgyibiurq.supabase.co/storage/v1/object/public/crsnimages/catalogo/fdd94d2e-fe8d-47fb-95b8-e9e420f7f655.jpg,,aplicada,
38770,ME31560,SECNIDAZOL 1 G X 2 TABLETAS RECUBIERTAS,farmatodo,https://lh3.googleusercontent.com/dlxFYxmCkBTus9gz8-p_PBcBOPtv2tQGh1WldmMEMUQm0cJqoq04FquPjNMQ7gKIi1tbWJTEfG4CGKJTaDh3RT--ONrqm3De-l5S,https://fqeshthtycmzgyibiurq.supabase.co/storage/v1/object/public/crsnimages/catalogo/beb6ccf5-ee5b-459a-aba1-bf6b441a3c13.jpg,,aplicada,
38781,ME32466/4,SERTRALINA 50 MG X 56 TABLETAS,farmatodo,https://lh3.googleusercontent.com/5r8Lr44TADgKOn6obDlSCcz6iVd3J7TIsQ0_eta5_Je3ZHihwFoXfULKSO9EYSYW50slHNd9iArfIvEZ-0p6ERQfddlet-h3yw,https://fqeshthtycmzgyibiurq.supabase.co/storage/v1/object/public/crsnimages/catalogo/37991364-037a-4ea7-82eb-e04ce7dbf3ac.jpg,,aplicada,
38784,ME31067/3,SERTRALINA 50 MG X 14 COMPRIMIDOS RECUBIERTOS,farmatodo,https://lh3.googleusercontent.com/5r8Lr44TADgKOn6obDlSCcz6iVd3J7TIsQ0_eta5_Je3ZHihwFoXfULKSO9EYSYW50slHNd9iArfIvEZ-0p6ERQfddlet-h3yw,https://fqeshthtycmzgyibiurq.supabase.co/storage/v1/object/public/crsnimages/catalogo/f93b8e8b-51e6-4c85-9075-692134a3c02a.jpg,,aplicada,
38786,ME43842,SERTRALINA 50 MG X 14 TABLETAS RECUBIERTAS,farmatodo,https://lh3.googleusercontent.com/5r8Lr44TADgKOn6obDlSCcz6iVd3J7TIsQ0_eta5_Je3ZHihwFoXfULKSO9EYSYW50slHNd9iArfIvEZ-0p6ERQfddlet-h3yw,https://fqeshthtycmzgyibiurq.supabase.co/storage/v1/object/public/crsnimages/catalogo/20f78bad-69bb-4947-8308-ab3b8e324e52.jpg,,aplicada,
38793,ME43690/4,SILDENAFILO 50 MG X 4 TABLETAS RECUBIERTAS,farmatodo,https://lh3.googleusercontent.com/OQsZgSBDV94roLo5mMiuIQ2c3Z-a6JgabbZTIL7gSzTE-Ea4vs_Jm0c0SAg37Z6_KYTj903YVk9MI7_oX2aGsvcUynEwMtcq3w,https://fqeshthtycmzgyibiurq.supabase.co/storage/v1/object/public/crsnimages/catalogo/dbb5cf2c-6a36-40f9-adc9-72fef5796126.jpg,,aplicada,
38800,ME43259/3,SITAGLIPTINA - METFORMINA CLORHIDRATO 50 MG - 500 MG X 30 TABLETAS RECUBIERTAS,farmago,https://www.farmago.com.ve/web/image/product.template/60153/image_1024,https://fqeshthtycmzgyibiurq.supabase.co/storage/v1/object/public/crsnimages/catalogo/5c4ca4b1-78ba-4497-a6c2-93a3c93f9ab6.jpg,,aplicada,
38807,ME43073/3,SUCRALFATO 1 G X 20 TABLETAS,farmatodo,https://lh3.googleusercontent.com/rZpuo9W7vRp2Ip9hRTgvgQg-xeZXLiwMmL6qXysArYk3eac2un6ezuxNXLCE457hwht6qbE4l-T9C0lBlQXzeKq8pH1ZgnKd7WO3mF_xwaBEq1w,https://fqeshthtycmzgyibiurq.supabase.co/storage/v1/object/public/crsnimages/catalogo/49974f0d-ad60-429b-83ee-72934341632c.jpg,,aplicada,
38808,ME43073/2,SUCRALFATO 1 G X 10 TABLETAS,farmadon,https://www.farmadon.com.ve/wp-content/uploads/2026/05/Sucralfato-1Gr-X-10Tab.-Hym-ll.png,https://fqeshthtycmzgyibiurq.supabase.co/storage/v1/object/public/crsnimages/catalogo/6934f344-3483-44ae-88d2-38a2a962c9e5.jpg,,aplicada,
38823,ME44534,TACROLIMUS 0.03 % UNGUENTO,farmatodo,https://product-images.farmatodo.com/IPd3gHFZi204ZiI9M6XjNJ_7RISfhevuvWT-VAck0gaeY3XBdQNI4AGGvjCPmqcB2_SFhGSOm5Aru-RqnTtwZydE-vpuJ5PwKDDFsiMzWOw9gmet,https://fqeshthtycmzgyibiurq.supabase.co/storage/v1/object/public/crsnimages/catalogo/b468b94d-41e0-4925-a067-7680c7b8eb24.jpg,,aplicada,
38833,ME41156/2,TALYSTO 5 MG X 10 TABLETAS MASTICABLES,farmago,https://www.farmago.com.ve/web/image/product.template/60390/image_1024,https://fqeshthtycmzgyibiurq.supabase.co/storage/v1/object/public/crsnimages/catalogo/c589de6b-caed-4ec7-b838-08236a505f41.jpg,,aplicada,
38838,ME18855,TAMOA 250 MG / 5 ML X 6 SUSPENSION,farmadon,https://www.farmadon.com.ve/wp-content/uploads/2024/01/Biotech_Pirantel_Tamoa_SuspensionOral_250mg5mL.png,https://fqeshthtycmzgyibiurq.supabase.co/storage/v1/object/public/crsnimages/catalogo/b99d4f4a-4d77-4763-b28e-7304f985f6fe.jpg,,aplicada,
38841,ME30979,TAMSULON 0.4 MG X 30 CAPSULAS DE LIBERACION CONTROLADA,farmatodo,https://lh3.googleusercontent.com/j0tpzx5UVfGCbjuRaNx0c2TUs8qBZFVx3gwqFcG1NH28fNLpz_dvaDxbzvmnrBnEvI9Hr1otD9flU7tV2i-SnfQUbeTMK4vOLuNnbZo2tkkuCWtqbQ,https://fqeshthtycmzgyibiurq.supabase.co/storage/v1/object/public/crsnimages/catalogo/fed01864-af23-4b3f-abc4-6912160bd81e.jpg,,aplicada,
38844,ME42589,TAMSULOSINA CLORHIDRATO 0.4 MG X 30 CAPSULAS DE LIBERACION PROLONGADA,farmatodo,https://lh3.googleusercontent.com/RqfYRVxJjIRqPqQt46K_8hNJiEXyyCiT2dL0GpiHKoZ6RIszQMDDDvUOM293cbREM19D-oxGp_PJhS2lV_6USTUByycC2-ywrg,https://fqeshthtycmzgyibiurq.supabase.co/storage/v1/object/public/crsnimages/catalogo/9575646d-af05-455d-95dd-2181340edfb8.jpg,,aplicada,
38856,ME36877,TERBINAFINA CLORHIDRATO 1 % CREMA TOPICA,farmatodo,https://lh3.googleusercontent.com/U7HNCLtn1r7FzP4e0v4x2uHKQnSzeY3UFR3GqhlO9xfh3-2aSCpoMvVVA0VzPLamcP0YgsixnuLZlYslkhgQvsejU9A55xTI-d6mGK3dGxCmUo9v,https://fqeshthtycmzgyibiurq.supabase.co/storage/v1/object/public/crsnimages/catalogo/3840759c-a0bf-49f6-ada7-465652868b92.jpg,,aplicada,
38863,ME42959,TIMOLOL 0.5 % SOLUCION OFTALMICA,farmatodo,https://lh3.googleusercontent.com/exTrlxb4DDDXvPfaRL_RJL0cncl69eWW1vUf2J_DiIf2b7mstsK1Haj7vrfmhI7dcKUV5dsVC15tvm1llwJ_4DdNDBV8tvpP5A,https://fqeshthtycmzgyibiurq.supabase.co/storage/v1/object/public/crsnimages/catalogo/c337cb10-80dc-4d63-bad9-2baaf9a6348c.jpg,,aplicada,
38868,HO27849/2,TIOCOLCHICOSIDO 4 MG / 2 ML X 1 AMPOLLA,farmadon,https://www.farmadon.com.ve/wp-content/uploads/2026/07/Tiocolchicosido-Ampolla-4Mg2Ml-I.M.Andilab-ll.png,https://fqeshthtycmzgyibiurq.supabase.co/storage/v1/object/public/crsnimages/catalogo/07dd1ddd-cf15-48e9-9536-ef355abcb22d.jpg,,aplicada,
38869,HO27849/4,TIOCOLCHICOSIDO 4 MG / 2 ML X 50 AMPOLLAS,farmadon,https://www.farmadon.com.ve/wp-content/uploads/2026/07/Tiocolchicosido-Ampolla-4Mg2Ml-I.M.Andilab-ll.png,https://fqeshthtycmzgyibiurq.supabase.co/storage/v1/object/public/crsnimages/catalogo/bb41c3dc-2355-4efd-b13d-990c74402ea9.jpg,,aplicada,
38870,HO27849/3,TIOCOLCHICOSIDO 4 MG / 2 ML X 2 AMPOLLAS,farmadon,https://www.farmadon.com.ve/wp-content/uploads/2026/07/Tiocolchicosido-Ampolla-4Mg2Ml-I.M.Andilab-ll.png,https://fqeshthtycmzgyibiurq.supabase.co/storage/v1/object/public/crsnimages/catalogo/20a2c2a7-3de7-4a8f-83ea-a9f7fae438ac.jpg,,aplicada,
38875,ME43629,TIZANIDINA 2 MG X 10 TABLETAS,farmadon,https://www.farmadon.com.ve/wp-content/uploads/2025/01/TIZANIDINA.png,https://fqeshthtycmzgyibiurq.supabase.co/storage/v1/object/public/crsnimages/catalogo/324bee66-0dad-43b7-acd6-23abd2a43f45.jpg,,aplicada,
38880,ME42035,TONERVOL 5 MG X 30 TABLETAS,farmadon,https://www.farmadon.com.ve/wp-content/uploads/2021/06/Tonervol-Nebivolol-5mg-x-10-Tabletas-Farma.png,https://fqeshthtycmzgyibiurq.supabase.co/storage/v1/object/public/crsnimages/catalogo/6d5b5973-8f4d-4b9e-826e-2d5d15f79e8b.jpg,,aplicada,
38884,ME40295,TRACEVAL 500 MG - 50 MG X 20 TABLETAS,farmadon,https://www.farmadon.com.ve/wp-content/uploads/2021/11/Traceval-AcetaminofenTramadol-500mg50mg-x-20-Tabletas-Valmorca.jpg,https://fqeshthtycmzgyibiurq.supabase.co/storage/v1/object/public/crsnimages/catalogo/12c14a8c-a3fc-4c4b-845a-94715af40af0.jpg,,aplicada,
38912,ME23835,VALPRON 250 MG / 5 ML JARABE,farmadon,https://www.farmadon.com.ve/wp-content/uploads/2021/05/imagen154-01.png,https://fqeshthtycmzgyibiurq.supabase.co/storage/v1/object/public/crsnimages/catalogo/c2b8a65e-4b33-4bfb-b02a-2223d79174e0.jpg,,aplicada,
38913,ME44208/2,VALSARTAN 160 MG X 10 COMPRIMIDOS RECUBIERTOS,farmadon,https://www.farmadon.com.ve/wp-content/uploads/2025/01/VALSARTAN.png,https://fqeshthtycmzgyibiurq.supabase.co/storage/v1/object/public/crsnimages/catalogo/100de528-957f-411a-a2df-f31ea1cd32be.jpg,,aplicada,
38915,ME44208/4,VALSARTAN 160 MG X 30 COMPRIMIDOS RECUBIERTOS,farmatodo,https://product-images.farmatodo.com/0tBR5MBn9R9wN4wYAyAy5bD7IOoDVQxrGMnaCxAPvcjuEDbee1S9o0r9iKZDVoWERRtGFojBb7WGpddgP3h9y0M3sd4QrE6fUQ,https://fqeshthtycmzgyibiurq.supabase.co/storage/v1/object/public/crsnimages/catalogo/a9c3cf8e-a4b5-48a9-a236-6410808d2735.jpg,,aplicada,
38923,ME35562/5,VALSARTAN - HIDROCLOROTIAZIDA 80 MG - 12.5 MG X 30 TABLETAS RECUBIERTAS,farmago,https://www.farmago.com.ve/web/image/product.template/61075/image_1024,https://fqeshthtycmzgyibiurq.supabase.co/storage/v1/object/public/crsnimages/catalogo/cb775365-df95-440e-9173-d4db8619673f.jpg,,aplicada,
38926,ME38613,VALSARTAN - HIDROCLOROTIAZIDA 80 MG - 12.5 MG X 30 TABLETAS RECUBIERTAS,farmago,https://www.farmago.com.ve/web/image/product.template/61075/image_1024,https://fqeshthtycmzgyibiurq.supabase.co/storage/v1/object/public/crsnimages/catalogo/23901041-ba70-4026-be08-614834641bf1.jpg,,aplicada,
38931,ME44465,VALSARTAN 160 MG X 30 TABLETAS RECUBIERTAS,farmatodo,https://product-images.farmatodo.com/0tBR5MBn9R9wN4wYAyAy5bD7IOoDVQxrGMnaCxAPvcjuEDbee1S9o0r9iKZDVoWERRtGFojBb7WGpddgP3h9y0M3sd4QrE6fUQ,https://fqeshthtycmzgyibiurq.supabase.co/storage/v1/object/public/crsnimages/catalogo/ed5d02ae-e08e-4c3e-bcb4-0d9ec636d43d.jpg,,aplicada,
38932,ME37644/2,VALSARTAN 80 MG X 14 CAPSULAS,farmatodo,https://lh3.googleusercontent.com/b6ynXuQS_0enNI1T1guGNlrowWBwN-CNZObPMFXW3qfFmpBT_PFAuoK52QQkj6odPWNIhXv-2YC8ICOfI41iLKzco9fAoydYZdE,https://fqeshthtycmzgyibiurq.supabase.co/storage/v1/object/public/crsnimages/catalogo/4ce49c2b-16bf-411b-bc65-f4f02b730e37.jpg,,aplicada,
38933,ME37644/3,VALSARTAN 80 MG X 30 CAPSULAS,farmatodo,https://product-images.farmatodo.com/8l9kMdwpLxeJZULZ6918_xZr-szLRbuePwVFjnc9-QYZ6cxAH7Lr4SneHNgDl-8LXMvWD_Dm3JryfXa_updUv05ImCr9pTgf-Ur7ZSalZB5yW3jp,https://fqeshthtycmzgyibiurq.supabase.co/storage/v1/object/public/crsnimages/catalogo/d0aff260-a124-4724-85e4-8a5478566e0e.jpg,,aplicada,
38945,ME43348/3,DIOSMINA - HESPERIDINA 450 MG - 50 MG X 30 CAPSULAS BLANDAS,farmadon,https://www.farmadon.com.ve/wp-content/uploads/2025/06/Venactin-Diosmina-Hesp.-450Mg50Mg-X-30Caps.-Vivax.png,https://fqeshthtycmzgyibiurq.supabase.co/storage/v1/object/public/crsnimages/catalogo/c2fb6ce2-2fae-421b-8618-b1238f3e4482.jpg,,aplicada,
38952,ME42486,VILDAGLIPTINA 50 MG X 30 COMPRIMIDOS,farmatodo,https://product-images.farmatodo.com/t5bLjF5k9rD8Y0SJd5JdcLLDs8aW0ykFVWUBSlpedoPqEV6Y-52aM8vTnxY6XYmujx6RBVftNrHkKOP_N5LXvfQjVy6wi9fHQz8aT9ylCCG5YufQhA,https://fqeshthtycmzgyibiurq.supabase.co/storage/v1/object/public/crsnimages/catalogo/e967d4ce-671e-4843-9a7f-60163f8d39e1.jpg,,aplicada,
38960,HO27999,VITAMINA C 500 MG / 5 ML X 10 AMPOLLAS,farmadon,https://www.farmadon.com.ve/wp-content/uploads/2026/07/VITAMINA-C-AMP.-500MG-5ML-I.M-I.V.ANDILAB.png,https://fqeshthtycmzgyibiurq.supabase.co/storage/v1/object/public/crsnimages/catalogo/6c14de20-21f1-49ca-b8bb-a42d057651ee.jpg,,aplicada,
38963,ME44099/3,VITAMINA C 500 MG X 15 TABLETAS MASTICABLES SABOR A NARANJA,farmadon,https://www.farmadon.com.ve/wp-content/uploads/2021/10/Cevax-Vitamina-C-500mg-x-15-Capsulas-Vivax.png,https://fqeshthtycmzgyibiurq.supabase.co/storage/v1/object/public/crsnimages/catalogo/6e226bed-74a3-42b2-8239-672ef42aed00.jpg,,aplicada,
38964,ME44099/4,VITAMINA C 500 MG X 30 TABLETAS MASTICABLES SABOR A NARANJA,farmadon,https://www.farmadon.com.ve/wp-content/uploads/2024/03/vitadyn.png,https://fqeshthtycmzgyibiurq.supabase.co/storage/v1/object/public/crsnimages/catalogo/55ac193d-4738-4948-8142-de53f5a74805.jpg,,aplicada,
38965,ME44099/2,VITAMINA C 500 MG X 10 TABLETAS MASTICABLES SABOR A NARANJA,farmadon,https://www.farmadon.com.ve/wp-content/uploads/2024/04/Vitamina-C-Mandarina-500Mg-X-10-Tabletas-Masticables-La-Sante.jpg,https://fqeshthtycmzgyibiurq.supabase.co/storage/v1/object/public/crsnimages/catalogo/d8a0d62f-95b6-4e5c-a652-9f80e3f22193.jpg,,aplicada,
38970,HO16233,VITAMINA K1 10 MG / ML X 3 AMPOLLAS,farmadon,https://www.farmadon.com.ve/wp-content/uploads/2025/07/Vitamina-K1-Ampolla-10Mg-1Ml-Im-Iv-Alfa.png,https://fqeshthtycmzgyibiurq.supabase.co/storage/v1/object/public/crsnimages/catalogo/f722ab63-f384-4485-b4f4-748ed825f958.jpg,,aplicada,
39020,ME33987,ACIDO FOLICO 10 MG / ML SOLUCION ORAL,farmadon,https://www.farmadon.com.ve/wp-content/uploads/2021/09/Acido-Folico-En-Gotas-Pediatrico-10mgml-15ml-Klinos-ll.png,https://fqeshthtycmzgyibiurq.supabase.co/storage/v1/object/public/crsnimages/catalogo/10536e60-06b4-41ff-9220-b6133ddd39ed.jpg,,aplicada,
39027,ME33777/2,AIRON 5 MG X 10 TABLETAS MASTICABLES,farmadon,https://www.farmadon.com.ve/wp-content/uploads/2021/03/Airon-Montelukast-Pediatrico-5mg-x-10-Tabletas-Oftalmi.png,https://fqeshthtycmzgyibiurq.supabase.co/storage/v1/object/public/crsnimages/catalogo/1ab43cd9-6db2-410c-a833-17e5eba81b4f.jpg,,aplicada,
39037,ME42427,AMLODIPINO 10 MG X 20 COMPRIMIDOS,farmatodo,https://lh3.googleusercontent.com/eO54pHGaM8Kb-atmXgXlveZ7JhtVJar-XuQzdK_F5s4vi2zwrLFXVHtFrGq5aVYJ16jAL6Ci4-4FUd5soCowhJ3LvzQfr0J8mpU,https://fqeshthtycmzgyibiurq.supabase.co/storage/v1/object/public/crsnimages/catalogo/69299bf4-0ca6-4fdf-9f5c-ada9cb00897e.jpg,,aplicada,
39042,ME32836/2,AMOVIN 500 MG X 3 TABLETAS RECUBIERTAS,farmadon,https://www.farmadon.com.ve/wp-content/uploads/2021/09/Amovin-500mg-x-3-Tabletas-Cofasa.jpg,https://fqeshthtycmzgyibiurq.supabase.co/storage/v1/object/public/crsnimages/catalogo/f7a88367-17b6-4921-a087-3c6cca80546b.jpg,,aplicada,
39057,ME41982,ANTAAR HCT 2.5 MG - 6.25 MG X 30 TABLETAS,farmadon,https://www.farmadon.com.ve/wp-content/uploads/2025/10/Antaar-HCT-25-mg-625-mg-x-30-Tab.jpg,https://fqeshthtycmzgyibiurq.supabase.co/storage/v1/object/public/crsnimages/catalogo/e246a65d-d79a-431e-91fc-50adb5b94e9c.jpg,,aplicada,
39076,ME31478,ARTRODAR 50 MG X 30 CAPSULAS,farmadon,https://www.farmadon.com.ve/wp-content/uploads/2021/10/Artrodar-Diacereina-50mg-x-30-Capsulas-–-Leti.jpg,https://fqeshthtycmzgyibiurq.supabase.co/storage/v1/object/public/crsnimages/catalogo/d4c413e2-fdaf-4ca7-b10e-a84fb4db8335.jpg,,aplicada,
39084,ME43982,ATORVASTATINA - EZETIMIBA 20 MG - 10 MG COMPRIMIDOS RECUBIERTOS,farmatodo,https://lh3.googleusercontent.com/_LHwhXcCYLWT3M_A94NaSc_hOsgo_Bt-6TwL4eG6BMuf_bfBFMXkMvcYtROuiORmZYLjxyBqGubYovKHs9RvCBhRHClkAPKSob-d7BbTA871-RAzBQ,https://fqeshthtycmzgyibiurq.supabase.co/storage/v1/object/public/crsnimages/catalogo/29386e2b-d426-4a43-83e9-64d9ecd73a5f.jpg,,aplicada,
39086,ME42454,ATORVASTATINA 40 MG COMPRIMIDOS RECUBIERTOS,farmatodo,https://product-images.farmatodo.com/koi1c1e_iaPa0ziW0nhu-OtRhZh4t77oxcqBMEbPev9efnSEuRqLqYWGmxjKnOJLs9YrHKMhBBTq_dYM5Rh0z47_qjgpaa5M530,https://fqeshthtycmzgyibiurq.supabase.co/storage/v1/object/public/crsnimages/catalogo/66989c20-c173-47e9-9b95-37660bc3e693.jpg,,aplicada,
39105,ME42418,BISOPROLOL FUMARATO 1.25 MG COMPRIMIDOS RECUBIERTOS,farmago,https://www.farmago.com.ve/web/image/product.template/53856/image_1024,https://fqeshthtycmzgyibiurq.supabase.co/storage/v1/object/public/crsnimages/catalogo/ab1b36ed-d9aa-443c-b42f-55d8546805f0.jpg,,aplicada,
39107,ME42420,BISOPROLOL FUMARATO 5 MG COMPRIMIDOS RECUBIERTOS,farmatodo,https://lh3.googleusercontent.com/_TrdZXNs-6hb08O7Amlg01y5s6aeVCoRzISZFKKvhWD567ZyY7NJdmKGtWGJiyDRWkWw6BCBeGhyTPb80g8reo9f1-LveOF53SsBOMfZwszXeUDnug,https://fqeshthtycmzgyibiurq.supabase.co/storage/v1/object/public/crsnimages/catalogo/c7a1e7b4-eb59-4362-b19a-a7b45cde0708.jpg,,aplicada,
39110,ME42419,BISOPROLOL FUMARATO 2.5 MG COMPRIMIDOS RECUBIERTOS,farmatodo,https://product-images.farmatodo.com/uj8L6usCVl42w84N9o6ukEGicUrevVminVJiGn5OWE9lYcme22JTiCV6U8r6A1mIjWC_HWuhdR-GTBgMjtsRcj6yUo1cpsMKMkU7SuW42lf_GEw_,https://fqeshthtycmzgyibiurq.supabase.co/storage/v1/object/public/crsnimages/catalogo/d35e79f8-8c5f-4188-85ac-42e2a8ffe4a5.jpg,,aplicada,
39121,ME42750,CANDESARTAN CILEXETILO 8 MG COMPRIMIDOS,farmago,https://www.farmago.com.ve/web/image/product.template/54184/image_1024,https://fqeshthtycmzgyibiurq.supabase.co/storage/v1/object/public/crsnimages/catalogo/0d2557d1-d98e-4e7c-bb92-c12b60d4a4df.jpg,,aplicada,
39126,ME43806,CARBETAL 8 MG X 30 TABLETAS,farmadon,https://www.farmadon.com.ve/wp-content/uploads/2026/06/Carbetal-8Mg-X-30Tab.-Cofasa-ll.png,https://fqeshthtycmzgyibiurq.supabase.co/storage/v1/object/public/crsnimages/catalogo/1748fcae-779e-476a-b1f5-216c3551fa89.jpg,,aplicada,
39135,ME31589,CETIRIZINA 1 MG / ML SOLUCION ORAL,farmago,https://www.farmago.com.ve/web/image/product.template/54451/image_1024,https://fqeshthtycmzgyibiurq.supabase.co/storage/v1/object/public/crsnimages/catalogo/b67681ad-e3c3-40eb-b148-df17662779ec.jpg,,aplicada,
39142,ME32032,CIPROFLOXACINA 750 MG COMPRIMIDOS RECUBIERTOS,farmadon,https://www.farmadon.com.ve/wp-content/uploads/2021/10/Ciprofloxacina-750mg-x-6-Comprimidos-Spefar.png,https://fqeshthtycmzgyibiurq.supabase.co/storage/v1/object/public/crsnimages/catalogo/7da3e1f3-203b-48ac-8646-697b708daf5b.jpg,,aplicada,
39143,ME33398,CLARITROMICINA 500 MG COMPRIMIDOS RECUBIERTOS,farmatodo,https://product-images.farmatodo.com/qZLlHMFzMqTLcESJ66a0Fj2mioiJS5mOjHQZwST_rZ3hjJQZBzVI-z-HLMwSPFKzjlnYug4h5-5YOppu-2TYAqonhFTcI4_U9Q,https://fqeshthtycmzgyibiurq.supabase.co/storage/v1/object/public/crsnimages/catalogo/d155816a-3c0a-4e2c-8e60-8ae82228882e.jpg,,aplicada,
39144,ME42557,CLINDAMICINA 300 MG X 16 CAPSULAS,farmadon,https://www.farmadon.com.ve/wp-content/uploads/2023/09/Clindamicina-300Mg-X-16-Capsulas-Genven.jpg,https://fqeshthtycmzgyibiurq.supabase.co/storage/v1/object/public/crsnimages/catalogo/ca4ef84c-8332-4ab8-9833-0f9ed920aed3.jpg,,aplicada,
39179,ME43570,DESLORATADINA - MONTELUKAST 5 MG - 10 MG COMPRIMIDOS RECUBIERTOS,farmatodo,https://lh3.googleusercontent.com/GP7irmzab28o_6QC9EvB9d4LnDjKx_QK_7Nf0d9Sni1BYgx2aJWbk3fp2Ke_tT-8angSnJmScS2-0jyEvJHByssq_8JsAwk1T2mTzRwHF6Q4IYX2,https://fqeshthtycmzgyibiurq.supabase.co/storage/v1/object/public/crsnimages/catalogo/74edcb70-4dda-430f-8dd9-6791a6ba4f2a.jpg,,aplicada,
39182,ME31107,DICLOFENAC DIETILAMINO 1.16 % GEL,farmadon,https://www.farmadon.com.ve/wp-content/uploads/2025/10/Campal-Diclofenac-Dietilamino-1.16-Gel-50Gr.-Siegfried-new-ll.png,https://fqeshthtycmzgyibiurq.supabase.co/storage/v1/object/public/crsnimages/catalogo/6a225098-0afc-41be-9a71-f980efb5aa2f.jpg,,aplicada,
39195,ME41759,DOLGRIP X 10 CAPSULAS,farmago,https://www.farmago.com.ve/web/image/product.template/55810/image_1024,https://fqeshthtycmzgyibiurq.supabase.co/storage/v1/object/public/crsnimages/catalogo/ecaaf603-eac7-4ef2-b455-529db06b51b2.jpg,,aplicada,
39207,ME44071,EVABOLIN 10 MG X 30 TABLETAS RECUBIERTAS,farmadon,https://www.farmadon.com.ve/wp-content/uploads/2025/11/Evabolin-Empagliflozina-10Mg-X-30Tab.-Cofasa.png,https://fqeshthtycmzgyibiurq.supabase.co/storage/v1/object/public/crsnimages/catalogo/230f2455-c2a7-42cb-8c9a-cc375b5d0b26.jpg,,aplicada,
39227,ME37521,GABAPENTINA 400 MG X 20 CAPSULAS,farmadon,https://www.farmadon.com.ve/wp-content/uploads/2022/10/Gabapentina-400Mg-X-20-Capsulas-Spefar.png,https://fqeshthtycmzgyibiurq.supabase.co/storage/v1/object/public/crsnimages/catalogo/929dd0bf-a450-4b13-a02a-eafc90228091.jpg,,aplicada,
39245,ME42460,HIDROCLOROTIAZIDA 12.5 MG COMPRIMIDOS,farmatodo,https://lh3.googleusercontent.com/-oxgWcztYsYGhdpoVj1LCyT1w6mUsMQaRYEZBR5yoBTlwnmQckpWK8QPN4QuVR_DQkDN8FmyNZ8TqVEWE2_j3a0UNQr-QNB80DKy,https://fqeshthtycmzgyibiurq.supabase.co/storage/v1/object/public/crsnimages/catalogo/947b9718-d316-496a-be7a-c9a4f521530b.jpg,,aplicada,
39247,ME42590,HIDROCLOROTIAZIDA 25 MG COMPRIMIDOS,farmatodo,https://lh3.googleusercontent.com/NeToYKwjsY3H54kUqHHO5JjFCuTronJM9rRr-aTdd9HNoIQpVRxpfkrlocWmr5U64Tb6WmlrOiVELn63pgVG56eRUxurj30Jtgf2-H-ixOcMK8Vd,https://fqeshthtycmzgyibiurq.supabase.co/storage/v1/object/public/crsnimages/catalogo/9a4c6278-62da-4ec8-b971-90ee67c3debe.jpg,,aplicada,
39248,ME39472,IBUPROFENO 400 MG-TIOCOLCHICOSIDO 4 MG COMPRIMIDOS,farmadon,https://www.farmadon.com.ve/wp-content/uploads/2022/11/Colfene-IbuprofenoTiocolchicosido-400Mg4Mg-X-10Tabletas-Elmor.jpg,https://fqeshthtycmzgyibiurq.supabase.co/storage/v1/object/public/crsnimages/catalogo/6dfe1040-14ec-48f9-a5f4-f4b9a9f320bd.jpg,,aplicada,
39250,ME26698,IBUPROFENO 400 MG COMPRIMIDOS RECUBIERTOS,farmatodo,https://lh3.googleusercontent.com/n7yInBhW7igpZjLelJsaca-op0sF18BFO8KLMpWMRoXyPWd5AHv8Xi3b_R5D8qnBCbAUHiMAsWTPxP2G7KNmC3p6Umy7OSTusZk,https://fqeshthtycmzgyibiurq.supabase.co/storage/v1/object/public/crsnimages/catalogo/b11573b9-1f38-4991-9c07-db8f1d9d26ea.jpg,,aplicada,
39258,ME42456,IRBESARTAN 300 MG COMPRIMIDOS,farmatodo,https://lh3.googleusercontent.com/PNmC7a60oz-Ghdg1y5_zcPpSW0zrehQWf-LiWTjYN9Vr8557YJz2uBJ_Rd3JPLL0_YLNqHK0oc2t3JRFY_FKoAeIRS0PmR_vP4U,https://fqeshthtycmzgyibiurq.supabase.co/storage/v1/object/public/crsnimages/catalogo/f8a96f32-b1d7-44d4-a63b-e82c3eff90f2.jpg,,aplicada,
39265,ME33620,IVAGAN FORTE X 100 TABLETAS RECUBIERTAS,farmadon,https://www.farmadon.com.ve/wp-content/uploads/2021/10/Biotech_Acetominofen-Dihidroergotamina-Cafeina_Ivagan_TabletasRecubiertas_650mg1mg40mg.png,https://fqeshthtycmzgyibiurq.supabase.co/storage/v1/object/public/crsnimages/catalogo/73d48e90-15d0-4852-9090-2dd1e6a34d9f.jpg,,aplicada,
39266,ME44048,IZABAN DPP 10 MG - 5 MG COMPRIMIDOS RECUBIERTOS,farmadon,https://www.farmadon.com.ve/wp-content/uploads/2026/05/Izaban-Dpp-10Mg-5Mg-X-30Comp.Rec-Leti-ll.png,https://fqeshthtycmzgyibiurq.supabase.co/storage/v1/object/public/crsnimages/catalogo/72072a37-ade2-4354-8f58-cc5d93a2ff63.jpg,,aplicada,
39270,HO30273/3,KETOPROFENO 100 MG / 2 ML X 10 AMPOLLAS,farmadon,https://www.farmadon.com.ve/wp-content/uploads/2022/05/Ketoprofeno-Ampolla-100Mg-2Ml-I.V.-I.M-Tiares.jpg,https://fqeshthtycmzgyibiurq.supabase.co/storage/v1/object/public/crsnimages/catalogo/2ff6fb7b-e8a3-480f-972f-10c8a6185d2d.jpg,,aplicada,
39287,ME29812,LORATADINA 10 MG COMPRIMIDOS,farmatodo,https://product-images.farmatodo.com/ybhWOmVOP8Zj26Z6EmhSoBEkC5VAslNeFIyfctB8BGrpAkkiRlWynyJdT2TeHdcNGRCZG-hUyBEVvq6j-xF1bpanHRoa-m3YBv9LDU6y_4fhrS3J,https://fqeshthtycmzgyibiurq.supabase.co/storage/v1/object/public/crsnimages/catalogo/f147bd88-18e6-4ff7-a76a-c531be7000ec.jpg,,aplicada,
39291,ME42439,LOSARTAN POTASICO 100 MG COMPRIMIDOS RECUBIERTOS,farmatodo,https://product-images.farmatodo.com/sBKNncc2-i_V9Wpox3Ki6kU2ptrhaDLY3pFIK3_tEHVlUmiPESehQFeWaAjGbAtpxfuFzDbuJ3MG9Y4QiEHTTPUNWcjsUjIMXcyM8IDgTMLdY6vI,https://fqeshthtycmzgyibiurq.supabase.co/storage/v1/object/public/crsnimages/catalogo/c6eb36af-fe1d-4e39-89af-d8a5676858c0.jpg,,aplicada,
39296,ME31259,MELOXICAM 15 MG COMPRIMIDOS,farmatodo,https://product-images.farmatodo.com/04p-CYUW7iiW7Rtg20N3MEC_tF7K-sz5gkoFpiL2s9fstIeGdPNwx0cd0GtyrXDvDA6drecNFcUEcGNV-GrIJyKyAmJlt0FwTuRX,https://fqeshthtycmzgyibiurq.supabase.co/storage/v1/object/public/crsnimages/catalogo/dceee1d5-4c9b-4b37-9333-899db7380ab5.jpg,,aplicada,
39299,ME37492,METFORMINA CLORHIDRATO 850 MG COMPRIMIDOS,farmatodo,https://lh3.googleusercontent.com/Ni416cWGoW0W7EGYUE3o91AdSjF42EWs4gPkC04lOaCUu3_jFpGkny4wViss1y-HCjTWh7vncj-80sCrW6vlZfoLibJ1qkT8wN4s,https://fqeshthtycmzgyibiurq.supabase.co/storage/v1/object/public/crsnimages/catalogo/a8350ab4-3f3e-4512-9bb0-9d2ef9762cd6.jpg,,aplicada,
39308,ME35447,MONTELUKAST 10 MG COMPRIMIDOS RECUBIERTOS,farmatodo,https://lh3.googleusercontent.com/5T9PHMO3H5xVSIXOq16T3XaNEtdOmN88NwlioSQHpl5BDJpOpg129a2I3BlTj2zKY1XjpLE7O3feC1JwLzsAi3dIR8w1RT0Ep3uJKdwXe61DZUdzKw,https://fqeshthtycmzgyibiurq.supabase.co/storage/v1/object/public/crsnimages/catalogo/a2e8b268-b37a-4609-9ed1-8532bb1542b8.jpg,,aplicada,
39313,ME42756,NAFAZOLINA CLORHIDRATO 0.12 MG / ML SOLUCION OFTALMICA,farmago,https://www.farmago.com.ve/web/image/product.template/54734/image_1024,https://fqeshthtycmzgyibiurq.supabase.co/storage/v1/object/public/crsnimages/catalogo/d0015552-b2dd-4be2-b3a7-85e5f2278c59.jpg,,aplicada,
39328,ME30489,OMEPRAZOL 20 MG X 28 CAPSULAS,farmadon,https://www.farmadon.com.ve/wp-content/uploads/2021/10/Omeprazol-20mg-x-28-Capsulas-–-Calox.png,https://fqeshthtycmzgyibiurq.supabase.co/storage/v1/object/public/crsnimages/catalogo/a1828514-567f-4eda-8e99-63c8b88afd0b.jpg,,aplicada,
39334,ME26053,OXOLAMINA 28 MG / 5 ML JARABE,farmadon,https://www.farmadon.com.ve/wp-content/uploads/2022/04/PEREBRON-JBE.PED_.-MIEL-LIMON-28MG-5ML-X-120ML-ELMOR.jpg,https://fqeshthtycmzgyibiurq.supabase.co/storage/v1/object/public/crsnimages/catalogo/b1e6358b-6f60-4168-aebf-8f96b4f1839f.jpg,,aplicada,
39335,ME26052,OXOLAMINA 50 MG / 5 ML JARABE,farmadon,https://www.farmadon.com.ve/wp-content/uploads/2024/08/Oxolamina-Jbe.Ped_.-50Mg5Ml-X-120Ml-Genven.png,https://fqeshthtycmzgyibiurq.supabase.co/storage/v1/object/public/crsnimages/catalogo/7b28e96c-19ac-4f30-9d15-38faf57a497b.jpg,,aplicada,
39339,ME26205,OXOLAMINA 50 MG / 5 ML JARABE,farmadon,https://www.farmadon.com.ve/wp-content/uploads/2024/08/Oxolamina-Jbe.Ped_.-50Mg5Ml-X-120Ml-Genven.png,https://fqeshthtycmzgyibiurq.supabase.co/storage/v1/object/public/crsnimages/catalogo/0c20baaf-5c30-47a1-bdf6-197c15f4ad52.jpg,,aplicada,
39345,ME42605B,QUETIAPINA 100 MG COMPRIMIDOS RECUBIERTOS,farmatodo,https://product-images.farmatodo.com/_sH0j4nv4lnhe1bct2DrraHap2gPt-_WJDjqY2kmsQsDdAlV6tcBkifryGIzRAw6aNZjqFf5UWc6bnORZ1aZBMnTTv8oXF7wXMU,https://fqeshthtycmzgyibiurq.supabase.co/storage/v1/object/public/crsnimages/catalogo/4d6dcbc7-cc66-4cfb-9f72-73d66b219653.jpg,,aplicada,
39346,ME42604,QUETIAPINA 25 MG COMPRIMIDOS RECUBIERTOS,farmatodo,https://lh3.googleusercontent.com/tC_h2TP_vILCGdp9obAoh0H7AgBGYL9NIBLLi1Jd1a-50iBMk66ZWMWw30Z4aeIBW1g6J_h_zlO10NXoagP7LZY9AXXUl31lQRMk0yUKyM8MXyE,https://fqeshthtycmzgyibiurq.supabase.co/storage/v1/object/public/crsnimages/catalogo/a9c82fa0-9863-405c-8322-ddd577327a8d.jpg,,aplicada,
39348,ME42526,QUETIAPINA 25 MG COMPRIMIDOS,farmatodo,https://lh3.googleusercontent.com/tC_h2TP_vILCGdp9obAoh0H7AgBGYL9NIBLLi1Jd1a-50iBMk66ZWMWw30Z4aeIBW1g6J_h_zlO10NXoagP7LZY9AXXUl31lQRMk0yUKyM8MXyE,https://fqeshthtycmzgyibiurq.supabase.co/storage/v1/object/public/crsnimages/catalogo/9adc53d7-acaf-431b-ad76-db44569b0f59.jpg,,aplicada,
39352,ME42185,REHIDROSOL 45 MEQ / L SOLUCION ELECTROLITICA USO ORAL SABOR A FRAMBUESA,farmadon,https://www.farmadon.com.ve/wp-content/uploads/2023/11/Rehidrosol-Zinc-60MeqL-S.Manzana.-Sol.-X-600Ml-Behrens.jpg,https://fqeshthtycmzgyibiurq.supabase.co/storage/v1/object/public/crsnimages/catalogo/bff11446-38dc-4609-973a-44cf89c5a5ba.jpg,,aplicada,
39354,ME42186,REHIDROSOL 60 MEQ / L SOLUCION ELECTROLITICA USO ORAL SABOR A MANZANA,farmadon,https://www.farmadon.com.ve/wp-content/uploads/2023/11/Rehidrosol-Zinc-60MeqL-S.Manzana.-Sol.-X-600Ml-Behrens.jpg,https://fqeshthtycmzgyibiurq.supabase.co/storage/v1/object/public/crsnimages/catalogo/f1c92b6e-aec1-46aa-b473-246f05974100.jpg,,aplicada,
39358,ME36523,SIMVASTATINA 20 MG COMPRIMIDOS RECUBIERTOS,farmatodo,https://lh3.googleusercontent.com/uUgewxmwO4skDlkXF_okn_aafE-khRv1_Sd73U4cpcbw-s70gjraKXZD0b5Z7ZJQKe5tnV9yhtUR-rIYUT-o-saRnc4o7gX85Oo,https://fqeshthtycmzgyibiurq.supabase.co/storage/v1/object/public/crsnimages/catalogo/acba743c-cf43-4843-ba6b-ef58342c066c.jpg,,aplicada,
39361,ME42518,SERTRALINA 100 MG COMPRIMIDOS,farmatodo,https://lh3.googleusercontent.com/o3s0lwJK_KnJsQvX0n2e2B2mwnqcZwKeY6qjrX5lLvfBD-L7iTQqk613WBleB0YJDvomagRgXS83tsxtAqfMEwrm6tsizemPTiMebWmLI-6JP8Ly,https://fqeshthtycmzgyibiurq.supabase.co/storage/v1/object/public/crsnimages/catalogo/9c21c600-c1b5-4740-93db-2e249b4eb504.jpg,,aplicada,
39362,ME42517,SERTRALINA 50 MG COMPRIMIDOS,farmatodo,https://lh3.googleusercontent.com/Cla3RkJzcTBdJgULu7V-HQYriYrijIs60UCTyhoHItmI60Q9vFG5rAQOUq9EST7iL3qywGJujFM-YRJhCurb-gaYCQ3QCv8PGzpjMIupHMpkntob,https://fqeshthtycmzgyibiurq.supabase.co/storage/v1/object/public/crsnimages/catalogo/8f094cae-3250-48bd-8773-3522cc1074c2.jpg,,aplicada,
39375,ME31158,SULTAMICILINA 250 MG / 5 ML POLVO PARA SUSPENSION ORAL,farmatodo,https://lh3.googleusercontent.com/EutZv_Y-dPceQBQB4P7pC-SWq67Z_RqWAMcVvQKblAEMT4X411He2AG6TjUgh9e1RD8AAEuV5EtgbTLCwqHiILLDVtmXF9OE4yg,https://fqeshthtycmzgyibiurq.supabase.co/storage/v1/object/public/crsnimages/catalogo/a251c537-b25a-400d-b91d-cdbd77542a29.jpg,,aplicada,
39376,ME32130,SULTAMICILINA 750 MG COMPRIMIDOS RECUBIERTOS,farmatodo,https://product-images.farmatodo.com/9goXcJChymHA8SH1F5htZOUeNWvb987sOgNUZeIqGAycLF9t38ZRILyPuTaS9ZXIvYOWruNOXnGRmvm0tR0jVrrEjw6j-E6Vwa4HeURMWGM4aJo4,https://fqeshthtycmzgyibiurq.supabase.co/storage/v1/object/public/crsnimages/catalogo/8ef3da8f-7da8-4494-a0ee-ba1d078cc7dc.jpg,,aplicada,
39393,HO43730,TIOCOLCHICOSIDO 4 MG / 2 ML X 12 AMPOLLAS,farmadon,https://www.farmadon.com.ve/wp-content/uploads/2026/07/Tiocolchicosido-Ampolla-4Mg2Ml-I.M.Andilab-ll.png,https://fqeshthtycmzgyibiurq.supabase.co/storage/v1/object/public/crsnimages/catalogo/df13a1bc-4267-46fe-8ed0-2a6ca1b6d593.jpg,,aplicada,
39394,HO37915,TIOCOLCHICOSIDO 4 MG / 2 ML X 12 AMPOLLAS,farmadon,https://www.farmadon.com.ve/wp-content/uploads/2026/07/Tiocolchicosido-Ampolla-4Mg2Ml-I.M.Andilab-ll.png,https://fqeshthtycmzgyibiurq.supabase.co/storage/v1/object/public/crsnimages/catalogo/411bce98-ff21-4981-b29d-762e58211918.jpg,,aplicada,
39402,ME38569,VALSARTAN 160 MG CAPSULAS,farmadon,https://www.farmadon.com.ve/wp-content/uploads/2026/03/Valsartan-160Mg-X-30-Capsulas-Kimiceg-RR.png,https://fqeshthtycmzgyibiurq.supabase.co/storage/v1/object/public/crsnimages/catalogo/818408f9-0ebf-4d7f-b790-4fee813c930b.jpg,,aplicada,
39418,ME32679,ACRYLARM 0.2 % GEL OFTALMICO,farmatodo,https://lh3.googleusercontent.com/VN1XK81jRew_uNfbPIoej8YJGbwGUStlGafi36yG4xWObnP_uCfu-WhRMEJmBBOjxSYZguEovq7k2PwaAhjI71vvwRSBP5kLkOQ,https://fqeshthtycmzgyibiurq.supabase.co/storage/v1/object/public/crsnimages/catalogo/2d7ce2ae-2750-4c28-abcf-d1d9bb37c322.jpg,,aplicada,
39420,ME35027,ALBENDAZOL 200 MG TABLETAS RECUBIERTAS MASTICABLES,farmatodo,https://product-images.farmatodo.com/4F7GHguy95o5hLu2lhPCW91CvxFKNrEGTuNgBSg6XOQdr4Xvu19pKaerd24amfsSCU91FA8KLLkbzJaYNp1wZ8GShrvR_5ZJWdnw_9R6bjoZLWAq,https://fqeshthtycmzgyibiurq.supabase.co/storage/v1/object/public/crsnimages/catalogo/fced4ad4-f0b7-4c67-aa76-7d0d6365d96a.jpg,,aplicada,
39426,ME1482,ANGIOFLUX (SULODEXIDA) 250 LSU X 25 CAPSULAS BLANDAS,farmadon,https://www.farmadon.com.ve/wp-content/uploads/2025/04/Angioflux-250Lsu-X-25Caps.-Leti-1.png,https://fqeshthtycmzgyibiurq.supabase.co/storage/v1/object/public/crsnimages/catalogo/dabe98f5-3a47-4515-8860-dd0bb08074d2.jpg,,aplicada,
39427,ME43734,ARIPIPRAZOL 15 MG X 30 TABLETAS,farmatodo,https://lh3.googleusercontent.com/gclN3UNU6Cqk-IuGsNw3jOuh1FRlsBChuuqUdoPjoxiqP_E1wqUTn5Ajw4PiG_Ovs5Y-nBHBAwGM3O7veNzuyrdiVimpjPDlzn5yE6mWJytqPsw,https://fqeshthtycmzgyibiurq.supabase.co/storage/v1/object/public/crsnimages/catalogo/4f88f3b4-3ac1-458f-8406-f9bac7b75a77.jpg,,aplicada,
39437,ME36689,AZITROMICINA 500 MG X 3 TABLETA RECUBIERTA,farmatodo,https://product-images.farmatodo.com/cUVcDkRde1UVEyZWrCFNIYPIHEI817sqC_4yqkXTmrUZiWhm2NADfsfh_Oyo1t6zrQXJlUc4zrscNz5MfDVs6NYELxCuJFZ5RwY6bw3gtt62FlQy,https://fqeshthtycmzgyibiurq.supabase.co/storage/v1/object/public/crsnimages/catalogo/a45364f7-250a-4890-8d5e-77e47986cb6c.jpg,,aplicada,
39449,ME43037,HIOSCINA N-BUTILBROMURO 10 MG X 10 TABLETAS RECUBIERTAS,farmadon,https://www.farmadon.com.ve/wp-content/uploads/2025/04/Butilbromuro-De-Hioscina-10Mg-X-10-Tabletas-De-Dispensador-Laproff.png,https://fqeshthtycmzgyibiurq.supabase.co/storage/v1/object/public/crsnimages/catalogo/c92fb3cf-ec50-4497-bf16-d29d55d22fd9.jpg,,aplicada,
39454,ME38185,CILOSTAL 100 MG X 30 TABLETAS,farmatodo,https://product-images.farmatodo.com/Iz4uNiwRjE33siNyRYxxhx61OCBqHaEVbAFRFa_gM6SyBH-24oTmT93Vwh680HDfheRxHaf6SN0ekKF5ncMaJPYNwL7ndrNydqmEtRbj5adyow8W,https://fqeshthtycmzgyibiurq.supabase.co/storage/v1/object/public/crsnimages/catalogo/8a37b10d-78fd-4054-8bef-19c5fa20439f.jpg,,aplicada,
39458,ME42403,CLINDAMICINA 1 % GEL TOPICO,farmatodo,https://product-images.farmatodo.com/aGfZSQhMORE2dnmYssHELDu6qAFaN9PXPEai9pNdIqiynApEE7fytyWnqBQTj7uWvWPbl-G0gvLo3rC_78YdF1GNuwAvxw-oTSj88H_EYMJFnyM,https://fqeshthtycmzgyibiurq.supabase.co/storage/v1/object/public/crsnimages/catalogo/2111158a-a286-4f99-a981-97b94f8bbed0.jpg,,aplicada,
39459,ME44198,CLOBETASOL PROPIONATO 0.05 % CREMA,farmatodo,https://product-images.farmatodo.com/W_ja17uRMQ-J3PfxTE3Ziq5x-hvHK1C8_ItK14qNKo_ZDJlpWcXihTnVXOKTAhac9HulyLCGeuVGhRpJRAMG6D_uRudwXoNaN6tG,https://fqeshthtycmzgyibiurq.supabase.co/storage/v1/object/public/crsnimages/catalogo/923a45c6-2229-4d35-8cfe-d9aa2e147ab7.jpg,,aplicada,
39462,ME35192,CLOTRIMAZOL 2 % CREMA VAGINAL,farmatodo,https://lh3.googleusercontent.com/gmtTBUd7H_-RcUK5AOM4m4EZ-4PAznRhDsby5jMFRzAc2uHUEHspOfHVNWMmzheWuM89FOEcEcC3DGMihvGuijDEjkccpm6TIWXnVja-WmV22MnP,https://fqeshthtycmzgyibiurq.supabase.co/storage/v1/object/public/crsnimages/catalogo/2c19784c-3f89-4c96-8a31-42a6f82d82ad.jpg,,aplicada,
39466,ME37545,ISOTRETINOINA 10 MG X 30 CAPSULAS BLANDAS,farmatodo,https://product-images.farmatodo.com/D24zDoecdAWv1kam4xOrKQvPkfHUwndz4IDx9WB1Kc-8I2uf35Le1KLVZmm8kvKh6YhCbPVufLDvSWFWGGOVmSS17zajM7xNCg4WBmqoWUGAaLCMUg,https://fqeshthtycmzgyibiurq.supabase.co/storage/v1/object/public/crsnimages/catalogo/49075131-2a98-473f-9dff-bfe0afdd2cc5.jpg,,aplicada,
39472,ME37301,DICLOFENAC SODICO 1 % GEL,farmatodo,https://lh3.googleusercontent.com/zNi9Bc9nZOfIfGRO8OaMBw_rTxX8bZ0ONDxviV_qqW9Ka-x5_2XXSNxdip-7tUNx0DQV-f8jg8WrcmYxUcVhuS6dkpWC23H5BQZgbzgLbV7809M,https://fqeshthtycmzgyibiurq.supabase.co/storage/v1/object/public/crsnimages/catalogo/b8c7023b-1c7c-464d-a0d8-38671e09bdb2.jpg,,aplicada,
39475,HO26290,DEXAMETASONA 21-FOLATO 4 MG / ML X 10 AMPOLLAS,farmatodo,https://lh3.googleusercontent.com/yC6bBE9Jac0_ICLzXme4gw_ZukWrDQEgaHvQ_T2gjaGco10dYLWaY1aIDgUEVNFar9BsuMWwU8-sNmeALMNkBILX5qYIep1mxjCH5sXUlCc241vf,https://fqeshthtycmzgyibiurq.supabase.co/storage/v1/object/public/crsnimages/catalogo/ade69124-1733-4ed0-b13e-1b7d6e505651.jpg,,aplicada,
39479,ME42667,SITAGLIPTINA - METFORMINA CLORHIDRATO 50 MG - 500 MG TABLETAS RECUBIERTAS,farmago,https://www.farmago.com.ve/web/image/product.template/60153/image_1024,https://fqeshthtycmzgyibiurq.supabase.co/storage/v1/object/public/crsnimages/catalogo/b178e8b9-36d2-475f-a457-62d349b0b3b8.jpg,,aplicada,
39486,ME43831,LEVODROPROPIZINA 6 MG / ML SOLUCION ORAL,farmago,https://www.farmago.com.ve/web/image/product.template/68393/image_1024,https://fqeshthtycmzgyibiurq.supabase.co/storage/v1/object/public/crsnimages/catalogo/35a57f04-a72c-46d9-9ba4-24d6bc82cc55.jpg,,aplicada,
39497,ME42647,CLOTRIMAZOL 200 MG X 3 OVULOS VAGINALES,farmadon,https://www.farmadon.com.ve/wp-content/uploads/2024/09/Dymazol-Clotrimazol-200Mg-X-3-Ovulos-Distrilab.png,https://fqeshthtycmzgyibiurq.supabase.co/storage/v1/object/public/crsnimages/catalogo/05e4c357-4787-4432-912e-23c5676f2a93.jpg,,aplicada,
39500,ME36507,INSPRA 50 MG X 30 TABLETAS RECUBIERTAS,farmatodo,https://product-images.farmatodo.com/fJ4_wNfm3wMlrP9fOFCKO3xWFPgZxUiPI0tD7hRiwRwCzQ-tYG70wjzDTWb3vBzIuNyoVoV2T2tIj0RYvad6HXhKrZ3TMCJlU-J7lL99wwFurIUGcw,https://fqeshthtycmzgyibiurq.supabase.co/storage/v1/object/public/crsnimages/catalogo/c5e55e36-0e95-4398-a09c-314120553411.jpg,,aplicada,
39506,ME37839,TERBINAFINA CLORHIDRATO 1 % CREMA,farmatodo,https://lh3.googleusercontent.com/U7HNCLtn1r7FzP4e0v4x2uHKQnSzeY3UFR3GqhlO9xfh3-2aSCpoMvVVA0VzPLamcP0YgsixnuLZlYslkhgQvsejU9A55xTI-d6mGK3dGxCmUo9v,https://fqeshthtycmzgyibiurq.supabase.co/storage/v1/object/public/crsnimages/catalogo/1e8b7b58-2f04-472b-8d6d-a7e685de2005.jpg,,aplicada,
39510,HO43429,FLUCONAZOL 200 MG / 100 ML SOLUCION PARA INFUSION,farmadon,https://www.farmadon.com.ve/wp-content/uploads/2026/08/Fluconazol-Amp.-200Mg-100Ml-I.V-Ips-SM.png,https://fqeshthtycmzgyibiurq.supabase.co/storage/v1/object/public/crsnimages/catalogo/71026588-c35e-4ee1-87b6-cce9f8fd6285.jpg,,aplicada,
39517,ME32507,GLICLAZIDA 80 MG X 20 TABLETAS,farmadon,https://www.farmadon.com.ve/wp-content/uploads/2021/10/Glidan-Gliclazida-80mg-x-20-Tabletas-–-Megalabs-1.jpg,https://fqeshthtycmzgyibiurq.supabase.co/storage/v1/object/public/crsnimages/catalogo/88ece143-884a-4f24-9a09-7b7e23fbb617.jpg,,aplicada,
39523,HO34920,HIDROCORTISONA 100 MG X 10 AMPOLLAS,farmadon,https://www.farmadon.com.ve/wp-content/uploads/2024/02/Cortipra-Amp.100MgMl-I.MI_.V-Adnmedical.jpg,https://fqeshthtycmzgyibiurq.supabase.co/storage/v1/object/public/crsnimages/catalogo/9a8eb7ec-5b5a-484b-bac8-ba8f13c4a0b9.jpg,,aplicada,
39528,ME44524,IVABRADINA 5 MG X 30 TABLETAS RECUBIERTAS,farmadon,https://www.farmadon.com.ve/wp-content/uploads/2026/03/Ivaralan-5Mg-X-30Tab.Unipharma.png,https://fqeshthtycmzgyibiurq.supabase.co/storage/v1/object/public/crsnimages/catalogo/7cf22173-5356-4992-ab20-f39546c86a56.jpg,,aplicada,
39529,ME41832,JARIT 100 MG X 30 CAPSULAS BLANDAS,farmadon,https://www.farmadon.com.ve/wp-content/uploads/2021/11/Jarit-100mg-x-30-Capsulas-Pro-Capsulas.jpg,https://fqeshthtycmzgyibiurq.supabase.co/storage/v1/object/public/crsnimages/catalogo/bf9e1d13-1e28-4b53-9cce-ced5d26de5cd.jpg,,aplicada,
39545,ME43010,DESLORATADINA - MONTELUKAST 5 MG - 10 MG X 30 TABLETAS RECUBIERTAS,farmatodo,https://lh3.googleusercontent.com/GP7irmzab28o_6QC9EvB9d4LnDjKx_QK_7Nf0d9Sni1BYgx2aJWbk3fp2Ke_tT-8angSnJmScS2-0jyEvJHByssq_8JsAwk1T2mTzRwHF6Q4IYX2,https://fqeshthtycmzgyibiurq.supabase.co/storage/v1/object/public/crsnimages/catalogo/c2bca166-5713-4c44-a913-7c11625ec507.jpg,,aplicada,
39546,ME43731,MUPIROCINA 2 % UNGUENTO,farmatodo,https://product-images.farmatodo.com/zQATofkVP8nf6YGNtVHLJAgzI_0fU772UssBhDCG-ZnW8AbCE2BtT4P8jKRA0WMwmD2VDFHKHQMc1LuP5n6GcYsfwutTHiJCOiTDyvXiNeLvG3MegA,https://fqeshthtycmzgyibiurq.supabase.co/storage/v1/object/public/crsnimages/catalogo/5567825f-1e90-4ccd-82fe-e61decfad08f.jpg,,aplicada,
39555,HO44444,OMEPRAZOL 40 MG X 10 AMPOLLAS,farmadon,https://www.farmadon.com.ve/wp-content/uploads/2026/09/Omeprazol-Ampolla-40Mg-10-Ml-I.V-Globalmedic-AB.png,https://fqeshthtycmzgyibiurq.supabase.co/storage/v1/object/public/crsnimages/catalogo/b037b5a7-95de-49ad-a398-f73a21df4664.jpg,,aplicada,
39562,ME34155,PENTOXIFILINA 400 MG X 30 TABLETAS RECUBIERTAS DE LIBERACION PROLONGADA,farmatodo,https://product-images.farmatodo.com/JiZJUay11jVbPJhYwQ5gD4UcsgaG3LUzcuUmXmhLlbI8v_CjZQVeXOdWnCSu6p5TIIPKiY8yqpDYl9st3rPuNlJAUTY3sMdaDt9XRTeDjQ23jrtC,https://fqeshthtycmzgyibiurq.supabase.co/storage/v1/object/public/crsnimages/catalogo/47d56a90-24c5-41dd-9b4d-c1ab5980d06f.jpg,,aplicada,
39569,ME40781,RANITIDINA 150 MG / 10 ML X 10 SOLUCION ORAL,farmadon,https://www.farmadon.com.ve/wp-content/uploads/2024/05/Dianitin-SolOral-Ped.150Mg10Ml-X-120Ml-Distrilab.jpg,https://fqeshthtycmzgyibiurq.supabase.co/storage/v1/object/public/crsnimages/catalogo/b87bae27-b4ad-4e6e-bb61-84b326c6f4e1.jpg,,aplicada,
39582,ME42849,PERMETRINA 5 % LOCION,farmatodo,https://lh3.googleusercontent.com/LsU8mm6rZ7d0O9QVIrwePHAoBjAzmWPkOu9MVs-ujnrWauI_vpaPmImnOoFG8rtxtHQvcoNCrh7TlpqA4PPCcqktMVXcG9gCV4VLXYRZbaz0J8ZCOg,https://fqeshthtycmzgyibiurq.supabase.co/storage/v1/object/public/crsnimages/catalogo/0626fefd-0a53-4428-a35d-c0325d4e46a4.jpg,,aplicada,
39584,ME30367,SULTAMICILINA 250 MG / 5 ML POLVO PARA SUSPENSION ORAL,farmatodo,https://lh3.googleusercontent.com/EutZv_Y-dPceQBQB4P7pC-SWq67Z_RqWAMcVvQKblAEMT4X411He2AG6TjUgh9e1RD8AAEuV5EtgbTLCwqHiILLDVtmXF9OE4yg,https://fqeshthtycmzgyibiurq.supabase.co/storage/v1/object/public/crsnimages/catalogo/77f20f7a-d0bd-4627-b4f4-bdc30eb88dbc.jpg,,aplicada,
39612,,Ketoprofeno 100mgs x Ampolla,farmatodo,https://product-images.farmatodo.com/B0PWUzxPzyXxIf4izU8HqftCx0xetqeCMVhrrpLbVkUwunXDpu9ocgft6MJJCUQmX3IZvUto6hBfv1g6rCXjDAU4T3BZbymftxkRxFEiMxCdvH0,https://fqeshthtycmzgyibiurq.supabase.co/storage/v1/object/public/crsnimages/catalogo/04aa89c6-5239-47f8-b798-d3043b79fa51.jpg,,aplicada,
39615,,Ondansetron 8mgs x ampolla,farmago,https://www.farmago.com.ve/web/image/product.template/53854/image_1024,https://fqeshthtycmzgyibiurq.supabase.co/storage/v1/object/public/crsnimages/catalogo/f2a158d4-a4a8-4cbf-9579-f32642795083.jpg,,aplicada,
39616,,Tramadol 100mgs x ampolla,farmatodo,https://lh3.googleusercontent.com/wmzXT3R0XMgRcmnRKZrpvym9RPzRgBWdyn2u6B8tRYSoLQQpUAVes3pl1MwUFaplTKB0Z4j3SHIofg3uo2vqjiGfy-PJdgQix2Qw,https://fqeshthtycmzgyibiurq.supabase.co/storage/v1/object/public/crsnimages/catalogo/ec011061-af5a-4d79-bf2a-961a6f198ad4.jpg,,aplicada,