producto_id,sku,nombre_comercial,molecula_texto,forma,linea,laboratorio,fuente_inhrr_ef,foto_url,disponible,costo_usd,precio_usd
37305,ME23534,ACALIX 60 MG X 30 TABLETAS,,TABLETAS,Linea Farmacia,LABORATORIOS VARGAS S.A.,E.F.23.534,https://mav.farmaciasaas.com/api/images/articulos/DISTRIBUCION/4986.jpg,true,10.26,17.10
37322,ME37101/3,ACETAMINOFEN - HIOSCINA N BUTIL BROMURO 500 MG-10 MG X 20 TABLETAS RE,,TABLETAS,Linea Farmacia,LABORATORIO LA SANTE C.A.,E.F.G.37.101,https://mav.farmaciasaas.com/api/images/articulos/DISTRIBUCION/7537.jpg,true,1.06,1.77
37323,ME37101/2,ACETAMINOFEN - HIOSCINA N BUTIL BROMURO 500 MG-10 MG X 10 TABLETAS RE,,TABLETAS,Linea Farmacia,LABORATORIO LA SANTE C.A.,E.F.G.37.101,,true,0.49,0.82
37325,ME40713,ACETAMINOFEN - CLORFENIRAMINA 125 MG - 1 MG / 5 ML JARABE,,JARABE,Linea Farmacia,SM PHARMA C.A.,E.F.G.40.713,,true,6.19,10.32
37326,ME39115,ACETAMINOFEN - TRAMADOL 325 MG - 37.5 MG X 10 COMPRIMIDOS,,COMPRIMIDOS,Linea Farmacia,LABORATORIOS SPEFAR VENEZOLANOS S.A.,E.F.G.39.115,,true,4.88,8.13
37337,HO1046,MONARC- M 250 U. 1 X 1 AMPOLLA,,INYECTABLE,Linea Hospitalaria,CORPORACION COLIMODIO C.A.,P.B.1.046,,true,6.22,10.37
37345,ME34553/2,ACIDO ACETILSALICILICO 81 MG X 24 TABLETAS CON CUBIERTA ENTERICA,,TABLETAS,Linea Farmacia,LABORATORIOS L.O. OFTALMI C.A.,E.F.G.34.553,https://mav.farmaciasaas.com/api/images/articulos/DISTRIBUCION/7271.jpg,true,4.02,6.70
37346,ME34553/3,ACIDO ACETILSALICILICO 81 MG X 30 TABLETAS CON CUBIERTA ENTERICA,,TABLETAS,Linea Farmacia,LABORATORIOS L.O. OFTALMI C.A.,E.F.G.34.553,,true,3.48,5.80
37366,ME38066,ACIDO IBANDRONICO 150 MG X 1 TABLETA RECUBIERTA,,TABLETAS,Linea Farmacia,CALOX INTERNATIONAL C.A.,E.F.G.38.066,,true,3.97,6.62
37374,HO32804,AGUA BIDESTILADA INYECTABLE,,INYECTABLE,Linea Hospitalaria,LABORATORIO COFASA S.A.,E.F.G.32.804,,true,5.57,9.28
37375,HO1694,AGUA DESTILADA ESTERIL SOLUCION INYECTABLE,,INYECTABLE,Linea Hospitalaria,LABORATORIOS VALMOR C.A.,E.F.G.1.694,,true,7.97,13.28
37378,ME20628,AIRFEN 0.05 % SOLUCION NASAL,,SOLUCION NASAL,Linea Farmacia,LABORATORIO COFASA S.A.,E.F.20.628,https://mav.farmaciasaas.com/api/images/articulos/DISTRIBUCION/4340.jpg,true,5.62,9.37
37395,ME42912,ALGIOL 5 MG X 30 COMPRIMIDOS RECUBIERTOS,,COMPRIMIDOS,Linea Farmacia,ESPECIALIDADES DOLLDER C.A.,E.F.42.912,https://mav.farmaciasaas.com/api/images/articulos/DISTRIBUCION/23948.jpg,true,4.97,8.28
37396,ME16713,ALGOREN 10 MG X 20 TABLETAS,,TABLETAS,Linea Farmacia,C.A. PRODUCTOS RONAVA,E.F.16.713,https://mav.farmaciasaas.com/api/images/articulos/DISTRIBUCION/104.jpg,true,3.94,6.57
37420,HO26424,AMIKACINA 100 MG / 2 ML X 10 AMPOLLAS,,INYECTABLE,Linea Hospitalaria,LABORATORIOS VALMOR C.A.,E.F.G.26.424,,true,14.66,24.43
37429,ME39126/2,AMLODIPINA 10 MG X 20 TABLETAS,,TABLETAS,Linea Farmacia,CALOX INTERNATIONAL C.A.,E.F.G.39.126,,true,2.19,3.65
37433,ME31230,AMLODIPINA 5 MG X 30 TABLETAS,,TABLETAS,Linea Farmacia,LABORATORIO COFASA S.A.,E.F.G.31.230,,true,1.27,2.12
37438,ME43040,AMOXICILINA 500 MG X 10 CAPSULAS,,CAPSULAS,Linea Farmacia,JIANGXI XIER KANGTAI PHARMACEUTICAL CO. LTD,E.F.G.43.040,,true,2.39,3.98
37439,ME44669,AMOXICILINA - ACIDO CLAVULANICO 500 MG - 125 MG X 10 TABLETAS RECUBIERTAS,,TABLETAS,Linea Farmacia,SARTHI PHARMA,E.F.G.44.669,,true,4,6.67
37446,ME23745,AMOXICILINA 125 MG / 5 ML SUSPENSION,,SUSPENSION ORAL,Linea Farmacia,SM PHARMA C.A.,E.F.G.23.745,,true,1.95,3.25
37455,ME43076,AMPLIDER 50 MG X 10 CAPSULAS BLANDAS,,CAPSULAS,Linea Farmacia,CALOX INTERNATIONAL C.A.,E.F.43.076,https://mav.farmaciasaas.com/api/images/articulos/DISTRIBUCION/28394.jpg,true,1.51,2.52
37456,ME35424,ANALPER PLUS 500 MG - 10 MG X 10 TABLETAS RECUBIERTAS,,TABLETAS,Linea Farmacia,LABORATORIO LA SANTE C.A.,E.F.35.424,https://mav.farmaciasaas.com/api/images/articulos/DISTRIBUCION/7690.jpg,true,5.39,8.98
37464,ME31329/3,ANGRIP X 8 COMPRIMIDOS,,COMPRIMIDOS,Linea Farmacia,MEGALABS S.A.,E.F.31.329,https://mav.farmaciasaas.com/api/images/articulos/DISTRIBUCION/22591.jpg,true,5.26,8.77
37465,ME31329/2,ANGRIP X 4 COMPRIMIDOS,,COMPRIMIDOS,Linea Farmacia,MEGALABS S.A.,E.F.31.329,https://mav.farmaciasaas.com/api/images/articulos/DISTRIBUCION/23940.jpg,true,2.99,4.98
37466,ME31329/4,ANGRIP X 15 COMPRIMIDOS,,COMPRIMIDOS,Linea Farmacia,MEGALABS S.A.,E.F.31.329,https://mav.farmaciasaas.com/api/images/articulos/DISTRIBUCION/51261.jpg,true,6.23,10.38
37470,ME43410/3,ANTAAR 1.25 MG X 30 TABLETAS RECUBIERTAS,,TABLETAS,Linea Farmacia,CALOX INTERNATIONAL C.A.,E.F.43.410,https://mav.farmaciasaas.com/api/images/articulos/DISTRIBUCION/29562.jpg,true,3.86,6.43
37471,ME43410/2,ANTAAR 1.25 MG X 10 TABLETAS RECUBIERTAS,,TABLETAS,Linea Farmacia,CALOX INTERNATIONAL C.A.,E.F.43.410,,true,2.68,4.47
37474,ME40266,ANTILAX PLUS 2 MG - 125 MG X 10 CAPSULAS,,CAPSULAS,Linea Farmacia,LABORATORIOS FARMA S.A.,E.F.40.266,,true,3.05,5.08
37476,ME42864,APIRET 120 MG / 5 ML SOLUCION ORAL,,SOLUCION ORAL,Linea Farmacia,LABORATORIOS L.O. OFTALMI C.A.,E.F.42.864,,true,5.04,8.40
37477,ME42860,APIRET 160 MG / 5 ML SOLUCION ORAL,,SOLUCION ORAL,Linea Farmacia,LABORATORIOS L.O. OFTALMI C.A.,E.F.42.860,,true,2.52,4.20
37482,ME42366/3,APLACAL 750 MG X 80 TABLETAS MASTICABLES SABOR A BANANA,,TABLETAS,Linea Farmacia,LABORATORIOS SIEGFRIED S.A.,E.F.42.366,https://mav.farmaciasaas.com/api/images/articulos/DISTRIBUCION/52504.jpg,true,13.61,22.68
37483,ME42366/2,APLACAL 750 MG X 10 TABLETAS MASTICABLES SABOR A BANANA,,TABLETAS,Linea Farmacia,LABORATORIOS SIEGFRIED S.A.,E.F.42.366,https://mav.farmaciasaas.com/api/images/articulos/DISTRIBUCION/21600.jpg,true,9.36,15.60
37490,ME40810/3,ARESAN 20 MG X 30 TABLETAS RECUBIERTAS,,TABLETAS,Linea Farmacia,BIOTECH LABORATORIOS C.A.,E.F.40.810,https://mav.farmaciasaas.com/api/images/articulos/DISTRIBUCION/22093.jpg,true,11.01,18.35
37491,ME40810/2,ARESAN 20 MG X 10 TABLETAS RECUBIERTAS,,TABLETAS,Linea Farmacia,BIOTECH LABORATORIOS C.A.,E.F.40.810,https://mav.farmaciasaas.com/api/images/articulos/DISTRIBUCION/51009.jpg,true,5.51,9.18
37497,ME32453/3,ASAPROL 81 MG X 100 COMPRIMIDOS ENTERICOS,,COMPRIMIDOS,Linea Farmacia,LABORATORIOS LETI S.A.V.,E.F.32.453,https://mav.farmaciasaas.com/api/images/articulos/DISTRIBUCION/9092.jpg,true,9.91,16.52
37498,ME32453/2,ASAPROL 81 MG X 40 COMPRIMIDOS ENTERICOS,,COMPRIMIDOS,Linea Farmacia,LABORATORIOS LETI S.A.V.,E.F.32.453,https://mav.farmaciasaas.com/api/images/articulos/DISTRIBUCION/99232.jpg,true,4.29,7.15
37504,ME38676/2,ASPRINIL 81 MG X 40 TABLETAS CON RECUBRIMIENTO ENTERICO,,TABLETAS,Linea Farmacia,BIOTECH LABORATORIOS C.A.,E.F.38.676,https://mav.farmaciasaas.com/api/images/articulos/DISTRIBUCION/53383.jpg,true,3.57,5.95
37505,ME38676/3,ASPRINIL 81 MG X 100 TABLETAS CON RECUBRIMIENTO ENTERICO,,TABLETAS,Linea Farmacia,BIOTECH LABORATORIOS C.A.,E.F.38.676,https://mav.farmaciasaas.com/api/images/articulos/DISTRIBUCION/51425.jpg,true,7.87,13.12
37510,ME43445,ATAPEC 100 MG X 30 TABLETAS RECUBIERTAS,,TABLETAS,Linea Farmacia,TITAN LABORATORIES PVT. LTD.,E.F.43.445,,true,9.09,15.15
37522,ME37775,ATORVASTATINA 20 MG X 30 TABLETAS RECUBIERTAS,,TABLETAS,Linea Farmacia,EMPRESA LABORATORIOS MEDSOL,E.F.G.37.775,,true,3,5.00
37526,ME30954,ATRIMON 10 MG X 10 COMPRIMIDOS,,COMPRIMIDOS,Linea Farmacia,FARMACEUTICA PARAGUAYA S.A.,E.F.30.954,https://mav.farmaciasaas.com/api/images/articulos/DISTRIBUCION/527.jpg,true,4.18,6.97
37527,ME40958,ATROBEL 10 MG / ML SOLUCION GOTAS REFORMULADO,,GOTAS,Linea Farmacia,C.A. PRODUCTOS RONAVA,E.F.40.958,https://mav.farmaciasaas.com/api/images/articulos/DISTRIBUCION/22695.jpg,true,6.5,10.83
37528,HO35376,ATROPINA SULFATO 1 MG / ML X 10 AMPOLLAS,,INYECTABLE,Linea Hospitalaria,LABORATORIO BIOSANO S.A.,E.F.G.35.376,https://mav.farmaciasaas.com/api/images/articulos/DISTRIBUCION/50775.jpg,true,6.69,11.15
37529,ME36259,ATROVERAN 10 MG / ML X 10 SOLUCION GOTAS,,GOTAS,Linea Farmacia,LABORATORIOS VARGAS S.A.,E.F.36.259,https://mav.farmaciasaas.com/api/images/articulos/DISTRIBUCION/25310.jpg,true,5.68,9.47
37534,ME30878,AVELOX 400 MG X 5 COMPRIMIDOS RECUBIERTOS,,COMPRIMIDOS,Linea Farmacia,BAYER S.A.,E.F.30.878,https://mav.farmaciasaas.com/api/images/articulos/DISTRIBUCION/11301.jpg,true,33.18,55.30
37537,ME33685/2,AZACARD 81 MG X 30 TABLETAS CON CUBIERTA ENTERICA,,TABLETAS,Linea Farmacia,LABORATORIOS L.O. OFTALMI C.A.,E.F.33.685,https://mav.farmaciasaas.com/api/images/articulos/DISTRIBUCION/4756.jpg,true,3.79,6.32
37538,ME33685/3,AZACARD 81 MG X 60 TABLETAS CON CUBIERTA ENTERICA,,TABLETAS,Linea Farmacia,LABORATORIOS L.O. OFTALMI C.A.,E.F.33.685,https://mav.farmaciasaas.com/api/images/articulos/DISTRIBUCION/4694.jpg,true,6.39,10.65
37539,ME33685/4,AZACARD 81 MG X 100 TABLETAS CON CUBIERTA ENTERICA,,TABLETAS,Linea Farmacia,LABORATORIOS L.O. OFTALMI C.A.,E.F.33.685,https://mav.farmaciasaas.com/api/images/articulos/DISTRIBUCION/53427.jpg,true,7.75,12.92
37547,ME42465,AZITROMICINA 500 MG X 5 TABLETAS RECUBIERTAS,,TABLETAS,Linea Farmacia,COOPER PHARMA LTD,E.F.G.42.465,,true,1.88,3.13
37557,ME29570,BENCIDAMINA CLORHIDRATO 0.15 % SOLUCION TOPICA BUCAL,,SOLUCION TOPICA,Linea Farmacia,LABORATORIO COFASA S.A.,E.F.G.29.570,https://mav.farmaciasaas.com/api/images/articulos/DISTRIBUCION/13344.jpg,true,2.05,3.42
37561,ME39719,BENZODIAZOL 0.25 MG - 5 MG X 16 PASTILLAS SABOR A LIMON - MIEL,,PASTILLA,Linea Farmacia,LABORATORIOS SIEGFRIED S.A.,E.F.39.719,https://mav.farmaciasaas.com/api/images/articulos/DISTRIBUCION/97346.jpg,true,4.56,7.60
37563,ME33045/2,BENZODIAZOL 0.25 MG - 5 MG X 4 PASTILLAS SABOR A TUTTI FRUTTI,,PASTILLA,Linea Farmacia,LABORATORIOS SIEGFRIED S.A.,E.F.33.045,,true,29.34,48.90
37564,ME33045/3,BENZODIAZOL 0.25 MG - 5 MG X 16 PASTILLAS SABOR A TUTTI FRUTTI,,PASTILLA,Linea Farmacia,LABORATORIOS SIEGFRIED S.A.,E.F.33.045,https://mav.farmaciasaas.com/api/images/articulos/DISTRIBUCION/97346.jpg,true,4.56,7.60
37565,ME38253,BEPRODERM 0.05 % - 0.1 % CREMA,,CREMA,Linea Farmacia,BIOTECH LABORATORIOS C.A.,E.F.38.253,https://mav.farmaciasaas.com/api/images/articulos/DISTRIBUCION/94044.jpg,true,6.23,10.38
37566,ME26475,BETADINE 8 % SOLUCION TOPICO BUCAL,,SOLUCION TOPICA,Linea Farmacia,LABORATORIOS FARMA S.A.,E.F.26.475,,true,6.41,10.68
37567,ME37878,BETADUO 6.430 MG - 2.631 MG / ML X 1 AMPOLLA,,INYECTABLE,Linea Farmacia,PHARMAYECT S.A.,E.F.37.878,,true,8.74,14.57
37570,ME16115,BETAGEN SOLSPEN X 1 AMPOLLA,,INYECTABLE,Linea Farmacia,BIOTECH LABORATORIOS C.A.,E.F.16.115,,true,9.04,15.07
37575,ME22866,BEXILON 4 MG / 5 ML JARABE,,JARABE,Linea Farmacia,LABORATORIO PLUSANDEX DE FARMACEUTICOS UNIDOS PLUSANDEX C.A.,E.F.22.866,,true,3.53,5.88
37576,ME42551,BILOL 2.5 MG X 10 TABLETAS RECUBIERTAS,,TABLETAS,Linea Farmacia,SWISS PARENTERALS LTD,E.F.42.551,,true,1.15,1.92
37577,ME41747,BIOCOR AMLO 20 MG - 5 MG X 30 TABLETAS RECUBIERTAS,,TABLETAS,Linea Farmacia,CALOX INTERNATIONAL C.A.,E.F.41.747,https://mav.farmaciasaas.com/api/images/articulos/DISTRIBUCION/17705.jpg,true,12.62,21.03
37578,ME41748,BIOCOR AMLO 40 MG - 5 MG X 30 TABLETAS RECUBIERTAS,,TABLETAS,Linea Farmacia,CALOX INTERNATIONAL C.A.,E.F.41.748,https://mav.farmaciasaas.com/api/images/articulos/DISTRIBUCION/17706.jpg,true,22.3,37.17
37579,ME41691,BIOCOR 40 MG X 30 TABLETAS RECUBIERTAS,,TABLETAS,Linea Farmacia,CALOX INTERNATIONAL C.A.,E.F.41.691,https://mav.farmaciasaas.com/api/images/articulos/DISTRIBUCION/15628.jpg,true,21.66,36.10
37580,ME38247/2,BIOTALOL 2.5 MG X 10 COMPRIMIDOS RECUBIERTOS,,COMPRIMIDOS,Linea Farmacia,LABORATORIOS LETI S.A.V.,E.F.38.247,https://mav.farmaciasaas.com/api/images/articulos/DISTRIBUCION/30302.jpg,true,3.68,6.13
37581,ME38247/3,BIOTALOL 2.5 MG X 30 COMPRIMIDOS RECUBIERTOS,,COMPRIMIDOS,Linea Farmacia,LABORATORIOS LETI S.A.V.,E.F.38.247,https://mav.farmaciasaas.com/api/images/articulos/DISTRIBUCION/98616.jpg,true,11,18.33
37582,ME42096,BIOTALOL 1.25 MG X 30 COMPRIMIDOS RECUBIERTOS,,COMPRIMIDOS,Linea Farmacia,LABORATORIOS LETI S.A.V.,E.F.42.096,https://mav.farmaciasaas.com/api/images/articulos/DISTRIBUCION/26929.jpg,true,10.56,17.60
37583,ME38403,BIOTALOL 10 MG X 30 COMPRIMIDOS RECUBIERTOS,,COMPRIMIDOS,Linea Farmacia,LABORATORIOS LETI S.A.V.,E.F.38.403,https://mav.farmaciasaas.com/api/images/articulos/DISTRIBUCION/98614.jpg,true,19.46,32.43
37584,ME28126,BIPRIN 300 MG X 10 CAPSULAS BLANDAS,,CAPSULAS,Linea Farmacia,INDUSTRIAS INTERCAPS DE VENEZUELA C.A.,E.F.28.126,https://mav.farmaciasaas.com/api/images/articulos/DISTRIBUCION/9940.jpg,true,7.45,12.42
37589,ME38626,BISOPROLOL FUMARATO 5 MG X 30 TABLETAS RECUBIERTAS,,TABLETAS,Linea Farmacia,CALOX INTERNATIONAL C.A.,E.F.G.38.626,https://mav.farmaciasaas.com/api/images/articulos/DISTRIBUCION/97001.jpg,true,1.79,2.98
37595,ME43390,BISOPROLOL FUMARATO 1.25 MG X 15 TABLETAS RECUBIERTAS,,TABLETAS,Linea Farmacia,SYNOKEM PHARMACEUTICALS LIMITED,E.F.G.43.390,,true,2.13,3.55
37609,ME39097,BROFLEMA 8 MG / 5 ML SOLUCION ORAL,,SOLUCION ORAL,Linea Farmacia,BIOTECH LABORATORIOS C.A.,E.F.39.097,https://mav.farmaciasaas.com/api/images/articulos/DISTRIBUCION/94046.jpg,true,4.03,6.72
37615,ME40260,BROMEXINA CLORHIDRATO 4 MG / 5 ML JARABE,,JARABE,Linea Farmacia,SM PHARMA C.A.,E.F.G.40.260,,true,4.45,7.42
37616,ME35158,BROMHEXINA CLORHIDRATO 8 MG / 5 ML JARABE,,JARABE,Linea Farmacia,LABORATORIOS SPEFAR VENEZOLANOS S.A.,E.F.G.35.158,,true,4.53,7.55
37617,ME36318,BROMHEXINA CLORHIDRATO 8 MG / 5 ML JARABE,,JARABE,Linea Farmacia,LABORATORIO BIOGALENIC C.A.,E.F.G.36.318,,true,4.57,7.62
37637,ME30197,CALCIBON 200 MG X 30 TABLETAS RECUBIERTOS,,TABLETAS,Linea Farmacia,LABORATORIOS FARMA S.A.,E.F.30.197,,true,10.56,17.60
37645,ME36763/2,CALOXPIRINA 81 MG X 30 TABLETAS ENTERICAS,,TABLETAS,Linea Farmacia,CALOX INTERNATIONAL C.A.,E.F.36.763,https://mav.farmaciasaas.com/api/images/articulos/DISTRIBUCION/92195.jpg,true,2.09,3.48
37646,ME36763/3,CALOXPIRINA 81 MG X 100 TABLETAS ENTERICAS,,TABLETAS,Linea Farmacia,CALOX INTERNATIONAL C.A.,E.F.36.763,https://mav.farmaciasaas.com/api/images/articulos/DISTRIBUCION/29545.jpg,true,5.52,9.20
37648,ME25320,CAMPAL 50 MG X 20 TABLETAS ENTERICAS,,TABLETAS,Linea Farmacia,LABORATORIOS SIEGFRIED S.A.,E.F.25.320,,true,5.95,9.92
37649,ME40363/3,CANDER HCT 16 MG - 12.5 MG X 30 TABLETAS,,TABLETAS,Linea Farmacia,LABORATORIOS VALMOR C.A.,E.F.40.363,https://mav.farmaciasaas.com/api/images/articulos/DISTRIBUCION/99153.jpg,true,10.66,17.77
37650,ME40363/2,CANDER HCT 16 MG - 12.5 MG X 10 TABLETAS,,TABLETAS,Linea Farmacia,LABORATORIOS VALMOR C.A.,E.F.40.363,,true,4.83,8.05
37655,ME43341,CANDESARTAN CILETEXILO – HIDROCLOROTIAZIDA 8 MG – 12.5 MG TABLETAS RECUBIERTAS,,TABLETAS,Linea Farmacia,MASCOT HEALTH SERIES PVT. LTD.,E.F.G.43.341,,true,2.65,4.42
37663,ME37841,CANDESARTAN 8 MG X 30 TABLETAS,,TABLETAS,Linea Farmacia,LABORATORIO LA SANTE C.A.,E.F.G.37.841,https://mav.farmaciasaas.com/api/images/articulos/DISTRIBUCION/23944.jpg,true,2.64,4.40
37665,ME40335,CANFIR 500 MG X 30 COMPRIMIDOS RECUBIERTOS DE LIBERACION PROLONGADA,,COMPRIMIDOS,Linea Farmacia,LABORATORIOS LETI S.A.V.,E.F.40.335,,true,22.2,37.00
37668,MI1290,OXIGENO MEDICINAL,,,Linea Farmacia,AGA GAS C.A.,E.F.G.1.290,,true,0.96,1.60
37687,ME39963,CARIBAN 10 MG-10 MG X 30 COMPRIMIDOS ENTERICOS,,COMPRIMIDOS,Linea Farmacia,LABORATORIOS LETI S.A.V.,E.F.39.963,https://mav.farmaciasaas.com/api/images/articulos/DISTRIBUCION/99559.jpg,true,16.5,27.50
37703,ME23270,CEBION 1 G X 10 TABLETAS EFERVESCENTES SABOR A NARANJA,,TABLETAS,Linea Farmacia,ALTEA FARMACEUTICA S.A.,E.F.23.270,https://mav.farmaciasaas.com/api/images/articulos/DISTRIBUCION/5017.jpg,true,9.9,16.50
37704,ME30368,CEFADROXILO 500 MG X 10 CAPSULAS,,CAPSULAS,Linea Farmacia,FARMACOOP LTDA.,E.F.G.30.368,,true,4.77,7.95
37719,HO33864,CEFTRIAXONA 1 G X 1 AMPOLLA,,INYECTABLE,Linea Hospitalaria,VITALIS S.A.C.I.,E.F.G.33.864,,true,2.48,4.13
37731,ME37217,CETRAL D 5 MG - 60 MG / 5 ML SOLUCION ORAL,,SOLUCION ORAL,Linea Farmacia,LABORATORIOS SIEGFRIED S.A.,E.F.37.217,https://mav.farmaciasaas.com/api/images/articulos/DISTRIBUCION/91326.jpg,true,4.64,7.73
37734,ME33334/2,VITAMINA C 500 MG X 15 TABLETAS MASTICABLES SABOR A PINA,,TABLETAS,Linea Farmacia,CALOX INTERNATIONAL C.A.,E.F.G.33.334,,true,4.96,8.27
37735,ME33334/3,VITAMINA C 500 MG X 30 TABLETAS MASTICABLES SABOR A PINA,,TABLETAS,Linea Farmacia,CALOX INTERNATIONAL C.A.,E.F.G.33.334,,true,8.08,13.47
37742,HO9190,CIFARCAINA AL 2 % X 2 AMPOLLAS,,INYECTABLE,Linea Hospitalaria,LABORATORIO BEHRENS C.A.,E.F.9.190,,true,9.6,16.00
37743,HO9189,CIFARCAINA AL 1 % SOLUCION INYECTABLE,,INYECTABLE,Linea Hospitalaria,LABORATORIO BEHRENS C.A.,E.F.9.189,https://mav.farmaciasaas.com/api/images/articulos/DISTRIBUCION/836.jpg,true,8.36,13.93
37750,ME25520,CIPROFLOX 500 MG X 12 TABLETAS RECUBIERTAS,,TABLETAS,Linea Farmacia,LABORATORIOS ELMOR S.A.,E.F.25.520,https://mav.farmaciasaas.com/api/images/articulos/DISTRIBUCION/91927.jpg,true,5.09,8.48
37751,ME28283/3,CIPROFLOXACINA 500 MG X 14 TABLETAS RECUBIERTAS,,TABLETAS,Linea Farmacia,LABORATORIO LA SANTE C.A.,E.F.G.28.283,,true,5.68,9.47
37752,ME28283/2,CIPROFLOXACINA 500 MG X 6 TABLETAS RECUBIERTAS,,TABLETAS,Linea Farmacia,LABORATORIO LA SANTE C.A.,E.F.G.28.283,,true,2.43,4.05
37753,HO44719,CIPROFLOXACINA 200 MG / 100 ML SOLUCION INYECTABLE,,INYECTABLE,Linea Hospitalaria,SHIJIAZHUANG NO 4 PHARMACEUTICAL CO. LTD,E.F.G.44.719,,true,2.9,4.83
37755,ME27827/4,CIPROFLOXACINA 500 MG X 10 TABLETAS RECUBIERTAS,,TABLETAS,Linea Farmacia,CALOX INTERNATIONAL C.A.,E.F.G.27.827,,true,4.7,7.83
37756,ME27827/3,CIPROFLOXACINA 500 MG X 6 TABLETAS RECUBIERTAS,,TABLETAS,Linea Farmacia,CALOX INTERNATIONAL C.A.,E.F.G.27.827,,true,1.07,1.78
37757,ME27827/5,CIPROFLOXACINA 500 MG X 14 TABLETAS RECUBIERTAS,,TABLETAS,Linea Farmacia,CALOX INTERNATIONAL C.A.,E.F.G.27.827,https://mav.farmaciasaas.com/api/images/articulos/DISTRIBUCION/12057.jpg,true,4.87,8.12
37758,ME27827/2,CIPROFLOXACINA 500 MG X 5 TABLETAS RECUBIERTAS,,TABLETAS,Linea Farmacia,CALOX INTERNATIONAL C.A.,E.F.G.27.827,,true,5.34,8.90
37759,ME26487/3,CIPROFLOXACINA 500 MG X 10 COMPRIMIDOS RECUBIERTOS,,COMPRIMIDOS,Linea Farmacia,LABORATORIOS LETI S.A.V.,E.F.G.26.487,,true,1.86,3.10
37760,ME26487/2,CIPROFLOXACINA 500 MG X 6 COMPRIMIDOS RECUBIERTOS,,COMPRIMIDOS,Linea Farmacia,LABORATORIOS LETI S.A.V.,E.F.G.26.487,,true,1.42,2.37
37762,ME30890,CIPROFLOXACINO 500 MG X 14 TABLETAS RECUBIERTAS,,TABLETAS,Linea Farmacia,LABORATORIOS VALMOR C.A.,E.F.G.30.890,https://mav.farmaciasaas.com/api/images/articulos/DISTRIBUCION/54467.jpg,true,4.78,7.97
37766,ME36822/3,CITRATO DE CALCIO 1190 MG X 60 TABLETAS MASTICABLES SABOR A MANDARINA,,TABLETAS,Linea Farmacia,CALOX INTERNATIONAL C.A.,E.F.G.36.822,,true,9.04,15.07
37767,ME36822/2,CITRATO DE CALCIO 1190 MG X 30 TABLETAS MASTICABLES SABOR A MANDARINA,,TABLETAS,Linea Farmacia,CALOX INTERNATIONAL C.A.,E.F.G.36.822,,true,12.44,20.73
37768,ME33790,CALCITREX D3 1500 MG - 200 UI X 30 TABLETAS,,TABLETAS,Linea Farmacia,LABORATORIOS L.O. OFTALMI C.A.,E.F.33.790,,true,17.14,28.57
37771,ME25929,CLARIX 0.25 MG / ML SOLUCION NASAL,,SOLUCION NASAL,Linea Farmacia,LABORATORIOS L.O. OFTALMI C.A.,E.F.25.929,,true,9.15,15.25
37775,ME29289,CLENBUNAL 0.014 MG / ML SOLUCION ORAL,,SOLUCION ORAL,Linea Farmacia,MEGALABS S.A.,E.F.29.289,,true,5.97,9.95
37776,ME28118,CLENBUTEROL CLORHIDRATO 10 MCG / 5 ML JARABE,,JARABE,Linea Farmacia,LABORATORIO PLUSANDEX DE FARMACEUTICOS UNIDOS PLUSANDEX C.A.,E.F.G.28.118,https://mav.farmaciasaas.com/api/images/articulos/DISTRIBUCION/54332.jpg,true,3.37,5.62
37785,ME17975,CLODOXIN 10 MG - 100 MG X 10 COMPRIMIDOS RECUBIERTOS,,COMPRIMIDOS,Linea Farmacia,LABORATORIO PLUSANDEX DE FARMACEUTICOS UNIDOS PLUSANDEX C.A.,E.F.17.975,https://mav.farmaciasaas.com/api/images/articulos/DISTRIBUCION/29066.jpg,true,4.16,6.93
37787,ME33581,CLOFEN 1.8 MG / ML SUSPENSION ORAL,,SUSPENSION ORAL,Linea Farmacia,ESPECIALIDADES DOLLDER C.A.,E.F.33.581,,true,7.64,12.73
37794,HO31483/2,CLONIDINA CLORHIDRATO 0.150 MG / ML X 2 AMPOLLAS,,INYECTABLE,Linea Hospitalaria,LABORATORIOS VALMOR C.A.,E.F.G.31.483,https://mav.farmaciasaas.com/api/images/articulos/DISTRIBUCION/2086.jpg,true,4.81,8.02
37795,HO31483/3,CLONIDINA CLORHIDRATO 0.150 MG / ML X 30 AMPOLLAS,,INYECTABLE,Linea Hospitalaria,LABORATORIOS VALMOR C.A.,E.F.G.31.483,,true,6.93,11.55
37805,ME37534,CLOPIDOGREL 75 MG X 30 TABLETAS RECUBIERTAS,,TABLETAS,Linea Farmacia,EMPRESA LABORATORIOS MEDSOL,E.F.G.37.534,,true,2.89,4.82
37810,ME29314,CLORACE 125 - 0.5 MG / 5 ML SOLUCION ORAL,,SOLUCION ORAL,Linea Farmacia,LABORATORIO COFASA S.A.,E.F.29.314,,true,6.78,11.30
37811,ME29690/3,CLORACE 500 MG - 4 MG X 20 TABLETAS,,TABLETAS,Linea Farmacia,LABORATORIO COFASA S.A.,E.F.29.690,https://mav.farmaciasaas.com/api/images/articulos/DISTRIBUCION/97306.jpg,true,5.11,8.52
37812,ME29690/2,CLORACE 500 MG - 4 MG X 10 TABLETAS,,TABLETAS,Linea Farmacia,LABORATORIO COFASA S.A.,E.F.29.690,https://mav.farmaciasaas.com/api/images/articulos/DISTRIBUCION/9598.jpg,true,2.96,4.93
37818,HO37055,CLORURO DE POTASIO 2 MEQ / ML SOLUCION INYECTABLE,,INYECTABLE,Linea Hospitalaria,CORPAUL COLOMBIA,E.F.G.37.055,,true,10.53,17.55
37819,HO1672,SOLUCION ISOTONICA DE CLORURO DE SODIO(SOL.FISIOLOGICA)PARENTERAL,,INYECTABLE,Linea Hospitalaria,LABORATORIOS FLUPAL C.A.,P.F.1.672,,true,1.7,2.83
37820,ME32566,CLORURO DE SODIO 0.9 % SOLUCION ISOTONICA PARA IRRIGACION ESTERIL,,LOCION,Linea Farmacia,LABORATORIO BEHRENS C.A.,E.F.G.32.566,,true,1.74,2.90
37825,ME25498,CO-SULTRIN 40 MG - 200 MG / 5 ML X 20 SUSPENSION,,SUSPENSION ORAL,Linea Farmacia,LABORATORIOS VALMOR C.A.,E.F.25.498,,true,5.9,9.83
37832,ME1491,COLOZIN® (LACTOBACILLUS PLANTARUM - PEDIOCOCCUS ACIDILACTICI) 150 MG (3.0 X 10⁹ UFC) X 30 CAPSULAS,,CAPSULAS,Linea Farmacia,AB-BIOTICS S.A.,P.B.1.491,,true,34.51,57.52
37834,ME32060,COLYPAN 200 MG X 10 TABLETAS,,TABLETAS,Linea Farmacia,LABORATORIOS FARMA S.A.,E.F.32.060,https://mav.farmaciasaas.com/api/images/articulos/DISTRIBUCION/16762.jpg,true,3.31,5.52
37835,HO1587,COMPLEJO DE VITAMINA B X 3 AMPOLLAS,,INYECTABLE,Linea Hospitalaria,PRODUCTOS LISTER FENIX C.A.,P.F.1.587,,true,3.25,5.42
37838,ME28460,CORAZEM 60 MG X 20 TABLETAS RECUBIERTAS,,TABLETAS,Linea Farmacia,LABORATORIOS FARMA S.A.,E.F.28.460,https://mav.farmaciasaas.com/api/images/articulos/DISTRIBUCION/10134.jpg,true,9.61,16.02
37841,ME35619/2,CORENTEL 10 MG X 10 COMPRIMIDOS RECUBIERTOS,,COMPRIMIDOS,Linea Farmacia,MEGALABS S.A.,E.F.35.619,,true,1.82,3.03
37842,ME35619/3,CORENTEL 10 MG X 30 COMPRIMIDOS RECUBIERTOS,,COMPRIMIDOS,Linea Farmacia,MEGALABS S.A.,E.F.35.619,,true,5.06,8.43
37843,ME39494/2,CORENTEL 1.25 MG X 10 COMPRIMIDOS RECUBIERTOS,,COMPRIMIDOS,Linea Farmacia,MEGALABS S.A.,E.F.39.494,https://mav.farmaciasaas.com/api/images/articulos/DISTRIBUCION/28209.jpg,true,1.69,2.82
37844,ME39494/3,CORENTEL 1.25 MG X 30 COMPRIMIDOS RECUBIERTOS,,COMPRIMIDOS,Linea Farmacia,MEGALABS S.A.,E.F.39.494,,true,12.6,21.00
37845,ME35620/3,CORENTEL 5 MG X 30 COMPRIMIDOS RECUBIERTOS,,COMPRIMIDOS,Linea Farmacia,MEGALABS S.A.,E.F.35.620,https://mav.farmaciasaas.com/api/images/articulos/DISTRIBUCION/10042.jpg,true,5.19,8.65
37846,ME35620/2,CORENTEL 5 MG X 10 COMPRIMIDOS RECUBIERTOS,,COMPRIMIDOS,Linea Farmacia,MEGALABS S.A.,E.F.35.620,https://mav.farmaciasaas.com/api/images/articulos/DISTRIBUCION/10024.jpg,true,3.88,6.47
37860,ME42913,DALCITRIN 2 % UNGUENTO,,UNGUENTO,Linea Farmacia,ESPECIALIDADES DOLLDER C.A.,E.F.42.913,https://mav.farmaciasaas.com/api/images/articulos/DISTRIBUCION/28692.jpg,true,7.1,11.83
37865,HO33373,DECA LENTERMINA COMPLEX SOLUCION INYECTABLE,,INYECTABLE,Linea Hospitalaria,BIOTECH LABORATORIOS C.A.,E.F.33.373,https://mav.farmaciasaas.com/api/images/articulos/DISTRIBUCION/24816.jpg,true,5.69,9.48
37866,HO13931,DECALONA 4 MG / ML X 1 AMPOLLA,,INYECTABLE,Linea Hospitalaria,BIOTECH LABORATORIOS C.A.,E.F.13.931,,true,4.36,7.27
37869,HO20294,DECOBEL 8 MG / 2 ML SOLUCION INYECTABLE,,INYECTABLE,Linea Hospitalaria,C.A. PRODUCTOS RONAVA,E.F.20.294,https://mav.farmaciasaas.com/api/images/articulos/DISTRIBUCION/94637.jpg,true,4.39,7.32
37876,ME34903,DENCOFEN 1.16 % CREMA EN BASE GEL,,CREMA,Linea Farmacia,LABORATORIOS PONCE C.A.,E.F.34.903,https://mav.farmaciasaas.com/api/images/articulos/DISTRIBUCION/90093.jpg,true,3.56,5.93
37878,ME38371,DENUAL 150 MG X 1 COMPRIMIDO RECUBIERTO,,COMPRIMIDOS,Linea Farmacia,MEGALABS S.A.,E.F.38.371,https://mav.farmaciasaas.com/api/images/articulos/DISTRIBUCION/94853.jpg,true,3.9,6.50
37880,ME25685,DERAIN 15 % CREMA,,CREMA,Linea Farmacia,LABORATORIOS LETI S.A.V.,E.F.25.685,https://mav.farmaciasaas.com/api/images/articulos/DISTRIBUCION/8275.jpg,true,13.26,22.10
37883,ME41291,DERMAZOL 0.05 % LOCION CAPILAR,,LOCION,Linea Farmacia,MEGALABS S.A.,E.F.41.291,https://mav.farmaciasaas.com/api/images/articulos/DISTRIBUCION/99591.jpg,true,12.47,20.78
37885,ME21432,DERMOVATE 0.05 % CREMA,,CREMA,Linea Farmacia,PF CONSUMER HEALTHCARE BRASIL IMPORTADORA E DISTRIBUIDORA DE MEDICAMENTOS LTDA.,E.F.21.432,https://mav.farmaciasaas.com/api/images/articulos/DISTRIBUCION/28893.jpg,true,19.65,32.75
37886,ME41984,DEROVIT 1000 UI X 30 CAPSULAS BLANDAS,,CAPSULAS,Linea Farmacia,INDUSTRIAS INTERCAPS DE VENEZUELA C.A.,E.F.41.984,https://mav.farmaciasaas.com/api/images/articulos/DISTRIBUCION/25518.jpg,true,3.7,6.17
37901,HO42510,DEXAMETASONA FOSFATO SODICO 4 MG / ML SOLUCION INYECTABLE,,INYECTABLE,Linea Hospitalaria,CAPLIN POINT LABORATORIES LIMITED,E.F.G.42.510,,true,3.87,6.45
37902,HO42502,DEXAMETASONA FOSFATO SODICO 8 MG / 2 ML SOLUCION INYECTABLE,,INYECTABLE,Linea Hospitalaria,DEUTSCHE LABS. INC.,E.F.G.42.502,,true,7.38,12.30
37908,ME14784,PREVERAL CON DEXTROMETORFANO 6.25 MG-15.00 MG / 5 ML JARABE PEDIATRICO,,JARABE,Linea Farmacia,LABORATORIOS WYETH S.A.,E.F.14.784,,true,2.29,3.82
37909,ME42537,DEXTROMETORFANO 15 MG / 5 ML JARABE,,JARABE,Linea Farmacia,BIOQUIMICA INTERNACIONAL C.A.,E.F.G.42.537,https://mav.farmaciasaas.com/api/images/articulos/DISTRIBUCION/26399.jpg,true,5.78,9.63
37911,HO39066,DEXTROSA 50 % SOLUCION INYECTABLE IV,,INYECTABLE,Linea Hospitalaria,LABORATORIOS ALFA C X A,E.F.G.39.066,https://mav.farmaciasaas.com/api/images/articulos/DISTRIBUCION/1131.jpg,true,2.45,4.08
37914,ME38358,DIAFORMINA 1000 MG X 30 COMPRIMIDOS RECUBIERTOS,,COMPRIMIDOS,Linea Farmacia,MEGALABS S.A.,E.F.38.358,https://mav.farmaciasaas.com/api/images/articulos/DISTRIBUCION/95456.jpg,true,18.31,30.52
37915,ME30872,DIAFORMINA 500 MG X 30 COMPRIMIDOS RECUBIERTOS,,COMPRIMIDOS,Linea Farmacia,MEGALABS S.A.,E.F.30.872,https://mav.farmaciasaas.com/api/images/articulos/DISTRIBUCION/50991.jpg,true,9.22,15.37
37918,ME35040,DIAGESIC 1.8 MG / ML SUSPENSION ORAL,,SUSPENSION ORAL,Linea Farmacia,BIOTECH LABORATORIOS C.A.,E.F.35.040,,true,7.38,12.30
37932,ME28851,DICLOFENAC SODICO 50 MG X 20 TABLETAS CON RECUBRIMIENTO ENTERICO,,TABLETAS,Linea Farmacia,LABORATORIO LA SANTE C.A.,E.F.G.28.851,,true,0.78,1.30
37934,ME43099,DICLOFENACO POTASICO 50 MG X 20 TABLETAS CON RECUBRIMIENTO ENTERICO,,TABLETAS,Linea Farmacia,VIDA LABORATORIES (P) LIMITED,E.F.G.43.099,,true,1.53,2.55
37940,ME27774,DIFENAC 1 % GEL,,GEL,Linea Farmacia,ESPECIALIDADES DOLLDER C.A.,E.F.27.774,https://mav.farmaciasaas.com/api/images/articulos/DISTRIBUCION/8417.jpg,true,5.56,9.27
37941,ME41496,DIGLET 1000 U.I. X 30 COMPRIMIDOS ORODISPERSABLES,,COMPRIMIDOS,Linea Farmacia,LABORATORIOS LETI S.A.V.,E.F.41.496,https://mav.farmaciasaas.com/api/images/articulos/DISTRIBUCION/28637.jpg,true,9.89,16.48
37942,ME42648,DIGLET 5000 U.I. X 10 COMPRIMIDOS RECUBIERTOS,,COMPRIMIDOS,Linea Farmacia,LABORATORIOS LETI S.A.V.,E.F.42.648,https://mav.farmaciasaas.com/api/images/articulos/DISTRIBUCION/52638.jpg,true,7.61,12.68
37943,ME42496,DIGLET 200 UI SOLUCION ORAL,,SOLUCION ORAL,Linea Farmacia,LABORATORIOS LETI S.A.V.,E.F.42.496,https://mav.farmaciasaas.com/api/images/articulos/DISTRIBUCION/52147.jpg,true,15.88,26.47
37944,ME32831,DIKLASON 100 MG X 20 COMPRIMIDOS DE ACCION PROLONGADA,,COMPRIMIDOS,Linea Farmacia,LABORATORIOS LETI S.A.V.,E.F.32.831,https://mav.farmaciasaas.com/api/images/articulos/DISTRIBUCION/13042.jpg,true,18.55,30.92
37945,ME43230,DIKLASON BI 150 MG X 10 COMPRIMIDOS DE LIBERACION CONTROLADA,,COMPRIMIDOS,Linea Farmacia,LABORATORIOS LETI S.A.V.,E.F.43.230,https://mav.farmaciasaas.com/api/images/articulos/DISTRIBUCION/50303.jpg,true,3.62,6.03
37947,ME27240,DILOTEX 5 MG X 30 COMPRIMIDOS,,COMPRIMIDOS,Linea Farmacia,ESPECIALIDADES DOLLDER C.A.,E.F.27.240,https://mav.farmaciasaas.com/api/images/articulos/DISTRIBUCION/50518.jpg,true,2.94,4.90
37948,ME27234,DILOTEX 10 MG X 10 COMPRIMIDOS,,COMPRIMIDOS,Linea Farmacia,ESPECIALIDADES DOLLDER C.A.,E.F.27.234,https://mav.farmaciasaas.com/api/images/articulos/DISTRIBUCION/9889.jpg,true,2.56,4.27
37957,ME40371,DIOSMINA-HESPERIDINA 450 MG-50 MG COMPRIMIDOS RECUBIERTOS,,COMPRIMIDOS,Linea Farmacia,LABORATORIO ELEA PHOENIX S.A.,E.F.40.371,,true,16.62,27.70
37959,ME42021,DIPLOZ 1 MG X 30 TABLETAS RECUBIERTAS,,TABLETAS,Linea Farmacia,CALOX INTERNATIONAL C.A.,E.F.42.021,https://mav.farmaciasaas.com/api/images/articulos/DISTRIBUCION/22057.jpg,true,12.91,21.52
37961,ME30873,DOBET 2 % - 0.5 % SOLUCION OFTALMICA,,SOLUCION OFTALMICA,Linea Farmacia,LABORATORIOS L.O. OFTALMI C.A.,E.F.30.873,https://mav.farmaciasaas.com/api/images/articulos/DISTRIBUCION/843.jpg,true,17.78,29.63
37962,ME40299/3,DOBRACID 300 MG X 30 COMPRIMIDOS RECUBIERTOS DE LIBERACION PROLONGADA,,COMPRIMIDOS,Linea Farmacia,LABORATORIOS LETI S.A.V.,E.F.40.299,https://mav.farmaciasaas.com/api/images/articulos/DISTRIBUCION/16483.jpg,true,21.38,35.63
37963,ME40299/2,DOBRACID 300 MG X 10 COMPRIMIDOS RECUBIERTOS DE LIBERACION PROLONGADA,,COMPRIMIDOS,Linea Farmacia,LABORATORIOS LETI S.A.V.,E.F.40.299,https://mav.farmaciasaas.com/api/images/articulos/DISTRIBUCION/50498.jpg,true,7.65,12.75
37968,ME27426/3,DOLAK 10 MG X 20 COMPRIMIDOS,,COMPRIMIDOS,Linea Farmacia,ESPECIALIDADES DOLLDER C.A.,E.F.27.426,https://mav.farmaciasaas.com/api/images/articulos/DISTRIBUCION/2586.jpg,true,4.38,7.30
37969,ME27426/2,DOLAK 10 MG X 10 COMPRIMIDOS,,COMPRIMIDOS,Linea Farmacia,ESPECIALIDADES DOLLDER C.A.,E.F.27.426,https://mav.farmaciasaas.com/api/images/articulos/DISTRIBUCION/2349.jpg,true,5.31,8.85
37970,ME27438,DOLAK 20 MG X 10 COMPRIMIDOS RECUBIERTOS,,COMPRIMIDOS,Linea Farmacia,ESPECIALIDADES DOLLDER C.A.,E.F.27.438,https://mav.farmaciasaas.com/api/images/articulos/DISTRIBUCION/10812.jpg,true,4.57,7.62
37971,ME43320,DOLCAN 9 MG / 5 ML SUSPENSION ORAL,,SOLUCION ORAL,Linea Farmacia,MEGALABS S.A.,E.F.43.320,,true,5.58,9.30
37988,ME32615/3,DUROVAL 50 MG X 2 TABLETAS RECUBIERTAS,,TABLETAS,Linea Farmacia,LABORATORIOS VALMOR C.A.,E.F.32.615,https://mav.farmaciasaas.com/api/images/articulos/DISTRIBUCION/22796.jpg,true,2.41,4.02
37989,ME32615/2,DUROVAL 50 MG X 1 TABLETA RECUBIERTA,,TABLETAS,Linea Farmacia,LABORATORIOS VALMOR C.A.,E.F.32.615,https://mav.farmaciasaas.com/api/images/articulos/DISTRIBUCION/2798.jpg,true,1.42,2.37
37990,ME32615/4,DUROVAL 50 MG X 3 TABLETAS RECUBIERTAS,,TABLETAS,Linea Farmacia,LABORATORIOS VALMOR C.A.,E.F.32.615,https://mav.farmaciasaas.com/api/images/articulos/DISTRIBUCION/2821.jpg,true,3.44,5.73
37991,ME32615/5,DUROVAL 50 MG X 10 TABLETAS RECUBIERTAS,,TABLETAS,Linea Farmacia,LABORATORIOS VALMOR C.A.,E.F.32.615,,true,10.47,17.45
37994,ME11176,DUVADILAN 10 MG X 30 COMPRIMIDOS,,COMPRIMIDOS,Linea Farmacia,LABORATORIOS VARGAS S.A.,E.F.11.176,https://mav.farmaciasaas.com/api/images/articulos/DISTRIBUCION/1300.jpg,true,13.48,22.47
38003,ME34887,ENALAPRIL MALEATO 10 MG X 30 TABLETAS,,TABLETAS,Linea Farmacia,LABORATORIO PLUSANDEX DE FARMACEUTICOS UNIDOS PLUSANDEX C.A.,E.F.G.34.887,https://mav.farmaciasaas.com/api/images/articulos/DISTRIBUCION/26952.jpg,true,2.72,4.53
38008,ME1103,ENTEROGERMINA (ESPORAS DE BACILLUS CLAUSII) 2 MILLARDOS / 5 ML X 10 SUSPENSION ORAL,,SOLUCION ORAL,Linea Farmacia,CALOX INTERNATIONAL C.A.,P.B.1.103,https://mav.farmaciasaas.com/api/images/articulos/DISTRIBUCION/52162.jpg,true,23.94,39.90
38012,ME19381,ERILON 1 MG / ML LOCION,,LOCION,Linea Farmacia,BIOTECH LABORATORIOS C.A.,E.F.19.381,,true,11.13,18.55
38021,ME38504/3,ESCITALOPRAM 10 MG X 30 TABLETAS RECUBIERTAS,,TABLETAS,Linea Farmacia,CALOX INTERNATIONAL C.A.,E.F.G.38.504,,true,8.86,14.77
38022,ME38504/2,ESCITALOPRAM 10 MG X 28 TABLETAS RECUBIERTAS,,TABLETAS,Linea Farmacia,CALOX INTERNATIONAL C.A.,E.F.G.38.504,https://mav.farmaciasaas.com/api/images/articulos/DISTRIBUCION/22208.jpg,true,7.63,12.72
38025,ME43340,ESCITALOPRAM 5 MG X 30 TABLETAS RECUBIERTAS,,TABLETAS,Linea Farmacia,RONALD PHARMACEUTICALS PVT. LTD.,E.F.G.43.340,,true,6.71,11.18
38027,ME40578,ESMIRTAL 20 MG X 30 COMPRIMIDOS RECUBIERTOS,,COMPRIMIDOS,Linea Farmacia,MEGALABS S.A.,E.F.40.578,https://mav.farmaciasaas.com/api/images/articulos/DISTRIBUCION/54449.jpg,true,10.39,17.32
38035,ME38579,ESOMEPRAZOL 20 MG X 20 TABLETAS CON CUBIERTA ENTERICA,,TABLETAS,Linea Farmacia,CALOX INTERNATIONAL C.A.,E.F.G.38.579,https://mav.farmaciasaas.com/api/images/articulos/DISTRIBUCION/96831.jpg,true,3.89,6.48
38053,ME39929,EUKENE 40 MG X 30 COMPRIMIDOS RECUBIERTOS,,COMPRIMIDOS,Linea Farmacia,MEGALABS S.A.,E.F.39.929,https://mav.farmaciasaas.com/api/images/articulos/DISTRIBUCION/27093.jpg,true,8.31,13.85
38058,ME39742,EUTEBROL 20 MG X 30 COMPRIMIDOS,,COMPRIMIDOS,Linea Farmacia,MONTE VERDE S.A.,E.F.39.742,https://mav.farmaciasaas.com/api/images/articulos/DISTRIBUCION/28314.jpg,true,14.56,24.27
38062,ME43398,EZOLIUM 20 MG X 30 CAPSULAS,,CAPSULAS,Linea Farmacia,CALOX INTERNATIONAL C.A.,E.F.43.398,https://mav.farmaciasaas.com/api/images/articulos/DISTRIBUCION/93948.jpg,true,12.87,21.45
38063,ME43399,EZOLIUM 40 MG X 30 CAPSULAS,,CAPSULAS,Linea Farmacia,CALOX INTERNATIONAL C.A.,E.F.43.399,https://mav.farmaciasaas.com/api/images/articulos/DISTRIBUCION/93949.jpg,true,16.32,27.20
38065,ME37251,FARBICIL 1 % CREMA,,CREMA,Linea Farmacia,MEGALABS S.A.,E.F.37.251,https://mav.farmaciasaas.com/api/images/articulos/DISTRIBUCION/91417.jpg,true,7.66,12.77
38066,ME42311,FEBRATIC 15 MG / ML SUSPENSION ORAL,,SUSPENSION ORAL,Linea Farmacia,MEGALABS S.A.,E.F.42.311,,true,2.99,4.98
38075,ME27405/2,FERGANIC 40 MG X 14 CAPSULAS,,CAPSULAS,Linea Farmacia,MEGALABS S.A.,E.F.27.405,,true,10.13,16.88
38076,ME27405/3,FERGANIC 40 MG X 24 CAPSULAS,,CAPSULAS,Linea Farmacia,MEGALABS S.A.,E.F.27.405,https://mav.farmaciasaas.com/api/images/articulos/DISTRIBUCION/8790.jpg,true,16.75,27.92
38077,ME27405/4,FERGANIC 40 MG X 30 CAPSULAS,,CAPSULAS,Linea Farmacia,MEGALABS S.A.,E.F.27.405,https://mav.farmaciasaas.com/api/images/articulos/DISTRIBUCION/53159.jpg,true,18.05,30.08
38078,ME27552,FERGANIC 20 MG / ML SOLUCION ORAL,,SOLUCION ORAL,Linea Farmacia,MEGALABS S.A.,E.F.27.552,,true,12.21,20.35
38082,ME27514,FERGANIC 40 MG / 15 ML SOLUCION ORAL,,SOLUCION ORAL,Linea Farmacia,MEGALABS S.A.,E.F.27.514,https://mav.farmaciasaas.com/api/images/articulos/DISTRIBUCION/8791.jpg,true,10.13,16.88
38083,HO43195,FERGANIC 100 MG / 5 ML X 1 AMPOLLA,,INYECTABLE,Linea Hospitalaria,MEGALABS S.A.,E.F.43.195,https://mav.farmaciasaas.com/api/images/articulos/DISTRIBUCION/52639.jpg,true,27.92,46.53
38086,ME1319/2,FESTAL (PANCREATINA DE ORIGEN PORCINO) X 10 GRAGEAS,,GRAGEAS,Linea Farmacia,CALOX INTERNATIONAL C.A.,P.B.1.319,,true,5.87,9.78
38087,ME1319/3,FESTAL (PANCREATINA DE ORIGEN PORCINO) X 20 GRAGEAS,,GRAGEAS,Linea Farmacia,CALOX INTERNATIONAL C.A.,P.B.1.319,,true,9.31,15.52
38091,ME30089,FINASTERIDE 5 MG X 30 TABLETAS RECUBIERTAS,,TABLETAS,Linea Farmacia,CALOX INTERNATIONAL C.A.,E.F.G.30.089,https://mav.farmaciasaas.com/api/images/articulos/DISTRIBUCION/12033.jpg,true,3.64,6.07
38092,ME784,NIAZOL 1 MG / ML X 10 SOLUCION NASAL,,SOLUCION NASAL,Linea Farmacia,BIOTECH LABORATORIOS C.A.,E.F.784,,true,11.76,19.60
38093,ME13715,MONOSULPA X 260 SOLUCION NASAL,,SOLUCION NASAL,Linea Farmacia,LABORATORIOS LETI S.A.V.,E.F.13.715,,true,11.2,18.67
38094,ME29110,FISIOLIN 0.65 % SOLUCION NASAL,,SOLUCION NASAL,Linea Farmacia,LABORATORIOS L.O. OFTALMI C.A.,E.F.29.110,https://mav.farmaciasaas.com/api/images/articulos/DISTRIBUCION/23647.jpg,true,4.45,7.42
38100,ME29074,FLAVOL 300 MG X 20 CAPSULAS,,CAPSULAS,Linea Farmacia,C.A. PRODUCTOS RONAVA,E.F.29.074,https://mav.farmaciasaas.com/api/images/articulos/DISTRIBUCION/4190.jpg,true,7.15,11.92
38105,HO24421,FLEMIBAR 20 MG - 2500 MG / 5 ML X 3 AMPOLLAS,,INYECTABLE,Linea Hospitalaria,MEGALABS S.A.,E.F.24.421,https://mav.farmaciasaas.com/api/images/articulos/DISTRIBUCION/29271.jpg,true,8.7,14.50
38109,MI27670,FLODONT 0.15 % ENJUAGUE BUCAL,,,Linea Farmacia,MEGALABS S.A.,E.F.27.670,https://mav.farmaciasaas.com/api/images/articulos/DISTRIBUCION/10367.jpg,true,4.81,8.02
38110,ME41019,FLOMED 0.15 % - 0.25 % SOLUCION TOPICA BUCAL ATOMIZADORA,,SOLUCION TOPICA,Linea Farmacia,LABORATORIOS ELMOR S.A.,E.F.41.019,https://mav.farmaciasaas.com/api/images/articulos/DISTRIBUCION/16421.jpg,true,4.08,6.80
38124,HO42815,FLUMAZENIL 0.5 MG / 5 ML X 1 AMPOLLA,,INYECTABLE,Linea Hospitalaria,LABORATORIO BIOSANO S.A.,E.F.G.42.815,https://mav.farmaciasaas.com/api/images/articulos/DISTRIBUCION/53237.jpg,true,9.78,16.30
38126,ME31214,FLUOXETINA 20 MG X 14 CAPSULAS,,CAPSULAS,Linea Farmacia,LABORATORIO LA SANTE C.A.,E.F.G.31.214,,true,3.36,5.60
38132,HO21515,FOSFATO DE POTASIO MONOBASICO 1 MEQ / ML SOLUCION INYECTABLE I.V.,,INYECTABLE,Linea Hospitalaria,LABORATORIO BEHRENS C.A.,E.F.G.21.515,https://mav.farmaciasaas.com/api/images/articulos/DISTRIBUCION/28881.jpg,true,6.05,10.08
38133,ME41993,FOSFOLIT 21.6 G - 8.1 G / 45 ML SOLUCION ORAL,,SOLUCION ORAL,Linea Farmacia,LABORATORIOS VARGAS S.A.,E.F.41.993,https://mav.farmaciasaas.com/api/images/articulos/DISTRIBUCION/17761.jpg,true,12.13,20.22
38136,ME31637,FULGRAM 875 MG - 125 MG X 16 COMPRIMIDOS RECUBIERTOS,,COMPRIMIDOS,Linea Farmacia,LABORATORIOS LETI S.A.V.,E.F.31.637,https://mav.farmaciasaas.com/api/images/articulos/DISTRIBUCION/17884.jpg,true,45.2,75.33
38152,ME39975/3,GENESA 3 MG-20 MCG X 28 COMPRIMIDOS RECUBIERTOS,,COMPRIMIDOS,Linea Farmacia,LABORATORIOS LEON FARMA S.A.,E.F.39.975,https://mav.farmaciasaas.com/api/images/articulos/DISTRIBUCION/13744.jpg,true,29.52,49.20
38153,ME39975/2,GENESA 3 MG-20 MCG X 21 COMPRIMIDOS RECUBIERTOS,,COMPRIMIDOS,Linea Farmacia,LABORATORIOS LEON FARMA S.A.,E.F.39.975,,true,29.61,49.35
38157,ME24164,GENURIN 200 MG X 10 COMPRIMIDOS RECUBIERTOS,,COMPRIMIDOS,Linea Farmacia,LABORATORIOS ELMOR S.A.,E.F.24.164,,true,6.81,11.35
38163,ME27630,GLIDAN 80 MG X 20 TABLETAS,,TABLETAS,Linea Farmacia,MEGALABS S.A.,E.F.27.630,https://mav.farmaciasaas.com/api/images/articulos/DISTRIBUCION/9706.jpg,true,9.22,15.37
38165,ME43214,GLIFORMIN 850 MG X 30 TABLETAS RECUBIERTAS,,TABLETAS,Linea Farmacia,LABORATORIOS SIEGFRIED S.A.,E.F.43.214,https://mav.farmaciasaas.com/api/images/articulos/DISTRIBUCION/23014.jpg,true,7.49,12.48
38172,ME35866,GLUCOFAGE 500 MG XR X 30 TABLETAS DE LIBERACION RETARDADA,,TABLETAS,Linea Farmacia,MERCK SANTE S.A.S.,E.F.35.866,,true,15.52,25.87
38173,ME37958,GLUCONATO FERROSO (50 MG / 15 ML DE HIERRO ELEMENTAL) SOLUCION ORAL,,SOLUCION ORAL,Linea Farmacia,BIOQUIMICA INTERNACIONAL C.A.,E.F.G.37.958,https://mav.farmaciasaas.com/api/images/articulos/DISTRIBUCION/98394/98394.jpg,true,5.35,8.92
38178,ME35120,GRATIO 500 MG X 10 TABLETAS RECUBIERTAS,,TABLETAS,Linea Farmacia,C.A. PRODUCTOS RONAVA,E.F.35.120,https://mav.farmaciasaas.com/api/images/articulos/DISTRIBUCION/93745.jpg,true,2.92,4.87
38180,ME24672,GULAPER 250 MG / 5 ML SOLUCION ORAL,,SOLUCION ORAL,Linea Farmacia,MEGALABS S.A.,E.F.24.672,https://mav.farmaciasaas.com/api/images/articulos/DISTRIBUCION/53409.jpg,true,5.58,9.30
38182,ME22169,GULAPER 100 MG / 5 ML ORAL,,SOLUCION ORAL,Linea Farmacia,MEGALABS S.A.,E.F.22.169,https://mav.farmaciasaas.com/api/images/articulos/DISTRIBUCION/8704.jpg,true,5.06,8.43
38183,ME25838,GYNODERAIN 0.6 G X 6 OVULOS,,OVULOS,Linea Farmacia,FARMACEUTICI DAMOR S.P.A,E.F.25.838,https://mav.farmaciasaas.com/api/images/articulos/DISTRIBUCION/8278.jpg,true,38.72,64.53
38189,ME43345,HEXANTFLEM 250 MG / 5 ML SOLUCION ORAL,,SOLUCION ORAL,Linea Farmacia,MEGALABS S.A.,E.F.43.345,https://mav.farmaciasaas.com/api/images/articulos/DISTRIBUCION/53268.jpg,true,6.92,11.53
38192,ME36876,VALSARTAN -HIDROCLOROTIAZIDA 160 MG-25 MG X 20 TABLETAS RECUBIERTAS,,TABLETAS,Linea Farmacia,CALOX INTERNATIONAL C.A.,E.F.G.36.876,,true,4.69,7.82
38195,ME36980/2,LOSARTAN POTASICO - HIDROCLOROTIAZIDA 100 MG - 25 MG X 10 COMPRIMIDOS RECUB,,COMPRIMIDOS,Linea Farmacia,LABORATORIOS VARGAS S.A.,E.F.G.36.980,,true,1.3,2.17
38196,ME36980/3,LOSARTAN POTASICO - HIDROCLOROTIAZIDA 100 MG - 25 MG X 30 COMPRIMIDOS RECUB,,COMPRIMIDOS,Linea Farmacia,LABORATORIOS VARGAS S.A.,E.F.G.36.980,,true,1.29,2.15
38198,HO35867,BUTILBROMURO DE HIOSCINA 20 MG / ML SOLUCION INYECTABLE,,INYECTABLE,Linea Hospitalaria,GLAND PHARMA LIMITED,E.F.G.35.867,,true,5.34,8.90
38200,ME1384,HIRUDOID (POLISULFATO DE MUCOPOLISACARIDO) 25.000 UI / 100 G GEL,,GEL,Linea Farmacia,CIFARMA S.A.C,P.B.1.384,,true,9.48,15.80
38212,ME44745,IBUN 600 MG X 10 TABLETAS RECUBIERTAS,,TABLETAS,Linea Farmacia,LABORATORIO COFASA S.A.,E.F.44.745,https://mav.farmaciasaas.com/api/images/articulos/DISTRIBUCION/26152.jpg,true,1.91,3.18
38238,ME32276,IDOXEN 75 MG X 30 CAPSULAS DE LIBERACION PROLONGADA,,CAPSULAS,Linea Farmacia,ESPECIALIDADES DOLLDER C.A.,E.F.32.276,https://mav.farmaciasaas.com/api/images/articulos/DISTRIBUCION/29527.jpg,true,29.23,48.72
38239,ME32277,IDOXEN 150 MG X 10 CAPSULAS DE LIBERACION PROLONGADA,,CAPSULAS,Linea Farmacia,ESPECIALIDADES DOLLDER C.A.,E.F.32.277,https://mav.farmaciasaas.com/api/images/articulos/DISTRIBUCION/5699.jpg,true,19.31,32.18
38240,ME37122,ILANA 600 MG X 1 CAPSULA BLANDA VAGINAL,,CAPSULAS,Linea Farmacia,PROCAPS S.A.,E.F.37.122,,true,7.44,12.40
38241,ME38150,ILTUX 20 MG X 28 COMPRIMIDOS RECUBIERTOS,,COMPRIMIDOS,Linea Farmacia,FARMACEUTICA PARAGUAYA S.A.,E.F.38.150,https://mav.farmaciasaas.com/api/images/articulos/DISTRIBUCION/93907.jpg,true,11.32,18.87
38249,ME40027,FLUTIXAIR 125 MG - 25 MCG / DOSIS X 200 SUSPENSION INHALACION ORAL,,SOLUCION ORAL,Linea Farmacia,LABORATORIOS HAYMANN S.A.,E.F.40.027,,true,24.24,40.40
38251,ME27981,IPROXIN 500 MG X 12 TABLETAS RECUBIERTAS,,TABLETAS,Linea Farmacia,LABORATORIO PLUSANDEX DE FARMACEUTICOS UNIDOS PLUSANDEX C.A.,E.F.27.981,https://mav.farmaciasaas.com/api/images/articulos/DISTRIBUCION/91152.jpg,true,6.93,11.55
38258,ME36807,IRBESARTAN -HIDROCLOROTIAZIDA 150 MG -12.5 MG X 28 TABLETAS,,TABLETAS,Linea Farmacia,CALOX INTERNATIONAL C.A.,E.F.G.36.807,,true,10.23,17.05
38268,HO38074,KATRIN 30 MG / ML X 1 AMPOLLA,,INYECTABLE,Linea Hospitalaria,LABORATORIO PISA S.A. DE C.V,E.F.38.074,https://mav.farmaciasaas.com/api/images/articulos/DISTRIBUCION/50006.jpg,true,7.75,12.92
38298,HO42686,KETOROLACO TROMETAMINA 30 MG / ML X 3 AMPOLLAS,,INYECTABLE,Linea Hospitalaria,CADILA PHARMACEUTICALS LIMITED,E.F.G.42.686,,true,4.49,7.48
38304,ME25409,KLAS 100 MG X 20 CAPSULAS,,CAPSULAS,Linea Farmacia,LABORATORIOS ELMOR S.A.,E.F.25.409,https://mav.farmaciasaas.com/api/images/articulos/DISTRIBUCION/6615.jpg,true,3.26,5.43
38305,ME35022,L - CARNITINA 1 G / 10 ML SOLUCION ORAL,,SOLUCION ORAL,Linea Farmacia,LABORATORIOS VARGAS S.A.,E.F.G.35.022,https://mav.farmaciasaas.com/api/images/articulos/DISTRIBUCION/20545.jpg,true,7.21,12.02
38306,ME36925/2,LACTBET 3000 U X 10 CAPSULAS,,CAPSULAS,Linea Farmacia,BIOTECH LABORATORIOS C.A.,E.F.36.925,https://mav.farmaciasaas.com/api/images/articulos/DISTRIBUCION/52649.jpg,true,3.12,5.20
38307,ME36925/3,LACTBET 3000 U X 20 CAPSULAS,,CAPSULAS,Linea Farmacia,BIOTECH LABORATORIOS C.A.,E.F.36.925,,true,6.19,10.32
38317,ME38587,LENTOCILIN 6.3.3 X 1 AMPOLLA,,INYECTABLE,Linea Farmacia,LABORATORIOS ATRAL S.A.,E.F.38.587,https://mav.farmaciasaas.com/api/images/articulos/DISTRIBUCION/51060.jpg,true,9.74,16.23
38318,ME37188,LEPRIT 25 MG X 30 TABLETAS,,TABLETAS,Linea Farmacia,LABORATORIO LA SANTE C.A.,E.F.37.188,https://mav.farmaciasaas.com/api/images/articulos/DISTRIBUCION/11553.jpg,true,8.67,14.45
38326,ME33641/2,LETISAN 500 MG X 10 COMPRIMIDOS RECUBIERTOS DE ACCION PROLONGADA,,COMPRIMIDOS,Linea Farmacia,LABORATORIOS LETI S.A.V.,E.F.33.641,https://mav.farmaciasaas.com/api/images/articulos/DISTRIBUCION/50523.jpg,true,4.68,7.80
38327,ME33641/3,LETISAN 500 MG X 30 COMPRIMIDOS RECUBIERTOS DE ACCION PROLONGADA,,COMPRIMIDOS,Linea Farmacia,LABORATORIOS LETI S.A.V.,E.F.33.641,https://mav.farmaciasaas.com/api/images/articulos/DISTRIBUCION/99231.jpg,true,11.41,19.02
38329,ME42905,LEVAMOX 750 MG X 10 TABLETAS RECUBIERTAS,,TABLETAS,Linea Farmacia,ZENITH HEALTHCARE LTD,E.F.42.905,https://mav.farmaciasaas.com/api/images/articulos/DISTRIBUCION/20350.jpg,true,13.09,21.82
38348,ME37085,LEVOSULPIRIDE 25 MG X 30 TABLETAS,,TABLETAS,Linea Farmacia,LABORATORIO LA SANTE C.A.,E.F.G.37.085,https://mav.farmaciasaas.com/api/images/articulos/DISTRIBUCION/23223.jpg,true,6.78,11.30
38353,HO32824,LIDOCAINA - EPINEFRINA 2 % - 1:50.000 SOLUCION INYECTABLE,,INYECTABLE,Linea Hospitalaria,EMPRESA LABORATORIOS AICA,E.F.G.32.824,,true,12.21,20.35
38355,HO40559,LINEZID 2 MG / ML SOLUCION INYECTABLE PARA INFUSION IV,,INYECTABLE,Linea Hospitalaria,LABORATORIO BEHRENS C.A.,E.F.40.559,,true,18.57,30.95
38356,MI318,LIOLACTIL X 20 SOBRES,,,Linea Farmacia,LABORATORIOS ELMOR S.A.,P.B.318,,true,11.35,18.92
38357,ME1264,LIOLACTIL (LACTOBACILOS RHAMNOSUS) 1.5 G X 6 POLVO PARA SUSPENSION ORAL SOBRES,,POLVO PARA RECONSTITUCION,Linea Farmacia,LABORATORIOS ELMOR S.A.,P.B.1.264,https://mav.farmaciasaas.com/api/images/articulos/DISTRIBUCION/2161.jpg,true,14.18,23.63
38358,ME39972,LIPACOMB 40 MG - 10 MG X 30 TABLETAS,,TABLETAS,Linea Farmacia,LABORATORIOS FARMA S.A.,E.F.39.972,,true,12.21,20.35
38364,ME17740,LISOMUCIN 4 MG / 5 ML JARABE,,JARABE,Linea Farmacia,LABORATORIOS SPEFAR VENEZOLANOS S.A.,E.F.17.740,https://mav.farmaciasaas.com/api/images/articulos/DISTRIBUCION/2178.jpg,true,3.67,6.12
38365,ME22407,LISOMUCIN 8 MG / 5 ML JARABE,,JARABE,Linea Farmacia,LABORATORIOS SPEFAR VENEZOLANOS S.A.,E.F.22.407,,true,3.36,5.60
38368,ME41901,LODIPIN 10 MG X 10 COMPRIMIDOS,,COMPRIMIDOS,Linea Farmacia,MEGALABS S.A.,E.F.41.901,https://mav.farmaciasaas.com/api/images/articulos/DISTRIBUCION/16508.jpg,true,2.73,4.55
38369,ME39867,LODIPIN VL 10 MG - 160 MG X 30 CAPSULAS,,CAPSULAS,Linea Farmacia,MEGALABS S.A.,E.F.39.867,,true,5.84,9.73
38370,ME28967,LOFLOX 400 MG X 10 TABLETAS RECUBIERTAS,,TABLETAS,Linea Farmacia,LABORATORIOS SIEGFRIED S.A.,E.F.28.967,,true,5.61,9.35
38371,ME22858,LOGANIL 250 MG / 5 ML JARABE,,JARABE,Linea Farmacia,BIOTECH LABORATORIOS C.A.,E.F.22.858,,true,7.27,12.12
38372,ME22859,LOGANIL 100 MG / 5 ML JARABE,,JARABE,Linea Farmacia,BIOTECH LABORATORIOS C.A.,E.F.22.859,https://mav.farmaciasaas.com/api/images/articulos/DISTRIBUCION/51207.jpg,true,3.81,6.35
38388,ME39177,LORATADINA 10 MG X 10 TABLETAS,,TABLETAS,Linea Farmacia,LABORATORIOS ALFA C X A,E.F.G.39.177,,true,1.4,2.33
38393,ME37256,LORECORT 1 MG - 0.05 MG / 5 ML SOLUCION ORAL,,SOLUCION ORAL,Linea Farmacia,LABORATORIOS L.O. OFTALMI C.A.,E.F.37.256,,true,21.37,35.62
38398,ME36979,LOSARTAN POTASICO - HIDROCLOROTIAZIDA 50 MG - 12.5 MG COMPRIMIDOS RECU,,COMPRIMIDOS,Linea Farmacia,LABORATORIOS VARGAS S.A.,E.F.G.36.979,,true,2.39,3.98
38402,ME35402/3,LOSARTAN POTASICO - HIDROCLOROTIAZIDA 50 MG - 12.5 MG X 30 COMPRIMIDOS RECU,,COMPRIMIDOS,Linea Farmacia,LABORATORIO CHILE S.A.,E.F.G.35.402,,true,1.05,1.75
38403,ME35402/2,LOSARTAN POTASICO - HIDROCLOROTIAZIDA 50 MG - 12.5 MG X 15 COMPRIMIDOS RECU,,COMPRIMIDOS,Linea Farmacia,LABORATORIO CHILE S.A.,E.F.G.35.402,,true,5.25,8.75
38413,HO32377,LOWPRES 150 MCG / ML X 5 AMPOLLAS,,INYECTABLE,Linea Hospitalaria,LABORATORIOS PISA C.A. DE C.V,E.F.32.377,https://mav.farmaciasaas.com/api/images/articulos/DISTRIBUCION/25380.jpg,true,12.39,20.65
38420,ME14881,MADECASSOL 1 % UNGUENTO,Centella asiatica,UNGUENTO,Linea Farmacia,LABORATORIO POLINAC C.A.,E.F.14.881,https://mav.farmaciasaas.com/api/images/articulos/DISTRIBUCION/16764.jpg,true,6.96,11.60
38430,ME41135,MATERNAVIT X 30 CAPSULAS BLANDAS,,CAPSULAS,Linea Farmacia,LAMBO LABORATORIA N.V,E.F.41.135,,true,18.64,31.07
38432,ME44317,MAXIFUR 50 MG X 30 CAPSULAS,,CAPSULAS,Linea Farmacia,JIANGXI SYNERGY PHARMACEUTICAL CO. LTD,E.F.44.317,https://mav.farmaciasaas.com/api/images/articulos/DISTRIBUCION/30340.jpg,true,7.43,12.38
38437,ME43285,MELIGEN 10 MG X 30 TABLETAS RECUBIERTAS,,TABLETAS,Linea Farmacia,TITAN LABORATORIES PVT. LTD.,E.F.43.285,https://mav.farmaciasaas.com/api/images/articulos/DISTRIBUCION/22554.jpg,true,11.82,19.70
38448,HO42154,MEROPENEM 1 G - 0.5 G X 1 AMPOLLA,,INYECTABLE,Linea Hospitalaria,REYOUNG PHARMACEUTICAL CO. LTD,E.F.G.42.154,,true,5.26,8.77
38450,HO21983/2,DIPIRONA 1 G / 2 ML X 3 AMPOLLAS,,INYECTABLE,Linea Hospitalaria,LABORATORIOS VALMOR C.A.,E.F.G.21.983,https://mav.farmaciasaas.com/api/images/articulos/DISTRIBUCION/29164.jpg,true,3.49,5.82
38451,HO21983/3,DIPIRONA 1 G / 2 ML X 5 AMPOLLAS,,INYECTABLE,Linea Hospitalaria,LABORATORIOS VALMOR C.A.,E.F.G.21.983,,true,6.97,11.62
38457,ME42358,METFORMINA CLORHIDRATO 500 MG X 28 TABLETAS,,TABLETAS,Linea Farmacia,CALOX INTERNATIONAL C.A.,E.F.G.42.358,https://mav.farmaciasaas.com/api/images/articulos/DISTRIBUCION/5582.jpg,true,5.38,8.97
38458,ME36815,METFORMINA 500 MG X 30 TABLETAS RECUBIERTAS,,TABLETAS,Linea Farmacia,AUROBINDO PHARMA LIMITED,E.F.G.36.815,,true,2.14,3.57
38461,ME32508/3,METFORMINA CLORHIDRATO 850 MG X 30 TABLETAS,,TABLETAS,Linea Farmacia,CALOX INTERNATIONAL C.A.,E.F.G.32.508,,true,3.61,6.02
38462,ME32508/2,METFORMINA CLORHIDRATO 850 MG X 28 TABLETAS,,TABLETAS,Linea Farmacia,CALOX INTERNATIONAL C.A.,E.F.G.32.508,https://mav.farmaciasaas.com/api/images/articulos/DISTRIBUCION/3913.jpg,true,5.48,9.13
38463,MI41036,SITAGLIPTINA-METFORMINA CLORHIDRATO 50 MG-1000 MG X 30 COMP RECUBIERTOS,,,Linea Farmacia,LABORATORIOS LETI S.A.V.,E.F.G.41.036,,true,7.79,12.98
38464,ME42625,METFORMINA CLORHIDRATO 1000 MG X 30 TABLETAS RECUBIERTAS,,TABLETAS,Linea Farmacia,FLAMINGO PHARMACEUTICALS LTD,E.F.G.42.625,,true,4.58,7.63
38465,ME40568,SITAGLIPTINA -METFORMINA CLORHIDRATO 50 MG-500 MG X 30 COMPRIMIDOS,,COMPRIMIDOS,Linea Farmacia,LABORATORIOS LETI S.A.V.,E.F.G.40.568,,true,2.61,4.35
38466,HO43316,METILPREDNISOLONA 125 MG X 1 AMPOLLA,,INYECTABLE,Linea Hospitalaria,SCOTT-EDIL PHARMACIA LTD,E.F.G.43.316,https://mav.farmaciasaas.com/api/images/articulos/DISTRIBUCION/27445.jpg,true,7.21,12.02
38476,HO42390,METRONIDAZOL 500 MG / 100 ML SOLUCION PARA INFUSION.,,INYECTABLE,Linea Hospitalaria,SHANDONG SHENGLU PHARMACEUTICAL CO. LTD,E.F.G.42.390,,true,2.68,4.47
38479,ME31064,METRONIDAZOL BENZOIL 125 MG / 5 ML SUSPENSION ORAL,,SUSPENSION ORAL,Linea Farmacia,LABORATORIOS KIMICEG C.A.,E.F.G.31.064,https://mav.farmaciasaas.com/api/images/articulos/DISTRIBUCION/1774.jpg,true,4.09,6.82
38491,ME42475,MILAX 50 % X 20 SOLUCION ORAL,,SOLUCION ORAL,Linea Farmacia,C.A. PRODUCTOS RONAVA,E.F.42.475,https://mav.farmaciasaas.com/api/images/articulos/DISTRIBUCION/7357.jpg,true,14.82,24.70
38492,HO23464/3,MIOVIT COMPOSITUM CON LIDOCAINA X 3 AMPOLLAS,,INYECTABLE,Linea Hospitalaria,LABORATORIO COFASA S.A.,E.F.23.464,https://mav.farmaciasaas.com/api/images/articulos/DISTRIBUCION/5514.jpg,true,5.47,9.12
38493,HO23464/2,MIOVIT COMPOSITUM CON LIDOCAINA X 1 AMPOLLA,,INYECTABLE,Linea Hospitalaria,LABORATORIO COFASA S.A.,E.F.23.464,https://mav.farmaciasaas.com/api/images/articulos/DISTRIBUCION/53224.jpg,true,2.51,4.18
38494,HO23464/4,MIOVIT COMPOSITUM CON LIDOCAINA X 6 AMPOLLAS,,INYECTABLE,Linea Hospitalaria,LABORATORIO COFASA S.A.,E.F.23.464,https://mav.farmaciasaas.com/api/images/articulos/DISTRIBUCION/97516.jpg,true,9.49,15.82
38495,ME22476/2,MIOVIT X 10 COMPRIMIDOS RECUBIERTOS,,COMPRIMIDOS,Linea Farmacia,LABORATORIO COFASA S.A.,E.F.22.476,,true,2.5,4.17
38496,ME22476/3,MIOVIT X 30 COMPRIMIDOS RECUBIERTOS,,COMPRIMIDOS,Linea Farmacia,LABORATORIO COFASA S.A.,E.F.22.476,,true,7.93,13.22
38507,ME38837/2,MONTRAX 10 MG X 10 TABLETAS,,TABLETAS,Linea Farmacia,BIOTECH LABORATORIOS C.A.,E.F.38.837,https://mav.farmaciasaas.com/api/images/articulos/DISTRIBUCION/27191.jpg,true,6.02,10.03
38508,ME38837/3,MONTRAX 10 MG X 30 TABLETAS,,TABLETAS,Linea Farmacia,BIOTECH LABORATORIOS C.A.,E.F.38.837,https://mav.farmaciasaas.com/api/images/articulos/DISTRIBUCION/96585.jpg,true,13.11,21.85
38509,ME39173,MONTRAX 4 MG X 10 TABLETAS MASTICABLES,,TABLETAS,Linea Farmacia,BIOTECH LABORATORIOS C.A.,E.F.39.173,,true,2.19,3.65
38510,ME39174/2,MONTRAX 5 MG X 10 TABLETAS MASTICABLES,,TABLETAS,Linea Farmacia,BIOTECH LABORATORIOS C.A.,E.F.39.174,https://mav.farmaciasaas.com/api/images/articulos/DISTRIBUCION/27038.jpg,true,4.05,6.75
38511,ME39174/3,MONTRAX 5 MG X 30 TABLETAS MASTICABLES,,TABLETAS,Linea Farmacia,BIOTECH LABORATORIOS C.A.,E.F.39.174,https://mav.farmaciasaas.com/api/images/articulos/DISTRIBUCION/96583.jpg,true,9,15.00
38515,ME40494,MOXIDEX 0.5 -0.1 % SOLUCION OFTALMICA ESTERIL,,SOLUCION OFTALMICA,Linea Farmacia,LABORATORIOS L.O. OFTALMI C.A.,E.F.40.494,https://mav.farmaciasaas.com/api/images/articulos/DISTRIBUCION/17364/17364.jpg,true,18.75,31.25
38519,ME40642,MUCLAR 30 MG - 5 MG X 10 COMPRIMIDOS,,COMPRIMIDOS,Linea Farmacia,ESPECIALIDADES DOLLDER C.A.,E.F.40.642,https://mav.farmaciasaas.com/api/images/articulos/DISTRIBUCION/98656.jpg,true,4.58,7.63
38520,ME20385,MUCOBROL 4 MG / 5 ML JARABE,,JARABE,Linea Farmacia,LABORATORIO COFASA S.A.,E.F.20.385,,true,2.17,3.62
38523,ME40019,MULTIDERM 2 % UNGUENTO,,UNGUENTO,Linea Farmacia,BIOTECH LABORATORIOS C.A.,E.F.40.019,https://mav.farmaciasaas.com/api/images/articulos/DISTRIBUCION/98294.jpg,true,7.43,12.38
38524,ME11776,MULTIVIRAL X 30 CAPSULAS,,CAPSULAS,Linea Farmacia,LABORATORIOS SIEGFRIED S.A.,E.F.11.776,https://mav.farmaciasaas.com/api/images/articulos/DISTRIBUCION/2470.jpg,true,13.34,22.23
38525,ME35710,MUPIROCIN 2 % UNGUENTO,,UNGUENTO,Linea Farmacia,LABORATORIOS SIEGFRIED S.A.,E.F.G.35.710,https://mav.farmaciasaas.com/api/images/articulos/DISTRIBUCION/28580.jpg,true,6.64,11.07
38526,ME38101,MUVETT 300 MG X 20 TABLETAS RECUBIERTAS DE LIBERACION PROLONGADA,,TABLETAS,Linea Farmacia,PROCAPS S.A.,E.F.38.101,https://mav.farmaciasaas.com/api/images/articulos/DISTRIBUCION/50344.jpg,true,9.74,16.23
38528,HO36014,N-BUTIL BROMURO DE HIOSCINA 20 MG / ML X 5 AMPOLLAS,,INYECTABLE,Linea Hospitalaria,VITALIS S.A.C.I.,E.F.G.36.014,,true,4.34,7.23
38529,ME22739,NACLODIN 0.150 MG X 30 TABLETAS,,TABLETAS,Linea Farmacia,LABORATORIOS VALMOR C.A.,E.F.22.739,https://mav.farmaciasaas.com/api/images/articulos/DISTRIBUCION/30060.jpg,true,8.86,14.77
38530,ME30624,NAFINA 1 % CREMA,,CREMA,Linea Farmacia,MEGALABS S.A.,E.F.30.624,https://mav.farmaciasaas.com/api/images/articulos/DISTRIBUCION/4092.jpg,true,6.52,10.87
38543,HO7099/2,NEOSTIGMINA 0.5 MG / ML X 3 AMPOLLAS,,INYECTABLE,Linea Hospitalaria,MEGALABS S.A.,E.F.G.7.099,,true,10.22,17.03
38544,HO7099/3,NEOSTIGMINA 0.5 MG / ML X 6 AMPOLLAS,,INYECTABLE,Linea Hospitalaria,MEGALABS S.A.,E.F.G.7.099,,true,5.78,9.63
38545,ME41608,NEULEVAL 500 MG X 10 TABLETAS RECUBIERTAS,,TABLETAS,Linea Farmacia,LABORATORIOS VALMOR C.A.,E.F.41.608,https://mav.farmaciasaas.com/api/images/articulos/DISTRIBUCION/22859.jpg,true,9.82,16.37
38546,ME41609,NEULEVAL 750 MG X 5 TABLETAS RECUBIERTAS,,TABLETAS,Linea Farmacia,LABORATORIOS VALMOR C.A.,E.F.41.609,https://mav.farmaciasaas.com/api/images/articulos/DISTRIBUCION/22860.jpg,true,7.34,12.23
38556,ME38246,NIMODIPINA 30 MG X 30 COMPRIMIDOS,,COMPRIMIDOS,Linea Farmacia,LABORATORIOS LETI S.A.V.,E.F.G.38.246,https://mav.farmaciasaas.com/api/images/articulos/DISTRIBUCION/23674.jpg,true,13.05,21.75
38557,ME35202,NIPE PLUS GRANULADO PARA SUSPENSION SABOR A FRUTAS TROPICALES,,GRANULADOS,Linea Farmacia,LABORATORIOS VARGAS S.A.,E.F.35.202,https://mav.farmaciasaas.com/api/images/articulos/DISTRIBUCION/8637.jpg,true,4.97,8.28
38560,ME42837,NITAX 500 MG X 6 TABLETAS RECUBIERTAS,,TABLETAS,Linea Farmacia,LABORATORIO LA SANTE C.A.,E.F.42.837,https://mav.farmaciasaas.com/api/images/articulos/DISTRIBUCION/24328.jpg,true,15.65,26.08
38561,ME37921,NITAZOXANIDA 500 MG X 6 TABLETAS RECUBIERTAS,,TABLETAS,Linea Farmacia,LABORATORIO LA SANTE C.A.,E.F.G.37.921,,true,12.7,21.17
38564,ME44220/2,NITROFURANTOINA 50 MG X 10 TABLETAS RECUBIERTAS,,TABLETAS,Linea Farmacia,CALOX INTERNATIONAL C.A.,E.F.G.44.220,,true,2.08,3.47
38565,ME44220/3,NITROFURANTOINA 50 MG X 30 TABLETAS RECUBIERTAS,,TABLETAS,Linea Farmacia,CALOX INTERNATIONAL C.A.,E.F.G.44.220,https://mav.farmaciasaas.com/api/images/articulos/DISTRIBUCION/29107.jpg,true,4.06,6.77
38576,ME27271/3,NOTOLAC 20 MG X 10 TABLETAS,,TABLETAS,Linea Farmacia,LABORATORIOS FARMA S.A.,E.F.27.271,https://mav.farmaciasaas.com/api/images/articulos/DISTRIBUCION/1531.jpg,true,4.42,7.37
38577,ME27271/2,NOTOLAC 20 MG X 4 TABLETAS,,TABLETAS,Linea Farmacia,LABORATORIOS FARMA S.A.,E.F.27.271,,true,3.74,6.23
38580,ME37707,NYTAXIN 500 MG X 6 CAPSULAS BLANDAS,,CAPSULAS,Linea Farmacia,PROCAPS S.A.,E.F.37.707,,true,11.36,18.93
38581,ME43411,PREDNISOLONA ACETATO 1 % SUSPENSION OFTALMICA,,SUSPENSION ORAL,Linea Farmacia,LABORATORIOS L.O. OFTALMI C.A.,E.F.G.43.411,,true,9.82,16.37
38584,ME38721,OFAFLAN 2 MG / ML SUSPENSION ORAL,,SUSPENSION ORAL,Linea Farmacia,LABORATORIOS ELMOR S.A.,E.F.38.721,https://mav.farmaciasaas.com/api/images/articulos/DISTRIBUCION/99845.jpg,true,8.12,13.53
38585,ME26287,OFTERRA UNGUENTO OFTALMICO,,UNGUENTO,Linea Farmacia,LABORATORIOS L.O. OFTALMI C.A.,E.F.26.287,,true,21.29,35.48
38588,ME39297,OLMECAR 40 MG X 30 COMPRIMIDOS RECUBIERTOS,,COMPRIMIDOS,Linea Farmacia,LABORATORIOS LETI S.A.V.,E.F.39.297,https://mav.farmaciasaas.com/api/images/articulos/DISTRIBUCION/20723.jpg,true,23.81,39.68
38589,ME40904,OLMESARTAN MEDOXOMIL 40 MG - HIDROLOCOTIAZIDA 12.5 MG X 30 TABLETAS RECUBIERTAS,,TABLETAS,Linea Farmacia,LABORATORIO LA SANTE C.A.,E.F.G.40.904,,true,5.85,9.75
38592,ME40779,OLMESARTAN MEDOXOMIL 20 MG X 30 TABLETAS RECUBIERTAS,,TABLETAS,Linea Farmacia,LABORATORIO LA SANTE C.A.,E.F.G.40.779,,true,3.96,6.60
38596,ME27785/3,OMEPRAZOL 20 MG X 10 CAPSULAS CON MICROGRANULOS ENTERICOS,,CAPSULAS,Linea Farmacia,CALOX INTERNATIONAL C.A.,E.F.G.27.785,,true,1.32,2.20
38597,ME27785/4,OMEPRAZOL 20 MG X 14 CAPSULAS CON MICROGRANULOS ENTERICOS,,CAPSULAS,Linea Farmacia,CALOX INTERNATIONAL C.A.,E.F.G.27.785,https://mav.farmaciasaas.com/api/images/articulos/DISTRIBUCION/21060.jpg,true,2.76,4.60
38598,ME27785/5,OMEPRAZOL 20 MG X 28 CAPSULAS CON MICROGRANULOS ENTERICOS,,CAPSULAS,Linea Farmacia,CALOX INTERNATIONAL C.A.,E.F.G.27.785,https://mav.farmaciasaas.com/api/images/articulos/DISTRIBUCION/8254.jpg,true,3.96,6.60
38599,ME27785/6,OMEPRAZOL 20 MG X 30 CAPSULAS CON MICROGRANULOS ENTERICOS,,CAPSULAS,Linea Farmacia,CALOX INTERNATIONAL C.A.,E.F.G.27.785,,true,7.79,12.98
38600,ME27785/2,OMEPRAZOL 20 MG X 7 CAPSULAS CON MICROGRANULOS ENTERICOS,,CAPSULAS,Linea Farmacia,CALOX INTERNATIONAL C.A.,E.F.G.27.785,,true,3.82,6.37
38601,ME28613/3,OMEPRAZOL 20 MG X 30 CAPSULAS CON MICROGRANULOS CON CUBIERTA ENTERICA,,CAPSULAS,Linea Farmacia,LABORATORIOS LETI S.A.V.,E.F.G.28.613,https://mav.farmaciasaas.com/api/images/articulos/DISTRIBUCION/29950.jpg,true,4.67,7.78
38602,ME28613/2,OMEPRAZOL 20 MG X 8 CAPSULAS CON MICROGRANULOS CON CUBIERTA ENTERICA,,CAPSULAS,Linea Farmacia,LABORATORIOS LETI S.A.V.,E.F.G.28.613,https://mav.farmaciasaas.com/api/images/articulos/DISTRIBUCION/6497.jpg,true,1.46,2.43
38608,ME42404/3,OMEPRAZOL 40 MG X 30 CAPSULAS CON MICROGRANULOS GASTRORRESISTENTES,,CAPSULAS,Linea Farmacia,LABORATORIO LA SANTE C.A.,E.F.G.42.404,,true,14.66,24.43
38609,ME42404/2,OMEPRAZOL 40 MG X 7 CAPSULAS CON MICROGRANULOS GASTRORRESISTENTES,,CAPSULAS,Linea Farmacia,LABORATORIO LA SANTE C.A.,E.F.G.42.404,,true,5.84,9.73
38610,ME41965/3,OMEPRAZOL 40 MG X 30 CAPSULAS GASTRORRESISTENTES,,CAPSULAS,Linea Farmacia,LABORATORIOS LETI S.A.V.,E.F.G.41.965,,true,15.21,25.35
38611,ME41965/2,OMEPRAZOL 40 MG X 10 CAPSULAS GASTRORRESISTENTES,,CAPSULAS,Linea Farmacia,LABORATORIOS LETI S.A.V.,E.F.G.41.965,https://mav.farmaciasaas.com/api/images/articulos/DISTRIBUCION/16765.jpg,true,4.3,7.17
38614,ME1221,OMMUNAL (LISADO BACTERIANO) 7 MG X 10 CAPSULAS,,CAPSULAS,Linea Farmacia,OM PHARMA SA,P.B.1.221,,true,31.43,52.38
38617,HO37763/2,ONDANSETRON 8 MG / 4 ML X 1 AMPOLLA,,INYECTABLE,Linea Hospitalaria,EMPRESA LABORATORIOS AICA,E.F.G.37.763,,true,2.62,4.37
38618,HO37763/3,ONDANSETRON 8 MG / 4 ML X 5 AMPOLLAS,,INYECTABLE,Linea Hospitalaria,EMPRESA LABORATORIOS AICA,E.F.G.37.763,,true,15.51,25.85
38628,ME8463,OTANOL 50 MG / ML SOLUCION OTICA,,SOLUCION OTICA,Linea Farmacia,LABORATORIO ETICOS ETIFAR C.A.,E.F.8.463,,true,7.61,12.68
38631,ME25936,OXOLAMINA JARABE,,JARABE,Linea Farmacia,LABORATORIOS ELMOR S.A.,E.F.G.25.936,,true,4.16,6.93
38635,HO39516,PANTOPRAZOL 40 MG X 1 AMPOLLA,,INYECTABLE,Linea Hospitalaria,WEXFORD LABORATORIES PVT. LTD.,E.F.G.39.516,,true,1.38,2.30
38636,ME43468,PANTOPRAZOL 40 MG X 7 TABLETAS DE LIBERACION RETARDADA,,TABLETAS,Linea Farmacia,REMUS PHARMACEUTICALS PVT. LTD.,E.F.G.43.468,,true,1.29,2.15
38642,ME41590,PASIM 10 MG / ML SOLUCION ORAL,,SOLUCION ORAL,Linea Farmacia,MEGALABS S.A.,E.F.41.590,https://mav.farmaciasaas.com/api/images/articulos/DISTRIBUCION/17394.jpg,true,4.43,7.38
38643,ME42399,PASOLAX POLVO PARA SOLUCION ORAL,,POLVO PARA RECONSTITUCION,Linea Farmacia,LABORATORIOS SIEGFRIED S.A.,E.F.42.399,,true,6.25,10.42
38652,ME44126,PEPTO-BISMOL 525 MG / 30 ML SUSPENSION ORAL,,SOLUCION ORAL,Linea Farmacia,LABORATORIOS FARMA S.A.,E.F.44.126,,true,7.99,13.32
38653,ME12460,PEREBRON 28 MG / 5 ML JARABE SABOR A FRAMBUESA,,JARABE,Linea Farmacia,LABORATORIOS ELMOR S.A.,E.F.12.460,,true,5.82,9.70
38654,ME41148,PEREBRON 28 MG / 5 ML JARABE SABOR MIEL - LIMON,,JARABE,Linea Farmacia,LABORATORIOS ELMOR S.A.,E.F.41.148,,true,4.53,7.55
38655,ME29292,PERIDONT 0.12 % SOLUCION TOPICA BUCAL,,SOLUCION TOPICA,Linea Farmacia,LABORATORIOS L.O. OFTALMI C.A.,E.F.29.292,https://mav.farmaciasaas.com/api/images/articulos/DISTRIBUCION/18615.jpg,true,12.55,20.92
38657,ME40348,PERTEN 1 % SOLUCION TOPICA,,SOLUCION TOPICA,Linea Farmacia,LABORATORIOS SIEGFRIED S.A.,E.F.40.348,https://mav.farmaciasaas.com/api/images/articulos/DISTRIBUCION/20023.jpg,true,14.4,24.00
38659,ME40357,PERTEN 1 % SOLUCION ATOMIZADORA PARA USO TOPICO,,SOLUCION TOPICA,Linea Farmacia,LABORATORIOS SIEGFRIED S.A.,E.F.40.357,https://mav.farmaciasaas.com/api/images/articulos/DISTRIBUCION/20023.jpg,true,11.3,18.83
38662,ME44538,PIMADOL 10 MG X 10 TABLETAS RECUBIERTAS,,TABLETAS,Linea Farmacia,RONALD PHARMACEUTICALS PVT. LTD.,E.F.44.538,https://mav.farmaciasaas.com/api/images/articulos/DISTRIBUCION/28531.jpg,true,1.73,2.88
38663,ME37698/2,PINAVERIUM BROMURO 100 MG X 20 TABLETAS RECUBIERTAS,,TABLETAS,Linea Farmacia,CALOX INTERNATIONAL C.A.,E.F.G.37.698,,true,10.92,18.20
38664,ME37698/3,PINAVERIUM BROMURO 100 MG X 30 TABLETAS RECUBIERTAS,,TABLETAS,Linea Farmacia,CALOX INTERNATIONAL C.A.,E.F.G.37.698,,true,17.13,28.55
38667,ME40639,PIPERAZINA 500 MG / 5 ML JARABE,,JARABE,Linea Farmacia,EMPRESA LABORATORIO FARMACEUTICO LIQUIDOS ORALES MEDILIPAMO MEDILIP,E.F.G.40.639,https://mav.farmaciasaas.com/api/images/articulos/DISTRIBUCION/22406.jpg,true,4.53,7.55
38674,ME8400,OTODON 2 % - 5 % SOLUCION GOTAS USO OTICO.,,GOTAS,Linea Farmacia,ORGANIFAR S.A.,E.F.8.400,,true,7.01,11.68
38675,HO29980,POLIAMIN 10 % (AMINOACIDOS CRISTALINOS) SOLUCION INYECTABLE INTRAVENOSA,,INYECTABLE,Linea Hospitalaria,LABORATORIO BEHRENS C.A.,E.F.29.980,https://mav.farmaciasaas.com/api/images/articulos/DISTRIBUCION/11096.jpg,true,40.71,67.85
38677,ME42051,POTAX 10 MEQ X 100 TABLETAS DE LIBERACION PROLONGADA,,TABLETAS,Linea Farmacia,MEGALABS S.A.,E.F.42.051,https://mav.farmaciasaas.com/api/images/articulos/DISTRIBUCION/26061.jpg,true,36.13,60.22
38684,ME43039/2,PREDNISOLONA 5 MG X 10 TABLETAS,,TABLETAS,Linea Farmacia,JIANGXI XIER KANGTAI PHARMACEUTICAL CO. LTD,E.F.G.43.039,,true,1.26,2.10
38685,ME43039/3,PREDNISOLONA 5 MG X 30 TABLETAS,,TABLETAS,Linea Farmacia,JIANGXI XIER KANGTAI PHARMACEUTICAL CO. LTD,E.F.G.43.039,,true,3.96,6.60
38700,ME36047,PRESIDERM 2 % UNGUENTO,,UNGUENTO,Linea Farmacia,MEGALABS S.A.,E.F.36.047,https://mav.farmaciasaas.com/api/images/articulos/DISTRIBUCION/11580.jpg,true,7.01,11.68
38701,ME14671,PREVERAL CON CODEINA JARABE,,JARABE,Linea Farmacia,LABORATORIOS WYETH S.A.,E.F.14.671,,true,5.99,9.98
38702,ME39191,PROPRANOLOL 40 MG X 20 TABLETAS,,TABLETAS,Linea Farmacia,LABORATORIOS ALFA C X A,E.F.G.39.191,,true,2.97,4.95
38704,ME23774,PROTOSULFIL 1 % CREMA,,CREMA,Linea Farmacia,MEGALABS S.A.,E.F.23.774,https://mav.farmaciasaas.com/api/images/articulos/DISTRIBUCION/5047.jpg,true,4.39,7.32
38705,ME40343,PROVICAR 2 G / 10 ML SOLUCION ORAL,,SOLUCION ORAL,Linea Farmacia,LABORATORIOS ELMOR S.A.,E.F.40.343,,true,10.52,17.53
38708,ME43431/2,QUETIAPINA 100 MG X 10 TABLETAS RECUBIERTAS,,TABLETAS,Linea Farmacia,PINNACLE LIFE SCIENCE PVT. LTD.,E.F.G.43.431,,true,1.68,2.80
38709,ME43431/3,QUETIAPINA 100 MG X 30 TABLETAS RECUBIERTAS,,TABLETAS,Linea Farmacia,PINNACLE LIFE SCIENCE PVT. LTD.,E.F.G.43.431,,true,4.84,8.07
38710,ME43426,QUETIAPINA 25 MG X 30 TABLETAS RECUBIERTAS,,TABLETAS,Linea Farmacia,PINNACLE LIFE SCIENCE PVT. LTD.,E.F.G.43.426,,true,3.57,5.95
38716,ME29673,OTIRILIN 4 % - 1 % SOLUCION OTICA,,SOLUCION OTICA,Linea Farmacia,BIOCODEX,E.F.29.673,,true,15.22,25.37
38731,ME40087,RINARIS 2.5 MG - 30 MG / 5 ML X 10 SOLUCION ORAL,,SOLUCION ORAL,Linea Farmacia,LABORATORIOS FARMA S.A.,E.F.40.087,,true,3.83,6.38
38732,HO1370B,SOLUCION DE RINGER LACTATO (SOLUCION DE HARTMANN) INYECTABLE,,INYECTABLE,Linea Hospitalaria,LABORATORIO BEHRENS C.A.,P.F.1.370,,true,1.98,3.30
38735,ME30711,RINOMAX 0.25 % - 0.125 % - 0.25 % SOLUCION NASAL,,SOLUCION NASAL,Linea Farmacia,LABORATORIOS L.O. OFTALMI C.A.,E.F.30.711,https://mav.farmaciasaas.com/api/images/articulos/DISTRIBUCION/2250.jpg,true,17.49,29.15
38754,ME38325,ROVARTAL 40 MG X 30 COMPRIMIDOS RECUBIERTOS,,COMPRIMIDOS,Linea Farmacia,MEGALABS S.A.,E.F.38.325,https://mav.farmaciasaas.com/api/images/articulos/DISTRIBUCION/94461.jpg,true,24.68,41.13
38763,ME16041,SALBUTAN 100 MCG / DOSIS X 200 SUSPENSION PARA INHALACION ORAL,,SUSPENSION ORAL,Linea Farmacia,GLAXO WELLCOME S.A.,E.F.16.041,,true,12.36,20.60
38764,ME20265,SARIFAN COMPOSITUM 0.01 G - 0.25 G X 20 TABLETAS RECUBIERTAS,,TABLETAS,Linea Farmacia,C.A. PRODUCTOS RONAVA,E.F.20.265,,true,7.19,11.98
38794,ME42444/2,SILDEX 100 MG X 1 TABLETA RECUBIERTA,,TABLETAS,Linea Farmacia,LABORATORIO PLUSANDEX DE FARMACEUTICOS UNIDOS PLUSANDEX C.A.,E.F.42.444,https://mav.farmaciasaas.com/api/images/articulos/DISTRIBUCION/23468.jpg,true,2.96,4.93
38795,ME42444/3,SILDEX 100 MG X 2 TABLETAS RECUBIERTAS,,TABLETAS,Linea Farmacia,LABORATORIO PLUSANDEX DE FARMACEUTICOS UNIDOS PLUSANDEX C.A.,E.F.42.444,https://mav.farmaciasaas.com/api/images/articulos/DISTRIBUCION/23469.jpg,true,4.26,7.10
38803,ME40375,SITAGLIS MET 50 MG-1000 MG X 28 COMPRIMIDOS RECUBIERTOS,,COMPRIMIDOS,Linea Farmacia,LABORATORIOS LETI S.A.V.,E.F.40.375,https://mav.farmaciasaas.com/api/images/articulos/DISTRIBUCION/26930.jpg,true,49.13,81.88
38806,ME44260,SUCRALFATO 100 MG / ML SUSPENSION ORAL,,SOLUCION ORAL,Linea Farmacia,BIOQUIMICA INTERNACIONAL C.A.,E.F.G.44.260,,true,13.56,22.60
38809,ME28901,SULFADIAZINA DE PLATA 1 % CREMA,,CREMA,Linea Farmacia,LABORATORIOS KIMICEG C.A.,E.F.G.28.901,https://mav.farmaciasaas.com/api/images/articulos/DISTRIBUCION/23082.jpg,true,5.52,9.20
38811,ME43187,SULIXTRA 0.4 MG X 30 CAPSULAS DE LIBERACION PROLONGADA,,CAPSULAS,Linea Farmacia,TITAN LABORATORIES PVT. LTD.,E.F.43.187,https://mav.farmaciasaas.com/api/images/articulos/DISTRIBUCION/21026.jpg,true,10.56,17.60
38812,ME43279/2,SULIXTRA DUO 0.4 MG - 0.5 MG X 10 CAPSULAS DE LIBERACION PROLONGADA,,CAPSULAS,Linea Farmacia,TITAN LABORATORIES PVT. LTD.,E.F.43.279,https://mav.farmaciasaas.com/api/images/articulos/DISTRIBUCION/21023.jpg,true,10.03,16.72
38813,ME43279/3,SULIXTRA DUO 0.4 MG - 0.5 MG X 30 CAPSULAS DE LIBERACION PROLONGADA,,CAPSULAS,Linea Farmacia,TITAN LABORATORIES PVT. LTD.,E.F.43.279,https://mav.farmaciasaas.com/api/images/articulos/DISTRIBUCION/21024.jpg,true,26.55,44.25
38838,ME18855,TAMOA 250 MG / 5 ML X 6 SUSPENSION,,SUSPENSION ORAL,Linea Farmacia,BIOTECH LABORATORIOS C.A.,E.F.18.855,,true,6.91,11.52
38841,ME30979,TAMSULON 0.4 MG X 30 CAPSULAS DE LIBERACION CONTROLADA,,CAPSULAS,Linea Farmacia,NOVOCAP S.A.,E.F.30.979,,true,12.05,20.08
38845,ME24206,TANTUN 0.1 % SOLUCION DUCHA VAGINAL,,LOCION,Linea Farmacia,LABORATORIOS ELMOR S.A.,E.F.24.206,https://mav.farmaciasaas.com/api/images/articulos/DISTRIBUCION/8116.jpg,true,5.45,9.08
38856,ME36877,TERBINAFINA CLORHIDRATO 1 % CREMA TOPICA,,CREMA,Linea Farmacia,MEYER PRODUCTOS TERAPEUTICOS S.A.,E.F.G.36.877,,true,3.99,6.65
38858,ME30062/2,TIALIN 50 MG X 10 COMPRIMIDOS,,COMPRIMIDOS,Linea Farmacia,MEGALABS S.A.,E.F.30.062,https://mav.farmaciasaas.com/api/images/articulos/DISTRIBUCION/10964.jpg,true,4.68,7.80
38859,ME30062/3,TIALIN 50 MG X 30 COMPRIMIDOS,,COMPRIMIDOS,Linea Farmacia,MEGALABS S.A.,E.F.30.062,https://mav.farmaciasaas.com/api/images/articulos/DISTRIBUCION/1374.jpg,true,12.08,20.13
38860,ME43421,TIDOR 2 % - 0.5 % SOLUCION OFTALMICA,,SOLUCION OFTALMICA,Linea Farmacia,ARBOFARMA S.A.S.,E.F.43.421,https://mav.farmaciasaas.com/api/images/articulos/DISTRIBUCION/25402.jpg,true,12.71,21.18
38861,ME12998,TILODRIN 4 MG / ML SOLUCION ORAL,,SOLUCION ORAL,Linea Farmacia,LABORATORIOS SIEGFRIED S.A.,E.F.12.998,,true,3.29,5.48
38862,ME17508,TILODRIN 30 MG / 15 ML JARABE,,JARABE,Linea Farmacia,LABORATORIOS SIEGFRIED S.A.,E.F.17.508,,true,4.25,7.08
38880,ME42035,TONERVOL 5 MG X 30 TABLETAS,,TABLETAS,Linea Farmacia,LABORATORIOS FARMA S.A.,E.F.42.035,,true,17.81,29.68
38884,ME40295,TRACEVAL 500 MG - 50 MG X 20 TABLETAS,,TABLETAS,Linea Farmacia,LABORATORIOS VALMOR C.A.,E.F.40.295,,true,14.39,23.98
38885,ME40448,TRACEVAL 325 MG - 37.5 MG X 20 TABLETAS RECUBIERTAS,,TABLETAS,Linea Farmacia,LABORATORIOS VALMOR C.A.,E.F.40.448,https://mav.farmaciasaas.com/api/images/articulos/DISTRIBUCION/99313.jpg,true,9.56,15.93
38889,ME30065,TRAMAL LONG 150 MG X 20 TABLETAS RECUBIERTAS DE LIBERACION PROLONGADA,,TABLETAS,Linea Farmacia,TECNANDINA S.A.,E.F.30.065,,true,39.13,65.22
38893,ME28553/2,TRIMEBUTINA MALEATO 200 MG X 10 TABLETAS,,TABLETAS,Linea Farmacia,LABORATORIO LA SANTE C.A.,E.F.28.553,,true,3.25,5.42
38894,ME28553/3,TRIMEBUTINA MALEATO 200 MG X 30 TABLETAS,,TABLETAS,Linea Farmacia,LABORATORIO LA SANTE C.A.,E.F.28.553,https://mav.farmaciasaas.com/api/images/articulos/DISTRIBUCION/26921.jpg,true,11.42,19.03
38896,ME40028,FLUTIXAIR 250 MCG -25 MCG / DOSIS X 120 SUSPENSION PARA INHALACION ORAL,,SOLUCION ORAL,Linea Farmacia,LABORATORIOS HAYMANN S.A.,E.F.40.028,,true,10.65,17.75
38908,ME43344,ULTAMYN 750 MG X 10 TABLETAS RECUBIERTAS,,TABLETAS,Linea Farmacia,RONALD PHARMACEUTICALS PVT. LTD.,E.F.43.344,https://mav.farmaciasaas.com/api/images/articulos/DISTRIBUCION/27001.jpg,true,13.71,22.85
38910,ME43451,UROSINA 0.4 MG X 30 TABLETAS RECUBIERTAS DE LIBERACION PROLONGADA,,TABLETAS,Linea Farmacia,RONALD PHARMACEUTICALS PVT. LTD.,E.F.43.451,,true,18.12,30.20
38911,ME38639,VALACICLOVIR 500 MG X 10 TABLETAS RECUBIERTAS,,TABLETAS,Linea Farmacia,CALOX INTERNATIONAL C.A.,E.F.G.38.639,https://mav.farmaciasaas.com/api/images/articulos/DISTRIBUCION/24670.jpg,true,18.19,30.32
38912,ME23835,VALPRON 250 MG / 5 ML JARABE,,JARABE,Linea Farmacia,LABORATORIOS FARMA S.A.,E.F.23.835,,true,18.65,31.08
38922,ME35562/3,VALSARTAN - HIDROCLOROTIAZIDA 80 MG - 12.5 MG X 20 TABLETAS RECUBIERTAS,,TABLETAS,Linea Farmacia,CALOX INTERNATIONAL C.A.,E.F.G.35.562,,true,5.47,9.12
38924,ME35562/4,VALSARTAN - HIDROCLOROTIAZIDA 80 MG - 12.5 MG X 28 TABLETAS RECUBIERTAS,,TABLETAS,Linea Farmacia,CALOX INTERNATIONAL C.A.,E.F.G.35.562,https://mav.farmaciasaas.com/api/images/articulos/DISTRIBUCION/54281.jpg,true,7.36,12.27
38925,ME35562/2,VALSARTAN - HIDROCLOROTIAZIDA 80 MG - 12.5 MG X 14 TABLETAS RECUBIERTAS,,TABLETAS,Linea Farmacia,CALOX INTERNATIONAL C.A.,E.F.G.35.562,https://mav.farmaciasaas.com/api/images/articulos/DISTRIBUCION/9838.jpg,true,4.36,7.27
38936,ME43342/3,VASPITOR 40 MG X 30 COMPRIMIDOS RECUBIERTOS,,COMPRIMIDOS,Linea Farmacia,MEGALABS S.A.,E.F.43.342,https://mav.farmaciasaas.com/api/images/articulos/DISTRIBUCION/50530.jpg,true,12.08,20.13
38937,ME43342/2,VASPITOR 40 MG X 10 COMPRIMIDOS RECUBIERTOS,,COMPRIMIDOS,Linea Farmacia,MEGALABS S.A.,E.F.43.342,https://mav.farmaciasaas.com/api/images/articulos/DISTRIBUCION/52642.jpg,true,5.39,8.98
38938,ME40793,VASSLUTEN HCT 300 MG - 12.5 MG TABLETAS,,TABLETAS,Linea Farmacia,GLOBAL FARMA S.A.,E.F.40.793,https://mav.farmaciasaas.com/api/images/articulos/DISTRIBUCION/26022.jpg,true,18.48,30.80
38939,ME40580,VASSLUTEN HCT 150 MG - 12.5 MG TABLETAS,,TABLETAS,Linea Farmacia,GLOBAL FARMA S.A.,E.F.40.580,https://mav.farmaciasaas.com/api/images/articulos/DISTRIBUCION/15696.jpg,true,12.87,21.45
38958,HO26226,VITAMINA B12 5 MG / ML X 1 AMPOLLA,,INYECTABLE,Linea Hospitalaria,C.A. PRODUCTOS RONAVA,E.F.G.26.226,,true,8.01,13.35
38959,ME6024,VITAMINA B12 500 MCG X 20 CAPSULAS,,CAPSULAS,Linea Farmacia,MEGALABS S.A.,E.F.G.6.024,,true,5.97,9.95
38960,HO27999,VITAMINA C 500 MG / 5 ML X 10 AMPOLLAS,,INYECTABLE,Linea Hospitalaria,SM PHARMA C.A.,E.F.G.27.999,,true,4.68,7.80
38967,ME32643,VITAMINA C 100 MG / 5 ML SOLUCION ORAL,,SOLUCION ORAL,Linea Farmacia,MEGALABS S.A.,E.F.G.32.643,,true,6.13,10.22
38970,HO16233,VITAMINA K1 10 MG / ML X 3 AMPOLLAS,,INYECTABLE,Linea Hospitalaria,MEGALABS S.A.,E.F.G.16.233,,true,8.44,14.07
38971,ME31004/2,VITADYN C 500 MG TABLETAS MASTICABLES SABOR A FRUTAS TROPICALES X 10 TABLETAS,,TABLETAS,Linea Farmacia,LABORATORIOS L.O. OFTALMI C.A.,E.F.31.004,https://mav.farmaciasaas.com/api/images/articulos/DISTRIBUCION/11403.jpg,true,12.3,20.50
38972,ME31004/3,VITADYN C 500 MG TABLETAS MASTICABLES SABOR A FRUTAS TROPICALES X 30 TABLETAS,,TABLETAS,Linea Farmacia,LABORATORIOS L.O. OFTALMI C.A.,E.F.31.004,https://mav.farmaciasaas.com/api/images/articulos/DISTRIBUCION/30132.jpg,true,9.32,15.53
38973,ME27330,VITAMINA E 100 MG X 60 CAPSULAS BLANDAS,,CAPSULAS,Linea Farmacia,INDUSTRIAS INTERCAPS DE VENEZUELA C.A.,E.F.27.330,,true,12.99,21.65
38975,ME9592,VITENOL CREMA,,CREMA,Linea Farmacia,LABORATORIOS PONCE C.A.,E.F.9.592,https://mav.farmaciasaas.com/api/images/articulos/DISTRIBUCION/3832.jpg,true,3.07,5.12
38976,ME30487/2,VIZERUL 75 MG X 10 COMPRIMIDOS RECUBIERTOS,,COMPRIMIDOS,Linea Farmacia,ESPECIALIDADES DOLLDER C.A.,E.F.30.487,https://mav.farmaciasaas.com/api/images/articulos/DISTRIBUCION/111.jpg,true,3.1,5.17
38977,ME30487/3,VIZERUL 75 MG X 20 COMPRIMIDOS RECUBIERTOS,,COMPRIMIDOS,Linea Farmacia,ESPECIALIDADES DOLLDER C.A.,E.F.30.487,https://mav.farmaciasaas.com/api/images/articulos/DISTRIBUCION/24115.jpg,true,5.28,8.80
38978,ME38380,VIZERUL 150 MG / 10 ML X 10 SOLUCION ORAL,,SOLUCION ORAL,Linea Farmacia,ESPECIALIDADES DOLLDER C.A.,E.F.38.380,https://mav.farmaciasaas.com/api/images/articulos/DISTRIBUCION/93730.jpg,true,6.06,10.10
38979,HO42691,VOLCOFEN 75 MG / 3 ML X 1 AMPOLLA,,INYECTABLE,Linea Hospitalaria,LABORATORIO BEHRENS C.A.,E.F.42.691,https://mav.farmaciasaas.com/api/images/articulos/DISTRIBUCION/28883.jpg,true,3.05,5.08
38980,ME44590,VONAU FLASH 4 MG TABLETAS DE DESINTEGRACION ORAL X 10 TABLETAS,,TABLETAS,Linea Farmacia,BIOLAB SANUS FARMACEUTICA LTDA.,E.F.44.590,https://mav.farmaciasaas.com/api/images/articulos/DISTRIBUCION/52415.jpg,true,8.47,14.12
38991,ME43300,ZILDON 10 MG X 30 TABLETAS RECUBIERTAS,,TABLETAS,Linea Farmacia,MANUFACTURERA MUNDIAL FARMACEUTICA S.A.,E.F.43.300,https://mav.farmaciasaas.com/api/images/articulos/DISTRIBUCION/53121.jpg,true,8.96,14.93
38996,ME33820/2,ZOLPIDEX 10 MG X 10 COMPRIMIDOS RECUBIERTOS,,COMPRIMIDOS,Linea Farmacia,MEGALABS S.A.,E.F.33.820,https://mav.farmaciasaas.com/api/images/articulos/DISTRIBUCION/6549.jpg,true,5.32,8.87
38997,ME33820/3,ZOLPIDEX 10 MG X 20 COMPRIMIDOS RECUBIERTOS,,COMPRIMIDOS,Linea Farmacia,MEGALABS S.A.,E.F.33.820,https://mav.farmaciasaas.com/api/images/articulos/DISTRIBUCION/6547.jpg,true,9.61,16.02
39000,ME36302,ZONTRICON 100 MG / 5 ML POLVO PARA SUSPENSION,,POLVO PARA RECONSTITUCION,Linea Farmacia,LABORATORIOS LETI S.A.V.,E.F.36.302,,true,25.31,42.18
39002,ME33888/2,ZOST 50 MG X 1 COMPRIMIDO,,COMPRIMIDOS,Linea Farmacia,ESPECIALIDADES DOLLDER C.A.,E.F.33.888,https://mav.farmaciasaas.com/api/images/articulos/DISTRIBUCION/91511.jpg,true,1.21,2.02
39003,ME33888/3,ZOST 50 MG X 2 COMPRIMIDOS,,COMPRIMIDOS,Linea Farmacia,ESPECIALIDADES DOLLDER C.A.,E.F.33.888,https://mav.farmaciasaas.com/api/images/articulos/DISTRIBUCION/91227.jpg,true,1.66,2.77
39004,ME33888/4,ZOST 50 MG X 4 COMPRIMIDOS,,COMPRIMIDOS,Linea Farmacia,ESPECIALIDADES DOLLDER C.A.,E.F.33.888,https://mav.farmaciasaas.com/api/images/articulos/DISTRIBUCION/91228.jpg,true,2.84,4.73
39014,ME42908,ACETAMINOFEN 120 MG / 5 ML X 10 SOLUCION ORAL,,SOLUCION ORAL,Linea Farmacia,LABORATORIOS L.O. OFTALMI C.A.,E.F.G.42.908,,true,0.36,0.60
39024,HO32565,DEXTROSA AL 5 % EN AGUA DESTILADA SOLUCION INYECTABLE,,INYECTABLE,Linea Hospitalaria,LABORATORIO BEHRENS C.A.,E.F.G.32.565,https://mav.farmaciasaas.com/api/images/articulos/DISTRIBUCION/1133.jpg,true,4.97,8.28
39037,ME42427,AMLODIPINO 10 MG X 20 COMPRIMIDOS,,COMPRIMIDOS,Linea Farmacia,LABORATORIOS SPEFAR VENEZOLANOS S.A.,E.F.G.42.427,,true,3.42,5.70
39040,ME42428,AMLODIPINO 5 MG X 20 COMPRIMIDOS,,COMPRIMIDOS,Linea Farmacia,LABORATORIOS SPEFAR VENEZOLANOS S.A.,E.F.G.42.428,,true,3.34,5.57
39044,ME29931,AMOXICILINA 250 MG / 5 ML POLVO PARA SUSPENSION ORAL,,POLVO PARA RECONSTITUCION,Linea Farmacia,LABORATORIOS SPEFAR VENEZOLANOS S.A.,E.F.G.29.931,,true,4.71,7.85
39064,ME42368/2,APLACAL 750 MG TABLETAS MASTICABLES SABOR A FRAMBUESA X 10 TABLETAS,,TABLETAS,Linea Farmacia,LABORATORIOS SIEGFRIED S.A.,E.F.42.368,https://mav.farmaciasaas.com/api/images/articulos/DISTRIBUCION/21600.jpg,true,8.38,13.97
39065,ME42368/3,APLACAL 750 MG TABLETAS MASTICABLES SABOR A FRAMBUESA X 80 TABLETAS,,TABLETAS,Linea Farmacia,LABORATORIOS SIEGFRIED S.A.,E.F.42.368,https://mav.farmaciasaas.com/api/images/articulos/DISTRIBUCION/52504.jpg,true,13.61,22.68
39066,ME42365/2,APLACAL 750 MG X 10 TABLETAS MASTICABLES SABOR A MENTA,,TABLETAS,Linea Farmacia,LABORATORIOS SIEGFRIED S.A.,E.F.42.365,https://mav.farmaciasaas.com/api/images/articulos/DISTRIBUCION/21600.jpg,true,9.55,15.92
39067,ME42365/4,APLACAL 750 MG X 120 TABLETAS MASTICABLES SABOR A MENTA,,TABLETAS,Linea Farmacia,LABORATORIOS SIEGFRIED S.A.,E.F.42.365,https://mav.farmaciasaas.com/api/images/articulos/DISTRIBUCION/21595.jpg,true,72.37,120.62
39068,ME42365/3,APLACAL 750 MG X 80 TABLETAS MASTICABLES SABOR A MENTA,,TABLETAS,Linea Farmacia,LABORATORIOS SIEGFRIED S.A.,E.F.42.365,https://mav.farmaciasaas.com/api/images/articulos/DISTRIBUCION/52504.jpg,true,12.9,21.50
39069,ME42367,APLACAL 750 MG X 80 TABLETAS MASTICABLES SABOR A MANDARINA,,TABLETAS,Linea Farmacia,LABORATORIOS SIEGFRIED S.A.,E.F.42.367,https://mav.farmaciasaas.com/api/images/articulos/DISTRIBUCION/52504.jpg,true,13.61,22.68
39087,ME39007,ATORVASTATINA 40 MG X 30 TABLETAS RECUBIERTAS,,TABLETAS,Linea Farmacia,LABORATORIOS VALMOR C.A.,E.F.G.39.007,https://mav.farmaciasaas.com/api/images/articulos/DISTRIBUCION/51294.jpg,true,10.28,17.13
39088,ME36258,ATROVERAN 10 MG X 10 TABLETAS RECUBIERTAS,,TABLETAS,Linea Farmacia,LABORATORIOS VARGAS S.A.,E.F.36.258,https://mav.farmaciasaas.com/api/images/articulos/DISTRIBUCION/25527.jpg,true,5.88,9.80
39089,ME44273,ATROVERAN FORTE 20 MG TABLETAS RECUBIERTAS,,TABLETAS,Linea Farmacia,LABORATORIOS VARGAS S.A.,E.F.44.273,,true,5.9,9.83
39096,HO22899,BETAMETASONA 4 MG / ML X 1 AMPOLLA,,INYECTABLE,Linea Hospitalaria,LABORATORIOS VALMOR C.A.,E.F.G.22.899,https://mav.farmaciasaas.com/api/images/articulos/DISTRIBUCION/2117.jpg,true,4.94,8.23
39097,HO32578,BICARBONATO DE SODIO AL 5 % X 1 AMPOLLA,,INYECTABLE,Linea Hospitalaria,LABORATORIO BEHRENS C.A.,E.F.G.32.578,https://mav.farmaciasaas.com/api/images/articulos/DISTRIBUCION/4842.jpg,true,9.88,16.47
39099,ME38313,OLMESARTAN MEDOXOMILO 40 MG X 30 TABLETAS RECUBIERTAS,,TABLETAS,Linea Farmacia,CALOX INTERNATIONAL C.A.,E.F.G.38.313,https://mav.farmaciasaas.com/api/images/articulos/DISTRIBUCION/13812.jpg,true,12.34,20.57
39104,ME41847,BIPROLIL 2.5 MG COMPRIMIDOS RECUBIERTOS,,COMPRIMIDOS,Linea Farmacia,LABORATORIOS VARGAS S.A.,E.F.41.847,https://mav.farmaciasaas.com/api/images/articulos/DISTRIBUCION/27780.jpg,true,2.59,4.32
39109,ME39033,BISOPROLOL FUMARATO - HIDROCLOROTIZIDA 2.5 MG - 6.25 MG COMPRIMIDOS RECUBIERTOS,,COMPRIMIDOS,Linea Farmacia,LABORATORIOS LETI S.A.V.,E.F.G.39.033,,true,4.31,7.18
39111,ME39034,BISOPROLOL FUMARATO - HIDROCLOROTIAZIDA 5 MG - 6.25 MG COMPRIMIDOS RECUBIERTOS,,COMPRIMIDOS,Linea Farmacia,LABORATORIOS LETI S.A.V.,E.F.G.39.034,https://pccentro.net.ve/img/s/6/8/7/3/8/68738-large_default.webp,true,5.86,9.77
39136,HO33073,CLORHIDRATO DE MORFINA 10 MG / ML X 10 AMPOLLAS,,INYECTABLE,Linea Hospitalaria,BIOTECH LABORATORIOS C.A.,E.F.G.33.073,,true,1.19,1.98
39138,HO13532,CIFARCAINA HIPERBARA AL 5 % X 2 AMPOLLAS,,INYECTABLE,Linea Hospitalaria,LABORATORIO BEHRENS C.A.,E.F.13.532,https://mav.farmaciasaas.com/api/images/articulos/DISTRIBUCION/53832.jpg,true,8.08,13.47
39139,ME36304,CIPROFLOXACINA 500 MG COMPRIMIDOS RECUBIERTOS,,COMPRIMIDOS,Linea Farmacia,LABORATORIOS VARGAS S.A.,E.F.G.36.304,https://mav.farmaciasaas.com/api/images/articulos/DISTRIBUCION/53267.jpg,true,4.84,8.07
39140,ME40297,CIPROFLOXACINA 500 MG COMPRIMIDOS RECUBIERTOS DE LIBERACION PROGRAMADA,,COMPRIMIDOS,Linea Farmacia,LABORATORIOS LETI S.A.V.,E.F.G.40.297,https://mav.farmaciasaas.com/api/images/articulos/DISTRIBUCION/51885.jpg,true,4.56,7.60
39141,ME30837,CIPROFLOXACINA 500 MG X 6 TABLETAS RECUBIERTAS,,TABLETAS,Linea Farmacia,LABORATORIOS KIMICEG C.A.,E.F.G.30.837,https://mav.farmaciasaas.com/api/images/articulos/DISTRIBUCION/1615.jpg,true,1.74,2.90
39142,ME32032,CIPROFLOXACINA 750 MG COMPRIMIDOS RECUBIERTOS,,COMPRIMIDOS,Linea Farmacia,LABORATORIOS SPEFAR VENEZOLANOS S.A.,E.F.G.32.032,,true,4.74,7.90
39150,HO32581,CLORURO DE POTASIO 7.5 % SOLUCION HIPERTONICA X 1 AMPOLLA,,INYECTABLE,Linea Hospitalaria,LABORATORIO BEHRENS C.A.,E.F.G.32.581,,true,8.86,14.77
39151,HO32515,CLORURO DE SODIO AL 20 % SOLUCION HIPERTONICA INYECTABLE,,INYECTABLE,Linea Hospitalaria,LABORATORIO BEHRENS C.A.,E.F.G.32.515,,true,8.28,13.80
39158,ME1412,COMPLEJO DE VITAMINA B X 20 TABLETAS,,TABLETAS,Linea Farmacia,LABORATORIOS SPEFAR VENEZOLANOS S.A.,P.F.1.412,,true,3.59,5.98
39238,HO32556,GLUCONATO DE CALCIO AL 10 % SOLUCION INYECTABLE,,INYECTABLE,Linea Hospitalaria,LABORATORIO BEHRENS C.A.,E.F.G.32.556,https://mav.farmaciasaas.com/api/images/articulos/DISTRIBUCION/99310.jpg,true,9.1,15.17
39248,ME39472,IBUPROFENO 400 MG-TIOCOLCHICOSIDO 4 MG COMPRIMIDOS,,COMPRIMIDOS,Linea Farmacia,LABORATORIOS SPEFAR VENEZOLANOS S.A.,E.F.G.39.472,,true,4.6,7.67
39273,ME40973,KLINCOSAL 262 MG - 100 MG X 30 TABLETAS MASTICABLES SABOR A UVA,,TABLETAS,Linea Farmacia,MEGALABS S.A.,E.F.40.973,https://mav.farmaciasaas.com/api/images/articulos/DISTRIBUCION/28870.jpg,true,5.08,8.47
39274,ME42263,KLINCOSAL 262 MG - 500 MG / 15 ML SUSPENSION ORAL SABOR A FRESA,,SOLUCION ORAL,Linea Farmacia,MEGALABS S.A.,E.F.42.263,,true,7.32,12.20
39275,ME42264,KLINCOSAL 262 MG - 500 MG / 15 ML SUSPENSION ORAL SABOR A UVA,,SOLUCION ORAL,Linea Farmacia,MEGALABS S.A.,E.F.42.264,,true,7.32,12.20
39313,ME42756,NAFAZOLINA CLORHIDRATO 0.12 MG / ML SOLUCION OFTALMICA,,SOLUCION OFTALMICA,Linea Farmacia,LABORATORIOS LETI S.A.V.,E.F.G.42.756,,true,2.9,4.83
39324,ME38921,OLMESARTAN MEDOXOMIL 20 MG COMPRIMIDOS RECUBIERTOS,,COMPRIMIDOS,Linea Farmacia,LABORATORIOS LETI S.A.V.,E.F.G.38.921,https://mav.farmaciasaas.com/api/images/articulos/DISTRIBUCION/25976.jpg,true,6.55,10.92
39325,ME38415,OLMESARTAN MEDOXOMILO 20 MG X 30 TABLETAS RECUBIERTAS,,TABLETAS,Linea Farmacia,CALOX INTERNATIONAL C.A.,E.F.G.38.415,https://mav.farmaciasaas.com/api/images/articulos/DISTRIBUCION/13813.jpg,true,6.25,10.42
39326,ME43452/2,OMEPRAZOL 40 MG X 7 CAPSULAS GASTRORRESISTENTES,,CAPSULAS,Linea Farmacia,LABORATORIOS L.O. OFTALMI C.A.,E.F.G.43.452,https://mav.farmaciasaas.com/api/images/articulos/DISTRIBUCION/29583.jpg,true,5.34,8.90
39327,ME43452/3,OMEPRAZOL 40 MG X 30 CAPSULAS GASTRORRESISTENTES,,CAPSULAS,Linea Farmacia,LABORATORIOS L.O. OFTALMI C.A.,E.F.G.43.452,https://mav.farmaciasaas.com/api/images/articulos/DISTRIBUCION/50576.jpg,true,13.9,23.17
39328,ME30489,OMEPRAZOL 20 MG X 28 CAPSULAS,,CAPSULAS,Linea Farmacia,LABORATORIOS SPEFAR VENEZOLANOS S.A.,E.F.G.30.489,,true,7.56,12.60
39329,ME35417/3,OMEPRAZOL 20 MG X 30 CAPSULAS,,CAPSULAS,Linea Farmacia,LABORATORIOS L.O. OFTALMI C.A.,E.F.G.35.417,https://mav.farmaciasaas.com/api/images/articulos/DISTRIBUCION/24329.jpg,true,5.98,9.97
39330,ME35417/2,OMEPRAZOL 20 MG X 7 CAPSULAS,,CAPSULAS,Linea Farmacia,LABORATORIOS L.O. OFTALMI C.A.,E.F.G.35.417,https://mav.farmaciasaas.com/api/images/articulos/DISTRIBUCION/9745.jpg,true,3.43,5.72
39334,ME26053,OXOLAMINA 28 MG / 5 ML JARABE,,JARABE,Linea Farmacia,LABORATORIOS VALMOR C.A.,E.F.G.26.053,,true,3.89,6.48
39335,ME26052,OXOLAMINA 50 MG / 5 ML JARABE,,JARABE,Linea Farmacia,LABORATORIOS VALMOR C.A.,E.F.G.26.052,,true,3.94,6.57
39339,ME26205,OXOLAMINA 50 MG / 5 ML JARABE,,JARABE,Linea Farmacia,LABORATORIOS ELMOR S.A.,E.F.G.26.205,,true,3.86,6.43
39343,MI25491,PROTOSULFIL 1 % POLVO,,POLVO PARA RECONSTITUCION,Linea Farmacia,MEGALABS S.A.,E.F.25.491,,true,23.75,39.58
39344,ME24456,CARNITENE 1 G / 10 ML SOLUCION ORAL,,SOLUCION ORAL,Linea Farmacia,LABORATORIOS ELMOR S.A.,E.F.24.456,,true,7.53,12.55
39352,ME42185,REHIDROSOL 45 MEQ / L SOLUCION ELECTROLITICA USO ORAL SABOR A FRAMBUESA,,SOLUCION ORAL,Linea Farmacia,LABORATORIO BEHRENS C.A.,E.F.42.185,,true,5.15,8.58
39354,ME42186,REHIDROSOL 60 MEQ / L SOLUCION ELECTROLITICA USO ORAL SABOR A MANZANA,,SOLUCION ORAL,Linea Farmacia,LABORATORIO BEHRENS C.A.,E.F.42.186,,true,4.12,6.87
39356,HO32579,SOLUCION RINGER LACTATO (SOLUCION HARTMAN) INYECTABLE,,INYECTABLE,Linea Hospitalaria,LABORATORIO BEHRENS C.A.,E.F.G.32.579,,true,1.99,3.32
39367,ME1368,DEXTROSA AL 5 % EN SOLUCION FISIOLOGICA ISOTONICA DE CLORURO DE SODIO I,,LOCION,Linea Farmacia,LABORATORIO BEHRENS C.A.,P.F.1.368,https://mav.farmaciasaas.com/api/images/articulos/DISTRIBUCION/1133.jpg,true,6.32,10.53
39376,ME32130,SULTAMICILINA 750 MG COMPRIMIDOS RECUBIERTOS,,COMPRIMIDOS,Linea Farmacia,LABORATORIOS SPEFAR VENEZOLANOS S.A.,E.F.G.32.130,,true,10.61,17.68
39392,ME38822,TERBINAFINA 1 % CREMA,,CREMA,Linea Farmacia,LABORATORIOS KIMICEG C.A.,E.F.G.38.822,https://mav.farmaciasaas.com/api/images/articulos/DISTRIBUCION/96827.jpg,true,2.87,4.78
39397,ME30908,TRIMETOPRIM / SULFAMETOXASOL 40 MG - 200 MG / 5 ML SUSPENSION,,SUSPENSION ORAL,Linea Farmacia,LABORATORIOS KIMICEG C.A.,E.F.G.30.908,,true,2.74,4.57
39403,ME36230,VALSARTAN-HIDROCLOROTIAZIDA 160 MG-12.5 MG X 30 COMPRIMIDOS RECUBIERTOS,,COMPRIMIDOS,Linea Farmacia,LABORATORIOS LETI S.A.V.,E.F.G.36.230,,true,9.79,16.32
39418,ME32679,ACRYLARM 0.2 % GEL OFTALMICO,,GEL,Linea Farmacia,LABORATORIOS POEN S.A.U.,E.F.32.679,,true,27.4,45.67
39421,ME43324,ALILUB 1.4 % SOLUCION OFTALMICA,,SOLUCION OFTALMICA,Linea Farmacia,ARBOFARMA S.A.S.,E.F.43.324,https://mav.farmaciasaas.com/api/images/articulos/DISTRIBUCION/25509.jpg,true,7.12,11.87
39449,ME43037,HIOSCINA N-BUTILBROMURO 10 MG X 10 TABLETAS RECUBIERTAS,,TABLETAS,Linea Farmacia,JIANGXI XIER KANGTAI PHARMACEUTICAL CO. LTD,E.F.G.43.037,,true,5.19,8.65
39496,ME42542,CARBONATO DE CALCIO 750 MG X 20 TABLETAS MASTICABLES SABOR MENTA,,TABLETAS,Linea Farmacia,LABORATORIOS SPEFAR VENEZOLANOS S.A.,E.F.G.42.542,,true,7.78,12.97
39540,ME44316,MAXIFURFORTE 100 MG X 30 CAPSULAS,,CAPSULAS,Linea Farmacia,JIANGXI SYNERGY PHARMACEUTICAL CO. LTD,E.F.44.316,,true,8.74,14.57
39547,ME44057/3,ACECOL 600 MG X 100 POLVO PARA SOLUCION ORAL,,POLVO PARA RECONSTITUCION,Linea Farmacia,XL LABORATORIES PVT. LTD.,E.F.44.057,,true,35.06,58.43
39548,ME44057/2,ACECOL 600 MG X 10 POLVO PARA SOLUCION ORAL,,POLVO PARA RECONSTITUCION,Linea Farmacia,XL LABORATORIES PVT. LTD.,E.F.44.057,,true,20.97,34.95
39550,ME43190,NEMAX 16 % - 6 % SOLUCION RECTAL,,LOCION,Linea Farmacia,WEST-COAST PHARMACEUTICAL WORKS LTD,E.F.43.190,,true,5.5,9.17
39551,MI44357,FOSFATO DE SODIO MONOBASICO 16 % - FOSFATO DE SODIO DIBASICO 6 %,,,Linea Farmacia,AIRELA INDUSTRIA FARMACEUTICA LTDA.,E.F.G.44.357,,true,5.5,9.17
39563,ME44522,PEPSADEL 262 MG X 12 TABLETAS MASTICABLES,,TABLETAS,Linea Farmacia,LABORATORIO FARMACEUTICO FARDEL,E.F.44.522,https://mav.farmaciasaas.com/api/images/articulos/DISTRIBUCION/26892.jpg,true,7.84,13.07
39576,ME42256,FLUDINAX 0.9 % SOLUCION NASAL,,SOLUCION NASAL,Linea Farmacia,LABORATORIO BEHRENS C.A.,E.F.42.256,,true,6.9,11.50
39577,ME30785,SILVEDERMA 1 % CREMA,,CREMA,Linea Farmacia,LABORATORIO ALDO UNION S.L.,E.F.30.785,https://mav.farmaciasaas.com/api/images/articulos/DISTRIBUCION/28865.jpg,true,12.4,20.67
39597,ME39978,UDOX 75 MG X 10 CAPSULAS,,CAPSULAS,Linea Farmacia,ESPECIALIDADES DOLLDER C.A.,E.F.39.978,https://mav.farmaciasaas.com/api/images/articulos/DISTRIBUCION/97141.jpg,true,8.46,14.10
39612,,Ketoprofeno 100mgs x Ampolla,,,,,,,true,,3.00
39613,,Dipirona ampolla,,,,,,,true,,1.00
39614,,Dexanetasona 8mgs/4ml ampolla,,,,,,,true,,0.80
39615,,Ondansetron 8mgs x ampolla,,,,,,,true,,3.50
39616,,Tramadol 100mgs x ampolla,,,,,,,true,,5.00
39617,,"Solucion 0,9% 100ml",,,,,,,true,,2.00
39618,,ACIDO IBANDRONICO 150 MG X 1 TABLETA RECUBIERTA,Acido Ibandronico Sodio Monohidrato,TABLETAS,Linea Farmacia,"LABORATORIOS ZUZU, C.A.",,https://mav.farmaciasaas.com/api/images/articulos/DISTRIBUCION/52763.jpg,false,,
39619,,ACIDO TRANEXAMICO 500 MG X 10 TABLETAS RECUBIERTAS,Tranexamico Acido,TABLETAS,Linea Farmacia,"KMPLUS PHARMACEUTICALS, C.A.",,https://mav.farmaciasaas.com/api/images/articulos/DISTRIBUCION/53498.jpg,false,,
39620,,ACECLOFENACO 100 MG X 10 TABLETAS RECUBIERTAS,Aceclofenaco,TABLETAS,Linea Farmacia,"CASA DE REPRESENTACION MT GLOBAL CARE, C.A.",,https://mav.farmaciasaas.com/api/images/articulos/DISTRIBUCION/53399.jpg,false,,
39621,,ACETAMINOFEN 650 MG X 30 TABLETAS,Acetaminofen,TABLETAS,Linea Farmacia,"LABORATORIOS LETI, S.A.V.",,https://mav.farmaciasaas.com/api/images/articulos/DISTRIBUCION/15591.jpg,false,,
39622,,ACETAMINOFEN 150 MG / 5 ML JARABE,Acetaminofen,JARABE,Linea Farmacia,"LABORATORIO LA SANTE, C.A.",,https://pccentro.net.ve/img/s/1/8/1/9/5/18195-large_default.webp,false,,
39623,,ACETAMINOFEN 120 MG / 5 ML SOLUCION ORAL,Acetaminofen,SOLUCION ORAL,Linea Farmacia,"BIOQUIMICA INTERNACIONAL, C.A.",,https://mav.farmaciasaas.com/api/images/articulos/DISTRIBUCION/53087.jpg,false,,
39624,,ACETAMINOFEN 500 MG X 12 TABLETAS,Acetaminofen,TABLETAS,Linea Farmacia,"BIOQUIMICA INTERNACIONAL, C.A.",,https://mav.farmaciasaas.com/api/images/articulos/DISTRIBUCION/22400.jpg,false,,
39625,,ACETAMINOFEN 500 MG X 24 TABLETAS,Acetaminofen,TABLETAS,Linea Farmacia,"BIOQUIMICA INTERNACIONAL, C.A.",,https://mav.farmaciasaas.com/api/images/articulos/DISTRIBUCION/22401.jpg,false,,
39626,,ACETAZOLAMIDA 250 MG X 20 TABLETAS,Acetazolamida,TABLETAS,Linea Farmacia,"KMPLUS PHARMACEUTICALS, C.A.",,https://mav.farmaciasaas.com/api/images/articulos/DISTRIBUCION/53492.jpg,false,,
39627,,ACETAZOLAMIDA 250 MG X 10 TABLETAS,Acetazolamida,TABLETAS,Linea Farmacia,"CASA DE REPRESENTACION MT GLOBAL CARE, C.A.",,https://mav.farmaciasaas.com/api/images/articulos/DISTRIBUCION/53177.jpg,false,,
39628,,ACICLOVIR 250 MG POLVO LIOFILIZADO PARA SOLUCION INYECTABLE PARA INFUSION INTRAVENOSA,Aciclovir,INYECTABLE,Linea Hospitalaria,"CASA DE REPRESENTACION DISTRILAB, C.A.",,https://mav.farmaciasaas.com/api/images/articulos/DISTRIBUCION/51935.jpg,false,,
39629,,ACICLOVIR 200 MG X 20 TABLETAS,Aciclovir,TABLETAS,Linea Farmacia,"LABORATORIOS POLINAC, C.A.",,https://mav.farmaciasaas.com/api/images/articulos/DISTRIBUCION/29551.jpg,false,,
39630,,ACICLOVIR 200 MG X 24 TABLETAS,Aciclovir,TABLETAS,Linea Farmacia,"LABORATORIO LA SANTE, C.A.",,https://mav.farmaciasaas.com/api/images/articulos/DISTRIBUCION/7859.jpg,false,,
39631,,ACIDO ASCORBICO 500 MG / 5 ML SOLUCION INYECTABLE,Ascorbico Acido,INYECTABLE,Linea Hospitalaria,"CASA DE REPRESENTACION DISTRILAB, C.A.",,https://mav.farmaciasaas.com/api/images/articulos/DISTRIBUCION/23088.jpg,false,,
39632,,ACIDO FOLICO 10 MG / 2 ML X 10 INYECTABLE,Acido Folico,INYECTABLE,Linea Hospitalaria,"CASA DE REPRESENTACION DISTRILAB, C.A.",,https://mav.farmaciasaas.com/api/images/articulos/DISTRIBUCION/22846.jpg,false,,
39633,,ADAPALENO - CLINDAMICINA 0.1 % - 1 % GEL,Adapaleno,GEL,Linea Farmacia,"CASA DE REPRESENTACION H&M MEDICAL GROUP, C.A.",,https://mav.farmaciasaas.com/api/images/articulos/DISTRIBUCION/52420.jpg,false,,
39634,,ADRENALINA 1 MG / ML X 5 AMPOLLAS,Adrenalina,INYECTABLE,Linea Hospitalaria,"CASA DE REPRESENTACION DISTRILAB, C.A.",,https://mav.farmaciasaas.com/api/images/articulos/DISTRIBUCION/52500.jpg,false,,
39635,,AGUA OXIG ALVA INYECTABLE,Agua Oxig Alva,INYECTABLE,Linea Hospitalaria,"ALCOHOLES VALENCIA, C.A.",,https://mav.farmaciasaas.com/api/images/articulos/DISTRIBUCION/28584.jpg,false,,
39636,,ALBENDAZOL 400 MG X 10 TABLETAS MASTICABLES,Albendazol,TABLETAS,Linea Farmacia,"LABORATORIOS ZUZU, C.A.",,https://mav.farmaciasaas.com/api/images/articulos/DISTRIBUCION/52550.jpg,false,,
39637,,ALBENDAZOL 200 MG X 6 COMPRIMIDOS,Albendazol,COMPRIMIDOS,Linea Farmacia,"LABORATORIO LA SANTE, C.A.",,https://mav.farmaciasaas.com/api/images/articulos/DISTRIBUCION/1526.jpg,false,,
39638,,ALENDRONATO SODICO 70 MG X 4 COMPRIMIDOS,Alendronico Acido,COMPRIMIDOS,Linea Farmacia,"LABORATORIOS ZUZU, C.A.",,https://mav.farmaciasaas.com/api/images/articulos/DISTRIBUCION/50383.jpg,false,,
39639,,AMIKACINA 500 MG / 2 ML X 1 AMPOLLA,Amikacina,INYECTABLE,Linea Hospitalaria,"CASA DE REPRESENTACION ADN MEDICAL, C.A.",,https://mav.farmaciasaas.com/api/images/articulos/DISTRIBUCION/27450.jpg,false,,
39640,,AMIKACINA 100 MG / 2 ML X 10 AMPOLLAS,Amikacina,INYECTABLE,Linea Hospitalaria,"KMPLUS PHARMACEUTICALS, C.A.",,https://mav.farmaciasaas.com/api/images/articulos/DISTRIBUCION/53493.jpg,false,,
39641,,AMLODIPINA 10 MG X 60 COMPRIMIDOS,Amlodipino,COMPRIMIDOS,Linea Farmacia,"CASA DE REPRESENTACION DOROPHARMA, C.A.",,https://mav.farmaciasaas.com/api/images/articulos/DISTRIBUCION/20112.jpg,false,,
39642,,AMLODIPINA 10 MG X 10 COMPRIMIDOS,Amlodipino,COMPRIMIDOS,Linea Farmacia,"LABORATORIO LA SANTE, C.A.",,https://mav.farmaciasaas.com/api/images/articulos/DISTRIBUCION/2419.jpg,false,,
39643,,AMLODIPINA 5 MG X 30 TABLETAS,Amlodipina,TABLETAS,Linea Farmacia,"LABORATORIO LA SANTE, C.A.",,https://mav.farmaciasaas.com/api/images/articulos/DISTRIBUCION/99081.jpg,false,,
39644,,AMOXICILINA 500 MG X 10 CAPSULAS,Amoxicilina,CAPSULAS,Linea Farmacia,"CASA DE REPRESENTACION DISTRILAB, C.A.",,https://mav.farmaciasaas.com/api/images/articulos/DISTRIBUCION/30058.jpg,false,,
39645,,AMOXICILINA 500 MG X 6 CAPSULAS,Amoxicilina,CAPSULAS,Linea Farmacia,"LABORATORIO LA SANTE, C.A.",,https://mav.farmaciasaas.com/api/images/articulos/DISTRIBUCION/5265.jpg,false,,
39646,,AMOXICILINA 125 MG / 5 ML SUSPENSION,Amoxicilina,SUSPENSION ORAL,Linea Farmacia,"CASA DE REPRESENTACION BIUMAK PHARMACEUTICALS, C.A.",,https://mav.farmaciasaas.com/api/images/articulos/DISTRIBUCION/26127.jpg,false,,
39647,,ANASTROZOL 1 MG X 30 TABLETAS RECUBIERTAS,Anastrozol,TABLETAS,Linea Farmacia,"CASA DE REPRESENTACION MT GLOBAL CARE, C.A.",,https://mav.farmaciasaas.com/api/images/articulos/DISTRIBUCION/26476.jpg,false,,
39648,,APIXABAN 2.5 MG X 30 COMPRIMIDOS,Apixaban,COMPRIMIDOS,Linea Farmacia,"CASA DE REPRESENTACION MT GLOBAL CARE, C.A.",,https://mav.farmaciasaas.com/api/images/articulos/DISTRIBUCION/30329.jpg,false,,
39649,,ATAPEC 100 MG X 30 TABLETAS RECUBIERTAS,Atapec,TABLETAS,Linea Farmacia,"LABORATORIOS FC PHARMA, C.A.",,https://mav.farmaciasaas.com/api/images/articulos/DISTRIBUCION/25050.jpg,false,,
39650,,ATENOLOL 100 MG X 30 TABLETAS,Atenolol,TABLETAS,Linea Farmacia,"LABORATORIO LA SANTE, C.A.",,https://mav.farmaciasaas.com/api/images/articulos/DISTRIBUCION/7789.jpg,false,,
39651,,ATENOLOL 50 MG X 30 TABLETAS,Atenolol,TABLETAS,Linea Farmacia,"LABORATORIOS BUKA, C.A.",,https://mav.farmaciasaas.com/api/images/articulos/DISTRIBUCION/23700.jpg,false,,
39652,,ATENOLOL 50 MG X 30 COMPRIMIDOS,Atenolol,COMPRIMIDOS,Linea Farmacia,"LABORATORIOS BUKA, C.A.",,https://mav.farmaciasaas.com/api/images/articulos/DISTRIBUCION/23700.jpg,false,,
39653,,ATORVASTATINA 20 MG X 14 COMPRIMIDOS RECUBIERTOS,Atorvastatina,COMPRIMIDOS,Linea Farmacia,"LABORATORIO LA SANTE, C.A.",,https://mav.farmaciasaas.com/api/images/articulos/DISTRIBUCION/11565.jpg,false,,
39654,,ATORVASTATINA 40 MG X 14 TABLETAS RECUBIERTAS,Atorvastatina,TABLETAS,Linea Farmacia,"LABORATORIO LA SANTE, C.A.",,https://mav.farmaciasaas.com/api/images/articulos/DISTRIBUCION/91726.jpg,false,,
39655,,AUGMENTIN BID 875 MG - 125 MG TABLETAS RECUBIERTAS,Amoxicilina - Clavulanico Acido,TABLETAS,Linea Farmacia,"GLAXOSMITHKLINE VENEZUELA, C.A.",,https://mav.farmaciasaas.com/api/images/articulos/DISTRIBUCION/92934.jpg,false,,
39656,,AZITROMICINA 500 MG X 3 COMPRIMIDOS RECUBIERTOS,Azitromicina,COMPRIMIDOS,Linea Farmacia,"CALOX INTERNATIONAL, C.A.",,https://mav.farmaciasaas.com/api/images/articulos/DISTRIBUCION/11009.jpg,false,,
39657,,AZITROMICINA 200 MG / 5 ML SUSPENSION ORAL,Azitromicina,SUSPENSION ORAL,Linea Farmacia,"CASA DE REPRESENTACION DISTRILAB, C.A.",,https://mav.farmaciasaas.com/api/images/articulos/DISTRIBUCION/21793.jpg,false,,
39658,,BACITRACINA 500 UI / 20 G UNGUENTO,Bacitracina,UNGUENTO,Linea Farmacia,"CASA DE REPRESENTACION DISTRILAB, C.A.",,https://mav.farmaciasaas.com/api/images/articulos/DISTRIBUCION/29019.jpg,false,,
39659,,BISACODILO 5 MG X 10 TABLETAS GASTRORRESISTENTES,Bisacodilo,TABLETAS,Linea Farmacia,"CASA DE REPRESENTACION FARMACOS MEDIORIENTE, C.A.",,https://mav.farmaciasaas.com/api/images/articulos/DISTRIBUCION/28708.jpg,false,,
39660,,BISOPROLOL FUMARATO 10 MG X 30 COMPRIMIDOS RECUBIERTOS,Bisoprolol,COMPRIMIDOS,Linea Farmacia,"INVERSIONES ANGELUS HEALTH, C.A.",,https://mav.farmaciasaas.com/api/images/articulos/DISTRIBUCION/21371.jpg,false,,
39661,,BISOPROLOL FUMARATO 5 MG X 30 TABLETAS RECUBIERTAS,Bisoprolol,TABLETAS,Linea Farmacia,"LABORATORIOS LETI, S.A.V.",,https://mav.farmaciasaas.com/api/images/articulos/DISTRIBUCION/98668.jpg,false,,
39662,,VALSARTAN 160 MG X 30 TABLETAS,Valsartan,TABLETAS,Linea Farmacia,"INVERSIONES ANGELUS HEALTH, C.A.",,https://mav.farmaciasaas.com/api/images/articulos/DISTRIBUCION/52911.jpg,false,,
39663,,CLORHIDRATO DE BROMEXINA 8 MG / 5 ML JARABE.,Bromhexina,JARABE,Linea Farmacia,"CASA DE REPRESENTACION ADN MEDICAL, C.A.",,https://mav.farmaciasaas.com/api/images/articulos/DISTRIBUCION/27452.jpg,false,,
39664,,BROMEXINA CLORHIDRATO 4 MG / 5 ML JARABE,Bromexina,JARABE,Linea Farmacia,"BIOQUIMICA INTERNACIONAL, C.A.",,https://mav.farmaciasaas.com/api/images/articulos/DISTRIBUCION/14190.jpg,false,,
39665,,BROMHEXINA PED4MG 5 ML / 120 ML JARABE,Bromhexina Ped4mg,JARABE,Linea Farmacia,"LABORATORIO LA SANTE, C.A.",,https://mav.farmaciasaas.com/api/images/articulos/DISTRIBUCION/11549.jpg,false,,
39666,,CARBAMAZEPINA 200 MG X 10 COMPRIMIDOS,Carbamazepina,COMPRIMIDOS,Linea Farmacia,"LABORATORIOS ZUZU, C.A.",,https://mav.farmaciasaas.com/api/images/articulos/DISTRIBUCION/52560.jpg,false,,
39667,,CARBAMAZEPINA 200 MG X 20 COMPRIMIDOS,Carbamazepina,COMPRIMIDOS,Linea Farmacia,"CASA DE REPRESENTACION DAC55, C.A.",,https://mav.farmaciasaas.com/api/images/articulos/DISTRIBUCION/20947.jpg,false,,
39668,,CARBAMAZEPINA 200 MG X 30 TABLETAS,Carbamazepina,TABLETAS,Linea Farmacia,"INVERSIONES ANGELUS HEALTH, C.A.",,https://mav.farmaciasaas.com/api/images/articulos/DISTRIBUCION/23677.jpg,false,,
39669,,CARBAMAZEPINA 400 MG X 30 TABLETAS,Carbamazepina,TABLETAS,Linea Farmacia,"INVERSIONES ANGELUS HEALTH, C.A.",,https://mav.farmaciasaas.com/api/images/articulos/DISTRIBUCION/28515.jpg,false,,
39670,,CEFAZOLINA SODICO 1 G X 10 INYECTABLE,Cefazolina Sodico,INYECTABLE,Linea Hospitalaria,"CASA DE REPRESENTACION DISTRILAB, C.A.",,https://mav.farmaciasaas.com/api/images/articulos/DISTRIBUCION/51988.jpg,false,,
39671,,CEFTRIAXONA 1 G X 1 AMPOLLA,Ceftriaxona,INYECTABLE,Linea Hospitalaria,"CASA DE REPRESENTACION GLOBAL MEDIC, C.A.",,https://mav.farmaciasaas.com/api/images/articulos/DISTRIBUCION/51473.jpg,false,,
39672,,CEFTRIAXONA 1 G POLVO PARA SOLUCION INYECTABLE,Ceftriaxona,INYECTABLE,Linea Hospitalaria,"CASA DE REPRESENTACION GLOBAL MEDIC, C.A.",,https://mav.farmaciasaas.com/api/images/articulos/DISTRIBUCION/51473.jpg,false,,
39673,,CELECOXIB 200 MG X 10 CAPSULAS,Celecoxib,CAPSULAS,Linea Farmacia,"LABORATORIOS VICENTI, C.A.",,https://mav.farmaciasaas.com/api/images/articulos/DISTRIBUCION/26739.jpg,false,,
39674,,CETIRIZINA 5 MG / 5 ML SOLUCION ORAL,Cetirizina,SOLUCION ORAL,Linea Farmacia,"LABORATORIO LA SANTE, C.A.",,https://mav.farmaciasaas.com/api/images/articulos/DISTRIBUCION/2328.jpg,false,,
39675,,CILOSTAZOL 50 MG X 30 TABLETAS RECUBIERTAS,Cilostazol,TABLETAS,Linea Farmacia,"CORPORACION CLEOPHARMA, C.A.",,https://mav.farmaciasaas.com/api/images/articulos/DISTRIBUCION/25678.jpg,false,,
39676,,CILOSTAZOL 100 MG X 30 TABLETAS,Cilostazol,TABLETAS,Linea Farmacia,"CORPORACION CLEOPHARMA, C.A.",,https://mav.farmaciasaas.com/api/images/articulos/DISTRIBUCION/52907.jpg,false,,
39677,,CIPROFLOXACINA 500 MG X 6 TABLETAS RECUBIERTAS,Ciprofloxacina,TABLETAS,Linea Farmacia,"ALESS PHARMACEUTICALS, C.A.",,https://mav.farmaciasaas.com/api/images/articulos/DISTRIBUCION/20511.jpg,false,,
39678,,CIPROFLOXACINA INF INY200MG CRDIST 100 ML INYECTABLE,Ciprofloxacina Inf Iny200mg Crdist,INYECTABLE,Linea Hospitalaria,"CASA DE REPRESENTACION DISTRILAB, C.A.",,https://mav.farmaciasaas.com/api/images/articulos/DISTRIBUCION/21337.jpg,false,,
39679,,CIPROFLOXACINA 500 MG X 10 TABLETAS RECUBIERTAS,Ciprofloxacina,TABLETAS,Linea Farmacia,"CASA DE REPRESENTACION DAC55, C.A.",,https://mav.farmaciasaas.com/api/images/articulos/DISTRIBUCION/20945.jpg,false,,
39680,,CIPROFLOXACINA 500 MG X 10 COMPRIMIDOS RECUBIERTOS,Ciprofloxacina,COMPRIMIDOS,Linea Farmacia,"CASA DE REPRESENTACION DAC55, C.A.",,https://mav.farmaciasaas.com/api/images/articulos/DISTRIBUCION/20945.jpg,false,,
39681,,CIPROFLOXACINA 500 MG X 6 COMPRIMIDOS RECUBIERTOS,Ciprofloxacina,COMPRIMIDOS,Linea Farmacia,"ALESS PHARMACEUTICALS, C.A.",,https://mav.farmaciasaas.com/api/images/articulos/DISTRIBUCION/20511.jpg,false,,
39682,,CIPROFLOXACINO 500 MG X 10 TABLETAS RECUBIERTAS,Ciprofloxacino,TABLETAS,Linea Farmacia,"BLUE MEDICAL PHARMACEUTICAL, C.A.",,https://mav.farmaciasaas.com/api/images/articulos/DISTRIBUCION/50785.jpg,false,,
39683,,CITALOPRAM 40 MG X 10 TABLETAS RECUBIERTAS,Citalopram,TABLETAS,Linea Farmacia,"CASA DE REPRESENTACION MT GLOBAL CARE, C.A.",,https://mav.farmaciasaas.com/api/images/articulos/DISTRIBUCION/53032.jpg,false,,
39684,,CITRATO CA VIT D3 TABLETAS,Citrato Ca Vit D3,TABLETAS,Linea Farmacia,PHARMATECH USA CORP,,https://mav.farmaciasaas.com/api/images/articulos/DISTRIBUCION/23439.jpg,false,,
39685,,CLOMIFENO CITRATO 50 MG X 30 TABLETAS,Clomifeno,TABLETAS,Linea Farmacia,"CASA DE REPRESENTACION FARMACOS MEDIORIENTE, C.A.",,https://mav.farmaciasaas.com/api/images/articulos/DISTRIBUCION/28709.jpg,false,,
39686,,CLOPIDOGREL 75 MG X 20 COMPRIMIDOS RECUBIERTOS,Clopidogrel,COMPRIMIDOS,Linea Farmacia,"CASA DE REPRESENTACION FARMACOS MEDIORIENTE, C.A.",,https://mav.farmaciasaas.com/api/images/articulos/DISTRIBUCION/51767.jpg,false,,
39687,,CLOPIDOGREL 75 MG X 30 COMPRIMIDOS RECUBIERTOS,Clopidogrel,COMPRIMIDOS,Linea Farmacia,"ALESS PHARMACEUTICALS, C.A.",,https://mav.farmaciasaas.com/api/images/articulos/DISTRIBUCION/22848.jpg,false,,
39688,,CLOPIDOGREL 75 MG X 30 TABLETAS RECUBIERTAS,Clopidogrel,TABLETAS,Linea Farmacia,"ALESS PHARMACEUTICALS, C.A.",,https://mav.farmaciasaas.com/api/images/articulos/DISTRIBUCION/22848.jpg,false,,
39689,,CLORHID MEBEVERINA 200 MG X 30 CAPSULAS,Clorhid Mebeverina,CAPSULAS,Linea Farmacia,"CASA DE REPRESENTACION MT GLOBAL CARE, C.A.",,https://mav.farmaciasaas.com/api/images/articulos/DISTRIBUCION/54229.jpg,false,,
39690,,CLORURO SODICO 0.9 % INYECTABLE,Cloruro Sodico,INYECTABLE,Linea Hospitalaria,"IPS DE VENEZUELA, C.A.",,https://mav.farmaciasaas.com/api/images/articulos/DISTRIBUCION/21357.jpg,false,,
39691,,CLORURO MAGNES 25 G LOCION,Cloruro Magnes,LOCION,Linea Farmacia,"LABORATORIO FINE CHEMICALS C.F.C., C.A.",,https://mav.farmaciasaas.com/api/images/articulos/DISTRIBUCION/17780.jpg,false,,
39692,,CLOTRIMAZOL 100 MG X 6 OVULOS VAGINALES,Clotrimazol,OVULOS,Linea Farmacia,"TIARES, C.A.",,https://mav.farmaciasaas.com/api/images/articulos/DISTRIBUCION/26419.jpg,false,,
39693,,CLOTRIMAZOL 500 MG X 1 OVULO VAGINAL,Clotrimazol,OVULOS,Linea Farmacia,"TIARES, C.A.",,https://mav.farmaciasaas.com/api/images/articulos/DISTRIBUCION/26410.jpg,false,,
39694,,COMPLEJO 2 ML X 3 INYECTABLE,Complejo,INYECTABLE,Linea Hospitalaria,"CALOX INTERNATIONAL, C.A.",,https://mav.farmaciasaas.com/api/images/articulos/DISTRIBUCION/5118.jpg,false,,
39695,,DILTIAZEM 60 MG X 30 COMPRIMIDOS,Diltiazem,COMPRIMIDOS,Linea Farmacia,"INVERSIONES ANGELUS HEALTH, C.A.",,https://mav.farmaciasaas.com/api/images/articulos/DISTRIBUCION/28519.jpg,false,,
39696,,6 MG X 30 COMPRIMIDOS,,COMPRIMIDOS,Linea Farmacia,"CASA DE REPRESENTACIONES BELMARCA, C.A.",,https://mav.farmaciasaas.com/api/images/articulos/DISTRIBUCION/52860.jpg,false,,
39697,,PORTU 4 MG X 100 COMPRIMIDOS,Portu,COMPRIMIDOS,Linea Farmacia,CASA DE REPRESENTACION MVGA PHARMA,,https://mav.farmaciasaas.com/api/images/articulos/DISTRIBUCION/25079.jpg,false,,
39698,,SODICO 4 MG / 1 ML X 10 INYECTABLE,Sodico,INYECTABLE,Linea Hospitalaria,"CASA DE REPRESENTACION DISTRILAB, C.A.",,https://mav.farmaciasaas.com/api/images/articulos/DISTRIBUCION/23086.jpg,false,,
39699,,DEXAMETASONA FOSFATO SODICO 8 MG / 2 ML SOLUCION INYECTABLE,Sodico,INYECTABLE,Linea Hospitalaria,"CASA DE REPRESENTACION DISTRILAB, C.A.",,https://mav.farmaciasaas.com/api/images/articulos/DISTRIBUCION/23087.jpg,false,,
39700,,SODICO 8 MG / 2 ML X 10 INYECTABLE,Sodico,INYECTABLE,Linea Hospitalaria,"CASA DE REPRESENTACION DISTRILAB, C.A.",,https://mav.farmaciasaas.com/api/images/articulos/DISTRIBUCION/23087.jpg,false,,
39701,,DIACEREINA 50 MG X 10 CAPSULAS,Diacereina,CAPSULAS,Linea Farmacia,"CASA DE REPRESENTACION MT GLOBAL CARE, C.A.",,https://mav.farmaciasaas.com/api/images/articulos/DISTRIBUCION/50231.jpg,false,,
39702,,CARVEDILOL 25 MG X 30 TABLETAS,Carvedilol,TABLETAS,Linea Farmacia,"LABORATORIOS KIMICEG, C.A.",,https://mav.farmaciasaas.com/api/images/articulos/DISTRIBUCION/54225.jpg,false,,
39703,,DICLOFENACO SODICO 75 MG / 3 ML X 10 AMPOLLAS,Diclofenaco,INYECTABLE,Linea Hospitalaria,"CASA DE REPRESENTACION FARMACEUTICAS CCM, C.A.",,https://mav.farmaciasaas.com/api/images/articulos/DISTRIBUCION/53115.jpg,false,,
39704,,DICLOFENACO POTASICO 50 MG X 10 TABLETAS RECUBIERTAS,Diclofenaco,TABLETAS,Linea Farmacia,"BLUE MEDICAL PHARMACEUTICAL, C.A.",,https://mav.farmaciasaas.com/api/images/articulos/DISTRIBUCION/54424.jpg,false,,
39705,,DICLOFENAC POTASICO 50 MG X 20 TABLETAS,Diclofenac Potasico,TABLETAS,Linea Farmacia,"CASA DE REPRESENTACION DAC55, C.A.",,https://mav.farmaciasaas.com/api/images/articulos/DISTRIBUCION/23145.jpg,false,,
39706,,DIOSMINA 600 MG X 30 TABLETAS RECUBIERTAS,Diosmina,TABLETAS,Linea Farmacia,"CASA DE REPRESENTACION DAC55, C.A.",,https://mav.farmaciasaas.com/api/images/articulos/DISTRIBUCION/53521.jpg,false,,
39707,,DIOSMINA - HESPERIDINA 450 MG - 50 MG X 30 TABLETAS RECUBIERTAS,Diosmina - Hesperidina,TABLETAS,Linea Farmacia,"INVERSIONES ANGELUS HEALTH, C.A.",,https://mav.farmaciasaas.com/api/images/articulos/DISTRIBUCION/52910.jpg,false,,
39708,,DIOSMINA-HESPERIDINA 450 MG-50 MG COMPRIMIDOS RECUBIERTOS,Diosmina Hesper,COMPRIMIDOS,Linea Farmacia,"INVERSIONES ANGELUS HEALTH, C.A.",,https://mav.farmaciasaas.com/api/images/articulos/DISTRIBUCION/52910.jpg,false,,
39709,,DOBUTAMINA 250 MG / 5 ML X 5 AMPOLLAS,Dobutamina,INYECTABLE,Linea Hospitalaria,"CASA DE REPRESENTACION MEDVAL, C.A.",,https://mav.farmaciasaas.com/api/images/articulos/DISTRIBUCION/51161.jpg,false,,
39710,,DOMPERIDONA 10 MG X 10 TABLETAS,Domperidona,TABLETAS,Linea Farmacia,"KMPLUS PHARMACEUTICALS, C.A.",,https://mav.farmaciasaas.com/api/images/articulos/DISTRIBUCION/53481.jpg,false,,
39711,,DOMPERIDONA 10 MG X 15 TABLETAS,Domperidona,TABLETAS,Linea Farmacia,"CALOX INTERNATIONAL, C.A.",,https://mav.farmaciasaas.com/api/images/articulos/DISTRIBUCION/11636.jpg,false,,
39712,,DOMPERIDONA 10 MG X 30 TABLETAS,Domperidona,TABLETAS,Linea Farmacia,"INVERSIONES ANGELUS HEALTH, C.A.",,https://mav.farmaciasaas.com/api/images/articulos/DISTRIBUCION/21373.jpg,false,,
39713,,DOXICICLINA 100 MG X 10 CAPSULAS,Doxiciclina Hiclato,CAPSULAS,Linea Farmacia,"INVERSIONES ANGELUS HEALTH, C.A.",,https://mav.farmaciasaas.com/api/images/articulos/DISTRIBUCION/28543.jpg,false,,
39714,,ENALAPRIL 20 MG X 20 TABLETAS,Enalapril,TABLETAS,Linea Farmacia,"LABORATORIO LA SANTE, C.A.",,https://mav.farmaciasaas.com/api/images/articulos/DISTRIBUCION/7965.jpg,false,,
39715,,ENALAPRIL MALEATO - HIDROCLOROTIAZIDA 20 MG - 12.5 MG TABLETAS,Enalapril - Hidroclorotiazida,TABLETAS,Linea Farmacia,"CASA DE REPRESENTACION MT GLOBAL CARE, C.A.",,https://mav.farmaciasaas.com/api/images/articulos/DISTRIBUCION/54045.jpg,false,,
39716,,ERITROMICINA 500 MG X 10 TABLETAS RECUBIERTAS,Eritromicina,TABLETAS,Linea Farmacia,"LABORATORIOS ZUZU, C.A.",,https://mav.farmaciasaas.com/api/images/articulos/DISTRIBUCION/52542.jpg,false,,
39717,,ESCITALOPRAM 10 MG X 56 COMPRIMIDOS RECUBIERTOS,Escitalopram,COMPRIMIDOS,Linea Farmacia,"CASA DE REPRESENTACION DOROPHARMA, C.A.",,https://mav.farmaciasaas.com/api/images/articulos/DISTRIBUCION/22243.jpg,false,,
39718,,ESCITALOPRAM 10 MG X 14 COMPRIMIDOS RECUBIERTOS,Escitalopram,COMPRIMIDOS,Linea Farmacia,"CASA DE REPRESENTACION LATTAN MEDIC, C.A.",,https://mav.farmaciasaas.com/api/images/articulos/DISTRIBUCION/23490.jpg,false,,
39719,,ESCITALOPRAM 20 MG X 28 COMPRIMIDOS RECUBIERTOS,Escitalopram,COMPRIMIDOS,Linea Farmacia,"CALOX INTERNATIONAL, C.A.",,https://mav.farmaciasaas.com/api/images/articulos/DISTRIBUCION/53635.jpg,false,,
39720,,ESCITALOPRAM 10 MG X 30 TABLETAS RECUBIERTAS,Escitalopram,TABLETAS,Linea Farmacia,"CORPORACION CLEOPHARMA, C.A.",,https://mav.farmaciasaas.com/api/images/articulos/DISTRIBUCION/25666.jpg,false,,
39721,,ESCITALOPRAM 20 MG X 30 TABLETAS RECUBIERTAS,Escitalopram,TABLETAS,Linea Farmacia,"LABORATORIO LA SANTE, C.A.",,https://mav.farmaciasaas.com/api/images/articulos/DISTRIBUCION/50533.jpg,false,,
39722,,ESCITALOPRAM 5 MG X 30 TABLETAS RECUBIERTAS,Escitalopram,TABLETAS,Linea Farmacia,"CORPORACION CLEOPHARMA, C.A.",,https://mav.farmaciasaas.com/api/images/articulos/DISTRIBUCION/25665.jpg,false,,
39723,,FEXOFENADINA CLORHIDRATO 180 MG X 10 TABLETAS RECUBIERTAS,Fexofenadina,TABLETAS,Linea Farmacia,"CASA DE REPRESENTACION FARMACOS MEDIORIENTE, C.A.",,https://mav.farmaciasaas.com/api/images/articulos/DISTRIBUCION/28713.jpg,false,,
39724,,FLAVOXUNI FLAVOXATO 200 MG X 20 COMPRIMIDOS,Flavoxuni Flavoxato,COMPRIMIDOS,Linea Farmacia,"CASA DE REPRESENTACION UNIPHARMA, C.A.",,https://pccentro.net.ve/img/s/9/2/2/5/5/92255-large_default.webp,false,,
39725,,FLAVOXATO 200 MG X 30 TABLETAS RECUBIERTAS,Flavoxato,TABLETAS,Linea Farmacia,"INVERSIONES ANGELUS HEALTH, C.A.",,https://mav.farmaciasaas.com/api/images/articulos/DISTRIBUCION/23673.jpg,false,,
39726,,FLAVOXATO CLORHIDRATO 200 MG X 10 TABLETAS RECUBIERTAS,Flavoxato,TABLETAS,Linea Farmacia,"CALOX INTERNATIONAL, C.A.",,https://mav.farmaciasaas.com/api/images/articulos/DISTRIBUCION/99485.jpg,false,,
39727,,FLUCONAZOL 200 MG CAPSULAS,Fluconazol,CAPSULAS,Linea Farmacia,"GENFAR, S.A.",,https://mav.farmaciasaas.com/api/images/articulos/DISTRIBUCION/50070.jpg,false,,
39728,,FLUCONAZOL 200 MG / 100 ML INYECTABLE,Fluconazol,INYECTABLE,Linea Hospitalaria,"BLUE MEDICAL PHARMACEUTICAL, C.A.",,https://mav.farmaciasaas.com/api/images/articulos/DISTRIBUCION/29940.jpg,false,,
39729,,FLUCONAZOL 200 MG TABLETAS RECUBIERTAS,Fluconazol,TABLETAS,Linea Farmacia,"GENFAR, S.A.",,https://mav.farmaciasaas.com/api/images/articulos/DISTRIBUCION/50070.jpg,false,,
39730,,FLUCONAZOL 200 MG / 100 ML SOLUCION INYECTABLE INTRAVENOSA,Fluconazol,INYECTABLE,Linea Hospitalaria,"BLUE MEDICAL PHARMACEUTICAL, C.A.",,https://mav.farmaciasaas.com/api/images/articulos/DISTRIBUCION/29940.jpg,false,,
39731,,FLUCONAZOL 150 MG X 4 TABLETAS,Fluconazol,TABLETAS,Linea Farmacia,"LABORATORIOS ZUZU, C.A.",,https://mav.farmaciasaas.com/api/images/articulos/DISTRIBUCION/52581.jpg,false,,
39732,,FLUNARIZINA 10 MG X 30 TABLETAS RECUBIERTAS,Flunarizina,TABLETAS,Linea Farmacia,"CASA DE REPRESENTACION FARMACEUTICAS CCM, C.A.",,https://mav.farmaciasaas.com/api/images/articulos/DISTRIBUCION/53116.jpg,false,,
39733,,FLUOXETINA 20 MG X 28 CAPSULAS,Fluoxetina,CAPSULAS,Linea Farmacia,"LABORATORIO LA SANTE, C.A.",,https://mav.farmaciasaas.com/api/images/articulos/DISTRIBUCION/50927.jpg,false,,
39734,,FUROSEMIDA 20 MG / 2 ML X 3 AMPOLLAS,Furosemida,INYECTABLE,Linea Hospitalaria,"CASA DE REPRESENTACION DISTRILAB, C.A.",,https://mav.farmaciasaas.com/api/images/articulos/DISTRIBUCION/28787.jpg,false,,
39735,,GENTAMICINA 160 MG / 2 ML X 10 AMPOLLAS,Gentamicina,INYECTABLE,Linea Hospitalaria,"BLUE MEDICAL PHARMACEUTICAL, C.A.",,https://mav.farmaciasaas.com/api/images/articulos/DISTRIBUCION/30124.jpg,false,,
39736,,GENTAMICINA 160 MG / 2 ML X 5 AMPOLLAS,Gentamicina,INYECTABLE,Linea Hospitalaria,"CASA DE REPRESENTACION DISTRILAB, C.A.",,https://mav.farmaciasaas.com/api/images/articulos/DISTRIBUCION/52502.jpg,false,,
39737,,GLIBENCLAMIDA 5 MG X 10 COMPRIMIDOS,Glibenclamida,COMPRIMIDOS,Linea Farmacia,"KMPLUS PHARMACEUTICALS, C.A.",,https://pccentro.net.ve/img/s/4/1/1/3/7/41137-large_default.webp,false,,
39738,,GLIBENCLAMIDA 5 MG X 30 TABLETAS,Glibenclamida,TABLETAS,Linea Farmacia,"INVERSIONES ANGELUS HEALTH, C.A.",,https://mav.farmaciasaas.com/api/images/articulos/DISTRIBUCION/28525.jpg,false,,
39739,,GLIMEPIRIDA 2 MG X 30 TABLETAS,Glimepirida,TABLETAS,Linea Farmacia,"INVERSIONES ANGELUS HEALTH, C.A.",,https://mav.farmaciasaas.com/api/images/articulos/DISTRIBUCION/21362.jpg,false,,
39740,,IRBESARTAN 150 MG X 10 TABLETAS,Irbesartan,TABLETAS,Linea Farmacia,"LABORATORIO LA SANTE, C.A.",,https://mav.farmaciasaas.com/api/images/articulos/DISTRIBUCION/94012.jpg,false,,
39741,,IRBESARTAN 300 MG X 10 TABLETAS,Irbesartan,TABLETAS,Linea Farmacia,"LABORATORIO LA SANTE, C.A.",,https://mav.farmaciasaas.com/api/images/articulos/DISTRIBUCION/50766.jpg,false,,
39742,,ITRACONAZOL 100 MG X 10 CAPSULAS,Itraconazol,CAPSULAS,Linea Farmacia,"ALESS PHARMACEUTICALS, C.A.",,https://mav.farmaciasaas.com/api/images/articulos/DISTRIBUCION/53012.jpg,false,,
39743,,KETOPROFENO 100 MG / 2 ML X 10 AMPOLLAS,Ketoprofeno,INYECTABLE,Linea Hospitalaria,"TIARES, C.A.",,https://mav.farmaciasaas.com/api/images/articulos/DISTRIBUCION/26418.jpg,false,,
39744,,KETOROLACO TROMETAMOL 30 MG / ML X 10 AMPOLLAS,Ketorolaco,INYECTABLE,Linea Hospitalaria,"CASA DE REPRESENTACION GLOBAL MEDIC, C.A.",,https://mav.farmaciasaas.com/api/images/articulos/DISTRIBUCION/29479.jpg,false,,
39745,,KETOROLACO TROMETAMINA 30 MG / ML X 3 AMPOLLAS,Ketorolaco,INYECTABLE,Linea Hospitalaria,"CASA DE REPRESENTACION FARMACEUTICAS CCM, C.A.",,https://mav.farmaciasaas.com/api/images/articulos/DISTRIBUCION/27131.jpg,false,,
39746,,KETOROLACO TROMETAMINA 20 MG X 10 COMPRIMIDOS,Ketorolaco Trometamina,COMPRIMIDOS,Linea Farmacia,"CASA DE REPRESENTACION FARMACOS MEDIORIENTE, C.A.",,https://mav.farmaciasaas.com/api/images/articulos/DISTRIBUCION/51770.jpg,false,,
39747,,LAMOTRIGINA 100 MG X 30 TABLETAS RECUBIERTAS,Lamotrigina,TABLETAS,Linea Farmacia,"CASA DE REPRESENTACION LATTAN MEDIC, C.A.",,https://mav.farmaciasaas.com/api/images/articulos/DISTRIBUCION/23029.jpg,false,,
39748,,LAMOTRIGINA 100 MG X 28 TABLETAS DE LIBERACION PROLONGADA,Lamotrigina,TABLETAS,Linea Farmacia,"CASA DE REPRESENTACION FARMACEUTICAS CCM, C.A.",,https://mav.farmaciasaas.com/api/images/articulos/DISTRIBUCION/20096.jpg,false,,
39749,,LERCANIDIPINO 20 MG X 30 TABLETAS,Lercanidipino,TABLETAS,Linea Farmacia,"CALOX INTERNATIONAL, C.A.",,https://mav.farmaciasaas.com/api/images/articulos/DISTRIBUCION/51324.jpg,false,,
39750,,LETROZOL 2.5 MG X 30 TABLETAS RECUBIERTAS,Letrozol,TABLETAS,Linea Farmacia,"CASA DE REPRESENTACION MT GLOBAL CARE, C.A.",,https://mav.farmaciasaas.com/api/images/articulos/DISTRIBUCION/53401.jpg,false,,
39751,,LEVETIRACETAM 500 MG X 30 TABLETAS RECUBIERTAS,Levetiracetam,TABLETAS,Linea Farmacia,"CORPORACION CLEOPHARMA, C.A.",,https://mav.farmaciasaas.com/api/images/articulos/DISTRIBUCION/25661.jpg,false,,
39752,,LEVOFLOXACINA INF CRDIST 500 MG / 100 ML INYECTABLE,Levofloxacina Inf Crdist,INYECTABLE,Linea Hospitalaria,"CASA DE REPRESENTACION DISTRILAB, C.A.",,https://mav.farmaciasaas.com/api/images/articulos/DISTRIBUCION/21338.jpg,false,,
39753,,LEVOFLOXACINA 750 MG X 5 TABLETAS RECUBIERTAS,Levofloxacino,TABLETAS,Linea Farmacia,"CALOX INTERNATIONAL, C.A.",,https://mav.farmaciasaas.com/api/images/articulos/DISTRIBUCION/19718.jpg,false,,
39754,,LEVOFLOXACINA 750 MG X 10 TABLETAS RECUBIERTAS,Levofloxacino,TABLETAS,Linea Farmacia,"CASA DE REPRESENTACION DISTRILAB, C.A.",,https://mav.farmaciasaas.com/api/images/articulos/DISTRIBUCION/24415.jpg,false,,
39755,,LEVOFLOXACINA 500 MG X 10 TABLETAS RECUBIERTAS,Levofloxacino,TABLETAS,Linea Farmacia,"CASA DE REPRESENTACION BIUMAK PHARMACEUTICALS, C.A.",,https://mav.farmaciasaas.com/api/images/articulos/DISTRIBUCION/26132.jpg,false,,
39756,,LEVOFLOXACINA 500 MG X 7 TABLETAS RECUBIERTAS,Levofloxacino,TABLETAS,Linea Farmacia,"LABORATORIO LA SANTE, C.A.",,https://mav.farmaciasaas.com/api/images/articulos/DISTRIBUCION/24405.jpg,false,,
39757,,LEVOFLOXACINO 500 MG X 7 TABLETAS RECUBIERTAS,Levofloxacino,TABLETAS,Linea Farmacia,"CASA DE REPRESENTACION FARMACEUTICAS CCM, C.A.",,https://mav.farmaciasaas.com/api/images/articulos/DISTRIBUCION/20100.jpg,false,,
39758,,LEVOFLOXACINO 500 MG X 5 TABLETAS RECUBIERTAS,Levofloxacino,TABLETAS,Linea Farmacia,"CASA DE REPRESENTACION ADN MEDICAL, C.A.",,https://mav.farmaciasaas.com/api/images/articulos/DISTRIBUCION/53252.jpg,false,,
39759,,LEVOFLOXACINO 750 MG X 5 TABLETAS RECUBIERTAS,Levofloxacino,TABLETAS,Linea Farmacia,"CASA DE REPRESENTACION ADN MEDICAL, C.A.",,https://mav.farmaciasaas.com/api/images/articulos/DISTRIBUCION/53251.jpg,false,,
39760,,LEVONORGESTREL 1.5 MG X 1 TABLETA RECUBIERTA,Levonorgestrel,TABLETAS,Linea Farmacia,"CASA DE REPRESENTACION INVERSIONES GEAGAR, C.A.",,https://mav.farmaciasaas.com/api/images/articulos/DISTRIBUCION/50305.jpg,false,,
39761,,LEVOTIROXINA SODICO 100 MCG X 10 TABLETAS,Levotiroxina Sodico,TABLETAS,Linea Farmacia,"CASA DE REPRESENTACION DISTRILAB, C.A.",,https://mav.farmaciasaas.com/api/images/articulos/DISTRIBUCION/22840.jpg,false,,
39762,,LEVOTIROXINA SODICO 100 MCG X 50 TABLETAS,Levotiroxina Sodico,TABLETAS,Linea Farmacia,"CASA DE REPRESENTACION DISTRILAB, C.A.",,https://mav.farmaciasaas.com/api/images/articulos/DISTRIBUCION/54490.jpg,false,,
39763,,LEVOTIROXINA SODICO 50 MCG X 50 TABLETAS,Levotiroxina Sodico,TABLETAS,Linea Farmacia,"ALESS PHARMACEUTICALS, C.A.",,https://mav.farmaciasaas.com/api/images/articulos/DISTRIBUCION/21408.jpg,false,,
39764,,LOPERAMIDA 2 MG X 10 TABLETAS,Loperamida,TABLETAS,Linea Farmacia,"CASA DE REPRESENTACION INVERSIONES GEAGAR, C.A.",,https://mav.farmaciasaas.com/api/images/articulos/DISTRIBUCION/25399.jpg,false,,
39765,,LOPERAMIDA PORTU 2 MG X 100 COMPRIMIDOS,Loperamida Portu,COMPRIMIDOS,Linea Farmacia,CASA DE REPRESENTACION MVGA PHARMA,,https://mav.farmaciasaas.com/api/images/articulos/DISTRIBUCION/25013.jpg,false,,
39766,,LORATADINA 10 MG X 20 TABLETAS,Loratadina,TABLETAS,Linea Farmacia,"LABORATORIO LA SANTE, C.A.",,https://mav.farmaciasaas.com/api/images/articulos/DISTRIBUCION/99082.jpg,false,,
39767,,LORATADINA 5 MG / 5 ML JARABE,Loratadina,JARABE,Linea Farmacia,"LABORATORIOS BUKA, C.A.",,https://mav.farmaciasaas.com/api/images/articulos/DISTRIBUCION/23709.jpg,false,,
39768,,LOSARTAN HCT 50 MG X 30 COMPRIMIDOS,Losartan Hct,COMPRIMIDOS,Linea Farmacia,"INVERSIONES ANGELUS HEALTH, C.A.",,https://mav.farmaciasaas.com/api/images/articulos/DISTRIBUCION/20434.jpg,false,,
39769,,LOSARTAN HCT 50 MG X 15 COMPRIMIDOS,Losartan Hct,COMPRIMIDOS,Linea Farmacia,"LABORATORIO LA SANTE, C.A.",,https://mav.farmaciasaas.com/api/images/articulos/DISTRIBUCION/90067.jpg,false,,
39770,,MAGNESIO GLICINATO X 60 TABLETAS,Magnesio Glicinato,TABLETAS,Linea Farmacia,"ARCO IRIS LABORATORIO, C.A.",,https://mav.farmaciasaas.com/api/images/articulos/DISTRIBUCION/27004.jpg,false,,
39771,,MATERNAVIT X 30 CAPSULAS BLANDAS,Maternavit,CAPSULAS,Linea Farmacia,"CASAS DE REPRESENTACION MEDIFARM, C.A.",,https://mav.farmaciasaas.com/api/images/articulos/DISTRIBUCION/13652.jpg,false,,
39772,,MEDROXIPROGESTERONA 10 MG X 10 TABLETAS,Medroxiprogesterona,TABLETAS,Linea Farmacia,"KMPLUS PHARMACEUTICALS, C.A.",,https://mav.farmaciasaas.com/api/images/articulos/DISTRIBUCION/53471.jpg,false,,
39773,,MELOXICAM 15 MG X 10 TABLETAS,Meloxicam,TABLETAS,Linea Farmacia,"INVERSIONES ANGELUS HEALTH, C.A.",,https://mav.farmaciasaas.com/api/images/articulos/DISTRIBUCION/28529.jpg,false,,
39774,,MELOXICAM 7.5 MG X 10 TABLETAS,Meloxicam,TABLETAS,Linea Farmacia,"LABORATORIO LA SANTE, C.A.",,https://mav.farmaciasaas.com/api/images/articulos/DISTRIBUCION/1986.jpg,false,,
39775,,MEMANTINA CLORHIDRATO 10 MG X 10 TABLETAS RECUBIERTAS,Memantina,TABLETAS,Linea Farmacia,"CASA DE REPRESENTACION FARMACOS MEDIORIENTE, C.A.",,https://mav.farmaciasaas.com/api/images/articulos/DISTRIBUCION/50985.jpg,false,,
39776,,MEMANTINA CLORHIDRATO 10 MG X 28 TABLETAS RECUBIERTAS,Memantina,TABLETAS,Linea Farmacia,"CASA DE REPRESENTACION FARMACEUTICAS CCM, C.A.",,https://mav.farmaciasaas.com/api/images/articulos/DISTRIBUCION/22396.jpg,false,,
39777,,MEMANTINA CLORHIDRATO 10 MG X 14 TABLETAS RECUBIERTAS,Memantina,TABLETAS,Linea Farmacia,"CASA DE REPRESENTACION BIUMAK PHARMACEUTICALS, C.A.",,https://mav.farmaciasaas.com/api/images/articulos/DISTRIBUCION/26136.jpg,false,,
39778,,MEROPENEM 1 G X 10 AMPOLLAS,Meropenem,INYECTABLE,Linea Hospitalaria,"CASA DE REPRESENTACION DISTRILAB, C.A.",,https://mav.farmaciasaas.com/api/images/articulos/DISTRIBUCION/26005.jpg,false,,
39779,,CLORHIDRATO DE METFORMINA 500 MG X 30 TABLETAS RECUBIERTAS,Metformina,TABLETAS,Linea Farmacia,"INVERSIONES ANGELUS HEALTH, C.A.",,https://mav.farmaciasaas.com/api/images/articulos/DISTRIBUCION/20433.jpg,false,,
39780,,METFORMINA LP 1000 MG X 30 TABLETAS,Metformina Lp,TABLETAS,Linea Farmacia,"CASA DE REPRESENTACION LATTAN MEDIC, C.A.",,https://mav.farmaciasaas.com/api/images/articulos/DISTRIBUCION/52951.jpg,false,,
39781,,METFORMINA 500 MG X 30 TABLETAS RECUBIERTAS,Metformina,TABLETAS,Linea Farmacia,"INVERSIONES ANGELUS HEALTH, C.A.",,https://mav.farmaciasaas.com/api/images/articulos/DISTRIBUCION/20433.jpg,false,,
39782,,METFORMINA CLORHIDRATO 500 MG X 30 TABLETAS RECUBIERTAS,Metformina,TABLETAS,Linea Farmacia,"INVERSIONES ANGELUS HEALTH, C.A.",,https://mav.farmaciasaas.com/api/images/articulos/DISTRIBUCION/20433.jpg,false,,
39783,,METFORMINA CLORHIDRATO 850 MG X 30 TABLETAS,Metformina,TABLETAS,Linea Farmacia,"INVERSIONES ANGELUS HEALTH, C.A.",,https://mav.farmaciasaas.com/api/images/articulos/DISTRIBUCION/28530.jpg,false,,
39784,,METOCLOPRAMIDA 10 MG / 2 ML X 3 AMPOLLAS,Metoclopramida,INYECTABLE,Linea Hospitalaria,"CASA DE REPRESENTACION DISTRILAB, C.A.",,https://mav.farmaciasaas.com/api/images/articulos/DISTRIBUCION/28789.jpg,false,,
39785,,METOCLOPRAMIDA 10 MG X 10 TABLETAS,Metoclopramida,TABLETAS,Linea Farmacia,"LABORATORIOS VICENTI, C.A.",,https://mav.farmaciasaas.com/api/images/articulos/DISTRIBUCION/26729.jpg,false,,
39786,,METRONIDAZOL 0.75 % GEL,Metronidazol,GEL,Linea Farmacia,"CASA DE REPRESENTACION ZUKATI, C.A.",,https://mav.farmaciasaas.com/api/images/articulos/DISTRIBUCION/28989.jpg,false,,
39787,,METRONIDAZOL 500 MG / 100 ML SOLUCION PARA INFUSION.,Metronidazol,INYECTABLE,Linea Hospitalaria,"IPS DE VENEZUELA, C.A.",,https://mav.farmaciasaas.com/api/images/articulos/DISTRIBUCION/21360.jpg,false,,
39788,,METRONIDAZOL 500 MG X 10 OVULOS VAGINALES,Metronidazol,OVULOS,Linea Farmacia,"ALESS PHARMACEUTICALS, C.A.",,https://mav.farmaciasaas.com/api/images/articulos/DISTRIBUCION/21032.jpg,false,,
39789,,METRONIDAZOL 500 MG / 100 ML SOLUCION PARA INFUSION INTRAVENOSA,Metronidazol,INYECTABLE,Linea Hospitalaria,"IPS DE VENEZUELA, C.A.",,https://mav.farmaciasaas.com/api/images/articulos/DISTRIBUCION/21360.jpg,false,,
39790,,METRONIDAZOL 500 MG X 30 TABLETAS,Metronidazol,TABLETAS,Linea Farmacia,"INVERSIONES ANGELUS HEALTH, C.A.",,https://mav.farmaciasaas.com/api/images/articulos/DISTRIBUCION/21370.jpg,false,,
39791,,BETAHISTINA 16 MG X 20 TABLETAS,Betahistina,TABLETAS,Linea Farmacia,"CASA DE REPRESENTACION FARMACOS MEDIORIENTE, C.A.",,https://mav.farmaciasaas.com/api/images/articulos/DISTRIBUCION/51762.jpg,false,,
39792,,MIRTAZAPINA 15 MG X 30 TABLETAS RECUBIERTAS,Mirtazapina,TABLETAS,Linea Farmacia,"CORPORACION CLEOPHARMA, C.A.",,https://mav.farmaciasaas.com/api/images/articulos/DISTRIBUCION/25667.jpg,false,,
39793,,MIRTAZAPINA 30 MG X 30 TABLETAS RECUBIERTAS,Mirtazapina,TABLETAS,Linea Farmacia,"CALOX INTERNATIONAL, C.A.",,https://mav.farmaciasaas.com/api/images/articulos/DISTRIBUCION/51322.jpg,false,,
39794,,MOXIFLOXACINA 400 MG X 10 COMPRIMIDOS RECUBIERTOS,Moxifloxacino,COMPRIMIDOS,Linea Farmacia,"CASA DE REPRESENTACIONES BELMARCA, C.A.",,https://mav.farmaciasaas.com/api/images/articulos/DISTRIBUCION/25226.jpg,false,,
39795,,NAPROXENO 250 MG X 10 TABLETAS,Naproxeno,TABLETAS,Linea Farmacia,"CASA DE REPRESENTACION FARMACEUTICAS CCM, C.A.",,https://mav.farmaciasaas.com/api/images/articulos/DISTRIBUCION/53117.jpg,false,,
39796,,LOSARTAN HCT TABR 50 MG X 30 COMPRIMIDOS,Losartan Hct Tabr,COMPRIMIDOS,Linea Farmacia,"LABORATORIO LA SANTE, C.A.",,https://mav.farmaciasaas.com/api/images/articulos/DISTRIBUCION/28636.jpg,false,,
39797,,NIFEDIPINA 10 MG X 10 COMPRIMIDOS DISPERSABLES,Nifedipino,COMPRIMIDOS,Linea Farmacia,"CASA DE REPRESENTACION LAND, C.A.",,https://pccentro.net.ve/img/s/5/9/8/4/5/59845-large_default.webp,false,,
39798,,NITROFURANTOINA LAPROFF 100 MG X 300 TABLETAS,Nitrofurantoina Laproff,TABLETAS,Linea Farmacia,"CASA DE REPRESENTACIONES NAUTICA, C.A.",,https://mav.farmaciasaas.com/api/images/articulos/DISTRIBUCION/51871.jpg,false,,
39799,,NITROFURANTOINA 100 MG X 10 TABLETAS RECUBIERTAS,Nitrofurantoina,TABLETAS,Linea Farmacia,"CORPORACION CLEOPHARMA, C.A.",,https://mav.farmaciasaas.com/api/images/articulos/DISTRIBUCION/25663.jpg,false,,
39800,,NITROFURANTOINA 50 MG X 10 TABLETAS RECUBIERTAS,Nitrofurantoina,TABLETAS,Linea Farmacia,"KMPLUS PHARMACEUTICALS, C.A.",,https://mav.farmaciasaas.com/api/images/articulos/DISTRIBUCION/53552.jpg,false,,
39801,,NITROFURAZONA 2 MG / 30 G CREMA,Nitrofurazona,CREMA,Linea Farmacia,"CASA DE REPRESENTACION H&M MEDICAL GROUP, C.A.",,https://mav.farmaciasaas.com/api/images/articulos/DISTRIBUCION/52434.jpg,false,,
39802,,PREDNISOLONA 3 MG / 60 ML SUSPENSION ORAL,Prednisolona,SUSPENSION ORAL,Linea Farmacia,"CASA DE REPRESENTACION DAC55, C.A.",,https://mav.farmaciasaas.com/api/images/articulos/DISTRIBUCION/53054.jpg,false,,
39803,,OLANZAPINA 5 MG X 30 TABLETAS ORODISPERSABLES,Olanzapina,TABLETAS,Linea Farmacia,"CORPORACION CLEOPHARMA, C.A.",,https://mav.farmaciasaas.com/api/images/articulos/DISTRIBUCION/25670.jpg,false,,
39804,,OLMESARTAN MEDOXOMIL 40 MG - HIDROLOCOTIAZIDA 12.5 MG X 30 TABLETAS RECUBIERTAS,Olmesartan Medoxomil,TABLETAS,Linea Farmacia,"LABORATORIOS LETI, S.A.V.",,https://mav.farmaciasaas.com/api/images/articulos/DISTRIBUCION/99045.jpg,false,,
39805,,OLMESARTAN MEDOXOMILO 20 MG X 10 TABLETAS RECUBIERTAS,Olmesartan Medoxomilo,TABLETAS,Linea Farmacia,"LABORATORIO LA SANTE, C.A.",,https://mav.farmaciasaas.com/api/images/articulos/DISTRIBUCION/18568.jpg,false,,
39806,,OLMESARTAN MEDOXOMILO 40 MG X 10 TABLETAS RECUBIERTAS,Olmesartan Medoxomilo,TABLETAS,Linea Farmacia,"LABORATORIO LA SANTE, C.A.",,https://mav.farmaciasaas.com/api/images/articulos/DISTRIBUCION/18584.jpg,false,,
39807,,OLMESARTAN MEDOXOMILO 40 MG X 30 TABLETAS RECUBIERTAS,Olmesartan Medoxomilo,TABLETAS,Linea Farmacia,"LABORATORIOS LETI, S.A.V.",,https://mav.farmaciasaas.com/api/images/articulos/DISTRIBUCION/99045.jpg,false,,
39808,,OMEPRAZOL 20 MG X 10 CAPSULAS CON MICROGRANULOS ENTERICOS,Omeprazol,CAPSULAS,Linea Farmacia,"CASA DE REPRESENTACION FARMACOS MEDIORIENTE, C.A.",,https://mav.farmaciasaas.com/api/images/articulos/DISTRIBUCION/53303.jpg,false,,
39809,,OMEPRAZOL 20 MG X 7 CAPSULAS CON MICROGRANULOS ENTERICOS,Omeprazol,CAPSULAS,Linea Farmacia,"LABORATORIOS VARGAS, S.A.",,https://mav.farmaciasaas.com/api/images/articulos/DISTRIBUCION/20777.jpg,false,,
39810,,OMEPRAZOL 40 MG X 1 AMPOLLA,Omeprazol,INYECTABLE,Linea Hospitalaria,"CASA DE REPRESENTACION DISTRILAB, C.A.",,https://mav.farmaciasaas.com/api/images/articulos/DISTRIBUCION/51351.jpg,false,,
39811,,OMMUNAL (LISADO BACTERIANO) 7 MG X 10 CAPSULAS,Ommunal,CAPSULAS,Linea Farmacia,"LABORATORIOS LETI, S.A.V.",,https://mav.farmaciasaas.com/api/images/articulos/DISTRIBUCION/6053.jpg,false,,
39812,,ONDANSETRON 8 MG / 4 ML X 1 AMPOLLA,Ondansetron,INYECTABLE,Linea Hospitalaria,"CASA DE REPRESENTACION ADN MEDICAL, C.A.",,https://mav.farmaciasaas.com/api/images/articulos/DISTRIBUCION/53239.jpg,false,,
39813,,ONDANSETRON 8 MG / 4 ML X 5 AMPOLLAS,Ondansetron,INYECTABLE,Linea Hospitalaria,"CASA DE REPRESENTACION DISTRILAB, C.A.",,https://mav.farmaciasaas.com/api/images/articulos/DISTRIBUCION/52480.jpg,false,,
39814,,CRISPLUS ORLISTAT ELEA ZUOZ 120 MG X 30 CAPSULAS,Crisplus Orlistat Elea Zuoz,CAPSULAS,Linea Farmacia,"LABORATORIOS VARGAS, S.A.",,https://pccentro.net.ve/img/s/7/9/3/8/1/79381-large_default.webp,false,,
39815,,OXCARBAZEPINA 300 MG X 30 TABLETAS RECUBIERTAS,Oxcarbazepina,TABLETAS,Linea Farmacia,"CORPORACION CLEOPHARMA, C.A.",,https://mav.farmaciasaas.com/api/images/articulos/DISTRIBUCION/25662.jpg,false,,
39816,,OXOLAMINA 120 ML JARABE,Oxolamina,JARABE,Linea Farmacia,"LABORATORIOS VALMOR, C.A.",,https://mav.farmaciasaas.com/api/images/articulos/DISTRIBUCION/2771.jpg,false,,
39817,,PANTOPRAZOL 40 MG X 7 TABLETAS DE LIBERACION RETARDADA,Pantoprazol,TABLETAS,Linea Farmacia,"ALESS PHARMACEUTICALS, C.A.",,https://mav.farmaciasaas.com/api/images/articulos/DISTRIBUCION/20517.jpg,false,,
39818,,PARACETAMOL PORTU 100 MG / 10 ML SOLUCION ORAL,Paracetamol Portu,SOLUCION ORAL,Linea Farmacia,CASA DE REPRESENTACION MVGA PHARMA,,https://mav.farmaciasaas.com/api/images/articulos/DISTRIBUCION/23735.jpg,false,,
39819,,PARACETAMOL 1 G / 100 ML SOLUCION PARA INFUSION,Paracetamol,INYECTABLE,Linea Hospitalaria,"CASA DE REPRESENTACION DISTRILAB, C.A.",,https://mav.farmaciasaas.com/api/images/articulos/DISTRIBUCION/21339.jpg,false,,
39820,,PAROXETINA 20 MG X 30 COMPRIMIDOS RECUBIERTAS,Paroxetina,COMPRIMIDOS,Linea Farmacia,"CORPORACION CLEOPHARMA, C.A.",,https://mav.farmaciasaas.com/api/images/articulos/DISTRIBUCION/25668.jpg,false,,
39821,,PREGABALINA 150 MG X 30 CAPSULAS,Pregabalina,CAPSULAS,Linea Farmacia,"ALESS PHARMACEUTICALS, C.A.",,https://mav.farmaciasaas.com/api/images/articulos/DISTRIBUCION/52772.jpg,false,,
39822,,PENTOXIFILINA 400 MG X 30 COMPRIMIDOS RECUBIERTOS DE ACCION PROLONGADA,Pentoxifilina,COMPRIMIDOS,Linea Farmacia,"CASA DE REPRESENTACION FARMACEUTICAS CCM, C.A.",,https://mav.farmaciasaas.com/api/images/articulos/DISTRIBUCION/21851.jpg,false,,
39823,,PIRACETAM 400 MG X 30 TABLETAS,Piracetam,TABLETAS,Linea Farmacia,"CASA DE REPRESENTACION MT GLOBAL CARE, C.A.",,https://mav.farmaciasaas.com/api/images/articulos/DISTRIBUCION/50807.jpg,false,,
39824,,PREDNISOLONA 3 MG / 60 ML SOLUCION ORAL,Prednisolona,SOLUCION ORAL,Linea Farmacia,"CASA DE REPRESENTACION DAC55, C.A.",,https://mav.farmaciasaas.com/api/images/articulos/DISTRIBUCION/53054.jpg,false,,
39825,,PREDNISOLONA 5 ML SOLUCION OFTALMICA,Prednisolona,SOLUCION OFTALMICA,Linea Farmacia,"LABORATORIOS L.O. OFTALMI, C.A.",,https://mav.farmaciasaas.com/api/images/articulos/DISTRIBUCION/29565.jpg,false,,
39826,,PREDNISOLONA 5 MG X 10 TABLETAS,Prednisolona,TABLETAS,Linea Farmacia,"KMPLUS PHARMACEUTICALS, C.A.",,https://mav.farmaciasaas.com/api/images/articulos/23776.jpg,false,,
39827,,PREDNISOLONA 5 MG X 30 TABLETAS,Prednisolona,TABLETAS,Linea Farmacia,"INVERSIONES ANGELUS HEALTH, C.A.",,https://mav.farmaciasaas.com/api/images/articulos/DISTRIBUCION/21369.jpg,false,,
39828,,PREDNISONA 5 MG X 100 TABLETAS,Prednisona,TABLETAS,Linea Farmacia,"CASA DE REPRESENTACION DISTRILAB, C.A.",,https://mav.farmaciasaas.com/api/images/articulos/DISTRIBUCION/22275.jpg,false,,
39829,,PREGABALINA 75 MG X 30 CAPSULAS,Pregabalina,CAPSULAS,Linea Farmacia,"LABORATORIOS PHARMARIS DE VENEZUELA, C.A.",,https://mav.farmaciasaas.com/api/images/articulos/DISTRIBUCION/27604.jpg,false,,
39830,,PREVERAL DEXTRO REFORM 120 ML JARABE,Preveral Dextro Reform,JARABE,Linea Farmacia,"LABORATORIOS VARGAS, S.A.",,https://mav.farmaciasaas.com/api/images/articulos/DISTRIBUCION/99589.jpg,false,,
39831,,PROPRANOLOL CLORH 40 MG X 20 TABLETAS,Propranolol Clorh,TABLETAS,Linea Farmacia,"LABORATORIO MILAB, C.A.",,https://mav.farmaciasaas.com/api/images/articulos/DISTRIBUCION/50368.jpg,false,,
39832,,QUETIAPINA FARMAMED 100 MG X 10 TABLETAS,Quetiapina Farmamed,TABLETAS,Linea Farmacia,"CASA DE REPRESENTACION FARMACOS MEDIORIENTE, C.A.",,https://mav.farmaciasaas.com/api/images/articulos/DISTRIBUCION/50162.jpg,false,,
39833,,QUETIAPINA 100 MG X 30 TABLETAS RECUBIERTAS,Quetiapina,TABLETAS,Linea Farmacia,"LABORATORIOS PHARMARIS DE VENEZUELA, C.A.",,https://mav.farmaciasaas.com/api/images/articulos/DISTRIBUCION/27607.jpg,false,,
39834,,QUETIAPINA 25 MG X 30 TABLETAS RECUBIERTAS,Quetiapina,TABLETAS,Linea Farmacia,"LABORATORIOS PHARMARIS DE VENEZUELA, C.A.",,https://mav.farmaciasaas.com/api/images/articulos/DISTRIBUCION/27606.jpg,false,,
39835,,QUETIAPINA 300 MG X 30 COMPRIMIDOS,Quetiapina,COMPRIMIDOS,Linea Farmacia,"CASA DE REPRESENTACION MT GLOBAL CARE, C.A.",,https://mav.farmaciasaas.com/api/images/articulos/DISTRIBUCION/51310.jpg,false,,
39836,,RANITIDINA 50 MG / 2 ML X 10 AMPOLLAS,Ranitidina,INYECTABLE,Linea Hospitalaria,"BLUE MEDICAL PHARMACEUTICAL, C.A.",,https://mav.farmaciasaas.com/api/images/articulos/DISTRIBUCION/23534.jpg,false,,
39837,,RANITIDINA 150 MG X 10 COMPRIMIDOS RECUBIERTOS,Ranitidina,COMPRIMIDOS,Linea Farmacia,"CASA DE REPRESENTACION MT GLOBAL CARE, C.A.",,https://mav.farmaciasaas.com/api/images/articulos/DISTRIBUCION/54366.jpg,false,,
39838,,RANITIDINA 300 MG X 10 TABLETAS,Ranitidina,TABLETAS,Linea Farmacia,"CASA DE REPRESENTACION MT GLOBAL CARE, C.A.",,https://mav.farmaciasaas.com/api/images/articulos/DISTRIBUCION/54367.jpg,false,,
39839,,HIDROXICLOROQUINA 200 MG X 20 TABLETAS,Hidroxicloroquina,TABLETAS,Linea Farmacia,"CASA DE REPRESENTACION MT GLOBAL CARE, C.A.",,https://mav.farmaciasaas.com/api/images/articulos/DISTRIBUCION/27621.jpg,false,,
39840,,RIVAROXABAN 15 MG X 30 TABLETAS RECUBIERTAS,Rivaroxaban,TABLETAS,Linea Farmacia,"CASA DE REPRESENTACION DISTRILAB, C.A.",,https://mav.farmaciasaas.com/api/images/articulos/DISTRIBUCION/24319.jpg,false,,
39841,,RIVAROXABAN 20 MG X 10 TABLETAS RECUBIERTAS,Rivaroxaban,TABLETAS,Linea Farmacia,"LABORATORIOS VICENTI, C.A.",,https://mav.farmaciasaas.com/api/images/articulos/DISTRIBUCION/26738.jpg,false,,
39842,,RIVAROXABAN 20 MG X 14 TABLETAS RECUBIERTAS,Rivaroxaban,TABLETAS,Linea Farmacia,"KMPLUS PHARMACEUTICALS, C.A.",,https://mav.farmaciasaas.com/api/images/articulos/DISTRIBUCION/54217.jpg,false,,
39843,,ROSUVASTATINA 10 MG X 30 TABLETAS,Rosuvastatina,TABLETAS,Linea Farmacia,"LABORATORIO LA SANTE, C.A.",,https://mav.farmaciasaas.com/api/images/articulos/DISTRIBUCION/29584.jpg,false,,
39844,,ROSUVASTATINA 20 MG X 10 TABLETAS RECUBIERTAS,Rosuvastatina,TABLETAS,Linea Farmacia,"LABORATORIO LA SANTE, C.A.",,https://mav.farmaciasaas.com/api/images/articulos/DISTRIBUCION/24316.jpg,false,,
39845,,ROSUVASTATINA 20 MG X 30 TABLETAS RECUBIERTAS,Rosuvastatina,TABLETAS,Linea Farmacia,"INVERSIONES ANGELUS HEALTH, C.A.",,https://mav.farmaciasaas.com/api/images/articulos/DISTRIBUCION/21364.jpg,false,,
39846,,ROSUVASTATINA 10 MG X 30 TABLETAS RECUBIERTAS,Rosuvastatina,TABLETAS,Linea Farmacia,"LABORATORIO LA SANTE, C.A.",,https://mav.farmaciasaas.com/api/images/articulos/DISTRIBUCION/29584.jpg,false,,
39847,,SERTRALINA 50 MG X 30 COMPRIMIDOS,Sertralina,COMPRIMIDOS,Linea Farmacia,"CORPORACION CLEOPHARMA, C.A.",,https://mav.farmaciasaas.com/api/images/articulos/DISTRIBUCION/25669.jpg,false,,
39848,,SERTRALINA 50 MG X 56 TABLETAS,Sertralina,TABLETAS,Linea Farmacia,"CASA DE REPRESENTACION DOROPHARMA, C.A.",,https://mav.farmaciasaas.com/api/images/articulos/DISTRIBUCION/53165.jpg,false,,
39849,,SERTRALINA 50 MG X 14 COMPRIMIDOS RECUBIERTOS,Sertralina,COMPRIMIDOS,Linea Farmacia,"CASA DE REPRESENTACION FARMACEUTICAS CCM, C.A.",,https://mav.farmaciasaas.com/api/images/articulos/DISTRIBUCION/22393.jpg,false,,
39850,,SERTRALINA 50 MG X 14 TABLETAS RECUBIERTAS,Sertralina,TABLETAS,Linea Farmacia,"CASA DE REPRESENTACION FARMACEUTICAS CCM, C.A.",,https://mav.farmaciasaas.com/api/images/articulos/DISTRIBUCION/22393.jpg,false,,
39851,,SUCRALFATO 1 G X 20 TABLETAS,Sucralfato,TABLETAS,Linea Farmacia,"KMPLUS PHARMACEUTICALS, C.A.",,https://mav.farmaciasaas.com/api/images/articulos/DISTRIBUCION/54219.jpg,false,,
39852,,SUCRALFATO 1 G X 10 TABLETAS,Sucralfato,TABLETAS,Linea Farmacia,"CORPORACION CLEOPHARMA, C.A.",,https://mav.farmaciasaas.com/api/images/articulos/DISTRIBUCION/25675.jpg,false,,
39853,,TACROLIMUS 0.03 % UNGUENTO,Tacrolimus,UNGUENTO,Linea Farmacia,"CASA DE REPRESENTACION BIUMAK PHARMACEUTICALS, C.A.",,https://mav.farmaciasaas.com/api/images/articulos/DISTRIBUCION/50903.jpg,false,,
39854,,TAMSULOSINA HCL 0.4 MG CAPSULAS DE LIBERACION PROGRAMADA X 30 CAPSULAS,Tamsulosina,CAPSULAS,Linea Farmacia,"ALESS PHARMACEUTICALS, C.A.",,https://mav.farmaciasaas.com/api/images/articulos/DISTRIBUCION/24279.jpg,false,,
39855,,TAMSULOSINA TAMSUHEM 0.4 MG X 10 CAPSULAS,Tamsulosina Tamsuhem,CAPSULAS,Linea Farmacia,"CASA DE REPRESENTACION ADN MEDICAL, C.A.",,https://mav.farmaciasaas.com/api/images/articulos/DISTRIBUCION/53254.jpg,false,,
39856,,TAMSULOSINA CLORHIDRATO 0.4 MG X 30 CAPSULAS DE LIBERACION PROLONGADA,Tamsulosina,CAPSULAS,Linea Farmacia,"ALESS PHARMACEUTICALS, C.A.",,https://mav.farmaciasaas.com/api/images/articulos/DISTRIBUCION/24279.jpg,false,,
39857,,TEOFILINA 80 MG / 15 ML JARABE,Teofilina,JARABE,Linea Farmacia,"CASA DE REPRESENTACION ADN MEDICAL, C.A.",,https://mav.farmaciasaas.com/api/images/articulos/DISTRIBUCION/53266.jpg,false,,
39858,,TIMOLOL 0.5 % SOLUCION OFTALMICA,Timolol,SOLUCION OFTALMICA,Linea Farmacia,"CASA DE REPRESENTACION DISTRILAB, C.A.",,https://mav.farmaciasaas.com/api/images/articulos/DISTRIBUCION/22841.jpg,false,,
39859,,TIOCOLCHICOSIDO 4 MG / 2 ML X 1 AMPOLLA,Tiocolchicosido,INYECTABLE,Linea Hospitalaria,"CASA DE REPRESENTACION GLOBAL MEDIC, C.A.",,https://mav.farmaciasaas.com/api/images/articulos/DISTRIBUCION/51472.jpg,false,,
39860,,TIOCOLCHICOSIDO 4 MG / 2 ML X 50 AMPOLLAS,Tiocolchicosido,INYECTABLE,Linea Hospitalaria,"ALESS PHARMACEUTICALS, C.A.",,https://mav.farmaciasaas.com/api/images/articulos/DISTRIBUCION/20404.jpg,false,,
39861,,TIOCOLCHICOSIDO IMP 4 MG / 2 ML X 2 INYECTABLE,Tiocolchicosido Imp,INYECTABLE,Linea Hospitalaria,"ALESS PHARMACEUTICALS, C.A.",,https://mav.farmaciasaas.com/api/images/articulos/DISTRIBUCION/20405.jpg,false,,
39862,,TIZANIDINA 2 MG X 10 TABLETAS,Tizanidina,TABLETAS,Linea Farmacia,"INVERSIONES ANGELUS HEALTH, C.A.",,https://mav.farmaciasaas.com/api/images/articulos/DISTRIBUCION/28534.jpg,false,,
39863,,TRIMEBUTINA MALEATO 200 MG X 10 TABLETAS,Trimebutina,TABLETAS,Linea Farmacia,"CORPORACION CLEOPHARMA, C.A.",,https://mav.farmaciasaas.com/api/images/articulos/DISTRIBUCION/25677.jpg,false,,
39864,,VALSARTAN 160 MG X 10 COMPRIMIDOS RECUBIERTOS,Valsartan,COMPRIMIDOS,Linea Farmacia,"INVERSIONES ANGELUS HEALTH, C.A.",,https://mav.farmaciasaas.com/api/images/articulos/DISTRIBUCION/21372.jpg,false,,
39865,,VALSARTAN 160 MG X 30 COMPRIMIDOS RECUBIERTOS,Valsartan,COMPRIMIDOS,Linea Farmacia,"INVERSIONES ANGELUS HEALTH, C.A.",,https://mav.farmaciasaas.com/api/images/articulos/DISTRIBUCION/52911.jpg,false,,
39866,,VALSARTAN HCT TABREC 80 MG X 30 TABLETAS,Valsartan Hct Tabrec,TABLETAS,Linea Farmacia,"LABORATORIO LA SANTE, C.A.",,https://mav.farmaciasaas.com/api/images/articulos/DISTRIBUCION/22214.jpg,false,,
39867,,VALSARTAN 160 MG X 30 TABLETAS RECUBIERTAS,Valsartan,TABLETAS,Linea Farmacia,"INVERSIONES ANGELUS HEALTH, C.A.",,https://mav.farmaciasaas.com/api/images/articulos/DISTRIBUCION/52911.jpg,false,,
39868,,VILDAGLIPTINA 50 MG X 30 COMPRIMIDOS,Vildagliptina,COMPRIMIDOS,Linea Farmacia,"CASA DE REPRESENTACION MT GLOBAL CARE, C.A.",,https://mav.farmaciasaas.com/api/images/articulos/DISTRIBUCION/30332.jpg,false,,
39869,,BITEX COMPLEJO VITAMINA B1 B2 B6 B12 NATURALIFES X 30 TABLETAS,Bitex Complejo Vitamina B1 B2 B6 B12 Naturalifes,TABLETAS,Linea Farmacia,"BY NATURLIFES, C.A.",,https://pccentro.net.ve/img/s/6/8/9/1/0/68910-large_default.webp,false,,
39870,,VITAMINA MANDARINA TIRA TABLETA MASTICABLE UNIDADES 500 MG X 10 TABLETAS,Vitamina Mandarina Tira Tableta Masticable Unidades,TABLETAS,Linea Farmacia,"LABORATORIO LA SANTE, C.A.",,https://pccentro.net.ve/img/s/7/4/6/6/8/74668-large_default.webp,false,,
39871,,VORICONAZOL 200 MG INYECTABLE,Voriconazol,INYECTABLE,Linea Hospitalaria,"LABORATORIOS LETI, S.A.V.",,https://mav.farmaciasaas.com/api/images/articulos/DISTRIBUCION/27731.jpg,false,,
39872,,ACETAMINOFEN 120 MG / 5 ML X 10 SOLUCION ORAL,Acetaminofen,SOLUCION ORAL,Linea Farmacia,"BIOQUIMICA INTERNACIONAL, C.A.",,https://mav.farmaciasaas.com/api/images/articulos/DISTRIBUCION/53087.jpg,false,,
39873,,AZITROMICINA 500 MG X 3 TABLETAS,Azitromicina,TABLETAS,Linea Farmacia,"CALOX INTERNATIONAL, C.A.",,https://mav.farmaciasaas.com/api/images/articulos/DISTRIBUCION/11009.jpg,false,,
39874,,BISOPROLOL FUMARATO 1.25 MG COMPRIMIDOS RECUBIERTOS,Bisoprolol,COMPRIMIDOS,Linea Farmacia,"CALOX INTERNATIONAL, C.A.",,https://mav.farmaciasaas.com/api/images/articulos/DISTRIBUCION/97000.jpg,false,,
39875,,BISOPROLOL FUMARATO 5 MG COMPRIMIDOS RECUBIERTOS,Bisoprolol,COMPRIMIDOS,Linea Farmacia,"LABORATORIOS LETI, S.A.V.",,https://mav.farmaciasaas.com/api/images/articulos/DISTRIBUCION/98668.jpg,false,,
39876,,BISOPROLOL HCT 2.5 MG X 15 COMPRIMIDOS,Bisoprolol Hct,COMPRIMIDOS,Linea Farmacia,"ALESS PHARMACEUTICALS, C.A.",,https://mav.farmaciasaas.com/api/images/articulos/DISTRIBUCION/20507.jpg,false,,
39877,,ZYRTEC DICLORHIDRATO CETIRIZINA GSK FARMA 1 MG / 1 ML SOLUCION ORAL,Zyrtec Diclorhidrato Cetirizina Gsk Farma,SOLUCION ORAL,Linea Farmacia,"GLAXOSMITHKLINE VENEZUELA, C.A.",,https://pccentro.net.ve/img/s/8/0/1/1/4/80114-large_default.webp,false,,
39878,,CLARITROMICINA 500 MG COMPRIMIDOS RECUBIERTOS,Claritromicina,COMPRIMIDOS,Linea Farmacia,"INVERSIONES ANGELUS HEALTH, C.A.",,https://mav.farmaciasaas.com/api/images/articulos/DISTRIBUCION/20429.jpg,false,,
39879,,CLORURO MAGNES 25 G INYECTABLE,Cloruro Magnes,INYECTABLE,Linea Hospitalaria,"LABORATORIO FINE CHEMICALS C.F.C., C.A.",,https://mav.farmaciasaas.com/api/images/articulos/DISTRIBUCION/17780.jpg,false,,
39880,,DICLOFENAC DIETILAMINO 1.16 % GEL,Diclofenac Dietilam,GEL,Linea Farmacia,"ALESS PHARMACEUTICALS, C.A.",,https://mav.farmaciasaas.com/api/images/articulos/DISTRIBUCION/51997.jpg,false,,
39881,,EMPAGLIFLOZINA 10 MG X 30 TABLETAS,Empagliflozina,TABLETAS,Linea Farmacia,"CASA DE REPRESENTACION DISTRILAB, C.A.",,https://mav.farmaciasaas.com/api/images/articulos/DISTRIBUCION/52002.jpg,false,,
39882,,MONTELUKAST 10 MG X 30 TABLETAS,Montelukast,TABLETAS,Linea Farmacia,"LABORATORIO PLUSANDEX DE FARMACEUTICOS UNIDOS, PLUSANDEX, C.A.",,https://mav.farmaciasaas.com/api/images/articulos/DISTRIBUCION/27584.jpg,false,,
39883,,HIDROCLOROTIAZIDA 12.5 MG COMPRIMIDOS,Hidroclorotiazida,COMPRIMIDOS,Linea Farmacia,"LABORATORIO LA SANTE, C.A.",,https://mav.farmaciasaas.com/api/images/articulos/DISTRIBUCION/53195.jpg,false,,
39884,,LOSARTAN POTASICO 100 MG COMPRIMIDOS RECUBIERTOS,Losartan,COMPRIMIDOS,Linea Farmacia,"INVERSIONES ANGELUS HEALTH, C.A.",,https://mav.farmaciasaas.com/api/images/articulos/DISTRIBUCION/28528.jpg,false,,
39885,,MELOXICAM 15 MG COMPRIMIDOS,Meloxicam,COMPRIMIDOS,Linea Farmacia,"INVERSIONES ANGELUS HEALTH, C.A.",,https://mav.farmaciasaas.com/api/images/articulos/DISTRIBUCION/28529.jpg,false,,
39886,,METFORMINA CLORHIDRATO 850 MG COMPRIMIDOS,Metformina,COMPRIMIDOS,Linea Farmacia,"INVERSIONES ANGELUS HEALTH, C.A.",,https://mav.farmaciasaas.com/api/images/articulos/DISTRIBUCION/28530.jpg,false,,
39887,,ACETAMINOFEN 650 MG X 10 TABLETAS,Acetaminofen,TABLETAS,Linea Farmacia,"LABORATORIO LA SANTE, C.A.",,https://mav.farmaciasaas.com/api/images/articulos/DISTRIBUCION/11552.jpg,false,,
39888,,MONTELUKAST 10 MG COMPRIMIDOS RECUBIERTOS,Montelukast,COMPRIMIDOS,Linea Farmacia,"LABORATORIO LA SANTE, C.A.",,https://mav.farmaciasaas.com/api/images/articulos/DISTRIBUCION/18804.jpg,false,,
39889,,QUETIAPINA 100 MG COMPRIMIDOS RECUBIERTOS,Quetiapina,COMPRIMIDOS,Linea Farmacia,"LABORATORIOS PHARMARIS DE VENEZUELA, C.A.",,https://mav.farmaciasaas.com/api/images/articulos/DISTRIBUCION/27607.jpg,false,,
39890,,QUETIAPINA 25 MG COMPRIMIDOS RECUBIERTOS,Quetiapina Hemifumarato,COMPRIMIDOS,Linea Farmacia,"LABORATORIOS PHARMARIS DE VENEZUELA, C.A.",,https://mav.farmaciasaas.com/api/images/articulos/DISTRIBUCION/27606.jpg,false,,
39891,,QUETIAPINA 25 MG COMPRIMIDOS,Quetiapina,COMPRIMIDOS,Linea Farmacia,"LABORATORIOS PHARMARIS DE VENEZUELA, C.A.",,https://mav.farmaciasaas.com/api/images/articulos/DISTRIBUCION/27606.jpg,false,,
39892,,CYNT SIMVASTATINA 20 MG X 20 COMPRIMIDOS,Cynt Simvastatina,COMPRIMIDOS,Linea Farmacia,"LABORATORIOS DOLLDER, C.A.",,https://pccentro.net.ve/img/s/7/8/3/5/3/78353-large_default.webp,false,,
39893,,SALBUTAMOL INH 100 MCG INHALACION,Salbutamol Inh,INHALACION,Linea Farmacia,"CASA DE REPRESENTACION DISTRILAB, C.A.",,https://mav.farmaciasaas.com/api/images/articulos/DISTRIBUCION/20949.jpg,false,,
39894,,SALBUTAMOL INH 100 MCG LOCION,Salbutamol Inh,LOCION,Linea Farmacia,"CASA DE REPRESENTACION DISTRILAB, C.A.",,https://mav.farmaciasaas.com/api/images/articulos/DISTRIBUCION/20949.jpg,false,,
39895,,SERTRALINA 50 MG COMPRIMIDOS,Sertralina,COMPRIMIDOS,Linea Farmacia,"CORPORACION CLEOPHARMA, C.A.",,https://mav.farmaciasaas.com/api/images/articulos/DISTRIBUCION/25669.jpg,false,,
39896,,SULTAMICILINA 750 MG COMPRIMIDOS RECUBIERTOS,Sultamicilina,COMPRIMIDOS,Linea Farmacia,"CASA DE REPRESENTACION DAC55, C.A.",,https://mav.farmaciasaas.com/api/images/articulos/DISTRIBUCION/20939.jpg,false,,
39897,,ALBENDAZOL 200 MG TABLETAS RECUBIERTAS MASTICABLES,Albendazol,TABLETAS,Linea Farmacia,"LABORATORIO LA SANTE, C.A.",,https://mav.farmaciasaas.com/api/images/articulos/DISTRIBUCION/1526.jpg,false,,
39898,,ANGIOFLUX 250LSU X 25 CAPSULAS,Angioflux 250lsu,CAPSULAS,Linea Farmacia,"LABORATORIOS LETI, S.A.V.",,https://mav.farmaciasaas.com/api/images/articulos/DISTRIBUCION/52055.jpg,false,,
39899,,AZITROMICINA 500 MG X 3 TABLETA RECUBIERTA,Azitromicina,TABLETAS,Linea Farmacia,"CALOX INTERNATIONAL, C.A.",,https://mav.farmaciasaas.com/api/images/articulos/DISTRIBUCION/11009.jpg,false,,
39900,,BUDESONIDA 50 MCG / DOSIS SUSPENSION PARA INHALACION ORAL,Budesonida,SUSPENSION ORAL,Linea Farmacia,"CASAS DE REPRESENTACION MEDIFARM, C.A.",,https://mav.farmaciasaas.com/api/images/articulos/DISTRIBUCION/4804.jpg,false,,
39901,,HIOSCINA N-BUTILBROMURO 10 MG X 10 TABLETAS RECUBIERTAS,Butilbrom Hioscina,TABLETAS,Linea Farmacia,"BLUE MEDICAL PHARMACEUTICAL, C.A.",,https://mav.farmaciasaas.com/api/images/articulos/DISTRIBUCION/23872.jpg,false,,
39902,,CLINDAMICINA 15 G GEL,Clindamicina,GEL,Linea Farmacia,"CASA DE REPRESENTACION ZUKATI, C.A.",,https://mav.farmaciasaas.com/api/images/articulos/DISTRIBUCION/23694.jpg,false,,
39903,,CLORTALIDONA 12.5 MG X 30 TABLETAS,Clortalidona,TABLETAS,Linea Farmacia,"CASA DE REPRESENTACION MT GLOBAL CARE, C.A.",,https://mav.farmaciasaas.com/api/images/articulos/DISTRIBUCION/50972.jpg,false,,
39904,,CLOTRIMAZOL VAG 20 G CREMA,Clotrimazol Vag,CREMA,Linea Farmacia,"LABORATORIOS LETI, S.A.V.",,https://mav.farmaciasaas.com/api/images/articulos/DISTRIBUCION/51265.jpg,false,,
39905,,DAPAGLIFLOZINA 10 MG X 30 COMPRIMIDOS,Dapagliflozina,COMPRIMIDOS,Linea Farmacia,"CASA DE REPRESENTACION MT GLOBAL CARE, C.A.",,https://mav.farmaciasaas.com/api/images/articulos/DISTRIBUCION/53037.jpg,false,,
39906,,DICLOFENAC SODICO 50 G GEL,Diclofenac Sodico,GEL,Linea Farmacia,"SOTO GLOBAL GROUP, C.A.",,https://mav.farmaciasaas.com/api/images/articulos/DISTRIBUCION/24336.jpg,false,,
39907,,DYMAZOL CLOTRIMAZOL OVULOS VAGINAL 200 MG X 3 OVULOS,Dymazol Clotrimazol Ovulos Vaginal,OVULOS,Linea Farmacia,"CASA DE REPRESENTACION DISTRILAB, C.A.",,https://pccentro.net.ve/img/s/6/0/7/4/2/60742-large_default.webp,false,,
39908,,FLUCONAZOL 200 MG / 100 ML SOLUCION PARA INFUSION,Fluconazol,INYECTABLE,Linea Hospitalaria,"BLUE MEDICAL PHARMACEUTICAL, C.A.",,https://mav.farmaciasaas.com/api/images/articulos/DISTRIBUCION/29940.jpg,false,,
39909,,GABAPENTINA 300 MG X 30 COMPRIMIDOS,Gabapentina,COMPRIMIDOS,Linea Farmacia,"INVERSIONES ANGELUS HEALTH, C.A.",,https://mav.farmaciasaas.com/api/images/articulos/DISTRIBUCION/20432.jpg,false,,
39910,,GLUTAMINA VIT B12 X 60 INYECTABLE,Glutamina Vit B12,INYECTABLE,Linea Hospitalaria,"LABORATORIOS HERBAPLANT, C.A.",,https://mav.farmaciasaas.com/api/images/articulos/DISTRIBUCION/28485.jpg,false,,
39911,,HIDROCORTISONA SODICO 500 MG INYECTABLE,Hidrocortisona Sodico,INYECTABLE,Linea Hospitalaria,"CASA DE REPRESENTACION DISTRILAB, C.A.",,https://mav.farmaciasaas.com/api/images/articulos/DISTRIBUCION/23085.jpg,false,,
39912,,KETOPROFENO 2.5 % GEL,Ketoprofeno,GEL,Linea Farmacia,"CASA DE REPRESENTACION DISTRILAB, C.A.",,https://mav.farmaciasaas.com/api/images/articulos/DISTRIBUCION/52479.jpg,false,,
39913,,DALCITRIN MUPIROCINA UNGUENTO,Dalcitrin Mupirocina,UNGUENTO,Linea Farmacia,"LABORATORIOS DOLLDER, C.A.",,https://pccentro.net.ve/img/s/5/3/2/6/2/53262-large_default.webp,false,,
39914,,OMEPRAZOL 40 MG X 1 INYECTABLE,Omeprazol,INYECTABLE,Linea Hospitalaria,"CASA DE REPRESENTACION DISTRILAB, C.A.",,https://mav.farmaciasaas.com/api/images/articulos/DISTRIBUCION/51351.jpg,false,,
39915,,PENTOXIFILINA 400 MG X 30 TABLETAS RECUBIERTAS DE LIBERACION PROLONGADA,Pentoxifilina,TABLETAS,Linea Farmacia,"CASA DE REPRESENTACION FARMACEUTICAS CCM, C.A.",,https://mav.farmaciasaas.com/api/images/articulos/DISTRIBUCION/21851.jpg,false,,
39916,,RANITIDINA 150 MG / 10 ML X 10 SOLUCION ORAL,Ranitidina,SOLUCION ORAL,Linea Farmacia,"BIOQUIMICA INTERNACIONAL, C.A.",,https://mav.farmaciasaas.com/api/images/articulos/DISTRIBUCION/53151.jpg,false,,
39917,,DIOSMINA HESPER 450 MG X 30 TABLETAS,Diosmina Hesper,TABLETAS,Linea Farmacia,"INVERSIONES ANGELUS HEALTH, C.A.",,https://mav.farmaciasaas.com/api/images/articulos/DISTRIBUCION/52910.jpg,false,,



ACA MI TRABAJO:

ocesada con los hallazgos:
producto_id	nombre_comercial	molecula_texto (propuesta)
37305	ACALIX 60 MG	Diltiazem
37322	ACETAMINOFEN - HIOSCINA N BUTIL BROMURO	Acetaminofén; Hioscina N-Butilbromuro
37323	ACETAMINOFEN - HIOSCINA N BUTIL BROMURO	Acetaminofén; Hioscina N-Butilbromuro
37325	ACETAMINOFEN - CLORFENIRAMINA	Acetaminofén; Clorfeniramina
37326	ACETAMINOFEN - TRAMADOL	Acetaminofén; Tramadol
37337	MONARC- M 250 U.	Factor de Coagulación VIII
37345	ACIDO ACETILSALICILICO 81 MG	Ácido Acetilsalicílico
37346	ACIDO ACETILSALICILICO 81 MG	Ácido Acetilsalicílico
37366	ACIDO IBANDRONICO 150 MG	Ácido Ibandrónico
37374	AGUA BIDESTILADA INYECTABLE	Agua Bidestilada
37375	AGUA DESTILADA ESTERIL	Agua Destilada
37378	AIRFEN 0.05 % SOLUCION NASAL	(No se encontró información)
37395	ALGIOL 5 MG	(No se encontró información)
37396	ALGOREN 10 MG	(No se encontró información)
37420	AMIKACINA 100 MG / 2 ML	Amikacina
37429	AMLODIPINA 10 MG	Amlodipino
37433	AMLODIPINA 5 MG	Amlodipino
37438	AMOXICILINA 500 MG	Amoxicilina
37439	AMOXICILINA - ACIDO CLAVULANICO	Amoxicilina; Ácido Clavulánico
37446	AMOXICILINA 125 MG / 5 ML	Amoxicilina
37455	AMPLIDER 50 MG	(No se encontró información)
37456	ANALPER PLUS 500 MG	(No se encontró información)
37464	ANGRIP X 8 COMPRIMIDOS	(No se encontró información)
37465	ANGRIP X 4 COMPRIMIDOS	(No se encontró información)
37466	ANGRIP X 15 COMPRIMIDOS	(No se encontró información)
37470	ANTAAR 1.25 MG	(No se encontró información)
37471	ANTAAR 1.25 MG	(No se encontró información)
37474	ANTILAX PLUS 2 MG	(No se encontró información)
37476	APIRET 120 MG / 5 ML	(No se encontró información)
37477	APIRET 160 MG / 5 ML	(No se encontró información)
37482	APLACAL 750 MG	(No se encontró información)
37483	APLACAL 750 MG	(No se encontró información)
37490	ARESAN 20 MG	(No se encontró información)
37491	ARESAN 20 MG	(No se encontró información)
37497	ASAPROL 81 MG	(No se encontró información)
37498	ASAPROL 81 MG	(No se encontró información)
37504	ASPRINIL 81 MG	(No se encontró información)
37505	ASPRINIL 81 MG	(No se encontró información)
37510	ATAPEC 100 MG	(No se encontró información)
37522	ATORVASTATINA 20 MG	Atorvastatina
37526	ATRIMON 10 MG	(No se encontró información)
37527	ATROBEL 10 MG / ML	(No se encontró información)
37528	ATROPINA SULFATO 1 MG / ML	Atropina Sulfato
37529	ATROVERAN 10 MG / ML	(No se encontró información)
37534	AVELOX 400 MG	(No se encontró información)
37537	AZACARD 81 MG	(No se encontró información)
37538	AZACARD 81 MG	(No se encontró información)
37539	AZACARD 81 MG	(No se encontró información)
37547	AZITROMICINA 500 MG	Azitromicina
37557	BENCIDAMINA CLORHIDRATO 0.15 %	Bencidamina Clorhidrato
37561	BENZODIAZOL 0.25 MG - 5 MG	(No se encontró información)
37563	BENZODIAZOL 0.25 MG - 5 MG	(No se encontró información)
37564	BENZODIAZOL 0.25 MG - 5 MG	(No se encontró información)
37565	BEPRODERM 0.05 % - 0.1 %	(No se encontró información)
37566	BETADINE 8 % SOLUCION TOPICO BUCAL	(No se encontró información)
37567	BETADUO 6.430 MG - 2.631 MG / ML	(No se encontró información)
37570	BETAGEN SOLSPEN X 1 AMPOLLA	(No se encontró información)
37575	BEXILON 4 MG / 5 ML	(No se encontró información)
37576	BILOL 2.5 MG	(No se encontró información)
37577	BIOCOR AMLO 20 MG - 5 MG	(No se encontró información)
37578	BIOCOR AMLO 40 MG - 5 MG	(No se encontró información)
37579	BIOCOR 40 MG	(No se encontró información)
37580	BIOTALOL 2.5 MG	(No se encontró información)
37581	BIOTALOL 2.5 MG	(No se encontró información)
37582	BIOTALOL 1.25 MG	(No se encontró información)
37583	BIOTALOL 10 MG	(No se encontró información)
37584	BIPRIN 300 MG	(No se encontró información)
37589	BISOPROLOL FUMARATO 5 MG	Bisoprolol Fumarato
37595	BISOPROLOL FUMARATO 1.25 MG	Bisoprolol Fumarato
37609	BROFLEMA 8 MG / 5 ML	(No se encontró información)
37615	BROMEXINA CLORHIDRATO 4 MG / 5 ML	Bromexina Clorhidrato
37616	BROMHEXINA CLORHIDRATO 8 MG / 5 ML	Bromhexina Clorhidrato
37617	BROMHEXINA CLORHIDRATO 8 MG / 5 ML	Bromhexina Clorhidrato
37637	CALCIBON 200 MG	(No se encontró información)
37645	CALOXPIRINA 81 MG	(No se encontró información)
37646	CALOXPIRINA 81 MG	(No se encontró información)
37648	CAMPAL 50 MG	(No se encontró información)
37649	CANDER HCT 16 MG - 12.5 MG	(No se encontró información)
37650	CANDER HCT 16 MG - 12.5 MG	(No se encontró información)
37655	CANDESARTAN CILETEXILO – HIDROCLOROTIAZIDA	Candesartán Cilexetilo; Hidroclorotiazida
37663	CANDESARTAN 8 MG	Candesartán
37665	CANFIR 500 MG	(No se encontró información)
37668	OXIGENO MEDICINAL	Oxígeno
37687	CARIBAN 10 MG-10 MG	(No se encontró información)
37703	CEBION 1 G	(No se encontró información)
37704	CEFADROXILO 500 MG	Cefadroxilo
37719	CEFTRIAXONA 1 G	Ceftriaxona
37731	CETRAL D 5 MG - 60 MG / 5 ML	(No se encontró información)
37734	VITAMINA C 500 MG	Vitamina C
37735	VITAMINA C 500 MG	Vitamina C
37742	CIFARCAINA AL 2 %	(No se encontró información)
37743	CIFARCAINA AL 1 %	(No se encontró información)
37750	CIPROFLOX 500 MG	(No se encontró información)
37751	CIPROFLOXACINA 500 MG	Ciprofloxacina
37752	CIPROFLOXACINA 500 MG	Ciprofloxacina
37753	CIPROFLOXACINA 200 MG / 100 ML	Ciprofloxacina
37755	CIPROFLOXACINA 500 MG	Ciprofloxacina
37756	CIPROFLOXACINA 500 MG	Ciprofloxacina
37757	CIPROFLOXACINA 500 MG	Ciprofloxacina
37758	CIPROFLOXACINA 500 MG	Ciprofloxacina
37759	CIPROFLOXACINA 500 MG	Ciprofloxacina
37760	CIPROFLOXACINA 500 MG	Ciprofloxacina
37762	CIPROFLOXACINO 500 MG	Ciprofloxacino
37766	CITRATO DE CALCIO 1190 MG	Citrato de Calcio
37767	CITRATO DE CALCIO 1190 MG	Citrato de Calcio
37768	CALCITREX D3 1500 MG - 200 UI	(No se encontró información)
37771	CLARIX 0.25 MG / ML	(No se encontró información)
37775	CLENBUNAL 0.014 MG / ML	(No se encontró información)
37776	CLENBUTEROL CLORHIDRATO 10 MCG / 5 ML	Clenbuterol Clorhidrato
37785	CLODOXIN 10 MG - 100 MG	(No se encontró información)
37787	CLOFEN 1.8 MG / ML	(No se encontró información)
37794	CLONIDINA CLORHIDRATO 0.150 MG / ML	Clonidina Clorhidrato
37795	CLONIDINA CLORHIDRATO 0.150 MG / ML	Clonidina Clorhidrato
37805	CLOPIDOGREL 75 MG	Clopidogrel
37810	CLORACE 125 - 0.5 MG / 5 ML	(No se encontró información)
37811	CLORACE 500 MG - 4 MG	(No se encontró información)
37812	CLORACE 500 MG - 4 MG	(No se encontró información)
37818	CLORURO DE POTASIO 2 MEQ / ML	Cloruro de Potasio
37819	SOLUCION ISOTONICA DE CLORURO DE SODIO	Cloruro de Sodio
37820	CLORURO DE SODIO 0.9 %	Cloruro de Sodio
37825	CO-SULTRIN 40 MG - 200 MG / 5 ML	(No se encontró información)
37832	COLOZIN® (LACTOBACILLUS PLANTARUM - PEDIOCOCCUS ACIDILACTICI)	Lactobacillus plantarum; Pediococcus acidilactici
37834	COLYPAN 200 MG	(No se encontró información)
37835	COMPLEJO DE VITAMINA B	Complejo de Vitamina B
37838	CORAZEM 60 MG	(No se encontró información)
37841	CORENTEL 10 MG	(No se encontró información)
37842	CORENTEL 10 MG	(No se encontró información)
37843	CORENTEL 1.25 MG	(No se encontró información)
37844	CORENTEL 1.25 MG	(No se encontró información)
37845	CORENTEL 5 MG	(No se encontró información)
37846	CORENTEL 5 MG	(No se encontró información)
37860	DALCITRIN 2 % UNGUENTO	(No se encontró información)
37865	DECA LENTERMINA COMPLEX	(No se encontró información)
37866	DECALONA 4 MG / ML	(No se encontró información)
37869	DECOBEL 8 MG / 2 ML	(No se encontró información)
37876	DENCOFEN 1.16 % CREMA	(No se encontró información)
37878	DENUAL 150 MG	(No se encontró información)
37880	DERAIN 15 % CREMA	(No se encontró información)
37883	DERMAZOL 0.05 % LOCION CAPILAR	(No se encontró información)
37885	DERMOVATE 0.05 % CREMA	(No se encontró información)
37886	DEROVIT 1000 UI	(No se encontró información)
37901	DEXAMETASONA FOSFATO SODICO 4 MG / ML	Dexametasona Fosfato Sódico
37902	DEXAMETASONA FOSFATO SODICO 8 MG / 2 ML	Dexametasona Fosfato Sódico
37908	PREVERAL CON DEXTROMETORFANO	(No se encontró información)
37909	DEXTROMETORFANO 15 MG / 5 ML	Dextrometorfano
37911	DEXTROSA 50 %	Dextrosa
37914	DIAFORMINA 1000 MG	(No se encontró información)
37915	DIAFORMINA 500 MG	(No se encontró información)
37918	DIAGESIC 1.8 MG / ML	(No se encontró información)
37932	DICLOFENAC SODICO 50 MG	Diclofenaco Sódico
37934	DICLOFENACO POTASICO 50 MG	Diclofenaco Potásico
37940	DIFENAC 1 % GEL	(No se encontró información)
37941	DIGLET 1000 U.I.	(No se encontró información)
37942	DIGLET 5000 U.I.	(No se encontró información)
37943	DIGLET 200 UI	(No se encontró información)
37944	DIKLASON 100 MG	(No se encontró información)
37945	DIKLASON BI 150 MG	(No se encontró información)
37947	DILOTEX 5 MG	(No se encontró información)
37948	DILOTEX 10 MG	(No se encontró información)
37957	DIOSMINA-HESPERIDINA	Diosmina; Hesperidina
37959	DIPLOZ 1 MG	(No se encontró información)
37961	DOBET 2 % - 0.5 %	(No se encontró información)
37962	DOBRACID 300 MG	(No se encontró información)
37963	DOBRACID 300 MG	(No se encontró información)
37968	DOLAK 10 MG	(No se encontró información)
37969	DOLAK 10 MG	(No se encontró información)
37970	DOLAK 20 MG	(No se encontró información)
37971	DOLCAN 9 MG / 5 ML	(No se encontró información)
37988	DUROVAL 50 MG	(No se encontró información)
37989	DUROVAL 50 MG	(No se encontró información)
37990	DUROVAL 50 MG	(No se encontró información)
37991	DUROVAL 50 MG	(No se encontró información)
37994	DUVADILAN 10 MG	(No se encontró información)
38003	ENALAPRIL MALEATO 10 MG	Enalapril Maleato
38008	ENTEROGERMINA (ESPORAS DE BACILLUS CLAUSII)	Bacillus clausii
38012	ERILON 1 MG / ML LOCION	(No se encontró información)
38021	ESCITALOPRAM 10 MG	Escitalopram
38022	ESCITALOPRAM 10 MG	Escitalopram
38025	ESCITALOPRAM 5 MG	Escitalopram
38027	ESMIRTAL 20 MG	(No se encontró información)
38035	ESOMEPRAZOL 20 MG	Esomeprazol
38053	EUKENE 40 MG	(No se encontró información)
38058	EUTEBROL 20 MG	(No se encontró información)
38062	EZOLIUM 20 MG	(No se encontró información)
38063	EZOLIUM 40 MG	(No se encontró información)
38065	FARBICIL 1 % CREMA	(No se encontró información)
38066	FEBRATIC 15 MG / ML	(No se encontró información)
38075	FERGANIC 40 MG	(No se encontró información)
38076	FERGANIC 40 MG	(No se encontró información)
38077	FERGANIC 40 MG	(No se encontró información)
38078	FERGANIC 20 MG / ML	(No se encontró información)
38082	FERGANIC 40 MG / 15 ML	(No se encontró información)
38083	FERGANIC 100 MG / 5 ML	(No se encontró información)
38086	FESTAL (PANCREATINA DE ORIGEN PORCINO)	Pancreatina
38087	FESTAL (PANCREATINA DE ORIGEN PORCINO)	Pancreatina
38091	FINASTERIDE 5 MG	Finasteride
38092	NIAZOL 1 MG / ML	(No se encontró información)
38093	MONOSULPA X 260	(No se encontró información)
38094	FISIOLIN 0.65 %	(No se encontró información)
38100	FLAVOL 300 MG	(No se encontró información)
38105	FLEMIBAR 20 MG - 2500 MG / 5 ML	(No se encontró información)
38109	FLODONT 0.15 %	(No se encontró información)
38110	FLOMED 0.15 % - 0.25 %	(No se encontró información)
38124	FLUMAZENIL 0.5 MG / 5 ML	Flumazenil
38126	FLUOXETINA 20 MG	Fluoxetina
38132	FOSFATO DE POTASIO MONOBASICO 1 MEQ / ML	Fosfato de Potasio Monobásico
38133	FOSFOLIT 21.6 G - 8.1 G / 45 ML	(No se encontró información)
38136	FULGRAM 875 MG - 125 MG	(No se encontró información)
38152	GENESA 3 MG-20 MCG	(No se encontró información)
38153	GENESA 3 MG-20 MCG	(No se encontró información)
38157	GENURIN 200 MG	(No se encontró información)
38163	GLIDAN 80 MG	(No se encontró información)
38165	GLIFORMIN 850 MG	(No se encontró información)
38172	GLUCOFAGE 500 MG XR	(No se encontró información)
38173	GLUCONATO FERROSO	Gluconato Ferroso
38178	GRATIO 500 MG	(No se encontró información)
38180	GULAPER 250 MG / 5 ML	(No se encontró información)
38182	GULAPER 100 MG / 5 ML	(No se encontró información)
38183	GYNODERAIN 0.6 G	(No se encontró información)
38189	HEXANTFLEM 250 MG / 5 ML	(No se encontró información)
38192	VALSARTAN -HIDROCLOROTIAZIDA	Valsartán; Hidroclorotiazida
38195	LOSARTAN POTASICO - HIDROCLOROTIAZIDA	Losartán Potásico; Hidroclorotiazida
38196	LOSARTAN POTASICO - HIDROCLOROTIAZIDA	Losartán Potásico; Hidroclorotiazida
38198	BUTILBROMURO DE HIOSCINA 20 MG / ML	Butilbromuro de Hioscina
38200	HIRUDOID (POLISULFATO DE MUCOPOLISACARIDO)	Polisulfato de Mucopolisacárido
38212	IBUN 600 MG	(No se encontró información)
38238	IDOXEN 75 MG	(No se encontró información)
38239	IDOXEN 150 MG	(No se encontró información)
38240	ILANA 600 MG	(No se encontró información)
38241	ILTUX 20 MG	(No se encontró información)
38249	FLUTIXAIR 125 MG - 25 MCG / DOSIS	(No se encontró información)
38251	IPROXIN 500 MG	(No se encontró información)
38258	IRBESARTAN -HIDROCLOROTIAZIDA	Irbesartán; Hidroclorotiazida
38268	KATRIN 30 MG / ML	(No se encontró información)
38298	KETOROLACO TROMETAMINA 30 MG / ML	Ketorolaco Trometamina
38304	KLAS 100 MG	(No se encontró información)
38305	L - CARNITINA 1 G / 10 ML	L-Carnitina
38306	LACTBET 3000 U	(No se encontró información)
38307	LACTBET 3000 U	(No se encontró información)
38317	LENTOCILIN 6.3.3	(No se encontró información)
38318	LEPRIT 25 MG	(No se encontró información)
38326	LETISAN 500 MG	(No se encontró información)
38327	LETISAN 500 MG	(No se encontró información)
38329	LEVAMOX 750 MG	(No se encontró información)
38348	LEVOSULPIRIDE 25 MG	Levosulpiride
38353	LIDOCAINA - EPINEFRINA	Lidocaína; Epinefrina
38355	LINEZID 2 MG / ML	(No se encontró información)
38356	LIOLACTIL X 20 SOBRES	(No se encontró información)
38357	LIOLACTIL (LACTOBACILOS RHAMNOSUS)	Lactobacillus rhamnosus
38358	LIPACOMB 40 MG - 10 MG	(No se encontró información)
38364	LISOMUCIN 4 MG / 5 ML	(No se encontró información)
38365	LISOMUCIN 8 MG / 5 ML	(No se encontró información)
38368	LODIPIN 10 MG	(No se encontró información)
38369	LODIPIN VL 10 MG - 160 MG	(No se encontró información)
38370	LOFLOX 400 MG	(No se encontró información)
38371	LOGANIL 250 MG / 5 ML	(No se encontró información)
38372	LOGANIL 100 MG / 5 ML	(No se encontró información)
38388	LORATADINA 10 MG	Loratadina
38393	LORECORT 1 MG - 0.05 MG / 5 ML	(No se encontró información)
38398	LOSARTAN POTASICO - HIDROCLOROTIAZIDA	Losartán Potásico; Hidroclorotiazida
38402	LOSARTAN POTASICO - HIDROCLOROTIAZIDA	Losartán Potásico; Hidroclorotiazida
38403	LOSARTAN POTASICO - HIDROCLOROTIAZIDA	Losartán Potásico; Hidroclorotiazida
38413	LOWPRES 150 MCG / ML	(No se encontró información)
38420	MADECASSOL 1 % UNGUENTO	Centella asiatica
38430	MATERNAVIT	(No se encontró información)
38432	MAXIFUR 50 MG	(No se encontró información)
38437	MELIGEN 10 MG	(No se encontró información)
38448	MEROPENEM 1 G - 0.5 G	Meropenem
38450	DIPIRONA 1 G / 2 ML	Dipirona
38451	DIPIRONA 1 G / 2 ML	Dipirona
38457	METFORMINA CLORHIDRATO 500 MG	Metformina Clorhidrato
38458	METFORMINA 500 MG	Metformina
38461	METFORMINA CLORHIDRATO 850 MG	Metformina Clorhidrato
38462	METFORMINA CLORHIDRATO 850 MG	Metformina Clorhidrato
38463	SITAGLIPTINA-METFORMINA CLORHIDRATO	Sitagliptina; Metformina Clorhidrato
38464	METFORMINA CLORHIDRATO 1000 MG	Metformina Clorhidrato
38465	SITAGLIPTINA -METFORMINA CLORHIDRATO	Sitagliptina; Metformina Clorhidrato
38466	METILPREDNISOLONA 125 MG	Metilprednisolona
38476	METRONIDAZOL 500 MG / 100 ML	Metronidazol
38479	METRONIDAZOL BENZOIL 125 MG / 5 ML	Metronidazol Benzoil
38491	MILAX 50 %	(No se encontró información)
38492	MIOVIT COMPOSITUM CON LIDOCAINA	(No se encontró información)
38493	MIOVIT COMPOSITUM CON LIDOCAINA	(No se encontró información)
38494	MIOVIT COMPOSITUM CON LIDOCAINA	(No se encontró información)
38495	MIOVIT X 10 COMPRIMIDOS	(No se encontró información)
38496	MIOVIT X 30 COMPRIMIDOS	(No se encontró información)
38507	MONTRAX 10 MG	(No se encontró información)
38508	MONTRAX 10 MG	(No se encontró información)
38509	MONTRAX 4 MG	(No se encontró información)
38510	MONTRAX 5 MG	(No se encontró información)
38511	MONTRAX 5 MG	(No se encontró información)
38515	MOXIDEX 0.5 -0.1 %	(No se encontró información)
38519	MUCLAR 30 MG - 5 MG	(No se encontró información)
38520	MUCOBROL 4 MG / 5 ML	(No se encontró información)
38523	MULTIDERM 2 % UNGUENTO	(No se encontró información)
38524	MULTIVIRAL X 30 CAPSULAS	(No se encontró información)
38525	MUPIROCIN 2 % UNGUENTO	Mupirocina
38526	MUVETT 300 MG	(No se encontró información)
38528	N-BUTIL BROMURO DE HIOSCINA 20 MG / ML	N-Butil Bromuro de Hioscina
38529	NACLODIN 0.150 MG	(No se encontró información)
38530	NAFINA 1 % CREMA	(No se encontró información)
38543	NEOSTIGMINA 0.5 MG / ML	Neostigmina
38544	NEOSTIGMINA 0.5 MG / ML	Neostigmina
38545	NEULEVAL 500 MG	(No se encontró información)
38546	NEULEVAL 750 MG	(No se encontró información)
38556	NIMODIPINA 30 MG	Nimodipina
38557	NIPE PLUS	(No se encontró información)
38560	NITAX 500 MG	(No se encontró información)
38561	NITAZOXANIDA 500 MG	Nitazoxanida
38564	NITROFURANTOINA 50 MG	Nitrofurantoína
38565	NITROFURANTOINA 50 MG	Nitrofurantoína
38576	NOTOLAC 20 MG	(No se encontró información)
38577	NOTOLAC 20 MG	(No se encontró información)
38580	NYTAXIN 500 MG	(No se encontró información)
38581	PREDNISOLONA ACETATO 1 %	Prednisolona Acetato
38584	OFAFLAN 2 MG / ML	(No se encontró información)
38585	OFTERRA UNGUENTO OFTALMICO	(No se encontró información)
38588	OLMECAR 40 MG	(No se encontró información)
38589	OLMESARTAN MEDOXOMIL 40 MG - HIDROLOCOTIAZIDA	Olmesartán Medoxomil; Hidroclorotiazida
38592	OLMESARTAN MEDOXOMIL 20 MG	Olmesartán Medoxomil
38596	OMEPRAZOL 20 MG	Omeprazol
38597	OMEPRAZOL 20 MG	Omeprazol
38598	OMEPRAZOL 20 MG	Omeprazol
38599	OMEPRAZOL 20 MG	Omeprazol
38600	OMEPRAZOL 20 MG	Omeprazol
38601	OMEPRAZOL 20 MG	Omeprazol
38602	OMEPRAZOL 20 MG	Omeprazol
38608	OMEPRAZOL 40 MG	Omeprazol
38609	OMEPRAZOL 40 MG	Omeprazol
38610	OMEPRAZOL 40 MG	Omeprazol
38611	OMEPRAZOL 40 MG	Omeprazol
38614	OMMUNAL (LISADO BACTERIANO)	Lisado Bacteriano
38617	ONDANSETRON 8 MG / 4 ML	Ondansetrón
38618	ONDANSETRON 8 MG / 4 ML	Ondansetrón
38628	OTANOL 50 MG / ML	(No se encontró información)
38631	OXOLAMINA JARABE	Oxolamina
38635	PANTOPRAZOL 40 MG	Pantoprazol
38636	PANTOPRAZOL 40 MG	Pantoprazol
38642	PASIM 10 MG / ML	(No se encontró información)
38643	PASOLAX	(No se encontró información)
38652	PEPTO-BISMOL 525 MG / 30 ML	(No se encontró información)
38653	PEREBRON 28 MG / 5 ML	(No se encontró información)
38654	PEREBRON 28 MG / 5 ML	(No se encontró información)
38655	PERIDONT 0.12 %	(No se encontró información)
38657	PERTEN 1 %	(No se encontró información)
38659	PERTEN 1 %	(No se encontró información)
38662	PIMADOL 10 MG	(No se encontró información)
38663	PINAVERIUM BROMURO 100 MG	Pinaveerium Bromuro
38664	PINAVERIUM BROMURO 100 MG	Pinaveerium Bromuro
38667	PIPERAZINA 500 MG / 5 ML	Piperazina
38674	OTODON 2 % - 5 %	(No se encontró información)
38675	POLIAMIN 10 %	Aminoácidos Cristalinos
38677	POTAX 10 MEQ	(No se encontró información)
38684	PREDNISOLONA 5 MG	Prednisolona
38685	PREDNISOLONA 5 MG	Prednisolona
38700	PRESIDERM 2 % UNGUENTO	(No se encontró información)
38701	PREVERAL CON CODEINA	(No se encontró información)
38702	PROPRANOLOL 40 MG	Propranolol
38704	PROTOSULFIL 1 % CREMA	(No se encontró información)
38705	PROVICAR 2 G / 10 ML	(No se encontró información)
38708	QUETIAPINA 100 MG	Quetiapina
38709	QUETIAPINA 100 MG	Quetiapina
38710	QUETIAPINA 25 MG	Quetiapina
38716	OTIRILIN 4 % - 1 %	(No se encontró información)
38731	RINARIS 2.5 MG - 30 MG / 5 ML	(No se encontró información)
38732	SOLUCION DE RINGER LACTATO	Solución de Ringer Lactato
38735	RINOMAX 0.25 % - 0.125 % - 0.25 %	(No se encontró información)
38754	ROVARTAL 40 MG	(No se encontró información)
38763	SALBUTAN 100 MCG / DOSIS	(No se encontró información)
38764	SARIFAN COMPOSITUM	(No se encontró información)
38794	SILDEX 100 MG	(No se encontró información)
38795	SILDEX 100 MG	(No se encontró información)
38803	SITAGLIS MET 50 MG-1000 MG	Sitagliptina; Metformina
38806	SUCRALFATO 100 MG / ML	Sucralfato
38809	SULFADIAZINA DE PLATA 1 %	Sulfadiazina de Plata
38811	SULIXTRA 0.4 MG	(No se encontró información)
38812	SULIXTRA DUO 0.4 MG - 0.5 MG	(No se encontró información)
38813	SULIXTRA DUO 0.4 MG - 0.5 MG	(No se encontró información)
38838	TAMOA 250 MG / 5 ML	(No se encontró información)
38841	TAMSULON 0.4 MG	(No se encontró información)
38845	TANTUN 0.1 %	(No se encontró información)
38856	TERBINAFINA CLORHIDRATO 1 %	Terbinafina Clorhidrato
38858	TIALIN 50 MG	(No se encontró información)
38859	TIALIN 50 MG	(No se encontró información)
38860	TIDOR 2 % - 0.5 %	(No se encontró información)
38861	TILODRIN 4 MG / ML	(No se encontró información)
38862	TILODRIN 30 MG / 15 ML	(No se encontró información)
38880	TONERVOL 5 MG	(No se encontró información)
38884	TRACEVAL 500 MG - 50 MG	(No se encontró información)
38885	TRACEVAL 325 MG - 37.5 MG	(No se encontró información)
38889	TRAMAL LONG 150 MG	(No se encontró información)
38893	TRIMEBUTINA MALEATO 200 MG	Trimebutina Maleato
38894	TRIMEBUTINA MALEATO 200 MG	Trimebutina Maleato
38896	FLUTIXAIR 250 MCG -25 MCG	(No se encontró información)
38908	ULTAMYN 750 MG	(No se encontró información)
38910	UROSINA 0.4 MG	(No se encontró información)
38911	VALACICLOVIR 500 MG	Valaciclovir
38912	VALPRON 250 MG / 5 ML	(No se encontró información)
38922	VALSARTAN - HIDROCLOROTIAZIDA	Valsartán; Hidroclorotiazida
38924	VALSARTAN - HIDROCLOROTIAZIDA	Valsartán; Hidroclorotiazida
38925	VALSARTAN - HIDROCLOROTIAZIDA	Valsartán; Hidroclorotiazida
38936	VASPITOR 40 MG	(No se encontró información)
38937	VASPITOR 40 MG	(No se encontró información)
38938	VASSLUTEN HCT 300 MG - 12.5 MG	(No se encontró información)
38939	VASSLUTEN HCT 150 MG - 12.5 MG	(No se encontró información)
38958	VITAMINA B12 5 MG / ML	Vitamina B12
38959	VITAMINA B12 500 MCG	Vitamina B12
38960	VITAMINA C 500 MG / 5 ML	Vitamina C
38967	VITAMINA C 100 MG / 5 ML	Vitamina C
38970	VITAMINA K1 10 MG / ML	Vitamina K1
38971	VITADYN C 500 MG	(No se encontró información)
38972	VITADYN C 500 MG	(No se encontró información)
38973	VITAMINA E 100 MG	Vitamina E
38975	VITENOL CREMA	(No se encontró información)
38976	VIZERUL 75 MG	(No se encontró información)
38977	VIZERUL 75 MG	(No se encontró información)
38978	VIZERUL 150 MG / 10 ML	(No se encontró información)
38979	VOLCOFEN 75 MG / 3 ML	(No se encontró información)
38980	VONAU FLASH 4 MG	(No se encontró información)
38991	ZILDON 10 MG	(No se encontró información)
38996	ZOLPIDEX 10 MG	(No se encontró información)
38997	ZOLPIDEX 10 MG	(No se encontró información)
39000	ZONTRICON 100 MG / 5 ML	(No se encontró información)
39002	ZOST 50 MG	(No se encontró información)
39003	ZOST 50 MG	(No se encontró información)
39004	ZOST 50 MG	(No se encontró información)
39014	ACETAMINOFEN 120 MG / 5 ML	Acetaminofén
39024	DEXTROSA AL 5 % EN AGUA DESTILADA	Dextrosa
39037	AMLODIPINO 10 MG	Amlodipino
39040	AMLODIPINO 5 MG	Amlodipino
39044	AMOXICILINA 250 MG / 5 ML	Amoxicilina
39064	APLACAL 750 MG	(No se encontró información)
39065	APLACAL 750 MG	(No se encontró información)
39066	APLACAL 750 MG	(No se encontró información)
39067	APLACAL 750 MG	(No se encontró información)
39068	APLACAL 750 MG	(No se encontró información)
39069	APLACAL 750 MG	(No se encontró información)
39087	ATORVASTATINA 40 MG	Atorvastatina
39088	ATROVERAN 10 MG	(No se encontró información)
39089	ATROVERAN FORTE 20 MG	(No se encontró información)
39096	BETAMETASONA 4 MG / ML	Betametasona
39097	BICARBONATO DE SODIO AL 5 %	Bicarbonato de Sodio
39099	OLMESARTAN MEDOXOMILO 40 MG	Olmesartán Medoxomilo
39104	BIPROLIL 2.5 MG	(No se encontró información)
39109	BISOPROLOL FUMARATO - HIDROCLOROTIZIDA	Bisoprolol Fumarato; Hidroclorotiazida
39111	BISOPROLOL FUMARATO - HIDROCLOROTIAZIDA	Bisoprolol Fumarato; Hidroclorotiazida
39136	CLORHIDRATO DE MORFINA 10 MG / ML	Clorhidrato de Morfina
39138	CIFARCAINA HIPERBARA AL 5 %	(No se encontró información)
39139	CIPROFLOXACINA 500 MG	Ciprofloxacina
39140	CIPROFLOXACINA 500 MG	Ciprofloxacina
39141	CIPROFLOXACINA 500 MG	Ciprofloxacina
39142	CIPROFLOXACINA 750 MG	Ciprofloxacina
39150	CLORURO DE POTASIO 7.5 %	Cloruro de Potasio
39151	CLORURO DE SODIO AL 20 %	Cloruro de Sodio
39158	COMPLEJO DE VITAMINA B	Complejo de Vitamina B
39238	GLUCONATO DE CALCIO AL 10 %	Gluconato de Calcio
39248	IBUPROFENO 400 MG-TIOCOLCHICOSIDO 4 MG	Ibuprofeno; Tiocolchicósido
39273	KLINCOSAL 262 MG - 100 MG	(No se encontró información)
39274	KLINCOSAL 262 MG - 500 MG / 15 ML	(No se encontró información)
39275	KLINCOSAL 262 MG - 500 MG / 15 ML	(No se encontró información)
39313	NAFAZOLINA CLORHIDRATO 0.12 MG / ML	Nafazolina Clorhidrato
39324	OLMESARTAN MEDOXOMIL 20 MG	Olmesartán Medoxomil
39325	OLMESARTAN MEDOXOMILO 20 MG	Olmesartán Medoxomilo
39326	OMEPRAZOL 40 MG	Omeprazol
39327	OMEPRAZOL 40 MG	Omeprazol
39328	OMEPRAZOL 20 MG	Omeprazol
39329	OMEPRAZOL 20 MG	Omeprazol
39330	OMEPRAZOL 20 MG	Omeprazol
39334	OXOLAMINA 28 MG / 5 ML	Oxolamina
39335	OXOLAMINA 50 MG / 5 ML	Oxolamina
39339	OXOLAMINA 50 MG / 5 ML	Oxolamina
39343	PROTOSULFIL 1 % POLVO	(No se encontró información)
39344	CARNITENE 1 G / 10 ML	(No se encontró información)
39352	REHIDROSOL 45 MEQ / L	(No se encontró información)
39354	REHIDROSOL 60 MEQ / L	(No se encontró información)
39356	SOLUCION RINGER LACTATO	Solución Ringer Lactato
39367	DEXTROSA AL 5 % EN SOLUCION FISIOLOGICA	Dextrosa
39376	SULTAMICILINA 750 MG	Sultamicilina
39392	TERBINAFINA 1 % CREMA	Terbinafina
39397	TRIMETOPRIM / SULFAMETOXASOL	Trimetoprim; Sulfametoxazol
39403	VALSARTAN-HIDROCLOROTIAZIDA	Valsartán; Hidroclorotiazida
39418	ACRYLARM 0.2 % GEL OFTALMICO	(No se encontró información)
39421	ALILUB 1.4 %	(No se encontró información)
39449	HIOSCINA N-BUTILBROMURO 10 MG	Hioscina N-Butilbromuro
39496	CARBONATO DE CALCIO 750 MG	Carbonato de Calcio
39540	MAXIFURFORTE 100 MG	(No se encontró información)
39547	ACECOL 600 MG	(No se encontró información)
39548	ACECOL 600 MG	(No se encontró información)
39550	NEMAX 16 % - 6 %	(No se encontró información)
39551	FOSFATO DE SODIO MONOBASICO - FOSFATO DE SODIO DIBASICO	Fosfato de Sodio Monobásico; Fosfato de Sodio Dibásico
39563	PEPSADEL 262 MG	(No se encontró información)
39576	FLUDINAX 0.9 %	(No se encontró información)
39577	SILVEDERMA 1 % CREMA	(No se encontró información)
39597	UDOX 75 MG	(No se encontró información)
39612	Ketoprofeno 100mgs x Ampolla	Ketoprofeno
39613	Dipirona ampolla	Dipirona
39614	Dexanetasona 8mgs/4ml ampolla	Dexametasona
39615	Ondansetron 8mgs x ampolla	Ondansetrón
39616	Tramadol 100mgs x ampolla	Tramadol
39617	Solucion 0,9% 100ml	Cloruro de Sodio
39618	ACIDO IBANDRONICO 150 MG	Ácido Ibandrónico
39619	ACIDO TRANEXAMICO 500 MG	Ácido Tranexámico
39620	ACECLOFENACO 100 MG	Aceclofenaco
39621	ACETAMINOFEN 650 MG	Acetaminofén
39622	ACETAMINOFEN 150 MG / 5 ML	Acetaminofén
39623	ACETAMINOFEN 120 MG / 5 ML	Acetaminofén
39624	ACETAMINOFEN 500 MG	Acetaminofén
39625	ACETAMINOFEN 500 MG	Acetaminofén
39626	ACETAZOLAMIDA 250 MG	Acetazolamida
39627	ACETAZOLAMIDA 250 MG	Acetazolamida
39628	ACICLOVIR 250 MG	Aciclovir
39629	ACICLOVIR 200 MG	Aciclovir
39630	ACICLOVIR 200 MG	Aciclovir
39631	ACIDO ASCORBICO 500 MG / 5 ML	Ácido Ascórbico
39632	ACIDO FOLICO 10 MG / 2 ML	Ácido Fólico
39633	ADAPALENO - CLINDAMICINA	Adapaleno; Clindamicina
39634	ADRENALINA 1 MG / ML	Adrenalina
39635	AGUA OXIG ALVA INYECTABLE	(No se encontró información)
39636	ALBENDAZOL 400 MG	Albendazol
39637	ALBENDAZOL 200 MG	Albendazol
39638	ALENDRONATO SODICO 70 MG	Alendronato Sódico
39639	AMIKACINA 500 MG / 2 ML	Amikacina
39640	AMIKACINA 100 MG / 2 ML	Amikacina
39641	AMLODIPINA 10 MG	Amlodipino
39642	AMLODIPINA 10 MG	Amlodipino
39643	AMLODIPINA 5 MG	Amlodipino
39644	AMOXICILINA 500 MG	Amoxicilina
39645	AMOXICILINA 500 MG	Amoxicilina
39646	AMOXICILINA 125 MG / 5 ML	Amoxicilina
39647	ANASTROZOL 1 MG	Anastrozol
39648	APIXABAN 2.5 MG	Apixabán
39649	ATAPEC 100 MG	(No se encontró información)
39650	ATENOLOL 100 MG	Atenolol
39651	ATENOLOL 50 MG	Atenolol
39652	ATENOLOL 50 MG	Atenolol
39653	ATORVASTATINA 20 MG	Atorvastatina
39654	ATORVASTATINA 40 MG	Atorvastatina
39655	AUGMENTIN BID 875 MG - 125 MG	(No se encontró información)
39656	AZITROMICINA 500 MG	Azitromicina
39657	AZITROMICINA 200 MG / 5 ML	Azitromicina
39658	BACITRACINA 500 UI / 20 G	Bacitracina
39659	BISACODILO 5 MG	Bisacodilo
39660	BISOPROLOL FUMARATO 10 MG	Bisoprolol Fumarato
39661	BISOPROLOL FUMARATO 5 MG	Bisoprolol Fumarato
39662	VALSARTAN 160 MG	Valsartán
39663	CLORHIDRATO DE BROMEXINA 8 MG / 5 ML	Bromexina
39664	BROMEXINA CLORHIDRATO 4 MG / 5 ML	Bromexina Clorhidrato
39665	BROMHEXINA PED4MG 5 ML / 120 ML	Bromhexina
39666	CARBAMAZEPINA 200 MG	Carbamazepina
39667	CARBAMAZEPINA 200 MG	Carbamazepina
39668	CARBAMAZEPINA 200 MG	Carbamazepina
39669	CARBAMAZEPINA 400 MG	Carbamazepina
39670	CEFAZOLINA SODICO 1 G	Cefazolina Sódico
39671	CEFTRIAXONA 1 G	Ceftriaxona
39672	CEFTRIAXONA 1 G	Ceftriaxona
39673	CELECOXIB 200 MG	Celecoxib
39674	CETIRIZINA 5 MG / 5 ML	Cetirizina
39675	CILOSTAZOL 50 MG	Cilostazol
39676	CILOSTAZOL 100 MG	Cilostazol
39677	CIPROFLOXACINA 500 MG	Ciprofloxacina
39678	CIPROFLOXACINA INF INY200MG CRDIST 100 ML	Ciprofloxacina
39679	CIPROFLOXACINA 500 MG	Ciprofloxacina
39680	CIPROFLOXACINA 500 MG	Ciprofloxacina
39681	CIPROFLOXACINA 500 MG	Ciprofloxacina
39682	CIPROFLOXACINO 500 MG	Ciprofloxacino
39683	CITALOPRAM 40 MG	Citalopram
39684	CITRATO CA VIT D3	Citrato de Calcio; Vitamina D3
39685	CLOMIFENO CITRATO 50 MG	Clomifeno
39686	CLOPIDOGREL 75 MG	Clopidogrel
39687	CLOPIDOGREL 75 MG	Clopidogrel
39688	CLOPIDOGREL 75 MG	Clopidogrel
39689	CLORHID MEBEVERINA 200 MG	Mebeverina
39690	CLORURO SODICO 0.9 %	Cloruro Sódico
39691	CLORURO MAGNES 25 G	Cloruro de Magnesio
39692	CLOTRIMAZOL 100 MG	Clotrimazol
39693	CLOTRIMAZOL 500 MG	Clotrimazol
39694	COMPLEJO 2 ML X 3	Complejo de Vitamina B
39695	DILTIAZEM 60 MG	Diltiazem
39696	6 MG X 30 COMPRIMIDOS	(No se encontró información)
39697	PORTU 4 MG	(No se encontró información)
39698	SODICO 4 MG / 1 ML	(No se encontró información)
39699	DEXAMETASONA FOSFATO SODICO 8 MG / 2 ML	Dexametasona Fosfato Sódico
39700	SODICO 8 MG / 2 ML	(No se encontró información)
39701	DIACEREINA 50 MG	Diacereína
39702	CARVEDILOL 25 MG	Carvedilol
39703	DICLOFENACO SODICO 75 MG / 3 ML	Diclofenaco Sódico
39704	DICLOFENACO POTASICO 50 MG	Diclofenaco Potásico
39705	DICLOFENAC POTASICO 50 MG	Diclofenac Potásico
39706	DIOSMINA 600 MG	Diosmina
39707	DIOSMINA - HESPERIDINA	Diosmina; Hesperidina
39708	DIOSMINA-HESPERIDINA	Diosmina; Hesperidina
39709	DOBUTAMINA 250 MG / 5 ML	Dobutamina
39710	DOMPERIDONA 10 MG	Domperidona
39711	DOMPERIDONA 10 MG	Domperidona
39712	DOMPERIDONA 10 MG	Domperidona
39713	DOXICICLINA 100 MG	Doxiciclina
39714	ENALAPRIL 20 MG	Enalapril
39715	ENALAPRIL MALEATO - HIDROCLOROTIAZIDA	Enalapril Maleato; Hidroclorotiazida
39716	ERITROMICINA 500 MG	Eritromicina
39717	ESCITALOPRAM 10 MG	Escitalopram
39718	ESCITALOPRAM 10 MG	Escitalopram
39719	ESCITALOPRAM 20 MG	Escitalopram
39720	ESCITALOPRAM 10 MG	Escitalopram
39721	ESCITALOPRAM 20 MG	Escitalopram
39722	ESCITALOPRAM 5 MG	Escitalopram
39723	FEXOFENADINA CLORHIDRATO 180 MG	Fexofenadina Clorhidrato
39724	FLAVOXUNI FLAVOXATO 200 MG	Flavoxato
39725	FLAVOXATO 200 MG	Flavoxato
39726	FLAVOXATO CLORHIDRATO 200 MG	Flavoxato Clorhidrato
39727	FLUCONAZOL 200 MG	Fluconazol
39728	FLUCONAZOL 200 MG / 100 ML	Fluconazol
39729	FLUCONAZOL 200 MG	Fluconazol
39730	FLUCONAZOL 200 MG / 100 ML	Fluconazol
39731	FLUCONAZOL 150 MG	Fluconazol
39732	FLUNARIZINA 10 MG	Flunarizina
39733	FLUOXETINA 20 MG	Fluoxetina
39734	FUROSEMIDA 20 MG / 2 ML	Furosemida
39735	GENTAMICINA 160 MG / 2 ML	Gentamicina
39736	GENTAMICINA 160 MG / 2 ML	Gentamicina
39737	GLIBENCLAMIDA 5 MG	Glibenclamida
39738	GLIBENCLAMIDA 5 MG	Glibenclamida
39739	GLIMEPIRIDA 2 MG	Glimepirida
39740	IRBESARTAN 150 MG	Irbesartán
39741	IRBESARTAN 300 MG	Irbesartán
39742	ITRACONAZOL 100 MG	Itraconazol
39743	KETOPROFENO 100 MG / 2 ML	Ketoprofeno
39744	KETOROLACO TROMETAMOL 30 MG / ML	Ketorolaco Trometamol
39745	KETOROLACO TROMETAMINA 30 MG / ML	Ketorolaco Trometamina
39746	KETOROLACO TROMETAMINA 20 MG	Ketorolaco Trometamina
39747	LAMOTRIGINA 100 MG	Lamotrigina
39748	LAMOTRIGINA 100 MG	Lamotrigina
39749	LERCANIDIPINO 20 MG	Lercanidipino
39750	LETROZOL 2.5 MG	Letrozol
39751	LEVETIRACETAM 500 MG	Levetiracetam
39752	LEVOFLOXACINA INF CRDIST 500 MG / 100 ML	Levofloxacina
39753	LEVOFLOXACINA 750 MG	Levofloxacino
39754	LEVOFLOXACINA 750 MG	Levofloxacino
39755	LEVOFLOXACINA 500 MG	Levofloxacino
39756	LEVOFLOXACINA 500 MG	Levofloxacino
39757	LEVOFLOXACINO 500 MG	Levofloxacino
39758	LEVOFLOXACINO 500 MG	Levofloxacino
39759	LEVOFLOXACINO 750 MG	Levofloxacino
39760	LEVONORGESTREL 1.5 MG	Levonorgestrel
39761	LEVOTIROXINA SODICO 100 MCG	Levotiroxina Sódico
39762	LEVOTIROXINA SODICO 100 MCG	Levotiroxina Sódico
39763	LEVOTIROXINA SODICO 50 MCG	Levotiroxina Sódico
39764	LOPERAMIDA 2 MG	Loperamida
39765	LOPERAMIDA PORTU 2 MG	Loperamida
39766	LORATADINA 10 MG	Loratadina
39767	LORATADINA 5 MG / 5 ML	Loratadina
39768	LOSARTAN HCT 50 MG	Losartán; Hidroclorotiazida
39769	LOSARTAN HCT 50 MG	Losartán; Hidroclorotiazida
39770	MAGNESIO GLICINATO	Magnesio Glicinato
39771	MATERNAVIT	(No se encontró información)
39772	MEDROXIPROGESTERONA 10 MG	Medroxiprogesterona
39773	MELOXICAM 15 MG	Meloxicam
39774	MELOXICAM 7.5 MG	Meloxicam
39775	MEMANTINA CLORHIDRATO 10 MG	Memantina
39776	MEMANTINA CLORHIDRATO 10 MG	Memantina
39777	MEMANTINA CLORHIDRATO 10 MG	Memantina
39778	MEROPENEM 1 G	Meropenem
39779	CLORHIDRATO DE METFORMINA 500 MG	Metformina
39780	METFORMINA LP 1000 MG	Metformina
39781	METFORMINA 500 MG	Metformina
39782	METFORMINA CLORHIDRATO 500 MG	Metformina
39783	METFORMINA CLORHIDRATO 850 MG	Metformina
39784	METOCLOPRAMIDA 10 MG / 2 ML	Metoclopramida
39785	METOCLOPRAMIDA 10 MG	Metoclopramida
39786	METRONIDAZOL 0.75 % GEL	Metronidazol
39787	METRONIDAZOL 500 MG / 100 ML	Metronidazol
39788	METRONIDAZOL 500 MG	Metronidazol
39789	METRONIDAZOL 500 MG / 100 ML	Metronidazol
39790	METRONIDAZOL 500 MG	Metronidazol
39791	BETAHISTINA 16 MG	Betahistina
39792	MIRTAZAPINA 15 MG	Mirtazapina
39793	MIRTAZAPINA 30 MG	Mirtazapina
39794	MOXIFLOXACINA 400 MG	Moxifloxacino
39795	NAPROXENO 250 MG	Naproxeno
39796	LOSARTAN HCT TABR 50 MG	Losartán; Hidroclorotiazida
39797	NIFEDIPINA 10 MG	Nifedipino
39798	NITROFURANTOINA LAPROFF 100 MG	Nitrofurantoína
39799	NITROFURANTOINA 100 MG	Nitrofurantoína
39800	NITROFURANTOINA 50 MG	Nitrofurantoína
39801	NITROFURAZONA 2 MG / 30 G	Nitrofurazona
39802	PREDNISOLONA 3 MG / 60 ML	Prednisolona
39803	OLANZAPINA 5 MG	Olanzapina
39804	OLMESARTAN MEDOXOMIL 40 MG - HIDROLOCOTIAZIDA	Olmesartán Medoxomil; Hidroclorotiazida
39805	OLMESARTAN MEDOXOMILO 20 MG	Olmesartán Medoxomilo
39806	OLMESARTAN MEDOXOMILO 40 MG	Olmesartán Medoxomilo
39807	OLMESARTAN MEDOXOMILO 40 MG	Olmesartán Medoxomilo
39808	OMEPRAZOL 20 MG	Omeprazol
39809	OMEPRAZOL 20 MG	Omeprazol
39810	OMEPRAZOL 40 MG	Omeprazol
39811	OMMUNAL (LISADO BACTERIANO)	Lisado Bacteriano
39812	ONDANSETRON 8 MG / 4 ML	Ondansetrón
39813	ONDANSETRON 8 MG / 4 ML	Ondansetrón
39814	CRISPLUS ORLISTAT ELEA ZUOZ 120 MG	Orlistat
39815	OXCARBAZEPINA 300 MG	Oxcarbazepina
39816	OXOLAMINA 120 ML	Oxolamina
39817	PANTOPRAZOL 40 MG	Pantoprazol
39818	PARACETAMOL PORTU 100 MG / 10 ML	Paracetamol
39819	PARACETAMOL 1 G / 100 ML	Paracetamol
39820	PAROXETINA 20 MG	Paroxetina
39821	PREGABALINA 150 MG	Pregabalina
39822	PENTOXIFILINA 400 MG	Pentoxifilina
39823	PIRACETAM 400 MG	Piracetam
39824	PREDNISOLONA 3 MG / 60 ML	Prednisolona
39825	PREDNISOLONA 5 ML	Prednisolona
39826	PREDNISOLONA 5 MG	Prednisolona
39827	PREDNISOLONA 5 MG	Prednisolona
39828	PREDNISONA 5 MG	Prednisona
39829	PREGABALINA 75 MG	Pregabalina
39830	PREVERAL DEXTRO REFORM 120 ML	(No se encontró información)
39831	PROPRANOLOL CLORH 40 MG	Propranolol
39832	QUETIAPINA FARMAMED 100 MG	Quetiapina
39833	QUETIAPINA 100 MG	Quetiapina
39834	QUETIAPINA 25 MG	Quetiapina
39835	QUETIAPINA 300 MG	Quetiapina
39836	RANITIDINA 50 MG / 2 ML	Ranitidina
39837	RANITIDINA 150 MG	Ranitidina
39838	RANITIDINA 300 MG	Ranitidina
39839	HIDROXICLOROQUINA 200 MG	Hidroxicloroquina
39840	RIVAROXABAN 15 MG	Rivaroxabán
39841	RIVAROXABAN 20 MG	Rivaroxabán
39842	RIVAROXABAN 20 MG	Rivaroxabán
39843	ROSUVASTATINA 10 MG	Rosuvastatina
39844	ROSUVASTATINA 20 MG	Rosuvastatina
39845	ROSUVASTATINA 20 MG	Rosuvastatina
39846	ROSUVASTATINA 10 MG	Rosuvastatina
39847	SERTRALINA 50 MG	Sertralina
39848	SERTRALINA 50 MG	Sertralina
39849	SERTRALINA 50 MG	Sertralina
39850	SERTRALINA 50 MG	Sertralina
39851	SUCRALFATO 1 G	Sucralfato
39852	SUCRALFATO 1 G	Sucralfato
39853	TACROLIMUS 0.03 % UNGUENTO	Tacrolimus
39854	TAMSULOSINA HCL 0.4 MG	Tamsulosina
39855	TAMSULOSINA TAMSUHEM 0.4 MG	Tamsulosina
39856	TAMSULOSINA CLORHIDRATO 0.4 MG	Tamsulosina
39857	TEOFILINA 80 MG / 15 ML	Teofilina
39858	TIMOLOL 0.5 %	Timolol
39859	TIOCOLCHICOSIDO 4 MG / 2 ML	Tiocolchicósido
39860	TIOCOLCHICOSIDO 4 MG / 2 ML	Tiocolchicósido
39861	TIOCOLCHICOSIDO IMP 4 MG / 2 ML	Tiocolchicósido
39862	TIZANIDINA 2 MG	Tizanidina
39863	TRIMEBUTINA MALEATO 200 MG	Trimebutina
39864	VALSARTAN 160 MG	Valsartán
39865	VALSARTAN 160 MG	Valsartán
39866	VALSARTAN HCT TABREC 80 MG	Valsartán; Hidroclorotiazida
39867	VALSARTAN 160 MG	Valsartán
39868	VILDAGLIPTINA 50 MG	Vildagliptina
39869	BITEX COMPLEJO VITAMINA B1 B2 B6 B12 NATURALIFES	Complejo Vitamina B1, B2, B6, B12
39870	VITAMINA MANDARINA TIRA TABLETA MASTICABLE UNIDADES 500 MG	Vitamina C
39871	VORICONAZOL 200 MG	Voriconazol
39872	ACETAMINOFEN 120 MG / 5 ML	Acetaminofén
39873	AZITROMICINA 500 MG	Azitromicina
39874	BISOPROLOL FUMARATO 1.25 MG	Bisoprolol
39875	BISOPROLOL FUMARATO 5 MG	Bisoprolol
39876	BISOPROLOL HCT 2.5 MG	Bisoprolol; Hidroclorotiazida
39877	ZYRTEC DICLORHIDRATO CETIRIZINA GSK FARMA 1 MG / 1 ML	Cetirizina
39878	CLARITROMICINA 500 MG	Claritromicina
39879	CLORURO MAGNES 25 G	Cloruro de Magnesio
39880	DICLOFENAC DIETILAMINO 1.16 % GEL	Diclofenac Dietilamino
39881	EMPAGLIFLOZINA 10 MG	Empagliflozina
39882	MONTELUKAST 10 MG	Montelukast
39883	HIDROCLOROTIAZIDA 12.5 MG	Hidroclorotiazida
39884	LOSARTAN POTASICO 100 MG	Losartán
39885	MELOXICAM 15 MG	Meloxicam
39886	METFORMINA CLORHIDRATO 850 MG	Metformina
39887	ACETAMINOFEN 650 MG	Acetaminofén
39888	MONTELUKAST 10 MG	Montelukast
39889	QUETIAPINA 100 MG	Quetiapina
39890	QUETIAPINA 25 MG	Quetiapina Hemifumarato
39891	QUETIAPINA 25 MG	Quetiapina
39892	CYNT SIMVASTATINA 20 MG	Simvastatina
39893	SALBUTAMOL INH 100 MCG	Salbutamol
39894	SALBUTAMOL INH 100 MCG	Salbutamol
39895	SERTRALINA 50 MG	Sertralina
39896	SULTAMICILINA 750 MG	Sultamicilina
39897	ALBENDAZOL 200 MG	Albendazol
39898	ANGIOFLUX 250LSU	(No se encontró información)
39899	AZITROMICINA 500 MG	Azitromicina
39900	BUDESONIDA 50 MCG / DOSIS	Budesonida
39901	HIOSCINA N-BUTILBROMURO 10 MG	Butilbromuro de Hioscina
39902	CLINDAMICINA 15 G GEL	Clindamicina
39903	CLORTALIDONA 12.5 MG	Clortalidona
39904	CLOTRIMAZOL VAG 20 G CREMA	Clotrimazol
39905	DAPAGLIFLOZINA 10 MG	Dapagliflozina
39906	DICLOFENAC SODICO 50 G GEL	Diclofenaco Sódico
39907	DYMAZOL CLOTRIMAZOL OVULOS VAGINAL 200 MG	Clotrimazol
39908	FLUCONAZOL 200 MG / 100 ML	Fluconazol
39909	GABAPENTINA 300 MG	Gabapentina
39910	GLUTAMINA VIT B12 X 60	Glutamina; Vitamina B12
39911	HIDROCORTISONA SODICO 500 MG	Hidrocortisona Sódico
39912	KETOPROFENO 2.5 % GEL	Ketoprofeno
39913	DALCITRIN MUPIROCINA UNGUENTO	Mupirocina
39914	OMEPRAZOL 40 MG	Omeprazol
39915	PENTOXIFILINA 400 MG	Pentoxifilina
39916	RANITIDINA 150 MG / 10 ML	Ranitidina
39917	DIOSMINA HESPER 450 MG	Diosmina; Hesperidina