id,sku,nombre_comercial,foto_url,activo
37291,ME36296,ABRETIA 10 mg X 10 CAPSULAS,https://mav.farmaciasaas.com/api/images/articulos/DISTRIBUCION/17769.jpg,true
37292,ME36437,ABRETIA 18 mg X 10 CAPSULAS,https://mav.farmaciasaas.com/api/images/articulos/DISTRIBUCION/17770.jpg,true
37293,ME36438,ABRETIA 25 mg X 20 CAPSULAS,https://mav.farmaciasaas.com/api/images/articulos/DISTRIBUCION/17768.jpg,true
37294,ME4629/3,ACIDO FOLICO 5 mg X 20 COMPRIMIDOS,https://mav.farmaciasaas.com/api/images/articulos/DISTRIBUCION/10751.jpg,true
37295,ME4629/4,ACIDO FOLICO 5 mg X 30 COMPRIMIDOS,https://mav.farmaciasaas.com/api/images/articulos/DISTRIBUCION/92955.jpg,true
37296,ME4629/2,ACIDO FOLICO 5 mg X 10 COMPRIMIDOS,https://mav.farmaciasaas.com/api/images/articulos/DISTRIBUCION/20331.jpg,true
37297,ME43837,ACIDO FOLICO 10 mg X 10 TABLETAS,https://mav.farmaciasaas.com/api/images/articulos/DISTRIBUCION/20330.jpg,true
37298,ME36224/2,ACIDO FOLICO 10 mg X 10 TABLETAS,https://mav.farmaciasaas.com/api/images/articulos/DISTRIBUCION/53779.jpg,true
37299,ME36224/3,ACIDO FOLICO 10 mg X 20 TABLETAS,https://mav.farmaciasaas.com/api/images/articulos/DISTRIBUCION/92858.jpg,true
37300,ME36224/4,ACIDO FOLICO 10 mg X 30 TABLETAS,https://mav.farmaciasaas.com/api/images/articulos/DISTRIBUCION/92857.jpg,true
37301,ME43836,ACIDO FOLICO 5 mg X 10 TABLETAS,https://mav.farmaciasaas.com/api/images/articulos/DISTRIBUCION/53280.jpg,true
37302,ME43094,ACIDO IBANDRONICO 150 mg X 1 TABLETAS RECUBIERTAS,https://mav.farmaciasaas.com/api/images/articulos/DISTRIBUCION/52763.jpg,true
37303,ME43992,ACIDO TRANEXAMICO 500 mg X 10 TABLETAS RECUBIERTAS,https://mav.farmaciasaas.com/api/images/articulos/DISTRIBUCION/53498.jpg,true
37305,ME23534,ACALIX 60 mg X 30 TABLETAS,https://mav.farmaciasaas.com/api/images/articulos/DISTRIBUCION/4986.jpg,true
37306,ME42665,ACECLOFENACO 100 mg X 10 TABLETAS RECUBIERTAS,https://mav.farmaciasaas.com/api/images/articulos/DISTRIBUCION/53399.jpg,true
37307,ME36867,ACETAB 250 mg X 20 TABLETAS,https://mav.farmaciasaas.com/api/images/articulos/DISTRIBUCION/90118.jpg,true
37308,ME33539,ACETAMINOFEN 500 X 10 COMPRIMIDOS,https://mav.farmaciasaas.com/api/images/articulos/DISTRIBUCION/23926.jpg,true
37309,ME43639/2,ACETAMINOFEN 650mg X 10 TABLETAS,https://mav.farmaciasaas.com/api/images/articulos/DISTRIBUCION/11552.jpg,true
37310,ME43639/3,ACETAMINOFEN 650mg X 20 TABLETAS,https://mav.farmaciasaas.com/api/images/articulos/DISTRIBUCION/22403.jpg,true
37311,ME43639/4,ACETAMINOFEN 650mg X 30 TABLETAS,https://mav.farmaciasaas.com/api/images/articulos/DISTRIBUCION/15591.jpg,true
37312,ME43707,ACETAMINOFEN 150 mg / 5 mL JARABE,https://pccentro.net.ve/img/s/1/8/1/9/5/18195-large_default.webp,true
37313,ME40083,ACETAMINOFEN 120 mg/5mL SOLUCION ORAL,https://mav.farmaciasaas.com/api/images/articulos/DISTRIBUCION/53087.jpg,true
37314,ME40084,ACETAMINOFEN 180 mg/5 mL SOLUCION ORAL,https://mav.farmaciasaas.com/api/images/articulos/DISTRIBUCION/14455.jpg,true
37315,ME42488,ACETAMINOFEN 180 mg / 5 mL SOLUCION ORAL,https://mav.farmaciasaas.com/api/images/articulos/DISTRIBUCION/51788.jpg,true
37316,ME25466/2,ACETAMINOFEN 500 mg X 10 COMPRIMIDOS,https://mav.farmaciasaas.com/api/images/articulos/DISTRIBUCION/53478.jpg,true
37317,ME25466/3,ACETAMINOFEN 500 mg X 30 COMPRIMIDOS,https://mav.farmaciasaas.com/api/images/articulos/DISTRIBUCION/30141.jpg,true
37318,ME31234,ACETAMINOFEN 500 mg X 10 TABLETAS,https://mav.farmaciasaas.com/api/images/articulos/DISTRIBUCION/2337.jpg,true
37319,ME23275/2,ACETAMINOFEN 500 mg X 10 TABLETAS,https://pccentro.net.ve/img/s/8/7/8/2/6/87826-large_default.webp,true
37320,ME23275/3,ACETAMINOFEN 500 mg X 12 TABLETAS,https://mav.farmaciasaas.com/api/images/articulos/DISTRIBUCION/22400.jpg,true
37321,ME23275/4,ACETAMINOFEN 500 mg X 24 TABLETAS,https://mav.farmaciasaas.com/api/images/articulos/DISTRIBUCION/22401.jpg,true
37323,ME37101/2,ACETAMINOFEN - HIOSCINA N BUTIL BROMURO 500 mg-10mg X 10 TABLETAS RE,https://mav.farmaciasaas.com/api/images/articulos/DISTRIBUCION/52423.jpg,true
37324,ME37095,ACETAMINOFEN 500 mg X 20 TABLETAS,https://mav.farmaciasaas.com/api/images/articulos/DISTRIBUCION/7537.jpg,true
37325,ME40713,ACETAMINOFEN - CLORFENIRAMINA 125 mg - 1mg / 5ml JARABE,https://mav.farmaciasaas.com/api/images/articulos/DISTRIBUCION/23925.jpg,true
37326,ME39115,"ACETAMINOFEN - TRAMADOL 325 mg - 37,5 mg X 10 COMPRIMIDOS",https://mav.farmaciasaas.com/api/images/articulos/DISTRIBUCION/99582.jpg,true
37327,ME34148/3,ACETAZOLAMIDA 250 mg X 20 TABLETAS,https://mav.farmaciasaas.com/api/images/articulos/DISTRIBUCION/53492.jpg,true
37328,ME34148/2,ACETAZOLAMIDA 250 mg X 10 TABLETAS,https://mav.farmaciasaas.com/api/images/articulos/DISTRIBUCION/53177.jpg,true
37329,ME24875,ACEVAL 100 mg/mL SOLUCION ORAL EN GOTAS,https://mav.farmaciasaas.com/api/images/articulos/DISTRIBUCION/4669.jpg,true
37330,ME42976,ACEVAL 180 mg / 5 mL SOLUCION ORAL,https://mav.farmaciasaas.com/api/images/articulos/DISTRIBUCION/22391.jpg,true
37331,ME30496/2,ACEVAL 650 mg X 10 TABLETAS,https://mav.farmaciasaas.com/api/images/articulos/DISTRIBUCION/646.jpg,true
37332,ME30496/3,ACEVAL 650 mg X 50 TABLETAS,https://mav.farmaciasaas.com/api/images/articulos/DISTRIBUCION/24308.jpg,true
37333,ME31082,ACICLOR 1 g X 10 COMPRIMIDOS A.P.,https://mav.farmaciasaas.com/api/images/articulos/DISTRIBUCION/3203.jpg,true
37334,ME24209,ACICLOR 5 % CREMA,https://mav.farmaciasaas.com/api/images/articulos/DISTRIBUCION/8876.jpg,true
37335,ME43512,ACICLOVIR CREMA 5 %,https://mav.farmaciasaas.com/api/images/articulos/DISTRIBUCION/98573.jpg,true
37336,HO40581,ACICLOVIR 250 mg POLVO LIOFILIZADO PARA SOLUCION INYECTABLE PARA INFUSION INTRAVENOSA,https://mav.farmaciasaas.com/api/images/articulos/DISTRIBUCION/51935.jpg,true
37338,ME28634,ACICLOR 200 mg / 5 mL POLVO PARA SUSPENSION,https://mav.farmaciasaas.com/api/images/articulos/DISTRIBUCION/51989.jpg,true
37339,ME26178/3,ACICLOVIR 200 mg X 20 TABLETAS,https://mav.farmaciasaas.com/api/images/articulos/DISTRIBUCION/29551.jpg,true
37340,ME26178/2,ACICLOVIR 200 mg X 10 TABLETAS,https://pccentro.net.ve/img/s/8/3/7/6/5/83765-large_default.webp,true
37341,ME26178/4,ACICLOVIR 200 mg X 24 TABLETAS,https://mav.farmaciasaas.com/api/images/articulos/DISTRIBUCION/7859.jpg,true
37342,ME31108,ACICLOVIR 200 mg X 25 TABLETAS,https://mav.farmaciasaas.com/api/images/articulos/DISTRIBUCION/11560.jpg,true
37345,ME34553/2,ACIDO ACETILSALICILICO 81 mg X 24 TABLETAS CON CUBIERTA ENTERICA,https://mav.farmaciasaas.com/api/images/articulos/DISTRIBUCION/7271.jpg,true
37347,HO44464,ACIDO ASCORBICO 500 mg / 5 mL SOLUCIÓN INYECTABLE,https://mav.farmaciasaas.com/api/images/articulos/DISTRIBUCION/23088.jpg,true
37350,HO3187/3,ACIDO FOLICO 10 mg / mL X 10 AMPOLLAS,https://mav.farmaciasaas.com/api/images/articulos/DISTRIBUCION/22846.jpg,true
37351,HO3187/2,ACIDO FOLICO 10 mg / mL X 3 AMPOLLAS,https://mav.farmaciasaas.com/api/images/articulos/DISTRIBUCION/20.jpg,true
37352,HO3187/4,ACIDO FOLICO 10 mg / mL X 20 AMPOLLAS,https://pccentro.net.ve/img/s/7/7/6/9/5/77695-large_default.webp,true
37353,ME33347,ACIDO FOLICO 10 mg COMPRIMIDOS,https://pccentro.net.ve/img/s/9/6/0/9/0/96090-large_default.webp,true
37354,ME4630/3,ACIDO FOLICO 10 mg X 20 COMPRIMIDOS,https://mav.farmaciasaas.com/api/images/articulos/DISTRIBUCION/24.jpg,true
37355,ME4630/4,ACIDO FOLICO 10 mg X 30 COMPRIMIDOS,https://mav.farmaciasaas.com/api/images/articulos/DISTRIBUCION/90738.jpg,true
37356,ME4630/2,ACIDO FOLICO 10 mg X 10 COMPRIMIDOS,https://pccentro.net.ve/img/s/9/6/0/9/0/96090-large_default.webp,true
37357,ME38298,ACIDO FOLICO 10 mg X 30 COMPRIMIDOS,https://mav.farmaciasaas.com/api/images/articulos/DISTRIBUCION/98454.jpg,true
37358,ME4631,ACIDO FOLICO 10 mg / mL SOLUCION ORAL,https://mav.farmaciasaas.com/api/images/articulos/DISTRIBUCION/25.jpg,true
37359,ME33559,ACIDO FOLICO 10 mg X 30 TABLETAS,https://mav.farmaciasaas.com/api/images/articulos/DISTRIBUCION/29544.jpg,true
37360,ME36039,ACIDO FOLICO 5 mg X 30 TABLETAS,https://mav.farmaciasaas.com/api/images/articulos/DISTRIBUCION/23782.jpg,true
37362,ME43542,ACIDO MEFENAMICO 500 mg X 10 TABLETAS,https://mav.farmaciasaas.com/api/images/articulos/DISTRIBUCION/28706.jpg,true
37363,ME23174/2,VALPRON 500 mg X 10 TABLETAS,https://mav.farmaciasaas.com/api/images/articulos/DISTRIBUCION/51480.jpg,true
37364,ME23174/3,VALPRON 500 mg X 30 TABLETAS,https://mav.farmaciasaas.com/api/images/articulos/DISTRIBUCION/5235.jpg,true
37365,ME23174/4,VALPRON 500 mg X 60 TABLETAS,https://pccentro.net.ve/img/s/7/1/6/1/7/71617-large_default.webp,true
37367,ME44457,"ACTUMIR DUO 12,5mg-850mg X 30 TABLETAS RECUBIERTAS",https://mav.farmaciasaas.com/api/images/articulos/DISTRIBUCION/53556.jpg,true
37368,ME43334,"ADAPALENO - CLINDAMICINA 0,1 % - 1 % GEL",https://mav.farmaciasaas.com/api/images/articulos/DISTRIBUCION/53398.jpg,true
37369,HO34745,ADRENALINA 1 mg / mL X 5 AMPOLLAS,https://mav.farmaciasaas.com/api/images/articulos/DISTRIBUCION/52500.jpg,true
37370,ME36828/2,AFLAMAX 50 mg X 10 TABLETAS RECUBIERTAS,https://mav.farmaciasaas.com/api/images/articulos/DISTRIBUCION/19583.jpg,true
37371,ME36828/3,AFLAMAX 50 mg X 20 TABLETAS RECUBIERTAS,https://mav.farmaciasaas.com/api/images/articulos/DISTRIBUCION/92341.jpg,true
37372,ME27634,AFOKLIN 5 mg X 20 COMPRIMIDOS,https://mav.farmaciasaas.com/api/images/articulos/DISTRIBUCION/778.jpg,true
37373,ME27414,AFOKLIN 10 mg / mL SOLUCION ORAL,https://mav.farmaciasaas.com/api/images/articulos/DISTRIBUCION/779.jpg,true
37374,HO32804,AGUA BIDESTILADA INYECTABLE,https://mav.farmaciasaas.com/api/images/articulos/DISTRIBUCION/8346.jpg,true
37375,HO1694,AGUA DESTILADA ESTERIL SOLUCION INYECTABLE,https://mav.farmaciasaas.com/api/images/articulos/DISTRIBUCION/51147.jpg,true
37376,ME43879,"AIRCOF PLUS 5 mg - 2,5 mg X 30 TABLETAS MASTICABLES",https://mav.farmaciasaas.com/api/images/articulos/DISTRIBUCION/53225.jpg,true
37377,ME43889,AIRCOF 10 mg X 30 TABLETAS MASTICABLES,https://mav.farmaciasaas.com/api/images/articulos/DISTRIBUCION/53060.jpg,true
37378,ME20628,"AIRFEN 0,05 % SOLUCION NASAL",https://mav.farmaciasaas.com/api/images/articulos/DISTRIBUCION/4339.jpg,true
37379,ME33783/3,AIRON 10 mg X 30 TABLETAS RECUBIERTAS,https://mav.farmaciasaas.com/api/images/articulos/DISTRIBUCION/5930.jpg,true
37380,ME33783/2,AIRON 10 mg X 10 TABLETAS RECUBIERTAS,https://pccentro.net.ve/img/s/7/5/8/6/9/75869-large_default.webp,true
37381,ME43288,ALBENDAZOL 400 mg X 10 TABLETAS MASTICABLES,https://mav.farmaciasaas.com/api/images/articulos/DISTRIBUCION/52550.jpg,true
37383,ME40605/2,ALBENDAZOL 200 mg X 2 COMPRIMIDOS,https://mav.farmaciasaas.com/api/images/articulos/DISTRIBUCION/9575.jpg,true
37384,ME40605/3,ALBENDAZOL 200 mg X 6 COMPRIMIDOS,https://mav.farmaciasaas.com/api/images/articulos/DISTRIBUCION/1526.jpg,true
37385,ME34122/2,ALBENDAZOL 200 mg X 2 TABLETAS,https://mav.farmaciasaas.com/api/images/articulos/DISTRIBUCION/17968.jpg,true
37386,ME34122/3,ALBENDAZOL 200 mg X 6 TABLETAS,https://mav.farmaciasaas.com/api/images/articulos/DISTRIBUCION/20302.jpg,true
37387,ME35827,ALBENDAZOL 200 mg X 6 TABLETAS MASTICABLES,https://mav.farmaciasaas.com/api/images/articulos/DISTRIBUCION/94917.jpg,true
37389,ME27447/2,ALBICAR 200 mg X 2 TABLETAS,https://mav.farmaciasaas.com/api/images/articulos/DISTRIBUCION/9807.jpg,true
37390,ME27447/3,ALBICAR 200 mg X 6 TABLETAS,https://mav.farmaciasaas.com/api/images/articulos/DISTRIBUCION/9782.jpg,true
37391,ME32131,ALENDRONATO SODICO 70 mg X 4 COMPRIMIDOS,https://mav.farmaciasaas.com/api/images/articulos/DISTRIBUCION/50383.jpg,true
37392,ME43312,ALENTIK 70 mg X 4 TABLETAS,https://mav.farmaciasaas.com/api/images/articulos/DISTRIBUCION/50731.jpg,true
37393,ME33876,"ALERGOT 0,05 % SOLUCION OFTALMICA",https://pccentro.net.ve/img/s/7/5/5/3/8/75538-large_default.webp,true
37394,ME35409,"ALFADYN 0,2 % SOLUCION OFTALMICA",https://pccentro.net.ve/img/s/7/5/4/9/5/75495-large_default.webp,true
37395,ME42912,ALGIOL 5 mg X 30 COMPRIMIDOS RECUBIERTOS,https://mav.farmaciasaas.com/api/images/articulos/DISTRIBUCION/23948.jpg,true
37396,ME16713,ALGOREN 10 mg X 20 TABLETAS,https://mav.farmaciasaas.com/api/images/articulos/DISTRIBUCION/104.jpg,true
37397,ME34716,ALIPAL FORTE DIA 650 mg - 32 mg - 4 mg X 12 CAPSULAS,https://mav.farmaciasaas.com/api/images/articulos/DISTRIBUCION/53530.jpg,true
37398,ME34933,AMITAFEN FORTE 650 mg X 10 TABLETAS,https://mav.farmaciasaas.com/api/images/articulos/DISTRIBUCION/94308.jpg,true
37400,ME44004,ALOPURINOL 100 mg X 30 TABLETAS,https://mav.farmaciasaas.com/api/images/articulos/DISTRIBUCION/21363.jpg,true
37401,ME33170,"ALPRAM 0,5 mg X 30 TABLETAS",https://mav.farmaciasaas.com/api/images/articulos/DISTRIBUCION/5177.jpg,true
37402,ME33214,ALPRAM 1 mg X 30 TABLETAS,https://mav.farmaciasaas.com/api/images/articulos/DISTRIBUCION/5184.jpg,true
37403,ME33171,ALPRAM 2 mg X 30 TABLETAS,https://mav.farmaciasaas.com/api/images/articulos/DISTRIBUCION/5185.jpg,true
37404,ME28860,"ALPRAZOLAM 0,5 mg X 30 TABLETAS",https://mav.farmaciasaas.com/api/images/articulos/DISTRIBUCION/10378.jpg,true
37405,ME28861,ALPRAZOLAM 1 mg X 30 TABLETAS,https://mav.farmaciasaas.com/api/images/articulos/DISTRIBUCION/10377.jpg,true
37406,ME39231,ALPRAZOLAM 2 mg X 30 TABLETAS,https://mav.farmaciasaas.com/api/images/articulos/DISTRIBUCION/97351.jpg,true
37407,ME33085/2,ALSART 160 mg X 10 CAPSULAS,https://mav.farmaciasaas.com/api/images/articulos/DISTRIBUCION/20787.jpg,true
37408,ME33085/3,ALSART 160 mg X 30 CAPSULAS,https://pccentro.net.ve/img/s/5/4/4/8/8/54488-large_default.webp,true
37409,ME33084/2,ALSART 80 mg X 10 CAPSULAS,https://mav.farmaciasaas.com/api/images/articulos/DISTRIBUCION/20332.jpg,true
37410,ME33084/3,ALSART 80 mg X 30 CAPSULAS,https://mav.farmaciasaas.com/api/images/articulos/DISTRIBUCION/20333.jpg,true
37411,ME41242,ALURON 300 mg X 20 COMPRIMIDOS,https://mav.farmaciasaas.com/api/images/articulos/DISTRIBUCION/13540.jpg,true
37412,ME16002,ALURON 100 mg X 30 TABLETAS,https://mav.farmaciasaas.com/api/images/articulos/DISTRIBUCION/119.jpg,true
37413,ME44324,AMANIRIS 81 mg X 30 COMPRIMIDOS CON CUBIERTA ENTERICA,https://mav.farmaciasaas.com/api/images/articulos/DISTRIBUCION/29745.jpg,true
37414,ME28493,AMBROXOL CLORHIDRATO 30 mg / 5 mL JARABE,https://pccentro.net.ve/img/s/7/4/8/1/5/74815-large_default.webp,true
37417,ME37587,AMBROXOL CLORHIDRATO - LORATADINA 30 mg - 5 mg / 5 mL JARABE,https://mav.farmaciasaas.com/api/images/articulos/DISTRIBUCION/26230.jpg,true
37418,HO23247,AMIKACINA 500 mg / 2 mL X 1 AMPOLLAS,https://mav.farmaciasaas.com/api/images/articulos/DISTRIBUCION/10090.jpg,true
37419,HO24946,AMIKACINA 500 mg/2mL X 1 AMPOLLAS,https://mav.farmaciasaas.com/api/images/articulos/DISTRIBUCION/27450.jpg,true
37420,HO26424,AMIKACINA 100 mg / 2 mL X 10 AMPOLLAS,https://mav.farmaciasaas.com/api/images/articulos/DISTRIBUCION/53493.jpg,true
37421,ME31452,AMIODARONA CLORHIDRATO 200 mg X 10 COMPRIMIDOS,https://mav.farmaciasaas.com/api/images/articulos/DISTRIBUCION/3505.jpg,true
37422,ME32403,AMIODARONA CLORHIDRATO 200 mg X 10 TABLETAS,https://mav.farmaciasaas.com/api/images/articulos/DISTRIBUCION/4602.jpg,true
37423,ME30206/3,AMLODIPINA 10 mg X 30 COMPRIMIDOS,https://mav.farmaciasaas.com/api/images/articulos/DISTRIBUCION/97973.jpg,true
37424,ME30206/4,AMLODIPINA 10 mg X 60 COMPRIMIDOS,https://mav.farmaciasaas.com/api/images/articulos/DISTRIBUCION/20112.jpg,true
37425,ME30206/2,AMLODIPINA 10 mg X 10 COMPRIMIDOS,https://mav.farmaciasaas.com/api/images/articulos/DISTRIBUCION/2419.jpg,true
37426,ME38145,AMLODIPINA 5 mg X 30 COMPRIMIDOS,https://mav.farmaciasaas.com/api/images/articulos/DISTRIBUCION/9206.jpg,true
37427,ME32016/2,AMLODIPINA 10 mg X 10 TABLETAS,https://pccentro.net.ve/img/s/1/8/1/9/3/18193-large_default.webp,true
37428,ME32016/3,AMLODIPINA 10 mg X 30 TABLETAS,https://mav.farmaciasaas.com/api/images/articulos/DISTRIBUCION/12054.jpg,true
37429,ME39126/2,AMLODIPINA 10 mg X 20 TABLETAS,https://mav.farmaciasaas.com/api/images/articulos/DISTRIBUCION/92638.jpg,true
37430,ME39126/3,AMLODIPINA 10 mg X 30 TABLETAS,https://mav.farmaciasaas.com/api/images/articulos/DISTRIBUCION/53795.jpg,true
37431,ME28705/2,AMLODIPINA 5 mg X 10 TABLETAS,https://mav.farmaciasaas.com/api/images/articulos/DISTRIBUCION/2417.jpg,true
37432,ME28705/3,AMLODIPINA 5 mg X 30 TABLETAS,https://mav.farmaciasaas.com/api/images/articulos/DISTRIBUCION/10982.jpg,true
37433,ME31230,AMLODIPINA 5 mg X 30 TABLETAS,https://mav.farmaciasaas.com/api/images/articulos/DISTRIBUCION/12027.jpg,true
37434,ME40038,AMLODIPINA - VALSARTAN 5 mg - 160 mg X 30 COMPRIMIDOS RECUBIERTOS,https://mav.farmaciasaas.com/api/images/articulos/DISTRIBUCION/27732.jpg,true
37438,ME43040,AMOXICILINA 500 mg X 10 CAPSULAS,https://mav.farmaciasaas.com/api/images/articulos/DISTRIBUCION/53253.jpg,true
37439,ME44669,AMOXICILINA - ACIDO CLAVULANICO 500 mg - 125 mg X 10 TABLETAS RECUBIERTAS,https://mav.farmaciasaas.com/api/images/articulos/DISTRIBUCION/53232.jpg,true
37440,ME20340/3,AMOXICILINA 500 mg X 10 CAPSULAS,https://mav.farmaciasaas.com/api/images/articulos/DISTRIBUCION/52727.jpg,true
37441,ME20340/4,AMOXICILINA 500 mg X 12 CAPSULAS,https://pccentro.net.ve/img/s/8/0/3/7/3/80373-large_default.webp,true
37442,ME20340/2,AMOXICILINA 500 mg X 6 CAPSULAS,https://mav.farmaciasaas.com/api/images/articulos/DISTRIBUCION/5265.jpg,true
37443,ME26817,AMOXICILINA 500 mg X 12 CAPSULAS,https://mav.farmaciasaas.com/api/images/articulos/DISTRIBUCION/25978.jpg,true
37444,ME35002,AMOXICILINA 250 mg / 5 ml POLVO PARA SUSPENSION ORAL,https://mav.farmaciasaas.com/api/images/articulos/DISTRIBUCION/51378.jpg,true
37446,ME23745,AMOXICILINA 125 mg / 5 mL SUSPENSION,https://mav.farmaciasaas.com/api/images/articulos/DISTRIBUCION/26127.jpg,true
37448,ME32409,AMOXICILINA - ACIDO CLAVULANICO 875 mg - 125 mg COMPRIMIDOS,https://mav.farmaciasaas.com/api/images/articulos/DISTRIBUCION/51479.jpg,true
37449,ME31313,AMOXIDUO 875 mg X 14 COMPRIMIDOS RECUBIERTOS,https://mav.farmaciasaas.com/api/images/articulos/DISTRIBUCION/1481.jpg,true
37450,ME21824,AMOXIVAL 500 mg X 12 CAPSULAS,https://mav.farmaciasaas.com/api/images/articulos/DISTRIBUCION/5739.jpg,true
37451,ME37262,AMOXIVAL 750 ml / 5 mL POLVO PARA SUSPENSION ORAL,https://mav.farmaciasaas.com/api/images/articulos/DISTRIBUCION/90776.jpg,true
37452,ME22089,AMOXIVAL 250 mg / 5 mL POLVO PARA SUSPENSION ORAL,https://mav.farmaciasaas.com/api/images/articulos/DISTRIBUCION/9638.jpg,true
37453,ME40054,AMOXIVAL 875 mg X 20 TABLETAS RECUBIERTAS,https://mav.farmaciasaas.com/api/images/articulos/DISTRIBUCION/98747.jpg,true
37454,ME24809,AMPICILINA 250 mg/5mL POLVO PARA SUSPENSION ORAL,https://mav.farmaciasaas.com/api/images/articulos/DISTRIBUCION/3301.jpg,true
37455,ME43076,AMPLIDER 50 mg X 10 CAPSULAS BLANDAS,https://mav.farmaciasaas.com/api/images/articulos/DISTRIBUCION/28394.jpg,true
37457,ME40477,ANANTY FORTE 160 mg / 5 mL SUSPENSION,https://mav.farmaciasaas.com/api/images/articulos/DISTRIBUCION/24237.jpg,true
37458,ME38820,ANANTY 120 mg / 5 mL SUSPENSION,https://mav.farmaciasaas.com/api/images/articulos/DISTRIBUCION/6865.jpg,true
37459,ME42977,ANANTY 650 mg X 10 TABLETAS,https://mav.farmaciasaas.com/api/images/articulos/DISTRIBUCION/6868.jpg,true
37460,ME44118,ANAPIRFLEX 600 mg – 4 mg X 10 TABLETAS RECUBIERTAS,https://mav.farmaciasaas.com/api/images/articulos/DISTRIBUCION/29669.jpg,true
37461,ME24592/2,ANASMOL 5 mg X 10 COMPRIMIDOS,https://pccentro.net.ve/img/s/1/8/6/5/4/18654-large_default.webp,true
37462,ME24592/3,ANASMOL 5 mg X 30 COMPRIMIDOS,https://mav.farmaciasaas.com/api/images/articulos/DISTRIBUCION/95473.jpg,true
37463,ME42609,ANASTROZOL 1 mg X 30 TABLETAS RECUBIERTAS,https://mav.farmaciasaas.com/api/images/articulos/DISTRIBUCION/26476.jpg,true
37464,ME31329/3,ANGRIP X 8 COMPRIMIDOS,https://mav.farmaciasaas.com/api/images/articulos/DISTRIBUCION/22591.jpg,true
37465,ME31329/2,ANGRIP X 4 COMPRIMIDOS,https://mav.farmaciasaas.com/api/images/articulos/DISTRIBUCION/23940.jpg,true
37467,ME30811,"ANSILAN 0,5 mg X 30 COMPRIMIDOS RECUBIERTOS",https://mav.farmaciasaas.com/api/images/articulos/DISTRIBUCION/1297.jpg,true
37468,ME30871,ANSILAN 1 mg X 30 COMPRIMIDOS RECUBIERTOS,https://mav.farmaciasaas.com/api/images/articulos/DISTRIBUCION/1298.jpg,true
37469,ME41688,ANSILAN 2 mg X 30 COMPRIMIDOS RECUBIERTOS,https://mav.farmaciasaas.com/api/images/articulos/DISTRIBUCION/16881.jpg,true
37470,ME43410/3,"ANTAAR 1,25 mg X 30 TABLETAS RECUBIERTAS",https://mav.farmaciasaas.com/api/images/articulos/DISTRIBUCION/29562.jpg,true
37472,ME39619,ANTAAR 10 mg X 30 TABLETAS RECUBIERTAS,https://mav.farmaciasaas.com/api/images/articulos/DISTRIBUCION/17094.jpg,true
37473,ME40192,ANTIFOM 160 mg X 10 COMPRIMIDOS RECUBIERTOS,https://mav.farmaciasaas.com/api/images/articulos/DISTRIBUCION/23430.jpg,true
37475,ME43225,APIRET FORTE 650 mg X 10 TABLETAS,https://mav.farmaciasaas.com/api/images/articulos/DISTRIBUCION/50410.jpg,true
37478,ME43224,APIRET 500 mg X 10 TABLETAS,https://mav.farmaciasaas.com/api/images/articulos/DISTRIBUCION/28791.jpg,true
37480,ME44489,"APITENA 2,5 mg X 30 COMPRIMIDOS RECUBIERTOS",https://mav.farmaciasaas.com/api/images/articulos/DISTRIBUCION/30329.jpg,true
37481,ME43847,APIBLOTAN 5mg X 60 TABLETAS RECUBIERTAS,https://mav.farmaciasaas.com/api/images/articulos/DISTRIBUCION/51774.jpg,true
37482,ME42366/3,APLACAL 750 mg X 80 TABLETAS MASTICABLES SABOR A BANANA,https://mav.farmaciasaas.com/api/images/articulos/DISTRIBUCION/53180.jpg,true
37483,ME42366/2,APLACAL 750 mg X 10 TABLETAS MASTICABLES SABOR A BANANA,https://mav.farmaciasaas.com/api/images/articulos/DISTRIBUCION/21594.jpg,true
37484,ME43975,APLEXIL 550 mg X 10 TABLETAS RECUBIERTAS,https://mav.farmaciasaas.com/api/images/articulos/DISTRIBUCION/53335.jpg,true
37485,ME37211/2,"ARANDA 2,5 mg - 50 mg X 10 CAPSULAS",https://mav.farmaciasaas.com/api/images/articulos/DISTRIBUCION/27227.jpg,true
37486,ME37211/3,"ARANDA 2,5 mg - 50 mg X 30 CAPSULAS",https://pccentro.net.ve/img/s/7/5/0/7/6/75076-large_default.webp,true
37487,ME37212,ARANDA 5 mg - 100 mg X 10 CAPSULAS,https://pccentro.net.ve/img/s/7/8/3/6/0/78360-large_default.webp,true
37488,ME41482,ARCOVAL 60 mg X 10 TABLETAS RECUBIERTAS,https://mav.farmaciasaas.com/api/images/articulos/DISTRIBUCION/52031.jpg,true
37489,ME41483,ARCOVAL 90 mg X 10 TABLETAS RECUBIERTAS,https://mav.farmaciasaas.com/api/images/articulos/DISTRIBUCION/52032.jpg,true
37490,ME40810/3,ARESAN 20 mg X 30 TABLETAS RECUBIERTAS,https://mav.farmaciasaas.com/api/images/articulos/DISTRIBUCION/22093.jpg,true
37491,ME40810/2,ARESAN 20 mg X 10 TABLETAS RECUBIERTAS,https://mav.farmaciasaas.com/api/images/articulos/DISTRIBUCION/51009.jpg,true
37492,ME23768,ARTENOLOL 100 mg X 30 TABLETAS,https://mav.farmaciasaas.com/api/images/articulos/DISTRIBUCION/19753.jpg,true
37493,ME41487/2,ARUDIL 15 mg X 10 TABLETAS RECUBIERTAS,https://mav.farmaciasaas.com/api/images/articulos/DISTRIBUCION/19965.jpg,true
37494,ME41487/3,ARUDIL 15 mg X 30 TABLETAS RECUBIERTAS,https://mav.farmaciasaas.com/api/images/articulos/DISTRIBUCION/19966.jpg,true
37495,ME41488/2,ARUDIL 20 mg X 10 TABLETAS RECUBIERTAS,https://mav.farmaciasaas.com/api/images/articulos/DISTRIBUCION/19058.jpg,true
37496,ME41488/3,ARUDIL 20 mg X 30 TABLETAS RECUBIERTAS,https://mav.farmaciasaas.com/api/images/articulos/DISTRIBUCION/19059.jpg,true
37497,ME32453/3,ASAPROL 81 mg X 100 COMPRIMIDOS ENTERICOS,https://mav.farmaciasaas.com/api/images/articulos/DISTRIBUCION/9092.jpg,true
37498,ME32453/2,ASAPROL 81 mg X 40 COMPRIMIDOS ENTERICOS,https://mav.farmaciasaas.com/api/images/articulos/DISTRIBUCION/99232.jpg,true
37499,ME42249,ASARAP 10 mg X 30 COMPRIMIDOS RECUBIERTOS,https://mav.farmaciasaas.com/api/images/articulos/DISTRIBUCION/30076.jpg,true
37500,ME42248,ASARAP 15 mg X 30 COMPRIMIDOS RECUBIERTOS,https://mav.farmaciasaas.com/api/images/articulos/DISTRIBUCION/30307.jpg,true
37501,ME42294,ASARAP 20 mg X 30 COMPRIMIDOS RECUBIERTOS,https://mav.farmaciasaas.com/api/images/articulos/DISTRIBUCION/50067.jpg,true
37502,ME31150,ASCAFYL PLUS X 10 TABLETAS RECUBIERTAS,https://pccentro.net.ve/img/s/2/1/1/0/1/21101-large_default.webp,true
37503,ME17492,ASCAFYL X 10 TABLETAS RECUBIERTAS,https://pccentro.net.ve/img/s/2/1/1/0/1/21101-large_default.webp,true
37504,ME38676/2,ASPRINIL 81 mg X 40 TABLETAS CON RECUBRIMIENTO ENTERICO,https://mav.farmaciasaas.com/api/images/articulos/DISTRIBUCION/53383.jpg,true
37505,ME38676/3,ASPRINIL 81 mg X 100 TABLETAS CON RECUBRIMIENTO ENTERICO,https://mav.farmaciasaas.com/api/images/articulos/DISTRIBUCION/51425.jpg,true
37506,ME43710,"ASTRIMOL 2,5 mg X 30 TABLETAS RECUBIERTAS",https://mav.farmaciasaas.com/api/images/articulos/DISTRIBUCION/53167.jpg,true
37507,ME33008,ATAMEL FORTE 650 mg X 10 TABLETAS,https://mav.farmaciasaas.com/api/images/articulos/DISTRIBUCION/3689.jpg,true
37508,ME19621/2,ATAMEL 500 mg X 10 TABLETAS,https://pccentro.net.ve/img/s/8/7/8/2/6/87826-large_default.webp,true
37509,ME19621/3,ATAMEL 500 mg X 20 TABLETAS,https://mav.farmaciasaas.com/api/images/articulos/DISTRIBUCION/3692.jpg,true
37510,ME43445,ATAPEC 100 mg X 30 TABLETAS RECUBIERTAS,https://mav.farmaciasaas.com/api/images/articulos/DISTRIBUCION/25050.jpg,true
37511,ME42297,ATENOLOL 100 mg X 30 COMPRIMIDOS,https://mav.farmaciasaas.com/api/images/articulos/DISTRIBUCION/25093.jpg,true
37512,ME25816,ATENOLOL 100 mg X 30 TABLETAS,https://pccentro.net.ve/img/s/2/3/7/6/5/23765-large_default.webp,true
37513,ME25817,ATENOLOL 50 mg X 30 TABLETAS,https://mav.farmaciasaas.com/api/images/articulos/DISTRIBUCION/23700.jpg,true
37514,ME25982,ATENOLOL 50 mg X 30 COMPRIMIDOS,https://mav.farmaciasaas.com/api/images/articulos/DISTRIBUCION/3028.jpg,true
37515,ME39468/2,ATORVACOF 20 mg X 14 TABLETAS RECUBIERTAS,https://mav.farmaciasaas.com/api/images/articulos/DISTRIBUCION/98600.jpg,true
37516,ME39468/3,ATORVACOF 20 mg X 30 TABLETAS RECUBIERTAS,https://pccentro.net.ve/img/s/3/4/7/9/7/34797-large_default.webp,true
37517,ME32690/2,ATORVASTATINA 20 mg X 10 COMPRIMIDOS RECUBIERTOS,https://mav.farmaciasaas.com/api/images/articulos/DISTRIBUCION/4070.jpg,true
37518,ME32690/3,ATORVASTATINA 20 mg X 14 COMPRIMIDOS RECUBIERTOS,https://mav.farmaciasaas.com/api/images/articulos/DISTRIBUCION/11565.jpg,true
37519,ME32690/4,ATORVASTATINA 20 mg X 30 COMPRIMIDOS RECUBIERTOS,https://mav.farmaciasaas.com/api/images/articulos/DISTRIBUCION/97977.jpg,true
37520,ME35911,ATORVASTATINA 40 mg X 30 COMPRIMIDOS RECUBIERTOS,https://mav.farmaciasaas.com/api/images/articulos/DISTRIBUCION/98292.jpg,true
37521,ME36444,ATORVASTATINA 20 mg X 30 TABLETAS RECUBIERTAS,https://mav.farmaciasaas.com/api/images/articulos/DISTRIBUCION/51293.jpg,true
37522,ME37775,ATORVASTATINA 20 mg X 30 TABLETAS RECUBIERTAS,https://mav.farmaciasaas.com/api/images/articulos/DISTRIBUCION/23795.jpg,true
37523,ME35340/3,ATORVASTATINA 40 mg X 30 TABLETAS RECUBIERTAS,https://pccentro.net.ve/img/s/2/3/7/2/1/23721-large_default.webp,true
37524,ME35340/2,ATORVASTATINA 40 mg X 14 TABLETAS RECUBIERTAS,https://mav.farmaciasaas.com/api/images/articulos/DISTRIBUCION/91726.jpg,true
37525,ME32812,ATORVASTATINA 20 mg X 30 TABLETAS RECUBIERTAS,https://pccentro.net.ve/img/s/3/4/7/9/7/34797-large_default.webp,true
37526,ME30954,ATRIMON 10 mg X 10 COMPRIMIDOS,https://mav.farmaciasaas.com/api/images/articulos/DISTRIBUCION/527.jpg,true
37527,ME40958,ATROBEL 10 mg / mL SOLUCION GOTAS REFORMULADO,https://mav.farmaciasaas.com/api/images/articulos/DISTRIBUCION/22695.jpg,true
37528,HO35376,ATROPINA SULFATO 1 mg / mL X 10 AMPOLLAS,https://mav.farmaciasaas.com/api/images/articulos/DISTRIBUCION/51937.jpg,true
37529,ME36259,ATROVERAN 10mg/mL X 10 SOLUCION GOTAS,https://mav.farmaciasaas.com/api/images/articulos/DISTRIBUCION/25310.jpg,true
37530,ME44345,ATROVERAN FEM 10mg-200mg X 10 COMPRIMIDOS RECUBIERTOS,https://mav.farmaciasaas.com/api/images/articulos/DISTRIBUCION/54524.jpg,true
37531,ME25538,AUGMENTIN 500 mg - 125 mg TABLETAS RECUBIERTAS,https://mav.farmaciasaas.com/api/images/articulos/DISTRIBUCION/9781.jpg,true
37532,ME29902,AUGMENTIN BID 875 mg - 125 mg TABLETAS RECUBIERTAS,https://mav.farmaciasaas.com/api/images/articulos/DISTRIBUCION/92934.jpg,true
37533,ME42005,AUPREL 90 mg X 20 COMPRIMIDOS RECUBIERTOS,https://mav.farmaciasaas.com/api/images/articulos/DISTRIBUCION/28697.jpg,true
37534,ME30878,AVELOX 400 mg X 5 COMPRIMIDOS RECUBIERTOS,https://mav.farmaciasaas.com/api/images/articulos/DISTRIBUCION/11301.jpg,true
37535,ME34732,"AVODART 0,5 mg CAPSULAS BLANDAS",https://mav.farmaciasaas.com/api/images/articulos/DISTRIBUCION/10278.jpg,true
37536,ME33902,AXOKINE 400 mg X 5 COMPRIMIDOS RECUBIERTOS,https://mav.farmaciasaas.com/api/images/articulos/DISTRIBUCION/90556.jpg,true
37537,ME33685/2,AZACARD 81 mg X 30 TABLETAS CON CUBIERTA ENTERICA,https://mav.farmaciasaas.com/api/images/articulos/DISTRIBUCION/4756.jpg,true
37538,ME33685/3,AZACARD 81 mg X 60 TABLETAS CON CUBIERTA ENTERICA,https://mav.farmaciasaas.com/api/images/articulos/DISTRIBUCION/4694.jpg,true
37539,ME33685/4,AZACARD 81 mg X 100 TABLETAS CON CUBIERTA ENTERICA,https://mav.farmaciasaas.com/api/images/articulos/DISTRIBUCION/53427.jpg,true
37540,ME36378/2,AZIMAKROL 1 g X 2 COMPRIMIDOS RECUBIERTOS,https://mav.farmaciasaas.com/api/images/articulos/DISTRIBUCION/91098.jpg,true
37541,ME36378/3,AZIMAKROL 1 g X 5 COMPRIMIDOS RECUBIERTOS,https://mav.farmaciasaas.com/api/images/articulos/DISTRIBUCION/54042.jpg,true
37542,ME36516/2,AZITRODEX 500 mg X 3 TABLETAS RECUBIERTAS,https://mav.farmaciasaas.com/api/images/articulos/DISTRIBUCION/92796.jpg,true
37543,ME36516/3,AZITRODEX 500 mg X 5 TABLETAS RECUBIERTAS,https://mav.farmaciasaas.com/api/images/articulos/DISTRIBUCION/94416.jpg,true
37544,ME31564/3,AZITROMICINA 500mg X 5 COMPRIMIDOS RECUBIERTOS,https://mav.farmaciasaas.com/api/images/articulos/DISTRIBUCION/6090.jpg,true
37545,ME31564/2,AZITROMICINA 500mg X 3 COMPRIMIDOS RECUBIERTOS,https://mav.farmaciasaas.com/api/images/articulos/DISTRIBUCION/11009.jpg,true
37546,ME42509,AZITROMICINA 200 mg / 5 mL SUSPENSION ORAL,https://mav.farmaciasaas.com/api/images/articulos/DISTRIBUCION/2377.jpg,true
37547,ME42465,AZITROMICINA 500 mg X 5 TABLETAS RECUBIERTAS,https://mav.farmaciasaas.com/api/images/articulos/DISTRIBUCION/20504.jpg,true
37549,ME1645,BACITRACINA 125 mg/ 15 g UNGUENTO,https://pccentro.net.ve/img/s/7/3/6/4/5/73645-large_default.webp,true
37550,ME20140,BACITRACINA 500 UI - g UNGUENTO,https://mav.farmaciasaas.com/api/images/articulos/DISTRIBUCION/26065.jpg,true
37551,ME14109,BACTEVAL 250 mg - 50 mg X 24 CAPSULAS,https://mav.farmaciasaas.com/api/images/articulos/DISTRIBUCION/8557.jpg,true
37552,ME35252,BACTRON FORTE 160 mg - 800 mg X 10 TABLETAS,https://mav.farmaciasaas.com/api/images/articulos/DISTRIBUCION/9770.jpg,true
37553,HO30851,BACTRIZOL 5 mg / mL SOLUCION INYECTABLE PARA INFUSION INTRAVENOSA,https://mav.farmaciasaas.com/api/images/articulos/DISTRIBUCION/7496.jpg,true
37555,ME27531,BARGONIL 2 % UNGUENTO,https://mav.farmaciasaas.com/api/images/articulos/DISTRIBUCION/90926.jpg,true
37556,HO29957,BEHKACIN 500 mg / 2 mL X 1 AMPOLLAS,https://mav.farmaciasaas.com/api/images/articulos/DISTRIBUCION/52498.jpg,true
37557,ME29570,"BENCIDAMINA CLORHIDRATO 0,15 % SOLUCION TOPICA BUCAL",https://mav.farmaciasaas.com/api/images/articulos/DISTRIBUCION/13344.jpg,true
37558,ME22165,BENDAMEN 100 mg / 5 mL SUSPENSION,https://mav.farmaciasaas.com/api/images/articulos/DISTRIBUCION/4846.jpg,true
37559,ME21687,BENDAMEN 100 mg X 6 TABLETAS,https://mav.farmaciasaas.com/api/images/articulos/DISTRIBUCION/4845.jpg,true
37560,ME25332,BENFLUX 30 mg X 20 TABLETAS,https://mav.farmaciasaas.com/api/images/articulos/DISTRIBUCION/7033.jpg,true
37561,ME39719,"BENZODIAZOL 0,25 mg - 5 mg X 16 PASTILLAS SABOR A LIMON - MIEL",https://mav.farmaciasaas.com/api/images/articulos/DISTRIBUCION/97347.jpg,true
37565,ME38253,"BEPRODERM 0,05 % - 0,1 % CREMA",https://mav.farmaciasaas.com/api/images/articulos/DISTRIBUCION/94044.jpg,true
37568,HO16114,BETAGEN 4 mg / mL X 1 AMPOLLAS,https://mav.farmaciasaas.com/api/images/articulos/DISTRIBUCION/4359.jpg,true
37569,HO34949,BETAGEN 12 mg / 3 mL X 1 AMPOLLAS,https://mav.farmaciasaas.com/api/images/articulos/DISTRIBUCION/13138.jpg,true
37571,ME38280,BETAHISTINA 16 mg X 20 TABLETAS RECUBIERTAS,https://mav.farmaciasaas.com/api/images/articulos/DISTRIBUCION/51762.jpg,true
37572,ME42631,"BETAMETASONA - GENTAMICINA - CLOTRIMAZOL 0,5 mg - 1 mg - 10 mg CREMA",https://mav.farmaciasaas.com/api/images/articulos/DISTRIBUCION/51995.jpg,true
37573,HO36271/2,BETAMETASONA 4mg/mL X 1 AMPOLLAS,https://mav.farmaciasaas.com/api/images/articulos/DISTRIBUCION/2117.jpg,true
37574,HO36271/3,BETAMETASONA 4mg/mL X 10 AMPOLLAS,https://pccentro.net.ve/img/s/8/9/7/6/7/89767-large_default.webp,true
37575,ME22866,BEXILON 4 mg /  5 mL JARABE,https://mav.farmaciasaas.com/api/images/articulos/DISTRIBUCION/6874.jpg,true
37577,ME41747,BIOCOR AMLO 20 mg - 5 mg X 30 TABLETAS RECUBIERTAS,https://mav.farmaciasaas.com/api/images/articulos/DISTRIBUCION/17705.jpg,true
37578,ME41748,BIOCOR AMLO 40 mg - 5 mg X 30 TABLETAS RECUBIERTAS,https://mav.farmaciasaas.com/api/images/articulos/DISTRIBUCION/17706.jpg,true
37579,ME41691,BIOCOR 40 mg X 30 TABLETAS RECUBIERTAS,https://mav.farmaciasaas.com/api/images/articulos/DISTRIBUCION/15628.jpg,true
37580,ME38247/2,"BIOTALOL 2,5 mg X 10 COMPRIMIDOS RECUBIERTOS",https://mav.farmaciasaas.com/api/images/articulos/DISTRIBUCION/30302.jpg,true
37581,ME38247/3,"BIOTALOL 2,5 mg X 30 COMPRIMIDOS RECUBIERTOS",https://mav.farmaciasaas.com/api/images/articulos/DISTRIBUCION/98616.jpg,true
37582,ME42096,"BIOTALOL 1,25 mg X 30 COMPRIMIDOS RECUBIERTOS",https://mav.farmaciasaas.com/api/images/articulos/DISTRIBUCION/26929.jpg,true
37583,ME38403,BIOTALOL 10 mg X 30 COMPRIMIDOS RECUBIERTOS,https://mav.farmaciasaas.com/api/images/articulos/DISTRIBUCION/98614.jpg,true
37584,ME28126,BIPRIN 300 mg X 10 CAPSULAS BLANDAS,https://mav.farmaciasaas.com/api/images/articulos/DISTRIBUCION/9940.jpg,true
37585,ME44259/3,"BIPROLIL HCT 5 mg - 6,25 mg X 30 COMPRIMIDOS RECUBIERTOS",https://mav.farmaciasaas.com/api/images/articulos/DISTRIBUCION/54525.jpg,true
37587,ME43626,BISACODILO 5 mg X 10 TABLETAS GASTRORRESISTENTES,https://mav.farmaciasaas.com/api/images/articulos/DISTRIBUCION/28708.jpg,true
37589,ME38626,BISOPROLOL FUMARATO 5 mg X 30 TABLETAS RECUBIERTAS,https://mav.farmaciasaas.com/api/images/articulos/DISTRIBUCION/98668.jpg,true
37590,ME39140,"BISOPROLOL FUMARATO 2,5 mg X 30 COMPRIMIDOS RECUBIERTOS",https://mav.farmaciasaas.com/api/images/articulos/DISTRIBUCION/98667.jpg,true
37591,ME36891,"BISOPROLOL FUMARATO - HIDROCLOROTIAZIDA 5 mg - 6,25 mg X 30 TABLETAS",https://pccentro.net.ve/img/s/7/8/5/4/9/78549-large_default.webp,true
37592,ME42421,BISOPROLOL FUMARATO 10 mg X 30 COMPRIMIDOS RECUBIERTOS,https://mav.farmaciasaas.com/api/images/articulos/DISTRIBUCION/21371.jpg,true
37593,ME43801,BISOPROLOL FUMARATO 10 mg X 30 TABLETAS RECUBIERTAS,https://mav.farmaciasaas.com/api/images/articulos/DISTRIBUCION/53140.jpg,true
37594,ME44328,BISOPROLOL FUMARATO 5MG X 30 TABLETAS RECUBIERTAS,https://mav.farmaciasaas.com/api/images/articulos/DISTRIBUCION/97001.jpg,true
37596,ME40147/2,"BLOCAX PLUS 16 mg - 12,5 mg X 10 TABLETAS",https://mav.farmaciasaas.com/api/images/articulos/DISTRIBUCION/99775.jpg,true
37597,ME40147/3,"BLOCAX PLUS 16 mg - 12,5 mg X 30 TABLETAS",https://mav.farmaciasaas.com/api/images/articulos/DISTRIBUCION/19969.jpg,true
37598,ME41273/2,BLOCAX 8 mg X 10 TABLETAS,https://mav.farmaciasaas.com/api/images/articulos/DISTRIBUCION/13408.jpg,true
37599,ME41273/3,BLOCAX 8 mg X 30 TABLETAS,https://mav.farmaciasaas.com/api/images/articulos/DISTRIBUCION/15065.jpg,true
37600,ME22761,BLOKIUM 100 mg X 30 COMPRIMIDOS,https://mav.farmaciasaas.com/api/images/articulos/DISTRIBUCION/4312.jpg,true
37601,ME35863,BRASARTAN 80 mg X 30 TABLETAS RECUBIERTAS,https://mav.farmaciasaas.com/api/images/articulos/DISTRIBUCION/19231.jpg,true
37602,ME42224/2,"BRASARTAN CTDN 80 mg - 12,5 mg X 10 TABLETAS RECUBIERTAS",https://pccentro.net.ve/img/s/2/3/8/4/2/23842-large_default.webp,true
37603,ME42224/3,"BRASARTAN CTDN 80 mg - 12,5 mg X 30 TABLETAS RECUBIERTAS",https://mav.farmaciasaas.com/api/images/articulos/DISTRIBUCION/22884.jpg,true
37604,ME35864,BRASARTAN 160 mg X 30 TABLETAS RECUBIERTAS,https://pccentro.net.ve/img/s/5/4/4/8/8/54488-large_default.webp,true
37605,ME22276,BREINOX 800 mg X 30 TABLETAS,https://mav.farmaciasaas.com/api/images/articulos/DISTRIBUCION/50808.jpg,true
37606,ME43812/2,BRESIS 600 mg X 20 COMPRIMIDOS RECUBIERTOS,https://mav.farmaciasaas.com/api/images/articulos/DISTRIBUCION/54187.jpg,true
37607,ME43812/3,BRESIS 600 mg X 30 COMPRIMIDOS RECUBIERTOS,https://mav.farmaciasaas.com/api/images/articulos/DISTRIBUCION/53310.jpg,true
37608,ME21818,BREXIN 100 mg / mL SOLUCION ORAL,https://mav.farmaciasaas.com/api/images/articulos/DISTRIBUCION/4861.jpg,true
37610,ME43576,BROFLEMA 4 mg - 5 mL JARABE,https://mav.farmaciasaas.com/api/images/articulos/DISTRIBUCION/52164.jpg,true
37611,ME40082,BROLAT 5 mg - 30 mg X 10 TABLETAS,https://mav.farmaciasaas.com/api/images/articulos/DISTRIBUCION/98629.jpg,true
37612,ME31206,BROMAZEPAM 3 mg X 30 COMPRIMIDOS,https://mav.farmaciasaas.com/api/images/articulos/DISTRIBUCION/1301.jpg,true
37613,ME31207,BROMAZEPAM 6 mg X 30 COMPRIMIDOS,https://mav.farmaciasaas.com/api/images/articulos/DISTRIBUCION/1302.jpg,true
37614,ME26069,CLORHIDRATO DE BROMEXINA 8 mg / 5 mL JARABE.,https://mav.farmaciasaas.com/api/images/articulos/DISTRIBUCION/27452.jpg,true
37615,ME40260,BROMEXINA CLORHIDRATO 4 mg / 5 mL JARABE,https://mav.farmaciasaas.com/api/images/articulos/DISTRIBUCION/14190.jpg,true
37616,ME35158,BROMHEXINA CLORHIDRATO 8 mg / 5 mL JARABE,https://mav.farmaciasaas.com/api/images/articulos/DISTRIBUCION/26229.jpg,true
37617,ME36318,BROMHEXINA CLORHIDRATO 8 mg/5ml JARABE,https://mav.farmaciasaas.com/api/images/articulos/DISTRIBUCION/11549.jpg,true
37618,ME44085,BROMURO DE IPRATROPIO 20 mcg / DOSIS SOLUCIÓN PARA INHALACIÓN ORAL,https://pccentro.net.ve/img/s/8/0/3/3/1/80331-large_default.webp,true
37619,ME41040,BRUDOL 200 mg - 65 mg X 20 COMPRIMIDOS RECUBIERTOS,https://mav.farmaciasaas.com/api/images/articulos/DISTRIBUCION/16419.jpg,true
37620,ME40856,BRUDOL 400 mg - 65 mg X 20 COMPRIMIDOS RECUBIERTOS,https://mav.farmaciasaas.com/api/images/articulos/DISTRIBUCION/16420.jpg,true
37621,ME19149,BRUGESIC 400 mg X 10 COMPRIMIDOS,https://mav.farmaciasaas.com/api/images/articulos/DISTRIBUCION/22102.jpg,true
37622,ME36416,BRUGESIC FORTE 200 mg / 5 mL X 10 SUSPENSION ORAL,https://mav.farmaciasaas.com/api/images/articulos/DISTRIBUCION/92984.jpg,true
37623,ME40290,BRUGESIC FORTE 800 mg X 10 COMPRIMIDOS,https://mav.farmaciasaas.com/api/images/articulos/DISTRIBUCION/27805.jpg,true
37624,ME29895,BRUGESIC PLUS 600 mg X 10 POLVO PARA SOLUCION ORAL,https://mav.farmaciasaas.com/api/images/articulos/DISTRIBUCION/10221.jpg,true
37625,ME41132,BUCOXOLGAR 3 mg - 1 mg X 12 TABLETAS MASTICABLES SABOR A MIEL LIMON,https://mav.farmaciasaas.com/api/images/articulos/DISTRIBUCION/19870.jpg,true
37626,ME30917,BUDECORT 1 mg / mL SUSPENSION PARA INHALAR,https://mav.farmaciasaas.com/api/images/articulos/DISTRIBUCION/30268.jpg,true
37627,ME44539,BUDEQUIT 1 mg / mL SUSPENSION PARA INHALACION ORAL,https://mav.farmaciasaas.com/api/images/articulos/DISTRIBUCION/54403.jpg,true
37628,HO24616,"BUMELEX 0,5 mg / 2 mL X 3 AMPOLLAS",https://mav.farmaciasaas.com/api/images/articulos/DISTRIBUCION/6678.jpg,true
37629,ME22582/3,BUMELEX 1 mg X 30 COMPRIMIDOS,https://mav.farmaciasaas.com/api/images/articulos/DISTRIBUCION/50048.jpg,true
37630,ME22582/2,BUMELEX 1 mg X 16 COMPRIMIDOS,https://mav.farmaciasaas.com/api/images/articulos/DISTRIBUCION/1999.jpg,true
37631,ME32358,BUMETIN RETARD 300 mg X 20 TABLETAS DE LIBERACION PROLONGADA,https://mav.farmaciasaas.com/api/images/articulos/DISTRIBUCION/8304.jpg,true
37633,ME43035/3,BUTAL 8 mg X 20 TABLETAS RECUBIERTAS,https://mav.farmaciasaas.com/api/images/articulos/DISTRIBUCION/52802.jpg,true
37634,ME43035/2,BUTAL 8 mg X 10 TABLETAS RECUBIERTAS,https://pccentro.net.ve/img/s/5/7/7/1/1/57711-large_default.webp,true
37635,ME23141,BUTILAMINA COMPUESTA 10 mg - 250 mg X 20 TABLETAS RECUBIERTAS,https://pccentro.net.ve/img/s/7/8/7/1/6/78716-large_default.webp,true
37636,ME37532,"CABERTRIX 0,5 mg X 4 COMPRIMIDOS",https://mav.farmaciasaas.com/api/images/articulos/DISTRIBUCION/29371.jpg,true
37640,ME42932/2,VITAMINA C - ZINC 500 mg - 15 mg X 10 TABLETAS MASTICABLES SABOR A MANDARINA,https://mav.farmaciasaas.com/api/images/articulos/DISTRIBUCION/52152.jpg,true
37641,ME34121,CALCITREX D3 950 mg - 200 UI X 30 TABLETAS,https://mav.farmaciasaas.com/api/images/articulos/DISTRIBUCION/5529.jpg,true
37642,ME30823/2,CALMOX 15 mg X 10 TABLETAS,https://mav.farmaciasaas.com/api/images/articulos/DISTRIBUCION/644.jpg,true
37643,ME30823/3,CALMOX 15 mg X 20 TABLETAS,https://mav.farmaciasaas.com/api/images/articulos/DISTRIBUCION/24411.jpg,true
37644,ME30822,"CALMOX 7,5 mg X 10 TABLETAS",https://mav.farmaciasaas.com/api/images/articulos/DISTRIBUCION/643.jpg,true
37645,ME36763/2,CALOXPIRINA 81 mg X 30 TABLETAS ENTERICAS,https://mav.farmaciasaas.com/api/images/articulos/DISTRIBUCION/92195.jpg,true
37646,ME36763/3,CALOXPIRINA 81 mg X 100 TABLETAS ENTERICAS,https://mav.farmaciasaas.com/api/images/articulos/DISTRIBUCION/29545.jpg,true
37647,ME43646,CAMPAL 1 % GEL,https://mav.farmaciasaas.com/api/images/articulos/DISTRIBUCION/53178.jpg,true
37648,ME25320,CAMPAL 50 mg X 20 TABLETAS ENTERICAS,https://mav.farmaciasaas.com/api/images/articulos/DISTRIBUCION/6581.jpg,true
37649,ME40363/3,"CANDER HCT 16 mg - 12,5 mg X 30 TABLETAS",https://mav.farmaciasaas.com/api/images/articulos/DISTRIBUCION/99153.jpg,true
37651,ME41061/3,CANDER 32 mg X 30 TABLETAS,https://mav.farmaciasaas.com/api/images/articulos/DISTRIBUCION/14972.jpg,true
37652,ME41061/2,CANDER 32 mg X 15 TABLETAS,https://mav.farmaciasaas.com/api/images/articulos/DISTRIBUCION/51481.jpg,true
37653,ME37346/2,CANDER 8 mg X 10 TABLETAS,https://mav.farmaciasaas.com/api/images/articulos/DISTRIBUCION/50515.jpg,true
37654,ME37346/3,CANDER 8 mg X 30 TABLETAS,https://pccentro.net.ve/img/s/8/3/8/3/5/83835-large_default.webp,true
37655,ME43341,"CANDESARTAN CILETEXILO – HIDROCLOROTIAZIDA 8 mg – 12,5 mg TABLETAS RECUBIERTAS",https://mav.farmaciasaas.com/api/images/articulos/DISTRIBUCION/94869.jpg,true
37656,ME43971,CANDESARTAN CILEXETILO 16 mg X 10 COMPRIMIDOS,https://mav.farmaciasaas.com/api/images/articulos/DISTRIBUCION/53047.jpg,true
37657,ME32214/2,CANDESARTAN 8 mg X 10 COMPRIMIDOS,https://mav.farmaciasaas.com/api/images/articulos/DISTRIBUCION/51789.jpg,true
37658,ME32214/3,CANDESARTAN 8 mg X 30 COMPRIMIDOS,https://mav.farmaciasaas.com/api/images/articulos/DISTRIBUCION/14216.jpg,true
37659,ME35007/3,CANDESARTAN CILEXETIL 16 mg X 28 TABLETAS,https://mav.farmaciasaas.com/api/images/articulos/DISTRIBUCION/53248.jpg,true
37660,ME35007/2,CANDESARTAN CILEXETIL 16 mg X 10 TABLETAS,https://pccentro.net.ve/img/s/2/4/1/9/0/24190-large_default.webp,true
37661,ME35007/4,CANDESARTAN CILEXETIL 16 mg X 30 TABLETAS,https://mav.farmaciasaas.com/api/images/articulos/DISTRIBUCION/51918.jpg,true
37662,ME35006,CANDESARTAN CILEXETIL 8 mg X 28 TABLETAS,https://mav.farmaciasaas.com/api/images/articulos/DISTRIBUCION/27454.jpg,true
37663,ME37841,CANDESARTAN 8 mg X 30 TABLETAS,https://mav.farmaciasaas.com/api/images/articulos/DISTRIBUCION/28516.jpg,true
37664,ME42861,CANDETIQUE 16 mg X 30 TABLETAS,https://mav.farmaciasaas.com/api/images/articulos/DISTRIBUCION/27011.jpg,true
37666,ME43829,CANTIP 16 mg X 30 COMPRIMIDOS,https://mav.farmaciasaas.com/api/images/articulos/DISTRIBUCION/29751.jpg,true
37667,ME43828,CANTIP 8 mg X 30 COMPRIMIDOS,https://pccentro.net.ve/img/s/8/3/8/3/5/83835-large_default.webp,true
37669,ME25978/3,CAPTOPRIL 25 mg X 30 COMPRIMIDOS,https://mav.farmaciasaas.com/api/images/articulos/DISTRIBUCION/97972.jpg,true
37670,ME25978/2,CAPTOPRIL 25 mg X 20 COMPRIMIDOS,https://mav.farmaciasaas.com/api/images/articulos/DISTRIBUCION/2719.jpg,true
37671,ME25738/2,CAPTOPRIL 25 mg X 20 TABLETAS,https://pccentro.net.ve/img/s/5/2/6/4/3/52643-large_default.webp,true
37672,ME25738/3,CAPTOPRIL 25 mg X 30 TABLETAS,https://mav.farmaciasaas.com/api/images/articulos/DISTRIBUCION/99739.jpg,true
37673,ME25737,CAPTOPRIL 50 mg X 30 TABLETAS,https://mav.farmaciasaas.com/api/images/articulos/DISTRIBUCION/99741.jpg,true
37674,ME27075,CARBAMAZEPINA 200 mg X 30 COMPRIMIDOS,https://mav.farmaciasaas.com/api/images/articulos/DISTRIBUCION/99338.jpg,true
37675,ME24815/4,CARBAMAZEPINA 200 mg X 30 COMPRIMIDOS,https://mav.farmaciasaas.com/api/images/articulos/DISTRIBUCION/51392.jpg,true
37676,ME24815/2,CARBAMAZEPINA 200 mg X 10 COMPRIMIDOS,https://mav.farmaciasaas.com/api/images/articulos/DISTRIBUCION/52560.jpg,true
37677,ME24815/3,CARBAMAZEPINA 200 mg X 20 COMPRIMIDOS,https://mav.farmaciasaas.com/api/images/articulos/DISTRIBUCION/20947.jpg,true
37678,ME28957,CARBAMAZEPINA 200 mg X 30 TABLETAS,https://mav.farmaciasaas.com/api/images/articulos/DISTRIBUCION/20705.jpg,true
37679,ME43783,CARBAMAZEPINA 200 mg X 30 TABLETAS,https://pccentro.net.ve/img/s/7/8/6/4/2/78642-large_default.webp,true
37680,ME43998,CARBAMAZEPINA 400 mg X 30 TABLETAS,https://mav.farmaciasaas.com/api/images/articulos/DISTRIBUCION/28515.jpg,true
37681,ME33422/3,"CARBATIL 12,5 mg X 30 TABLETAS",https://mav.farmaciasaas.com/api/images/articulos/DISTRIBUCION/6143.jpg,true
37682,ME33422/2,"CARBATIL 12,5 mg X 10 TABLETAS",https://pccentro.net.ve/img/s/8/3/8/7/5/83875-large_default.webp,true
37683,ME33523,"CARBATIL 6,25 mg X 30 TABLETAS",https://mav.farmaciasaas.com/api/images/articulos/DISTRIBUCION/6142.jpg,true
37684,ME32430,CARBONATO DE LITIO 300 mg X 20 CAPSULAS,https://mav.farmaciasaas.com/api/images/articulos/DISTRIBUCION/4553.jpg,true
37685,ME1642,CARBONATO DE LITIO 300 mg X 20 CAPSULAS,https://pccentro.net.ve/img/s/7/2/5/9/3/72593-large_default.webp,true
37686,ME31896,CARDIPIRINA 80 mg X 30 CAPSULAS CON MICROGRANULOS CON CUBIERTA ENTERICA,https://mav.farmaciasaas.com/api/images/articulos/DISTRIBUCION/4758.jpg,true
37687,ME39963,CARIBAN 10 mg-10 mg X 30 COMPRIMIDOS ENTERICOS,https://mav.farmaciasaas.com/api/images/articulos/DISTRIBUCION/53118.jpg,true
37688,ME38877,CARNISIN 1 g / 10 mL SOLUCION ORAL LIBRE DE AZUCAR,https://mav.farmaciasaas.com/api/images/articulos/DISTRIBUCION/50337.jpg,true
37689,ME33780,"CARVEDIL 12,5 mg X 30 TABLETAS RECUBIERTAS",https://mav.farmaciasaas.com/api/images/articulos/DISTRIBUCION/94090.jpg,true
37690,ME33806,"CARVEDIL 6,25 mg X 30 TABLETAS RECUBIERTAS",https://pccentro.net.ve/img/s/3/3/1/0/4/33104-large_default.webp,true
37691,ME31747,"CARVEDILOL 12,5 mg X 30 COMPRIMIDOS",https://mav.farmaciasaas.com/api/images/articulos/DISTRIBUCION/24421.jpg,true
37697,ME31748/3,CARVEDILOL 25 mg X 30 COMPRIMIDOS,https://mav.farmaciasaas.com/api/images/articulos/DISTRIBUCION/53573.jpg,true
37698,ME31748/2,CARVEDILOL 25 mg X 15 COMPRIMIDOS,https://pccentro.net.ve/img/s/8/3/8/7/9/83879-large_default.webp,true
37699,ME35572/3,"CARVEDILOL 6,25 mg X 30 TABLETAS RECUBIERTAS",https://mav.farmaciasaas.com/api/images/articulos/DISTRIBUCION/98456.jpg,true
37700,ME35572/2,"CARVEDILOL 6,25 mg X 20 TABLETAS RECUBIERTAS",https://mav.farmaciasaas.com/api/images/articulos/DISTRIBUCION/9486.jpg,true
37701,ME36321/2,CARVEDILOL 25 mg X 14 TABLETAS RECUBIERTAS,https://pccentro.net.ve/img/s/8/3/8/7/9/83879-large_default.webp,true
37702,ME36321/3,CARVEDILOL 25 mg X 28 TABLETAS RECUBIERTAS,https://mav.farmaciasaas.com/api/images/articulos/DISTRIBUCION/30061.jpg,true
37703,ME23270,CEBION 1 g X 10 TABLETAS EFERVESCENTES SABOR A NARANJA,https://mav.farmaciasaas.com/api/images/articulos/DISTRIBUCION/5017.jpg,true
37704,ME30368,CEFADROXILO 500 mg X 10 CAPSULAS,https://mav.farmaciasaas.com/api/images/articulos/DISTRIBUCION/28517.jpg,true
37705,ME27532,CEFADROXILO 500 mg X 10 CAPSULAS,https://mav.farmaciasaas.com/api/images/articulos/DISTRIBUCION/23703.jpg,true
37706,ME28103,CEFADROXILO 500 mg X 10 CAPSULAS,https://mav.farmaciasaas.com/api/images/articulos/DISTRIBUCION/22822.jpg,true
37707,ME31345,CEFADROXILO 250 mg / 5 mL POLVO PARA SUSPENSION ORAL,https://mav.farmaciasaas.com/api/images/articulos/DISTRIBUCION/3546.jpg,true
37708,ME42857,CEFADROXILO 500 mg X 10 TABLETAS,https://mav.farmaciasaas.com/api/images/articulos/DISTRIBUCION/53295.jpg,true
37710,HO25482,CEFALOTINA 1 g X 10 AMPOLLAS,https://mav.farmaciasaas.com/api/images/articulos/DISTRIBUCION/51987.jpg,true
37711,HO44435,CEFAZOLINA 1g X 10 AMPOLLAS,https://mav.farmaciasaas.com/api/images/articulos/DISTRIBUCION/51988.jpg,true
37712,ME40533,CEFIXIMA 400 mg X 5 CAPSULAS,https://mav.farmaciasaas.com/api/images/articulos/DISTRIBUCION/29896.jpg,true
37713,ME40063,CEFIXIMA 100 mg / 5 mL POLVO PARA SUSPENSION ORAL,https://mav.farmaciasaas.com/api/images/articulos/DISTRIBUCION/21785.jpg,true
37716,ME27816,CEFONAX 500 mg X 16 CAPSULAS,https://mav.farmaciasaas.com/api/images/articulos/DISTRIBUCION/11648.jpg,true
37719,HO33864,CEFTRIAXONA 1 g X 1 AMPOLLAS,https://mav.farmaciasaas.com/api/images/articulos/DISTRIBUCION/51473.jpg,true
37720,HO29420,CEFTRIAXONA 1 g POLVO PARA SOLUCION INYECTABLE,https://mav.farmaciasaas.com/api/images/articulos/DISTRIBUCION/22842.jpg,true
37721,ME38332,CELAY 5 mg / 5 mL SOLUCION ORAL,https://mav.farmaciasaas.com/api/images/articulos/DISTRIBUCION/96253.jpg,true
37722,ME41586,CELECOXIB 200 mg X 10 CAPSULAS,https://mav.farmaciasaas.com/api/images/articulos/DISTRIBUCION/26739.jpg,true
37723,ME44307,"CELESTREN 0,075 mg X 28 TABLETAS RECUBIERTAS",https://mav.farmaciasaas.com/api/images/articulos/DISTRIBUCION/50668.jpg,true
37724,ME43858,CETERIX 5 mg / 5 mL SOLUCIÓN ORAL,https://mav.farmaciasaas.com/api/images/articulos/DISTRIBUCION/53603.jpg,true
37725,ME44376,CETIDEX 5 mg / 5 mL SOLUCIÓN ORAL,https://mav.farmaciasaas.com/api/images/articulos/DISTRIBUCION/54330.jpg,true
37726,ME31148,CETIRIZINA DICLORHIDRATO 10 mg X 10 TABLETAS RECUBIERTAS,https://mav.farmaciasaas.com/api/images/articulos/DISTRIBUCION/1505.jpg,true
37727,ME42717,CETIRIZINA CLORHIDRATO 10 mg X 10 TABLETAS RECUBIERTAS,https://mav.farmaciasaas.com/api/images/articulos/DISTRIBUCION/53255.jpg,true
37728,ME27761,CETIRIZINA 10 mg X 10 COMPRIMIDOS RECUBIERTOS,https://mav.farmaciasaas.com/api/images/articulos/DISTRIBUCION/11497.jpg,true
37729,ME32490,CETIRIZINA 1 mg / mL SOLUCION ORAL,https://pccentro.net.ve/img/s/8/0/1/1/4/80114-large_default.webp,true
37730,ME44603,CETIRIZINA 5 mg/ 5ml   Solucion Oral    ,https://mav.farmaciasaas.com/api/images/articulos/DISTRIBUCION/2328.jpg,true
37732,ME29123,CETRAL 10 mg / mL SOLUCION ORAL,https://mav.farmaciasaas.com/api/images/articulos/DISTRIBUCION/645.jpg,true
37733,ME29095,CETRAL 10 mg X 10 TABLETAS,https://mav.farmaciasaas.com/api/images/articulos/DISTRIBUCION/626.jpg,true
37735,ME33334/3,VITAMINA C 500 mg X 30 TABLETAS MASTICABLES SABOR A PIÑA,https://mav.farmaciasaas.com/api/images/articulos/DISTRIBUCION/9158.jpg,true
37736,ME33112,CIALIS 20 mg X 1 COMPRIMIDOS RECUBIERTOS,https://mav.farmaciasaas.com/api/images/articulos/DISTRIBUCION/3344.jpg,true
37737,HO41522/2,CIATAL 500 mg / 2 mL X 1 AMPOLLAS,https://mav.farmaciasaas.com/api/images/articulos/DISTRIBUCION/51327.jpg,true
37738,HO41522/3,CIATAL 500 mg / 2 mL X 9 AMPOLLAS,https://mav.farmaciasaas.com/api/images/articulos/DISTRIBUCION/25233.jpg,true
37739,ME27924,CICLOFTAL1 % SOLUCION OFTALMICA,https://pccentro.net.ve/img/s/8/5/2/9/0/85290-large_default.webp,true
37740,HO36631,CICLOKAN 500 mg / 5 mL X 1 AMPOLLAS,https://mav.farmaciasaas.com/api/images/articulos/DISTRIBUCION/94107.jpg,true
37741,ME41819,CICLOKAN 500 mg X 21 COMPRIMIDOS RECUBIERTOS,https://mav.farmaciasaas.com/api/images/articulos/DISTRIBUCION/16882.jpg,true
37744,ME43391,CILOSTAZOL 50 mg X 30 TABLETAS RECUBIERTAS,https://mav.farmaciasaas.com/api/images/articulos/DISTRIBUCION/25678.jpg,true
37745,ME42967,CILOSTAZOL 100 mg X 30 TABLETAS,https://mav.farmaciasaas.com/api/images/articulos/DISTRIBUCION/52907.jpg,true
37746,ME24520,CINAREN 75 mg X 20 CAPSULAS,https://mav.farmaciasaas.com/api/images/articulos/DISTRIBUCION/7434.jpg,true
37747,ME24519,CINAREN 25 mg X 30 COMPRIMIDOS,https://mav.farmaciasaas.com/api/images/articulos/DISTRIBUCION/28507.jpg,true
37748,ME35819,CINNARIZINA 75 mg X 10 CAPSULAS,https://mav.farmaciasaas.com/api/images/articulos/DISTRIBUCION/90809.jpg,true
37750,ME25520,CIPROFLOX 500 mg X 12 TABLETAS RECUBIERTAS,https://mav.farmaciasaas.com/api/images/articulos/DISTRIBUCION/91927.jpg,true
37752,ME28283/2,CIPROFLOXACINA 500 mg X 6 TABLETAS RECUBIERTAS,https://mav.farmaciasaas.com/api/images/articulos/DISTRIBUCION/24680.jpg,true
37753,HO44719,CIPROFLOXACINA 200 MG/100 ML SOLUCION INYECTABLE,https://mav.farmaciasaas.com/api/images/articulos/DISTRIBUCION/21354.jpg,true
37755,ME27827/4,CIPROFLOXACINA 500 mg X 10 TABLETAS RECUBIERTAS,https://mav.farmaciasaas.com/api/images/articulos/DISTRIBUCION/20945.jpg,true
37757,ME27827/5,CIPROFLOXACINA 500 mg X 14 TABLETAS RECUBIERTAS,https://mav.farmaciasaas.com/api/images/articulos/DISTRIBUCION/12057.jpg,true
37760,ME26487/2,CIPROFLOXACINA 500 mg X 6 COMPRIMIDOS RECUBIERTOS,https://mav.farmaciasaas.com/api/images/articulos/DISTRIBUCION/1615.jpg,true
37761,ME42422,CIPROFLOXACINO 500 mg X 10 TABLETAS RECUBIERTAS,https://mav.farmaciasaas.com/api/images/articulos/DISTRIBUCION/50785.jpg,true
37762,ME30890,CIPROFLOXACINO 500 mg X 14 TABLETAS RECUBIERTAS,https://mav.farmaciasaas.com/api/images/articulos/DISTRIBUCION/54467.jpg,true
37763,ME35266,CITALOPRAM 40 mg X 10 TABLETAS RECUBIERTAS,https://mav.farmaciasaas.com/api/images/articulos/DISTRIBUCION/53032.jpg,true
37764,ME41565/2,CITICOLINA 500 mg X 10 TABLETAS RECUBIERTAS,https://mav.farmaciasaas.com/api/images/articulos/DISTRIBUCION/9109.jpg,true
37765,ME41565/3,CITICOLINA 500 mg X 30 TABLETAS RECUBIERTAS,https://mav.farmaciasaas.com/api/images/articulos/DISTRIBUCION/22770.jpg,true
37766,ME36822/3,CITRATO DE CALCIO 1190 mg X 60 TABLETAS MASTICABLES SABOR A MANDARINA,https://mav.farmaciasaas.com/api/images/articulos/DISTRIBUCION/23439.jpg,true
37770,ME31140,CLARITROMICINA 500 mg X 10 TABLETAS RECUBIERTAS,https://mav.farmaciasaas.com/api/images/articulos/DISTRIBUCION/1501.jpg,true
37771,ME25929,"CLARIX 0,25 mg / mL SOLUCION NASAL",https://mav.farmaciasaas.com/api/images/articulos/DISTRIBUCION/2507.jpg,true
37772,ME23978/2,"CLENBUNAL 0,020 mg X 10 COMPRIMIDOS",https://mav.farmaciasaas.com/api/images/articulos/DISTRIBUCION/7942.jpg,true
37773,ME23978/3,"CLENBUNAL 0,020 mg X 20 COMPRIMIDOS",https://mav.farmaciasaas.com/api/images/articulos/DISTRIBUCION/5981.jpg,true
37774,ME23979,"CLENBUNAL 0,005 mg / 5 mL SOLUCION ORAL",https://mav.farmaciasaas.com/api/images/articulos/DISTRIBUCION/7938.jpg,true
37776,ME28118,CLENBUTEROL CLORHIDRATO 10 mcg / 5 mL JARABE,https://mav.farmaciasaas.com/api/images/articulos/DISTRIBUCION/54332.jpg,true
37777,ME31537,"AMBROXOL-CLENBUTEROL 7,5 mg-0,005 mg/5 mL SOLUCION ORAL",https://pccentro.net.ve/img/s/2/3/7/9/3/23793-large_default.webp,true
37778,ME31538,"AMBROXOL-CLENBUTEROL 15mg - 0,01mg/5 mL SOLUION ORAL",https://pccentro.net.ve/img/s/2/3/7/9/3/23793-large_default.webp,true
37779,ME25351,"CLENBUNAL 0,01 mg / 5 mL JARABE",https://mav.farmaciasaas.com/api/images/articulos/DISTRIBUCION/7209.jpg,true
37780,ME42462,CLENOSAN 90 mg X 30 COMPRIMIDOS RECUBIERTOS,https://mav.farmaciasaas.com/api/images/articulos/DISTRIBUCION/52057.jpg,true
37781,ME41052,CLINAC  1 % - 5 % GEL,https://pccentro.net.ve/img/s/7/3/9/8/1/73981-large_default.webp,true
37782,HO27704,CLINDAMICINA 600 mg / 4 mL X 1 AMPOLLAS,https://mav.farmaciasaas.com/api/images/articulos/DISTRIBUCION/5821.jpg,true
37786,ME29523,CLOFEN 100 mg X 10 CAPSULAS DE ACCION PROLONGADA,https://mav.farmaciasaas.com/api/images/articulos/DISTRIBUCION/433.jpg,true
37788,ME42956,CLOMIFENO CITRATO 50 mg X 30 TABLETAS,https://mav.farmaciasaas.com/api/images/articulos/DISTRIBUCION/28709.jpg,true
37789,ME33200,"CLONATRIL 0,5 mg X 30 COMPRIMIDOS",https://pccentro.net.ve/img/s/9/5/1/2/0/95120-large_default.webp,true
37790,ME42084,CLONATRIL 1 mg X 30 COMPRIMIDOS,https://mav.farmaciasaas.com/api/images/articulos/DISTRIBUCION/20153.jpg,true
37791,ME33201,CLONATRIL 2 mg X 30 COMPRIMIDOS,https://mav.farmaciasaas.com/api/images/articulos/DISTRIBUCION/6642.jpg,true
37792,ME38584,"CLONAZEPAM 0,5 mg X 30 TABLETAS",https://mav.farmaciasaas.com/api/images/articulos/DISTRIBUCION/98445.jpg,true
37793,ME38585,CLONAZEPAM 2 mg X 30 TABLETAS,https://mav.farmaciasaas.com/api/images/articulos/DISTRIBUCION/98444.jpg,true
37794,HO31483/2,"CLONIDINA CLORHIDRATO 0,150 mg / mL X 2 AMPOLLAS",https://mav.farmaciasaas.com/api/images/articulos/DISTRIBUCION/2086.jpg,true
37796,ME22956,"CLONIPRES 0,150 mg X 20 COMPRIMIDOS",https://mav.farmaciasaas.com/api/images/articulos/DISTRIBUCION/8267.jpg,true
37797,HO23370,"CLONIPRES 0,150 mg / mL X 3 AMPOLLAS",https://pccentro.net.ve/img/s/7/4/6/6/6/74666-large_default.webp,true
37798,ME40816,"CLONZEP 0,5 mg X 30 TABLETAS",https://mav.farmaciasaas.com/api/images/articulos/DISTRIBUCION/13114.jpg,true
37799,ME40818,CLONZEP 2 mg X 30 TABLETAS,https://mav.farmaciasaas.com/api/images/articulos/DISTRIBUCION/13115.jpg,true
37800,ME39070,CLOPIDEX 75 mg X 30 TABLETAS RECUBIERTAS,https://mav.farmaciasaas.com/api/images/articulos/DISTRIBUCION/92148.jpg,true
37801,ME34084/2,CLOPIDOGREL 75 mg X 14 COMPRIMIDOS RECUBIERTOS,https://mav.farmaciasaas.com/api/images/articulos/DISTRIBUCION/52340.jpg,true
37802,ME34084/3,CLOPIDOGREL 75 mg X 20 COMPRIMIDOS RECUBIERTOS,https://mav.farmaciasaas.com/api/images/articulos/DISTRIBUCION/51767.jpg,true
37803,ME34084/4,CLOPIDOGREL 75 mg X 30 COMPRIMIDOS RECUBIERTOS,https://mav.farmaciasaas.com/api/images/articulos/DISTRIBUCION/99858.jpg,true
37804,ME36122,CLOPIDOGREL 75 mg X 14 TABLETAS RECUBIERTAS,https://pccentro.net.ve/img/s/7/6/0/5/6/76056-large_default.webp,true
37805,ME37534,CLOPIDOGREL 75 mg X 30 TABLETAS RECUBIERTAS,https://mav.farmaciasaas.com/api/images/articulos/DISTRIBUCION/22848.jpg,true
37806,ME43375,CLOPIDOGREL 75 mg X 30 TABLETAS RECUBIERTAS,https://mav.farmaciasaas.com/api/images/articulos/DISTRIBUCION/20426.jpg,true
37807,ME34774,CLOPIDOGREL 75 mg X 30 TABLETAS RECUBIERTAS,https://pccentro.net.ve/img/s/7/6/0/5/6/76056-large_default.webp,true
37808,ME37160,CLOPIVAL 75 mg X 30 TABLETAS RECUBIERTAS,https://mav.farmaciasaas.com/api/images/articulos/DISTRIBUCION/11595.jpg,true
37809,ME43778,CLOPTAN 75 mg X 30 TABLETAS RECUBIERTAS,https://mav.farmaciasaas.com/api/images/articulos/DISTRIBUCION/20161.jpg,true
37811,ME29690/3,CLORACE 500 mg - 4 mg X 20 TABLETAS,https://mav.farmaciasaas.com/api/images/articulos/DISTRIBUCION/97306.jpg,true
37812,ME29690/2,CLORACE 500 mg - 4 mg X 10 TABLETAS,https://mav.farmaciasaas.com/api/images/articulos/DISTRIBUCION/9598.jpg,true
37813,ME43777,CLORACOLD 30 mg - 5 mg / 5 mL SOLUCIÓN ORAL,https://mav.farmaciasaas.com/api/images/articulos/DISTRIBUCION/53063.jpg,true
37814,ME43585/4,DOPALEN 200 mg X 30 CÁPSULAS DE LIBERACIÓN PROLONGADA,https://mav.farmaciasaas.com/api/images/articulos/DISTRIBUCION/54229.jpg,true
37815,ME43585/2,DOPALEN 200 mg X 10 CÁPSULAS DE LIBERACIÓN PROLONGADA,https://mav.farmaciasaas.com/api/images/articulos/DISTRIBUCION/28633.jpg,true
37821,ME43020,CLOTRIMAZOL 200 mg CAPSULAS BLANDAS VAGINALES,https://pccentro.net.ve/img/s/5/8/6/9/2/58692-large_default.webp,true
37822,ME37900,CLOTRIMAZOL 10 % CREMA VAGINAL,https://mav.farmaciasaas.com/api/images/articulos/DISTRIBUCION/27973.jpg,true
37823,ME43751,CLOTRIMAZOL 100 mg X 6 ÓVULOS VAGINALES,https://mav.farmaciasaas.com/api/images/articulos/DISTRIBUCION/26419.jpg,true
37824,ME39062,CLOTRIMAZOL 500 mg X 1 OVULOS VAGINALES,https://mav.farmaciasaas.com/api/images/articulos/DISTRIBUCION/26410.jpg,true
37826,ME41502,CODEBROMIL PLUS 15 mg - 3 mg / 15 mL JARABE,https://mav.farmaciasaas.com/api/images/articulos/DISTRIBUCION/19724.jpg,true
37827,ME44294,"COZOMINA T 2 % - 0,5 % SOLUCIÓN OFTÁLMICA ",https://pccentro.net.ve/img/s/7/5/6/4/0/75640-large_default.webp,true
37828,ME33110,COLFENE 400 mg - 4 mg X 10 COMPRIMIDOS RECUBIERTOS,https://mav.farmaciasaas.com/api/images/articulos/DISTRIBUCION/6165.jpg,true
37829,ME39320,COLFENE 600 mg - 4 mg X 15 COMPRIMIDOS RECUBIERTOS,https://mav.farmaciasaas.com/api/images/articulos/DISTRIBUCION/97446.jpg,true
37830,ME38685,COLGESIC 400 mg - 40 mg X 15 COMPRIMIDOS RECUBIERTOS,https://mav.farmaciasaas.com/api/images/articulos/DISTRIBUCION/94735.jpg,true
37832,ME1491,"COLOZIN® (LACTOBACILLUS PLANTARUM - PEDIOCOCCUS ACIDILACTICI) 150 mg (3,0 x 10⁹ ufc) X 30 CAPSULAS",https://mav.farmaciasaas.com/api/images/articulos/DISTRIBUCION/51786.jpg,true
37833,ME23524,COLVAL 4 mg X 12 COMPRIMIDOS,https://mav.farmaciasaas.com/api/images/articulos/DISTRIBUCION/8062.jpg,true
37834,ME32060,COLYPAN 200 mg X 10 TABLETAS,https://mav.farmaciasaas.com/api/images/articulos/DISTRIBUCION/16762.jpg,true
37835,HO1587,COMPLEJO DE VITAMINA B X 3 AMPOLLAS,https://mav.farmaciasaas.com/api/images/articulos/DISTRIBUCION/5118.jpg,true
37836,ME34013,CONEXINE 50 mg X 30 COMPRIMIDOS RECUBIERTOS,https://mav.farmaciasaas.com/api/images/articulos/DISTRIBUCION/29374.jpg,true
37837,ME43002,CONTRADOL 100 mg / mL SOLUCION ORAL,https://mav.farmaciasaas.com/api/images/articulos/DISTRIBUCION/50553.jpg,true
37838,ME28460,CORAZEM 60 mg X 20 TABLETAS RECUBIERTAS,https://mav.farmaciasaas.com/api/images/articulos/DISTRIBUCION/10134.jpg,true
37839,ME40574,CORBIS 10 mg X 30 COMPRIMIDOS RECUBIERTOS,https://mav.farmaciasaas.com/api/images/articulos/DISTRIBUCION/23009.jpg,true
37840,ME42767,CORBIS 5 mg X 30 COMPRIMIDOS RECUBIERTOS,https://mav.farmaciasaas.com/api/images/articulos/DISTRIBUCION/23008.jpg,true
37843,ME39494/2,"CORENTEL 1,25 mg X 10 COMPRIMIDOS RECUBIERTOS",https://mav.farmaciasaas.com/api/images/articulos/DISTRIBUCION/28209.jpg,true
37845,ME35620/3,CORENTEL 5 mg X 30 COMPRIMIDOS RECUBIERTOS,https://mav.farmaciasaas.com/api/images/articulos/DISTRIBUCION/10042.jpg,true
37846,ME35620/2,CORENTEL 5 mg X 10 COMPRIMIDOS RECUBIERTOS,https://mav.farmaciasaas.com/api/images/articulos/DISTRIBUCION/10024.jpg,true
37847,ME38312/2,"COROPRES HCT 16 mg - 12,5 mg X 10 COMPRIMIDOS",https://mav.farmaciasaas.com/api/images/articulos/DISTRIBUCION/28208.jpg,true
37848,ME38312/3,"COROPRES HCT 16 mg - 12,5 mg X 30 COMPRIMIDOS",https://mav.farmaciasaas.com/api/images/articulos/DISTRIBUCION/96010.jpg,true
37849,ME35926,COROPRES 8 mg X 30 COMPRIMIDOS,https://mav.farmaciasaas.com/api/images/articulos/DISTRIBUCION/98452.jpg,true
37851,ME31743,"COVENTROL 6,25 mg X 30 COMPRIMIDOS",https://mav.farmaciasaas.com/api/images/articulos/DISTRIBUCION/99167.jpg,true
37852,ME41808/2,CRISOMET 50 mg - 500 mg X 10 TABLETAS RECUBIERTAS,https://mav.farmaciasaas.com/api/images/articulos/DISTRIBUCION/16905.jpg,true
37853,ME41808/3,CRISOMET 50 mg - 500 mg X 30 TABLETAS RECUBIERTAS,https://mav.farmaciasaas.com/api/images/articulos/DISTRIBUCION/19232.jpg,true
37854,ME37867,CRISPLUS 120 mg X 30 CAPSULAS,https://mav.farmaciasaas.com/api/images/articulos/DISTRIBUCION/28167.jpg,true
37855,ME35933/2,"CURPINOL 6,25 mg X 10 COMPRIMIDOS",https://mav.farmaciasaas.com/api/images/articulos/DISTRIBUCION/26063.jpg,true
37856,ME35933/3,"CURPINOL 6,25 mg X 30 COMPRIMIDOS",https://mav.farmaciasaas.com/api/images/articulos/DISTRIBUCION/92400.jpg,true
37857,ME27157/2,CYPRAL 500 mg X 14 TABLETAS RECUBIERTAS,https://mav.farmaciasaas.com/api/images/articulos/DISTRIBUCION/3660.jpg,true
37858,ME27157/3,CYPRAL 500 mg X 20 TABLETAS RECUBIERTAS,https://mav.farmaciasaas.com/api/images/articulos/DISTRIBUCION/92798.jpg,true
37859,ME27452,CYPRAL 750 mg X 6 TABLETAS RECUBIERTAS,https://mav.farmaciasaas.com/api/images/articulos/DISTRIBUCION/11353.jpg,true
37860,ME42913,DALCITRIN 2 % UNGUENTO,https://mav.farmaciasaas.com/api/images/articulos/DISTRIBUCION/28692.jpg,true
37861,ME24979,DALPAS 5 mg X 30 TABLETAS,https://mav.farmaciasaas.com/api/images/articulos/DISTRIBUCION/6617.jpg,true
37862,ME30715/2,DALTAZEN 60 mg X 10 COMPRIMIDOS,https://mav.farmaciasaas.com/api/images/articulos/DISTRIBUCION/28478.jpg,true
37863,ME30715/3,DALTAZEN 60 mg X 20 COMPRIMIDOS,https://mav.farmaciasaas.com/api/images/articulos/DISTRIBUCION/1303.jpg,true
37864,ME30715/4,DALTAZEN 60 mg X 30 COMPRIMIDOS,https://mav.farmaciasaas.com/api/images/articulos/DISTRIBUCION/52575.jpg,true
37865,HO33373,DECA LENTERMINA COMPLEX SOLUCION INYECTABLE,https://mav.farmaciasaas.com/api/images/articulos/DISTRIBUCION/24816.jpg,true
37866,HO13931,DECALONA 4 mg / mL X 1 AMPOLLAS,https://mav.farmaciasaas.com/api/images/articulos/DISTRIBUCION/10111.jpg,true
37867,ME21267/2,"DECOBEL 0,5 mg X 10 TABLETAS",https://pccentro.net.ve/img/s/3/0/8/5/6/30856-large_default.webp,true
37868,ME21267/3,"DECOBEL 0,5 mg X 30 TABLETAS",https://mav.farmaciasaas.com/api/images/articulos/DISTRIBUCION/22694.jpg,true
37869,HO20294,DECOBEL 8 mg / 2 mL SOLUCION INYECTABLE,https://mav.farmaciasaas.com/api/images/articulos/DISTRIBUCION/94637.jpg,true
37870,ME42577,DEFLARIN 6 mg X 10 COMPRIMIDOS,https://mav.farmaciasaas.com/api/images/articulos/DISTRIBUCION/21048.jpg,true
37871,ME37306/2,DEFLAZACORT 30 mg X 10 TABLETAS,https://mav.farmaciasaas.com/api/images/articulos/DISTRIBUCION/22262.jpg,true
37872,ME37306/3,DEFLAZACORT 30 mg X 30 TABLETAS,https://mav.farmaciasaas.com/api/images/articulos/DISTRIBUCION/91498.jpg,true
37873,ME37255,DEFLAZACORT 6 mg X 10 TABLETAS,https://mav.farmaciasaas.com/api/images/articulos/DISTRIBUCION/91527.jpg,true
37874,ME32194/2,DEFLAZACORT 6 mg X 10 COMPRIMIDOS,https://pccentro.net.ve/img/s/8/9/7/4/3/89743-large_default.webp,true
37875,ME32194/3,DEFLAZACORT 6 mg X 30 COMPRIMIDOS,https://mav.farmaciasaas.com/api/images/articulos/DISTRIBUCION/52860.jpg,true
37876,ME34903,"DENCOFEN 1,16 % CREMA EN BASE GEL",https://mav.farmaciasaas.com/api/images/articulos/DISTRIBUCION/90093.jpg,true
37877,ME4931,DENCORUB CREMA,https://pccentro.net.ve/img/s/3/2/3/4/5/32345-large_default.webp,true
37878,ME38371,DENUAL 150 mg X 1 COMPRIMIDOS RECUBIERTOS,https://mav.farmaciasaas.com/api/images/articulos/DISTRIBUCION/94853.jpg,true
37879,ME43769,DEPOFEM 150mgmL X 1 AMPOLLAS,https://mav.farmaciasaas.com/api/images/articulos/DISTRIBUCION/28729.jpg,true
37880,ME25685,DERAIN 15 % CREMA,https://mav.farmaciasaas.com/api/images/articulos/DISTRIBUCION/8277.jpg,true
37881,ME37124,"DERMACORTINE 0,1 % CREMA",https://mav.farmaciasaas.com/api/images/articulos/DISTRIBUCION/93384.jpg,true
37882,MI37676,"DERMACORTINE 0,1 % EMULSION",https://pccentro.net.ve/img/s/8/1/9/9/5/81995-large_default.webp,true
37883,ME41291,"DERMAZOL 0,05 % LOCION CAPILAR",https://mav.farmaciasaas.com/api/images/articulos/DISTRIBUCION/15933.jpg,true
37884,ME38114,"DERMOSUPRIL C 0,1 % - 3 % CREMA TOPICA",https://mav.farmaciasaas.com/api/images/articulos/DISTRIBUCION/6130.jpg,true
37885,ME21432,"DERMOVATE 0,05 % CREMA",https://mav.farmaciasaas.com/api/images/articulos/DISTRIBUCION/28893.jpg,true
37886,ME41984,DEROVIT 1000 UI X 30 CAPSULAS BLANDAS,https://mav.farmaciasaas.com/api/images/articulos/DISTRIBUCION/25518.jpg,true
37887,HO44408,DESKEFLAS 50 mg / 2 mL X 3 AMPOLLAS,https://mav.farmaciasaas.com/api/images/articulos/DISTRIBUCION/53176.jpg,true
37888,ME44407,DESKEFLAS 25 mg X 10 TABLETAS RECUBIERTAS,https://mav.farmaciasaas.com/api/images/articulos/DISTRIBUCION/52476.jpg,true
37889,ME36632,DESLER 5 mg X 10 TABLETAS RECUBIERTAS,https://mav.farmaciasaas.com/api/images/articulos/DISTRIBUCION/18806.jpg,true
37890,ME34405/2,DESLORAT 5 mg X 10 TABLETAS RECUBIERTAS,https://mav.farmaciasaas.com/api/images/articulos/DISTRIBUCION/7176.jpg,true
37891,ME34405/3,DESLORAT 5 mg X 20 TABLETAS RECUBIERTAS,https://mav.farmaciasaas.com/api/images/articulos/DISTRIBUCION/8041.jpg,true
37892,ME36268,DESLORATADINA 2.5mg/5ml X 10 JARABE,https://mav.farmaciasaas.com/api/images/articulos/DISTRIBUCION/8481.jpg,true
37893,ME36998,"DESLORATADINA 2,5 mg / 5 mL JARABE",https://pccentro.net.ve/img/s/7/4/5/1/9/74519-large_default.webp,true
37894,ME37996,DESLORATADINA 5 mg X 10 TABLETAS RECUBIERTAS,https://mav.farmaciasaas.com/api/images/articulos/DISTRIBUCION/97003.jpg,true
37895,ME35486,DESLORATADINA 5 mg X 10 COMPRIMIDOS RECUBIERTOS,https://mav.farmaciasaas.com/api/images/articulos/DISTRIBUCION/8560.jpg,true
37896,ME43543,MONTELUKAST - DESLORATADINA 10 mg - 5 mg X 10 TABLETAS RECUBIERTAS,https://pccentro.net.ve/img/s/7/2/5/2/6/72526-large_default.webp,true
37897,ME44106,"DESONIDA 0,1% CREMA ",https://mav.farmaciasaas.com/api/images/articulos/DISTRIBUCION/23011.jpg,true
37898,ME44013,DESTREL 75 mcg X 28 COMPRIMIDOS RECUBIERTOS,https://mav.farmaciasaas.com/api/images/articulos/DISTRIBUCION/50861.jpg,true
37899,ME42492/2,DEXAMETASONA 4 mg X 10 COMPRIMIDOS,https://mav.farmaciasaas.com/api/images/articulos/DISTRIBUCION/53504.jpg,true
37900,ME42492/3,DEXAMETASONA 4 mg X 100 COMPRIMIDOS,https://mav.farmaciasaas.com/api/images/articulos/DISTRIBUCION/25079.jpg,true
37901,HO42510,DEXAMETASONA FOSFATO SODICO 4 mg / mL SOLUCION INYECTABLE,https://mav.farmaciasaas.com/api/images/articulos/DISTRIBUCION/23086.jpg,true
37902,HO42502,DEXAMETASONA FOSFATO SODICO 8 mg / 2 mL SOLUCION INYECTABLE,https://mav.farmaciasaas.com/api/images/articulos/DISTRIBUCION/23087.jpg,true
37903,HO43012,DEXAMETASONA FOSFATO 8 mg / 2 mL X 1 AMPOLLAS,https://mav.farmaciasaas.com/api/images/articulos/DISTRIBUCION/53308.jpg,true
37904,HO42601,DEXAMETASONA 8 mg / 2 mL X 10 AMPOLLAS,https://mav.farmaciasaas.com/api/images/articulos/DISTRIBUCION/23875.jpg,true
37905,ME26356,"DEXAMETASONA 0,5 mg X 30 TABLETAS",https://mav.farmaciasaas.com/api/images/articulos/DISTRIBUCION/54029.jpg,true
37906,ME44066,DEXKETOPROFENO 25 mg / 10 mL X 20 SOLUCION ORAL,https://mav.farmaciasaas.com/api/images/articulos/DISTRIBUCION/52496.jpg,true
37908,ME14784,"PREVERAL  CON  DEXTROMETORFANO 6,25 mg-15,00 mg/5ml JARABE PEDIATRICO",https://mav.farmaciasaas.com/api/images/articulos/DISTRIBUCION/9120.jpg,true
37909,ME42537,DEXTROMETORFANO 15 mg / 5 mL JARABE,https://mav.farmaciasaas.com/api/images/articulos/DISTRIBUCION/26399.jpg,true
37910,ME40663,PREVERAL CON DEXTROMETORFANO 3 mg - 15 mg / 5 mL SOLUCION ORAL,https://pccentro.net.ve/img/s/8/1/4/4/4/81444-large_default.webp,true
37911,HO39066,DEXTROSA 50 % SOLUCION INYECTABLE IV,https://mav.farmaciasaas.com/api/images/articulos/DISTRIBUCION/53793.jpg,true
37913,ME43584,DIACEREINA 50 mg X 10 CAPSULAS,https://mav.farmaciasaas.com/api/images/articulos/DISTRIBUCION/50231.jpg,true
37914,ME38358,DIAFORMINA 1000 mg X 30 COMPRIMIDOS RECUBIERTOS,https://mav.farmaciasaas.com/api/images/articulos/DISTRIBUCION/95456.jpg,true
37915,ME30872,DIAFORMINA 500 mg X 30 COMPRIMIDOS RECUBIERTOS,https://mav.farmaciasaas.com/api/images/articulos/DISTRIBUCION/50991.jpg,true
37916,HO33474/2,DIAGESIC 75 mg / 3 mL X 1 AMPOLLAS,https://mav.farmaciasaas.com/api/images/articulos/DISTRIBUCION/51210.jpg,true
37917,HO33474/3,DIAGESIC 75 mg / 3 mL X 2 AMPOLLAS,https://mav.farmaciasaas.com/api/images/articulos/DISTRIBUCION/6136.jpg,true
37920,ME25910,DIARONA 200 mg X 10 TABLETAS,https://mav.farmaciasaas.com/api/images/articulos/DISTRIBUCION/7335.jpg,true
37921,ME44533,Dicarvex 25mg X 30 Tabletas,https://pccentro.net.ve/img/s/8/3/8/7/9/83879-large_default.webp,true
37922,ME43814,"Diclodex 1,8 mg/mL Suspensión Oral",https://pccentro.net.ve/img/s/8/0/4/5/4/80454-large_default.webp,true
37923,ME36464,DICLODEX 50 mg X 20 TABLETAS RECUBIERTAS,https://mav.farmaciasaas.com/api/images/articulos/DISTRIBUCION/90913.jpg,true
37924,MI35435/2,DICLOFENAC POT X 6 UNIDADES,https://pccentro.net.ve/img/s/8/0/5/8/7/80587-large_default.webp,true
37925,MI35435/3,DICLOFENAC POT X 10 UNIDADES,https://pccentro.net.ve/img/s/8/0/5/8/7/80587-large_default.webp,true
37926,MI35435/4,DICLOFENAC POT X 30 UNIDADES,https://pccentro.net.ve/img/s/8/0/5/8/7/80587-large_default.webp,true
37927,HO36803/2,DICLOFENACO SODICO 75mg/3ml X 1 AMPOLLAS,https://pccentro.net.ve/img/s/9/5/7/9/2/95792-large_default.webp,true
37928,HO36803/3,DICLOFENACO SODICO 75mg/3ml X 10 AMPOLLAS,https://mav.farmaciasaas.com/api/images/articulos/DISTRIBUCION/53115.jpg,true
37929,ME43045/2,DICLOFENACO POTASICO 50 mg X 10 TABLETAS RECUBIERTAS,https://mav.farmaciasaas.com/api/images/articulos/DISTRIBUCION/54424.jpg,true
37930,ME43045/4,DICLOFENACO POTASICO 50 mg X 30 TABLETAS RECUBIERTAS,https://pccentro.net.ve/img/s/5/2/9/3/1/52931-large_default.webp,true
37931,ME43045/3,DICLOFENACO POTASICO 50 mg X 20 TABLETAS RECUBIERTAS,https://pccentro.net.ve/img/s/5/2/9/3/1/52931-large_default.webp,true
37932,ME28851,DICLOFENAC SODICO 50 mg X 20 TABLETAS CON RECUBRIMIENTO ENTERICO,https://mav.farmaciasaas.com/api/images/articulos/DISTRIBUCION/20513.jpg,true
37933,ME29516,DICLOFENAC SODICO 50 mg TABLETAS RECUBIERTAS,https://pccentro.net.ve/img/s/5/2/9/3/1/52931-large_default.webp,true
37934,ME43099,DICLOFENACO POTASICO 50 mg X 20 TABLETAS CON RECUBRIMIENTO ENTERICO,https://mav.farmaciasaas.com/api/images/articulos/DISTRIBUCION/20512.jpg,true
37936,ME39086,DIECAPS 120 mg X 30 CAPSULAS,https://mav.farmaciasaas.com/api/images/articulos/DISTRIBUCION/94852.jpg,true
37937,ME40899,DIECAPS 60 mg X 30 CAPSULAS,https://mav.farmaciasaas.com/api/images/articulos/DISTRIBUCION/17245.jpg,true
37938,ME29117/2,DIFEN X 10 TABLETAS RECUBIERTAS,https://pccentro.net.ve/img/s/2/1/1/0/1/21101-large_default.webp,true
37939,ME29117/3,DIFEN X 20 TABLETAS RECUBIERTAS,https://pccentro.net.ve/img/s/2/1/1/0/1/21101-large_default.webp,true
37940,ME27774,DIFENAC 1 % GEL,https://mav.farmaciasaas.com/api/images/articulos/DISTRIBUCION/8417.jpg,true
37941,ME41496,DIGLET 1000 U.I. X 30 COMPRIMIDOS ORODISPERSABLES,https://mav.farmaciasaas.com/api/images/articulos/DISTRIBUCION/28637.jpg,true
37942,ME42648,DIGLET 5000 U.I. X 10 COMPRIMIDOS RECUBIERTOS,https://mav.farmaciasaas.com/api/images/articulos/DISTRIBUCION/52638.jpg,true
37943,ME42496,DIGLET 200 UI SOLUCION ORAL,https://mav.farmaciasaas.com/api/images/articulos/DISTRIBUCION/52147.jpg,true
37944,ME32831,DIKLASON 100 mg X 20 COMPRIMIDOS DE ACCION PROLONGADA,https://mav.farmaciasaas.com/api/images/articulos/DISTRIBUCION/13042.jpg,true
37945,ME43230,DIKLASON BI 150 mg X 10 COMPRIMIDOS DE LIBERACION CONTROLADA,https://mav.farmaciasaas.com/api/images/articulos/DISTRIBUCION/50303.jpg,true
37946,ME34580,"DIKLASON 1,8 mg / mL SUSPENSION ORAL",https://pccentro.net.ve/img/s/8/0/5/8/7/80587-large_default.webp,true
37947,ME27240,DILOTEX 5 mg X 30 COMPRIMIDOS,https://mav.farmaciasaas.com/api/images/articulos/DISTRIBUCION/50518.jpg,true
37948,ME27234,DILOTEX 10 mg X 10 COMPRIMIDOS,https://mav.farmaciasaas.com/api/images/articulos/DISTRIBUCION/9889.jpg,true
37949,ME42159,DILUXEN 60 mg X 20 TABLETAS,https://pccentro.net.ve/img/s/2/4/5/9/9/24599-large_default.webp,true
37950,ME43969/4,DIOSMINA 600 mg X 30 COMPRIMIDOS RECUBIERTOS,https://mav.farmaciasaas.com/api/images/articulos/DISTRIBUCION/53053.jpg,true
37951,ME43969/2,DIOSMINA 600 mg X 10 COMPRIMIDOS RECUBIERTOS,https://mav.farmaciasaas.com/api/images/articulos/DISTRIBUCION/50161.jpg,true
37952,ME43969/3,DIOSMINA 600 mg X 15 COMPRIMIDOS RECUBIERTOS,https://pccentro.net.ve/img/s/8/3/9/3/8/83938-large_default.webp,true
37953,ME38177/3,DIOSMINA 600 mg X 28 TABLETAS RECUBIERTAS,https://mav.farmaciasaas.com/api/images/articulos/DISTRIBUCION/29796.jpg,true
37954,ME38177/2,DIOSMINA 600 mg X 14 TABLETAS RECUBIERTAS,https://mav.farmaciasaas.com/api/images/articulos/DISTRIBUCION/97147.jpg,true
37955,ME38177/4,DIOSMINA 600 mg X 30 TABLETAS RECUBIERTAS,https://pccentro.net.ve/img/s/8/3/9/3/8/83938-large_default.webp,true
37956,ME36420,DIOSMINA - HESPERIDINA 450 mg - 50 mg X 30 TABLETAS RECUBIERTAS,https://mav.farmaciasaas.com/api/images/articulos/DISTRIBUCION/24807.jpg,true
37957,ME40371,DIOSMINA-HESPERIDINA 450 mg-50 mg COMPRIMIDOS RECUBIERTOS,https://mav.farmaciasaas.com/api/images/articulos/DISTRIBUCION/52910.jpg,true
37958,HO30051,DIPIDOL 500 mg / mL X 3 AMPOLLAS,https://mav.farmaciasaas.com/api/images/articulos/DISTRIBUCION/52497.jpg,true
37959,ME42021,DIPLOZ 1 mg X 30 TABLETAS RECUBIERTAS,https://mav.farmaciasaas.com/api/images/articulos/DISTRIBUCION/22057.jpg,true
37960,ME37926,PENTASA 500 mg X 30 COMPRIMIDOS DE LIBERACION PROLONGADA,https://mav.farmaciasaas.com/api/images/articulos/DISTRIBUCION/54489.jpg,true
37961,ME30873,"DOBET 2 % - 0,5 % SOLUCION OFTALMICA",https://mav.farmaciasaas.com/api/images/articulos/DISTRIBUCION/843.jpg,true
37962,ME40299/3,DOBRACID 300 mg X 30 COMPRIMIDOS RECUBIERTOS DE LIBERACION PROLONGADA,https://mav.farmaciasaas.com/api/images/articulos/DISTRIBUCION/16483.jpg,true
37963,ME40299/2,DOBRACID 300 mg X 10 COMPRIMIDOS RECUBIERTOS DE LIBERACION PROLONGADA,https://mav.farmaciasaas.com/api/images/articulos/DISTRIBUCION/50498.jpg,true
37964,HO42487,DOBUTAMINA 250 mg / 5 mL X 5 AMPOLLAS,https://mav.farmaciasaas.com/api/images/articulos/DISTRIBUCION/51161.jpg,true
37965,ME26655/3,DOL X 10 TABLETAS RECUBIERTAS,https://pccentro.net.ve/img/s/2/1/1/0/1/21101-large_default.webp,true
37966,ME26655/4,DOL X 20 TABLETAS RECUBIERTAS,https://pccentro.net.ve/img/s/2/1/1/0/1/21101-large_default.webp,true
37967,ME26655/2,DOL X 4 TABLETAS RECUBIERTAS,https://pccentro.net.ve/img/s/2/1/1/0/1/21101-large_default.webp,true
37968,ME27426/3,DOLAK 10 mg X 20 COMPRIMIDOS,https://mav.farmaciasaas.com/api/images/articulos/DISTRIBUCION/2586.jpg,true
37969,ME27426/2,DOLAK 10 mg X 10 COMPRIMIDOS,https://mav.farmaciasaas.com/api/images/articulos/DISTRIBUCION/2349.jpg,true
37970,ME27438,DOLAK 20 mg X 10 COMPRIMIDOS RECUBIERTOS,https://mav.farmaciasaas.com/api/images/articulos/DISTRIBUCION/10812.jpg,true
37972,ME32091,DOLKIDS 160 mg X 20 TABLETAS MASTICABLES,https://mav.farmaciasaas.com/api/images/articulos/DISTRIBUCION/5370.jpg,true
37973,ME42184,DOLNIX 150 mg X 20 CAPSULAS,https://mav.farmaciasaas.com/api/images/articulos/DISTRIBUCION/51126.jpg,true
37974,ME44581/2,Domperidona 10mg X 10 Tabletas,https://mav.farmaciasaas.com/api/images/articulos/DISTRIBUCION/53481.jpg,true
37975,ME44581/3,Domperidona 10mg X 15 Tabletas,https://mav.farmaciasaas.com/api/images/articulos/DISTRIBUCION/11636.jpg,true
37976,ME44581/4,Domperidona 10mg X 30 Tabletas,https://mav.farmaciasaas.com/api/images/articulos/DISTRIBUCION/99579/99579.jpg,true
37977,ME36325,DOMPESIN 10 mg X 30 COMPRIMIDOS,https://mav.farmaciasaas.com/api/images/articulos/DISTRIBUCION/11584.jpg,true
37978,ME38983,DOMPESIN 1 mg / mL SUSPENSION,https://mav.farmaciasaas.com/api/images/articulos/DISTRIBUCION/94774.jpg,true
37979,ME44460/3,DONEPEZILO CLORHIDRATO 10 mg X 56 CÁPSULAS,https://mav.farmaciasaas.com/api/images/articulos/DISTRIBUCION/25141.jpg,true
37980,ME44460/2,DONEPEZILO CLORHIDRATO 10 mg X 10 CÁPSULAS,https://mav.farmaciasaas.com/api/images/articulos/DISTRIBUCION/51311.jpg,true
37981,ME32119/4,DORIXINA FLEX 125 mg - 5 mg X 20 COMPRIMIDOS RECUBIERTOS,https://mav.farmaciasaas.com/api/images/articulos/DISTRIBUCION/50180.jpg,true
37982,ME32119/2,DORIXINA FLEX 125 mg - 5 mg X 5 COMPRIMIDOS RECUBIERTOS,https://mav.farmaciasaas.com/api/images/articulos/DISTRIBUCION/29269.jpg,true
37983,ME32119/3,DORIXINA FLEX 125 mg - 5 mg X 10 COMPRIMIDOS RECUBIERTOS,https://mav.farmaciasaas.com/api/images/articulos/DISTRIBUCION/4116.jpg,true
37984,ME43060,DOXICICLINA 100 mg X 10 CAPSULAS,https://mav.farmaciasaas.com/api/images/articulos/DISTRIBUCION/27620.jpg,true
37986,ME21021,DOXIUM 500 mg X 30 CAPSULAS,https://mav.farmaciasaas.com/api/images/articulos/DISTRIBUCION/52056.jpg,true
37988,ME32615/3,DUROVAL 50 mg X 2 TABLETAS RECUBIERTAS,https://mav.farmaciasaas.com/api/images/articulos/DISTRIBUCION/22796.jpg,true
37989,ME32615/2,DUROVAL 50 mg X 1 TABLETAS RECUBIERTAS,https://mav.farmaciasaas.com/api/images/articulos/DISTRIBUCION/2798.jpg,true
37990,ME32615/4,DUROVAL 50 mg X 3 TABLETAS RECUBIERTAS,https://mav.farmaciasaas.com/api/images/articulos/DISTRIBUCION/2821.jpg,true
37992,ME44389/2,"TAMSULON DUO 0,5 mg - 0,4 mg X 10 CÁPSULAS DE LIBERACION PROLONGADA",https://mav.farmaciasaas.com/api/images/articulos/DISTRIBUCION/54212.jpg,true
37994,ME11176,DUVADILAN 10 mg X 30 COMPRIMIDOS,https://mav.farmaciasaas.com/api/images/articulos/DISTRIBUCION/1300.jpg,true
37995,ME36415,EDAGAN 200 mg X 30 COMPRIMIDOS RECUBIERTOS,https://mav.farmaciasaas.com/api/images/articulos/DISTRIBUCION/90689.jpg,true
37996,ME36330,EDAGAN 25 mg X 30 COMPRIMIDOS RECUBIERTOS,https://mav.farmaciasaas.com/api/images/articulos/DISTRIBUCION/90687.jpg,true
37997,HO30096,EDEMID 10 mg / mL X 5 AMPOLLAS,https://mav.farmaciasaas.com/api/images/articulos/DISTRIBUCION/2361.jpg,true
38000,ME26688,ENALAPRIL MALEATO 10 mg X 20 COMPRIMIDOS RECUBIERTOS,https://mav.farmaciasaas.com/api/images/articulos/DISTRIBUCION/23682.jpg,true
38003,ME34887,ENALAPRIL MALEATO 10 mg X 30 TABLETAS,https://mav.farmaciasaas.com/api/images/articulos/DISTRIBUCION/26952.jpg,true
38004,ME26416/2,ENALAPRIL 20 mg X 20 TABLETAS,https://mav.farmaciasaas.com/api/images/articulos/DISTRIBUCION/7965.jpg,true
38005,ME26416/3,ENALAPRIL 20 mg X 30 TABLETAS,https://mav.farmaciasaas.com/api/images/articulos/DISTRIBUCION/99636.jpg,true
38006,ME34824,ENALAPRIL MALEATO 20 mg X 30 TABLETAS,https://mav.farmaciasaas.com/api/images/articulos/DISTRIBUCION/13265.jpg,true
38007,ME44613,"ENALAPRIL MALEATO - HIDROCLOROTIAZIDA 20 mg - 12,5 mg TABLETAS",https://mav.farmaciasaas.com/api/images/articulos/DISTRIBUCION/54045.jpg,true
38008,ME1103,ENTEROGERMINA (ESPORAS DE BACILLUS CLAUSII) 2 MILLARDOS / 5 mL X 10 SUSPENSION ORAL,https://mav.farmaciasaas.com/api/images/articulos/DISTRIBUCION/52162.jpg,true
38009,ME43715,EPITRAL 25 MG X 30 TABLETAS,https://mav.farmaciasaas.com/api/images/articulos/DISTRIBUCION/52494.jpg,true
38010,ME42128,EPITRAL 100 mg X 30 TABLETAS,https://mav.farmaciasaas.com/api/images/articulos/DISTRIBUCION/20035.jpg,true
38011,ME42127,EPITRAL 50 mg X 30 TABLETAS,https://mav.farmaciasaas.com/api/images/articulos/DISTRIBUCION/20036.jpg,true
38013,ME39415,"ERILON 0,05 % CREMA",https://mav.farmaciasaas.com/api/images/articulos/DISTRIBUCION/5842.jpg,true
38014,ME37000,ERITROMICINA 500 mg X 10 TABLETAS RECUBIERTAS,https://mav.farmaciasaas.com/api/images/articulos/DISTRIBUCION/52542.jpg,true
38015,ME40959/4,ESCITALOPRAM 10 mg X 56 COMPRIMIDOS RECUBIERTOS,https://mav.farmaciasaas.com/api/images/articulos/DISTRIBUCION/22243.jpg,true
38016,ME40959/2,ESCITALOPRAM 10 mg X 14 COMPRIMIDOS RECUBIERTOS,https://mav.farmaciasaas.com/api/images/articulos/DISTRIBUCION/23490.jpg,true
38017,ME40959/3,ESCITALOPRAM 10 mg X 30 COMPRIMIDOS RECUBIERTOS,https://mav.farmaciasaas.com/api/images/articulos/DISTRIBUCION/25666.jpg,true
38018,ME40960/3,ESCITALOPRAM 20 mg X 30 COMPRIMIDOS RECUBIERTOS,https://pccentro.net.ve/img/s/2/4/7/2/5/24725-large_default.webp,true
38019,ME40960/2,ESCITALOPRAM 20 mg X 28 COMPRIMIDOS RECUBIERTOS,https://mav.farmaciasaas.com/api/images/articulos/DISTRIBUCION/53635.jpg,true
38020,ME40835,ESCITALOPRAM 1 mg/mL SOLUCION ORAL,https://mav.farmaciasaas.com/api/images/articulos/DISTRIBUCION/19850.jpg,true
38021,ME38504/3,ESCITALOPRAM 10 mg X 30 TABLETAS RECUBIERTAS,https://mav.farmaciasaas.com/api/images/articulos/DISTRIBUCION/50532.jpg,true
38022,ME38504/2,ESCITALOPRAM 10 mg X 28 TABLETAS RECUBIERTAS,https://mav.farmaciasaas.com/api/images/articulos/DISTRIBUCION/22208.jpg,true
38023,ME41771/3,ESCITALOPRAM 20 mg X 30 TABLETAS RECUBIERTAS,https://mav.farmaciasaas.com/api/images/articulos/DISTRIBUCION/50533.jpg,true
38024,ME41771/2,ESCITALOPRAM 20 mg X 14 TABLETAS RECUBIERTAS,https://mav.farmaciasaas.com/api/images/articulos/DISTRIBUCION/29792.jpg,true
38025,ME43340,ESCITALOPRAM 5 mg X 30 TABLETAS RECUBIERTAS,https://mav.farmaciasaas.com/api/images/articulos/DISTRIBUCION/25665.jpg,true
38026,ME43163,ESCITALOPRAM 10 mg X 28 TABLETAS RECUBIERTAS,https://pccentro.net.ve/img/s/7/2/4/9/3/72493-large_default.webp,true
38027,ME40578,ESMIRTAL 20 mg X 30 COMPRIMIDOS RECUBIERTOS,https://mav.farmaciasaas.com/api/images/articulos/DISTRIBUCION/54449.jpg,true
38028,ME44181,ESOCOF 10 mg X 30 TABLETAS RECUBIERTAS,https://mav.farmaciasaas.com/api/images/articulos/DISTRIBUCION/54292.jpg,true
38029,ME35847/2,ESOMEPRAZOL 40mg X 10 TABLETAS RECUBIERTAS,https://mav.farmaciasaas.com/api/images/articulos/DISTRIBUCION/53297.jpg,true
38030,ME35847/5,ESOMEPRAZOL 40mg X 20 TABLETAS RECUBIERTAS,https://mav.farmaciasaas.com/api/images/articulos/DISTRIBUCION/52764.jpg,true
38031,ME35847/4,ESOMEPRAZOL 40mg X 16 TABLETAS RECUBIERTAS,https://mav.farmaciasaas.com/api/images/articulos/DISTRIBUCION/52333.jpg,true
38032,ME35847/3,ESOMEPRAZOL 40mg X 14 TABLETAS RECUBIERTAS,https://mav.farmaciasaas.com/api/images/articulos/DISTRIBUCION/24174.jpg,true
38033,ME37458/2,ESOMEPRAZOL 20 mg X 16 CAPSULAS CON MICROGRANULOS DE LIBERACION ENTERICA,https://mav.farmaciasaas.com/api/images/articulos/DISTRIBUCION/52348.jpg,true
38034,ME37458/3,ESOMEPRAZOL 20 mg X 28 CAPSULAS CON MICROGRANULOS DE LIBERACION ENTERICA,https://mav.farmaciasaas.com/api/images/articulos/DISTRIBUCION/52332.jpg,true
38035,ME38579,ESOMEPRAZOL 20 mg X 20 TABLETAS CON CUBIERTA ENTERICA,https://mav.farmaciasaas.com/api/images/articulos/DISTRIBUCION/52580.jpg,true
38036,ME35130/3,ESOMEPRAZOL 20 mg X 20 TABLETAS RECUBIERTAS,https://mav.farmaciasaas.com/api/images/articulos/DISTRIBUCION/96831.jpg,true
38037,ME35130/2,ESOMEPRAZOL 20 mg X 14 TABLETAS RECUBIERTAS,https://mav.farmaciasaas.com/api/images/articulos/DISTRIBUCION/24141.jpg,true
38038,ME35407/3,ESOZ 20 mg X 14 TABLETAS RECUBIERTAS,https://mav.farmaciasaas.com/api/images/articulos/DISTRIBUCION/98439/98439.jpg,true
38039,ME35407/4,ESOZ 20 mg X 28 TABLETAS RECUBIERTAS,https://mav.farmaciasaas.com/api/images/articulos/DISTRIBUCION/98438/98438.jpg,true
38040,ME35407/2,ESOZ 20 mg X 7 TABLETAS RECUBIERTAS,https://mav.farmaciasaas.com/api/images/articulos/DISTRIBUCION/18359.jpg,true
38041,ME34984/3,ESOZ 40 mg X 14 TABLETAS RECUBIERTAS DE LIBERACION RETARDADA,https://mav.farmaciasaas.com/api/images/articulos/DISTRIBUCION/97637/97637.jpg,true
38042,ME34984/4,ESOZ 40 mg X 28 TABLETAS RECUBIERTAS DE LIBERACION RETARDADA,https://mav.farmaciasaas.com/api/images/articulos/DISTRIBUCION/97588/97588.jpg,true
38043,ME34984/2,ESOZ 40 mg X 7 TABLETAS RECUBIERTAS DE LIBERACION RETARDADA,https://mav.farmaciasaas.com/api/images/articulos/DISTRIBUCION/18360.jpg,true
38044,ME35208,"ESPARFLIN 0,5 mg / mL X 10 JARABE",https://pccentro.net.ve/img/s/2/2/8/7/2/22872-large_default.webp,true
38045,ME33352/2,ESPIRONOLACTONA 25 mg X 10 TABLETAS,https://mav.farmaciasaas.com/api/images/articulos/DISTRIBUCION/50567.jpg,true
38046,ME33352/4,ESPIRONOLACTONA 25 mg X 30 TABLETAS,https://mav.farmaciasaas.com/api/images/articulos/DISTRIBUCION/51325.jpg,true
38047,ME33352/3,ESPIRONOLACTONA 25 mg X 20 TABLETAS,https://mav.farmaciasaas.com/api/images/articulos/DISTRIBUCION/5474.jpg,true
38048,ME43795,ESQUIDONE 1 mg/mL X 30 SOLUCIÓN ORAL,https://mav.farmaciasaas.com/api/images/articulos/DISTRIBUCION/98679.jpg,true
38049,ME40159,ESQUIDONE 2 mg X 30 TABLETAS RECUBIERTAS,https://mav.farmaciasaas.com/api/images/articulos/DISTRIBUCION/98680.jpg,true
38050,ME39561,ESQUIDONE 3 mg X 30 TABLETAS RECUBIERTAS,https://mav.farmaciasaas.com/api/images/articulos/DISTRIBUCION/98681.jpg,true
38051,ME41333,ETORICOXIB 60 mg X 10 TABLETAS RECUBIERTAS,https://mav.farmaciasaas.com/api/images/articulos/DISTRIBUCION/18990.jpg,true
38052,ME41306,ETORICOXIB 90 mg X 10 TABLETAS RECUBIERTAS,https://mav.farmaciasaas.com/api/images/articulos/DISTRIBUCION/18572.jpg,true
38053,ME39929,EUKENE 40 mg X 30 COMPRIMIDOS RECUBIERTOS,https://mav.farmaciasaas.com/api/images/articulos/DISTRIBUCION/27093.jpg,true
38054,ME42010,"EUKENE HCT 40 mg - 12,5 mg X 30 COMPRIMIDOS RECUBIERTOS",https://mav.farmaciasaas.com/api/images/articulos/DISTRIBUCION/26422.jpg,true
38055,ME42009,EUKENE HCT 40 mg - 25 mg X 30 COMPRIMIDOS RECUBIERTOS,https://mav.farmaciasaas.com/api/images/articulos/DISTRIBUCION/26420.jpg,true
38056,ME23115/3,EUSILEN 4 mg X 15 COMPRIMIDOS,https://mav.farmaciasaas.com/api/images/articulos/DISTRIBUCION/97144.jpg,true
38057,ME23115/2,EUSILEN 4 mg X 8 COMPRIMIDOS,https://mav.farmaciasaas.com/api/images/articulos/DISTRIBUCION/8831.jpg,true
38058,ME39742,EUTEBROL 20 mg X 30 COMPRIMIDOS,https://mav.farmaciasaas.com/api/images/articulos/DISTRIBUCION/28314.jpg,true
38059,ME44070,EVABOLIN 25 mg X 30 TABLETAS RECUBIERTAS,https://mav.farmaciasaas.com/api/images/articulos/DISTRIBUCION/53346.jpg,true
38060,ME43622,EXOM 20 MG X 14 CAPSULAS CON MICROGRANULOS GASTRORRESISTENTES,https://mav.farmaciasaas.com/api/images/articulos/DISTRIBUCION/24978.jpg,true
38061,ME43210,EXOVIS DUO 875 mg - 125 mg X 14 TABLETAS RECUBIERTAS,https://mav.farmaciasaas.com/api/images/articulos/DISTRIBUCION/22553.jpg,true
38062,ME43398,EZOLIUM 20 mg X 30 CAPSULAS,https://mav.farmaciasaas.com/api/images/articulos/DISTRIBUCION/93948.jpg,true
38063,ME43399,EZOLIUM 40 mg X 30 CAPSULAS,https://mav.farmaciasaas.com/api/images/articulos/DISTRIBUCION/93949.jpg,true
38064,ME28167,FAMULCER 40 mg X 10 TABLETAS,https://mav.farmaciasaas.com/api/images/articulos/DISTRIBUCION/6884.jpg,true
38065,ME37251,FARBICIL 1 % CREMA,https://mav.farmaciasaas.com/api/images/articulos/DISTRIBUCION/91417.jpg,true
38066,ME42311,FEBRATIC 15 mg/mL SUSPENSION ORAL,https://mav.farmaciasaas.com/api/images/articulos/DISTRIBUCION/26062.jpg,true
38067,ME31439,FEBRILIX 120mg / 5mL SOLUCION ORAL,https://mav.farmaciasaas.com/api/images/articulos/DISTRIBUCION/8453.jpg,true
38068,ME32558,FEBRILIX 500 mg X 20 TABLETAS,https://mav.farmaciasaas.com/api/images/articulos/DISTRIBUCION/7037.jpg,true
38069,ME43813,FEBRIP 500 mg X 20 COMPRIMIDOS,https://mav.farmaciasaas.com/api/images/articulos/DISTRIBUCION/54399.jpg,true
38070,ME42457,FEBRIP 180 mg / 5 mL SOLUCION ORAL,https://mav.farmaciasaas.com/api/images/articulos/DISTRIBUCION/27532.jpg,true
38071,ME39949,FEMMEXTRA 200 mg - 10 mg X 10 CAPSULAS,https://pccentro.net.ve/img/s/3/0/7/4/8/30748-large_default.webp,true
38073,HO35889/3,FENITOINA SODICA 250 mg / 5 mL X 30 AMPOLLAS,https://mav.farmaciasaas.com/api/images/articulos/DISTRIBUCION/53246.jpg,true
38074,HO35889/2,FENITOINA SODICA 250 mg / 5 mL X 10 AMPOLLAS,https://pccentro.net.ve/img/s/7/2/5/4/7/72547-large_default.webp,true
38076,ME27405/3,FERGANIC 40 mg X 24 CAPSULAS,https://mav.farmaciasaas.com/api/images/articulos/DISTRIBUCION/8790.jpg,true
38077,ME27405/4,FERGANIC 40 mg X 30 CAPSULAS,https://mav.farmaciasaas.com/api/images/articulos/DISTRIBUCION/53159.jpg,true
38078,ME27552,FERGANIC 20 mg / mL SOLUCION ORAL,https://mav.farmaciasaas.com/api/images/articulos/DISTRIBUCION/8791.jpg,true
38079,ME33240/3,FERGANIC FOLIC 40 mg - 360 mcg / 15 mL X 20 JARABE,https://mav.farmaciasaas.com/api/images/articulos/DISTRIBUCION/52465.jpg,true
38080,ME33240/2,FERGANIC FOLIC 40 mg - 360 mcg / 15 mL X 1 JARABE,https://mav.farmaciasaas.com/api/images/articulos/DISTRIBUCION/3970.jpg,true
38081,ME33240/4,FERGANIC FOLIC 40 mg - 360 mcg / 15 mL X 30 JARABE,https://pccentro.net.ve/img/s/7/5/7/3/4/75734-large_default.webp,true
38083,HO43195,FERGANIC 100 mg / 5 mL X 1 AMPOLLAS,https://mav.farmaciasaas.com/api/images/articulos/DISTRIBUCION/52639.jpg,true
38084,ME14878,FERROCE 300 mg - 50 mg X 30 TABLETAS ENTERICAS,https://pccentro.net.ve/img/s/7/5/8/1/6/75816-large_default.webp,true
38085,ME13615,FERROCE CON B12 JARABE,https://pccentro.net.ve/img/s/7/6/8/0/5/76805-large_default.webp,true
38086,ME1319/2,FESTAL (PANCREATINA DE ORIGEN PORCINO) X 10 GRAGEAS,https://mav.farmaciasaas.com/api/images/articulos/DISTRIBUCION/90997.jpg,true
38087,ME1319/3,FESTAL (PANCREATINA DE ORIGEN PORCINO) X 20 GRAGEAS,https://mav.farmaciasaas.com/api/images/articulos/DISTRIBUCION/1515.jpg,true
38088,ME36163,FEXOFENADINA CLORHIDRATO 180 mg X 10 TABLETAS RECUBIERTAS,https://mav.farmaciasaas.com/api/images/articulos/DISTRIBUCION/28713.jpg,true
38089,ME36180,FEXOFENADINA CLORHIDRATO 120 mg X 10 TABLETAS RECUBIERTAS,https://mav.farmaciasaas.com/api/images/articulos/DISTRIBUCION/92005.jpg,true
38090,ME41359,FEXORAT 30 mg / 5 mL SUSPENSION ORAL,https://mav.farmaciasaas.com/api/images/articulos/DISTRIBUCION/53627.jpg,true
38091,ME30089,FINASTERIDE 5 mg X 30 TABLETAS RECUBIERTAS,https://mav.farmaciasaas.com/api/images/articulos/DISTRIBUCION/12033.jpg,true
38092,ME784,NIAZOL 1mg / mL X 10 SOLUCION NASAL,https://mav.farmaciasaas.com/api/images/articulos/DISTRIBUCION/22217.jpg,true
38093,ME13715,MONOSULPA X 260 SOLUCION NASAL,https://mav.farmaciasaas.com/api/images/articulos/DISTRIBUCION/23647.jpg,true
38094,ME29110,"FISIOLIN 0,65 % SOLUCION NASAL",https://mav.farmaciasaas.com/api/images/articulos/DISTRIBUCION/3323.jpg,true
38095,ME38634/2,FITEX 20 mg X 1 TABLETAS,https://mav.farmaciasaas.com/api/images/articulos/DISTRIBUCION/99114.jpg,true
38096,ME38634/3,FITEX 20 mg X 2 TABLETAS,https://mav.farmaciasaas.com/api/images/articulos/DISTRIBUCION/99115.jpg,true
38097,ME39597/2,FITEX 5 mg X 10 TABLETAS,https://mav.farmaciasaas.com/api/images/articulos/DISTRIBUCION/20284.jpg,true
38098,ME39597/3,FITEX 5 mg X 30 TABLETAS,https://pccentro.net.ve/img/s/2/2/8/1/2/22812-large_default.webp,true
38099,ME35935,FLATORIL 80 mg / mL SUSPENSION GOTAS,https://pccentro.net.ve/img/s/7/6/7/6/3/76763-large_default.webp,true
38100,ME29074,FLAVOL 300 mg X 20 CAPSULAS,https://mav.farmaciasaas.com/api/images/articulos/DISTRIBUCION/4190.jpg,true
38101,ME40011/2,FLAVOXATO 200 mG X 10 COMPRIMIDOS RECUBIERTOS,https://mav.farmaciasaas.com/api/images/articulos/DISTRIBUCION/99485.jpg,true
38102,ME40011/3,FLAVOXATO 200 mG X 20 COMPRIMIDOS RECUBIERTOS,https://pccentro.net.ve/img/s/9/6/2/2/4/96224-large_default.webp,true
38103,ME44088,FLAVOXATO 200 mg X 30 TABLETAS RECUBIERTAS,https://mav.farmaciasaas.com/api/images/articulos/DISTRIBUCION/23673.jpg,true
38104,ME41029,FLAVOXATO CLORHIDRATO 200 mg X 10 TABLETAS RECUBIERTAS,https://pccentro.net.ve/img/s/9/6/2/2/4/96224-large_default.webp,true
38105,HO24421,FLEMIBAR 20 mg - 2500 mg / 5 mL X 3 AMPOLLAS,https://mav.farmaciasaas.com/api/images/articulos/DISTRIBUCION/29271.jpg,true
38106,ME24420,FLEMIBAR 10 mg - 250 mg X 10 COMPRIMIDOS RECUBIERTOS,https://mav.farmaciasaas.com/api/images/articulos/DISTRIBUCION/28552.jpg,true
38107,ME38680,FLENOX 15 mg / 5 mL SOLUCION ORAL,https://mav.farmaciasaas.com/api/images/articulos/DISTRIBUCION/50900.jpg,true
38109,MI27670,"FLODONT 0,15 % ENJUAGUE BUCAL",https://mav.farmaciasaas.com/api/images/articulos/DISTRIBUCION/6926.jpg,true
38110,ME41019,"FLOMED 0,15% - 0,25% SOLUCION TOPICA BUCAL ATOMIZADORA",https://mav.farmaciasaas.com/api/images/articulos/DISTRIBUCION/16421.jpg,true
38111,ME27243,FLUCON 150 mg X 2 CAPSULAS,https://mav.farmaciasaas.com/api/images/articulos/DISTRIBUCION/9690.jpg,true
38113,HO36216,EXOMAX 200mg/100mL X 1 AMPOLLAS,https://mav.farmaciasaas.com/api/images/articulos/DISTRIBUCION/29940.jpg,true
38114,ME27527,FLUCONAZOL 150 mg X 2 CAPSULAS,https://mav.farmaciasaas.com/api/images/articulos/DISTRIBUCION/9668.jpg,true
38116,ME28339,FLUCONAZOL 150 mg X 2 CAPSULAS,https://mav.farmaciasaas.com/api/images/articulos/DISTRIBUCION/4546.jpg,true
38117,ME34692,FLUCONAZOL 150 mg X 2 CAPSULAS,https://mav.farmaciasaas.com/api/images/articulos/DISTRIBUCION/8645.jpg,true
38118,ME43904,FLUCONAZOL 200 mg TABLETAS RECUBIERTAS,https://mav.farmaciasaas.com/api/images/articulos/DISTRIBUCION/50070.jpg,true
38120,ME42709/2,FLUCONAZOL 150 mg X 2 TABLETAS,https://mav.farmaciasaas.com/api/images/articulos/DISTRIBUCION/23767.jpg,true
38121,ME42709/3,FLUCONAZOL 150 mg X 4 TABLETAS,https://mav.farmaciasaas.com/api/images/articulos/DISTRIBUCION/52581.jpg,true
38122,ME28326/2,FLUDIL 10 mg X 20 TABLETAS,https://mav.farmaciasaas.com/api/images/articulos/DISTRIBUCION/1790.jpg,true
38123,ME28326/3,FLUDIL 10 mg X 40 TABLETAS,https://mav.farmaciasaas.com/api/images/articulos/DISTRIBUCION/95624.jpg,true
38124,HO42815,"FLUMAZENIL 0,5 mg / 5 mL X 1 AMPOLLAS",https://mav.farmaciasaas.com/api/images/articulos/DISTRIBUCION/53237.jpg,true
38125,ME43024,FLUNARIZINA 10 mg X 30 TABLETAS RECUBIERTAS,https://mav.farmaciasaas.com/api/images/articulos/DISTRIBUCION/53116.jpg,true
38126,ME31214,FLUOXETINA 20 mg X 14 CAPSULAS,https://mav.farmaciasaas.com/api/images/articulos/DISTRIBUCION/29459.jpg,true
38127,ME28981,FLUOXETINA 20 mg X 14 CAPSULAS,https://mav.farmaciasaas.com/api/images/articulos/DISTRIBUCION/3221.jpg,true
38128,ME28948,FLUOXETINA 20 mg X 28 CAPSULAS,https://mav.farmaciasaas.com/api/images/articulos/DISTRIBUCION/50927.jpg,true
38129,ME43528,FLUOXETINA 20 mg X 30 TABLETAS RECUBIERTAS,https://mav.farmaciasaas.com/api/images/articulos/DISTRIBUCION/21365.jpg,true
38130,ME21985,FOLIFER B-12 X 30 TABLETAS,https://pccentro.net.ve/img/s/2/4/9/4/3/24943-large_default.webp,true
38131,ME44703,"TIMOLOL - DORZOLAMIDA 0,5% - 2% X 28 SOLUCIÓN OFTALMICA",https://pccentro.net.ve/img/s/7/5/6/4/0/75640-large_default.webp,true
38132,HO21515,FOSFATO DE POTASIO MONOBASICO 1 mEq / mL SOLUCION INYECTABLE I.V.,https://mav.farmaciasaas.com/api/images/articulos/DISTRIBUCION/28881.jpg,true
38133,ME41993,"FOSFOLIT 21,6 g - 8,1 g / 45 mL SOLUCION ORAL",https://mav.farmaciasaas.com/api/images/articulos/DISTRIBUCION/17761.jpg,true
38135,ME24373,FUGOLIN 1 % SOLUCION,https://pccentro.net.ve/img/s/3/5/8/7/4/35874-large_default.webp,true
38136,ME31637,FULGRAM 875 mg - 125 mg X 16 COMPRIMIDOS RECUBIERTOS,https://mav.farmaciasaas.com/api/images/articulos/DISTRIBUCION/17884.jpg,true
38138,ME43354,FUNTRAZOL 100 mg X 10 CAPSULAS,https://mav.farmaciasaas.com/api/images/articulos/DISTRIBUCION/21367.jpg,true
38139,HO32365,FUROSEMIDA 20 mg / 2 mL X 3 AMPOLLAS,https://mav.farmaciasaas.com/api/images/articulos/DISTRIBUCION/28787.jpg,true
38140,ME33438/2,FUROSEMIDA 20 mg X 12 TABLETAS,https://mav.farmaciasaas.com/api/images/articulos/DISTRIBUCION/5054.jpg,true
38141,ME33438/3,FUROSEMIDA 20 mg X 24 TABLETAS,https://mav.farmaciasaas.com/api/images/articulos/DISTRIBUCION/54373.jpg,true
38142,ME23618,FUROSEMIDA 40 mg X 12 COMPRIMIDOS,https://mav.farmaciasaas.com/api/images/articulos/DISTRIBUCION/23177.jpg,true
38143,ME33388/2,FUROSEMIDA 40 mg X 12 TABLETAS,https://mav.farmaciasaas.com/api/images/articulos/DISTRIBUCION/51326.jpg,true
38144,ME33388/3,FUROSEMIDA 40 mg X 24 TABLETAS,https://mav.farmaciasaas.com/api/images/articulos/DISTRIBUCION/5296.jpg,true
38145,ME21300,FUROSEMIDA 40 mg X 24 TABLETAS,https://pccentro.net.ve/img/s/3/0/8/1/2/30812-large_default.webp,true
38146,ME37992,GABAPANTINA 300 mg X 20 CAPSULAS,https://mav.farmaciasaas.com/api/images/articulos/DISTRIBUCION/97483.jpg,true
38147,ME34981/2,GABAPENTINA 300 mg X 14 CAPSULAS,https://mav.farmaciasaas.com/api/images/articulos/DISTRIBUCION/23487.jpg,true
38148,ME34981/3,GABAPENTINA 300 mg X 30 CAPSULAS,https://pccentro.net.ve/img/s/8/4/0/0/6/84006-large_default.webp,true
38149,ME20787,GABOX 200 mg X 20 COMPRIMIDOS,https://mav.farmaciasaas.com/api/images/articulos/DISTRIBUCION/6134.jpg,true
38150,ME24868,"GARABET 0,3 % - 0,1 % SOLUCION OFTALMICA",https://pccentro.net.ve/img/s/7/5/6/4/9/75649-large_default.webp,true
38151,ME26651,GARDENAL 100 mg X 30 COMPRIMIDOS,https://mav.farmaciasaas.com/api/images/articulos/DISTRIBUCION/1477.jpg,true
38152,ME39975/3,GENESA 3mg-20 mcg X 28 COMPRIMIDOS RECUBIERTOS,https://mav.farmaciasaas.com/api/images/articulos/DISTRIBUCION/13744.jpg,true
38153,ME39975/2,GENESA 3mg-20 mcg X 21 COMPRIMIDOS RECUBIERTOS,https://mav.farmaciasaas.com/api/images/articulos/DISTRIBUCION/11639.jpg,true
38154,HO36306/3,GENTAMICINA 160mg / 2mL X 10 AMPOLLAS,https://mav.farmaciasaas.com/api/images/articulos/DISTRIBUCION/30124.jpg,true
38155,HO36306/2,GENTAMICINA 160mg / 2mL X 5 AMPOLLAS,https://mav.farmaciasaas.com/api/images/articulos/DISTRIBUCION/52502.jpg,true
38156,ME26131,"GENTAMICINA  0,3 % SOLUCION OFTALMICA",https://mav.farmaciasaas.com/api/images/articulos/DISTRIBUCION/22844.jpg,true
38157,ME24164,GENURIN 200 mg X 10 COMPRIMIDOS RECUBIERTOS,https://mav.farmaciasaas.com/api/images/articulos/DISTRIBUCION/7420.jpg,true
38158,ME33501,GLIBENCLAMIDA 5 mg X 10 COMPRIMIDOS,https://pccentro.net.ve/img/s/7/9/4/3/3/79433-large_default.webp,true
38159,ME26275,GLIBENCLAMIDA 5 mg X 30 TABLETAS,https://mav.farmaciasaas.com/api/images/articulos/DISTRIBUCION/50984.jpg,true
38160,ME39843,METFORMINA CLORHIDRATO - GLIBENCLAMIDA 500 mg - 5 mg TABLETAS RECUBIERTAS,https://mav.farmaciasaas.com/api/images/articulos/DISTRIBUCION/23902.jpg,true
38161,ME40365,GLICAZET 500 mg / 5 mg TABLETAS RECUBIERTAS,https://mav.farmaciasaas.com/api/images/articulos/DISTRIBUCION/26018.jpg,true
38162,ME43877,"GLICERINA 2,44g X 6 SUPOSITORIOS",https://mav.farmaciasaas.com/api/images/articulos/DISTRIBUCION/53074.jpg,true
38163,ME27630,GLIDAN 80 mg X 20 TABLETAS,https://mav.farmaciasaas.com/api/images/articulos/DISTRIBUCION/9706.jpg,true
38164,ME43215,GLIFORMIN 1000 mg X 30 TABLETAS RECUBIERTAS,https://mav.farmaciasaas.com/api/images/articulos/DISTRIBUCION/22351.jpg,true
38165,ME43214,GLIFORMIN 850 mg X 30 TABLETAS RECUBIERTAS,https://mav.farmaciasaas.com/api/images/articulos/DISTRIBUCION/23014.jpg,true
38166,ME32187,GLIMEPIRIDA 2 mg X 30 COMPRIMIDOS,https://mav.farmaciasaas.com/api/images/articulos/DISTRIBUCION/52337.jpg,true
38167,ME36207,GLIMEPIRIDA 4 mg X 15 COMPRIMIDOS,https://mav.farmaciasaas.com/api/images/articulos/DISTRIBUCION/52338.jpg,true
38168,ME32878,GLIMEPIRIDA 4 mg TABLETAS,https://pccentro.net.ve/img/s/2/2/8/8/2/22882-large_default.webp,true
38169,ME32727,GLIMERID 2 mg X 30 TABLETAS,https://pccentro.net.ve/img/s/2/2/8/8/4/22884-large_default.webp,true
38170,ME44696/2,GLIPTIN 500 mg - 50 mg X 10 COMPRIMIDOS RECUBIERTOS,https://mav.farmaciasaas.com/api/images/articulos/DISTRIBUCION/26771.jpg,true
38171,ME44696/3,GLIPTIN 500 mg - 50 mg X 30 COMPRIMIDOS RECUBIERTOS,https://mav.farmaciasaas.com/api/images/articulos/DISTRIBUCION/28336.jpg,true
38174,ME44000,GLUCOVAL 10 mg X 30 TABLETAS RECUBIERTAS,https://mav.farmaciasaas.com/api/images/articulos/DISTRIBUCION/53623.jpg,true
38175,ME44001,GLUCOVAL 25 mg X 30 TABLETAS RECUBIERTAS,https://mav.farmaciasaas.com/api/images/articulos/DISTRIBUCION/53624.jpg,true
38176,ME35669,GLYMAR 2 mg X 20 TABLETAS,https://mav.farmaciasaas.com/api/images/articulos/DISTRIBUCION/9455.jpg,true
38177,ME35616,GLYMAR 4 mg X 20 TABLETAS,https://mav.farmaciasaas.com/api/images/articulos/DISTRIBUCION/9456.jpg,true
38178,ME35120,GRATIO 500 mg X 10 TABLETAS RECUBIERTAS,https://mav.farmaciasaas.com/api/images/articulos/DISTRIBUCION/93745.jpg,true
38180,ME24672,GULAPER 250 mg / 5 mL SOLUCION ORAL,https://mav.farmaciasaas.com/api/images/articulos/DISTRIBUCION/53409.jpg,true
38181,ME44629,GULAPER 250 MG / 5 ML SOLUCION ORAL SABOR A MENTA ,https://pccentro.net.ve/img/s/7/6/9/9/8/76998-large_default.webp,true
38183,ME25838,"GYNODERAIN 0,6 g X 6 OVULOS",https://mav.farmaciasaas.com/api/images/articulos/DISTRIBUCION/8278.jpg,true
38184,ME43566,GYNOMET 750 mg - 200 mg X 7 OVULOS,https://mav.farmaciasaas.com/api/images/articulos/DISTRIBUCION/53056.jpg,true
38185,HO32537,HALOPERIDOL 5 mg / mL X 30 AMPOLLAS,https://mav.farmaciasaas.com/api/images/articulos/DISTRIBUCION/25673.jpg,true
38186,ME25273,HELAL 200 mg X 2 COMPRIMIDOS,https://mav.farmaciasaas.com/api/images/articulos/DISTRIBUCION/6546.jpg,true
38187,ME28801,HEPAFOL B12 X 30 TABLETAS RECUBIERTAS,https://pccentro.net.ve/img/s/7/5/7/3/2/75732-large_default.webp,true
38188,ME36675,"HEPROX 0,4 mg X 30 CAPSULAS DE LIBERACION PROLONGADA",https://mav.farmaciasaas.com/api/images/articulos/DISTRIBUCION/91510.jpg,true
38189,ME43345,HEXANTFLEM 250 mg / 5 mL SOLUCION ORAL,https://mav.farmaciasaas.com/api/images/articulos/DISTRIBUCION/53268.jpg,true
38190,ME35183/3,LOSARTAN POTASICO - HIDROCLOROTIAZIDA 100 mg - 25 mg X 30 COMPRIMIDOS RECUBIERTOS,https://pccentro.net.ve/img/s/2/3/6/7/7/23677-large_default.webp,true
38191,ME35183/2,LOSARTAN POTASICO - HIDROCLOROTIAZIDA 100 mg - 25 mg X 10 COMPRIMIDOS RECUBIERTOS,https://pccentro.net.ve/img/s/2/3/6/7/7/23677-large_default.webp,true
38193,ME31250/3,"LOSARTAN POTASICO - HIDROCLOROTIAZIDA 50 mg -12,5 mg X 30 TABLETAS RECUBIERTAS",https://mav.farmaciasaas.com/api/images/articulos/DISTRIBUCION/25140.jpg,true
38194,ME31250/2,"LOSARTAN POTASICO - HIDROCLOROTIAZIDA 50 mg -12,5 mg X 10 TABLETAS RECUBIERTAS",https://pccentro.net.ve/img/s/7/6/9/5/6/76956-large_default.webp,true
38195,ME36980/2,LOSARTAN POTASICO - HIDROCLOROTIAZIDA 100 mg - 25 mg X 10 COMPRIMIDOS RECUB,https://mav.farmaciasaas.com/api/images/articulos/DISTRIBUCION/22228.jpg,true
38196,ME36980/3,LOSARTAN POTASICO - HIDROCLOROTIAZIDA 100 mg - 25 mg X 30 COMPRIMIDOS RECUB,https://mav.farmaciasaas.com/api/images/articulos/DISTRIBUCION/22234.jpg,true
38197,ME39520,"HIDROTEN 12,5 mg X 30 TABLETAS",https://mav.farmaciasaas.com/api/images/articulos/DISTRIBUCION/96218.jpg,true
38198,HO35867,BUTILBROMURO DE HIOSCINA 20 mg / ml SOLUCION INYECTABLE,https://mav.farmaciasaas.com/api/images/articulos/DISTRIBUCION/22851.jpg,true
38199,ME43845,PASIM FEM 20 mg - 400 mg X 10 COMPRIMIDOS RECUBIERTOS,https://mav.farmaciasaas.com/api/images/articulos/DISTRIBUCION/54299.jpg,true
38201,ME39098,HISTALER 5 mg X 10 TABLETAS RECUBIERTAS,https://mav.farmaciasaas.com/api/images/articulos/DISTRIBUCION/30267.jpg,true
38202,ME41648,HISTIVERT 16 mg X 30 COMPRIMIDOS,https://pccentro.net.ve/img/s/1/9/3/6/0/19360-large_default.webp,true
38203,ME41649,HISTIVERT 24 mg X 30 COMPRIMIDOS,https://mav.farmaciasaas.com/api/images/articulos/DISTRIBUCION/16044.jpg,true
38204,ME38784,IBANDROMET 150 mg X 1 TABLETAS RECUBIERTAS,https://mav.farmaciasaas.com/api/images/articulos/DISTRIBUCION/97785.jpg,true
38205,ME42272,IBECAR 150 mg X 30 TABLETAS RECUBIERTAS,https://mav.farmaciasaas.com/api/images/articulos/DISTRIBUCION/27009.jpg,true
38206,ME42142,IBECAR 300 mg X 30 TABLETAS RECUBIERTAS,https://mav.farmaciasaas.com/api/images/articulos/DISTRIBUCION/27010.jpg,true
38207,ME43775,IBLUFEN 800 mg X 10 TABLETAS,https://mav.farmaciasaas.com/api/images/articulos/DISTRIBUCION/23883.jpg,true
38208,ME39249/2,IBUCOLVAL 600 mg - 4 mg X 10 TABLETAS RECUBIERTAS,https://mav.farmaciasaas.com/api/images/articulos/DISTRIBUCION/50513.jpg,true
38209,ME39249/3,IBUCOLVAL 600 mg - 4 mg X 20 TABLETAS RECUBIERTAS,https://mav.farmaciasaas.com/api/images/articulos/DISTRIBUCION/94906.jpg,true
38210,ME21722,IBUFENAC 400 mg X 20 CAPSULAS,https://mav.farmaciasaas.com/api/images/articulos/DISTRIBUCION/23089.jpg,true
38211,ME43466,IBUMAX 100 mg / 5 mL SUSPENSION ORAL,https://mav.farmaciasaas.com/api/images/articulos/DISTRIBUCION/50304.jpg,true
38212,ME44745,IBUN 600 mg X 10 TABLETAS RECUBIERTAS,https://mav.farmaciasaas.com/api/images/articulos/DISTRIBUCION/26152.jpg,true
38213,ME44025,IBUN 800 mg X 10 TABLETAS RECUBIERTAS,https://mav.farmaciasaas.com/api/images/articulos/DISTRIBUCION/53061.jpg,true
38214,ME26800,IBUPROFENO 600 mg X 10 COMPRIMIDOS RECUBIERTOS,https://mav.farmaciasaas.com/api/images/articulos/DISTRIBUCION/3823.jpg,true
38215,ME40877,IBUPROFENO 800 mg X 10 COMPRIMIDOS,https://mav.farmaciasaas.com/api/images/articulos/DISTRIBUCION/50176.jpg,true
38216,ME34468,IBUPROFENO 100 mg / 5 mL SUSPENSION,https://mav.farmaciasaas.com/api/images/articulos/DISTRIBUCION/24123.jpg,true
38217,ME32828,IBUPROFENO 100 mg / 5 mL SUSPENSION ORAL,https://mav.farmaciasaas.com/api/images/articulos/DISTRIBUCION/99047.jpg,true
38218,ME38405,IBUPROFENO 400 mg X 20 TABLETAS,https://mav.farmaciasaas.com/api/images/articulos/DISTRIBUCION/24334.jpg,true
38219,ME30509,IBUPROFENO 600 mg X 10 TABLETAS,https://mav.farmaciasaas.com/api/images/articulos/DISTRIBUCION/29649.jpg,true
38220,ME31850,IBUPROFENO 800 mg X 10 TABLETAS RECUBIERTAS,https://pccentro.net.ve/img/s/8/9/7/4/5/89745-large_default.webp,true
38221,ME38318,IBUPROFENO - TIOCOLCHICOSIDO 400 mg - 4 mg X 10 TABLETAS RECUBIERTAS,https://mav.farmaciasaas.com/api/images/articulos/DISTRIBUCION/94963.jpg,true
38222,ME27688/2,IBUPROFENO 400 mg X 10 TABLETAS RECUBIERTAS,https://mav.farmaciasaas.com/api/images/articulos/DISTRIBUCION/10070.jpg,true
38223,ME27688/3,IBUPROFENO 400 mg X 20 TABLETAS RECUBIERTAS,https://pccentro.net.ve/img/s/3/4/0/7/2/34072-large_default.webp,true
38224,ME33973,IBUPROFENO 400 mg X 10 TABLETAS RECUBIERTAS ENTERICAS,https://mav.farmaciasaas.com/api/images/articulos/DISTRIBUCION/92855.jpg,true
38225,ME35615,IBUPROFENO 600 mg X 10 TABLETAS RECUBIERTAS,https://mav.farmaciasaas.com/api/images/articulos/DISTRIBUCION/10263.jpg,true
38226,ME27398,IBUTAN 100 mg / 5 mL SUSPENSION,https://mav.farmaciasaas.com/api/images/articulos/DISTRIBUCION/8970.jpg,true
38227,ME38880,IBUTAN 200 mg / 5 mL SUSPENSION,https://mav.farmaciasaas.com/api/images/articulos/DISTRIBUCION/94585.jpg,true
38228,ME42600,IBUTAN 200 mg X 10 TABLETAS,https://mav.farmaciasaas.com/api/images/articulos/DISTRIBUCION/4835.jpg,true
38229,ME19994/2,IBUTAN 400 mg X 10 TABLETAS,https://mav.farmaciasaas.com/api/images/articulos/DISTRIBUCION/8969.jpg,true
38230,ME19994/3,IBUTAN 400 mg X 20 TABLETAS,https://mav.farmaciasaas.com/api/images/articulos/DISTRIBUCION/92332.jpg,true
38231,ME39059,IBUTAN 600 mg X 10 TABLETAS,https://mav.farmaciasaas.com/api/images/articulos/DISTRIBUCION/127.jpg,true
38232,ME40927/2,IBUTANCOL 400 mg - 4 mg X 10 TABLETAS,https://mav.farmaciasaas.com/api/images/articulos/DISTRIBUCION/14204.jpg,true
38233,ME40927/3,IBUTANCOL 400 mg - 4 mg X 20 TABLETAS,https://mav.farmaciasaas.com/api/images/articulos/DISTRIBUCION/14205.jpg,true
38234,ME39405/2,IBUTANCOL 600 mg - 4 mg X 10 TABLETAS,https://mav.farmaciasaas.com/api/images/articulos/DISTRIBUCION/95589.jpg,true
38235,ME39405/3,IBUTANCOL 600 mg - 4 mg X 20 TABLETAS,https://mav.farmaciasaas.com/api/images/articulos/DISTRIBUCION/95590.jpg,true
38236,ME42479/2,IBUTANFEM 400 mg - 20 mg X 20 TABLETAS RECUBIERTAS,https://mav.farmaciasaas.com/api/images/articulos/DISTRIBUCION/25251.jpg,true
38237,ME42479/3,IBUTANFEM 400 mg - 20 mg X 30 TABLETAS RECUBIERTAS,https://mav.farmaciasaas.com/api/images/articulos/DISTRIBUCION/25252.jpg,true
38238,ME32276,IDOXEN 75 mg X 30 CAPSULAS DE LIBERACION PROLONGADA,https://mav.farmaciasaas.com/api/images/articulos/DISTRIBUCION/29527.jpg,true
38239,ME32277,IDOXEN 150 mg X 10 CAPSULAS DE LIBERACION PROLONGADA,https://mav.farmaciasaas.com/api/images/articulos/DISTRIBUCION/5699.jpg,true
38240,ME37122,ILANA 600 mg X 1 CAPSULA BLANDA VAGINAL,https://mav.farmaciasaas.com/api/images/articulos/DISTRIBUCION/90470.jpg,true
38241,ME38150,ILTUX 20 mg X 28 COMPRIMIDOS RECUBIERTOS,https://mav.farmaciasaas.com/api/images/articulos/DISTRIBUCION/93907.jpg,true
38242,ME42948,IMAZOL DUAL 500 mg CAPSULA BLANDA VAGINAL + 1 % X 1 CREMA VAGINAL,https://mav.farmaciasaas.com/api/images/articulos/DISTRIBUCION/8397.jpg,true
38243,MI30271,IMAZOL 1 % POLVO,https://mav.farmaciasaas.com/api/images/articulos/DISTRIBUCION/11072.jpg,true
38244,ME30272,IMAZOL 1 % SOLUCION TOPICA ATOMIZADOR,https://mav.farmaciasaas.com/api/images/articulos/DISTRIBUCION/1853.jpg,true
38245,ME20148,IMAZOL 100 mg X 6 TABLETAS VAGINALES,https://mav.farmaciasaas.com/api/images/articulos/DISTRIBUCION/1854.jpg,true
38246,ME41339,INIBIL 20 mg X 14 COMPRIMIDOS CON CUBIERTA ENTERICA,https://mav.farmaciasaas.com/api/images/articulos/DISTRIBUCION/13662.jpg,true
38247,ME41338,INIBIL 40 mg X 14 COMPRIMIDOS CON CUBIERTA ENTERICA,https://mav.farmaciasaas.com/api/images/articulos/DISTRIBUCION/13661.jpg,true
38248,ME22931,IPALAT 1 % CREMA,https://pccentro.net.ve/img/s/3/5/8/7/4/35874-large_default.webp,true
38251,ME27981,IPROXIN 500 mg X 12 TABLETAS RECUBIERTAS,https://mav.farmaciasaas.com/api/images/articulos/DISTRIBUCION/91152.jpg,true
38252,ME44404,IPROXIN 750 mg X 10 TABLETAS RECUBIERTAS,https://mav.farmaciasaas.com/api/images/articulos/DISTRIBUCION/54333.jpg,true
38253,ME36068/3,IRBESARTAN 150 mg X 28 TABLETAS,https://mav.farmaciasaas.com/api/images/articulos/DISTRIBUCION/24260.jpg,true
38254,ME36068/2,IRBESARTAN 150 mg X 10 TABLETAS,https://mav.farmaciasaas.com/api/images/articulos/DISTRIBUCION/94012.jpg,true
38255,ME36068/4,IRBESARTAN 150 mg X 30 TABLETAS,https://pccentro.net.ve/img/s/5/5/0/4/9/55049-large_default.webp,true
38256,ME35908/3,IRBESARTAN 300 mg X 28 TABLETAS,https://mav.farmaciasaas.com/api/images/articulos/DISTRIBUCION/28779.jpg,true
38257,ME35908/2,IRBESARTAN 300 mg X 10 TABLETAS,https://mav.farmaciasaas.com/api/images/articulos/DISTRIBUCION/50766.jpg,true
38260,ME42354,"ISBELA 2 mg - 0,035 mg X 21 TABLETAS RECUBIERTAS",https://mav.farmaciasaas.com/api/images/articulos/DISTRIBUCION/25187.jpg,true
38261,ME43740,Itraconazol 100 mg X 10 Cápsulas,https://mav.farmaciasaas.com/api/images/articulos/DISTRIBUCION/53012.jpg,true
38262,ME44504,"ITRASEC 33,33 mg – 166,66 mg X 12 CÁPSULAS",https://mav.farmaciasaas.com/api/images/articulos/DISTRIBUCION/52102.jpg,true
38263,ME35570,IVERMECTINA 6 mg X 4 TABLETAS,https://mav.farmaciasaas.com/api/images/articulos/DISTRIBUCION/38094.jpg,true
38265,ME44047,IZABAN DPP 25 mg - 5 mg X 30 COMPRIMIDOS RECUBIERTOS,https://mav.farmaciasaas.com/api/images/articulos/DISTRIBUCION/54207.jpg,true
38266,ME35154/2,KAPET 75 mg X 14 TABLETAS RECUBIERTAS,https://mav.farmaciasaas.com/api/images/articulos/DISTRIBUCION/7826.jpg,true
38267,ME35154/3,KAPET 75 mg X 30 TABLETAS RECUBIERTAS,https://pccentro.net.ve/img/s/7/6/0/5/6/76056-large_default.webp,true
38268,HO38074,KATRIN 30 mg / mL X 1 AMPOLLAS,https://mav.farmaciasaas.com/api/images/articulos/DISTRIBUCION/50006.jpg,true
38269,ME42567,KAYIVIS 10 % SOLUCION TOPICA,https://mav.farmaciasaas.com/api/images/articulos/DISTRIBUCION/6514.jpg,true
38270,HO30748/2,KELAC 30 mg / mL X 1 AMPOLLAS,https://mav.farmaciasaas.com/api/images/articulos/DISTRIBUCION/8261.jpg,true
38271,HO30748/3,KELAC 30 mg / mL X 3 AMPOLLAS,https://mav.farmaciasaas.com/api/images/articulos/DISTRIBUCION/95398.jpg,true
38273,ME42343,KELAC 30 mg X 4 TABLETAS SUBLINGUALES.,https://mav.farmaciasaas.com/api/images/articulos/DISTRIBUCION/27471.jpg,true
38274,ME31304,KELFEN 50 mg X 10 CAPSULAS,https://mav.farmaciasaas.com/api/images/articulos/DISTRIBUCION/1518.jpg,true
38275,ME28589,KELFEN 100 mg X 20 COMPRIMIDOS CON CUBIERTA ENTERICA,https://mav.farmaciasaas.com/api/images/articulos/DISTRIBUCION/11061.jpg,true
38276,ME37980,KEPPRA 1000 mg X 30 TABLETAS RECUBIERTAS,https://mav.farmaciasaas.com/api/images/articulos/DISTRIBUCION/28898.jpg,true
38277,ME37979,KEPPRA 500 mg X 30 TABLETAS RECUBIERTAS,https://mav.farmaciasaas.com/api/images/articulos/DISTRIBUCION/28897.jpg,true
38279,ME25621,KETAZOL 2 % CHAMPU,https://mav.farmaciasaas.com/api/images/articulos/DISTRIBUCION/7281.jpg,true
38280,ME25126,KETAZOL 2 % CREMA,https://mav.farmaciasaas.com/api/images/articulos/DISTRIBUCION/6552.jpg,true
38281,ME25867,KETAZOL 400 mg X 3 OVULOS,https://mav.farmaciasaas.com/api/images/articulos/DISTRIBUCION/7624.jpg,true
38282,ME43274,CLINDAMICINA - KETOCONAZOL 100 mg - 400 mg OVULOS VAGINALES,https://pccentro.net.ve/img/s/8/5/3/0/4/85304-large_default.webp,true
38283,ME42916,KETODEX 100 mg X 10 TABLETAS CON RECUBRIMIENTO ENTERICO,https://mav.farmaciasaas.com/api/images/articulos/DISTRIBUCION/28361.jpg,true
38284,HO35019/2,KETOPROFENO 100mg / 2 mL X 1 AMPOLLAS,https://mav.farmaciasaas.com/api/images/articulos/DISTRIBUCION/521.jpg,true
38285,HO35019/3,KETOPROFENO 100mg / 2 mL X 2 AMPOLLAS,https://mav.farmaciasaas.com/api/images/articulos/DISTRIBUCION/5201.jpg,true
38286,HO35019/4,KETOPROFENO 100mg / 2 mL X 10 AMPOLLAS,https://mav.farmaciasaas.com/api/images/articulos/DISTRIBUCION/26418.jpg,true
38287,HO35019/5,KETOPROFENO 100mg / 2 mL X 20 AMPOLLAS,https://pccentro.net.ve/img/s/7/7/7/0/1/77701-large_default.webp,true
38288,ME29236/2,KETOPROFENO 100 mg X 10 CAPSULAS,https://mav.farmaciasaas.com/api/images/articulos/DISTRIBUCION/51778.jpg,true
38289,ME29236/3,KETOPROFENO 100 mg X 20 CAPSULAS,https://mav.farmaciasaas.com/api/images/articulos/DISTRIBUCION/4040.jpg,true
38290,ME41682/2,KETOPROFENO 100 mg X 10 CAPSULAS,https://mav.farmaciasaas.com/api/images/articulos/DISTRIBUCION/21061.jpg,true
38291,ME41682/3,KETOPROFENO 100 mg X 20 CAPSULAS,https://mav.farmaciasaas.com/api/images/articulos/DISTRIBUCION/2408.jpg,true
38292,ME35351/2,KETOPROFENO 100 mg X 10 CAPSULAS,https://mav.farmaciasaas.com/api/images/articulos/DISTRIBUCION/54274.jpg,true
38293,ME35351/3,KETOPROFENO 100 mg X 20 CAPSULAS,https://mav.farmaciasaas.com/api/images/articulos/DISTRIBUCION/8408.jpg,true
38295,ME42483,KETOREL 30 mg X 4 COMPRIMIDOS ORODISPERSABLE,https://mav.farmaciasaas.com/api/images/articulos/DISTRIBUCION/29434.jpg,true
38296,HO42668/3,KETOROLACO TROMETAMOL 30 mg / mL X 10 AMPOLLAS,https://mav.farmaciasaas.com/api/images/articulos/DISTRIBUCION/29479.jpg,true
38297,HO42668/2,KETOROLACO TROMETAMOL 30 mg / mL X 8 AMPOLLAS,https://pccentro.net.ve/img/s/8/6/0/2/2/86022-large_default.webp,true
38298,HO42686,KETOROLACO TROMETAMINA 30 mg / mL X 3 AMPOLLAS,https://mav.farmaciasaas.com/api/images/articulos/DISTRIBUCION/27131.jpg,true
38299,ME36886,KETOROLAC TROMETAMINA 20 mg X 10 COMPRIMIDOS,https://mav.farmaciasaas.com/api/images/articulos/DISTRIBUCION/51770.jpg,true
38300,ME43754/2,KEYDOL 400 mg - 4 mg X 10 COMPRIMIDOS RECUBIERTOS,https://mav.farmaciasaas.com/api/images/articulos/DISTRIBUCION/54359.jpg,true
38301,ME43754/3,KEYDOL 400 mg - 4 mg X 20 COMPRIMIDOS RECUBIERTOS,https://mav.farmaciasaas.com/api/images/articulos/DISTRIBUCION/54358.jpg,true
38302,ME43753/2,KEYDOL 600 mg - 4 mg X 10 COMPRIMIDOS RECUBIERTOS,https://mav.farmaciasaas.com/api/images/articulos/DISTRIBUCION/54360.jpg,true
38303,ME43753/3,KEYDOL 600 mg - 4 mg X 20 COMPRIMIDOS RECUBIERTOS,https://mav.farmaciasaas.com/api/images/articulos/DISTRIBUCION/54361.jpg,true
38304,ME25409,KLAS 100 mg X 20 CAPSULAS,https://mav.farmaciasaas.com/api/images/articulos/DISTRIBUCION/6615.jpg,true
38305,ME35022,L - CARNITINA 1 g / 10 mL SOLUCION ORAL,https://mav.farmaciasaas.com/api/images/articulos/DISTRIBUCION/20545.jpg,true
38306,ME36925/2,LACTBET 3000 U X 10 CAPSULAS,https://mav.farmaciasaas.com/api/images/articulos/DISTRIBUCION/52649.jpg,true
38309,ME42656,VITAMINA C 500 mg X 16 TABLETAS MASTICABLES SABOR A TUTTI FRUTTI,https://mav.farmaciasaas.com/api/images/articulos/DISTRIBUCION/1397.jpg,true
38310,ME44410,LAMICTAL 25 mg X 30 TABLETAS DISPERSABLES-MASTICABLES,https://mav.farmaciasaas.com/api/images/articulos/DISTRIBUCION/11119.jpg,true
38311,ME42689,LAMOTRIGINA 100 mg X 30 TABLETAS RECUBIERTAS,https://mav.farmaciasaas.com/api/images/articulos/DISTRIBUCION/23029.jpg,true
38312,ME44647,LAMOTRIGINA 100 mg X 28 TABLETAS DE LIBERACION PROLONGADA,https://mav.farmaciasaas.com/api/images/articulos/DISTRIBUCION/20096.jpg,true
38313,HO44183,LAMPRAL 4 mg / 2 mL X 2 AMPOLLAS,https://mav.farmaciasaas.com/api/images/articulos/DISTRIBUCION/54482.jpg,true
38314,ME28874,LANSOPRAZOL 30 mg X 28 CAPSULAS,https://mav.farmaciasaas.com/api/images/articulos/DISTRIBUCION/10462.jpg,true
38315,ME352,"LECHE DE MAGNESIA 8,5 % SUSPENSION SABOR ORIGINAL",https://mav.farmaciasaas.com/api/images/articulos/DISTRIBUCION/23784.jpg,true
38316,ME30537,ARAVA 20 mg X 30 TABLETAS RECUBIERTAS,https://mav.farmaciasaas.com/api/images/articulos/DISTRIBUCION/27622.jpg,true
38317,ME38587,LENTOCILIN 6.3.3 X 1 AMPOLLAS,https://mav.farmaciasaas.com/api/images/articulos/DISTRIBUCION/51060.jpg,true
38318,ME37188,LEPRIT 25 mg X 30 TABLETAS,https://mav.farmaciasaas.com/api/images/articulos/DISTRIBUCION/11553.jpg,true
38319,ME17826,LEPTAZINE 10 mg X 24 COMPRIMIDOS,https://mav.farmaciasaas.com/api/images/articulos/DISTRIBUCION/5079.jpg,true
38320,ME16386,LEPTAZINE 5 mg X 30 COMPRIMIDOS,https://mav.farmaciasaas.com/api/images/articulos/DISTRIBUCION/5080.jpg,true
38321,ME44041/2,LERCANIDIPINO 20 mg X 10 COMPRIMIDOS RECUBIERTOS,https://pccentro.net.ve/img/s/8/4/0/5/5/84055-large_default.webp,true
38322,ME44041/3,LERCANIDIPINO 20 mg X 30 COMPRIMIDOS RECUBIERTOS,https://mav.farmaciasaas.com/api/images/articulos/DISTRIBUCION/51324.jpg,true
38323,ME43991,LERCANIDIPINO CLOHIDRATO 10 mg X 30 TABLETAS RECUBIERTAS,https://pccentro.net.ve/img/s/8/4/0/5/6/84056-large_default.webp,true
38324,ME44311,LERCANIDIPNO 20 mg X 30 TABLETAS RECUBIERTAS,https://pccentro.net.ve/img/s/8/4/0/5/5/84055-large_default.webp,true
38325,ME37396,LESTECOL 20 mg X 30 TABLETAS RECUBIERTAS,https://mav.farmaciasaas.com/api/images/articulos/DISTRIBUCION/91318.jpg,true
38326,ME33641/2,LETISAN 500 mg X 10 COMPRIMIDOS RECUBIERTOS DE ACCION PROLONGADA,https://mav.farmaciasaas.com/api/images/articulos/DISTRIBUCION/50523.jpg,true
38327,ME33641/3,LETISAN 500 mg X 30 COMPRIMIDOS RECUBIERTOS DE ACCION PROLONGADA,https://mav.farmaciasaas.com/api/images/articulos/DISTRIBUCION/99231.jpg,true
38328,ME37661,"LETROZOL 2,5 mg X 30 TABLETAS RECUBIERTAS",https://mav.farmaciasaas.com/api/images/articulos/DISTRIBUCION/53401.jpg,true
38329,ME42905,LEVAMOX 750 mg X 10 TABLETAS RECUBIERTAS,https://mav.farmaciasaas.com/api/images/articulos/DISTRIBUCION/20350.jpg,true
38330,ME41919,LEVETIRACETAM 1000 mg X 10 COMPRIMIDOS RECUBIERTOS,https://mav.farmaciasaas.com/api/images/articulos/22410.jpg,true
38331,ME43729,LEVETIRACETAM 500 mg X 30 TABLETAS RECUBIERTAS,https://mav.farmaciasaas.com/api/images/articulos/DISTRIBUCION/25661.jpg,true
38332,HO37449,LEVOFLOXACINA 500 mg/100mL SOLUCION PARA INFUSION INTRAVENOSA,https://mav.farmaciasaas.com/api/images/articulos/DISTRIBUCION/26369.jpg,true
38334,ME32188,LEVOFLOXACINA 500 mg X 10 COMPRIMIDOS RECUBIERTOS,https://mav.farmaciasaas.com/api/images/articulos/DISTRIBUCION/26132.jpg,true
38335,ME43531/2,LEVOFLOXACINA 750 mg X 5 TABLETAS RECUBIERTAS,https://mav.farmaciasaas.com/api/images/articulos/DISTRIBUCION/19718.jpg,true
38337,ME43531/4,LEVOFLOXACINA 750 mg X 10 TABLETAS RECUBIERTAS,https://mav.farmaciasaas.com/api/images/articulos/DISTRIBUCION/24415.jpg,true
38339,ME35920/2,LEVOFLOXACINA 500 mg X 7 TABLETAS RECUBIERTAS,https://mav.farmaciasaas.com/api/images/articulos/DISTRIBUCION/24405.jpg,true
38340,ME38925/3,LEVOFLOXACINO 500 mg X 7 TABLETAS RECUBIERTAS,https://mav.farmaciasaas.com/api/images/articulos/DISTRIBUCION/20100.jpg,true
38342,ME38925/2,LEVOFLOXACINO 500 mg X 5 TABLETAS RECUBIERTAS,https://mav.farmaciasaas.com/api/images/articulos/DISTRIBUCION/53252.jpg,true
38343,ME38926,LEVOFLOXACINO 750 mg X 5 TABLETAS RECUBIERTAS,https://mav.farmaciasaas.com/api/images/articulos/DISTRIBUCION/53251.jpg,true
38344,ME43297,"LEVONORGESTREL 1,5 mg X 1 TABLETAS RECUBIERTAS",https://mav.farmaciasaas.com/api/images/articulos/DISTRIBUCION/26404.jpg,true
38345,ME43586,LEVOPRIDE 25 MG X 30 COMPRIMIDOS,https://mav.farmaciasaas.com/api/images/articulos/DISTRIBUCION/29747.jpg,true
38346,ME42231,LEVORAT 5 mg / mL X 10 SOLUCION ORAL,https://mav.farmaciasaas.com/api/images/articulos/DISTRIBUCION/28338.jpg,true
38347,ME43890,LEVOSULPIRIDA 25 mg X 30 TABLETAS,https://mav.farmaciasaas.com/api/images/articulos/DISTRIBUCION/53039.jpg,true
38348,ME37085,LEVOSULPIRIDE 25 mg X 30 TABLETAS,https://mav.farmaciasaas.com/api/images/articulos/DISTRIBUCION/23223.jpg,true
38349,ME42576/2,LEVOTIROXINA SODICA 100 mcg X 10 TABLETAS,https://mav.farmaciasaas.com/api/images/articulos/DISTRIBUCION/22840.jpg,true
38350,ME42576/3,LEVOTIROXINA SODICA 100 mcg X 50 TABLETAS,https://mav.farmaciasaas.com/api/images/articulos/DISTRIBUCION/20026.jpg,true
38351,ME43141,LEVOTIROXINA SODICA 50 mcg X 50 TABLETAS,https://mav.farmaciasaas.com/api/images/articulos/DISTRIBUCION/20025.jpg,true
38352,ME43146,LIBERDUX 5 mg X 10 TABLETAS RECUBIERTAS,https://mav.farmaciasaas.com/api/images/articulos/DISTRIBUCION/28647.jpg,true
38353,HO32824,LIDOCAINA - EPINEFRINA 2 % - 1:50.000 SOLUCION INYECTABLE,https://mav.farmaciasaas.com/api/images/articulos/DISTRIBUCION/29478.jpg,true
38356,MI318,LIOLACTIL X 20 SOBRES,https://mav.farmaciasaas.com/api/images/articulos/DISTRIBUCION/94249.jpg,true
38357,ME1264,"LIOLACTIL (Lactobacilos rhamnosus) 1,5g X 6 POLVO PARA SUSPENSION ORAL SOBRES",https://mav.farmaciasaas.com/api/images/articulos/DISTRIBUCION/2161.jpg,true
38359,ME44241,LIPEND 10 mg X 30 COMPRIMIDOS RECUBIERTOS,https://mav.farmaciasaas.com/api/images/articulos/DISTRIBUCION/52071.jpg,true
38360,ME44242,LIPEND 20 mg X 30 COMPRIMIDOS RECUBIERTOS,https://mav.farmaciasaas.com/api/images/articulos/DISTRIBUCION/52072.jpg,true
38361,ME28540,LIPONTAL 900 mg X 10 TABLETAS,https://mav.farmaciasaas.com/api/images/articulos/DISTRIBUCION/10400.jpg,true
38362,ME26675,LISILET 10 mg X 30 COMPRIMIDOS,https://mav.farmaciasaas.com/api/images/articulos/DISTRIBUCION/99130.jpg,true
38363,ME29414,"LISILETIC 20 mg -12,5 mg X 30 COMPRIMIDOS",https://mav.farmaciasaas.com/api/images/articulos/DISTRIBUCION/1677.jpg,true
38364,ME17740,LISOMUCIN 4 mg / 5 mL JARABE,https://mav.farmaciasaas.com/api/images/articulos/DISTRIBUCION/2178.jpg,true
38366,ME43571,LODESTAR 100 mg X 30 TABLETAS RECUBIERTAS,https://mav.farmaciasaas.com/api/images/articulos/DISTRIBUCION/52796.jpg,true
38367,ME41446,"LODESTAR HCT 50 mg - 12,5 mg X 30 TABLETAS RECUBIERTAS",https://mav.farmaciasaas.com/api/images/articulos/DISTRIBUCION/17318.jpg,true
38368,ME41901,LODIPIN 10 mg X 10 COMPRIMIDOS,https://mav.farmaciasaas.com/api/images/articulos/DISTRIBUCION/16508.jpg,true
38371,ME22858,LOGANIL 250 mg / 5 mL JARABE,https://mav.farmaciasaas.com/api/images/articulos/DISTRIBUCION/5122.jpg,true
38372,ME22859,LOGANIL 100 mg / 5 mL JARABE,https://mav.farmaciasaas.com/api/images/articulos/DISTRIBUCION/51207.jpg,true
38373,ME30293,LOKARIN 5 mg - 60 mg / 5 mL JARABE,https://mav.farmaciasaas.com/api/images/articulos/DISTRIBUCION/11306.jpg,true
38374,ME39217,LONGACEF 400 mg X 5 CAPSULAS,https://mav.farmaciasaas.com/api/images/articulos/DISTRIBUCION/98377.jpg,true
38376,ME22142/2,LOPERAM 2 mg X 4 TABLETAS,https://mav.farmaciasaas.com/api/images/articulos/DISTRIBUCION/5224.jpg,true
38377,ME22142/3,LOPERAM 2 mg X 10 TABLETAS,https://mav.farmaciasaas.com/api/images/articulos/DISTRIBUCION/18988.jpg,true
38378,ME40887,LOPERAMIDA 2 mg X 10 TABLETAS,https://mav.farmaciasaas.com/api/images/articulos/DISTRIBUCION/53152.jpg,true
38379,ME43709,LOPERAMIDA 2 mg X 100 COMPRIMIDOS,https://mav.farmaciasaas.com/api/images/articulos/DISTRIBUCION/25013.jpg,true
38380,ME36543,LORADEX 10 mg X 10 TABLETAS,https://mav.farmaciasaas.com/api/images/articulos/DISTRIBUCION/92795.jpg,true
38381,ME28127,LORATADINA 10 mg X 10 COMPRIMIDOS,https://mav.farmaciasaas.com/api/images/articulos/DISTRIBUCION/3401.jpg,true
38382,ME30034,LORATADINA 1 mg / mL JARABE,https://mav.farmaciasaas.com/api/images/articulos/DISTRIBUCION/24810.jpg,true
38383,ME27529/2,LORATADINA 10 mg X 10 TABLETAS,https://mav.farmaciasaas.com/api/images/articulos/DISTRIBUCION/9653.jpg,true
38384,ME27529/3,LORATADINA 10 mg X 20 TABLETAS,https://mav.farmaciasaas.com/api/images/articulos/DISTRIBUCION/99082.jpg,true
38385,ME40440,LORATADINA - AMBROXOL CLORHIDRATO 5 mg - 30 mg / 5 mL SOLUCION ORAL,https://pccentro.net.ve/img/s/2/3/7/9/3/23793-large_default.webp,true
38386,ME28201,LORATADINA 5 mg / 5 mL JARABE,https://mav.farmaciasaas.com/api/images/articulos/DISTRIBUCION/23709.jpg,true
38387,ME39257,LORATADINA 10 mg X 10 TABLETAS,https://mav.farmaciasaas.com/api/images/articulos/DISTRIBUCION/24536.jpg,true
38388,ME39177,LORATADINA 10 mg X 10 TABLETAS,https://mav.farmaciasaas.com/api/images/articulos/DISTRIBUCION/53261.jpg,true
38389,ME43383,LORATADINA - AMBROXOL CLORHIDRATO 5 mg - 30 mg X 10 TABLETAS,https://mav.farmaciasaas.com/api/images/articulos/DISTRIBUCION/29397.jpg,true
38390,ME42490,"LORATADINA - BETAMETASONA 5 mg - 0,25 mg COMPRIMIDOS",https://mav.farmaciasaas.com/api/images/articulos/DISTRIBUCION/24984.jpg,true
38391,ME29808,LORAVAL 5 mg / 5 mL JARABE,https://mav.farmaciasaas.com/api/images/articulos/DISTRIBUCION/9150.jpg,true
38392,ME29176,LORAVAL 10 mg X 10 TABLETAS,https://mav.farmaciasaas.com/api/images/articulos/DISTRIBUCION/9147.jpg,true
38394,ME27541,LOREX 1 mg / mL JARABE,https://pccentro.net.ve/img/s/7/5/4/0/7/75407-large_default.webp,true
38395,ME29469/4,LOSARTAN POTASICO 50 mg X 30 COMPRIMIDOS RECUBIERTOS,https://mav.farmaciasaas.com/api/images/articulos/DISTRIBUCION/97621.jpg,true
38396,ME29469/2,LOSARTAN POTASICO 50 mg X 10 COMPRIMIDOS RECUBIERTOS,https://mav.farmaciasaas.com/api/images/articulos/DISTRIBUCION/54209.jpg,true
38397,ME29469/3,LOSARTAN POTASICO 50 mg X 20 COMPRIMIDOS RECUBIERTOS,https://mav.farmaciasaas.com/api/images/articulos/DISTRIBUCION/92637.jpg,true
38398,ME36979,"LOSARTAN POTASICO - HIDROCLOROTIAZIDA 50 mg - 12,5 mg COMPRIMIDOS RECU",https://mav.farmaciasaas.com/api/images/articulos/DISTRIBUCION/99300.jpg,true
38399,ME37542/2,LOSARTAN POTASICO - HIDROCLOROTIAZIDA 100 mg - 25 mg X 10 TABLETAS RECUBIERTAS,https://pccentro.net.ve/img/s/2/3/6/7/7/23677-large_default.webp,true
38400,ME37542/3,LOSARTAN POTASICO - HIDROCLOROTIAZIDA 100 mg - 25 mg X 30 TABLETAS RECUBIERTAS,https://pccentro.net.ve/img/s/2/3/6/7/7/23677-large_default.webp,true
38401,ME35008,LOSARTAN POTASICO 50 mg X 30 TABLETAS RECUBIERTAS,https://mav.farmaciasaas.com/api/images/articulos/DISTRIBUCION/20271.jpg,true
38402,ME35402/3,"LOSARTAN POTASICO - HIDROCLOROTIAZIDA 50 mg - 12,5 mg X 30 COMPRIMIDOS RECU",https://mav.farmaciasaas.com/api/images/articulos/DISTRIBUCION/20434.jpg,true
38403,ME35402/2,"LOSARTAN POTASICO - HIDROCLOROTIAZIDA 50 mg - 12,5 mg X 15 COMPRIMIDOS RECU",https://mav.farmaciasaas.com/api/images/articulos/DISTRIBUCION/90067.jpg,true
38404,ME42945,LOSARTAN POTASICO 50 mg X 30 TABLETAS RECUBIERTAS,https://mav.farmaciasaas.com/api/images/articulos/DISTRIBUCION/27329.jpg,true
38405,ME36110/2,LOSARTAN POTASICO - HIDROCLOROTIZADA 100 mg - 25 mg X 10 TABLETAS RECUBIERTAS,https://pccentro.net.ve/img/s/2/3/6/7/7/23677-large_default.webp,true
38406,ME36110/3,LOSARTAN POTASICO - HIDROCLOROTIZADA 100 mg - 25 mg X 30 TABLETAS RECUBIERTAS,https://pccentro.net.ve/img/s/2/3/6/7/7/23677-large_default.webp,true
38407,ME31205/2,LOSARTAN POTASICO 50 mg X 10 TABLETAS RECUBIERTAS,https://pccentro.net.ve/img/s/8/0/7/1/4/80714-large_default.webp,true
38408,ME31205/4,LOSARTAN POTASICO 50 mg X 30 TABLETAS RECUBIERTAS,https://pccentro.net.ve/img/s/8/0/7/1/4/80714-large_default.webp,true
38409,ME31205/3,LOSARTAN POTASICO 50 mg X 20 TABLETAS RECUBIERTAS,https://pccentro.net.ve/img/s/8/0/7/1/4/80714-large_default.webp,true
38410,ME34265,LOSARTAN POTASICO 50 mg X 30 TABLETAS RECUBIERTAS,https://mav.farmaciasaas.com/api/images/articulos/DISTRIBUCION/99640.jpg,true
38411,ME34979,LOSARTAN POTASICO 100 mg X 30 COMPRIMIDOS RECUBIERTOS,https://mav.farmaciasaas.com/api/images/articulos/DISTRIBUCION/52471.jpg,true
38412,ME38053,"LOTEMICIN 0,5 % - 0,3 % SUSPENSION OFTALMICA",https://mav.farmaciasaas.com/api/images/articulos/DISTRIBUCION/93654.jpg,true
38413,HO32377,LOWPRES 150 mcg / mL X 5 AMPOLLAS,https://mav.farmaciasaas.com/api/images/articulos/DISTRIBUCION/25380.jpg,true
38414,ME42760,LUDROX 75 mg X 30 TABLETAS RECUBIERTAS,https://mav.farmaciasaas.com/api/images/articulos/DISTRIBUCION/26078.jpg,true
38415,ME24925,LUMBAX 200 mg X 10 TABLETAS,https://mav.farmaciasaas.com/api/images/articulos/DISTRIBUCION/29648.jpg,true
38416,ME29063,LUMBAX 400 mg X 10 TABLETAS,https://mav.farmaciasaas.com/api/images/articulos/DISTRIBUCION/20349.jpg,true
38417,ME30211,LUMBAX 600 mg X 10 TABLETAS,https://mav.farmaciasaas.com/api/images/articulos/DISTRIBUCION/20720.jpg,true
38418,ME37320,LUMBAX 800 mg X 6 COMPRIMIDOS RECUBIERTOS,https://mav.farmaciasaas.com/api/images/articulos/DISTRIBUCION/20721.jpg,true
38419,ME16065,MACRODANTINA 50 mg X 30 CAPSULAS,https://mav.farmaciasaas.com/api/images/articulos/DISTRIBUCION/2247.jpg,true
38420,ME14881,MADECASSOL 1% UNGUENTO,https://mav.farmaciasaas.com/api/images/articulos/DISTRIBUCION/16764.jpg,true
38422,ME38235,GLETOP 20 mg X 60 TABLETAS CON CUBIERTA ENTERICA,https://pccentro.net.ve/img/s/3/3/3/5/3/33353-large_default.webp,true
38423,ME34990/2,MAILEN 5 mg X 10 COMPRIMIDOS RECUBIERTOS,https://mav.farmaciasaas.com/api/images/articulos/DISTRIBUCION/7557.jpg,true
38424,ME34990/3,MAILEN 5 mg X 30 COMPRIMIDOS RECUBIERTOS,https://mav.farmaciasaas.com/api/images/articulos/DISTRIBUCION/95984.jpg,true
38425,ME34952,"MAILEN 2,5 mg / 5 mL JARABE",https://mav.farmaciasaas.com/api/images/articulos/DISTRIBUCION/7559.jpg,true
38426,HO15879,MANITOL AL 18 % SOLUCION INYECTABLE INTRAVENOSA,https://mav.farmaciasaas.com/api/images/articulos/DISTRIBUCION/5408.jpg,true
38427,ME39216,MARTESIA 25 mg X 30 CAPSULAS,https://mav.farmaciasaas.com/api/images/articulos/DISTRIBUCION/17771.jpg,true
38428,ME38501,MARTESIA 300 mg X 14 CAPSULAS,https://mav.farmaciasaas.com/api/images/articulos/DISTRIBUCION/95724.jpg,true
38429,ME38503,MARTESIA 75 mg X 14 CAPSULAS,https://mav.farmaciasaas.com/api/images/articulos/DISTRIBUCION/95844.jpg,true
38430,ME41135,MATERNAVIT X 30 CAPSULAS BLANDAS,https://mav.farmaciasaas.com/api/images/articulos/DISTRIBUCION/13652.jpg,true
38431,ME23582,"MATILOL 0,5 % SOLUCION OFTALMICA",https://pccentro.net.ve/img/s/7/5/4/9/3/75493-large_default.webp,true
38432,ME44317,MAXIFUR 50 mg X 30 CAPSULAS,https://mav.farmaciasaas.com/api/images/articulos/DISTRIBUCION/30340.jpg,true
38434,ME43537/2,Medroxiprogesterona 10mg X 10 Tabletas,https://mav.farmaciasaas.com/api/images/articulos/DISTRIBUCION/53471.jpg,true
38436,ME44574,MELIF 50 mg - 500 mg X 30 COMPRIMIDOS RECUBIERTOS,https://mav.farmaciasaas.com/api/images/articulos/DISTRIBUCION/52755.jpg,true
38437,ME43285,MELIGEN 10 mg X 30 TABLETAS RECUBIERTAS,https://mav.farmaciasaas.com/api/images/articulos/DISTRIBUCION/22554.jpg,true
38438,ME33048,MELOXICAM 15 mg X 10 TABLETAS,https://mav.farmaciasaas.com/api/images/articulos/DISTRIBUCION/23028.jpg,true
38439,ME30977,MELOXICAM 15 mg X 10 TABLETAS,https://pccentro.net.ve/img/s/2/5/4/9/8/25498-large_default.webp,true
38440,ME30530,MELOXICAM 15 mg X 10 COMPRIMIDOS,https://mav.farmaciasaas.com/api/images/articulos/DISTRIBUCION/7370.jpg,true
38441,ME30976,"MELOXICAM 7,5 mg X 10 TABLETAS",https://mav.farmaciasaas.com/api/images/articulos/DISTRIBUCION/1986.jpg,true
38442,ME43017/2,MEMANTINA CLORHIDRATO 10 mg X 10 TABLETAS RECUBIERTAS,https://mav.farmaciasaas.com/api/images/articulos/DISTRIBUCION/50985.jpg,true
38443,ME43017/4,MEMANTINA CLORHIDRATO 10 mg X 28 TABLETAS RECUBIERTAS,https://mav.farmaciasaas.com/api/images/articulos/DISTRIBUCION/22396.jpg,true
38444,ME43017/3,MEMANTINA CLORHIDRATO 10 mg X 14 TABLETAS RECUBIERTAS,https://mav.farmaciasaas.com/api/images/articulos/DISTRIBUCION/26136.jpg,true
38445,ME537,MENTOL DAVIS UNGUENTO,https://mav.farmaciasaas.com/api/images/articulos/DISTRIBUCION/27014.jpg,true
38446,MI4470,FRICSOL 10 % - 10 %  LINIMENTO,https://pccentro.net.ve/img/s/3/2/3/4/5/32345-large_default.webp,true
38447,HO34365,MEROPENEM 1 g X 10 AMPOLLAS,https://mav.farmaciasaas.com/api/images/articulos/DISTRIBUCION/26005.jpg,true
38449,HO41258,MESPEN 500 mg X 1 AMPOLLAS,https://mav.farmaciasaas.com/api/images/articulos/DISTRIBUCION/20400.jpg,true
38450,HO21983/2,DIPIRONA 1 g / 2 mL X 3 AMPOLLAS,https://mav.farmaciasaas.com/api/images/articulos/DISTRIBUCION/29164.jpg,true
38452,ME37735,CLORHIDRATO DE METFORMINA 500 mg X 30 TABLETAS RECUBIERTAS,https://mav.farmaciasaas.com/api/images/articulos/DISTRIBUCION/51771.jpg,true
38456,ME42410,METFORMINA CLORHIDRATO 1000 mg X 30 TABLETAS RECUBIERTAS,https://pccentro.net.ve/img/s/8/4/0/4/3/84043-large_default.webp,true
38457,ME42358,METFORMINA CLORHIDRATO 500 mg X 28 TABLETAS,https://mav.farmaciasaas.com/api/images/articulos/DISTRIBUCION/5582.jpg,true
38458,ME36815,METFORMINA 500 mg X 30 TABLETAS RECUBIERTAS,https://mav.farmaciasaas.com/api/images/articulos/DISTRIBUCION/20704.jpg,true
38459,ME44619,METFORMINA 500 mg X 30 TABLETAS RECUBIERTAS,https://pccentro.net.ve/img/s/8/0/4/9/6/80496-large_default.webp,true
38460,ME37538,METFORMINA CLORHIDRATO 500 mg X 30 TABLETAS RECUBIERTAS,https://pccentro.net.ve/img/s/8/0/4/9/6/80496-large_default.webp,true
38461,ME32508/3,METFORMINA CLORHIDRATO 850 mg X 30 TABLETAS,https://mav.farmaciasaas.com/api/images/articulos/DISTRIBUCION/53284.jpg,true
38462,ME32508/2,METFORMINA CLORHIDRATO 850 mg X 28 TABLETAS,https://mav.farmaciasaas.com/api/images/articulos/DISTRIBUCION/3913.jpg,true
38463,MI41036,SITAGLIPTINA-METFORMINA CLORHIDRATO 50 mg-1000mg X 30 COMP RECUBIERTOS,https://mav.farmaciasaas.com/api/images/articulos/DISTRIBUCION/52115.jpg,true
38464,ME42625,METFORMINA CLORHIDRATO 1000 mg X 30 TABLETAS RECUBIERTAS,https://mav.farmaciasaas.com/api/images/articulos/DISTRIBUCION/52951.jpg,true
38465,ME40568,SITAGLIPTINA -METFORMINA CLORHIDRATO 50 mg-500 mg X 30 COMPRIMIDOS,https://mav.farmaciasaas.com/api/images/articulos/DISTRIBUCION/23675.jpg,true
38466,HO43316,METILPREDNISOLONA 125 mg X 1 AMPOLLAS,https://mav.farmaciasaas.com/api/images/articulos/DISTRIBUCION/27445.jpg,true
38467,HO44684,METOCLOPRAMIDA 10 mg / 2 mL X 3 AMPOLLAS,https://mav.farmaciasaas.com/api/images/articulos/DISTRIBUCION/28789.jpg,true
38468,HO26028,METOCLOPRAMIDA 10 mg / 2 mL X 6 AMPOLLAS,https://mav.farmaciasaas.com/api/images/articulos/DISTRIBUCION/7763.jpg,true
38469,ME36811,METOCLOPRAMIDA 10 mg X 10 TABLETAS,https://mav.farmaciasaas.com/api/images/articulos/DISTRIBUCION/26729.jpg,true
38470,ME37626,"BETALOCZOK 47,5 mg X 30 COMPRIMIDOS DE LIBERACION CONTROLADA",https://pccentro.net.ve/img/s/9/6/0/0/6/96006-large_default.webp,true
38471,ME29532/2,METREN 500 mg X 10 CAPSULAS BLANDAS VAGINALES,https://mav.farmaciasaas.com/api/images/articulos/DISTRIBUCION/6011.jpg,true
38472,ME29532/3,METREN 500 mg X 15 CAPSULAS BLANDAS VAGINALES,https://pccentro.net.ve/img/s/5/6/9/0/0/56900-large_default.webp,true
38473,ME29922,METREN 250 mg / 5 mL SUSPENSION,https://mav.farmaciasaas.com/api/images/articulos/DISTRIBUCION/6010.jpg,true
38474,ME28780,METREN 500 mg X 10 TABLETAS,https://mav.farmaciasaas.com/api/images/articulos/DISTRIBUCION/6005.jpg,true
38475,ME42520,"METRONIDAZOL 0,75 % GEL",https://pccentro.net.ve/img/s/7/0/5/8/4/70584-large_default.webp,true
38476,HO42390,METRONIDAZOL 500 mg / 100 mL SOLUCIÓN PARA INFUSIÓN.,https://mav.farmaciasaas.com/api/images/articulos/DISTRIBUCION/21336.jpg,true
38477,ME42530,METRONIDAZOL 500 mg X 10 OVULOS VAGINALES,https://mav.farmaciasaas.com/api/images/articulos/DISTRIBUCION/21032.jpg,true
38478,HO33361,METRONIDAZOL 500 mg / 100 mL SOLUCION PARA INFUSION INTRAVENOSA,https://mav.farmaciasaas.com/api/images/articulos/DISTRIBUCION/21360.jpg,true
38479,ME31064,METRONIDAZOL BENZOIL 125 mg / 5 mL SUSPENSION ORAL,https://mav.farmaciasaas.com/api/images/articulos/DISTRIBUCION/1774.jpg,true
38480,ME31012,METRONIDAZOL BENZOIL 250 mg/ 5 mL SUSPENSION ORAL,https://mav.farmaciasaas.com/api/images/articulos/DISTRIBUCION/21794.jpg,true
38481,ME28549/2,METRONIDAZOL 500 mg X 10 TABLETAS,https://mav.farmaciasaas.com/api/images/articulos/DISTRIBUCION/51052.jpg,true
38482,ME28549/3,METRONIDAZOL 500 mg X 30 TABLETAS,https://mav.farmaciasaas.com/api/images/articulos/DISTRIBUCION/20526.jpg,true
38483,ME43038,METRONIDAZOL 500 mg X 30 TABLETAS,https://pccentro.net.ve/img/s/7/6/2/9/7/76297-large_default.webp,true
38484,ME43956,METRONIDAZOL - MICONAZOL 750 mg - 200 mg X 6 ÓVULOS,https://mav.farmaciasaas.com/api/images/articulos/DISTRIBUCION/26405.jpg,true
38485,ME42156,METSIGLIN 500 mg - 50 mg X 30 COMPRIMIDOS RECUBIERTOS,https://mav.farmaciasaas.com/api/images/articulos/DISTRIBUCION/30362.jpg,true
38486,ME40057,MICONAX 15 % - 4 % CREMA VAGINAL,https://pccentro.net.ve/img/s/4/1/4/4/0/41440-large_default.webp,true
38487,ME34758,MICROSER 16 mg X 20 TABLETAS,https://pccentro.net.ve/img/s/1/9/3/6/0/19360-large_default.webp,true
38488,ME31976/2,MIGRAVAL 100 mg X 2 COMPRIMIDOS RECUBIERTOS,https://mav.farmaciasaas.com/api/images/articulos/DISTRIBUCION/1945.jpg,true
38489,ME31976/3,MIGRAVAL 100 mg X 4 COMPRIMIDOS RECUBIERTOS,https://mav.farmaciasaas.com/api/images/articulos/DISTRIBUCION/19846.jpg,true
38490,ME31976/4,MIGRAVAL 100 mg X 8 COMPRIMIDOS RECUBIERTOS,https://mav.farmaciasaas.com/api/images/articulos/DISTRIBUCION/19847.jpg,true
38491,ME42475,MILAX 50% X 20 SOLUCION ORAL,https://mav.farmaciasaas.com/api/images/articulos/DISTRIBUCION/52413.jpg,true
38492,HO23464/3,MIOVIT COMPOSITUM CON LIDOCAINA X 3 AMPOLLAS,https://mav.farmaciasaas.com/api/images/articulos/DISTRIBUCION/5514.jpg,true
38493,HO23464/2,MIOVIT COMPOSITUM CON LIDOCAINA X 1 AMPOLLAS,https://mav.farmaciasaas.com/api/images/articulos/DISTRIBUCION/3015.jpg,true
38494,HO23464/4,MIOVIT COMPOSITUM CON LIDOCAINA X 6 AMPOLLAS,https://mav.farmaciasaas.com/api/images/articulos/DISTRIBUCION/97516.jpg,true
38495,ME22476/2,MIOVIT X 10 COMPRIMIDOS RECUBIERTOS,https://mav.farmaciasaas.com/api/images/articulos/DISTRIBUCION/6960.jpg,true
38496,ME22476/3,MIOVIT X 30 COMPRIMIDOS RECUBIERTOS,https://mav.farmaciasaas.com/api/images/articulos/DISTRIBUCION/5087.jpg,true
38497,ME43809,"VERNATE 0,05 % CREMA",https://pccentro.net.ve/img/s/8/3/9/1/8/83918-large_default.webp,true
38498,ME43124,MIRTAZAPINA 15 mg X 30 TABLETAS RECUBIERTAS,https://mav.farmaciasaas.com/api/images/articulos/DISTRIBUCION/25667.jpg,true
38499,ME37308,MIRTAZAPINA 30 mg X 30 TABLETAS RECUBIERTAS,https://mav.farmaciasaas.com/api/images/articulos/DISTRIBUCION/51322.jpg,true
38500,ME43794/3,MIRTAZAVAL 15 mg X 30 TABLETAS RECUBIERTAS,https://mav.farmaciasaas.com/api/images/articulos/DISTRIBUCION/52793.jpg,true
38501,ME43794/2,MIRTAZAVAL 15 mg X 10 TABLETAS RECUBIERTAS,https://pccentro.net.ve/img/s/5/2/3/9/1/52391-large_default.webp,true
38502,ME28425,MISULVAN 30 mg / 5 mL JARABE,https://mav.farmaciasaas.com/api/images/articulos/DISTRIBUCION/7179.jpg,true
38503,ME42742,MISULVAN FORTE 30 mg - 5 mg / 5 mL SOLUCION ORAL,https://mav.farmaciasaas.com/api/images/articulos/DISTRIBUCION/26235.jpg,true
38504,ME33690/2,MONTELUKAST 10 mg X 10 TABLETAS RECUBIERTAS,https://mav.farmaciasaas.com/api/images/articulos/DISTRIBUCION/18804.jpg,true
38505,ME33690/3,MONTELUKAST 10 mg X 30 TABLETAS RECUBIERTAS,https://mav.farmaciasaas.com/api/images/articulos/DISTRIBUCION/27584.jpg,true
38506,ME35286,MONTELUKAST 5 mg X 30 TABLETAS MASTICABLES,https://mav.farmaciasaas.com/api/images/articulos/DISTRIBUCION/92814.jpg,true
38507,ME38837/2,MONTRAX 10 mg X 10 TABLETAS,https://mav.farmaciasaas.com/api/images/articulos/DISTRIBUCION/27191.jpg,true
38508,ME38837/3,MONTRAX 10 mg X 30 TABLETAS,https://mav.farmaciasaas.com/api/images/articulos/DISTRIBUCION/96585.jpg,true
38510,ME39174/2,MONTRAX 5 mg X 10 TABLETAS MASTICABLES,https://mav.farmaciasaas.com/api/images/articulos/DISTRIBUCION/27038.jpg,true
38511,ME39174/3,MONTRAX 5 mg X 30 TABLETAS MASTICABLES,https://mav.farmaciasaas.com/api/images/articulos/DISTRIBUCION/96583.jpg,true
38512,ME35105,MONUKAST 5 mg X 30 TABLETAS MASTICABLES,https://mav.farmaciasaas.com/api/images/articulos/DISTRIBUCION/50733.jpg,true
38513,ME43308,MOPERID 10 mg X 20 TABLETAS,https://mav.farmaciasaas.com/api/images/articulos/DISTRIBUCION/20367.jpg,true
38514,ME35996,MOVIMEX 15 mg X 10 TABLETAS,https://mav.farmaciasaas.com/api/images/articulos/DISTRIBUCION/90529.jpg,true
38516,ME37148,MOXIFLOXACINA 400 mg X 7 TABLETAS RECUBIERTAS,https://mav.farmaciasaas.com/api/images/articulos/DISTRIBUCION/90066.jpg,true
38517,ME36486,MOXIFLOXACINA 400 mg X 10 COMPRIMIDOS RECUBIERTOS,https://mav.farmaciasaas.com/api/images/articulos/DISTRIBUCION/25226.jpg,true
38518,ME37302,MOXIFLOXACINA 400 mg X 5 TABLETAS RECUBIERTAS,https://mav.farmaciasaas.com/api/images/articulos/DISTRIBUCION/92489.jpg,true
38519,ME40642,MUCLAR 30mg - 5mg X 10 COMPRIMIDOS,https://mav.farmaciasaas.com/api/images/articulos/DISTRIBUCION/98656.jpg,true
38520,ME20385,MUCOBROL 4 mg / 5 mL JARABE,https://mav.farmaciasaas.com/api/images/articulos/DISTRIBUCION/2465.jpg,true
38522,ME43440,MUCOXOL 30 mg / 5 mL JARABE,https://mav.farmaciasaas.com/api/images/articulos/DISTRIBUCION/30075.jpg,true
38523,ME40019,MULTIDERM 2 % UNGUENTO,https://mav.farmaciasaas.com/api/images/articulos/DISTRIBUCION/98294.jpg,true
38524,ME11776,MULTIVIRAL X 30 CAPSULAS,https://mav.farmaciasaas.com/api/images/articulos/DISTRIBUCION/2470.jpg,true
38526,ME38101,MUVETT 300 mg X 20 TABLETAS RECUBIERTAS DE LIBERACION PROLONGADA,https://mav.farmaciasaas.com/api/images/articulos/DISTRIBUCION/50344.jpg,true
38527,ME28565,MYCOFENTIN 2 % CREMA,https://pccentro.net.ve/img/s/7/3/0/2/0/73020-large_default.webp,true
38528,HO36014,N-BUTIL BROMURO DE HIOSCINA 20 mg / mL X 5 AMPOLLAS,https://mav.farmaciasaas.com/api/images/articulos/DISTRIBUCION/28657.jpg,true
38529,ME22739,"NACLODIN 0,150 mg X 30 TABLETAS",https://mav.farmaciasaas.com/api/images/articulos/DISTRIBUCION/30060.jpg,true
38530,ME30624,NAFINA 1 % CREMA,https://mav.farmaciasaas.com/api/images/articulos/DISTRIBUCION/4092.jpg,true
38531,ME34793,NAPROXENO 250 mg X 10 TABLETAS,https://mav.farmaciasaas.com/api/images/articulos/DISTRIBUCION/53117.jpg,true
38533,ME41823,NEFROTAL AMLO 50 mg - 5 mg X 30 COMPRIMIDOS,https://mav.farmaciasaas.com/api/images/articulos/DISTRIBUCION/20154.jpg,true
38534,ME31384/5,"NEFROTAL H 50 mg - 12,5 mg X 30 COMPRIMIDOS RECUBIERTOS",https://pccentro.net.ve/img/s/2/2/8/8/8/22888-large_default.webp,true
38535,ME31384/4,"NEFROTAL H 50 mg - 12,5 mg X 15 COMPRIMIDOS RECUBIERTOS",https://pccentro.net.ve/img/s/2/2/8/8/8/22888-large_default.webp,true
38536,ME31384/2,"NEFROTAL H 50 mg - 12,5 mg X 10 COMPRIMIDOS RECUBIERTOS",https://pccentro.net.ve/img/s/2/2/8/8/8/22888-large_default.webp,true
38537,ME31384/3,"NEFROTAL H 50 mg - 12,5 mg X 14 COMPRIMIDOS RECUBIERTOS",https://mav.farmaciasaas.com/api/images/articulos/DISTRIBUCION/1511.jpg,true
38538,ME35488/4,NEFROTAL 100 mg X 30 COMPRIMIDOS RECUBIERTOS,https://mav.farmaciasaas.com/api/images/articulos/DISTRIBUCION/25248.jpg,true
38539,ME35488/2,NEFROTAL 100 mg X 10 COMPRIMIDOS RECUBIERTOS,https://mav.farmaciasaas.com/api/images/articulos/DISTRIBUCION/25320.jpg,true
38540,ME35488/3,NEFROTAL 100 mg X 14 COMPRIMIDOS RECUBIERTOS,https://mav.farmaciasaas.com/api/images/articulos/DISTRIBUCION/8487.jpg,true
38541,ME35489,NEFROTAL H 100 mg - 25 mg X 10 COMPRIMIDOS RECUBIERTOS,https://mav.farmaciasaas.com/api/images/articulos/DISTRIBUCION/25321.jpg,true
38545,ME41608,NEULEVAL 500 mg X 10 TABLETAS RECUBIERTAS,https://mav.farmaciasaas.com/api/images/articulos/DISTRIBUCION/22859.jpg,true
38546,ME41609,NEULEVAL 750 mg X 5 TABLETAS RECUBIERTAS,https://mav.farmaciasaas.com/api/images/articulos/DISTRIBUCION/22860.jpg,true
38547,ME38422,NEURIXA 150 mg X 14 CAPSULAS,https://mav.farmaciasaas.com/api/images/articulos/DISTRIBUCION/93669.jpg,true
38548,ME38421/2,NEURIXA 75 mg X 14 CAPSULAS,https://mav.farmaciasaas.com/api/images/articulos/DISTRIBUCION/93668.jpg,true
38549,ME38421/3,NEURIXA 75 mg X 21 CAPSULAS,https://pccentro.net.ve/img/s/2/5/8/0/6/25806-large_default.webp,true
38552,ME28779,NIFEDIPINA 10 mg X 14 CAPSULAS,https://mav.farmaciasaas.com/api/images/articulos/DISTRIBUCION/27546.jpg,true
38553,ME25984/3,NIFEDIPINA 10 mg X 30 COMPRIMIDOS DISPERSABLES,https://mav.farmaciasaas.com/api/images/articulos/DISTRIBUCION/51432.jpg,true
38556,ME38246,NIMODIPINA 30 mg X 30 COMPRIMIDOS,https://mav.farmaciasaas.com/api/images/articulos/DISTRIBUCION/23674.jpg,true
38557,ME35202,NIPE PLUS GRANULADO PARA SUSPENSION SABOR A FRUTAS TROPICALES,https://mav.farmaciasaas.com/api/images/articulos/DISTRIBUCION/8637.jpg,true
38558,ME39909,"NIPE 100 mg - 0,25 mg / mL X 6 SOLUCION ORAL EN GOTAS",https://pccentro.net.ve/img/s/8/1/4/3/6/81436-large_default.webp,true
38559,ME44261,NISTATINA 100.000 UI/mL SUSPENSIÓN ,https://pccentro.net.ve/img/s/5/5/4/2/9/55429-large_default.webp,true
38560,ME42837,NITAX 500 mg X 6 TABLETAS RECUBIERTAS,https://mav.farmaciasaas.com/api/images/articulos/DISTRIBUCION/24328.jpg,true
38562,ME43051/3,NITROFURANTOINA 100 mg X 300 TABLETAS RECUBIERTAS,https://mav.farmaciasaas.com/api/images/articulos/DISTRIBUCION/51871.jpg,true
38563,ME43051/2,NITROFURANTOINA 100 mg X 10 TABLETAS RECUBIERTAS,https://mav.farmaciasaas.com/api/images/articulos/DISTRIBUCION/25663.jpg,true
38564,ME44220/2,NITROFURANTOINA 50 mg X 10 TABLETAS RECUBIERTAS,https://mav.farmaciasaas.com/api/images/articulos/DISTRIBUCION/53552.jpg,true
38565,ME44220/3,NITROFURANTOINA 50 mg X 30 TABLETAS RECUBIERTAS,https://mav.farmaciasaas.com/api/images/articulos/DISTRIBUCION/29107.jpg,true
38566,ME34437,"NITROFURAZONA 0,2 % CREMA",https://mav.farmaciasaas.com/api/images/articulos/DISTRIBUCION/52434.jpg,true
38567,ME42319/2,NONAFOL 10 mg X 10 TABLETAS,https://mav.farmaciasaas.com/api/images/articulos/DISTRIBUCION/23015.jpg,true
38568,ME42319/3,NONAFOL 10 mg X 20 TABLETAS,https://mav.farmaciasaas.com/api/images/articulos/DISTRIBUCION/25245.jpg,true
38569,ME42319/4,NONAFOL 10 mg X 30 TABLETAS,https://mav.farmaciasaas.com/api/images/articulos/DISTRIBUCION/23016.jpg,true
38570,ME42320/2,NONAFOL 5 mg X 10 TABLETAS,https://mav.farmaciasaas.com/api/images/articulos/DISTRIBUCION/23099.jpg,true
38571,ME42320/3,NONAFOL 5 mg X 20 TABLETAS,https://mav.farmaciasaas.com/api/images/articulos/DISTRIBUCION/21982.jpg,true
38572,ME42320/4,NONAFOL 5 mg X 30 TABLETAS,https://mav.farmaciasaas.com/api/images/articulos/DISTRIBUCION/21983.jpg,true
38573,ME36695,NORMIX 200 mg X 12 TABLETAS RECUBIERTAS,https://pccentro.net.ve/img/s/7/8/8/9/3/78893-large_default.webp,true
38574,ME35872,NORSINA 500 mg - 10 mg X 12 TABLETAS,https://mav.farmaciasaas.com/api/images/articulos/DISTRIBUCION/97499.jpg,true
38575,ME43718,NORTRICOL 200 mg X 20 CÁPSULAS,https://mav.farmaciasaas.com/api/images/articulos/DISTRIBUCION/25240.jpg,true
38576,ME27271/3,NOTOLAC 20 mg X 10 TABLETAS,https://mav.farmaciasaas.com/api/images/articulos/DISTRIBUCION/1531.jpg,true
38578,ME23563,NOVARONA 200 mg X 10 COMPRIMIDOS,https://mav.farmaciasaas.com/api/images/articulos/DISTRIBUCION/8426.jpg,true
38579,ME42194,NOXPIRIN GRIP X 12 TABLETAS,https://mav.farmaciasaas.com/api/images/articulos/DISTRIBUCION/20329.jpg,true
38582,ME38888,OFAFLAN 50 mg X 10 COMPRIMIDOS CON CUBIERTA ENTERICA,https://mav.farmaciasaas.com/api/images/articulos/DISTRIBUCION/95750.jpg,true
38583,ME38330,DICLOFENAC POTASICO 15 mg / mL SUSPENSION ORAL,https://pccentro.net.ve/img/s/8/0/5/5/6/80556-large_default.webp,true
38584,ME38721,OFAFLAN 2 mg / mL SUSPENSION ORAL,https://mav.farmaciasaas.com/api/images/articulos/DISTRIBUCION/99845.jpg,true
38586,ME42964,OLANZAPINA 5 mg X 30 TABLETAS ORODISPERSABLES,https://mav.farmaciasaas.com/api/images/articulos/DISTRIBUCION/25670.jpg,true
38587,ME39403,OLMECAR 20 mg X 30 COMPRIMIDOS RECUBIERTOS,https://mav.farmaciasaas.com/api/images/articulos/DISTRIBUCION/18030.jpg,true
38588,ME39297,OLMECAR 40 mg X 30 COMPRIMIDOS RECUBIERTOS,https://mav.farmaciasaas.com/api/images/articulos/DISTRIBUCION/20723.jpg,true
38589,ME40904,"OLMESARTAN MEDOXOMIL 40 mg - HIDROLOCOTIAZIDA 12,5 mg X 30 TABLETAS RECUBIERTAS",https://mav.farmaciasaas.com/api/images/articulos/DISTRIBUCION/20515.jpg,true
38590,ME42752/2,OLMESARTAN MEDOXOMILO 20 mg X 10 TABLETAS RECUBIERTAS,https://mav.farmaciasaas.com/api/images/articulos/DISTRIBUCION/18568.jpg,true
38591,ME42752/3,OLMESARTAN MEDOXOMILO 20 mg X 30 TABLETAS RECUBIERTAS,https://mav.farmaciasaas.com/api/images/articulos/DISTRIBUCION/99097.jpg,true
38592,ME40779,OLMESARTAN MEDOXOMIL 20 mg X 30 TABLETAS RECUBIERTAS,https://mav.farmaciasaas.com/api/images/articulos/DISTRIBUCION/20514.jpg,true
38593,ME42751/2,OLMESARTAN MEDOXOMILO 40 mg X 10 TABLETAS RECUBIERTAS,https://mav.farmaciasaas.com/api/images/articulos/DISTRIBUCION/18584.jpg,true
38594,ME42751/3,OLMESARTAN MEDOXOMILO 40 mg X 30 TABLETAS RECUBIERTAS,https://mav.farmaciasaas.com/api/images/articulos/DISTRIBUCION/99045.jpg,true
38595,ME42770,OLMETIQUE 20 mg X 30 TABLETAS RECUBIERTAS,https://mav.farmaciasaas.com/api/images/articulos/DISTRIBUCION/27013.jpg,true
38596,ME27785/3,OMEPRAZOL 20 mg X 10 CAPSULAS CON MICROGRANULOS ENTERICOS,https://mav.farmaciasaas.com/api/images/articulos/DISTRIBUCION/53303.jpg,true
38597,ME27785/4,OMEPRAZOL 20 mg X 14 CAPSULAS CON MICROGRANULOS ENTERICOS,https://mav.farmaciasaas.com/api/images/articulos/DISTRIBUCION/21060.jpg,true
38598,ME27785/5,OMEPRAZOL 20 mg X 28 CAPSULAS CON MICROGRANULOS ENTERICOS,https://mav.farmaciasaas.com/api/images/articulos/DISTRIBUCION/8254.jpg,true
38599,ME27785/6,OMEPRAZOL 20 mg X 30 CAPSULAS CON MICROGRANULOS ENTERICOS,https://mav.farmaciasaas.com/api/images/articulos/DISTRIBUCION/24329.jpg,true
38600,ME27785/2,OMEPRAZOL 20 mg X 7 CAPSULAS CON MICROGRANULOS ENTERICOS,https://mav.farmaciasaas.com/api/images/articulos/DISTRIBUCION/20777.jpg,true
38601,ME28613/3,OMEPRAZOL 20 mg X 30 CAPSULAS CON MICROGRANULOS CON CUBIERTA ENTERICA,https://mav.farmaciasaas.com/api/images/articulos/DISTRIBUCION/98882.jpg,true
38602,ME28613/2,OMEPRAZOL 20 mg X 8 CAPSULAS CON MICROGRANULOS CON CUBIERTA ENTERICA,https://mav.farmaciasaas.com/api/images/articulos/DISTRIBUCION/6497.jpg,true
38608,ME42404/3,OMEPRAZOL 40 mg X 30 CAPSULAS CON MICROGRANULOS GASTRORRESISTENTES,https://mav.farmaciasaas.com/api/images/articulos/DISTRIBUCION/23870.jpg,true
38609,ME42404/2,OMEPRAZOL 40 mg X 7 CAPSULAS CON MICROGRANULOS GASTRORRESISTENTES,https://mav.farmaciasaas.com/api/images/articulos/DISTRIBUCION/29583.jpg,true
38611,ME41965/2,OMEPRAZOL 40 mg X 10 CAPSULAS GASTRORRESISTENTES,https://mav.farmaciasaas.com/api/images/articulos/DISTRIBUCION/16765.jpg,true
38612,ME44039,JUVILOC 20 mg X 20 TABLETAS GASTRORRESISTENTE,https://mav.farmaciasaas.com/api/images/articulos/DISTRIBUCION/53250.jpg,true
38613,HO33836,OMEPRAZOL 40 mg X 1 AMPOLLAS,https://mav.farmaciasaas.com/api/images/articulos/DISTRIBUCION/51351.jpg,true
38614,ME1221,OMMUNAL (LISADO BACTERIANO) 7 mg X 10 CAPSULAS,https://mav.farmaciasaas.com/api/images/articulos/DISTRIBUCION/6053.jpg,true
38615,ME30342,ONDANSETRON 4 mg X 10 COMPRIMIDOS,https://mav.farmaciasaas.com/api/images/articulos/DISTRIBUCION/1107.jpg,true
38616,ME30344,ONDANSETRON 8 mg X 10 COMPRIMIDOS,https://mav.farmaciasaas.com/api/images/articulos/DISTRIBUCION/1108.jpg,true
38617,HO37763/2,ONDANSETRON 8 mg / 4 mL X 1 AMPOLLAS,https://mav.farmaciasaas.com/api/images/articulos/DISTRIBUCION/53239.jpg,true
38618,HO37763/3,ONDANSETRON 8 mg / 4 mL X 5 AMPOLLAS,https://mav.farmaciasaas.com/api/images/articulos/DISTRIBUCION/52480.jpg,true
38619,HO30228,ONDANSETRON 2 mg / mL X 1 AMPOLLAS,https://mav.farmaciasaas.com/api/images/articulos/DISTRIBUCION/1111.jpg,true
38620,ME42197,ONDANSETRON 4 mg / 5 mL SOLUCION ORAL,https://mav.farmaciasaas.com/api/images/articulos/DISTRIBUCION/23942.jpg,true
38621,HO35150/2,ONDATRIN 2 mg / mL X 1 AMPOLLAS,https://mav.farmaciasaas.com/api/images/articulos/DISTRIBUCION/13380.jpg,true
38622,HO35150/3,ONDATRIN 2 mg / mL X 5 AMPOLLAS,https://pccentro.net.ve/img/s/6/8/7/8/0/68780-large_default.webp,true
38625,ME39093,ORLIDIET 120 mg X 30 CAPSULAS,https://mav.farmaciasaas.com/api/images/articulos/DISTRIBUCION/94356.jpg,true
38626,ME40197,ORLIDIET 60 mg X 30 CAPSULAS,https://mav.farmaciasaas.com/api/images/articulos/DISTRIBUCION/99789.jpg,true
38627,ME36024,ORLISTAT 120 mg X 30 CAPSULAS,https://pccentro.net.ve/img/s/7/8/7/5/5/78755-large_default.webp,true
38629,ME43862,OXCARBAZEPINA 300 mg X 30 TABLETAS RECUBIERTAS,https://mav.farmaciasaas.com/api/images/articulos/DISTRIBUCION/25662.jpg,true
38630,ME38580,OXIDREN 150 mg X 1 COMPRIMIDOS RECUBIERTOS,https://mav.farmaciasaas.com/api/images/articulos/DISTRIBUCION/94330.jpg,true
38631,ME25936,OXOLAMINA JARABE,https://mav.farmaciasaas.com/api/images/articulos/DISTRIBUCION/9549.jpg,true
38632,ME26219,OXOLAMINA CITRATO 50 mg / 5 mL JARABE,https://mav.farmaciasaas.com/api/images/articulos/DISTRIBUCION/28837.jpg,true
38634,ME37274,PANTOPRAZOL 40 mg X 10 COMPRIMIDOS CON CUBIERTA DE LIBERACION ENTERICA,https://mav.farmaciasaas.com/api/images/articulos/DISTRIBUCION/98455.jpg,true
38636,ME43468,PANTOPRAZOL 40 mg X 7 TABLETAS DE LIBERACION RETARDADA,https://mav.farmaciasaas.com/api/images/articulos/DISTRIBUCION/20517.jpg,true
38637,ME44653,ATAREM 100 mg / 5 mL SOLUCIÓN ORAL,https://mav.farmaciasaas.com/api/images/articulos/DISTRIBUCION/23735.jpg,true
38638,HO44116,PARACETAMOL 1 g / 100 mL SOLUCION PARA INFUSION,https://mav.farmaciasaas.com/api/images/articulos/DISTRIBUCION/21339.jpg,true
38639,ME37850,PAROXETINA 20 mg X 30 COMPRIMIDOS RECUBIERTAS,https://mav.farmaciasaas.com/api/images/articulos/DISTRIBUCION/25668.jpg,true
38640,ME43713,PASIM PLUS 10 mg - 500 mg X 10 COMPRIMIDOS RECUBIERTOS,https://mav.farmaciasaas.com/api/images/articulos/DISTRIBUCION/53745.jpg,true
38641,ME43239,PASIM PLUS 2 mg - 100 mg / mL SOLUCION ORAL,https://mav.farmaciasaas.com/api/images/articulos/DISTRIBUCION/53746.jpg,true
38642,ME41590,PASIM 10 mg / mL SOLUCION ORAL,https://mav.farmaciasaas.com/api/images/articulos/DISTRIBUCION/17394.jpg,true
38645,ME41358,PEDIACORT 3 mg / mL SOLUCION ORAL,https://mav.farmaciasaas.com/api/images/articulos/DISTRIBUCION/16975.jpg,true
38646,ME39670/2,PEGYT 150 mg X 20 CAPSULAS,https://mav.farmaciasaas.com/api/images/articulos/DISTRIBUCION/21676.jpg,true
38647,ME39670/3,PEGYT 150 mg X 30 CAPSULAS,https://pccentro.net.ve/img/s/8/4/1/0/5/84105-large_default.webp,true
38648,ME43568,PEGYT 25 mg X 30 CAPSULAS,https://mav.farmaciasaas.com/api/images/articulos/DISTRIBUCION/52624.jpg,true
38649,ME39669,PEGYT 75 mg X 20 CAPSULAS,https://mav.farmaciasaas.com/api/images/articulos/DISTRIBUCION/99406.jpg,true
38651,ME27020,PENTOXIFILINA 400 mg X 30 COMPRIMIDOS RECUBIERTOS DE ACCION PROLONGADA,https://mav.farmaciasaas.com/api/images/articulos/DISTRIBUCION/21851.jpg,true
38653,ME12460,PEREBRON 28 mg / 5 mL JARABE SABOR A FRAMBUESA,https://mav.farmaciasaas.com/api/images/articulos/DISTRIBUCION/5256.jpg,true
38654,ME41148,PEREBRON 28 mg / 5 mL JARABE SABOR MIEL - LIMON,https://mav.farmaciasaas.com/api/images/articulos/DISTRIBUCION/5105.jpg,true
38655,ME29292,"PERIDONT 0,12 % SOLUCION TOPICA BUCAL",https://mav.farmaciasaas.com/api/images/articulos/DISTRIBUCION/18615.jpg,true
38656,ME42593,"PEROXIDO DE BENZOILO 2,5 % GEL",https://mav.farmaciasaas.com/api/images/articulos/DISTRIBUCION/21563.jpg,true
38657,ME40348,PERTEN 1% SOLUCION TOPICA,https://mav.farmaciasaas.com/api/images/articulos/DISTRIBUCION/20022.jpg,true
38658,ME40673,PERTEN 1 % GEL TOPICO,https://pccentro.net.ve/img/s/2/5/8/8/5/25885-large_default.webp,true
38659,ME40357,PERTEN 1 % SOLUCION ATOMIZADORA PARA USO TOPICO,https://mav.farmaciasaas.com/api/images/articulos/DISTRIBUCION/20023.jpg,true
38660,ME41064,PERTEN 250 mg X 20 TABLETAS,https://mav.farmaciasaas.com/api/images/articulos/DISTRIBUCION/18905.jpg,true
38661,ME42325,PIGRAL 75 mg X 14 COMPRIMIDOS RECUBIERTOS,https://mav.farmaciasaas.com/api/images/articulos/DISTRIBUCION/24140.jpg,true
38662,ME44538,PIMADOL 10 mg X 10 TABLETAS RECUBIERTAS,https://mav.farmaciasaas.com/api/images/articulos/DISTRIBUCION/28531.jpg,true
38665,ME40606/3,PINAVIX 100 mg X 30 COMPRIMIDOS RECUBIERTOS,https://mav.farmaciasaas.com/api/images/articulos/DISTRIBUCION/13663.jpg,true
38666,ME40606/2,PINAVIX 100 mg X 20 COMPRIMIDOS RECUBIERTOS,https://mav.farmaciasaas.com/api/images/articulos/DISTRIBUCION/50990.jpg,true
38667,ME40639,PIPERAZINA 500mg / 5mL JARABE,https://mav.farmaciasaas.com/api/images/articulos/DISTRIBUCION/22406.jpg,true
38668,ME34513,BREINOX 400 mg X 30 TABLETAS,https://mav.farmaciasaas.com/api/images/articulos/DISTRIBUCION/50807.jpg,true
38669,ME23852,PIROXICAM 20 mg X 10 CAPSULAS,https://mav.farmaciasaas.com/api/images/articulos/DISTRIBUCION/10007.jpg,true
38670,ME30588,PLAVIX 75 mg X 14 COMPRIMIDOS RECUBIERTOS,https://mav.farmaciasaas.com/api/images/articulos/DISTRIBUCION/11151.jpg,true
38671,ME31051,PLIDAN COMPUESTO 10 mg / 125 mg X 10 COMPRIMIDOS RECUBIERTOS,https://mav.farmaciasaas.com/api/images/articulos/DISTRIBUCION/54271.jpg,true
38672,HO31052/2,PLIDAN COMPUESTO 15 mg / 2 mL - 100 mg / 2 mL X 1 AMPOLLAS,https://mav.farmaciasaas.com/api/images/articulos/DISTRIBUCION/4114.jpg,true
38673,HO31052/3,PLIDAN COMPUESTO 15 mg / 2 mL - 100 mg / 2 mL X 2 AMPOLLAS,https://pccentro.net.ve/img/s/8/4/0/4/6/84046-large_default.webp,true
38674,ME8400,OTODON 2% - 5% SOLUCION GOTAS USO OTICO.,https://mav.farmaciasaas.com/api/images/articulos/DISTRIBUCION/2953.jpg,true
38675,HO29980,POLIAMIN 10 % (AMINOACIDOS CRISTALINOS) SOLUCION INYECTABLE INTRAVENOSA,https://mav.farmaciasaas.com/api/images/articulos/DISTRIBUCION/11096.jpg,true
38676,ME30697,"POSTINOR 2 0,75 mg X 2 COMPRIMIDOS",https://mav.farmaciasaas.com/api/images/articulos/DISTRIBUCION/11368.jpg,true
38677,ME42051,POTAX 10 mEq X 100 TABLETAS DE LIBERACION PROLONGADA,https://mav.farmaciasaas.com/api/images/articulos/DISTRIBUCION/26061.jpg,true
38678,ME41289,PRALINA 75 mg X 14 CAPSULAS,https://mav.farmaciasaas.com/api/images/articulos/DISTRIBUCION/17014.jpg,true
38681,ME37032,PREDNA 15 mg / 5 mL SOLUCION ORAL,https://mav.farmaciasaas.com/api/images/articulos/DISTRIBUCION/90974.jpg,true
38682,ME44096,PRENIL 3 mg / 1 mL SOLUCIÓN ORAL,https://mav.farmaciasaas.com/api/images/articulos/DISTRIBUCION/53054.jpg,true
38683,ME43177,PREDNISOLONA ACETATO 1 % SUSPENSION OFTALMICA,https://mav.farmaciasaas.com/api/images/articulos/DISTRIBUCION/28303.jpg,true
38684,ME43039/2,PREDNISOLONA 5 mg X 10 TABLETAS,https://mav.farmaciasaas.com/api/images/articulos/23776.jpg,true
38685,ME43039/3,PREDNISOLONA 5 mg X 30 TABLETAS,https://mav.farmaciasaas.com/api/images/articulos/DISTRIBUCION/21369.jpg,true
38686,ME42866/2,PREDNISOLONA 5 mg X 10 TABLETAS,https://mav.farmaciasaas.com/api/images/articulos/DISTRIBUCION/54512.jpg,true
38687,ME42866/3,PREDNISOLONA 5 mg X 30 TABLETAS,https://mav.farmaciasaas.com/api/images/articulos/DISTRIBUCION/23882.jpg,true
38688,ME27150,PREDNISONA 50 mg X 10 TABLETAS,https://mav.farmaciasaas.com/api/images/articulos/DISTRIBUCION/10937.jpg,true
38689,ME34836,PREDNISONA 50 mg X 10 TABLETAS.,https://mav.farmaciasaas.com/api/images/articulos/DISTRIBUCION/7835.jpg,true
38690,ME12419/2,PREDNISONA 5 mg X 10 TABLETAS,https://mav.farmaciasaas.com/api/images/articulos/DISTRIBUCION/2998.jpg,true
38691,ME12419/4,PREDNISONA 5 mg X 100 TABLETAS,https://mav.farmaciasaas.com/api/images/articulos/DISTRIBUCION/22275.jpg,true
38692,ME12419/3,PREDNISONA 5 mg X 30 TABLETAS,https://mav.farmaciasaas.com/api/images/articulos/DISTRIBUCION/10460.jpg,true
38693,ME32934,PREDNISONA 5 mg X 10 TABLETAS,https://mav.farmaciasaas.com/api/images/articulos/DISTRIBUCION/3927.jpg,true
38694,ME42570/3,PREGABALINA 150 mg X 30 CAPSULAS,https://mav.farmaciasaas.com/api/images/articulos/DISTRIBUCION/27605.jpg,true
38695,ME42570/2,PREGABALINA 150 mg X 20 CAPSULAS,https://pccentro.net.ve/img/s/8/4/1/0/5/84105-large_default.webp,true
38696,ME44579/3,PREGALIS 75MG X 30 CAPSULAS,https://mav.farmaciasaas.com/api/images/articulos/DISTRIBUCION/51773.jpg,true
38697,ME44579/2,PREGALIS 75MG X 14 CAPSULAS,https://mav.farmaciasaas.com/api/images/articulos/DISTRIBUCION/23488.jpg,true
38698,ME41141,PRELIVAL 150 mg X 20 CAPSULAS,https://mav.farmaciasaas.com/api/images/articulos/DISTRIBUCION/22390.jpg,true
38699,ME41142,PRELIVAL 75 mg X 20 CAPSULAS,https://mav.farmaciasaas.com/api/images/articulos/DISTRIBUCION/22389.jpg,true
38700,ME36047,PRESIDERM 2 % UNGUENTO,https://mav.farmaciasaas.com/api/images/articulos/DISTRIBUCION/11580.jpg,true
38701,ME14671,PREVERAL  CON CODEINA  JARABE,https://mav.farmaciasaas.com/api/images/articulos/DISTRIBUCION/99589.jpg,true
38702,ME39191,PROPRANOLOL 40mg X 20 TABLETAS,https://mav.farmaciasaas.com/api/images/articulos/DISTRIBUCION/13203.jpg,true
38703,ME26036,PROPRANOLOL 10 mg X 20 TABLETAS,https://mav.farmaciasaas.com/api/images/articulos/DISTRIBUCION/7637.jpg,true
38704,ME23774,PROTOSULFIL 1 % CREMA,https://mav.farmaciasaas.com/api/images/articulos/DISTRIBUCION/52761.jpg,true
38706,ME35378,PROXIME 750 mg X 5 COMPRIMIDOS RECUBIERTOS,https://mav.farmaciasaas.com/api/images/articulos/DISTRIBUCION/8044.jpg,true
38707,ME37253,PULMOLET 1 mg / mL SUSPENSION PARA NEBULIZAR,https://mav.farmaciasaas.com/api/images/articulos/DISTRIBUCION/91027.jpg,true
38708,ME43431/2,QUETIAPINA 100 mg X 10 TABLETAS RECUBIERTAS,https://mav.farmaciasaas.com/api/images/articulos/DISTRIBUCION/50162.jpg,true
38709,ME43431/3,QUETIAPINA 100 mg X 30 TABLETAS RECUBIERTAS,https://mav.farmaciasaas.com/api/images/articulos/DISTRIBUCION/27607.jpg,true
38710,ME43426,QUETIAPINA 25 mg X 30 TABLETAS RECUBIERTAS,https://mav.farmaciasaas.com/api/images/articulos/DISTRIBUCION/27606.jpg,true
38711,ME39822,QUETIAZIC 300 mg X 30 COMPRIMIDOS RECUBIERTOS,https://mav.farmaciasaas.com/api/images/articulos/DISTRIBUCION/51310.jpg,true
38712,ME42736,QUETIVAL 100 mg X 30 TABLETAS RECUBIERTAS,https://mav.farmaciasaas.com/api/images/articulos/DISTRIBUCION/27422.jpg,true
38713,ME43563,QUETIVAL 200 mg X 30 TABLETAS RECUBIERTAS,https://mav.farmaciasaas.com/api/images/articulos/DISTRIBUCION/52493.jpg,true
38714,ME42737,QUETIVAL 25 mg X 30 TABLETAS RECUBIERTAS,https://mav.farmaciasaas.com/api/images/articulos/DISTRIBUCION/27421.jpg,true
38715,ME35503,"QUINOMAX 0,5% SOLUCION OFTALMICA",https://pccentro.net.ve/img/s/7/5/4/9/6/75496-large_default.webp,true
38717,ME40243,RAMIPRES 5 mg X 30 COMPRIMIDOS,https://mav.farmaciasaas.com/api/images/articulos/DISTRIBUCION/18617.jpg,true
38718,ME37058,"RAMIPRIL 2,5 mg X 30 COMPRIMIDOS",https://pccentro.net.ve/img/s/8/3/9/7/9/83979-large_default.webp,true
38719,HO30929,RANITIDINA 50 mg/2 mL X 10 AMPOLLAS,https://mav.farmaciasaas.com/api/images/articulos/DISTRIBUCION/23534.jpg,true
38720,ME26538,RANITIDINA 150 mg X 10 COMPRIMIDOS RECUBIERTOS,https://mav.farmaciasaas.com/api/images/articulos/DISTRIBUCION/54366.jpg,true
38721,ME31884,RANITIDINA 300mg X 10 TABLETAS,https://mav.farmaciasaas.com/api/images/articulos/DISTRIBUCION/54367.jpg,true
38722,ME39265,REGULIP 20 mg X 30 TABLETAS,https://mav.farmaciasaas.com/api/images/articulos/DISTRIBUCION/95311.jpg,true
38723,ME43467,"RESEQUIL 0,1% LOCION TOPICA",https://pccentro.net.ve/img/s/7/4/4/9/1/74491-large_default.webp,true
38724,ME44650,REUMAQUINE 200 mg X 20 TABLETAS RECUBIERTAS,https://mav.farmaciasaas.com/api/images/articulos/DISTRIBUCION/27621.jpg,true
38725,ME30106,RIDAL 2 mg X 20 COMPRIMIDOS RECUBIERTOS,https://mav.farmaciasaas.com/api/images/articulos/DISTRIBUCION/11398.jpg,true
38726,ME30105,RIDAL 3 mg X 20 COMPRIMIDOS RECUBIERTOS,https://mav.farmaciasaas.com/api/images/articulos/DISTRIBUCION/11399.jpg,true
38727,ME36450,RIDAL 1 mg X 20 COMPRIMIDOS RECUBIERTOS,https://mav.farmaciasaas.com/api/images/articulos/DISTRIBUCION/90076.jpg,true
38728,ME39709,RIDAL 1 mg / mL SOLUCION ORAL,https://mav.farmaciasaas.com/api/images/articulos/DISTRIBUCION/96311.jpg,true
38729,ME39775/3,RIFAMIX 200 mg X 12 COMPRIMIDOS RECUBIERTOS,https://mav.farmaciasaas.com/api/images/articulos/DISTRIBUCION/99098.jpg,true
38730,ME39775/2,RIFAMIX 200 mg X 10 COMPRIMIDOS RECUBIERTOS,https://pccentro.net.ve/img/s/7/8/8/9/3/78893-large_default.webp,true
38733,ME43791,"RINIFLU 2,5 mg / 5 mL JARABE",https://pccentro.net.ve/img/s/7/4/5/1/9/74519-large_default.webp,true
38734,ME32231,RINOLAST 120 mg X 10 TABLETAS RECUBIERTAS,https://mav.farmaciasaas.com/api/images/articulos/DISTRIBUCION/6448.jpg,true
38735,ME30711,"RINOMAX 0,25 % - 0,125 % - 0,25 % SOLUCION NASAL",https://mav.farmaciasaas.com/api/images/articulos/DISTRIBUCION/2250.jpg,true
38736,ME28992,RISPERID 2 mg X 30 COMPRIMIDOS RECUBIERTOS,https://mav.farmaciasaas.com/api/images/articulos/DISTRIBUCION/94360.jpg,true
38737,ME28993,RISPERID 3 mg X 30 COMPRIMIDOS RECUBIERTOS,https://mav.farmaciasaas.com/api/images/articulos/DISTRIBUCION/94359.jpg,true
38738,ME36861,RISPERID 1 mg/ mL X 30 SOLUCION ORAL,https://mav.farmaciasaas.com/api/images/articulos/DISTRIBUCION/90686.jpg,true
38739,ME36375,RISPERID 1 mg X 20 COMPRIMIDOS RECUBIERTOS,https://mav.farmaciasaas.com/api/images/articulos/DISTRIBUCION/50986.jpg,true
38740,ME38180,RISPERIDONA 2 mg X 20 TABLETAS RECUBIERTAS,https://mav.farmaciasaas.com/api/images/articulos/DISTRIBUCION/97451.jpg,true
38743,ME42436,RITROMI 500 mg X 10 TABLETAS RECUBIERTAS,https://mav.farmaciasaas.com/api/images/articulos/DISTRIBUCION/29497.jpg,true
38744,ME42922,RIVAROXABAN 15 mg X 30 TABLETAS RECUBIERTAS,https://mav.farmaciasaas.com/api/images/articulos/DISTRIBUCION/24319.jpg,true
38745,ME42923/2,RIVAROXABAN 20 mg X 10 TABLETAS RECUBIERTAS,https://mav.farmaciasaas.com/api/images/articulos/DISTRIBUCION/26738.jpg,true
38746,ME42923/3,RIVAROXABAN 20 mg X 14 TABLETAS RECUBIERTAS,https://mav.farmaciasaas.com/api/images/articulos/DISTRIBUCION/54217.jpg,true
38747,ME43974,RONARES 500 mg - 4 mg X 10 COMPRIMIDOS,https://mav.farmaciasaas.com/api/images/articulos/DISTRIBUCION/53742.jpg,true
38748,ME44475,ROSUTAN 10 mg X 30 TABLETAS RECUBIERTAS,https://pccentro.net.ve/img/s/3/5/6/2/9/35629-large_default.webp,true
38749,ME37264,ROSUVASTATINA 20 mg X 30 COMPRIMIDOS RECUBIERTOS,https://mav.farmaciasaas.com/api/images/articulos/DISTRIBUCION/21364.jpg,true
38750,ME42632/2,ROSUVASTATINA 20 mg X 10 TABLETAS RECUBIERTAS,https://mav.farmaciasaas.com/api/images/articulos/DISTRIBUCION/24316.jpg,true
38751,ME42632/3,ROSUVASTATINA 20 mg X 30 TABLETAS RECUBIERTAS,https://pccentro.net.ve/img/s/8/3/9/9/8/83998-large_default.webp,true
38752,ME42676,ROSUVASTATINA 10 mg X 30 TABLETAS RECUBIERTAS,https://mav.farmaciasaas.com/api/images/articulos/DISTRIBUCION/29584.jpg,true
38753,ME35905,ROVARTAL 10 mg X 30 COMPRIMIDOS RECUBIERTOS,https://mav.farmaciasaas.com/api/images/articulos/DISTRIBUCION/9989.jpg,true
38754,ME38325,ROVARTAL 40 mg X 30 COMPRIMIDOS RECUBIERTOS,https://mav.farmaciasaas.com/api/images/articulos/DISTRIBUCION/94461.jpg,true
38755,ME37201/2,ROWELUK 5 mg X 10 COMPRIMIDOS MASTICABLES,https://mav.farmaciasaas.com/api/images/articulos/DISTRIBUCION/26093.jpg,true
38756,ME37201/3,ROWELUK 5 mg X 30 COMPRIMIDOS MASTICABLES,https://mav.farmaciasaas.com/api/images/articulos/DISTRIBUCION/92735.jpg,true
38757,ME37202,ROWELUK 10 mg X 10 COMPRIMIDOS RECUBIERTOS,https://pccentro.net.ve/img/s/7/5/8/6/9/75869-large_default.webp,true
38758,ME37200/3,ROWELUK 4 mg X 30 COMPRIMIDOS MASTICABLES,https://pccentro.net.ve/img/s/5/6/7/8/9/56789-large_default.webp,true
38759,ME37200/2,ROWELUK 4 mg X 10 COMPRIMIDOS MASTICABLES,https://mav.farmaciasaas.com/api/images/articulos/DISTRIBUCION/25403.jpg,true
38760,ME43848,RUBIZON 20 mg X 35 TABLETAS RECUBIERTAS,https://mav.farmaciasaas.com/api/images/articulos/DISTRIBUCION/54290.jpg,true
38761,ME43810,SADOXOL 50 mg X 30 TABLETAS,https://mav.farmaciasaas.com/api/images/articulos/DISTRIBUCION/54369.jpg,true
38762,ME25529,SALBUTAMOL 40 mg/ 100 mL JARABE,https://pccentro.net.ve/img/s/5/2/2/8/7/52287-large_default.webp,true
38766,ME29493,SAVER 500 mg X 5 COMPRIMIDOS RECUBIERTOS,https://mav.farmaciasaas.com/api/images/articulos/DISTRIBUCION/207.jpg,true
38767,ME30953,SECNIDAZOL 500 mg X 4 TABLETAS RECUBIERTAS,https://mav.farmaciasaas.com/api/images/articulos/DISTRIBUCION/52731.jpg,true
38768,ME32717,SECNIDAZOL 1 g COMPRIMIDOS RECUBIERTOS,https://mav.farmaciasaas.com/api/images/articulos/DISTRIBUCION/52517.jpg,true
38769,ME37061,SECNIDAZOL 1 g X 2 TABLETAS RECUBIERTAS,https://mav.farmaciasaas.com/api/images/articulos/DISTRIBUCION/8585.jpg,true
38770,ME31560,SECNIDAZOL 1 g X 2 TABLETAS RECUBIERTAS,https://pccentro.net.ve/img/s/5/8/7/0/2/58702-large_default.webp,true
38771,ME37852,SECNIDAZOL 500 mg X 4 COMPRIMIDOS,https://mav.farmaciasaas.com/api/images/articulos/DISTRIBUCION/3004.jpg,true
38772,ME37617,SECNIDAZOL 1 g X 2 TABLETAS RECUBIERTAS,https://mav.farmaciasaas.com/api/images/articulos/DISTRIBUCION/92494.jpg,true
38773,ME37680,SECNIDEX 500 mg X 4 TABLETAS RECUBIERTAS,https://mav.farmaciasaas.com/api/images/articulos/DISTRIBUCION/92854.jpg,true
38774,ME33722,SELENE 400 UI - 70 mcg X 30 CAPSULAS BLANDAS,https://mav.farmaciasaas.com/api/images/articulos/DISTRIBUCION/4898.jpg,true
38775,ME37708,SELENE 100 UI - 70 mcg X 60 CAPSULAS BLANDAS,https://pccentro.net.ve/img/s/7/8/6/6/9/78669-large_default.webp,true
38776,ME31374,SERETIDE 25 mcg - 50 mcg DOSIS X 120 SUSPENSION PARA INHALACION ORAL,https://mav.farmaciasaas.com/api/images/articulos/DISTRIBUCION/50864.jpg,true
38777,ME32712,SERLINE 100 mg X 10 COMPRIMIDOS,https://mav.farmaciasaas.com/api/images/articulos/DISTRIBUCION/3699.jpg,true
38778,ME30171/2,SERLINE 50 mg X 10 COMPRIMIDOS,https://mav.farmaciasaas.com/api/images/articulos/DISTRIBUCION/11400.jpg,true
38779,ME30171/3,SERLINE 50 mg X 30 COMPRIMIDOS,https://pccentro.net.ve/img/s/8/4/1/1/0/84110-large_default.webp,true
38780,ME32466/3,SERTRALINA 50 mg X 30 TABLETAS,https://mav.farmaciasaas.com/api/images/articulos/DISTRIBUCION/25669.jpg,true
38781,ME32466/4,SERTRALINA 50 mg X 56 TABLETAS,https://mav.farmaciasaas.com/api/images/articulos/DISTRIBUCION/53165.jpg,true
38782,ME32466/2,SERTRALINA 50 mg X 10 TABLETAS,https://mav.farmaciasaas.com/api/images/articulos/DISTRIBUCION/2960.jpg,true
38783,ME31067/2,SERTRALINA 50 mg X 10 COMPRIMIDOS RECUBIERTOS,https://pccentro.net.ve/img/s/8/4/1/1/0/84110-large_default.webp,true
38784,ME31067/3,SERTRALINA 50 mg X 14 COMPRIMIDOS RECUBIERTOS,https://mav.farmaciasaas.com/api/images/articulos/DISTRIBUCION/22393.jpg,true
38785,ME31067/4,SERTRALINA 50 mg X 30 COMPRIMIDOS RECUBIERTOS,https://mav.farmaciasaas.com/api/images/articulos/DISTRIBUCION/51984.jpg,true
38786,ME43842,Sertralina 50 mg X 14 Tabletas Recubiertas,https://pccentro.net.ve/img/s/8/4/1/1/0/84110-large_default.webp,true
38787,ME34530,SESAREN XR 150 mg X 15 CAPSULAS CON MICROGRANULOS DE LIBERACION PROLONGADA,https://mav.farmaciasaas.com/api/images/articulos/DISTRIBUCION/8574.jpg,true
38788,ME43900,SIDAZOL 100 mg X 30 TABLETAS,https://mav.farmaciasaas.com/api/images/articulos/DISTRIBUCION/53221.jpg,true
38789,ME43899,SIDAZOL 50 mg X 30 TABLETAS,https://mav.farmaciasaas.com/api/images/articulos/DISTRIBUCION/53222.jpg,true
38790,ME44582,SIGLUTAN 50 mg-500 mg X 30 TABLETAS RECUBIERTAS,https://mav.farmaciasaas.com/api/images/articulos/DISTRIBUCION/22555.jpg,true
38791,ME43690/2,SILDENAFILO 50mg X 1 TABLETAS RECUBIERTAS,https://mav.farmaciasaas.com/api/images/articulos/DISTRIBUCION/53621.jpg,true
38792,ME43690/3,SILDENAFILO 50mg X 2 TABLETAS RECUBIERTAS,https://mav.farmaciasaas.com/api/images/articulos/DISTRIBUCION/53622.jpg,true
38793,ME43690/4,SILDENAFILO 50mg X 4 TABLETAS RECUBIERTAS,https://pccentro.net.ve/img/s/2/4/5/1/0/24510-large_default.webp,true
38794,ME42444/2,SILDEX 100 mg X 1 TABLETAS RECUBIERTAS,https://mav.farmaciasaas.com/api/images/articulos/DISTRIBUCION/23468.jpg,true
38795,ME42444/3,SILDEX 100 mg X 2 TABLETAS RECUBIERTAS,https://mav.farmaciasaas.com/api/images/articulos/DISTRIBUCION/23469.jpg,true
38796,ME37030/2,SILDEX 50 mg X 1 TABLETAS RECUBIERTAS,https://mav.farmaciasaas.com/api/images/articulos/DISTRIBUCION/90912.jpg,true
38797,ME37030/3,SILDEX 50 mg X 2 TABLETAS RECUBIERTAS,https://mav.farmaciasaas.com/api/images/articulos/DISTRIBUCION/94885.jpg,true
38798,ME41645,"SINUTIL 80 mg - 0,5 mg / mL SOLUCION ORAL",https://mav.farmaciasaas.com/api/images/articulos/DISTRIBUCION/19538.jpg,true
38799,ME32020,SINUTIL JARABE,https://pccentro.net.ve/img/s/2/5/4/9/4/25494-large_default.webp,true
38800,ME43259/3,SITAGLIPTINA - METFORMINA CLORHIDRATO 50 mg - 500 mg X 30 TABLETAS RECUBIERTAS,https://pccentro.net.ve/img/s/2/4/4/5/6/24456-large_default.webp,true
38801,ME43259/2,SITAGLIPTINA - METFORMINA CLORHIDRATO 50 mg - 500 mg X 10 TABLETAS RECUBIERTAS,https://mav.farmaciasaas.com/api/images/articulos/DISTRIBUCION/54216.jpg,true
38802,ME44367,METFORMINA CLORHIDRATO - SITAGLIPTINA 850 mg - 50 mg X 28 TABLETAS RECUBIERTAS,https://mav.farmaciasaas.com/api/images/articulos/DISTRIBUCION/53244.jpg,true
38803,ME40375,SITAGLIS MET 50 mg-1000 mg X 28 COMPRIMIDOS RECUBIERTOS,https://mav.farmaciasaas.com/api/images/articulos/DISTRIBUCION/26930.jpg,true
38804,ME31026,SOMAZINA 500 mg X 30 COMPRIMIDOS RECUBIERTOS,https://mav.farmaciasaas.com/api/images/articulos/DISTRIBUCION/1568.jpg,true
38805,HO33901,SOMAZINA 1000 mg / 4 mL X 5 AMPOLLAS,https://pccentro.net.ve/img/s/6/9/8/8/3/69883-large_default.webp,true
38807,ME43073/3,SUCRALFATO 1 g X 20 TABLETAS,https://mav.farmaciasaas.com/api/images/articulos/DISTRIBUCION/54219.jpg,true
38808,ME43073/2,SUCRALFATO 1 g X 10 TABLETAS,https://mav.farmaciasaas.com/api/images/articulos/DISTRIBUCION/25675.jpg,true
38810,HO37696,SULFATO DE MAGNESIO 10 % SOLUCION INYECTABLE,https://mav.farmaciasaas.com/api/images/articulos/DISTRIBUCION/28880.jpg,true
38811,ME43187,"SULIXTRA 0,4 mg X 30 CAPSULAS DE LIBERACION PROLONGADA",https://mav.farmaciasaas.com/api/images/articulos/DISTRIBUCION/21026.jpg,true
38812,ME43279/2,"SULIXTRA DUO 0,4 mg - 0,5 mg X 10 CAPSULAS DE LIBERACION PROLONGADA",https://mav.farmaciasaas.com/api/images/articulos/DISTRIBUCION/21023.jpg,true
38813,ME43279/3,"SULIXTRA DUO 0,4 mg - 0,5 mg X 30 CAPSULAS DE LIBERACION PROLONGADA",https://mav.farmaciasaas.com/api/images/articulos/DISTRIBUCION/21024.jpg,true
38814,ME44472,SULPIR 25mg X 30 COMPRIMIDOS,https://mav.farmaciasaas.com/api/images/articulos/DISTRIBUCION/52407.jpg,true
38815,ME31596,SULTAMICILINA 750 mg X 10 TABLETAS RECUBIERTAS,https://mav.farmaciasaas.com/api/images/articulos/DISTRIBUCION/20939.jpg,true
38816,ME44577,SULTRIM 400 mg – 80 mg X 20 TABLETAS,https://mav.farmaciasaas.com/api/images/articulos/DISTRIBUCION/52000.jpg,true
38817,ME28856,SUPRAMYCINA FORTE 200 mg X 10 TABLETAS,https://mav.farmaciasaas.com/api/images/articulos/DISTRIBUCION/52474.jpg,true
38818,ME28673,SUPRAMYCINA 100 mg X 10 TABLETAS,https://mav.farmaciasaas.com/api/images/articulos/DISTRIBUCION/52475.jpg,true
38819,ME39943,SURIDE 25 mg X 30 COMPRIMIDOS RECUBIERTOS,https://mav.farmaciasaas.com/api/images/articulos/DISTRIBUCION/98364.jpg,true
38820,ME40210,TACHIFORTE 1 g X 20 TABLETAS,https://mav.farmaciasaas.com/api/images/articulos/DISTRIBUCION/13061.jpg,true
38821,ME35368,TACHIFORTE 650 mg X 10 TABLETAS,https://mav.farmaciasaas.com/api/images/articulos/DISTRIBUCION/93366.jpg,true
38822,ME23819,TACHIPIRIN 125 mg X 6 SUPOSITORIOS,https://mav.farmaciasaas.com/api/images/articulos/DISTRIBUCION/5253.jpg,true
38823,ME44534,"TACROLIMUS 0,03% UNGÜENTO",https://mav.farmaciasaas.com/api/images/articulos/DISTRIBUCION/53403.jpg,true
38824,ME38718/2,TADAFOX 20 mg X 1 TABLETAS RECUBIERTAS,https://mav.farmaciasaas.com/api/images/articulos/DISTRIBUCION/99317.jpg,true
38825,ME38718/3,TADAFOX 20 mg X 2 TABLETAS RECUBIERTAS,https://mav.farmaciasaas.com/api/images/articulos/DISTRIBUCION/99316.jpg,true
38826,ME38493/2,TADALAFILO 20 mg X 1 TABLETAS RECUBIERTAS,https://mav.farmaciasaas.com/api/images/articulos/DISTRIBUCION/97341.jpg,true
38827,ME38493/3,TADALAFILO 20 mg X 2 TABLETAS RECUBIERTAS,https://pccentro.net.ve/img/s/2/2/8/1/4/22814-large_default.webp,true
38828,ME43450,TADALAFILO 5 mg X 30 TABLETAS RECUBIERTAS,https://pccentro.net.ve/img/s/2/2/8/1/2/22812-large_default.webp,true
38829,ME41780,TADIFIL 5 mg X 30 COMPRIMIDOS RECUBIERTOS,https://mav.farmaciasaas.com/api/images/articulos/DISTRIBUCION/16883.jpg,true
38830,ME38637/2,TADIFIL 20 mg X 1 COMPRIMIDOS RECUBIERTOS,https://mav.farmaciasaas.com/api/images/articulos/DISTRIBUCION/99201.jpg,true
38831,ME38637/3,TADIFIL 20 mg X 2 COMPRIMIDOS RECUBIERTOS,https://mav.farmaciasaas.com/api/images/articulos/DISTRIBUCION/99199.jpg,true
38832,ME32057,TALERC 10 mg X 10 COMPRIMIDOS,https://mav.farmaciasaas.com/api/images/articulos/DISTRIBUCION/8473.jpg,true
38833,ME41156/2,TALYSTO 5 mg X 10 TABLETAS MASTICABLES,https://pccentro.net.ve/img/s/2/2/8/1/2/22812-large_default.webp,true
38834,ME41156/3,TALYSTO 5 mg X 30 TABLETAS MASTICABLES,https://pccentro.net.ve/img/s/2/2/8/1/2/22812-large_default.webp,true
38835,ME28274,TALZIC 10 mg X 10 COMPRIMIDOS RECUBIERTOS,https://mav.farmaciasaas.com/api/images/articulos/DISTRIBUCION/10310.jpg,true
38836,ME29348,TALZIC 10 mg / mL SOLUCION ORAL,https://mav.farmaciasaas.com/api/images/articulos/DISTRIBUCION/10891.jpg,true
38837,ME32457,TALZIC 1 mg / mL SOLUCION ORAL,https://mav.farmaciasaas.com/api/images/articulos/DISTRIBUCION/3978.jpg,true
38839,ME42467/3,"TAMOSTIN 0,4 mg X 30 CAPSULAS DE LIBERACION PROLONGADA",https://mav.farmaciasaas.com/api/images/articulos/DISTRIBUCION/54206.jpg,true
38840,ME42467/2,"TAMOSTIN 0,4 mg X 20 CAPSULAS DE LIBERACION PROLONGADA",https://pccentro.net.ve/img/s/8/0/4/9/8/80498-large_default.webp,true
38842,ME36676/3,"TAMSULOSINA HCL 0,4 mg CAPSULAS DE LIBERACION PROGRAMADA X 30 CAPSULAS",https://mav.farmaciasaas.com/api/images/articulos/DISTRIBUCION/24279.jpg,true
38843,ME36676/2,"TAMSULOSINA HCL 0,4 mg CAPSULAS DE LIBERACION PROGRAMADA X 10 CAPSULAS",https://mav.farmaciasaas.com/api/images/articulos/DISTRIBUCION/53254.jpg,true
38844,ME42589,"TAMSULOSINA CLORHIDRATO 0,4 mg X 30 CAPSULAS DE LIBERACION PROLONGADA",https://mav.farmaciasaas.com/api/images/articulos/DISTRIBUCION/23537.jpg,true
38845,ME24206,"TANTUN 0,1 % SOLUCION DUCHA VAGINAL",https://mav.farmaciasaas.com/api/images/articulos/DISTRIBUCION/3433.jpg,true
38846,ME2955,TAPAZOL 5 mg X 60 TABLETAS,https://mav.farmaciasaas.com/api/images/articulos/DISTRIBUCION/27473.jpg,true
38847,ME36643/2,TEKRON 200 mg X 10 COMPRIMIDOS RECUBIERTOS,https://pccentro.net.ve/img/s/7/8/8/6/8/78868-large_default.webp,true
38848,ME36643/3,TEKRON 200 mg X 30 COMPRIMIDOS RECUBIERTOS,https://mav.farmaciasaas.com/api/images/articulos/DISTRIBUCION/90990.jpg,true
38849,ME28561/3,TENSOMAX 30 mg X 30 CAPSULAS DE LIBERACION PROLONGADA,https://mav.farmaciasaas.com/api/images/articulos/DISTRIBUCION/30143.jpg,true
38851,ME24973,TENSOPIN 20 mg / mL SOLUCION ORAL,https://mav.farmaciasaas.com/api/images/articulos/DISTRIBUCION/6991.jpg,true
38852,ME22980,NUELIN 80 mg / 15 mL JARABE,https://mav.farmaciasaas.com/api/images/articulos/DISTRIBUCION/53266.jpg,true
38853,ME44418/2,TERAGRIPFORTE 650mg-20mg-2mg X 6 GRANULADO PARA SOLUCION ORAL,https://mav.farmaciasaas.com/api/images/articulos/DISTRIBUCION/92190.jpg,true
38856,ME36877,TERBINAFINA CLORHIDRATO 1 % CREMA TOPICA,https://mav.farmaciasaas.com/api/images/articulos/DISTRIBUCION/96827.jpg,true
38857,ME38849,TIALIN 100 mg X 10 COMPRIMIDOS,https://mav.farmaciasaas.com/api/images/articulos/DISTRIBUCION/13811.jpg,true
38858,ME30062/2,TIALIN 50 mg X 10 COMPRIMIDOS,https://mav.farmaciasaas.com/api/images/articulos/DISTRIBUCION/10964.jpg,true
38859,ME30062/3,TIALIN 50 mg X 30 COMPRIMIDOS,https://mav.farmaciasaas.com/api/images/articulos/DISTRIBUCION/1374.jpg,true
38860,ME43421,"TIDOR 2 % - 0,5 % SOLUCION OFTALMICA",https://mav.farmaciasaas.com/api/images/articulos/DISTRIBUCION/25402.jpg,true
38861,ME12998,TILODRIN 4 mg / mL SOLUCION ORAL,https://mav.farmaciasaas.com/api/images/articulos/DISTRIBUCION/3510.jpg,true
38863,ME42959,"TIMOLOL 0,5 % SOLUCION OFTALMICA",https://mav.farmaciasaas.com/api/images/articulos/DISTRIBUCION/22841.jpg,true
38864,ME22060,TINIDAZOL 500 mg X 4 TABLETAS RECUBIERTAS,https://mav.farmaciasaas.com/api/images/articulos/DISTRIBUCION/29067.jpg,true
38865,ME42787,TIOCHAX PLUS 400 mg - 4 mg X 10 TABLETAS RECUBIERTAS,https://mav.farmaciasaas.com/api/images/articulos/DISTRIBUCION/26615.jpg,true
38866,ME21386,TIOCHAX 4 mg X 12 COMPRIMIDOS,https://mav.farmaciasaas.com/api/images/articulos/DISTRIBUCION/91151.jpg,true
38867,ME39852,TIOCOL 8 mg X 10 TABLETAS RECUBIERTAS,https://mav.farmaciasaas.com/api/images/articulos/DISTRIBUCION/26009.jpg,true
38868,HO27849/2,TIOCOLCHICOSIDO 4 mg / 2 mL X 1 AMPOLLAS,https://mav.farmaciasaas.com/api/images/articulos/DISTRIBUCION/51472.jpg,true
38869,HO27849/4,TIOCOLCHICOSIDO 4 mg / 2 mL X 50 AMPOLLAS,https://mav.farmaciasaas.com/api/images/articulos/DISTRIBUCION/20404.jpg,true
38870,HO27849/3,TIOCOLCHICOSIDO 4 mg / 2 mL X 2 AMPOLLAS,https://mav.farmaciasaas.com/api/images/articulos/DISTRIBUCION/20405.jpg,true
38871,ME26806,TIOCOLCHICOSIDO 4 mg X 10 COMPRIMIDOS,https://mav.farmaciasaas.com/api/images/articulos/DISTRIBUCION/26050.jpg,true
38872,ME34453,TIOCOLCHICOSIDO 4 mg X 12 TABLETAS,https://mav.farmaciasaas.com/api/images/articulos/DISTRIBUCION/6808.jpg,true
38873,ME37086,TIOCOLCHICOSIDO 4 mg X 12 TABLETAS,https://pccentro.net.ve/img/s/9/2/7/5/9/92759-large_default.webp,true
38874,ME37625,TIOCOLFEN 600 mg - 4 mg X 10 TABLETAS RECUBIERTAS,https://mav.farmaciasaas.com/api/images/articulos/DISTRIBUCION/90592.jpg,true
38875,ME43629,TIZANIDINA 2 MG X 10 TABLETAS,https://mav.farmaciasaas.com/api/images/articulos/DISTRIBUCION/28534.jpg,true
38877,ME24679,"TOBRASOL 0,3 % SOLUCION OFTALMICA",https://pccentro.net.ve/img/s/7/5/4/9/9/75499-large_default.webp,true
38878,ME33963,"TODENAC 0,3 % - 0,1 % SOLUCION OFTALMICA",https://pccentro.net.ve/img/s/7/5/5/3/6/75536-large_default.webp,true
38879,ME14318,TOLNAFTAN 1 % SOLUCION,https://mav.farmaciasaas.com/api/images/articulos/DISTRIBUCION/3540.jpg,true
38881,ME34754,TONUM 1 mg / mL  SUSPENSION ORAL,https://mav.farmaciasaas.com/api/images/articulos/DISTRIBUCION/9640.jpg,true
38882,ME34350,TONUM 10 mg X 30 TABLETAS,https://mav.farmaciasaas.com/api/images/articulos/DISTRIBUCION/95057.jpg,true
38883,ME41710,TORIVAS 50 mg X 30 TABLETAS RECUBIERTAS,https://mav.farmaciasaas.com/api/images/articulos/DISTRIBUCION/15607.jpg,true
38885,ME40448,"TRACEVAL 325 mg - 37,5 mg X 20 TABLETAS RECUBIERTAS",https://mav.farmaciasaas.com/api/images/articulos/DISTRIBUCION/99313.jpg,true
38886,ME42277,TRACTIL FORTE 8 mg X 10 COMPRIMIDOS,https://mav.farmaciasaas.com/api/images/articulos/DISTRIBUCION/28504.jpg,true
38887,ME20834,TRACTIL 4 mg X 12 COMPRIMIDOS,https://mav.farmaciasaas.com/api/images/articulos/DISTRIBUCION/4638.jpg,true
38888,ME44131,TRALIX 50 mg X 30 TABLETAS,https://mav.farmaciasaas.com/api/images/articulos/DISTRIBUCION/50749.jpg,true
38890,ME23882,TRAMAL 100 mg / mL SOLUCION ORAL,https://mav.farmaciasaas.com/api/images/articulos/DISTRIBUCION/6148.jpg,true
38891,ME43933,TRICOX 60 mg X 14 TABLETAS RECUBIERTAS,https://mav.farmaciasaas.com/api/images/articulos/DISTRIBUCION/50716.jpg,true
38892,ME43627,TRIMBUTOP 200 MG X 10 COMPRIMIDOS,https://mav.farmaciasaas.com/api/images/articulos/DISTRIBUCION/54049.jpg,true
38893,ME28553/2,TRIMEBUTINA MALEATO 200 mg X 10 TABLETAS,https://mav.farmaciasaas.com/api/images/articulos/DISTRIBUCION/25677.jpg,true
38894,ME28553/3,TRIMEBUTINA MALEATO 200 mg X 30 TABLETAS,https://mav.farmaciasaas.com/api/images/articulos/DISTRIBUCION/26921.jpg,true
38895,ME40389,TRIMEBUTINA 300 mg X 10 COMPRIMIDOS RECUBIERTOS DE LIBERACION PROLONGADA,https://mav.farmaciasaas.com/api/images/articulos/DISTRIBUCION/53502.jpg,true
38896,ME40028,FLUTIXAIR 250 mcg -25 mcg / DOSIS X 120 SUSPENSION PARA INHALACION ORAL,https://mav.farmaciasaas.com/api/images/articulos/DISTRIBUCION/98383.jpg,true
38898,ME22572,TRITTICO 100 mg X 30 TABLETAS,https://mav.farmaciasaas.com/api/images/articulos/DISTRIBUCION/4228.jpg,true
38899,ME22699,TRITTICO 50 mg X 30 TABLETAS,https://mav.farmaciasaas.com/api/images/articulos/DISTRIBUCION/4227.jpg,true
38900,ME25349,ULCENOL 20 mg X 10 TABLETAS,https://mav.farmaciasaas.com/api/images/articulos/DISTRIBUCION/2298.jpg,true
38901,ME25348,ULCENOL 40 mg X 20 TABLETAS,https://mav.farmaciasaas.com/api/images/articulos/DISTRIBUCION/92083.jpg,true
38902,ME25477,ULCON 1 g X 20 TABLETAS,https://mav.farmaciasaas.com/api/images/articulos/DISTRIBUCION/16823.jpg,true
38903,ME43430,ULCRAF 1 g / 5 mL SUSPENSIÓN ORAL,https://mav.farmaciasaas.com/api/images/articulos/DISTRIBUCION/50165.jpg,true
38904,ME36772/2,ULGARIN 20 mg X 16 CAPSULAS,https://mav.farmaciasaas.com/api/images/articulos/DISTRIBUCION/23023.jpg,true
38905,ME36772/3,ULGARIN 20 mg X 28 CAPSULAS,https://mav.farmaciasaas.com/api/images/articulos/DISTRIBUCION/13252.jpg,true
38906,ME36645/2,ULGARIN 40 mg X 16 CAPSULAS,https://mav.farmaciasaas.com/api/images/articulos/DISTRIBUCION/23886.jpg,true
38907,ME36645/3,ULGARIN 40 mg X 32 CAPSULAS,https://mav.farmaciasaas.com/api/images/articulos/DISTRIBUCION/13323.jpg,true
38908,ME43344,ULTAMYN 750 mg X 10 TABLETAS RECUBIERTAS,https://mav.farmaciasaas.com/api/images/articulos/DISTRIBUCION/27001.jpg,true
38909,ME43520,URODUTAN 200 mg X 10 TABLETAS RECUBIERTAS,https://mav.farmaciasaas.com/api/images/articulos/DISTRIBUCION/22852.jpg,true
38911,ME38639,VALACICLOVIR 500 mg X 10 TABLETAS RECUBIERTAS,https://mav.farmaciasaas.com/api/images/articulos/DISTRIBUCION/24670.jpg,true
38912,ME23835,VALPRON 250 mg / 5 mL JARABE,https://mav.farmaciasaas.com/api/images/articulos/DISTRIBUCION/51565.jpg,true
38913,ME44208/2,VALSARTÁN 160mg X 10 COMPRIMIDOS RECUBIERTOS,https://mav.farmaciasaas.com/api/images/articulos/DISTRIBUCION/51784.jpg,true
38914,ME44208/3,VALSARTÁN 160mg X 28 COMPRIMIDOS RECUBIERTOS,https://mav.farmaciasaas.com/api/images/articulos/DISTRIBUCION/54193.jpg,true
38915,ME44208/4,VALSARTÁN 160mg X 30 COMPRIMIDOS RECUBIERTOS,https://mav.farmaciasaas.com/api/images/articulos/DISTRIBUCION/24321.jpg,true
38916,ME31624/3,VALSARTAN 160 mg X 14 CAPSULAS,https://pccentro.net.ve/img/s/5/4/4/8/8/54488-large_default.webp,true
38917,ME31624/2,VALSARTAN 160 mg X 7 CAPSULAS,https://mav.farmaciasaas.com/api/images/articulos/DISTRIBUCION/2620.jpg,true
38918,ME38559/3,"VALSARTAN - HIDROCLOROTIAZIDA 160 mg - 12,5 mg X 30 TABLETAS RECUBIERTAS",https://pccentro.net.ve/img/s/2/4/0/7/7/24077-large_default.webp,true
38919,ME38559/2,"VALSARTAN - HIDROCLOROTIAZIDA 160 mg - 12,5 mg X 14 TABLETAS RECUBIERTAS",https://mav.farmaciasaas.com/api/images/articulos/DISTRIBUCION/96316.jpg,true
38920,ME31623/2,VALSARTAN 80 mg X 14 CAPSULAS,https://mav.farmaciasaas.com/api/images/articulos/DISTRIBUCION/22949.jpg,true
38921,ME31623/3,VALSARTAN 80 mg X 30 CAPSULAS,https://mav.farmaciasaas.com/api/images/articulos/DISTRIBUCION/99610.jpg,true
38923,ME35562/5,"VALSARTAN - HIDROCLOROTIAZIDA 80 mg - 12,5 mg X 30 TABLETAS RECUBIERTAS",https://mav.farmaciasaas.com/api/images/articulos/DISTRIBUCION/28723.jpg,true
38924,ME35562/4,"VALSARTAN - HIDROCLOROTIAZIDA 80 mg - 12,5 mg X 28 TABLETAS RECUBIERTAS",https://mav.farmaciasaas.com/api/images/articulos/DISTRIBUCION/54281.jpg,true
38925,ME35562/2,"VALSARTAN - HIDROCLOROTIAZIDA 80 mg - 12,5 mg X 14 TABLETAS RECUBIERTAS",https://mav.farmaciasaas.com/api/images/articulos/DISTRIBUCION/9838.jpg,true
38926,ME38613,"VALSARTAN - HIDROCLOROTIAZIDA 80 mg - 12,5 mg X 30 TABLETAS RECUBIERTAS",https://pccentro.net.ve/img/s/2/4/0/7/7/24077-large_default.webp,true
38927,ME33646/2,"VASATEN HCT 80 mg - 12,5 mg X 10 COMPRIMIDOS RECUBIERTOS",https://mav.farmaciasaas.com/api/images/articulos/DISTRIBUCION/50173.jpg,true
38928,ME33646/3,"VASATEN HCT 80 mg - 12,5 mg X 14 COMPRIMIDOS RECUBIERTOS",https://mav.farmaciasaas.com/api/images/articulos/DISTRIBUCION/90886.jpg,true
38929,ME35526/2,"VALSARTAN - HIDROCLOROTIAZIDA 80 mg - 12,5 mg X 10 TABLETAS RECUBIERTAS",https://mav.farmaciasaas.com/api/images/articulos/DISTRIBUCION/21545.jpg,true
38930,ME35526/3,"VALSARTAN - HIDROCLOROTIAZIDA 80 mg - 12,5 mg X 30 TABLETAS RECUBIERTAS",https://pccentro.net.ve/img/s/2/4/0/7/7/24077-large_default.webp,true
38931,ME44465,VALSARTAN 160 MG X 30 TABLETAS RECUBIERTAS,https://mav.farmaciasaas.com/api/images/articulos/DISTRIBUCION/54468.jpg,true
38932,ME37644/2,VALSARTAN 80 mg X 14 CAPSULAS,https://pccentro.net.ve/img/s/7/4/7/5/8/74758-large_default.webp,true
38933,ME37644/3,VALSARTAN 80 mg X 30 CAPSULAS,https://pccentro.net.ve/img/s/7/4/7/5/8/74758-large_default.webp,true
38934,ME43273/3,VASPITOR 20 mg X 30 COMPRIMIDOS RECUBIERTOS,https://mav.farmaciasaas.com/api/images/articulos/DISTRIBUCION/50578.jpg,true
38935,ME43273/2,VASPITOR 20 mg X 10 COMPRIMIDOS RECUBIERTOS,https://mav.farmaciasaas.com/api/images/articulos/DISTRIBUCION/52641.jpg,true
38936,ME43342/3,VASPITOR 40 mg X 30 COMPRIMIDOS RECUBIERTOS,https://mav.farmaciasaas.com/api/images/articulos/DISTRIBUCION/50530.jpg,true
38937,ME43342/2,VASPITOR 40 mg X 10 COMPRIMIDOS RECUBIERTOS,https://mav.farmaciasaas.com/api/images/articulos/DISTRIBUCION/52642.jpg,true
38938,ME40793,"VASSLUTEN HCT 300 mg - 12,5 mg TABLETAS",https://mav.farmaciasaas.com/api/images/articulos/DISTRIBUCION/24263.jpg,true
38939,ME40580,"VASSLUTEN HCT 150 mg - 12,5 mg TABLETAS",https://mav.farmaciasaas.com/api/images/articulos/DISTRIBUCION/15696.jpg,true
38940,ME43211/2,VECTUS 20 mg X 1 TABLETAS RECUBIERTAS,https://mav.farmaciasaas.com/api/images/articulos/DISTRIBUCION/29011.jpg,true
38941,ME43211/3,VECTUS 20 mg X 2 TABLETAS RECUBIERTAS,https://mav.farmaciasaas.com/api/images/articulos/DISTRIBUCION/29012.jpg,true
38942,ME43394/2,VECTUS 5 mg X 10 TABLETAS RECUBIERTAS,https://mav.farmaciasaas.com/api/images/articulos/DISTRIBUCION/30204.jpg,true
38943,ME43394/3,VECTUS 5 mg X 20 TABLETAS RECUBIERTAS,https://mav.farmaciasaas.com/api/images/articulos/DISTRIBUCION/30212.jpg,true
38944,ME43394/4,VECTUS 5 mg X 30 TABLETAS RECUBIERTAS,https://mav.farmaciasaas.com/api/images/articulos/DISTRIBUCION/30213.jpg,true
38945,ME43348/3,DIOSMINA - HESPERIDINA 450 mg - 50 mg X 30 CAPSULAS BLANDAS,https://pccentro.net.ve/img/s/8/5/8/3/1/85831-large_default.webp,true
38946,ME43348/2,DIOSMINA - HESPERIDINA 450 mg - 50 mg X 10 CAPSULAS BLANDAS,https://pccentro.net.ve/img/s/8/5/8/3/1/85831-large_default.webp,true
38947,ME35075,VESTAX 650 mg X 10 TABLETAS,https://mav.farmaciasaas.com/api/images/articulos/DISTRIBUCION/9373.jpg,true
38948,ME32103,VIAJESAN 50 mg X 10 TABLETAS RECUBIERTAS,https://mav.farmaciasaas.com/api/images/articulos/DISTRIBUCION/3034.jpg,true
38949,ME32610/3,VIASEk 50 mg X 2 COMPRIMIDOS RECUBIERTOS,https://mav.farmaciasaas.com/api/images/articulos/DISTRIBUCION/2929.jpg,true
38950,ME32610/2,VIASEk 50 mg X 1 COMPRIMIDOS RECUBIERTOS,https://mav.farmaciasaas.com/api/images/articulos/DISTRIBUCION/5327.jpg,true
38951,ME32611,VIGRASOL 50 mg X 1 COMPRIMIDOS RECUBIERTOS,https://mav.farmaciasaas.com/api/images/articulos/DISTRIBUCION/7331.jpg,true
38952,ME42486,VILDAGLIPTINA 50 mg X 30 COMPRIMIDOS,https://mav.farmaciasaas.com/api/images/articulos/DISTRIBUCION/30332.jpg,true
38953,ME37137,VIROSUPRIL 5 % CREMA,https://pccentro.net.ve/img/s/6/3/2/4/2/63242-large_default.webp,true
38954,ME41583,DARLIDE 1.000 UI X 100 CAPSULAS BLANDAS,https://pccentro.net.ve/img/s/3/5/5/7/0/35570-large_default.webp,true
38955,ME39856/3,FARMAD 1000 UI X 60 TABLETAS RECUBIERTAS,https://mav.farmaciasaas.com/api/images/articulos/DISTRIBUCION/52137.jpg,true
38956,ME39856/4,FARMAD 1000 UI X 100 TABLETAS RECUBIERTAS,https://mav.farmaciasaas.com/api/images/articulos/DISTRIBUCION/5310.jpg,true
38957,ME39856/2,FARMAD 1000 UI X 30 TABLETAS RECUBIERTAS,https://mav.farmaciasaas.com/api/images/articulos/DISTRIBUCION/96976.jpg,true
38958,HO26226,VITAMINA B12 5 mg / mL X 1 AMPOLLAS,https://mav.farmaciasaas.com/api/images/articulos/DISTRIBUCION/7986.jpg,true
38959,ME6024,VITAMINA B12 500 mcg X 20 CAPSULAS,https://mav.farmaciasaas.com/api/images/articulos/DISTRIBUCION/24643.jpg,true
38960,HO27999,VITAMINA C 500 mg / 5 mL X 10 AMPOLLAS,https://mav.farmaciasaas.com/api/images/articulos/DISTRIBUCION/30120.jpg,true
38961,ME44594/2,DEROVIT 5000 UI X 60 CÁPSULAS BLANDAS,https://pccentro.net.ve/img/s/7/3/3/1/6/73316-large_default.webp,true
38962,ME44594/3,DEROVIT 5000 UI X 100 CÁPSULAS BLANDAS,https://pccentro.net.ve/img/s/7/3/3/1/6/73316-large_default.webp,true
38963,ME44099/3,VITAMINA C 500 mg X 15 TABLETAS MASTICABLES SABOR A NARANJA,https://mav.farmaciasaas.com/api/images/articulos/DISTRIBUCION/23924.jpg,true
38964,ME44099/4,VITAMINA C 500 mg X 30 TABLETAS MASTICABLES SABOR A NARANJA,https://mav.farmaciasaas.com/api/images/articulos/DISTRIBUCION/27114.jpg,true
38965,ME44099/2,VITAMINA C 500 mg X 10 TABLETAS MASTICABLES SABOR A NARANJA,https://mav.farmaciasaas.com/api/images/articulos/DISTRIBUCION/20327.jpg,true
38967,ME32643,VITAMINA C 100 mg / 5 mL SOLUCION ORAL,https://mav.farmaciasaas.com/api/images/articulos/DISTRIBUCION/29208.jpg,true
38968,ME32842/2,VITAMINA E 400 UI X 30 CAPSULAS BLANDAS,https://mav.farmaciasaas.com/api/images/articulos/DISTRIBUCION/9750.jpg,true
38969,ME32842/3,VITAMINA E 400 UI X 50 CAPSULAS BLANDAS,https://mav.farmaciasaas.com/api/images/articulos/DISTRIBUCION/53029.jpg,true
38971,ME31004/2,VITADYN C 500 mg TABLETAS MASTICABLES SABOR A FRUTAS TROPICALES X 10 TABLETAS,https://mav.farmaciasaas.com/api/images/articulos/DISTRIBUCION/54484.jpg,true
38972,ME31004/3,VITADYN C 500 mg TABLETAS MASTICABLES SABOR A FRUTAS TROPICALES X 30 TABLETAS,https://mav.farmaciasaas.com/api/images/articulos/DISTRIBUCION/30132.jpg,true
38974,ME36327,HISTAGRIP FORTE X 10 TABLETAS RECUBIERTAS,https://pccentro.net.ve/img/s/8/4/2/9/6/84296-large_default.webp,true
38975,ME9592,VITENOL CREMA,https://mav.farmaciasaas.com/api/images/articulos/DISTRIBUCION/3832.jpg,true
38976,ME30487/2,VIZERUL 75 mg X 10 COMPRIMIDOS RECUBIERTOS,https://mav.farmaciasaas.com/api/images/articulos/DISTRIBUCION/111.jpg,true
38977,ME30487/3,VIZERUL 75 mg X 20 COMPRIMIDOS RECUBIERTOS,https://mav.farmaciasaas.com/api/images/articulos/DISTRIBUCION/24115.jpg,true
38979,HO42691,VOLCOFEN 75 mg / 3 mL X 1 AMPOLLAS,https://mav.farmaciasaas.com/api/images/articulos/DISTRIBUCION/28883.jpg,true
38980,ME44590,VONAU FLASH 4mg TABLETAS DE DESINTEGRACION ORAL X 10 TABLETAS,https://mav.farmaciasaas.com/api/images/articulos/DISTRIBUCION/52415.jpg,true
38981,HO33694,VORCUM 200 mg POLVO LIOFILIZADO PARA SOLUCION PARA INFUSION,https://mav.farmaciasaas.com/api/images/articulos/DISTRIBUCION/27731.jpg,true
38982,HO41121/2,XANEXTRA 500 mg / 5 mL X 1 AMPOLLAS,https://pccentro.net.ve/img/s/3/0/6/1/1/30611-large_default.webp,true
38983,HO41121/3,XANEXTRA 500 mg / 5 mL X 21 AMPOLLAS,https://mav.farmaciasaas.com/api/images/articulos/DISTRIBUCION/29029.jpg,true
38984,ME43896,XAROX 10 mg X 30 TABLETAS RECUBIERTAS.,https://mav.farmaciasaas.com/api/images/articulos/DISTRIBUCION/52153.jpg,true
38985,ME43897,XAROX 15 mg X 30 TABLETAS RECUBIERTAS,https://mav.farmaciasaas.com/api/images/articulos/DISTRIBUCION/52924.jpg,true
38986,ME43895,XAROX 20 mg X 30 TABLETAS RECUBIERTAS,https://mav.farmaciasaas.com/api/images/articulos/DISTRIBUCION/52925.jpg,true
38987,ME37761,XEROGRAX 120 mg X 60 CAPSULAS,https://mav.farmaciasaas.com/api/images/articulos/DISTRIBUCION/91024.jpg,true
38989,ME43770,YONALIN 4 mg / mL SOLUCION ORAL GOTAS,https://mav.farmaciasaas.com/api/images/articulos/DISTRIBUCION/53336.jpg,true
38990,ME33445,"ZALDIAR 37,5 mg - 325 mg X 20 COMPRIMIDOS RECUBIERTOS",https://pccentro.net.ve/img/s/5/5/6/4/9/55649-large_default.webp,true
38991,ME43300,ZILDON 10 mg X 30 TABLETAS RECUBIERTAS,https://mav.farmaciasaas.com/api/images/articulos/DISTRIBUCION/53121.jpg,true
38992,ME32695,REDOXON ZINC X 100 COMPRIMIDOS EFERVESCENTES,https://pccentro.net.ve/img/s/7/2/8/1/5/72815-large_default.webp,true
38993,ME43669/2,"VITADYN C ZINC 500mg - 7,5mg X 30 CÁPSULAS",https://mav.farmaciasaas.com/api/images/articulos/DISTRIBUCION/53166.jpg,true
38995,ME24576,ZITOXIL 3 % SOLUCION,https://pccentro.net.ve/img/s/9/0/9/5/5/90955-large_default.webp,true
38996,ME33820/2,ZOLPIDEX 10 mg X 10 COMPRIMIDOS RECUBIERTOS,https://mav.farmaciasaas.com/api/images/articulos/DISTRIBUCION/6549.jpg,true
38997,ME33820/3,ZOLPIDEX 10 mg X 20 COMPRIMIDOS RECUBIERTOS,https://mav.farmaciasaas.com/api/images/articulos/DISTRIBUCION/6547.jpg,true
38998,ME39051,ZONIUM 20 mg X 14 CAPSULAS CON MICROGRANULOS ENTERICOS,https://mav.farmaciasaas.com/api/images/articulos/DISTRIBUCION/22055.jpg,true
38999,ME39050,ZONIUM 40 mg X 14 CAPSULAS CON MICROGRANULOS ENTERICOS,https://mav.farmaciasaas.com/api/images/articulos/DISTRIBUCION/22056.jpg,true
39000,ME36302,ZONTRICON 100mg/5mL POLVO PARA SUSPENSION,https://mav.farmaciasaas.com/api/images/articulos/DISTRIBUCION/9316.jpg,true
39001,ME43207,"ZOPICLONA 7,5 mg X 10 TABLETAS RECUBIERTAS",https://mav.farmaciasaas.com/api/images/articulos/DISTRIBUCION/28451.jpg,true
39002,ME33888/2,ZOST 50 mg X 1 COMPRIMIDOS,https://mav.farmaciasaas.com/api/images/articulos/DISTRIBUCION/91511.jpg,true
39003,ME33888/3,ZOST 50 mg X 2 COMPRIMIDOS,https://mav.farmaciasaas.com/api/images/articulos/DISTRIBUCION/91227.jpg,true
39004,ME33888/4,ZOST 50 mg X 4 COMPRIMIDOS,https://mav.farmaciasaas.com/api/images/articulos/DISTRIBUCION/91228.jpg,true
39005,ME37539,ZUDENINA 0.1 % CREMA,https://pccentro.net.ve/img/s/2/2/4/9/5/22495-large_default.webp,true
39006,ME25566,ZYRTEC 10 mg X 20 COMPRIMIDOS RECUBIERTOS,https://mav.farmaciasaas.com/api/images/articulos/DISTRIBUCION/28894.jpg,true
39007,ME39020,ACETAMINOFEN 1000 mg COMPRIMIDOS,https://pccentro.net.ve/img/s/3/5/1/8/6/35186-large_default.webp,true
39008,ME31636,ACETAMINOFEN 120 mg / 5 mL JARABE,https://mav.farmaciasaas.com/api/images/articulos/DISTRIBUCION/1978.jpg,true
39009,ME43970,ACETAMINOFEN 125 mg SUPOSITORIOS,https://mav.farmaciasaas.com/api/images/articulos/DISTRIBUCION/53592.jpg,true
39010,ME33906,ACETAMINOFEN 650 mg X 10 TABLETAS,https://pccentro.net.ve/img/s/2/2/8/6/3/22863-large_default.webp,true
39011,ME43427/2,ACETAMINOFEN 500 mg X 10 TABLETAS,https://mav.farmaciasaas.com/api/images/articulos/DISTRIBUCION/22931.jpg,true
39012,ME43427/3,ACETAMINOFEN 500 mg X 30 TABLETAS,https://pccentro.net.ve/img/s/8/7/8/2/6/87826-large_default.webp,true
39013,ME41663,ACETAMINOFEN 650 mg X 10 COMPRIMIDOS,https://pccentro.net.ve/img/s/2/2/8/6/3/22863-large_default.webp,true
39015,ME1388,ACIDO ASCORBICO 10 % SOLUCION ORAL EN GOTAS,https://pccentro.net.ve/img/s/4/3/6/0/1/43601-large_default.webp,true
39016,ME42715,ACICLOR NANOPHARM 5 % CREMA,https://pccentro.net.ve/img/s/7/2/8/4/2/72842-large_default.webp,true
39017,ME37056,ACIDO ACETIL SALICILICO 81 mg X 30 COMPRIMIDOS ENTERICOS,https://pccentro.net.ve/img/s/8/1/3/7/8/81378-large_default.webp,true
39018,ME29911/2,ACIDO FOLICO 10 mg X 20 TABLETAS,https://mav.farmaciasaas.com/api/images/articulos/DISTRIBUCION/4100.jpg,true
39019,ME29911/3,ACIDO FOLICO 10 mg X 30 TABLETAS,https://pccentro.net.ve/img/s/9/6/0/9/0/96090-large_default.webp,true
39020,ME33987,ACIDO FOLICO 10 mg / mL SOLUCION ORAL,https://pccentro.net.ve/img/s/7/6/7/7/5/76775-large_default.webp,true
39021,ME22033,ACIDO FOLICO 10 mg COMPRIMIDOS,https://pccentro.net.ve/img/s/9/6/0/9/0/96090-large_default.webp,true
39022,ME29912,ACIDO FOLICO 5 mg X 30 TABLETAS,https://pccentro.net.ve/img/s/7/6/0/1/2/76012-large_default.webp,true
39023,ME31178,ACIDO FOLICO 10 mg / mL SOLUCION ORAL,https://pccentro.net.ve/img/s/7/6/7/7/5/76775-large_default.webp,true
39025,ME43679,"AIREX 0,05% SOLUCION NASAL",https://pccentro.net.ve/img/s/7/5/2/6/7/75267-large_default.webp,true
39026,ME44293,"OLOCOF 0,02% SOLUCIÓN OFTÁLMICA ",https://pccentro.net.ve/img/s/7/5/4/9/1/75491-large_default.webp,true
39027,ME33777/2,AIRON 5 mg X 10 TABLETAS MASTICABLES,https://pccentro.net.ve/img/s/5/8/2/0/8/58208-large_default.webp,true
39028,ME33777/3,AIRON 5 mg X 30 TABLETAS MASTICABLES,https://mav.farmaciasaas.com/api/images/articulos/DISTRIBUCION/5931.jpg,true
39029,ME39048/2,ALBENDAZOL 200 mg X 2 TABLETAS MASTICABLES SABOR A BANANA,https://pccentro.net.ve/img/s/1/8/1/8/6/18186-large_default.webp,true
39030,ME39048/3,ALBENDAZOL 200 mg X 6 TABLETAS MASTICABLES SABOR A BANANA,https://pccentro.net.ve/img/s/1/8/1/8/6/18186-large_default.webp,true
39031,ME37677,"SECNIDAZOL - ITRACONAZOL 166,66 mg - 33,33 mg X 12 CAPSULAS",https://pccentro.net.ve/img/s/7/7/0/6/8/77068-large_default.webp,true
39032,ME34717,ALIPAL FORTE NOCHE 650 mg - 4 mg X 12 CAPSULAS,https://pccentro.net.ve/img/s/8/1/3/9/8/81398-large_default.webp,true
39035,ME30270/2,AMLODIPINA 10 mg X 20 TABLETAS,https://pccentro.net.ve/img/s/1/8/1/9/3/18193-large_default.webp,true
39036,ME30270/3,AMLODIPINA 10 mg X 30 TABLETAS,https://pccentro.net.ve/img/s/1/8/1/9/3/18193-large_default.webp,true
39038,ME40042,AMLODIPINA - VALSARTAN 10 mg - 160 mg COMPRIMIDOS RECUBIERTOS,https://pccentro.net.ve/img/s/7/8/4/9/2/78492-large_default.webp,true
39041,ME30269,AMLODIPINA 5 mg X 30 TABLETAS,https://pccentro.net.ve/img/s/7/8/3/5/9/78359-large_default.webp,true
39043,ME32836/3,AMOVIN 500 mg X 6 TABLETAS RECUBIERTAS,https://mav.farmaciasaas.com/api/images/articulos/DISTRIBUCION/92490.jpg,true
39045,ME35012,AMOXICILINA 500 mg X 12 CAPSULAS,https://pccentro.net.ve/img/s/8/0/3/7/3/80373-large_default.webp,true
39051,ME27042,"ANASMOL 2,5 mg COMPRIMIDOS",https://mav.farmaciasaas.com/api/images/articulos/DISTRIBUCION/1878.jpg,true
39052,ME42104,ANGRIP FORTE DIA 650 mg - 2 mg - 20 mg COMPRIMIDOS RECUBIERTOS,https://mav.farmaciasaas.com/api/images/articulos/DISTRIBUCION/30055.jpg,true
39053,ME42001,ANGRIP FORTE NOCHE 650 mg - 4 mg COMPRIMIDOS RECUBIERTOS,https://mav.farmaciasaas.com/api/images/articulos/DISTRIBUCION/30054.jpg,true
39054,ME40060/3,"ANTAAR 2,5 mg X 30 TABLETAS RECUBIERTAS",https://mav.farmaciasaas.com/api/images/articulos/DISTRIBUCION/15626.jpg,true
39055,ME40060/2,"ANTAAR 2,5 mg X 10 TABLETAS RECUBIERTAS",https://mav.farmaciasaas.com/api/images/articulos/DISTRIBUCION/21066.jpg,true
39056,ME40058,ANTAAR 5 mg X 30 TABLETAS RECUBIERTAS,https://mav.farmaciasaas.com/api/images/articulos/DISTRIBUCION/16094.jpg,true
39057,ME41982,"ANTAAR HCT 2,5 mg - 6,25 mg X 30 TABLETAS",https://mav.farmaciasaas.com/api/images/articulos/DISTRIBUCION/19527.jpg,true
39058,ME36411,ANTIFOM 125 mg X 10 TABLETAS MASTICABLES,https://mav.farmaciasaas.com/api/images/articulos/DISTRIBUCION/28592.jpg,true
39059,ME18498,ANTIFOM 80 mg / mL SUSPENSION ORAL,https://pccentro.net.ve/img/s/7/6/7/6/3/76763-large_default.webp,true
39060,ME33576,ANTILAX 2 mg X 10 TABLETAS,https://mav.farmaciasaas.com/api/images/articulos/DISTRIBUCION/93277.jpg,true
39061,ME42275,APIRET 125 mg SUPOSITORIOS,https://mav.farmaciasaas.com/api/images/articulos/DISTRIBUCION/26389.jpg,true
39062,ME34032,APIRET 180 mg / 5 mL  SOLUCION ORAL,https://mav.farmaciasaas.com/api/images/articulos/DISTRIBUCION/19584.jpg,true
39063,ME42141,APIRET 250 mg SUPOSITORIOS,https://mav.farmaciasaas.com/api/images/articulos/DISTRIBUCION/22131.jpg,true
39064,ME42368/2,APLACAL 750 mg TABLETAS MASTICABLES SABOR A FRAMBUESA X 10 TABLETAS,https://mav.farmaciasaas.com/api/images/articulos/DISTRIBUCION/21596.jpg,true
39065,ME42368/3,APLACAL 750 mg TABLETAS MASTICABLES SABOR A FRAMBUESA X 80 TABLETAS,https://mav.farmaciasaas.com/api/images/articulos/DISTRIBUCION/52827.jpg,true
39066,ME42365/2,APLACAL 750 mg X 10 TABLETAS MASTICABLES SABOR A MENTA,https://mav.farmaciasaas.com/api/images/articulos/DISTRIBUCION/21600.jpg,true
39067,ME42365/4,APLACAL 750 mg X 120 TABLETAS MASTICABLES SABOR A MENTA,https://mav.farmaciasaas.com/api/images/articulos/DISTRIBUCION/21601.jpg,true
39068,ME42365/3,APLACAL 750 mg X 80 TABLETAS MASTICABLES SABOR A MENTA,https://mav.farmaciasaas.com/api/images/articulos/DISTRIBUCION/52503.jpg,true
39070,ME38655/2,ARANDA 5 mg - 50 mg X 10 CAPSULAS,https://pccentro.net.ve/img/s/7/5/0/7/6/75076-large_default.webp,true
39071,ME38655/3,ARANDA 5 mg - 50 mg X 30 CAPSULAS,https://pccentro.net.ve/img/s/7/5/0/7/6/75076-large_default.webp,true
39072,ME28426,ARBIXIL 15 mg - 10 mcg / 5 mL JARABE,https://pccentro.net.ve/img/s/1/8/2/1/8/18218-large_default.webp,true
39073,ME28401,"ARBIXIL 7,5 mg - 5 mcg / 5 mL JARABE",https://pccentro.net.ve/img/s/1/8/1/9/8/18198-large_default.webp,true
39074,ME31091,"ARBIXIL 7,5 mg - 5 mcg / mL SOLUCION ORAL",https://mav.farmaciasaas.com/api/images/articulos/DISTRIBUCION/3798.jpg,true
39075,ME40610,"ARESAN HCT 20 mg - 12,5 mg X 10 TABLETAS RECUBIERTAS",https://mav.farmaciasaas.com/api/images/articulos/DISTRIBUCION/50500.jpg,true
39078,ME43205,ASPIXAN 81 mg X 100 TABLETAS CON RECUBRIMIENTO ENTERICO,https://pccentro.net.ve/img/s/8/1/3/7/8/81378-large_default.webp,true
39079,ME43853,ASTRIMOL 5 mg X 30 TABLETAS RECUBIERTAS,https://mav.farmaciasaas.com/api/images/articulos/DISTRIBUCION/53175.jpg,true
39080,ME19620,ATAMEL 100 mg / mL SOLUCION ORAL,https://pccentro.net.ve/img/s/2/2/6/9/4/22694-large_default.webp,true
39081,ME33009,ATAMEL PLUS 500 mg - 32 mg X 10 TABLETAS,https://mav.farmaciasaas.com/api/images/articulos/DISTRIBUCION/15413.jpg,true
39082,ME26047,ATENOLOL 100 mg COMPRIMIDOS,https://pccentro.net.ve/img/s/2/3/7/6/5/23765-large_default.webp,true
39083,ME27910,ATENOLOL 50 mg X 30 COMPRIMIDOS,https://pccentro.net.ve/img/s/9/5/1/1/6/95116-large_default.webp,true
39085,ME39008,ATORVASTATINA 20 mg COMPRIMIDOS RECUBIERTOS,https://pccentro.net.ve/img/s/3/4/7/9/7/34797-large_default.webp,true
39086,ME42454,ATORVASTATINA 40 mg COMPRIMIDOS RECUBIERTOS,https://pccentro.net.ve/img/s/2/3/7/2/1/23721-large_default.webp,true
39087,ME39007,ATORVASTATINA 40 mg X 30 TABLETAS RECUBIERTAS,https://mav.farmaciasaas.com/api/images/articulos/DISTRIBUCION/51294.jpg,true
39088,ME36258,ATROVERAN 10 mg X 10 TABLETAS RECUBIERTAS,https://mav.farmaciasaas.com/api/images/articulos/DISTRIBUCION/25527.jpg,true
39089,ME44273,ATROVERAN FORTE 20mg TABLETAS RECUBIERTAS,https://mav.farmaciasaas.com/api/images/articulos/DISTRIBUCION/52472.jpg,true
39091,MI19054,"AZUTAN 0,15 % COLUTORIO",https://pccentro.net.ve/img/s/7/8/7/9/5/78795-large_default.webp,true
39092,ME20308,BACITRACINA 500 UI / g UNGUENTO,https://pccentro.net.ve/img/s/7/3/4/1/3/73413-large_default.webp,true
39093,ME19402,BALSADER POMADA,https://pccentro.net.ve/img/s/3/2/3/4/5/32345-large_default.webp,true
39094,ME40374,"BETADERM 0,05 % CREMA",https://pccentro.net.ve/img/s/7/5/2/5/4/75254-large_default.webp,true
39095,ME16167,"BETADERM CON GENTAMICINA 0,1 % - 0,1 % X 1 CREMA",https://pccentro.net.ve/img/s/7/3/7/1/2/73712-large_default.webp,true
39097,HO32578,BICARBONATO DE SODIO AL 5 % X 1 AMPOLLAS,https://mav.farmaciasaas.com/api/images/articulos/DISTRIBUCION/4842.jpg,true
39098,ME41690,BIOCOR 20 mg X 30 TABLETAS RECUBIERTAS,https://mav.farmaciasaas.com/api/images/articulos/DISTRIBUCION/15627.jpg,true
39102,ME43579,"BIOTALOL HCT 2,5 mg - 6,25 mg COMPRIMIDOS RECUBIERTOS",https://mav.farmaciasaas.com/api/images/articulos/DISTRIBUCION/53196.jpg,true
39104,ME41847,"BIPROLIL 2,5 mg COMPRIMIDOS RECUBIERTOS",https://mav.farmaciasaas.com/api/images/articulos/DISTRIBUCION/27780.jpg,true
39105,ME42418,"BISOPROLOL FUMARATO 1,25 mg COMPRIMIDOS RECUBIERTOS",https://mav.farmaciasaas.com/api/images/articulos/DISTRIBUCION/97000.jpg,true
39106,ME39139,"BISOPROLOL FUMARATO 2,5 mg X 30 TABLETAS RECUBIERTAS",https://mav.farmaciasaas.com/api/images/articulos/DISTRIBUCION/97002.jpg,true
39107,ME42420,BISOPROLOL FUMARATO 5 mg COMPRIMIDOS RECUBIERTOS,https://pccentro.net.ve/img/s/7/4/5/2/4/74524-large_default.webp,true
39108,ME42429,"BISOPROLOL FUMARATO - HIDROCLOROTIAZIDA 10 mg - 6,25 mg COMPRIMIDOS RECUBIERTOS",https://pccentro.net.ve/img/s/7/8/5/4/9/78549-large_default.webp,true
39109,ME39033,"BISOPROLOL FUMARATO - HIDROCLOROTIZIDA 2,5 mg - 6,25 mg COMPRIMIDOS RECUBIERTOS",https://mav.farmaciasaas.com/api/images/articulos/DISTRIBUCION/20507.jpg,true
39110,ME42419,"BISOPROLOL FUMARATO 2,5 mg COMPRIMIDOS RECUBIERTOS",https://pccentro.net.ve/img/s/7/4/5/2/5/74525-large_default.webp,true
39112,ME37009,BONAMES 150 mg X 1 TABLETAS RECUBIERTAS,https://mav.farmaciasaas.com/api/images/articulos/DISTRIBUCION/99210.jpg,true
39115,ME41912,BRASARTAN 80 mg X 30 CAPSULAS,https://pccentro.net.ve/img/s/7/4/7/5/8/74758-large_default.webp,true
39116,ME42373,"BRASARTAN CTDN 160 mg - 12,5 mg X 30 TABLETAS RECUBIERTAS",https://pccentro.net.ve/img/s/2/3/8/4/2/23842-large_default.webp,true
39117,ME40193,BROLAT 5 mg - 30 mg / 5 mL X 10 SOLUCION ORAL,https://pccentro.net.ve/img/s/2/3/7/9/3/23793-large_default.webp,true
39119,ME37021,CALCIO OSTELIN FORTE 300 mg - 200 UI / 5 mL X 30 SUSPENSION,https://pccentro.net.ve/img/s/7/6/8/0/5/76805-large_default.webp,true
39120,ME44634,CAMPAL P 15 mg / mL SUSPENSIÓN ORAL,https://pccentro.net.ve/img/s/8/4/0/5/9/84059-large_default.webp,true
39121,ME42750,CANDESARTAN CILEXETILO 8 mg COMPRIMIDOS,https://pccentro.net.ve/img/s/8/3/8/3/5/83835-large_default.webp,true
39122,ME28953/3,CAPTOPRIL 25 mg X 30 TABLETAS,https://pccentro.net.ve/img/s/5/2/6/4/3/52643-large_default.webp,true
39123,ME28953/2,CAPTOPRIL 25 mg X 20 TABLETAS,https://pccentro.net.ve/img/s/5/2/6/4/3/52643-large_default.webp,true
39124,ME36838,CARBAMAZEPINA 200 mg COMPRIMIDOS RECUBIERTOS DE LIBERACION CONTROLADA,https://pccentro.net.ve/img/s/7/8/6/4/2/78642-large_default.webp,true
39125,ME43807,CARBETAL 16 mg X 30 TABLETAS,https://mav.farmaciasaas.com/api/images/articulos/DISTRIBUCION/54310.jpg,true
39126,ME43806,CARBETAL 8 mg X 30 TABLETAS,https://pccentro.net.ve/img/s/8/3/8/3/5/83835-large_default.webp,true
39128,ME35571/2,"CARVEDILOL 12,5 mg X 20 TABLETAS RECUBIERTAS",https://mav.farmaciasaas.com/api/images/articulos/DISTRIBUCION/24657.jpg,true
39129,ME35571/3,"CARVEDILOL 12,5 mg X 30 TABLETAS RECUBIERTAS",https://pccentro.net.ve/img/s/8/3/8/7/5/83875-large_default.webp,true
39130,ME40369,CARVEDILOL 25 mg X 20 TABLETAS RECUBIERTAS,https://mav.farmaciasaas.com/api/images/articulos/DISTRIBUCION/24436.jpg,true
39131,ME36805,"CARVEDILOL 6,25 mg COMPRIMIDOS",https://mav.farmaciasaas.com/api/images/articulos/DISTRIBUCION/25528.jpg,true
39132,ME36892,"CARVEDILOL 6,25 mg COMPRIMIDOS",https://pccentro.net.ve/img/s/3/3/1/0/4/33104-large_default.webp,true
39133,ME43851,CETERIX 10 mg COMPRIMIDOS,https://pccentro.net.ve/img/s/9/5/9/5/2/95952-large_default.webp,true
39134,ME36608,CETIRIZINA CLORHIDRATO 10 mg / mL SOLUCION ORAL GOTAS,https://pccentro.net.ve/img/s/7/5/2/4/3/75243-large_default.webp,true
39135,ME31589,CETIRIZINA 1 mg / mL SOLUCION ORAL,https://mav.farmaciasaas.com/api/images/articulos/DISTRIBUCION/1861.jpg,true
39137,ME32977,CETRAL 5 mg / 5 mL SOLUCION ORAL,https://mav.farmaciasaas.com/api/images/articulos/DISTRIBUCION/3876.jpg,true
39138,HO13532,CIFARCAINA HIPERBARA AL 5 % X 2 AMPOLLAS,https://mav.farmaciasaas.com/api/images/articulos/DISTRIBUCION/53832.jpg,true
39139,ME36304,CIPROFLOXACINA 500 mg COMPRIMIDOS RECUBIERTOS,https://mav.farmaciasaas.com/api/images/articulos/DISTRIBUCION/53267.jpg,true
39140,ME40297,CIPROFLOXACINA 500 mg COMPRIMIDOS RECUBIERTOS DE LIBERACION PROGRAMADA,https://mav.farmaciasaas.com/api/images/articulos/DISTRIBUCION/51885.jpg,true
39146,ME34986,GYNO CLOCIM 1% CREMA VAGINAL,https://pccentro.net.ve/img/s/3/5/8/7/4/35874-large_default.webp,true
39147,ME36885,CLOPIDOGREL 75 mg COMPRIMIDOS RECUBIERTOS,https://pccentro.net.ve/img/s/7/6/0/5/6/76056-large_default.webp,true
39152,ME34772,CLOTRIMAZOL 1 % CREMA VAGINAL,https://pccentro.net.ve/img/s/8/3/9/2/3/83923-large_default.webp,true
39153,ME26813,CLOTRIMAZOL 1 % CREMA,https://pccentro.net.ve/img/s/3/2/3/8/4/32384-large_default.webp,true
39154,ME44093,COFASUR 160 mg X 30 TABLETAS RECUBIERTAS,https://pccentro.net.ve/img/s/5/4/4/8/8/54488-large_default.webp,true
39156,HO23451,COLVAL 4 mg / 2 mL X 2 AMPOLLAS,https://mav.farmaciasaas.com/api/images/articulos/DISTRIBUCION/8563.jpg,true
39160,ME35719,"CORENTEL H 10 mg - 6,25 mg COMPRIMIDOS RECUBIERTOS",https://mav.farmaciasaas.com/api/images/articulos/DISTRIBUCION/94357.jpg,true
39161,ME35718,"CORENTEL H 5 mg - 6,25 mg COMPRIMIDOS RECUBIERTOS",https://mav.farmaciasaas.com/api/images/articulos/DISTRIBUCION/94358.jpg,true
39162,ME35927,COROPRES 16 mg COMPRIMIDOS,https://mav.farmaciasaas.com/api/images/articulos/DISTRIBUCION/98453.jpg,true
39163,ME42233,"COROPRES HCT 32 mg - 12,5 mg COMPRIMIDOS",https://mav.farmaciasaas.com/api/images/articulos/DISTRIBUCION/28480.jpg,true
39164,ME31744,"COVENTROL 12,5 mg COMPRIMIDOS",https://pccentro.net.ve/img/s/8/3/8/7/5/83875-large_default.webp,true
39165,ME41809/2,CRISOMET 50 mg - 850 mg X 10 TABLETAS RECUBIERTAS,https://mav.farmaciasaas.com/api/images/articulos/DISTRIBUCION/17016.jpg,true
39166,ME41809/3,CRISOMET 50 mg - 850 mg X 30 TABLETAS RECUBIERTAS,https://mav.farmaciasaas.com/api/images/articulos/DISTRIBUCION/19233.jpg,true
39167,ME36263,"CURPINOL 12,5 mg COMPRIMIDOS",https://mav.farmaciasaas.com/api/images/articulos/DISTRIBUCION/92399.jpg,true
39168,ME36264,CURPINOL 25 mg COMPRIMIDOS,https://mav.farmaciasaas.com/api/images/articulos/DISTRIBUCION/92398.jpg,true
39169,ME39525/3,DOL FORTE 500 mg - 65 mg X 10 TABLETAS,https://pccentro.net.ve/img/s/6/4/0/7/1/64071-large_default.webp,true
39170,ME39525/2,DOL FORTE 500 mg - 65 mg X 4 TABLETAS,https://pccentro.net.ve/img/s/6/4/0/7/1/64071-large_default.webp,true
39171,ME42243,DAYZOL 600 mg - 4 mg COMPRIMIDOS RECUBIERTOS,https://mav.farmaciasaas.com/api/images/articulos/DISTRIBUCION/50522.jpg,true
39172,ME42595,DEFLAZACORT 6 mg COMPRIMIDOS,https://pccentro.net.ve/img/s/8/9/7/4/3/89743-large_default.webp,true
39173,ME42426,ZARCOT 6 mg X 10 TABLETAS,https://pccentro.net.ve/img/s/8/9/7/4/3/89743-large_default.webp,true
39174,ME40804,"DERMAZOL 0,05 % UNGUENTO",https://pccentro.net.ve/img/s/7/3/0/0/6/73006-large_default.webp,true
39175,ME40790,"DERMAZOL 0,05 % CREMA",https://pccentro.net.ve/img/s/8/3/9/1/8/83918-large_default.webp,true
39177,ME42524,"DESLORATADINA 2,5 mg / 5 mL JARABE",https://pccentro.net.ve/img/s/7/4/5/1/9/74519-large_default.webp,true
39178,ME42540,"DESLORATADINA 2,5 mg / 5 mL SOLUCION ORAL",https://mav.farmaciasaas.com/api/images/articulos/DISTRIBUCION/27626.jpg,true
39179,ME43570,DESLORATADINA - MONTELUKAST 5 mg - 10 mg COMPRIMIDOS RECUBIERTOS,https://pccentro.net.ve/img/s/7/2/5/2/6/72526-large_default.webp,true
39180,ME36359,DESLORATADINA 5 mg X 10 TABLETAS RECUBIERTAS,https://pccentro.net.ve/img/s/7/7/0/0/2/77002-large_default.webp,true
39181,ME43091,DESLORATADINA 5 mg X 10 TABLETAS RECUBIERTAS,https://pccentro.net.ve/img/s/7/7/0/0/2/77002-large_default.webp,true
39182,ME31107,"DICLOFENAC DIETILAMINO 1,16 % GEL",https://mav.farmaciasaas.com/api/images/articulos/DISTRIBUCION/51997.jpg,true
39183,ME36983/2,DICLOFENAC POTASICO 50 mg X 10 TABLETAS RECUBIERTAS,https://mav.farmaciasaas.com/api/images/articulos/DISTRIBUCION/8409.jpg,true
39184,ME36983/3,DICLOFENAC POTASICO 50 mg X 30 TABLETAS RECUBIERTAS,https://mav.farmaciasaas.com/api/images/articulos/DISTRIBUCION/13815.jpg,true
39185,ME30174,DICLOFENACO POTASICO 50 mg X 20 TABLETAS RECUBIERTAS,https://pccentro.net.ve/img/s/5/2/9/3/1/52931-large_default.webp,true
39186,ME28153,DICLOFENAC POTASICO 50 mg COMPRIMIDOS RECUBIERTOS,https://pccentro.net.ve/img/s/5/2/9/3/1/52931-large_default.webp,true
39187,ME35439,DICLOFENAC POTASICO 50 mg X 20 COMPRIMIDOS RECUBIERTOS,https://pccentro.net.ve/img/s/5/2/9/3/1/52931-large_default.webp,true
39188,ME44052,DICLOFENACO SÓDICO 50 mg SUPOSITORIOS,https://mav.farmaciasaas.com/api/images/articulos/DISTRIBUCION/53593.jpg,true
39189,ME38307,DIFEN PLUS X 10 TABLETAS,https://pccentro.net.ve/img/s/2/1/1/0/1/21101-large_default.webp,true
39191,ME27471,DIKLASON 50 mg COMPRIMIDOS RECUBIERTOS,https://pccentro.net.ve/img/s/5/2/9/3/1/52931-large_default.webp,true
39192,HO36449,DIKLASON 75 mg / 3 mL X 1 AMPOLLAS,https://pccentro.net.ve/img/s/9/5/7/9/2/95792-large_default.webp,true
39194,ME30297,"MATIGEL 0,5 % SOLUCION OFTALMICA",https://pccentro.net.ve/img/s/7/5/4/9/3/75493-large_default.webp,true
39195,ME41759,DOLGRIP X 10 CAPSULAS,https://pccentro.net.ve/img/s/8/4/2/9/4/84294-large_default.webp,true
39196,ME35688,DOMPERIDONA 10 mg COMPRIMIDOS,https://pccentro.net.ve/img/s/9/2/7/6/1/92761-large_default.webp,true
39199,ME26689,ENALAPRIL MALEATO 20 mg COMPRIMIDOS RECUBIERTOS,https://pccentro.net.ve/img/s/2/5/0/0/1/25001-large_default.webp,true
39200,ME27590,ENALAPRIL MALEATO 20 mg X 30 TABLETAS,https://mav.farmaciasaas.com/api/images/articulos/DISTRIBUCION/98889.jpg,true
39202,ME36883,ESOMEPRAZOL 40 mg X 16 CAPSULAS CON MICROGRANULOS DE LIBERACION ENTERICA.,https://pccentro.net.ve/img/s/3/0/7/3/7/30737-large_default.webp,true
39203,ME43295,DESLORATADINA 5 mg COMPRIMIDOS RECUBIERTOS,https://pccentro.net.ve/img/s/7/7/0/0/2/77002-large_default.webp,true
39204,ME39326,EUKENE 20 mg COMPRIMIDOS RECUBIERTOS,https://mav.farmaciasaas.com/api/images/articulos/DISTRIBUCION/15025.jpg,true
39205,HO27693/2,EUSILEN 4 mg / 2 mL X 1 AMPOLLAS,https://mav.farmaciasaas.com/api/images/articulos/DISTRIBUCION/9602.jpg,true
39206,HO27693/3,EUSILEN 4 mg / 2 mL X 2 AMPOLLAS,https://mav.farmaciasaas.com/api/images/articulos/DISTRIBUCION/5513.jpg,true
39207,ME44071,EVABOLIN 10 mg X 30 TABLETAS RECUBIERTAS,https://mav.farmaciasaas.com/api/images/articulos/DISTRIBUCION/52002.jpg,true
39208,ME31252,FAMOTIDINA 40 mg X 10 COMPRIMIDOS,https://pccentro.net.ve/img/s/7/8/9/7/9/78979-large_default.webp,true
39210,ME44388/3,FARMAD 200UI/gota X 30 SOLUCION ORAL,https://pccentro.net.ve/img/s/7/2/5/5/9/72559-large_default.webp,true
39211,ME44388/2,FARMAD 200UI/gota X 10 SOLUCION ORAL,https://pccentro.net.ve/img/s/7/2/5/5/9/72559-large_default.webp,true
39212,ME30812,FARMACAINA 10 % SOLUCION ATOMIZADORA TOPICO BUCAL,https://pccentro.net.ve/img/s/7/3/9/7/5/73975-large_default.webp,true
39213,ME38628,FEBRATIC 10 mg / 5 mL SUSPENSION ORAL,https://pccentro.net.ve/img/s/8/0/4/5/4/80454-large_default.webp,true
39215,ME42352,FEMIZOL 750 mg - 200 mg OVULOS.,https://pccentro.net.ve/img/s/4/1/3/1/4/41314-large_default.webp,true
39216,ME33238/4,FERGANIC FOLIC 40 mg - 350 mcg X 24 TABLETAS MASTICABLES,https://pccentro.net.ve/img/s/7/5/7/3/2/75732-large_default.webp,true
39217,ME33238/2,FERGANIC FOLIC 40 mg - 350 mcg X 14 TABLETAS MASTICABLES,https://pccentro.net.ve/img/s/7/5/7/3/2/75732-large_default.webp,true
39218,ME33238/5,FERGANIC FOLIC 40 mg - 350 mcg X 30 TABLETAS MASTICABLES,https://mav.farmaciasaas.com/api/images/articulos/DISTRIBUCION/90601.jpg,true
39219,ME33238/3,FERGANIC FOLIC 40 mg - 350 mcg X 20 TABLETAS MASTICABLES,https://mav.farmaciasaas.com/api/images/articulos/DISTRIBUCION/3971.jpg,true
39221,ME21233,FLODONT EN FILMORASE UNGUENTO BUCAL,https://pccentro.net.ve/img/s/7/8/7/9/5/78795-large_default.webp,true
39222,ME41147,"FLOMED 0,15 % - 0,25 % SOLUCION TOPICA BUCAL",https://pccentro.net.ve/img/s/7/8/9/8/1/78981-large_default.webp,true
39224,ME11043,FRIXONIL SOLUCION,https://pccentro.net.ve/img/s/3/2/3/4/5/32345-large_default.webp,true
39225,MI8381,"FURFURIL 0,2 %  APOSITO SOLUBLE",https://pccentro.net.ve/img/s/2/4/7/4/6/24746-large_default.webp,true
39226,ME37496,GABAPENTINA 300 mg X 20 CAPSULAS,https://pccentro.net.ve/img/s/8/4/0/0/6/84006-large_default.webp,true
39228,ME43741,GEMKAST 10 mg X 30 TABLETAS RECUBIERTAS,https://pccentro.net.ve/img/s/7/5/8/6/9/75869-large_default.webp,true
39229,ME43742/2,GEMKAST 4 mg X 10 TABLETAS MASTICABLES,https://mav.farmaciasaas.com/api/images/articulos/DISTRIBUCION/53002.jpg,true
39230,ME43742/3,GEMKAST 4 mg X 30 TABLETAS MASTICABLES,https://pccentro.net.ve/img/s/5/6/7/8/9/56789-large_default.webp,true
39231,ME43743/3,GEMKAST 5 mg X 30 TABLETAS MASTICABLES,https://mav.farmaciasaas.com/api/images/articulos/DISTRIBUCION/53004.jpg,true
39232,ME43743/2,GEMKAST 5 mg X 10 TABLETAS MASTICABLES,https://pccentro.net.ve/img/s/5/8/2/0/8/58208-large_default.webp,true
39234,ME44761,"GLICILAX 1,72 g SUPOSITORIOS",https://mav.farmaciasaas.com/api/images/articulos/DISTRIBUCION/51145.jpg,true
39236,ME33712,"GLICERINA 1,68 g SUPOSITORIOS",https://mav.farmaciasaas.com/api/images/articulos/DISTRIBUCION/97577.jpg,true
39237,ME33713,"GLICERINA 2,88 g SUPOSITORIOS",https://mav.farmaciasaas.com/api/images/articulos/DISTRIBUCION/97222.jpg,true
39239,ME42452,GLUTAPTIN MET 50 mg - 500 mg X 30 TABLETAS RECUBIERTAS,https://mav.farmaciasaas.com/api/images/articulos/DISTRIBUCION/27355.jpg,true
39240,ME37715,GLYMAR 4 mg X 20 TABLETAS,https://pccentro.net.ve/img/s/2/2/8/8/2/22882-large_default.webp,true
39243,ME43494,HEXANTFLEM 100 mg - 5 mL SOLUCIÓN ORAL,https://mav.farmaciasaas.com/api/images/articulos/DISTRIBUCION/53269.jpg,true
39245,ME42460,"HIDROCLOROTIAZIDA 12,5 mg COMPRIMIDOS",https://mav.farmaciasaas.com/api/images/articulos/DISTRIBUCION/53195.jpg,true
39246,ME41692,"HIDROCLOROTIAZIDA 12,5 mg COMPRIMIDOS",https://mav.farmaciasaas.com/api/images/articulos/DISTRIBUCION/17795.jpg,true
39248,ME39472,IBUPROFENO 400 mg-TIOCOLCHICOSIDO 4 mg COMPRIMIDOS,https://mav.farmaciasaas.com/api/images/articulos/DISTRIBUCION/10908.jpg,true
39250,ME26698,IBUPROFENO 400 mg COMPRIMIDOS RECUBIERTOS,https://pccentro.net.ve/img/s/3/4/0/7/2/34072-large_default.webp,true
39251,ME30069,IBUPROFENO 400 mg X 10 TABLETAS RECUBIERTAS,https://pccentro.net.ve/img/s/3/4/0/7/2/34072-large_default.webp,true
39253,ME39079,IBUPROFENO - TIOCOLCHICOSIDO 600 mg - 4 mg COMPRIMIDOS RECUBIERTOS,https://mav.farmaciasaas.com/api/images/articulos/DISTRIBUCION/23146.jpg,true
39255,ME42947,IMAZOL DUAL 100 mg CAPSULAS BLANDAS VAGINALES - 1 % X 6 CREMA VAGINAL,https://mav.farmaciasaas.com/api/images/articulos/DISTRIBUCION/9864.jpg,true
39256,ME20149,IMAZOL 1 % SOLUCION,https://mav.farmaciasaas.com/api/images/articulos/DISTRIBUCION/1852.jpg,true
39257,ME36204,IRBESARTAN 150 mg X 28 TABLETAS,https://mav.farmaciasaas.com/api/images/articulos/DISTRIBUCION/28781.jpg,true
39258,ME42456,IRBESARTAN 300 mg COMPRIMIDOS,https://pccentro.net.ve/img/s/8/4/0/4/1/84041-large_default.webp,true
39259,ME43717,"IRBETIAZID 300 mg - 12,5 mg X 28 TABLETAS",https://mav.farmaciasaas.com/api/images/articulos/DISTRIBUCION/25237.jpg,true
39260,ME43610,IRGEM 150 mg X 30 TABLETAS,https://pccentro.net.ve/img/s/5/5/0/4/9/55049-large_default.webp,true
39261,ME43609/2,IRGEM 300 mg X 10 TABLETAS,https://mav.farmaciasaas.com/api/images/articulos/DISTRIBUCION/52652.jpg,true
39262,ME43609/3,IRGEM 300 mg X 30 TABLETAS,https://pccentro.net.ve/img/s/8/4/0/4/1/84041-large_default.webp,true
39263,ME43668,"IRGEM PLUS 300 mg - 12,5 mg X 30 TABLETAS",https://mav.farmaciasaas.com/api/images/articulos/DISTRIBUCION/52661.jpg,true
39264,ME39925,"ISOSPRAY PLUS 0,15 % - 0,25 % SOLUCION",https://pccentro.net.ve/img/s/7/9/6/8/2/79682-large_default.webp,true
39265,ME33620,IVAGAN FORTE X 100 TABLETAS RECUBIERTAS,https://mav.farmaciasaas.com/api/images/articulos/DISTRIBUCION/21170.jpg,true
39267,HO33101/2,KETOPROFENO 100 mg / 2 mL X 10 AMPOLLAS,https://pccentro.net.ve/img/s/7/7/7/0/1/77701-large_default.webp,true
39268,HO33101/3,KETOPROFENO 100 mg / 2 mL X 20 AMPOLLAS,https://pccentro.net.ve/img/s/7/7/7/0/1/77701-large_default.webp,true
39269,ME32070,KETOPROFENO 100 mg COMPRIMIDOS ENTERICOS,https://mav.farmaciasaas.com/api/images/articulos/DISTRIBUCION/94888.jpg,true
39270,HO30273/3,KETOPROFENO 100 mg / 2 mL X 10 AMPOLLAS,https://pccentro.net.ve/img/s/7/7/7/0/1/77701-large_default.webp,true
39271,HO30273/2,KETOPROFENO 100 mg / 2 mL X 1 AMPOLLAS,https://pccentro.net.ve/img/s/7/7/7/0/1/77701-large_default.webp,true
39272,ME36355,KETOROLAC 10 mg COMPRIMIDOS,https://pccentro.net.ve/img/s/2/4/4/8/9/24489-large_default.webp,true
39273,ME40973,KLINCOSAL 262 mg - 100 mg X 30 TABLETAS MASTICABLES SABOR A UVA,https://mav.farmaciasaas.com/api/images/articulos/DISTRIBUCION/28870.jpg,true
39276,ME43612,LAGEMIN 25 mg X 30 TABLETAS DISPERSABLES,https://mav.farmaciasaas.com/api/images/articulos/DISTRIBUCION/52653.jpg,true
39277,ME43611/3,LAGEMIN 50 mg X 30 TABLETAS DISPERSABLES,https://mav.farmaciasaas.com/api/images/articulos/DISTRIBUCION/52656.jpg,true
39278,ME43611/2,LAGEMIN 50 mg X 10 TABLETAS DISPERSABLES,https://pccentro.net.ve/img/s/2/2/7/6/9/22769-large_default.webp,true
39279,ME43637/2,LAGEMIN 100 mg X 10 TABLETAS DISPERSABLES,https://mav.farmaciasaas.com/api/images/articulos/DISTRIBUCION/52657.jpg,true
39280,ME43637/3,LAGEMIN 100 mg X 30 TABLETAS DISPERSABLES,https://pccentro.net.ve/img/s/3/0/6/0/0/30600-large_default.webp,true
39281,ME6400,LANOLZINC 15 % - 11 % POMADA,https://pccentro.net.ve/img/s/1/8/6/6/4/18664-large_default.webp,true
39282,ME23146,LASIX 20 mg COMPRIMIDOS,https://mav.farmaciasaas.com/api/images/articulos/DISTRIBUCION/6018.jpg,true
39283,ME40013,LECART 1 g / 10 mL SOLUCION ORAL,https://mav.farmaciasaas.com/api/images/articulos/DISTRIBUCION/13056.jpg,true
39284,ME38543,LETISAN 500 mg X 10 TABLETAS MASTICABLES SABOR UVA,https://mav.farmaciasaas.com/api/images/articulos/DISTRIBUCION/19532.jpg,true
39287,ME29812,LORATADINA 10 mg COMPRIMIDOS,https://pccentro.net.ve/img/s/9/6/1/6/4/96164-large_default.webp,true
39288,ME43559,Loratadina 1mg/mL Solucion Oral,https://mav.farmaciasaas.com/api/images/articulos/DISTRIBUCION/51011.jpg,true
39289,ME36662,LOSARTAN POTASICO 50 mg X 14 TABLETAS RECUBIERTAS,https://pccentro.net.ve/img/s/8/0/7/1/4/80714-large_default.webp,true
39290,ME36589,LOSARTAN POTASICO 100 mg X 10 TABLETAS RECUBIERTAS,https://mav.farmaciasaas.com/api/images/articulos/DISTRIBUCION/23432.jpg,true
39291,ME42439,LOSARTAN POTASICO 100 mg COMPRIMIDOS RECUBIERTOS,https://pccentro.net.ve/img/s/8/0/6/8/3/80683-large_default.webp,true
39293,ME42469,"ROWELUK PLUS 5 mg - 2,5 mg X 10 COMPRIMIDOS MASTICABLES",https://mav.farmaciasaas.com/api/images/articulos/DISTRIBUCION/28868.jpg,true
39294,ME42291,MAXOTEN 50 mg COMPRIMIDOS RECUBIERTOS,https://mav.farmaciasaas.com/api/images/articulos/DISTRIBUCION/50705.jpg,true
39295,ME42819,"MELOXICAM 7,5 mg X 10 TABLETAS",https://pccentro.net.ve/img/s/8/5/3/0/8/85308-large_default.webp,true
39296,ME31259,MELOXICAM 15 mg COMPRIMIDOS,https://pccentro.net.ve/img/s/2/5/4/9/8/25498-large_default.webp,true
39297,ME42459,METFORMINA CLORHIDRATO 1000 mg COMPRIMIDOS,https://pccentro.net.ve/img/s/8/4/0/4/3/84043-large_default.webp,true
39298,ME37583,METFORMINA CLORHIDRATO 500 mg COMPRIMIDOS,https://pccentro.net.ve/img/s/8/0/4/9/6/80496-large_default.webp,true
39299,ME37492,METFORMINA CLORHIDRATO 850 mg COMPRIMIDOS,https://mav.farmaciasaas.com/api/images/articulos/DISTRIBUCION/51389.jpg,true
39300,ME42761,METFORMINA CLORHIDRATO 500 mg X 30 TABLETAS,https://mav.farmaciasaas.com/api/images/articulos/DISTRIBUCION/27232.jpg,true
39301,ME37062,METRONIDAZOL 500 mg COMPRIMIDOS,https://pccentro.net.ve/img/s/7/6/2/9/7/76297-large_default.webp,true
39302,ME32763,SECNIDAZOL 500 mg X 10 TABLETAS,https://pccentro.net.ve/img/s/2/2/9/8/0/22980-large_default.webp,true
39303,ME44313,MIDOL 500 mg X 10 TABLETAS,https://pccentro.net.ve/img/s/8/7/8/2/6/87826-large_default.webp,true
39304,ME44314,MIDOL FORTE 650 mg X 10 TABLETAS,https://pccentro.net.ve/img/s/2/2/8/6/3/22863-large_default.webp,true
39305,ME33482,MIGRADORIXINA 125 mg - 1 mg COMPRIMIDOS RECUBIERTOS,https://mav.farmaciasaas.com/api/images/articulos/DISTRIBUCION/4769.jpg,true
39306,ME33823,MISELLIM 10 mg COMPRIMIDOS RECUBIERTOS,https://mav.farmaciasaas.com/api/images/articulos/DISTRIBUCION/91349.jpg,true
39308,ME35447,MONTELUKAST 10 mg COMPRIMIDOS RECUBIERTOS,https://pccentro.net.ve/img/s/7/5/8/6/9/75869-large_default.webp,true
39309,ME37063,MONTELUKAST 10 mg X 10 TABLETAS RECUBIERTAS,https://pccentro.net.ve/img/s/7/5/8/6/9/75869-large_default.webp,true
39310,ME42894,MONTELUKAST 5 mg X 30 TABLETAS MASTICABLES,https://pccentro.net.ve/img/s/5/8/2/0/8/58208-large_default.webp,true
39311,ME43662,OTOCORT 1 mg - 5 mg - 5000 UI / mL SUSPENSIÓN ÓTICA,https://mav.farmaciasaas.com/api/images/articulos/DISTRIBUCION/52903.jpg,true
39313,ME42756,"NAFAZOLINA CLORHIDRATO 0,12 mg / mL SOLUCION OFTALMICA",https://mav.farmaciasaas.com/api/images/articulos/DISTRIBUCION/29565.jpg,true
39314,ME40982,NAPROXENO SODICO 275 mg COMPRIMIDOS RECUBIERTOS,https://mav.farmaciasaas.com/api/images/articulos/DISTRIBUCION/52339.jpg,true
39316,ME38329,"NEFROTAL H 100 mg - 12,5 mg COMPRIMIDOS RECUBIERTOS",https://mav.farmaciasaas.com/api/images/articulos/DISTRIBUCION/25632.jpg,true
39319,ME42092,NONAFOL 10 mg / mL X 10 SOLUCION ORAL,https://mav.farmaciasaas.com/api/images/articulos/DISTRIBUCION/18358.jpg,true
39321,ME42484,"NOXPIRIN 125 mg - 0,5 mg / 5 mL SOLUCION ORAL",https://mav.farmaciasaas.com/api/images/articulos/DISTRIBUCION/24256.jpg,true
39322,ME42453,"NOXPIRIN 325 mg - 1,25 mg / 5 mL SOLUCION ORAL",https://mav.farmaciasaas.com/api/images/articulos/DISTRIBUCION/24257.jpg,true
39323,ME40510,"OLMESARTAN MEDOXOMIL - HIDROCLOROTIAZIDA 40 mg - 12,5 mg COMPRIMIDOS RECUBIERTOS",https://pccentro.net.ve/img/s/8/3/7/3/7/83737-large_default.webp,true
39324,ME38921,OLMESARTAN MEDOXOMIL 20 mg COMPRIMIDOS RECUBIERTOS,https://mav.farmaciasaas.com/api/images/articulos/DISTRIBUCION/25976.jpg,true
39331,ME41671,ORALZINC SALES DE REHIDRATACION POLVO PARA SOLUCION ORAL SABOR A MANDARINA,https://mav.farmaciasaas.com/api/images/articulos/DISTRIBUCION/98501.jpg,true
39332,ME42182,OROFENO 150 mg COMPRIMIDOS DE LIBERACION CONTROLADA,https://pccentro.net.ve/img/s/5/5/0/6/3/55063-large_default.webp,true
39334,ME26053,OXOLAMINA 28 mg / 5mL JARABE,https://mav.farmaciasaas.com/api/images/articulos/DISTRIBUCION/2771.jpg,true
39336,ME35922,OXOLAMINA CITRATO 50 mg / 5 mL JARABE,https://mav.farmaciasaas.com/api/images/articulos/DISTRIBUCION/11513.jpg,true
39338,ME43569,PEGYT 50 mg X 30 CAPSULAS,https://mav.farmaciasaas.com/api/images/articulos/DISTRIBUCION/52625.jpg,true
39340,ME37330,PERTEN 1 % CREMA,https://pccentro.net.ve/img/s/5/4/9/1/0/54910-large_default.webp,true
39341,ME21271,PINVEX 5 % - 1 % SOLUCION,https://pccentro.net.ve/img/s/7/3/4/1/1/73411-large_default.webp,true
39342,ME42493,PREDNISONA 5 mg COMPRIMIDOS,https://pccentro.net.ve/img/s/9/6/0/0/9/96009-large_default.webp,true
39345,ME42605B,QUETIAPINA 100 mg COMPRIMIDOS RECUBIERTOS,https://pccentro.net.ve/img/s/2/4/5/2/9/24529-large_default.webp,true
39346,ME42604,QUETIAPINA 25 mg COMPRIMIDOS RECUBIERTOS,https://pccentro.net.ve/img/s/2/4/5/3/0/24530-large_default.webp,true
39347,ME42527,QUETIAPINA 100 mg COMPRIMIDOS,https://pccentro.net.ve/img/s/2/4/5/2/9/24529-large_default.webp,true
39348,ME42526,QUETIAPINA 25 mg COMPRIMIDOS,https://pccentro.net.ve/img/s/2/4/5/3/0/24530-large_default.webp,true
39350,ME34879,"REFLUXYL 0,400 g - 0,375 g / 15 mL SUSPENSION ORAL",https://pccentro.net.ve/img/s/2/3/0/5/0/23050-large_default.webp,true
39351,ME39374,REGULIP 10 mg X 30 TABLETAS,https://pccentro.net.ve/img/s/3/5/6/2/9/35629-large_default.webp,true
39353,ME42037,REHIDROSOL 45 mEq / L SOLUCION ELECTROLITICA USO ORAL SABOR A UVA,https://pccentro.net.ve/img/s/2/2/9/3/0/22930-large_default.webp,true
39355,ME35116,RINARIS 5 mg - 60 mg X 10 TABLETAS RECUBIERTAS,https://mav.farmaciasaas.com/api/images/articulos/DISTRIBUCION/16753.jpg,true
39357,ME32233,RINOLAST D 30 mg - 30 mg / 5 mL SUSPENSION ORAL,https://pccentro.net.ve/img/s/2/2/9/0/0/22900-large_default.webp,true
39358,ME36523,SIMVASTATINA 20 mg COMPRIMIDOS RECUBIERTOS,https://pccentro.net.ve/img/s/7/8/3/5/3/78353-large_default.webp,true
39359,ME27689,"SALBUROL 0,5 % SOLUCION PARA INHALACION",https://pccentro.net.ve/img/s/5/4/7/6/4/54764-large_default.webp,true
39360,ME30996,"SALBUTAMOL 0,5 % SOLUCION PARA INHALAR",https://pccentro.net.ve/img/s/5/4/7/6/4/54764-large_default.webp,true
39361,ME42518,SERTRALINA 100 mg COMPRIMIDOS,https://pccentro.net.ve/img/s/8/4/0/2/8/84028-large_default.webp,true
39362,ME42517,SERTRALINA 50 mg COMPRIMIDOS,https://pccentro.net.ve/img/s/8/4/1/1/0/84110-large_default.webp,true
39363,ME34458,SILDENAFIL 50 mg X 2 TABLETAS RECUBIERTAS,https://mav.farmaciasaas.com/api/images/articulos/DISTRIBUCION/8404.jpg,true
39364,ME34567,SILDENAFIL 50 mg X 4 TABLETAS RECUBIERTAS,https://mav.farmaciasaas.com/api/images/articulos/DISTRIBUCION/20786.jpg,true
39365,ME43701,SITALUX 100 mg X 30 tabletas recubiertas,https://pccentro.net.ve/img/s/5/2/9/9/3/52993-large_default.webp,true
39366,ME40535,SITAGLIS MET 50 mg - 850 mg COMPRIMIDOS RECUBIERTOS,https://mav.farmaciasaas.com/api/images/articulos/DISTRIBUCION/28420.jpg,true
39368,ME40123,STAMYLFORTE 300 mg - 100 mg X 20 TABLETAS RECUBIERTAS,https://mav.farmaciasaas.com/api/images/articulos/DISTRIBUCION/13272.jpg,true
39376,ME32130,SULTAMICILINA 750 mg COMPRIMIDOS RECUBIERTOS,https://mav.farmaciasaas.com/api/images/articulos/DISTRIBUCION/50175.jpg,true
39377,ME43593,TACHIGRIP FORTE X 6 POLVO PARA SOLUCION ORAL,https://mav.farmaciasaas.com/api/images/articulos/DISTRIBUCION/51793.jpg,true
39378,ME18961,TACHIPIRIN 100 mg / mL SOLUCION ORAL,https://mav.farmaciasaas.com/api/images/articulos/DISTRIBUCION/3414.jpg,true
39379,ME25934,ACETAMINOFEN 250 mg SUPOSITORIOS,https://mav.farmaciasaas.com/api/images/articulos/DISTRIBUCION/28642.jpg,true
39380,ME19288,TACHIPIRIN 500 mg X 20 TABLETAS,https://pccentro.net.ve/img/s/8/7/8/2/6/87826-large_default.webp,true
39381,ME35671,TACHIPIRIN FORTE 160 mg / 5 mL SUSPENSION ORAL,https://mav.farmaciasaas.com/api/images/articulos/DISTRIBUCION/11649.jpg,true
39382,ME42125,TADALAFILO 5 mg COMPRIMIDOS RECUBIERTOS,https://mav.farmaciasaas.com/api/images/articulos/DISTRIBUCION/50485.jpg,true
39383,ME39471,TAMOA 250 mg COMPRIMIDOS MASTICABLES,https://mav.farmaciasaas.com/api/images/articulos/DISTRIBUCION/95723.jpg,true
39384,ME44195/2,TARVINA 20 mg X 10 TABLETAS RECUBIERTAS,https://pccentro.net.ve/img/s/3/4/7/9/7/34797-large_default.webp,true
39385,ME44195/3,TARVINA 20 mg X 30 TABLETAS RECUBIERTAS,https://pccentro.net.ve/img/s/3/4/7/9/7/34797-large_default.webp,true
39386,ME44196,TARVINA 40 mg X 10 TABLETAS RECUBIERTAS,https://pccentro.net.ve/img/s/2/3/7/2/1/23721-large_default.webp,true
39388,ME44419/3,TERAGRIPFORTE NOCHE 650mg-4mg X 6 GRANULADO PARA SOLUCION ORAL,https://mav.farmaciasaas.com/api/images/articulos/DISTRIBUCION/6270.jpg,true
39389,ME44419/2,TERAGRIPFORTE NOCHE 650 mg - 4 mg X 4 TABLETAS RECUBIERTAS,https://mav.farmaciasaas.com/api/images/articulos/DISTRIBUCION/51036.jpg,true
39390,ME44419/4,TERAGRIPFORTE NOCHE 650mg-4mg X 10 GRANULADO PARA SOLUCION ORAL,https://pccentro.net.ve/img/s/8/1/4/0/6/81406-large_default.webp,true
39391,ME37166,TERAGRIPSUPRA X 10 TABLETAS RECUBIERTAS,https://mav.farmaciasaas.com/api/images/articulos/DISTRIBUCION/96315.jpg,true
39393,HO43730,TIOCOLCHICOSIDO 4 mg / 2 mL X 12 AMPOLLAS,https://pccentro.net.ve/img/s/9/6/5/3/4/96534-large_default.webp,true
39394,HO37915,TIOCOLCHICOSIDO 4 mg / 2 mL X 12 AMPOLLAS,https://pccentro.net.ve/img/s/9/6/5/3/4/96534-large_default.webp,true
39395,ME36574,"TOBRAMICINA 0,3 % SOLUCION OFTALMICA",https://pccentro.net.ve/img/s/7/5/5/3/3/75533-large_default.webp,true
39397,ME30908,TRIMETOPRIM/SULFAMETOXASOL 40 mg - 200 mg / 5 mL SUSPENSION,https://mav.farmaciasaas.com/api/images/articulos/DISTRIBUCION/24814.jpg,true
39398,ME43779/2,"VALGEM PLUS 160 mg-12,5 mg X 10 TABLETAS RECUBIERTAS",https://mav.farmaciasaas.com/api/images/articulos/DISTRIBUCION/52665.jpg,true
39400,ME42451,VALSARTAN 160 mg X 20 CAPSULAS,https://pccentro.net.ve/img/s/5/4/4/8/8/54488-large_default.webp,true
39401,ME37747,"VALSARTAN CON HIDROCLOROTIAZIDA 160 mg - 12,5 mg COMPRIMIDOS RECUBIERTOS",https://pccentro.net.ve/img/s/2/4/0/7/7/24077-large_default.webp,true
39402,ME38569,VALSARTAN 160 mg CAPSULAS,https://pccentro.net.ve/img/s/5/4/4/8/8/54488-large_default.webp,true
39404,ME38568,VALSARTAN 80 mg CAPSULAS,https://pccentro.net.ve/img/s/7/4/7/5/8/74758-large_default.webp,true
39405,ME42915,VALSARTAN 80 mg COMPRIMIDOS RECUBIERTOS,https://mav.farmaciasaas.com/api/images/articulos/DISTRIBUCION/29789.jpg,true
39406,ME37749,"VALSARTAN CON HIDROCLOROTIAZIDA 80 mg - 12,5 mg COMPRIMIDOS",https://pccentro.net.ve/img/s/2/4/0/7/7/24077-large_default.webp,true
39407,HO43946,VERALEN P 75 mg / 3 mL X 1 AMPOLLAS,https://pccentro.net.ve/img/s/9/5/7/9/2/95792-large_default.webp,true
39408,ME998,VITAMINA C 100 mg/5 ml JARABE,https://pccentro.net.ve/img/s/7/7/8/3/5/77835-large_default.webp,true
39409,ME31438,VITADYN C 1 g COMPRIMIDOS EFERVESCENTES SABOR A GRAPEFRUIT X 10 COMPRIMIDOS,https://mav.farmaciasaas.com/api/images/articulos/DISTRIBUCION/1982.jpg,true
39410,ME31002,VITADYN C 500 mg X 30 TABLETAS MASTICABLES SABOR A FRESA,https://pccentro.net.ve/img/s/8/1/2/2/2/81222-large_default.webp,true
39411,ME6025/2,VITAMINA B12 250 mcg X 3 CAPSULAS,https://pccentro.net.ve/img/s/7/7/8/3/0/77830-large_default.webp,true
39412,ME6025/3,VITAMINA B12 250 mcg X 20 CAPSULAS,https://mav.farmaciasaas.com/api/images/articulos/DISTRIBUCION/3790.jpg,true
39413,ME36008,VITAMINA C 50 mg / 5 mL JARABE,https://pccentro.net.ve/img/s/7/7/8/5/9/77859-large_default.webp,true
39414,ME28666,YONAL 15 mg / 5 mL SOLUCION ORAL,https://pccentro.net.ve/img/s/5/4/9/1/1/54911-large_default.webp,true
39419,ME43846,ALBENDAZOL 100 mg / 5 mL SUSPENSIÓN ORAL,https://mav.farmaciasaas.com/api/images/articulos/20742.jpg,true
39420,ME35027,ALBENDAZOL 200 mg TABLETAS RECUBIERTAS MASTICABLES,https://pccentro.net.ve/img/s/1/8/1/8/6/18186-large_default.webp,true
39421,ME43324,"ALILUB 1,4 % SOLUCION OFTALMICA",https://mav.farmaciasaas.com/api/images/articulos/DISTRIBUCION/25509.jpg,true
39422,ME34071,ALERVAX 120 mg X 10 TABLETAS RECUBIERTAS,https://pccentro.net.ve/img/s/9/5/9/4/4/95944-large_default.webp,true
39424,ME34809,ANALPERNAX 250 mg X 10 CAPSULAS,https://mav.farmaciasaas.com/api/images/articulos/DISTRIBUCION/8152.jpg,true
39425,ME41681,ANAPIR 400 mg X 10 CAPSULAS BLANDAS,https://mav.farmaciasaas.com/api/images/articulos/DISTRIBUCION/17362.jpg,true
39426,ME1482,ANGIOFLUX (SULODEXIDA) 250 LSU X 25 CAPSULAS BLANDAS,https://mav.farmaciasaas.com/api/images/articulos/DISTRIBUCION/52055.jpg,true
39429,ME38633,APRIX 125 mg X 10 CAPSULAS BLANDAS,https://mav.farmaciasaas.com/api/images/articulos/DISTRIBUCION/50995.jpg,true
39430,ME31240,"CO-APROVEL 150 mg - 12,5 mg X 28 COMPRIMIDOS RECUBIERTOS",https://mav.farmaciasaas.com/api/images/articulos/DISTRIBUCION/93572.jpg,true
39431,ME34821,ULTRAFEN FORTE 650 mg X 10 CAPSULAS BLANDAS,https://mav.farmaciasaas.com/api/images/articulos/DISTRIBUCION/8703.jpg,true
39432,ME44038,ASPIANDEX 81 mg X 30 TABLETAS CON RECUBRIMIENTO ENTERICO,https://mav.farmaciasaas.com/api/images/articulos/DISTRIBUCION/52971.jpg,true
39433,ME24736,ATAMEL 120 mg / 5 mL JARABE,https://mav.farmaciasaas.com/api/images/articulos/DISTRIBUCION/50583.jpg,true
39434,ME44711,ATAPEC 25 mg X 30 COMPRIMIDOS RECUBIERTOS,https://mav.farmaciasaas.com/api/images/articulos/DISTRIBUCION/53750.jpg,true
39435,ME37481,ATOVAROL 20 mg X 30 CAPSULAS BLANDAS,https://pccentro.net.ve/img/s/7/4/0/1/7/74017-large_default.webp,true
39436,ME43792,"AVOST 0,004% SOLUCION OFTALMICA",https://pccentro.net.ve/img/s/7/5/5/4/3/75543-large_default.webp,true
39438,ME42975,"BEDEX 0,15 % SOLUCION TOPICA BUCAL",https://mav.farmaciasaas.com/api/images/articulos/DISTRIBUCION/28364.jpg,true
39439,ME36242,"CLOBETASOL PROPIONATO 0,05% UNGUENTO",https://mav.farmaciasaas.com/api/images/articulos/DISTRIBUCION/50804.jpg,true
39440,HO37882,PREDNIDET 500 mg X 1 AMPOLLAS,https://pccentro.net.ve/img/s/9/6/0/1/9/96019-large_default.webp,true
39441,ME31588,"OTALEX 0,2 % - 1 % SUSPENSION OTICA",https://pccentro.net.ve/img/s/7/5/4/5/1/75451-large_default.webp,true
39442,ME43492,BIRGIT PLUS 50 mg - 850 mg X 30 COMPRIMIDOS RECUBIERTOS,https://mav.farmaciasaas.com/api/images/articulos/DISTRIBUCION/52040.jpg,true
39443,ME43578,"BIOTALOL HCT 10 mg - 6,25 mg COMPRIMIDOS RECUBIERTOS ",https://mav.farmaciasaas.com/api/images/articulos/DISTRIBUCION/51791.jpg,true
39444,ME42416,BLOKXA 20 mg X 28 TABLETAS RECUBIERTAS,https://mav.farmaciasaas.com/api/images/articulos/DISTRIBUCION/54280.jpg,true
39445,ME32078,BONAC 4% GEL USO TOPICO,https://pccentro.net.ve/img/s/4/0/5/2/5/40525-large_default.webp,true
39446,ME40814,"BRIMOPRESS 0,2 % SOLUCION OFTALMICA",https://pccentro.net.ve/img/s/7/5/4/9/5/75495-large_default.webp,true
39447,ME32168,"BRIXIA 0,0 5% SOLUCION OFTALMICA",https://pccentro.net.ve/img/s/7/5/5/3/8/75538-large_default.webp,true
39449,ME43037,HIOSCINA N-BUTILBROMURO 10 mg X 10 TABLETAS RECUBIERTAS,https://mav.farmaciasaas.com/api/images/articulos/DISTRIBUCION/52175.jpg,true
39450,ME44027,"NAFAZOLINA CLORHIDRATO 0,012 % SOLUCION OFTALMICA",https://pccentro.net.ve/img/s/7/5/5/6/1/75561-large_default.webp,true
39451,ME36249,GYNOTRAN 15%-4% CREMA VAGINAL,https://pccentro.net.ve/img/s/4/1/4/4/0/41440-large_default.webp,true
39454,ME38185,CILOSTAL 100 mg X 30 TABLETAS,https://pccentro.net.ve/img/s/8/5/6/6/0/85660-large_default.webp,true
39455,ME40067,CITICOLINA 500 mg X 30 COMPRIMIDOS RECUBIERTOS,https://mav.farmaciasaas.com/api/images/articulos/DISTRIBUCION/53594.jpg,true
39456,ME18142,"NASIN 0,05 % SOLUCION NASAL",https://pccentro.net.ve/img/s/7/5/2/6/7/75267-large_default.webp,true
39457,ME44393,Dolmobrox 15 mg / 5ml Solución Oral ,https://pccentro.net.ve/img/s/5/4/9/1/1/54911-large_default.webp,true
39458,ME42403,CLINDAMICINA 1% GEL TOPICO,https://pccentro.net.ve/img/s/9/4/1/7/5/94175-large_default.webp,true
39459,ME44198,"CLOBETASOL PROPIONATO 0,05 % CREMA",https://mav.farmaciasaas.com/api/images/articulos/DISTRIBUCION/90441.jpg,true
39460,ME43843,"CLORDITAN 12,5 mg X 30 Tabletas",https://mav.farmaciasaas.com/api/images/articulos/DISTRIBUCION/50972.jpg,true
39461,ME34036,"SOLUCION PARA DIALISIS PERITONEAL CON DEXTROSA AL 1,5 % BAJA EN MAGNESIO",https://pccentro.net.ve/img/s/8/8/4/6/2/88462-large_default.webp,true
39462,ME35192,CLOTRIMAZOL 2 % CREMA VAGINAL,https://pccentro.net.ve/img/s/6/8/7/7/7/68777-large_default.webp,true
39463,ME32823,COMENTER 30 mg X 30 COMPRIMIDOS RECUBIERTOS,https://mav.farmaciasaas.com/api/images/articulos/DISTRIBUCION/29372.jpg,true
39464,ME31523,CORASPIRINA 81 mg X 100 TABLETAS CON CUBIERTA ENTERICA,https://pccentro.net.ve/img/s/8/1/3/7/8/81378-large_default.webp,true
39465,ME36834,"CROMUS 0,1 % UNGUENTO",https://pccentro.net.ve/img/s/7/2/8/1/9/72819-large_default.webp,true
39467,ME33257,CYNT 20 mg X 20 COMPRIMIDOS RECUBIERTOS,https://mav.farmaciasaas.com/api/images/articulos/DISTRIBUCION/5489.jpg,true
39468,ME33255,CYNT 40 mg COMPRIMIDOS RECIBIERTOS X 10 COMPRIMIDOS,https://mav.farmaciasaas.com/api/images/articulos/DISTRIBUCION/92664.jpg,true
39469,ME44385,DUNIXI 10 mg X 30 COMPRIMIDOS RECUBIERTOS,https://mav.farmaciasaas.com/api/images/articulos/DISTRIBUCION/53037.jpg,true
39470,ME43822,DAVINTEX 60 mg X 10 COMPRIMIDOS RECUBIERTOS,https://mav.farmaciasaas.com/api/images/articulos/DISTRIBUCION/27618.jpg,true
39472,ME37301,DICLOFENAC SODICO 1% GEL,https://pccentro.net.ve/img/s/8/0/6/4/5/80645-large_default.webp,true
39474,ME42875,"AUTEX 0,1 % CREMA",https://pccentro.net.ve/img/s/1/9/4/0/2/19402-large_default.webp,true
39475,HO26290,DEXAMETASONA 21-FOLATO 4 mg/mL X 10 AMPOLLAS,https://pccentro.net.ve/img/s/9/5/1/2/4/95124-large_default.webp,true
39476,ME39603/3,DESLER M 5 mg - 10 mg X 30 TABLETAS RECUBIERTAS,https://mav.farmaciasaas.com/api/images/articulos/DISTRIBUCION/96524/96524.jpg,true
39477,ME39603/2,DESLER M 5 mg - 10 mg X 10 TABLETAS RECUBIERTAS,https://mav.farmaciasaas.com/api/images/articulos/DISTRIBUCION/18361.jpg,true
39479,ME42667,SITAGLIPTINA - METFORMINA CLORHIDRATO 50 mg - 500 mg TABLETAS RECUBIERTAS,https://pccentro.net.ve/img/s/2/4/4/5/6/24456-large_default.webp,true
39480,HO44743,DEXABIOL 4mg / mL X 1 AMPOLLAS,https://pccentro.net.ve/img/s/9/5/1/2/4/95124-large_default.webp,true
39482,MI37540,"DICLOFENAC DIETILAMINA 1,16% EMULGEL",https://pccentro.net.ve/img/s/8/0/5/8/7/80587-large_default.webp,true
39483,ME24522,DIFENAC 100 mg X 10 COMPRIMIDOS RECUBIERTOS,https://mav.farmaciasaas.com/api/images/articulos/DISTRIBUCION/8420.jpg,true
39484,ME43166,IBUVIN 600 mg X 20 CAPSULAS BLANDAS,https://pccentro.net.ve/img/s/8/9/2/1/1/89211-large_default.webp,true
39485,ME36125,"CLOTRIMAZOL - NEOMICINA - DEXAMETASONA 1% - 0,5% - 0.04% X 1 CREMA",https://pccentro.net.ve/img/s/7/3/7/1/2/73712-large_default.webp,true
39487,ME24286,DEOXICAL 500 mg X 30 CAPSULAS,https://pccentro.net.ve/img/s/8/5/3/0/3/85303-large_default.webp,true
39489,ME38932/4,DOLAK 30 mg X 4 COMPRIMIDOS SUBLINGUALES,https://mav.farmaciasaas.com/api/images/articulos/DISTRIBUCION/94457.jpg,true
39492,ME30819,BALSADER GEL TOPICO,https://pccentro.net.ve/img/s/8/2/0/3/9/82039-large_default.webp,true
39493,ME43652,DOPRIL 3 mg / mL SOLUCIÓN ORAL,https://mav.farmaciasaas.com/api/images/articulos/DISTRIBUCION/28532.jpg,true
39494,ME39862,DROPIL 100 mg X 40 COMPRIMIDOS RECUBIERTOS,https://mav.farmaciasaas.com/api/images/articulos/DISTRIBUCION/96830.jpg,true
39495,ME39861,DROPIL 200 mg X 40 COMPRIMIDOS RECUBIERTOS,https://mav.farmaciasaas.com/api/images/articulos/DISTRIBUCION/97140.jpg,true
39497,ME42647,CLOTRIMAZOL 200 mg X 3 OVULOS VAGINALES,https://pccentro.net.ve/img/s/6/0/7/4/2/60742-large_default.webp,true
39498,ME43797,ELMETACIN-IND 1% SOLUCIÓN TOPICA,https://pccentro.net.ve/img/s/8/9/4/4/5/89445-large_default.webp,true
39499,ME44466,"ELOK 0,1% CREMA",https://pccentro.net.ve/img/s/1/9/4/0/2/19402-large_default.webp,true
39501,ME42489,ESOFLUX 20 mg X 30 TABLETAS CON RECUBRIMIENTO ENTERICO,https://pccentro.net.ve/img/s/3/3/3/5/3/33353-large_default.webp,true
39502,ME35246/2,EVIGAX 125 mg X 10 CAPSULAS BLANDAS,https://mav.farmaciasaas.com/api/images/articulos/DISTRIBUCION/96795.jpg,true
39503,ME35246/3,EVIGAX 125 mg X 20 CAPSULAS BLANDAS,https://mav.farmaciasaas.com/api/images/articulos/DISTRIBUCION/8614.jpg,true
39504,MI44615,"SIEGEXANIA 0,05% EMULSION	",https://pccentro.net.ve/img/s/5/2/8/0/4/52804-large_default.webp,true
39505,ME42994,EZENTIUS 20 mg X 20 COMPRIMIDOS RECUBIERTOS,https://mav.farmaciasaas.com/api/images/articulos/DISTRIBUCION/53836.jpg,true
39506,ME37839,TERBINAFINA CLORHIDRATO 1 % CREMA,https://pccentro.net.ve/img/s/5/4/9/1/0/54910-large_default.webp,true
39507,ME31488,DOLOGINEX 125 mg - 10 mg X 10 COMPRIMIDOS RECUBIERTOS,https://mav.farmaciasaas.com/api/images/articulos/DISTRIBUCION/54561.jpg,true
39508,ME39967,FLATVIN 125 mg X 10 CAPSULAS BLANDAS,https://mav.farmaciasaas.com/api/images/articulos/DISTRIBUCION/24281.jpg,true
39509,ME44069,FLEVOMAX - D 600 mg X 15 COMPRIMIDOS RECUBIERTOS,https://mav.farmaciasaas.com/api/images/articulos/DISTRIBUCION/54226.jpg,true
39511,ME32076,"SYMBICORT TURBUHALER 160 mcg - 4,5 mcg / DOSIS X 60 POLVO INHALACION ORAL",https://pccentro.net.ve/img/s/7/5/2/6/2/75262-large_default.webp,true
39513,ME35723,GABICTAL 300 mg X 30 COMPRIMIDOS RECUBIERTOS,https://mav.farmaciasaas.com/api/images/articulos/DISTRIBUCION/20432.jpg,true
39514,ME43614,GESTAGENO 100 mg CAPSULAS DE GELATINA BLANDA X 10 CAPSULAS,https://mav.farmaciasaas.com/api/images/articulos/DISTRIBUCION/21412.jpg,true
39515,ME43613,GESTAGENO 200 mg CAPSULAS DE GELATINA BLANDA X 10 CAPSULAS,https://mav.farmaciasaas.com/api/images/articulos/DISTRIBUCION/21413.jpg,true
39516,ME31955,"GLAUCOTENSIL T  2 % - 0,5 % SOLUCION OFTALMICA",https://pccentro.net.ve/img/s/7/5/6/4/0/75640-large_default.webp,true
39517,ME32507,GLICLAZIDA 80 mg X 20 TABLETAS,https://mav.farmaciasaas.com/api/images/articulos/DISTRIBUCION/53068.jpg,true
39521,HO41500/2,GLUTANIL AL 20 % X 30 AMPOLLAS,https://pccentro.net.ve/img/s/7/6/2/0/3/76203-large_default.webp,true
39522,HO41500/3,GLUTANIL AL 20 % X 60 AMPOLLAS,https://pccentro.net.ve/img/s/7/6/2/0/3/76203-large_default.webp,true
39523,HO34920,HIDROCORTISONA 100 mg X 10 AMPOLLAS,https://pccentro.net.ve/img/s/8/6/8/2/6/86826-large_default.webp,true
39524,HO44584,Biocortin 500mg X 1 AMPOLLAS,https://mav.farmaciasaas.com/api/images/articulos/DISTRIBUCION/23085.jpg,true
39525,ME44135,IBUFEN 800 mg X 6 COMPRIMIDOS RECUBIERTOS,https://mav.farmaciasaas.com/api/images/articulos/DISTRIBUCION/54227.jpg,true
39526,ME43580,IMOL 20 mg X 30 COMPRIMIDOS RECUBIERTOS,https://mav.farmaciasaas.com/api/images/articulos/DISTRIBUCION/52408.jpg,true
39527,ME21014,"ITISONA 0,1 % CREMA",https://pccentro.net.ve/img/s/7/5/2/5/4/75254-large_default.webp,true
39529,ME41832,JARIT 100 mg X 30 CAPSULAS BLANDAS,https://pccentro.net.ve/img/s/3/9/7/7/1/39771-large_default.webp,true
39530,ME37978,KEPPRA 100 mg/mL SOLUCION ORAL,https://mav.farmaciasaas.com/api/images/articulos/DISTRIBUCION/28896.jpg,true
39531,ME26276,KETOCONAZOL 2% CREMA,https://pccentro.net.ve/img/s/2/5/2/5/5/25255-large_default.webp,true
39532,ME35431,"BIOKETOF 2,5% GEL PARA USO T",https://pccentro.net.ve/img/s/6/8/7/0/2/68702-large_default.webp,true
39533,ME28267,KETOMED 2 % CHAMPU,https://pccentro.net.ve/img/s/7/3/0/1/4/73014-large_default.webp,true
39534,ME33435,KATIVIL 1 g / 10 mL X 60 SOLUCION ORAL,https://mav.farmaciasaas.com/api/images/articulos/DISTRIBUCION/21580.jpg,true
39535,ME44412,LAMICTAL 100 mg X 30 TABLETAS DISPERSABLES-MASTICABLES,https://mav.farmaciasaas.com/api/images/articulos/DISTRIBUCION/11117.jpg,true
39536,ME44411,LAMICTAL 50 mg X 30 TABLETAS DISPERSABLES - MASTICABLES,https://mav.farmaciasaas.com/api/images/articulos/DISTRIBUCION/11118.jpg,true
39537,ME36952,LESTECOL 40 mg X 30 TABLETAS RECUBIERTAS,https://mav.farmaciasaas.com/api/images/articulos/DISTRIBUCION/91315.jpg,true
39539,ME42025,"MANTIXA 2,5 mg X 30 COMPRIMIDOS RECUBIERTOS",https://mav.farmaciasaas.com/api/images/articulos/DISTRIBUCION/27090.jpg,true
39541,ME16930,DEPO - PROVERA 150 mg / mL X 1 AMPOLLAS,https://mav.farmaciasaas.com/api/images/articulos/DISTRIBUCION/26711.jpg,true
39542,ME43601,MINOXIDIL FORTE 5% SOLUCION TOPICA,https://pccentro.net.ve/img/s/5/5/6/4/7/55647-large_default.webp,true
39544,ME38201,"MOMEQ 0,1 % CREMA",https://pccentro.net.ve/img/s/1/9/4/0/2/19402-large_default.webp,true
39545,ME43010,DESLORATADINA - MONTELUKAST 5 mg - 10 mg X 30 TABLETAS RECUBIERTAS,https://pccentro.net.ve/img/s/7/2/5/2/6/72526-large_default.webp,true
39546,ME43731,MUPIROCINA 2 % UNGUENTO,https://pccentro.net.ve/img/s/5/3/2/6/2/53262-large_default.webp,true
39549,ME13354,"FANASAL 0,05 % SOLUCION NASAL",https://pccentro.net.ve/img/s/7/5/5/6/1/75561-large_default.webp,true
39552,HO39021/2,NEUROALFA X 1 AMPOLLAS,https://pccentro.net.ve/img/s/9/1/1/3/1/91131-large_default.webp,true
39553,HO39021/3,NEUROALFA X 3 AMPOLLAS,https://pccentro.net.ve/img/s/9/1/1/3/1/91131-large_default.webp,true
39554,ME34528,NIFEDIPINA 30 mg X 30 CAPSULAS DE LIBERACION PROLONGADA,https://mav.farmaciasaas.com/api/images/articulos/DISTRIBUCION/52912.jpg,true
39555,HO44444,OMEPRAZOL 40 mg X 10 AMPOLLAS,https://pccentro.net.ve/img/s/7/7/8/8/6/77886-large_default.webp,true
39556,ME44095,OPRABLU 20 mg X 30 CAPSULAS,https://pccentro.net.ve/img/s/8/4/0/9/9/84099-large_default.webp,true
39557,HO44280,OLXAC 40 mg X 1 AMPOLLAS,https://pccentro.net.ve/img/s/7/7/8/8/6/77886-large_default.webp,true
39559,ME44305,"BIOTADIN 0,2% SOLUCIÓN OFTALMICA",https://pccentro.net.ve/img/s/7/5/4/9/1/75491-large_default.webp,true
39560,ME34819,"OPAT 0,1 % SOLUCION OFTALMICA",https://pccentro.net.ve/img/s/7/5/4/9/1/75491-large_default.webp,true
39561,ME42565,PATFLUX 40 mg X 1 TABLETAS CON RECUBRIMIENTO ENTERICO,https://pccentro.net.ve/img/s/7/8/9/7/8/78978-large_default.webp,true
39562,ME34155,PENTOXIFILINA 400 mg X 30 TABLETAS RECUBIERTAS DE LIBERACION PROLONGADA,https://mav.farmaciasaas.com/api/images/articulos/DISTRIBUCION/28576.jpg,true
39563,ME44522,PEPSADEL 262 mg X 12 TABLETAS MASTICABLES,https://mav.farmaciasaas.com/api/images/articulos/DISTRIBUCION/26892.jpg,true
39567,ME44199,PREGATAN 75 mg X 30 CAPSULAS,https://pccentro.net.ve/img/s/2/5/8/0/6/25806-large_default.webp,true
39568,ME43545,PROFLOX 1g / 5 ml suspensión oral ,https://mav.farmaciasaas.com/api/images/articulos/DISTRIBUCION/27740.jpg,true
39569,ME40781,RANITIDINA 150 mg / 10 mL X 10 SOLUCION ORAL,https://mav.farmaciasaas.com/api/images/articulos/DISTRIBUCION/53151.jpg,true
39570,ME44237,RESECAL 10 mg X 10 POLVO PARA SUSPENSIÓN ORAL,https://mav.farmaciasaas.com/api/images/articulos/DISTRIBUCION/54046.jpg,true
39571,ME42149,RIFAMIX 550 mg X 10 COMPRIMIDOS RECUBIERTOS,https://pccentro.net.ve/img/s/7/9/6/0/5/79605-large_default.webp,true
39572,ME43643,RIVAREX 10 mg X 30 COMPRIMIDOS RECUBIERTOS,https://mav.farmaciasaas.com/api/images/articulos/DISTRIBUCION/52904.jpg,true
39573,ME38530,ESOZ 10 mg X 10 MICROGRANULOS ENTERICOS PARA SUSPENSION ORAL,https://pccentro.net.ve/img/s/7/4/7/0/9/74709-large_default.webp,true
39578,ME43590,SIMULTAN DUO 50 mg - 850 mg X 30 COMPRIMIDOS RECUBIERTOS,https://mav.farmaciasaas.com/api/images/articulos/DISTRIBUCION/52757.jpg,true
39579,ME43556/2,SINMEGAS 125 mg X 20 CÁPSULAS BLANDAS,https://mav.farmaciasaas.com/api/images/articulos/DISTRIBUCION/53113.jpg,true
39580,ME43556/3,SINMEGAS 125 mg X 30 CÁPSULAS BLANDAS,https://mav.farmaciasaas.com/api/images/articulos/DISTRIBUCION/53114.jpg,true
39581,ME44749,ESLIPEL MET 50mg - 1000 mg X 10 COMPRIMIDOS RECUBIERTOS,https://mav.farmaciasaas.com/api/images/articulos/DISTRIBUCION/28502.jpg,true
39585,ME43518,SYNARTROS 60 mg X 10 TABLETAS RECUBIERTAS,https://pccentro.net.ve/img/s/8/3/9/6/5/83965-large_default.webp,true
39586,ME44180,TADAFER 5 mg X 15 TABLETAS RECUBIERTAS,https://pccentro.net.ve/img/s/2/2/8/1/2/22812-large_default.webp,true
39587,ME33286,TALERC 10 mg / mL SOLUCION ORAL,https://mav.farmaciasaas.com/api/images/articulos/DISTRIBUCION/8537.jpg,true
39588,ME43947,TALFIDEX 20 mg X 2 Tabletas Recubiertas,https://mav.farmaciasaas.com/api/images/articulos/DISTRIBUCION/53285.jpg,true
39589,ME43499,TALYSTOR 20 mg X 1 TABLETAS MASTICABLES,https://mav.farmaciasaas.com/api/images/articulos/DISTRIBUCION/50928.jpg,true
39590,ME41676,"BUCOXOLGAR 0,15 % - 0,25 % SOLUCION TOPICA BUCAL ATOMIZADORA SABOR A MENTA FRESCA",https://pccentro.net.ve/img/s/7/8/9/8/1/78981-large_default.webp,true
39591,ME26140,TAXUS 20 mg X 30 COMPRIMIDOS,https://mav.farmaciasaas.com/api/images/articulos/DISTRIBUCION/28335.jpg,true
39592,ME34224,TERBICRYM 1 % CREMA,https://mav.farmaciasaas.com/api/images/articulos/DISTRIBUCION/21458.jpg,true
39593,ME43940,"TOMYCIN DEX 0,3 % - 0,1 % SUSPENSIÓN OFTÁLMICA",https://pccentro.net.ve/img/s/7/5/6/2/5/75625-large_default.webp,true
39594,ME43863,"TOMYCIN 0,3 % SOLUCIÓN OFTALMICA",https://pccentro.net.ve/img/s/7/5/4/9/9/75499-large_default.webp,true
39595,ME44362,TOPISEPT 2 % CREMA TÓPICA ,https://pccentro.net.ve/img/s/7/4/9/4/3/74943-large_default.webp,true
39596,ME44676,TRUSOMIDA 2% SOLUCIÓN OFTÁLMICA,https://pccentro.net.ve/img/s/7/5/4/9/3/75493-large_default.webp,true
39597,ME39978,UDOX 75 mg X 10 CAPSULAS,https://mav.farmaciasaas.com/api/images/articulos/DISTRIBUCION/97141.jpg,true
39599,ME42255,VAXIDUO 100 mg - 400 mg X 7 OVULOS VAGINALES,https://mav.farmaciasaas.com/api/images/articulos/DISTRIBUCION/25190.jpg,true
39601,ME24761,VIZERUL 300 mg X 10 COMPRIMIDOS,https://mav.farmaciasaas.com/api/images/articulos/DISTRIBUCION/8428.jpg,true
39602,ME35193,GYNOCLOCIM 2 % CREMA VAGINAL,https://pccentro.net.ve/img/s/3/5/8/7/4/35874-large_default.webp,true
39603,ME42702,REHIDROSOL ZINC 60 mEq / L SOLUCION ELECTROLITICA USO ORAL SABOR A MANZANA X 30 SOLUCION ORAL,https://mav.farmaciasaas.com/api/images/articulos/DISTRIBUCION/90704.jpg,true
39604,ME43206,"ZOCLONAX 7,5 mg X 10 TABLETAS RECUBIERTAS",https://mav.farmaciasaas.com/api/images/articulos/DISTRIBUCION/28792.jpg,true
39605,,TRAMAL 100 mg / mL SOLUCION ORAL,https://mav.farmaciasaas.com/api/images/articulos/DISTRIBUCION/10327.jpg,true