producto_id,sku,nombre_comercial,nucleo,molecula,forma,laboratorio,categoria,fuente,gates,url_en_ledger,desc_candidata,foto_candidata
37296,ME4629/2,ACIDO FOLICO 5 MG X 10 COMPRIMIDOS,ACIDO FOLICO,Folico Acido,COMPRIMIDOS,MEGALABS S.A.,lab_antiguo,cobeca,lab,no,ACIDO FOLICO TAB 5MG X10 MEY,https://mav.farmaciasaas.com/api/images/articulos/DISTRIBUCION/20331.jpg
37302,ME43094,ACIDO IBANDRONICO 150 MG X 1 TABLETA RECUBIERTA,ACIDO IBANDRONICO,Acido Ibandronico Sodio Monohidrato,TABLETAS,MASCOT HEALTH SERIES PVT. LTD.,lab_antiguo,cobeca,lab,no,AC IBANDRONICO TAB 150MG X1 ZUZU,https://mav.farmaciasaas.com/api/images/articulos/DISTRIBUCION/52763.jpg
37303,ME43992,ACIDO TRANEXAMICO 500 MG X 10 TABLETAS RECUBIERTAS,ACIDO TRANEXAMICO,Tranexamico Acido,TABLETAS,SHILPA PHARMA LIFESCIENCES LIMITED,lab_antiguo,cobeca,lab,no,AC TRANEXAMICO TAB 500MG X10 KMP,https://mav.farmaciasaas.com/api/images/articulos/DISTRIBUCION/53498.jpg
37306,ME42665,ACECLOFENACO 100 MG X 10 TABLETAS RECUBIERTAS,ACECLOFENACO,Aceclofenaco,TABLETAS,THEON PHARMACEUTICALS LTD,no_match_fuentes,,,,,
37311,ME43639/4,ACETAMINOFEN 650 MG X 30 TABLETAS,ACETAMINOFEN,Acetaminofen,TABLETAS,LABORATORIOS L.O. OFTALMI C.A.,no_match_fuentes,,,,,
37312,ME43707,ACETAMINOFEN 150 MG / 5 ML JARABE,ACETAMINOFEN,Acetaminofen,JARABE,AARTI PHARMALABS LIMITED,no_match_fuentes,,,,,
37313,ME40083,ACETAMINOFEN 120 MG / 5 ML SOLUCION ORAL,ACETAMINOFEN,Acetaminofen,SOLUCION ORAL,SM PHARMA C.A.,no_match_fuentes,,,,,
37314,ME40084,ACETAMINOFEN 180 MG / 5 ML SOLUCION ORAL,ACETAMINOFEN,Acetaminofen,SOLUCION ORAL,SM PHARMA C.A.,no_match_fuentes,,,,,
37316,ME25466/2,ACETAMINOFEN 500 MG X 10 COMPRIMIDOS,ACETAMINOFEN,Acetaminofen,COMPRIMIDOS,LABORATORIOS SPEFAR VENEZOLANOS S.A.,no_match_fuentes,,,,,
37317,ME25466/3,ACETAMINOFEN 500 MG X 30 COMPRIMIDOS,ACETAMINOFEN,Acetaminofen,COMPRIMIDOS,LABORATORIOS SPEFAR VENEZOLANOS S.A.,no_match_fuentes,,,,,
37319,ME23275/2,ACETAMINOFEN 500 MG X 10 TABLETAS,ACETAMINOFEN,Acetaminofen,TABLETAS,LABORATORIO PLUSANDEX DE FARMACEUTICOS UNIDOS PLUSANDEX C.A.,no_match_fuentes,,,,,
37320,ME23275/3,ACETAMINOFEN 500 MG X 12 TABLETAS,ACETAMINOFEN,Acetaminofen,TABLETAS,LABORATORIO PLUSANDEX DE FARMACEUTICOS UNIDOS PLUSANDEX C.A.,no_match_fuentes,,,,,
37321,ME23275/4,ACETAMINOFEN 500 MG X 24 TABLETAS,ACETAMINOFEN,Acetaminofen,TABLETAS,LABORATORIO PLUSANDEX DE FARMACEUTICOS UNIDOS PLUSANDEX C.A.,no_match_fuentes,,,,,
37322,ME37101/3,ACETAMINOFEN - HIOSCINA N BUTIL BROMURO 500 MG-10 MG X 20 TABLETAS RE,ACETAMINOFEN - HIOSCINA N BUTIL BROMURO,,TABLETAS,LABORATORIO LA SANTE C.A.,lab_antiguo,cobeca,lab,no,ACETAMINOFEN TAB 500MG X20 PHARME,https://mav.farmaciasaas.com/api/images/articulos/DISTRIBUCION/7537.jpg
37323,ME37101/2,ACETAMINOFEN - HIOSCINA N BUTIL BROMURO 500 MG-10 MG X 10 TABLETAS RE,ACETAMINOFEN - HIOSCINA N BUTIL BROMURO,,TABLETAS,LABORATORIO LA SANTE C.A.,lab_antiguo,cobeca,lab,si,ACETAMINOFEN COMP 500MG X10 LETI,https://mav.farmaciasaas.com/api/images/articulos/DISTRIBUCION/22931.jpg
37324,ME37095,ACETAMINOFEN 500 MG X 20 TABLETAS,ACETAMINOFEN,Acetaminofen,TABLETAS,SM PHARMA C.A.,no_match_fuentes,,,,,
37325,ME40713,ACETAMINOFEN - CLORFENIRAMINA 125 MG - 1 MG / 5 ML JARABE,ACETAMINOFEN - CLORFENIRAMINA,,JARABE,SM PHARMA C.A.,lab_antiguo,cobeca,lab,no,ACETAMINOFEN/CLORF JBE 125/1MG/5ML BIOQ,https://mav.farmaciasaas.com/api/images/articulos/DISTRIBUCION/23925.jpg
37326,ME39115,ACETAMINOFEN - TRAMADOL 325 MG - 37.5 MG X 10 COMPRIMIDOS,ACETAMINOFEN - TRAMADOL,,COMPRIMIDOS,LABORATORIOS SPEFAR VENEZOLANOS S.A.,lab_antiguo,cobeca,lab,no,"ACETAMINOFEN/TRAM TAB 325/37,5 X10 CLX",https://mav.farmaciasaas.com/api/images/articulos/DISTRIBUCION/99582.jpg
37327,ME34148/3,ACETAZOLAMIDA 250 MG X 20 TABLETAS,ACETAZOLAMIDA,Acetazolamida,TABLETAS,EMPRESA LABORATORIOS MEDSOL,no_match_fuentes,,,,,
37328,ME34148/2,ACETAZOLAMIDA 250 MG X 10 TABLETAS,ACETAZOLAMIDA,Acetazolamida,TABLETAS,EMPRESA LABORATORIOS MEDSOL,no_match_fuentes,,,,,
37335,ME43512,ACICLOVIR CREMA 5 %,ACICLOVIR CREMA,Aciclovir - Parafina Blanda - Sodio Hidrogeno Carbonato,CREMA,JIANGXI SYNERGY PHARMACEUTICAL CO. LTD,lab_antiguo,cobeca,lab,no,ACICLOVIR CREM 5% 20G CR DAC,https://mav.farmaciasaas.com/api/images/articulos/DISTRIBUCION/54105.jpg
37336,HO40581,ACICLOVIR 250 MG POLVO LIOFILIZADO PARA SOLUCION INYECTABLE PARA INFUSION INTRAVENOSA,ACICLOVIR,Aciclovir,INYECTABLE,VITALIS S.A.C.I.,no_match_fuentes,,,,,
37337,HO1046,MONARC- M 250 U. 1 X 1 AMPOLLA,MONARC- M,,INYECTABLE,CORPORACION COLIMODIO C.A.,no_match_fuentes,,,,,
37338,ME28634,ACICLOR 200 MG / 5 ML POLVO PARA SUSPENSION,ACICLOR,Aciclovir,POLVO PARA RECONSTITUCION,LABORATORIOS LETI S.A.V.,no_match_fuentes,,,,,
37339,ME26178/3,ACICLOVIR 200 MG X 20 TABLETAS,ACICLOVIR,Aciclovir,TABLETAS,LABORATORIO PIFANO C.A.,no_match_fuentes,,,,,
37340,ME26178/2,ACICLOVIR 200 MG X 10 TABLETAS,ACICLOVIR,Aciclovir,TABLETAS,LABORATORIO PIFANO C.A.,no_match_fuentes,,,,,
37341,ME26178/4,ACICLOVIR 200 MG X 24 TABLETAS,ACICLOVIR,Aciclovir,TABLETAS,LABORATORIO PIFANO C.A.,no_match_fuentes,,,,,
37343,ME42505,ACICLOVIR 400 MG X 100 TABLETAS,ACICLOVIR,Aciclovir,TABLETAS,CAPLIN POINT LABORATORIES LIMITED,no_match_fuentes,,,,,
37344,ME44064,ACICLOVIR 5 % CREMA TOPICA,ACICLOVIR,Aciclovir,SOLUCION TOPICA,CALOX INTERNATIONAL C.A.,no_match_fuentes,,,,,
37346,ME34553/3,ACIDO ACETILSALICILICO 81 MG X 30 TABLETAS CON CUBIERTA ENTERICA,ACIDO ACETILSALICILICO,,TABLETAS,LABORATORIOS L.O. OFTALMI C.A.,no_match_fuentes,,,,,
37347,HO44464,ACIDO ASCORBICO 500 MG / 5 ML SOLUCION INYECTABLE,ACIDO ASCORBICO,Ascorbico Acido,INYECTABLE,GUIZHOU TIANDI PHARMACEUTICAL CO. LTD,lab_antiguo,cobeca,lab,no,ACIDO ASCORBICO AMP 500MG/5MLX10 CR DIST,https://mav.farmaciasaas.com/api/images/articulos/DISTRIBUCION/23088.jpg
37349,ME1457,RESTYLANE PERLANE LIDOCAINA (ACIDO HIALURONICO - LIDOCAINA CLORHIDRATO) 20 MG / ML - 3 MG / ML GEL INYECTABLE,RESTYLANE PERLANE LIDOCAINA (ACIDO HIALURONICO - LIDOCAINA CLORHIDRATO),Hialuronico Acido,INYECTABLE,Q-MED AB.,no_match_fuentes,,,,,
37350,HO3187/3,ACIDO FOLICO 10 MG / ML X 10 AMPOLLAS,ACIDO FOLICO,Folico Acido,INYECTABLE,MEGALABS S.A.,lab_antiguo,cobeca,lab,no,ACIDO FOLICO AMP 10MG/2ML X10 CR DIST,https://mav.farmaciasaas.com/api/images/articulos/DISTRIBUCION/22846.jpg
37352,HO3187/4,ACIDO FOLICO 10 MG / ML X 20 AMPOLLAS,ACIDO FOLICO,Folico Acido,INYECTABLE,MEGALABS S.A.,no_match_fuentes,,,,,
37356,ME4630/2,ACIDO FOLICO 10 MG X 10 COMPRIMIDOS,ACIDO FOLICO,Folico Acido,COMPRIMIDOS,MEGALABS S.A.,lab_antiguo,cobeca,lab,no,ACIDO FOLICO TAB 10MG X10 MEY,https://mav.farmaciasaas.com/api/images/articulos/DISTRIBUCION/20330.jpg
37361,ME37466,FUCIDIN H 20 MG - 10 MG / G CREMA.,FUCIDIN H,Acido Fusidico Hemihidrato,CREMA,LEO LABORATORIES LTD IRLANDA,no_match_fuentes,,,,,
37363,ME23174/2,VALPRON 500 MG X 10 TABLETAS,VALPRON,Valproico Acido,TABLETAS,LABORATORIOS FARMA S.A.,no_match_fuentes,,,,,
37366,ME38066,ACIDO IBANDRONICO 150 MG X 1 TABLETA RECUBIERTA,ACIDO IBANDRONICO,,TABLETAS,CALOX INTERNATIONAL C.A.,no_match_fuentes,,,,,
37367,ME44457,ACTUMIR DUO 12.5 MG-850 MG X 30 TABLETAS RECUBIERTAS,ACTUMIR DUO,Empagliflozina - Metformina,TABLETAS,LABORATORIOS FARMA S.A.,lab_antiguo,cobeca,lab,si,METFORMINA CLORHIDRATO TAB 850MG X30 PLX,https://mav.farmaciasaas.com/api/images/articulos/DISTRIBUCION/53284.jpg
37368,ME43334,ADAPALENO - CLINDAMICINA 0.1 % - 1 % GEL,ADAPALENO - CLINDAMICINA,Adapaleno,GEL,LABORATORIOS SPEFAR VENEZOLANOS S.A.,lab_antiguo,cobeca,lab,no,"ADAPALENO GEL TOP 0,1% 15G HM",https://mav.farmaciasaas.com/api/images/articulos/DISTRIBUCION/52420.jpg
37369,HO34745,ADRENALINA 1 MG / ML X 5 AMPOLLAS,ADRENALINA,Adrenalina,INYECTABLE,LABORATORIO BIOSANO S.A.,no_match_fuentes,,,,,
37374,HO32804,AGUA BIDESTILADA INYECTABLE,AGUA BIDESTILADA INYECTABLE,,INYECTABLE,LABORATORIO COFASA S.A.,lab_antiguo,cobeca,lab,no,AGUA OXIG ALVA AL 3% 1L,https://mav.farmaciasaas.com/api/images/articulos/DISTRIBUCION/28584.jpg
37375,HO1694,AGUA DESTILADA ESTERIL SOLUCION INYECTABLE,AGUA DESTILADA ESTERIL SOLUCION INYECTABLE,,INYECTABLE,LABORATORIOS VALMOR C.A.,lab_antiguo,cobeca,lab,no,AGUA OXIG ALVA AL 3% 1L,https://mav.farmaciasaas.com/api/images/articulos/DISTRIBUCION/28584.jpg
37381,ME43288,ALBENDAZOL 400 MG X 10 TABLETAS MASTICABLES,ALBENDAZOL,Albendazol,TABLETAS,CORAL LABORATORIES LTD,no_match_fuentes,,,,,
37382,ME27081,ALBENDAZOL 400 MG / 10 ML SUSPENSION,ALBENDAZOL,Albendazol,SUSPENSION ORAL,LABORATORIO COFASA S.A.,no_match_fuentes,,,,,
37383,ME40605/2,ALBENDAZOL 200 MG X 2 COMPRIMIDOS,ALBENDAZOL,Albendazol,COMPRIMIDOS,SM PHARMA C.A.,no_match_fuentes,,,,,
37384,ME40605/3,ALBENDAZOL 200 MG X 6 COMPRIMIDOS,ALBENDAZOL,Albendazol,COMPRIMIDOS,SM PHARMA C.A.,no_match_fuentes,,,,,
37391,ME32131,ALENDRONATO SODICO 70 MG X 4 COMPRIMIDOS,ALENDRONATO SODICO,Alendronico Acido,COMPRIMIDOS,LABORATORIOS LETI S.A.V.,lab_antiguo,cobeca,lab,no,ALENDRONATO SOD TAB 70MG X 4 ZUZU,https://mav.farmaciasaas.com/api/images/articulos/DISTRIBUCION/50383.jpg
37399,ME43815,ALIVET 100 MG - 0.42 MG / ML X 10 SOLUCION ORAL,ALIVET,Acetaminofen - Clorfenamina,SOLUCION ORAL,LABORATORIOS LETI S.A.V.,no_match_fuentes,,,,,
37414,ME28493,AMBROXOL CLORHIDRATO 30 MG / 5 ML JARABE,AMBROXOL CLORHIDRATO,Ambroxol,JARABE,LABORATORIO LA SANTE C.A.,lab_y_mol,cobeca,lab|base,no,AMBROXOL/LORATAD JBE 30MG/5MG 120ML BIOQ,https://mav.farmaciasaas.com/api/images/articulos/DISTRIBUCION/26230.jpg
37415,ME29182,CLORHIDRATO DE AMBROXOL 15 MG / 5ML.SOLUCION ORAL,CLORHIDRATO DE AMBROXOL,Ambroxol,SOLUCION ORAL,MEGALABS S.A.,no_match_fuentes,,,,,
37416,ME29181,CLORHIDRATO DE AMBROXOL 30 MG / 5 ML SOLUCION ORAL,CLORHIDRATO DE AMBROXOL,Ambroxol,SOLUCION ORAL,LABORATORIOS KIMICEG C.A.,no_match_fuentes,,,,,
37418,HO23247,AMIKACINA 500 MG / 2 ML X 1 AMPOLLA,AMIKACINA,Amikacina,INYECTABLE,C.A. PRODUCTOS RONAVA,no_match_fuentes,,,,,
37419,HO24946,AMIKACINA 500 MG / 2 ML X 1 AMPOLLA,AMIKACINA,Amikacina,INYECTABLE,LABORATORIOS VALMOR C.A.,no_match_fuentes,,,,,
37420,HO26424,AMIKACINA 100 MG / 2 ML X 10 AMPOLLAS,AMIKACINA,,INYECTABLE,LABORATORIOS VALMOR C.A.,lab_antiguo,cobeca,lab,no,AMIKACINA INY IM/IV 100MG/2ML X10 KMP,https://mav.farmaciasaas.com/api/images/articulos/DISTRIBUCION/53493.jpg
37424,ME30206/4,AMLODIPINA 10 MG X 60 COMPRIMIDOS,AMLODIPINA,Amlodipino,COMPRIMIDOS,LABORATORIOS LETI S.A.V.,lab_antiguo,cobeca,lab,no,AMLODIPINA COMP 10MG X60 DORO,https://mav.farmaciasaas.com/api/images/articulos/DISTRIBUCION/20112.jpg
37425,ME30206/2,AMLODIPINA 10 MG X 10 COMPRIMIDOS,AMLODIPINA,Amlodipino,COMPRIMIDOS,LABORATORIOS LETI S.A.V.,lab_antiguo,cobeca,lab,no,AMLODIPINA TAB 10MG X10 PHARME,https://mav.farmaciasaas.com/api/images/articulos/DISTRIBUCION/2419.jpg
37429,ME39126/2,AMLODIPINA 10 MG X 20 TABLETAS,AMLODIPINA,,TABLETAS,CALOX INTERNATIONAL C.A.,lab_antiguo,cobeca,lab,si,AMLODIPINA TAB 10MG X20 KIMIC,https://mav.farmaciasaas.com/api/images/articulos/DISTRIBUCION/92638.jpg
37433,ME31230,AMLODIPINA 5 MG X 30 TABLETAS,AMLODIPINA,,TABLETAS,LABORATORIO COFASA S.A.,lab_antiguo,cobeca,lab,no,AMLODIPINA TAB 5MG X30 PHARME,https://mav.farmaciasaas.com/api/images/articulos/DISTRIBUCION/99081.jpg
37434,ME40038,AMLODIPINA - VALSARTAN 5 MG - 160 MG X 30 COMPRIMIDOS RECUBIERTOS,AMLODIPINA - VALSARTAN,Amlodipino - Valsartan,COMPRIMIDOS,LABORATORIOS LETI S.A.V.,molecula_mono_combo,cobeca,base,si,AMLODIPINA COMP 5MG X30 LETI,https://mav.farmaciasaas.com/api/images/articulos/DISTRIBUCION/9206.jpg
37435,ME42534,AMOXICILINA - ACIDO CLAVULANICO 250 MG - 62.5 MG / 5 ML POLVO PARA SUSPENSION ORAL,AMOXICILINA - ACIDO CLAVULANICO,Amoxicilina - Clavulanico Acido,POLVO PARA RECONSTITUCION,LABORATORIOS SPEFAR VENEZOLANOS S.A.,lab_antiguo,cobeca,lab,si,AMOXICILINA PVO PED 250MG/5ML 60ML CLX,https://mav.farmaciasaas.com/api/images/articulos/DISTRIBUCION/51378.jpg
37436,ME44341,SINOT CLAV 875 MG – 125 MG X 14 COMPRIMIDOS,SINOT CLAV,Amoxicilina,COMPRIMIDOS,MOMENTA FARMACEUTICA LTDA.,lab_y_mol,cobeca,lab|base,no,AMOXICI/AC CLAV TAB 875/125MG X14 CLX,https://mav.farmaciasaas.com/api/images/articulos/DISTRIBUCION/25805.jpg
37437,ME43309,CLAVULAM 875 MG - 125 MG TABLETAS RECUBIERTAS,CLAVULAM,Amoxicilina - Clavulanico Acido,TABLETAS,LABORATE PHARMACEUTICALS INDIA LTD,no_match_fuentes,,,,,
37438,ME43040,AMOXICILINA 500 MG X 10 CAPSULAS,AMOXICILINA,,CAPSULAS,JIANGXI XIER KANGTAI PHARMACEUTICAL CO. LTD,lab_antiguo,cobeca,lab,no,AMOXICILINA CAP 500MG X 10 DISTR,https://mav.farmaciasaas.com/api/images/articulos/DISTRIBUCION/30058.jpg
37439,ME44669,AMOXICILINA - ACIDO CLAVULANICO 500 MG - 125 MG X 10 TABLETAS RECUBIERTAS,AMOXICILINA - ACIDO CLAVULANICO,,TABLETAS,SARTHI PHARMA,lab_antiguo,cobeca,lab,no,AMOXICILINA/AC CLAV TAB 500/125MGX10 ADN,https://mav.farmaciasaas.com/api/images/articulos/DISTRIBUCION/53232.jpg
37440,ME20340/3,AMOXICILINA 500 MG X 10 CAPSULAS,AMOXICILINA,Amoxicilina,CAPSULAS,CALOX INTERNATIONAL C.A.,no_match_fuentes,,,,,
37441,ME20340/4,AMOXICILINA 500 MG X 12 CAPSULAS,AMOXICILINA,Amoxicilina,CAPSULAS,CALOX INTERNATIONAL C.A.,no_match_fuentes,,,,,
37442,ME20340/2,AMOXICILINA 500 MG X 6 CAPSULAS,AMOXICILINA,Amoxicilina,CAPSULAS,CALOX INTERNATIONAL C.A.,no_match_fuentes,,,,,
37445,ME20104,AMOXICILINA 125 MG / 5 ML POLVO PARA SUSPENSION,AMOXICILINA,Amoxicilina,POLVO PARA RECONSTITUCION,CALOX INTERNATIONAL C.A.,no_match_fuentes,,,,,
37446,ME23745,AMOXICILINA 125 MG / 5 ML SUSPENSION,AMOXICILINA,,SUSPENSION ORAL,SM PHARMA C.A.,lab_antiguo,cobeca,lab,no,AMOXICILINA SUSP 125MG/5ML BIU,https://mav.farmaciasaas.com/api/images/articulos/DISTRIBUCION/26127.jpg
37447,ME25639,AMOXICILINA 250 MG / 5 ML POLVO PARA SUSPENSION,AMOXICILINA,Amoxicilina,POLVO PARA RECONSTITUCION,SYNTOFARMA S.A.,no_match_fuentes,,,,,
37451,ME37262,AMOXIVAL 750 ML / 5 ML POLVO PARA SUSPENSION ORAL,AMOXIVAL,Amoxicilina,POLVO PARA RECONSTITUCION,LABORATORIOS VALMOR C.A.,no_match_fuentes,,,,,
37452,ME22089,AMOXIVAL 250 MG / 5 ML POLVO PARA SUSPENSION ORAL,AMOXIVAL,Amoxicilina,POLVO PARA RECONSTITUCION,LABORATORIOS VALMOR C.A.,lab_antiguo,cobeca,lab,si,AMOXICILINA PVO PED 250MG/5ML 60ML CLX,https://mav.farmaciasaas.com/api/images/articulos/DISTRIBUCION/51378.jpg
37454,ME24809,AMPICILINA 250 MG / 5 ML POLVO PARA SUSPENSION ORAL,AMPICILINA,Ampicilina,POLVO PARA RECONSTITUCION,SM PHARMA C.A.,no_match_fuentes,,,,,
37463,ME42609,ANASTROZOL 1 MG X 30 TABLETAS RECUBIERTAS,ANASTROZOL,Anastrozol,TABLETAS,SALUTAS PHARMA GMBH.,no_match_fuentes,,,,,
37471,ME43410/2,ANTAAR 1.25 MG X 10 TABLETAS RECUBIERTAS,ANTAAR,,TABLETAS,CALOX INTERNATIONAL C.A.,no_match_fuentes,,,,,
37474,ME40266,ANTILAX PLUS 2 MG - 125 MG X 10 CAPSULAS,ANTILAX PLUS,,CAPSULAS,LABORATORIOS FARMA S.A.,no_match_fuentes,,,,,
37476,ME42864,APIRET 120 MG / 5 ML SOLUCION ORAL,APIRET,,SOLUCION ORAL,LABORATORIOS L.O. OFTALMI C.A.,no_match_fuentes,,,,,
37477,ME42860,APIRET 160 MG / 5 ML SOLUCION ORAL,APIRET,,SOLUCION ORAL,LABORATORIOS L.O. OFTALMI C.A.,no_match_fuentes,,,,,
37479,ME42943,APIRETFLU DIA X 6 GRANULADO,APIRETFLU DIA X,Acetaminofen - Cafeina,GRANULADOS,LABORATORIOS L.O. OFTALMI C.A.,molecula_mono_combo,cobeca,base,si,APIRETFLU SOB 8G NOCH MIEL/LIMON X6 LO,https://mav.farmaciasaas.com/api/images/articulos/DISTRIBUCION/51431.jpg
37480,ME44489,APITENA 2.5 MG X 30 COMPRIMIDOS RECUBIERTOS,APITENA,Apixaban,COMPRIMIDOS,FARMACEUTICA PARAGUAYA S.A.,lab_antiguo,cobeca,lab,no,APIXABAN TAB/REC 2.5MG X 30 MT,https://mav.farmaciasaas.com/api/images/articulos/DISTRIBUCION/30329.jpg
37481,ME43847,APIBLOTAN 5 MG X 60 TABLETAS RECUBIERTAS,APIBLOTAN,Apixaban,TABLETAS,SYNOKEM PHARMACEUTICALS LIMITED,no_match_fuentes,,,,,
37485,ME37211/2,ARANDA 2.5 MG - 50 MG X 10 CAPSULAS,ARANDA,Losartan,CAPSULAS,ACHE LABORATORIOS FARMACEUTICOS S.A.,lab_antiguo,farmanselmo,lab,no,ARANDA AMLODIPINA+LOSARTAN POTASICO 2.5MG/50MG x10 CAPSULAS FARMA (E),https://pccentro.net.ve/img/s/7/5/0/7/6/75076-large_default.webp
37486,ME37211/3,ARANDA 2.5 MG - 50 MG X 30 CAPSULAS,ARANDA,Losartan,CAPSULAS,ACHE LABORATORIOS FARMACEUTICOS S.A.,solo_farmanselmo,farmanselmo,lab,no,ARANDA AMLODIPINA+LOSARTAN POTASICO 2.5MG+50MG x30 CAPSULAS FARMA (E),https://pccentro.net.ve/img/s/1/8/5/4/6/18546-large_default.webp
37487,ME37212,ARANDA 5 MG - 100 MG X 10 CAPSULAS,ARANDA,Losartan,CAPSULAS,ACHE LABORATORIOS FARMACEUTICOS S.A.,solo_farmanselmo,farmanselmo,lab,no,ARANDA AMLODIPINA+LOSARTAN POTASICO 5MG/100MG x10 CAPSULAS FARMA (E),https://pccentro.net.ve/img/s/7/5/0/6/8/75068-large_default.webp
37502,ME31150,ASCAFYL PLUS X 10 TABLETAS RECUBIERTAS,ASCAFYL PLUS X,Acetaminofen - Cafeina,TABLETAS,LABORATORIOS SIEGFRIED S.A.,molecula_mono_combo,cobeca,base,no,ASCAFYL PLUS TAB X10 MEY,https://mav.farmaciasaas.com/api/images/articulos/DISTRIBUCION/588.jpg
37503,ME17492,ASCAFYL X 10 TABLETAS RECUBIERTAS,ASCAFYL X,Acetaminofen - Cafeina,TABLETAS,LABORATORIOS SIEGFRIED S.A.,molecula_mono_combo,cobeca,base,no,ASCAFYL PLUS TAB X10 MEY,https://mav.farmaciasaas.com/api/images/articulos/DISTRIBUCION/588.jpg
37510,ME43445,ATAPEC 100 MG X 30 TABLETAS RECUBIERTAS,ATAPEC,,TABLETAS,TITAN LABORATORIES PVT. LTD.,lab_antiguo,cobeca,lab,no,ATAPEC TAB 100MG X30 FC,https://mav.farmaciasaas.com/api/images/articulos/DISTRIBUCION/25050.jpg
37512,ME25816,ATENOLOL 100 MG X 30 TABLETAS,ATENOLOL,Atenolol,TABLETAS,CALOX INTERNATIONAL C.A.,no_match_fuentes,,,,,
37513,ME25817,ATENOLOL 50 MG X 30 TABLETAS,ATENOLOL,Atenolol,TABLETAS,CALOX INTERNATIONAL C.A.,no_match_fuentes,,,,,
37514,ME25982,ATENOLOL 50 MG X 30 COMPRIMIDOS,ATENOLOL,Atenolol,COMPRIMIDOS,LABORATORIOS LETI S.A.V.,no_match_fuentes,,,,,
37516,ME39468/3,ATORVACOF 20 MG X 30 TABLETAS RECUBIERTAS,ATORVACOF,Atorvastatina,TABLETAS,LABORATORIO COFASA S.A.,lab_antiguo,cobeca,lab,no,ATORVASTATINA TAB REC 20MG X30 PHARME,https://mav.farmaciasaas.com/api/images/articulos/DISTRIBUCION/22227.jpg
37518,ME32690/3,ATORVASTATINA 20 MG X 14 COMPRIMIDOS RECUBIERTOS,ATORVASTATINA,Atorvastatina,COMPRIMIDOS,LABORATORIOS LETI S.A.V.,no_match_fuentes,,,,,
37522,ME37775,ATORVASTATINA 20 MG X 30 TABLETAS RECUBIERTAS,ATORVASTATINA,,TABLETAS,EMPRESA LABORATORIOS MEDSOL,lab_antiguo,cobeca,lab,no,ATORVASTATINA TAB REC 20MG X30 PHARME,https://mav.farmaciasaas.com/api/images/articulos/DISTRIBUCION/22227.jpg
37523,ME35340/3,ATORVASTATINA 40 MG X 30 TABLETAS RECUBIERTAS,ATORVASTATINA,Atorvastatina,TABLETAS,LABORATORIOS FARMA S.A.,no_match_fuentes,,,,,
37524,ME35340/2,ATORVASTATINA 40 MG X 14 TABLETAS RECUBIERTAS,ATORVASTATINA,Atorvastatina,TABLETAS,LABORATORIOS FARMA S.A.,no_match_fuentes,,,,,
37532,ME29902,AUGMENTIN BID 875 MG - 125 MG TABLETAS RECUBIERTAS,AUGMENTIN BID,Amoxicilina - Clavulanico Acido,TABLETAS,SMITHKLINE BEECHAM LIMITED,lab_antiguo,cobeca,lab,no,AUGMENTIN TAB 875MG/125MG X 14 GSK,https://mav.farmaciasaas.com/api/images/articulos/DISTRIBUCION/92934.jpg
37544,ME31564/3,AZITROMICINA 500 MG X 5 COMPRIMIDOS RECUBIERTOS,AZITROMICINA,Azitromicina,COMPRIMIDOS,LABORATORIOS SPEFAR VENEZOLANOS S.A.,no_match_fuentes,,,,,
37545,ME31564/2,AZITROMICINA 500 MG X 3 COMPRIMIDOS RECUBIERTOS,AZITROMICINA,Azitromicina,COMPRIMIDOS,LABORATORIOS SPEFAR VENEZOLANOS S.A.,no_match_fuentes,,,,,
37546,ME42509,AZITROMICINA 200 MG / 5 ML SUSPENSION ORAL,AZITROMICINA,Azitromicina,SUSPENSION ORAL,COOPER PHARMA LTD,no_match_fuentes,,,,,
37547,ME42465,AZITROMICINA 500 MG X 5 TABLETAS RECUBIERTAS,AZITROMICINA,,TABLETAS,COOPER PHARMA LTD,lab_antiguo,cobeca,lab,si,AZITROMICINA COMP 500MG X5 LETI,https://mav.farmaciasaas.com/api/images/articulos/DISTRIBUCION/6090.jpg
37549,ME1645,BACITRACINA 125 MG / 15 G UNGUENTO,BACITRACINA,Bacitracina,UNGUENTO,PFIZER VENEZUELA S.A.,no_match_fuentes,,,,,
37550,ME20140,BACITRACINA 500 UI - G UNGUENTO,BACITRACINA,Bacitracina,UNGUENTO,C.A. PRODUCTOS RONAVA,no_match_fuentes,,,,,
37563,ME33045/2,BENZODIAZOL 0.25 MG - 5 MG X 4 PASTILLAS SABOR A TUTTI FRUTTI,BENZODIAZOL,,PASTILLA,LABORATORIOS SIEGFRIED S.A.,no_match_fuentes,,,,,
37566,ME26475,BETADINE 8 % SOLUCION TOPICO BUCAL,BETADINE,,SOLUCION TOPICA,LABORATORIOS FARMA S.A.,no_match_fuentes,,,,,
37567,ME37878,BETADUO 6.430 MG - 2.631 MG / ML X 1 AMPOLLA,BETADUO,,INYECTABLE,PHARMAYECT S.A.,no_match_fuentes,,,,,
37570,ME16115,BETAGEN SOLSPEN X 1 AMPOLLA,BETAGEN SOLSPEN X,,INYECTABLE,BIOTECH LABORATORIOS C.A.,foto_en_ledger,cobeca,,si,BETAGEN SOL INY 12MG/3ML X1 BIOTECH,https://mav.farmaciasaas.com/api/images/articulos/DISTRIBUCION/13138.jpg
37573,HO36271/2,BETAMETASONA 4 MG / ML X 1 AMPOLLA,BETAMETASONA,Betametasona,INYECTABLE,PHARMAYECT S.A.,no_match_fuentes,,,,,
37574,HO36271/3,BETAMETASONA 4 MG / ML X 10 AMPOLLAS,BETAMETASONA,Betametasona,INYECTABLE,PHARMAYECT S.A.,no_match_fuentes,,,,,
37575,ME22866,BEXILON 4 MG / 5 ML JARABE,BEXILON,,JARABE,LABORATORIO PLUSANDEX DE FARMACEUTICOS UNIDOS PLUSANDEX C.A.,no_match_fuentes,,,,,
37576,ME42551,BILOL 2.5 MG X 10 TABLETAS RECUBIERTAS,BILOL,,TABLETAS,SWISS PARENTERALS LTD,no_match_fuentes,,,,,
37586,ME44259/2,BIPROLIL HCT 5 MG - 6.25 MG X 15 COMPRIMIDOS RECUBIERTOS,BIPROLIL HCT,Bisoprolol - Hidroclorotiazida,COMPRIMIDOS,LABORATORIOS VARGAS S.A.,no_match_fuentes,,,,,
37587,ME43626,BISACODILO 5 MG X 10 TABLETAS GASTRORRESISTENTES,BISACODILO,Bisacodilo,TABLETAS,SG HEALTHCARE PVT. LTD.,no_match_fuentes,,,,,
37591,ME36891,BISOPROLOL FUMARATO - HIDROCLOROTIAZIDA 5 MG - 6.25 MG X 30 TABLETAS,BISOPROLOL FUMARATO - HIDROCLOROTIAZIDA,Bisoprolol - Hidroclorotiazida,TABLETAS,CALOX INTERNATIONAL C.A.,molecula_mono_combo,cobeca,base,si,BISOPROLOL TAB 5MG X 30 CALOX,https://mav.farmaciasaas.com/api/images/articulos/DISTRIBUCION/97001.jpg
37592,ME42421,BISOPROLOL FUMARATO 10 MG X 30 COMPRIMIDOS RECUBIERTOS,BISOPROLOL FUMARATO,Bisoprolol,COMPRIMIDOS,LABORATORIOS SPEFAR VENEZOLANOS S.A.,lab_antiguo,cobeca,lab,no,BISOPROLOL TAB 10MG X30 ANG/H,https://mav.farmaciasaas.com/api/images/articulos/DISTRIBUCION/21371.jpg
37594,ME44328,BISOPROLOL FUMARATO 5 MG X 30 TABLETAS RECUBIERTAS,BISOPROLOL FUMARATO,Bisoprolol,TABLETAS,RONALD PHARMACEUTICALS PVT. LTD.,lab_antiguo,cobeca,lab,no,BISOPROLOL FUMARATO COMP 5MG X30 LETI,https://mav.farmaciasaas.com/api/images/articulos/DISTRIBUCION/98668.jpg
37595,ME43390,BISOPROLOL FUMARATO 1.25 MG X 15 TABLETAS RECUBIERTAS,BISOPROLOL FUMARATO,,TABLETAS,SYNOKEM PHARMACEUTICALS LIMITED,no_match_fuentes,,,,,
37604,ME35864,BRASARTAN 160 MG X 30 TABLETAS RECUBIERTAS,BRASARTAN,Valsartan,TABLETAS,LABORATORIOS FARMA S.A.,lab_antiguo,cobeca,lab,no,VALSARTAN TAB REC 160MG X30 ANG/H,https://mav.farmaciasaas.com/api/images/articulos/DISTRIBUCION/52911.jpg
37614,ME26069,CLORHIDRATO DE BROMEXINA 8 MG / 5 ML JARABE.,CLORHIDRATO DE BROMEXINA,Bromhexina,JARABE,LABORATORIOS SPEFAR VENEZOLANOS S.A.,lab_antiguo,cobeca,lab,no,BROMEXINA JBE 8MG/5ML 120ML ADN,https://mav.farmaciasaas.com/api/images/articulos/DISTRIBUCION/27452.jpg
37615,ME40260,BROMEXINA CLORHIDRATO 4 MG / 5 ML JARABE,BROMEXINA CLORHIDRATO,,JARABE,SM PHARMA C.A.,lab_antiguo,cobeca,lab,no,BROMEXINA JBE 4MG/5ML 120ML BIOQ,https://mav.farmaciasaas.com/api/images/articulos/DISTRIBUCION/14190.jpg
37616,ME35158,BROMHEXINA CLORHIDRATO 8 MG / 5 ML JARABE,BROMHEXINA CLORHIDRATO,,JARABE,LABORATORIOS SPEFAR VENEZOLANOS S.A.,lab_antiguo,cobeca,lab,no,BROMHEXINA JBE PED4MG/5ML 120ML PHARME,https://mav.farmaciasaas.com/api/images/articulos/DISTRIBUCION/11549.jpg
37617,ME36318,BROMHEXINA CLORHIDRATO 8 MG / 5 ML JARABE,BROMHEXINA CLORHIDRATO,,JARABE,LABORATORIO BIOGALENIC C.A.,lab_antiguo,cobeca,lab,no,BROMHEXINA JBE PED4MG/5ML 120ML PHARME,https://mav.farmaciasaas.com/api/images/articulos/DISTRIBUCION/11549.jpg
37624,ME29895,BRUGESIC PLUS 600 MG X 10 POLVO PARA SOLUCION ORAL,BRUGESIC PLUS,Ibuprofeno,POLVO PARA RECONSTITUCION,LABORATORIOS ELMOR S.A.,no_match_fuentes,,,,,
37632,HO43908,BUPIVACAINA 50 MG / 10 ML SOLUCION INYECTABLE,BUPIVACAINA,Bupivacaina,INYECTABLE,MEDVAL C.A.,no_match_fuentes,,,,,
37634,ME43035/2,BUTAL 8 MG X 10 TABLETAS RECUBIERTAS,BUTAL,Betahistina,TABLETAS,LABORATORIOS SIEGFRIED S.A.,no_match_fuentes,,,,,
37637,ME30197,CALCIBON 200 MG X 30 TABLETAS RECUBIERTOS,CALCIBON,,TABLETAS,LABORATORIOS FARMA S.A.,no_match_fuentes,,,,,
37638,ME42932/4,VITAMINA C - ZINC 500 MG - 15 MG X 60 TABLETAS MASTICABLES SABOR A MANDARINA,VITAMINA C - ZINC,Ascorbico Acido - Zinc,TABLETAS,BIONUTREC S.A.S.,lab_antiguo,cobeca,lab,no,HYDRORAL PRO + ZINC 500ML BIOF,https://mav.farmaciasaas.com/api/images/articulos/DISTRIBUCION/53564.jpg
37639,ME42932/3,VITAMINA C - ZINC 500 MG - 15 MG X 30 TABLETAS MASTICABLES SABOR A MANDARINA,VITAMINA C - ZINC,Ascorbico Acido - Zinc,TABLETAS,BIONUTREC S.A.S.,lab_antiguo,cobeca,lab,no,HYDRORAL PRO + ZINC 500ML BIOF,https://mav.farmaciasaas.com/api/images/articulos/DISTRIBUCION/53564.jpg
37640,ME42932/2,VITAMINA C - ZINC 500 MG - 15 MG X 10 TABLETAS MASTICABLES SABOR A MANDARINA,VITAMINA C - ZINC,Ascorbico Acido - Zinc,TABLETAS,BIONUTREC S.A.S.,lab_antiguo,cobeca,lab,no,VIT C/ZINC TAB MAST 500/15MG X10 PHARME,https://mav.farmaciasaas.com/api/images/articulos/DISTRIBUCION/52152.jpg
37648,ME25320,CAMPAL 50 MG X 20 TABLETAS ENTERICAS,CAMPAL,,TABLETAS,LABORATORIOS SIEGFRIED S.A.,no_match_fuentes,,,,,
37650,ME40363/2,CANDER HCT 16 MG - 12.5 MG X 10 TABLETAS,CANDER HCT,,TABLETAS,LABORATORIOS VALMOR C.A.,no_match_fuentes,,,,,
37655,ME43341,CANDESARTAN CILETEXILO – HIDROCLOROTIAZIDA 8 MG – 12.5 MG TABLETAS RECUBIERTAS,CANDESARTAN CILETEXILO – HIDROCLOROTIAZIDA,,TABLETAS,MASCOT HEALTH SERIES PVT. LTD.,no_match_fuentes,,,,,
37663,ME37841,CANDESARTAN 8 MG X 30 TABLETAS,CANDESARTAN,,TABLETAS,LABORATORIO LA SANTE C.A.,lab_antiguo,cobeca,lab,no,CANDESARTAN TAB 8MG X30 PHARME,https://mav.farmaciasaas.com/api/images/articulos/DISTRIBUCION/23944.jpg
37665,ME40335,CANFIR 500 MG X 30 COMPRIMIDOS RECUBIERTOS DE LIBERACION PROLONGADA,CANFIR,,COMPRIMIDOS,LABORATORIOS LETI S.A.V.,no_match_fuentes,,,,,
37668,MI1290,OXIGENO MEDICINAL,OXIGENO MEDICINAL,,,AGA GAS C.A.,lab_antiguo,cobeca,lab,no,CANULA D/OXIGENO PLUSMEDIC NASAL PED,https://mav.farmaciasaas.com/api/images/articulos/DISTRIBUCION/21775.jpg
37670,ME25978/2,CAPTOPRIL 25 MG X 20 COMPRIMIDOS,CAPTOPRIL,Captopril,COMPRIMIDOS,LABORATORIOS LETI S.A.V.,no_match_fuentes,,,,,
37671,ME25738/2,CAPTOPRIL 25 MG X 20 TABLETAS,CAPTOPRIL,Captopril,TABLETAS,CALOX INTERNATIONAL C.A.,no_match_fuentes,,,,,
37676,ME24815/2,CARBAMAZEPINA 200 MG X 10 COMPRIMIDOS,CARBAMAZEPINA,Carbamazepina,COMPRIMIDOS,LABORATORIOS VALMOR C.A.,no_match_fuentes,,,,,
37677,ME24815/3,CARBAMAZEPINA 200 MG X 20 COMPRIMIDOS,CARBAMAZEPINA,Carbamazepina,COMPRIMIDOS,LABORATORIOS VALMOR C.A.,no_match_fuentes,,,,,
37678,ME28957,CARBAMAZEPINA 200 MG X 30 TABLETAS,CARBAMAZEPINA,Carbamazepina,TABLETAS,ESPROMED BIO C.A.,no_match_fuentes,,,,,
37679,ME43783,CARBAMAZEPINA 200 MG X 30 TABLETAS,CARBAMAZEPINA,Carbamazepina,TABLETAS,JIANGXI SYNERGY PHARMACEUTICAL CO. LTD,no_match_fuentes,,,,,
37680,ME43998,CARBAMAZEPINA 400 MG X 30 TABLETAS,CARBAMAZEPINA,Carbamazepina,TABLETAS,BRAWN LABORATORIES LIMITED,no_match_fuentes,,,,,
37682,ME33422/2,CARBATIL 12.5 MG X 10 TABLETAS,CARBATIL,Carvedilol,TABLETAS,BIOTECH LABORATORIOS C.A.,no_match_fuentes,,,,,
37685,ME1642,CARBONATO DE LITIO 300 MG X 20 CAPSULAS,CARBONATO DE LITIO,Litio,CAPSULAS,INDUSTRIAS DE MEDICAMENTOS GENERICOS R.X. C.A.,lab_antiguo,cobeca,lab,si,CARBONATO D/LITIO CAP 300MG X20 BIOTECH,https://mav.farmaciasaas.com/api/images/articulos/DISTRIBUCION/4553.jpg
37692,ME38916/3,CARVEDILOL 6.5 MG X 15 TABLETAS,CARVEDILOL,Carvedilol,TABLETAS,OKASA PHARMA PVT LTDA.,no_match_fuentes,,,,,
37693,ME38916/6,CARVEDILOL 6.5 MG X 30 TABLETAS,CARVEDILOL,Carvedilol,TABLETAS,OKASA PHARMA PVT LTDA.,no_match_fuentes,,,,,
37694,ME38916/4,CARVEDILOL 6.5 MG X 20 TABLETAS,CARVEDILOL,Carvedilol,TABLETAS,OKASA PHARMA PVT LTDA.,no_match_fuentes,,,,,
37695,ME38916/2,CARVEDILOL 6.5 MG X 14 TABLETAS,CARVEDILOL,Carvedilol,TABLETAS,OKASA PHARMA PVT LTDA.,no_match_fuentes,,,,,
37696,ME38916/5,CARVEDILOL 6.5 MG X 28 TABLETAS,CARVEDILOL,Carvedilol,TABLETAS,OKASA PHARMA PVT LTDA.,no_match_fuentes,,,,,
37698,ME31748/2,CARVEDILOL 25 MG X 15 COMPRIMIDOS,CARVEDILOL,Carvedilol,COMPRIMIDOS,LABORATORIOS LETI S.A.V.,no_match_fuentes,,,,,
37704,ME30368,CEFADROXILO 500 MG X 10 CAPSULAS,CEFADROXILO,,CAPSULAS,FARMACOOP LTDA.,lab_antiguo,cobeca,lab,si,CEFADROXILO CAP 500MG X10 LETI,https://mav.farmaciasaas.com/api/images/articulos/DISTRIBUCION/22822.jpg
37705,ME27532,CEFADROXILO 500 MG X 10 CAPSULAS,CEFADROXILO,Cefadroxilo,CAPSULAS,SYNTOFARMA S.A.,no_match_fuentes,,,,,
37707,ME31345,CEFADROXILO 250 MG / 5 ML POLVO PARA SUSPENSION ORAL,CEFADROXILO,Cefadroxilo,POLVO PARA RECONSTITUCION,SYNTOFARMA S.A.,no_match_fuentes,,,,,
37708,ME42857,CEFADROXILO 500 MG X 10 TABLETAS,CEFADROXILO,Cefadroxilo,TABLETAS,MARS REMEDIES PVT. LTD.,no_match_fuentes,,,,,
37709,ME40269,CEFALEXINA 125 MG / 5 ML POLVO PARA SUSPENSION ORAL,CEFALEXINA,Cefalexina,POLVO PARA RECONSTITUCION,"EMPRESA FARMACEUTICA ""8 DE MARZO""",no_match_fuentes,,,,,
37711,HO44435,CEFAZOLINA 1 G X 10 AMPOLLAS,CEFAZOLINA,Cefazolina,INYECTABLE,FARMALOGICA S.A.,no_match_fuentes,,,,,
37713,ME40063,CEFIXIMA 100 MG / 5 ML POLVO PARA SUSPENSION ORAL,CEFIXIMA,Cefixima,POLVO PARA RECONSTITUCION,LABORATORIOS LETI S.A.V.,no_match_fuentes,,,,,
37714,ME44329,CEFIXIMA 400 MG X 5 TABLETAS RECUBIERTAS,CEFIXIMA,Cefixima,TABLETAS,CALOX INTERNATIONAL C.A.,no_match_fuentes,,,,,
37715,ME44129,CEFIXIMA 400 MG X 10 TABLETAS DISPERSABLES,CEFIXIMA,Cefixima,TABLETAS,BAROQUE PHARMACEUTICALS PVT. LTD.,no_match_fuentes,,,,,
37717,HO43171,CEFOPERAZONA - SULBACTAM 1 G - 0.5 G X 1 AMPOLLA,CEFOPERAZONA - SULBACTAM,Sulbactam,INYECTABLE,REYOUNG PHARMACEUTICAL CO. LTD,no_match_fuentes,,,,,
37718,ME43917,CEFOTAS 500 MG X 20 CAPSULAS,CEFOTAS,Cefadroxilo,CAPSULAS,SYNTOFARMA S.A.,no_match_fuentes,,,,,
37719,HO33864,CEFTRIAXONA 1 G X 1 AMPOLLA,CEFTRIAXONA,,INYECTABLE,VITALIS S.A.C.I.,lab_antiguo,cobeca,lab,no,CEFTRIAXONA AMP IM/IV 1G X1 CR GM,https://mav.farmaciasaas.com/api/images/articulos/DISTRIBUCION/51473.jpg
37720,HO29420,CEFTRIAXONA 1 G POLVO PARA SOLUCION INYECTABLE,CEFTRIAXONA,Ceftriaxona,INYECTABLE,"EMPRESA FARMACEUTICA ""8 DE MARZO""",no_match_fuentes,,,,,
37722,ME41586,CELECOXIB 200 MG X 10 CAPSULAS,CELECOXIB,Celecoxib,CAPSULAS,CALOX INTERNATIONAL C.A.,no_match_fuentes,,,,,
37727,ME42717,CETIRIZINA CLORHIDRATO 10 MG X 10 TABLETAS RECUBIERTAS,CETIRIZINA CLORHIDRATO,Cetirizina,TABLETAS,CADILA PHARMACEUTICALS LIMITED,lab_antiguo,cobeca,lab,si,CETIRIZINA COMP 10MG X10 LETI,https://mav.farmaciasaas.com/api/images/articulos/DISTRIBUCION/11497.jpg
37730,ME44603,CETIRIZINA 5 MG / 5 ML SOLUCION ORAL,CETIRIZINA,Cetirizina,SOLUCION ORAL,ANTILA LIFESCIENCES PVT. LTD. (GANDHINAGAR),no_match_fuentes,,,,,
37734,ME33334/2,VITAMINA C 500 MG X 15 TABLETAS MASTICABLES SABOR A PINA,VITAMINA C,,TABLETAS,CALOX INTERNATIONAL C.A.,no_match_fuentes,,,,,
37735,ME33334/3,VITAMINA C 500 MG X 30 TABLETAS MASTICABLES SABOR A PINA,VITAMINA C,,TABLETAS,CALOX INTERNATIONAL C.A.,no_match_fuentes,,,,,
37742,HO9190,CIFARCAINA AL 2 % X 2 AMPOLLAS,CIFARCAINA AL,,INYECTABLE,LABORATORIO BEHRENS C.A.,no_match_fuentes,,,,,
37744,ME43391,CILOSTAZOL 50 MG X 30 TABLETAS RECUBIERTAS,CILOSTAZOL,Cilostazol,TABLETAS,RONALD PHARMACEUTICALS PVT. LTD.,no_match_fuentes,,,,,
37745,ME42967,CILOSTAZOL 100 MG X 30 TABLETAS,CILOSTAZOL,Cilostazol,TABLETAS,WEST-COAST PHARMACEUTICAL WORKS LTD,no_match_fuentes,,,,,
37749,ME39629,PROFITIP 100 MG X 30 TABLETAS,PROFITIP,,TABLETAS,MACLEODS PHARMACEUTICALS LTD,no_match_fuentes,,,,,
37751,ME28283/3,CIPROFLOXACINA 500 MG X 14 TABLETAS RECUBIERTAS,CIPROFLOXACINA,,TABLETAS,LABORATORIO LA SANTE C.A.,lab_antiguo,cobeca,lab,si,CIPROFLOXACINA COMP REC 500 X14 LETI,https://mav.farmaciasaas.com/api/images/articulos/DISTRIBUCION/51885.jpg
37752,ME28283/2,CIPROFLOXACINA 500 MG X 6 TABLETAS RECUBIERTAS,CIPROFLOXACINA,,TABLETAS,LABORATORIO LA SANTE C.A.,lab_antiguo,cobeca,lab,no,CIPROFLOXACINA TAB 500MG X6 ALESS,https://mav.farmaciasaas.com/api/images/articulos/DISTRIBUCION/20511.jpg
37753,HO44719,CIPROFLOXACINA 200 MG / 100 ML SOLUCION INYECTABLE,CIPROFLOXACINA,,INYECTABLE,SHIJIAZHUANG NO 4 PHARMACEUTICAL CO. LTD,lab_antiguo,cobeca,lab,no,CIPROFLOXACINA INF INY200MG/100ML CRDIST,https://mav.farmaciasaas.com/api/images/articulos/DISTRIBUCION/21337.jpg
37754,HO44679,CIPROFLOXACINA INFUSION 0.2 G / 100 ML SOLUCION PARA INFUSION INTRAVENOSA,CIPROFLOXACINA INFUSION,Ciprofloxacino,INYECTABLE,U SQUARE LIFESCIENCE PVT. LTD.,lab_antiguo,cobeca,lab,no,CIPROFLOXACINA INF INY200MG/100ML CRDIST,https://mav.farmaciasaas.com/api/images/articulos/DISTRIBUCION/21337.jpg
37755,ME27827/4,CIPROFLOXACINA 500 MG X 10 TABLETAS RECUBIERTAS,CIPROFLOXACINA,,TABLETAS,CALOX INTERNATIONAL C.A.,lab_antiguo,cobeca,lab,no,CIPROFLOXACINA TAB 500MG X10 CR DAC,https://mav.farmaciasaas.com/api/images/articulos/DISTRIBUCION/20945.jpg
37756,ME27827/3,CIPROFLOXACINA 500 MG X 6 TABLETAS RECUBIERTAS,CIPROFLOXACINA,,TABLETAS,CALOX INTERNATIONAL C.A.,lab_antiguo,cobeca,lab,no,CIPROFLOXACINA TAB 500MG X6 ALESS,https://mav.farmaciasaas.com/api/images/articulos/DISTRIBUCION/20511.jpg
37758,ME27827/2,CIPROFLOXACINA 500 MG X 5 TABLETAS RECUBIERTAS,CIPROFLOXACINA,,TABLETAS,CALOX INTERNATIONAL C.A.,no_match_fuentes,,,,,
37759,ME26487/3,CIPROFLOXACINA 500 MG X 10 COMPRIMIDOS RECUBIERTOS,CIPROFLOXACINA,,COMPRIMIDOS,LABORATORIOS LETI S.A.V.,lab_antiguo,cobeca,lab,no,CIPROFLOXACINA TAB 500MG X10 CR DAC,https://mav.farmaciasaas.com/api/images/articulos/DISTRIBUCION/20945.jpg
37760,ME26487/2,CIPROFLOXACINA 500 MG X 6 COMPRIMIDOS RECUBIERTOS,CIPROFLOXACINA,,COMPRIMIDOS,LABORATORIOS LETI S.A.V.,lab_antiguo,cobeca,lab,no,CIPROFLOXACINA TAB 500MG X6 ALESS,https://mav.farmaciasaas.com/api/images/articulos/DISTRIBUCION/20511.jpg
37761,ME42422,CIPROFLOXACINO 500 MG X 10 TABLETAS RECUBIERTAS,CIPROFLOXACINO,Ciprofloxacino,TABLETAS,SWISS PARENTERALS LTD,no_match_fuentes,,,,,
37763,ME35266,CITALOPRAM 40 MG X 10 TABLETAS RECUBIERTAS,CITALOPRAM,Citalopram,TABLETAS,CALOX INTERNATIONAL C.A.,no_match_fuentes,,,,,
37766,ME36822/3,CITRATO DE CALCIO 1190 MG X 60 TABLETAS MASTICABLES SABOR A MANDARINA,CITRATO DE CALCIO,,TABLETAS,CALOX INTERNATIONAL C.A.,no_match_fuentes,,,,,
37767,ME36822/2,CITRATO DE CALCIO 1190 MG X 30 TABLETAS MASTICABLES SABOR A MANDARINA,CITRATO DE CALCIO,,TABLETAS,CALOX INTERNATIONAL C.A.,lab_antiguo,cobeca,lab,no,CITRATO D/CA + VIT D3 TAB X30 G PHAR,https://mav.farmaciasaas.com/api/images/articulos/DISTRIBUCION/23439.jpg
37768,ME33790,CALCITREX D3 1500 MG - 200 UI X 30 TABLETAS,CALCITREX,,TABLETAS,LABORATORIOS L.O. OFTALMI C.A.,no_match_fuentes,,,,,
37769,ME42521,CITRAPOL SOLUCION,CITRAPOL SOLUCION,Citrico Acido,LOCION,SM PHARMA C.A.,no_match_fuentes,,,,,
37771,ME25929,CLARIX 0.25 MG / ML SOLUCION NASAL,CLARIX,,SOLUCION NASAL,LABORATORIOS L.O. OFTALMI C.A.,no_match_fuentes,,,,,
37774,ME23979,CLENBUNAL 0.005 MG / 5 ML SOLUCION ORAL,CLENBUNAL,,SOLUCION ORAL,MEGALABS S.A.,no_match_fuentes,,,,,
37775,ME29289,CLENBUNAL 0.014 MG / ML SOLUCION ORAL,CLENBUNAL,,SOLUCION ORAL,MEGALABS S.A.,no_match_fuentes,,,,,
37777,ME31537,AMBROXOL-CLENBUTEROL 7.5 MG-0.005 MG / 5 ML SOLUCION ORAL,AMBROXOL-CLENBUTEROL,Ambroxol,SOLUCION ORAL,LABORATORIOS KIMICEG C.A.,no_match_fuentes,,,,,
37778,ME31538,AMBROXOL-CLENBUTEROL 15 MG - 0.01 MG / 5 ML SOLUION ORAL,AMBROXOL-CLENBUTEROL,Ambroxol,SOLUCION ORAL,LABORATORIOS KIMICEG C.A.,no_match_fuentes,,,,,
37783,ME44654,CLINDAMICINA 300 MG X 16 CAPSULAS,CLINDAMICINA,Clindamicina,CAPSULAS,ANMOL HEALTHCARE LABORATORY PVT LTD,no_match_fuentes,,,,,
37784,ME31466,CLINDAMICINA 300 MG X 20 CAPSULAS,CLINDAMICINA,Clindamicina,CAPSULAS,LABORATORIO LA SANTE C.A.,no_match_fuentes,,,,,
37787,ME33581,CLOFEN 1.8 MG / ML SUSPENSION ORAL,CLOFEN,,SUSPENSION ORAL,ESPECIALIDADES DOLLDER C.A.,no_match_fuentes,,,,,
37788,ME42956,CLOMIFENO CITRATO 50 MG X 30 TABLETAS,CLOMIFENO CITRATO,Clomifeno,TABLETAS,WEST-COAST PHARMACEUTICAL WORKS LTD,lab_antiguo,cobeca,lab,no,CLOMIFENO TAB 50MG X 30 FM,https://mav.farmaciasaas.com/api/images/articulos/DISTRIBUCION/28709.jpg
37792,ME38584,CLONAZEPAM 0.5 MG X 30 TABLETAS,CLONAZEPAM,Clonazepam,TABLETAS,CALOX INTERNATIONAL C.A.,no_match_fuentes,,,,,
37793,ME38585,CLONAZEPAM 2 MG X 30 TABLETAS,CLONAZEPAM,Clonazepam,TABLETAS,CALOX INTERNATIONAL C.A.,no_match_fuentes,,,,,
37795,HO31483/3,CLONIDINA CLORHIDRATO 0.150 MG / ML X 30 AMPOLLAS,CLONIDINA CLORHIDRATO,,INYECTABLE,LABORATORIOS VALMOR C.A.,no_match_fuentes,,,,,
37802,ME34084/3,CLOPIDOGREL 75 MG X 20 COMPRIMIDOS RECUBIERTOS,CLOPIDOGREL,Clopidogrel,COMPRIMIDOS,LABORATORIOS LETI S.A.V.,no_match_fuentes,,,,,
37803,ME34084/4,CLOPIDOGREL 75 MG X 30 COMPRIMIDOS RECUBIERTOS,CLOPIDOGREL,Clopidogrel,COMPRIMIDOS,LABORATORIOS LETI S.A.V.,no_match_fuentes,,,,,
37805,ME37534,CLOPIDOGREL 75 MG X 30 TABLETAS RECUBIERTAS,CLOPIDOGREL,,TABLETAS,EMPRESA LABORATORIOS MEDSOL,lab_antiguo,cobeca,lab,no,CLOPIDOGREL TAB 75MG X30 ALESS,https://mav.farmaciasaas.com/api/images/articulos/DISTRIBUCION/22848.jpg
37806,ME43375,CLOPIDOGREL 75 MG X 30 TABLETAS RECUBIERTAS,CLOPIDOGREL,Clopidogrel,TABLETAS,JIANGXI XIER KANGTAI PHARMACEUTICAL CO. LTD,no_match_fuentes,,,,,
37807,ME34774,CLOPIDOGREL 75 MG X 30 TABLETAS RECUBIERTAS,CLOPIDOGREL,Clopidogrel,TABLETAS,LABORATORIOS SIEGFRIED S.A.,solo_farmanselmo,farmanselmo,,si,KAPET CLOPIDOGREL 75MG x30 TABLETAS SIEGFRIED (E),https://pccentro.net.ve/img/s/3/5/6/5/7/35657-large_default.webp
37810,ME29314,CLORACE 125 - 0.5 MG / 5 ML SOLUCION ORAL,CLORACE,,SOLUCION ORAL,LABORATORIO COFASA S.A.,no_match_fuentes,,,,,
37814,ME43585/4,DOPALEN 200 MG X 30 CAPSULAS DE LIBERACION PROLONGADA,DOPALEN,Mebeverina,CAPSULAS,BIOTECH LABORATORIOS C.A.,lab_antiguo,cobeca,lab,no,CLORHID D/MEBEVERINA CAP 200MG X30 CR MT,https://mav.farmaciasaas.com/api/images/articulos/DISTRIBUCION/54229.jpg
37816,ME43585/3,DOPALEN 200 MG X 20 CAPSULAS DE LIBERACION PROLONGADA,DOPALEN,Mebeverina,CAPSULAS,BIOTECH LABORATORIOS C.A.,no_match_fuentes,,,,,
37817,ME34033,CLORTALIDONA 25 MG X 30 TABLETAS,CLORTALIDONA,Clortalidona,TABLETAS,EMPRESA LABORATORIOS MEDSOL,no_match_fuentes,,,,,
37818,HO37055,CLORURO DE POTASIO 2 MEQ / ML SOLUCION INYECTABLE,CLORURO DE POTASIO,,INYECTABLE,CORPAUL COLOMBIA,lab_antiguo,cobeca,lab,no,"CLORURO D/SOD SOL INY 0,9% 100ML IPS",https://mav.farmaciasaas.com/api/images/articulos/DISTRIBUCION/21357.jpg
37819,HO1672,SOLUCION ISOTONICA DE CLORURO DE SODIO(SOL.FISIOLOGICA)PARENTERAL,SOLUCION ISOTONICA DE CLORURO DE SODIO(SOL.FISIOLOGICA)PARENTERAL,,INYECTABLE,LABORATORIOS FLUPAL C.A.,no_match_fuentes,,,,,
37820,ME32566,CLORURO DE SODIO 0.9 % SOLUCION ISOTONICA PARA IRRIGACION ESTERIL,CLORURO DE SODIO,,LOCION,LABORATORIO BEHRENS C.A.,lab_antiguo,cobeca,lab,no,CLORURO D/MAGNES 25G FCH,https://mav.farmaciasaas.com/api/images/articulos/DISTRIBUCION/17780.jpg
37821,ME43020,CLOTRIMAZOL 200 MG CAPSULAS BLANDAS VAGINALES,CLOTRIMAZOL,Clotrimazol,CAPSULAS,CALOX INTERNATIONAL C.A.,no_match_fuentes,,,,,
37823,ME43751,CLOTRIMAZOL 100 MG X 6 OVULOS VAGINALES,CLOTRIMAZOL,Clotrimazol,OVULOS,LABORATORIOS FARMACEUTICOS LAFAR S.A. (CIUDAD DE EL ALTO),no_match_fuentes,,,,,
37824,ME39062,CLOTRIMAZOL 500 MG X 1 OVULO VAGINAL,CLOTRIMAZOL,Clotrimazol,OVULOS,LABORATORIOS ALFA C X A,no_match_fuentes,,,,,
37825,ME25498,CO-SULTRIN 40 MG - 200 MG / 5 ML X 20 SUSPENSION,CO-SULTRIN,,SUSPENSION ORAL,LABORATORIOS VALMOR C.A.,no_match_fuentes,,,,,
37827,ME44294,COZOMINA T 2 % - 0.5 % SOLUCION OFTALMICA,COZOMINA T,Dorzolamida - Timolol,SOLUCION OFTALMICA,LABORATORIO COFASA S.A.,lab_y_mol,cobeca,lab|base,no,"TIMOLOL SOL OFT 0,5% 10ML CR DIST",https://mav.farmaciasaas.com/api/images/articulos/DISTRIBUCION/22841.jpg
37830,ME38685,COLGESIC 400 MG - 40 MG X 15 COMPRIMIDOS RECUBIERTOS,COLGESIC,Ibuprofeno - Tiocolchicosido,COMPRIMIDOS,BIOTECH LABORATORIOS C.A.,no_match_fuentes,,,,,
37831,ME34845,COLLOVAR SOLUCION,COLLOVAR SOLUCION,Lactico Acido - Salicilico Acido,LOCION,LABORATORIOS VARGAS S.A.,lab_antiguo,cobeca,lab,no,LECHE LIMP LIVING C/AC LACTICO 120ML,https://mav.farmaciasaas.com/api/images/articulos/DISTRIBUCION/29281.jpg
37832,ME1491,COLOZIN® (LACTOBACILLUS PLANTARUM - PEDIOCOCCUS ACIDILACTICI) 150 MG (3.0 X 10⁹ UFC) X 30 CAPSULAS,COLOZIN® (LACTOBACILLUS PLANTARUM - PEDIOCOCCUS ACIDILACTICI),,CAPSULAS,AB-BIOTICS S.A.,no_match_fuentes,,,,,
37835,HO1587,COMPLEJO DE VITAMINA B X 3 AMPOLLAS,COMPLEJO DE VITAMINA B X,,INYECTABLE,PRODUCTOS LISTER FENIX C.A.,lab_antiguo,cobeca,lab,no,COMPLEJO B AMP 2 ML X3 VIV,https://mav.farmaciasaas.com/api/images/articulos/DISTRIBUCION/5118.jpg
37841,ME35619/2,CORENTEL 10 MG X 10 COMPRIMIDOS RECUBIERTOS,CORENTEL,,COMPRIMIDOS,MEGALABS S.A.,no_match_fuentes,,,,,
37842,ME35619/3,CORENTEL 10 MG X 30 COMPRIMIDOS RECUBIERTOS,CORENTEL,,COMPRIMIDOS,MEGALABS S.A.,no_match_fuentes,,,,,
37844,ME39494/3,CORENTEL 1.25 MG X 30 COMPRIMIDOS RECUBIERTOS,CORENTEL,,COMPRIMIDOS,MEGALABS S.A.,no_match_fuentes,,,,,
37850,ME44702,CORTYNASE PLUS 50 MCG - 140 MCG / DOSIS SUSPENSION NASAL,CORTYNASE PLUS,Azelastina - Mometasona Furoato,SOLUCION NASAL,LABORATORIOS L.O. OFTALMI C.A.,no_match_fuentes,,,,,
37864,ME30715/4,DALTAZEN 60 MG X 30 COMPRIMIDOS,DALTAZEN,Diltiazem,COMPRIMIDOS,MEGALABS S.A.,lab_antiguo,cobeca,lab,no,DILTIAZEM TAB 60MG X 30 ANGELUS,https://mav.farmaciasaas.com/api/images/articulos/DISTRIBUCION/28519.jpg
37866,HO13931,DECALONA 4 MG / ML X 1 AMPOLLA,DECALONA,,INYECTABLE,BIOTECH LABORATORIOS C.A.,no_match_fuentes,,,,,
37874,ME32194/2,DEFLAZACORT 6 MG X 10 COMPRIMIDOS,DEFLAZACORT,Deflazacort,COMPRIMIDOS,LABORATORIOS LETI S.A.V.,no_match_fuentes,,,,,
37875,ME32194/3,DEFLAZACORT 6 MG X 30 COMPRIMIDOS,DEFLAZACORT,Deflazacort,COMPRIMIDOS,LABORATORIOS LETI S.A.V.,no_match_fuentes,,,,,
37882,MI37676,DERMACORTINE 0.1 % EMULSION,DERMACORTINE,Mometasona,INYECTABLE,MEGALABS S.A.,no_match_fuentes,,,,,
37887,HO44408,DESKEFLAS 50 MG / 2 ML X 3 AMPOLLAS,DESKEFLAS,Dexketoprofeno Trometamol,INYECTABLE,PSICOFARMA S.A. DE C.V,lab_antiguo,cobeca,lab,no,DESKEFLAS SOL INY 50MG/2ML X3 CR MT,https://mav.farmaciasaas.com/api/images/articulos/DISTRIBUCION/53176.jpg
37888,ME44407,DESKEFLAS 25 MG X 10 TABLETAS RECUBIERTAS,DESKEFLAS,Dexketoprofeno Trometamol,TABLETAS,LABORATORIOS ALPHARMA S.A. DE C.V,lab_antiguo,cobeca,lab,no,DESKEFLAS TAB 25MG X10 CR MT,https://mav.farmaciasaas.com/api/images/articulos/DISTRIBUCION/52476.jpg
37900,ME42492/3,DEXAMETASONA 4 MG X 100 COMPRIMIDOS,DEXAMETASONA,Dexametasona,COMPRIMIDOS,LABORATORIOS SPEFAR VENEZOLANOS S.A.,no_match_fuentes,,,,,
37901,HO42510,DEXAMETASONA FOSFATO SODICO 4 MG / ML SOLUCION INYECTABLE,DEXAMETASONA FOSFATO SODICO,,INYECTABLE,CAPLIN POINT LABORATORIES LIMITED,lab_antiguo,cobeca,lab,no,DEXAMETASONA F/SOD SOL INY 4MG/1MLX10 DT,https://mav.farmaciasaas.com/api/images/articulos/DISTRIBUCION/23086.jpg
37902,HO42502,DEXAMETASONA FOSFATO SODICO 8 MG / 2 ML SOLUCION INYECTABLE,DEXAMETASONA FOSFATO SODICO,,INYECTABLE,DEUTSCHE LABS. INC.,lab_antiguo,cobeca,lab,no,DEXAMETASONA F/SOD SOL INY 8MG/2MLX10 DT,https://mav.farmaciasaas.com/api/images/articulos/DISTRIBUCION/23087.jpg
37904,HO42601,DEXAMETASONA 8 MG / 2 ML X 10 AMPOLLAS,DEXAMETASONA,Dexametasona,INYECTABLE,LABORATORIO BIOSANO S.A.,no_match_fuentes,,,,,
37906,ME44066,DEXKETOPROFENO 25 MG / 10 ML X 20 SOLUCION ORAL,DEXKETOPROFENO,Dexketoprofeno Trometamol,SOLUCION ORAL,CALOX INTERNATIONAL C.A.,no_match_fuentes,,,,,
37907,ME42573,DEXTAMIN 0.5 MG / ML X 10 SOLUCION ORAL,DEXTAMIN,Desloratadina,SOLUCION ORAL,LABORATORIO PLUSANDEX DE FARMACEUTICOS UNIDOS PLUSANDEX C.A.,no_match_fuentes,,,,,
37908,ME14784,PREVERAL CON DEXTROMETORFANO 6.25 MG-15.00 MG / 5 ML JARABE PEDIATRICO,PREVERAL CON DEXTROMETORFANO,,JARABE,LABORATORIOS WYETH S.A.,no_match_fuentes,,,,,
37910,ME40663,PREVERAL CON DEXTROMETORFANO 3 MG - 15 MG / 5 ML SOLUCION ORAL,PREVERAL CON DEXTROMETORFANO,Dextrometorfano,SOLUCION ORAL,LABORATORIOS VARGAS S.A.,no_match_fuentes,,,,,
37912,ME10432,DI-EUDRIN 50 MG X 30 TABLETAS,DI-EUDRIN,Hidroclorotiazida,TABLETAS,BIOTECH LABORATORIOS C.A.,no_match_fuentes,,,,,
37913,ME43584,DIACEREINA 50 MG X 10 CAPSULAS,DIACEREINA,Diacereina,CAPSULAS,RONALD PHARMACEUTICALS PVT. LTD.,no_match_fuentes,,,,,
37918,ME35040,DIAGESIC 1.8 MG / ML SUSPENSION ORAL,DIAGESIC,,SUSPENSION ORAL,BIOTECH LABORATORIOS C.A.,no_match_fuentes,,,,,
37919,ME24715,DIANE 35 MCG - 2 MG X 21 GRAGEAS,DIANE,Etinilestradiol,GRAGEAS,UNIAO QUIMICA INTERNACIONAL LTDA.,no_match_fuentes,,,,,
37921,ME44533,DICARVEX 25 MG X 30 TABLETAS,DICARVEX,Carvedilol,TABLETAS,LABORATORIO PLUSANDEX DE FARMACEUTICOS UNIDOS PLUSANDEX C.A.,lab_antiguo,cobeca,lab,no,CARVEDILOL TAB REC 25MG X30 KIMIC,https://mav.farmaciasaas.com/api/images/articulos/DISTRIBUCION/54225.jpg
37922,ME43814,DICLODEX 1.8 MG / ML SUSPENSION ORAL,DICLODEX,Diclofenaco,SOLUCION ORAL,LABORATORIO PLUSANDEX DE FARMACEUTICOS UNIDOS PLUSANDEX C.A.,no_match_fuentes,,,,,
37924,MI35435/2,DICLOFENAC POT X 6 UNIDADES,DICLOFENAC POT X,Diclofenaco,,LABORATORIO CHILE S.A.,no_match_fuentes,,,,,
37925,MI35435/3,DICLOFENAC POT X 10 UNIDADES,DICLOFENAC POT X,Diclofenaco,,LABORATORIO CHILE S.A.,no_match_fuentes,,,,,
37926,MI35435/4,DICLOFENAC POT X 30 UNIDADES,DICLOFENAC POT X,Diclofenaco,,LABORATORIO CHILE S.A.,no_match_fuentes,,,,,
37927,HO36803/2,DICLOFENACO SODICO 75 MG / 3 ML X 1 AMPOLLA,DICLOFENACO SODICO,Diclofenaco,INYECTABLE,FARMIONNI SCALPI S.A.,no_match_fuentes,,,,,
37928,HO36803/3,DICLOFENACO SODICO 75 MG / 3 ML X 10 AMPOLLAS,DICLOFENACO SODICO,Diclofenaco,INYECTABLE,FARMIONNI SCALPI S.A.,lab_antiguo,cobeca,lab,no,DICLOFENACO SOD SOL INY 75MG/3ML X10 CCM,https://mav.farmaciasaas.com/api/images/articulos/DISTRIBUCION/53115.jpg
37929,ME43045/2,DICLOFENACO POTASICO 50 MG X 10 TABLETAS RECUBIERTAS,DICLOFENACO POTASICO,Diclofenaco,TABLETAS,JIANGXI XIER KANGTAI PHARMACEUTICAL CO. LTD,lab_antiguo,cobeca,lab,no,DICLOFENACO POT TAB REC 50MG X10 BLUE/M,https://mav.farmaciasaas.com/api/images/articulos/DISTRIBUCION/54424.jpg
37930,ME43045/4,DICLOFENACO POTASICO 50 MG X 30 TABLETAS RECUBIERTAS,DICLOFENACO POTASICO,Diclofenaco,TABLETAS,JIANGXI XIER KANGTAI PHARMACEUTICAL CO. LTD,no_match_fuentes,,,,,
37931,ME43045/3,DICLOFENACO POTASICO 50 MG X 20 TABLETAS RECUBIERTAS,DICLOFENACO POTASICO,Diclofenaco,TABLETAS,JIANGXI XIER KANGTAI PHARMACEUTICAL CO. LTD,lab_antiguo,cobeca,lab,si,DICLOFENACO POTA TAB 50MG X20 KIMIC,https://mav.farmaciasaas.com/api/images/articulos/DISTRIBUCION/55.jpg
37932,ME28851,DICLOFENAC SODICO 50 MG X 20 TABLETAS CON RECUBRIMIENTO ENTERICO,DICLOFENAC SODICO,,TABLETAS,LABORATORIO LA SANTE C.A.,lab_antiguo,cobeca,lab,no,DICLOFENAC POTA TAB 50MG X20 CR DAC,https://mav.farmaciasaas.com/api/images/articulos/DISTRIBUCION/23145.jpg
37934,ME43099,DICLOFENACO POTASICO 50 MG X 20 TABLETAS CON RECUBRIMIENTO ENTERICO,DICLOFENACO POTASICO,,TABLETAS,VIDA LABORATORIES (P) LIMITED,lab_antiguo,cobeca,lab,si,DICLOFENACO POTA TAB 50MG X20 KIMIC,https://mav.farmaciasaas.com/api/images/articulos/DISTRIBUCION/55.jpg
37935,ME43220,DICLOXACILINA 250 MG / 5 ML POLVO PARA SUSPENSION ORAL,DICLOXACILINA,,POLVO PARA RECONSTITUCION,MANUFACTURERA MUNDIAL FARMACEUTICA S.A.,no_match_fuentes,,,,,
37955,ME38177/4,DIOSMINA 600 MG X 30 TABLETAS RECUBIERTAS,DIOSMINA,Diosmina,TABLETAS,CALOX INTERNATIONAL C.A.,no_match_fuentes,,,,,
37956,ME36420,DIOSMINA - HESPERIDINA 450 MG - 50 MG X 30 TABLETAS RECUBIERTAS,DIOSMINA - HESPERIDINA,Diosmina - Hesperidina,TABLETAS,CALOX INTERNATIONAL C.A.,no_match_fuentes,,,,,
37957,ME40371,DIOSMINA-HESPERIDINA 450 MG-50 MG COMPRIMIDOS RECUBIERTOS,DIOSMINA-HESPERIDINA,,COMPRIMIDOS,LABORATORIO ELEA PHOENIX S.A.,lab_antiguo,cobeca,lab,no,DIOSMINA/HESPER TAB 450/50MG X30 CR DIST,https://mav.farmaciasaas.com/api/images/articulos/DISTRIBUCION/24807.jpg
37960,ME37926,PENTASA 500 MG X 30 COMPRIMIDOS DE LIBERACION PROLONGADA,PENTASA,Mesalazina,COMPRIMIDOS,FERRING INTERNATIONAL CENTER S.A.,lab_antiguo,cobeca,lab,no,DIZACOL MESALAZINA TAB 500MG X30,https://mav.farmaciasaas.com/api/images/articulos/DISTRIBUCION/54489.jpg
37964,HO42487,DOBUTAMINA 250 MG / 5 ML X 5 AMPOLLAS,DOBUTAMINA,Dobutamina,INYECTABLE,LABORATORIO BIOSANO S.A.,no_match_fuentes,,,,,
37967,ME26655/2,DOL X 4 TABLETAS RECUBIERTAS,DOL X,Acetaminofen - Cafeina,TABLETAS,CALOX INTERNATIONAL C.A.,no_match_fuentes,,,,,
37971,ME43320,DOLCAN 9 MG / 5 ML SUSPENSION ORAL,DOLCAN,,SOLUCION ORAL,MEGALABS S.A.,no_match_fuentes,,,,,
37974,ME44581/2,DOMPERIDONA 10 MG X 10 TABLETAS,DOMPERIDONA,Domperidona,TABLETAS,ANMOL HEALTHCARE LABORATORY PVT LTD,no_match_fuentes,,,,,
37975,ME44581/3,DOMPERIDONA 10 MG X 15 TABLETAS,DOMPERIDONA,Domperidona,TABLETAS,ANMOL HEALTHCARE LABORATORY PVT LTD,no_match_fuentes,,,,,
37976,ME44581/4,DOMPERIDONA 10 MG X 30 TABLETAS,DOMPERIDONA,Domperidona,TABLETAS,ANMOL HEALTHCARE LABORATORY PVT LTD,no_match_fuentes,,,,,
37979,ME44460/3,DONEPEZILO CLORHIDRATO 10 MG X 56 CAPSULAS,DONEPEZILO CLORHIDRATO,Donepezilo,CAPSULAS,LABORATORIOS LETI S.A.V.,no_match_fuentes,,,,,
37980,ME44460/2,DONEPEZILO CLORHIDRATO 10 MG X 10 CAPSULAS,DONEPEZILO CLORHIDRATO,Donepezilo,CAPSULAS,LABORATORIOS LETI S.A.V.,no_match_fuentes,,,,,
37984,ME43060,DOXICICLINA 100 MG X 10 CAPSULAS,DOXICICLINA,Doxiciclina Hiclato,CAPSULAS,FLAMINGO PHARMACEUTICALS LTD,lab_antiguo,cobeca,lab,no,DOXICICLINA CAP 100MG X 10 ANGELUS,https://mav.farmaciasaas.com/api/images/articulos/DISTRIBUCION/28543.jpg
37985,ME20337,DOXICICLINA 100 MG X 10 CAPSULAS,DOXICICLINA,Doxiciclina,CAPSULAS,CALOX INTERNATIONAL C.A.,no_match_fuentes,,,,,
37987,ME42749,DULOXETINA 60 MG X 28 TABLETAS GASTRORRESISTENTES,DULOXETINA,Duloxetina,TABLETAS,HIRAL LABS LIMITED,no_match_fuentes,,,,,
37991,ME32615/5,DUROVAL 50 MG X 10 TABLETAS RECUBIERTAS,DUROVAL,,TABLETAS,LABORATORIOS VALMOR C.A.,no_match_fuentes,,,,,
37992,ME44389/2,TAMSULON DUO 0.5 MG - 0.4 MG X 10 CAPSULAS DE LIBERACION PROLONGADA,TAMSULON DUO,Dutasterida - Tamsulosina,CAPSULAS,ASOFARMA S.A.I. Y C,lab_antiguo,cobeca,lab,no,"TAMSULOSINA TAMSUHEM CAP 0,4MG X10 ADN",https://mav.farmaciasaas.com/api/images/articulos/DISTRIBUCION/53254.jpg
37993,ME44389/3,TAMSULON DUO 0.5 MG - 0.4 MG X 30 CAPSULAS DE LIBERACION PROLONGADA,TAMSULON DUO,Dutasterida - Tamsulosina,CAPSULAS,ASOFARMA S.A.I. Y C,lab_y_mol,cobeca,lab|base,no,"TAMSULOSINA CAP 0,4MG X30 ALESS",https://mav.farmaciasaas.com/api/images/articulos/DISTRIBUCION/24279.jpg
37998,ME44046,EMPAGLIFLOZINA - LINAGLIPTINA 10 MG - 5 MG X 30 COMPRIMIDOS RECUBIERTOS,EMPAGLIFLOZINA - LINAGLIPTINA,Empagliflozina - Linagliptina,COMPRIMIDOS,LABORATORIOS LETI S.A.V.,no_match_fuentes,,,,,
37999,ME44045,EMPAGLIFLOZINA - LINAGLIPTINA 25 MG - 5 MG X 30 COMPRIMIDOS RECUBIERTOS,EMPAGLIFLOZINA - LINAGLIPTINA,Empagliflozina - Linagliptina,COMPRIMIDOS,LABORATORIOS LETI S.A.V.,no_match_fuentes,,,,,
38002,ME43619,LERCANIDIPINA CLORHIDRATO - ENALAPRIL MALEATO 10 MG - 10 MG X 30 COMPRIMIDOS RECUBIERTOS,LERCANIDIPINA CLORHIDRATO - ENALAPRIL MALEATO,Enalapril - Lercanidipino,COMPRIMIDOS,LABORATORIOS LETI S.A.V.,molecula_mono_combo,cobeca,base,no,LERCANIDIPINA CLORH COMP REC 10MGX30 GNV,https://mav.farmaciasaas.com/api/images/articulos/DISTRIBUCION/14417.jpg
38004,ME26416/2,ENALAPRIL 20 MG X 20 TABLETAS,ENALAPRIL,Enalapril,TABLETAS,CALOX INTERNATIONAL C.A.,no_match_fuentes,,,,,
38007,ME44613,ENALAPRIL MALEATO - HIDROCLOROTIAZIDA 20 MG - 12.5 MG TABLETAS,ENALAPRIL MALEATO - HIDROCLOROTIAZIDA,Enalapril - Hidroclorotiazida,TABLETAS,LABORATORIOS KIMICEG C.A.,molecula_mono_combo,cobeca,base,si,ENALAPRIL TAB 20MG X30 KIMIC,https://mav.farmaciasaas.com/api/images/articulos/DISTRIBUCION/7971.jpg
38012,ME19381,ERILON 1 MG / ML LOCION,ERILON,,LOCION,BIOTECH LABORATORIOS C.A.,no_match_fuentes,,,,,
38014,ME37000,ERITROMICINA 500 MG X 10 TABLETAS RECUBIERTAS,ERITROMICINA,Eritromicina,TABLETAS,GENFAR S.A.,no_match_fuentes,,,,,
38015,ME40959/4,ESCITALOPRAM 10 MG X 56 COMPRIMIDOS RECUBIERTOS,ESCITALOPRAM,Escitalopram,COMPRIMIDOS,MEGALABS S.A.,no_match_fuentes,,,,,
38016,ME40959/2,ESCITALOPRAM 10 MG X 14 COMPRIMIDOS RECUBIERTOS,ESCITALOPRAM,Escitalopram,COMPRIMIDOS,MEGALABS S.A.,no_match_fuentes,,,,,
38019,ME40960/2,ESCITALOPRAM 20 MG X 28 COMPRIMIDOS RECUBIERTOS,ESCITALOPRAM,Escitalopram,COMPRIMIDOS,MEGALABS S.A.,no_match_fuentes,,,,,
38021,ME38504/3,ESCITALOPRAM 10 MG X 30 TABLETAS RECUBIERTAS,ESCITALOPRAM,,TABLETAS,CALOX INTERNATIONAL C.A.,lab_antiguo,cobeca,lab,no,ESCITALOPRAM TAB 10MG X30 CLEO,https://mav.farmaciasaas.com/api/images/articulos/DISTRIBUCION/25666.jpg
38023,ME41771/3,ESCITALOPRAM 20 MG X 30 TABLETAS RECUBIERTAS,ESCITALOPRAM,Escitalopram,TABLETAS,CALOX INTERNATIONAL C.A.,no_match_fuentes,,,,,
38025,ME43340,ESCITALOPRAM 5 MG X 30 TABLETAS RECUBIERTAS,ESCITALOPRAM,,TABLETAS,RONALD PHARMACEUTICALS PVT. LTD.,lab_antiguo,cobeca,lab,no,ESCITALOPRAM TAB 5MG X30 CLEO,https://mav.farmaciasaas.com/api/images/articulos/DISTRIBUCION/25665.jpg
38026,ME43163,ESCITALOPRAM 10 MG X 28 TABLETAS RECUBIERTAS,ESCITALOPRAM,Escitalopram,TABLETAS,RONALD PHARMACEUTICALS PVT. LTD.,no_match_fuentes,,,,,
38044,ME35208,ESPARFLIN 0.5 MG / ML X 10 JARABE,ESPARFLIN,Desloratadina,JARABE,MEGALABS S.A.,no_match_fuentes,,,,,
38045,ME33352/2,ESPIRONOLACTONA 25 MG X 10 TABLETAS,ESPIRONOLACTONA,Espironolactona,TABLETAS,LABORATORIOS SIEGFRIED S.A.,no_match_fuentes,,,,,
38048,ME43795,ESQUIDONE 1 MG / ML X 30 SOLUCION ORAL,ESQUIDONE,Risperidona,SOLUCION ORAL,LABORATORIOS VALMOR C.A.,no_match_fuentes,,,,,
38066,ME42311,FEBRATIC 15 MG / ML SUSPENSION ORAL,FEBRATIC,,SUSPENSION ORAL,MEGALABS S.A.,no_match_fuentes,,,,,
38072,HO41409,FENITOINA SODICA 50 MG / ML SOLUCION INYECTABLE,FENITOINA SODICA,Fenitoina,INYECTABLE,VITALIS S.A.C.I.,no_match_fuentes,,,,,
38073,HO35889/3,FENITOINA SODICA 250 MG / 5 ML X 30 AMPOLLAS,FENITOINA SODICA,Fenitoina,INYECTABLE,LABORATORIO BIOSANO S.A.,no_match_fuentes,,,,,
38074,HO35889/2,FENITOINA SODICA 250 MG / 5 ML X 10 AMPOLLAS,FENITOINA SODICA,Fenitoina,INYECTABLE,LABORATORIO BIOSANO S.A.,no_match_fuentes,,,,,
38075,ME27405/2,FERGANIC 40 MG X 14 CAPSULAS,FERGANIC,,CAPSULAS,MEGALABS S.A.,no_match_fuentes,,,,,
38078,ME27552,FERGANIC 20 MG / ML SOLUCION ORAL,FERGANIC,,SOLUCION ORAL,MEGALABS S.A.,no_match_fuentes,,,,,
38086,ME1319/2,FESTAL (PANCREATINA DE ORIGEN PORCINO) X 10 GRAGEAS,FESTAL (PANCREATINA DE ORIGEN PORCINO) X,,GRAGEAS,CALOX INTERNATIONAL C.A.,no_match_fuentes,,,,,
38087,ME1319/3,FESTAL (PANCREATINA DE ORIGEN PORCINO) X 20 GRAGEAS,FESTAL (PANCREATINA DE ORIGEN PORCINO) X,,GRAGEAS,CALOX INTERNATIONAL C.A.,no_match_fuentes,,,,,
38088,ME36163,FEXOFENADINA CLORHIDRATO 180 MG X 10 TABLETAS RECUBIERTAS,FEXOFENADINA CLORHIDRATO,Fexofenadina,TABLETAS,CALOX INTERNATIONAL C.A.,lab_antiguo,cobeca,lab,no,FEXOFENADINA CLORHID TAB 180MG X 10 FMED,https://mav.farmaciasaas.com/api/images/articulos/DISTRIBUCION/28713.jpg
38092,ME784,NIAZOL 1 MG / ML X 10 SOLUCION NASAL,NIAZOL,,SOLUCION NASAL,BIOTECH LABORATORIOS C.A.,no_match_fuentes,,,,,
38093,ME13715,MONOSULPA X 260 SOLUCION NASAL,MONOSULPA X,,SOLUCION NASAL,LABORATORIOS LETI S.A.V.,no_match_fuentes,,,,,
38099,ME35935,FLATORIL 80 MG / ML SUSPENSION GOTAS,FLATORIL,Simeticona,SUSPENSION ORAL,LABORATORIOS ELMOR S.A.,no_match_fuentes,,,,,
38102,ME40011/3,FLAVOXATO 200 MG X 20 COMPRIMIDOS RECUBIERTOS,FLAVOXATO,Flavoxato,COMPRIMIDOS,LABORATORIOS LETI S.A.V.,no_match_fuentes,,,,,
38103,ME44088,FLAVOXATO 200 MG X 30 TABLETAS RECUBIERTAS,FLAVOXATO,Flavoxato,TABLETAS,JIANGXI SYNERGY PHARMACEUTICAL CO. LTD,no_match_fuentes,,,,,
38104,ME41029,FLAVOXATO CLORHIDRATO 200 MG X 10 TABLETAS RECUBIERTAS,FLAVOXATO CLORHIDRATO,Flavoxato,TABLETAS,LABORATORIO LA SANTE C.A.,lab_antiguo,cobeca,lab,no,FLAVOXATO TAB 200MG X10 CLX,https://mav.farmaciasaas.com/api/images/articulos/DISTRIBUCION/99485.jpg
38112,ME41686,FLUCON 200 MG X 4 CAPSULAS,FLUCON,Fluconazol,CAPSULAS,MEGALABS S.A.,lab_antiguo,cobeca,lab,no,FLUCONAZOL CAP 200MG X 4 GENFAR,https://mav.farmaciasaas.com/api/images/articulos/DISTRIBUCION/50070.jpg
38113,HO36216,EXOMAX 200 MG / 100 ML X 1 AMPOLLA,EXOMAX,Fluconazol,INYECTABLE,BAXTER PHARMACEUTICALS INDIA PRIVATE LIMITED,lab_antiguo,cobeca,lab,no,FLUCONAZOL SOL INY 200MG/100ML BLUE,https://mav.farmaciasaas.com/api/images/articulos/DISTRIBUCION/29940.jpg
38115,ME43733,FLUCONAZOL 150 MG X 2 CAPSULAS,FLUCONAZOL,Fluconazol - Gelatina,CAPSULAS,JIANGXI SYNERGY PHARMACEUTICAL CO. LTD,lab_y_mol,cobeca,lab|base,si,FLUCONAZOL CAP 150MG X2 LETI,https://mav.farmaciasaas.com/api/images/articulos/DISTRIBUCION/4546.jpg
38118,ME43904,FLUCONAZOL 200 MG TABLETAS RECUBIERTAS,FLUCONAZOL,Fluconazol,TABLETAS,BOEHRINGER INGELHEIM PHARMA GMBH & CO. KG.,no_match_fuentes,,,,,
38119,HO40840,FLUCONAZOL 200 MG / 100 ML SOLUCION INYECTABLE INTRAVENOSA,FLUCONAZOL,Fluconazol,INYECTABLE,VITALIS S.A.C.I.,no_match_fuentes,,,,,
38120,ME42709/2,FLUCONAZOL 150 MG X 2 TABLETAS,FLUCONAZOL,Fluconazol,TABLETAS,MASCOT HEALTH SERIES PVT. LTD.,no_match_fuentes,,,,,
38121,ME42709/3,FLUCONAZOL 150 MG X 4 TABLETAS,FLUCONAZOL,Fluconazol,TABLETAS,MASCOT HEALTH SERIES PVT. LTD.,no_match_fuentes,,,,,
38125,ME43024,FLUNARIZINA 10 MG X 30 TABLETAS RECUBIERTAS,FLUNARIZINA,Flunarizina,TABLETAS,MASCOT HEALTH SERIES PVT. LTD.,no_match_fuentes,,,,,
38126,ME31214,FLUOXETINA 20 MG X 14 CAPSULAS,FLUOXETINA,,CAPSULAS,LABORATORIO LA SANTE C.A.,lab_antiguo,cobeca,lab,si,FLUOXETINA CAP 20MG X14 BIOTECH,https://mav.farmaciasaas.com/api/images/articulos/DISTRIBUCION/3221.jpg
38128,ME28948,FLUOXETINA 20 MG X 28 CAPSULAS,FLUOXETINA,Fluoxetina,CAPSULAS,CALOX INTERNATIONAL C.A.,no_match_fuentes,,,,,
38134,ME31562,FOTORRETIN 0.5 % - 5 % SOLUCION OFTALMICA,FOTORRETIN,Tropicamida,SOLUCION OFTALMICA,LABORATORIOS POEN S.A.U.,no_match_fuentes,,,,,
38137,ME35373,FULGRAM 600 MG - 42.9 MG / 5 ML POLVO PARA SUSPENSION,FULGRAM,Amoxicilina - Clavulanico Acido,POLVO PARA RECONSTITUCION,LABORATORIOS LETI S.A.V.,no_match_fuentes,,,,,
38139,HO32365,FUROSEMIDA 20 MG / 2 ML X 3 AMPOLLAS,FUROSEMIDA,Furosemida,INYECTABLE,LABORATORIOS VALMOR C.A.,no_match_fuentes,,,,,
38145,ME21300,FUROSEMIDA 40 MG X 24 TABLETAS,FUROSEMIDA,Furosemida,TABLETAS,PRODUCTOS FARMACEUTICOS PARA EL VIVIR VIVIENDO C.A. (PROFARMACOS C.A.),no_match_fuentes,,,,,
38147,ME34981/2,GABAPENTINA 300 MG X 14 CAPSULAS,GABAPENTINA,Gabapentina,CAPSULAS,KERN PHARMA S.L.,no_match_fuentes,,,,,
38148,ME34981/3,GABAPENTINA 300 MG X 30 CAPSULAS,GABAPENTINA,Gabapentina,CAPSULAS,KERN PHARMA S.L.,no_match_fuentes,,,,,
38153,ME39975/2,GENESA 3 MG-20 MCG X 21 COMPRIMIDOS RECUBIERTOS,GENESA,,COMPRIMIDOS,LABORATORIOS LEON FARMA S.A.,no_match_fuentes,,,,,
38154,HO36306/3,GENTAMICINA 160 MG / 2 ML X 10 AMPOLLAS,GENTAMICINA,Gentamicina,INYECTABLE,VITALIS S.A.C.I.,no_match_fuentes,,,,,
38155,HO36306/2,GENTAMICINA 160 MG / 2 ML X 5 AMPOLLAS,GENTAMICINA,Gentamicina,INYECTABLE,VITALIS S.A.C.I.,no_match_fuentes,,,,,
38157,ME24164,GENURIN 200 MG X 10 COMPRIMIDOS RECUBIERTOS,GENURIN,,COMPRIMIDOS,LABORATORIOS ELMOR S.A.,no_match_fuentes,,,,,
38158,ME33501,GLIBENCLAMIDA 5 MG X 10 COMPRIMIDOS,GLIBENCLAMIDA,Glibenclamida,COMPRIMIDOS,LABORATORIOS ELMOR S.A.,no_match_fuentes,,,,,
38159,ME26275,GLIBENCLAMIDA 5 MG X 30 TABLETAS,GLIBENCLAMIDA,Glibenclamida,TABLETAS,LABORATORIOS VARGAS S.A.,no_match_fuentes,,,,,
38160,ME39843,METFORMINA CLORHIDRATO - GLIBENCLAMIDA 500 MG - 5 MG TABLETAS RECUBIERTAS,METFORMINA CLORHIDRATO - GLIBENCLAMIDA,Glibenclamida,TABLETAS,LEK PHARMACEUTICALS D.D,lab_antiguo,cobeca,lab,no,METFORMINA CLORH TAB REC 500MG X30 VLM,https://mav.farmaciasaas.com/api/images/articulos/DISTRIBUCION/53309.jpg
38168,ME32878,GLIMEPIRIDA 4 MG TABLETAS,GLIMEPIRIDA,Glimepirida,TABLETAS,LABORATORIO LA SANTE C.A.,no_match_fuentes,,,,,
38169,ME32727,GLIMERID 2 MG X 30 TABLETAS,GLIMERID,Glimepirida,TABLETAS,LABORATORIO LA SANTE C.A.,lab_antiguo,cobeca,lab,no,GLIMEPIRIDA TAB 2MG X30 ANG/H,https://mav.farmaciasaas.com/api/images/articulos/DISTRIBUCION/21362.jpg
38172,ME35866,GLUCOFAGE 500 MG XR X 30 TABLETAS DE LIBERACION RETARDADA,GLUCOFAGE,,TABLETAS,MERCK SANTE S.A.S.,no_match_fuentes,,,,,
38177,ME35616,GLYMAR 4 MG X 20 TABLETAS,GLYMAR,Glimepirida,TABLETAS,MEYER PRODUCTOS TERAPEUTICOS S.A.,lab_antiguo,cobeca,lab,si,GLYMAR TAB 4MG X20 MEY,https://mav.farmaciasaas.com/api/images/articulos/DISTRIBUCION/9456.jpg
38179,ME42539,GUAIFENESINA 100 MG / 5 ML SOLUCION ORAL,GUAIFENESINA,Guaifenesina,SOLUCION ORAL,BIOQUIMICA INTERNACIONAL C.A.,no_match_fuentes,,,,,
38185,HO32537,HALOPERIDOL 5 MG / ML X 30 AMPOLLAS,HALOPERIDOL,Haloperidol,INYECTABLE,EMPRESA LABORATORIOS AICA,no_match_fuentes,,,,,
38191,ME35183/2,LOSARTAN POTASICO - HIDROCLOROTIAZIDA 100 MG - 25 MG X 10 COMPRIMIDOS RECUBIERTOS,LOSARTAN POTASICO - HIDROCLOROTIAZIDA,Hidroclorotiazida - Losartan,COMPRIMIDOS,LABORATORIOS LETI S.A.V.,molecula_mono_combo,cobeca,base,no,LOSARTAN POTA COMP REC 100MG X10 GNV,https://mav.farmaciasaas.com/api/images/articulos/DISTRIBUCION/96313.jpg
38192,ME36876,VALSARTAN -HIDROCLOROTIAZIDA 160 MG-25 MG X 20 TABLETAS RECUBIERTAS,VALSARTAN -HIDROCLOROTIAZIDA,,TABLETAS,CALOX INTERNATIONAL C.A.,no_match_fuentes,,,,,
38195,ME36980/2,LOSARTAN POTASICO - HIDROCLOROTIAZIDA 100 MG - 25 MG X 10 COMPRIMIDOS RECUB,LOSARTAN POTASICO - HIDROCLOROTIAZIDA,,COMPRIMIDOS,LABORATORIOS VARGAS S.A.,lab_antiguo,cobeca,lab,no,LOSARTAN/HCT TAB REC 100/25MG X10 PHARME,https://mav.farmaciasaas.com/api/images/articulos/DISTRIBUCION/22228.jpg
38196,ME36980/3,LOSARTAN POTASICO - HIDROCLOROTIAZIDA 100 MG - 25 MG X 30 COMPRIMIDOS RECUB,LOSARTAN POTASICO - HIDROCLOROTIAZIDA,,COMPRIMIDOS,LABORATORIOS VARGAS S.A.,lab_antiguo,cobeca,lab,no,LOSARTAN HCT TAB REC 100/25MGX30 PHARME,https://mav.farmaciasaas.com/api/images/articulos/DISTRIBUCION/99859.jpg
38198,HO35867,BUTILBROMURO DE HIOSCINA 20 MG / ML SOLUCION INYECTABLE,BUTILBROMURO DE HIOSCINA,,INYECTABLE,GLAND PHARMA LIMITED,no_match_fuentes,,,,,
38200,ME1384,HIRUDOID (POLISULFATO DE MUCOPOLISACARIDO) 25.000 UI / 100 G GEL,HIRUDOID (POLISULFATO DE MUCOPOLISACARIDO),,GEL,CIFARMA S.A.C,no_match_fuentes,,,,,
38202,ME41648,HISTIVERT 16 MG X 30 COMPRIMIDOS,HISTIVERT,Betahistina,COMPRIMIDOS,EUROFARMA LABORATORIOS S.A.,no_match_fuentes,,,,,
38216,ME34468,IBUPROFENO 100 MG / 5 ML SUSPENSION,IBUPROFENO,Ibuprofeno,SUSPENSION ORAL,SM PHARMA C.A.,no_match_fuentes,,,,,
38240,ME37122,ILANA 600 MG X 1 CAPSULA BLANDA VAGINAL,ILANA,,CAPSULAS,PROCAPS S.A.,no_match_fuentes,,,,,
38249,ME40027,FLUTIXAIR 125 MG - 25 MCG / DOSIS X 200 SUSPENSION INHALACION ORAL,FLUTIXAIR,,SOLUCION ORAL,LABORATORIOS HAYMANN S.A.,no_match_fuentes,,,,,
38253,ME36068/3,IRBESARTAN 150 MG X 28 TABLETAS,IRBESARTAN,Irbesartan,TABLETAS,SM PHARMA C.A.,no_match_fuentes,,,,,
38254,ME36068/2,IRBESARTAN 150 MG X 10 TABLETAS,IRBESARTAN,Irbesartan,TABLETAS,SM PHARMA C.A.,no_match_fuentes,,,,,
38255,ME36068/4,IRBESARTAN 150 MG X 30 TABLETAS,IRBESARTAN,Irbesartan,TABLETAS,SM PHARMA C.A.,no_match_fuentes,,,,,
38257,ME35908/2,IRBESARTAN 300 MG X 10 TABLETAS,IRBESARTAN,Irbesartan,TABLETAS,CALOX INTERNATIONAL C.A.,no_match_fuentes,,,,,
38258,ME36807,IRBESARTAN -HIDROCLOROTIAZIDA 150 MG -12.5 MG X 28 TABLETAS,IRBESARTAN -HIDROCLOROTIAZIDA,,TABLETAS,CALOX INTERNATIONAL C.A.,no_match_fuentes,,,,,
38259,ME43716,IRBETIAZID 150 MG - 12.5 MG X 28 TABLETAS,IRBETIAZID,Hidroclorotiazida - Irbesartan,TABLETAS,LABORATORIOS SIEGFRIED S.A.,lab_y_mol,cobeca,lab|base,si,IRBESARTAN TAB 150 MG X 28 CLX,https://mav.farmaciasaas.com/api/images/articulos/DISTRIBUCION/28781.jpg
38261,ME43740,ITRACONAZOL 100 MG X 10 CAPSULAS,ITRACONAZOL,Itraconazol,CAPSULAS,K.A. MALLE PHARMACEUTICALS LTD,no_match_fuentes,,,,,
38262,ME44504,ITRASEC 33.33 MG – 166.66 MG X 12 CAPSULAS,ITRASEC,Itraconazol - Secnidazol Anhidro,CAPSULAS,JIANGXI SYNERGY PHARMACEUTICAL CO. LTD,no_match_fuentes,,,,,
38272,HO30748/4,KELAC 30 MG / ML X 4 AMPOLLAS,KELAC,,INYECTABLE,MEGALABS S.A.,no_match_fuentes,,,,,
38276,ME37980,KEPPRA 1000 MG X 30 TABLETAS RECUBIERTAS,KEPPRA,Levetiracetam,TABLETAS,UCB PHARMA S.A.,lab_antiguo,cobeca,lab,no,KEPPRA TAB 1000MG X 30,https://mav.farmaciasaas.com/api/images/articulos/DISTRIBUCION/28898.jpg
38277,ME37979,KEPPRA 500 MG X 30 TABLETAS RECUBIERTAS,KEPPRA,Levetiracetam,TABLETAS,UCB PHARMA S.A.,lab_antiguo,cobeca,lab,no,KEPPRA TAB 500MG X 30,https://mav.farmaciasaas.com/api/images/articulos/DISTRIBUCION/28897.jpg
38284,HO35019/2,KETOPROFENO 100 MG / 2 ML X 1 AMPOLLA,KETOPROFENO,Ketoprofeno,INYECTABLE,CALOX INTERNATIONAL C.A.,no_match_fuentes,,,,,
38285,HO35019/3,KETOPROFENO 100 MG / 2 ML X 2 AMPOLLAS,KETOPROFENO,Ketoprofeno,INYECTABLE,CALOX INTERNATIONAL C.A.,no_match_fuentes,,,,,
38286,HO35019/4,KETOPROFENO 100 MG / 2 ML X 10 AMPOLLAS,KETOPROFENO,Ketoprofeno,INYECTABLE,CALOX INTERNATIONAL C.A.,no_match_fuentes,,,,,
38287,HO35019/5,KETOPROFENO 100 MG / 2 ML X 20 AMPOLLAS,KETOPROFENO,Ketoprofeno,INYECTABLE,CALOX INTERNATIONAL C.A.,no_match_fuentes,,,,,
38294,HO43918,KETOPROFENO 50 MG / ML SOLUCION INYECTABLE,KETOPROFENO,Ketoprofeno,INYECTABLE,JIANGXI SYNERGY PHARMACEUTICAL CO. LTD,no_match_fuentes,,,,,
38296,HO42668/3,KETOROLACO TROMETAMOL 30 MG / ML X 10 AMPOLLAS,KETOROLACO TROMETAMOL,Ketorolaco,INYECTABLE,LABORATORIO BIOSANO S.A.,lab_antiguo,cobeca,lab,no,KETOROLACO AMP 30MG/1ML X 10 CR GM,https://mav.farmaciasaas.com/api/images/articulos/DISTRIBUCION/29479.jpg
38297,HO42668/2,KETOROLACO TROMETAMOL 30 MG / ML X 8 AMPOLLAS,KETOROLACO TROMETAMOL,Ketorolaco,INYECTABLE,LABORATORIO BIOSANO S.A.,no_match_fuentes,,,,,
38298,HO42686,KETOROLACO TROMETAMINA 30 MG / ML X 3 AMPOLLAS,KETOROLACO TROMETAMINA,,INYECTABLE,CADILA PHARMACEUTICALS LIMITED,lab_antiguo,cobeca,lab,no,KETOROLACO SOL INY 30MG/ML X3 CR CCM,https://mav.farmaciasaas.com/api/images/articulos/DISTRIBUCION/27131.jpg
38299,ME36886,KETOROLAC TROMETAMINA 20 MG X 10 COMPRIMIDOS,KETOROLAC TROMETAMINA,,COMPRIMIDOS,LABORATORIOS SPEFAR VENEZOLANOS S.A.,lab_antiguo,cobeca,lab,no,KETOROLACO TROMETAMINA TAB 20MG X10 FMED,https://mav.farmaciasaas.com/api/images/articulos/DISTRIBUCION/51770.jpg
38307,ME36925/3,LACTBET 3000 U X 20 CAPSULAS,LACTBET,,CAPSULAS,BIOTECH LABORATORIOS C.A.,no_match_fuentes,,,,,
38311,ME42689,LAMOTRIGINA 100 MG X 30 TABLETAS RECUBIERTAS,LAMOTRIGINA,Lamotrigina,TABLETAS,COOPER PHARMA LTD,no_match_fuentes,,,,,
38312,ME44647,LAMOTRIGINA 100 MG X 28 TABLETAS DE LIBERACION PROLONGADA,LAMOTRIGINA,Lamotrigina,TABLETAS,ZYDUS LIFESCIENCIES LIMITED,no_match_fuentes,,,,,
38323,ME43991,LERCANIDIPINO CLOHIDRATO 10 MG X 30 TABLETAS RECUBIERTAS,LERCANIDIPINO CLOHIDRATO,Lercanidipino,TABLETAS,ANG LIFESCIENCES INDIA LTD,no_match_fuentes,,,,,
38324,ME44311,LERCANIDIPNO 20 MG X 30 TABLETAS RECUBIERTAS,LERCANIDIPNO,Lercanidipino,TABLETAS,AXA PARENTERALS LTD,lab_antiguo,cobeca,lab,no,LERCANIDIPINO TAB REC 20MG X30 CLX,https://mav.farmaciasaas.com/api/images/articulos/DISTRIBUCION/51324.jpg
38328,ME37661,LETROZOL 2.5 MG X 30 TABLETAS RECUBIERTAS,LETROZOL,Letrozol,TABLETAS,INTAS PHARMACEUTICAS LTD. INDIA,no_match_fuentes,,,,,
38330,ME41919,LEVETIRACETAM 1000 MG X 10 COMPRIMIDOS RECUBIERTOS,LEVETIRACETAM,Levetiracetam,COMPRIMIDOS,BLUEPHARMA - INDUSTRIA FARMACEUTICA S.A.,no_match_fuentes,,,,,
38331,ME43729,LEVETIRACETAM 500 MG X 30 TABLETAS RECUBIERTAS,LEVETIRACETAM,Levetiracetam,TABLETAS,SG HEALTHCARE PVT. LTD.,no_match_fuentes,,,,,
38332,HO37449,LEVOFLOXACINA 500 MG / 100 ML SOLUCION PARA INFUSION INTRAVENOSA,LEVOFLOXACINA,Levofloxacino,INYECTABLE,EUROFARMA LABORATORIOS S.A.,lab_antiguo,cobeca,lab,no,LEVOFLOXACINA INF INY 500MG/100ML CRDIST,https://mav.farmaciasaas.com/api/images/articulos/DISTRIBUCION/21338.jpg
38333,ME43817,LEVOFLOXACINO 500 MG X 10 TABLETAS RECUBIERTAS,LEVOFLOXACINO,Levofloxacino,TABLETAS,JIANGXI SYNERGY PHARMACEUTICAL CO. LTD,no_match_fuentes,,,,,
38335,ME43531/2,LEVOFLOXACINA 750 MG X 5 TABLETAS RECUBIERTAS,LEVOFLOXACINA,Levofloxacino,TABLETAS,ANG LIFESCIENCES INDIA LTD,lab_antiguo,cobeca,lab,no,LEVOFLOXACINA TAB 750MG X5 CLX,https://mav.farmaciasaas.com/api/images/articulos/DISTRIBUCION/19718.jpg
38336,ME43531/3,LEVOFLOXACINA 750 MG X 7 TABLETAS RECUBIERTAS,LEVOFLOXACINA,Levofloxacino,TABLETAS,ANG LIFESCIENCES INDIA LTD,no_match_fuentes,,,,,
38337,ME43531/4,LEVOFLOXACINA 750 MG X 10 TABLETAS RECUBIERTAS,LEVOFLOXACINA,Levofloxacino,TABLETAS,ANG LIFESCIENCES INDIA LTD,lab_antiguo,cobeca,lab,no,LEVOFLOXACINA TAB REC 750MG X10 CR DIST,https://mav.farmaciasaas.com/api/images/articulos/DISTRIBUCION/24415.jpg
38338,ME35920/3,LEVOFLOXACINA 500 MG X 10 TABLETAS RECUBIERTAS,LEVOFLOXACINA,Levofloxacino,TABLETAS,PROCAPS S.A.,lab_antiguo,cobeca,lab,no,LEVOFLOXACINA TAB REC 500MG X10 BIU,https://mav.farmaciasaas.com/api/images/articulos/DISTRIBUCION/26132.jpg
38339,ME35920/2,LEVOFLOXACINA 500 MG X 7 TABLETAS RECUBIERTAS,LEVOFLOXACINA,Levofloxacino,TABLETAS,PROCAPS S.A.,lab_antiguo,cobeca,lab,no,LEVOFLOXACINA TAB REC 500MG X7 PHARME,https://mav.farmaciasaas.com/api/images/articulos/DISTRIBUCION/24405.jpg
38340,ME38925/3,LEVOFLOXACINO 500 MG X 7 TABLETAS RECUBIERTAS,LEVOFLOXACINO,Levofloxacino,TABLETAS,LABORATORIOS KIMICEG C.A.,no_match_fuentes,,,,,
38341,ME38925/4,LEVOFLOXACINO 500 MG X 10 TABLETAS RECUBIERTAS,LEVOFLOXACINO,Levofloxacino,TABLETAS,LABORATORIOS KIMICEG C.A.,no_match_fuentes,,,,,
38342,ME38925/2,LEVOFLOXACINO 500 MG X 5 TABLETAS RECUBIERTAS,LEVOFLOXACINO,Levofloxacino,TABLETAS,LABORATORIOS KIMICEG C.A.,no_match_fuentes,,,,,
38343,ME38926,LEVOFLOXACINO 750 MG X 5 TABLETAS RECUBIERTAS,LEVOFLOXACINO,Levofloxacino,TABLETAS,LABORATORIOS KIMICEG C.A.,no_match_fuentes,,,,,
38344,ME43297,LEVONORGESTREL 1.5 MG X 1 TABLETA RECUBIERTA,LEVONORGESTREL,Levonorgestrel,TABLETAS,SYNOKEM PHARMACEUTICALS LIMITED,no_match_fuentes,,,,,
38349,ME42576/2,LEVOTIROXINA SODICA 100 MCG X 10 TABLETAS,LEVOTIROXINA SODICA,Levotiroxina,TABLETAS,MACLEODS PHARMACEUTICALS LTD,lab_antiguo,cobeca,lab,no,LEVOTIROXINA SOD TAB 100MCG X10 CR DIST,https://mav.farmaciasaas.com/api/images/articulos/DISTRIBUCION/22840.jpg
38350,ME42576/3,LEVOTIROXINA SODICA 100 MCG X 50 TABLETAS,LEVOTIROXINA SODICA,Levotiroxina,TABLETAS,MACLEODS PHARMACEUTICALS LTD,lab_antiguo,cobeca,lab,no,LEVOTIROXINA SOD TAB 100MCG X50 CR DIST,https://mav.farmaciasaas.com/api/images/articulos/DISTRIBUCION/54490.jpg
38351,ME43141,LEVOTIROXINA SODICA 50 MCG X 50 TABLETAS,LEVOTIROXINA SODICA,Levotiroxina,TABLETAS,HIRAL LABS LIMITED,lab_antiguo,cobeca,lab,no,LEVOTIROXINA SOD TAB 50MCG X50 ALESS,https://mav.farmaciasaas.com/api/images/articulos/DISTRIBUCION/21408.jpg
38353,HO32824,LIDOCAINA - EPINEFRINA 2 % - 1:50.000 SOLUCION INYECTABLE,LIDOCAINA - EPINEFRINA,,INYECTABLE,EMPRESA LABORATORIOS AICA,lab_antiguo,cobeca,lab,si,LIDOCAINA AMP 2%/2ML INTRAD X5 GMEDIC,https://mav.farmaciasaas.com/api/images/articulos/DISTRIBUCION/29478.jpg
38355,HO40559,LINEZID 2 MG / ML SOLUCION INYECTABLE PARA INFUSION IV,LINEZID,,INYECTABLE,LABORATORIO BEHRENS C.A.,no_match_fuentes,,,,,
38356,MI318,LIOLACTIL X 20 SOBRES,LIOLACTIL X,,,LABORATORIOS ELMOR S.A.,no_match_fuentes,,,,,
38358,ME39972,LIPACOMB 40 MG - 10 MG X 30 TABLETAS,LIPACOMB,,TABLETAS,LABORATORIOS FARMA S.A.,no_match_fuentes,,,,,
38365,ME22407,LISOMUCIN 8 MG / 5 ML JARABE,LISOMUCIN,,JARABE,LABORATORIOS SPEFAR VENEZOLANOS S.A.,no_match_fuentes,,,,,
38369,ME39867,LODIPIN VL 10 MG - 160 MG X 30 CAPSULAS,LODIPIN VL,,CAPSULAS,MEGALABS S.A.,no_match_fuentes,,,,,
38370,ME28967,LOFLOX 400 MG X 10 TABLETAS RECUBIERTAS,LOFLOX,,TABLETAS,LABORATORIOS SIEGFRIED S.A.,no_match_fuentes,,,,,
38371,ME22858,LOGANIL 250 MG / 5 ML JARABE,LOGANIL,,JARABE,BIOTECH LABORATORIOS C.A.,no_match_fuentes,,,,,
38375,ME27475,LONGACEF 100 MG / 5 ML POLVO PARA SUSPENSION,LONGACEF,Cefixima,POLVO PARA RECONSTITUCION,LABORATORIOS LETI S.A.V.,no_match_fuentes,,,,,
38378,ME40887,LOPERAMIDA 2 MG X 10 TABLETAS,LOPERAMIDA,Loperamida,TABLETAS,SM PHARMA C.A.,no_match_fuentes,,,,,
38379,ME43709,LOPERAMIDA 2 MG X 100 COMPRIMIDOS,LOPERAMIDA,Loperamida,COMPRIMIDOS,LABORATORIOS SPEFAR VENEZOLANOS S.A.,no_match_fuentes,,,,,
38382,ME30034,LORATADINA 1 MG / ML JARABE,LORATADINA,Loratadina,JARABE,LABORATORIOS SPEFAR VENEZOLANOS S.A.,no_match_fuentes,,,,,
38384,ME27529/3,LORATADINA 10 MG X 20 TABLETAS,LORATADINA,Loratadina,TABLETAS,CALOX INTERNATIONAL C.A.,no_match_fuentes,,,,,
38386,ME28201,LORATADINA 5 MG / 5 ML JARABE,LORATADINA,Loratadina,JARABE,GENVEN GENERICOS VENEZOLANOS S.A.,no_match_fuentes,,,,,
38388,ME39177,LORATADINA 10 MG X 10 TABLETAS,LORATADINA,,TABLETAS,LABORATORIOS ALFA C X A,lab_antiguo,cobeca,lab,si,LORATADINA TAB 10MG X10 CLX,https://mav.farmaciasaas.com/api/images/articulos/DISTRIBUCION/9653.jpg
38390,ME42490,LORATADINA - BETAMETASONA 5 MG - 0.25 MG COMPRIMIDOS,LORATADINA - BETAMETASONA,Betametasona - Loratadina,COMPRIMIDOS,LABORATORIOS SPEFAR VENEZOLANOS S.A.,lab_antiguo,cobeca,lab,no,"LORATADINA/BETAMET TAB 5/0,25MG X10 GEAG",https://mav.farmaciasaas.com/api/images/articulos/DISTRIBUCION/24984.jpg
38393,ME37256,LORECORT 1 MG - 0.05 MG / 5 ML SOLUCION ORAL,LORECORT,,SOLUCION ORAL,LABORATORIOS L.O. OFTALMI C.A.,no_match_fuentes,,,,,
38397,ME29469/3,LOSARTAN POTASICO 50 MG X 20 COMPRIMIDOS RECUBIERTOS,LOSARTAN POTASICO,Losartan,COMPRIMIDOS,LABORATORIOS LETI S.A.V.,lab_antiguo,cobeca,lab,si,LOSARTAN POTA TAB REC 50MG X20 KIMIC,https://mav.farmaciasaas.com/api/images/articulos/DISTRIBUCION/92637.jpg
38398,ME36979,LOSARTAN POTASICO - HIDROCLOROTIAZIDA 50 MG - 12.5 MG COMPRIMIDOS RECU,LOSARTAN POTASICO - HIDROCLOROTIAZIDA,,COMPRIMIDOS,LABORATORIOS VARGAS S.A.,lab_antiguo,cobeca,lab,no,"LOSARTAN/HCT TAB 50MG/12,5MG X30 ANG/H",https://mav.farmaciasaas.com/api/images/articulos/DISTRIBUCION/20434.jpg
38399,ME37542/2,LOSARTAN POTASICO - HIDROCLOROTIAZIDA 100 MG - 25 MG X 10 TABLETAS RECUBIERTAS,LOSARTAN POTASICO - HIDROCLOROTIAZIDA,Hidroclorotiazida - Losartan,TABLETAS,LABORATORIO LA SANTE C.A.,lab_antiguo,cobeca,lab,no,LOSARTAN/HCT TAB REC 100/25MG X10 PHARME,https://mav.farmaciasaas.com/api/images/articulos/DISTRIBUCION/22228.jpg
38402,ME35402/3,LOSARTAN POTASICO - HIDROCLOROTIAZIDA 50 MG - 12.5 MG X 30 COMPRIMIDOS RECU,LOSARTAN POTASICO - HIDROCLOROTIAZIDA,,COMPRIMIDOS,LABORATORIO CHILE S.A.,lab_antiguo,cobeca,lab,no,"LOSARTAN/HCT TAB 50MG/12,5MG X30 ANG/H",https://mav.farmaciasaas.com/api/images/articulos/DISTRIBUCION/20434.jpg
38403,ME35402/2,LOSARTAN POTASICO - HIDROCLOROTIAZIDA 50 MG - 12.5 MG X 15 COMPRIMIDOS RECU,LOSARTAN POTASICO - HIDROCLOROTIAZIDA,,COMPRIMIDOS,LABORATORIO CHILE S.A.,lab_antiguo,cobeca,lab,no,"LOSARTAN/HCT TAB 50/12,5MG X15 PHARME",https://mav.farmaciasaas.com/api/images/articulos/DISTRIBUCION/90067.jpg
38405,ME36110/2,LOSARTAN POTASICO - HIDROCLOROTIZADA 100 MG - 25 MG X 10 TABLETAS RECUBIERTAS,LOSARTAN POTASICO - HIDROCLOROTIZADA,Hidroclorotiazida - Losartan,TABLETAS,CALOX INTERNATIONAL C.A.,lab_antiguo,cobeca,lab,no,LOSARTAN/HCT TAB REC 100/25MG X10 PHARME,https://mav.farmaciasaas.com/api/images/articulos/DISTRIBUCION/22228.jpg
38407,ME31205/2,LOSARTAN POTASICO 50 MG X 10 TABLETAS RECUBIERTAS,LOSARTAN POTASICO,Losartan,TABLETAS,LABORATORIOS KIMICEG C.A.,lab_antiguo,cobeca,lab,si,LOSARTAN POTA COMP 50MG X10 LETI,https://mav.farmaciasaas.com/api/images/articulos/DISTRIBUCION/3399.jpg
38421,ME37893,MAALOX 460 MG - 400 MG / 4.3 ML X 30 SUSPENSION,MAALOX,Aluminio Hidroxido - Magnesio Hidroxido,SUSPENSION ORAL,SANOFI AVENTIS S.P.A ITALIA,no_match_fuentes,,,,,
38422,ME38235,GLETOP 20 MG X 60 TABLETAS CON CUBIERTA ENTERICA,GLETOP,Esomeprazol Magnesio Trihidrato,TABLETAS,GLENMARK PHARMACEUTICALS LIMITED,lab_antiguo,cobeca,lab,no,MAGNESIO GLICINATO CAP X60 ARC IRIS,https://mav.farmaciasaas.com/api/images/articulos/DISTRIBUCION/27004.jpg
38430,ME41135,MATERNAVIT X 30 CAPSULAS BLANDAS,MATERNAVIT X,,CAPSULAS,LAMBO LABORATORIA N.V,lab_antiguo,cobeca,lab,no,MATERNAVIT CAP BLD X30 MDF,https://mav.farmaciasaas.com/api/images/articulos/DISTRIBUCION/13652.jpg
38433,ME42290,MAXOTEN 25 MG X 30 COMPRIMIDOS RECUBIERTOS,MAXOTEN,Eplerenona,COMPRIMIDOS,LABORATORIOS LETI S.A.V.,no_match_fuentes,,,,,
38434,ME43537/2,MEDROXIPROGESTERONA 10 MG X 10 TABLETAS,MEDROXIPROGESTERONA,Medroxiprogesterona,TABLETAS,ACCENT PHARMACEUTICALS & DIAGNOSTICS,no_match_fuentes,,,,,
38435,ME43537/3,MEDROXIPROGESTERONA 10 MG X 28 TABLETAS,MEDROXIPROGESTERONA,Medroxiprogesterona,TABLETAS,ACCENT PHARMACEUTICALS & DIAGNOSTICS,no_match_fuentes,,,,,
38438,ME33048,MELOXICAM 15 MG X 10 TABLETAS,MELOXICAM,Meloxicam,TABLETAS,CALOX INTERNATIONAL C.A.,no_match_fuentes,,,,,
38441,ME30976,MELOXICAM 7.5 MG X 10 TABLETAS,MELOXICAM,Meloxicam,TABLETAS,LABORATORIOS KIMICEG C.A.,no_match_fuentes,,,,,
38442,ME43017/2,MEMANTINA CLORHIDRATO 10 MG X 10 TABLETAS RECUBIERTAS,MEMANTINA CLORHIDRATO,Memantina,TABLETAS,MACLEODS PHARMACEUTICALS LTD,lab_antiguo,cobeca,lab,no,MEMANTINA TAB 10MG X10 FMED,https://mav.farmaciasaas.com/api/images/articulos/DISTRIBUCION/50985.jpg
38443,ME43017/4,MEMANTINA CLORHIDRATO 10 MG X 28 TABLETAS RECUBIERTAS,MEMANTINA CLORHIDRATO,Memantina,TABLETAS,MACLEODS PHARMACEUTICALS LTD,lab_antiguo,cobeca,lab,no,MEMANTINA TAB 10MG X28 CR CCM,https://mav.farmaciasaas.com/api/images/articulos/DISTRIBUCION/22396.jpg
38444,ME43017/3,MEMANTINA CLORHIDRATO 10 MG X 14 TABLETAS RECUBIERTAS,MEMANTINA CLORHIDRATO,Memantina,TABLETAS,MACLEODS PHARMACEUTICALS LTD,lab_antiguo,cobeca,lab,no,MEMANTINA TAB REC 10MG X14 BIU,https://mav.farmaciasaas.com/api/images/articulos/DISTRIBUCION/26136.jpg
38446,MI4470,FRICSOL 10 % - 10 % LINIMENTO,FRICSOL,Mentol - Salicilato Metilo,UNGUENTO,LABORATORIOS FARMA S.A.,lab_antiguo,cobeca,lab,no,MENTOL UNG 25G LYA,https://mav.farmaciasaas.com/api/images/articulos/DISTRIBUCION/25460.jpg
38447,HO34365,MEROPENEM 1 G X 10 AMPOLLAS,MEROPENEM,Meropenem,INYECTABLE,VITALIS S.A.C.I.,no_match_fuentes,,,,,
38448,HO42154,MEROPENEM 1 G - 0.5 G X 1 AMPOLLA,MEROPENEM,,INYECTABLE,REYOUNG PHARMACEUTICAL CO. LTD,lab_antiguo,cobeca,lab,no,"MEROPENEM PVO SOL INY 0,5G VIAL X1 DIST",https://mav.farmaciasaas.com/api/images/articulos/DISTRIBUCION/51939.jpg
38451,HO21983/3,DIPIRONA 1 G / 2 ML X 5 AMPOLLAS,DIPIRONA,,INYECTABLE,LABORATORIOS VALMOR C.A.,no_match_fuentes,,,,,
38452,ME37735,CLORHIDRATO DE METFORMINA 500 MG X 30 TABLETAS RECUBIERTAS,CLORHIDRATO DE METFORMINA,Metformina,TABLETAS,EMPRESA LABORATORIOS MEDSOL,lab_antiguo,cobeca,lab,no,METFORMINA TAB 500MG X30 ANG/H,https://mav.farmaciasaas.com/api/images/articulos/DISTRIBUCION/20433.jpg
38454,ME43925/2,METFORMINA CLORHIDRATO 850 MG X 14 TABLETAS RECUBIERTAS,METFORMINA CLORHIDRATO,(+)-tetrabenazina - Metformina,TABLETAS,LABORATORIO PLUSANDEX DE FARMACEUTICOS UNIDOS PLUSANDEX C.A.,no_match_fuentes,,,,,
38455,ME43925/3,METFORMINA CLORHIDRATO 850 MG X 28 TABLETAS RECUBIERTAS,METFORMINA CLORHIDRATO,(+)-tetrabenazina - Metformina,TABLETAS,LABORATORIO PLUSANDEX DE FARMACEUTICOS UNIDOS PLUSANDEX C.A.,lab_y_mol,cobeca,lab|base,si,METFORMINA TAB 850MG X28 CLX,https://mav.farmaciasaas.com/api/images/articulos/DISTRIBUCION/3913.jpg
38456,ME42410,METFORMINA CLORHIDRATO 1000 MG X 30 TABLETAS RECUBIERTAS,METFORMINA CLORHIDRATO,Metformina,TABLETAS,LEK PHARMACEUTICALS D.D,lab_antiguo,cobeca,lab,no,METFORMINA TAB LP 1000MG X30 CR LATT,https://mav.farmaciasaas.com/api/images/articulos/DISTRIBUCION/52951.jpg
38458,ME36815,METFORMINA 500 MG X 30 TABLETAS RECUBIERTAS,METFORMINA,,TABLETAS,AUROBINDO PHARMA LIMITED,lab_antiguo,cobeca,lab,no,METFORMINA TAB 500MG X30 ANG/H,https://mav.farmaciasaas.com/api/images/articulos/DISTRIBUCION/20433.jpg
38460,ME37538,METFORMINA CLORHIDRATO 500 MG X 30 TABLETAS RECUBIERTAS,METFORMINA CLORHIDRATO,Metformina,TABLETAS,BAROQUE PHARMACEUTICALS PVT. LTD.,lab_antiguo,cobeca,lab,no,METFORMINA TAB 500MG X30 ANG/H,https://mav.farmaciasaas.com/api/images/articulos/DISTRIBUCION/20433.jpg
38461,ME32508/3,METFORMINA CLORHIDRATO 850 MG X 30 TABLETAS,METFORMINA CLORHIDRATO,,TABLETAS,CALOX INTERNATIONAL C.A.,lab_antiguo,cobeca,lab,no,METFORMINA TAB 850MG X 30 ANGELUS,https://mav.farmaciasaas.com/api/images/articulos/DISTRIBUCION/28530.jpg
38463,MI41036,SITAGLIPTINA-METFORMINA CLORHIDRATO 50 MG-1000 MG X 30 COMP RECUBIERTOS,SITAGLIPTINA-METFORMINA CLORHIDRATO,,,LABORATORIOS LETI S.A.V.,no_match_fuentes,,,,,
38464,ME42625,METFORMINA CLORHIDRATO 1000 MG X 30 TABLETAS RECUBIERTAS,METFORMINA CLORHIDRATO,,TABLETAS,FLAMINGO PHARMACEUTICALS LTD,lab_antiguo,cobeca,lab,no,METFORMINA TAB LP 1000MG X30 CR LATT,https://mav.farmaciasaas.com/api/images/articulos/DISTRIBUCION/52951.jpg
38465,ME40568,SITAGLIPTINA -METFORMINA CLORHIDRATO 50 MG-500 MG X 30 COMPRIMIDOS,SITAGLIPTINA -METFORMINA CLORHIDRATO,,COMPRIMIDOS,LABORATORIOS LETI S.A.V.,lab_antiguo,cobeca,lab,no,SITAGLIPTINA METF TAB 50/500MG X30 ANG/H,https://mav.farmaciasaas.com/api/images/articulos/DISTRIBUCION/23675.jpg
38467,HO44684,METOCLOPRAMIDA 10 MG / 2 ML X 3 AMPOLLAS,METOCLOPRAMIDA,Metoclopramida,INYECTABLE,CASA DE REPRESENTACIONES JMW C.A.,no_match_fuentes,,,,,
38469,ME36811,METOCLOPRAMIDA 10 MG X 10 TABLETAS,METOCLOPRAMIDA,Metoclopramida,TABLETAS,CORPORACION INFARMASA S.A.,no_match_fuentes,,,,,
38470,ME37626,BETALOCZOK 47.5 MG X 30 COMPRIMIDOS DE LIBERACION CONTROLADA,BETALOCZOK,Metoprolol,COMPRIMIDOS,ASTRAZENECA AB.,no_match_fuentes,,,,,
38472,ME29532/3,METREN 500 MG X 15 CAPSULAS BLANDAS VAGINALES,METREN,Metronidazol,CAPSULAS,LABORATORIOS SIEGFRIED S.A.,lab_antiguo,cobeca,lab,no,METRONIDAZOL INF IV 500MG/100ML GLOB MED,https://mav.farmaciasaas.com/api/images/articulos/DISTRIBUCION/29802.jpg
38475,ME42520,METRONIDAZOL 0.75 % GEL,METRONIDAZOL,Metronidazol,GEL,LABORATORIOS SPEFAR VENEZOLANOS S.A.,no_match_fuentes,,,,,
38476,HO42390,METRONIDAZOL 500 MG / 100 ML SOLUCION PARA INFUSION.,METRONIDAZOL,,INYECTABLE,SHANDONG SHENGLU PHARMACEUTICAL CO. LTD,lab_antiguo,cobeca,lab,no,METRONIDAZOL SOL INY 500MG/100ML IPS,https://mav.farmaciasaas.com/api/images/articulos/DISTRIBUCION/21360.jpg
38477,ME42530,METRONIDAZOL 500 MG X 10 OVULOS VAGINALES,METRONIDAZOL,Metronidazol,OVULOS,BLISS GVS PHARMA LTD,no_match_fuentes,,,,,
38478,HO33361,METRONIDAZOL 500 MG / 100 ML SOLUCION PARA INFUSION INTRAVENOSA,METRONIDAZOL,Metronidazol,INYECTABLE,LABORATORIO BIOGALENIC C.A.,no_match_fuentes,,,,,
38482,ME28549/3,METRONIDAZOL 500 MG X 30 TABLETAS,METRONIDAZOL,Metronidazol,TABLETAS,LABORATORIO LA SANTE C.A.,no_match_fuentes,,,,,
38483,ME43038,METRONIDAZOL 500 MG X 30 TABLETAS,METRONIDAZOL,Metronidazol,TABLETAS,JIANGXI XIER KANGTAI PHARMACEUTICAL CO. LTD,no_match_fuentes,,,,,
38484,ME43956,METRONIDAZOL - MICONAZOL 750 MG - 200 MG X 6 OVULOS,METRONIDAZOL - MICONAZOL,Metronidazol - Miconazol,OVULOS,BLISS GVS PHARMA LTD,no_match_fuentes,,,,,
38487,ME34758,MICROSER 16 MG X 20 TABLETAS,MICROSER,Betahistina,TABLETAS,TECNANDINA S.A.,lab_antiguo,cobeca,lab,no,BETAHISTINA TAB 16MG X20 FMED,https://mav.farmaciasaas.com/api/images/articulos/DISTRIBUCION/51762.jpg
38495,ME22476/2,MIOVIT X 10 COMPRIMIDOS RECUBIERTOS,MIOVIT X,,COMPRIMIDOS,LABORATORIO COFASA S.A.,no_match_fuentes,,,,,
38496,ME22476/3,MIOVIT X 30 COMPRIMIDOS RECUBIERTOS,MIOVIT X,,COMPRIMIDOS,LABORATORIO COFASA S.A.,no_match_fuentes,,,,,
38497,ME43809,VERNATE 0.05 % CREMA,VERNATE,Clobetasol Propionato,CREMA,BIOTECH LABORATORIOS C.A.,lab_antiguo,cobeca,lab,si,"CLOBETASOL PROPIONAT CREM 0,05% 20G CLX",https://mav.farmaciasaas.com/api/images/articulos/DISTRIBUCION/90441.jpg
38498,ME43124,MIRTAZAPINA 15 MG X 30 TABLETAS RECUBIERTAS,MIRTAZAPINA,Mirtazapina,TABLETAS,RONALD PHARMACEUTICALS PVT. LTD.,no_match_fuentes,,,,,
38499,ME37308,MIRTAZAPINA 30 MG X 30 TABLETAS RECUBIERTAS,MIRTAZAPINA,Mirtazapina,TABLETAS,NOVARTIS LIMITED . BANGLADESH,no_match_fuentes,,,,,
38501,ME43794/2,MIRTAZAVAL 15 MG X 10 TABLETAS RECUBIERTAS,MIRTAZAVAL,Mirtazapina,TABLETAS,LABORATORIOS VALMOR C.A.,no_match_fuentes,,,,,
38503,ME42742,MISULVAN FORTE 30 MG - 5 MG / 5 ML SOLUCION ORAL,MISULVAN FORTE,Ambroxol - Loratadina,SOLUCION ORAL,LABORATORIO PLUSANDEX DE FARMACEUTICOS UNIDOS PLUSANDEX C.A.,molecula_mono_combo,cobeca,base,no,"MISULVAN GTS 7,5MG 30ML PLX",https://mav.farmaciasaas.com/api/images/articulos/DISTRIBUCION/6882.jpg
38506,ME35286,MONTELUKAST 5 MG X 30 TABLETAS MASTICABLES,MONTELUKAST,Montelukast,TABLETAS,CALOX INTERNATIONAL C.A.,no_match_fuentes,,,,,
38509,ME39173,MONTRAX 4 MG X 10 TABLETAS MASTICABLES,MONTRAX,,TABLETAS,BIOTECH LABORATORIOS C.A.,no_match_fuentes,,,,,
38516,ME37148,MOXIFLOXACINA 400 MG X 7 TABLETAS RECUBIERTAS,MOXIFLOXACINA,Moxifloxacino,TABLETAS,LABORATORIO LA SANTE C.A.,lab_antiguo,cobeca,lab,no,MOXIFLOXACINA TAB REC 400MG X7 PHARME,https://mav.farmaciasaas.com/api/images/articulos/DISTRIBUCION/90066.jpg
38517,ME36486,MOXIFLOXACINA 400 MG X 10 COMPRIMIDOS RECUBIERTOS,MOXIFLOXACINA,Moxifloxacino,COMPRIMIDOS,SM PHARMA C.A.,lab_antiguo,cobeca,lab,no,MOXIFLOXACINA TAB 400MG X10 CR BEL,https://mav.farmaciasaas.com/api/images/articulos/DISTRIBUCION/25226.jpg
38520,ME20385,MUCOBROL 4 MG / 5 ML JARABE,MUCOBROL,,JARABE,LABORATORIO COFASA S.A.,no_match_fuentes,,,,,
38528,HO36014,N-BUTIL BROMURO DE HIOSCINA 20 MG / ML X 5 AMPOLLAS,N-BUTIL BROMURO DE HIOSCINA,,INYECTABLE,VITALIS S.A.C.I.,no_match_fuentes,,,,,
38531,ME34793,NAPROXENO 250 MG X 10 TABLETAS,NAPROXENO,Naproxeno,TABLETAS,EMPRESA LABORATORIOS MEDSOL,no_match_fuentes,,,,,
38532,ME43615,TRASS (NAPROXENO SODICO 500 MG + SUMATRIPTAN 85 MG) X 10 TABLETAS RECUBIERTAS,TRASS (NAPROXENO SODICO,Naproxeno - Sumatriptan,TABLETAS,PROCAPS S.A.,no_match_fuentes,,,,,
38534,ME31384/5,NEFROTAL H 50 MG - 12.5 MG X 30 COMPRIMIDOS RECUBIERTOS,NEFROTAL H,Hidroclorotiazida - Losartan,COMPRIMIDOS,MEGALABS S.A.,lab_antiguo,cobeca,lab,no,"HIDROCLOROTIAZIDA TAB 12,5MG X30 PHARME",https://mav.farmaciasaas.com/api/images/articulos/DISTRIBUCION/53195.jpg
38535,ME31384/4,NEFROTAL H 50 MG - 12.5 MG X 15 COMPRIMIDOS RECUBIERTOS,NEFROTAL H,Hidroclorotiazida - Losartan,COMPRIMIDOS,MEGALABS S.A.,lab_antiguo,cobeca,lab,no,"LOSARTAN/HCT TAB 50/12,5MG X15 PHARME",https://mav.farmaciasaas.com/api/images/articulos/DISTRIBUCION/90067.jpg
38536,ME31384/2,NEFROTAL H 50 MG - 12.5 MG X 10 COMPRIMIDOS RECUBIERTOS,NEFROTAL H,Hidroclorotiazida - Losartan,COMPRIMIDOS,MEGALABS S.A.,lab_antiguo,cobeca,lab,si,"LOSARTAN POTA/HCT 50/12,5MG X10 KIMIC",https://mav.farmaciasaas.com/api/images/articulos/DISTRIBUCION/93777.jpg
38542,ME43802,CORIOSYL 500 U.I. - 3.5 MG - 10.000 U.I. / G UNGUENTO,CORIOSYL,Bacitracina - Neomicina - Polimixina B,UNGUENTO,LABORATORIOS LETI S.A.V.,no_match_fuentes,,,,,
38543,HO7099/2,NEOSTIGMINA 0.5 MG / ML X 3 AMPOLLAS,NEOSTIGMINA,,INYECTABLE,MEGALABS S.A.,no_match_fuentes,,,,,
38544,HO7099/3,NEOSTIGMINA 0.5 MG / ML X 6 AMPOLLAS,NEOSTIGMINA,,INYECTABLE,MEGALABS S.A.,no_match_fuentes,,,,,
38549,ME38421/3,NEURIXA 75 MG X 21 CAPSULAS,NEURIXA,Pregabalina,CAPSULAS,LABORATORIOS FARMA S.A.,no_match_fuentes,,,,,
38550,ME43041,NEUROMIX X 30 SOLUCION ORAL,NEUROMIX X,Cianocobalamina - Nicotinamida - Piridoxina - Riboflavina - Tiamina,SOLUCION ORAL,LABORATORIOS LETI S.A.V.,no_match_fuentes,,,,,
38551,ME42077,NEVAC 0.1 % SUSPENSION OFTALMICA,NEVAC,Nepafenaco,SUSPENSION ORAL,LABORATORIOS L.O. OFTALMI C.A.,no_match_fuentes,,,,,
38552,ME28779,NIFEDIPINA 10 MG X 14 CAPSULAS,NIFEDIPINA,Nifedipino,CAPSULAS,LABORATORIO LA SANTE C.A.,lab_antiguo,cobeca,lab,no,NIFEDIPINA CAP 10MG X14 PHARME,https://mav.farmaciasaas.com/api/images/articulos/DISTRIBUCION/27546.jpg
38554,ME25984/2,NIFEDIPINA 10 MG X 10 COMPRIMIDOS DISPERSABLES,NIFEDIPINA,Nifedipino,COMPRIMIDOS,LABORATORIOS LETI S.A.V.,solo_farmanselmo,farmanselmo,lab,no,NIFEDIPINA 10 MG X10 TABLETAS LAND (E),https://pccentro.net.ve/img/s/5/9/8/4/5/59845-large_default.webp
38555,ME43990,NIFEDIPINO 10 MG X 30 TABLETAS RECUBIERTAS,NIFEDIPINO,Nifedipino,TABLETAS,ANG LIFESCIENCES INDIA LTD,no_match_fuentes,,,,,
38558,ME39909,NIPE 100 MG - 0.25 MG / ML X 6 SOLUCION ORAL EN GOTAS,NIPE,Acetaminofen,SOLUCION ORAL,LABORATORIOS VARGAS S.A.,no_match_fuentes,,,,,
38559,ME44261,NISTATINA 100.000 UI / ML SUSPENSION,NISTATINA,Nistatina,SUSPENSION ORAL,ASPEN BIOPHARMA LABS PVT. LTD.,no_match_fuentes,,,,,
38561,ME37921,NITAZOXANIDA 500 MG X 6 TABLETAS RECUBIERTAS,NITAZOXANIDA,,TABLETAS,LABORATORIO LA SANTE C.A.,no_match_fuentes,,,,,
38562,ME43051/3,NITROFURANTOINA 100 MG X 300 TABLETAS RECUBIERTAS,NITROFURANTOINA,Nitrofurantoina,TABLETAS,RONALD PHARMACEUTICALS PVT. LTD.,no_match_fuentes,,,,,
38563,ME43051/2,NITROFURANTOINA 100 MG X 10 TABLETAS RECUBIERTAS,NITROFURANTOINA,Nitrofurantoina,TABLETAS,RONALD PHARMACEUTICALS PVT. LTD.,no_match_fuentes,,,,,
38564,ME44220/2,NITROFURANTOINA 50 MG X 10 TABLETAS RECUBIERTAS,NITROFURANTOINA,,TABLETAS,CALOX INTERNATIONAL C.A.,lab_antiguo,cobeca,lab,no,NITROFURANTOINA TAB 50MG X10 KMP,https://mav.farmaciasaas.com/api/images/articulos/DISTRIBUCION/53552.jpg
38566,ME34437,NITROFURAZONA 0.2 % CREMA,NITROFURAZONA,Nitrofurazona,CREMA,EMPRESA LABORATORIO FARMACEUTICO ROBERTO ESCUDERO UNIDAD EMPRESARIAL DE BASE (UEB) PRODUCCION DE SEMISOLIDOS,no_match_fuentes,,,,,
38577,ME27271/2,NOTOLAC 20 MG X 4 TABLETAS,NOTOLAC,,TABLETAS,LABORATORIOS FARMA S.A.,no_match_fuentes,,,,,
38580,ME37707,NYTAXIN 500 MG X 6 CAPSULAS BLANDAS,NYTAXIN,,CAPSULAS,PROCAPS S.A.,no_match_fuentes,,,,,
38581,ME43411,PREDNISOLONA ACETATO 1 % SUSPENSION OFTALMICA,PREDNISOLONA ACETATO,,SUSPENSION ORAL,LABORATORIOS L.O. OFTALMI C.A.,lab_antiguo,cobeca,lab,no,PREDNISOLONA SOL ORAL 3MG/ML 60ML DAC,https://mav.farmaciasaas.com/api/images/articulos/DISTRIBUCION/53054.jpg
38585,ME26287,OFTERRA UNGUENTO OFTALMICO,OFTERRA UNGUENTO OFTALMICO,,UNGUENTO,LABORATORIOS L.O. OFTALMI C.A.,no_match_fuentes,,,,,
38586,ME42964,OLANZAPINA 5 MG X 30 TABLETAS ORODISPERSABLES,OLANZAPINA,Olanzapina,TABLETAS,PSICOFARMA S.A. DE C.V,no_match_fuentes,,,,,
38589,ME40904,OLMESARTAN MEDOXOMIL 40 MG - HIDROLOCOTIAZIDA 12.5 MG X 30 TABLETAS RECUBIERTAS,OLMESARTAN MEDOXOMIL,,TABLETAS,LABORATORIO LA SANTE C.A.,lab_antiguo,cobeca,lab,no,OLMESARTAN MEDOXOMIL COMP/REC 40MG X 30,https://mav.farmaciasaas.com/api/images/articulos/DISTRIBUCION/99045.jpg
38590,ME42752/2,OLMESARTAN MEDOXOMILO 20 MG X 10 TABLETAS RECUBIERTAS,OLMESARTAN MEDOXOMILO,Olmesartan Medoxomilo,TABLETAS,SYNOKEM PHARMACEUTICALS LIMITED,no_match_fuentes,,,,,
38591,ME42752/3,OLMESARTAN MEDOXOMILO 20 MG X 30 TABLETAS RECUBIERTAS,OLMESARTAN MEDOXOMILO,Olmesartan Medoxomilo,TABLETAS,SYNOKEM PHARMACEUTICALS LIMITED,no_match_fuentes,,,,,
38592,ME40779,OLMESARTAN MEDOXOMIL 20 MG X 30 TABLETAS RECUBIERTAS,OLMESARTAN MEDOXOMIL,,TABLETAS,LABORATORIO LA SANTE C.A.,lab_antiguo,cobeca,lab,no,OLMESARTAN MEDOXOMIL COM/REC 20MG X 30,https://mav.farmaciasaas.com/api/images/articulos/DISTRIBUCION/99097.jpg
38593,ME42751/2,OLMESARTAN MEDOXOMILO 40 MG X 10 TABLETAS RECUBIERTAS,OLMESARTAN MEDOXOMILO,Olmesartan Medoxomilo,TABLETAS,SYNOKEM PHARMACEUTICALS LIMITED,no_match_fuentes,,,,,
38594,ME42751/3,OLMESARTAN MEDOXOMILO 40 MG X 30 TABLETAS RECUBIERTAS,OLMESARTAN MEDOXOMILO,Olmesartan Medoxomilo,TABLETAS,SYNOKEM PHARMACEUTICALS LIMITED,no_match_fuentes,,,,,
38596,ME27785/3,OMEPRAZOL 20 MG X 10 CAPSULAS CON MICROGRANULOS ENTERICOS,OMEPRAZOL,,CAPSULAS,CALOX INTERNATIONAL C.A.,lab_antiguo,cobeca,lab,no,OMEPRAZOL CAP 20MG X10 FMED,https://mav.farmaciasaas.com/api/images/articulos/DISTRIBUCION/53303.jpg
38599,ME27785/6,OMEPRAZOL 20 MG X 30 CAPSULAS CON MICROGRANULOS ENTERICOS,OMEPRAZOL,,CAPSULAS,CALOX INTERNATIONAL C.A.,lab_antiguo,cobeca,lab,si,OMEPRAZOL CAP/MICRO G 20MG X 30 GENVEN,https://mav.farmaciasaas.com/api/images/articulos/DISTRIBUCION/29950.jpg
38600,ME27785/2,OMEPRAZOL 20 MG X 7 CAPSULAS CON MICROGRANULOS ENTERICOS,OMEPRAZOL,,CAPSULAS,CALOX INTERNATIONAL C.A.,lab_antiguo,cobeca,lab,no,OMEPRAZOL CAP 20MG X7 VARG,https://mav.farmaciasaas.com/api/images/articulos/DISTRIBUCION/20777.jpg
38603,ME43675/4,OMEPRAZOL 20 MG X 10 CAPSULAS GASTRORRESISTENTES,OMEPRAZOL,(+)-tetrabenazina - Omeprazol,CAPSULAS,K.A. MALLE PHARMACEUTICALS LTD,lab_antiguo,cobeca,lab,no,OMEPRAZOL CAP 20MG X10 FMED,https://mav.farmaciasaas.com/api/images/articulos/DISTRIBUCION/53303.jpg
38604,ME43675/5,OMEPRAZOL 20 MG X 20 CAPSULAS GASTRORRESISTENTES,OMEPRAZOL,(+)-tetrabenazina - Omeprazol,CAPSULAS,K.A. MALLE PHARMACEUTICALS LTD,lab_y_mol,cobeca,lab|base,no,OMEPRAZOL CAP 20MG X20 CR DAC,https://mav.farmaciasaas.com/api/images/articulos/DISTRIBUCION/20938.jpg
38605,ME43675/6,OMEPRAZOL 20 MG X 30 CAPSULAS GASTRORRESISTENTES,OMEPRAZOL,(+)-tetrabenazina - Omeprazol,CAPSULAS,K.A. MALLE PHARMACEUTICALS LTD,lab_y_mol,cobeca,lab|base,si,OMEPRAZOL CAP/MICRO G 20MG X 30 GENVEN,https://mav.farmaciasaas.com/api/images/articulos/DISTRIBUCION/29950.jpg
38606,ME43675/2,OMEPRAZOL 20 MG X 7 CAPSULAS GASTRORRESISTENTES,OMEPRAZOL,(+)-tetrabenazina - Omeprazol,CAPSULAS,K.A. MALLE PHARMACEUTICALS LTD,lab_y_mol,cobeca,lab|base,no,OMEPRAZOL CAP 20MG X7 VARG,https://mav.farmaciasaas.com/api/images/articulos/DISTRIBUCION/20777.jpg
38607,ME43675/3,OMEPRAZOL 20 MG X 8 CAPSULAS GASTRORRESISTENTES,OMEPRAZOL,(+)-tetrabenazina - Omeprazol,CAPSULAS,K.A. MALLE PHARMACEUTICALS LTD,lab_y_mol,cobeca,lab|base,si,OMEPRAZOL CAP 20MG X8 LETI,https://mav.farmaciasaas.com/api/images/articulos/DISTRIBUCION/6497.jpg
38608,ME42404/3,OMEPRAZOL 40 MG X 30 CAPSULAS CON MICROGRANULOS GASTRORRESISTENTES,OMEPRAZOL,,CAPSULAS,LABORATORIO LA SANTE C.A.,lab_antiguo,cobeca,lab,si,OMEPRAZOL CAP 40MG X 30 OFTALMI,https://mav.farmaciasaas.com/api/images/articulos/DISTRIBUCION/50576.jpg
38609,ME42404/2,OMEPRAZOL 40 MG X 7 CAPSULAS CON MICROGRANULOS GASTRORRESISTENTES,OMEPRAZOL,,CAPSULAS,LABORATORIO LA SANTE C.A.,lab_antiguo,cobeca,lab,si,OMEPRAZOL CAP 40MG X 7 OFTALMI,https://mav.farmaciasaas.com/api/images/articulos/DISTRIBUCION/29583.jpg
38610,ME41965/3,OMEPRAZOL 40 MG X 30 CAPSULAS GASTRORRESISTENTES,OMEPRAZOL,,CAPSULAS,LABORATORIOS LETI S.A.V.,lab_antiguo,cobeca,lab,si,OMEPRAZOL CAP 40MG X 30 OFTALMI,https://mav.farmaciasaas.com/api/images/articulos/DISTRIBUCION/50576.jpg
38613,HO33836,OMEPRAZOL 40 MG X 1 AMPOLLA,OMEPRAZOL,Omeprazol,INYECTABLE,VITALIS S.A.C.I.,no_match_fuentes,,,,,
38614,ME1221,OMMUNAL (LISADO BACTERIANO) 7 MG X 10 CAPSULAS,OMMUNAL (LISADO BACTERIANO),,CAPSULAS,OM PHARMA SA,lab_antiguo,cobeca,lab,no,OMMUNAL CAP 7MG X10 LETI,https://mav.farmaciasaas.com/api/images/articulos/DISTRIBUCION/6053.jpg
38617,HO37763/2,ONDANSETRON 8 MG / 4 ML X 1 AMPOLLA,ONDANSETRON,,INYECTABLE,EMPRESA LABORATORIOS AICA,lab_antiguo,cobeca,lab,no,ONDANSETRON SOL INY IM/IV 8MG/4ML X1 ADN,https://mav.farmaciasaas.com/api/images/articulos/DISTRIBUCION/53239.jpg
38618,HO37763/3,ONDANSETRON 8 MG / 4 ML X 5 AMPOLLAS,ONDANSETRON,,INYECTABLE,EMPRESA LABORATORIOS AICA,lab_antiguo,cobeca,lab,no,ONDANSETRON INY IV/IM 8MG/4ML X5 DIST,https://mav.farmaciasaas.com/api/images/articulos/DISTRIBUCION/52480.jpg
38622,HO35150/3,ONDATRIN 2 MG / ML X 5 AMPOLLAS,ONDATRIN,Ondansetron,INYECTABLE,LABORATORIO BEHRENS C.A.,no_match_fuentes,,,,,
38623,ME44637,SUEROLITO ZINC 75 MEQ / L SOLUCION ELECTROLITICA USO ORAL SABOR A FRUTAS TROPICALES,SUEROLITO ZINC,Dextrosa - Zinc,SOLUCION ORAL,LABORATORIOS BALKER C.A.,lab_antiguo,cobeca,lab,no,SERUM DERNIER NIACINAMIDA/ZINC X 30G,https://mav.farmaciasaas.com/api/images/articulos/DISTRIBUCION/28492.jpg
38627,ME36024,ORLISTAT 120 MG X 30 CAPSULAS,ORLISTAT,Orlistat,CAPSULAS,LABORATORIOS LETI S.A.V.,no_match_fuentes,,,,,
38628,ME8463,OTANOL 50 MG / ML SOLUCION OTICA,OTANOL,,SOLUCION OTICA,LABORATORIO ETICOS ETIFAR C.A.,no_match_fuentes,,,,,
38629,ME43862,OXCARBAZEPINA 300 MG X 30 TABLETAS RECUBIERTAS,OXCARBAZEPINA,Oxcarbazepina,TABLETAS,JIANGXI SYNERGY PHARMACEUTICAL CO. LTD,no_match_fuentes,,,,,
38631,ME25936,OXOLAMINA JARABE,OXOLAMINA JARABE,,JARABE,LABORATORIOS ELMOR S.A.,lab_antiguo,cobeca,lab,no,OXOLAMINA JBE PED 120ML VLM,https://mav.farmaciasaas.com/api/images/articulos/DISTRIBUCION/2771.jpg
38632,ME26219,OXOLAMINA CITRATO 50 MG / 5 ML JARABE,OXOLAMINA CITRATO,,JARABE,LABORATORIOS SPEFAR VENEZOLANOS S.A.,no_match_fuentes,,,,,
38633,HO41149,PALONOSETRON 0.25 MG / 5 ML SOLUCION INYECTABLE,PALONOSETRON,Palonosetron,INYECTABLE,DIF S.A.,no_match_fuentes,,,,,
38635,HO39516,PANTOPRAZOL 40 MG X 1 AMPOLLA,PANTOPRAZOL,,INYECTABLE,WEXFORD LABORATORIES PVT. LTD.,no_match_fuentes,,,,,
38636,ME43468,PANTOPRAZOL 40 MG X 7 TABLETAS DE LIBERACION RETARDADA,PANTOPRAZOL,,TABLETAS,REMUS PHARMACEUTICALS PVT. LTD.,lab_antiguo,cobeca,lab,no,PANTOPRAZOL TAB 40MG X7 ALESS,https://mav.farmaciasaas.com/api/images/articulos/DISTRIBUCION/20517.jpg
38637,ME44653,ATAREM 100 MG / 5 ML SOLUCION ORAL,ATAREM,Paracetamol,SOLUCION ORAL,LABORATORIOS SIEGFRIED S.A.,lab_antiguo,cobeca,lab,no,PARACETAMOL GTS 100MG/ML 10ML PORTU,https://mav.farmaciasaas.com/api/images/articulos/DISTRIBUCION/23735.jpg
38638,HO44116,PARACETAMOL 1 G / 100 ML SOLUCION PARA INFUSION,PARACETAMOL,Paracetamol,INYECTABLE,SHIJIAZHUANG NO 4 PHARMACEUTICAL CO. LTD,no_match_fuentes,,,,,
38639,ME37850,PAROXETINA 20 MG X 30 COMPRIMIDOS RECUBIERTAS,PAROXETINA,Paroxetina,COMPRIMIDOS,KERN PHARMA S.L.,no_match_fuentes,,,,,
38643,ME42399,PASOLAX POLVO PARA SOLUCION ORAL,PASOLAX POLVO PARA SOLUCION ORAL,,POLVO PARA RECONSTITUCION,LABORATORIOS SIEGFRIED S.A.,no_match_fuentes,,,,,
38644,ME34116,PAXIL CR 25 MG X 30 TABLETAS DE LIBERACION CONTROLADA,PAXIL CR,Paroxetina,TABLETAS,GLAXOSMITHKLINE INC,no_match_fuentes,,,,,
38647,ME39670/3,PEGYT 150 MG X 30 CAPSULAS,PEGYT,Pregabalina,CAPSULAS,LABORATORIOS LETI S.A.V.,lab_antiguo,cobeca,lab,no,PREGABALINA CAP 150MG X30 ALESS,https://mav.farmaciasaas.com/api/images/articulos/DISTRIBUCION/52772.jpg
38650,HO38517,PENTOXIFILINA 300 MG / 15 ML X 5 AMPOLLAS,PENTOXIFILINA,Pentoxifilina,INYECTABLE,EMPRESA LABORATORIOS AICA,no_match_fuentes,,,,,
38651,ME27020,PENTOXIFILINA 400 MG X 30 COMPRIMIDOS RECUBIERTOS DE ACCION PROLONGADA,PENTOXIFILINA,Pentoxifilina,COMPRIMIDOS,LABORATORIOS LETI S.A.V.,no_match_fuentes,,,,,
38652,ME44126,PEPTO-BISMOL 525 MG / 30 ML SUSPENSION ORAL,PEPTO-BISMOL,,SOLUCION ORAL,LABORATORIOS FARMA S.A.,no_match_fuentes,,,,,
38653,ME12460,PEREBRON 28 MG / 5 ML JARABE SABOR A FRAMBUESA,PEREBRON,,JARABE,LABORATORIOS ELMOR S.A.,no_match_fuentes,,,,,
38654,ME41148,PEREBRON 28 MG / 5 ML JARABE SABOR MIEL - LIMON,PEREBRON,,JARABE,LABORATORIOS ELMOR S.A.,no_match_fuentes,,,,,
38656,ME42593,PEROXIDO DE BENZOILO 2.5 % GEL,PEROXIDO DE BENZOILO,Benzoilo Peroxido,GEL,AUROCHEM LABORATORIES (INDIA) PVT. LTD.,no_match_fuentes,,,,,
38663,ME37698/2,PINAVERIUM BROMURO 100 MG X 20 TABLETAS RECUBIERTAS,PINAVERIUM BROMURO,,TABLETAS,CALOX INTERNATIONAL C.A.,no_match_fuentes,,,,,
38664,ME37698/3,PINAVERIUM BROMURO 100 MG X 30 TABLETAS RECUBIERTAS,PINAVERIUM BROMURO,,TABLETAS,CALOX INTERNATIONAL C.A.,no_match_fuentes,,,,,
38668,ME34513,BREINOX 400 MG X 30 TABLETAS,BREINOX,Piracetam,TABLETAS,LABORATORIOS FARMA S.A.,lab_antiguo,cobeca,lab,no,PIRACETAM TAB 400MG X30 CR MT,https://mav.farmaciasaas.com/api/images/articulos/DISTRIBUCION/50807.jpg
38669,ME23852,PIROXICAM 20 MG X 10 CAPSULAS,PIROXICAM,Piroxicam,CAPSULAS,LABORATORIO LA SANTE C.A.,no_match_fuentes,,,,,
38674,ME8400,OTODON 2 % - 5 % SOLUCION GOTAS USO OTICO.,OTODON,,GOTAS,ORGANIFAR S.A.,no_match_fuentes,,,,,
38682,ME44096,PRENIL 3 MG / 1 ML SOLUCION ORAL,PRENIL,Prednisolona,SOLUCION ORAL,LABORATORIOS LEGRAND S.A.,lab_antiguo,cobeca,lab,no,PREDNISOLONA SOL ORAL 3MG/ML 60ML DAC,https://mav.farmaciasaas.com/api/images/articulos/DISTRIBUCION/53054.jpg
38683,ME43177,PREDNISOLONA ACETATO 1 % SUSPENSION OFTALMICA,PREDNISOLONA ACETATO,Prednisolona,SOLUCION OFTALMICA,INDIANA OPHTHALMICS,lab_antiguo,cobeca,lab,no,PREDNISOLONA SUSP/OFT 1% X 5ML OFTALMI,https://mav.farmaciasaas.com/api/images/articulos/DISTRIBUCION/29565.jpg
38684,ME43039/2,PREDNISOLONA 5 MG X 10 TABLETAS,PREDNISOLONA,,TABLETAS,JIANGXI XIER KANGTAI PHARMACEUTICAL CO. LTD,lab_antiguo,cobeca,lab,no,PREDNISOLONA TAB 5 MG X 10 KMPLUS,https://mav.farmaciasaas.com/api/images/articulos/23776.jpg
38685,ME43039/3,PREDNISOLONA 5 MG X 30 TABLETAS,PREDNISOLONA,,TABLETAS,JIANGXI XIER KANGTAI PHARMACEUTICAL CO. LTD,lab_antiguo,cobeca,lab,no,PREDNISOLONA TAB 5MG X30 ANG/H,https://mav.farmaciasaas.com/api/images/articulos/DISTRIBUCION/21369.jpg
38686,ME42866/2,PREDNISOLONA 5 MG X 10 TABLETAS,PREDNISOLONA,Prednisolona,TABLETAS,RONALD PHARMACEUTICALS PVT. LTD.,no_match_fuentes,,,,,
38687,ME42866/3,PREDNISOLONA 5 MG X 30 TABLETAS,PREDNISOLONA,Prednisolona,TABLETAS,RONALD PHARMACEUTICALS PVT. LTD.,no_match_fuentes,,,,,
38691,ME12419/4,PREDNISONA 5 MG X 100 TABLETAS,PREDNISONA,Prednisona,TABLETAS,CALOX INTERNATIONAL C.A.,no_match_fuentes,,,,,
38694,ME42570/3,PREGABALINA 150 MG X 30 CAPSULAS,PREGABALINA,Pregabalina,CAPSULAS,REMUS PHARMACEUTICALS PVT. LTD.,no_match_fuentes,,,,,
38695,ME42570/2,PREGABALINA 150 MG X 20 CAPSULAS,PREGABALINA,Pregabalina,CAPSULAS,REMUS PHARMACEUTICALS PVT. LTD.,no_match_fuentes,,,,,
38696,ME44579/3,PREGALIS 75 MG X 30 CAPSULAS,PREGALIS,Pregabalina,CAPSULAS,PINNACLE LIFE SCIENCE PVT. LTD.,lab_antiguo,cobeca,lab,no,PREGABALINA CAP 75MG X30 PHARMA,https://mav.farmaciasaas.com/api/images/articulos/DISTRIBUCION/27604.jpg
38697,ME44579/2,PREGALIS 75 MG X 14 CAPSULAS,PREGALIS,Pregabalina,CAPSULAS,PINNACLE LIFE SCIENCE PVT. LTD.,no_match_fuentes,,,,,
38701,ME14671,PREVERAL CON CODEINA JARABE,PREVERAL CON CODEINA JARABE,,JARABE,LABORATORIOS WYETH S.A.,lab_antiguo,cobeca,lab,no,PREVERAL C/DEXTRO JBE REFORM 120ML VARG,https://mav.farmaciasaas.com/api/images/articulos/DISTRIBUCION/99589.jpg
38702,ME39191,PROPRANOLOL 40 MG X 20 TABLETAS,PROPRANOLOL,,TABLETAS,LABORATORIOS ALFA C X A,lab_antiguo,cobeca,lab,no,PROPRANOLOL CLORH COM 40MG X 20 MILAB,https://mav.farmaciasaas.com/api/images/articulos/DISTRIBUCION/50368.jpg
38705,ME40343,PROVICAR 2 G / 10 ML SOLUCION ORAL,PROVICAR,,SOLUCION ORAL,LABORATORIOS ELMOR S.A.,no_match_fuentes,,,,,
38708,ME43431/2,QUETIAPINA 100 MG X 10 TABLETAS RECUBIERTAS,QUETIAPINA,,TABLETAS,PINNACLE LIFE SCIENCE PVT. LTD.,lab_antiguo,cobeca,lab,no,QUETIAPINA TAB 100MG X 10 FARMAMED,https://mav.farmaciasaas.com/api/images/articulos/DISTRIBUCION/50162.jpg
38709,ME43431/3,QUETIAPINA 100 MG X 30 TABLETAS RECUBIERTAS,QUETIAPINA,,TABLETAS,PINNACLE LIFE SCIENCE PVT. LTD.,lab_antiguo,cobeca,lab,no,QUETIAPINA TAB 100MG X30 PHARMA,https://mav.farmaciasaas.com/api/images/articulos/DISTRIBUCION/27607.jpg
38710,ME43426,QUETIAPINA 25 MG X 30 TABLETAS RECUBIERTAS,QUETIAPINA,,TABLETAS,PINNACLE LIFE SCIENCE PVT. LTD.,lab_antiguo,cobeca,lab,no,QUETIAPINA TAB 25MG X30 PHARMA,https://mav.farmaciasaas.com/api/images/articulos/DISTRIBUCION/27606.jpg
38711,ME39822,QUETIAZIC 300 MG X 30 COMPRIMIDOS RECUBIERTOS,QUETIAZIC,Quetiapina,COMPRIMIDOS,MONTE VERDE S.A.,lab_antiguo,cobeca,lab,no,QUETIAPINA TAB 300MG X30 CR MT,https://mav.farmaciasaas.com/api/images/articulos/DISTRIBUCION/51310.jpg
38716,ME29673,OTIRILIN 4 % - 1 % SOLUCION OTICA,OTIRILIN,,SOLUCION OTICA,BIOCODEX,no_match_fuentes,,,,,
38718,ME37058,RAMIPRIL 2.5 MG X 30 COMPRIMIDOS,RAMIPRIL,Ramipril,COMPRIMIDOS,LABORATORIOS SPEFAR VENEZOLANOS S.A.,no_match_fuentes,,,,,
38719,HO30929,RANITIDINA 50 MG / 2 ML X 10 AMPOLLAS,RANITIDINA,Ranitidina,INYECTABLE,LABORATORIO COFASA S.A.,no_match_fuentes,,,,,
38720,ME26538,RANITIDINA 150 MG X 10 COMPRIMIDOS RECUBIERTOS,RANITIDINA,Ranitidina,COMPRIMIDOS,LABORATORIOS LETI S.A.V.,no_match_fuentes,,,,,
38721,ME31884,RANITIDINA 300 MG X 10 TABLETAS,RANITIDINA,Ranitidina,TABLETAS,CALOX INTERNATIONAL C.A.,no_match_fuentes,,,,,
38723,ME43467,RESEQUIL 0.1 % LOCION TOPICA,RESEQUIL,Mometasona Furoato,SOLUCION TOPICA,LABORATORIOS L.O. OFTALMI C.A.,no_match_fuentes,,,,,
38724,ME44650,REUMAQUINE 200 MG X 20 TABLETAS RECUBIERTAS,REUMAQUINE,Hidroxicloroquina,TABLETAS,NEEL NAYAN PHARMA PVT. LTD.,lab_antiguo,cobeca,lab,no,HIDROXICLOROQUINA TAB 200MG X20 CR MT,https://mav.farmaciasaas.com/api/images/articulos/DISTRIBUCION/27621.jpg
38730,ME39775/2,RIFAMIX 200 MG X 10 COMPRIMIDOS RECUBIERTOS,RIFAMIX,Rifaximina,COMPRIMIDOS,LABORATORIOS LETI S.A.V.,no_match_fuentes,,,,,
38731,ME40087,RINARIS 2.5 MG - 30 MG / 5 ML X 10 SOLUCION ORAL,RINARIS,,SOLUCION ORAL,LABORATORIOS FARMA S.A.,no_match_fuentes,,,,,
38732,HO1370B,SOLUCION DE RINGER LACTATO (SOLUCION DE HARTMANN) INYECTABLE,SOLUCION DE RINGER LACTATO (SOLUCION DE HARTMANN) INYECTABLE,,INYECTABLE,LABORATORIO BEHRENS C.A.,no_match_fuentes,,,,,
38733,ME43791,RINIFLU 2.5 MG / 5 ML JARABE,RINIFLU,Desloratadina,JARABE,BIOTECH LABORATORIOS C.A.,lab_antiguo,cobeca,lab,no,"DESLORATADINA JBE PED 2,5/5ML60ML PHARME",https://mav.farmaciasaas.com/api/images/articulos/DISTRIBUCION/11665.jpg
38744,ME42922,RIVAROXABAN 15 MG X 30 TABLETAS RECUBIERTAS,RIVAROXABAN,Rivaroxaban,TABLETAS,WEST-COAST PHARMACEUTICAL WORKS LTD,no_match_fuentes,,,,,
38745,ME42923/2,RIVAROXABAN 20 MG X 10 TABLETAS RECUBIERTAS,RIVAROXABAN,Rivaroxaban,TABLETAS,WEST-COAST PHARMACEUTICAL WORKS LTD,no_match_fuentes,,,,,
38746,ME42923/3,RIVAROXABAN 20 MG X 14 TABLETAS RECUBIERTAS,RIVAROXABAN,Rivaroxaban,TABLETAS,WEST-COAST PHARMACEUTICAL WORKS LTD,no_match_fuentes,,,,,
38748,ME44475,ROSUTAN 10 MG X 30 TABLETAS RECUBIERTAS,ROSUTAN,Rosuvastatina,TABLETAS,MACLEODS PHARMACEUTICALS LTD,lab_antiguo,cobeca,lab,no,ROSUVASTATINA TAB/REC 10MG X 30 LA SANT,https://mav.farmaciasaas.com/api/images/articulos/DISTRIBUCION/29584.jpg
38750,ME42632/2,ROSUVASTATINA 20 MG X 10 TABLETAS RECUBIERTAS,ROSUVASTATINA,Rosuvastatina,TABLETAS,WEST-COAST PHARMACEUTICAL WORKS LTD,no_match_fuentes,,,,,
38751,ME42632/3,ROSUVASTATINA 20 MG X 30 TABLETAS RECUBIERTAS,ROSUVASTATINA,Rosuvastatina,TABLETAS,WEST-COAST PHARMACEUTICAL WORKS LTD,no_match_fuentes,,,,,
38752,ME42676,ROSUVASTATINA 10 MG X 30 TABLETAS RECUBIERTAS,ROSUVASTATINA,Rosuvastatina,TABLETAS,HIRAL LABS LIMITED,no_match_fuentes,,,,,
38762,ME25529,SALBUTAMOL 40 MG / 100 ML JARABE,SALBUTAMOL,Salbutamol,JARABE,LABORATORIOS KIMICEG C.A.,no_match_fuentes,,,,,
38763,ME16041,SALBUTAN 100 MCG / DOSIS X 200 SUSPENSION PARA INHALACION ORAL,SALBUTAN,,SUSPENSION ORAL,GLAXO WELLCOME S.A.,no_match_fuentes,,,,,
38764,ME20265,SARIFAN COMPOSITUM 0.01 G - 0.25 G X 20 TABLETAS RECUBIERTAS,SARIFAN COMPOSITUM,,TABLETAS,C.A. PRODUCTOS RONAVA,lab_antiguo,cobeca,lab,no,SARIFAN COMP TAB X20 RNV,https://mav.farmaciasaas.com/api/images/articulos/DISTRIBUCION/4645.jpg
38765,ME38854,SAVER 200 MG / 5 ML X 37 POLVO PARA SUSPENSION ORAL,SAVER,Azitromicina,POLVO PARA RECONSTITUCION,LABORATORIOS ELMOR S.A.,no_match_fuentes,,,,,
38770,ME31560,SECNIDAZOL 1 G X 2 TABLETAS RECUBIERTAS,SECNIDAZOL,Secnidazol Anhidro,TABLETAS,LABORATORIOS KIMICEG C.A.,lab_antiguo,cobeca,lab,si,SECNIDAZOL TAB 1G X2 VIV,https://mav.farmaciasaas.com/api/images/articulos/DISTRIBUCION/8585.jpg
38775,ME37708,SELENE 100 UI - 70 MCG X 60 CAPSULAS BLANDAS,SELENE,Selenio - Vitamina A,CAPSULAS,INDUSTRIAS INTERCAPS DE VENEZUELA C.A.,lab_antiguo,cobeca,lab,no,SELENIO CAP 100MCG X60 HERB,https://mav.farmaciasaas.com/api/images/articulos/DISTRIBUCION/53124.jpg
38779,ME30171/3,SERLINE 50 MG X 30 COMPRIMIDOS,SERLINE,Sertralina,COMPRIMIDOS,MEGALABS S.A.,lab_antiguo,cobeca,lab,no,SERTRALINA TAB 50MG X30 CLEO,https://mav.farmaciasaas.com/api/images/articulos/DISTRIBUCION/25669.jpg
38781,ME32466/4,SERTRALINA 50 MG X 56 TABLETAS,SERTRALINA,Sertralina,TABLETAS,LABORATORIO LA SANTE C.A.,no_match_fuentes,,,,,
38784,ME31067/3,SERTRALINA 50 MG X 14 COMPRIMIDOS RECUBIERTOS,SERTRALINA,Sertralina,COMPRIMIDOS,LABORATORIOS LETI S.A.V.,no_match_fuentes,,,,,
38786,ME43842,SERTRALINA 50 MG X 14 TABLETAS RECUBIERTAS,SERTRALINA,Sertralina,TABLETAS,HIRAL LABS LIMITED,no_match_fuentes,,,,,
38793,ME43690/4,SILDENAFILO 50 MG X 4 TABLETAS RECUBIERTAS,SILDENAFILO,Sildenafilo,TABLETAS,LABORATORIOS L.O. OFTALMI C.A.,no_match_fuentes,,,,,
38799,ME32020,SINUTIL JARABE,SINUTIL JARABE,Acetaminofen - Cafeina,JARABE,LABORATORIOS VINCENTI C.A.,molecula_mono_combo,cobeca,base,no,SINUTIL JBE 90ML VIN,https://mav.farmaciasaas.com/api/images/articulos/DISTRIBUCION/97498.jpg
38800,ME43259/3,SITAGLIPTINA - METFORMINA CLORHIDRATO 50 MG - 500 MG X 30 TABLETAS RECUBIERTAS,SITAGLIPTINA - METFORMINA CLORHIDRATO,Metformina - Sitagliptina,TABLETAS,REMUS PHARMACEUTICALS PVT. LTD.,lab_antiguo,cobeca,lab,no,SITAGLIPTINA METF TAB 50/500MG X30 ANG/H,https://mav.farmaciasaas.com/api/images/articulos/DISTRIBUCION/23675.jpg
38801,ME43259/2,SITAGLIPTINA - METFORMINA CLORHIDRATO 50 MG - 500 MG X 10 TABLETAS RECUBIERTAS,SITAGLIPTINA - METFORMINA CLORHIDRATO,Metformina - Sitagliptina,TABLETAS,REMUS PHARMACEUTICALS PVT. LTD.,lab_antiguo,cobeca,lab,no,SITAGLIPTINA/METFOR TAB 50/500MG X10 KMP,https://mav.farmaciasaas.com/api/images/articulos/DISTRIBUCION/54216.jpg
38802,ME44367,METFORMINA CLORHIDRATO - SITAGLIPTINA 850 MG - 50 MG X 28 TABLETAS RECUBIERTAS,METFORMINA CLORHIDRATO - SITAGLIPTINA,Metformina - Sitagliptina,TABLETAS,JIANGXI SYNERGY PHARMACEUTICAL CO. LTD,lab_antiguo,cobeca,lab,no,SITAGLIPTINA/METFOR TAB 50/850MG X28 ADN,https://mav.farmaciasaas.com/api/images/articulos/DISTRIBUCION/53244.jpg
38806,ME44260,SUCRALFATO 100 MG / ML SUSPENSION ORAL,SUCRALFATO,,SOLUCION ORAL,BIOQUIMICA INTERNACIONAL C.A.,no_match_fuentes,,,,,
38807,ME43073/3,SUCRALFATO 1 G X 20 TABLETAS,SUCRALFATO,,TABLETAS,RONALD PHARMACEUTICALS PVT. LTD.,lab_antiguo,cobeca,lab,no,SUCRALFATO TAB 1G X20 KMP,https://mav.farmaciasaas.com/api/images/articulos/DISTRIBUCION/54219.jpg
38808,ME43073/2,SUCRALFATO 1 G X 10 TABLETAS,SUCRALFATO,,TABLETAS,RONALD PHARMACEUTICALS PVT. LTD.,lab_antiguo,cobeca,lab,no,SUCRALFATO TAB 1G X10 CLEO,https://mav.farmaciasaas.com/api/images/articulos/DISTRIBUCION/25675.jpg
38810,HO37696,SULFATO DE MAGNESIO 10 % SOLUCION INYECTABLE,SULFATO DE MAGNESIO,Citrato Magnesio,INYECTABLE,EMPRESA LABORATORIOS AICA,lab_antiguo,cobeca,lab,no,SULFATO D/MAGNESIO SOL INY 1MEQ X 10ML,https://mav.farmaciasaas.com/api/images/articulos/DISTRIBUCION/28880.jpg
38823,ME44534,TACROLIMUS 0.03 % UNGUENTO,TACROLIMUS,Tacrolimus,UNGUENTO,HIRAL LABS LIMITED,no_match_fuentes,,,,,
38833,ME41156/2,TALYSTO 5 MG X 10 TABLETAS MASTICABLES,TALYSTO,Tadalafilo,TABLETAS,MANUFACTURERA MUNDIAL FARMACEUTICA M.M.F. C.A.,no_match_fuentes,,,,,
38834,ME41156/3,TALYSTO 5 MG X 30 TABLETAS MASTICABLES,TALYSTO,Tadalafilo,TABLETAS,MANUFACTURERA MUNDIAL FARMACEUTICA M.M.F. C.A.,lab_antiguo,cobeca,lab,si,TADALAFILO COM/REC 5MG X 30 LETI,https://mav.farmaciasaas.com/api/images/articulos/DISTRIBUCION/50485.jpg
38838,ME18855,TAMOA 250 MG / 5 ML X 6 SUSPENSION,TAMOA,,SUSPENSION ORAL,BIOTECH LABORATORIOS C.A.,no_match_fuentes,,,,,
38841,ME30979,TAMSULON 0.4 MG X 30 CAPSULAS DE LIBERACION CONTROLADA,TAMSULON,,CAPSULAS,NOVOCAP S.A.,no_match_fuentes,,,,,
38842,ME36676/3,TAMSULOSINA HCL 0.4 MG CAPSULAS DE LIBERACION PROGRAMADA X 30 CAPSULAS,TAMSULOSINA HCL,Tamsulosina,CAPSULAS,ESPECIALIDADES DOLLDER C.A.,lab_antiguo,cobeca,lab,no,"TAMSULOSINA CAP 0,4MG X30 ALESS",https://mav.farmaciasaas.com/api/images/articulos/DISTRIBUCION/24279.jpg
38843,ME36676/2,TAMSULOSINA HCL 0.4 MG CAPSULAS DE LIBERACION PROGRAMADA X 10 CAPSULAS,TAMSULOSINA HCL,Tamsulosina,CAPSULAS,ESPECIALIDADES DOLLDER C.A.,lab_antiguo,cobeca,lab,no,"TAMSULOSINA TAMSUHEM CAP 0,4MG X10 ADN",https://mav.farmaciasaas.com/api/images/articulos/DISTRIBUCION/53254.jpg
38844,ME42589,TAMSULOSINA CLORHIDRATO 0.4 MG X 30 CAPSULAS DE LIBERACION PROLONGADA,TAMSULOSINA CLORHIDRATO,Tamsulosina,CAPSULAS,LABORATORIOS SPEFAR VENEZOLANOS S.A.,lab_antiguo,cobeca,lab,no,"TAMSULOSINA CAP 0,4MG X30 ALESS",https://mav.farmaciasaas.com/api/images/articulos/DISTRIBUCION/24279.jpg
38852,ME22980,NUELIN 80 MG / 15 ML JARABE,NUELIN,Teofilina,JARABE,LABORATORIOS VARGAS S.A.,lab_antiguo,cobeca,lab,no,TEOFILINA SOL ORAL 80MG/15ML 100ML AND,https://mav.farmaciasaas.com/api/images/articulos/DISTRIBUCION/53266.jpg
38855,ME44418/4,TERAGRIPFORTE 650 MG-20 MG-2 MG X 20 GRANULADO PARA SOLUCION ORAL,TERAGRIPFORTE,Acetaminofen - Cafeina - Clorfeniramina,SOLUCION ORAL,LABORATORIOS FARMA S.A.,no_match_fuentes,,,,,
38856,ME36877,TERBINAFINA CLORHIDRATO 1 % CREMA TOPICA,TERBINAFINA CLORHIDRATO,,CREMA,MEYER PRODUCTOS TERAPEUTICOS S.A.,lab_antiguo,cobeca,lab,si,TERBINAFINA CREM 1% 15G KIMIC,https://mav.farmaciasaas.com/api/images/articulos/DISTRIBUCION/96827.jpg
38861,ME12998,TILODRIN 4 MG / ML SOLUCION ORAL,TILODRIN,,SOLUCION ORAL,LABORATORIOS SIEGFRIED S.A.,no_match_fuentes,,,,,
38862,ME17508,TILODRIN 30 MG / 15 ML JARABE,TILODRIN,,JARABE,LABORATORIOS SIEGFRIED S.A.,no_match_fuentes,,,,,
38863,ME42959,TIMOLOL 0.5 % SOLUCION OFTALMICA,TIMOLOL,Timolol,SOLUCION OFTALMICA,CADILA PHARMACEUTICALS LIMITED,no_match_fuentes,,,,,
38868,HO27849/2,TIOCOLCHICOSIDO 4 MG / 2 ML X 1 AMPOLLA,TIOCOLCHICOSIDO,Tiocolchicosido,INYECTABLE,LABORATORIOS LETI S.A.V.,no_match_fuentes,,,,,
38869,HO27849/4,TIOCOLCHICOSIDO 4 MG / 2 ML X 50 AMPOLLAS,TIOCOLCHICOSIDO,Tiocolchicosido,INYECTABLE,LABORATORIOS LETI S.A.V.,no_match_fuentes,,,,,
38870,HO27849/3,TIOCOLCHICOSIDO 4 MG / 2 ML X 2 AMPOLLAS,TIOCOLCHICOSIDO,Tiocolchicosido,INYECTABLE,LABORATORIOS LETI S.A.V.,no_match_fuentes,,,,,
38875,ME43629,TIZANIDINA 2 MG X 10 TABLETAS,TIZANIDINA,Tizanidina,TABLETAS,RECKON ORGANICS PVT. LTD.,no_match_fuentes,,,,,
38876,ME37412,TOBRAMICINA 300 MG / 5 ML SOLUCION PARA INHALACION,TOBRAMICINA,Tobramicina,INHALACION,CATALENT PHARMA SOLUTIONS LLC. USA,no_match_fuentes,,,,,
38880,ME42035,TONERVOL 5 MG X 30 TABLETAS,TONERVOL,,TABLETAS,LABORATORIOS FARMA S.A.,no_match_fuentes,,,,,
38884,ME40295,TRACEVAL 500 MG - 50 MG X 20 TABLETAS,TRACEVAL,,TABLETAS,LABORATORIOS VALMOR C.A.,no_match_fuentes,,,,,
38889,ME30065,TRAMAL LONG 150 MG X 20 TABLETAS RECUBIERTAS DE LIBERACION PROLONGADA,TRAMAL LONG,,TABLETAS,TECNANDINA S.A.,no_match_fuentes,,,,,
38893,ME28553/2,TRIMEBUTINA MALEATO 200 MG X 10 TABLETAS,TRIMEBUTINA MALEATO,,TABLETAS,LABORATORIO LA SANTE C.A.,lab_antiguo,cobeca,lab,no,TRIMEBUTINA TAB 200MG X10 CLEO,https://mav.farmaciasaas.com/api/images/articulos/DISTRIBUCION/25677.jpg
38894,ME28553/3,TRIMEBUTINA MALEATO 200 MG X 30 TABLETAS,TRIMEBUTINA MALEATO,,TABLETAS,LABORATORIO LA SANTE C.A.,lab_antiguo,cobeca,lab,no,TRIMEBUTINA TAB 200MG X30 PHARME,https://mav.farmaciasaas.com/api/images/articulos/DISTRIBUCION/26921.jpg
38896,ME40028,FLUTIXAIR 250 MCG -25 MCG / DOSIS X 120 SUSPENSION PARA INHALACION ORAL,FLUTIXAIR,,SOLUCION ORAL,LABORATORIOS HAYMANN S.A.,no_match_fuentes,,,,,
38910,ME43451,UROSINA 0.4 MG X 30 TABLETAS RECUBIERTAS DE LIBERACION PROLONGADA,UROSINA,,TABLETAS,RONALD PHARMACEUTICALS PVT. LTD.,no_match_fuentes,,,,,
38912,ME23835,VALPRON 250 MG / 5 ML JARABE,VALPRON,,JARABE,LABORATORIOS FARMA S.A.,no_match_fuentes,,,,,
38913,ME44208/2,VALSARTAN 160 MG X 10 COMPRIMIDOS RECUBIERTOS,VALSARTAN,Valsartan,COMPRIMIDOS,LABORATORIOS VARGAS S.A.,no_match_fuentes,,,,,
38915,ME44208/4,VALSARTAN 160 MG X 30 COMPRIMIDOS RECUBIERTOS,VALSARTAN,Valsartan,COMPRIMIDOS,LABORATORIOS VARGAS S.A.,no_match_fuentes,,,,,
38916,ME31624/3,VALSARTAN 160 MG X 14 CAPSULAS,VALSARTAN,Valsartan,CAPSULAS,LABORATORIOS LETI S.A.V.,no_match_fuentes,,,,,
38922,ME35562/3,VALSARTAN - HIDROCLOROTIAZIDA 80 MG - 12.5 MG X 20 TABLETAS RECUBIERTAS,VALSARTAN - HIDROCLOROTIAZIDA,,TABLETAS,CALOX INTERNATIONAL C.A.,no_match_fuentes,,,,,
38923,ME35562/5,VALSARTAN - HIDROCLOROTIAZIDA 80 MG - 12.5 MG X 30 TABLETAS RECUBIERTAS,VALSARTAN - HIDROCLOROTIAZIDA,,TABLETAS,CALOX INTERNATIONAL C.A.,lab_antiguo,cobeca,lab,no,"VALSARTAN/HCT TABREC 80/12,5MGX30 PHARME",https://mav.farmaciasaas.com/api/images/articulos/DISTRIBUCION/22214.jpg
38926,ME38613,VALSARTAN - HIDROCLOROTIAZIDA 80 MG - 12.5 MG X 30 TABLETAS RECUBIERTAS,VALSARTAN - HIDROCLOROTIAZIDA,Hidroclorotiazida - Valsartan,TABLETAS,LABORATORIOS VALMOR C.A.,molecula_mono_combo,cobeca,base,no,VALSARTAN TAB 80MG X30 GENCER,https://mav.farmaciasaas.com/api/images/articulos/DISTRIBUCION/50517.jpg
38927,ME33646/2,VASATEN HCT 80 MG - 12.5 MG X 10 COMPRIMIDOS RECUBIERTOS,VASATEN HCT,Hidroclorotiazida - Valsartan,COMPRIMIDOS,LABORATORIOS LETI S.A.V.,lab_antiguo,cobeca,lab,no,VALSARTAN HCT TAB/REC 80/12.5MG X10 VARG,https://mav.farmaciasaas.com/api/images/articulos/DISTRIBUCION/50173.jpg
38928,ME33646/3,VASATEN HCT 80 MG - 12.5 MG X 14 COMPRIMIDOS RECUBIERTOS,VASATEN HCT,Hidroclorotiazida - Valsartan,COMPRIMIDOS,LABORATORIOS LETI S.A.V.,lab_antiguo,cobeca,lab,si,"VALSARTAN/HCT TAB REC 80/12,5MG X14 CLX",https://mav.farmaciasaas.com/api/images/articulos/DISTRIBUCION/9838.jpg
38929,ME35526/2,VALSARTAN - HIDROCLOROTIAZIDA 80 MG - 12.5 MG X 10 TABLETAS RECUBIERTAS,VALSARTAN - HIDROCLOROTIAZIDA,Hidroclorotiazida - Valsartan,TABLETAS,CALOX INTERNATIONAL C.A.,lab_antiguo,cobeca,lab,no,VALSARTAN TAB 80MG X10 KMP,https://mav.farmaciasaas.com/api/images/articulos/DISTRIBUCION/53477.jpg
38931,ME44465,VALSARTAN 160 MG X 30 TABLETAS RECUBIERTAS,VALSARTAN,Valsartan,TABLETAS,JIANGSU PENGYAO PHARMACEUTICAL CO. LTD,no_match_fuentes,,,,,
38932,ME37644/2,VALSARTAN 80 MG X 14 CAPSULAS,VALSARTAN,Valsartan,CAPSULAS,SM PHARMA C.A.,no_match_fuentes,,,,,
38933,ME37644/3,VALSARTAN 80 MG X 30 CAPSULAS,VALSARTAN,Valsartan,CAPSULAS,SM PHARMA C.A.,no_match_fuentes,,,,,
38945,ME43348/3,DIOSMINA - HESPERIDINA 450 MG - 50 MG X 30 CAPSULAS BLANDAS,DIOSMINA - HESPERIDINA,Hesperidina,CAPSULAS,CALOX INTERNATIONAL C.A.,no_match_fuentes,,,,,
38952,ME42486,VILDAGLIPTINA 50 MG X 30 COMPRIMIDOS,VILDAGLIPTINA,Vildagliptina,COMPRIMIDOS,NOVARTIS PHARMACEUTICAL MANUFACTURING LLC.,no_match_fuentes,,,,,
38954,ME41583,DARLIDE 1.000 UI X 100 CAPSULAS BLANDAS,DARLIDE,Vitamina D3,CAPSULAS,INDUSTRIAS INTERCAPS DE VENEZUELA C.A.,no_match_fuentes,,,,,
38955,ME39856/3,FARMAD 1000 UI X 60 TABLETAS RECUBIERTAS,FARMAD,Vitamina D3,TABLETAS,LABORATORIOS FARMA S.A.,no_match_fuentes,,,,,
38956,ME39856/4,FARMAD 1000 UI X 100 TABLETAS RECUBIERTAS,FARMAD,Vitamina D3,TABLETAS,LABORATORIOS FARMA S.A.,no_match_fuentes,,,,,
38958,HO26226,VITAMINA B12 5 MG / ML X 1 AMPOLLA,VITAMINA,,INYECTABLE,C.A. PRODUCTOS RONAVA,no_match_fuentes,,,,,
38959,ME6024,VITAMINA B12 500 MCG X 20 CAPSULAS,VITAMINA,,CAPSULAS,MEGALABS S.A.,no_match_fuentes,,,,,
38960,HO27999,VITAMINA C 500 MG / 5 ML X 10 AMPOLLAS,VITAMINA C,,INYECTABLE,SM PHARMA C.A.,no_match_fuentes,,,,,
38961,ME44594/2,DEROVIT 5000 UI X 60 CAPSULAS BLANDAS,DEROVIT,Vitamina D3,CAPSULAS,INDUSTRIAS INTERCAPS DE VENEZUELA C.A.,no_match_fuentes,,,,,
38962,ME44594/3,DEROVIT 5000 UI X 100 CAPSULAS BLANDAS,DEROVIT,Vitamina D3,CAPSULAS,INDUSTRIAS INTERCAPS DE VENEZUELA C.A.,no_match_fuentes,,,,,
38963,ME44099/3,VITAMINA C 500 MG X 15 TABLETAS MASTICABLES SABOR A NARANJA,VITAMINA C,Vitamina C,TABLETAS,HIRAL LABS LIMITED,no_match_fuentes,,,,,
38964,ME44099/4,VITAMINA C 500 MG X 30 TABLETAS MASTICABLES SABOR A NARANJA,VITAMINA C,Vitamina C,TABLETAS,HIRAL LABS LIMITED,no_match_fuentes,,,,,
38965,ME44099/2,VITAMINA C 500 MG X 10 TABLETAS MASTICABLES SABOR A NARANJA,VITAMINA C,Vitamina C,TABLETAS,HIRAL LABS LIMITED,no_match_fuentes,,,,,
38966,ME23088,CALCIO OSTELIN 175 MG - 60 UI / 5 ML SUSPENSION,CALCIO OSTELIN,Vitamina D3,SUSPENSION ORAL,LABORATORIOS FARMA S.A.,no_match_fuentes,,,,,
38967,ME32643,VITAMINA C 100 MG / 5 ML SOLUCION ORAL,VITAMINA C,,SOLUCION ORAL,MEGALABS S.A.,no_match_fuentes,,,,,
38970,HO16233,VITAMINA K1 10 MG / ML X 3 AMPOLLAS,VITAMINA,,INYECTABLE,MEGALABS S.A.,no_match_fuentes,,,,,
38973,ME27330,VITAMINA E 100 MG X 60 CAPSULAS BLANDAS,VITAMINA E,,CAPSULAS,INDUSTRIAS INTERCAPS DE VENEZUELA C.A.,no_match_fuentes,,,,,
38974,ME36327,HISTAGRIP FORTE X 10 TABLETAS RECUBIERTAS,HISTAGRIP FORTE X,Acetaminofen - Pseudoefedrina,TABLETAS,CALOX INTERNATIONAL C.A.,molecula_mono_combo,cobeca,base,si,ACETAMINOFEN TAB 500MG X10 CLX,https://mav.farmaciasaas.com/api/images/articulos/DISTRIBUCION/2337.jpg
38981,HO33694,VORCUM 200 MG POLVO LIOFILIZADO PARA SOLUCION PARA INFUSION,VORCUM,Voriconazol,INYECTABLE,PHARMACIA & UPJOHN COMPANY LLC.,lab_antiguo,cobeca,lab,no,VORICONAZOL AMP 200MG X1 GLOB/C,https://mav.farmaciasaas.com/api/images/articulos/DISTRIBUCION/27731.jpg
38983,HO41121/3,XANEXTRA 500 MG / 5 ML X 21 AMPOLLAS,XANEXTRA,Tranexamico Acido,INYECTABLE,SWISS PARENTERALS LTD,no_match_fuentes,,,,,
38988,ME44211,PRAMIPEXOL 1 MG X 28 TABLETAS,PRAMIPEXOL,Citrato Magnesio - Manitol - Povidona - Pramipexol,TABLETAS,JIANGXI SYNERGY PHARMACEUTICAL CO. LTD,no_match_fuentes,,,,,
38992,ME32695,REDOXON ZINC X 100 COMPRIMIDOS EFERVESCENTES,REDOXON ZINC X,Vitamina C - Zinc,COMPRIMIDOS,BAYER S.A.,lab_antiguo,cobeca,lab,no,HYDRORAL PRO + ZINC 500ML BIOF,https://mav.farmaciasaas.com/api/images/articulos/DISTRIBUCION/53564.jpg
38994,ME43669/3,VITADYN C ZINC 500 MG - 7.5 MG X 60 CAPSULAS,VITADYN C ZINC,Ascorbico Acido - Zinc Sulfato Heptahidrato,CAPSULAS,LABORATORIOS L.O. OFTALMI C.A.,lab_antiguo,cobeca,lab,no,HYDRORAL PRO + ZINC 500ML BIOF,https://mav.farmaciasaas.com/api/images/articulos/DISTRIBUCION/53564.jpg
38995,ME24576,ZITOXIL 3 % SOLUCION,ZITOXIL,Minoxidil,LOCION,LABORATORIOS ELMOR S.A.,no_match_fuentes,,,,,
39000,ME36302,ZONTRICON 100 MG / 5 ML POLVO PARA SUSPENSION,ZONTRICON,,POLVO PARA RECONSTITUCION,LABORATORIOS LETI S.A.V.,no_match_fuentes,,,,,
39014,ME42908,ACETAMINOFEN 120 MG / 5 ML X 10 SOLUCION ORAL,ACETAMINOFEN,,SOLUCION ORAL,LABORATORIOS L.O. OFTALMI C.A.,lab_antiguo,cobeca,lab,no,ACETAMINOFEN SOL 120MG/5ML 120ML BIOQ,https://mav.farmaciasaas.com/api/images/articulos/DISTRIBUCION/53087.jpg
39015,ME1388,ACIDO ASCORBICO 10 % SOLUCION ORAL EN GOTAS,ACIDO ASCORBICO,Ascorbico Acido,GOTAS,LABORATORIO QUIM-FAR C.A.,lab_y_mol,cobeca,lab|base,no,ACIDO BORICO 25G X12 RECETT,https://mav.farmaciasaas.com/api/images/articulos/DISTRIBUCION/14822.jpg
39016,ME42715,ACICLOR NANOPHARM 5 % CREMA,ACICLOR NANOPHARM,Aciclovir,CREMA,LABORATORIOS LETI S.A.V.,foto_en_ledger,cobeca,,si,ACICLOR CREM 5% 10G LETI,https://mav.farmaciasaas.com/api/images/articulos/DISTRIBUCION/8876.jpg
39017,ME37056,ACIDO ACETIL SALICILICO 81 MG X 30 COMPRIMIDOS ENTERICOS,ACIDO ACETIL SALICILICO,Acetilsalicilico Acido,COMPRIMIDOS,LABORATORIOS SPEFAR VENEZOLANOS S.A.,no_match_fuentes,,,,,
39020,ME33987,ACIDO FOLICO 10 MG / ML SOLUCION ORAL,ACIDO FOLICO,Folico Acido,SOLUCION ORAL,LABORATORIOS LETI S.A.V.,lab_antiguo,cobeca,lab,si,ACIDO FOLICO GTS 10MG 15ML MEY,https://mav.farmaciasaas.com/api/images/articulos/DISTRIBUCION/2643.jpg
39026,ME44293,OLOCOF 0.02 % SOLUCION OFTALMICA,OLOCOF,Olopatadina,SOLUCION OFTALMICA,LABORATORIO COFASA S.A.,no_match_fuentes,,,,,
39027,ME33777/2,AIRON 5 MG X 10 TABLETAS MASTICABLES,AIRON,Montelukast,TABLETAS,LABORATORIOS L.O. OFTALMI C.A.,no_match_fuentes,,,,,
39032,ME34717,ALIPAL FORTE NOCHE 650 MG - 4 MG X 12 CAPSULAS,ALIPAL FORTE NOCHE,Acetaminofen - Clorfeniramina,CAPSULAS,BIOTECH LABORATORIOS C.A.,no_match_fuentes,,,,,
39037,ME42427,AMLODIPINO 10 MG X 20 COMPRIMIDOS,AMLODIPINO,,COMPRIMIDOS,LABORATORIOS SPEFAR VENEZOLANOS S.A.,no_match_fuentes,,,,,
39039,ME44262,BISOPROLOL FUMARATO - AMLODIPINA 5 MG - 10 MG COMPRIMIDOS,BISOPROLOL FUMARATO - AMLODIPINA,Amlodipino - Bisoprolol,COMPRIMIDOS,LABORATORIOS LETI S.A.V.,molecula_mono_combo,cobeca,base,no,BISOPROLOL FUMARATO COMP 5MG X30 LETI,https://mav.farmaciasaas.com/api/images/articulos/DISTRIBUCION/98668.jpg
39040,ME42428,AMLODIPINO 5 MG X 20 COMPRIMIDOS,AMLODIPINO,,COMPRIMIDOS,LABORATORIOS SPEFAR VENEZOLANOS S.A.,no_match_fuentes,,,,,
39042,ME32836/2,AMOVIN 500 MG X 3 TABLETAS RECUBIERTAS,AMOVIN,Azitromicina,TABLETAS,LABORATORIO COFASA S.A.,lab_antiguo,cobeca,lab,no,AZITROMICINA TAB 500MG X3 CLX,https://mav.farmaciasaas.com/api/images/articulos/DISTRIBUCION/11009.jpg
39044,ME29931,AMOXICILINA 250 MG / 5 ML POLVO PARA SUSPENSION ORAL,AMOXICILINA,,POLVO PARA RECONSTITUCION,LABORATORIOS SPEFAR VENEZOLANOS S.A.,lab_antiguo,cobeca,lab,si,AMOXICILINA PVO PED 250MG/5ML 60ML CLX,https://mav.farmaciasaas.com/api/images/articulos/DISTRIBUCION/51378.jpg
39046,ME32087,AMOXICILINA 750 MG / 5 ML POLVO PARA SUSPENSION ORAL,AMOXICILINA,Amoxicilina,POLVO PARA RECONSTITUCION,LABORATORIOS SPEFAR VENEZOLANOS S.A.,no_match_fuentes,,,,,
39048,ME43043,AMOXIVALAC 250 MG - 62.5 MG / 5 ML POLVO PARA SUSPENSION ORAL,AMOXIVALAC,Amoxicilina - Clavulanato Potasio,POLVO PARA RECONSTITUCION,LABORATORIOS VALMOR C.A.,lab_antiguo,cobeca,lab,si,AMOXICILINA PVO PED 250MG/5ML 60ML CLX,https://mav.farmaciasaas.com/api/images/articulos/DISTRIBUCION/51378.jpg
39049,ME43949,AMOXIVALAC 600 MG – 42.9 MG / 5 ML POLVO PARA SUSPENSION ORAL,AMOXIVALAC,Amoxicilina,POLVO PARA RECONSTITUCION,LABORATORIOS VALMOR C.A.,no_match_fuentes,,,,,
39050,ME42339,AMPROVIL 0.5 MG X 30 CAPSULAS.,AMPROVIL,Dutasterida,CAPSULAS,LABORATORIOS LETI S.A.V.,no_match_fuentes,,,,,
39057,ME41982,ANTAAR HCT 2.5 MG - 6.25 MG X 30 TABLETAS,ANTAAR HCT,Hidroclorotiazida,TABLETAS,CALOX INTERNATIONAL C.A.,no_match_fuentes,,,,,
39070,ME38655/2,ARANDA 5 MG - 50 MG X 10 CAPSULAS,ARANDA,Losartan,CAPSULAS,LABORATORIOS FARMA S.A.,no_match_fuentes,,,,,
39071,ME38655/3,ARANDA 5 MG - 50 MG X 30 CAPSULAS,ARANDA,Losartan,CAPSULAS,LABORATORIOS FARMA S.A.,no_match_fuentes,,,,,
39075,ME40610,ARESAN HCT 20 MG - 12.5 MG X 10 TABLETAS RECUBIERTAS,ARESAN HCT,Hidroclorotiazida - Olmesartan Medoxomilo,TABLETAS,BIOTECH LABORATORIOS C.A.,lab_y_mol,cobeca,lab|base,no,OLMESARTAN MEDO TAB 20MG X10 PHARME,https://mav.farmaciasaas.com/api/images/articulos/DISTRIBUCION/18568.jpg
39076,ME31478,ARTRODAR 50 MG X 30 CAPSULAS,ARTRODAR,Diacereina,CAPSULAS,LABORATORIOS LETI S.A.V.,no_match_fuentes,,,,,
39077,ME41093,ASCAFYL SC 80 MG - 0.4 MG / ML SOLUCION ORAL,ASCAFYL SC,Acetaminofen - Clorfeniramina,SOLUCION ORAL,LABORATORIOS SIEGFRIED S.A.,no_match_fuentes,,,,,
39078,ME43205,ASPIXAN 81 MG X 100 TABLETAS CON RECUBRIMIENTO ENTERICO,ASPIXAN,Acetilsalicilico Acido,TABLETAS,BIOTECH LABORATORIOS C.A.,no_match_fuentes,,,,,
39080,ME19620,ATAMEL 100 MG / ML SOLUCION ORAL,ATAMEL,Acetaminofen,SOLUCION ORAL,CALOX INTERNATIONAL C.A.,no_match_fuentes,,,,,
39084,ME43982,ATORVASTATINA - EZETIMIBA 20 MG - 10 MG COMPRIMIDOS RECUBIERTOS,ATORVASTATINA - EZETIMIBA,Atorvastatina - Ezetimiba,COMPRIMIDOS,LABORATORIOS LETI S.A.V.,molecula_mono_combo,cobeca,base,si,ATORVASTATINA COMP 20MG X10 LETI,https://mav.farmaciasaas.com/api/images/articulos/DISTRIBUCION/4070.jpg
39086,ME42454,ATORVASTATINA 40 MG COMPRIMIDOS RECUBIERTOS,ATORVASTATINA,Atorvastatina,COMPRIMIDOS,LABORATORIOS SPEFAR VENEZOLANOS S.A.,no_match_fuentes,,,,,
39089,ME44273,ATROVERAN FORTE 20 MG TABLETAS RECUBIERTAS,ATROVERAN FORTE,,TABLETAS,LABORATORIOS VARGAS S.A.,no_match_fuentes,,,,,
39095,ME16167,BETADERM CON GENTAMICINA 0.1 % - 0.1 % X 1 CREMA,BETADERM CON GENTAMICINA,Betametasona - Gentamicina,CREMA,BIOTECH LABORATORIOS C.A.,foto_en_ledger,cobeca,,si,BETADERM GENTAMICINA CREM 15G BIOTECH,https://mav.farmaciasaas.com/api/images/articulos/DISTRIBUCION/4155.jpg
39100,ME44036,CARIBAN FORTE 20 MG - 20 MG X 20 COMPRIMIDOS RECUBIERTOS DE LIBERACION CONTROLADA,CARIBAN FORTE,Doxilamina - Piridoxina,COMPRIMIDOS,LABORATORIOS LETI S.A.V.,no_match_fuentes,,,,,
39101,ME44721,BIOTALOL PE 10 MG - 5 MG COMPRIMIDOS RECUBIERTOS,BIOTALOL PE,Bisoprolol - Perindopril,COMPRIMIDOS,LABORATORIOS LETI S.A.V.,molecula_mono_combo,cobeca,base,no,BIOTALOL COM/REC 5 MG X 10,https://mav.farmaciasaas.com/api/images/articulos/DISTRIBUCION/30301.jpg
39103,ME44717,BIOTALOL PE 5 MG - 10 MG COMPRIMIDOS RECUBIERTOS,BIOTALOL PE,Bisoprolol - Perindopril,COMPRIMIDOS,LABORATORIOS LETI S.A.V.,molecula_mono_combo,cobeca,base,no,BIOTALOL COM/REC 5 MG X 10,https://mav.farmaciasaas.com/api/images/articulos/DISTRIBUCION/30301.jpg
39105,ME42418,BISOPROLOL FUMARATO 1.25 MG COMPRIMIDOS RECUBIERTOS,BISOPROLOL FUMARATO,Bisoprolol,COMPRIMIDOS,LABORATORIOS SPEFAR VENEZOLANOS S.A.,lab_antiguo,cobeca,lab,no,"BISOPROLOL TAB 1,25MG X 30 CALOX",https://mav.farmaciasaas.com/api/images/articulos/DISTRIBUCION/97000.jpg
39107,ME42420,BISOPROLOL FUMARATO 5 MG COMPRIMIDOS RECUBIERTOS,BISOPROLOL FUMARATO,Bisoprolol,COMPRIMIDOS,LABORATORIOS SPEFAR VENEZOLANOS S.A.,lab_antiguo,cobeca,lab,no,BISOPROLOL FUMARATO COMP 5MG X30 LETI,https://mav.farmaciasaas.com/api/images/articulos/DISTRIBUCION/98668.jpg
39108,ME42429,BISOPROLOL FUMARATO - HIDROCLOROTIAZIDA 10 MG - 6.25 MG COMPRIMIDOS RECUBIERTOS,BISOPROLOL FUMARATO - HIDROCLOROTIAZIDA,Hidroclorotiazida,COMPRIMIDOS,LABORATORIOS SPEFAR VENEZOLANOS S.A.,lab_antiguo,farmanselmo,lab,no,BIOTALOL HCT BISOPROLOL FUMARATO+HIDROCLOROTIAZIDA 10 MG+6.25 MG COMPRIMIDOS LETI (E),https://pccentro.net.ve/img/s/6/9/8/7/9/69879-large_default.webp
39109,ME39033,BISOPROLOL FUMARATO - HIDROCLOROTIZIDA 2.5 MG - 6.25 MG COMPRIMIDOS RECUBIERTOS,BISOPROLOL FUMARATO - HIDROCLOROTIZIDA,,COMPRIMIDOS,LABORATORIOS LETI S.A.V.,lab_antiguo,cobeca,lab,no,"BISOPROLOL/HCT TAB 2,5/6,25MG X15 ALESS",https://mav.farmaciasaas.com/api/images/articulos/DISTRIBUCION/20507.jpg
39110,ME42419,BISOPROLOL FUMARATO 2.5 MG COMPRIMIDOS RECUBIERTOS,BISOPROLOL FUMARATO,Bisoprolol,COMPRIMIDOS,LABORATORIOS SPEFAR VENEZOLANOS S.A.,lab_antiguo,cobeca,lab,si,"BISOPROLOL TAB 2,5MG X 30 CALOX",https://mav.farmaciasaas.com/api/images/articulos/DISTRIBUCION/97002.jpg
39111,ME39034,BISOPROLOL FUMARATO - HIDROCLOROTIAZIDA 5 MG - 6.25 MG COMPRIMIDOS RECUBIERTOS,BISOPROLOL FUMARATO - HIDROCLOROTIAZIDA,,COMPRIMIDOS,LABORATORIOS LETI S.A.V.,no_match_fuentes,,,,,
39113,HO16263/3,BRAL 500 MG / ML X 100 AMPOLLAS,BRAL,Dipirona,INYECTABLE,BIOTECH LABORATORIOS C.A.,no_match_fuentes,,,,,
39114,HO16263/2,BRAL 500 MG / ML X 20 AMPOLLAS,BRAL,Dipirona,INYECTABLE,BIOTECH LABORATORIOS C.A.,no_match_fuentes,,,,,
39118,ME42603,BROMHEXINA CLORHIDRATO 4 MG / 5 ML JARABE,BROMHEXINA CLORHIDRATO,Bromhexina,JARABE,LABORATORIO QUIM-FAR C.A.,lab_antiguo,cobeca,lab,no,BROMHEXINA JBE PED4MG/5ML 120ML PHARME,https://mav.farmaciasaas.com/api/images/articulos/DISTRIBUCION/11549.jpg
39119,ME37021,CALCIO OSTELIN FORTE 300 MG - 200 UI / 5 ML X 30 SUSPENSION,CALCIO OSTELIN FORTE,Vitamina D3,SUSPENSION ORAL,LABORATORIOS FARMA S.A.,no_match_fuentes,,,,,
39120,ME44634,CAMPAL P 15 MG / ML SUSPENSION ORAL,CAMPAL P,Diclofenaco,SOLUCION ORAL,LABORATORIOS SIEGFRIED S.A.,no_match_fuentes,,,,,
39121,ME42750,CANDESARTAN CILEXETILO 8 MG COMPRIMIDOS,CANDESARTAN CILEXETILO,Candesartan,COMPRIMIDOS,LABORATORIOS SPEFAR VENEZOLANOS S.A.,lab_antiguo,cobeca,lab,no,CANDESARTAN TAB 8MG X30 PHARME,https://mav.farmaciasaas.com/api/images/articulos/DISTRIBUCION/23944.jpg
39126,ME43806,CARBETAL 8 MG X 30 TABLETAS,CARBETAL,Candesartan Cilexetilo,TABLETAS,LABORATORIO COFASA S.A.,lab_antiguo,cobeca,lab,no,CANDESARTAN TAB 8MG X30 PHARME,https://mav.farmaciasaas.com/api/images/articulos/DISTRIBUCION/23944.jpg
39127,ME43086,CARICEL 2 MG - 0.02 MG COMPRIMIDOS RECUBIERTOS,CARICEL,Etinilestradiol,COMPRIMIDOS,LABORATORIOS LETI S.A.V.,no_match_fuentes,,,,,
39133,ME43851,CETERIX 10 MG COMPRIMIDOS,CETERIX,Cetirizina,COMPRIMIDOS,MEGALABS S.A.,lab_antiguo,cobeca,lab,si,CETIRIZINA COMP 10MG X10 LETI,https://mav.farmaciasaas.com/api/images/articulos/DISTRIBUCION/11497.jpg
39134,ME36608,CETIRIZINA CLORHIDRATO 10 MG / ML SOLUCION ORAL GOTAS,CETIRIZINA CLORHIDRATO,Cetirizina,SOLUCION ORAL,LABORATORIOS SPEFAR VENEZOLANOS S.A.,no_match_fuentes,,,,,
39135,ME31589,CETIRIZINA 1 MG / ML SOLUCION ORAL,CETIRIZINA,Cetirizina,SOLUCION ORAL,LABORATORIOS LETI S.A.V.,no_match_fuentes,,,,,
39136,HO33073,CLORHIDRATO DE MORFINA 10 MG / ML X 10 AMPOLLAS,CLORHIDRATO DE MORFINA,,INYECTABLE,BIOTECH LABORATORIOS C.A.,no_match_fuentes,,,,,
39142,ME32032,CIPROFLOXACINA 750 MG COMPRIMIDOS RECUBIERTOS,CIPROFLOXACINA,,COMPRIMIDOS,LABORATORIOS SPEFAR VENEZOLANOS S.A.,no_match_fuentes,,,,,
39143,ME33398,CLARITROMICINA 500 MG COMPRIMIDOS RECUBIERTOS,CLARITROMICINA,Claritromicina,COMPRIMIDOS,LABORATORIOS SPEFAR VENEZOLANOS S.A.,no_match_fuentes,,,,,
39144,ME42557,CLINDAMICINA 300 MG X 16 CAPSULAS,CLINDAMICINA,Clindamicina,CAPSULAS,LABORATORIOS SPEFAR VENEZOLANOS S.A.,no_match_fuentes,,,,,
39145,HO36380,CLINDOX - D 12 MG / ML SOLUCION INYECTABLE PARA INFUSION INTRAVENOSA,CLINDOX - D,Clindamicina,INYECTABLE,LABORATORIO BEHRENS C.A.,no_match_fuentes,,,,,
39148,ME44238/2,CLORACE 500 MG – 4 MG X 10 GRANULOS PARA SOLUCION ORAL SABOR A LIMON,CLORACE,Acetaminofen - Clorfenamina,SOLUCION ORAL,LABORATORIO COFASA S.A.,no_match_fuentes,,,,,
39149,ME44238/3,CLORACE 500 MG – 4 MG X 20 GRANULOS PARA SOLUCION ORAL SABOR A LIMON,CLORACE,Acetaminofen - Clorfenamina,SOLUCION ORAL,LABORATORIO COFASA S.A.,no_match_fuentes,,,,,
39150,HO32581,CLORURO DE POTASIO 7.5 % SOLUCION HIPERTONICA X 1 AMPOLLA,CLORURO DE POTASIO,,INYECTABLE,LABORATORIO BEHRENS C.A.,lab_antiguo,cobeca,lab,no,CLORURO D/MAGNES 25G FCH,https://mav.farmaciasaas.com/api/images/articulos/DISTRIBUCION/17780.jpg
39151,HO32515,CLORURO DE SODIO AL 20 % SOLUCION HIPERTONICA INYECTABLE,CLORURO DE SODIO AL,,INYECTABLE,LABORATORIO BEHRENS C.A.,lab_antiguo,cobeca,lab,no,CLORURO D/MAGNES 25G FCH,https://mav.farmaciasaas.com/api/images/articulos/DISTRIBUCION/17780.jpg
39154,ME44093,COFASUR 160 MG X 30 TABLETAS RECUBIERTAS,COFASUR,Valsartan,TABLETAS,LABORATORIO COFASA S.A.,lab_antiguo,cobeca,lab,no,VALSARTAN TAB REC 160MG X30 ANG/H,https://mav.farmaciasaas.com/api/images/articulos/DISTRIBUCION/52911.jpg
39155,ME44636,COFASUR PLUS 80 MG - 12.5 MG X 30 TABLETAS RECUBIERTAS,COFASUR PLUS,Clortalidona - Valsartan,TABLETAS,LABORATORIO COFASA S.A.,lab_antiguo,cobeca,lab,no,VALSARTAN TAB 80MG X30 ZUZU,https://mav.farmaciasaas.com/api/images/articulos/DISTRIBUCION/52605.jpg
39157,HO1278,TIMOGLOBULINA (INMUNOGLOBULINA DE CONEJO ANTITIMOCITOS HUMANOS) 5 MG / ML X 3 AMPOLLAS,TIMOGLOBULINA (INMUNOGLOBULINA DE CONEJO ANTITIMOCITOS HUMANOS),Inmunoglobulina Conejo Antitimocitos Humanos,INYECTABLE,CALOX INTERNATIONAL C.A.,no_match_fuentes,,,,,
39158,ME1412,COMPLEJO DE VITAMINA B X 20 TABLETAS,COMPLEJO DE VITAMINA B X,,TABLETAS,LABORATORIOS SPEFAR VENEZOLANOS S.A.,no_match_fuentes,,,,,
39159,ME34030,TERAGRIPFORTE DIA 650 MG - 30 MG X 20 TABLETAS RECUBIERTAS,TERAGRIPFORTE DIA,Acetaminofen - Paracetamol - Pseudoefedrina,TABLETAS,LABORATORIOS FARMA S.A.,lab_y_mol,cobeca,lab|base,no,ACETAMINOFEN COMP 650MG X20 BIOQ,https://mav.farmaciasaas.com/api/images/articulos/DISTRIBUCION/22403.jpg
39169,ME39525/3,DOL FORTE 500 MG - 65 MG X 10 TABLETAS,DOL FORTE,Acetaminofen - Cafeina,TABLETAS,CALOX INTERNATIONAL C.A.,molecula_mono_combo,cobeca,base,si,ACETAMINOFEN TAB 500MG X10 CLX,https://mav.farmaciasaas.com/api/images/articulos/DISTRIBUCION/2337.jpg
39170,ME39525/2,DOL FORTE 500 MG - 65 MG X 4 TABLETAS,DOL FORTE,Acetaminofen - Cafeina,TABLETAS,CALOX INTERNATIONAL C.A.,no_match_fuentes,,,,,
39176,ME35191,DESLORATADINA 0.5 MG / ML SOLUCION ORAL,DESLORATADINA,Desloratadina,SOLUCION ORAL,LABORATORIOS LETI S.A.V.,no_match_fuentes,,,,,
39179,ME43570,DESLORATADINA - MONTELUKAST 5 MG - 10 MG COMPRIMIDOS RECUBIERTOS,DESLORATADINA - MONTELUKAST,Desloratadina - Montelukast,COMPRIMIDOS,LABORATORIOS LETI S.A.V.,molecula_mono_combo,cobeca,base,si,DESLORATADINA COMP REC 5MG X10 LETI,https://mav.farmaciasaas.com/api/images/articulos/DISTRIBUCION/8560.jpg
39182,ME31107,DICLOFENAC DIETILAMINO 1.16 % GEL,DICLOFENAC DIETILAMINO,,GEL,LABORATORIOS SPEFAR VENEZOLANOS S.A.,lab_antiguo,cobeca,lab,no,"DICLOFENAC DIETILAM GEL 1,16% 30G ALESS",https://mav.farmaciasaas.com/api/images/articulos/DISTRIBUCION/51997.jpg
39190,ME43966,LERCANIDIPINO 10 MG X 10 COMPRIMIDOS RECUBIERTOS,LERCANIDIPINO,Acetaminofen - Lercanidipino,COMPRIMIDOS,LABORATORIOS VARGAS S.A.,no_match_fuentes,,,,,
39193,ME38499,DIKLASON 1.16 % GEL,DIKLASON,,GEL,LABORATORIOS LETI S.A.V.,no_match_fuentes,,,,,
39194,ME30297,MATIGEL 0.5 % SOLUCION OFTALMICA,MATIGEL,Timolol,SOLUCION OFTALMICA,LABORATORIOS L.O. OFTALMI C.A.,lab_antiguo,cobeca,lab,no,"TIMOLOL SOL OFT 0,5% 10ML CR DIST",https://mav.farmaciasaas.com/api/images/articulos/DISTRIBUCION/22841.jpg
39195,ME41759,DOLGRIP X 10 CAPSULAS,DOLGRIP X,Acetaminofen - Cafeina,CAPSULAS,CALOX INTERNATIONAL C.A.,no_match_fuentes,,,,,
39197,ME28504,DUOVENT 0.4 MG - 1 MG AEROSOL,DUOVENT,Bromuro De Ipratropio Monohidratado,INHALACION,LABORATORIOS L.O. OFTALMI C.A.,no_match_fuentes,,,,,
39198,HO32341,DURACAINA HIPERBARA 5 MG - 80 MG / ML X 1 AMPOLLA,DURACAINA HIPERBARA,Bupivacaina,INYECTABLE,LABORATORIO BEHRENS C.A.,no_match_fuentes,,,,,
39207,ME44071,EVABOLIN 10 MG X 30 TABLETAS RECUBIERTAS,EVABOLIN,Empagliflozina,TABLETAS,LABORATORIO COFASA S.A.,lab_antiguo,cobeca,lab,no,EMPAGLIFLOZINA TAB 10MG X30 DIST,https://mav.farmaciasaas.com/api/images/articulos/DISTRIBUCION/52002.jpg
39209,ME44361,HEXANT 15 MG / 5 ML SOLUCION ORAL SABOR A FRESA,HEXANT,Ambroxol,SOLUCION ORAL,MEGALABS S.A.,no_match_fuentes,,,,,
39210,ME44388/3,FARMAD 200 UI / GOTA X 30 SOLUCION ORAL,FARMAD,Vitamina D3,GOTAS,LABORATORIOS FARMA S.A.,no_match_fuentes,,,,,
39211,ME44388/2,FARMAD 200 UI / GOTA X 10 SOLUCION ORAL,FARMAD,Vitamina D3,GOTAS,LABORATORIOS FARMA S.A.,no_match_fuentes,,,,,
39212,ME30812,FARMACAINA 10 % SOLUCION ATOMIZADORA TOPICO BUCAL,FARMACAINA,Lidocaina,SOLUCION TOPICA,LABORATORIOS FARMA S.A.,no_match_fuentes,,,,,
39216,ME33238/4,FERGANIC FOLIC 40 MG - 350 MCG X 24 TABLETAS MASTICABLES,FERGANIC FOLIC,Folico Acido,TABLETAS,MEGALABS S.A.,molecula_mono_combo,cobeca,base,si,FERGANIC CAP 40MG X24 MEG,https://mav.farmaciasaas.com/api/images/articulos/DISTRIBUCION/8790.jpg
39217,ME33238/2,FERGANIC FOLIC 40 MG - 350 MCG X 14 TABLETAS MASTICABLES,FERGANIC FOLIC,Folico Acido,TABLETAS,MEGALABS S.A.,no_match_fuentes,,,,,
39220,ME38610,FLENOX 30 MG / 5 ML SOLUCION ORAL,FLENOX,Ambroxol,SOLUCION ORAL,BIOTECH LABORATORIOS C.A.,no_match_fuentes,,,,,
39227,ME37521,GABAPENTINA 400 MG X 20 CAPSULAS,GABAPENTINA,Gabapentina,CAPSULAS,LABORATORIOS SPEFAR VENEZOLANOS S.A.,no_match_fuentes,,,,,
39228,ME43741,GEMKAST 10 MG X 30 TABLETAS RECUBIERTAS,GEMKAST,Montelukast,TABLETAS,GEMA LABS C.A.,lab_antiguo,cobeca,lab,no,MONTELUKAST TAB 10MG X30 PLX,https://mav.farmaciasaas.com/api/images/articulos/DISTRIBUCION/27584.jpg
39242,ME27231,GYNOVIT SOLUCION DUCHA VAGINAL,GYNOVIT SOLUCION DUCHA VAGINAL,Acetico Acido,LOCION,LABORATORIOS VARGAS S.A.,no_match_fuentes,,,,,
39244,ME15830,HEXOMEDINE 1 MG - 0.5 MG / ML COLUTORIO AEROSOL,HEXOMEDINE,Lidocaina,INHALACION,CALOX INTERNATIONAL C.A.,no_match_fuentes,,,,,
39245,ME42460,HIDROCLOROTIAZIDA 12.5 MG COMPRIMIDOS,HIDROCLOROTIAZIDA,Hidroclorotiazida,COMPRIMIDOS,LABORATORIOS SPEFAR VENEZOLANOS S.A.,no_match_fuentes,,,,,
39247,ME42590,HIDROCLOROTIAZIDA 25 MG COMPRIMIDOS,HIDROCLOROTIAZIDA,Hidroclorotiazida,COMPRIMIDOS,LABORATORIOS SPEFAR VENEZOLANOS S.A.,no_match_fuentes,,,,,
39248,ME39472,IBUPROFENO 400 MG-TIOCOLCHICOSIDO 4 MG COMPRIMIDOS,IBUPROFENO,,COMPRIMIDOS,LABORATORIOS SPEFAR VENEZOLANOS S.A.,lab_antiguo,cobeca,lab,si,IBUPROFENO TAB REC 400MG X10 PLX,https://mav.farmaciasaas.com/api/images/articulos/DISTRIBUCION/92855.jpg
39249,ME30199,IBUPROFENO 100 MG / 5 ML SUSPENSION ORAL,IBUPROFENO,Ibuprofeno,SOLUCION ORAL,LABORATORIOS SPEFAR VENEZOLANOS S.A.,no_match_fuentes,,,,,
39250,ME26698,IBUPROFENO 400 MG COMPRIMIDOS RECUBIERTOS,IBUPROFENO,Ibuprofeno,COMPRIMIDOS,LABORATORIOS LETI S.A.V.,no_match_fuentes,,,,,
39254,ME34966,IBUCAF 200 MG - 30 MG X 10 TABLETAS,IBUCAF,Cafeina - Ibuprofeno,TABLETAS,CALOX INTERNATIONAL C.A.,no_match_fuentes,,,,,
39255,ME42947,IMAZOL DUAL 100 MG CAPSULAS BLANDAS VAGINALES - 1 % X 6 CREMA VAGINAL,IMAZOL DUAL,Clotrimazol,CAPSULAS,LABORATORIOS SIEGFRIED S.A.,no_match_fuentes,,,,,
39258,ME42456,IRBESARTAN 300 MG COMPRIMIDOS,IRBESARTAN,Irbesartan,COMPRIMIDOS,LABORATORIOS SPEFAR VENEZOLANOS S.A.,no_match_fuentes,,,,,
39260,ME43610,IRGEM 150 MG X 30 TABLETAS,IRGEM,Irbesartan,TABLETAS,GEMA LABS C.A.,no_match_fuentes,,,,,
39265,ME33620,IVAGAN FORTE X 100 TABLETAS RECUBIERTAS,IVAGAN FORTE X,Acetaminofen - Cafeina,TABLETAS,BIOTECH LABORATORIOS C.A.,no_match_fuentes,,,,,
39266,ME44048,IZABAN DPP 10 MG - 5 MG COMPRIMIDOS RECUBIERTOS,IZABAN DPP,Empagliflozina - Linagliptina,COMPRIMIDOS,LABORATORIOS LETI S.A.V.,foto_en_ledger,cobeca,,si,IZABAN COM 10MG X 30,https://mav.farmaciasaas.com/api/images/articulos/DISTRIBUCION/29953.jpg
39270,HO30273/3,KETOPROFENO 100 MG / 2 ML X 10 AMPOLLAS,KETOPROFENO,Ketoprofeno,INYECTABLE,LABORATORIO COFASA S.A.,no_match_fuentes,,,,,
39274,ME42263,KLINCOSAL 262 MG - 500 MG / 15 ML SUSPENSION ORAL SABOR A FRESA,KLINCOSAL,,SOLUCION ORAL,MEGALABS S.A.,no_match_fuentes,,,,,
39275,ME42264,KLINCOSAL 262 MG - 500 MG / 15 ML SUSPENSION ORAL SABOR A UVA,KLINCOSAL,,SOLUCION ORAL,MEGALABS S.A.,no_match_fuentes,,,,,
39286,ME43371,LOBEDRIN 6 MG / ML SOLUCION ORAL,LOBEDRIN,Levodropropizina,SOLUCION ORAL,LABORATORIOS SPEFAR VENEZOLANOS S.A.,no_match_fuentes,,,,,
39287,ME29812,LORATADINA 10 MG COMPRIMIDOS,LORATADINA,Loratadina,COMPRIMIDOS,LABORATORIOS SPEFAR VENEZOLANOS S.A.,no_match_fuentes,,,,,
39291,ME42439,LOSARTAN POTASICO 100 MG COMPRIMIDOS RECUBIERTOS,LOSARTAN POTASICO,Losartan,COMPRIMIDOS,LABORATORIOS SPEFAR VENEZOLANOS S.A.,lab_antiguo,cobeca,lab,no,LOSARTAN POT TAB 100MG X 30 ANGELUS,https://mav.farmaciasaas.com/api/images/articulos/DISTRIBUCION/28528.jpg
39292,ME16064,MACRODANTINA 100 MG X 30 CAPSULAS,MACRODANTINA,Nitrofurantoina,CAPSULAS,LABORATORIOS FARMA S.A.,no_match_fuentes,,,,,
39296,ME31259,MELOXICAM 15 MG COMPRIMIDOS,MELOXICAM,Meloxicam,COMPRIMIDOS,LABORATORIOS SPEFAR VENEZOLANOS S.A.,no_match_fuentes,,,,,
39299,ME37492,METFORMINA CLORHIDRATO 850 MG COMPRIMIDOS,METFORMINA CLORHIDRATO,Metformina,COMPRIMIDOS,LABORATORIOS SPEFAR VENEZOLANOS S.A.,lab_antiguo,cobeca,lab,no,METFORMINA TAB 850MG X 30 ANGELUS,https://mav.farmaciasaas.com/api/images/articulos/DISTRIBUCION/28530.jpg
39302,ME32763,SECNIDAZOL 500 MG X 10 TABLETAS,SECNIDAZOL,Secnidazol Anhidro,TABLETAS,CALOX INTERNATIONAL C.A.,no_match_fuentes,,,,,
39303,ME44313,MIDOL 500 MG X 10 TABLETAS,MIDOL,Acetaminofen,TABLETAS,GEMA LABS C.A.,lab_antiguo,cobeca,lab,si,ACETAMINOFEN COMP 500MG X10 LETI,https://mav.farmaciasaas.com/api/images/articulos/DISTRIBUCION/22931.jpg
39304,ME44314,MIDOL FORTE 650 MG X 10 TABLETAS,MIDOL FORTE,Acetaminofen,TABLETAS,GEMA LABS C.A.,lab_antiguo,cobeca,lab,no,ACETAMINOFEN TAB 650MG X10 PHARME,https://mav.farmaciasaas.com/api/images/articulos/DISTRIBUCION/11552.jpg
39307,ME21495,MODERAN 10.1 G / 15 ML SOLUCION ORAL,MODERAN,Lactulosa,SOLUCION ORAL,LABORATORIOS VARGAS S.A.,no_match_fuentes,,,,,
39308,ME35447,MONTELUKAST 10 MG COMPRIMIDOS RECUBIERTOS,MONTELUKAST,Montelukast,COMPRIMIDOS,LABORATORIOS LETI S.A.V.,no_match_fuentes,,,,,
39312,ME30661,DYFRIN 5 % - 0.5 % SOLUCION OFTALMICA,DYFRIN,Tropicamida,SOLUCION OFTALMICA,LABORATORIOS L.O. OFTALMI C.A.,no_match_fuentes,,,,,
39313,ME42756,NAFAZOLINA CLORHIDRATO 0.12 MG / ML SOLUCION OFTALMICA,NAFAZOLINA CLORHIDRATO,,SOLUCION OFTALMICA,LABORATORIOS LETI S.A.V.,no_match_fuentes,,,,,
39315,ME42653,NEBLUM 50 MG X 30 TABLETAS RECUBIERTAS,NEBLUM,Sacubitrilo - Valsartan,TABLETAS,LABORATORIOS FARMA S.A.,lab_antiguo,cobeca,lab,no,SACUBITRILO/VALSA TAB REC 50MGX30 CRDIST,https://mav.farmaciasaas.com/api/images/articulos/DISTRIBUCION/53386.jpg
39317,HO44715,NEULEVAL 500 MG / 100 ML X 10 AMPOLLAS,NEULEVAL,Levofloxacino,INYECTABLE,LABORATORIOS VALMOR C.A.,no_match_fuentes,,,,,
39320,ME37950,NOVACODIN 50 MG / 5 ML SOLUCION ORAL,NOVACODIN,Guaifenesina,SOLUCION ORAL,LABORATORIOS VARGAS S.A.,no_match_fuentes,,,,,
39328,ME30489,OMEPRAZOL 20 MG X 28 CAPSULAS,OMEPRAZOL,,CAPSULAS,LABORATORIOS SPEFAR VENEZOLANOS S.A.,lab_antiguo,cobeca,lab,si,OMEPRAZOL CAP 20MG X28 CLX,https://mav.farmaciasaas.com/api/images/articulos/DISTRIBUCION/8254.jpg
39334,ME26053,OXOLAMINA 28 MG / 5 ML JARABE,OXOLAMINA,,JARABE,LABORATORIOS VALMOR C.A.,no_match_fuentes,,,,,
39335,ME26052,OXOLAMINA 50 MG / 5 ML JARABE,OXOLAMINA,,JARABE,LABORATORIOS VALMOR C.A.,no_match_fuentes,,,,,
39336,ME35922,OXOLAMINA CITRATO 50 MG / 5 ML JARABE,OXOLAMINA CITRATO,,JARABE,LABORATORIOS LETI S.A.V.,no_match_fuentes,,,,,
39337,ME23662,MAXICORT SUSPENSION OFTALMICA,MAXICORT SUSPENSION OFTALMICA,Dexametasona - Polimixina B,SUSPENSION ORAL,LABORATORIOS L.O. OFTALMI C.A.,no_match_fuentes,,,,,
39339,ME26205,OXOLAMINA 50 MG / 5 ML JARABE,OXOLAMINA,,JARABE,LABORATORIOS ELMOR S.A.,no_match_fuentes,,,,,
39341,ME21271,PINVEX 5 % - 1 % SOLUCION,PINVEX,Salicilico Acido,LOCION,LABORATORIO COFASA S.A.,lab_antiguo,cobeca,lab,no,SERUM VERABELL AC SALICILICO 30ML,https://mav.farmaciasaas.com/api/images/articulos/DISTRIBUCION/52918.jpg
39343,MI25491,PROTOSULFIL 1 % POLVO,PROTOSULFIL,,POLVO PARA RECONSTITUCION,MEGALABS S.A.,no_match_fuentes,,,,,
39344,ME24456,CARNITENE 1 G / 10 ML SOLUCION ORAL,CARNITENE,,SOLUCION ORAL,LABORATORIOS ELMOR S.A.,no_match_fuentes,,,,,
39345,ME42605B,QUETIAPINA 100 MG COMPRIMIDOS RECUBIERTOS,QUETIAPINA,Quetiapina,COMPRIMIDOS,LABORATORIOS LETI S.A.V.,no_match_fuentes,,,,,
39346,ME42604,QUETIAPINA 25 MG COMPRIMIDOS RECUBIERTOS,QUETIAPINA,Quetiapina Hemifumarato,COMPRIMIDOS,LABORATORIOS LETI S.A.V.,lab_antiguo,cobeca,lab,no,QUETIAPINA TAB 25MG X30 PHARMA,https://mav.farmaciasaas.com/api/images/articulos/DISTRIBUCION/27606.jpg
39348,ME42526,QUETIAPINA 25 MG COMPRIMIDOS,QUETIAPINA,Quetiapina,COMPRIMIDOS,LABORATORIOS SPEFAR VENEZOLANOS S.A.,no_match_fuentes,,,,,
39349,ME40285,RAMIPRES HCT 2.5 MG - 12.5 MG COMPRIMIDOS,RAMIPRES HCT,Hidroclorotiazida - Ramipril,COMPRIMIDOS,MEGALABS S.A.,lab_antiguo,cobeca,lab,no,"HIDROCLOROTIAZIDA TAB 12,5MG X30 PHARME",https://mav.farmaciasaas.com/api/images/articulos/DISTRIBUCION/53195.jpg
39350,ME34879,REFLUXYL 0.400 G - 0.375 G / 15 ML SUSPENSION ORAL,REFLUXYL,Alginato Sodio,SUSPENSION ORAL,LABORATORIOS VARGAS S.A.,no_match_fuentes,,,,,
39352,ME42185,REHIDROSOL 45 MEQ / L SOLUCION ELECTROLITICA USO ORAL SABOR A FRAMBUESA,REHIDROSOL,,SOLUCION ORAL,LABORATORIO BEHRENS C.A.,no_match_fuentes,,,,,
39354,ME42186,REHIDROSOL 60 MEQ / L SOLUCION ELECTROLITICA USO ORAL SABOR A MANZANA,REHIDROSOL,,SOLUCION ORAL,LABORATORIO BEHRENS C.A.,no_match_fuentes,,,,,
39356,HO32579,SOLUCION RINGER LACTATO (SOLUCION HARTMAN) INYECTABLE,SOLUCION RINGER LACTATO (SOLUCION HARTMAN) INYECTABLE,,INYECTABLE,LABORATORIO BEHRENS C.A.,no_match_fuentes,,,,,
39358,ME36523,SIMVASTATINA 20 MG COMPRIMIDOS RECUBIERTOS,SIMVASTATINA,Simvastatina,COMPRIMIDOS,LABORATORIOS SPEFAR VENEZOLANOS S.A.,no_match_fuentes,,,,,
39359,ME27689,SALBUROL 0.5 % SOLUCION PARA INHALACION,SALBUROL,Salbutamol,INHALACION,LABORATORIOS VALMOR C.A.,lab_antiguo,cobeca,lab,no,SALBUTAMOL INH 100MCG X200DOSIS CR DIST,https://mav.farmaciasaas.com/api/images/articulos/DISTRIBUCION/20949.jpg
39360,ME30996,SALBUTAMOL 0.5 % SOLUCION PARA INHALAR,SALBUTAMOL,Salbutamol,LOCION,LABORATORIOS L.O. OFTALMI C.A.,no_match_fuentes,,,,,
39361,ME42518,SERTRALINA 100 MG COMPRIMIDOS,SERTRALINA,Sertralina,COMPRIMIDOS,LABORATORIOS SPEFAR VENEZOLANOS S.A.,no_match_fuentes,,,,,
39362,ME42517,SERTRALINA 50 MG COMPRIMIDOS,SERTRALINA,Sertralina,COMPRIMIDOS,LABORATORIOS SPEFAR VENEZOLANOS S.A.,no_match_fuentes,,,,,
39366,ME40535,SITAGLIS MET 50 MG - 850 MG COMPRIMIDOS RECUBIERTOS,SITAGLIS MET,Metformina - Sitagliptina,COMPRIMIDOS,LABORATORIOS LETI S.A.V.,lab_antiguo,cobeca,lab,si,METFORMINA CLORHIDRATO TAB 850MG X30 PLX,https://mav.farmaciasaas.com/api/images/articulos/DISTRIBUCION/53284.jpg
39369,ME44642,SUEROLITO ZINC 75 MEQ / L SOLUCION ELECTROLITICA USO ORAL SABOR A CHICLE,SUEROLITO ZINC,Dextrosa - Zinc,SOLUCION ORAL,LABORATORIOS BALKER C.A.,lab_antiguo,cobeca,lab,no,SERUM DERNIER NIACINAMIDA/ZINC X 30G,https://mav.farmaciasaas.com/api/images/articulos/DISTRIBUCION/28492.jpg
39370,ME44638,SUEROLITO ZINC 75 MEQL / L SOLUCION ELECTROLITICA USO ORAL SABOR A COCO,SUEROLITO ZINC,Dextrosa - Zinc,SOLUCION ORAL,LABORATORIOS BALKER C.A.,lab_antiguo,cobeca,lab,no,SERUM DERNIER NIACINAMIDA/ZINC X 30G,https://mav.farmaciasaas.com/api/images/articulos/DISTRIBUCION/28492.jpg
39371,ME44639,SUEROLITO ZINC 75 MEQ / L SOLUCION ELECTROLITICA USO ORAL SABOR A FRESA,SUEROLITO ZINC,Dextrosa - Zinc,SOLUCION ORAL,LABORATORIOS BALKER C.A.,lab_antiguo,cobeca,lab,no,SERUM DERNIER NIACINAMIDA/ZINC X 30G,https://mav.farmaciasaas.com/api/images/articulos/DISTRIBUCION/28492.jpg
39372,ME44641,SUEROLITO ZINC 75 MEQ / L SOLUCION ELECTROLITICA USO ORAL SABOR A MANDARINA,SUEROLITO ZINC,Dextrosa - Zinc,SOLUCION ORAL,LABORATORIOS BALKER C.A.,lab_antiguo,cobeca,lab,no,SERUM DERNIER NIACINAMIDA/ZINC X 30G,https://mav.farmaciasaas.com/api/images/articulos/DISTRIBUCION/28492.jpg
39373,ME44640,SUEROLITO ZINC 75 MEQ / L SOLUCION ELECTROLITICA USO ORAL SABOR A UVA,SUEROLITO ZINC,Dextrosa - Zinc,SOLUCION ORAL,LABORATORIOS BALKER C.A.,lab_antiguo,cobeca,lab,no,SERUM DERNIER NIACINAMIDA/ZINC X 30G,https://mav.farmaciasaas.com/api/images/articulos/DISTRIBUCION/28492.jpg
39374,ME44643,SUEROLITO ZINC 75 MEQ / L SOLUCION ELECTROLITICA USO ORAL SABOR A MANZANA,SUEROLITO ZINC,Dextrosa - Zinc,SOLUCION ORAL,LABORATORIOS BALKER C.A.,lab_antiguo,cobeca,lab,no,SERUM DERNIER NIACINAMIDA/ZINC X 30G,https://mav.farmaciasaas.com/api/images/articulos/DISTRIBUCION/28492.jpg
39375,ME31158,SULTAMICILINA 250 MG / 5 ML POLVO PARA SUSPENSION ORAL,SULTAMICILINA,,POLVO PARA RECONSTITUCION,LABORATORIOS SPEFAR VENEZOLANOS S.A.,no_match_fuentes,,,,,
39376,ME32130,SULTAMICILINA 750 MG COMPRIMIDOS RECUBIERTOS,SULTAMICILINA,,COMPRIMIDOS,LABORATORIOS SPEFAR VENEZOLANOS S.A.,lab_antiguo,cobeca,lab,no,SULTAMICILINA TAB 750MG X10 CR DAC,https://mav.farmaciasaas.com/api/images/articulos/DISTRIBUCION/20939.jpg
39384,ME44195/2,TARVINA 20 MG X 10 TABLETAS RECUBIERTAS,TARVINA,Atorvastatina,TABLETAS,GEMA LABS C.A.,lab_antiguo,cobeca,lab,si,ATORVASTATINA COMP 20MG X10 LETI,https://mav.farmaciasaas.com/api/images/articulos/DISTRIBUCION/4070.jpg
39385,ME44195/3,TARVINA 20 MG X 30 TABLETAS RECUBIERTAS,TARVINA,Atorvastatina,TABLETAS,GEMA LABS C.A.,lab_antiguo,cobeca,lab,no,ATORVASTATINA TAB REC 20MG X30 PHARME,https://mav.farmaciasaas.com/api/images/articulos/DISTRIBUCION/22227.jpg
39386,ME44196,TARVINA 40 MG X 10 TABLETAS RECUBIERTAS,TARVINA,Atorvastatina,TABLETAS,GEMA LABS C.A.,no_match_fuentes,,,,,
39388,ME44419/3,TERAGRIPFORTE NOCHE 650 MG-4 MG X 6 GRANULADO PARA SOLUCION ORAL,TERAGRIPFORTE NOCHE,Acetaminofen - Clorfeniramina,GRANULADOS,LABORATORIOS FARMA S.A.,no_match_fuentes,,,,,
39390,ME44419/4,TERAGRIPFORTE NOCHE 650 MG-4 MG X 10 GRANULADO PARA SOLUCION ORAL,TERAGRIPFORTE NOCHE,Acetaminofen - Clorfeniramina,GRANULADOS,LABORATORIOS FARMA S.A.,no_match_fuentes,,,,,
39393,HO43730,TIOCOLCHICOSIDO 4 MG / 2 ML X 12 AMPOLLAS,TIOCOLCHICOSIDO,Tiocolchicosido,INYECTABLE,BIOTECH LABORATORIOS C.A.,no_match_fuentes,,,,,
39394,HO37915,TIOCOLCHICOSIDO 4 MG / 2 ML X 12 AMPOLLAS,TIOCOLCHICOSIDO,Tiocolchicosido,INYECTABLE,CALOX INTERNATIONAL C.A.,no_match_fuentes,,,,,
39396,ME28025,TOBRASOL 3 MG / G UNGUENTO OFTALMICO,TOBRASOL,Tobramicina,UNGUENTO,LABORATORIOS L.O. OFTALMI C.A.,no_match_fuentes,,,,,
39397,ME30908,TRIMETOPRIM / SULFAMETOXASOL 40 MG - 200 MG / 5 ML SUSPENSION,TRIMETOPRIM / SULFAMETOXASOL,,SUSPENSION ORAL,LABORATORIOS KIMICEG C.A.,no_match_fuentes,,,,,
39402,ME38569,VALSARTAN 160 MG CAPSULAS,VALSARTAN,Valsartan,CAPSULAS,LABORATORIOS KIMICEG C.A.,no_match_fuentes,,,,,
39403,ME36230,VALSARTAN-HIDROCLOROTIAZIDA 160 MG-12.5 MG X 30 COMPRIMIDOS RECUBIERTOS,VALSARTAN-HIDROCLOROTIAZIDA,,COMPRIMIDOS,LABORATORIOS LETI S.A.V.,lab_antiguo,cobeca,lab,no,VALSARTAN TAB REC 160MG X30 ANG/H,https://mav.farmaciasaas.com/api/images/articulos/DISTRIBUCION/52911.jpg
39407,HO43946,VERALEN P 75 MG / 3 ML X 1 AMPOLLA,VERALEN P,Diclofenaco,INYECTABLE,LABORATORIO COFASA S.A.,no_match_fuentes,,,,,
39408,ME998,VITAMINA C 100 MG / 5 ML JARABE,VITAMINA C,Ascorbico Acido,JARABE,MEGALABS S.A.,solo_farmanselmo,farmanselmo,lab,no,VITAMINA C (ACIDO ASCORBICO) JARABE 100MG/5ML x120 ML KLINOS (E),https://pccentro.net.ve/img/s/7/7/8/3/5/77835-large_default.webp
39411,ME6025/2,VITAMINA B12 250 MCG X 3 CAPSULAS,VITAMINA,Cianocobalamina,CAPSULAS,MEGALABS S.A.,no_match_fuentes,,,,,
39414,ME28666,YONAL 15 MG / 5 ML SOLUCION ORAL,YONAL,Dextrometorfano,SOLUCION ORAL,BIOTECH LABORATORIOS C.A.,no_match_fuentes,,,,,
39415,ME42111,YONALAT 15 MG - 3 MG / 5 ML SOLUCION ORAL,YONALAT,Clorfeniramina,SOLUCION ORAL,BIOTECH LABORATORIOS C.A.,no_match_fuentes,,,,,
39416,ME43457,ZUDENINA PEB 0.1 % - 2.5 % GEL,ZUDENINA PEB,Adapaleno - Benzoilo Peroxido,GEL,MEGALABS S.A.,molecula_mono_combo,cobeca,base,si,"ZUDENINA GEL TOPICO 0,1% 30G MEG",https://mav.farmaciasaas.com/api/images/articulos/DISTRIBUCION/9694.jpg
39417,ME21870,SAX X 10 SOLUCION,SAX X,,LOCION,BIOTECH LABORATORIOS C.A.,no_match_fuentes,,,,,
39418,ME32679,ACRYLARM 0.2 % GEL OFTALMICO,ACRYLARM,,GEL,LABORATORIOS POEN S.A.U.,no_match_fuentes,,,,,
39419,ME43846,ALBENDAZOL 100 MG / 5 ML SUSPENSION ORAL,ALBENDAZOL,Albendazol,SOLUCION ORAL,MOREPEN LABORATORIES LIMITED,no_match_fuentes,,,,,
39420,ME35027,ALBENDAZOL 200 MG TABLETAS RECUBIERTAS MASTICABLES,ALBENDAZOL,Albendazol,TABLETAS,BIOTECH LABORATORIOS C.A.,no_match_fuentes,,,,,
39422,ME34071,ALERVAX 120 MG X 10 TABLETAS RECUBIERTAS,ALERVAX,Fexofenadina,TABLETAS,PROCAPS S.A.,lab_antiguo,cobeca,lab,no,FEXOFENADINA TAB 120MG X10 CLX,https://mav.farmaciasaas.com/api/images/articulos/DISTRIBUCION/92005.jpg
39423,ME31275,AMOXIDUO 750 MG / 5 ML POLVO PARA SUSPENSION ORAL,AMOXIDUO,Amoxicilina,POLVO PARA RECONSTITUCION,ROEMMERS S.A.I.C.F,no_match_fuentes,,,,,
39424,ME34809,ANALPERNAX 250 MG X 10 CAPSULAS,ANALPERNAX,Naproxeno,CAPSULAS,LABORATORIO LA SANTE C.A.,no_match_fuentes,,,,,
39426,ME1482,ANGIOFLUX (SULODEXIDA) 250 LSU X 25 CAPSULAS BLANDAS,ANGIOFLUX (SULODEXIDA),Sulodexida,CAPSULAS,CATALENT ITALY S.P.A,lab_antiguo,cobeca,lab,no,ANGIOFLUX CAP BLD 250LSU X25 LETI,https://mav.farmaciasaas.com/api/images/articulos/DISTRIBUCION/52055.jpg
39427,ME43734,ARIPIPRAZOL 15 MG X 30 TABLETAS,ARIPIPRAZOL,Aripiprazol,TABLETAS,JIANGXI SYNERGY PHARMACEUTICAL CO. LTD,no_match_fuentes,,,,,
39430,ME31240,CO-APROVEL 150 MG - 12.5 MG X 28 COMPRIMIDOS RECUBIERTOS,CO-APROVEL,Hidroclorotiazida - Irbesartan,COMPRIMIDOS,SANOFI WINTHROP INDUSTRIE,lab_y_mol,cobeca,lab|base,si,IRBESARTAN TAB 150 MG X 28 CLX,https://mav.farmaciasaas.com/api/images/articulos/DISTRIBUCION/28781.jpg
39431,ME34821,ULTRAFEN FORTE 650 MG X 10 CAPSULAS BLANDAS,ULTRAFEN FORTE,Acetaminofen,CAPSULAS,INDUSTRIAS INTERCAPS DE VENEZUELA C.A.,no_match_fuentes,,,,,
39434,ME44711,ATAPEC 25 MG X 30 COMPRIMIDOS RECUBIERTOS,ATAPEC,Quetiapina,COMPRIMIDOS,VICENTE SCAVONE & CIA. S.A.E. - LABORATORIOS LASCA,lab_antiguo,cobeca,lab,no,ATAPEC COMP REC 25MG X30 FC,https://mav.farmaciasaas.com/api/images/articulos/DISTRIBUCION/53750.jpg
39437,ME36689,AZITROMICINA 500 MG X 3 TABLETA RECUBIERTA,AZITROMICINA,Azitromicina,TABLETAS,CORPORACION INFARMASA S.A.,no_match_fuentes,,,,,
39440,HO37882,PREDNIDET 500 MG X 1 AMPOLLA,PREDNIDET,Metilprednisolona,INYECTABLE,INSTITUTO BIOLOGICO CONTEMPORANEO S.A.,no_match_fuentes,,,,,
39441,ME31588,OTALEX 0.2 % - 1 % SUSPENSION OTICA,OTALEX,Ciprofloxacino - Hidrocortisona,SUSPENSION ORAL,MEGALABS S.A.,no_match_fuentes,,,,,
39448,ME32411,BUDESONIDA 50 MCG / DOSIS SUSPENSION PARA INHALACION ORAL,BUDESONIDA,Budesonida,SUSPENSION ORAL,LABORATORIO ALDO UNION S.L.,no_match_fuentes,,,,,
39449,ME43037,HIOSCINA N-BUTILBROMURO 10 MG X 10 TABLETAS RECUBIERTAS,HIOSCINA N-BUTILBROMURO,,TABLETAS,JIANGXI XIER KANGTAI PHARMACEUTICAL CO. LTD,lab_antiguo,cobeca,lab,no,BUTILBROM D/HIOSCINA TAB 10MGX10 BLUE/M,https://mav.farmaciasaas.com/api/images/articulos/DISTRIBUCION/23872.jpg
39450,ME44027,NAFAZOLINA CLORHIDRATO 0.012 % SOLUCION OFTALMICA,NAFAZOLINA CLORHIDRATO,Nafazolina,SOLUCION OFTALMICA,INDIANA OPHTHALMICS,lab_antiguo,cobeca,lab,no,"NAFAZOLINA HCL SOL/OFT 0,12MG/ML X 15ML",https://mav.farmaciasaas.com/api/images/articulos/DISTRIBUCION/29413.jpg
39452,ME44040,CEFOTAS 250 MG / 5 ML POLVO PARA SUSPENSION ORAL,CEFOTAS,Cefadroxilo,POLVO PARA RECONSTITUCION,SYNTOFARMA S.A.,no_match_fuentes,,,,,
39453,ME44550,CIBROLIP 100 MG X 30 CAPSULAS,CIBROLIP,,CAPSULAS,INTECH HEALTHCARE,no_match_fuentes,,,,,
39454,ME38185,CILOSTAL 100 MG X 30 TABLETAS,CILOSTAL,Cilostazol,TABLETAS,ALTEA FARMACEUTICA S.A.,lab_antiguo,cobeca,lab,no,CILOSTAZOL TAB REC 100MG X30 CLEO,https://mav.farmaciasaas.com/api/images/articulos/DISTRIBUCION/52907.jpg
39457,ME44393,DOLMOBROX 15 MG / 5 ML SOLUCION ORAL,DOLMOBROX,Dextrometorfano,SOLUCION ORAL,MEGALABS S.A.,no_match_fuentes,,,,,
39458,ME42403,CLINDAMICINA 1 % GEL TOPICO,CLINDAMICINA,Clindamicina,GEL,LABORATORIOS SPEFAR VENEZOLANOS S.A.,no_match_fuentes,,,,,
39459,ME44198,CLOBETASOL PROPIONATO 0.05 % CREMA,CLOBETASOL PROPIONATO,Clobetasol Propionato,CREMA,FAREVA VILLA RICA S.A.S.,no_match_fuentes,,,,,
39460,ME43843,CLORDITAN 12.5 MG X 30 TABLETAS,CLORDITAN,Clortalidona,TABLETAS,SYNOKEM PHARMACEUTICALS LIMITED,lab_antiguo,cobeca,lab,no,"CLORTALIDONA TAB 12,5MG X30 CR MT",https://mav.farmaciasaas.com/api/images/articulos/DISTRIBUCION/50972.jpg
39461,ME34036,SOLUCION PARA DIALISIS PERITONEAL CON DEXTROSA AL 1.5 % BAJA EN MAGNESIO,SOLUCION PARA DIALISIS PERITONEAL CON DEXTROSA AL,Citrato Magnesio,LOCION,LABORATORIO BIOGALENIC C.A.,no_match_fuentes,,,,,
39462,ME35192,CLOTRIMAZOL 2 % CREMA VAGINAL,CLOTRIMAZOL,Clotrimazol,CREMA,LABORATORIOS KIMICEG C.A.,no_match_fuentes,,,,,
39464,ME31523,CORASPIRINA 81 MG X 100 TABLETAS CON CUBIERTA ENTERICA,CORASPIRINA,Acetilsalicilico Acido,TABLETAS,BAYER S.A.,no_match_fuentes,,,,,
39466,ME37545,ISOTRETINOINA 10 MG X 30 CAPSULAS BLANDAS,ISOTRETINOINA,Isotretinoina,CAPSULAS,PROCAPS S.A.,no_match_fuentes,,,,,
39469,ME44385,DUNIXI 10 MG X 30 COMPRIMIDOS RECUBIERTOS,DUNIXI,Dapagliflozina,COMPRIMIDOS,MALVIYA CHEMICALS & PHARMACEUTICALS (P) LTD,lab_antiguo,cobeca,lab,no,DAPAGLIFLOZINA TAB 10MG X30 CR MT,https://mav.farmaciasaas.com/api/images/articulos/DISTRIBUCION/53037.jpg
39471,ME37218,MEDIGRIP DIA 500 MG - 2 MG - 3 MG X 10 COMPRIMIDOS,MEDIGRIP DIA,Acetaminofen - Cafeina - Clorfeniramina,COMPRIMIDOS,SM PHARMA C.A.,lab_antiguo,cobeca,lab,no,ACETAMINOFEN TAB 500MG X10 KMP,https://mav.farmaciasaas.com/api/images/articulos/DISTRIBUCION/53478.jpg
39472,ME37301,DICLOFENAC SODICO 1 % GEL,DICLOFENAC SODICO,Diclofenaco,GEL,LABORATORIOS VARGAS S.A.,lab_antiguo,cobeca,lab,no,DICLOFENAC SOD GEL 1% 50G SGG,https://mav.farmaciasaas.com/api/images/articulos/DISTRIBUCION/24336.jpg
39474,ME42875,AUTEX 0.1 % CREMA,AUTEX,Mometasona Furoato,CREMA,LABORATORIOS LETI S.A.V.,no_match_fuentes,,,,,
39475,HO26290,DEXAMETASONA 21-FOLATO 4 MG / ML X 10 AMPOLLAS,DEXAMETASONA,Dexametasona,INYECTABLE,LABORATORIO FARMACO FARMAHECO S.P.A,no_match_fuentes,,,,,
39478,ME33867,MARVELON 28 0.15 MG - 0.03 MG X 21 COMPRIMIDOS,MARVELON,Desogestrel - Etinilestradiol,COMPRIMIDOS,N.V ORGANON,no_match_fuentes,,,,,
39479,ME42667,SITAGLIPTINA - METFORMINA CLORHIDRATO 50 MG - 500 MG TABLETAS RECUBIERTAS,SITAGLIPTINA - METFORMINA CLORHIDRATO,Metformina - Sitagliptina,TABLETAS,THEON PHARMACEUTICALS LTD,lab_antiguo,cobeca,lab,no,SITAGLIPTINA METF TAB 50/500MG X30 ANG/H,https://mav.farmaciasaas.com/api/images/articulos/DISTRIBUCION/23675.jpg
39480,HO44743,DEXABIOL 4 MG / ML X 1 AMPOLLA,DEXABIOL,Dexametasona,INYECTABLE,PLICA VACCINES PVT. LTD.,no_match_fuentes,,,,,
39481,ME43256,ALBENDAZOL 200 MG / 5 ML SUSPENSION ORAL,ALBENDAZOL,Albendazol,SOLUCION ORAL,KWALITY PHARMACEUTICALS LTD,no_match_fuentes,,,,,
39484,ME43166,IBUVIN 600 MG X 20 CAPSULAS BLANDAS,IBUVIN,Ibuprofeno,CAPSULAS,DROMEX S.R.L.,no_match_fuentes,,,,,
39485,ME36125,CLOTRIMAZOL - NEOMICINA - DEXAMETASONA 1 % - 0.5 % - 0.04 % X 1 CREMA,CLOTRIMAZOL - NEOMICINA - DEXAMETASONA,Clotrimazol - Dexametasona,CREMA,LABORATORIO LA SANTE C.A.,lab_antiguo,cobeca,lab,no,CLOTRIMAZOL CREM TOP 1% 20G ALESS,https://mav.farmaciasaas.com/api/images/articulos/DISTRIBUCION/51996.jpg
39486,ME43831,LEVODROPROPIZINA 6 MG / ML SOLUCION ORAL,LEVODROPROPIZINA,Levodropropizina,SOLUCION ORAL,BIOQUIMICA INTERNACIONAL C.A.,no_match_fuentes,,,,,
39487,ME24286,DEOXICAL 500 MG X 30 CAPSULAS,DEOXICAL,Dobesilato De Calcio,CAPSULAS,LABORATORIO LA SANTE C.A.,no_match_fuentes,,,,,
39488,ME44089,ALIVETOS 3 MG - 15 MG / 5 ML SOLUCION ORAL,ALIVETOS,Clorfenamina - Dextrometorfano,SOLUCION ORAL,LABORATORIOS LETI S.A.V.,no_match_fuentes,,,,,
39490,ME38932/2,DOLAK 30 MG X 1 COMPRIMIDO SUBLINGUAL,DOLAK,,COMPRIMIDOS,ESPECIALIDADES DOLLDER C.A.,no_match_fuentes,,,,,
39491,ME38932/3,DOLAK 30 MG X 2 COMPRIMIDOS SUBLINGUALES,DOLAK,,COMPRIMIDOS,ESPECIALIDADES DOLLDER C.A.,no_match_fuentes,,,,,
39496,ME42542,CARBONATO DE CALCIO 750 MG X 20 TABLETAS MASTICABLES SABOR MENTA,CARBONATO DE CALCIO,,TABLETAS,LABORATORIOS SPEFAR VENEZOLANOS S.A.,no_match_fuentes,,,,,
39497,ME42647,CLOTRIMAZOL 200 MG X 3 OVULOS VAGINALES,CLOTRIMAZOL,Clotrimazol,OVULOS,BLISS GVS PHARMA LTD,no_match_fuentes,,,,,
39499,ME44466,ELOK 0.1 % CREMA,ELOK,Mometasona Furoato,CREMA,RECKON ORGANICS PVT. LTD.,no_match_fuentes,,,,,
39500,ME36507,INSPRA 50 MG X 30 TABLETAS RECUBIERTAS,INSPRA,Eplerenona,TABLETAS,PFIZER VENEZUELA S.A.,no_match_fuentes,,,,,
39501,ME42489,ESOFLUX 20 MG X 30 TABLETAS CON RECUBRIMIENTO ENTERICO,ESOFLUX,Esomeprazol Magnesico,TABLETAS,DEUTSCHE LABS. INC.,no_match_fuentes,,,,,
39504,MI44615,SIEGEXANIA 0.05 % EMULSION,SIEGEXANIA,Clobetasol Propionato,INYECTABLE,LABORATORIOS SIEGFRIED S.A.,no_match_fuentes,,,,,
39506,ME37839,TERBINAFINA CLORHIDRATO 1 % CREMA,TERBINAFINA CLORHIDRATO,Terbinafina,CREMA,CALOX INTERNATIONAL C.A.,lab_antiguo,cobeca,lab,si,TERBINAFINA CREM 1% 15G KIMIC,https://mav.farmaciasaas.com/api/images/articulos/DISTRIBUCION/96827.jpg
39510,HO43429,FLUCONAZOL 200 MG / 100 ML SOLUCION PARA INFUSION,FLUCONAZOL,Fluconazol,INYECTABLE,HEBEI TIANCHENG PHARMACEUTICALS CO. LTD,no_match_fuentes,,,,,
39511,ME32076,SYMBICORT TURBUHALER 160 MCG - 4.5 MCG / DOSIS X 60 POLVO INHALACION ORAL,SYMBICORT TURBUHALER,Budesonida - Formoterol,POLVO PARA RECONSTITUCION,ASTRAZENECA A.B,no_match_fuentes,,,,,
39512,ME35724,GABICTAL 400 MG X 15 COMPRIMIDOS RECUBIERTOS,GABICTAL,Gabapentina,COMPRIMIDOS,MONTE VERDE S.A.,no_match_fuentes,,,,,
39513,ME35723,GABICTAL 300 MG X 30 COMPRIMIDOS RECUBIERTOS,GABICTAL,Gabapentina,COMPRIMIDOS,MONTE VERDE S.A.,lab_antiguo,cobeca,lab,no,GABAPENTINA TAB 300MG X30 ANG/H,https://mav.farmaciasaas.com/api/images/articulos/DISTRIBUCION/20432.jpg
39517,ME32507,GLICLAZIDA 80 MG X 20 TABLETAS,GLICLAZIDA,Gliclazida,TABLETAS,CALOX INTERNATIONAL C.A.,no_match_fuentes,,,,,
39520,ME42581,PEDIALYTE ZINC 60 MEQ SOLUCION ELECTROLITICA DE USO ORAL SABOR A UVA X 60 SOLUCION ORAL,PEDIALYTE ZINC,Glucosa - Zinc,SOLUCION ORAL,ABBOTT LABORATORIES DE MEXICO S.A. DE C.V,lab_antiguo,cobeca,lab,no,HYDRORAL PRO + ZINC 500ML BIOF,https://mav.farmaciasaas.com/api/images/articulos/DISTRIBUCION/53564.jpg
39521,HO41500/2,GLUTANIL AL 20 % X 30 AMPOLLAS,GLUTANIL AL,Glutamina,INYECTABLE,LABORATORIO BEHRENS C.A.,no_match_fuentes,,,,,
39522,HO41500/3,GLUTANIL AL 20 % X 60 AMPOLLAS,GLUTANIL AL,Glutamina,INYECTABLE,LABORATORIO BEHRENS C.A.,lab_antiguo,cobeca,lab,no,L-GLUTAMINA/VIT B12 X 60 HERBAPLANT,https://mav.farmaciasaas.com/api/images/articulos/DISTRIBUCION/28485.jpg
39523,HO34920,HIDROCORTISONA 100 MG X 10 AMPOLLAS,HIDROCORTISONA,Hidrocortisona,INYECTABLE,VITROFARMA S.A.,no_match_fuentes,,,,,
39524,HO44584,BIOCORTIN 500 MG X 1 AMPOLLA,BIOCORTIN,Hidrocortisona,INYECTABLE,SUNLIFE PHARMA SERVICES - NIXI LABORATORIES PVT. LTD.,lab_antiguo,cobeca,lab,no,HIDROCORTISONA SOD PVO INY 500MG CR DIST,https://mav.farmaciasaas.com/api/images/articulos/DISTRIBUCION/23085.jpg
39528,ME44524,IVABRADINA 5 MG X 30 TABLETAS RECUBIERTAS,IVABRADINA,Ivabradina,TABLETAS,ZYDUS LIFESCIENCIES LIMITED,no_match_fuentes,,,,,
39529,ME41832,JARIT 100 MG X 30 CAPSULAS BLANDAS,JARIT,Progesterona,CAPSULAS,PROCAPS S.A.,no_match_fuentes,,,,,
39530,ME37978,KEPPRA 100 MG / ML SOLUCION ORAL,KEPPRA,Levetiracetam,SOLUCION ORAL,NEXTPHARMA SAS,lab_antiguo,cobeca,lab,no,KEPPRA SOL/ORAL 100MG/MG X 300ML,https://mav.farmaciasaas.com/api/images/articulos/DISTRIBUCION/28896.jpg
39532,ME35431,BIOKETOF 2.5 % GEL PARA USO T,BIOKETOF,Ketoprofeno,GEL,LABORATORIO BIOGALENIC C.A.,lab_antiguo,cobeca,lab,no,"KETOPROFENO GEL 2,5% 50G DIST",https://mav.farmaciasaas.com/api/images/articulos/DISTRIBUCION/52479.jpg
39538,ME40272,LEVOFERIN 30 MG / 5 ML SOLUCION,LEVOFERIN,Levodropropizina,LOCION,LABORATORIOS VINCENTI C.A.,no_match_fuentes,,,,,
39540,ME44316,MAXIFURFORTE 100 MG X 30 CAPSULAS,MAXIFURFORTE,,CAPSULAS,JIANGXI SYNERGY PHARMACEUTICAL CO. LTD,no_match_fuentes,,,,,
39541,ME16930,DEPO - PROVERA 150 MG / ML X 1 AMPOLLA,DEPO - PROVERA,Medroxiprogesterona,INYECTABLE,PHARMACIA & UPJOHN COMPANY LLC.,no_match_fuentes,,,,,
39542,ME43601,MINOXIDIL FORTE 5 % SOLUCION TOPICA,MINOXIDIL FORTE,Minoxidil,SOLUCION TOPICA,LABORATORIO LA SANTE C.A.,lab_antiguo,cobeca,lab,no,MINOXIDIL SOL TOP 5% X 60 ML LA SANTE,https://mav.farmaciasaas.com/api/images/articulos/DISTRIBUCION/28505.jpg
39543,ME41549,MITAR 50 MCG / DOSIS SOLUCION PARA INHALACION NASAL,MITAR,Mometasona,INHALACION,ROEMMERS S.A.I.C.F,no_match_fuentes,,,,,
39545,ME43010,DESLORATADINA - MONTELUKAST 5 MG - 10 MG X 30 TABLETAS RECUBIERTAS,DESLORATADINA - MONTELUKAST,Desloratadina - Montelukast,TABLETAS,MASCOT HEALTH SERIES PVT. LTD.,no_match_fuentes,,,,,
39546,ME43731,MUPIROCINA 2 % UNGUENTO,MUPIROCINA,Mupirocina,UNGUENTO,OHAD PHARMACEUTICALS PVT. LTD.,no_match_fuentes,,,,,
39547,ME44057/3,ACECOL 600 MG X 100 POLVO PARA SOLUCION ORAL,ACECOL,,POLVO PARA RECONSTITUCION,XL LABORATORIES PVT. LTD.,no_match_fuentes,,,,,
39548,ME44057/2,ACECOL 600 MG X 10 POLVO PARA SOLUCION ORAL,ACECOL,,POLVO PARA RECONSTITUCION,XL LABORATORIES PVT. LTD.,no_match_fuentes,,,,,
39549,ME13354,FANASAL 0.05 % SOLUCION NASAL,FANASAL,Nafazolina,SOLUCION NASAL,LABORATORIO QUIM-FAR C.A.,no_match_fuentes,,,,,
39550,ME43190,NEMAX 16 % - 6 % SOLUCION RECTAL,NEMAX,,LOCION,WEST-COAST PHARMACEUTICAL WORKS LTD,no_match_fuentes,,,,,
39551,MI44357,FOSFATO DE SODIO MONOBASICO 16 % - FOSFATO DE SODIO DIBASICO 6 %,FOSFATO DE SODIO MONOBASICO,,,AIRELA INDUSTRIA FARMACEUTICA LTDA.,no_match_fuentes,,,,,
39552,HO39021/2,NEUROALFA X 1 AMPOLLA,NEUROALFA X,Vitamina B12,INYECTABLE,LABORATORIOS ALFA S.R.L.,no_match_fuentes,,,,,
39553,HO39021/3,NEUROALFA X 3 AMPOLLAS,NEUROALFA X,Vitamina B12,INYECTABLE,LABORATORIOS ALFA S.R.L.,no_match_fuentes,,,,,
39555,HO44444,OMEPRAZOL 40 MG X 10 AMPOLLAS,OMEPRAZOL,Omeprazol,INYECTABLE,ZHEJIANG XIANJU PHARMACEUTICAL CO. LTD. (TAIZHOU),no_match_fuentes,,,,,
39556,ME44095,OPRABLU 20 MG X 30 CAPSULAS,OPRABLU,Omeprazol,CAPSULAS,OLON S.P.A,lab_antiguo,cobeca,lab,si,OMEPRAZOL CAP/MICRO G 20MG X 30 GENVEN,https://mav.farmaciasaas.com/api/images/articulos/DISTRIBUCION/29950.jpg
39557,HO44280,OLXAC 40 MG X 1 AMPOLLA,OLXAC,Omeprazol,INYECTABLE,SHANDONG YUXIN PHARMACEUTICAL CO. LTD,lab_antiguo,cobeca,lab,no,OMEPRAZOL PVO P/SOL INY 40MG X1 CR DIST,https://mav.farmaciasaas.com/api/images/articulos/DISTRIBUCION/51351.jpg
39558,ME43540,PARACETAMOL 120 MG / 5 ML SOLUCION ORAL,PARACETAMOL,Paracetamol,SOLUCION ORAL,MOREPEN LABORATORIES LIMITED,no_match_fuentes,,,,,
39559,ME44305,BIOTADIN 0.2 % SOLUCION OFTALMICA,BIOTADIN,Olopatadina,SOLUCION OFTALMICA,ARION HEALTHCARE,no_match_fuentes,,,,,
39561,ME42565,PATFLUX 40 MG X 1 TABLETA CON RECUBRIMIENTO ENTERICO,PATFLUX,Pantoprazol,TABLETAS,DEUTSCHE LABS. INC.,no_match_fuentes,,,,,
39562,ME34155,PENTOXIFILINA 400 MG X 30 TABLETAS RECUBIERTAS DE LIBERACION PROLONGADA,PENTOXIFILINA,Pentoxifilina,TABLETAS,EMPRESA LABORATORIOS MEDSOL,no_match_fuentes,,,,,
39564,ME41980,DUSTALOX 0.5 % SOLUCION OFTALMICA,DUSTALOX,,SOLUCION OFTALMICA,LABORATORIOS SOPHIA S.A. DE C.V,no_match_fuentes,,,,,
39565,ME31563,POENTOBRAL PLUS 0.3 %- 0.1 % SUSPENSION OFTALMICA,POENTOBRAL PLUS,Dexametasona - Tobramicina,SUSPENSION ORAL,LABORATORIOS POEN S.A.U.,no_match_fuentes,,,,,
39566,ME43937,PREDNISONA 5 MG / 5 ML SOLUCION ORAL,PREDNISONA,Prednisona,SOLUCION ORAL,MOREPEN LABORATORIES LIMITED,no_match_fuentes,,,,,
39567,ME44199,PREGATAN 75 MG X 30 CAPSULAS,PREGATAN,Pregabalina,CAPSULAS,REMUS PHARMACEUTICALS PVT. LTD.,lab_antiguo,cobeca,lab,no,PREGABALINA CAP 75MG X30 PHARMA,https://mav.farmaciasaas.com/api/images/articulos/DISTRIBUCION/27604.jpg
39569,ME40781,RANITIDINA 150 MG / 10 ML X 10 SOLUCION ORAL,RANITIDINA,Ranitidina,SOLUCION ORAL,SM PHARMA C.A.,no_match_fuentes,,,,,
39573,ME38530,ESOZ 10 MG X 10 MICROGRANULOS ENTERICOS PARA SUSPENSION ORAL,ESOZ,Esomeprazol Magnesico,SOLUCION ORAL,LABORATORIO LA SANTE C.A.,no_match_fuentes,,,,,
39575,HO42230,CLORURO DE SODIO 0.9 % - GLUCOSA 5 % X 10 AMPOLLAS,CLORURO DE SODIO,Glucosa,INYECTABLE,SHIYAO YINHU PHARMACEUTICAL CO. LTD,lab_y_mol,cobeca,lab|base,no,"CLORURO D/SOD SOL INY 0,9% 100ML IPS",https://mav.farmaciasaas.com/api/images/articulos/DISTRIBUCION/21357.jpg
39576,ME42256,FLUDINAX 0.9 % SOLUCION NASAL,FLUDINAX,,SOLUCION NASAL,LABORATORIO BEHRENS C.A.,no_match_fuentes,,,,,
39581,ME44749,ESLIPEL MET 50 MG - 1000 MG X 10 COMPRIMIDOS RECUBIERTOS,ESLIPEL MET,Metformina - Sitagliptina,COMPRIMIDOS,LABORATORIO ELEA PHOENIX S.A.,no_match_fuentes,,,,,
39582,ME42849,PERMETRINA 5 % LOCION,PERMETRINA,Permetrina,LOCION,AUROCHEM LABORATORIES (INDIA) PVT. LTD.,no_match_fuentes,,,,,
39583,ME26303,ULCIRAM 1 G / 5 ML X 20 SUSPENSION ORAL,ULCIRAM,,SUSPENSION ORAL,LABORATORIOS VARGAS S.A.,no_match_fuentes,,,,,
39584,ME30367,SULTAMICILINA 250 MG / 5 ML POLVO PARA SUSPENSION ORAL,SULTAMICILINA,,POLVO PARA RECONSTITUCION,CALOX INTERNATIONAL C.A.,no_match_fuentes,,,,,
39586,ME44180,TADAFER 5 MG X 15 TABLETAS RECUBIERTAS,TADAFER,Tadalafilo,TABLETAS,LABORATORIO PLUSANDEX DE FARMACEUTICOS UNIDOS PLUSANDEX C.A.,no_match_fuentes,,,,,
39593,ME43940,TOMYCIN DEX 0.3 % - 0.1 % SUSPENSION OFTALMICA,TOMYCIN DEX,Dexametasona - Tobramicina,SOLUCION OFTALMICA,THE IBN SINA PHARMACEUTICAL INDUSTRY LTD,lab_antiguo,cobeca,lab,si,"TOMYCIN SOL OFT 0,3% 5ML CAPSUV",https://mav.farmaciasaas.com/api/images/articulos/DISTRIBUCION/23365.jpg
39598,ME44209,VERICOLAN 450 MG - 50 MG X 30 TABLETAS RECUBIERTAS,VERICOLAN,Diosmina - Hesperidina,TABLETAS,LABORATORIO COFASA S.A.,lab_antiguo,cobeca,lab,no,DIOSMINA/HESPER TAB 450/50MG X30 CR DIST,https://mav.farmaciasaas.com/api/images/articulos/DISTRIBUCION/24807.jpg
39600,ME43973,FLOGAREN 1.16 % GEL,FLOGAREN,,GEL,C.A. PRODUCTOS RONAVA,no_match_fuentes,,,,,
39602,ME35193,GYNOCLOCIM 2 % CREMA VAGINAL,GYNOCLOCIM,Clotrimazol,CREMA,LABORATORIOS KIMICEG C.A.,lab_antiguo,cobeca,lab,no,CLOTRIMAZOL CREM VAG 2% 20G LETI,https://mav.farmaciasaas.com/api/images/articulos/DISTRIBUCION/51265.jpg