producto_id,sku,nombre_comercial,nucleo,molecula,forma,laboratorio,motivo
37296,ME4629/2,ACIDO FOLICO 5 MG X 10 COMPRIMIDOS,ACIDO FOLICO,Folico Acido,COMPRIMIDOS,MEGALABS S.A.,sin_match_cobeca
37297,ME43837,ACIDO FOLICO 10 MG X 10 TABLETAS,ACIDO FOLICO,Folico Acido,TABLETAS,"BIOQUIMICA INTERNACIONAL, C.A.",sin_match_cobeca
37298,ME36224/2,ACIDO FOLICO 10 MG X 10 TABLETAS,ACIDO FOLICO,Folico Acido,TABLETAS,"LABORATORIO PLUSANDEX DE FARMACEUTICOS UNIDOS, PLUSANDEX, C.A.",sin_match_cobeca
37301,ME43836,ACIDO FOLICO 5 MG X 10 TABLETAS,ACIDO FOLICO,Folico Acido,TABLETAS,"BIOQUIMICA INTERNACIONAL, C.A.",sin_match_cobeca
37302,ME43094,ACIDO IBANDRONICO 150 MG X 1 TABLETA RECUBIERTA,ACIDO IBANDRONICO,Acido Ibandronico Sodio Monohidrato,TABLETAS,MASCOT HEALTH SERIES PVT. LTD.,sin_desc_lab
37303,ME43992,ACIDO TRANEXAMICO 500 MG X 10 TABLETAS RECUBIERTAS,ACIDO TRANEXAMICO,Tranexamico Acido,TABLETAS,SHILPA PHARMA LIFESCIENCES LIMITED,sin_desc_lab
37306,ME42665,ACECLOFENACO 100 MG X 10 TABLETAS RECUBIERTAS,ACECLOFENACO,Aceclofenaco,TABLETAS,THEON PHARMACEUTICALS LTD,sin_desc_lab
37311,ME43639/4,ACETAMINOFEN 650 MG X 30 TABLETAS,ACETAMINOFEN,Acetaminofen,TABLETAS,"LABORATORIOS L.O. OFTALMI, C.A.",sin_match_cobeca
37312,ME43707,ACETAMINOFEN 150 MG / 5 ML JARABE,ACETAMINOFEN,Acetaminofen,JARABE,AARTI PHARMALABS LIMITED,sin_desc_lab
37313,ME40083,ACETAMINOFEN 120 MG / 5 ML SOLUCION ORAL,ACETAMINOFEN,Acetaminofen,SOLUCION ORAL,"SM PHARMA, C.A.",sin_desc_lab
37314,ME40084,ACETAMINOFEN 180 MG / 5 ML SOLUCION ORAL,ACETAMINOFEN,Acetaminofen,SOLUCION ORAL,"SM PHARMA, C.A.",sin_desc_lab
37316,ME25466/2,ACETAMINOFEN 500 MG X 10 COMPRIMIDOS,ACETAMINOFEN,Acetaminofen,COMPRIMIDOS,"LABORATORIOS SPEFAR VENEZOLANOS, S.A.",sin_desc_lab
37317,ME25466/3,ACETAMINOFEN 500 MG X 30 COMPRIMIDOS,ACETAMINOFEN,Acetaminofen,COMPRIMIDOS,"LABORATORIOS SPEFAR VENEZOLANOS, S.A.",sin_desc_lab
37320,ME23275/3,ACETAMINOFEN 500 MG X 12 TABLETAS,ACETAMINOFEN,Acetaminofen,TABLETAS,"LABORATORIO PLUSANDEX DE FARMACEUTICOS UNIDOS, PLUSANDEX, C.A.",sin_match_cobeca
37321,ME23275/4,ACETAMINOFEN 500 MG X 24 TABLETAS,ACETAMINOFEN,Acetaminofen,TABLETAS,"LABORATORIO PLUSANDEX DE FARMACEUTICOS UNIDOS, PLUSANDEX, C.A.",sin_match_cobeca
37322,ME37101/3,ACETAMINOFEN - HIOSCINA N BUTIL BROMURO 500 MG-10 MG X 20 TABLETAS RE,ACETAMINOFEN - HIOSCINA N BUTIL BROMURO,,TABLETAS,"LABORATORIO LA SANTE, C.A.",sin_match_cobeca
37323,ME37101/2,ACETAMINOFEN - HIOSCINA N BUTIL BROMURO 500 MG-10 MG X 10 TABLETAS RE,ACETAMINOFEN - HIOSCINA N BUTIL BROMURO,,TABLETAS,"LABORATORIO LA SANTE, C.A.",sin_match_cobeca
37324,ME37095,ACETAMINOFEN 500 MG X 20 TABLETAS,ACETAMINOFEN,Acetaminofen,TABLETAS,"SM PHARMA, C.A.",sin_desc_lab
37325,ME40713,ACETAMINOFEN - CLORFENIRAMINA 125 MG - 1 MG / 5 ML JARABE,ACETAMINOFEN - CLORFENIRAMINA,,JARABE,"SM PHARMA, C.A.",sin_desc_lab
37326,ME39115,ACETAMINOFEN - TRAMADOL 325 MG - 37.5 MG X 10 COMPRIMIDOS,ACETAMINOFEN - TRAMADOL,,COMPRIMIDOS,"LABORATORIOS SPEFAR VENEZOLANOS, S.A.",sin_desc_lab
37327,ME34148/3,ACETAZOLAMIDA 250 MG X 20 TABLETAS,ACETAZOLAMIDA,Acetazolamida,TABLETAS,EMPRESA LABORATORIOS MEDSOL,sin_desc_lab
37328,ME34148/2,ACETAZOLAMIDA 250 MG X 10 TABLETAS,ACETAZOLAMIDA,Acetazolamida,TABLETAS,EMPRESA LABORATORIOS MEDSOL,sin_desc_lab
37335,ME43512,ACICLOVIR CREMA 5 %,ACICLOVIR CREMA,Aciclovir - Parafina Blanda - Sodio Hidrogeno Carbonato,CREMA,"JIANGXI SYNERGY PHARMACEUTICAL CO., LTD",sin_desc_lab
37336,HO40581,ACICLOVIR 250 MG POLVO LIOFILIZADO PARA SOLUCION INYECTABLE PARA INFUSION INTRAVENOSA,ACICLOVIR,Aciclovir,INYECTABLE,VITALIS S.A.C.I.,sin_desc_lab
37337,HO1046,MONARC- M 250 U. 1 X 1 AMPOLLA,MONARC- M,,INYECTABLE,CORPORACION COLIMODIO C.A.,sin_desc_lab
37338,ME28634,ACICLOR 200 MG / 5 ML POLVO PARA SUSPENSION,ACICLOR,Aciclovir,POLVO PARA RECONSTITUCION,"LABORATORIOS LETI, S.A.V.",sin_match_cobeca
37339,ME26178/3,ACICLOVIR 200 MG X 20 TABLETAS,ACICLOVIR,Aciclovir,TABLETAS,LABORATORIO PIFANO C.A.,sin_desc_lab
37340,ME26178/2,ACICLOVIR 200 MG X 10 TABLETAS,ACICLOVIR,Aciclovir,TABLETAS,LABORATORIO PIFANO C.A.,sin_desc_lab
37341,ME26178/4,ACICLOVIR 200 MG X 24 TABLETAS,ACICLOVIR,Aciclovir,TABLETAS,LABORATORIO PIFANO C.A.,sin_desc_lab
37343,ME42505,ACICLOVIR 400 MG X 100 TABLETAS,ACICLOVIR,Aciclovir,TABLETAS,CAPLIN POINT LABORATORIES LIMITED,sin_desc_lab
37344,ME44064,ACICLOVIR 5 % CREMA TOPICA,ACICLOVIR,Aciclovir,SOLUCION TOPICA,"CALOX INTERNATIONAL, C.A.",sin_match_cobeca
37345,ME34553/2,ACIDO ACETILSALICILICO 81 MG X 24 TABLETAS CON CUBIERTA ENTERICA,ACIDO ACETILSALICILICO,,TABLETAS,"LABORATORIOS L.O. OFTALMI, C.A.",sin_match_cobeca
37346,ME34553/3,ACIDO ACETILSALICILICO 81 MG X 30 TABLETAS CON CUBIERTA ENTERICA,ACIDO ACETILSALICILICO,,TABLETAS,"LABORATORIOS L.O. OFTALMI, C.A.",sin_match_cobeca
37347,HO44464,ACIDO ASCORBICO 500 MG / 5 ML SOLUCION INYECTABLE,ACIDO ASCORBICO,Ascorbico Acido,INYECTABLE,"GUIZHOU TIANDI PHARMACEUTICAL CO., LTD",sin_desc_lab
37349,ME1457,RESTYLANE PERLANE LIDOCAINA (ACIDO HIALURONICO - LIDOCAINA CLORHIDRATO) 20 MG / ML - 3 MG / ML GEL INYECTABLE,RESTYLANE PERLANE LIDOCAINA (ACIDO HIALURONICO - LIDOCAINA CLORHIDRATO),Hialuronico Acido,INYECTABLE,Q-MED AB.,sin_desc_lab
37350,HO3187/3,ACIDO FOLICO 10 MG / ML X 10 AMPOLLAS,ACIDO FOLICO,Folico Acido,INYECTABLE,MEGALABS S.A.,sin_match_cobeca
37352,HO3187/4,ACIDO FOLICO 10 MG / ML X 20 AMPOLLAS,ACIDO FOLICO,Folico Acido,INYECTABLE,MEGALABS S.A.,sin_match_cobeca
37356,ME4630/2,ACIDO FOLICO 10 MG X 10 COMPRIMIDOS,ACIDO FOLICO,Folico Acido,COMPRIMIDOS,MEGALABS S.A.,sin_match_cobeca
37361,ME37466,FUCIDIN H 20 MG - 10 MG / G CREMA.,FUCIDIN H,Acido Fusidico Hemihidrato,CREMA,"LEO LABORATORIES LTD, IRLANDA",sin_desc_lab
37363,ME23174/2,VALPRON 500 MG X 10 TABLETAS,VALPRON,Valproico Acido,TABLETAS,LABORATORIOS FARMA S.A.,sin_match_cobeca
37366,ME38066,ACIDO IBANDRONICO 150 MG X 1 TABLETA RECUBIERTA,ACIDO IBANDRONICO,,TABLETAS,"CALOX INTERNATIONAL, C.A.",sin_match_cobeca
37367,ME44457,ACTUMIR DUO 12.5 MG-850 MG X 30 TABLETAS RECUBIERTAS,ACTUMIR DUO,Empagliflozina - Metformina,TABLETAS,LABORATORIOS FARMA S.A.,sin_match_cobeca
37368,ME43334,ADAPALENO - CLINDAMICINA 0.1 % - 1 % GEL,ADAPALENO - CLINDAMICINA,Adapaleno,GEL,"LABORATORIOS SPEFAR VENEZOLANOS, S.A.",sin_desc_lab
37369,HO34745,ADRENALINA 1 MG / ML X 5 AMPOLLAS,ADRENALINA,Adrenalina,INYECTABLE,"LABORATORIO BIOSANO, S.A.",sin_desc_lab
37374,HO32804,AGUA BIDESTILADA INYECTABLE,AGUA BIDESTILADA INYECTABLE,,INYECTABLE,"LABORATORIO COFASA, S.A.",sin_match_cobeca
37375,HO1694,AGUA DESTILADA ESTERIL SOLUCION INYECTABLE,AGUA DESTILADA ESTERIL SOLUCION INYECTABLE,,INYECTABLE,"LABORATORIOS VALMOR, C.A.",sin_match_cobeca
37381,ME43288,ALBENDAZOL 400 MG X 10 TABLETAS MASTICABLES,ALBENDAZOL,Albendazol,TABLETAS,CORAL LABORATORIES LTD,sin_desc_lab
37382,ME27081,ALBENDAZOL 400 MG / 10 ML SUSPENSION,ALBENDAZOL,Albendazol,SUSPENSION ORAL,"LABORATORIO COFASA, S.A.",sin_match_cobeca
37383,ME40605/2,ALBENDAZOL 200 MG X 2 COMPRIMIDOS,ALBENDAZOL,Albendazol,COMPRIMIDOS,"SM PHARMA, C.A.",sin_desc_lab
37384,ME40605/3,ALBENDAZOL 200 MG X 6 COMPRIMIDOS,ALBENDAZOL,Albendazol,COMPRIMIDOS,"SM PHARMA, C.A.",sin_desc_lab
37391,ME32131,ALENDRONATO SODICO 70 MG X 4 COMPRIMIDOS,ALENDRONATO SODICO,Alendronico Acido,COMPRIMIDOS,"LABORATORIOS LETI, S.A.V.",sin_match_cobeca
37397,ME34716,ALIPAL FORTE DIA 650 MG - 32 MG - 4 MG X 12 CAPSULAS,ALIPAL FORTE DIA,Cafeina,CAPSULAS,"BIOTECH LABORATORIOS, C.A.",sin_match_cobeca
37399,ME43815,ALIVET 100 MG - 0.42 MG / ML X 10 SOLUCION ORAL,ALIVET,Acetaminofen - Clorfenamina,SOLUCION ORAL,"LABORATORIOS LETI, S.A.V.",sin_match_cobeca
37414,ME28493,AMBROXOL CLORHIDRATO 30 MG / 5 ML JARABE,AMBROXOL CLORHIDRATO,Ambroxol,JARABE,"LABORATORIO LA SANTE, C.A.",sin_match_cobeca
37415,ME29182,CLORHIDRATO DE AMBROXOL 15 MG / 5ML.SOLUCION ORAL,CLORHIDRATO DE AMBROXOL,Ambroxol,SOLUCION ORAL,MEGALABS S.A.,sin_match_cobeca
37416,ME29181,CLORHIDRATO DE AMBROXOL 30 MG / 5 ML SOLUCION ORAL,CLORHIDRATO DE AMBROXOL,Ambroxol,SOLUCION ORAL,"LABORATORIOS KIMICEG, C.A.",sin_match_cobeca
37418,HO23247,AMIKACINA 500 MG / 2 ML X 1 AMPOLLA,AMIKACINA,Amikacina,INYECTABLE,C.A. PRODUCTOS RONAVA,sin_match_cobeca
37419,HO24946,AMIKACINA 500 MG / 2 ML X 1 AMPOLLA,AMIKACINA,Amikacina,INYECTABLE,"LABORATORIOS VALMOR, C.A.",sin_match_cobeca
37420,HO26424,AMIKACINA 100 MG / 2 ML X 10 AMPOLLAS,AMIKACINA,,INYECTABLE,"LABORATORIOS VALMOR, C.A.",sin_match_cobeca
37424,ME30206/4,AMLODIPINA 10 MG X 60 COMPRIMIDOS,AMLODIPINA,Amlodipino,COMPRIMIDOS,"LABORATORIOS LETI, S.A.V.",sin_match_cobeca
37425,ME30206/2,AMLODIPINA 10 MG X 10 COMPRIMIDOS,AMLODIPINA,Amlodipino,COMPRIMIDOS,"LABORATORIOS LETI, S.A.V.",sin_match_cobeca
37429,ME39126/2,AMLODIPINA 10 MG X 20 TABLETAS,AMLODIPINA,,TABLETAS,"CALOX INTERNATIONAL, C.A.",sin_match_cobeca
37433,ME31230,AMLODIPINA 5 MG X 30 TABLETAS,AMLODIPINA,,TABLETAS,"LABORATORIO COFASA, S.A.",sin_match_cobeca
37435,ME42534,AMOXICILINA - ACIDO CLAVULANICO 250 MG - 62.5 MG / 5 ML POLVO PARA SUSPENSION ORAL,AMOXICILINA - ACIDO CLAVULANICO,Amoxicilina - Clavulanico Acido,POLVO PARA RECONSTITUCION,"LABORATORIOS SPEFAR VENEZOLANOS, S.A.",sin_desc_lab
37436,ME44341,SINOT CLAV 875 MG – 125 MG X 14 COMPRIMIDOS,SINOT CLAV,Amoxicilina,COMPRIMIDOS,MOMENTA FARMACEUTICA LTDA.,sin_desc_lab
37437,ME43309,CLAVULAM 875 MG - 125 MG TABLETAS RECUBIERTAS,CLAVULAM,Amoxicilina - Clavulanico Acido,TABLETAS,LABORATE PHARMACEUTICALS INDIA LTD,sin_desc_lab
37438,ME43040,AMOXICILINA 500 MG X 10 CAPSULAS,AMOXICILINA,,CAPSULAS,"JIANGXI XIER KANGTAI PHARMACEUTICAL CO., LTD",sin_desc_lab
37439,ME44669,AMOXICILINA - ACIDO CLAVULANICO 500 MG - 125 MG X 10 TABLETAS RECUBIERTAS,AMOXICILINA - ACIDO CLAVULANICO,,TABLETAS,SARTHI PHARMA,sin_desc_lab
37440,ME20340/3,AMOXICILINA 500 MG X 10 CAPSULAS,AMOXICILINA,Amoxicilina,CAPSULAS,"CALOX INTERNATIONAL, C.A.",sin_match_cobeca
37441,ME20340/4,AMOXICILINA 500 MG X 12 CAPSULAS,AMOXICILINA,Amoxicilina,CAPSULAS,"CALOX INTERNATIONAL, C.A.",sin_match_cobeca
37442,ME20340/2,AMOXICILINA 500 MG X 6 CAPSULAS,AMOXICILINA,Amoxicilina,CAPSULAS,"CALOX INTERNATIONAL, C.A.",sin_match_cobeca
37446,ME23745,AMOXICILINA 125 MG / 5 ML SUSPENSION,AMOXICILINA,,SUSPENSION ORAL,"SM PHARMA, C.A.",sin_desc_lab
37447,ME25639,AMOXICILINA 250 MG / 5 ML POLVO PARA SUSPENSION,AMOXICILINA,Amoxicilina,POLVO PARA RECONSTITUCION,SYNTOFARMA S.A.,sin_desc_lab
37451,ME37262,AMOXIVAL 750 ML / 5 ML POLVO PARA SUSPENSION ORAL,AMOXIVAL,Amoxicilina,POLVO PARA RECONSTITUCION,"LABORATORIOS VALMOR, C.A.",sin_match_cobeca
37452,ME22089,AMOXIVAL 250 MG / 5 ML POLVO PARA SUSPENSION ORAL,AMOXIVAL,Amoxicilina,POLVO PARA RECONSTITUCION,"LABORATORIOS VALMOR, C.A.",sin_match_cobeca
37454,ME24809,AMPICILINA 250 MG / 5 ML POLVO PARA SUSPENSION ORAL,AMPICILINA,Ampicilina,POLVO PARA RECONSTITUCION,"SM PHARMA, C.A.",sin_desc_lab
37463,ME42609,ANASTROZOL 1 MG X 30 TABLETAS RECUBIERTAS,ANASTROZOL,Anastrozol,TABLETAS,SALUTAS PHARMA GMBH.,sin_desc_lab
37464,ME31329/3,ANGRIP X 8 COMPRIMIDOS,ANGRIP X,,COMPRIMIDOS,MEGALABS S.A.,sin_match_cobeca
37465,ME31329/2,ANGRIP X 4 COMPRIMIDOS,ANGRIP X,,COMPRIMIDOS,MEGALABS S.A.,sin_match_cobeca
37466,ME31329/4,ANGRIP X 15 COMPRIMIDOS,ANGRIP X,,COMPRIMIDOS,MEGALABS S.A.,sin_match_cobeca
37474,ME40266,ANTILAX PLUS 2 MG - 125 MG X 10 CAPSULAS,ANTILAX PLUS,,CAPSULAS,LABORATORIOS FARMA S.A.,sin_match_cobeca
37479,ME42943,APIRETFLU DIA X 6 GRANULADO,APIRETFLU DIA X,Acetaminofen - Cafeina,GRANULADOS,"LABORATORIOS L.O. OFTALMI, C.A.",sin_match_cobeca
37480,ME44489,APITENA 2.5 MG X 30 COMPRIMIDOS RECUBIERTOS,APITENA,Apixaban,COMPRIMIDOS,FARMACEUTICA PARAGUAYA S.A.,sin_desc_lab
37481,ME43847,APIBLOTAN 5 MG X 60 TABLETAS RECUBIERTAS,APIBLOTAN,Apixaban,TABLETAS,SYNOKEM PHARMACEUTICALS LIMITED,sin_desc_lab
37485,ME37211/2,ARANDA 2.5 MG - 50 MG X 10 CAPSULAS,ARANDA,Losartan,CAPSULAS,ACHE LABORATORIOS FARMACEUTICOS S.A.,sin_desc_lab
37486,ME37211/3,ARANDA 2.5 MG - 50 MG X 30 CAPSULAS,ARANDA,Losartan,CAPSULAS,ACHE LABORATORIOS FARMACEUTICOS S.A.,sin_desc_lab
37487,ME37212,ARANDA 5 MG - 100 MG X 10 CAPSULAS,ARANDA,Losartan,CAPSULAS,ACHE LABORATORIOS FARMACEUTICOS S.A.,sin_desc_lab
37510,ME43445,ATAPEC 100 MG X 30 TABLETAS RECUBIERTAS,ATAPEC,,TABLETAS,TITAN LABORATORIES PVT. LTD.,sin_desc_lab
37512,ME25816,ATENOLOL 100 MG X 30 TABLETAS,ATENOLOL,Atenolol,TABLETAS,"CALOX INTERNATIONAL, C.A.",sin_match_cobeca
37513,ME25817,ATENOLOL 50 MG X 30 TABLETAS,ATENOLOL,Atenolol,TABLETAS,"CALOX INTERNATIONAL, C.A.",sin_match_cobeca
37516,ME39468/3,ATORVACOF 20 MG X 30 TABLETAS RECUBIERTAS,ATORVACOF,Atorvastatina,TABLETAS,"LABORATORIO COFASA, S.A.",sin_match_cobeca
37518,ME32690/3,ATORVASTATINA 20 MG X 14 COMPRIMIDOS RECUBIERTOS,ATORVASTATINA,Atorvastatina,COMPRIMIDOS,"LABORATORIOS LETI, S.A.V.",sin_match_cobeca
37522,ME37775,ATORVASTATINA 20 MG X 30 TABLETAS RECUBIERTAS,ATORVASTATINA,,TABLETAS,EMPRESA LABORATORIOS MEDSOL,sin_desc_lab
37524,ME35340/2,ATORVASTATINA 40 MG X 14 TABLETAS RECUBIERTAS,ATORVASTATINA,Atorvastatina,TABLETAS,LABORATORIOS FARMA S.A.,sin_match_cobeca
37532,ME29902,AUGMENTIN BID 875 MG - 125 MG TABLETAS RECUBIERTAS,AUGMENTIN BID,Amoxicilina - Clavulanico Acido,TABLETAS,SMITHKLINE BEECHAM LIMITED,sin_desc_lab
37544,ME31564/3,AZITROMICINA 500 MG X 5 COMPRIMIDOS RECUBIERTOS,AZITROMICINA,Azitromicina,COMPRIMIDOS,"LABORATORIOS SPEFAR VENEZOLANOS, S.A.",sin_desc_lab
37545,ME31564/2,AZITROMICINA 500 MG X 3 COMPRIMIDOS RECUBIERTOS,AZITROMICINA,Azitromicina,COMPRIMIDOS,"LABORATORIOS SPEFAR VENEZOLANOS, S.A.",sin_desc_lab
37546,ME42509,AZITROMICINA 200 MG / 5 ML SUSPENSION ORAL,AZITROMICINA,Azitromicina,SUSPENSION ORAL,COOPER PHARMA LTD,sin_desc_lab
37547,ME42465,AZITROMICINA 500 MG X 5 TABLETAS RECUBIERTAS,AZITROMICINA,,TABLETAS,COOPER PHARMA LTD,sin_desc_lab
37549,ME1645,BACITRACINA 125 MG / 15 G UNGUENTO,BACITRACINA,Bacitracina,UNGUENTO,"PFIZER VENEZUELA, S.A.",sin_desc_lab
37550,ME20140,BACITRACINA 500 UI - G UNGUENTO,BACITRACINA,Bacitracina,UNGUENTO,C.A. PRODUCTOS RONAVA,sin_match_cobeca
37557,ME29570,BENCIDAMINA CLORHIDRATO 0.15 % SOLUCION TOPICA BUCAL,BENCIDAMINA CLORHIDRATO,,SOLUCION TOPICA,"LABORATORIO COFASA, S.A.",sin_match_cobeca
37563,ME33045/2,BENZODIAZOL 0.25 MG - 5 MG X 4 PASTILLAS SABOR A TUTTI FRUTTI,BENZODIAZOL,,PASTILLA,LABORATORIOS SIEGFRIED S.A.,sin_match_cobeca
37566,ME26475,BETADINE 8 % SOLUCION TOPICO BUCAL,BETADINE,,SOLUCION TOPICA,LABORATORIOS FARMA S.A.,sin_match_cobeca
37567,ME37878,BETADUO 6.430 MG - 2.631 MG / ML X 1 AMPOLLA,BETADUO,,INYECTABLE,"PHARMAYECT, S.A.",sin_desc_lab
37570,ME16115,BETAGEN SOLSPEN X 1 AMPOLLA,BETAGEN SOLSPEN X,,INYECTABLE,"BIOTECH LABORATORIOS, C.A.",sin_match_cobeca
37573,HO36271/2,BETAMETASONA 4 MG / ML X 1 AMPOLLA,BETAMETASONA,Betametasona,INYECTABLE,"PHARMAYECT, S.A.",sin_desc_lab
37574,HO36271/3,BETAMETASONA 4 MG / ML X 10 AMPOLLAS,BETAMETASONA,Betametasona,INYECTABLE,"PHARMAYECT, S.A.",sin_desc_lab
37575,ME22866,BEXILON 4 MG / 5 ML JARABE,BEXILON,,JARABE,"LABORATORIO PLUSANDEX DE FARMACEUTICOS UNIDOS, PLUSANDEX, C.A.",sin_match_cobeca
37576,ME42551,BILOL 2.5 MG X 10 TABLETAS RECUBIERTAS,BILOL,,TABLETAS,SWISS PARENTERALS LTD,sin_desc_lab
37587,ME43626,BISACODILO 5 MG X 10 TABLETAS GASTRORRESISTENTES,BISACODILO,Bisacodilo,TABLETAS,SG HEALTHCARE PVT. LTD.,sin_desc_lab
37589,ME38626,BISOPROLOL FUMARATO 5 MG X 30 TABLETAS RECUBIERTAS,BISOPROLOL FUMARATO,,TABLETAS,"CALOX INTERNATIONAL, C.A.",sin_match_cobeca
37592,ME42421,BISOPROLOL FUMARATO 10 MG X 30 COMPRIMIDOS RECUBIERTOS,BISOPROLOL FUMARATO,Bisoprolol,COMPRIMIDOS,"LABORATORIOS SPEFAR VENEZOLANOS, S.A.",sin_desc_lab
37594,ME44328,BISOPROLOL FUMARATO 5 MG X 30 TABLETAS RECUBIERTAS,BISOPROLOL FUMARATO,Bisoprolol,TABLETAS,RONALD PHARMACEUTICALS PVT. LTD.,sin_desc_lab
37595,ME43390,BISOPROLOL FUMARATO 1.25 MG X 15 TABLETAS RECUBIERTAS,BISOPROLOL FUMARATO,,TABLETAS,SYNOKEM PHARMACEUTICALS LIMITED,sin_desc_lab
37609,ME39097,BROFLEMA 8 MG / 5 ML SOLUCION ORAL,BROFLEMA,,SOLUCION ORAL,"BIOTECH LABORATORIOS, C.A.",sin_match_cobeca
37614,ME26069,CLORHIDRATO DE BROMEXINA 8 MG / 5 ML JARABE.,CLORHIDRATO DE BROMEXINA,Bromhexina,JARABE,"LABORATORIOS SPEFAR VENEZOLANOS, S.A.",sin_desc_lab
37615,ME40260,BROMEXINA CLORHIDRATO 4 MG / 5 ML JARABE,BROMEXINA CLORHIDRATO,,JARABE,"SM PHARMA, C.A.",sin_desc_lab
37616,ME35158,BROMHEXINA CLORHIDRATO 8 MG / 5 ML JARABE,BROMHEXINA CLORHIDRATO,,JARABE,"LABORATORIOS SPEFAR VENEZOLANOS, S.A.",sin_desc_lab
37617,ME36318,BROMHEXINA CLORHIDRATO 8 MG / 5 ML JARABE,BROMHEXINA CLORHIDRATO,,JARABE,LABORATORIO BIOGALENIC C.A.,sin_desc_lab
37624,ME29895,BRUGESIC PLUS 600 MG X 10 POLVO PARA SOLUCION ORAL,BRUGESIC PLUS,Ibuprofeno,POLVO PARA RECONSTITUCION,"LABORATORIOS ELMOR, S.A.",sin_match_cobeca
37638,ME42932/4,VITAMINA C - ZINC 500 MG - 15 MG X 60 TABLETAS MASTICABLES SABOR A MANDARINA,VITAMINA C - ZINC,Ascorbico Acido - Zinc,TABLETAS,BIONUTREC S.A.S.,sin_desc_lab
37639,ME42932/3,VITAMINA C - ZINC 500 MG - 15 MG X 30 TABLETAS MASTICABLES SABOR A MANDARINA,VITAMINA C - ZINC,Ascorbico Acido - Zinc,TABLETAS,BIONUTREC S.A.S.,sin_desc_lab
37640,ME42932/2,VITAMINA C - ZINC 500 MG - 15 MG X 10 TABLETAS MASTICABLES SABOR A MANDARINA,VITAMINA C - ZINC,Ascorbico Acido - Zinc,TABLETAS,BIONUTREC S.A.S.,sin_desc_lab
37648,ME25320,CAMPAL 50 MG X 20 TABLETAS ENTERICAS,CAMPAL,,TABLETAS,LABORATORIOS SIEGFRIED S.A.,sin_match_cobeca
37650,ME40363/2,CANDER HCT 16 MG - 12.5 MG X 10 TABLETAS,CANDER HCT,,TABLETAS,"LABORATORIOS VALMOR, C.A.",sin_match_cobeca
37655,ME43341,CANDESARTAN CILETEXILO – HIDROCLOROTIAZIDA 8 MG – 12.5 MG TABLETAS RECUBIERTAS,CANDESARTAN CILETEXILO – HIDROCLOROTIAZIDA,,TABLETAS,MASCOT HEALTH SERIES PVT. LTD.,sin_desc_lab
37663,ME37841,CANDESARTAN 8 MG X 30 TABLETAS,CANDESARTAN,,TABLETAS,"LABORATORIO LA SANTE, C.A.",sin_match_cobeca
37665,ME40335,CANFIR 500 MG X 30 COMPRIMIDOS RECUBIERTOS DE LIBERACION PROLONGADA,CANFIR,,COMPRIMIDOS,"LABORATORIOS LETI, S.A.V.",sin_match_cobeca
37668,MI1290,OXIGENO MEDICINAL,OXIGENO MEDICINAL,,,"AGA GAS, C.A.",sin_desc_lab
37670,ME25978/2,CAPTOPRIL 25 MG X 20 COMPRIMIDOS,CAPTOPRIL,Captopril,COMPRIMIDOS,"LABORATORIOS LETI, S.A.V.",sin_match_cobeca
37671,ME25738/2,CAPTOPRIL 25 MG X 20 TABLETAS,CAPTOPRIL,Captopril,TABLETAS,"CALOX INTERNATIONAL, C.A.",sin_match_cobeca
37676,ME24815/2,CARBAMAZEPINA 200 MG X 10 COMPRIMIDOS,CARBAMAZEPINA,Carbamazepina,COMPRIMIDOS,"LABORATORIOS VALMOR, C.A.",sin_match_cobeca
37677,ME24815/3,CARBAMAZEPINA 200 MG X 20 COMPRIMIDOS,CARBAMAZEPINA,Carbamazepina,COMPRIMIDOS,"LABORATORIOS VALMOR, C.A.",sin_match_cobeca
37678,ME28957,CARBAMAZEPINA 200 MG X 30 TABLETAS,CARBAMAZEPINA,Carbamazepina,TABLETAS,ESPROMED BIO C.A.,sin_desc_lab
37679,ME43783,CARBAMAZEPINA 200 MG X 30 TABLETAS,CARBAMAZEPINA,Carbamazepina,TABLETAS,"JIANGXI SYNERGY PHARMACEUTICAL CO., LTD",sin_desc_lab
37680,ME43998,CARBAMAZEPINA 400 MG X 30 TABLETAS,CARBAMAZEPINA,Carbamazepina,TABLETAS,BRAWN LABORATORIES LIMITED,sin_desc_lab
37685,ME1642,CARBONATO DE LITIO 300 MG X 20 CAPSULAS,CARBONATO DE LITIO,Litio,CAPSULAS,"INDUSTRIAS DE MEDICAMENTOS GENERICOS R.X., C.A.",sin_match_cobeca
37692,ME38916/3,CARVEDILOL 6.5 MG X 15 TABLETAS,CARVEDILOL,Carvedilol,TABLETAS,"OKASA PHARMA,PVT,LTDA.",sin_desc_lab
37693,ME38916/6,CARVEDILOL 6.5 MG X 30 TABLETAS,CARVEDILOL,Carvedilol,TABLETAS,"OKASA PHARMA,PVT,LTDA.",sin_desc_lab
37694,ME38916/4,CARVEDILOL 6.5 MG X 20 TABLETAS,CARVEDILOL,Carvedilol,TABLETAS,"OKASA PHARMA,PVT,LTDA.",sin_desc_lab
37695,ME38916/2,CARVEDILOL 6.5 MG X 14 TABLETAS,CARVEDILOL,Carvedilol,TABLETAS,"OKASA PHARMA,PVT,LTDA.",sin_desc_lab
37696,ME38916/5,CARVEDILOL 6.5 MG X 28 TABLETAS,CARVEDILOL,Carvedilol,TABLETAS,"OKASA PHARMA,PVT,LTDA.",sin_desc_lab
37704,ME30368,CEFADROXILO 500 MG X 10 CAPSULAS,CEFADROXILO,,CAPSULAS,FARMACOOP LTDA.,sin_desc_lab
37705,ME27532,CEFADROXILO 500 MG X 10 CAPSULAS,CEFADROXILO,Cefadroxilo,CAPSULAS,SYNTOFARMA S.A.,sin_desc_lab
37707,ME31345,CEFADROXILO 250 MG / 5 ML POLVO PARA SUSPENSION ORAL,CEFADROXILO,Cefadroxilo,POLVO PARA RECONSTITUCION,SYNTOFARMA S.A.,sin_desc_lab
37708,ME42857,CEFADROXILO 500 MG X 10 TABLETAS,CEFADROXILO,Cefadroxilo,TABLETAS,MARS REMEDIES PVT. LTD.,sin_desc_lab
37709,ME40269,CEFALEXINA 125 MG / 5 ML POLVO PARA SUSPENSION ORAL,CEFALEXINA,Cefalexina,POLVO PARA RECONSTITUCION,"EMPRESA FARMACEUTICA ""8 DE MARZO""",sin_desc_lab
37711,HO44435,CEFAZOLINA 1 G X 10 AMPOLLAS,CEFAZOLINA,Cefazolina,INYECTABLE,FARMALOGICA S.A.,sin_desc_lab
37713,ME40063,CEFIXIMA 100 MG / 5 ML POLVO PARA SUSPENSION ORAL,CEFIXIMA,Cefixima,POLVO PARA RECONSTITUCION,"LABORATORIOS LETI, S.A.V.",sin_match_cobeca
37714,ME44329,CEFIXIMA 400 MG X 5 TABLETAS RECUBIERTAS,CEFIXIMA,Cefixima,TABLETAS,"CALOX INTERNATIONAL, C.A.",sin_match_cobeca
37715,ME44129,CEFIXIMA 400 MG X 10 TABLETAS DISPERSABLES,CEFIXIMA,Cefixima,TABLETAS,BAROQUE PHARMACEUTICALS PVT. LTD.,sin_desc_lab
37717,HO43171,CEFOPERAZONA - SULBACTAM 1 G - 0.5 G X 1 AMPOLLA,CEFOPERAZONA - SULBACTAM,Sulbactam,INYECTABLE,"REYOUNG PHARMACEUTICAL CO., LTD",sin_desc_lab
37718,ME43917,CEFOTAS 500 MG X 20 CAPSULAS,CEFOTAS,Cefadroxilo,CAPSULAS,SYNTOFARMA S.A.,sin_desc_lab
37719,HO33864,CEFTRIAXONA 1 G X 1 AMPOLLA,CEFTRIAXONA,,INYECTABLE,VITALIS S.A.C.I.,sin_desc_lab
37720,HO29420,CEFTRIAXONA 1 G POLVO PARA SOLUCION INYECTABLE,CEFTRIAXONA,Ceftriaxona,INYECTABLE,"EMPRESA FARMACEUTICA ""8 DE MARZO""",sin_desc_lab
37722,ME41586,CELECOXIB 200 MG X 10 CAPSULAS,CELECOXIB,Celecoxib,CAPSULAS,"CALOX INTERNATIONAL, C.A.",sin_match_cobeca
37727,ME42717,CETIRIZINA CLORHIDRATO 10 MG X 10 TABLETAS RECUBIERTAS,CETIRIZINA CLORHIDRATO,Cetirizina,TABLETAS,CADILA PHARMACEUTICALS LIMITED,sin_desc_lab
37729,ME32490,CETIRIZINA 1 MG / ML SOLUCION ORAL,CETIRIZINA,Cetirizina,SOLUCION ORAL,"LABORATORIOS KIMICEG, C.A.",sin_match_cobeca
37730,ME44603,CETIRIZINA 5 MG / 5 ML SOLUCION ORAL,CETIRIZINA,Cetirizina,SOLUCION ORAL,ANTILA LIFESCIENCES PVT. LTD. (GANDHINAGAR),sin_desc_lab
37734,ME33334/2,VITAMINA C 500 MG X 15 TABLETAS MASTICABLES SABOR A PINA,VITAMINA C,,TABLETAS,"CALOX INTERNATIONAL, C.A.",sin_match_cobeca
37735,ME33334/3,VITAMINA C 500 MG X 30 TABLETAS MASTICABLES SABOR A PINA,VITAMINA C,,TABLETAS,"CALOX INTERNATIONAL, C.A.",sin_match_cobeca
37742,HO9190,CIFARCAINA AL 2 % X 2 AMPOLLAS,CIFARCAINA AL,,INYECTABLE,"LABORATORIO BEHRENS, C.A.",sin_match_cobeca
37743,HO9189,CIFARCAINA AL 1 % SOLUCION INYECTABLE,CIFARCAINA AL,,INYECTABLE,"LABORATORIO BEHRENS, C.A.",sin_match_cobeca
37744,ME43391,CILOSTAZOL 50 MG X 30 TABLETAS RECUBIERTAS,CILOSTAZOL,Cilostazol,TABLETAS,RONALD PHARMACEUTICALS PVT. LTD.,sin_desc_lab
37745,ME42967,CILOSTAZOL 100 MG X 30 TABLETAS,CILOSTAZOL,Cilostazol,TABLETAS,WEST-COAST PHARMACEUTICAL WORKS LTD,sin_desc_lab
37749,ME39629,PROFITIP 100 MG X 30 TABLETAS,PROFITIP,,TABLETAS,MACLEODS PHARMACEUTICALS LTD,sin_desc_lab
37751,ME28283/3,CIPROFLOXACINA 500 MG X 14 TABLETAS RECUBIERTAS,CIPROFLOXACINA,,TABLETAS,"LABORATORIO LA SANTE, C.A.",sin_match_cobeca
37752,ME28283/2,CIPROFLOXACINA 500 MG X 6 TABLETAS RECUBIERTAS,CIPROFLOXACINA,,TABLETAS,"LABORATORIO LA SANTE, C.A.",sin_match_cobeca
37753,HO44719,CIPROFLOXACINA 200 MG / 100 ML SOLUCION INYECTABLE,CIPROFLOXACINA,,INYECTABLE,"SHIJIAZHUANG NO 4 PHARMACEUTICAL CO., LTD",sin_desc_lab
37754,HO44679,CIPROFLOXACINA INFUSION 0.2 G / 100 ML SOLUCION PARA INFUSION INTRAVENOSA,CIPROFLOXACINA INFUSION,Ciprofloxacino,INYECTABLE,U SQUARE LIFESCIENCE PVT. LTD.,sin_desc_lab
37755,ME27827/4,CIPROFLOXACINA 500 MG X 10 TABLETAS RECUBIERTAS,CIPROFLOXACINA,,TABLETAS,"CALOX INTERNATIONAL, C.A.",sin_match_cobeca
37756,ME27827/3,CIPROFLOXACINA 500 MG X 6 TABLETAS RECUBIERTAS,CIPROFLOXACINA,,TABLETAS,"CALOX INTERNATIONAL, C.A.",sin_match_cobeca
37758,ME27827/2,CIPROFLOXACINA 500 MG X 5 TABLETAS RECUBIERTAS,CIPROFLOXACINA,,TABLETAS,"CALOX INTERNATIONAL, C.A.",sin_match_cobeca
37759,ME26487/3,CIPROFLOXACINA 500 MG X 10 COMPRIMIDOS RECUBIERTOS,CIPROFLOXACINA,,COMPRIMIDOS,"LABORATORIOS LETI, S.A.V.",sin_match_cobeca
37760,ME26487/2,CIPROFLOXACINA 500 MG X 6 COMPRIMIDOS RECUBIERTOS,CIPROFLOXACINA,,COMPRIMIDOS,"LABORATORIOS LETI, S.A.V.",sin_match_cobeca
37761,ME42422,CIPROFLOXACINO 500 MG X 10 TABLETAS RECUBIERTAS,CIPROFLOXACINO,Ciprofloxacino,TABLETAS,SWISS PARENTERALS LTD,sin_desc_lab
37763,ME35266,CITALOPRAM 40 MG X 10 TABLETAS RECUBIERTAS,CITALOPRAM,Citalopram,TABLETAS,"CALOX INTERNATIONAL, C.A.",sin_match_cobeca
37766,ME36822/3,CITRATO DE CALCIO 1190 MG X 60 TABLETAS MASTICABLES SABOR A MANDARINA,CITRATO DE CALCIO,,TABLETAS,"CALOX INTERNATIONAL, C.A.",sin_match_cobeca
37767,ME36822/2,CITRATO DE CALCIO 1190 MG X 30 TABLETAS MASTICABLES SABOR A MANDARINA,CITRATO DE CALCIO,,TABLETAS,"CALOX INTERNATIONAL, C.A.",sin_match_cobeca
37768,ME33790,CALCITREX D3 1500 MG - 200 UI X 30 TABLETAS,CALCITREX,,TABLETAS,"LABORATORIOS L.O. OFTALMI, C.A.",sin_match_cobeca
37769,ME42521,CITRAPOL SOLUCION,CITRAPOL SOLUCION,Citrico Acido,LOCION,"SM PHARMA, C.A.",sin_desc_lab
37776,ME28118,CLENBUTEROL CLORHIDRATO 10 MCG / 5 ML JARABE,CLENBUTEROL CLORHIDRATO,,JARABE,"LABORATORIO PLUSANDEX DE FARMACEUTICOS UNIDOS, PLUSANDEX, C.A.",sin_match_cobeca
37777,ME31537,AMBROXOL-CLENBUTEROL 7.5 MG-0.005 MG / 5 ML SOLUCION ORAL,AMBROXOL-CLENBUTEROL,Ambroxol,SOLUCION ORAL,"LABORATORIOS KIMICEG, C.A.",sin_match_cobeca
37778,ME31538,AMBROXOL-CLENBUTEROL 15 MG - 0.01 MG / 5 ML SOLUION ORAL,AMBROXOL-CLENBUTEROL,Ambroxol,SOLUCION ORAL,"LABORATORIOS KIMICEG, C.A.",sin_match_cobeca
37783,ME44654,CLINDAMICINA 300 MG X 16 CAPSULAS,CLINDAMICINA,Clindamicina,CAPSULAS,"ANMOL HEALTHCARE LABORATORY PVT, LTD",sin_desc_lab
37784,ME31466,CLINDAMICINA 300 MG X 20 CAPSULAS,CLINDAMICINA,Clindamicina,CAPSULAS,"LABORATORIO LA SANTE, C.A.",sin_match_cobeca
37788,ME42956,CLOMIFENO CITRATO 50 MG X 30 TABLETAS,CLOMIFENO CITRATO,Clomifeno,TABLETAS,WEST-COAST PHARMACEUTICAL WORKS LTD,sin_desc_lab
37792,ME38584,CLONAZEPAM 0.5 MG X 30 TABLETAS,CLONAZEPAM,Clonazepam,TABLETAS,"CALOX INTERNATIONAL, C.A.",sin_match_cobeca
37793,ME38585,CLONAZEPAM 2 MG X 30 TABLETAS,CLONAZEPAM,Clonazepam,TABLETAS,"CALOX INTERNATIONAL, C.A.",sin_match_cobeca
37794,HO31483/2,CLONIDINA CLORHIDRATO 0.150 MG / ML X 2 AMPOLLAS,CLONIDINA CLORHIDRATO,,INYECTABLE,"LABORATORIOS VALMOR, C.A.",sin_match_cobeca
37795,HO31483/3,CLONIDINA CLORHIDRATO 0.150 MG / ML X 30 AMPOLLAS,CLONIDINA CLORHIDRATO,,INYECTABLE,"LABORATORIOS VALMOR, C.A.",sin_match_cobeca
37802,ME34084/3,CLOPIDOGREL 75 MG X 20 COMPRIMIDOS RECUBIERTOS,CLOPIDOGREL,Clopidogrel,COMPRIMIDOS,"LABORATORIOS LETI, S.A.V.",sin_match_cobeca
37803,ME34084/4,CLOPIDOGREL 75 MG X 30 COMPRIMIDOS RECUBIERTOS,CLOPIDOGREL,Clopidogrel,COMPRIMIDOS,"LABORATORIOS LETI, S.A.V.",sin_match_cobeca
37805,ME37534,CLOPIDOGREL 75 MG X 30 TABLETAS RECUBIERTAS,CLOPIDOGREL,,TABLETAS,EMPRESA LABORATORIOS MEDSOL,sin_desc_lab
37806,ME43375,CLOPIDOGREL 75 MG X 30 TABLETAS RECUBIERTAS,CLOPIDOGREL,Clopidogrel,TABLETAS,"JIANGXI XIER KANGTAI PHARMACEUTICAL CO., LTD",sin_desc_lab
37807,ME34774,CLOPIDOGREL 75 MG X 30 TABLETAS RECUBIERTAS,CLOPIDOGREL,Clopidogrel,TABLETAS,LABORATORIOS SIEGFRIED S.A.,sin_match_cobeca
37814,ME43585/4,DOPALEN 200 MG X 30 CAPSULAS DE LIBERACION PROLONGADA,DOPALEN,Mebeverina,CAPSULAS,"BIOTECH LABORATORIOS, C.A.",sin_match_cobeca
37816,ME43585/3,DOPALEN 200 MG X 20 CAPSULAS DE LIBERACION PROLONGADA,DOPALEN,Mebeverina,CAPSULAS,"BIOTECH LABORATORIOS, C.A.",sin_match_cobeca
37817,ME34033,CLORTALIDONA 25 MG X 30 TABLETAS,CLORTALIDONA,Clortalidona,TABLETAS,EMPRESA LABORATORIOS MEDSOL,sin_desc_lab
37818,HO37055,CLORURO DE POTASIO 2 MEQ / ML SOLUCION INYECTABLE,CLORURO DE POTASIO,,INYECTABLE,"CORPAUL,COLOMBIA",sin_desc_lab
37819,HO1672,SOLUCION ISOTONICA DE CLORURO DE SODIO(SOL.FISIOLOGICA)PARENTERAL,SOLUCION ISOTONICA DE CLORURO DE SODIO(SOL.FISIOLOGICA)PARENTERAL,,INYECTABLE,"LABORATORIOS FLUPAL, C.A.",sin_desc_lab
37820,ME32566,CLORURO DE SODIO 0.9 % SOLUCION ISOTONICA PARA IRRIGACION ESTERIL,CLORURO DE SODIO,,LOCION,"LABORATORIO BEHRENS, C.A.",sin_match_cobeca
37823,ME43751,CLOTRIMAZOL 100 MG X 6 OVULOS VAGINALES,CLOTRIMAZOL,Clotrimazol,OVULOS,"LABORATORIOS FARMACEUTICOS LAFAR, S.A. (CIUDAD DE EL ALTO)",sin_desc_lab
37824,ME39062,CLOTRIMAZOL 500 MG X 1 OVULO VAGINAL,CLOTRIMAZOL,Clotrimazol,OVULOS,LABORATORIOS ALFA C X A,sin_match_cobeca
37831,ME34845,COLLOVAR SOLUCION,COLLOVAR SOLUCION,Lactico Acido - Salicilico Acido,LOCION,"LABORATORIOS VARGAS, S.A.",sin_match_cobeca
37832,ME1491,COLOZIN® (LACTOBACILLUS PLANTARUM - PEDIOCOCCUS ACIDILACTICI) 150 MG (3.0 X 10⁹ UFC) X 30 CAPSULAS,COLOZIN® (LACTOBACILLUS PLANTARUM - PEDIOCOCCUS ACIDILACTICI),,CAPSULAS,"AB-BIOTICS, S.A.",sin_desc_lab
37835,HO1587,COMPLEJO DE VITAMINA B X 3 AMPOLLAS,COMPLEJO DE VITAMINA B X,,INYECTABLE,PRODUCTOS LISTER FENIX C.A.,sin_match_cobeca
37850,ME44702,CORTYNASE PLUS 50 MCG - 140 MCG / DOSIS SUSPENSION NASAL,CORTYNASE PLUS,Azelastina - Mometasona Furoato,SOLUCION NASAL,"LABORATORIOS L.O. OFTALMI, C.A.",sin_match_cobeca
37864,ME30715/4,DALTAZEN 60 MG X 30 COMPRIMIDOS,DALTAZEN,Diltiazem,COMPRIMIDOS,MEGALABS S.A.,sin_match_cobeca
37865,HO33373,DECA LENTERMINA COMPLEX SOLUCION INYECTABLE,DECA LENTERMINA COMPLEX SOLUCION INYECTABLE,,INYECTABLE,"BIOTECH LABORATORIOS, C.A.",sin_match_cobeca
37874,ME32194/2,DEFLAZACORT 6 MG X 10 COMPRIMIDOS,DEFLAZACORT,Deflazacort,COMPRIMIDOS,"LABORATORIOS LETI, S.A.V.",sin_match_cobeca
37875,ME32194/3,DEFLAZACORT 6 MG X 30 COMPRIMIDOS,DEFLAZACORT,Deflazacort,COMPRIMIDOS,"LABORATORIOS LETI, S.A.V.",sin_match_cobeca
37887,HO44408,DESKEFLAS 50 MG / 2 ML X 3 AMPOLLAS,DESKEFLAS,Dexketoprofeno Trometamol,INYECTABLE,"PSICOFARMA, S.A. DE C.V",sin_desc_lab
37888,ME44407,DESKEFLAS 25 MG X 10 TABLETAS RECUBIERTAS,DESKEFLAS,Dexketoprofeno Trometamol,TABLETAS,"LABORATORIOS ALPHARMA, S.A. DE C.V",sin_desc_lab
37900,ME42492/3,DEXAMETASONA 4 MG X 100 COMPRIMIDOS,DEXAMETASONA,Dexametasona,COMPRIMIDOS,"LABORATORIOS SPEFAR VENEZOLANOS, S.A.",sin_desc_lab
37901,HO42510,DEXAMETASONA FOSFATO SODICO 4 MG / ML SOLUCION INYECTABLE,DEXAMETASONA FOSFATO SODICO,,INYECTABLE,CAPLIN POINT LABORATORIES LIMITED,sin_desc_lab
37902,HO42502,DEXAMETASONA FOSFATO SODICO 8 MG / 2 ML SOLUCION INYECTABLE,DEXAMETASONA FOSFATO SODICO,,INYECTABLE,DEUTSCHE LABS. INC.,sin_desc_lab
37904,HO42601,DEXAMETASONA 8 MG / 2 ML X 10 AMPOLLAS,DEXAMETASONA,Dexametasona,INYECTABLE,"LABORATORIO BIOSANO, S.A.",sin_desc_lab
37906,ME44066,DEXKETOPROFENO 25 MG / 10 ML X 20 SOLUCION ORAL,DEXKETOPROFENO,Dexketoprofeno Trometamol,SOLUCION ORAL,"CALOX INTERNATIONAL, C.A.",sin_match_cobeca
37908,ME14784,PREVERAL CON DEXTROMETORFANO 6.25 MG-15.00 MG / 5 ML JARABE PEDIATRICO,PREVERAL CON DEXTROMETORFANO,,JARABE,"LABORATORIOS WYETH, S.A.",sin_desc_lab
37910,ME40663,PREVERAL CON DEXTROMETORFANO 3 MG - 15 MG / 5 ML SOLUCION ORAL,PREVERAL CON DEXTROMETORFANO,Dextrometorfano,SOLUCION ORAL,"LABORATORIOS VARGAS, S.A.",sin_match_cobeca
37913,ME43584,DIACEREINA 50 MG X 10 CAPSULAS,DIACEREINA,Diacereina,CAPSULAS,RONALD PHARMACEUTICALS PVT. LTD.,sin_desc_lab
37919,ME24715,DIANE 35 MCG - 2 MG X 21 GRAGEAS,DIANE,Etinilestradiol,GRAGEAS,UNIAO QUIMICA INTERNACIONAL LTDA.,sin_desc_lab
37924,MI35435/2,DICLOFENAC POT X 6 UNIDADES,DICLOFENAC POT X,Diclofenaco,,LABORATORIO CHILE S.A.,sin_desc_lab
37925,MI35435/3,DICLOFENAC POT X 10 UNIDADES,DICLOFENAC POT X,Diclofenaco,,LABORATORIO CHILE S.A.,sin_desc_lab
37926,MI35435/4,DICLOFENAC POT X 30 UNIDADES,DICLOFENAC POT X,Diclofenaco,,LABORATORIO CHILE S.A.,sin_desc_lab
37927,HO36803/2,DICLOFENACO SODICO 75 MG / 3 ML X 1 AMPOLLA,DICLOFENACO SODICO,Diclofenaco,INYECTABLE,"FARMIONNI SCALPI,S.A.",sin_desc_lab
37928,HO36803/3,DICLOFENACO SODICO 75 MG / 3 ML X 10 AMPOLLAS,DICLOFENACO SODICO,Diclofenaco,INYECTABLE,"FARMIONNI SCALPI,S.A.",sin_desc_lab
37929,ME43045/2,DICLOFENACO POTASICO 50 MG X 10 TABLETAS RECUBIERTAS,DICLOFENACO POTASICO,Diclofenaco,TABLETAS,"JIANGXI XIER KANGTAI PHARMACEUTICAL CO., LTD",sin_desc_lab
37930,ME43045/4,DICLOFENACO POTASICO 50 MG X 30 TABLETAS RECUBIERTAS,DICLOFENACO POTASICO,Diclofenaco,TABLETAS,"JIANGXI XIER KANGTAI PHARMACEUTICAL CO., LTD",sin_desc_lab
37931,ME43045/3,DICLOFENACO POTASICO 50 MG X 20 TABLETAS RECUBIERTAS,DICLOFENACO POTASICO,Diclofenaco,TABLETAS,"JIANGXI XIER KANGTAI PHARMACEUTICAL CO., LTD",sin_desc_lab
37932,ME28851,DICLOFENAC SODICO 50 MG X 20 TABLETAS CON RECUBRIMIENTO ENTERICO,DICLOFENAC SODICO,,TABLETAS,"LABORATORIO LA SANTE, C.A.",sin_match_cobeca
37934,ME43099,DICLOFENACO POTASICO 50 MG X 20 TABLETAS CON RECUBRIMIENTO ENTERICO,DICLOFENACO POTASICO,,TABLETAS,VIDA LABORATORIES (P) LIMITED,sin_desc_lab
37935,ME43220,DICLOXACILINA 250 MG / 5 ML POLVO PARA SUSPENSION ORAL,DICLOXACILINA,,POLVO PARA RECONSTITUCION,MANUFACTURERA MUNDIAL FARMACEUTICA S.A.,sin_match_cobeca
37945,ME43230,DIKLASON BI 150 MG X 10 COMPRIMIDOS DE LIBERACION CONTROLADA,DIKLASON BI,,COMPRIMIDOS,"LABORATORIOS LETI, S.A.V.",sin_match_cobeca
37951,ME43969/2,DIOSMINA 600 MG X 10 COMPRIMIDOS RECUBIERTOS,DIOSMINA,Diosmina,COMPRIMIDOS,"LABORATORIOS VARGAS, S.A.",sin_match_cobeca
37955,ME38177/4,DIOSMINA 600 MG X 30 TABLETAS RECUBIERTAS,DIOSMINA,Diosmina,TABLETAS,"CALOX INTERNATIONAL, C.A.",sin_match_cobeca
37956,ME36420,DIOSMINA - HESPERIDINA 450 MG - 50 MG X 30 TABLETAS RECUBIERTAS,DIOSMINA - HESPERIDINA,Diosmina - Hesperidina,TABLETAS,"CALOX INTERNATIONAL, C.A.",sin_match_cobeca
37957,ME40371,DIOSMINA-HESPERIDINA 450 MG-50 MG COMPRIMIDOS RECUBIERTOS,DIOSMINA-HESPERIDINA,,COMPRIMIDOS,LABORATORIO ELEA PHOENIX S.A.,sin_desc_lab
37960,ME37926,PENTASA 500 MG X 30 COMPRIMIDOS DE LIBERACION PROLONGADA,PENTASA,Mesalazina,COMPRIMIDOS,"FERRING INTERNATIONAL CENTER, S.A.",sin_desc_lab
37964,HO42487,DOBUTAMINA 250 MG / 5 ML X 5 AMPOLLAS,DOBUTAMINA,Dobutamina,INYECTABLE,"LABORATORIO BIOSANO, S.A.",sin_desc_lab
37967,ME26655/2,DOL X 4 TABLETAS RECUBIERTAS,DOL X,Acetaminofen - Cafeina,TABLETAS,"CALOX INTERNATIONAL, C.A.",sin_match_cobeca
37971,ME43320,DOLCAN 9 MG / 5 ML SUSPENSION ORAL,DOLCAN,,SOLUCION ORAL,MEGALABS S.A.,sin_match_cobeca
37974,ME44581/2,DOMPERIDONA 10 MG X 10 TABLETAS,DOMPERIDONA,Domperidona,TABLETAS,"ANMOL HEALTHCARE LABORATORY PVT, LTD",sin_desc_lab
37975,ME44581/3,DOMPERIDONA 10 MG X 15 TABLETAS,DOMPERIDONA,Domperidona,TABLETAS,"ANMOL HEALTHCARE LABORATORY PVT, LTD",sin_desc_lab
37976,ME44581/4,DOMPERIDONA 10 MG X 30 TABLETAS,DOMPERIDONA,Domperidona,TABLETAS,"ANMOL HEALTHCARE LABORATORY PVT, LTD",sin_desc_lab
37979,ME44460/3,DONEPEZILO CLORHIDRATO 10 MG X 56 CAPSULAS,DONEPEZILO CLORHIDRATO,Donepezilo,CAPSULAS,"LABORATORIOS LETI, S.A.V.",sin_match_cobeca
37980,ME44460/2,DONEPEZILO CLORHIDRATO 10 MG X 10 CAPSULAS,DONEPEZILO CLORHIDRATO,Donepezilo,CAPSULAS,"LABORATORIOS LETI, S.A.V.",sin_match_cobeca
37984,ME43060,DOXICICLINA 100 MG X 10 CAPSULAS,DOXICICLINA,Doxiciclina Hiclato,CAPSULAS,FLAMINGO PHARMACEUTICALS LTD,sin_desc_lab
37985,ME20337,DOXICICLINA 100 MG X 10 CAPSULAS,DOXICICLINA,Doxiciclina,CAPSULAS,"CALOX INTERNATIONAL, C.A.",sin_match_cobeca
37987,ME42749,DULOXETINA 60 MG X 28 TABLETAS GASTRORRESISTENTES,DULOXETINA,Duloxetina,TABLETAS,HIRAL LABS LIMITED,sin_desc_lab
37991,ME32615/5,DUROVAL 50 MG X 10 TABLETAS RECUBIERTAS,DUROVAL,,TABLETAS,"LABORATORIOS VALMOR, C.A.",sin_match_cobeca
37992,ME44389/2,TAMSULON DUO 0.5 MG - 0.4 MG X 10 CAPSULAS DE LIBERACION PROLONGADA,TAMSULON DUO,Dutasterida - Tamsulosina,CAPSULAS,ASOFARMA S.A.I. Y C,sin_desc_lab
37993,ME44389/3,TAMSULON DUO 0.5 MG - 0.4 MG X 30 CAPSULAS DE LIBERACION PROLONGADA,TAMSULON DUO,Dutasterida - Tamsulosina,CAPSULAS,ASOFARMA S.A.I. Y C,sin_desc_lab
38003,ME34887,ENALAPRIL MALEATO 10 MG X 30 TABLETAS,ENALAPRIL MALEATO,,TABLETAS,"LABORATORIO PLUSANDEX DE FARMACEUTICOS UNIDOS, PLUSANDEX, C.A.",sin_match_cobeca
38004,ME26416/2,ENALAPRIL 20 MG X 20 TABLETAS,ENALAPRIL,Enalapril,TABLETAS,"CALOX INTERNATIONAL, C.A.",sin_match_cobeca
38007,ME44613,ENALAPRIL MALEATO - HIDROCLOROTIAZIDA 20 MG - 12.5 MG TABLETAS,ENALAPRIL MALEATO - HIDROCLOROTIAZIDA,Enalapril - Hidroclorotiazida,TABLETAS,"LABORATORIOS KIMICEG, C.A.",sin_match_cobeca
38008,ME1103,ENTEROGERMINA (ESPORAS DE BACILLUS CLAUSII) 2 MILLARDOS / 5 ML X 10 SUSPENSION ORAL,ENTEROGERMINA (ESPORAS DE BACILLUS CLAUSII),,SOLUCION ORAL,"CALOX INTERNATIONAL, C.A.",sin_match_cobeca
38014,ME37000,ERITROMICINA 500 MG X 10 TABLETAS RECUBIERTAS,ERITROMICINA,Eritromicina,TABLETAS,"GENFAR, S.A.",sin_desc_lab
38015,ME40959/4,ESCITALOPRAM 10 MG X 56 COMPRIMIDOS RECUBIERTOS,ESCITALOPRAM,Escitalopram,COMPRIMIDOS,MEGALABS S.A.,sin_match_cobeca
38016,ME40959/2,ESCITALOPRAM 10 MG X 14 COMPRIMIDOS RECUBIERTOS,ESCITALOPRAM,Escitalopram,COMPRIMIDOS,MEGALABS S.A.,sin_match_cobeca
38019,ME40960/2,ESCITALOPRAM 20 MG X 28 COMPRIMIDOS RECUBIERTOS,ESCITALOPRAM,Escitalopram,COMPRIMIDOS,MEGALABS S.A.,sin_match_cobeca
38021,ME38504/3,ESCITALOPRAM 10 MG X 30 TABLETAS RECUBIERTAS,ESCITALOPRAM,,TABLETAS,"CALOX INTERNATIONAL, C.A.",sin_match_cobeca
38023,ME41771/3,ESCITALOPRAM 20 MG X 30 TABLETAS RECUBIERTAS,ESCITALOPRAM,Escitalopram,TABLETAS,"CALOX INTERNATIONAL, C.A.",sin_match_cobeca
38025,ME43340,ESCITALOPRAM 5 MG X 30 TABLETAS RECUBIERTAS,ESCITALOPRAM,,TABLETAS,RONALD PHARMACEUTICALS PVT. LTD.,sin_desc_lab
38026,ME43163,ESCITALOPRAM 10 MG X 28 TABLETAS RECUBIERTAS,ESCITALOPRAM,Escitalopram,TABLETAS,RONALD PHARMACEUTICALS PVT. LTD.,sin_desc_lab
38044,ME35208,ESPARFLIN 0.5 MG / ML X 10 JARABE,ESPARFLIN,Desloratadina,JARABE,MEGALABS S.A.,sin_match_cobeca
38048,ME43795,ESQUIDONE 1 MG / ML X 30 SOLUCION ORAL,ESQUIDONE,Risperidona,SOLUCION ORAL,"LABORATORIOS VALMOR, C.A.",sin_match_cobeca
38072,HO41409,FENITOINA SODICA 50 MG / ML SOLUCION INYECTABLE,FENITOINA SODICA,Fenitoina,INYECTABLE,VITALIS S.A.C.I.,sin_desc_lab
38073,HO35889/3,FENITOINA SODICA 250 MG / 5 ML X 30 AMPOLLAS,FENITOINA SODICA,Fenitoina,INYECTABLE,"LABORATORIO BIOSANO, S.A.",sin_desc_lab
38074,HO35889/2,FENITOINA SODICA 250 MG / 5 ML X 10 AMPOLLAS,FENITOINA SODICA,Fenitoina,INYECTABLE,"LABORATORIO BIOSANO, S.A.",sin_desc_lab
38075,ME27405/2,FERGANIC 40 MG X 14 CAPSULAS,FERGANIC,,CAPSULAS,MEGALABS S.A.,sin_match_cobeca
38086,ME1319/2,FESTAL (PANCREATINA DE ORIGEN PORCINO) X 10 GRAGEAS,FESTAL (PANCREATINA DE ORIGEN PORCINO) X,,GRAGEAS,"CALOX INTERNATIONAL, C.A.",sin_match_cobeca
38087,ME1319/3,FESTAL (PANCREATINA DE ORIGEN PORCINO) X 20 GRAGEAS,FESTAL (PANCREATINA DE ORIGEN PORCINO) X,,GRAGEAS,"CALOX INTERNATIONAL, C.A.",sin_match_cobeca
38092,ME784,NIAZOL 1 MG / ML X 10 SOLUCION NASAL,NIAZOL,,SOLUCION NASAL,"BIOTECH LABORATORIOS, C.A.",sin_match_cobeca
38093,ME13715,MONOSULPA X 260 SOLUCION NASAL,MONOSULPA X,,SOLUCION NASAL,"LABORATORIOS LETI, S.A.V.",sin_match_cobeca
38099,ME35935,FLATORIL 80 MG / ML SUSPENSION GOTAS,FLATORIL,Simeticona,SUSPENSION ORAL,"LABORATORIOS ELMOR, S.A.",sin_match_cobeca
38101,ME40011/2,FLAVOXATO 200 MG X 10 COMPRIMIDOS RECUBIERTOS,FLAVOXATO,Flavoxato,COMPRIMIDOS,"LABORATORIOS LETI, S.A.V.",sin_match_cobeca
38102,ME40011/3,FLAVOXATO 200 MG X 20 COMPRIMIDOS RECUBIERTOS,FLAVOXATO,Flavoxato,COMPRIMIDOS,"LABORATORIOS LETI, S.A.V.",sin_match_cobeca
38103,ME44088,FLAVOXATO 200 MG X 30 TABLETAS RECUBIERTAS,FLAVOXATO,Flavoxato,TABLETAS,"JIANGXI SYNERGY PHARMACEUTICAL CO., LTD",sin_desc_lab
38104,ME41029,FLAVOXATO CLORHIDRATO 200 MG X 10 TABLETAS RECUBIERTAS,FLAVOXATO CLORHIDRATO,Flavoxato,TABLETAS,"LABORATORIO LA SANTE, C.A.",sin_match_cobeca
38112,ME41686,FLUCON 200 MG X 4 CAPSULAS,FLUCON,Fluconazol,CAPSULAS,MEGALABS S.A.,sin_match_cobeca
38113,HO36216,EXOMAX 200 MG / 100 ML X 1 AMPOLLA,EXOMAX,Fluconazol,INYECTABLE,BAXTER PHARMACEUTICALS INDIA PRIVATE LIMITED,sin_desc_lab
38115,ME43733,FLUCONAZOL 150 MG X 2 CAPSULAS,FLUCONAZOL,Fluconazol - Gelatina,CAPSULAS,"JIANGXI SYNERGY PHARMACEUTICAL CO., LTD",sin_desc_lab
38118,ME43904,FLUCONAZOL 200 MG TABLETAS RECUBIERTAS,FLUCONAZOL,Fluconazol,TABLETAS,BOEHRINGER INGELHEIM PHARMA GMBH & CO. KG.,sin_desc_lab
38119,HO40840,FLUCONAZOL 200 MG / 100 ML SOLUCION INYECTABLE INTRAVENOSA,FLUCONAZOL,Fluconazol,INYECTABLE,VITALIS S.A.C.I.,sin_desc_lab
38120,ME42709/2,FLUCONAZOL 150 MG X 2 TABLETAS,FLUCONAZOL,Fluconazol,TABLETAS,MASCOT HEALTH SERIES PVT. LTD.,sin_desc_lab
38121,ME42709/3,FLUCONAZOL 150 MG X 4 TABLETAS,FLUCONAZOL,Fluconazol,TABLETAS,MASCOT HEALTH SERIES PVT. LTD.,sin_desc_lab
38125,ME43024,FLUNARIZINA 10 MG X 30 TABLETAS RECUBIERTAS,FLUNARIZINA,Flunarizina,TABLETAS,MASCOT HEALTH SERIES PVT. LTD.,sin_desc_lab
38126,ME31214,FLUOXETINA 20 MG X 14 CAPSULAS,FLUOXETINA,,CAPSULAS,"LABORATORIO LA SANTE, C.A.",sin_match_cobeca
38128,ME28948,FLUOXETINA 20 MG X 28 CAPSULAS,FLUOXETINA,Fluoxetina,CAPSULAS,"CALOX INTERNATIONAL, C.A.",sin_match_cobeca
38132,HO21515,FOSFATO DE POTASIO MONOBASICO 1 MEQ / ML SOLUCION INYECTABLE I.V.,FOSFATO DE POTASIO MONOBASICO,,INYECTABLE,"LABORATORIO BEHRENS, C.A.",sin_match_cobeca
38134,ME31562,FOTORRETIN 0.5 % - 5 % SOLUCION OFTALMICA,FOTORRETIN,Tropicamida,SOLUCION OFTALMICA,LABORATORIOS POEN S.A.U.,sin_desc_lab
38139,HO32365,FUROSEMIDA 20 MG / 2 ML X 3 AMPOLLAS,FUROSEMIDA,Furosemida,INYECTABLE,"LABORATORIOS VALMOR, C.A.",sin_match_cobeca
38145,ME21300,FUROSEMIDA 40 MG X 24 TABLETAS,FUROSEMIDA,Furosemida,TABLETAS,"PRODUCTOS FARMACEUTICOS PARA EL VIVIR VIVIENDO, C.A. (PROFARMACOS, C.A.)",sin_match_cobeca
38147,ME34981/2,GABAPENTINA 300 MG X 14 CAPSULAS,GABAPENTINA,Gabapentina,CAPSULAS,KERN PHARMA S.L.,sin_desc_lab
38148,ME34981/3,GABAPENTINA 300 MG X 30 CAPSULAS,GABAPENTINA,Gabapentina,CAPSULAS,KERN PHARMA S.L.,sin_desc_lab
38153,ME39975/2,GENESA 3 MG-20 MCG X 21 COMPRIMIDOS RECUBIERTOS,GENESA,,COMPRIMIDOS,"LABORATORIOS LEON FARMA, S.A.",sin_desc_lab
38154,HO36306/3,GENTAMICINA 160 MG / 2 ML X 10 AMPOLLAS,GENTAMICINA,Gentamicina,INYECTABLE,VITALIS S.A.C.I.,sin_desc_lab
38155,HO36306/2,GENTAMICINA 160 MG / 2 ML X 5 AMPOLLAS,GENTAMICINA,Gentamicina,INYECTABLE,VITALIS S.A.C.I.,sin_desc_lab
38157,ME24164,GENURIN 200 MG X 10 COMPRIMIDOS RECUBIERTOS,GENURIN,,COMPRIMIDOS,"LABORATORIOS ELMOR, S.A.",sin_match_cobeca
38158,ME33501,GLIBENCLAMIDA 5 MG X 10 COMPRIMIDOS,GLIBENCLAMIDA,Glibenclamida,COMPRIMIDOS,"LABORATORIOS ELMOR, S.A.",sin_match_cobeca
38159,ME26275,GLIBENCLAMIDA 5 MG X 30 TABLETAS,GLIBENCLAMIDA,Glibenclamida,TABLETAS,"LABORATORIOS VARGAS, S.A.",sin_match_cobeca
38160,ME39843,METFORMINA CLORHIDRATO - GLIBENCLAMIDA 500 MG - 5 MG TABLETAS RECUBIERTAS,METFORMINA CLORHIDRATO - GLIBENCLAMIDA,Glibenclamida,TABLETAS,LEK PHARMACEUTICALS D.D,sin_desc_lab
38168,ME32878,GLIMEPIRIDA 4 MG TABLETAS,GLIMEPIRIDA,Glimepirida,TABLETAS,"LABORATORIO LA SANTE, C.A.",sin_match_cobeca
38169,ME32727,GLIMERID 2 MG X 30 TABLETAS,GLIMERID,Glimepirida,TABLETAS,"LABORATORIO LA SANTE, C.A.",sin_match_cobeca
38172,ME35866,GLUCOFAGE 500 MG XR X 30 TABLETAS DE LIBERACION RETARDADA,GLUCOFAGE,,TABLETAS,MERCK SANTE S.A.S.,sin_desc_lab
38173,ME37958,GLUCONATO FERROSO (50 MG / 15 ML DE HIERRO ELEMENTAL) SOLUCION ORAL,GLUCONATO FERROSO,,SOLUCION ORAL,"BIOQUIMICA INTERNACIONAL, C.A.",sin_match_cobeca
38177,ME35616,GLYMAR 4 MG X 20 TABLETAS,GLYMAR,Glimepirida,TABLETAS,MEYER PRODUCTOS TERAPEUTICOS S.A.,sin_desc_lab
38179,ME42539,GUAIFENESINA 100 MG / 5 ML SOLUCION ORAL,GUAIFENESINA,Guaifenesina,SOLUCION ORAL,"BIOQUIMICA INTERNACIONAL, C.A.",sin_match_cobeca
38185,HO32537,HALOPERIDOL 5 MG / ML X 30 AMPOLLAS,HALOPERIDOL,Haloperidol,INYECTABLE,EMPRESA LABORATORIOS AICA,sin_desc_lab
38192,ME36876,VALSARTAN -HIDROCLOROTIAZIDA 160 MG-25 MG X 20 TABLETAS RECUBIERTAS,VALSARTAN -HIDROCLOROTIAZIDA,,TABLETAS,"CALOX INTERNATIONAL, C.A.",sin_match_cobeca
38193,ME31250/3,LOSARTAN POTASICO - HIDROCLOROTIAZIDA 50 MG -12.5 MG X 30 TABLETAS RECUBIERTAS,LOSARTAN POTASICO - HIDROCLOROTIAZIDA,Hidroclorotiazida - Losartan,TABLETAS,"LABORATORIOS KIMICEG, C.A.",sin_match_cobeca
38195,ME36980/2,LOSARTAN POTASICO - HIDROCLOROTIAZIDA 100 MG - 25 MG X 10 COMPRIMIDOS RECUB,LOSARTAN POTASICO - HIDROCLOROTIAZIDA,,COMPRIMIDOS,"LABORATORIOS VARGAS, S.A.",sin_match_cobeca
38196,ME36980/3,LOSARTAN POTASICO - HIDROCLOROTIAZIDA 100 MG - 25 MG X 30 COMPRIMIDOS RECUB,LOSARTAN POTASICO - HIDROCLOROTIAZIDA,,COMPRIMIDOS,"LABORATORIOS VARGAS, S.A.",sin_match_cobeca
38198,HO35867,BUTILBROMURO DE HIOSCINA 20 MG / ML SOLUCION INYECTABLE,BUTILBROMURO DE HIOSCINA,,INYECTABLE,GLAND PHARMA LIMITED,sin_desc_lab
38200,ME1384,HIRUDOID (POLISULFATO DE MUCOPOLISACARIDO) 25.000 UI / 100 G GEL,HIRUDOID (POLISULFATO DE MUCOPOLISACARIDO),,GEL,CIFARMA S.A.C,sin_desc_lab
38202,ME41648,HISTIVERT 16 MG X 30 COMPRIMIDOS,HISTIVERT,Betahistina,COMPRIMIDOS,"EUROFARMA LABORATORIOS, S.A.",sin_match_cobeca
38216,ME34468,IBUPROFENO 100 MG / 5 ML SUSPENSION,IBUPROFENO,Ibuprofeno,SUSPENSION ORAL,"SM PHARMA, C.A.",sin_desc_lab
38240,ME37122,ILANA 600 MG X 1 CAPSULA BLANDA VAGINAL,ILANA,,CAPSULAS,"PROCAPS, S.A.",sin_desc_lab
38249,ME40027,FLUTIXAIR 125 MG - 25 MCG / DOSIS X 200 SUSPENSION INHALACION ORAL,FLUTIXAIR,,SOLUCION ORAL,LABORATORIOS HAYMANN S.A.,sin_desc_lab
38250,ME36328,IPORET 40 MG / ML SUSPENSION ORAL GOTAS,IPORET,Ibuprofeno,SOLUCION ORAL,"LABORATORIOS L.O. OFTALMI, C.A.",sin_match_cobeca
38253,ME36068/3,IRBESARTAN 150 MG X 28 TABLETAS,IRBESARTAN,Irbesartan,TABLETAS,"SM PHARMA, C.A.",sin_desc_lab
38254,ME36068/2,IRBESARTAN 150 MG X 10 TABLETAS,IRBESARTAN,Irbesartan,TABLETAS,"SM PHARMA, C.A.",sin_desc_lab
38255,ME36068/4,IRBESARTAN 150 MG X 30 TABLETAS,IRBESARTAN,Irbesartan,TABLETAS,"SM PHARMA, C.A.",sin_desc_lab
38257,ME35908/2,IRBESARTAN 300 MG X 10 TABLETAS,IRBESARTAN,Irbesartan,TABLETAS,"CALOX INTERNATIONAL, C.A.",sin_match_cobeca
38258,ME36807,IRBESARTAN -HIDROCLOROTIAZIDA 150 MG -12.5 MG X 28 TABLETAS,IRBESARTAN -HIDROCLOROTIAZIDA,,TABLETAS,"CALOX INTERNATIONAL, C.A.",sin_match_cobeca
38261,ME43740,ITRACONAZOL 100 MG X 10 CAPSULAS,ITRACONAZOL,Itraconazol,CAPSULAS,K.A. MALLE PHARMACEUTICALS LTD,sin_desc_lab
38262,ME44504,ITRASEC 33.33 MG – 166.66 MG X 12 CAPSULAS,ITRASEC,Itraconazol - Secnidazol Anhidro,CAPSULAS,"JIANGXI SYNERGY PHARMACEUTICAL CO., LTD",sin_desc_lab
38272,HO30748/4,KELAC 30 MG / ML X 4 AMPOLLAS,KELAC,,INYECTABLE,MEGALABS S.A.,sin_match_cobeca
38276,ME37980,KEPPRA 1000 MG X 30 TABLETAS RECUBIERTAS,KEPPRA,Levetiracetam,TABLETAS,UCB PHARMA S.A.,sin_desc_lab
38277,ME37979,KEPPRA 500 MG X 30 TABLETAS RECUBIERTAS,KEPPRA,Levetiracetam,TABLETAS,UCB PHARMA S.A.,sin_desc_lab
38278,ME41404,KEPRORET 1 MG / ML SOLUCION ORAL,KEPRORET,Ketoprofeno,SOLUCION ORAL,"LABORATORIOS L.O. OFTALMI, C.A.",sin_match_cobeca
38284,HO35019/2,KETOPROFENO 100 MG / 2 ML X 1 AMPOLLA,KETOPROFENO,Ketoprofeno,INYECTABLE,"CALOX INTERNATIONAL, C.A.",sin_match_cobeca
38285,HO35019/3,KETOPROFENO 100 MG / 2 ML X 2 AMPOLLAS,KETOPROFENO,Ketoprofeno,INYECTABLE,"CALOX INTERNATIONAL, C.A.",sin_match_cobeca
38286,HO35019/4,KETOPROFENO 100 MG / 2 ML X 10 AMPOLLAS,KETOPROFENO,Ketoprofeno,INYECTABLE,"CALOX INTERNATIONAL, C.A.",sin_match_cobeca
38287,HO35019/5,KETOPROFENO 100 MG / 2 ML X 20 AMPOLLAS,KETOPROFENO,Ketoprofeno,INYECTABLE,"CALOX INTERNATIONAL, C.A.",sin_match_cobeca
38294,HO43918,KETOPROFENO 50 MG / ML SOLUCION INYECTABLE,KETOPROFENO,Ketoprofeno,INYECTABLE,"JIANGXI SYNERGY PHARMACEUTICAL CO., LTD",sin_desc_lab
38296,HO42668/3,KETOROLACO TROMETAMOL 30 MG / ML X 10 AMPOLLAS,KETOROLACO TROMETAMOL,Ketorolaco,INYECTABLE,"LABORATORIO BIOSANO, S.A.",sin_desc_lab
38297,HO42668/2,KETOROLACO TROMETAMOL 30 MG / ML X 8 AMPOLLAS,KETOROLACO TROMETAMOL,Ketorolaco,INYECTABLE,"LABORATORIO BIOSANO, S.A.",sin_desc_lab
38298,HO42686,KETOROLACO TROMETAMINA 30 MG / ML X 3 AMPOLLAS,KETOROLACO TROMETAMINA,,INYECTABLE,CADILA PHARMACEUTICALS LIMITED,sin_desc_lab
38299,ME36886,KETOROLAC TROMETAMINA 20 MG X 10 COMPRIMIDOS,KETOROLAC TROMETAMINA,,COMPRIMIDOS,"LABORATORIOS SPEFAR VENEZOLANOS, S.A.",sin_desc_lab
38307,ME36925/3,LACTBET 3000 U X 20 CAPSULAS,LACTBET,,CAPSULAS,"BIOTECH LABORATORIOS, C.A.",sin_match_cobeca
38311,ME42689,LAMOTRIGINA 100 MG X 30 TABLETAS RECUBIERTAS,LAMOTRIGINA,Lamotrigina,TABLETAS,COOPER PHARMA LTD,sin_desc_lab
38312,ME44647,LAMOTRIGINA 100 MG X 28 TABLETAS DE LIBERACION PROLONGADA,LAMOTRIGINA,Lamotrigina,TABLETAS,ZYDUS LIFESCIENCIES LIMITED,sin_desc_lab
38322,ME44041/3,LERCANIDIPINO 20 MG X 30 COMPRIMIDOS RECUBIERTOS,LERCANIDIPINO,Lercanidipino,COMPRIMIDOS,"LABORATORIOS VARGAS, S.A.",sin_match_cobeca
38323,ME43991,LERCANIDIPINO CLOHIDRATO 10 MG X 30 TABLETAS RECUBIERTAS,LERCANIDIPINO CLOHIDRATO,Lercanidipino,TABLETAS,ANG LIFESCIENCES INDIA LTD,sin_desc_lab
38324,ME44311,LERCANIDIPNO 20 MG X 30 TABLETAS RECUBIERTAS,LERCANIDIPNO,Lercanidipino,TABLETAS,AXA PARENTERALS LTD,sin_desc_lab
38327,ME33641/3,LETISAN 500 MG X 30 COMPRIMIDOS RECUBIERTOS DE ACCION PROLONGADA,LETISAN,,COMPRIMIDOS,"LABORATORIOS LETI, S.A.V.",sin_match_cobeca
38328,ME37661,LETROZOL 2.5 MG X 30 TABLETAS RECUBIERTAS,LETROZOL,Letrozol,TABLETAS,INTAS PHARMACEUTICAS LTD. INDIA,sin_desc_lab
38330,ME41919,LEVETIRACETAM 1000 MG X 10 COMPRIMIDOS RECUBIERTOS,LEVETIRACETAM,Levetiracetam,COMPRIMIDOS,"BLUEPHARMA - INDUSTRIA FARMACEUTICA, S.A.",sin_desc_lab
38331,ME43729,LEVETIRACETAM 500 MG X 30 TABLETAS RECUBIERTAS,LEVETIRACETAM,Levetiracetam,TABLETAS,SG HEALTHCARE PVT. LTD.,sin_desc_lab
38332,HO37449,LEVOFLOXACINA 500 MG / 100 ML SOLUCION PARA INFUSION INTRAVENOSA,LEVOFLOXACINA,Levofloxacino,INYECTABLE,"EUROFARMA LABORATORIOS, S.A.",sin_match_cobeca
38333,ME43817,LEVOFLOXACINO 500 MG X 10 TABLETAS RECUBIERTAS,LEVOFLOXACINO,Levofloxacino,TABLETAS,"JIANGXI SYNERGY PHARMACEUTICAL CO., LTD",sin_desc_lab
38335,ME43531/2,LEVOFLOXACINA 750 MG X 5 TABLETAS RECUBIERTAS,LEVOFLOXACINA,Levofloxacino,TABLETAS,ANG LIFESCIENCES INDIA LTD,sin_desc_lab
38336,ME43531/3,LEVOFLOXACINA 750 MG X 7 TABLETAS RECUBIERTAS,LEVOFLOXACINA,Levofloxacino,TABLETAS,ANG LIFESCIENCES INDIA LTD,sin_desc_lab
38337,ME43531/4,LEVOFLOXACINA 750 MG X 10 TABLETAS RECUBIERTAS,LEVOFLOXACINA,Levofloxacino,TABLETAS,ANG LIFESCIENCES INDIA LTD,sin_desc_lab
38338,ME35920/3,LEVOFLOXACINA 500 MG X 10 TABLETAS RECUBIERTAS,LEVOFLOXACINA,Levofloxacino,TABLETAS,"PROCAPS, S.A.",sin_desc_lab
38339,ME35920/2,LEVOFLOXACINA 500 MG X 7 TABLETAS RECUBIERTAS,LEVOFLOXACINA,Levofloxacino,TABLETAS,"PROCAPS, S.A.",sin_desc_lab
38340,ME38925/3,LEVOFLOXACINO 500 MG X 7 TABLETAS RECUBIERTAS,LEVOFLOXACINO,Levofloxacino,TABLETAS,"LABORATORIOS KIMICEG, C.A.",sin_match_cobeca
38341,ME38925/4,LEVOFLOXACINO 500 MG X 10 TABLETAS RECUBIERTAS,LEVOFLOXACINO,Levofloxacino,TABLETAS,"LABORATORIOS KIMICEG, C.A.",sin_match_cobeca
38342,ME38925/2,LEVOFLOXACINO 500 MG X 5 TABLETAS RECUBIERTAS,LEVOFLOXACINO,Levofloxacino,TABLETAS,"LABORATORIOS KIMICEG, C.A.",sin_match_cobeca
38343,ME38926,LEVOFLOXACINO 750 MG X 5 TABLETAS RECUBIERTAS,LEVOFLOXACINO,Levofloxacino,TABLETAS,"LABORATORIOS KIMICEG, C.A.",sin_match_cobeca
38344,ME43297,LEVONORGESTREL 1.5 MG X 1 TABLETA RECUBIERTA,LEVONORGESTREL,Levonorgestrel,TABLETAS,SYNOKEM PHARMACEUTICALS LIMITED,sin_desc_lab
38349,ME42576/2,LEVOTIROXINA SODICA 100 MCG X 10 TABLETAS,LEVOTIROXINA SODICA,Levotiroxina,TABLETAS,MACLEODS PHARMACEUTICALS LTD,sin_desc_lab
38350,ME42576/3,LEVOTIROXINA SODICA 100 MCG X 50 TABLETAS,LEVOTIROXINA SODICA,Levotiroxina,TABLETAS,MACLEODS PHARMACEUTICALS LTD,sin_desc_lab
38351,ME43141,LEVOTIROXINA SODICA 50 MCG X 50 TABLETAS,LEVOTIROXINA SODICA,Levotiroxina,TABLETAS,HIRAL LABS LIMITED,sin_desc_lab
38353,HO32824,LIDOCAINA - EPINEFRINA 2 % - 1:50.000 SOLUCION INYECTABLE,LIDOCAINA - EPINEFRINA,,INYECTABLE,EMPRESA LABORATORIOS AICA,sin_desc_lab
38355,HO40559,LINEZID 2 MG / ML SOLUCION INYECTABLE PARA INFUSION IV,LINEZID,,INYECTABLE,"LABORATORIO BEHRENS, C.A.",sin_match_cobeca
38356,MI318,LIOLACTIL X 20 SOBRES,LIOLACTIL X,,,"LABORATORIOS ELMOR, S.A.",sin_match_cobeca
38357,ME1264,LIOLACTIL (LACTOBACILOS RHAMNOSUS) 1.5 G X 6 POLVO PARA SUSPENSION ORAL SOBRES,LIOLACTIL (LACTOBACILOS RHAMNOSUS),,POLVO PARA RECONSTITUCION,"LABORATORIOS ELMOR, S.A.",sin_match_cobeca
38358,ME39972,LIPACOMB 40 MG - 10 MG X 30 TABLETAS,LIPACOMB,,TABLETAS,LABORATORIOS FARMA S.A.,sin_match_cobeca
38365,ME22407,LISOMUCIN 8 MG / 5 ML JARABE,LISOMUCIN,,JARABE,"LABORATORIOS SPEFAR VENEZOLANOS, S.A.",sin_desc_lab
38369,ME39867,LODIPIN VL 10 MG - 160 MG X 30 CAPSULAS,LODIPIN VL,,CAPSULAS,MEGALABS S.A.,sin_match_cobeca
38370,ME28967,LOFLOX 400 MG X 10 TABLETAS RECUBIERTAS,LOFLOX,,TABLETAS,LABORATORIOS SIEGFRIED S.A.,sin_match_cobeca
38375,ME27475,LONGACEF 100 MG / 5 ML POLVO PARA SUSPENSION,LONGACEF,Cefixima,POLVO PARA RECONSTITUCION,"LABORATORIOS LETI, S.A.V.",sin_match_cobeca
38378,ME40887,LOPERAMIDA 2 MG X 10 TABLETAS,LOPERAMIDA,Loperamida,TABLETAS,"SM PHARMA, C.A.",sin_desc_lab
38379,ME43709,LOPERAMIDA 2 MG X 100 COMPRIMIDOS,LOPERAMIDA,Loperamida,COMPRIMIDOS,"LABORATORIOS SPEFAR VENEZOLANOS, S.A.",sin_desc_lab
38382,ME30034,LORATADINA 1 MG / ML JARABE,LORATADINA,Loratadina,JARABE,"LABORATORIOS SPEFAR VENEZOLANOS, S.A.",sin_desc_lab
38384,ME27529/3,LORATADINA 10 MG X 20 TABLETAS,LORATADINA,Loratadina,TABLETAS,"CALOX INTERNATIONAL, C.A.",sin_match_cobeca
38386,ME28201,LORATADINA 5 MG / 5 ML JARABE,LORATADINA,Loratadina,JARABE,"GENVEN GENERICOS VENEZOLANOS, S.A.",sin_desc_lab
38388,ME39177,LORATADINA 10 MG X 10 TABLETAS,LORATADINA,,TABLETAS,LABORATORIOS ALFA C X A,sin_match_cobeca
38390,ME42490,LORATADINA - BETAMETASONA 5 MG - 0.25 MG COMPRIMIDOS,LORATADINA - BETAMETASONA,Betametasona - Loratadina,COMPRIMIDOS,"LABORATORIOS SPEFAR VENEZOLANOS, S.A.",sin_desc_lab
38398,ME36979,LOSARTAN POTASICO - HIDROCLOROTIAZIDA 50 MG - 12.5 MG COMPRIMIDOS RECU,LOSARTAN POTASICO - HIDROCLOROTIAZIDA,,COMPRIMIDOS,"LABORATORIOS VARGAS, S.A.",sin_match_cobeca
38399,ME37542/2,LOSARTAN POTASICO - HIDROCLOROTIAZIDA 100 MG - 25 MG X 10 TABLETAS RECUBIERTAS,LOSARTAN POTASICO - HIDROCLOROTIAZIDA,Hidroclorotiazida - Losartan,TABLETAS,"LABORATORIO LA SANTE, C.A.",sin_match_cobeca
38402,ME35402/3,LOSARTAN POTASICO - HIDROCLOROTIAZIDA 50 MG - 12.5 MG X 30 COMPRIMIDOS RECU,LOSARTAN POTASICO - HIDROCLOROTIAZIDA,,COMPRIMIDOS,LABORATORIO CHILE S.A.,sin_desc_lab
38403,ME35402/2,LOSARTAN POTASICO - HIDROCLOROTIAZIDA 50 MG - 12.5 MG X 15 COMPRIMIDOS RECU,LOSARTAN POTASICO - HIDROCLOROTIAZIDA,,COMPRIMIDOS,LABORATORIO CHILE S.A.,sin_desc_lab
38405,ME36110/2,LOSARTAN POTASICO - HIDROCLOROTIZADA 100 MG - 25 MG X 10 TABLETAS RECUBIERTAS,LOSARTAN POTASICO - HIDROCLOROTIZADA,Hidroclorotiazida - Losartan,TABLETAS,"CALOX INTERNATIONAL, C.A.",sin_match_cobeca
38421,ME37893,MAALOX 460 MG - 400 MG / 4.3 ML X 30 SUSPENSION,MAALOX,Aluminio Hidroxido - Magnesio Hidroxido,SUSPENSION ORAL,SANOFI AVENTIS S.P.A ITALIA,sin_desc_lab
38422,ME38235,GLETOP 20 MG X 60 TABLETAS CON CUBIERTA ENTERICA,GLETOP,Esomeprazol Magnesio Trihidrato,TABLETAS,GLENMARK PHARMACEUTICALS LIMITED,sin_desc_lab
38430,ME41135,MATERNAVIT X 30 CAPSULAS BLANDAS,MATERNAVIT X,,CAPSULAS,LAMBO LABORATORIA N.V,sin_desc_lab
38433,ME42290,MAXOTEN 25 MG X 30 COMPRIMIDOS RECUBIERTOS,MAXOTEN,Eplerenona,COMPRIMIDOS,"LABORATORIOS LETI, S.A.V.",sin_match_cobeca
38434,ME43537/2,MEDROXIPROGESTERONA 10 MG X 10 TABLETAS,MEDROXIPROGESTERONA,Medroxiprogesterona,TABLETAS,ACCENT PHARMACEUTICALS & DIAGNOSTICS,sin_desc_lab
38435,ME43537/3,MEDROXIPROGESTERONA 10 MG X 28 TABLETAS,MEDROXIPROGESTERONA,Medroxiprogesterona,TABLETAS,ACCENT PHARMACEUTICALS & DIAGNOSTICS,sin_desc_lab
38438,ME33048,MELOXICAM 15 MG X 10 TABLETAS,MELOXICAM,Meloxicam,TABLETAS,"CALOX INTERNATIONAL, C.A.",sin_match_cobeca
38442,ME43017/2,MEMANTINA CLORHIDRATO 10 MG X 10 TABLETAS RECUBIERTAS,MEMANTINA CLORHIDRATO,Memantina,TABLETAS,MACLEODS PHARMACEUTICALS LTD,sin_desc_lab
38443,ME43017/4,MEMANTINA CLORHIDRATO 10 MG X 28 TABLETAS RECUBIERTAS,MEMANTINA CLORHIDRATO,Memantina,TABLETAS,MACLEODS PHARMACEUTICALS LTD,sin_desc_lab
38444,ME43017/3,MEMANTINA CLORHIDRATO 10 MG X 14 TABLETAS RECUBIERTAS,MEMANTINA CLORHIDRATO,Memantina,TABLETAS,MACLEODS PHARMACEUTICALS LTD,sin_desc_lab
38446,MI4470,FRICSOL 10 % - 10 % LINIMENTO,FRICSOL,Mentol - Salicilato Metilo,UNGUENTO,LABORATORIOS FARMA S.A.,sin_match_cobeca
38447,HO34365,MEROPENEM 1 G X 10 AMPOLLAS,MEROPENEM,Meropenem,INYECTABLE,VITALIS S.A.C.I.,sin_desc_lab
38448,HO42154,MEROPENEM 1 G - 0.5 G X 1 AMPOLLA,MEROPENEM,,INYECTABLE,"REYOUNG PHARMACEUTICAL CO., LTD",sin_desc_lab
38451,HO21983/3,DIPIRONA 1 G / 2 ML X 5 AMPOLLAS,DIPIRONA,,INYECTABLE,"LABORATORIOS VALMOR, C.A.",sin_match_cobeca
38452,ME37735,CLORHIDRATO DE METFORMINA 500 MG X 30 TABLETAS RECUBIERTAS,CLORHIDRATO DE METFORMINA,Metformina,TABLETAS,EMPRESA LABORATORIOS MEDSOL,sin_desc_lab
38454,ME43925/2,METFORMINA CLORHIDRATO 850 MG X 14 TABLETAS RECUBIERTAS,METFORMINA CLORHIDRATO,(+)-tetrabenazina - Metformina,TABLETAS,"LABORATORIO PLUSANDEX DE FARMACEUTICOS UNIDOS, PLUSANDEX, C.A.",sin_match_cobeca
38455,ME43925/3,METFORMINA CLORHIDRATO 850 MG X 28 TABLETAS RECUBIERTAS,METFORMINA CLORHIDRATO,(+)-tetrabenazina - Metformina,TABLETAS,"LABORATORIO PLUSANDEX DE FARMACEUTICOS UNIDOS, PLUSANDEX, C.A.",sin_match_cobeca
38456,ME42410,METFORMINA CLORHIDRATO 1000 MG X 30 TABLETAS RECUBIERTAS,METFORMINA CLORHIDRATO,Metformina,TABLETAS,LEK PHARMACEUTICALS D.D,sin_desc_lab
38457,ME42358,METFORMINA CLORHIDRATO 500 MG X 28 TABLETAS,METFORMINA CLORHIDRATO,,TABLETAS,"CALOX INTERNATIONAL, C.A.",sin_match_cobeca
38458,ME36815,METFORMINA 500 MG X 30 TABLETAS RECUBIERTAS,METFORMINA,,TABLETAS,AUROBINDO PHARMA LIMITED,sin_desc_lab
38460,ME37538,METFORMINA CLORHIDRATO 500 MG X 30 TABLETAS RECUBIERTAS,METFORMINA CLORHIDRATO,Metformina,TABLETAS,BAROQUE PHARMACEUTICALS PVT. LTD.,sin_desc_lab
38461,ME32508/3,METFORMINA CLORHIDRATO 850 MG X 30 TABLETAS,METFORMINA CLORHIDRATO,,TABLETAS,"CALOX INTERNATIONAL, C.A.",sin_match_cobeca
38462,ME32508/2,METFORMINA CLORHIDRATO 850 MG X 28 TABLETAS,METFORMINA CLORHIDRATO,,TABLETAS,"CALOX INTERNATIONAL, C.A.",sin_match_cobeca
38463,MI41036,SITAGLIPTINA-METFORMINA CLORHIDRATO 50 MG-1000 MG X 30 COMP RECUBIERTOS,SITAGLIPTINA-METFORMINA CLORHIDRATO,,,"LABORATORIOS LETI, S.A.V.",sin_match_cobeca
38464,ME42625,METFORMINA CLORHIDRATO 1000 MG X 30 TABLETAS RECUBIERTAS,METFORMINA CLORHIDRATO,,TABLETAS,FLAMINGO PHARMACEUTICALS LTD,sin_desc_lab
38465,ME40568,SITAGLIPTINA -METFORMINA CLORHIDRATO 50 MG-500 MG X 30 COMPRIMIDOS,SITAGLIPTINA -METFORMINA CLORHIDRATO,,COMPRIMIDOS,"LABORATORIOS LETI, S.A.V.",sin_match_cobeca
38467,HO44684,METOCLOPRAMIDA 10 MG / 2 ML X 3 AMPOLLAS,METOCLOPRAMIDA,Metoclopramida,INYECTABLE,"CASA DE REPRESENTACIONES JMW, C.A.",sin_desc_lab
38469,ME36811,METOCLOPRAMIDA 10 MG X 10 TABLETAS,METOCLOPRAMIDA,Metoclopramida,TABLETAS,"CORPORACION INFARMASA, S.A.",sin_desc_lab
38470,ME37626,BETALOCZOK 47.5 MG X 30 COMPRIMIDOS DE LIBERACION CONTROLADA,BETALOCZOK,Metoprolol,COMPRIMIDOS,ASTRAZENECA AB.,sin_desc_lab
38472,ME29532/3,METREN 500 MG X 15 CAPSULAS BLANDAS VAGINALES,METREN,Metronidazol,CAPSULAS,LABORATORIOS SIEGFRIED S.A.,sin_match_cobeca
38475,ME42520,METRONIDAZOL 0.75 % GEL,METRONIDAZOL,Metronidazol,GEL,"LABORATORIOS SPEFAR VENEZOLANOS, S.A.",sin_desc_lab
38476,HO42390,METRONIDAZOL 500 MG / 100 ML SOLUCION PARA INFUSION.,METRONIDAZOL,,INYECTABLE,"SHANDONG SHENGLU PHARMACEUTICAL CO., LTD",sin_desc_lab
38477,ME42530,METRONIDAZOL 500 MG X 10 OVULOS VAGINALES,METRONIDAZOL,Metronidazol,OVULOS,BLISS GVS PHARMA LTD,sin_desc_lab
38478,HO33361,METRONIDAZOL 500 MG / 100 ML SOLUCION PARA INFUSION INTRAVENOSA,METRONIDAZOL,Metronidazol,INYECTABLE,LABORATORIO BIOGALENIC C.A.,sin_desc_lab
38479,ME31064,METRONIDAZOL BENZOIL 125 MG / 5 ML SUSPENSION ORAL,METRONIDAZOL BENZOIL,,SUSPENSION ORAL,"LABORATORIOS KIMICEG, C.A.",sin_match_cobeca
38482,ME28549/3,METRONIDAZOL 500 MG X 30 TABLETAS,METRONIDAZOL,Metronidazol,TABLETAS,"LABORATORIO LA SANTE, C.A.",sin_match_cobeca
38483,ME43038,METRONIDAZOL 500 MG X 30 TABLETAS,METRONIDAZOL,Metronidazol,TABLETAS,"JIANGXI XIER KANGTAI PHARMACEUTICAL CO., LTD",sin_desc_lab
38484,ME43956,METRONIDAZOL - MICONAZOL 750 MG - 200 MG X 6 OVULOS,METRONIDAZOL - MICONAZOL,Metronidazol - Miconazol,OVULOS,BLISS GVS PHARMA LTD,sin_desc_lab
38487,ME34758,MICROSER 16 MG X 20 TABLETAS,MICROSER,Betahistina,TABLETAS,TECNANDINA S.A.,sin_desc_lab
38492,HO23464/3,MIOVIT COMPOSITUM CON LIDOCAINA X 3 AMPOLLAS,MIOVIT COMPOSITUM CON LIDOCAINA X,,INYECTABLE,"LABORATORIO COFASA, S.A.",sin_match_cobeca
38493,HO23464/2,MIOVIT COMPOSITUM CON LIDOCAINA X 1 AMPOLLA,MIOVIT COMPOSITUM CON LIDOCAINA X,,INYECTABLE,"LABORATORIO COFASA, S.A.",sin_match_cobeca
38494,HO23464/4,MIOVIT COMPOSITUM CON LIDOCAINA X 6 AMPOLLAS,MIOVIT COMPOSITUM CON LIDOCAINA X,,INYECTABLE,"LABORATORIO COFASA, S.A.",sin_match_cobeca
38495,ME22476/2,MIOVIT X 10 COMPRIMIDOS RECUBIERTOS,MIOVIT X,,COMPRIMIDOS,"LABORATORIO COFASA, S.A.",sin_match_cobeca
38496,ME22476/3,MIOVIT X 30 COMPRIMIDOS RECUBIERTOS,MIOVIT X,,COMPRIMIDOS,"LABORATORIO COFASA, S.A.",sin_match_cobeca
38497,ME43809,VERNATE 0.05 % CREMA,VERNATE,Clobetasol Propionato,CREMA,"BIOTECH LABORATORIOS, C.A.",sin_match_cobeca
38498,ME43124,MIRTAZAPINA 15 MG X 30 TABLETAS RECUBIERTAS,MIRTAZAPINA,Mirtazapina,TABLETAS,RONALD PHARMACEUTICALS PVT. LTD.,sin_desc_lab
38499,ME37308,MIRTAZAPINA 30 MG X 30 TABLETAS RECUBIERTAS,MIRTAZAPINA,Mirtazapina,TABLETAS,NOVARTIS LIMITED . BANGLADESH,sin_desc_lab
38501,ME43794/2,MIRTAZAVAL 15 MG X 10 TABLETAS RECUBIERTAS,MIRTAZAVAL,Mirtazapina,TABLETAS,"LABORATORIOS VALMOR, C.A.",sin_match_cobeca
38503,ME42742,MISULVAN FORTE 30 MG - 5 MG / 5 ML SOLUCION ORAL,MISULVAN FORTE,Ambroxol - Loratadina,SOLUCION ORAL,"LABORATORIO PLUSANDEX DE FARMACEUTICOS UNIDOS, PLUSANDEX, C.A.",sin_match_cobeca
38506,ME35286,MONTELUKAST 5 MG X 30 TABLETAS MASTICABLES,MONTELUKAST,Montelukast,TABLETAS,"CALOX INTERNATIONAL, C.A.",sin_match_cobeca
38509,ME39173,MONTRAX 4 MG X 10 TABLETAS MASTICABLES,MONTRAX,,TABLETAS,"BIOTECH LABORATORIOS, C.A.",sin_match_cobeca
38516,ME37148,MOXIFLOXACINA 400 MG X 7 TABLETAS RECUBIERTAS,MOXIFLOXACINA,Moxifloxacino,TABLETAS,"LABORATORIO LA SANTE, C.A.",sin_match_cobeca
38517,ME36486,MOXIFLOXACINA 400 MG X 10 COMPRIMIDOS RECUBIERTOS,MOXIFLOXACINA,Moxifloxacino,COMPRIMIDOS,"SM PHARMA, C.A.",sin_desc_lab
38521,ME40502,MUCOMAX 15 MG / 5 ML SOLUCION ORAL USO PEDIATRICO,MUCOMAX,Ambroxol,SOLUCION ORAL,"LABORATORIOS KIMICEG, C.A.",sin_match_cobeca
38524,ME11776,MULTIVIRAL X 30 CAPSULAS,MULTIVIRAL X,,CAPSULAS,LABORATORIOS SIEGFRIED S.A.,sin_match_cobeca
38528,HO36014,N-BUTIL BROMURO DE HIOSCINA 20 MG / ML X 5 AMPOLLAS,N-BUTIL BROMURO DE HIOSCINA,,INYECTABLE,VITALIS S.A.C.I.,sin_desc_lab
38531,ME34793,NAPROXENO 250 MG X 10 TABLETAS,NAPROXENO,Naproxeno,TABLETAS,EMPRESA LABORATORIOS MEDSOL,sin_desc_lab
38532,ME43615,TRASS (NAPROXENO SODICO 500 MG + SUMATRIPTAN 85 MG) X 10 TABLETAS RECUBIERTAS,TRASS (NAPROXENO SODICO,Naproxeno - Sumatriptan,TABLETAS,"PROCAPS, S.A.",sin_desc_lab
38535,ME31384/4,NEFROTAL H 50 MG - 12.5 MG X 15 COMPRIMIDOS RECUBIERTOS,NEFROTAL H,Hidroclorotiazida - Losartan,COMPRIMIDOS,MEGALABS S.A.,sin_match_cobeca
38536,ME31384/2,NEFROTAL H 50 MG - 12.5 MG X 10 COMPRIMIDOS RECUBIERTOS,NEFROTAL H,Hidroclorotiazida - Losartan,COMPRIMIDOS,MEGALABS S.A.,sin_match_cobeca
38542,ME43802,CORIOSYL 500 U.I. - 3.5 MG - 10.000 U.I. / G UNGUENTO,CORIOSYL,Bacitracina - Neomicina - Polimixina B,UNGUENTO,"LABORATORIOS LETI, S.A.V.",sin_match_cobeca
38544,HO7099/3,NEOSTIGMINA 0.5 MG / ML X 6 AMPOLLAS,NEOSTIGMINA,,INYECTABLE,MEGALABS S.A.,sin_match_cobeca
38549,ME38421/3,NEURIXA 75 MG X 21 CAPSULAS,NEURIXA,Pregabalina,CAPSULAS,LABORATORIOS FARMA S.A.,sin_match_cobeca
38550,ME43041,NEUROMIX X 30 SOLUCION ORAL,NEUROMIX X,Cianocobalamina - Nicotinamida - Piridoxina - Riboflavina - Tiamina,SOLUCION ORAL,"LABORATORIOS LETI, S.A.V.",sin_match_cobeca
38551,ME42077,NEVAC 0.1 % SUSPENSION OFTALMICA,NEVAC,Nepafenaco,SUSPENSION ORAL,"LABORATORIOS L.O. OFTALMI, C.A.",sin_match_cobeca
38552,ME28779,NIFEDIPINA 10 MG X 14 CAPSULAS,NIFEDIPINA,Nifedipino,CAPSULAS,"LABORATORIO LA SANTE, C.A.",sin_match_cobeca
38554,ME25984/2,NIFEDIPINA 10 MG X 10 COMPRIMIDOS DISPERSABLES,NIFEDIPINA,Nifedipino,COMPRIMIDOS,"LABORATORIOS LETI, S.A.V.",sin_match_cobeca
38555,ME43990,NIFEDIPINO 10 MG X 30 TABLETAS RECUBIERTAS,NIFEDIPINO,Nifedipino,TABLETAS,ANG LIFESCIENCES INDIA LTD,sin_desc_lab
38557,ME35202,NIPE PLUS GRANULADO PARA SUSPENSION SABOR A FRUTAS TROPICALES,NIPE PLUS GRANULADO PARA SUSPENSION SABOR A FRUTAS TROPICALES,,GRANULADOS,"LABORATORIOS VARGAS, S.A.",sin_match_cobeca
38558,ME39909,NIPE 100 MG - 0.25 MG / ML X 6 SOLUCION ORAL EN GOTAS,NIPE,Acetaminofen,SOLUCION ORAL,"LABORATORIOS VARGAS, S.A.",sin_match_cobeca
38559,ME44261,NISTATINA 100.000 UI / ML SUSPENSION,NISTATINA,Nistatina,SUSPENSION ORAL,ASPEN BIOPHARMA LABS PVT. LTD.,sin_desc_lab
38561,ME37921,NITAZOXANIDA 500 MG X 6 TABLETAS RECUBIERTAS,NITAZOXANIDA,,TABLETAS,"LABORATORIO LA SANTE, C.A.",sin_match_cobeca
38562,ME43051/3,NITROFURANTOINA 100 MG X 300 TABLETAS RECUBIERTAS,NITROFURANTOINA,Nitrofurantoina,TABLETAS,RONALD PHARMACEUTICALS PVT. LTD.,sin_desc_lab
38563,ME43051/2,NITROFURANTOINA 100 MG X 10 TABLETAS RECUBIERTAS,NITROFURANTOINA,Nitrofurantoina,TABLETAS,RONALD PHARMACEUTICALS PVT. LTD.,sin_desc_lab
38564,ME44220/2,NITROFURANTOINA 50 MG X 10 TABLETAS RECUBIERTAS,NITROFURANTOINA,,TABLETAS,"CALOX INTERNATIONAL, C.A.",sin_match_cobeca
38566,ME34437,NITROFURAZONA 0.2 % CREMA,NITROFURAZONA,Nitrofurazona,CREMA,EMPRESA LABORATORIO FARMACEUTICO ROBERTO ESCUDERO UNIDAD EMPRESARIAL DE BASE (UEB) PRODUCCION DE SEMISOLIDOS,sin_desc_lab
38579,ME42194,NOXPIRIN GRIP X 12 TABLETAS,NOXPIRIN GRIP X,Acetaminofen,TABLETAS,LABORATORIOS SIEGFRIED S.A.,sin_match_cobeca
38580,ME37707,NYTAXIN 500 MG X 6 CAPSULAS BLANDAS,NYTAXIN,,CAPSULAS,"PROCAPS, S.A.",sin_desc_lab
38581,ME43411,PREDNISOLONA ACETATO 1 % SUSPENSION OFTALMICA,PREDNISOLONA ACETATO,,SUSPENSION ORAL,"LABORATORIOS L.O. OFTALMI, C.A.",sin_match_cobeca
38585,ME26287,OFTERRA UNGUENTO OFTALMICO,OFTERRA UNGUENTO OFTALMICO,,UNGUENTO,"LABORATORIOS L.O. OFTALMI, C.A.",sin_match_cobeca
38586,ME42964,OLANZAPINA 5 MG X 30 TABLETAS ORODISPERSABLES,OLANZAPINA,Olanzapina,TABLETAS,"PSICOFARMA, S.A. DE C.V",sin_desc_lab
38589,ME40904,OLMESARTAN MEDOXOMIL 40 MG - HIDROLOCOTIAZIDA 12.5 MG X 30 TABLETAS RECUBIERTAS,OLMESARTAN MEDOXOMIL,,TABLETAS,"LABORATORIO LA SANTE, C.A.",sin_match_cobeca
38590,ME42752/2,OLMESARTAN MEDOXOMILO 20 MG X 10 TABLETAS RECUBIERTAS,OLMESARTAN MEDOXOMILO,Olmesartan Medoxomilo,TABLETAS,SYNOKEM PHARMACEUTICALS LIMITED,sin_desc_lab
38591,ME42752/3,OLMESARTAN MEDOXOMILO 20 MG X 30 TABLETAS RECUBIERTAS,OLMESARTAN MEDOXOMILO,Olmesartan Medoxomilo,TABLETAS,SYNOKEM PHARMACEUTICALS LIMITED,sin_desc_lab
38592,ME40779,OLMESARTAN MEDOXOMIL 20 MG X 30 TABLETAS RECUBIERTAS,OLMESARTAN MEDOXOMIL,,TABLETAS,"LABORATORIO LA SANTE, C.A.",sin_match_cobeca
38593,ME42751/2,OLMESARTAN MEDOXOMILO 40 MG X 10 TABLETAS RECUBIERTAS,OLMESARTAN MEDOXOMILO,Olmesartan Medoxomilo,TABLETAS,SYNOKEM PHARMACEUTICALS LIMITED,sin_desc_lab
38594,ME42751/3,OLMESARTAN MEDOXOMILO 40 MG X 30 TABLETAS RECUBIERTAS,OLMESARTAN MEDOXOMILO,Olmesartan Medoxomilo,TABLETAS,SYNOKEM PHARMACEUTICALS LIMITED,sin_desc_lab
38596,ME27785/3,OMEPRAZOL 20 MG X 10 CAPSULAS CON MICROGRANULOS ENTERICOS,OMEPRAZOL,,CAPSULAS,"CALOX INTERNATIONAL, C.A.",sin_match_cobeca
38599,ME27785/6,OMEPRAZOL 20 MG X 30 CAPSULAS CON MICROGRANULOS ENTERICOS,OMEPRAZOL,,CAPSULAS,"CALOX INTERNATIONAL, C.A.",sin_match_cobeca
38600,ME27785/2,OMEPRAZOL 20 MG X 7 CAPSULAS CON MICROGRANULOS ENTERICOS,OMEPRAZOL,,CAPSULAS,"CALOX INTERNATIONAL, C.A.",sin_match_cobeca
38603,ME43675/4,OMEPRAZOL 20 MG X 10 CAPSULAS GASTRORRESISTENTES,OMEPRAZOL,(+)-tetrabenazina - Omeprazol,CAPSULAS,K.A. MALLE PHARMACEUTICALS LTD,sin_desc_lab
38604,ME43675/5,OMEPRAZOL 20 MG X 20 CAPSULAS GASTRORRESISTENTES,OMEPRAZOL,(+)-tetrabenazina - Omeprazol,CAPSULAS,K.A. MALLE PHARMACEUTICALS LTD,sin_desc_lab
38605,ME43675/6,OMEPRAZOL 20 MG X 30 CAPSULAS GASTRORRESISTENTES,OMEPRAZOL,(+)-tetrabenazina - Omeprazol,CAPSULAS,K.A. MALLE PHARMACEUTICALS LTD,sin_desc_lab
38606,ME43675/2,OMEPRAZOL 20 MG X 7 CAPSULAS GASTRORRESISTENTES,OMEPRAZOL,(+)-tetrabenazina - Omeprazol,CAPSULAS,K.A. MALLE PHARMACEUTICALS LTD,sin_desc_lab
38607,ME43675/3,OMEPRAZOL 20 MG X 8 CAPSULAS GASTRORRESISTENTES,OMEPRAZOL,(+)-tetrabenazina - Omeprazol,CAPSULAS,K.A. MALLE PHARMACEUTICALS LTD,sin_desc_lab
38608,ME42404/3,OMEPRAZOL 40 MG X 30 CAPSULAS CON MICROGRANULOS GASTRORRESISTENTES,OMEPRAZOL,,CAPSULAS,"LABORATORIO LA SANTE, C.A.",sin_match_cobeca
38609,ME42404/2,OMEPRAZOL 40 MG X 7 CAPSULAS CON MICROGRANULOS GASTRORRESISTENTES,OMEPRAZOL,,CAPSULAS,"LABORATORIO LA SANTE, C.A.",sin_match_cobeca
38613,HO33836,OMEPRAZOL 40 MG X 1 AMPOLLA,OMEPRAZOL,Omeprazol,INYECTABLE,VITALIS S.A.C.I.,sin_desc_lab
38614,ME1221,OMMUNAL (LISADO BACTERIANO) 7 MG X 10 CAPSULAS,OMMUNAL (LISADO BACTERIANO),,CAPSULAS,OM PHARMA SA,sin_desc_lab
38617,HO37763/2,ONDANSETRON 8 MG / 4 ML X 1 AMPOLLA,ONDANSETRON,,INYECTABLE,EMPRESA LABORATORIOS AICA,sin_desc_lab
38618,HO37763/3,ONDANSETRON 8 MG / 4 ML X 5 AMPOLLAS,ONDANSETRON,,INYECTABLE,EMPRESA LABORATORIOS AICA,sin_desc_lab
38623,ME44637,SUEROLITO ZINC 75 MEQ / L SOLUCION ELECTROLITICA USO ORAL SABOR A FRUTAS TROPICALES,SUEROLITO ZINC,Dextrosa - Zinc,SOLUCION ORAL,LABORATORIOS BALKER C.A.,sin_desc_lab
38624,ME41670,ORALZINC SALES DE REHIDRATACION X 1 POLVO PARA SOLUCION ORAL SABOR A COCO,ORALZINC SALES DE REHIDRATACION X,Dextrosa - Zinc Sulfato Heptahidrato,POLVO PARA RECONSTITUCION,"LABORATORIOS VARGAS, S.A.",sin_match_cobeca
38627,ME36024,ORLISTAT 120 MG X 30 CAPSULAS,ORLISTAT,Orlistat,CAPSULAS,"LABORATORIOS LETI, S.A.V.",sin_match_cobeca
38628,ME8463,OTANOL 50 MG / ML SOLUCION OTICA,OTANOL,,SOLUCION OTICA,"LABORATORIO ETICOS ETIFAR, C.A.",sin_desc_lab
38629,ME43862,OXCARBAZEPINA 300 MG X 30 TABLETAS RECUBIERTAS,OXCARBAZEPINA,Oxcarbazepina,TABLETAS,"JIANGXI SYNERGY PHARMACEUTICAL CO., LTD",sin_desc_lab
38631,ME25936,OXOLAMINA JARABE,OXOLAMINA JARABE,,JARABE,"LABORATORIOS ELMOR, S.A.",sin_match_cobeca
38632,ME26219,OXOLAMINA CITRATO 50 MG / 5 ML JARABE,OXOLAMINA CITRATO,,JARABE,"LABORATORIOS SPEFAR VENEZOLANOS, S.A.",sin_desc_lab
38633,HO41149,PALONOSETRON 0.25 MG / 5 ML SOLUCION INYECTABLE,PALONOSETRON,Palonosetron,INYECTABLE,"DIF, S.A.",sin_desc_lab
38635,HO39516,PANTOPRAZOL 40 MG X 1 AMPOLLA,PANTOPRAZOL,,INYECTABLE,WEXFORD LABORATORIES PVT. LTD.,sin_desc_lab
38636,ME43468,PANTOPRAZOL 40 MG X 7 TABLETAS DE LIBERACION RETARDADA,PANTOPRAZOL,,TABLETAS,REMUS PHARMACEUTICALS PVT. LTD.,sin_desc_lab
38637,ME44653,ATAREM 100 MG / 5 ML SOLUCION ORAL,ATAREM,Paracetamol,SOLUCION ORAL,LABORATORIOS SIEGFRIED S.A.,sin_match_cobeca
38638,HO44116,PARACETAMOL 1 G / 100 ML SOLUCION PARA INFUSION,PARACETAMOL,Paracetamol,INYECTABLE,"SHIJIAZHUANG NO 4 PHARMACEUTICAL CO., LTD",sin_desc_lab
38639,ME37850,PAROXETINA 20 MG X 30 COMPRIMIDOS RECUBIERTAS,PAROXETINA,Paroxetina,COMPRIMIDOS,KERN PHARMA S.L.,sin_desc_lab
38643,ME42399,PASOLAX POLVO PARA SOLUCION ORAL,PASOLAX POLVO PARA SOLUCION ORAL,,POLVO PARA RECONSTITUCION,LABORATORIOS SIEGFRIED S.A.,sin_match_cobeca
38644,ME34116,PAXIL CR 25 MG X 30 TABLETAS DE LIBERACION CONTROLADA,PAXIL CR,Paroxetina,TABLETAS,GLAXOSMITHKLINE INC,sin_desc_lab
38647,ME39670/3,PEGYT 150 MG X 30 CAPSULAS,PEGYT,Pregabalina,CAPSULAS,"LABORATORIOS LETI, S.A.V.",sin_match_cobeca
38650,HO38517,PENTOXIFILINA 300 MG / 15 ML X 5 AMPOLLAS,PENTOXIFILINA,Pentoxifilina,INYECTABLE,EMPRESA LABORATORIOS AICA,sin_desc_lab
38651,ME27020,PENTOXIFILINA 400 MG X 30 COMPRIMIDOS RECUBIERTOS DE ACCION PROLONGADA,PENTOXIFILINA,Pentoxifilina,COMPRIMIDOS,"LABORATORIOS LETI, S.A.V.",sin_match_cobeca
38652,ME44126,PEPTO-BISMOL 525 MG / 30 ML SUSPENSION ORAL,PEPTO-BISMOL,,SOLUCION ORAL,LABORATORIOS FARMA S.A.,sin_match_cobeca
38656,ME42593,PEROXIDO DE BENZOILO 2.5 % GEL,PEROXIDO DE BENZOILO,Benzoilo Peroxido,GEL,AUROCHEM LABORATORIES (INDIA) PVT. LTD.,sin_desc_lab
38663,ME37698/2,PINAVERIUM BROMURO 100 MG X 20 TABLETAS RECUBIERTAS,PINAVERIUM BROMURO,,TABLETAS,"CALOX INTERNATIONAL, C.A.",sin_match_cobeca
38664,ME37698/3,PINAVERIUM BROMURO 100 MG X 30 TABLETAS RECUBIERTAS,PINAVERIUM BROMURO,,TABLETAS,"CALOX INTERNATIONAL, C.A.",sin_match_cobeca
38669,ME23852,PIROXICAM 20 MG X 10 CAPSULAS,PIROXICAM,Piroxicam,CAPSULAS,"LABORATORIO LA SANTE, C.A.",sin_match_cobeca
38674,ME8400,OTODON 2 % - 5 % SOLUCION GOTAS USO OTICO.,OTODON,,GOTAS,ORGANIFAR S.A.,sin_desc_lab
38682,ME44096,PRENIL 3 MG / 1 ML SOLUCION ORAL,PRENIL,Prednisolona,SOLUCION ORAL,LABORATORIOS LEGRAND S.A.,sin_desc_lab
38683,ME43177,PREDNISOLONA ACETATO 1 % SUSPENSION OFTALMICA,PREDNISOLONA ACETATO,Prednisolona,SOLUCION OFTALMICA,INDIANA OPHTHALMICS,sin_desc_lab
38684,ME43039/2,PREDNISOLONA 5 MG X 10 TABLETAS,PREDNISOLONA,,TABLETAS,"JIANGXI XIER KANGTAI PHARMACEUTICAL CO., LTD",sin_desc_lab
38685,ME43039/3,PREDNISOLONA 5 MG X 30 TABLETAS,PREDNISOLONA,,TABLETAS,"JIANGXI XIER KANGTAI PHARMACEUTICAL CO., LTD",sin_desc_lab
38686,ME42866/2,PREDNISOLONA 5 MG X 10 TABLETAS,PREDNISOLONA,Prednisolona,TABLETAS,RONALD PHARMACEUTICALS PVT. LTD.,sin_desc_lab
38687,ME42866/3,PREDNISOLONA 5 MG X 30 TABLETAS,PREDNISOLONA,Prednisolona,TABLETAS,RONALD PHARMACEUTICALS PVT. LTD.,sin_desc_lab
38691,ME12419/4,PREDNISONA 5 MG X 100 TABLETAS,PREDNISONA,Prednisona,TABLETAS,"CALOX INTERNATIONAL, C.A.",sin_match_cobeca
38694,ME42570/3,PREGABALINA 150 MG X 30 CAPSULAS,PREGABALINA,Pregabalina,CAPSULAS,REMUS PHARMACEUTICALS PVT. LTD.,sin_desc_lab
38695,ME42570/2,PREGABALINA 150 MG X 20 CAPSULAS,PREGABALINA,Pregabalina,CAPSULAS,REMUS PHARMACEUTICALS PVT. LTD.,sin_desc_lab
38696,ME44579/3,PREGALIS 75 MG X 30 CAPSULAS,PREGALIS,Pregabalina,CAPSULAS,PINNACLE LIFE SCIENCE PVT. LTD.,sin_desc_lab
38697,ME44579/2,PREGALIS 75 MG X 14 CAPSULAS,PREGALIS,Pregabalina,CAPSULAS,PINNACLE LIFE SCIENCE PVT. LTD.,sin_desc_lab
38701,ME14671,PREVERAL CON CODEINA JARABE,PREVERAL CON CODEINA JARABE,,JARABE,"LABORATORIOS WYETH, S.A.",sin_desc_lab
38702,ME39191,PROPRANOLOL 40 MG X 20 TABLETAS,PROPRANOLOL,,TABLETAS,LABORATORIOS ALFA C X A,sin_match_cobeca
38708,ME43431/2,QUETIAPINA 100 MG X 10 TABLETAS RECUBIERTAS,QUETIAPINA,,TABLETAS,PINNACLE LIFE SCIENCE PVT. LTD.,sin_desc_lab
38709,ME43431/3,QUETIAPINA 100 MG X 30 TABLETAS RECUBIERTAS,QUETIAPINA,,TABLETAS,PINNACLE LIFE SCIENCE PVT. LTD.,sin_desc_lab
38710,ME43426,QUETIAPINA 25 MG X 30 TABLETAS RECUBIERTAS,QUETIAPINA,,TABLETAS,PINNACLE LIFE SCIENCE PVT. LTD.,sin_desc_lab
38711,ME39822,QUETIAZIC 300 MG X 30 COMPRIMIDOS RECUBIERTOS,QUETIAZIC,Quetiapina,COMPRIMIDOS,"MONTE VERDE, S.A.",sin_desc_lab
38716,ME29673,OTIRILIN 4 % - 1 % SOLUCION OTICA,OTIRILIN,,SOLUCION OTICA,BIOCODEX,sin_desc_lab
38718,ME37058,RAMIPRIL 2.5 MG X 30 COMPRIMIDOS,RAMIPRIL,Ramipril,COMPRIMIDOS,"LABORATORIOS SPEFAR VENEZOLANOS, S.A.",sin_desc_lab
38719,HO30929,RANITIDINA 50 MG / 2 ML X 10 AMPOLLAS,RANITIDINA,Ranitidina,INYECTABLE,"LABORATORIO COFASA, S.A.",sin_match_cobeca
38721,ME31884,RANITIDINA 300 MG X 10 TABLETAS,RANITIDINA,Ranitidina,TABLETAS,"CALOX INTERNATIONAL, C.A.",sin_match_cobeca
38723,ME43467,RESEQUIL 0.1 % LOCION TOPICA,RESEQUIL,Mometasona Furoato,SOLUCION TOPICA,"LABORATORIOS L.O. OFTALMI, C.A.",sin_match_cobeca
38724,ME44650,REUMAQUINE 200 MG X 20 TABLETAS RECUBIERTAS,REUMAQUINE,Hidroxicloroquina,TABLETAS,NEEL NAYAN PHARMA PVT. LTD.,sin_desc_lab
38730,ME39775/2,RIFAMIX 200 MG X 10 COMPRIMIDOS RECUBIERTOS,RIFAMIX,Rifaximina,COMPRIMIDOS,"LABORATORIOS LETI, S.A.V.",sin_match_cobeca
38731,ME40087,RINARIS 2.5 MG - 30 MG / 5 ML X 10 SOLUCION ORAL,RINARIS,,SOLUCION ORAL,LABORATORIOS FARMA S.A.,sin_match_cobeca
38732,HO1370B,SOLUCION DE RINGER LACTATO (SOLUCION DE HARTMANN) INYECTABLE,SOLUCION DE RINGER LACTATO (SOLUCION DE HARTMANN) INYECTABLE,,INYECTABLE,"LABORATORIO BEHRENS, C.A.",sin_match_cobeca
38733,ME43791,RINIFLU 2.5 MG / 5 ML JARABE,RINIFLU,Desloratadina,JARABE,"BIOTECH LABORATORIOS, C.A.",sin_match_cobeca
38739,ME36375,RISPERID 1 MG X 20 COMPRIMIDOS RECUBIERTOS,RISPERID,Risperidona,COMPRIMIDOS,MEGALABS S.A.,sin_match_cobeca
38744,ME42922,RIVAROXABAN 15 MG X 30 TABLETAS RECUBIERTAS,RIVAROXABAN,Rivaroxaban,TABLETAS,WEST-COAST PHARMACEUTICAL WORKS LTD,sin_desc_lab
38745,ME42923/2,RIVAROXABAN 20 MG X 10 TABLETAS RECUBIERTAS,RIVAROXABAN,Rivaroxaban,TABLETAS,WEST-COAST PHARMACEUTICAL WORKS LTD,sin_desc_lab
38746,ME42923/3,RIVAROXABAN 20 MG X 14 TABLETAS RECUBIERTAS,RIVAROXABAN,Rivaroxaban,TABLETAS,WEST-COAST PHARMACEUTICAL WORKS LTD,sin_desc_lab
38748,ME44475,ROSUTAN 10 MG X 30 TABLETAS RECUBIERTAS,ROSUTAN,Rosuvastatina,TABLETAS,MACLEODS PHARMACEUTICALS LTD,sin_desc_lab
38750,ME42632/2,ROSUVASTATINA 20 MG X 10 TABLETAS RECUBIERTAS,ROSUVASTATINA,Rosuvastatina,TABLETAS,WEST-COAST PHARMACEUTICAL WORKS LTD,sin_desc_lab
38751,ME42632/3,ROSUVASTATINA 20 MG X 30 TABLETAS RECUBIERTAS,ROSUVASTATINA,Rosuvastatina,TABLETAS,WEST-COAST PHARMACEUTICAL WORKS LTD,sin_desc_lab
38752,ME42676,ROSUVASTATINA 10 MG X 30 TABLETAS RECUBIERTAS,ROSUVASTATINA,Rosuvastatina,TABLETAS,HIRAL LABS LIMITED,sin_desc_lab
38762,ME25529,SALBUTAMOL 40 MG / 100 ML JARABE,SALBUTAMOL,Salbutamol,JARABE,"LABORATORIOS KIMICEG, C.A.",sin_match_cobeca
38763,ME16041,SALBUTAN 100 MCG / DOSIS X 200 SUSPENSION PARA INHALACION ORAL,SALBUTAN,,SUSPENSION ORAL,GLAXO WELLCOME S.A.,sin_desc_lab
38764,ME20265,SARIFAN COMPOSITUM 0.01 G - 0.25 G X 20 TABLETAS RECUBIERTAS,SARIFAN COMPOSITUM,,TABLETAS,C.A. PRODUCTOS RONAVA,sin_match_cobeca
38765,ME38854,SAVER 200 MG / 5 ML X 37 POLVO PARA SUSPENSION ORAL,SAVER,Azitromicina,POLVO PARA RECONSTITUCION,"LABORATORIOS ELMOR, S.A.",sin_match_cobeca
38770,ME31560,SECNIDAZOL 1 G X 2 TABLETAS RECUBIERTAS,SECNIDAZOL,Secnidazol Anhidro,TABLETAS,"LABORATORIOS KIMICEG, C.A.",sin_match_cobeca
38775,ME37708,SELENE 100 UI - 70 MCG X 60 CAPSULAS BLANDAS,SELENE,Selenio - Vitamina A,CAPSULAS,"INDUSTRIAS INTERCAPS DE VENEZUELA, C.A.",sin_match_cobeca
38779,ME30171/3,SERLINE 50 MG X 30 COMPRIMIDOS,SERLINE,Sertralina,COMPRIMIDOS,MEGALABS S.A.,sin_match_cobeca
38781,ME32466/4,SERTRALINA 50 MG X 56 TABLETAS,SERTRALINA,Sertralina,TABLETAS,"LABORATORIO LA SANTE, C.A.",sin_match_cobeca
38786,ME43842,SERTRALINA 50 MG X 14 TABLETAS RECUBIERTAS,SERTRALINA,Sertralina,TABLETAS,HIRAL LABS LIMITED,sin_desc_lab
38791,ME43690/2,SILDENAFILO 50 MG X 1 TABLETA RECUBIERTA,SILDENAFILO,Sildenafilo,TABLETAS,"LABORATORIOS L.O. OFTALMI, C.A.",sin_match_cobeca
38792,ME43690/3,SILDENAFILO 50 MG X 2 TABLETAS RECUBIERTAS,SILDENAFILO,Sildenafilo,TABLETAS,"LABORATORIOS L.O. OFTALMI, C.A.",sin_match_cobeca
38793,ME43690/4,SILDENAFILO 50 MG X 4 TABLETAS RECUBIERTAS,SILDENAFILO,Sildenafilo,TABLETAS,"LABORATORIOS L.O. OFTALMI, C.A.",sin_match_cobeca
38799,ME32020,SINUTIL JARABE,SINUTIL JARABE,Acetaminofen - Cafeina,JARABE,"LABORATORIOS VINCENTI, C.A.",sin_match_cobeca
38800,ME43259/3,SITAGLIPTINA - METFORMINA CLORHIDRATO 50 MG - 500 MG X 30 TABLETAS RECUBIERTAS,SITAGLIPTINA - METFORMINA CLORHIDRATO,Metformina - Sitagliptina,TABLETAS,REMUS PHARMACEUTICALS PVT. LTD.,sin_desc_lab
38801,ME43259/2,SITAGLIPTINA - METFORMINA CLORHIDRATO 50 MG - 500 MG X 10 TABLETAS RECUBIERTAS,SITAGLIPTINA - METFORMINA CLORHIDRATO,Metformina - Sitagliptina,TABLETAS,REMUS PHARMACEUTICALS PVT. LTD.,sin_desc_lab
38802,ME44367,METFORMINA CLORHIDRATO - SITAGLIPTINA 850 MG - 50 MG X 28 TABLETAS RECUBIERTAS,METFORMINA CLORHIDRATO - SITAGLIPTINA,Metformina - Sitagliptina,TABLETAS,"JIANGXI SYNERGY PHARMACEUTICAL CO., LTD",sin_desc_lab
38806,ME44260,SUCRALFATO 100 MG / ML SUSPENSION ORAL,SUCRALFATO,,SOLUCION ORAL,"BIOQUIMICA INTERNACIONAL, C.A.",sin_match_cobeca
38807,ME43073/3,SUCRALFATO 1 G X 20 TABLETAS,SUCRALFATO,,TABLETAS,RONALD PHARMACEUTICALS PVT. LTD.,sin_desc_lab
38808,ME43073/2,SUCRALFATO 1 G X 10 TABLETAS,SUCRALFATO,,TABLETAS,RONALD PHARMACEUTICALS PVT. LTD.,sin_desc_lab
38809,ME28901,SULFADIAZINA DE PLATA 1 % CREMA,SULFADIAZINA DE PLATA,,CREMA,"LABORATORIOS KIMICEG, C.A.",sin_match_cobeca
38810,HO37696,SULFATO DE MAGNESIO 10 % SOLUCION INYECTABLE,SULFATO DE MAGNESIO,Citrato Magnesio,INYECTABLE,EMPRESA LABORATORIOS AICA,sin_desc_lab
38815,ME31596,SULTAMICILINA 750 MG X 10 TABLETAS RECUBIERTAS,SULTAMICILINA,,TABLETAS,"LABORATORIOS LETI, S.A.V.",sin_match_cobeca
38823,ME44534,TACROLIMUS 0.03 % UNGUENTO,TACROLIMUS,Tacrolimus,UNGUENTO,HIRAL LABS LIMITED,sin_desc_lab
38833,ME41156/2,TALYSTO 5 MG X 10 TABLETAS MASTICABLES,TALYSTO,Tadalafilo,TABLETAS,"MANUFACTURERA MUNDIAL FARMACEUTICA M.M.F., C.A.",sin_match_cobeca
38834,ME41156/3,TALYSTO 5 MG X 30 TABLETAS MASTICABLES,TALYSTO,Tadalafilo,TABLETAS,"MANUFACTURERA MUNDIAL FARMACEUTICA M.M.F., C.A.",sin_match_cobeca
38838,ME18855,TAMOA 250 MG / 5 ML X 6 SUSPENSION,TAMOA,,SUSPENSION ORAL,"BIOTECH LABORATORIOS, C.A.",sin_match_cobeca
38841,ME30979,TAMSULON 0.4 MG X 30 CAPSULAS DE LIBERACION CONTROLADA,TAMSULON,,CAPSULAS,"NOVOCAP, S.A.",sin_desc_lab
38842,ME36676/3,TAMSULOSINA HCL 0.4 MG CAPSULAS DE LIBERACION PROGRAMADA X 30 CAPSULAS,TAMSULOSINA HCL,Tamsulosina,CAPSULAS,"ESPECIALIDADES DOLLDER, C.A.",sin_match_cobeca
38843,ME36676/2,TAMSULOSINA HCL 0.4 MG CAPSULAS DE LIBERACION PROGRAMADA X 10 CAPSULAS,TAMSULOSINA HCL,Tamsulosina,CAPSULAS,"ESPECIALIDADES DOLLDER, C.A.",sin_match_cobeca
38844,ME42589,TAMSULOSINA CLORHIDRATO 0.4 MG X 30 CAPSULAS DE LIBERACION PROLONGADA,TAMSULOSINA CLORHIDRATO,Tamsulosina,CAPSULAS,"LABORATORIOS SPEFAR VENEZOLANOS, S.A.",sin_desc_lab
38845,ME24206,TANTUN 0.1 % SOLUCION DUCHA VAGINAL,TANTUN,,LOCION,"LABORATORIOS ELMOR, S.A.",sin_match_cobeca
38852,ME22980,NUELIN 80 MG / 15 ML JARABE,NUELIN,Teofilina,JARABE,"LABORATORIOS VARGAS, S.A.",sin_match_cobeca
38854,ME44418/3,TERAGRIPFORTE 650 MG-20 MG-2 MG X 10 GRANULADO PARA SOLUCION ORAL,TERAGRIPFORTE,Acetaminofen - Cafeina - Clorfeniramina,SOLUCION ORAL,LABORATORIOS FARMA S.A.,sin_match_cobeca
38855,ME44418/4,TERAGRIPFORTE 650 MG-20 MG-2 MG X 20 GRANULADO PARA SOLUCION ORAL,TERAGRIPFORTE,Acetaminofen - Cafeina - Clorfeniramina,SOLUCION ORAL,LABORATORIOS FARMA S.A.,sin_match_cobeca
38856,ME36877,TERBINAFINA CLORHIDRATO 1 % CREMA TOPICA,TERBINAFINA CLORHIDRATO,,CREMA,MEYER PRODUCTOS TERAPEUTICOS S.A.,sin_desc_lab
38863,ME42959,TIMOLOL 0.5 % SOLUCION OFTALMICA,TIMOLOL,Timolol,SOLUCION OFTALMICA,CADILA PHARMACEUTICALS LIMITED,sin_desc_lab
38868,HO27849/2,TIOCOLCHICOSIDO 4 MG / 2 ML X 1 AMPOLLA,TIOCOLCHICOSIDO,Tiocolchicosido,INYECTABLE,"LABORATORIOS LETI, S.A.V.",sin_match_cobeca
38869,HO27849/4,TIOCOLCHICOSIDO 4 MG / 2 ML X 50 AMPOLLAS,TIOCOLCHICOSIDO,Tiocolchicosido,INYECTABLE,"LABORATORIOS LETI, S.A.V.",sin_match_cobeca
38870,HO27849/3,TIOCOLCHICOSIDO 4 MG / 2 ML X 2 AMPOLLAS,TIOCOLCHICOSIDO,Tiocolchicosido,INYECTABLE,"LABORATORIOS LETI, S.A.V.",sin_match_cobeca
38875,ME43629,TIZANIDINA 2 MG X 10 TABLETAS,TIZANIDINA,Tizanidina,TABLETAS,RECKON ORGANICS PVT. LTD.,sin_desc_lab
38876,ME37412,TOBRAMICINA 300 MG / 5 ML SOLUCION PARA INHALACION,TOBRAMICINA,Tobramicina,INHALACION,"CATALENT PHARMA SOLUTIONS, LLC., USA",sin_desc_lab
38880,ME42035,TONERVOL 5 MG X 30 TABLETAS,TONERVOL,,TABLETAS,LABORATORIOS FARMA S.A.,sin_match_cobeca
38884,ME40295,TRACEVAL 500 MG - 50 MG X 20 TABLETAS,TRACEVAL,,TABLETAS,"LABORATORIOS VALMOR, C.A.",sin_match_cobeca
38889,ME30065,TRAMAL LONG 150 MG X 20 TABLETAS RECUBIERTAS DE LIBERACION PROLONGADA,TRAMAL LONG,,TABLETAS,TECNANDINA S.A.,sin_desc_lab
38893,ME28553/2,TRIMEBUTINA MALEATO 200 MG X 10 TABLETAS,TRIMEBUTINA MALEATO,,TABLETAS,"LABORATORIO LA SANTE, C.A.",sin_match_cobeca
38894,ME28553/3,TRIMEBUTINA MALEATO 200 MG X 30 TABLETAS,TRIMEBUTINA MALEATO,,TABLETAS,"LABORATORIO LA SANTE, C.A.",sin_match_cobeca
38896,ME40028,FLUTIXAIR 250 MCG -25 MCG / DOSIS X 120 SUSPENSION PARA INHALACION ORAL,FLUTIXAIR,,SOLUCION ORAL,LABORATORIOS HAYMANN S.A.,sin_desc_lab
38910,ME43451,UROSINA 0.4 MG X 30 TABLETAS RECUBIERTAS DE LIBERACION PROLONGADA,UROSINA,,TABLETAS,RONALD PHARMACEUTICALS PVT. LTD.,sin_desc_lab
38912,ME23835,VALPRON 250 MG / 5 ML JARABE,VALPRON,,JARABE,LABORATORIOS FARMA S.A.,sin_match_cobeca
38922,ME35562/3,VALSARTAN - HIDROCLOROTIAZIDA 80 MG - 12.5 MG X 20 TABLETAS RECUBIERTAS,VALSARTAN - HIDROCLOROTIAZIDA,,TABLETAS,"CALOX INTERNATIONAL, C.A.",sin_match_cobeca
38923,ME35562/5,VALSARTAN - HIDROCLOROTIAZIDA 80 MG - 12.5 MG X 30 TABLETAS RECUBIERTAS,VALSARTAN - HIDROCLOROTIAZIDA,,TABLETAS,"CALOX INTERNATIONAL, C.A.",sin_match_cobeca
38924,ME35562/4,VALSARTAN - HIDROCLOROTIAZIDA 80 MG - 12.5 MG X 28 TABLETAS RECUBIERTAS,VALSARTAN - HIDROCLOROTIAZIDA,,TABLETAS,"CALOX INTERNATIONAL, C.A.",sin_match_cobeca
38925,ME35562/2,VALSARTAN - HIDROCLOROTIAZIDA 80 MG - 12.5 MG X 14 TABLETAS RECUBIERTAS,VALSARTAN - HIDROCLOROTIAZIDA,,TABLETAS,"CALOX INTERNATIONAL, C.A.",sin_match_cobeca
38929,ME35526/2,VALSARTAN - HIDROCLOROTIAZIDA 80 MG - 12.5 MG X 10 TABLETAS RECUBIERTAS,VALSARTAN - HIDROCLOROTIAZIDA,Hidroclorotiazida - Valsartan,TABLETAS,"CALOX INTERNATIONAL, C.A.",sin_match_cobeca
38931,ME44465,VALSARTAN 160 MG X 30 TABLETAS RECUBIERTAS,VALSARTAN,Valsartan,TABLETAS,"JIANGSU PENGYAO PHARMACEUTICAL CO., LTD",sin_desc_lab
38932,ME37644/2,VALSARTAN 80 MG X 14 CAPSULAS,VALSARTAN,Valsartan,CAPSULAS,"SM PHARMA, C.A.",sin_desc_lab
38933,ME37644/3,VALSARTAN 80 MG X 30 CAPSULAS,VALSARTAN,Valsartan,CAPSULAS,"SM PHARMA, C.A.",sin_desc_lab
38938,ME40793,VASSLUTEN HCT 300 MG - 12.5 MG TABLETAS,VASSLUTEN HCT,,TABLETAS,"GLOBAL FARMA, S.A.",sin_match_cobeca
38952,ME42486,VILDAGLIPTINA 50 MG X 30 COMPRIMIDOS,VILDAGLIPTINA,Vildagliptina,COMPRIMIDOS,NOVARTIS PHARMACEUTICAL MANUFACTURING LLC.,sin_desc_lab
38954,ME41583,DARLIDE 1.000 UI X 100 CAPSULAS BLANDAS,DARLIDE,Vitamina D3,CAPSULAS,"INDUSTRIAS INTERCAPS DE VENEZUELA, C.A.",sin_match_cobeca
38955,ME39856/3,FARMAD 1000 UI X 60 TABLETAS RECUBIERTAS,FARMAD,Vitamina D3,TABLETAS,LABORATORIOS FARMA S.A.,sin_match_cobeca
38956,ME39856/4,FARMAD 1000 UI X 100 TABLETAS RECUBIERTAS,FARMAD,Vitamina D3,TABLETAS,LABORATORIOS FARMA S.A.,sin_match_cobeca
38958,HO26226,VITAMINA B12 5 MG / ML X 1 AMPOLLA,VITAMINA,,INYECTABLE,C.A. PRODUCTOS RONAVA,sin_match_cobeca
38959,ME6024,VITAMINA B12 500 MCG X 20 CAPSULAS,VITAMINA,,CAPSULAS,MEGALABS S.A.,sin_match_cobeca
38960,HO27999,VITAMINA C 500 MG / 5 ML X 10 AMPOLLAS,VITAMINA C,,INYECTABLE,"SM PHARMA, C.A.",sin_desc_lab
38961,ME44594/2,DEROVIT 5000 UI X 60 CAPSULAS BLANDAS,DEROVIT,Vitamina D3,CAPSULAS,"INDUSTRIAS INTERCAPS DE VENEZUELA, C.A.",sin_match_cobeca
38962,ME44594/3,DEROVIT 5000 UI X 100 CAPSULAS BLANDAS,DEROVIT,Vitamina D3,CAPSULAS,"INDUSTRIAS INTERCAPS DE VENEZUELA, C.A.",sin_match_cobeca
38963,ME44099/3,VITAMINA C 500 MG X 15 TABLETAS MASTICABLES SABOR A NARANJA,VITAMINA C,Vitamina C,TABLETAS,HIRAL LABS LIMITED,sin_desc_lab
38964,ME44099/4,VITAMINA C 500 MG X 30 TABLETAS MASTICABLES SABOR A NARANJA,VITAMINA C,Vitamina C,TABLETAS,HIRAL LABS LIMITED,sin_desc_lab
38965,ME44099/2,VITAMINA C 500 MG X 10 TABLETAS MASTICABLES SABOR A NARANJA,VITAMINA C,Vitamina C,TABLETAS,HIRAL LABS LIMITED,sin_desc_lab
38966,ME23088,CALCIO OSTELIN 175 MG - 60 UI / 5 ML SUSPENSION,CALCIO OSTELIN,Vitamina D3,SUSPENSION ORAL,LABORATORIOS FARMA S.A.,sin_match_cobeca
38967,ME32643,VITAMINA C 100 MG / 5 ML SOLUCION ORAL,VITAMINA C,,SOLUCION ORAL,MEGALABS S.A.,sin_match_cobeca
38970,HO16233,VITAMINA K1 10 MG / ML X 3 AMPOLLAS,VITAMINA,,INYECTABLE,MEGALABS S.A.,sin_match_cobeca
38973,ME27330,VITAMINA E 100 MG X 60 CAPSULAS BLANDAS,VITAMINA E,,CAPSULAS,"INDUSTRIAS INTERCAPS DE VENEZUELA, C.A.",sin_match_cobeca
38974,ME36327,HISTAGRIP FORTE X 10 TABLETAS RECUBIERTAS,HISTAGRIP FORTE X,Acetaminofen - Pseudoefedrina,TABLETAS,"CALOX INTERNATIONAL, C.A.",sin_match_cobeca
38975,ME9592,VITENOL CREMA,VITENOL CREMA,,CREMA,"LABORATORIOS PONCE, C.A.",sin_match_cobeca
38978,ME38380,VIZERUL 150 MG / 10 ML X 10 SOLUCION ORAL,VIZERUL,,SOLUCION ORAL,"ESPECIALIDADES DOLLDER, C.A.",sin_match_cobeca
38981,HO33694,VORCUM 200 MG POLVO LIOFILIZADO PARA SOLUCION PARA INFUSION,VORCUM,Voriconazol,INYECTABLE,PHARMACIA & UPJOHN COMPANY LLC.,sin_desc_lab
38983,HO41121/3,XANEXTRA 500 MG / 5 ML X 21 AMPOLLAS,XANEXTRA,Tranexamico Acido,INYECTABLE,SWISS PARENTERALS LTD,sin_desc_lab
38988,ME44211,PRAMIPEXOL 1 MG X 28 TABLETAS,PRAMIPEXOL,Citrato Magnesio - Manitol - Povidona - Pramipexol,TABLETAS,"JIANGXI SYNERGY PHARMACEUTICAL CO., LTD",sin_desc_lab
38992,ME32695,REDOXON ZINC X 100 COMPRIMIDOS EFERVESCENTES,REDOXON ZINC X,Vitamina C - Zinc,COMPRIMIDOS,"BAYER, S.A.",sin_desc_lab
38993,ME43669/2,VITADYN C ZINC 500 MG - 7.5 MG X 30 CAPSULAS,VITADYN C ZINC,Ascorbico Acido - Zinc Sulfato Heptahidrato,CAPSULAS,"LABORATORIOS L.O. OFTALMI, C.A.",sin_match_cobeca
38994,ME43669/3,VITADYN C ZINC 500 MG - 7.5 MG X 60 CAPSULAS,VITADYN C ZINC,Ascorbico Acido - Zinc Sulfato Heptahidrato,CAPSULAS,"LABORATORIOS L.O. OFTALMI, C.A.",sin_match_cobeca
38995,ME24576,ZITOXIL 3 % SOLUCION,ZITOXIL,Minoxidil,LOCION,"LABORATORIOS ELMOR, S.A.",sin_match_cobeca
39000,ME36302,ZONTRICON 100 MG / 5 ML POLVO PARA SUSPENSION,ZONTRICON,,POLVO PARA RECONSTITUCION,"LABORATORIOS LETI, S.A.V.",sin_match_cobeca
39014,ME42908,ACETAMINOFEN 120 MG / 5 ML X 10 SOLUCION ORAL,ACETAMINOFEN,,SOLUCION ORAL,"LABORATORIOS L.O. OFTALMI, C.A.",sin_match_cobeca
39015,ME1388,ACIDO ASCORBICO 10 % SOLUCION ORAL EN GOTAS,ACIDO ASCORBICO,Ascorbico Acido,GOTAS,"LABORATORIO QUIM-FAR, C.A.",sin_desc_lab
39016,ME42715,ACICLOR NANOPHARM 5 % CREMA,ACICLOR NANOPHARM,Aciclovir,CREMA,"LABORATORIOS LETI, S.A.V.",sin_match_cobeca
39017,ME37056,ACIDO ACETIL SALICILICO 81 MG X 30 COMPRIMIDOS ENTERICOS,ACIDO ACETIL SALICILICO,Acetilsalicilico Acido,COMPRIMIDOS,"LABORATORIOS SPEFAR VENEZOLANOS, S.A.",sin_desc_lab
39020,ME33987,ACIDO FOLICO 10 MG / ML SOLUCION ORAL,ACIDO FOLICO,Folico Acido,SOLUCION ORAL,"LABORATORIOS LETI, S.A.V.",sin_match_cobeca
39024,HO32565,DEXTROSA AL 5 % EN AGUA DESTILADA SOLUCION INYECTABLE,DEXTROSA AL,,INYECTABLE,"LABORATORIO BEHRENS, C.A.",sin_match_cobeca
39037,ME42427,AMLODIPINO 10 MG X 20 COMPRIMIDOS,AMLODIPINO,,COMPRIMIDOS,"LABORATORIOS SPEFAR VENEZOLANOS, S.A.",sin_desc_lab
39040,ME42428,AMLODIPINO 5 MG X 20 COMPRIMIDOS,AMLODIPINO,,COMPRIMIDOS,"LABORATORIOS SPEFAR VENEZOLANOS, S.A.",sin_desc_lab
39042,ME32836/2,AMOVIN 500 MG X 3 TABLETAS RECUBIERTAS,AMOVIN,Azitromicina,TABLETAS,"LABORATORIO COFASA, S.A.",sin_match_cobeca
39044,ME29931,AMOXICILINA 250 MG / 5 ML POLVO PARA SUSPENSION ORAL,AMOXICILINA,,POLVO PARA RECONSTITUCION,"LABORATORIOS SPEFAR VENEZOLANOS, S.A.",sin_desc_lab
39046,ME32087,AMOXICILINA 750 MG / 5 ML POLVO PARA SUSPENSION ORAL,AMOXICILINA,Amoxicilina,POLVO PARA RECONSTITUCION,"LABORATORIOS SPEFAR VENEZOLANOS, S.A.",sin_desc_lab
39048,ME43043,AMOXIVALAC 250 MG - 62.5 MG / 5 ML POLVO PARA SUSPENSION ORAL,AMOXIVALAC,Amoxicilina - Clavulanato Potasio,POLVO PARA RECONSTITUCION,"LABORATORIOS VALMOR, C.A.",sin_match_cobeca
39049,ME43949,AMOXIVALAC 600 MG – 42.9 MG / 5 ML POLVO PARA SUSPENSION ORAL,AMOXIVALAC,Amoxicilina,POLVO PARA RECONSTITUCION,"LABORATORIOS VALMOR, C.A.",sin_match_cobeca
39050,ME42339,AMPROVIL 0.5 MG X 30 CAPSULAS.,AMPROVIL,Dutasterida,CAPSULAS,"LABORATORIOS LETI, S.A.V.",sin_match_cobeca
39057,ME41982,ANTAAR HCT 2.5 MG - 6.25 MG X 30 TABLETAS,ANTAAR HCT,Hidroclorotiazida,TABLETAS,"CALOX INTERNATIONAL, C.A.",sin_match_cobeca
39070,ME38655/2,ARANDA 5 MG - 50 MG X 10 CAPSULAS,ARANDA,Losartan,CAPSULAS,LABORATORIOS FARMA S.A.,sin_match_cobeca
39071,ME38655/3,ARANDA 5 MG - 50 MG X 30 CAPSULAS,ARANDA,Losartan,CAPSULAS,LABORATORIOS FARMA S.A.,sin_match_cobeca
39076,ME31478,ARTRODAR 50 MG X 30 CAPSULAS,ARTRODAR,Diacereina,CAPSULAS,"LABORATORIOS LETI, S.A.V.",sin_match_cobeca
39078,ME43205,ASPIXAN 81 MG X 100 TABLETAS CON RECUBRIMIENTO ENTERICO,ASPIXAN,Acetilsalicilico Acido,TABLETAS,"BIOTECH LABORATORIOS, C.A.",sin_match_cobeca
39080,ME19620,ATAMEL 100 MG / ML SOLUCION ORAL,ATAMEL,Acetaminofen,SOLUCION ORAL,"CALOX INTERNATIONAL, C.A.",sin_match_cobeca
39086,ME42454,ATORVASTATINA 40 MG COMPRIMIDOS RECUBIERTOS,ATORVASTATINA,Atorvastatina,COMPRIMIDOS,"LABORATORIOS SPEFAR VENEZOLANOS, S.A.",sin_desc_lab
39089,ME44273,ATROVERAN FORTE 20 MG TABLETAS RECUBIERTAS,ATROVERAN FORTE,,TABLETAS,"LABORATORIOS VARGAS, S.A.",sin_match_cobeca
39097,HO32578,BICARBONATO DE SODIO AL 5 % X 1 AMPOLLA,BICARBONATO DE SODIO AL,,INYECTABLE,"LABORATORIO BEHRENS, C.A.",sin_match_cobeca
39099,ME38313,OLMESARTAN MEDOXOMILO 40 MG X 30 TABLETAS RECUBIERTAS,OLMESARTAN MEDOXOMILO,,TABLETAS,"CALOX INTERNATIONAL, C.A.",sin_match_cobeca
39100,ME44036,CARIBAN FORTE 20 MG - 20 MG X 20 COMPRIMIDOS RECUBIERTOS DE LIBERACION CONTROLADA,CARIBAN FORTE,Doxilamina - Piridoxina,COMPRIMIDOS,"LABORATORIOS LETI, S.A.V.",sin_match_cobeca
39105,ME42418,BISOPROLOL FUMARATO 1.25 MG COMPRIMIDOS RECUBIERTOS,BISOPROLOL FUMARATO,Bisoprolol,COMPRIMIDOS,"LABORATORIOS SPEFAR VENEZOLANOS, S.A.",sin_desc_lab
39107,ME42420,BISOPROLOL FUMARATO 5 MG COMPRIMIDOS RECUBIERTOS,BISOPROLOL FUMARATO,Bisoprolol,COMPRIMIDOS,"LABORATORIOS SPEFAR VENEZOLANOS, S.A.",sin_desc_lab
39108,ME42429,BISOPROLOL FUMARATO - HIDROCLOROTIAZIDA 10 MG - 6.25 MG COMPRIMIDOS RECUBIERTOS,BISOPROLOL FUMARATO - HIDROCLOROTIAZIDA,Hidroclorotiazida,COMPRIMIDOS,"LABORATORIOS SPEFAR VENEZOLANOS, S.A.",sin_desc_lab
39109,ME39033,BISOPROLOL FUMARATO - HIDROCLOROTIZIDA 2.5 MG - 6.25 MG COMPRIMIDOS RECUBIERTOS,BISOPROLOL FUMARATO - HIDROCLOROTIZIDA,,COMPRIMIDOS,"LABORATORIOS LETI, S.A.V.",sin_match_cobeca
39110,ME42419,BISOPROLOL FUMARATO 2.5 MG COMPRIMIDOS RECUBIERTOS,BISOPROLOL FUMARATO,Bisoprolol,COMPRIMIDOS,"LABORATORIOS SPEFAR VENEZOLANOS, S.A.",sin_desc_lab
39111,ME39034,BISOPROLOL FUMARATO - HIDROCLOROTIAZIDA 5 MG - 6.25 MG COMPRIMIDOS RECUBIERTOS,BISOPROLOL FUMARATO - HIDROCLOROTIAZIDA,,COMPRIMIDOS,"LABORATORIOS LETI, S.A.V.",sin_match_cobeca
39113,HO16263/3,BRAL 500 MG / ML X 100 AMPOLLAS,BRAL,Dipirona,INYECTABLE,"BIOTECH LABORATORIOS, C.A.",sin_match_cobeca
39114,HO16263/2,BRAL 500 MG / ML X 20 AMPOLLAS,BRAL,Dipirona,INYECTABLE,"BIOTECH LABORATORIOS, C.A.",sin_match_cobeca
39118,ME42603,BROMHEXINA CLORHIDRATO 4 MG / 5 ML JARABE,BROMHEXINA CLORHIDRATO,Bromhexina,JARABE,"LABORATORIO QUIM-FAR, C.A.",sin_desc_lab
39119,ME37021,CALCIO OSTELIN FORTE 300 MG - 200 UI / 5 ML X 30 SUSPENSION,CALCIO OSTELIN FORTE,Vitamina D3,SUSPENSION ORAL,LABORATORIOS FARMA S.A.,sin_match_cobeca
39120,ME44634,CAMPAL P 15 MG / ML SUSPENSION ORAL,CAMPAL P,Diclofenaco,SOLUCION ORAL,LABORATORIOS SIEGFRIED S.A.,sin_match_cobeca
39121,ME42750,CANDESARTAN CILEXETILO 8 MG COMPRIMIDOS,CANDESARTAN CILEXETILO,Candesartan,COMPRIMIDOS,"LABORATORIOS SPEFAR VENEZOLANOS, S.A.",sin_desc_lab
39126,ME43806,CARBETAL 8 MG X 30 TABLETAS,CARBETAL,Candesartan Cilexetilo,TABLETAS,"LABORATORIO COFASA, S.A.",sin_match_cobeca
39133,ME43851,CETERIX 10 MG COMPRIMIDOS,CETERIX,Cetirizina,COMPRIMIDOS,MEGALABS S.A.,sin_match_cobeca
39134,ME36608,CETIRIZINA CLORHIDRATO 10 MG / ML SOLUCION ORAL GOTAS,CETIRIZINA CLORHIDRATO,Cetirizina,SOLUCION ORAL,"LABORATORIOS SPEFAR VENEZOLANOS, S.A.",sin_desc_lab
39136,HO33073,CLORHIDRATO DE MORFINA 10 MG / ML X 10 AMPOLLAS,CLORHIDRATO DE MORFINA,,INYECTABLE,"BIOTECH LABORATORIOS, C.A.",sin_match_cobeca
39138,HO13532,CIFARCAINA HIPERBARA AL 5 % X 2 AMPOLLAS,CIFARCAINA HIPERBARA AL,,INYECTABLE,"LABORATORIO BEHRENS, C.A.",sin_match_cobeca
39142,ME32032,CIPROFLOXACINA 750 MG COMPRIMIDOS RECUBIERTOS,CIPROFLOXACINA,,COMPRIMIDOS,"LABORATORIOS SPEFAR VENEZOLANOS, S.A.",sin_desc_lab
39143,ME33398,CLARITROMICINA 500 MG COMPRIMIDOS RECUBIERTOS,CLARITROMICINA,Claritromicina,COMPRIMIDOS,"LABORATORIOS SPEFAR VENEZOLANOS, S.A.",sin_desc_lab
39144,ME42557,CLINDAMICINA 300 MG X 16 CAPSULAS,CLINDAMICINA,Clindamicina,CAPSULAS,"LABORATORIOS SPEFAR VENEZOLANOS, S.A.",sin_desc_lab
39145,HO36380,CLINDOX - D 12 MG / ML SOLUCION INYECTABLE PARA INFUSION INTRAVENOSA,CLINDOX - D,Clindamicina,INYECTABLE,"LABORATORIO BEHRENS, C.A.",sin_match_cobeca
39150,HO32581,CLORURO DE POTASIO 7.5 % SOLUCION HIPERTONICA X 1 AMPOLLA,CLORURO DE POTASIO,,INYECTABLE,"LABORATORIO BEHRENS, C.A.",sin_match_cobeca
39151,HO32515,CLORURO DE SODIO AL 20 % SOLUCION HIPERTONICA INYECTABLE,CLORURO DE SODIO AL,,INYECTABLE,"LABORATORIO BEHRENS, C.A.",sin_match_cobeca
39154,ME44093,COFASUR 160 MG X 30 TABLETAS RECUBIERTAS,COFASUR,Valsartan,TABLETAS,"LABORATORIO COFASA, S.A.",sin_match_cobeca
39155,ME44636,COFASUR PLUS 80 MG - 12.5 MG X 30 TABLETAS RECUBIERTAS,COFASUR PLUS,Clortalidona - Valsartan,TABLETAS,"LABORATORIO COFASA, S.A.",sin_match_cobeca
39157,HO1278,TIMOGLOBULINA (INMUNOGLOBULINA DE CONEJO ANTITIMOCITOS HUMANOS) 5 MG / ML X 3 AMPOLLAS,TIMOGLOBULINA (INMUNOGLOBULINA DE CONEJO ANTITIMOCITOS HUMANOS),Inmunoglobulina Conejo Antitimocitos Humanos,INYECTABLE,"CALOX INTERNATIONAL, C.A.",sin_match_cobeca
39158,ME1412,COMPLEJO DE VITAMINA B X 20 TABLETAS,COMPLEJO DE VITAMINA B X,,TABLETAS,"LABORATORIOS SPEFAR VENEZOLANOS, S.A.",sin_desc_lab
39159,ME34030,TERAGRIPFORTE DIA 650 MG - 30 MG X 20 TABLETAS RECUBIERTAS,TERAGRIPFORTE DIA,Acetaminofen - Paracetamol - Pseudoefedrina,TABLETAS,LABORATORIOS FARMA S.A.,sin_match_cobeca
39169,ME39525/3,DOL FORTE 500 MG - 65 MG X 10 TABLETAS,DOL FORTE,Acetaminofen - Cafeina,TABLETAS,"CALOX INTERNATIONAL, C.A.",sin_match_cobeca
39170,ME39525/2,DOL FORTE 500 MG - 65 MG X 4 TABLETAS,DOL FORTE,Acetaminofen - Cafeina,TABLETAS,"CALOX INTERNATIONAL, C.A.",sin_match_cobeca
39176,ME35191,DESLORATADINA 0.5 MG / ML SOLUCION ORAL,DESLORATADINA,Desloratadina,SOLUCION ORAL,"LABORATORIOS LETI, S.A.V.",sin_match_cobeca
39182,ME31107,DICLOFENAC DIETILAMINO 1.16 % GEL,DICLOFENAC DIETILAMINO,,GEL,"LABORATORIOS SPEFAR VENEZOLANOS, S.A.",sin_desc_lab
39188,ME44052,DICLOFENACO SODICO 50 MG SUPOSITORIOS,DICLOFENACO SODICO,Diclofenaco,SUPOSITORIOS,"LABORATORIOS VARGAS, S.A.",sin_match_cobeca
39190,ME43966,LERCANIDIPINO 10 MG X 10 COMPRIMIDOS RECUBIERTOS,LERCANIDIPINO,Acetaminofen - Lercanidipino,COMPRIMIDOS,"LABORATORIOS VARGAS, S.A.",sin_match_cobeca
39193,ME38499,DIKLASON 1.16 % GEL,DIKLASON,,GEL,"LABORATORIOS LETI, S.A.V.",sin_match_cobeca
39194,ME30297,MATIGEL 0.5 % SOLUCION OFTALMICA,MATIGEL,Timolol,SOLUCION OFTALMICA,"LABORATORIOS L.O. OFTALMI, C.A.",sin_match_cobeca
39195,ME41759,DOLGRIP X 10 CAPSULAS,DOLGRIP X,Acetaminofen - Cafeina,CAPSULAS,"CALOX INTERNATIONAL, C.A.",sin_match_cobeca
39197,ME28504,DUOVENT 0.4 MG - 1 MG AEROSOL,DUOVENT,Bromuro De Ipratropio Monohidratado,INHALACION,"LABORATORIOS L.O. OFTALMI, C.A.",sin_match_cobeca
39207,ME44071,EVABOLIN 10 MG X 30 TABLETAS RECUBIERTAS,EVABOLIN,Empagliflozina,TABLETAS,"LABORATORIO COFASA, S.A.",sin_match_cobeca
39209,ME44361,HEXANT 15 MG / 5 ML SOLUCION ORAL SABOR A FRESA,HEXANT,Ambroxol,SOLUCION ORAL,MEGALABS S.A.,sin_match_cobeca
39210,ME44388/3,FARMAD 200 UI / GOTA X 30 SOLUCION ORAL,FARMAD,Vitamina D3,GOTAS,LABORATORIOS FARMA S.A.,sin_match_cobeca
39211,ME44388/2,FARMAD 200 UI / GOTA X 10 SOLUCION ORAL,FARMAD,Vitamina D3,GOTAS,LABORATORIOS FARMA S.A.,sin_match_cobeca
39212,ME30812,FARMACAINA 10 % SOLUCION ATOMIZADORA TOPICO BUCAL,FARMACAINA,Lidocaina,SOLUCION TOPICA,LABORATORIOS FARMA S.A.,sin_match_cobeca
39216,ME33238/4,FERGANIC FOLIC 40 MG - 350 MCG X 24 TABLETAS MASTICABLES,FERGANIC FOLIC,Folico Acido,TABLETAS,MEGALABS S.A.,sin_match_cobeca
39217,ME33238/2,FERGANIC FOLIC 40 MG - 350 MCG X 14 TABLETAS MASTICABLES,FERGANIC FOLIC,Folico Acido,TABLETAS,MEGALABS S.A.,sin_match_cobeca
39220,ME38610,FLENOX 30 MG / 5 ML SOLUCION ORAL,FLENOX,Ambroxol,SOLUCION ORAL,"BIOTECH LABORATORIOS, C.A.",sin_match_cobeca
39224,ME11043,FRIXONIL SOLUCION,FRIXONIL SOLUCION,Alcanfor - Mentol - Salicilato Metilo,LOCION,"LABORATORIOS VINCENTI, C.A.",sin_match_cobeca
39227,ME37521,GABAPENTINA 400 MG X 20 CAPSULAS,GABAPENTINA,Gabapentina,CAPSULAS,"LABORATORIOS SPEFAR VENEZOLANOS, S.A.",sin_desc_lab
39238,HO32556,GLUCONATO DE CALCIO AL 10 % SOLUCION INYECTABLE,GLUCONATO DE CALCIO AL,,INYECTABLE,"LABORATORIO BEHRENS, C.A.",sin_match_cobeca
39242,ME27231,GYNOVIT SOLUCION DUCHA VAGINAL,GYNOVIT SOLUCION DUCHA VAGINAL,Acetico Acido,LOCION,"LABORATORIOS VARGAS, S.A.",sin_match_cobeca
39244,ME15830,HEXOMEDINE 1 MG - 0.5 MG / ML COLUTORIO AEROSOL,HEXOMEDINE,Lidocaina,INHALACION,"CALOX INTERNATIONAL, C.A.",sin_match_cobeca
39245,ME42460,HIDROCLOROTIAZIDA 12.5 MG COMPRIMIDOS,HIDROCLOROTIAZIDA,Hidroclorotiazida,COMPRIMIDOS,"LABORATORIOS SPEFAR VENEZOLANOS, S.A.",sin_desc_lab
39247,ME42590,HIDROCLOROTIAZIDA 25 MG COMPRIMIDOS,HIDROCLOROTIAZIDA,Hidroclorotiazida,COMPRIMIDOS,"LABORATORIOS SPEFAR VENEZOLANOS, S.A.",sin_desc_lab
39248,ME39472,IBUPROFENO 400 MG-TIOCOLCHICOSIDO 4 MG COMPRIMIDOS,IBUPROFENO,,COMPRIMIDOS,"LABORATORIOS SPEFAR VENEZOLANOS, S.A.",sin_desc_lab
39249,ME30199,IBUPROFENO 100 MG / 5 ML SUSPENSION ORAL,IBUPROFENO,Ibuprofeno,SOLUCION ORAL,"LABORATORIOS SPEFAR VENEZOLANOS, S.A.",sin_desc_lab
39252,ME30286,IBUPROFENO 100 MG / 5 ML SUSPENSION ORAL,IBUPROFENO,Ibuprofeno,SOLUCION ORAL,"LABORATORIOS KIMICEG, C.A.",sin_match_cobeca
39254,ME34966,IBUCAF 200 MG - 30 MG X 10 TABLETAS,IBUCAF,Cafeina - Ibuprofeno,TABLETAS,"CALOX INTERNATIONAL, C.A.",sin_match_cobeca
39255,ME42947,IMAZOL DUAL 100 MG CAPSULAS BLANDAS VAGINALES - 1 % X 6 CREMA VAGINAL,IMAZOL DUAL,Clotrimazol,CAPSULAS,LABORATORIOS SIEGFRIED S.A.,sin_match_cobeca
39258,ME42456,IRBESARTAN 300 MG COMPRIMIDOS,IRBESARTAN,Irbesartan,COMPRIMIDOS,"LABORATORIOS SPEFAR VENEZOLANOS, S.A.",sin_desc_lab
39267,HO33101/2,KETOPROFENO 100 MG / 2 ML X 10 AMPOLLAS,KETOPROFENO,Ketoprofeno,INYECTABLE,"LABORATORIOS LETI, S.A.V.",sin_match_cobeca
39268,HO33101/3,KETOPROFENO 100 MG / 2 ML X 20 AMPOLLAS,KETOPROFENO,Ketoprofeno,INYECTABLE,"LABORATORIOS LETI, S.A.V.",sin_match_cobeca
39270,HO30273/3,KETOPROFENO 100 MG / 2 ML X 10 AMPOLLAS,KETOPROFENO,Ketoprofeno,INYECTABLE,"LABORATORIO COFASA, S.A.",sin_match_cobeca
39274,ME42263,KLINCOSAL 262 MG - 500 MG / 15 ML SUSPENSION ORAL SABOR A FRESA,KLINCOSAL,,SOLUCION ORAL,MEGALABS S.A.,sin_match_cobeca
39275,ME42264,KLINCOSAL 262 MG - 500 MG / 15 ML SUSPENSION ORAL SABOR A UVA,KLINCOSAL,,SOLUCION ORAL,MEGALABS S.A.,sin_match_cobeca
39285,HO36034,LEVOTEC 5 MG / ML SOLUCION INYECTABLE PARA INFUSION INTRAVENOSA,LEVOTEC,Levofloxacino,INYECTABLE,"LABORATORIO BEHRENS, C.A.",sin_match_cobeca
39286,ME43371,LOBEDRIN 6 MG / ML SOLUCION ORAL,LOBEDRIN,Levodropropizina,SOLUCION ORAL,"LABORATORIOS SPEFAR VENEZOLANOS, S.A.",sin_desc_lab
39287,ME29812,LORATADINA 10 MG COMPRIMIDOS,LORATADINA,Loratadina,COMPRIMIDOS,"LABORATORIOS SPEFAR VENEZOLANOS, S.A.",sin_desc_lab
39291,ME42439,LOSARTAN POTASICO 100 MG COMPRIMIDOS RECUBIERTOS,LOSARTAN POTASICO,Losartan,COMPRIMIDOS,"LABORATORIOS SPEFAR VENEZOLANOS, S.A.",sin_desc_lab
39292,ME16064,MACRODANTINA 100 MG X 30 CAPSULAS,MACRODANTINA,Nitrofurantoina,CAPSULAS,LABORATORIOS FARMA S.A.,sin_match_cobeca
39296,ME31259,MELOXICAM 15 MG COMPRIMIDOS,MELOXICAM,Meloxicam,COMPRIMIDOS,"LABORATORIOS SPEFAR VENEZOLANOS, S.A.",sin_desc_lab
39299,ME37492,METFORMINA CLORHIDRATO 850 MG COMPRIMIDOS,METFORMINA CLORHIDRATO,Metformina,COMPRIMIDOS,"LABORATORIOS SPEFAR VENEZOLANOS, S.A.",sin_desc_lab
39303,ME44313,MIDOL 500 MG X 10 TABLETAS,MIDOL,Acetaminofen,TABLETAS,"GEMA LABS, C.A.",sin_match_cobeca
39304,ME44314,MIDOL FORTE 650 MG X 10 TABLETAS,MIDOL FORTE,Acetaminofen,TABLETAS,"GEMA LABS, C.A.",sin_match_cobeca
39307,ME21495,MODERAN 10.1 G / 15 ML SOLUCION ORAL,MODERAN,Lactulosa,SOLUCION ORAL,"LABORATORIOS VARGAS, S.A.",sin_match_cobeca
39308,ME35447,MONTELUKAST 10 MG COMPRIMIDOS RECUBIERTOS,MONTELUKAST,Montelukast,COMPRIMIDOS,"LABORATORIOS LETI, S.A.V.",sin_match_cobeca
39312,ME30661,DYFRIN 5 % - 0.5 % SOLUCION OFTALMICA,DYFRIN,Tropicamida,SOLUCION OFTALMICA,"LABORATORIOS L.O. OFTALMI, C.A.",sin_match_cobeca
39313,ME42756,NAFAZOLINA CLORHIDRATO 0.12 MG / ML SOLUCION OFTALMICA,NAFAZOLINA CLORHIDRATO,,SOLUCION OFTALMICA,"LABORATORIOS LETI, S.A.V.",sin_match_cobeca
39317,HO44715,NEULEVAL 500 MG / 100 ML X 10 AMPOLLAS,NEULEVAL,Levofloxacino,INYECTABLE,"LABORATORIOS VALMOR, C.A.",sin_match_cobeca
39320,ME37950,NOVACODIN 50 MG / 5 ML SOLUCION ORAL,NOVACODIN,Guaifenesina,SOLUCION ORAL,"LABORATORIOS VARGAS, S.A.",sin_match_cobeca
39325,ME38415,OLMESARTAN MEDOXOMILO 20 MG X 30 TABLETAS RECUBIERTAS,OLMESARTAN MEDOXOMILO,,TABLETAS,"CALOX INTERNATIONAL, C.A.",sin_match_cobeca
39328,ME30489,OMEPRAZOL 20 MG X 28 CAPSULAS,OMEPRAZOL,,CAPSULAS,"LABORATORIOS SPEFAR VENEZOLANOS, S.A.",sin_desc_lab
39331,ME41671,ORALZINC SALES DE REHIDRATACION POLVO PARA SOLUCION ORAL SABOR A MANDARINA,ORALZINC SALES DE REHIDRATACION POLVO PARA SOLUCION ORAL SABOR A MANDARINA,Zinc Sulfato Heptahidrato,POLVO PARA RECONSTITUCION,"LABORATORIOS VARGAS, S.A.",sin_match_cobeca
39336,ME35922,OXOLAMINA CITRATO 50 MG / 5 ML JARABE,OXOLAMINA CITRATO,,JARABE,"LABORATORIOS LETI, S.A.V.",sin_match_cobeca
39337,ME23662,MAXICORT SUSPENSION OFTALMICA,MAXICORT SUSPENSION OFTALMICA,Dexametasona - Polimixina B,SUSPENSION ORAL,"LABORATORIOS L.O. OFTALMI, C.A.",sin_match_cobeca
39339,ME26205,OXOLAMINA 50 MG / 5 ML JARABE,OXOLAMINA,,JARABE,"LABORATORIOS ELMOR, S.A.",sin_match_cobeca
39341,ME21271,PINVEX 5 % - 1 % SOLUCION,PINVEX,Salicilico Acido,LOCION,"LABORATORIO COFASA, S.A.",sin_match_cobeca
39343,MI25491,PROTOSULFIL 1 % POLVO,PROTOSULFIL,,POLVO PARA RECONSTITUCION,MEGALABS S.A.,sin_match_cobeca
39344,ME24456,CARNITENE 1 G / 10 ML SOLUCION ORAL,CARNITENE,,SOLUCION ORAL,"LABORATORIOS ELMOR, S.A.",sin_match_cobeca
39345,ME42605B,QUETIAPINA 100 MG COMPRIMIDOS RECUBIERTOS,QUETIAPINA,Quetiapina,COMPRIMIDOS,"LABORATORIOS LETI, S.A.V.",sin_match_cobeca
39346,ME42604,QUETIAPINA 25 MG COMPRIMIDOS RECUBIERTOS,QUETIAPINA,Quetiapina Hemifumarato,COMPRIMIDOS,"LABORATORIOS LETI, S.A.V.",sin_match_cobeca
39348,ME42526,QUETIAPINA 25 MG COMPRIMIDOS,QUETIAPINA,Quetiapina,COMPRIMIDOS,"LABORATORIOS SPEFAR VENEZOLANOS, S.A.",sin_desc_lab
39349,ME40285,RAMIPRES HCT 2.5 MG - 12.5 MG COMPRIMIDOS,RAMIPRES HCT,Hidroclorotiazida - Ramipril,COMPRIMIDOS,MEGALABS S.A.,sin_match_cobeca
39350,ME34879,REFLUXYL 0.400 G - 0.375 G / 15 ML SUSPENSION ORAL,REFLUXYL,Alginato Sodio,SUSPENSION ORAL,"LABORATORIOS VARGAS, S.A.",sin_match_cobeca
39352,ME42185,REHIDROSOL 45 MEQ / L SOLUCION ELECTROLITICA USO ORAL SABOR A FRAMBUESA,REHIDROSOL,,SOLUCION ORAL,"LABORATORIO BEHRENS, C.A.",sin_match_cobeca
39354,ME42186,REHIDROSOL 60 MEQ / L SOLUCION ELECTROLITICA USO ORAL SABOR A MANZANA,REHIDROSOL,,SOLUCION ORAL,"LABORATORIO BEHRENS, C.A.",sin_match_cobeca
39356,HO32579,SOLUCION RINGER LACTATO (SOLUCION HARTMAN) INYECTABLE,SOLUCION RINGER LACTATO (SOLUCION HARTMAN) INYECTABLE,,INYECTABLE,"LABORATORIO BEHRENS, C.A.",sin_match_cobeca
39358,ME36523,SIMVASTATINA 20 MG COMPRIMIDOS RECUBIERTOS,SIMVASTATINA,Simvastatina,COMPRIMIDOS,"LABORATORIOS SPEFAR VENEZOLANOS, S.A.",sin_desc_lab
39359,ME27689,SALBUROL 0.5 % SOLUCION PARA INHALACION,SALBUROL,Salbutamol,INHALACION,"LABORATORIOS VALMOR, C.A.",sin_match_cobeca
39360,ME30996,SALBUTAMOL 0.5 % SOLUCION PARA INHALAR,SALBUTAMOL,Salbutamol,LOCION,"LABORATORIOS L.O. OFTALMI, C.A.",sin_match_cobeca
39361,ME42518,SERTRALINA 100 MG COMPRIMIDOS,SERTRALINA,Sertralina,COMPRIMIDOS,"LABORATORIOS SPEFAR VENEZOLANOS, S.A.",sin_desc_lab
39362,ME42517,SERTRALINA 50 MG COMPRIMIDOS,SERTRALINA,Sertralina,COMPRIMIDOS,"LABORATORIOS SPEFAR VENEZOLANOS, S.A.",sin_desc_lab
39367,ME1368,DEXTROSA AL 5 % EN SOLUCION FISIOLOGICA ISOTONICA DE CLORURO DE SODIO I,DEXTROSA AL,,LOCION,"LABORATORIO BEHRENS, C.A.",sin_match_cobeca
39369,ME44642,SUEROLITO ZINC 75 MEQ / L SOLUCION ELECTROLITICA USO ORAL SABOR A CHICLE,SUEROLITO ZINC,Dextrosa - Zinc,SOLUCION ORAL,LABORATORIOS BALKER C.A.,sin_desc_lab
39370,ME44638,SUEROLITO ZINC 75 MEQL / L SOLUCION ELECTROLITICA USO ORAL SABOR A COCO,SUEROLITO ZINC,Dextrosa - Zinc,SOLUCION ORAL,LABORATORIOS BALKER C.A.,sin_desc_lab
39371,ME44639,SUEROLITO ZINC 75 MEQ / L SOLUCION ELECTROLITICA USO ORAL SABOR A FRESA,SUEROLITO ZINC,Dextrosa - Zinc,SOLUCION ORAL,LABORATORIOS BALKER C.A.,sin_desc_lab
39372,ME44641,SUEROLITO ZINC 75 MEQ / L SOLUCION ELECTROLITICA USO ORAL SABOR A MANDARINA,SUEROLITO ZINC,Dextrosa - Zinc,SOLUCION ORAL,LABORATORIOS BALKER C.A.,sin_desc_lab
39373,ME44640,SUEROLITO ZINC 75 MEQ / L SOLUCION ELECTROLITICA USO ORAL SABOR A UVA,SUEROLITO ZINC,Dextrosa - Zinc,SOLUCION ORAL,LABORATORIOS BALKER C.A.,sin_desc_lab
39374,ME44643,SUEROLITO ZINC 75 MEQ / L SOLUCION ELECTROLITICA USO ORAL SABOR A MANZANA,SUEROLITO ZINC,Dextrosa - Zinc,SOLUCION ORAL,LABORATORIOS BALKER C.A.,sin_desc_lab
39375,ME31158,SULTAMICILINA 250 MG / 5 ML POLVO PARA SUSPENSION ORAL,SULTAMICILINA,,POLVO PARA RECONSTITUCION,"LABORATORIOS SPEFAR VENEZOLANOS, S.A.",sin_desc_lab
39376,ME32130,SULTAMICILINA 750 MG COMPRIMIDOS RECUBIERTOS,SULTAMICILINA,,COMPRIMIDOS,"LABORATORIOS SPEFAR VENEZOLANOS, S.A.",sin_desc_lab
39384,ME44195/2,TARVINA 20 MG X 10 TABLETAS RECUBIERTAS,TARVINA,Atorvastatina,TABLETAS,"GEMA LABS, C.A.",sin_match_cobeca
39385,ME44195/3,TARVINA 20 MG X 30 TABLETAS RECUBIERTAS,TARVINA,Atorvastatina,TABLETAS,"GEMA LABS, C.A.",sin_match_cobeca
39386,ME44196,TARVINA 40 MG X 10 TABLETAS RECUBIERTAS,TARVINA,Atorvastatina,TABLETAS,"GEMA LABS, C.A.",sin_match_cobeca
39390,ME44419/4,TERAGRIPFORTE NOCHE 650 MG-4 MG X 10 GRANULADO PARA SOLUCION ORAL,TERAGRIPFORTE NOCHE,Acetaminofen - Clorfeniramina,GRANULADOS,LABORATORIOS FARMA S.A.,sin_match_cobeca
39393,HO43730,TIOCOLCHICOSIDO 4 MG / 2 ML X 12 AMPOLLAS,TIOCOLCHICOSIDO,Tiocolchicosido,INYECTABLE,"BIOTECH LABORATORIOS, C.A.",sin_match_cobeca
39394,HO37915,TIOCOLCHICOSIDO 4 MG / 2 ML X 12 AMPOLLAS,TIOCOLCHICOSIDO,Tiocolchicosido,INYECTABLE,"CALOX INTERNATIONAL, C.A.",sin_match_cobeca
39397,ME30908,TRIMETOPRIM / SULFAMETOXASOL 40 MG - 200 MG / 5 ML SUSPENSION,TRIMETOPRIM / SULFAMETOXASOL,,SUSPENSION ORAL,"LABORATORIOS KIMICEG, C.A.",sin_match_cobeca
39403,ME36230,VALSARTAN-HIDROCLOROTIAZIDA 160 MG-12.5 MG X 30 COMPRIMIDOS RECUBIERTOS,VALSARTAN-HIDROCLOROTIAZIDA,,COMPRIMIDOS,"LABORATORIOS LETI, S.A.V.",sin_match_cobeca
39407,HO43946,VERALEN P 75 MG / 3 ML X 1 AMPOLLA,VERALEN P,Diclofenaco,INYECTABLE,"LABORATORIO COFASA, S.A.",sin_match_cobeca
39411,ME6025/2,VITAMINA B12 250 MCG X 3 CAPSULAS,VITAMINA,Cianocobalamina,CAPSULAS,MEGALABS S.A.,sin_match_cobeca
39414,ME28666,YONAL 15 MG / 5 ML SOLUCION ORAL,YONAL,Dextrometorfano,SOLUCION ORAL,"BIOTECH LABORATORIOS, C.A.",sin_match_cobeca
39415,ME42111,YONALAT 15 MG - 3 MG / 5 ML SOLUCION ORAL,YONALAT,Clorfeniramina,SOLUCION ORAL,"BIOTECH LABORATORIOS, C.A.",sin_match_cobeca
39416,ME43457,ZUDENINA PEB 0.1 % - 2.5 % GEL,ZUDENINA PEB,Adapaleno - Benzoilo Peroxido,GEL,MEGALABS S.A.,sin_match_cobeca
39417,ME21870,SAX X 10 SOLUCION,SAX X,,LOCION,"BIOTECH LABORATORIOS, C.A.",sin_match_cobeca
39418,ME32679,ACRYLARM 0.2 % GEL OFTALMICO,ACRYLARM,,GEL,LABORATORIOS POEN S.A.U.,sin_desc_lab
39419,ME43846,ALBENDAZOL 100 MG / 5 ML SUSPENSION ORAL,ALBENDAZOL,Albendazol,SOLUCION ORAL,MOREPEN LABORATORIES LIMITED,sin_desc_lab
39420,ME35027,ALBENDAZOL 200 MG TABLETAS RECUBIERTAS MASTICABLES,ALBENDAZOL,Albendazol,TABLETAS,"BIOTECH LABORATORIOS, C.A.",sin_match_cobeca
39422,ME34071,ALERVAX 120 MG X 10 TABLETAS RECUBIERTAS,ALERVAX,Fexofenadina,TABLETAS,"PROCAPS, S.A.",sin_desc_lab
39423,ME31275,AMOXIDUO 750 MG / 5 ML POLVO PARA SUSPENSION ORAL,AMOXIDUO,Amoxicilina,POLVO PARA RECONSTITUCION,ROEMMERS S.A.I.C.F,sin_desc_lab
39424,ME34809,ANALPERNAX 250 MG X 10 CAPSULAS,ANALPERNAX,Naproxeno,CAPSULAS,"LABORATORIO LA SANTE, C.A.",sin_match_cobeca
39426,ME1482,ANGIOFLUX (SULODEXIDA) 250 LSU X 25 CAPSULAS BLANDAS,ANGIOFLUX (SULODEXIDA),Sulodexida,CAPSULAS,CATALENT ITALY S.P.A,sin_desc_lab
39427,ME43734,ARIPIPRAZOL 15 MG X 30 TABLETAS,ARIPIPRAZOL,Aripiprazol,TABLETAS,"JIANGXI SYNERGY PHARMACEUTICAL CO., LTD",sin_desc_lab
39430,ME31240,CO-APROVEL 150 MG - 12.5 MG X 28 COMPRIMIDOS RECUBIERTOS,CO-APROVEL,Hidroclorotiazida - Irbesartan,COMPRIMIDOS,SANOFI WINTHROP INDUSTRIE,sin_desc_lab
39431,ME34821,ULTRAFEN FORTE 650 MG X 10 CAPSULAS BLANDAS,ULTRAFEN FORTE,Acetaminofen,CAPSULAS,"INDUSTRIAS INTERCAPS DE VENEZUELA, C.A.",sin_match_cobeca
39434,ME44711,ATAPEC 25 MG X 30 COMPRIMIDOS RECUBIERTOS,ATAPEC,Quetiapina,COMPRIMIDOS,VICENTE SCAVONE & CIA. S.A.E. - LABORATORIOS LASCA,sin_desc_lab
39437,ME36689,AZITROMICINA 500 MG X 3 TABLETA RECUBIERTA,AZITROMICINA,Azitromicina,TABLETAS,"CORPORACION INFARMASA, S.A.",sin_desc_lab
39440,HO37882,PREDNIDET 500 MG X 1 AMPOLLA,PREDNIDET,Metilprednisolona,INYECTABLE,INSTITUTO BIOLOGICO CONTEMPORANEO S.A.,sin_desc_lab
39441,ME31588,OTALEX 0.2 % - 1 % SUSPENSION OTICA,OTALEX,Ciprofloxacino - Hidrocortisona,SUSPENSION ORAL,MEGALABS S.A.,sin_match_cobeca
39448,ME32411,BUDESONIDA 50 MCG / DOSIS SUSPENSION PARA INHALACION ORAL,BUDESONIDA,Budesonida,SUSPENSION ORAL,LABORATORIO ALDO UNION S.L.,sin_desc_lab
39449,ME43037,HIOSCINA N-BUTILBROMURO 10 MG X 10 TABLETAS RECUBIERTAS,HIOSCINA N-BUTILBROMURO,,TABLETAS,"JIANGXI XIER KANGTAI PHARMACEUTICAL CO., LTD",sin_desc_lab
39450,ME44027,NAFAZOLINA CLORHIDRATO 0.012 % SOLUCION OFTALMICA,NAFAZOLINA CLORHIDRATO,Nafazolina,SOLUCION OFTALMICA,INDIANA OPHTHALMICS,sin_desc_lab
39452,ME44040,CEFOTAS 250 MG / 5 ML POLVO PARA SUSPENSION ORAL,CEFOTAS,Cefadroxilo,POLVO PARA RECONSTITUCION,SYNTOFARMA S.A.,sin_desc_lab
39453,ME44550,CIBROLIP 100 MG X 30 CAPSULAS,CIBROLIP,,CAPSULAS,INTECH HEALTHCARE,sin_desc_lab
39454,ME38185,CILOSTAL 100 MG X 30 TABLETAS,CILOSTAL,Cilostazol,TABLETAS,ALTEA FARMACEUTICA S.A.,sin_desc_lab
39457,ME44393,DOLMOBROX 15 MG / 5 ML SOLUCION ORAL,DOLMOBROX,Dextrometorfano,SOLUCION ORAL,MEGALABS S.A.,sin_match_cobeca
39458,ME42403,CLINDAMICINA 1 % GEL TOPICO,CLINDAMICINA,Clindamicina,GEL,"LABORATORIOS SPEFAR VENEZOLANOS, S.A.",sin_desc_lab
39459,ME44198,CLOBETASOL PROPIONATO 0.05 % CREMA,CLOBETASOL PROPIONATO,Clobetasol Propionato,CREMA,FAREVA VILLA RICA S.A.S.,sin_desc_lab
39460,ME43843,CLORDITAN 12.5 MG X 30 TABLETAS,CLORDITAN,Clortalidona,TABLETAS,SYNOKEM PHARMACEUTICALS LIMITED,sin_desc_lab
39461,ME34036,SOLUCION PARA DIALISIS PERITONEAL CON DEXTROSA AL 1.5 % BAJA EN MAGNESIO,SOLUCION PARA DIALISIS PERITONEAL CON DEXTROSA AL,Citrato Magnesio,LOCION,LABORATORIO BIOGALENIC C.A.,sin_desc_lab
39464,ME31523,CORASPIRINA 81 MG X 100 TABLETAS CON CUBIERTA ENTERICA,CORASPIRINA,Acetilsalicilico Acido,TABLETAS,"BAYER, S.A.",sin_desc_lab
39466,ME37545,ISOTRETINOINA 10 MG X 30 CAPSULAS BLANDAS,ISOTRETINOINA,Isotretinoina,CAPSULAS,"PROCAPS, S.A.",sin_desc_lab
39469,ME44385,DUNIXI 10 MG X 30 COMPRIMIDOS RECUBIERTOS,DUNIXI,Dapagliflozina,COMPRIMIDOS,MALVIYA CHEMICALS & PHARMACEUTICALS (P) LTD,sin_desc_lab
39471,ME37218,MEDIGRIP DIA 500 MG - 2 MG - 3 MG X 10 COMPRIMIDOS,MEDIGRIP DIA,Acetaminofen - Cafeina - Clorfeniramina,COMPRIMIDOS,"SM PHARMA, C.A.",sin_desc_lab
39472,ME37301,DICLOFENAC SODICO 1 % GEL,DICLOFENAC SODICO,Diclofenaco,GEL,"LABORATORIOS VARGAS, S.A.",sin_match_cobeca
39474,ME42875,AUTEX 0.1 % CREMA,AUTEX,Mometasona Furoato,CREMA,"LABORATORIOS LETI, S.A.V.",sin_match_cobeca
39475,HO26290,DEXAMETASONA 21-FOLATO 4 MG / ML X 10 AMPOLLAS,DEXAMETASONA,Dexametasona,INYECTABLE,LABORATORIO FARMACO FARMAHECO S.P.A,sin_desc_lab
39478,ME33867,MARVELON 28 0.15 MG - 0.03 MG X 21 COMPRIMIDOS,MARVELON,Desogestrel - Etinilestradiol,COMPRIMIDOS,N.V ORGANON,sin_desc_lab
39479,ME42667,SITAGLIPTINA - METFORMINA CLORHIDRATO 50 MG - 500 MG TABLETAS RECUBIERTAS,SITAGLIPTINA - METFORMINA CLORHIDRATO,Metformina - Sitagliptina,TABLETAS,THEON PHARMACEUTICALS LTD,sin_desc_lab
39480,HO44743,DEXABIOL 4 MG / ML X 1 AMPOLLA,DEXABIOL,Dexametasona,INYECTABLE,PLICA VACCINES PVT. LTD.,sin_desc_lab
39481,ME43256,ALBENDAZOL 200 MG / 5 ML SUSPENSION ORAL,ALBENDAZOL,Albendazol,SOLUCION ORAL,KWALITY PHARMACEUTICALS LTD,sin_desc_lab
39484,ME43166,IBUVIN 600 MG X 20 CAPSULAS BLANDAS,IBUVIN,Ibuprofeno,CAPSULAS,DROMEX S.R.L.,sin_desc_lab
39485,ME36125,CLOTRIMAZOL - NEOMICINA - DEXAMETASONA 1 % - 0.5 % - 0.04 % X 1 CREMA,CLOTRIMAZOL - NEOMICINA - DEXAMETASONA,Clotrimazol - Dexametasona,CREMA,"LABORATORIO LA SANTE, C.A.",sin_match_cobeca
39486,ME43831,LEVODROPROPIZINA 6 MG / ML SOLUCION ORAL,LEVODROPROPIZINA,Levodropropizina,SOLUCION ORAL,"BIOQUIMICA INTERNACIONAL, C.A.",sin_match_cobeca
39487,ME24286,DEOXICAL 500 MG X 30 CAPSULAS,DEOXICAL,Dobesilato De Calcio,CAPSULAS,"LABORATORIO LA SANTE, C.A.",sin_match_cobeca
39488,ME44089,ALIVETOS 3 MG - 15 MG / 5 ML SOLUCION ORAL,ALIVETOS,Clorfenamina - Dextrometorfano,SOLUCION ORAL,"LABORATORIOS LETI, S.A.V.",sin_match_cobeca
39490,ME38932/2,DOLAK 30 MG X 1 COMPRIMIDO SUBLINGUAL,DOLAK,,COMPRIMIDOS,"ESPECIALIDADES DOLLDER, C.A.",sin_match_cobeca
39491,ME38932/3,DOLAK 30 MG X 2 COMPRIMIDOS SUBLINGUALES,DOLAK,,COMPRIMIDOS,"ESPECIALIDADES DOLLDER, C.A.",sin_match_cobeca
39492,ME30819,BALSADER GEL TOPICO,BALSADER GEL TOPICO,Alcanfor - Mentol,GEL,"LABORATORIOS KIMICEG, C.A.",sin_match_cobeca
39496,ME42542,CARBONATO DE CALCIO 750 MG X 20 TABLETAS MASTICABLES SABOR MENTA,CARBONATO DE CALCIO,,TABLETAS,"LABORATORIOS SPEFAR VENEZOLANOS, S.A.",sin_desc_lab
39497,ME42647,CLOTRIMAZOL 200 MG X 3 OVULOS VAGINALES,CLOTRIMAZOL,Clotrimazol,OVULOS,BLISS GVS PHARMA LTD,sin_desc_lab
39499,ME44466,ELOK 0.1 % CREMA,ELOK,Mometasona Furoato,CREMA,RECKON ORGANICS PVT. LTD.,sin_desc_lab
39500,ME36507,INSPRA 50 MG X 30 TABLETAS RECUBIERTAS,INSPRA,Eplerenona,TABLETAS,"PFIZER VENEZUELA, S.A.",sin_desc_lab
39501,ME42489,ESOFLUX 20 MG X 30 TABLETAS CON RECUBRIMIENTO ENTERICO,ESOFLUX,Esomeprazol Magnesico,TABLETAS,DEUTSCHE LABS. INC.,sin_desc_lab
39504,MI44615,SIEGEXANIA 0.05 % EMULSION,SIEGEXANIA,Clobetasol Propionato,INYECTABLE,LABORATORIOS SIEGFRIED S.A.,sin_match_cobeca
39506,ME37839,TERBINAFINA CLORHIDRATO 1 % CREMA,TERBINAFINA CLORHIDRATO,Terbinafina,CREMA,"CALOX INTERNATIONAL, C.A.",sin_match_cobeca
39510,HO43429,FLUCONAZOL 200 MG / 100 ML SOLUCION PARA INFUSION,FLUCONAZOL,Fluconazol,INYECTABLE,"HEBEI TIANCHENG PHARMACEUTICALS CO., LTD",sin_desc_lab
39511,ME32076,SYMBICORT TURBUHALER 160 MCG - 4.5 MCG / DOSIS X 60 POLVO INHALACION ORAL,SYMBICORT TURBUHALER,Budesonida - Formoterol,POLVO PARA RECONSTITUCION,ASTRAZENECA A.B,sin_desc_lab
39512,ME35724,GABICTAL 400 MG X 15 COMPRIMIDOS RECUBIERTOS,GABICTAL,Gabapentina,COMPRIMIDOS,"MONTE VERDE, S.A.",sin_desc_lab
39513,ME35723,GABICTAL 300 MG X 30 COMPRIMIDOS RECUBIERTOS,GABICTAL,Gabapentina,COMPRIMIDOS,"MONTE VERDE, S.A.",sin_desc_lab
39517,ME32507,GLICLAZIDA 80 MG X 20 TABLETAS,GLICLAZIDA,Gliclazida,TABLETAS,"CALOX INTERNATIONAL, C.A.",sin_match_cobeca
39520,ME42581,PEDIALYTE ZINC 60 MEQ SOLUCION ELECTROLITICA DE USO ORAL SABOR A UVA X 60 SOLUCION ORAL,PEDIALYTE ZINC,Glucosa - Zinc,SOLUCION ORAL,"ABBOTT LABORATORIES DE MEXICO, S.A. DE C.V",sin_desc_lab
39521,HO41500/2,GLUTANIL AL 20 % X 30 AMPOLLAS,GLUTANIL AL,Glutamina,INYECTABLE,"LABORATORIO BEHRENS, C.A.",sin_match_cobeca
39522,HO41500/3,GLUTANIL AL 20 % X 60 AMPOLLAS,GLUTANIL AL,Glutamina,INYECTABLE,"LABORATORIO BEHRENS, C.A.",sin_match_cobeca
39523,HO34920,HIDROCORTISONA 100 MG X 10 AMPOLLAS,HIDROCORTISONA,Hidrocortisona,INYECTABLE,VITROFARMA S.A.,sin_desc_lab
39524,HO44584,BIOCORTIN 500 MG X 1 AMPOLLA,BIOCORTIN,Hidrocortisona,INYECTABLE,SUNLIFE PHARMA SERVICES - NIXI LABORATORIES PVT. LTD.,sin_desc_lab
39528,ME44524,IVABRADINA 5 MG X 30 TABLETAS RECUBIERTAS,IVABRADINA,Ivabradina,TABLETAS,ZYDUS LIFESCIENCIES LIMITED,sin_desc_lab
39529,ME41832,JARIT 100 MG X 30 CAPSULAS BLANDAS,JARIT,Progesterona,CAPSULAS,"PROCAPS, S.A.",sin_desc_lab
39530,ME37978,KEPPRA 100 MG / ML SOLUCION ORAL,KEPPRA,Levetiracetam,SOLUCION ORAL,NEXTPHARMA SAS,sin_desc_lab
39532,ME35431,BIOKETOF 2.5 % GEL PARA USO T,BIOKETOF,Ketoprofeno,GEL,LABORATORIO BIOGALENIC C.A.,sin_desc_lab
39538,ME40272,LEVOFERIN 30 MG / 5 ML SOLUCION,LEVOFERIN,Levodropropizina,LOCION,"LABORATORIOS VINCENTI, C.A.",sin_match_cobeca
39540,ME44316,MAXIFURFORTE 100 MG X 30 CAPSULAS,MAXIFURFORTE,,CAPSULAS,"JIANGXI SYNERGY PHARMACEUTICAL CO., LTD",sin_desc_lab
39541,ME16930,DEPO - PROVERA 150 MG / ML X 1 AMPOLLA,DEPO - PROVERA,Medroxiprogesterona,INYECTABLE,PHARMACIA & UPJOHN COMPANY LLC.,sin_desc_lab
39542,ME43601,MINOXIDIL FORTE 5 % SOLUCION TOPICA,MINOXIDIL FORTE,Minoxidil,SOLUCION TOPICA,"LABORATORIO LA SANTE, C.A.",sin_match_cobeca
39543,ME41549,MITAR 50 MCG / DOSIS SOLUCION PARA INHALACION NASAL,MITAR,Mometasona,INHALACION,ROEMMERS S.A.I.C.F,sin_desc_lab
39545,ME43010,DESLORATADINA - MONTELUKAST 5 MG - 10 MG X 30 TABLETAS RECUBIERTAS,DESLORATADINA - MONTELUKAST,Desloratadina - Montelukast,TABLETAS,MASCOT HEALTH SERIES PVT. LTD.,sin_desc_lab
39546,ME43731,MUPIROCINA 2 % UNGUENTO,MUPIROCINA,Mupirocina,UNGUENTO,OHAD PHARMACEUTICALS PVT. LTD.,sin_desc_lab
39547,ME44057/3,ACECOL 600 MG X 100 POLVO PARA SOLUCION ORAL,ACECOL,,POLVO PARA RECONSTITUCION,XL LABORATORIES PVT. LTD.,sin_desc_lab
39548,ME44057/2,ACECOL 600 MG X 10 POLVO PARA SOLUCION ORAL,ACECOL,,POLVO PARA RECONSTITUCION,XL LABORATORIES PVT. LTD.,sin_desc_lab
39549,ME13354,FANASAL 0.05 % SOLUCION NASAL,FANASAL,Nafazolina,SOLUCION NASAL,"LABORATORIO QUIM-FAR, C.A.",sin_desc_lab
39550,ME43190,NEMAX 16 % - 6 % SOLUCION RECTAL,NEMAX,,LOCION,WEST-COAST PHARMACEUTICAL WORKS LTD,sin_desc_lab
39551,MI44357,FOSFATO DE SODIO MONOBASICO 16 % - FOSFATO DE SODIO DIBASICO 6 %,FOSFATO DE SODIO MONOBASICO,,,AIRELA INDUSTRIA FARMACEUTICA LTDA.,sin_desc_lab
39552,HO39021/2,NEUROALFA X 1 AMPOLLA,NEUROALFA X,Vitamina B12,INYECTABLE,LABORATORIOS ALFA S.R.L.,sin_match_cobeca
39553,HO39021/3,NEUROALFA X 3 AMPOLLAS,NEUROALFA X,Vitamina B12,INYECTABLE,LABORATORIOS ALFA S.R.L.,sin_match_cobeca
39555,HO44444,OMEPRAZOL 40 MG X 10 AMPOLLAS,OMEPRAZOL,Omeprazol,INYECTABLE,"ZHEJIANG XIANJU PHARMACEUTICAL CO., LTD. (TAIZHOU)",sin_desc_lab
39556,ME44095,OPRABLU 20 MG X 30 CAPSULAS,OPRABLU,Omeprazol,CAPSULAS,OLON S.P.A,sin_desc_lab
39557,HO44280,OLXAC 40 MG X 1 AMPOLLA,OLXAC,Omeprazol,INYECTABLE,"SHANDONG YUXIN PHARMACEUTICAL, CO., LTD",sin_desc_lab
39558,ME43540,PARACETAMOL 120 MG / 5 ML SOLUCION ORAL,PARACETAMOL,Paracetamol,SOLUCION ORAL,MOREPEN LABORATORIES LIMITED,sin_desc_lab
39559,ME44305,BIOTADIN 0.2 % SOLUCION OFTALMICA,BIOTADIN,Olopatadina,SOLUCION OFTALMICA,ARION HEALTHCARE,sin_desc_lab
39561,ME42565,PATFLUX 40 MG X 1 TABLETA CON RECUBRIMIENTO ENTERICO,PATFLUX,Pantoprazol,TABLETAS,DEUTSCHE LABS. INC.,sin_desc_lab
39562,ME34155,PENTOXIFILINA 400 MG X 30 TABLETAS RECUBIERTAS DE LIBERACION PROLONGADA,PENTOXIFILINA,Pentoxifilina,TABLETAS,EMPRESA LABORATORIOS MEDSOL,sin_desc_lab
39564,ME41980,DUSTALOX 0.5 % SOLUCION OFTALMICA,DUSTALOX,,SOLUCION OFTALMICA,LABORATORIOS SOPHIA S.A. DE C.V,sin_desc_lab
39565,ME31563,POENTOBRAL PLUS 0.3 %- 0.1 % SUSPENSION OFTALMICA,POENTOBRAL PLUS,Dexametasona - Tobramicina,SUSPENSION ORAL,LABORATORIOS POEN S.A.U.,sin_desc_lab
39566,ME43937,PREDNISONA 5 MG / 5 ML SOLUCION ORAL,PREDNISONA,Prednisona,SOLUCION ORAL,MOREPEN LABORATORIES LIMITED,sin_desc_lab
39567,ME44199,PREGATAN 75 MG X 30 CAPSULAS,PREGATAN,Pregabalina,CAPSULAS,REMUS PHARMACEUTICALS PVT. LTD.,sin_desc_lab
39569,ME40781,RANITIDINA 150 MG / 10 ML X 10 SOLUCION ORAL,RANITIDINA,Ranitidina,SOLUCION ORAL,"SM PHARMA, C.A.",sin_desc_lab
39573,ME38530,ESOZ 10 MG X 10 MICROGRANULOS ENTERICOS PARA SUSPENSION ORAL,ESOZ,Esomeprazol Magnesico,SOLUCION ORAL,"LABORATORIO LA SANTE, C.A.",sin_match_cobeca
39575,HO42230,CLORURO DE SODIO 0.9 % - GLUCOSA 5 % X 10 AMPOLLAS,CLORURO DE SODIO,Glucosa,INYECTABLE,"SHIYAO YINHU PHARMACEUTICAL CO., LTD",sin_desc_lab
39576,ME42256,FLUDINAX 0.9 % SOLUCION NASAL,FLUDINAX,,SOLUCION NASAL,"LABORATORIO BEHRENS, C.A.",sin_match_cobeca
39578,ME43590,SIMULTAN DUO 50 MG - 850 MG X 30 COMPRIMIDOS RECUBIERTOS,SIMULTAN DUO,Metformina - Sitagliptina,COMPRIMIDOS,"ESPECIALIDADES DOLLDER, C.A.",sin_match_cobeca
39581,ME44749,ESLIPEL MET 50 MG - 1000 MG X 10 COMPRIMIDOS RECUBIERTOS,ESLIPEL MET,Metformina - Sitagliptina,COMPRIMIDOS,LABORATORIO ELEA PHOENIX S.A.,sin_desc_lab
39582,ME42849,PERMETRINA 5 % LOCION,PERMETRINA,Permetrina,LOCION,AUROCHEM LABORATORIES (INDIA) PVT. LTD.,sin_desc_lab
39583,ME26303,ULCIRAM 1 G / 5 ML X 20 SUSPENSION ORAL,ULCIRAM,,SUSPENSION ORAL,"LABORATORIOS VARGAS, S.A.",sin_match_cobeca
39584,ME30367,SULTAMICILINA 250 MG / 5 ML POLVO PARA SUSPENSION ORAL,SULTAMICILINA,,POLVO PARA RECONSTITUCION,"CALOX INTERNATIONAL, C.A.",sin_match_cobeca
39586,ME44180,TADAFER 5 MG X 15 TABLETAS RECUBIERTAS,TADAFER,Tadalafilo,TABLETAS,"LABORATORIO PLUSANDEX DE FARMACEUTICOS UNIDOS, PLUSANDEX, C.A.",sin_match_cobeca
39593,ME43940,TOMYCIN DEX 0.3 % - 0.1 % SUSPENSION OFTALMICA,TOMYCIN DEX,Dexametasona - Tobramicina,SOLUCION OFTALMICA,THE IBN SINA PHARMACEUTICAL INDUSTRY LTD,sin_match_cobeca
39598,ME44209,VERICOLAN 450 MG - 50 MG X 30 TABLETAS RECUBIERTAS,VERICOLAN,Diosmina - Hesperidina,TABLETAS,"LABORATORIO COFASA, S.A.",sin_match_cobeca
39600,ME43973,FLOGAREN 1.16 % GEL,FLOGAREN,,GEL,C.A. PRODUCTOS RONAVA,sin_match_cobeca