id_fila,producto_id,sku_orig,nombre_orig,accion,target_id,lab_real,lab_nuevo,nombre_propuesto,forma,molecula,presentacion,unidades,linea,fuente_desc,desc_candidata,foto_candidata,tier,score,motivo,aprobado
1,37296,ME4629/2,ACIDO FOLICO 5 MG X 10 COMPRIMIDOS,ya_tiene_foto,38570,"LABORATORIOS SIEGFRIED, S.A.",no,,,,,,,cobeca,ACIDO FOLICO TAB 5MG X10 MEY,https://mav.farmaciasaas.com/api/images/articulos/DISTRIBUCION/20331.jpg,0,1002,producto objetivo ya tiene foto (#38570),no
2,37302,ME43094,ACIDO IBANDRONICO 150 MG X 1 TABLETA RECUBIERTA,crear,,"LABORATORIOS ZUZU, C.A.",si,ACIDO IBANDRONICO 150 MG X 1 TABLETA RECUBIERTA,TABLETAS,Acido Ibandronico Sodio Monohidrato,X 1 TABLETAS,1,Linea Farmacia,cobeca,AC IBANDRONICO TAB 150MG X1 ZUZU,https://mav.farmaciasaas.com/api/images/articulos/DISTRIBUCION/52763.jpg,,,lab sin productos en BD,si
3,37303,ME43992,ACIDO TRANEXAMICO 500 MG X 10 TABLETAS RECUBIERTAS,crear,,"KMPLUS PHARMACEUTICALS, C.A.",si,ACIDO TRANEXAMICO 500 MG X 10 TABLETAS RECUBIERTAS,TABLETAS,Tranexamico Acido,X 10 TABLETAS,10,Linea Farmacia,cobeca,AC TRANEXAMICO TAB 500MG X10 KMP,https://mav.farmaciasaas.com/api/images/articulos/DISTRIBUCION/53498.jpg,,,lab sin productos en BD,si
4,37306,ME42665,ACECLOFENACO 100 MG X 10 TABLETAS RECUBIERTAS,crear,,"CASA DE REPRESENTACION MT GLOBAL CARE, C.A.",si,ACECLOFENACO 100 MG X 10 TABLETAS RECUBIERTAS,TABLETAS,Aceclofenaco,X 10 TABLETAS,10,Linea Farmacia,cobeca,ACECLOFENACO TAB DISP 100MG X10 CR MT,https://mav.farmaciasaas.com/api/images/articulos/DISTRIBUCION/53399.jpg,,,lab sin productos en BD,si
5,37311,ME43639/4,ACETAMINOFEN 650 MG X 30 TABLETAS,crear,,"LABORATORIOS LETI, S.A.V.",no,ACETAMINOFEN 650 MG X 30 TABLETAS,TABLETAS,Acetaminofen,X 30 TABLETAS,30,Linea Farmacia,cobeca,ACETAMINOFEN COMP 650MG X30 LETI,https://mav.farmaciasaas.com/api/images/articulos/DISTRIBUCION/15591.jpg,,,solo match relaxando pack (T2) — presentacion exacta no existe,si
6,37312,ME43707,ACETAMINOFEN 150 MG / 5 ML JARABE,crear,,"LABORATORIO LA SANTE, C.A.",no,ACETAMINOFEN 150 MG / 5 ML JARABE,JARABE,Acetaminofen,JARABE,,Linea Farmacia,farmanselmo,ACETAMINOFEN JARABE 150MG/5ML x120ML LA SANTE (E),https://pccentro.net.ve/img/s/1/8/1/9/5/18195-large_default.webp,,,lab existe pero sin match >= T0,si
7,37313,ME40083,ACETAMINOFEN 120 MG / 5 ML SOLUCION ORAL,crear,,"BIOQUIMICA INTERNACIONAL, C.A.",si,ACETAMINOFEN 120 MG / 5 ML SOLUCION ORAL,SOLUCION ORAL,Acetaminofen,SOLUCION ORAL,,Linea Farmacia,cobeca,ACETAMINOFEN SOL 120MG/5ML 120ML BIOQ,https://mav.farmaciasaas.com/api/images/articulos/DISTRIBUCION/53087.jpg,,,lab existe pero sin match >= T0,si
8,37314,ME40084,ACETAMINOFEN 180 MG / 5 ML SOLUCION ORAL,asignar,37315,"LABORATORIOS LETI, S.A.V.",no,ACETAMINOFEN 180 MG / 5 ML SOLUCION ORAL,SOLUCION ORAL,Acetaminofen,,,,cobeca,ACETAMINOFEN SOL 180MG/5ML 120ML LETI,https://mav.farmaciasaas.com/api/images/articulos/DISTRIBUCION/51788.jpg,0,1002,match T0 score 1002,si
9,37316,ME25466/2,ACETAMINOFEN 500 MG X 10 COMPRIMIDOS,asignar,37308,"LABORATORIOS LETI, S.A.V.",no,ACETAMINOFEN 500 X 10 COMPRIMIDOS,COMPRIMIDOS,Acetaminofen,,,,cobeca,ACETAMINOFEN COMP 500MG X10 LETI,https://mav.farmaciasaas.com/api/images/articulos/DISTRIBUCION/22931.jpg,0,1000,match T0 score 1000,si
10,37317,ME25466/3,ACETAMINOFEN 500 MG X 30 COMPRIMIDOS,asignar,39012,"LABORATORIOS L.O. OFTALMI, C.A.",no,ACETAMINOFEN 500 MG X 30 TABLETAS,TABLETAS,Acetaminofen,,,,farmanselmo,ACETAMINOFEN 500MG x30 TABLETAS OFTALMI (E),https://pccentro.net.ve/img/s/8/7/8/2/6/87826-large_default.webp,0,1002,match T0 score 1002,si
11,37319,ME23275/2,ACETAMINOFEN 500 MG X 10 TABLETAS,asignar,37308,"LABORATORIOS LETI, S.A.V.",no,ACETAMINOFEN 500 X 10 COMPRIMIDOS,COMPRIMIDOS,Acetaminofen,,,,cobeca,ACETAMINOFEN COMP 500MG X10 LETI,https://mav.farmaciasaas.com/api/images/articulos/DISTRIBUCION/22931.jpg,0,1000,match T0 score 1000,si
12,37320,ME23275/3,ACETAMINOFEN 500 MG X 12 TABLETAS,crear,,"BIOQUIMICA INTERNACIONAL, C.A.",si,ACETAMINOFEN 500 MG X 12 TABLETAS,TABLETAS,Acetaminofen,X 12 TABLETAS,12,Linea Farmacia,cobeca,ACETAMINOFEN TAB 500MG X12 BIOQ,https://mav.farmaciasaas.com/api/images/articulos/DISTRIBUCION/22400.jpg,,,lab existe pero sin match >= T0,si
13,37321,ME23275/4,ACETAMINOFEN 500 MG X 24 TABLETAS,crear,,"BIOQUIMICA INTERNACIONAL, C.A.",si,ACETAMINOFEN 500 MG X 24 TABLETAS,TABLETAS,Acetaminofen,X 24 TABLETAS,24,Linea Farmacia,cobeca,ACETAMINOFEN TAB 500MG X24 BIOQ,https://mav.farmaciasaas.com/api/images/articulos/DISTRIBUCION/22401.jpg,,,lab existe pero sin match >= T0,si
14,37324,ME37095,ACETAMINOFEN 500 MG X 20 TABLETAS,asignar,37322,"LABORATORIO LA SANTE, C.A.",no,ACETAMINOFEN - HIOSCINA N BUTIL BROMURO 500 MG-10 MG X 20 TABLETAS RE,TABLETAS,,,,,cobeca,ACETAMINOFEN TAB 500MG X20 PHARME,https://mav.farmaciasaas.com/api/images/articulos/DISTRIBUCION/7537.jpg,0,2,match T0 score 2,si
15,37327,ME34148/3,ACETAZOLAMIDA 250 MG X 20 TABLETAS,crear,,"KMPLUS PHARMACEUTICALS, C.A.",si,ACETAZOLAMIDA 250 MG X 20 TABLETAS,TABLETAS,Acetazolamida,X 20 TABLETAS,20,Linea Farmacia,cobeca,ACETAZOLAMIDA TAB 250MG X20 KMP,https://mav.farmaciasaas.com/api/images/articulos/DISTRIBUCION/53492.jpg,,,lab sin productos en BD,si
16,37328,ME34148/2,ACETAZOLAMIDA 250 MG X 10 TABLETAS,crear,,"CASA DE REPRESENTACION MT GLOBAL CARE, C.A.",si,ACETAZOLAMIDA 250 MG X 10 TABLETAS,TABLETAS,Acetazolamida,X 10 TABLETAS,10,Linea Farmacia,cobeca,ACETAZOLAMIDA TAB 250MG X10 CR MT,https://mav.farmaciasaas.com/api/images/articulos/DISTRIBUCION/53177.jpg,,,lab sin productos en BD,si
17,37336,HO40581,ACICLOVIR 250 MG POLVO LIOFILIZADO PARA SOLUCION INYECTABLE PARA INFUSION INTRAVENOSA,crear,,"CASA DE REPRESENTACION DISTRILAB, C.A.",si,ACICLOVIR 250 MG POLVO LIOFILIZADO PARA SOLUCION INYECTABLE PARA INFUSION INTRAVENOSA,INYECTABLE,Aciclovir,X 1 INYECTABLE,1,Linea Hospitalaria,cobeca,ACICLOVIR PVO SOL INY 250MG VIAL X1 DIST,https://mav.farmaciasaas.com/api/images/articulos/DISTRIBUCION/51935.jpg,,,lab sin productos en BD,si
18,37339,ME26178/3,ACICLOVIR 200 MG X 20 TABLETAS,crear,,"LABORATORIOS POLINAC, C.A.",no,ACICLOVIR 200 MG X 20 TABLETAS,TABLETAS,Aciclovir,X 20 TABLETAS,20,Linea Farmacia,cobeca,ACICLOVIR TAB 200MG X 20 POLINAC,https://mav.farmaciasaas.com/api/images/articulos/DISTRIBUCION/29551.jpg,,,lab existe pero sin match >= T0,si
19,37341,ME26178/4,ACICLOVIR 200 MG X 24 TABLETAS,crear,,"LABORATORIO LA SANTE, C.A.",no,ACICLOVIR 200 MG X 24 TABLETAS,TABLETAS,Aciclovir,X 24 TABLETAS,24,Linea Farmacia,cobeca,ACICLOVIR TAB 200MG X24 PHARME,https://mav.farmaciasaas.com/api/images/articulos/DISTRIBUCION/7859.jpg,,,lab existe pero sin match >= T0,si
20,37347,HO44464,ACIDO ASCORBICO 500 MG / 5 ML SOLUCION INYECTABLE,crear,,"CASA DE REPRESENTACION DISTRILAB, C.A.",si,ACIDO ASCORBICO 500 MG / 5 ML SOLUCION INYECTABLE,INYECTABLE,Ascorbico Acido,X 10 INYECTABLE,10,Linea Hospitalaria,cobeca,ACIDO ASCORBICO AMP 500MG/5MLX10 CR DIST,https://mav.farmaciasaas.com/api/images/articulos/DISTRIBUCION/23088.jpg,,,lab sin productos en BD,si
21,37350,HO3187/3,ACIDO FOLICO 10 MG / ML X 10 AMPOLLAS,crear,,"CASA DE REPRESENTACION DISTRILAB, C.A.",si,ACIDO FOLICO 10 MG / 2 ML X 10 INYECTABLE,INYECTABLE,Acido Folico,X 10 INYECTABLE,10,Linea Hospitalaria,cobeca,ACIDO FOLICO AMP 10MG/2ML X10 CR DIST,https://mav.farmaciasaas.com/api/images/articulos/DISTRIBUCION/22846.jpg,,,lab sin productos en BD,si
22,37356,ME4630/2,ACIDO FOLICO 10 MG X 10 COMPRIMIDOS,ya_tiene_foto,38567,"LABORATORIOS SIEGFRIED, S.A.",no,,,,,,,cobeca,ACIDO FOLICO TAB 10MG X10 MEY,https://mav.farmaciasaas.com/api/images/articulos/DISTRIBUCION/20330.jpg,0,1002,producto objetivo ya tiene foto (#38567),no
23,37368,ME43334,ADAPALENO - CLINDAMICINA 0.1 % - 1 % GEL,crear,,"CASA DE REPRESENTACION H&M MEDICAL GROUP, C.A.",si,ADAPALENO - CLINDAMICINA 0.1 % - 1 % GEL,GEL,Adapaleno,GEL,,Linea Farmacia,cobeca,"ADAPALENO GEL TOP 0,1% 15G HM",https://mav.farmaciasaas.com/api/images/articulos/DISTRIBUCION/52420.jpg,,,lab sin productos en BD,si
24,37369,HO34745,ADRENALINA 1 MG / ML X 5 AMPOLLAS,crear,,"CASA DE REPRESENTACION DISTRILAB, C.A.",si,ADRENALINA 1 MG / ML X 5 AMPOLLAS,INYECTABLE,Adrenalina,X 5 INYECTABLE,5,Linea Hospitalaria,cobeca,ADRENALINA SOL INY 1MG/ML X5 DIST,https://mav.farmaciasaas.com/api/images/articulos/DISTRIBUCION/52500.jpg,,,lab sin productos en BD,si
25,37374,HO32804,AGUA BIDESTILADA INYECTABLE,crear,,"ALCOHOLES VALENCIA, C.A.",si,AGUA OXIG ALVA INYECTABLE,INYECTABLE,Agua Oxig Alva,INYECTABLE,,Linea Hospitalaria,cobeca,AGUA OXIG ALVA AL 3% 1L,https://mav.farmaciasaas.com/api/images/articulos/DISTRIBUCION/28584.jpg,,,lab sin productos en BD,si
26,37375,HO1694,AGUA DESTILADA ESTERIL SOLUCION INYECTABLE,crear,,"ALCOHOLES VALENCIA, C.A.",si,AGUA OXIG ALVA INYECTABLE,INYECTABLE,Agua Oxig Alva,INYECTABLE,,Linea Hospitalaria,cobeca,AGUA OXIG ALVA AL 3% 1L,https://mav.farmaciasaas.com/api/images/articulos/DISTRIBUCION/28584.jpg,,,lab sin productos en BD,si
27,37381,ME43288,ALBENDAZOL 400 MG X 10 TABLETAS MASTICABLES,crear,,"LABORATORIOS ZUZU, C.A.",si,ALBENDAZOL 400 MG X 10 TABLETAS MASTICABLES,TABLETAS,Albendazol,X 10 TABLETAS,10,Linea Farmacia,cobeca,ALBENDAZOL 400MG TAB MAST X10 ZUZU,https://mav.farmaciasaas.com/api/images/articulos/DISTRIBUCION/52550.jpg,,,lab sin productos en BD,si
28,37383,ME40605/2,ALBENDAZOL 200 MG X 2 COMPRIMIDOS,asignar,37385,"LABORATORIO PLUSANDEX DE FARMACEUTICOS UNIDOS, PLUSANDEX, C.A.",no,ALBENDAZOL 200 MG X 2 TABLETAS,TABLETAS,Albendazol,,,,cobeca,ALBENDAZOL TAB 200MG X2 PLX,https://mav.farmaciasaas.com/api/images/articulos/DISTRIBUCION/17968.jpg,0,1002,match T0 score 1002,si
29,37384,ME40605/3,ALBENDAZOL 200 MG X 6 COMPRIMIDOS,crear,,"LABORATORIO LA SANTE, C.A.",no,ALBENDAZOL 200 MG X 6 COMPRIMIDOS,COMPRIMIDOS,Albendazol,X 6 COMPRIMIDOS,6,Linea Farmacia,cobeca,ALBENDAZOL TAB 200MG X6 PHARME,https://mav.farmaciasaas.com/api/images/articulos/DISTRIBUCION/1526.jpg,,,lab existe pero sin match >= T0,si
30,37391,ME32131,ALENDRONATO SODICO 70 MG X 4 COMPRIMIDOS,crear,,"LABORATORIOS ZUZU, C.A.",si,ALENDRONATO SODICO 70 MG X 4 COMPRIMIDOS,COMPRIMIDOS,Alendronico Acido,X 4 COMPRIMIDOS,4,Linea Farmacia,cobeca,ALENDRONATO SOD TAB 70MG X 4 ZUZU,https://mav.farmaciasaas.com/api/images/articulos/DISTRIBUCION/50383.jpg,,,lab sin productos en BD,si
31,37418,HO23247,AMIKACINA 500 MG / 2 ML X 1 AMPOLLA,crear,,"CASA DE REPRESENTACION ADN MEDICAL, C.A.",si,AMIKACINA 500 MG / 2 ML X 1 AMPOLLA,INYECTABLE,Amikacina,X 1 INYECTABLE,1,Linea Hospitalaria,cobeca,AMIKACINA AMP 500MG/2ML X1 ADN,https://mav.farmaciasaas.com/api/images/articulos/DISTRIBUCION/27450.jpg,,,lab sin productos en BD,si
32,37419,HO24946,AMIKACINA 500 MG / 2 ML X 1 AMPOLLA,crear,,"CASA DE REPRESENTACION ADN MEDICAL, C.A.",si,AMIKACINA 500 MG / 2 ML X 1 AMPOLLA,INYECTABLE,Amikacina,X 1 INYECTABLE,1,Linea Hospitalaria,cobeca,AMIKACINA AMP 500MG/2ML X1 ADN,https://mav.farmaciasaas.com/api/images/articulos/DISTRIBUCION/27450.jpg,,,lab sin productos en BD,si
33,37420,HO26424,AMIKACINA 100 MG / 2 ML X 10 AMPOLLAS,crear,,"KMPLUS PHARMACEUTICALS, C.A.",si,AMIKACINA 100 MG / 2 ML X 10 AMPOLLAS,INYECTABLE,Amikacina,X 10 INYECTABLE,10,Linea Hospitalaria,cobeca,AMIKACINA INY IM/IV 100MG/2ML X10 KMP,https://mav.farmaciasaas.com/api/images/articulos/DISTRIBUCION/53493.jpg,,,lab sin productos en BD,si
34,37424,ME30206/4,AMLODIPINA 10 MG X 60 COMPRIMIDOS,crear,,"CASA DE REPRESENTACION DOROPHARMA, C.A.",si,AMLODIPINA 10 MG X 60 COMPRIMIDOS,COMPRIMIDOS,Amlodipino,X 60 COMPRIMIDOS,60,Linea Farmacia,cobeca,AMLODIPINA COMP 10MG X60 DORO,https://mav.farmaciasaas.com/api/images/articulos/DISTRIBUCION/20112.jpg,,,lab sin productos en BD,si
35,37425,ME30206/2,AMLODIPINA 10 MG X 10 COMPRIMIDOS,crear,,"LABORATORIO LA SANTE, C.A.",no,AMLODIPINA 10 MG X 10 COMPRIMIDOS,COMPRIMIDOS,Amlodipino,X 10 COMPRIMIDOS,10,Linea Farmacia,cobeca,AMLODIPINA TAB 10MG X10 PHARME,https://mav.farmaciasaas.com/api/images/articulos/DISTRIBUCION/2419.jpg,,,lab existe pero sin match >= T0,si
36,37429,ME39126/2,AMLODIPINA 10 MG X 20 TABLETAS,asignar,39035,"LABORATORIOS KIMICEG, C.A.",no,AMLODIPINA 10 MG X 20 TABLETAS,TABLETAS,Amlodipino,,,,cobeca,AMLODIPINA TAB 10MG X20 KIMIC,https://mav.farmaciasaas.com/api/images/articulos/DISTRIBUCION/92638.jpg,0,1002,match T0 score 1002,si
37,37433,ME31230,AMLODIPINA 5 MG X 30 TABLETAS,crear,,"LABORATORIO LA SANTE, C.A.",no,AMLODIPINA 5 MG X 30 TABLETAS,TABLETAS,Amlodipina,X 30 TABLETAS,30,Linea Farmacia,cobeca,AMLODIPINA TAB 5MG X30 PHARME,https://mav.farmaciasaas.com/api/images/articulos/DISTRIBUCION/99081.jpg,,,lab existe pero sin match >= T0,si
38,37438,ME43040,AMOXICILINA 500 MG X 10 CAPSULAS,crear,,"CASA DE REPRESENTACION DISTRILAB, C.A.",si,AMOXICILINA 500 MG X 10 CAPSULAS,CAPSULAS,Amoxicilina,X 10 CAPSULAS,10,Linea Farmacia,cobeca,AMOXICILINA CAP 500MG X 10 DISTR,https://mav.farmaciasaas.com/api/images/articulos/DISTRIBUCION/30058.jpg,,,lab sin productos en BD,si
39,37440,ME20340/3,AMOXICILINA 500 MG X 10 CAPSULAS,crear,,"CASA DE REPRESENTACION DISTRILAB, C.A.",si,AMOXICILINA 500 MG X 10 CAPSULAS,CAPSULAS,Amoxicilina,X 10 CAPSULAS,10,Linea Farmacia,cobeca,AMOXICILINA CAP 500MG X 10 DISTR,https://mav.farmaciasaas.com/api/images/articulos/DISTRIBUCION/30058.jpg,,,lab sin productos en BD,si
40,37441,ME20340/4,AMOXICILINA 500 MG X 12 CAPSULAS,asignar,37443,"LABORATORIOS LETI, S.A.V.",no,AMOXICILINA 500 MG X 12 CAPSULAS,CAPSULAS,Amoxicilina,,,,cobeca,AMOXICILINA CAP 500MG X12 LETI,https://mav.farmaciasaas.com/api/images/articulos/DISTRIBUCION/25978.jpg,0,1002,match T0 score 1002,si
41,37442,ME20340/2,AMOXICILINA 500 MG X 6 CAPSULAS,crear,,"LABORATORIO LA SANTE, C.A.",no,AMOXICILINA 500 MG X 6 CAPSULAS,CAPSULAS,Amoxicilina,X 6 CAPSULAS,6,Linea Farmacia,cobeca,AMOXICILINA CAP 500MG X6 PHARME,https://mav.farmaciasaas.com/api/images/articulos/DISTRIBUCION/5265.jpg,,,lab existe pero sin match >= T0,si
42,37446,ME23745,AMOXICILINA 125 MG / 5 ML SUSPENSION,crear,,"CASA DE REPRESENTACION BIUMAK PHARMACEUTICALS, C.A.",si,AMOXICILINA 125 MG / 5 ML SUSPENSION,SUSPENSION ORAL,Amoxicilina,SUSPENSION ORAL,,Linea Farmacia,cobeca,AMOXICILINA SUSP 125MG/5ML BIU,https://mav.farmaciasaas.com/api/images/articulos/DISTRIBUCION/26127.jpg,,,lab sin productos en BD,si
43,37447,ME25639,AMOXICILINA 250 MG / 5 ML POLVO PARA SUSPENSION,asignar,37444,"CALOX INTERNATIONAL, C.A.",no,AMOXICILINA 250 MG / 5 ML POLVO PARA SUSPENSION ORAL,POLVO PARA RECONSTITUCION,Amoxicilina,,,,cobeca,AMOXICILINA PVO PED 250MG/5ML 60ML CLX,https://mav.farmaciasaas.com/api/images/articulos/DISTRIBUCION/51378.jpg,0,1002,match T0 score 1002,si
44,37452,ME22089,AMOXIVAL 250 MG / 5 ML POLVO PARA SUSPENSION ORAL,asignar,37444,"CALOX INTERNATIONAL, C.A.",no,AMOXICILINA 250 MG / 5 ML POLVO PARA SUSPENSION ORAL,POLVO PARA RECONSTITUCION,Amoxicilina,,,,cobeca,AMOXICILINA PVO PED 250MG/5ML 60ML CLX,https://mav.farmaciasaas.com/api/images/articulos/DISTRIBUCION/51378.jpg,0,1002,match T0 score 1002,si
45,37463,ME42609,ANASTROZOL 1 MG X 30 TABLETAS RECUBIERTAS,crear,,"CASA DE REPRESENTACION MT GLOBAL CARE, C.A.",si,ANASTROZOL 1 MG X 30 TABLETAS RECUBIERTAS,TABLETAS,Anastrozol,X 30 TABLETAS,30,Linea Farmacia,cobeca,ANASTROZOL TAB 1MG X30 CR MT,https://mav.farmaciasaas.com/api/images/articulos/DISTRIBUCION/26476.jpg,,,lab sin productos en BD,si
46,37480,ME44489,APITENA 2.5 MG X 30 COMPRIMIDOS RECUBIERTOS,crear,,"CASA DE REPRESENTACION MT GLOBAL CARE, C.A.",si,APIXABAN 2.5 MG X 30 COMPRIMIDOS,COMPRIMIDOS,Apixaban,X 30 COMPRIMIDOS,30,Linea Farmacia,cobeca,APIXABAN TAB/REC 2.5MG X 30 MT,https://mav.farmaciasaas.com/api/images/articulos/DISTRIBUCION/30329.jpg,,,lab sin productos en BD,si
47,37510,ME43445,ATAPEC 100 MG X 30 TABLETAS RECUBIERTAS,crear,,"LABORATORIOS FC PHARMA, C.A.",si,ATAPEC 100 MG X 30 TABLETAS RECUBIERTAS,TABLETAS,Atapec,X 30 TABLETAS,30,Linea Farmacia,cobeca,ATAPEC TAB 100MG X30 FC,https://mav.farmaciasaas.com/api/images/articulos/DISTRIBUCION/25050.jpg,,,lab sin productos en BD,si
48,37512,ME25816,ATENOLOL 100 MG X 30 TABLETAS,crear,,"LABORATORIO LA SANTE, C.A.",no,ATENOLOL 100 MG X 30 TABLETAS,TABLETAS,Atenolol,X 30 TABLETAS,30,Linea Farmacia,cobeca,ATENOLOL TAB 100MG X30 PHARME,https://mav.farmaciasaas.com/api/images/articulos/DISTRIBUCION/7789.jpg,,,lab existe pero sin match >= T0,si
49,37513,ME25817,ATENOLOL 50 MG X 30 TABLETAS,crear,,"LABORATORIOS BUKA, C.A.",si,ATENOLOL 50 MG X 30 TABLETAS,TABLETAS,Atenolol,X 30 TABLETAS,30,Linea Farmacia,cobeca,ATENOLOL TAB 50MG X30 BUKA,https://mav.farmaciasaas.com/api/images/articulos/DISTRIBUCION/23700.jpg,,,lab sin productos en BD,si
50,37514,ME25982,ATENOLOL 50 MG X 30 COMPRIMIDOS,crear,,"LABORATORIOS BUKA, C.A.",si,ATENOLOL 50 MG X 30 COMPRIMIDOS,COMPRIMIDOS,Atenolol,X 30 COMPRIMIDOS,30,Linea Farmacia,cobeca,ATENOLOL TAB 50MG X30 BUKA,https://mav.farmaciasaas.com/api/images/articulos/DISTRIBUCION/23700.jpg,,,lab sin productos en BD,si
51,37516,ME39468/3,ATORVACOF 20 MG X 30 TABLETAS RECUBIERTAS,ya_tiene_foto,37525,"LABORATORIO LA SANTE, C.A.",no,,,,,,,cobeca,ATORVASTATINA TAB REC 20MG X30 PHARME,https://mav.farmaciasaas.com/api/images/articulos/DISTRIBUCION/22227.jpg,0,1002,producto objetivo ya tiene foto (#37525),no
52,37518,ME32690/3,ATORVASTATINA 20 MG X 14 COMPRIMIDOS RECUBIERTOS,crear,,"LABORATORIO LA SANTE, C.A.",no,ATORVASTATINA 20 MG X 14 COMPRIMIDOS RECUBIERTOS,COMPRIMIDOS,Atorvastatina,X 14 COMPRIMIDOS,14,Linea Farmacia,cobeca,ATORVASTATINA TAB 20MG X14 PHARME,https://mav.farmaciasaas.com/api/images/articulos/DISTRIBUCION/11565.jpg,,,solo match relaxando pack (T2) — presentacion exacta no existe,si
53,37522,ME37775,ATORVASTATINA 20 MG X 30 TABLETAS RECUBIERTAS,ya_tiene_foto,37525,"LABORATORIO LA SANTE, C.A.",no,,,,,,,cobeca,ATORVASTATINA TAB REC 20MG X30 PHARME,https://mav.farmaciasaas.com/api/images/articulos/DISTRIBUCION/22227.jpg,0,1002,producto objetivo ya tiene foto (#37525),no
54,37523,ME35340/3,ATORVASTATINA 40 MG X 30 TABLETAS RECUBIERTAS,asignar,37520,"LABORATORIOS LETI, S.A.V.",no,ATORVASTATINA 40 MG X 30 COMPRIMIDOS RECUBIERTOS,COMPRIMIDOS,Atorvastatina,,,,cobeca,ATORVASTATINA COMP 40MG X30 LETI,https://mav.farmaciasaas.com/api/images/articulos/DISTRIBUCION/98292.jpg,0,1002,match T0 score 1002,si
55,37524,ME35340/2,ATORVASTATINA 40 MG X 14 TABLETAS RECUBIERTAS,crear,,"LABORATORIO LA SANTE, C.A.",no,ATORVASTATINA 40 MG X 14 TABLETAS RECUBIERTAS,TABLETAS,Atorvastatina,X 14 TABLETAS,14,Linea Farmacia,cobeca,ATORVASTATINA TAB REC 40MG X14 PHARME,https://mav.farmaciasaas.com/api/images/articulos/DISTRIBUCION/91726.jpg,,,lab existe pero sin match >= T0,si
56,37532,ME29902,AUGMENTIN BID 875 MG - 125 MG TABLETAS RECUBIERTAS,crear,,"GLAXOSMITHKLINE VENEZUELA, C.A.",si,AUGMENTIN BID 875 MG - 125 MG TABLETAS RECUBIERTAS,TABLETAS,Amoxicilina - Clavulanico Acido,TABLETAS,,Linea Farmacia,cobeca,AUGMENTIN TAB 875MG/125MG X 14 GSK,https://mav.farmaciasaas.com/api/images/articulos/DISTRIBUCION/92934.jpg,,,lab existe pero sin match >= T0,si
57,37544,ME31564/3,AZITROMICINA 500 MG X 5 COMPRIMIDOS RECUBIERTOS,asignar,39090,"LABORATORIOS LETI, S.A.V.",no,AZITROMICINA 500 MG COMPRIMIDOS RECUBIERTOS,COMPRIMIDOS,Azitromicina,,,,cobeca,AZITROMICINA COMP 500MG X5 LETI,https://mav.farmaciasaas.com/api/images/articulos/DISTRIBUCION/6090.jpg,0,1002,match T0 score 1002,si
58,37545,ME31564/2,AZITROMICINA 500 MG X 3 COMPRIMIDOS RECUBIERTOS,crear,,"CALOX INTERNATIONAL, C.A.",no,AZITROMICINA 500 MG X 3 COMPRIMIDOS RECUBIERTOS,COMPRIMIDOS,Azitromicina,X 3 COMPRIMIDOS,3,Linea Farmacia,cobeca,AZITROMICINA TAB 500MG X3 CLX,https://mav.farmaciasaas.com/api/images/articulos/DISTRIBUCION/11009.jpg,,,solo match relaxando pack (T3) — presentacion exacta no existe,si
59,37546,ME42509,AZITROMICINA 200 MG / 5 ML SUSPENSION ORAL,crear,,"CASA DE REPRESENTACION DISTRILAB, C.A.",si,AZITROMICINA 200 MG / 5 ML SUSPENSION ORAL,SUSPENSION ORAL,Azitromicina,SUSPENSION ORAL,,Linea Farmacia,cobeca,AZITROMICINA SUSP 200MG/5ML 15ML CR DIST,https://mav.farmaciasaas.com/api/images/articulos/DISTRIBUCION/21793.jpg,,,lab sin productos en BD,si
60,37547,ME42465,AZITROMICINA 500 MG X 5 TABLETAS RECUBIERTAS,asignar,39090,"LABORATORIOS LETI, S.A.V.",no,AZITROMICINA 500 MG COMPRIMIDOS RECUBIERTOS,COMPRIMIDOS,Azitromicina,,,,cobeca,AZITROMICINA COMP 500MG X5 LETI,https://mav.farmaciasaas.com/api/images/articulos/DISTRIBUCION/6090.jpg,0,1002,match T0 score 1002,si
61,37550,ME20140,BACITRACINA 500 UI - G UNGUENTO,crear,,"CASA DE REPRESENTACION DISTRILAB, C.A.",si,BACITRACINA 500 UI / 20 G UNGUENTO,UNGUENTO,Bacitracina,UNGUENTO,,Linea Farmacia,cobeca,BACITRACINA UNG 500UI/G X 20G DISTRILAB,https://mav.farmaciasaas.com/api/images/articulos/DISTRIBUCION/29019.jpg,,,lab sin productos en BD,si
62,37573,HO36271/2,BETAMETASONA 4 MG / ML X 1 AMPOLLA,asignar,39096,"LABORATORIOS VALMOR, C.A.",no,BETAMETASONA 4 MG / ML X 1 AMPOLLA,INYECTABLE,,,,,cobeca,BETAMETASONA INY 4MG/1ML X1 VLM,https://mav.farmaciasaas.com/api/images/articulos/DISTRIBUCION/2117.jpg,0,2,match T0 score 2,si
63,37587,ME43626,BISACODILO 5 MG X 10 TABLETAS GASTRORRESISTENTES,crear,,"CASA DE REPRESENTACION FARMACOS MEDIORIENTE, C.A.",si,BISACODILO 5 MG X 10 TABLETAS GASTRORRESISTENTES,TABLETAS,Bisacodilo,X 10 TABLETAS,10,Linea Farmacia,cobeca,BISACODILO TAB 5MG X 10 FM,https://mav.farmaciasaas.com/api/images/articulos/DISTRIBUCION/28708.jpg,,,lab existe pero sin match >= T0,si
64,37591,ME36891,BISOPROLOL FUMARATO - HIDROCLOROTIAZIDA 5 MG - 6.25 MG X 30 TABLETAS,asignar,39111,"LABORATORIOS LETI, S.A.V.",no,BISOPROLOL FUMARATO - HIDROCLOROTIAZIDA 5 MG - 6.25 MG COMPRIMIDOS RECUBIERTOS,COMPRIMIDOS,,,,,farmanselmo,BIOTALOL HCT BISOPROLOL FUMARATO+HIDROCLOROTIAZIDA 5MG+6.25MG x30 COMPRIMIDOS LETI (E),https://pccentro.net.ve/img/s/6/8/7/3/8/68738-large_default.webp,0,2,match T0 score 2,si
65,37592,ME42421,BISOPROLOL FUMARATO 10 MG X 30 COMPRIMIDOS RECUBIERTOS,crear,,"INVERSIONES ANGELUS HEALTH, C.A.",si,BISOPROLOL FUMARATO 10 MG X 30 COMPRIMIDOS RECUBIERTOS,COMPRIMIDOS,Bisoprolol,X 30 COMPRIMIDOS,30,Linea Farmacia,cobeca,BISOPROLOL TAB 10MG X30 ANG/H,https://mav.farmaciasaas.com/api/images/articulos/DISTRIBUCION/21371.jpg,,,lab existe pero sin match >= T0,si
66,37594,ME44328,BISOPROLOL FUMARATO 5 MG X 30 TABLETAS RECUBIERTAS,crear,,"LABORATORIOS LETI, S.A.V.",no,BISOPROLOL FUMARATO 5 MG X 30 TABLETAS RECUBIERTAS,TABLETAS,Bisoprolol,X 30 TABLETAS,30,Linea Farmacia,cobeca,BISOPROLOL FUMARATO COMP 5MG X30 LETI,https://mav.farmaciasaas.com/api/images/articulos/DISTRIBUCION/98668.jpg,,,lab existe pero sin match >= T0,si
67,37604,ME35864,BRASARTAN 160 MG X 30 TABLETAS RECUBIERTAS,crear,,"INVERSIONES ANGELUS HEALTH, C.A.",si,VALSARTAN 160 MG X 30 TABLETAS,TABLETAS,Valsartan,X 30 TABLETAS,30,Linea Farmacia,cobeca,VALSARTAN TAB REC 160MG X30 ANG/H,https://mav.farmaciasaas.com/api/images/articulos/DISTRIBUCION/52911.jpg,,,lab existe pero sin match >= T0,si
68,37614,ME26069,CLORHIDRATO DE BROMEXINA 8 MG / 5 ML JARABE.,crear,,"CASA DE REPRESENTACION ADN MEDICAL, C.A.",si,CLORHIDRATO DE BROMEXINA 8 MG / 5 ML JARABE.,JARABE,Bromhexina,JARABE,,Linea Farmacia,cobeca,BROMEXINA JBE 8MG/5ML 120ML ADN,https://mav.farmaciasaas.com/api/images/articulos/DISTRIBUCION/27452.jpg,,,lab sin productos en BD,si
69,37615,ME40260,BROMEXINA CLORHIDRATO 4 MG / 5 ML JARABE,crear,,"BIOQUIMICA INTERNACIONAL, C.A.",si,BROMEXINA CLORHIDRATO 4 MG / 5 ML JARABE,JARABE,Bromexina,JARABE,,Linea Farmacia,cobeca,BROMEXINA JBE 4MG/5ML 120ML BIOQ,https://mav.farmaciasaas.com/api/images/articulos/DISTRIBUCION/14190.jpg,,,lab existe pero sin match >= T0,si
70,37616,ME35158,BROMHEXINA CLORHIDRATO 8 MG / 5 ML JARABE,crear,,"LABORATORIO LA SANTE, C.A.",no,BROMHEXINA PED4MG 5 ML / 120 ML JARABE,JARABE,Bromhexina Ped4mg,JARABE,,Linea Farmacia,cobeca,BROMHEXINA JBE PED4MG/5ML 120ML PHARME,https://mav.farmaciasaas.com/api/images/articulos/DISTRIBUCION/11549.jpg,,,lab existe pero sin match >= T0,si
71,37617,ME36318,BROMHEXINA CLORHIDRATO 8 MG / 5 ML JARABE,crear,,"LABORATORIO LA SANTE, C.A.",no,BROMHEXINA PED4MG 5 ML / 120 ML JARABE,JARABE,Bromhexina Ped4mg,JARABE,,Linea Farmacia,cobeca,BROMHEXINA JBE PED4MG/5ML 120ML PHARME,https://mav.farmaciasaas.com/api/images/articulos/DISTRIBUCION/11549.jpg,,,lab existe pero sin match >= T0,si
72,37663,ME37841,CANDESARTAN 8 MG X 30 TABLETAS,asignar,37663,"LABORATORIO LA SANTE, C.A.",no,CANDESARTAN 8 MG X 30 TABLETAS,TABLETAS,,,,,cobeca,CANDESARTAN TAB 8MG X30 PHARME,https://mav.farmaciasaas.com/api/images/articulos/DISTRIBUCION/23944.jpg,0,2,match T0 score 2,si
73,37670,ME25978/2,CAPTOPRIL 25 MG X 20 COMPRIMIDOS,asignar,39123,"LABORATORIOS KIMICEG, C.A.",no,CAPTOPRIL 25 MG X 20 TABLETAS,TABLETAS,Captopril,,,,cobeca,CAPTOPRIL TAB 25MG X20 KIMIC,https://mav.farmaciasaas.com/api/images/articulos/DISTRIBUCION/3029.jpg,0,1002,match T0 score 1002,si
74,37671,ME25738/2,CAPTOPRIL 25 MG X 20 TABLETAS,asignar,39123,"LABORATORIOS KIMICEG, C.A.",no,CAPTOPRIL 25 MG X 20 TABLETAS,TABLETAS,Captopril,,,,cobeca,CAPTOPRIL TAB 25MG X20 KIMIC,https://mav.farmaciasaas.com/api/images/articulos/DISTRIBUCION/3029.jpg,0,1002,match T0 score 1002,si
75,37676,ME24815/2,CARBAMAZEPINA 200 MG X 10 COMPRIMIDOS,crear,,"LABORATORIOS ZUZU, C.A.",si,CARBAMAZEPINA 200 MG X 10 COMPRIMIDOS,COMPRIMIDOS,Carbamazepina,X 10 COMPRIMIDOS,10,Linea Farmacia,cobeca,CARBAMAZEPINA TAB 200MG X10 ZUZU,https://mav.farmaciasaas.com/api/images/articulos/DISTRIBUCION/52560.jpg,,,lab sin productos en BD,si
76,37677,ME24815/3,CARBAMAZEPINA 200 MG X 20 COMPRIMIDOS,crear,,"CASA DE REPRESENTACION DAC55, C.A.",no,CARBAMAZEPINA 200 MG X 20 COMPRIMIDOS,COMPRIMIDOS,Carbamazepina,X 20 COMPRIMIDOS,20,Linea Farmacia,cobeca,CARBAMAZEPINA TAB 200MG X20 CR DAC,https://mav.farmaciasaas.com/api/images/articulos/DISTRIBUCION/20947.jpg,,,lab sin productos en BD,si
77,37678,ME28957,CARBAMAZEPINA 200 MG X 30 TABLETAS,crear,,"INVERSIONES ANGELUS HEALTH, C.A.",si,CARBAMAZEPINA 200 MG X 30 TABLETAS,TABLETAS,Carbamazepina,X 30 TABLETAS,30,Linea Farmacia,cobeca,CARBAMAZEPINA TAB 200MG X30 ANG/H,https://mav.farmaciasaas.com/api/images/articulos/DISTRIBUCION/23677.jpg,,,lab existe pero sin match >= T0,si
78,37679,ME43783,CARBAMAZEPINA 200 MG X 30 TABLETAS,crear,,"INVERSIONES ANGELUS HEALTH, C.A.",si,CARBAMAZEPINA 200 MG X 30 TABLETAS,TABLETAS,Carbamazepina,X 30 TABLETAS,30,Linea Farmacia,cobeca,CARBAMAZEPINA TAB 200MG X30 ANG/H,https://mav.farmaciasaas.com/api/images/articulos/DISTRIBUCION/23677.jpg,,,lab existe pero sin match >= T0,si
79,37680,ME43998,CARBAMAZEPINA 400 MG X 30 TABLETAS,crear,,"INVERSIONES ANGELUS HEALTH, C.A.",si,CARBAMAZEPINA 400 MG X 30 TABLETAS,TABLETAS,Carbamazepina,X 30 TABLETAS,30,Linea Farmacia,cobeca,CARBAMAZEPINA TAB 400MG X 30 ANGELUS,https://mav.farmaciasaas.com/api/images/articulos/DISTRIBUCION/28515.jpg,,,lab existe pero sin match >= T0,si
80,37685,ME1642,CARBONATO DE LITIO 300 MG X 20 CAPSULAS,asignar,37684,"BIOTECH LABORATORIOS, C.A.",no,CARBONATO DE LITIO 300 MG X 20 CAPSULAS,CAPSULAS,Litio,,,,cobeca,CARBONATO D/LITIO CAP 300MG X20 BIOTECH,https://mav.farmaciasaas.com/api/images/articulos/DISTRIBUCION/4553.jpg,0,1002,match T0 score 1002,si
81,37704,ME30368,CEFADROXILO 500 MG X 10 CAPSULAS,asignar,37706,"LABORATORIOS LETI, S.A.V.",no,CEFADROXILO 500 MG X 10 CAPSULAS,CAPSULAS,Cefadroxilo,,,,cobeca,CEFADROXILO CAP 500MG X10 LETI,https://mav.farmaciasaas.com/api/images/articulos/DISTRIBUCION/22822.jpg,0,1002,match T0 score 1002,si
82,37705,ME27532,CEFADROXILO 500 MG X 10 CAPSULAS,asignar,37706,"LABORATORIOS LETI, S.A.V.",no,CEFADROXILO 500 MG X 10 CAPSULAS,CAPSULAS,Cefadroxilo,,,,cobeca,CEFADROXILO CAP 500MG X10 LETI,https://mav.farmaciasaas.com/api/images/articulos/DISTRIBUCION/22822.jpg,0,1002,match T0 score 1002,si
83,37708,ME42857,CEFADROXILO 500 MG X 10 TABLETAS,asignar,37706,"LABORATORIOS LETI, S.A.V.",no,CEFADROXILO 500 MG X 10 CAPSULAS,CAPSULAS,Cefadroxilo,,,,cobeca,CEFADROXILO CAP 500MG X10 LETI,https://mav.farmaciasaas.com/api/images/articulos/DISTRIBUCION/22822.jpg,0,1002,match T0 score 1002,si
84,37711,HO44435,CEFAZOLINA 1 G X 10 AMPOLLAS,crear,,"CASA DE REPRESENTACION DISTRILAB, C.A.",si,CEFAZOLINA SODICO 1 G X 10 INYECTABLE,INYECTABLE,Cefazolina Sodico,X 10 INYECTABLE,10,Linea Hospitalaria,cobeca,CEFAZOLINA SOD PVO SOL INY 1G X10 DIST,https://mav.farmaciasaas.com/api/images/articulos/DISTRIBUCION/51988.jpg,,,lab sin productos en BD,si
85,37714,ME44329,CEFIXIMA 400 MG X 5 TABLETAS RECUBIERTAS,ambiguo,37712|38374,"LABORATORIOS LETI, S.A.V.",no,,,,,,,cobeca,CEFIXIMA CAP 400MG X5 LETI,https://mav.farmaciasaas.com/api/images/articulos/DISTRIBUCION/29896.jpg,,,2+ candidatos de presentación exacta empatados en mismo tier,no
86,37719,HO33864,CEFTRIAXONA 1 G X 1 AMPOLLA,crear,,"CASA DE REPRESENTACION GLOBAL MEDIC, C.A.",si,CEFTRIAXONA 1 G X 1 AMPOLLA,INYECTABLE,Ceftriaxona,X 1 INYECTABLE,1,Linea Hospitalaria,cobeca,CEFTRIAXONA AMP IM/IV 1G X1 CR GM,https://mav.farmaciasaas.com/api/images/articulos/DISTRIBUCION/51473.jpg,,,lab existe pero sin match >= T0,si
87,37720,HO29420,CEFTRIAXONA 1 G POLVO PARA SOLUCION INYECTABLE,crear,,"CASA DE REPRESENTACION GLOBAL MEDIC, C.A.",si,CEFTRIAXONA 1 G POLVO PARA SOLUCION INYECTABLE,INYECTABLE,Ceftriaxona,X 1 INYECTABLE,1,Linea Hospitalaria,cobeca,CEFTRIAXONA AMP IM/IV 1G X1 CR GM,https://mav.farmaciasaas.com/api/images/articulos/DISTRIBUCION/51473.jpg,,,lab existe pero sin match >= T0,si
88,37722,ME41586,CELECOXIB 200 MG X 10 CAPSULAS,crear,,"LABORATORIOS VICENTI, C.A.",si,CELECOXIB 200 MG X 10 CAPSULAS,CAPSULAS,Celecoxib,X 10 CAPSULAS,10,Linea Farmacia,cobeca,CELECOXIB CAP 200MG X10 VIN,https://mav.farmaciasaas.com/api/images/articulos/DISTRIBUCION/26739.jpg,,,lab existe pero sin match >= T0,si
89,37727,ME42717,CETIRIZINA CLORHIDRATO 10 MG X 10 TABLETAS RECUBIERTAS,asignar,37728,"LABORATORIOS LETI, S.A.V.",no,CETIRIZINA 10 MG X 10 COMPRIMIDOS RECUBIERTOS,COMPRIMIDOS,Cetirizina,,,,cobeca,CETIRIZINA COMP 10MG X10 LETI,https://mav.farmaciasaas.com/api/images/articulos/DISTRIBUCION/11497.jpg,0,1002,match T0 score 1002,si
90,37730,ME44603,CETIRIZINA 5 MG / 5 ML SOLUCION ORAL,crear,,"LABORATORIO LA SANTE, C.A.",no,CETIRIZINA 5 MG / 5 ML SOLUCION ORAL,SOLUCION ORAL,Cetirizina,SOLUCION ORAL,,Linea Farmacia,cobeca,CETIRIZINA SOL ORAL 5MG/5ML 60ML PHARME,https://mav.farmaciasaas.com/api/images/articulos/DISTRIBUCION/2328.jpg,,,lab existe pero sin match >= T0,si
91,37744,ME43391,CILOSTAZOL 50 MG X 30 TABLETAS RECUBIERTAS,crear,,"CORPORACION CLEOPHARMA, C.A.",si,CILOSTAZOL 50 MG X 30 TABLETAS RECUBIERTAS,TABLETAS,Cilostazol,X 30 TABLETAS,30,Linea Farmacia,cobeca,CILOSTAZOL TAB 50MG X30 CLEO,https://mav.farmaciasaas.com/api/images/articulos/DISTRIBUCION/25678.jpg,,,lab sin productos en BD,si
92,37745,ME42967,CILOSTAZOL 100 MG X 30 TABLETAS,crear,,"CORPORACION CLEOPHARMA, C.A.",si,CILOSTAZOL 100 MG X 30 TABLETAS,TABLETAS,Cilostazol,X 30 TABLETAS,30,Linea Farmacia,cobeca,CILOSTAZOL TAB REC 100MG X30 CLEO,https://mav.farmaciasaas.com/api/images/articulos/DISTRIBUCION/52907.jpg,,,lab sin productos en BD,si
93,37751,ME28283/3,CIPROFLOXACINA 500 MG X 14 TABLETAS RECUBIERTAS,asignar,39140,"LABORATORIOS LETI, S.A.V.",no,CIPROFLOXACINA 500 MG COMPRIMIDOS RECUBIERTOS DE LIBERACION PROGRAMADA,COMPRIMIDOS,,,,,cobeca,CIPROFLOXACINA COMP REC 500 X14 LETI,https://mav.farmaciasaas.com/api/images/articulos/DISTRIBUCION/51885.jpg,0,0,match T0 score 0,si
94,37752,ME28283/2,CIPROFLOXACINA 500 MG X 6 TABLETAS RECUBIERTAS,crear,,"ALESS PHARMACEUTICALS, C.A.",si,CIPROFLOXACINA 500 MG X 6 TABLETAS RECUBIERTAS,TABLETAS,Ciprofloxacina,X 6 TABLETAS,6,Linea Farmacia,cobeca,CIPROFLOXACINA TAB 500MG X6 ALESS,https://mav.farmaciasaas.com/api/images/articulos/DISTRIBUCION/20511.jpg,,,lab sin productos en BD,si
95,37753,HO44719,CIPROFLOXACINA 200 MG / 100 ML SOLUCION INYECTABLE,crear,,"CASA DE REPRESENTACION DISTRILAB, C.A.",si,CIPROFLOXACINA INF INY200MG CRDIST 100 ML INYECTABLE,INYECTABLE,Ciprofloxacina Inf Iny200mg Crdist,INYECTABLE,,Linea Hospitalaria,cobeca,CIPROFLOXACINA INF INY200MG/100ML CRDIST,https://mav.farmaciasaas.com/api/images/articulos/DISTRIBUCION/21337.jpg,,,lab sin productos en BD,si
96,37754,HO44679,CIPROFLOXACINA INFUSION 0.2 G / 100 ML SOLUCION PARA INFUSION INTRAVENOSA,crear,,"CASA DE REPRESENTACION DISTRILAB, C.A.",si,CIPROFLOXACINA INF INY200MG CRDIST 100 ML INYECTABLE,INYECTABLE,Ciprofloxacina Inf Iny200mg Crdist,INYECTABLE,,Linea Hospitalaria,cobeca,CIPROFLOXACINA INF INY200MG/100ML CRDIST,https://mav.farmaciasaas.com/api/images/articulos/DISTRIBUCION/21337.jpg,,,lab sin productos en BD,si
97,37755,ME27827/4,CIPROFLOXACINA 500 MG X 10 TABLETAS RECUBIERTAS,crear,,"CASA DE REPRESENTACION DAC55, C.A.",no,CIPROFLOXACINA 500 MG X 10 TABLETAS RECUBIERTAS,TABLETAS,Ciprofloxacina,X 10 TABLETAS,10,Linea Farmacia,cobeca,CIPROFLOXACINA TAB 500MG X10 CR DAC,https://mav.farmaciasaas.com/api/images/articulos/DISTRIBUCION/20945.jpg,,,lab sin productos en BD,si
98,37756,ME27827/3,CIPROFLOXACINA 500 MG X 6 TABLETAS RECUBIERTAS,crear,,"ALESS PHARMACEUTICALS, C.A.",si,CIPROFLOXACINA 500 MG X 6 TABLETAS RECUBIERTAS,TABLETAS,Ciprofloxacina,X 6 TABLETAS,6,Linea Farmacia,cobeca,CIPROFLOXACINA TAB 500MG X6 ALESS,https://mav.farmaciasaas.com/api/images/articulos/DISTRIBUCION/20511.jpg,,,lab sin productos en BD,si
99,37759,ME26487/3,CIPROFLOXACINA 500 MG X 10 COMPRIMIDOS RECUBIERTOS,crear,,"CASA DE REPRESENTACION DAC55, C.A.",no,CIPROFLOXACINA 500 MG X 10 COMPRIMIDOS RECUBIERTOS,COMPRIMIDOS,Ciprofloxacina,X 10 COMPRIMIDOS,10,Linea Farmacia,cobeca,CIPROFLOXACINA TAB 500MG X10 CR DAC,https://mav.farmaciasaas.com/api/images/articulos/DISTRIBUCION/20945.jpg,,,lab sin productos en BD,si
100,37760,ME26487/2,CIPROFLOXACINA 500 MG X 6 COMPRIMIDOS RECUBIERTOS,crear,,"ALESS PHARMACEUTICALS, C.A.",si,CIPROFLOXACINA 500 MG X 6 COMPRIMIDOS RECUBIERTOS,COMPRIMIDOS,Ciprofloxacina,X 6 COMPRIMIDOS,6,Linea Farmacia,cobeca,CIPROFLOXACINA TAB 500MG X6 ALESS,https://mav.farmaciasaas.com/api/images/articulos/DISTRIBUCION/20511.jpg,,,lab sin productos en BD,si
101,37761,ME42422,CIPROFLOXACINO 500 MG X 10 TABLETAS RECUBIERTAS,crear,,"BLUE MEDICAL PHARMACEUTICAL, C.A.",si,CIPROFLOXACINO 500 MG X 10 TABLETAS RECUBIERTAS,TABLETAS,Ciprofloxacino,X 10 TABLETAS,10,Linea Farmacia,cobeca,CIPROFLOXACINO TAB REC 500MG X10 BLUE,https://mav.farmaciasaas.com/api/images/articulos/DISTRIBUCION/50785.jpg,,,lab sin productos en BD,si
102,37763,ME35266,CITALOPRAM 40 MG X 10 TABLETAS RECUBIERTAS,crear,,"CASA DE REPRESENTACION MT GLOBAL CARE, C.A.",si,CITALOPRAM 40 MG X 10 TABLETAS RECUBIERTAS,TABLETAS,Citalopram,X 10 TABLETAS,10,Linea Farmacia,cobeca,CITALOPRAM TAB  40MG X10 CR MT,https://mav.farmaciasaas.com/api/images/articulos/DISTRIBUCION/53032.jpg,,,lab sin productos en BD,si
103,37767,ME36822/2,CITRATO DE CALCIO 1190 MG X 30 TABLETAS MASTICABLES SABOR A MANDARINA,crear,,PHARMATECH USA CORP,si,CITRATO CA VIT D3 TABLETAS,TABLETAS,Citrato Ca Vit D3,TABLETAS,,Linea Farmacia,cobeca,CITRATO D/CA + VIT D3 TAB X30 G PHAR,https://mav.farmaciasaas.com/api/images/articulos/DISTRIBUCION/23439.jpg,,,lab sin productos en BD,si
104,37788,ME42956,CLOMIFENO CITRATO 50 MG X 30 TABLETAS,crear,,"CASA DE REPRESENTACION FARMACOS MEDIORIENTE, C.A.",si,CLOMIFENO CITRATO 50 MG X 30 TABLETAS,TABLETAS,Clomifeno,X 30 TABLETAS,30,Linea Farmacia,cobeca,CLOMIFENO TAB 50MG X 30 FM,https://mav.farmaciasaas.com/api/images/articulos/DISTRIBUCION/28709.jpg,,,lab existe pero sin match >= T0,si
105,37802,ME34084/3,CLOPIDOGREL 75 MG X 20 COMPRIMIDOS RECUBIERTOS,crear,,"CASA DE REPRESENTACION FARMACOS MEDIORIENTE, C.A.",si,CLOPIDOGREL 75 MG X 20 COMPRIMIDOS RECUBIERTOS,COMPRIMIDOS,Clopidogrel,X 20 COMPRIMIDOS,20,Linea Farmacia,cobeca,CLOPIDOGREL TAB 75MG X20 FMED,https://mav.farmaciasaas.com/api/images/articulos/DISTRIBUCION/51767.jpg,,,lab existe pero sin match >= T0,si
106,37803,ME34084/4,CLOPIDOGREL 75 MG X 30 COMPRIMIDOS RECUBIERTOS,crear,,"ALESS PHARMACEUTICALS, C.A.",si,CLOPIDOGREL 75 MG X 30 COMPRIMIDOS RECUBIERTOS,COMPRIMIDOS,Clopidogrel,X 30 COMPRIMIDOS,30,Linea Farmacia,cobeca,CLOPIDOGREL TAB 75MG X30 ALESS,https://mav.farmaciasaas.com/api/images/articulos/DISTRIBUCION/22848.jpg,,,lab sin productos en BD,si
107,37805,ME37534,CLOPIDOGREL 75 MG X 30 TABLETAS RECUBIERTAS,crear,,"ALESS PHARMACEUTICALS, C.A.",si,CLOPIDOGREL 75 MG X 30 TABLETAS RECUBIERTAS,TABLETAS,Clopidogrel,X 30 TABLETAS,30,Linea Farmacia,cobeca,CLOPIDOGREL TAB 75MG X30 ALESS,https://mav.farmaciasaas.com/api/images/articulos/DISTRIBUCION/22848.jpg,,,lab sin productos en BD,si
108,37806,ME43375,CLOPIDOGREL 75 MG X 30 TABLETAS RECUBIERTAS,crear,,"ALESS PHARMACEUTICALS, C.A.",si,CLOPIDOGREL 75 MG X 30 TABLETAS RECUBIERTAS,TABLETAS,Clopidogrel,X 30 TABLETAS,30,Linea Farmacia,cobeca,CLOPIDOGREL TAB 75MG X30 ALESS,https://mav.farmaciasaas.com/api/images/articulos/DISTRIBUCION/22848.jpg,,,lab sin productos en BD,si
109,37814,ME43585/4,DOPALEN 200 MG X 30 CAPSULAS DE LIBERACION PROLONGADA,crear,,"CASA DE REPRESENTACION MT GLOBAL CARE, C.A.",si,CLORHID MEBEVERINA 200 MG X 30 CAPSULAS,CAPSULAS,Clorhid Mebeverina,X 30 CAPSULAS,30,Linea Farmacia,cobeca,CLORHID D/MEBEVERINA CAP 200MG X30 CR MT,https://mav.farmaciasaas.com/api/images/articulos/DISTRIBUCION/54229.jpg,,,lab sin productos en BD,si
110,37818,HO37055,CLORURO DE POTASIO 2 MEQ / ML SOLUCION INYECTABLE,crear,,"IPS DE VENEZUELA, C.A.",si,CLORURO SODICO 0.9 % INYECTABLE,INYECTABLE,Cloruro Sodico,INYECTABLE,,Linea Hospitalaria,cobeca,"CLORURO D/SOD SOL INY 0,9% 100ML IPS",https://mav.farmaciasaas.com/api/images/articulos/DISTRIBUCION/21357.jpg,,,lab sin productos en BD,si
111,37820,ME32566,CLORURO DE SODIO 0.9 % SOLUCION ISOTONICA PARA IRRIGACION ESTERIL,crear,,"LABORATORIO FINE CHEMICALS C.F.C., C.A.",si,CLORURO MAGNES 25 G LOCION,LOCION,Cloruro Magnes,LOCION,,Linea Farmacia,cobeca,CLORURO D/MAGNES 25G FCH,https://mav.farmaciasaas.com/api/images/articulos/DISTRIBUCION/17780.jpg,,,lab sin productos en BD,si
112,37823,ME43751,CLOTRIMAZOL 100 MG X 6 OVULOS VAGINALES,crear,,"TIARES, C.A.",si,CLOTRIMAZOL 100 MG X 6 OVULOS VAGINALES,OVULOS,Clotrimazol,X 6 OVULOS,6,Linea Farmacia,cobeca,CLOTRIMAZOL OVUL 100MG X6 TIAR,https://mav.farmaciasaas.com/api/images/articulos/DISTRIBUCION/26419.jpg,,,lab existe pero sin match >= T0,si
113,37824,ME39062,CLOTRIMAZOL 500 MG X 1 OVULO VAGINAL,crear,,"TIARES, C.A.",si,CLOTRIMAZOL 500 MG X 1 OVULO VAGINAL,OVULOS,Clotrimazol,X 1 OVULOS,1,Linea Farmacia,cobeca,CLOTRIMAZOL OVUL 500MG X1 TIAR,https://mav.farmaciasaas.com/api/images/articulos/DISTRIBUCION/26410.jpg,,,lab existe pero sin match >= T0,si
114,37835,HO1587,COMPLEJO DE VITAMINA B X 3 AMPOLLAS,crear,,"CALOX INTERNATIONAL, C.A.",no,COMPLEJO 2 ML X 3 INYECTABLE,INYECTABLE,Complejo,X 3 INYECTABLE,3,Linea Hospitalaria,cobeca,COMPLEJO B AMP 2 ML X3 VIV,https://mav.farmaciasaas.com/api/images/articulos/DISTRIBUCION/5118.jpg,,,lab existe pero sin match >= T0,si
115,37864,ME30715/4,DALTAZEN 60 MG X 30 COMPRIMIDOS,crear,,"INVERSIONES ANGELUS HEALTH, C.A.",si,DILTIAZEM 60 MG X 30 COMPRIMIDOS,COMPRIMIDOS,Diltiazem,X 30 COMPRIMIDOS,30,Linea Farmacia,cobeca,DILTIAZEM TAB 60MG X 30 ANGELUS,https://mav.farmaciasaas.com/api/images/articulos/DISTRIBUCION/28519.jpg,,,lab existe pero sin match >= T0,si
116,37874,ME32194/2,DEFLAZACORT 6 MG X 10 COMPRIMIDOS,ambiguo,37873|39173,"CALOX INTERNATIONAL, C.A.",no,,,,,,,cobeca,DEFLAZACORT TAB 6MG X10 CLX,https://mav.farmaciasaas.com/api/images/articulos/DISTRIBUCION/91527.jpg,,,2+ candidatos de presentación exacta empatados en mismo tier,no
117,37875,ME32194/3,DEFLAZACORT 6 MG X 30 COMPRIMIDOS,crear,,"CASA DE REPRESENTACIONES BELMARCA, C.A.",si,6 MG X 30 COMPRIMIDOS,COMPRIMIDOS,,X 30 COMPRIMIDOS,30,Linea Farmacia,cobeca,DEFLAZACORT TAB 6MG X30 CR BEL,https://mav.farmaciasaas.com/api/images/articulos/DISTRIBUCION/52860.jpg,,,lab sin productos en BD,si
118,37900,ME42492/3,DEXAMETASONA 4 MG X 100 COMPRIMIDOS,crear,,CASA DE REPRESENTACION MVGA PHARMA,si,PORTU 4 MG X 100 COMPRIMIDOS,COMPRIMIDOS,Portu,X 100 COMPRIMIDOS,100,Linea Farmacia,cobeca,DEXAMETASONA TAB 4MG X100 PORTU,https://mav.farmaciasaas.com/api/images/articulos/DISTRIBUCION/25079.jpg,,,lab sin productos en BD,si
119,37901,HO42510,DEXAMETASONA FOSFATO SODICO 4 MG / ML SOLUCION INYECTABLE,crear,,"CASA DE REPRESENTACION DISTRILAB, C.A.",si,SODICO 4 MG / 1 ML X 10 INYECTABLE,INYECTABLE,Sodico,X 10 INYECTABLE,10,Linea Hospitalaria,cobeca,DEXAMETASONA F/SOD SOL INY 4MG/1MLX10 DT,https://mav.farmaciasaas.com/api/images/articulos/DISTRIBUCION/23086.jpg,,,lab sin productos en BD,si
120,37902,HO42502,DEXAMETASONA FOSFATO SODICO 8 MG / 2 ML SOLUCION INYECTABLE,crear,,"CASA DE REPRESENTACION DISTRILAB, C.A.",si,DEXAMETASONA FOSFATO SODICO 8 MG / 2 ML SOLUCION INYECTABLE,INYECTABLE,Sodico,X 10 INYECTABLE,10,Linea Hospitalaria,cobeca,DEXAMETASONA F/SOD SOL INY 8MG/2MLX10 DT,https://mav.farmaciasaas.com/api/images/articulos/DISTRIBUCION/23087.jpg,,,lab sin productos en BD,si
121,37904,HO42601,DEXAMETASONA 8 MG / 2 ML X 10 AMPOLLAS,crear,,"CASA DE REPRESENTACION DISTRILAB, C.A.",si,SODICO 8 MG / 2 ML X 10 INYECTABLE,INYECTABLE,Sodico,X 10 INYECTABLE,10,Linea Hospitalaria,cobeca,DEXAMETASONA F/SOD SOL INY 8MG/2MLX10 DT,https://mav.farmaciasaas.com/api/images/articulos/DISTRIBUCION/23087.jpg,,,lab sin productos en BD,si
122,37913,ME43584,DIACEREINA 50 MG X 10 CAPSULAS,crear,,"CASA DE REPRESENTACION MT GLOBAL CARE, C.A.",si,DIACEREINA 50 MG X 10 CAPSULAS,CAPSULAS,Diacereina,X 10 CAPSULAS,10,Linea Farmacia,cobeca,DIACEREINA CAP 50MG X 10 MT,https://mav.farmaciasaas.com/api/images/articulos/DISTRIBUCION/50231.jpg,,,lab sin productos en BD,si
123,37921,ME44533,DICARVEX 25 MG X 30 TABLETAS,crear,,"LABORATORIOS KIMICEG, C.A.",no,CARVEDILOL 25 MG X 30 TABLETAS,TABLETAS,Carvedilol,X 30 TABLETAS,30,Linea Farmacia,cobeca,CARVEDILOL TAB REC 25MG X30 KIMIC,https://mav.farmaciasaas.com/api/images/articulos/DISTRIBUCION/54225.jpg,,,solo match relaxando pack (T2) — presentacion exacta no existe,si
124,37928,HO36803/3,DICLOFENACO SODICO 75 MG / 3 ML X 10 AMPOLLAS,crear,,"CASA DE REPRESENTACION FARMACEUTICAS CCM, C.A.",si,DICLOFENACO SODICO 75 MG / 3 ML X 10 AMPOLLAS,INYECTABLE,Diclofenaco,X 10 INYECTABLE,10,Linea Hospitalaria,cobeca,DICLOFENACO SOD SOL INY 75MG/3ML X10 CCM,https://mav.farmaciasaas.com/api/images/articulos/DISTRIBUCION/53115.jpg,,,lab existe pero sin match >= T0,si
125,37929,ME43045/2,DICLOFENACO POTASICO 50 MG X 10 TABLETAS RECUBIERTAS,crear,,"BLUE MEDICAL PHARMACEUTICAL, C.A.",si,DICLOFENACO POTASICO 50 MG X 10 TABLETAS RECUBIERTAS,TABLETAS,Diclofenaco,X 10 TABLETAS,10,Linea Farmacia,cobeca,DICLOFENACO POT TAB REC 50MG X10 BLUE/M,https://mav.farmaciasaas.com/api/images/articulos/DISTRIBUCION/54424.jpg,,,lab sin productos en BD,si
126,37931,ME43045/3,DICLOFENACO POTASICO 50 MG X 20 TABLETAS RECUBIERTAS,ambiguo,37933|39185,"LABORATORIOS KIMICEG, C.A.",no,,,,,,,cobeca,DICLOFENACO POTA TAB 50MG X20 KIMIC,https://mav.farmaciasaas.com/api/images/articulos/DISTRIBUCION/55.jpg,,,2+ candidatos de presentación exacta empatados en mismo tier,no
127,37932,ME28851,DICLOFENAC SODICO 50 MG X 20 TABLETAS CON RECUBRIMIENTO ENTERICO,crear,,"CASA DE REPRESENTACION DAC55, C.A.",no,DICLOFENAC POTASICO 50 MG X 20 TABLETAS,TABLETAS,Diclofenac Potasico,X 20 TABLETAS,20,Linea Farmacia,cobeca,DICLOFENAC POTA TAB 50MG X20 CR DAC,https://mav.farmaciasaas.com/api/images/articulos/DISTRIBUCION/23145.jpg,,,lab sin productos en BD,si
128,37934,ME43099,DICLOFENACO POTASICO 50 MG X 20 TABLETAS CON RECUBRIMIENTO ENTERICO,ambiguo,37933|39185,"LABORATORIOS KIMICEG, C.A.",no,,,,,,,cobeca,DICLOFENACO POTA TAB 50MG X20 KIMIC,https://mav.farmaciasaas.com/api/images/articulos/DISTRIBUCION/55.jpg,,,2+ candidatos de presentación exacta empatados en mismo tier,no
129,37955,ME38177/4,DIOSMINA 600 MG X 30 TABLETAS RECUBIERTAS,crear,,"CASA DE REPRESENTACION DAC55, C.A.",no,DIOSMINA 600 MG X 30 TABLETAS RECUBIERTAS,TABLETAS,Diosmina,X 30 TABLETAS,30,Linea Farmacia,cobeca,DIOSMINA TAB REC 600MG X30 DAC,https://mav.farmaciasaas.com/api/images/articulos/DISTRIBUCION/53521.jpg,,,lab sin productos en BD,si
130,37956,ME36420,DIOSMINA - HESPERIDINA 450 MG - 50 MG X 30 TABLETAS RECUBIERTAS,crear,,"INVERSIONES ANGELUS HEALTH, C.A.",si,DIOSMINA - HESPERIDINA 450 MG - 50 MG X 30 TABLETAS RECUBIERTAS,TABLETAS,Diosmina - Hesperidina,X 30 TABLETAS,30,Linea Farmacia,cobeca,DIOSMINA/HESPER TAB 450MG/50MG X30 ANG/H,https://mav.farmaciasaas.com/api/images/articulos/DISTRIBUCION/52910.jpg,,,lab existe pero sin match >= T0,si
131,37957,ME40371,DIOSMINA-HESPERIDINA 450 MG-50 MG COMPRIMIDOS RECUBIERTOS,crear,,"INVERSIONES ANGELUS HEALTH, C.A.",si,DIOSMINA-HESPERIDINA 450 MG-50 MG COMPRIMIDOS RECUBIERTOS,COMPRIMIDOS,Diosmina Hesper,X 30 COMPRIMIDOS,30,Linea Farmacia,cobeca,DIOSMINA/HESPER TAB 450MG/50MG X30 ANG/H,https://mav.farmaciasaas.com/api/images/articulos/DISTRIBUCION/52910.jpg,,,lab existe pero sin match >= T0,si
132,37964,HO42487,DOBUTAMINA 250 MG / 5 ML X 5 AMPOLLAS,crear,,"CASA DE REPRESENTACION MEDVAL, C.A.",si,DOBUTAMINA 250 MG / 5 ML X 5 AMPOLLAS,INYECTABLE,Dobutamina,X 5 INYECTABLE,5,Linea Hospitalaria,cobeca,DOBUTAMINA AMP 250MG/5ML X5 MEDV,https://mav.farmaciasaas.com/api/images/articulos/DISTRIBUCION/51161.jpg,,,lab existe pero sin match >= T0,si
133,37974,ME44581/2,DOMPERIDONA 10 MG X 10 TABLETAS,crear,,"KMPLUS PHARMACEUTICALS, C.A.",si,DOMPERIDONA 10 MG X 10 TABLETAS,TABLETAS,Domperidona,X 10 TABLETAS,10,Linea Farmacia,cobeca,DOMPERIDONA TAB 10MG X10 KMP,https://mav.farmaciasaas.com/api/images/articulos/DISTRIBUCION/53481.jpg,,,lab sin productos en BD,si
134,37975,ME44581/3,DOMPERIDONA 10 MG X 15 TABLETAS,crear,,"CALOX INTERNATIONAL, C.A.",no,DOMPERIDONA 10 MG X 15 TABLETAS,TABLETAS,Domperidona,X 15 TABLETAS,15,Linea Farmacia,cobeca,DOMPERIDONA TAB 10MG X15 CLX,https://mav.farmaciasaas.com/api/images/articulos/DISTRIBUCION/11636.jpg,,,lab existe pero sin match >= T0,si
135,37976,ME44581/4,DOMPERIDONA 10 MG X 30 TABLETAS,crear,,"INVERSIONES ANGELUS HEALTH, C.A.",si,DOMPERIDONA 10 MG X 30 TABLETAS,TABLETAS,Domperidona,X 30 TABLETAS,30,Linea Farmacia,cobeca,DOMPERIDONA TAB 10MG X30 ANG/H,https://mav.farmaciasaas.com/api/images/articulos/DISTRIBUCION/21373.jpg,,,lab existe pero sin match >= T0,si
136,37984,ME43060,DOXICICLINA 100 MG X 10 CAPSULAS,crear,,"INVERSIONES ANGELUS HEALTH, C.A.",si,DOXICICLINA 100 MG X 10 CAPSULAS,CAPSULAS,Doxiciclina Hiclato,X 10 CAPSULAS,10,Linea Farmacia,cobeca,DOXICICLINA CAP 100MG X 10 ANGELUS,https://mav.farmaciasaas.com/api/images/articulos/DISTRIBUCION/28543.jpg,,,lab existe pero sin match >= T0,si
137,37985,ME20337,DOXICICLINA 100 MG X 10 CAPSULAS,crear,,"INVERSIONES ANGELUS HEALTH, C.A.",si,DOXICICLINA 100 MG X 10 CAPSULAS,CAPSULAS,Doxiciclina,X 10 CAPSULAS,10,Linea Farmacia,cobeca,DOXICICLINA CAP 100MG X 10 ANGELUS,https://mav.farmaciasaas.com/api/images/articulos/DISTRIBUCION/28543.jpg,,,lab existe pero sin match >= T0,si
138,38004,ME26416/2,ENALAPRIL 20 MG X 20 TABLETAS,crear,,"LABORATORIO LA SANTE, C.A.",no,ENALAPRIL 20 MG X 20 TABLETAS,TABLETAS,Enalapril,X 20 TABLETAS,20,Linea Farmacia,cobeca,ENALAPRIL TAB 20MG X20 PHARME,https://mav.farmaciasaas.com/api/images/articulos/DISTRIBUCION/7965.jpg,,,lab existe pero sin match >= T0,si
139,38007,ME44613,ENALAPRIL MALEATO - HIDROCLOROTIAZIDA 20 MG - 12.5 MG TABLETAS,crear,,"CASA DE REPRESENTACION MT GLOBAL CARE, C.A.",si,ENALAPRIL MALEATO - HIDROCLOROTIAZIDA 20 MG - 12.5 MG TABLETAS,TABLETAS,Enalapril - Hidroclorotiazida,TABLETAS,,Linea Farmacia,cobeca,"ENALAPRIL/HIDROCL TAB 20MG/12,5MG CR MT",https://mav.farmaciasaas.com/api/images/articulos/DISTRIBUCION/54045.jpg,,,lab sin productos en BD,si
140,38014,ME37000,ERITROMICINA 500 MG X 10 TABLETAS RECUBIERTAS,crear,,"LABORATORIOS ZUZU, C.A.",si,ERITROMICINA 500 MG X 10 TABLETAS RECUBIERTAS,TABLETAS,Eritromicina,X 10 TABLETAS,10,Linea Farmacia,cobeca,ERITROMICINA TAB 500MG X10 ZUZU,https://mav.farmaciasaas.com/api/images/articulos/DISTRIBUCION/52542.jpg,,,lab sin productos en BD,si
141,38015,ME40959/4,ESCITALOPRAM 10 MG X 56 COMPRIMIDOS RECUBIERTOS,crear,,"CASA DE REPRESENTACION DOROPHARMA, C.A.",si,ESCITALOPRAM 10 MG X 56 COMPRIMIDOS RECUBIERTOS,COMPRIMIDOS,Escitalopram,X 56 COMPRIMIDOS,56,Linea Farmacia,cobeca,ESCITALOPRAM COMP 10MG X56 DORO,https://mav.farmaciasaas.com/api/images/articulos/DISTRIBUCION/22243.jpg,,,lab sin productos en BD,si
142,38016,ME40959/2,ESCITALOPRAM 10 MG X 14 COMPRIMIDOS RECUBIERTOS,crear,,"CASA DE REPRESENTACION LATTAN MEDIC, C.A.",si,ESCITALOPRAM 10 MG X 14 COMPRIMIDOS RECUBIERTOS,COMPRIMIDOS,Escitalopram,X 14 COMPRIMIDOS,14,Linea Farmacia,cobeca,ESCITALOPRAM TAB 10MG X14 CR LATT,https://mav.farmaciasaas.com/api/images/articulos/DISTRIBUCION/23490.jpg,,,lab sin productos en BD,si
143,38019,ME40960/2,ESCITALOPRAM 20 MG X 28 COMPRIMIDOS RECUBIERTOS,crear,,"CALOX INTERNATIONAL, C.A.",no,ESCITALOPRAM 20 MG X 28 COMPRIMIDOS RECUBIERTOS,COMPRIMIDOS,Escitalopram,X 28 COMPRIMIDOS,28,Linea Farmacia,cobeca,ESCITALOPRAM TAB 20MG X28 CLX,https://mav.farmaciasaas.com/api/images/articulos/DISTRIBUCION/53635.jpg,,,solo match relaxando pack (T2) — presentacion exacta no existe,si
144,38021,ME38504/3,ESCITALOPRAM 10 MG X 30 TABLETAS RECUBIERTAS,crear,,"CORPORACION CLEOPHARMA, C.A.",si,ESCITALOPRAM 10 MG X 30 TABLETAS RECUBIERTAS,TABLETAS,Escitalopram,X 30 TABLETAS,30,Linea Farmacia,cobeca,ESCITALOPRAM TAB 10MG X30 CLEO,https://mav.farmaciasaas.com/api/images/articulos/DISTRIBUCION/25666.jpg,,,lab sin productos en BD,si
145,38023,ME41771/3,ESCITALOPRAM 20 MG X 30 TABLETAS RECUBIERTAS,crear,,"LABORATORIO LA SANTE, C.A.",no,ESCITALOPRAM 20 MG X 30 TABLETAS RECUBIERTAS,TABLETAS,Escitalopram,X 30 TABLETAS,30,Linea Farmacia,cobeca,ESCITALOPRAM TAB 20MG X 30 LA SANTE,https://mav.farmaciasaas.com/api/images/articulos/DISTRIBUCION/50533.jpg,,,lab existe pero sin match >= T0,si
146,38025,ME43340,ESCITALOPRAM 5 MG X 30 TABLETAS RECUBIERTAS,crear,,"CORPORACION CLEOPHARMA, C.A.",si,ESCITALOPRAM 5 MG X 30 TABLETAS RECUBIERTAS,TABLETAS,Escitalopram,X 30 TABLETAS,30,Linea Farmacia,cobeca,ESCITALOPRAM TAB 5MG X30 CLEO,https://mav.farmaciasaas.com/api/images/articulos/DISTRIBUCION/25665.jpg,,,lab sin productos en BD,si
147,38026,ME43163,ESCITALOPRAM 10 MG X 28 TABLETAS RECUBIERTAS,asignar,38022,"CALOX INTERNATIONAL, C.A.",no,ESCITALOPRAM 10 MG X 28 TABLETAS RECUBIERTAS,TABLETAS,,,,,cobeca,ESCITALOPRAM TAB REC 10MG X28 CLX,https://mav.farmaciasaas.com/api/images/articulos/DISTRIBUCION/22208.jpg,0,2,match T0 score 2,si
148,38045,ME33352/2,ESPIRONOLACTONA 25 MG X 10 TABLETAS,ambiguo,38045|38046|38047,"LABORATORIOS SIEGFRIED, S.A.",no,,,,,,,farmanselmo,ESPIRONOLACTONA 25 MG 20 TABLETAS MEYER (E),https://pccentro.net.ve/img/s/2/4/9/9/8/24998-large_default.webp,,,2+ candidatos de presentación exacta empatados en mismo tier,no
149,38088,ME36163,FEXOFENADINA CLORHIDRATO 180 MG X 10 TABLETAS RECUBIERTAS,crear,,"CASA DE REPRESENTACION FARMACOS MEDIORIENTE, C.A.",si,FEXOFENADINA CLORHIDRATO 180 MG X 10 TABLETAS RECUBIERTAS,TABLETAS,Fexofenadina,X 10 TABLETAS,10,Linea Farmacia,cobeca,FEXOFENADINA CLORHID TAB 180MG X 10 FMED,https://mav.farmaciasaas.com/api/images/articulos/DISTRIBUCION/28713.jpg,,,lab existe pero sin match >= T0,si
150,38102,ME40011/3,FLAVOXATO 200 MG X 20 COMPRIMIDOS RECUBIERTOS,crear,,"CASA DE REPRESENTACION UNIPHARMA, C.A.",si,FLAVOXUNI FLAVOXATO 200 MG X 20 COMPRIMIDOS,COMPRIMIDOS,Flavoxuni Flavoxato,X 20 COMPRIMIDOS,20,Linea Farmacia,farmanselmo,FLAVOXUNI (FLAVOXATO) 200 MG X 20 TABLETAS UNIPHARMA (E),https://pccentro.net.ve/img/s/9/2/2/5/5/92255-large_default.webp,,,lab sin productos en BD,si
151,38103,ME44088,FLAVOXATO 200 MG X 30 TABLETAS RECUBIERTAS,crear,,"INVERSIONES ANGELUS HEALTH, C.A.",si,FLAVOXATO 200 MG X 30 TABLETAS RECUBIERTAS,TABLETAS,Flavoxato,X 30 TABLETAS,30,Linea Farmacia,cobeca,FLAVOXATO TAB 200MG X30 ANG/H,https://mav.farmaciasaas.com/api/images/articulos/DISTRIBUCION/23673.jpg,,,lab existe pero sin match >= T0,si
152,38104,ME41029,FLAVOXATO CLORHIDRATO 200 MG X 10 TABLETAS RECUBIERTAS,crear,,"CALOX INTERNATIONAL, C.A.",no,FLAVOXATO CLORHIDRATO 200 MG X 10 TABLETAS RECUBIERTAS,TABLETAS,Flavoxato,X 10 TABLETAS,10,Linea Farmacia,cobeca,FLAVOXATO TAB 200MG X10 CLX,https://mav.farmaciasaas.com/api/images/articulos/DISTRIBUCION/99485.jpg,,,lab existe pero sin match >= T0,si
153,38112,ME41686,FLUCON 200 MG X 4 CAPSULAS,crear,,"GENFAR, S.A.",no,FLUCONAZOL 200 MG CAPSULAS,CAPSULAS,Fluconazol,CAPSULAS,,Linea Farmacia,cobeca,FLUCONAZOL CAP 200MG X 4 GENFAR,https://mav.farmaciasaas.com/api/images/articulos/DISTRIBUCION/50070.jpg,,,lab existe pero sin match >= T0,si
154,38113,HO36216,EXOMAX 200 MG / 100 ML X 1 AMPOLLA,crear,,"BLUE MEDICAL PHARMACEUTICAL, C.A.",si,FLUCONAZOL 200 MG / 100 ML INYECTABLE,INYECTABLE,Fluconazol,INYECTABLE,,Linea Hospitalaria,cobeca,FLUCONAZOL SOL INY 200MG/100ML BLUE,https://mav.farmaciasaas.com/api/images/articulos/DISTRIBUCION/29940.jpg,,,lab sin productos en BD,si
155,38118,ME43904,FLUCONAZOL 200 MG TABLETAS RECUBIERTAS,crear,,"GENFAR, S.A.",no,FLUCONAZOL 200 MG TABLETAS RECUBIERTAS,TABLETAS,Fluconazol,TABLETAS,,Linea Farmacia,cobeca,FLUCONAZOL CAP 200MG X 4 GENFAR,https://mav.farmaciasaas.com/api/images/articulos/DISTRIBUCION/50070.jpg,,,lab existe pero sin match >= T0,si
156,38119,HO40840,FLUCONAZOL 200 MG / 100 ML SOLUCION INYECTABLE INTRAVENOSA,crear,,"BLUE MEDICAL PHARMACEUTICAL, C.A.",si,FLUCONAZOL 200 MG / 100 ML SOLUCION INYECTABLE INTRAVENOSA,INYECTABLE,Fluconazol,INYECTABLE,,Linea Hospitalaria,cobeca,FLUCONAZOL SOL INY 200MG/100ML BLUE,https://mav.farmaciasaas.com/api/images/articulos/DISTRIBUCION/29940.jpg,,,lab sin productos en BD,si
157,38120,ME42709/2,FLUCONAZOL 150 MG X 2 TABLETAS,asignar,38116,"LABORATORIOS LETI, S.A.V.",no,FLUCONAZOL 150 MG X 2 CAPSULAS,CAPSULAS,Fluconazol,,,,cobeca,FLUCONAZOL CAP 150MG X2 LETI,https://mav.farmaciasaas.com/api/images/articulos/DISTRIBUCION/4546.jpg,0,1002,match T0 score 1002,si
158,38121,ME42709/3,FLUCONAZOL 150 MG X 4 TABLETAS,crear,,"LABORATORIOS ZUZU, C.A.",si,FLUCONAZOL 150 MG X 4 TABLETAS,TABLETAS,Fluconazol,X 4 TABLETAS,4,Linea Farmacia,cobeca,FLUCONAZOL TAB 150MG X4 ZUZU,https://mav.farmaciasaas.com/api/images/articulos/DISTRIBUCION/52581.jpg,,,lab sin productos en BD,si
159,38125,ME43024,FLUNARIZINA 10 MG X 30 TABLETAS RECUBIERTAS,crear,,"CASA DE REPRESENTACION FARMACEUTICAS CCM, C.A.",si,FLUNARIZINA 10 MG X 30 TABLETAS RECUBIERTAS,TABLETAS,Flunarizina,X 30 TABLETAS,30,Linea Farmacia,cobeca,FLUNARIZINA TAB 10MG X30 CCM,https://mav.farmaciasaas.com/api/images/articulos/DISTRIBUCION/53116.jpg,,,lab existe pero sin match >= T0,si
160,38126,ME31214,FLUOXETINA 20 MG X 14 CAPSULAS,asignar,38127,"BIOTECH LABORATORIOS, C.A.",no,FLUOXETINA 20 MG X 14 CAPSULAS,CAPSULAS,Fluoxetina,,,,cobeca,FLUOXETINA CAP 20MG X14 BIOTECH,https://mav.farmaciasaas.com/api/images/articulos/DISTRIBUCION/3221.jpg,0,1002,match T0 score 1002,si
161,38128,ME28948,FLUOXETINA 20 MG X 28 CAPSULAS,crear,,"LABORATORIO LA SANTE, C.A.",no,FLUOXETINA 20 MG X 28 CAPSULAS,CAPSULAS,Fluoxetina,X 28 CAPSULAS,28,Linea Farmacia,cobeca,FLUOXETINA CAP 20MG X28 PHARME,https://mav.farmaciasaas.com/api/images/articulos/DISTRIBUCION/50927.jpg,,,solo match relaxando pack (T2) — presentacion exacta no existe,si
162,38139,HO32365,FUROSEMIDA 20 MG / 2 ML X 3 AMPOLLAS,crear,,"CASA DE REPRESENTACION DISTRILAB, C.A.",si,FUROSEMIDA 20 MG / 2 ML X 3 AMPOLLAS,INYECTABLE,Furosemida,X 3 INYECTABLE,3,Linea Hospitalaria,cobeca,FUROSEMIDA AMP 20MG/2ML X 3 DISTRILAB,https://mav.farmaciasaas.com/api/images/articulos/DISTRIBUCION/28787.jpg,,,lab sin productos en BD,si
163,38145,ME21300,FUROSEMIDA 40 MG X 24 TABLETAS,asignar,38144,"LABORATORIOS SIEGFRIED, S.A.",no,FUROSEMIDA 40 MG X 24 TABLETAS,TABLETAS,Furosemida,,,,cobeca,FUROSEMIDA TAB 40MG X24 MEY,https://mav.farmaciasaas.com/api/images/articulos/DISTRIBUCION/5296.jpg,0,1002,match T0 score 1002,si
164,38154,HO36306/3,GENTAMICINA 160 MG / 2 ML X 10 AMPOLLAS,crear,,"BLUE MEDICAL PHARMACEUTICAL, C.A.",si,GENTAMICINA 160 MG / 2 ML X 10 AMPOLLAS,INYECTABLE,Gentamicina,X 10 INYECTABLE,10,Linea Hospitalaria,cobeca,GENTAMICINA AMP 160MG/2ML X 10 BLUE/M,https://mav.farmaciasaas.com/api/images/articulos/DISTRIBUCION/30124.jpg,,,lab sin productos en BD,si
165,38155,HO36306/2,GENTAMICINA 160 MG / 2 ML X 5 AMPOLLAS,crear,,"CASA DE REPRESENTACION DISTRILAB, C.A.",si,GENTAMICINA 160 MG / 2 ML X 5 AMPOLLAS,INYECTABLE,Gentamicina,X 5 INYECTABLE,5,Linea Hospitalaria,cobeca,GENTAMICINA SOL INY 160MG/2ML X5 DIST,https://mav.farmaciasaas.com/api/images/articulos/DISTRIBUCION/52502.jpg,,,lab sin productos en BD,si
166,38158,ME33501,GLIBENCLAMIDA 5 MG X 10 COMPRIMIDOS,crear,,"KMPLUS PHARMACEUTICALS, C.A.",si,GLIBENCLAMIDA 5 MG X 10 COMPRIMIDOS,COMPRIMIDOS,Glibenclamida,X 10 COMPRIMIDOS,10,Linea Farmacia,farmanselmo,GLIBENCLAMIDA 5 MG X 10 TABLETAS KMPLUS (E),https://pccentro.net.ve/img/s/4/1/1/3/7/41137-large_default.webp,,,lab sin productos en BD,si
167,38159,ME26275,GLIBENCLAMIDA 5 MG X 30 TABLETAS,crear,,"INVERSIONES ANGELUS HEALTH, C.A.",si,GLIBENCLAMIDA 5 MG X 30 TABLETAS,TABLETAS,Glibenclamida,X 30 TABLETAS,30,Linea Farmacia,cobeca,GLIBENCLAMIDA TAB 5MG X 30 ANGELUS,https://mav.farmaciasaas.com/api/images/articulos/DISTRIBUCION/28525.jpg,,,lab existe pero sin match >= T0,si
168,38168,ME32878,GLIMEPIRIDA 4 MG TABLETAS,asignar,38167,"LABORATORIOS LETI, S.A.V.",no,GLIMEPIRIDA 4 MG X 15 COMPRIMIDOS,COMPRIMIDOS,Glimepirida,,,,cobeca,GLIMEPIRIDA COMP 4MG X15 LETI,https://mav.farmaciasaas.com/api/images/articulos/DISTRIBUCION/52338.jpg,0,1002,match T0 score 1002,si
169,38169,ME32727,GLIMERID 2 MG X 30 TABLETAS,crear,,"INVERSIONES ANGELUS HEALTH, C.A.",si,GLIMEPIRIDA 2 MG X 30 TABLETAS,TABLETAS,Glimepirida,X 30 TABLETAS,30,Linea Farmacia,cobeca,GLIMEPIRIDA TAB 2MG X30 ANG/H,https://mav.farmaciasaas.com/api/images/articulos/DISTRIBUCION/21362.jpg,,,lab existe pero sin match >= T0,si
170,38191,ME35183/2,LOSARTAN POTASICO - HIDROCLOROTIAZIDA 100 MG - 25 MG X 10 COMPRIMIDOS RECUBIERTOS,asignar,38399,"LABORATORIO LA SANTE, C.A.",no,LOSARTAN POTASICO - HIDROCLOROTIAZIDA 100 MG - 25 MG X 10 TABLETAS RECUBIERTAS,TABLETAS,Hidroclorotiazida - Losartan,,,,cobeca,LOSARTAN/HCT TAB REC 100/25MG X10 PHARME,https://mav.farmaciasaas.com/api/images/articulos/DISTRIBUCION/22228.jpg,0,1004,match T0 score 1004,si
171,38195,ME36980/2,LOSARTAN POTASICO - HIDROCLOROTIAZIDA 100 MG - 25 MG X 10 COMPRIMIDOS RECUB,asignar,38399,"LABORATORIO LA SANTE, C.A.",no,LOSARTAN POTASICO - HIDROCLOROTIAZIDA 100 MG - 25 MG X 10 TABLETAS RECUBIERTAS,TABLETAS,Hidroclorotiazida - Losartan,,,,cobeca,LOSARTAN/HCT TAB REC 100/25MG X10 PHARME,https://mav.farmaciasaas.com/api/images/articulos/DISTRIBUCION/22228.jpg,0,1004,match T0 score 1004,si
172,38196,ME36980/3,LOSARTAN POTASICO - HIDROCLOROTIAZIDA 100 MG - 25 MG X 30 COMPRIMIDOS RECUB,ya_tiene_foto,38400,"LABORATORIO LA SANTE, C.A.",no,,,,,,,cobeca,LOSARTAN HCT TAB REC 100/25MGX30 PHARME,https://mav.farmaciasaas.com/api/images/articulos/DISTRIBUCION/99859.jpg,0,1004,producto objetivo ya tiene foto (#38400),no
173,38216,ME34468,IBUPROFENO 100 MG / 5 ML SUSPENSION,asignar,38217,"LABORATORIOS LETI, S.A.V.",no,IBUPROFENO 100 MG / 5 ML SUSPENSION ORAL,SUSPENSION ORAL,Ibuprofeno,,,,cobeca,IBUPROFENO SUSP 100MG/5ML 90ML LETI,https://mav.farmaciasaas.com/api/images/articulos/DISTRIBUCION/99047.jpg,0,1002,match T0 score 1002,si
174,38253,ME36068/3,IRBESARTAN 150 MG X 28 TABLETAS,asignar,39257,"CALOX INTERNATIONAL, C.A.",no,IRBESARTAN 150 MG X 28 TABLETAS,TABLETAS,Irbesartan,,,,cobeca,IRBESARTAN TAB 150 MG X 28 CLX,https://mav.farmaciasaas.com/api/images/articulos/DISTRIBUCION/28781.jpg,0,1002,match T0 score 1002,si
175,38254,ME36068/2,IRBESARTAN 150 MG X 10 TABLETAS,crear,,"LABORATORIO LA SANTE, C.A.",no,IRBESARTAN 150 MG X 10 TABLETAS,TABLETAS,Irbesartan,X 10 TABLETAS,10,Linea Farmacia,cobeca,IRBESARTAN TAB 150MG X10 PHARME,https://mav.farmaciasaas.com/api/images/articulos/DISTRIBUCION/94012.jpg,,,lab existe pero sin match >= T0,si
176,38255,ME36068/4,IRBESARTAN 150 MG X 30 TABLETAS,ya_tiene_foto,38205,"LABORATORIOS VALMOR, C.A.",no,,,,,,,farmanselmo,IBECAR IRBESARTAN 150 MG x30 TABLETAS VALMORCA (E),https://pccentro.net.ve/img/s/5/5/0/4/9/55049-large_default.webp,0,1002,producto objetivo ya tiene foto (#38205),no
177,38257,ME35908/2,IRBESARTAN 300 MG X 10 TABLETAS,crear,,"LABORATORIO LA SANTE, C.A.",no,IRBESARTAN 300 MG X 10 TABLETAS,TABLETAS,Irbesartan,X 10 TABLETAS,10,Linea Farmacia,cobeca,IRBESARTAN TAB 300MG X10 PHARME,https://mav.farmaciasaas.com/api/images/articulos/DISTRIBUCION/50766.jpg,,,lab existe pero sin match >= T0,si
178,38261,ME43740,ITRACONAZOL 100 MG X 10 CAPSULAS,crear,,"ALESS PHARMACEUTICALS, C.A.",si,ITRACONAZOL 100 MG X 10 CAPSULAS,CAPSULAS,Itraconazol,X 10 CAPSULAS,10,Linea Farmacia,cobeca,ITRACONAZOL CAP 100MG X10 ALESS,https://mav.farmaciasaas.com/api/images/articulos/DISTRIBUCION/53012.jpg,,,lab sin productos en BD,si
179,38284,HO35019/2,KETOPROFENO 100 MG / 2 ML X 1 AMPOLLA,asignar,39271,"LABORATORIO COFASA, S.A.",no,KETOPROFENO 100 MG / 2 ML X 1 AMPOLLA,INYECTABLE,Ketoprofeno,,,,cobeca,KETOPROFENO AMP 100MG X1 COFA,https://mav.farmaciasaas.com/api/images/articulos/DISTRIBUCION/521.jpg,0,1002,match T0 score 1002,si
180,38285,HO35019/3,KETOPROFENO 100 MG / 2 ML X 2 AMPOLLAS,crear,,"LABORATORIOS LETI, S.A.V.",no,KETOPROFENO 100 MG / 2 ML X 2 AMPOLLAS,INYECTABLE,Ketoprofeno,X 2 INYECTABLE,2,Linea Hospitalaria,cobeca,KETOPROFENO AMP 100MG/2ML X2 LETI,https://mav.farmaciasaas.com/api/images/articulos/DISTRIBUCION/5201.jpg,,,solo match relaxando pack (T2) — presentacion exacta no existe,si
181,38286,HO35019/4,KETOPROFENO 100 MG / 2 ML X 10 AMPOLLAS,crear,,"TIARES, C.A.",si,KETOPROFENO 100 MG / 2 ML X 10 AMPOLLAS,INYECTABLE,Ketoprofeno,X 10 INYECTABLE,10,Linea Hospitalaria,cobeca,KETOPROFENO AMP IV/IM 100MG X10 TIAR,https://mav.farmaciasaas.com/api/images/articulos/DISTRIBUCION/26418.jpg,,,lab existe pero sin match >= T0,si
182,38296,HO42668/3,KETOROLACO TROMETAMOL 30 MG / ML X 10 AMPOLLAS,crear,,"CASA DE REPRESENTACION GLOBAL MEDIC, C.A.",si,KETOROLACO TROMETAMOL 30 MG / ML X 10 AMPOLLAS,INYECTABLE,Ketorolaco,X 10 INYECTABLE,10,Linea Hospitalaria,cobeca,KETOROLACO AMP 30MG/1ML X 10 CR GM,https://mav.farmaciasaas.com/api/images/articulos/DISTRIBUCION/29479.jpg,,,lab existe pero sin match >= T0,si
183,38298,HO42686,KETOROLACO TROMETAMINA 30 MG / ML X 3 AMPOLLAS,crear,,"CASA DE REPRESENTACION FARMACEUTICAS CCM, C.A.",si,KETOROLACO TROMETAMINA 30 MG / ML X 3 AMPOLLAS,INYECTABLE,Ketorolaco,X 3 INYECTABLE,3,Linea Hospitalaria,cobeca,KETOROLACO SOL INY 30MG/ML X3 CR CCM,https://mav.farmaciasaas.com/api/images/articulos/DISTRIBUCION/27131.jpg,,,lab existe pero sin match >= T0,si
184,38299,ME36886,KETOROLAC TROMETAMINA 20 MG X 10 COMPRIMIDOS,crear,,"CASA DE REPRESENTACION FARMACOS MEDIORIENTE, C.A.",si,KETOROLACO TROMETAMINA 20 MG X 10 COMPRIMIDOS,COMPRIMIDOS,Ketorolaco Trometamina,X 10 COMPRIMIDOS,10,Linea Farmacia,cobeca,KETOROLACO TROMETAMINA TAB 20MG X10 FMED,https://mav.farmaciasaas.com/api/images/articulos/DISTRIBUCION/51770.jpg,,,lab existe pero sin match >= T0,si
185,38311,ME42689,LAMOTRIGINA 100 MG X 30 TABLETAS RECUBIERTAS,crear,,"CASA DE REPRESENTACION LATTAN MEDIC, C.A.",si,LAMOTRIGINA 100 MG X 30 TABLETAS RECUBIERTAS,TABLETAS,Lamotrigina,X 30 TABLETAS,30,Linea Farmacia,cobeca,LAMOTRIGINA TAB 100MG X30 CR LATT,https://mav.farmaciasaas.com/api/images/articulos/DISTRIBUCION/23029.jpg,,,lab sin productos en BD,si
186,38312,ME44647,LAMOTRIGINA 100 MG X 28 TABLETAS DE LIBERACION PROLONGADA,crear,,"CASA DE REPRESENTACION FARMACEUTICAS CCM, C.A.",si,LAMOTRIGINA 100 MG X 28 TABLETAS DE LIBERACION PROLONGADA,TABLETAS,Lamotrigina,X 28 TABLETAS,28,Linea Farmacia,cobeca,LAMOTRIGINA TAB AD 100MG X28 CR CCM,https://mav.farmaciasaas.com/api/images/articulos/DISTRIBUCION/20096.jpg,,,lab existe pero sin match >= T0,si
187,38324,ME44311,LERCANIDIPNO 20 MG X 30 TABLETAS RECUBIERTAS,crear,,"CALOX INTERNATIONAL, C.A.",no,LERCANIDIPINO 20 MG X 30 TABLETAS,TABLETAS,Lercanidipino,X 30 TABLETAS,30,Linea Farmacia,cobeca,LERCANIDIPINO TAB REC 20MG X30 CLX,https://mav.farmaciasaas.com/api/images/articulos/DISTRIBUCION/51324.jpg,,,lab existe pero sin match >= T0,si
188,38328,ME37661,LETROZOL 2.5 MG X 30 TABLETAS RECUBIERTAS,crear,,"CASA DE REPRESENTACION MT GLOBAL CARE, C.A.",si,LETROZOL 2.5 MG X 30 TABLETAS RECUBIERTAS,TABLETAS,Letrozol,X 30 TABLETAS,30,Linea Farmacia,cobeca,"LETROZOL TAB REC 2,5MG X30 CR MT",https://mav.farmaciasaas.com/api/images/articulos/DISTRIBUCION/53401.jpg,,,lab sin productos en BD,si
189,38331,ME43729,LEVETIRACETAM 500 MG X 30 TABLETAS RECUBIERTAS,crear,,"CORPORACION CLEOPHARMA, C.A.",si,LEVETIRACETAM 500 MG X 30 TABLETAS RECUBIERTAS,TABLETAS,Levetiracetam,X 30 TABLETAS,30,Linea Farmacia,cobeca,LEVETIRACETAM TAB REC 500MG X30 CLEO,https://mav.farmaciasaas.com/api/images/articulos/DISTRIBUCION/25661.jpg,,,lab sin productos en BD,si
190,38332,HO37449,LEVOFLOXACINA 500 MG / 100 ML SOLUCION PARA INFUSION INTRAVENOSA,crear,,"CASA DE REPRESENTACION DISTRILAB, C.A.",si,LEVOFLOXACINA INF CRDIST 500 MG / 100 ML INYECTABLE,INYECTABLE,Levofloxacina Inf Crdist,INYECTABLE,,Linea Hospitalaria,cobeca,LEVOFLOXACINA INF INY 500MG/100ML CRDIST,https://mav.farmaciasaas.com/api/images/articulos/DISTRIBUCION/21338.jpg,,,lab sin productos en BD,si
191,38335,ME43531/2,LEVOFLOXACINA 750 MG X 5 TABLETAS RECUBIERTAS,crear,,"CALOX INTERNATIONAL, C.A.",no,LEVOFLOXACINA 750 MG X 5 TABLETAS RECUBIERTAS,TABLETAS,Levofloxacino,X 5 TABLETAS,5,Linea Farmacia,cobeca,LEVOFLOXACINA TAB 750MG X5 CLX,https://mav.farmaciasaas.com/api/images/articulos/DISTRIBUCION/19718.jpg,,,lab existe pero sin match >= T0,si
192,38337,ME43531/4,LEVOFLOXACINA 750 MG X 10 TABLETAS RECUBIERTAS,crear,,"CASA DE REPRESENTACION DISTRILAB, C.A.",si,LEVOFLOXACINA 750 MG X 10 TABLETAS RECUBIERTAS,TABLETAS,Levofloxacino,X 10 TABLETAS,10,Linea Farmacia,cobeca,LEVOFLOXACINA TAB REC 750MG X10 CR DIST,https://mav.farmaciasaas.com/api/images/articulos/DISTRIBUCION/24415.jpg,,,lab sin productos en BD,si
193,38338,ME35920/3,LEVOFLOXACINA 500 MG X 10 TABLETAS RECUBIERTAS,crear,,"CASA DE REPRESENTACION BIUMAK PHARMACEUTICALS, C.A.",si,LEVOFLOXACINA 500 MG X 10 TABLETAS RECUBIERTAS,TABLETAS,Levofloxacino,X 10 TABLETAS,10,Linea Farmacia,cobeca,LEVOFLOXACINA TAB REC 500MG X10 BIU,https://mav.farmaciasaas.com/api/images/articulos/DISTRIBUCION/26132.jpg,,,lab sin productos en BD,si
194,38339,ME35920/2,LEVOFLOXACINA 500 MG X 7 TABLETAS RECUBIERTAS,crear,,"LABORATORIO LA SANTE, C.A.",no,LEVOFLOXACINA 500 MG X 7 TABLETAS RECUBIERTAS,TABLETAS,Levofloxacino,X 7 TABLETAS,7,Linea Farmacia,cobeca,LEVOFLOXACINA TAB REC 500MG X7 PHARME,https://mav.farmaciasaas.com/api/images/articulos/DISTRIBUCION/24405.jpg,,,lab existe pero sin match >= T0,si
195,38340,ME38925/3,LEVOFLOXACINO 500 MG X 7 TABLETAS RECUBIERTAS,crear,,"CASA DE REPRESENTACION FARMACEUTICAS CCM, C.A.",si,LEVOFLOXACINO 500 MG X 7 TABLETAS RECUBIERTAS,TABLETAS,Levofloxacino,X 7 TABLETAS,7,Linea Farmacia,cobeca,LEVOFLOXACINO TAB 500MG X7 CR CCM,https://mav.farmaciasaas.com/api/images/articulos/DISTRIBUCION/20100.jpg,,,lab existe pero sin match >= T0,si
196,38342,ME38925/2,LEVOFLOXACINO 500 MG X 5 TABLETAS RECUBIERTAS,crear,,"CASA DE REPRESENTACION ADN MEDICAL, C.A.",si,LEVOFLOXACINO 500 MG X 5 TABLETAS RECUBIERTAS,TABLETAS,Levofloxacino,X 5 TABLETAS,5,Linea Farmacia,cobeca,LEVOFLOXACINO TAB REC 500MG X5 ADN,https://mav.farmaciasaas.com/api/images/articulos/DISTRIBUCION/53252.jpg,,,lab sin productos en BD,si
197,38343,ME38926,LEVOFLOXACINO 750 MG X 5 TABLETAS RECUBIERTAS,crear,,"CASA DE REPRESENTACION ADN MEDICAL, C.A.",si,LEVOFLOXACINO 750 MG X 5 TABLETAS RECUBIERTAS,TABLETAS,Levofloxacino,X 5 TABLETAS,5,Linea Farmacia,cobeca,LEVOFLOXACINO TAB REC 750MG X5 ADN,https://mav.farmaciasaas.com/api/images/articulos/DISTRIBUCION/53251.jpg,,,lab sin productos en BD,si
198,38344,ME43297,LEVONORGESTREL 1.5 MG X 1 TABLETA RECUBIERTA,crear,,"CASA DE REPRESENTACION INVERSIONES GEAGAR, C.A.",si,LEVONORGESTREL 1.5 MG X 1 TABLETA RECUBIERTA,TABLETAS,Levonorgestrel,TABLETAS,,Linea Farmacia,cobeca,"LEVONORGESTREL TAB 1,5MG X1 GEAG",https://mav.farmaciasaas.com/api/images/articulos/DISTRIBUCION/50305.jpg,,,lab sin productos en BD,si
199,38349,ME42576/2,LEVOTIROXINA SODICA 100 MCG X 10 TABLETAS,crear,,"CASA DE REPRESENTACION DISTRILAB, C.A.",si,LEVOTIROXINA SODICO 100 MCG X 10 TABLETAS,TABLETAS,Levotiroxina Sodico,X 10 TABLETAS,10,Linea Farmacia,cobeca,LEVOTIROXINA SOD TAB 100MCG X10 CR DIST,https://mav.farmaciasaas.com/api/images/articulos/DISTRIBUCION/22840.jpg,,,lab sin productos en BD,si
200,38350,ME42576/3,LEVOTIROXINA SODICA 100 MCG X 50 TABLETAS,crear,,"CASA DE REPRESENTACION DISTRILAB, C.A.",si,LEVOTIROXINA SODICO 100 MCG X 50 TABLETAS,TABLETAS,Levotiroxina Sodico,X 50 TABLETAS,50,Linea Farmacia,cobeca,LEVOTIROXINA SOD TAB 100MCG X50 CR DIST,https://mav.farmaciasaas.com/api/images/articulos/DISTRIBUCION/54490.jpg,,,lab sin productos en BD,si
201,38351,ME43141,LEVOTIROXINA SODICA 50 MCG X 50 TABLETAS,crear,,"ALESS PHARMACEUTICALS, C.A.",si,LEVOTIROXINA SODICO 50 MCG X 50 TABLETAS,TABLETAS,Levotiroxina Sodico,X 50 TABLETAS,50,Linea Farmacia,cobeca,LEVOTIROXINA SOD TAB 50MCG X50 ALESS,https://mav.farmaciasaas.com/api/images/articulos/DISTRIBUCION/21408.jpg,,,lab sin productos en BD,si
202,38353,HO32824,LIDOCAINA - EPINEFRINA 2 % - 1:50.000 SOLUCION INYECTABLE,crear,,"CASA DE REPRESENTACION GLOBAL MEDIC, C.A.",si,LIDOCAINA INTRAD GMEDIC 2 ML INYECTABLE,INYECTABLE,Lidocaina Intrad Gmedic,INYECTABLE,,Linea Hospitalaria,cobeca,LIDOCAINA AMP 2%/2ML INTRAD X5 GMEDIC,https://mav.farmaciasaas.com/api/images/articulos/DISTRIBUCION/29478.jpg,,,lab existe pero sin match >= T0,si
203,38378,ME40887,LOPERAMIDA 2 MG X 10 TABLETAS,crear,,"CASA DE REPRESENTACION INVERSIONES GEAGAR, C.A.",si,LOPERAMIDA 2 MG X 10 TABLETAS,TABLETAS,Loperamida,TABLETAS,,Linea Farmacia,cobeca,LOPERAMIDA CAP 2MG X10 GEAG,https://mav.farmaciasaas.com/api/images/articulos/DISTRIBUCION/25399.jpg,,,lab sin productos en BD,si
204,38379,ME43709,LOPERAMIDA 2 MG X 100 COMPRIMIDOS,crear,,CASA DE REPRESENTACION MVGA PHARMA,si,LOPERAMIDA PORTU 2 MG X 100 COMPRIMIDOS,COMPRIMIDOS,Loperamida Portu,X 100 COMPRIMIDOS,100,Linea Farmacia,cobeca,LOPERAMIDA TAB 2MG X100 PORTU,https://mav.farmaciasaas.com/api/images/articulos/DISTRIBUCION/25013.jpg,,,lab sin productos en BD,si
205,38382,ME30034,LORATADINA 1 MG / ML JARABE,asignar,39288,"LABORATORIOS L.O. OFTALMI, C.A.",no,LORATADINA 1 MG / ML SOLUCION ORAL,SOLUCION ORAL,Loratadina,,,,cobeca,LORATADINA SOL ORAL PED 1MG/ML 60ML L.O,https://mav.farmaciasaas.com/api/images/articulos/DISTRIBUCION/51011.jpg,0,1002,match T0 score 1002,si
206,38384,ME27529/3,LORATADINA 10 MG X 20 TABLETAS,crear,,"LABORATORIO LA SANTE, C.A.",no,LORATADINA 10 MG X 20 TABLETAS,TABLETAS,Loratadina,X 20 TABLETAS,20,Linea Farmacia,cobeca,LORATADINA TAB 10MG X20 PHARME,https://mav.farmaciasaas.com/api/images/articulos/DISTRIBUCION/99082.jpg,,,lab existe pero sin match >= T0,si
207,38386,ME28201,LORATADINA 5 MG / 5 ML JARABE,crear,,"LABORATORIOS BUKA, C.A.",si,LORATADINA 5 MG / 5 ML JARABE,JARABE,Loratadina,JARABE,,Linea Farmacia,cobeca,LORATADINA SUSP 5MG/5ML 60ML BUKA,https://mav.farmaciasaas.com/api/images/articulos/DISTRIBUCION/23709.jpg,,,lab sin productos en BD,si
208,38388,ME39177,LORATADINA 10 MG X 10 TABLETAS,asignar,38383,"CALOX INTERNATIONAL, C.A.",no,LORATADINA 10 MG X 10 TABLETAS,TABLETAS,Loratadina,,,,cobeca,LORATADINA TAB 10MG X10 CLX,https://mav.farmaciasaas.com/api/images/articulos/DISTRIBUCION/9653.jpg,0,1002,match T0 score 1002,si
209,38397,ME29469/3,LOSARTAN POTASICO 50 MG X 20 COMPRIMIDOS RECUBIERTOS,asignar,38409,"LABORATORIOS KIMICEG, C.A.",no,LOSARTAN POTASICO 50 MG X 20 TABLETAS RECUBIERTAS,TABLETAS,Losartan,,,,cobeca,LOSARTAN POTA TAB REC 50MG X20 KIMIC,https://mav.farmaciasaas.com/api/images/articulos/DISTRIBUCION/92637.jpg,0,1002,match T0 score 1002,si
210,38398,ME36979,LOSARTAN POTASICO - HIDROCLOROTIAZIDA 50 MG - 12.5 MG COMPRIMIDOS RECU,crear,,"INVERSIONES ANGELUS HEALTH, C.A.",si,LOSARTAN HCT 50 MG X 30 COMPRIMIDOS,COMPRIMIDOS,Losartan Hct,X 30 COMPRIMIDOS,30,Linea Farmacia,cobeca,"LOSARTAN/HCT TAB 50MG/12,5MG X30 ANG/H",https://mav.farmaciasaas.com/api/images/articulos/DISTRIBUCION/20434.jpg,,,lab existe pero sin match >= T0,si
211,38399,ME37542/2,LOSARTAN POTASICO - HIDROCLOROTIAZIDA 100 MG - 25 MG X 10 TABLETAS RECUBIERTAS,asignar,38399,"LABORATORIO LA SANTE, C.A.",no,LOSARTAN POTASICO - HIDROCLOROTIAZIDA 100 MG - 25 MG X 10 TABLETAS RECUBIERTAS,TABLETAS,Hidroclorotiazida - Losartan,,,,cobeca,LOSARTAN/HCT TAB REC 100/25MG X10 PHARME,https://mav.farmaciasaas.com/api/images/articulos/DISTRIBUCION/22228.jpg,0,1004,match T0 score 1004,si
212,38402,ME35402/3,LOSARTAN POTASICO - HIDROCLOROTIAZIDA 50 MG - 12.5 MG X 30 COMPRIMIDOS RECU,crear,,"INVERSIONES ANGELUS HEALTH, C.A.",si,LOSARTAN HCT 50 MG X 30 COMPRIMIDOS,COMPRIMIDOS,Losartan Hct,X 30 COMPRIMIDOS,30,Linea Farmacia,cobeca,"LOSARTAN/HCT TAB 50MG/12,5MG X30 ANG/H",https://mav.farmaciasaas.com/api/images/articulos/DISTRIBUCION/20434.jpg,,,lab existe pero sin match >= T0,si
213,38403,ME35402/2,LOSARTAN POTASICO - HIDROCLOROTIAZIDA 50 MG - 12.5 MG X 15 COMPRIMIDOS RECU,crear,,"LABORATORIO LA SANTE, C.A.",no,LOSARTAN HCT 50 MG X 15 COMPRIMIDOS,COMPRIMIDOS,Losartan Hct,X 15 COMPRIMIDOS,15,Linea Farmacia,cobeca,"LOSARTAN/HCT TAB 50/12,5MG X15 PHARME",https://mav.farmaciasaas.com/api/images/articulos/DISTRIBUCION/90067.jpg,,,lab existe pero sin match >= T0,si
214,38405,ME36110/2,LOSARTAN POTASICO - HIDROCLOROTIZADA 100 MG - 25 MG X 10 TABLETAS RECUBIERTAS,asignar,38399,"LABORATORIO LA SANTE, C.A.",no,LOSARTAN POTASICO - HIDROCLOROTIAZIDA 100 MG - 25 MG X 10 TABLETAS RECUBIERTAS,TABLETAS,Hidroclorotiazida - Losartan,,,,cobeca,LOSARTAN/HCT TAB REC 100/25MG X10 PHARME,https://mav.farmaciasaas.com/api/images/articulos/DISTRIBUCION/22228.jpg,0,1004,match T0 score 1004,si
215,38407,ME31205/2,LOSARTAN POTASICO 50 MG X 10 TABLETAS RECUBIERTAS,asignar,38396,"LABORATORIOS LETI, S.A.V.",no,LOSARTAN POTASICO 50 MG X 10 COMPRIMIDOS RECUBIERTOS,COMPRIMIDOS,Losartan,,,,cobeca,LOSARTAN POTA COMP 50MG X10 LETI,https://mav.farmaciasaas.com/api/images/articulos/DISTRIBUCION/3399.jpg,0,1002,match T0 score 1002,si
216,38422,ME38235,GLETOP 20 MG X 60 TABLETAS CON CUBIERTA ENTERICA,crear,,"ARCO IRIS LABORATORIO, C.A.",si,MAGNESIO GLICINATO X 60 TABLETAS,TABLETAS,Magnesio Glicinato,X 60 TABLETAS,60,Linea Farmacia,cobeca,MAGNESIO GLICINATO CAP X60 ARC IRIS,https://mav.farmaciasaas.com/api/images/articulos/DISTRIBUCION/27004.jpg,,,lab sin productos en BD,si
217,38430,ME41135,MATERNAVIT X 30 CAPSULAS BLANDAS,crear,,"CASAS DE REPRESENTACION MEDIFARM, C.A.",si,MATERNAVIT X 30 CAPSULAS BLANDAS,CAPSULAS,Maternavit,X 30 CAPSULAS,30,Linea Farmacia,cobeca,MATERNAVIT CAP BLD X30 MDF,https://mav.farmaciasaas.com/api/images/articulos/DISTRIBUCION/13652.jpg,,,lab sin productos en BD,si
218,38434,ME43537/2,MEDROXIPROGESTERONA 10 MG X 10 TABLETAS,crear,,"KMPLUS PHARMACEUTICALS, C.A.",si,MEDROXIPROGESTERONA 10 MG X 10 TABLETAS,TABLETAS,Medroxiprogesterona,X 10 TABLETAS,10,Linea Farmacia,cobeca,MEDROXIPROGESTERONA TAB 10MG X10 KMP,https://mav.farmaciasaas.com/api/images/articulos/DISTRIBUCION/53471.jpg,,,lab sin productos en BD,si
219,38438,ME33048,MELOXICAM 15 MG X 10 TABLETAS,crear,,"INVERSIONES ANGELUS HEALTH, C.A.",si,MELOXICAM 15 MG X 10 TABLETAS,TABLETAS,Meloxicam,X 10 TABLETAS,10,Linea Farmacia,cobeca,MELOXICAM TAB 15MG X 10 ANGELUS,https://mav.farmaciasaas.com/api/images/articulos/DISTRIBUCION/28529.jpg,,,lab existe pero sin match >= T0,si
220,38441,ME30976,MELOXICAM 7.5 MG X 10 TABLETAS,crear,,"LABORATORIO LA SANTE, C.A.",no,MELOXICAM 7.5 MG X 10 TABLETAS,TABLETAS,Meloxicam,X 10 TABLETAS,10,Linea Farmacia,cobeca,"MELOXICAM TAB 7,5MG X10 PHARME",https://mav.farmaciasaas.com/api/images/articulos/DISTRIBUCION/1986.jpg,,,lab existe pero sin match >= T0,si
221,38442,ME43017/2,MEMANTINA CLORHIDRATO 10 MG X 10 TABLETAS RECUBIERTAS,crear,,"CASA DE REPRESENTACION FARMACOS MEDIORIENTE, C.A.",si,MEMANTINA CLORHIDRATO 10 MG X 10 TABLETAS RECUBIERTAS,TABLETAS,Memantina,X 10 TABLETAS,10,Linea Farmacia,cobeca,MEMANTINA TAB 10MG X10 FMED,https://mav.farmaciasaas.com/api/images/articulos/DISTRIBUCION/50985.jpg,,,lab existe pero sin match >= T0,si
222,38443,ME43017/4,MEMANTINA CLORHIDRATO 10 MG X 28 TABLETAS RECUBIERTAS,crear,,"CASA DE REPRESENTACION FARMACEUTICAS CCM, C.A.",si,MEMANTINA CLORHIDRATO 10 MG X 28 TABLETAS RECUBIERTAS,TABLETAS,Memantina,X 28 TABLETAS,28,Linea Farmacia,cobeca,MEMANTINA TAB 10MG X28 CR CCM,https://mav.farmaciasaas.com/api/images/articulos/DISTRIBUCION/22396.jpg,,,lab existe pero sin match >= T0,si
223,38444,ME43017/3,MEMANTINA CLORHIDRATO 10 MG X 14 TABLETAS RECUBIERTAS,crear,,"CASA DE REPRESENTACION BIUMAK PHARMACEUTICALS, C.A.",si,MEMANTINA CLORHIDRATO 10 MG X 14 TABLETAS RECUBIERTAS,TABLETAS,Memantina,X 14 TABLETAS,14,Linea Farmacia,cobeca,MEMANTINA TAB REC 10MG X14 BIU,https://mav.farmaciasaas.com/api/images/articulos/DISTRIBUCION/26136.jpg,,,lab sin productos en BD,si
224,38447,HO34365,MEROPENEM 1 G X 10 AMPOLLAS,crear,,"CASA DE REPRESENTACION DISTRILAB, C.A.",si,MEROPENEM 1 G X 10 AMPOLLAS,INYECTABLE,Meropenem,X 10 INYECTABLE,10,Linea Hospitalaria,cobeca,MEROPENEM AMP 1G X10 CR DIST,https://mav.farmaciasaas.com/api/images/articulos/DISTRIBUCION/26005.jpg,,,lab sin productos en BD,si
225,38452,ME37735,CLORHIDRATO DE METFORMINA 500 MG X 30 TABLETAS RECUBIERTAS,crear,,"INVERSIONES ANGELUS HEALTH, C.A.",si,CLORHIDRATO DE METFORMINA 500 MG X 30 TABLETAS RECUBIERTAS,TABLETAS,Metformina,X 30 TABLETAS,30,Linea Farmacia,cobeca,METFORMINA TAB 500MG X30 ANG/H,https://mav.farmaciasaas.com/api/images/articulos/DISTRIBUCION/20433.jpg,,,lab existe pero sin match >= T0,si
226,38456,ME42410,METFORMINA CLORHIDRATO 1000 MG X 30 TABLETAS RECUBIERTAS,crear,,"CASA DE REPRESENTACION LATTAN MEDIC, C.A.",si,METFORMINA LP 1000 MG X 30 TABLETAS,TABLETAS,Metformina Lp,X 30 TABLETAS,30,Linea Farmacia,cobeca,METFORMINA TAB LP 1000MG X30 CR LATT,https://mav.farmaciasaas.com/api/images/articulos/DISTRIBUCION/52951.jpg,,,lab sin productos en BD,si
227,38458,ME36815,METFORMINA 500 MG X 30 TABLETAS RECUBIERTAS,crear,,"INVERSIONES ANGELUS HEALTH, C.A.",si,METFORMINA 500 MG X 30 TABLETAS RECUBIERTAS,TABLETAS,Metformina,X 30 TABLETAS,30,Linea Farmacia,cobeca,METFORMINA TAB 500MG X30 ANG/H,https://mav.farmaciasaas.com/api/images/articulos/DISTRIBUCION/20433.jpg,,,lab existe pero sin match >= T0,si
228,38460,ME37538,METFORMINA CLORHIDRATO 500 MG X 30 TABLETAS RECUBIERTAS,crear,,"INVERSIONES ANGELUS HEALTH, C.A.",si,METFORMINA CLORHIDRATO 500 MG X 30 TABLETAS RECUBIERTAS,TABLETAS,Metformina,X 30 TABLETAS,30,Linea Farmacia,cobeca,METFORMINA TAB 500MG X30 ANG/H,https://mav.farmaciasaas.com/api/images/articulos/DISTRIBUCION/20433.jpg,,,lab existe pero sin match >= T0,si
229,38461,ME32508/3,METFORMINA CLORHIDRATO 850 MG X 30 TABLETAS,crear,,"INVERSIONES ANGELUS HEALTH, C.A.",si,METFORMINA CLORHIDRATO 850 MG X 30 TABLETAS,TABLETAS,Metformina,X 30 TABLETAS,30,Linea Farmacia,cobeca,METFORMINA TAB 850MG X 30 ANGELUS,https://mav.farmaciasaas.com/api/images/articulos/DISTRIBUCION/28530.jpg,,,lab existe pero sin match >= T0,si
230,38464,ME42625,METFORMINA CLORHIDRATO 1000 MG X 30 TABLETAS RECUBIERTAS,crear,,"CASA DE REPRESENTACION LATTAN MEDIC, C.A.",si,METFORMINA LP 1000 MG X 30 TABLETAS,TABLETAS,Metformina Lp,X 30 TABLETAS,30,Linea Farmacia,cobeca,METFORMINA TAB LP 1000MG X30 CR LATT,https://mav.farmaciasaas.com/api/images/articulos/DISTRIBUCION/52951.jpg,,,lab sin productos en BD,si
231,38467,HO44684,METOCLOPRAMIDA 10 MG / 2 ML X 3 AMPOLLAS,crear,,"CASA DE REPRESENTACION DISTRILAB, C.A.",si,METOCLOPRAMIDA 10 MG / 2 ML X 3 AMPOLLAS,INYECTABLE,Metoclopramida,X 3 INYECTABLE,3,Linea Hospitalaria,cobeca,METOCLOPRAMIDA AMP 10MG/2ML X3 DISTRILAB,https://mav.farmaciasaas.com/api/images/articulos/DISTRIBUCION/28789.jpg,,,lab sin productos en BD,si
232,38469,ME36811,METOCLOPRAMIDA 10 MG X 10 TABLETAS,crear,,"LABORATORIOS VICENTI, C.A.",si,METOCLOPRAMIDA 10 MG X 10 TABLETAS,TABLETAS,Metoclopramida,X 10 TABLETAS,10,Linea Farmacia,cobeca,METOCLOPRAMIDA TAB 10MG X10 VIN,https://mav.farmaciasaas.com/api/images/articulos/DISTRIBUCION/26729.jpg,,,lab existe pero sin match >= T0,si
233,38475,ME42520,METRONIDAZOL 0.75 % GEL,crear,,"CASA DE REPRESENTACION ZUKATI, C.A.",si,METRONIDAZOL 0.75 % GEL,GEL,Metronidazol,GEL,,Linea Farmacia,cobeca,"METRONIDAZOL GEL 0,75% X 15 G ZUKATI",https://mav.farmaciasaas.com/api/images/articulos/DISTRIBUCION/28989.jpg,,,lab sin productos en BD,si
234,38476,HO42390,METRONIDAZOL 500 MG / 100 ML SOLUCION PARA INFUSION.,crear,,"IPS DE VENEZUELA, C.A.",si,METRONIDAZOL 500 MG / 100 ML SOLUCION PARA INFUSION.,INYECTABLE,Metronidazol,INYECTABLE,,Linea Hospitalaria,cobeca,METRONIDAZOL SOL INY 500MG/100ML IPS,https://mav.farmaciasaas.com/api/images/articulos/DISTRIBUCION/21360.jpg,,,lab sin productos en BD,si
235,38477,ME42530,METRONIDAZOL 500 MG X 10 OVULOS VAGINALES,crear,,"ALESS PHARMACEUTICALS, C.A.",si,METRONIDAZOL 500 MG X 10 OVULOS VAGINALES,OVULOS,Metronidazol,X 10 OVULOS,10,Linea Farmacia,cobeca,METRONIDAZOL OVU 500MG X10 ALESS,https://mav.farmaciasaas.com/api/images/articulos/DISTRIBUCION/21032.jpg,,,lab sin productos en BD,si
236,38478,HO33361,METRONIDAZOL 500 MG / 100 ML SOLUCION PARA INFUSION INTRAVENOSA,crear,,"IPS DE VENEZUELA, C.A.",si,METRONIDAZOL 500 MG / 100 ML SOLUCION PARA INFUSION INTRAVENOSA,INYECTABLE,Metronidazol,INYECTABLE,,Linea Hospitalaria,cobeca,METRONIDAZOL SOL INY 500MG/100ML IPS,https://mav.farmaciasaas.com/api/images/articulos/DISTRIBUCION/21360.jpg,,,lab sin productos en BD,si
237,38482,ME28549/3,METRONIDAZOL 500 MG X 30 TABLETAS,crear,,"INVERSIONES ANGELUS HEALTH, C.A.",si,METRONIDAZOL 500 MG X 30 TABLETAS,TABLETAS,Metronidazol,X 30 TABLETAS,30,Linea Farmacia,cobeca,METRONIDAZOL TAB 500MG X30 ANG/H,https://mav.farmaciasaas.com/api/images/articulos/DISTRIBUCION/21370.jpg,,,lab existe pero sin match >= T0,si
238,38483,ME43038,METRONIDAZOL 500 MG X 30 TABLETAS,crear,,"INVERSIONES ANGELUS HEALTH, C.A.",si,METRONIDAZOL 500 MG X 30 TABLETAS,TABLETAS,Metronidazol,X 30 TABLETAS,30,Linea Farmacia,cobeca,METRONIDAZOL TAB 500MG X30 ANG/H,https://mav.farmaciasaas.com/api/images/articulos/DISTRIBUCION/21370.jpg,,,lab existe pero sin match >= T0,si
239,38487,ME34758,MICROSER 16 MG X 20 TABLETAS,crear,,"CASA DE REPRESENTACION FARMACOS MEDIORIENTE, C.A.",si,BETAHISTINA 16 MG X 20 TABLETAS,TABLETAS,Betahistina,X 20 TABLETAS,20,Linea Farmacia,cobeca,BETAHISTINA TAB 16MG X20 FMED,https://mav.farmaciasaas.com/api/images/articulos/DISTRIBUCION/51762.jpg,,,lab existe pero sin match >= T0,si
240,38497,ME43809,VERNATE 0.05 % CREMA,asignar,39439,"CALOX INTERNATIONAL, C.A.",no,CLOBETASOL PROPIONATO 0.05 % UNGUENTO,UNGUENTO,Clobetasol,,,,cobeca,"CLOBETASOL PROPIONAT CREM 0,05% 20G CLX",https://mav.farmaciasaas.com/api/images/articulos/DISTRIBUCION/90441.jpg,0,1000,match T0 score 1000,si
241,38498,ME43124,MIRTAZAPINA 15 MG X 30 TABLETAS RECUBIERTAS,crear,,"CORPORACION CLEOPHARMA, C.A.",si,MIRTAZAPINA 15 MG X 30 TABLETAS RECUBIERTAS,TABLETAS,Mirtazapina,X 30 TABLETAS,30,Linea Farmacia,cobeca,MIRTAZAPINA TAB 15MG X30 CLEO,https://mav.farmaciasaas.com/api/images/articulos/DISTRIBUCION/25667.jpg,,,lab sin productos en BD,si
242,38499,ME37308,MIRTAZAPINA 30 MG X 30 TABLETAS RECUBIERTAS,crear,,"CALOX INTERNATIONAL, C.A.",no,MIRTAZAPINA 30 MG X 30 TABLETAS RECUBIERTAS,TABLETAS,Mirtazapina,X 30 TABLETAS,30,Linea Farmacia,cobeca,MIRTAZAPINA TAB 30MG X30 CLX,https://mav.farmaciasaas.com/api/images/articulos/DISTRIBUCION/51322.jpg,,,lab existe pero sin match >= T0,si
243,38506,ME35286,MONTELUKAST 5 MG X 30 TABLETAS MASTICABLES,ambiguo,39028|39310,"LABORATORIOS L.O. OFTALMI, C.A.",no,,,,,,,cobeca,MONTELUKAST TAB MAST PED 5MG X30 L.O,https://mav.farmaciasaas.com/api/images/articulos/DISTRIBUCION/92814.jpg,,,2+ candidatos de presentación exacta empatados en mismo tier,no
244,38516,ME37148,MOXIFLOXACINA 400 MG X 7 TABLETAS RECUBIERTAS,asignar,38516,"LABORATORIO LA SANTE, C.A.",no,MOXIFLOXACINA 400 MG X 7 TABLETAS RECUBIERTAS,TABLETAS,Moxifloxacino,,,,cobeca,MOXIFLOXACINA TAB REC 400MG X7 PHARME,https://mav.farmaciasaas.com/api/images/articulos/DISTRIBUCION/90066.jpg,0,1002,match T0 score 1002,si
245,38517,ME36486,MOXIFLOXACINA 400 MG X 10 COMPRIMIDOS RECUBIERTOS,crear,,"CASA DE REPRESENTACIONES BELMARCA, C.A.",si,MOXIFLOXACINA 400 MG X 10 COMPRIMIDOS RECUBIERTOS,COMPRIMIDOS,Moxifloxacino,X 10 COMPRIMIDOS,10,Linea Farmacia,cobeca,MOXIFLOXACINA TAB 400MG X10 CR BEL,https://mav.farmaciasaas.com/api/images/articulos/DISTRIBUCION/25226.jpg,,,lab sin productos en BD,si
246,38531,ME34793,NAPROXENO 250 MG X 10 TABLETAS,crear,,"CASA DE REPRESENTACION FARMACEUTICAS CCM, C.A.",si,NAPROXENO 250 MG X 10 TABLETAS,TABLETAS,Naproxeno,X 10 TABLETAS,10,Linea Farmacia,cobeca,NAPROXENO COMP 250MG X10 CCM,https://mav.farmaciasaas.com/api/images/articulos/DISTRIBUCION/53117.jpg,,,lab existe pero sin match >= T0,si
247,38534,ME31384/5,NEFROTAL H 50 MG - 12.5 MG X 30 COMPRIMIDOS RECUBIERTOS,crear,,"LABORATORIO LA SANTE, C.A.",no,LOSARTAN HCT TABR 50 MG X 30 COMPRIMIDOS,COMPRIMIDOS,Losartan Hct Tabr,X 30 COMPRIMIDOS,30,Linea Farmacia,cobeca,LOSARTAN/HCT TABR 50MG/12.5MG X30 LA SAN,https://mav.farmaciasaas.com/api/images/articulos/DISTRIBUCION/28636.jpg,,,lab existe pero sin match >= T0,si
248,38535,ME31384/4,NEFROTAL H 50 MG - 12.5 MG X 15 COMPRIMIDOS RECUBIERTOS,crear,,"LABORATORIO LA SANTE, C.A.",no,LOSARTAN HCT 50 MG X 15 COMPRIMIDOS,COMPRIMIDOS,Losartan Hct,X 15 COMPRIMIDOS,15,Linea Farmacia,cobeca,"LOSARTAN/HCT TAB 50/12,5MG X15 PHARME",https://mav.farmaciasaas.com/api/images/articulos/DISTRIBUCION/90067.jpg,,,lab existe pero sin match >= T0,si
249,38536,ME31384/2,NEFROTAL H 50 MG - 12.5 MG X 10 COMPRIMIDOS RECUBIERTOS,crear,,"LABORATORIOS KIMICEG, C.A.",no,LOSARTAN POTASICO HCT 50 MG X 10 COMPRIMIDOS,COMPRIMIDOS,Losartan Potasico Hct,X 10 COMPRIMIDOS,10,Linea Farmacia,cobeca,"LOSARTAN POTA/HCT 50/12,5MG X10 KIMIC",https://mav.farmaciasaas.com/api/images/articulos/DISTRIBUCION/93777.jpg,,,lab existe pero sin match >= T0,si
250,38552,ME28779,NIFEDIPINA 10 MG X 14 CAPSULAS,asignar,38552,"LABORATORIO LA SANTE, C.A.",no,NIFEDIPINA 10 MG X 14 CAPSULAS,CAPSULAS,Nifedipino,,,,cobeca,NIFEDIPINA CAP 10MG X14 PHARME,https://mav.farmaciasaas.com/api/images/articulos/DISTRIBUCION/27546.jpg,0,1002,match T0 score 1002,si
251,38554,ME25984/2,NIFEDIPINA 10 MG X 10 COMPRIMIDOS DISPERSABLES,crear,,"CASA DE REPRESENTACION LAND, C.A.",si,NIFEDIPINA 10 MG X 10 COMPRIMIDOS DISPERSABLES,COMPRIMIDOS,Nifedipino,X 10 COMPRIMIDOS,10,Linea Farmacia,farmanselmo,NIFEDIPINA 10 MG X10 TABLETAS LAND (E),https://pccentro.net.ve/img/s/5/9/8/4/5/59845-large_default.webp,,,lab sin productos en BD,si
252,38562,ME43051/3,NITROFURANTOINA 100 MG X 300 TABLETAS RECUBIERTAS,crear,,"CASA DE REPRESENTACIONES NAUTICA, C.A.",si,NITROFURANTOINA LAPROFF 100 MG X 300 TABLETAS,TABLETAS,Nitrofurantoina Laproff,X 300 TABLETAS,300,Linea Farmacia,cobeca,NITROFURANTOINA CAP 100MG X300 LAPROFF,https://mav.farmaciasaas.com/api/images/articulos/DISTRIBUCION/51871.jpg,,,lab sin productos en BD,si
253,38563,ME43051/2,NITROFURANTOINA 100 MG X 10 TABLETAS RECUBIERTAS,crear,,"CORPORACION CLEOPHARMA, C.A.",si,NITROFURANTOINA 100 MG X 10 TABLETAS RECUBIERTAS,TABLETAS,Nitrofurantoina,X 10 TABLETAS,10,Linea Farmacia,cobeca,NITROFURANTOINA TAB 100MG X10 CLEO,https://mav.farmaciasaas.com/api/images/articulos/DISTRIBUCION/25663.jpg,,,lab sin productos en BD,si
254,38564,ME44220/2,NITROFURANTOINA 50 MG X 10 TABLETAS RECUBIERTAS,crear,,"KMPLUS PHARMACEUTICALS, C.A.",si,NITROFURANTOINA 50 MG X 10 TABLETAS RECUBIERTAS,TABLETAS,Nitrofurantoina,X 10 TABLETAS,10,Linea Farmacia,cobeca,NITROFURANTOINA TAB 50MG X10 KMP,https://mav.farmaciasaas.com/api/images/articulos/DISTRIBUCION/53552.jpg,,,lab sin productos en BD,si
255,38566,ME34437,NITROFURAZONA 0.2 % CREMA,crear,,"CASA DE REPRESENTACION H&M MEDICAL GROUP, C.A.",si,NITROFURAZONA 2 MG / 30 G CREMA,CREMA,Nitrofurazona,CREMA,,Linea Farmacia,cobeca,"NITROFURAZONA UNG 0,2MG 30G HM",https://mav.farmaciasaas.com/api/images/articulos/DISTRIBUCION/52434.jpg,,,lab sin productos en BD,si
256,38581,ME43411,PREDNISOLONA ACETATO 1 % SUSPENSION OFTALMICA,crear,,"CASA DE REPRESENTACION DAC55, C.A.",no,PREDNISOLONA 3 MG / 60 ML SUSPENSION ORAL,SUSPENSION ORAL,Prednisolona,SUSPENSION ORAL,,Linea Farmacia,cobeca,PREDNISOLONA SOL ORAL 3MG/ML 60ML DAC,https://mav.farmaciasaas.com/api/images/articulos/DISTRIBUCION/53054.jpg,,,lab sin productos en BD,si
257,38586,ME42964,OLANZAPINA 5 MG X 30 TABLETAS ORODISPERSABLES,crear,,"CORPORACION CLEOPHARMA, C.A.",si,OLANZAPINA 5 MG X 30 TABLETAS ORODISPERSABLES,TABLETAS,Olanzapina,X 30 TABLETAS,30,Linea Farmacia,cobeca,OLANZAPINA TAB 5MG X30 CLEO,https://mav.farmaciasaas.com/api/images/articulos/DISTRIBUCION/25670.jpg,,,lab sin productos en BD,si
258,38589,ME40904,OLMESARTAN MEDOXOMIL 40 MG - HIDROLOCOTIAZIDA 12.5 MG X 30 TABLETAS RECUBIERTAS,crear,,"LABORATORIOS LETI, S.A.V.",no,OLMESARTAN MEDOXOMIL 40 MG - HIDROLOCOTIAZIDA 12.5 MG X 30 TABLETAS RECUBIERTAS,TABLETAS,Olmesartan Medoxomil,X 30 TABLETAS,30,Linea Farmacia,cobeca,OLMESARTAN MEDOXOMIL COMP/REC 40MG X 30,https://mav.farmaciasaas.com/api/images/articulos/DISTRIBUCION/99045.jpg,,,lab existe pero sin match >= T0,si
259,38590,ME42752/2,OLMESARTAN MEDOXOMILO 20 MG X 10 TABLETAS RECUBIERTAS,crear,,"LABORATORIO LA SANTE, C.A.",no,OLMESARTAN MEDOXOMILO 20 MG X 10 TABLETAS RECUBIERTAS,TABLETAS,Olmesartan Medoxomilo,X 10 TABLETAS,10,Linea Farmacia,cobeca,OLMESARTAN MEDO TAB 20MG X10 PHARME,https://mav.farmaciasaas.com/api/images/articulos/DISTRIBUCION/18568.jpg,,,solo match relaxando pack (T2) — presentacion exacta no existe,si
260,38591,ME42752/3,OLMESARTAN MEDOXOMILO 20 MG X 30 TABLETAS RECUBIERTAS,ya_tiene_foto,38587,"LABORATORIOS LETI, S.A.V.",no,,,,,,,cobeca,OLMESARTAN MEDOXOMIL COM/REC 20MG X 30,https://mav.farmaciasaas.com/api/images/articulos/DISTRIBUCION/99097.jpg,0,1002,producto objetivo ya tiene foto (#38587),no
261,38592,ME40779,OLMESARTAN MEDOXOMIL 20 MG X 30 TABLETAS RECUBIERTAS,ya_tiene_foto,38587,"LABORATORIOS LETI, S.A.V.",no,,,,,,,cobeca,OLMESARTAN MEDOXOMIL COM/REC 20MG X 30,https://mav.farmaciasaas.com/api/images/articulos/DISTRIBUCION/99097.jpg,0,1002,producto objetivo ya tiene foto (#38587),no
262,38593,ME42751/2,OLMESARTAN MEDOXOMILO 40 MG X 10 TABLETAS RECUBIERTAS,crear,,"LABORATORIO LA SANTE, C.A.",no,OLMESARTAN MEDOXOMILO 40 MG X 10 TABLETAS RECUBIERTAS,TABLETAS,Olmesartan Medoxomilo,X 10 TABLETAS,10,Linea Farmacia,cobeca,OLMESARTAN MEDO TAB 40MG X10 PHARME,https://mav.farmaciasaas.com/api/images/articulos/DISTRIBUCION/18584.jpg,,,solo match relaxando pack (T2) — presentacion exacta no existe,si
263,38594,ME42751/3,OLMESARTAN MEDOXOMILO 40 MG X 30 TABLETAS RECUBIERTAS,crear,,"LABORATORIOS LETI, S.A.V.",no,OLMESARTAN MEDOXOMILO 40 MG X 30 TABLETAS RECUBIERTAS,TABLETAS,Olmesartan Medoxomilo,X 30 TABLETAS,30,Linea Farmacia,cobeca,OLMESARTAN MEDOXOMIL COMP/REC 40MG X 30,https://mav.farmaciasaas.com/api/images/articulos/DISTRIBUCION/99045.jpg,,,lab existe pero sin match >= T0,si
264,38596,ME27785/3,OMEPRAZOL 20 MG X 10 CAPSULAS CON MICROGRANULOS ENTERICOS,crear,,"CASA DE REPRESENTACION FARMACOS MEDIORIENTE, C.A.",si,OMEPRAZOL 20 MG X 10 CAPSULAS CON MICROGRANULOS ENTERICOS,CAPSULAS,Omeprazol,X 10 CAPSULAS,10,Linea Farmacia,cobeca,OMEPRAZOL CAP 20MG X10 FMED,https://mav.farmaciasaas.com/api/images/articulos/DISTRIBUCION/53303.jpg,,,lab existe pero sin match >= T0,si
265,38599,ME27785/6,OMEPRAZOL 20 MG X 30 CAPSULAS CON MICROGRANULOS ENTERICOS,asignar,38601,"LABORATORIOS LETI, S.A.V.",no,OMEPRAZOL 20 MG X 30 CAPSULAS CON MICROGRANULOS CON CUBIERTA ENTERICA,CAPSULAS,,,,,cobeca,OMEPRAZOL CAP/MICRO G 20MG X 30 GENVEN,https://mav.farmaciasaas.com/api/images/articulos/DISTRIBUCION/29950.jpg,0,2,match T0 score 2,si
266,38600,ME27785/2,OMEPRAZOL 20 MG X 7 CAPSULAS CON MICROGRANULOS ENTERICOS,crear,,"LABORATORIOS VARGAS, S.A.",no,OMEPRAZOL 20 MG X 7 CAPSULAS CON MICROGRANULOS ENTERICOS,CAPSULAS,Omeprazol,X 7 CAPSULAS,7,Linea Farmacia,cobeca,OMEPRAZOL CAP 20MG X7 VARG,https://mav.farmaciasaas.com/api/images/articulos/DISTRIBUCION/20777.jpg,,,lab existe pero sin match >= T0,si
267,38608,ME42404/3,OMEPRAZOL 40 MG X 30 CAPSULAS CON MICROGRANULOS GASTRORRESISTENTES,asignar,39327,"LABORATORIOS L.O. OFTALMI, C.A.",no,OMEPRAZOL 40 MG X 30 CAPSULAS GASTRORRESISTENTES,CAPSULAS,,,,,cobeca,OMEPRAZOL CAP 40MG X 30 OFTALMI,https://mav.farmaciasaas.com/api/images/articulos/DISTRIBUCION/50576.jpg,0,2,match T0 score 2,si
268,38609,ME42404/2,OMEPRAZOL 40 MG X 7 CAPSULAS CON MICROGRANULOS GASTRORRESISTENTES,asignar,39326,"LABORATORIOS L.O. OFTALMI, C.A.",no,OMEPRAZOL 40 MG X 7 CAPSULAS GASTRORRESISTENTES,CAPSULAS,,,,,cobeca,OMEPRAZOL CAP 40MG X 7 OFTALMI,https://mav.farmaciasaas.com/api/images/articulos/DISTRIBUCION/29583.jpg,0,2,match T0 score 2,si
269,38610,ME41965/3,OMEPRAZOL 40 MG X 30 CAPSULAS GASTRORRESISTENTES,asignar,39327,"LABORATORIOS L.O. OFTALMI, C.A.",no,OMEPRAZOL 40 MG X 30 CAPSULAS GASTRORRESISTENTES,CAPSULAS,,,,,cobeca,OMEPRAZOL CAP 40MG X 30 OFTALMI,https://mav.farmaciasaas.com/api/images/articulos/DISTRIBUCION/50576.jpg,0,2,match T0 score 2,si
270,38613,HO33836,OMEPRAZOL 40 MG X 1 AMPOLLA,crear,,"CASA DE REPRESENTACION DISTRILAB, C.A.",si,OMEPRAZOL 40 MG X 1 AMPOLLA,INYECTABLE,Omeprazol,X 1 INYECTABLE,1,Linea Hospitalaria,cobeca,OMEPRAZOL PVO P/SOL INY 40MG X1 CR DIST,https://mav.farmaciasaas.com/api/images/articulos/DISTRIBUCION/51351.jpg,,,lab sin productos en BD,si
271,38614,ME1221,OMMUNAL (LISADO BACTERIANO) 7 MG X 10 CAPSULAS,crear,,"LABORATORIOS LETI, S.A.V.",no,OMMUNAL (LISADO BACTERIANO) 7 MG X 10 CAPSULAS,CAPSULAS,Ommunal,X 10 CAPSULAS,10,Linea Farmacia,cobeca,OMMUNAL CAP 7MG X10 LETI,https://mav.farmaciasaas.com/api/images/articulos/DISTRIBUCION/6053.jpg,,,lab existe pero sin match >= T0,si
272,38617,HO37763/2,ONDANSETRON 8 MG / 4 ML X 1 AMPOLLA,crear,,"CASA DE REPRESENTACION ADN MEDICAL, C.A.",si,ONDANSETRON 8 MG / 4 ML X 1 AMPOLLA,INYECTABLE,Ondansetron,X 1 INYECTABLE,1,Linea Hospitalaria,cobeca,ONDANSETRON SOL INY IM/IV 8MG/4ML X1 ADN,https://mav.farmaciasaas.com/api/images/articulos/DISTRIBUCION/53239.jpg,,,lab sin productos en BD,si
273,38618,HO37763/3,ONDANSETRON 8 MG / 4 ML X 5 AMPOLLAS,crear,,"CASA DE REPRESENTACION DISTRILAB, C.A.",si,ONDANSETRON 8 MG / 4 ML X 5 AMPOLLAS,INYECTABLE,Ondansetron,X 5 INYECTABLE,5,Linea Hospitalaria,cobeca,ONDANSETRON INY IV/IM 8MG/4ML X5 DIST,https://mav.farmaciasaas.com/api/images/articulos/DISTRIBUCION/52480.jpg,,,lab sin productos en BD,si
274,38627,ME36024,ORLISTAT 120 MG X 30 CAPSULAS,crear,,"LABORATORIOS VARGAS, S.A.",no,CRISPLUS ORLISTAT ELEA ZUOZ 120 MG X 30 CAPSULAS,CAPSULAS,Crisplus Orlistat Elea Zuoz,X 30 CAPSULAS,30,Linea Farmacia,farmanselmo,CRISPLUS ORLISTAT 120MG x30 CAPSULAS ELEA ZUOZ (E),https://pccentro.net.ve/img/s/7/9/3/8/1/79381-large_default.webp,,,lab existe pero sin match >= T0,si
275,38629,ME43862,OXCARBAZEPINA 300 MG X 30 TABLETAS RECUBIERTAS,crear,,"CORPORACION CLEOPHARMA, C.A.",si,OXCARBAZEPINA 300 MG X 30 TABLETAS RECUBIERTAS,TABLETAS,Oxcarbazepina,X 30 TABLETAS,30,Linea Farmacia,cobeca,OXCARBAZEPINA TAB 300MG X30 CLEO,https://mav.farmaciasaas.com/api/images/articulos/DISTRIBUCION/25662.jpg,,,lab sin productos en BD,si
276,38631,ME25936,OXOLAMINA JARABE,crear,,"LABORATORIOS VALMOR, C.A.",no,OXOLAMINA 120 ML JARABE,JARABE,Oxolamina,JARABE,,Linea Farmacia,cobeca,OXOLAMINA JBE PED 120ML VLM,https://mav.farmaciasaas.com/api/images/articulos/DISTRIBUCION/2771.jpg,,,lab existe pero sin match >= T0,si
277,38636,ME43468,PANTOPRAZOL 40 MG X 7 TABLETAS DE LIBERACION RETARDADA,crear,,"ALESS PHARMACEUTICALS, C.A.",si,PANTOPRAZOL 40 MG X 7 TABLETAS DE LIBERACION RETARDADA,TABLETAS,Pantoprazol,X 7 TABLETAS,7,Linea Farmacia,cobeca,PANTOPRAZOL TAB 40MG X7 ALESS,https://mav.farmaciasaas.com/api/images/articulos/DISTRIBUCION/20517.jpg,,,lab sin productos en BD,si
278,38637,ME44653,ATAREM 100 MG / 5 ML SOLUCION ORAL,crear,,CASA DE REPRESENTACION MVGA PHARMA,si,PARACETAMOL PORTU 100 MG / 10 ML SOLUCION ORAL,SOLUCION ORAL,Paracetamol Portu,SOLUCION ORAL,,Linea Farmacia,cobeca,PARACETAMOL GTS 100MG/ML 10ML PORTU,https://mav.farmaciasaas.com/api/images/articulos/DISTRIBUCION/23735.jpg,,,lab sin productos en BD,si
279,38638,HO44116,PARACETAMOL 1 G / 100 ML SOLUCION PARA INFUSION,crear,,"CASA DE REPRESENTACION DISTRILAB, C.A.",si,PARACETAMOL 1 G / 100 ML SOLUCION PARA INFUSION,INYECTABLE,Paracetamol,INYECTABLE,,Linea Hospitalaria,cobeca,PARACETAMOL INF INY 1G/100ML CR DIST,https://mav.farmaciasaas.com/api/images/articulos/DISTRIBUCION/21339.jpg,,,lab sin productos en BD,si
280,38639,ME37850,PAROXETINA 20 MG X 30 COMPRIMIDOS RECUBIERTAS,crear,,"CORPORACION CLEOPHARMA, C.A.",si,PAROXETINA 20 MG X 30 COMPRIMIDOS RECUBIERTAS,COMPRIMIDOS,Paroxetina,X 30 COMPRIMIDOS,30,Linea Farmacia,cobeca,PAROXETINA TAB 20MG X30 CLEO,https://mav.farmaciasaas.com/api/images/articulos/DISTRIBUCION/25668.jpg,,,lab sin productos en BD,si
281,38647,ME39670/3,PEGYT 150 MG X 30 CAPSULAS,crear,,"ALESS PHARMACEUTICALS, C.A.",si,PREGABALINA 150 MG X 30 CAPSULAS,CAPSULAS,Pregabalina,X 30 CAPSULAS,30,Linea Farmacia,cobeca,PREGABALINA CAP 150MG X30 ALESS,https://mav.farmaciasaas.com/api/images/articulos/DISTRIBUCION/52772.jpg,,,lab sin productos en BD,si
282,38651,ME27020,PENTOXIFILINA 400 MG X 30 COMPRIMIDOS RECUBIERTOS DE ACCION PROLONGADA,crear,,"CASA DE REPRESENTACION FARMACEUTICAS CCM, C.A.",si,PENTOXIFILINA 400 MG X 30 COMPRIMIDOS RECUBIERTOS DE ACCION PROLONGADA,COMPRIMIDOS,Pentoxifilina,X 30 COMPRIMIDOS,30,Linea Farmacia,cobeca,PENTOXIFILINA TAB 400MG X30 CR CCM,https://mav.farmaciasaas.com/api/images/articulos/DISTRIBUCION/21851.jpg,,,lab existe pero sin match >= T0,si
283,38668,ME34513,BREINOX 400 MG X 30 TABLETAS,crear,,"CASA DE REPRESENTACION MT GLOBAL CARE, C.A.",si,PIRACETAM 400 MG X 30 TABLETAS,TABLETAS,Piracetam,X 30 TABLETAS,30,Linea Farmacia,cobeca,PIRACETAM TAB 400MG X30 CR MT,https://mav.farmaciasaas.com/api/images/articulos/DISTRIBUCION/50807.jpg,,,lab sin productos en BD,si
284,38669,ME23852,PIROXICAM 20 MG X 10 CAPSULAS,asignar,38669,"LABORATORIO LA SANTE, C.A.",no,PIROXICAM 20 MG X 10 CAPSULAS,CAPSULAS,Piroxicam,,,,cobeca,PIROXICAM CAP 20MG X10 PHARME,https://mav.farmaciasaas.com/api/images/articulos/DISTRIBUCION/10007.jpg,0,1002,match T0 score 1002,si
285,38682,ME44096,PRENIL 3 MG / 1 ML SOLUCION ORAL,crear,,"CASA DE REPRESENTACION DAC55, C.A.",no,PREDNISOLONA 3 MG / 60 ML SOLUCION ORAL,SOLUCION ORAL,Prednisolona,SOLUCION ORAL,,Linea Farmacia,cobeca,PREDNISOLONA SOL ORAL 3MG/ML 60ML DAC,https://mav.farmaciasaas.com/api/images/articulos/DISTRIBUCION/53054.jpg,,,lab sin productos en BD,si
286,38683,ME43177,PREDNISOLONA ACETATO 1 % SUSPENSION OFTALMICA,crear,,"LABORATORIOS L.O. OFTALMI, C.A.",no,PREDNISOLONA 5 ML SOLUCION OFTALMICA,SOLUCION OFTALMICA,Prednisolona,SOLUCION OFTALMICA,,Linea Farmacia,cobeca,PREDNISOLONA SUSP/OFT 1% X 5ML OFTALMI,https://mav.farmaciasaas.com/api/images/articulos/DISTRIBUCION/29565.jpg,,,lab existe pero sin match >= T0,si
287,38684,ME43039/2,PREDNISOLONA 5 MG X 10 TABLETAS,crear,,"KMPLUS PHARMACEUTICALS, C.A.",si,PREDNISOLONA 5 MG X 10 TABLETAS,TABLETAS,Prednisolona,X 10 TABLETAS,10,Linea Farmacia,cobeca,PREDNISOLONA TAB 5 MG X 10 KMPLUS,https://mav.farmaciasaas.com/api/images/articulos/23776.jpg,,,lab sin productos en BD,si
288,38685,ME43039/3,PREDNISOLONA 5 MG X 30 TABLETAS,crear,,"INVERSIONES ANGELUS HEALTH, C.A.",si,PREDNISOLONA 5 MG X 30 TABLETAS,TABLETAS,Prednisolona,X 30 TABLETAS,30,Linea Farmacia,cobeca,PREDNISOLONA TAB 5MG X30 ANG/H,https://mav.farmaciasaas.com/api/images/articulos/DISTRIBUCION/21369.jpg,,,lab existe pero sin match >= T0,si
289,38686,ME42866/2,PREDNISOLONA 5 MG X 10 TABLETAS,crear,,"KMPLUS PHARMACEUTICALS, C.A.",si,PREDNISOLONA 5 MG X 10 TABLETAS,TABLETAS,Prednisolona,X 10 TABLETAS,10,Linea Farmacia,cobeca,PREDNISOLONA TAB 5 MG X 10 KMPLUS,https://mav.farmaciasaas.com/api/images/articulos/23776.jpg,,,lab sin productos en BD,si
290,38687,ME42866/3,PREDNISOLONA 5 MG X 30 TABLETAS,crear,,"INVERSIONES ANGELUS HEALTH, C.A.",si,PREDNISOLONA 5 MG X 30 TABLETAS,TABLETAS,Prednisolona,X 30 TABLETAS,30,Linea Farmacia,cobeca,PREDNISOLONA TAB 5MG X30 ANG/H,https://mav.farmaciasaas.com/api/images/articulos/DISTRIBUCION/21369.jpg,,,lab existe pero sin match >= T0,si
291,38691,ME12419/4,PREDNISONA 5 MG X 100 TABLETAS,crear,,"CASA DE REPRESENTACION DISTRILAB, C.A.",si,PREDNISONA 5 MG X 100 TABLETAS,TABLETAS,Prednisona,X 100 TABLETAS,100,Linea Farmacia,cobeca,PREDNISONA TAB 5MG X100 CR DIST,https://mav.farmaciasaas.com/api/images/articulos/DISTRIBUCION/22275.jpg,,,lab sin productos en BD,si
292,38694,ME42570/3,PREGABALINA 150 MG X 30 CAPSULAS,crear,,"ALESS PHARMACEUTICALS, C.A.",si,PREGABALINA 150 MG X 30 CAPSULAS,CAPSULAS,Pregabalina,X 30 CAPSULAS,30,Linea Farmacia,cobeca,PREGABALINA CAP 150MG X30 ALESS,https://mav.farmaciasaas.com/api/images/articulos/DISTRIBUCION/52772.jpg,,,lab sin productos en BD,si
293,38695,ME42570/2,PREGABALINA 150 MG X 20 CAPSULAS,ya_tiene_foto,38698,"LABORATORIOS VALMOR, C.A.",no,,,,,,,farmanselmo,PRELIVAL PREGABALINA 150 MG x20 CÁPSULAS VALMORCA (E),https://pccentro.net.ve/img/s/2/5/8/7/0/25870-large_default.webp,0,1002,producto objetivo ya tiene foto (#38698),no
294,38696,ME44579/3,PREGALIS 75 MG X 30 CAPSULAS,crear,,"LABORATORIOS PHARMARIS DE VENEZUELA, C.A.",no,PREGABALINA 75 MG X 30 CAPSULAS,CAPSULAS,Pregabalina,X 30 CAPSULAS,30,Linea Farmacia,cobeca,PREGABALINA CAP 75MG X30 PHARMA,https://mav.farmaciasaas.com/api/images/articulos/DISTRIBUCION/27604.jpg,,,lab sin productos en BD,si
295,38701,ME14671,PREVERAL CON CODEINA JARABE,crear,,"LABORATORIOS VARGAS, S.A.",no,PREVERAL DEXTRO REFORM 120 ML JARABE,JARABE,Preveral Dextro Reform,JARABE,,Linea Farmacia,cobeca,PREVERAL C/DEXTRO JBE REFORM 120ML VARG,https://mav.farmaciasaas.com/api/images/articulos/DISTRIBUCION/99589.jpg,,,lab existe pero sin match >= T0,si
296,38702,ME39191,PROPRANOLOL 40 MG X 20 TABLETAS,crear,,"LABORATORIO MILAB, C.A.",si,PROPRANOLOL CLORH 40 MG X 20 TABLETAS,TABLETAS,Propranolol Clorh,X 20 TABLETAS,20,Linea Farmacia,cobeca,PROPRANOLOL CLORH COM 40MG X 20 MILAB,https://mav.farmaciasaas.com/api/images/articulos/DISTRIBUCION/50368.jpg,,,lab sin productos en BD,si
297,38708,ME43431/2,QUETIAPINA 100 MG X 10 TABLETAS RECUBIERTAS,crear,,"CASA DE REPRESENTACION FARMACOS MEDIORIENTE, C.A.",si,QUETIAPINA FARMAMED 100 MG X 10 TABLETAS,TABLETAS,Quetiapina Farmamed,X 10 TABLETAS,10,Linea Farmacia,cobeca,QUETIAPINA TAB 100MG X 10 FARMAMED,https://mav.farmaciasaas.com/api/images/articulos/DISTRIBUCION/50162.jpg,,,lab existe pero sin match >= T0,si
298,38709,ME43431/3,QUETIAPINA 100 MG X 30 TABLETAS RECUBIERTAS,crear,,"LABORATORIOS PHARMARIS DE VENEZUELA, C.A.",no,QUETIAPINA 100 MG X 30 TABLETAS RECUBIERTAS,TABLETAS,Quetiapina,X 30 TABLETAS,30,Linea Farmacia,cobeca,QUETIAPINA TAB 100MG X30 PHARMA,https://mav.farmaciasaas.com/api/images/articulos/DISTRIBUCION/27607.jpg,,,lab sin productos en BD,si
299,38710,ME43426,QUETIAPINA 25 MG X 30 TABLETAS RECUBIERTAS,crear,,"LABORATORIOS PHARMARIS DE VENEZUELA, C.A.",no,QUETIAPINA 25 MG X 30 TABLETAS RECUBIERTAS,TABLETAS,Quetiapina,X 30 TABLETAS,30,Linea Farmacia,cobeca,QUETIAPINA TAB 25MG X30 PHARMA,https://mav.farmaciasaas.com/api/images/articulos/DISTRIBUCION/27606.jpg,,,lab sin productos en BD,si
300,38711,ME39822,QUETIAZIC 300 MG X 30 COMPRIMIDOS RECUBIERTOS,crear,,"CASA DE REPRESENTACION MT GLOBAL CARE, C.A.",si,QUETIAPINA 300 MG X 30 COMPRIMIDOS,COMPRIMIDOS,Quetiapina,X 30 COMPRIMIDOS,30,Linea Farmacia,cobeca,QUETIAPINA TAB 300MG X30 CR MT,https://mav.farmaciasaas.com/api/images/articulos/DISTRIBUCION/51310.jpg,,,lab sin productos en BD,si
301,38719,HO30929,RANITIDINA 50 MG / 2 ML X 10 AMPOLLAS,crear,,"BLUE MEDICAL PHARMACEUTICAL, C.A.",si,RANITIDINA 50 MG / 2 ML X 10 AMPOLLAS,INYECTABLE,Ranitidina,X 10 INYECTABLE,10,Linea Hospitalaria,cobeca,RANITIDINA AMP 50MG/2ML X10 BLUE/M,https://mav.farmaciasaas.com/api/images/articulos/DISTRIBUCION/23534.jpg,,,lab sin productos en BD,si
302,38720,ME26538,RANITIDINA 150 MG X 10 COMPRIMIDOS RECUBIERTOS,crear,,"CASA DE REPRESENTACION MT GLOBAL CARE, C.A.",si,RANITIDINA 150 MG X 10 COMPRIMIDOS RECUBIERTOS,COMPRIMIDOS,Ranitidina,X 10 COMPRIMIDOS,10,Linea Farmacia,cobeca,RANITIDINA TAB 150MG X10 MT GLOB,https://mav.farmaciasaas.com/api/images/articulos/DISTRIBUCION/54366.jpg,,,lab sin productos en BD,si
303,38721,ME31884,RANITIDINA 300 MG X 10 TABLETAS,crear,,"CASA DE REPRESENTACION MT GLOBAL CARE, C.A.",si,RANITIDINA 300 MG X 10 TABLETAS,TABLETAS,Ranitidina,X 10 TABLETAS,10,Linea Farmacia,cobeca,RANITIDINA TAB 300MG X10 MT GLOB,https://mav.farmaciasaas.com/api/images/articulos/DISTRIBUCION/54367.jpg,,,lab sin productos en BD,si
304,38724,ME44650,REUMAQUINE 200 MG X 20 TABLETAS RECUBIERTAS,crear,,"CASA DE REPRESENTACION MT GLOBAL CARE, C.A.",si,HIDROXICLOROQUINA 200 MG X 20 TABLETAS,TABLETAS,Hidroxicloroquina,X 20 TABLETAS,20,Linea Farmacia,cobeca,HIDROXICLOROQUINA TAB 200MG X20 CR MT,https://mav.farmaciasaas.com/api/images/articulos/DISTRIBUCION/27621.jpg,,,lab sin productos en BD,si
305,38733,ME43791,RINIFLU 2.5 MG / 5 ML JARABE,ya_tiene_foto,37893,"LABORATORIO LA SANTE, C.A.",no,,,,,,,cobeca,"DESLORATADINA JBE PED 2,5/5ML60ML PHARME",https://mav.farmaciasaas.com/api/images/articulos/DISTRIBUCION/11665.jpg,0,1002,producto objetivo ya tiene foto (#37893),no
306,38744,ME42922,RIVAROXABAN 15 MG X 30 TABLETAS RECUBIERTAS,crear,,"CASA DE REPRESENTACION DISTRILAB, C.A.",si,RIVAROXABAN 15 MG X 30 TABLETAS RECUBIERTAS,TABLETAS,Rivaroxaban,X 30 TABLETAS,30,Linea Farmacia,cobeca,RIVAROXABAN TAB 15MG X30 CR DIST,https://mav.farmaciasaas.com/api/images/articulos/DISTRIBUCION/24319.jpg,,,lab sin productos en BD,si
307,38745,ME42923/2,RIVAROXABAN 20 MG X 10 TABLETAS RECUBIERTAS,crear,,"LABORATORIOS VICENTI, C.A.",si,RIVAROXABAN 20 MG X 10 TABLETAS RECUBIERTAS,TABLETAS,Rivaroxaban,X 10 TABLETAS,10,Linea Farmacia,cobeca,RIVAROXABAN TAB 20MG X10 VIN,https://mav.farmaciasaas.com/api/images/articulos/DISTRIBUCION/26738.jpg,,,lab existe pero sin match >= T0,si
308,38746,ME42923/3,RIVAROXABAN 20 MG X 14 TABLETAS RECUBIERTAS,crear,,"KMPLUS PHARMACEUTICALS, C.A.",si,RIVAROXABAN 20 MG X 14 TABLETAS RECUBIERTAS,TABLETAS,Rivaroxaban,X 14 TABLETAS,14,Linea Farmacia,cobeca,RIVAROXABAN TAB REC 20MG X14 KMP,https://mav.farmaciasaas.com/api/images/articulos/DISTRIBUCION/54217.jpg,,,lab sin productos en BD,si
309,38748,ME44475,ROSUTAN 10 MG X 30 TABLETAS RECUBIERTAS,crear,,"LABORATORIO LA SANTE, C.A.",no,ROSUVASTATINA 10 MG X 30 TABLETAS,TABLETAS,Rosuvastatina,X 30 TABLETAS,30,Linea Farmacia,cobeca,ROSUVASTATINA TAB/REC 10MG X 30 LA SANT,https://mav.farmaciasaas.com/api/images/articulos/DISTRIBUCION/29584.jpg,,,lab existe pero sin match >= T0,si
310,38750,ME42632/2,ROSUVASTATINA 20 MG X 10 TABLETAS RECUBIERTAS,crear,,"LABORATORIO LA SANTE, C.A.",no,ROSUVASTATINA 20 MG X 10 TABLETAS RECUBIERTAS,TABLETAS,Rosuvastatina,X 10 TABLETAS,10,Linea Farmacia,cobeca,ROSUVASTATINA TAB REC 20MG X10 PHARME,https://mav.farmaciasaas.com/api/images/articulos/DISTRIBUCION/24316.jpg,,,solo match relaxando pack (T3) — presentacion exacta no existe,si
311,38751,ME42632/3,ROSUVASTATINA 20 MG X 30 TABLETAS RECUBIERTAS,crear,,"INVERSIONES ANGELUS HEALTH, C.A.",si,ROSUVASTATINA 20 MG X 30 TABLETAS RECUBIERTAS,TABLETAS,Rosuvastatina,X 30 TABLETAS,30,Linea Farmacia,cobeca,ROSUVASTATINA TAB 20MG X30 ANG/H,https://mav.farmaciasaas.com/api/images/articulos/DISTRIBUCION/21364.jpg,,,lab existe pero sin match >= T0,si
312,38752,ME42676,ROSUVASTATINA 10 MG X 30 TABLETAS RECUBIERTAS,crear,,"LABORATORIO LA SANTE, C.A.",no,ROSUVASTATINA 10 MG X 30 TABLETAS RECUBIERTAS,TABLETAS,Rosuvastatina,X 30 TABLETAS,30,Linea Farmacia,cobeca,ROSUVASTATINA TAB/REC 10MG X 30 LA SANT,https://mav.farmaciasaas.com/api/images/articulos/DISTRIBUCION/29584.jpg,,,lab existe pero sin match >= T0,si
313,38770,ME31560,SECNIDAZOL 1 G X 2 TABLETAS RECUBIERTAS,asignar,38769,"CALOX INTERNATIONAL, C.A.",no,SECNIDAZOL 1 G X 2 TABLETAS RECUBIERTAS,TABLETAS,Secnidazol Anhidro,,,,cobeca,SECNIDAZOL TAB 1G X2 VIV,https://mav.farmaciasaas.com/api/images/articulos/DISTRIBUCION/8585.jpg,0,1002,match T0 score 1002,si
314,38779,ME30171/3,SERLINE 50 MG X 30 COMPRIMIDOS,crear,,"CORPORACION CLEOPHARMA, C.A.",si,SERTRALINA 50 MG X 30 COMPRIMIDOS,COMPRIMIDOS,Sertralina,X 30 COMPRIMIDOS,30,Linea Farmacia,cobeca,SERTRALINA TAB 50MG X30 CLEO,https://mav.farmaciasaas.com/api/images/articulos/DISTRIBUCION/25669.jpg,,,lab sin productos en BD,si
315,38781,ME32466/4,SERTRALINA 50 MG X 56 TABLETAS,crear,,"CASA DE REPRESENTACION DOROPHARMA, C.A.",si,SERTRALINA 50 MG X 56 TABLETAS,TABLETAS,Sertralina,X 56 TABLETAS,56,Linea Farmacia,cobeca,SERTRALINA COMP REC 50MG X56 DORO,https://mav.farmaciasaas.com/api/images/articulos/DISTRIBUCION/53165.jpg,,,lab sin productos en BD,si
316,38784,ME31067/3,SERTRALINA 50 MG X 14 COMPRIMIDOS RECUBIERTOS,crear,,"CASA DE REPRESENTACION FARMACEUTICAS CCM, C.A.",si,SERTRALINA 50 MG X 14 COMPRIMIDOS RECUBIERTOS,COMPRIMIDOS,Sertralina,X 14 COMPRIMIDOS,14,Linea Farmacia,cobeca,SERTRALINA TAB 50MG X14 CR CCM,https://mav.farmaciasaas.com/api/images/articulos/DISTRIBUCION/22393.jpg,,,lab existe pero sin match >= T0,si
317,38786,ME43842,SERTRALINA 50 MG X 14 TABLETAS RECUBIERTAS,crear,,"CASA DE REPRESENTACION FARMACEUTICAS CCM, C.A.",si,SERTRALINA 50 MG X 14 TABLETAS RECUBIERTAS,TABLETAS,Sertralina,X 14 TABLETAS,14,Linea Farmacia,cobeca,SERTRALINA TAB 50MG X14 CR CCM,https://mav.farmaciasaas.com/api/images/articulos/DISTRIBUCION/22393.jpg,,,lab existe pero sin match >= T0,si
318,38807,ME43073/3,SUCRALFATO 1 G X 20 TABLETAS,crear,,"KMPLUS PHARMACEUTICALS, C.A.",si,SUCRALFATO 1 G X 20 TABLETAS,TABLETAS,Sucralfato,X 20 TABLETAS,20,Linea Farmacia,cobeca,SUCRALFATO TAB 1G X20 KMP,https://mav.farmaciasaas.com/api/images/articulos/DISTRIBUCION/54219.jpg,,,lab sin productos en BD,si
319,38808,ME43073/2,SUCRALFATO 1 G X 10 TABLETAS,crear,,"CORPORACION CLEOPHARMA, C.A.",si,SUCRALFATO 1 G X 10 TABLETAS,TABLETAS,Sucralfato,X 10 TABLETAS,10,Linea Farmacia,cobeca,SUCRALFATO TAB 1G X10 CLEO,https://mav.farmaciasaas.com/api/images/articulos/DISTRIBUCION/25675.jpg,,,lab sin productos en BD,si
320,38823,ME44534,TACROLIMUS 0.03 % UNGUENTO,crear,,"CASA DE REPRESENTACION BIUMAK PHARMACEUTICALS, C.A.",si,TACROLIMUS 0.03 % UNGUENTO,UNGUENTO,Tacrolimus,UNGUENTO,,Linea Farmacia,cobeca,"TACROLIMUS UNG 0,03% 15G BIU",https://mav.farmaciasaas.com/api/images/articulos/DISTRIBUCION/50903.jpg,,,lab sin productos en BD,si
321,38834,ME41156/3,TALYSTO 5 MG X 30 TABLETAS MASTICABLES,asignar,39382,"LABORATORIOS LETI, S.A.V.",no,TADALAFILO 5 MG COMPRIMIDOS RECUBIERTOS,COMPRIMIDOS,Tadalafilo,,,,cobeca,TADALAFILO COM/REC 5MG X 30 LETI,https://mav.farmaciasaas.com/api/images/articulos/DISTRIBUCION/50485.jpg,0,1002,match T0 score 1002,si
322,38842,ME36676/3,TAMSULOSINA HCL 0.4 MG CAPSULAS DE LIBERACION PROGRAMADA X 30 CAPSULAS,crear,,"ALESS PHARMACEUTICALS, C.A.",si,TAMSULOSINA HCL 0.4 MG CAPSULAS DE LIBERACION PROGRAMADA X 30 CAPSULAS,CAPSULAS,Tamsulosina,X 30 CAPSULAS,30,Linea Farmacia,cobeca,"TAMSULOSINA CAP 0,4MG X30 ALESS",https://mav.farmaciasaas.com/api/images/articulos/DISTRIBUCION/24279.jpg,,,lab sin productos en BD,si
323,38843,ME36676/2,TAMSULOSINA HCL 0.4 MG CAPSULAS DE LIBERACION PROGRAMADA X 10 CAPSULAS,crear,,"CASA DE REPRESENTACION ADN MEDICAL, C.A.",si,TAMSULOSINA TAMSUHEM 0.4 MG X 10 CAPSULAS,CAPSULAS,Tamsulosina Tamsuhem,X 10 CAPSULAS,10,Linea Farmacia,cobeca,"TAMSULOSINA TAMSUHEM CAP 0,4MG X10 ADN",https://mav.farmaciasaas.com/api/images/articulos/DISTRIBUCION/53254.jpg,,,lab sin productos en BD,si
324,38844,ME42589,TAMSULOSINA CLORHIDRATO 0.4 MG X 30 CAPSULAS DE LIBERACION PROLONGADA,crear,,"ALESS PHARMACEUTICALS, C.A.",si,TAMSULOSINA CLORHIDRATO 0.4 MG X 30 CAPSULAS DE LIBERACION PROLONGADA,CAPSULAS,Tamsulosina,X 30 CAPSULAS,30,Linea Farmacia,cobeca,"TAMSULOSINA CAP 0,4MG X30 ALESS",https://mav.farmaciasaas.com/api/images/articulos/DISTRIBUCION/24279.jpg,,,lab sin productos en BD,si
325,38852,ME22980,NUELIN 80 MG / 15 ML JARABE,crear,,"CASA DE REPRESENTACION ADN MEDICAL, C.A.",si,TEOFILINA 80 MG / 15 ML JARABE,JARABE,Teofilina,JARABE,,Linea Farmacia,cobeca,TEOFILINA SOL ORAL 80MG/15ML 100ML AND,https://mav.farmaciasaas.com/api/images/articulos/DISTRIBUCION/53266.jpg,,,lab sin productos en BD,si
326,38856,ME36877,TERBINAFINA CLORHIDRATO 1 % CREMA TOPICA,asignar,39392,"LABORATORIOS KIMICEG, C.A.",no,TERBINAFINA 1 % CREMA,CREMA,,,,,cobeca,TERBINAFINA CREM 1% 15G KIMIC,https://mav.farmaciasaas.com/api/images/articulos/DISTRIBUCION/96827.jpg,0,0,match T0 score 0,si
327,38863,ME42959,TIMOLOL 0.5 % SOLUCION OFTALMICA,crear,,"CASA DE REPRESENTACION DISTRILAB, C.A.",si,TIMOLOL 0.5 % SOLUCION OFTALMICA,SOLUCION OFTALMICA,Timolol,SOLUCION OFTALMICA,,Linea Farmacia,cobeca,"TIMOLOL SOL OFT 0,5% 10ML CR DIST",https://mav.farmaciasaas.com/api/images/articulos/DISTRIBUCION/22841.jpg,,,lab sin productos en BD,si
328,38868,HO27849/2,TIOCOLCHICOSIDO 4 MG / 2 ML X 1 AMPOLLA,crear,,"CASA DE REPRESENTACION GLOBAL MEDIC, C.A.",si,TIOCOLCHICOSIDO 4 MG / 2 ML X 1 AMPOLLA,INYECTABLE,Tiocolchicosido,X 1 INYECTABLE,1,Linea Hospitalaria,cobeca,TIOCOLCHICOSIDO AMP 4MG/2ML X1 CR GM,https://mav.farmaciasaas.com/api/images/articulos/DISTRIBUCION/51472.jpg,,,lab existe pero sin match >= T0,si
329,38869,HO27849/4,TIOCOLCHICOSIDO 4 MG / 2 ML X 50 AMPOLLAS,crear,,"ALESS PHARMACEUTICALS, C.A.",si,TIOCOLCHICOSIDO 4 MG / 2 ML X 50 AMPOLLAS,INYECTABLE,Tiocolchicosido,X 50 INYECTABLE,50,Linea Hospitalaria,cobeca,TIOCOLCHICOSIDO AMP 4MG/2ML X50 ALESS,https://mav.farmaciasaas.com/api/images/articulos/DISTRIBUCION/20404.jpg,,,lab sin productos en BD,si
330,38870,HO27849/3,TIOCOLCHICOSIDO 4 MG / 2 ML X 2 AMPOLLAS,crear,,"ALESS PHARMACEUTICALS, C.A.",si,TIOCOLCHICOSIDO IMP 4 MG / 2 ML X 2 INYECTABLE,INYECTABLE,Tiocolchicosido Imp,X 2 INYECTABLE,2,Linea Hospitalaria,cobeca,TIOCOLCHICOSIDO AMP IMP 4MG/2ML X2 ALESS,https://mav.farmaciasaas.com/api/images/articulos/DISTRIBUCION/20405.jpg,,,lab sin productos en BD,si
331,38875,ME43629,TIZANIDINA 2 MG X 10 TABLETAS,crear,,"INVERSIONES ANGELUS HEALTH, C.A.",si,TIZANIDINA 2 MG X 10 TABLETAS,TABLETAS,Tizanidina,X 10 TABLETAS,10,Linea Farmacia,cobeca,TIZANIDINA TAB 2MG X 10 ANGELUS,https://mav.farmaciasaas.com/api/images/articulos/DISTRIBUCION/28534.jpg,,,lab existe pero sin match >= T0,si
332,38893,ME28553/2,TRIMEBUTINA MALEATO 200 MG X 10 TABLETAS,crear,,"CORPORACION CLEOPHARMA, C.A.",si,TRIMEBUTINA MALEATO 200 MG X 10 TABLETAS,TABLETAS,Trimebutina,X 10 TABLETAS,10,Linea Farmacia,cobeca,TRIMEBUTINA TAB 200MG X10 CLEO,https://mav.farmaciasaas.com/api/images/articulos/DISTRIBUCION/25677.jpg,,,lab sin productos en BD,si
333,38894,ME28553/3,TRIMEBUTINA MALEATO 200 MG X 30 TABLETAS,asignar,38894,"LABORATORIO LA SANTE, C.A.",no,TRIMEBUTINA MALEATO 200 MG X 30 TABLETAS,TABLETAS,,,,,cobeca,TRIMEBUTINA TAB 200MG X30 PHARME,https://mav.farmaciasaas.com/api/images/articulos/DISTRIBUCION/26921.jpg,0,2,match T0 score 2,si
334,38913,ME44208/2,VALSARTAN 160 MG X 10 COMPRIMIDOS RECUBIERTOS,crear,,"INVERSIONES ANGELUS HEALTH, C.A.",si,VALSARTAN 160 MG X 10 COMPRIMIDOS RECUBIERTOS,COMPRIMIDOS,Valsartan,X 10 COMPRIMIDOS,10,Linea Farmacia,cobeca,VALSARTAN TAB 160MG X10 ANG/H,https://mav.farmaciasaas.com/api/images/articulos/DISTRIBUCION/21372.jpg,,,lab existe pero sin match >= T0,si
335,38915,ME44208/4,VALSARTAN 160 MG X 30 COMPRIMIDOS RECUBIERTOS,crear,,"INVERSIONES ANGELUS HEALTH, C.A.",si,VALSARTAN 160 MG X 30 COMPRIMIDOS RECUBIERTOS,COMPRIMIDOS,Valsartan,X 30 COMPRIMIDOS,30,Linea Farmacia,cobeca,VALSARTAN TAB REC 160MG X30 ANG/H,https://mav.farmaciasaas.com/api/images/articulos/DISTRIBUCION/52911.jpg,,,lab existe pero sin match >= T0,si
336,38923,ME35562/5,VALSARTAN - HIDROCLOROTIAZIDA 80 MG - 12.5 MG X 30 TABLETAS RECUBIERTAS,crear,,"LABORATORIO LA SANTE, C.A.",no,VALSARTAN HCT TABREC 80 MG X 30 TABLETAS,TABLETAS,Valsartan Hct Tabrec,X 30 TABLETAS,30,Linea Farmacia,cobeca,"VALSARTAN/HCT TABREC 80/12,5MGX30 PHARME",https://mav.farmaciasaas.com/api/images/articulos/DISTRIBUCION/22214.jpg,,,lab existe pero sin match >= T0,si
337,38926,ME38613,VALSARTAN - HIDROCLOROTIAZIDA 80 MG - 12.5 MG X 30 TABLETAS RECUBIERTAS,crear,,"LABORATORIO LA SANTE, C.A.",no,VALSARTAN HCT TABREC 80 MG X 30 TABLETAS,TABLETAS,Valsartan Hct Tabrec,X 30 TABLETAS,30,Linea Farmacia,cobeca,"VALSARTAN/HCT TABREC 80/12,5MGX30 PHARME",https://mav.farmaciasaas.com/api/images/articulos/DISTRIBUCION/22214.jpg,,,lab existe pero sin match >= T0,si
338,38927,ME33646/2,VASATEN HCT 80 MG - 12.5 MG X 10 COMPRIMIDOS RECUBIERTOS,ya_tiene_foto,39406,"LABORATORIOS VARGAS, S.A.",no,,,,,,,cobeca,VALSARTAN HCT TAB/REC 80/12.5MG X10 VARG,https://mav.farmaciasaas.com/api/images/articulos/DISTRIBUCION/50173.jpg,0,1004,producto objetivo ya tiene foto (#39406),no
339,38928,ME33646/3,VASATEN HCT 80 MG - 12.5 MG X 14 COMPRIMIDOS RECUBIERTOS,asignar,38925,"CALOX INTERNATIONAL, C.A.",no,VALSARTAN - HIDROCLOROTIAZIDA 80 MG - 12.5 MG X 14 TABLETAS RECUBIERTAS,TABLETAS,,,,,cobeca,"VALSARTAN/HCT TAB REC 80/12,5MG X14 CLX",https://mav.farmaciasaas.com/api/images/articulos/DISTRIBUCION/9838.jpg,0,4,match T0 score 4,si
340,38929,ME35526/2,VALSARTAN - HIDROCLOROTIAZIDA 80 MG - 12.5 MG X 10 TABLETAS RECUBIERTAS,ya_tiene_foto,39406,"LABORATORIOS VARGAS, S.A.",no,,,,,,,cobeca,VALSARTAN HCT TAB/REC 80/12.5MG X10 VARG,https://mav.farmaciasaas.com/api/images/articulos/DISTRIBUCION/50173.jpg,0,1004,producto objetivo ya tiene foto (#39406),no
341,38931,ME44465,VALSARTAN 160 MG X 30 TABLETAS RECUBIERTAS,crear,,"INVERSIONES ANGELUS HEALTH, C.A.",si,VALSARTAN 160 MG X 30 TABLETAS RECUBIERTAS,TABLETAS,Valsartan,X 30 TABLETAS,30,Linea Farmacia,cobeca,VALSARTAN TAB REC 160MG X30 ANG/H,https://mav.farmaciasaas.com/api/images/articulos/DISTRIBUCION/52911.jpg,,,lab existe pero sin match >= T0,si
342,38932,ME37644/2,VALSARTAN 80 MG X 14 CAPSULAS,asignar,38920,"LABORATORIOS LETI, S.A.V.",no,VALSARTAN 80 MG X 14 CAPSULAS,CAPSULAS,Valsartan,,,,cobeca,VALSARTAN CAP 80MG X14 LETI,https://mav.farmaciasaas.com/api/images/articulos/DISTRIBUCION/22949.jpg,0,1002,match T0 score 1002,si
343,38933,ME37644/3,VALSARTAN 80 MG X 30 CAPSULAS,asignar,38921,"LABORATORIOS LETI, S.A.V.",no,VALSARTAN 80 MG X 30 CAPSULAS,CAPSULAS,Valsartan,,,,cobeca,VALSARTAN CAP 80MG X30 GNV LETI,https://mav.farmaciasaas.com/api/images/articulos/DISTRIBUCION/99797.jpg,0,1002,match T0 score 1002,si
344,38952,ME42486,VILDAGLIPTINA 50 MG X 30 COMPRIMIDOS,crear,,"CASA DE REPRESENTACION MT GLOBAL CARE, C.A.",si,VILDAGLIPTINA 50 MG X 30 COMPRIMIDOS,COMPRIMIDOS,Vildagliptina,X 30 COMPRIMIDOS,30,Linea Farmacia,cobeca,VILDAGLIPTINA TAB 50MG X 30 MT,https://mav.farmaciasaas.com/api/images/articulos/DISTRIBUCION/30332.jpg,,,lab sin productos en BD,si
345,38963,ME44099/3,VITAMINA C 500 MG X 15 TABLETAS MASTICABLES SABOR A NARANJA,asignar,38309,"LABORATORIO LA SANTE, C.A.",no,VITAMINA C 500 MG X 16 TABLETAS MASTICABLES SABOR A TUTTI FRUTTI,TABLETAS,Ascorbico Acido,,,,farmanselmo,VITAMINA C (ACIDO ASCORBICO) 500MG SABOR A NARANJA TIRA xTABLETAS MASTICABLES LA SANTE (E),https://pccentro.net.ve/img/s/4/3/6/0/1/43601-large_default.webp,0,1002,match T0 score 1002,si
346,38964,ME44099/4,VITAMINA C 500 MG X 30 TABLETAS MASTICABLES SABOR A NARANJA,crear,,"BY NATURLIFES, C.A.",si,BITEX COMPLEJO VITAMINA B1 B2 B6 B12 NATURALIFES X 30 TABLETAS,TABLETAS,Bitex Complejo Vitamina B1 B2 B6 B12 Naturalifes,X 30 TABLETAS,30,Linea Farmacia,farmanselmo,BITEX COMPLEJO B VITAMINA B1/B2/B6/B12 X30 TABLETAS NATURALIFES (E),https://pccentro.net.ve/img/s/6/8/9/1/0/68910-large_default.webp,,,lab sin productos en BD,si
347,38965,ME44099/2,VITAMINA C 500 MG X 10 TABLETAS MASTICABLES SABOR A NARANJA,crear,,"LABORATORIO LA SANTE, C.A.",no,VITAMINA MANDARINA TIRA TABLETA MASTICABLE UNIDADES 500 MG X 10 TABLETAS,TABLETAS,Vitamina Mandarina Tira Tableta Masticable Unidades,X 10 TABLETAS,10,Linea Farmacia,farmanselmo,VITAMINA C 500MG MANDARINA TIRA TABLETA MASTICABLE x10 UNIDADES LA SANTE (E),https://pccentro.net.ve/img/s/7/4/6/6/8/74668-large_default.webp,,,lab existe pero sin match >= T0,si
348,38981,HO33694,VORCUM 200 MG POLVO LIOFILIZADO PARA SOLUCION PARA INFUSION,crear,,"LABORATORIOS LETI, S.A.V.",no,VORICONAZOL 200 MG INYECTABLE,INYECTABLE,Voriconazol,INYECTABLE,,Linea Hospitalaria,cobeca,VORICONAZOL AMP 200MG X1 GLOB/C,https://mav.farmaciasaas.com/api/images/articulos/DISTRIBUCION/27731.jpg,,,lab existe pero sin match >= T0,si
349,39014,ME42908,ACETAMINOFEN 120 MG / 5 ML X 10 SOLUCION ORAL,crear,,"BIOQUIMICA INTERNACIONAL, C.A.",si,ACETAMINOFEN 120 MG / 5 ML X 10 SOLUCION ORAL,SOLUCION ORAL,Acetaminofen,SOLUCION ORAL,,Linea Farmacia,cobeca,ACETAMINOFEN SOL 120MG/5ML 120ML BIOQ,https://mav.farmaciasaas.com/api/images/articulos/DISTRIBUCION/53087.jpg,,,lab existe pero sin match >= T0,si
350,39020,ME33987,ACIDO FOLICO 10 MG / ML SOLUCION ORAL,ambiguo,39023|39319,"LABORATORIOS SIEGFRIED, S.A.",no,,,,,,,cobeca,ACIDO FOLICO GTS 10MG 15ML MEY,https://mav.farmaciasaas.com/api/images/articulos/DISTRIBUCION/2643.jpg,,,2+ candidatos de presentación exacta empatados en mismo tier,no
351,39042,ME32836/2,AMOVIN 500 MG X 3 TABLETAS RECUBIERTAS,crear,,"CALOX INTERNATIONAL, C.A.",no,AZITROMICINA 500 MG X 3 TABLETAS,TABLETAS,Azitromicina,X 3 TABLETAS,3,Linea Farmacia,cobeca,AZITROMICINA TAB 500MG X3 CLX,https://mav.farmaciasaas.com/api/images/articulos/DISTRIBUCION/11009.jpg,,,solo match relaxando pack (T3) — presentacion exacta no existe,si
352,39044,ME29931,AMOXICILINA 250 MG / 5 ML POLVO PARA SUSPENSION ORAL,asignar,37444,"CALOX INTERNATIONAL, C.A.",no,AMOXICILINA 250 MG / 5 ML POLVO PARA SUSPENSION ORAL,POLVO PARA RECONSTITUCION,Amoxicilina,,,,cobeca,AMOXICILINA PVO PED 250MG/5ML 60ML CLX,https://mav.farmaciasaas.com/api/images/articulos/DISTRIBUCION/51378.jpg,0,1002,match T0 score 1002,si
353,39086,ME42454,ATORVASTATINA 40 MG COMPRIMIDOS RECUBIERTOS,asignar,37520,"LABORATORIOS LETI, S.A.V.",no,ATORVASTATINA 40 MG X 30 COMPRIMIDOS RECUBIERTOS,COMPRIMIDOS,Atorvastatina,,,,cobeca,ATORVASTATINA COMP 40MG X30 LETI,https://mav.farmaciasaas.com/api/images/articulos/DISTRIBUCION/98292.jpg,0,1002,match T0 score 1002,si
354,39105,ME42418,BISOPROLOL FUMARATO 1.25 MG COMPRIMIDOS RECUBIERTOS,crear,,"CALOX INTERNATIONAL, C.A.",no,BISOPROLOL FUMARATO 1.25 MG COMPRIMIDOS RECUBIERTOS,COMPRIMIDOS,Bisoprolol,X 30 COMPRIMIDOS,30,Linea Farmacia,cobeca,"BISOPROLOL TAB 1,25MG X 30 CALOX",https://mav.farmaciasaas.com/api/images/articulos/DISTRIBUCION/97000.jpg,,,lab existe pero sin match >= T0,si
355,39107,ME42420,BISOPROLOL FUMARATO 5 MG COMPRIMIDOS RECUBIERTOS,crear,,"LABORATORIOS LETI, S.A.V.",no,BISOPROLOL FUMARATO 5 MG COMPRIMIDOS RECUBIERTOS,COMPRIMIDOS,Bisoprolol,X 30 COMPRIMIDOS,30,Linea Farmacia,cobeca,BISOPROLOL FUMARATO COMP 5MG X30 LETI,https://mav.farmaciasaas.com/api/images/articulos/DISTRIBUCION/98668.jpg,,,lab existe pero sin match >= T0,si
356,39108,ME42429,BISOPROLOL FUMARATO - HIDROCLOROTIAZIDA 10 MG - 6.25 MG COMPRIMIDOS RECUBIERTOS,ya_tiene_foto,37583,"LABORATORIOS LETI, S.A.V.",no,,,,,,,farmanselmo,BIOTALOL HCT BISOPROLOL FUMARATO+HIDROCLOROTIAZIDA 10 MG+6.25 MG COMPRIMIDOS LETI (E),https://pccentro.net.ve/img/s/6/9/8/7/9/69879-large_default.webp,0,2,producto objetivo ya tiene foto (#37583),no
357,39109,ME39033,BISOPROLOL FUMARATO - HIDROCLOROTIZIDA 2.5 MG - 6.25 MG COMPRIMIDOS RECUBIERTOS,crear,,"ALESS PHARMACEUTICALS, C.A.",si,BISOPROLOL HCT 2.5 MG X 15 COMPRIMIDOS,COMPRIMIDOS,Bisoprolol Hct,X 15 COMPRIMIDOS,15,Linea Farmacia,cobeca,"BISOPROLOL/HCT TAB 2,5/6,25MG X15 ALESS",https://mav.farmaciasaas.com/api/images/articulos/DISTRIBUCION/20507.jpg,,,lab sin productos en BD,si
358,39110,ME42419,BISOPROLOL FUMARATO 2.5 MG COMPRIMIDOS RECUBIERTOS,ambiguo,39054|39106,"CALOX INTERNATIONAL, C.A.",no,,,,,,,cobeca,"BISOPROLOL TAB 2,5MG X 30 CALOX",https://mav.farmaciasaas.com/api/images/articulos/DISTRIBUCION/97002.jpg,,,2+ candidatos de presentación exacta empatados en mismo tier,no
359,39118,ME42603,BROMHEXINA CLORHIDRATO 4 MG / 5 ML JARABE,crear,,"LABORATORIO LA SANTE, C.A.",no,BROMHEXINA PED4MG 5 ML / 120 ML JARABE,JARABE,Bromhexina Ped4mg,JARABE,,Linea Farmacia,cobeca,BROMHEXINA JBE PED4MG/5ML 120ML PHARME,https://mav.farmaciasaas.com/api/images/articulos/DISTRIBUCION/11549.jpg,,,lab existe pero sin match >= T0,si
360,39121,ME42750,CANDESARTAN CILEXETILO 8 MG COMPRIMIDOS,asignar,37663,"LABORATORIO LA SANTE, C.A.",no,CANDESARTAN 8 MG X 30 TABLETAS,TABLETAS,,,,,cobeca,CANDESARTAN TAB 8MG X30 PHARME,https://mav.farmaciasaas.com/api/images/articulos/DISTRIBUCION/23944.jpg,0,2,match T0 score 2,si
361,39126,ME43806,CARBETAL 8 MG X 30 TABLETAS,asignar,37663,"LABORATORIO LA SANTE, C.A.",no,CANDESARTAN 8 MG X 30 TABLETAS,TABLETAS,,,,,cobeca,CANDESARTAN TAB 8MG X30 PHARME,https://mav.farmaciasaas.com/api/images/articulos/DISTRIBUCION/23944.jpg,0,2,match T0 score 2,si
362,39133,ME43851,CETERIX 10 MG COMPRIMIDOS,asignar,37728,"LABORATORIOS LETI, S.A.V.",no,CETIRIZINA 10 MG X 10 COMPRIMIDOS RECUBIERTOS,COMPRIMIDOS,Cetirizina,,,,cobeca,CETIRIZINA COMP 10MG X10 LETI,https://mav.farmaciasaas.com/api/images/articulos/DISTRIBUCION/11497.jpg,0,1002,match T0 score 1002,si
363,39135,ME31589,CETIRIZINA 1 MG / ML SOLUCION ORAL,crear,,"GLAXOSMITHKLINE VENEZUELA, C.A.",si,ZYRTEC DICLORHIDRATO CETIRIZINA GSK FARMA 1 MG / 1 ML SOLUCION ORAL,SOLUCION ORAL,Zyrtec Diclorhidrato Cetirizina Gsk Farma,SOLUCION ORAL,,Linea Farmacia,farmanselmo,ZYRTEC DICLORHIDRATO DE CETIRIZINA 1MG/1ML SOLUCION ORAL x60ML GSK FARMA (E),https://pccentro.net.ve/img/s/8/0/1/1/4/80114-large_default.webp,,,lab existe pero sin match >= T0,si
364,39143,ME33398,CLARITROMICINA 500 MG COMPRIMIDOS RECUBIERTOS,crear,,"INVERSIONES ANGELUS HEALTH, C.A.",si,CLARITROMICINA 500 MG COMPRIMIDOS RECUBIERTOS,COMPRIMIDOS,Claritromicina,X 10 COMPRIMIDOS,10,Linea Farmacia,cobeca,CLARITROMICINA TAB 500MG X10 ANG/H,https://mav.farmaciasaas.com/api/images/articulos/DISTRIBUCION/20429.jpg,,,lab existe pero sin match >= T0,si
365,39150,HO32581,CLORURO DE POTASIO 7.5 % SOLUCION HIPERTONICA X 1 AMPOLLA,crear,,"LABORATORIO FINE CHEMICALS C.F.C., C.A.",si,CLORURO MAGNES 25 G INYECTABLE,INYECTABLE,Cloruro Magnes,INYECTABLE,,Linea Hospitalaria,cobeca,CLORURO D/MAGNES 25G FCH,https://mav.farmaciasaas.com/api/images/articulos/DISTRIBUCION/17780.jpg,,,lab sin productos en BD,si
366,39151,HO32515,CLORURO DE SODIO AL 20 % SOLUCION HIPERTONICA INYECTABLE,crear,,"LABORATORIO FINE CHEMICALS C.F.C., C.A.",si,CLORURO MAGNES 25 G INYECTABLE,INYECTABLE,Cloruro Magnes,INYECTABLE,,Linea Hospitalaria,cobeca,CLORURO D/MAGNES 25G FCH,https://mav.farmaciasaas.com/api/images/articulos/DISTRIBUCION/17780.jpg,,,lab sin productos en BD,si
367,39154,ME44093,COFASUR 160 MG X 30 TABLETAS RECUBIERTAS,crear,,"INVERSIONES ANGELUS HEALTH, C.A.",si,VALSARTAN 160 MG X 30 TABLETAS,TABLETAS,Valsartan,X 30 TABLETAS,30,Linea Farmacia,cobeca,VALSARTAN TAB REC 160MG X30 ANG/H,https://mav.farmaciasaas.com/api/images/articulos/DISTRIBUCION/52911.jpg,,,lab existe pero sin match >= T0,si
368,39179,ME43570,DESLORATADINA - MONTELUKAST 5 MG - 10 MG COMPRIMIDOS RECUBIERTOS,ambiguo,37380|38504,"LABORATORIOS L.O. OFTALMI, C.A.",no,,,,,,,farmanselmo,AIRON DUO MONTELUKAST+DESLORATADINA 10MG+5MG x10 TABLETAS OFTALMI (E),https://pccentro.net.ve/img/s/7/2/5/2/6/72526-large_default.webp,,,2+ candidatos de presentación exacta empatados en mismo tier,no
369,39182,ME31107,DICLOFENAC DIETILAMINO 1.16 % GEL,crear,,"ALESS PHARMACEUTICALS, C.A.",si,DICLOFENAC DIETILAMINO 1.16 % GEL,GEL,Diclofenac Dietilam,GEL,,Linea Farmacia,cobeca,"DICLOFENAC DIETILAM GEL 1,16% 30G ALESS",https://mav.farmaciasaas.com/api/images/articulos/DISTRIBUCION/51997.jpg,,,lab sin productos en BD,si
370,39194,ME30297,MATIGEL 0.5 % SOLUCION OFTALMICA,crear,,"CASA DE REPRESENTACION DISTRILAB, C.A.",si,TIMOLOL 0.5 % SOLUCION OFTALMICA,SOLUCION OFTALMICA,Timolol,SOLUCION OFTALMICA,,Linea Farmacia,cobeca,"TIMOLOL SOL OFT 0,5% 10ML CR DIST",https://mav.farmaciasaas.com/api/images/articulos/DISTRIBUCION/22841.jpg,,,lab sin productos en BD,si
371,39207,ME44071,EVABOLIN 10 MG X 30 TABLETAS RECUBIERTAS,crear,,"CASA DE REPRESENTACION DISTRILAB, C.A.",si,EMPAGLIFLOZINA 10 MG X 30 TABLETAS,TABLETAS,Empagliflozina,X 30 TABLETAS,30,Linea Farmacia,cobeca,EMPAGLIFLOZINA TAB 10MG X30 DIST,https://mav.farmaciasaas.com/api/images/articulos/DISTRIBUCION/52002.jpg,,,lab sin productos en BD,si
372,39228,ME43741,GEMKAST 10 MG X 30 TABLETAS RECUBIERTAS,crear,,"LABORATORIO PLUSANDEX DE FARMACEUTICOS UNIDOS, PLUSANDEX, C.A.",no,MONTELUKAST 10 MG X 30 TABLETAS,TABLETAS,Montelukast,X 30 TABLETAS,30,Linea Farmacia,cobeca,MONTELUKAST TAB 10MG X30 PLX,https://mav.farmaciasaas.com/api/images/articulos/DISTRIBUCION/27584.jpg,,,lab existe pero sin match >= T0,si
373,39245,ME42460,HIDROCLOROTIAZIDA 12.5 MG COMPRIMIDOS,crear,,"LABORATORIO LA SANTE, C.A.",no,HIDROCLOROTIAZIDA 12.5 MG COMPRIMIDOS,COMPRIMIDOS,Hidroclorotiazida,X 30 COMPRIMIDOS,30,Linea Farmacia,cobeca,"HIDROCLOROTIAZIDA TAB 12,5MG X30 PHARME",https://mav.farmaciasaas.com/api/images/articulos/DISTRIBUCION/53195.jpg,,,lab existe pero sin match >= T0,si
374,39248,ME39472,IBUPROFENO 400 MG-TIOCOLCHICOSIDO 4 MG COMPRIMIDOS,asignar,38224,"LABORATORIO PLUSANDEX DE FARMACEUTICOS UNIDOS, PLUSANDEX, C.A.",no,IBUPROFENO 400 MG X 10 TABLETAS RECUBIERTAS ENTERICAS,TABLETAS,Ibuprofeno,,,,cobeca,IBUPROFENO TAB REC 400MG X10 PLX,https://mav.farmaciasaas.com/api/images/articulos/DISTRIBUCION/92855.jpg,0,1002,match T0 score 1002,si
375,39250,ME26698,IBUPROFENO 400 MG COMPRIMIDOS RECUBIERTOS,asignar,38224,"LABORATORIO PLUSANDEX DE FARMACEUTICOS UNIDOS, PLUSANDEX, C.A.",no,IBUPROFENO 400 MG X 10 TABLETAS RECUBIERTAS ENTERICAS,TABLETAS,Ibuprofeno,,,,cobeca,IBUPROFENO TAB REC 400MG X10 PLX,https://mav.farmaciasaas.com/api/images/articulos/DISTRIBUCION/92855.jpg,0,1002,match T0 score 1002,si
376,39258,ME42456,IRBESARTAN 300 MG COMPRIMIDOS,asignar,38256,"CALOX INTERNATIONAL, C.A.",no,IRBESARTAN 300 MG X 28 TABLETAS,TABLETAS,Irbesartan,,,,cobeca,IRBESARTAN TAB 300 MG X 28 CLX,https://mav.farmaciasaas.com/api/images/articulos/DISTRIBUCION/28779.jpg,0,1002,match T0 score 1002,si
377,39270,HO30273/3,KETOPROFENO 100 MG / 2 ML X 10 AMPOLLAS,crear,,"TIARES, C.A.",si,KETOPROFENO 100 MG / 2 ML X 10 AMPOLLAS,INYECTABLE,Ketoprofeno,X 10 INYECTABLE,10,Linea Hospitalaria,cobeca,KETOPROFENO AMP IV/IM 100MG X10 TIAR,https://mav.farmaciasaas.com/api/images/articulos/DISTRIBUCION/26418.jpg,,,lab existe pero sin match >= T0,si
378,39287,ME29812,LORATADINA 10 MG COMPRIMIDOS,asignar,38383,"CALOX INTERNATIONAL, C.A.",no,LORATADINA 10 MG X 10 TABLETAS,TABLETAS,Loratadina,,,,cobeca,LORATADINA TAB 10MG X10 CLX,https://mav.farmaciasaas.com/api/images/articulos/DISTRIBUCION/9653.jpg,0,1002,match T0 score 1002,si
379,39291,ME42439,LOSARTAN POTASICO 100 MG COMPRIMIDOS RECUBIERTOS,crear,,"INVERSIONES ANGELUS HEALTH, C.A.",si,LOSARTAN POTASICO 100 MG COMPRIMIDOS RECUBIERTOS,COMPRIMIDOS,Losartan,X 30 COMPRIMIDOS,30,Linea Farmacia,cobeca,LOSARTAN POT TAB 100MG X 30 ANGELUS,https://mav.farmaciasaas.com/api/images/articulos/DISTRIBUCION/28528.jpg,,,lab existe pero sin match >= T0,si
380,39296,ME31259,MELOXICAM 15 MG COMPRIMIDOS,crear,,"INVERSIONES ANGELUS HEALTH, C.A.",si,MELOXICAM 15 MG COMPRIMIDOS,COMPRIMIDOS,Meloxicam,X 10 COMPRIMIDOS,10,Linea Farmacia,cobeca,MELOXICAM TAB 15MG X 10 ANGELUS,https://mav.farmaciasaas.com/api/images/articulos/DISTRIBUCION/28529.jpg,,,lab existe pero sin match >= T0,si
381,39299,ME37492,METFORMINA CLORHIDRATO 850 MG COMPRIMIDOS,crear,,"INVERSIONES ANGELUS HEALTH, C.A.",si,METFORMINA CLORHIDRATO 850 MG COMPRIMIDOS,COMPRIMIDOS,Metformina,X 30 COMPRIMIDOS,30,Linea Farmacia,cobeca,METFORMINA TAB 850MG X 30 ANGELUS,https://mav.farmaciasaas.com/api/images/articulos/DISTRIBUCION/28530.jpg,,,lab existe pero sin match >= T0,si
382,39303,ME44313,MIDOL 500 MG X 10 TABLETAS,asignar,37308,"LABORATORIOS LETI, S.A.V.",no,ACETAMINOFEN 500 X 10 COMPRIMIDOS,COMPRIMIDOS,Acetaminofen,,,,cobeca,ACETAMINOFEN COMP 500MG X10 LETI,https://mav.farmaciasaas.com/api/images/articulos/DISTRIBUCION/22931.jpg,0,1000,match T0 score 1000,si
383,39304,ME44314,MIDOL FORTE 650 MG X 10 TABLETAS,crear,,"LABORATORIO LA SANTE, C.A.",no,ACETAMINOFEN 650 MG X 10 TABLETAS,TABLETAS,Acetaminofen,X 10 TABLETAS,10,Linea Farmacia,cobeca,ACETAMINOFEN TAB 650MG X10 PHARME,https://mav.farmaciasaas.com/api/images/articulos/DISTRIBUCION/11552.jpg,,,lab existe pero sin match >= T0,si
384,39308,ME35447,MONTELUKAST 10 MG COMPRIMIDOS RECUBIERTOS,crear,,"LABORATORIO LA SANTE, C.A.",no,MONTELUKAST 10 MG COMPRIMIDOS RECUBIERTOS,COMPRIMIDOS,Montelukast,X 10 COMPRIMIDOS,10,Linea Farmacia,cobeca,MONTELUKAST TAB REC 10MG X10 PHARME,https://mav.farmaciasaas.com/api/images/articulos/DISTRIBUCION/18804.jpg,,,lab existe pero sin match >= T0,si
385,39328,ME30489,OMEPRAZOL 20 MG X 28 CAPSULAS,asignar,38598,"CALOX INTERNATIONAL, C.A.",no,OMEPRAZOL 20 MG X 28 CAPSULAS CON MICROGRANULOS ENTERICOS,CAPSULAS,,,,,cobeca,OMEPRAZOL CAP 20MG X28 CLX,https://mav.farmaciasaas.com/api/images/articulos/DISTRIBUCION/8254.jpg,0,2,match T0 score 2,si
386,39345,ME42605B,QUETIAPINA 100 MG COMPRIMIDOS RECUBIERTOS,crear,,"LABORATORIOS PHARMARIS DE VENEZUELA, C.A.",no,QUETIAPINA 100 MG COMPRIMIDOS RECUBIERTOS,COMPRIMIDOS,Quetiapina,X 30 COMPRIMIDOS,30,Linea Farmacia,cobeca,QUETIAPINA TAB 100MG X30 PHARMA,https://mav.farmaciasaas.com/api/images/articulos/DISTRIBUCION/27607.jpg,,,lab sin productos en BD,si
387,39346,ME42604,QUETIAPINA 25 MG COMPRIMIDOS RECUBIERTOS,crear,,"LABORATORIOS PHARMARIS DE VENEZUELA, C.A.",no,QUETIAPINA 25 MG COMPRIMIDOS RECUBIERTOS,COMPRIMIDOS,Quetiapina Hemifumarato,X 30 COMPRIMIDOS,30,Linea Farmacia,cobeca,QUETIAPINA TAB 25MG X30 PHARMA,https://mav.farmaciasaas.com/api/images/articulos/DISTRIBUCION/27606.jpg,,,lab sin productos en BD,si
388,39348,ME42526,QUETIAPINA 25 MG COMPRIMIDOS,crear,,"LABORATORIOS PHARMARIS DE VENEZUELA, C.A.",no,QUETIAPINA 25 MG COMPRIMIDOS,COMPRIMIDOS,Quetiapina,X 30 COMPRIMIDOS,30,Linea Farmacia,cobeca,QUETIAPINA TAB 25MG X30 PHARMA,https://mav.farmaciasaas.com/api/images/articulos/DISTRIBUCION/27606.jpg,,,lab sin productos en BD,si
389,39358,ME36523,SIMVASTATINA 20 MG COMPRIMIDOS RECUBIERTOS,crear,,"LABORATORIOS DOLLDER, C.A.",no,CYNT SIMVASTATINA 20 MG X 20 COMPRIMIDOS,COMPRIMIDOS,Cynt Simvastatina,X 20 COMPRIMIDOS,20,Linea Farmacia,farmanselmo,CYNT SIMVASTATINA 20 MG x20 COMPRIMIDOS DOLLDER (E),https://pccentro.net.ve/img/s/7/8/3/5/3/78353-large_default.webp,,,lab sin productos en BD,si
390,39359,ME27689,SALBUROL 0.5 % SOLUCION PARA INHALACION,crear,,"CASA DE REPRESENTACION DISTRILAB, C.A.",si,SALBUTAMOL INH 100 MCG INHALACION,INHALACION,Salbutamol Inh,INHALACION,,Linea Farmacia,cobeca,SALBUTAMOL INH 100MCG X200DOSIS CR DIST,https://mav.farmaciasaas.com/api/images/articulos/DISTRIBUCION/20949.jpg,,,lab sin productos en BD,si
391,39360,ME30996,SALBUTAMOL 0.5 % SOLUCION PARA INHALAR,crear,,"CASA DE REPRESENTACION DISTRILAB, C.A.",si,SALBUTAMOL INH 100 MCG LOCION,LOCION,Salbutamol Inh,LOCION,,Linea Farmacia,cobeca,SALBUTAMOL INH 100MCG X200DOSIS CR DIST,https://mav.farmaciasaas.com/api/images/articulos/DISTRIBUCION/20949.jpg,,,lab sin productos en BD,si
392,39361,ME42518,SERTRALINA 100 MG COMPRIMIDOS,ambiguo,38777|38857,"MEGALABS, S.A.",no,,,,,,,farmanselmo,TIALIN SERTRALINA 100MG x10 COMPRIMIDOS MEGALABS (E),https://pccentro.net.ve/img/s/8/4/0/2/8/84028-large_default.webp,,,2+ candidatos de presentación exacta empatados en mismo tier,no
393,39362,ME42517,SERTRALINA 50 MG COMPRIMIDOS,crear,,"CORPORACION CLEOPHARMA, C.A.",si,SERTRALINA 50 MG COMPRIMIDOS,COMPRIMIDOS,Sertralina,X 30 COMPRIMIDOS,30,Linea Farmacia,cobeca,SERTRALINA TAB 50MG X30 CLEO,https://mav.farmaciasaas.com/api/images/articulos/DISTRIBUCION/25669.jpg,,,lab sin productos en BD,si
394,39376,ME32130,SULTAMICILINA 750 MG COMPRIMIDOS RECUBIERTOS,crear,,"CASA DE REPRESENTACION DAC55, C.A.",no,SULTAMICILINA 750 MG COMPRIMIDOS RECUBIERTOS,COMPRIMIDOS,Sultamicilina,X 10 COMPRIMIDOS,10,Linea Farmacia,cobeca,SULTAMICILINA TAB 750MG X10 CR DAC,https://mav.farmaciasaas.com/api/images/articulos/DISTRIBUCION/20939.jpg,,,lab sin productos en BD,si
395,39384,ME44195/2,TARVINA 20 MG X 10 TABLETAS RECUBIERTAS,asignar,37517,"LABORATORIOS LETI, S.A.V.",no,ATORVASTATINA 20 MG X 10 COMPRIMIDOS RECUBIERTOS,COMPRIMIDOS,Atorvastatina,,,,cobeca,ATORVASTATINA COMP 20MG X10 LETI,https://mav.farmaciasaas.com/api/images/articulos/DISTRIBUCION/4070.jpg,0,1002,match T0 score 1002,si
396,39385,ME44195/3,TARVINA 20 MG X 30 TABLETAS RECUBIERTAS,ya_tiene_foto,37525,"LABORATORIO LA SANTE, C.A.",no,,,,,,,cobeca,ATORVASTATINA TAB REC 20MG X30 PHARME,https://mav.farmaciasaas.com/api/images/articulos/DISTRIBUCION/22227.jpg,0,1002,producto objetivo ya tiene foto (#37525),no
397,39402,ME38569,VALSARTAN 160 MG CAPSULAS,asignar,38917,"LABORATORIOS LETI, S.A.V.",no,VALSARTAN 160 MG X 7 CAPSULAS,CAPSULAS,Valsartan,,,,cobeca,VALSARTAN CAP 160MG X7 LETI,https://mav.farmaciasaas.com/api/images/articulos/DISTRIBUCION/2620.jpg,0,1002,match T0 score 1002,si
398,39420,ME35027,ALBENDAZOL 200 MG TABLETAS RECUBIERTAS MASTICABLES,crear,,"LABORATORIO LA SANTE, C.A.",no,ALBENDAZOL 200 MG TABLETAS RECUBIERTAS MASTICABLES,TABLETAS,Albendazol,X 6 TABLETAS,6,Linea Farmacia,cobeca,ALBENDAZOL TAB 200MG X6 PHARME,https://mav.farmaciasaas.com/api/images/articulos/DISTRIBUCION/1526.jpg,,,lab existe pero sin match >= T0,si
399,39422,ME34071,ALERVAX 120 MG X 10 TABLETAS RECUBIERTAS,ya_tiene_foto,38089,"CALOX INTERNATIONAL, C.A.",no,,,,,,,cobeca,FEXOFENADINA TAB 120MG X10 CLX,https://mav.farmaciasaas.com/api/images/articulos/DISTRIBUCION/92005.jpg,0,1002,producto objetivo ya tiene foto (#38089),no
400,39426,ME1482,ANGIOFLUX (SULODEXIDA) 250 LSU X 25 CAPSULAS BLANDAS,crear,,"LABORATORIOS LETI, S.A.V.",no,ANGIOFLUX 250LSU X 25 CAPSULAS,CAPSULAS,Angioflux 250lsu,X 25 CAPSULAS,25,Linea Farmacia,cobeca,ANGIOFLUX CAP BLD 250LSU X25 LETI,https://mav.farmaciasaas.com/api/images/articulos/DISTRIBUCION/52055.jpg,,,lab existe pero sin match >= T0,si
401,39437,ME36689,AZITROMICINA 500 MG X 3 TABLETA RECUBIERTA,crear,,"CALOX INTERNATIONAL, C.A.",no,AZITROMICINA 500 MG X 3 TABLETA RECUBIERTA,TABLETAS,Azitromicina,X 3 TABLETAS,3,Linea Farmacia,cobeca,AZITROMICINA TAB 500MG X3 CLX,https://mav.farmaciasaas.com/api/images/articulos/DISTRIBUCION/11009.jpg,,,solo match relaxando pack (T3) — presentacion exacta no existe,si
402,39448,ME32411,BUDESONIDA 50 MCG / DOSIS SUSPENSION PARA INHALACION ORAL,crear,,"CASAS DE REPRESENTACION MEDIFARM, C.A.",si,BUDESONIDA 50 MCG / DOSIS SUSPENSION PARA INHALACION ORAL,SUSPENSION ORAL,Budesonida,SUSPENSION ORAL,,Linea Farmacia,cobeca,BUDESONIDA INH PED 50MCG X200DOSIS MDF,https://mav.farmaciasaas.com/api/images/articulos/DISTRIBUCION/4804.jpg,,,lab sin productos en BD,si
403,39449,ME43037,HIOSCINA N-BUTILBROMURO 10 MG X 10 TABLETAS RECUBIERTAS,crear,,"BLUE MEDICAL PHARMACEUTICAL, C.A.",si,HIOSCINA N-BUTILBROMURO 10 MG X 10 TABLETAS RECUBIERTAS,TABLETAS,Butilbrom Hioscina,X 10 TABLETAS,10,Linea Farmacia,cobeca,BUTILBROM D/HIOSCINA TAB 10MGX10 BLUE/M,https://mav.farmaciasaas.com/api/images/articulos/DISTRIBUCION/23872.jpg,,,lab sin productos en BD,si
404,39454,ME38185,CILOSTAL 100 MG X 30 TABLETAS,crear,,"CORPORACION CLEOPHARMA, C.A.",si,CILOSTAZOL 100 MG X 30 TABLETAS,TABLETAS,Cilostazol,X 30 TABLETAS,30,Linea Farmacia,cobeca,CILOSTAZOL TAB REC 100MG X30 CLEO,https://mav.farmaciasaas.com/api/images/articulos/DISTRIBUCION/52907.jpg,,,lab sin productos en BD,si
405,39458,ME42403,CLINDAMICINA 1 % GEL TOPICO,crear,,"CASA DE REPRESENTACION ZUKATI, C.A.",si,CLINDAMICINA 15 G GEL,GEL,Clindamicina,GEL,,Linea Farmacia,cobeca,CLINDAMICINA GEL TOP 1% 15G CR ZUK,https://mav.farmaciasaas.com/api/images/articulos/DISTRIBUCION/23694.jpg,,,lab sin productos en BD,si
406,39459,ME44198,CLOBETASOL PROPIONATO 0.05 % CREMA,asignar,39439,"CALOX INTERNATIONAL, C.A.",no,CLOBETASOL PROPIONATO 0.05 % UNGUENTO,UNGUENTO,Clobetasol,,,,cobeca,"CLOBETASOL PROPIONAT CREM 0,05% 20G CLX",https://mav.farmaciasaas.com/api/images/articulos/DISTRIBUCION/90441.jpg,0,1000,match T0 score 1000,si
407,39460,ME43843,CLORDITAN 12.5 MG X 30 TABLETAS,crear,,"CASA DE REPRESENTACION MT GLOBAL CARE, C.A.",si,CLORTALIDONA 12.5 MG X 30 TABLETAS,TABLETAS,Clortalidona,X 30 TABLETAS,30,Linea Farmacia,cobeca,"CLORTALIDONA TAB 12,5MG X30 CR MT",https://mav.farmaciasaas.com/api/images/articulos/DISTRIBUCION/50972.jpg,,,lab sin productos en BD,si
408,39462,ME35192,CLOTRIMAZOL 2 % CREMA VAGINAL,crear,,"LABORATORIOS LETI, S.A.V.",no,CLOTRIMAZOL VAG 20 G CREMA,CREMA,Clotrimazol Vag,CREMA,,Linea Farmacia,cobeca,CLOTRIMAZOL CREM VAG 2% 20G LETI,https://mav.farmaciasaas.com/api/images/articulos/DISTRIBUCION/51265.jpg,,,lab existe pero sin match >= T0,si
409,39469,ME44385,DUNIXI 10 MG X 30 COMPRIMIDOS RECUBIERTOS,crear,,"CASA DE REPRESENTACION MT GLOBAL CARE, C.A.",si,DAPAGLIFLOZINA 10 MG X 30 COMPRIMIDOS,COMPRIMIDOS,Dapagliflozina,X 30 COMPRIMIDOS,30,Linea Farmacia,cobeca,DAPAGLIFLOZINA TAB 10MG X30 CR MT,https://mav.farmaciasaas.com/api/images/articulos/DISTRIBUCION/53037.jpg,,,lab sin productos en BD,si
410,39472,ME37301,DICLOFENAC SODICO 1 % GEL,crear,,"SOTO GLOBAL GROUP, C.A.",si,DICLOFENAC SODICO 50 G GEL,GEL,Diclofenac Sodico,GEL,,Linea Farmacia,cobeca,DICLOFENAC SOD GEL 1% 50G SGG,https://mav.farmaciasaas.com/api/images/articulos/DISTRIBUCION/24336.jpg,,,lab sin productos en BD,si
411,39475,HO26290,DEXAMETASONA 21-FOLATO 4 MG / ML X 10 AMPOLLAS,crear,,"CASA DE REPRESENTACION DISTRILAB, C.A.",si,SODICO 4 MG / 1 ML X 10 INYECTABLE,INYECTABLE,Sodico,X 10 INYECTABLE,10,Linea Hospitalaria,cobeca,DEXAMETASONA F/SOD SOL INY 4MG/1MLX10 DT,https://mav.farmaciasaas.com/api/images/articulos/DISTRIBUCION/23086.jpg,,,lab sin productos en BD,si
412,39497,ME42647,CLOTRIMAZOL 200 MG X 3 OVULOS VAGINALES,crear,,"CASA DE REPRESENTACION DISTRILAB, C.A.",si,DYMAZOL CLOTRIMAZOL OVULOS VAGINAL 200 MG X 3 OVULOS,OVULOS,Dymazol Clotrimazol Ovulos Vaginal,X 3 OVULOS,3,Linea Farmacia,farmanselmo,DYMAZOL (CLOTRIMAZOL) 200MG X 3 OVULOS VAGINAL DISTRILAB (E),https://pccentro.net.ve/img/s/6/0/7/4/2/60742-large_default.webp,,,lab sin productos en BD,si
413,39506,ME37839,TERBINAFINA CLORHIDRATO 1 % CREMA,asignar,39392,"LABORATORIOS KIMICEG, C.A.",no,TERBINAFINA 1 % CREMA,CREMA,,,,,cobeca,TERBINAFINA CREM 1% 15G KIMIC,https://mav.farmaciasaas.com/api/images/articulos/DISTRIBUCION/96827.jpg,0,0,match T0 score 0,si
414,39510,HO43429,FLUCONAZOL 200 MG / 100 ML SOLUCION PARA INFUSION,crear,,"BLUE MEDICAL PHARMACEUTICAL, C.A.",si,FLUCONAZOL 200 MG / 100 ML SOLUCION PARA INFUSION,INYECTABLE,Fluconazol,INYECTABLE,,Linea Hospitalaria,cobeca,FLUCONAZOL SOL INY 200MG/100ML BLUE,https://mav.farmaciasaas.com/api/images/articulos/DISTRIBUCION/29940.jpg,,,lab sin productos en BD,si
415,39513,ME35723,GABICTAL 300 MG X 30 COMPRIMIDOS RECUBIERTOS,crear,,"INVERSIONES ANGELUS HEALTH, C.A.",si,GABAPENTINA 300 MG X 30 COMPRIMIDOS,COMPRIMIDOS,Gabapentina,X 30 COMPRIMIDOS,30,Linea Farmacia,cobeca,GABAPENTINA TAB 300MG X30 ANG/H,https://mav.farmaciasaas.com/api/images/articulos/DISTRIBUCION/20432.jpg,,,lab existe pero sin match >= T0,si
416,39517,ME32507,GLICLAZIDA 80 MG X 20 TABLETAS,ya_tiene_foto,38163,"MEGALABS, S.A.",no,,,,,,,farmanselmo,GLIDAN GLICLAZIDA 80 MG x20 TABLETAS MEGALABS (E),https://pccentro.net.ve/img/s/8/4/0/3/8/84038-large_default.webp,0,2,producto objetivo ya tiene foto (#38163),no
417,39522,HO41500/3,GLUTANIL AL 20 % X 60 AMPOLLAS,crear,,"LABORATORIOS HERBAPLANT, C.A.",si,GLUTAMINA VIT B12 X 60 INYECTABLE,INYECTABLE,Glutamina Vit B12,X 60 INYECTABLE,60,Linea Hospitalaria,cobeca,L-GLUTAMINA/VIT B12 X 60 HERBAPLANT,https://mav.farmaciasaas.com/api/images/articulos/DISTRIBUCION/28485.jpg,,,lab sin productos en BD,si
418,39524,HO44584,BIOCORTIN 500 MG X 1 AMPOLLA,crear,,"CASA DE REPRESENTACION DISTRILAB, C.A.",si,HIDROCORTISONA SODICO 500 MG INYECTABLE,INYECTABLE,Hidrocortisona Sodico,INYECTABLE,,Linea Hospitalaria,cobeca,HIDROCORTISONA SOD PVO INY 500MG CR DIST,https://mav.farmaciasaas.com/api/images/articulos/DISTRIBUCION/23085.jpg,,,lab sin productos en BD,si
419,39532,ME35431,BIOKETOF 2.5 % GEL PARA USO T,crear,,"CASA DE REPRESENTACION DISTRILAB, C.A.",si,KETOPROFENO 2.5 % GEL,GEL,Ketoprofeno,GEL,,Linea Farmacia,cobeca,"KETOPROFENO GEL 2,5% 50G DIST",https://mav.farmaciasaas.com/api/images/articulos/DISTRIBUCION/52479.jpg,,,lab sin productos en BD,si
420,39542,ME43601,MINOXIDIL FORTE 5 % SOLUCION TOPICA,asignar,39542,"LABORATORIO LA SANTE, C.A.",no,MINOXIDIL FORTE 5 % SOLUCION TOPICA,SOLUCION TOPICA,Minoxidil,,,,cobeca,MINOXIDIL SOL TOP 5% X 60 ML LA SANTE,https://mav.farmaciasaas.com/api/images/articulos/DISTRIBUCION/28505.jpg,0,1000,match T0 score 1000,si
421,39545,ME43010,DESLORATADINA - MONTELUKAST 5 MG - 10 MG X 30 TABLETAS RECUBIERTAS,ya_tiene_foto,37377,"LABORATORIO COFASA, S.A.",no,,,,,,,farmanselmo,AIRCOF PLUS MONTELUKAST+DESLORATADINA 10MG+5MG x30 TABLETAS COFASA (E),https://pccentro.net.ve/img/s/8/1/9/4/8/81948-large_default.webp,0,1002,producto objetivo ya tiene foto (#37377),no
422,39546,ME43731,MUPIROCINA 2 % UNGUENTO,crear,,"LABORATORIOS DOLLDER, C.A.",no,DALCITRIN MUPIROCINA UNGUENTO,UNGUENTO,Dalcitrin Mupirocina,UNGUENTO,,Linea Farmacia,farmanselmo,DALCITRIN MUPIROCINA 2% UNGÜENTO x15GR DOLLDER (E),https://pccentro.net.ve/img/s/5/3/2/6/2/53262-large_default.webp,,,lab sin productos en BD,si
423,39556,ME44095,OPRABLU 20 MG X 30 CAPSULAS,asignar,38601,"LABORATORIOS LETI, S.A.V.",no,OMEPRAZOL 20 MG X 30 CAPSULAS CON MICROGRANULOS CON CUBIERTA ENTERICA,CAPSULAS,,,,,cobeca,OMEPRAZOL CAP/MICRO G 20MG X 30 GENVEN,https://mav.farmaciasaas.com/api/images/articulos/DISTRIBUCION/29950.jpg,0,2,match T0 score 2,si
424,39557,HO44280,OLXAC 40 MG X 1 AMPOLLA,crear,,"CASA DE REPRESENTACION DISTRILAB, C.A.",si,OMEPRAZOL 40 MG X 1 INYECTABLE,INYECTABLE,Omeprazol,X 1 INYECTABLE,1,Linea Hospitalaria,cobeca,OMEPRAZOL PVO P/SOL INY 40MG X1 CR DIST,https://mav.farmaciasaas.com/api/images/articulos/DISTRIBUCION/51351.jpg,,,lab sin productos en BD,si
425,39562,ME34155,PENTOXIFILINA 400 MG X 30 TABLETAS RECUBIERTAS DE LIBERACION PROLONGADA,crear,,"CASA DE REPRESENTACION FARMACEUTICAS CCM, C.A.",si,PENTOXIFILINA 400 MG X 30 TABLETAS RECUBIERTAS DE LIBERACION PROLONGADA,TABLETAS,Pentoxifilina,X 30 TABLETAS,30,Linea Farmacia,cobeca,PENTOXIFILINA TAB 400MG X30 CR CCM,https://mav.farmaciasaas.com/api/images/articulos/DISTRIBUCION/21851.jpg,,,lab existe pero sin match >= T0,si
426,39567,ME44199,PREGATAN 75 MG X 30 CAPSULAS,crear,,"LABORATORIOS PHARMARIS DE VENEZUELA, C.A.",no,PREGABALINA 75 MG X 30 CAPSULAS,CAPSULAS,Pregabalina,X 30 CAPSULAS,30,Linea Farmacia,cobeca,PREGABALINA CAP 75MG X30 PHARMA,https://mav.farmaciasaas.com/api/images/articulos/DISTRIBUCION/27604.jpg,,,lab sin productos en BD,si
427,39569,ME40781,RANITIDINA 150 MG / 10 ML X 10 SOLUCION ORAL,crear,,"BIOQUIMICA INTERNACIONAL, C.A.",si,RANITIDINA 150 MG / 10 ML X 10 SOLUCION ORAL,SOLUCION ORAL,Ranitidina,SOLUCION ORAL,,Linea Farmacia,cobeca,RANITIDINA SOL ORAL 150MG/10ML BIOQ,https://mav.farmaciasaas.com/api/images/articulos/DISTRIBUCION/53151.jpg,,,lab existe pero sin match >= T0,si
428,39598,ME44209,VERICOLAN 450 MG - 50 MG X 30 TABLETAS RECUBIERTAS,crear,,"INVERSIONES ANGELUS HEALTH, C.A.",si,DIOSMINA HESPER 450 MG X 30 TABLETAS,TABLETAS,Diosmina Hesper,X 30 TABLETAS,30,Linea Farmacia,cobeca,DIOSMINA/HESPER TAB 450MG/50MG X30 ANG/H,https://mav.farmaciasaas.com/api/images/articulos/DISTRIBUCION/52910.jpg,,,lab existe pero sin match >= T0,si
429,39602,ME35193,GYNOCLOCIM 2 % CREMA VAGINAL,crear,,"LABORATORIOS LETI, S.A.V.",no,CLOTRIMAZOL VAG 20 G CREMA,CREMA,Clotrimazol Vag,CREMA,,Linea Farmacia,cobeca,CLOTRIMAZOL CREM VAG 2% 20G LETI,https://mav.farmaciasaas.com/api/images/articulos/DISTRIBUCION/51265.jpg,,,lab existe pero sin match >= T0,si