producto_id,sku,nombre_comercial,nucleo,molecula,laboratorio,foto_url,fuente,detalle
37294,ME4629/3,ACIDO FOLICO 5 MG X 20 COMPRIMIDOS,ACIDO FOLICO,Folico Acido,MEGALABS S.A.,https://mav.farmaciasaas.com/api/images/articulos/DISTRIBUCION/23.jpg,cobeca,AC FOLICO COMP 5MG X20 MEG
37295,ME4629/4,ACIDO FOLICO 5 MG X 30 COMPRIMIDOS,ACIDO FOLICO,Folico Acido,MEGALABS S.A.,https://mav.farmaciasaas.com/api/images/articulos/DISTRIBUCION/92955.jpg,cobeca,ACIDO FOLICO COMP 5MG X30 MEG
37299,ME36224/3,ACIDO FOLICO 10 MG X 20 TABLETAS,ACIDO FOLICO,Folico Acido,"LABORATORIO PLUSANDEX DE FARMACEUTICOS UNIDOS, PLUSANDEX, C.A.",https://mav.farmaciasaas.com/api/images/articulos/DISTRIBUCION/92858.jpg,cobeca,ACIDO FOLICO TAB 10MG X20 PLX
37300,ME36224/4,ACIDO FOLICO 10 MG X 30 TABLETAS,ACIDO FOLICO,Folico Acido,"LABORATORIO PLUSANDEX DE FARMACEUTICOS UNIDOS, PLUSANDEX, C.A.",https://mav.farmaciasaas.com/api/images/articulos/DISTRIBUCION/92857.jpg,cobeca,ACIDO FOLICO TAB 10MG X30 PLX
37308,ME33539,ACETAMINOFEN 500 X 10 COMPRIMIDOS,ACETAMINOFEN,Acetaminofen,"LABORATORIOS LETI, S.A.V.",https://mav.farmaciasaas.com/api/images/articulos/DISTRIBUCION/22931.jpg,cobeca,ACETAMINOFEN COMP 500MG X10 LETI
37309,ME43639/2,ACETAMINOFEN 650 MG X 10 TABLETAS,ACETAMINOFEN,Acetaminofen,"LABORATORIOS L.O. OFTALMI, C.A.",https://mav.farmaciasaas.com/api/images/articulos/DISTRIBUCION/52390.jpg,cobeca,ACETAMINOFEN TAB 650MG X10 L.O
37315,ME42488,ACETAMINOFEN 180 MG / 5 ML SOLUCION ORAL,ACETAMINOFEN,Acetaminofen,"LABORATORIOS LETI, S.A.V.",https://mav.farmaciasaas.com/api/images/articulos/DISTRIBUCION/51788.jpg,cobeca,ACETAMINOFEN SOL 180MG/5ML 120ML LETI
37318,ME31234,ACETAMINOFEN 500 MG X 10 TABLETAS,ACETAMINOFEN,Acetaminofen,"CALOX INTERNATIONAL, C.A.",https://mav.farmaciasaas.com/api/images/articulos/DISTRIBUCION/2337.jpg,cobeca,ACETAMINOFEN TAB 500MG X10 CLX
37319,ME23275/2,ACETAMINOFEN 500 MG X 10 TABLETAS,ACETAMINOFEN,Acetaminofen,"LABORATORIO PLUSANDEX DE FARMACEUTICOS UNIDOS, PLUSANDEX, C.A.",https://mav.farmaciasaas.com/api/images/articulos/DISTRIBUCION/15698.jpg,cobeca,ACETAMINOFEN TAB 650MG X10 PLX
37342,ME31108,ACICLOVIR 200 MG X 25 TABLETAS,ACICLOVIR,Aciclovir,"CALOX INTERNATIONAL, C.A.",https://mav.farmaciasaas.com/api/images/articulos/DISTRIBUCION/11560.jpg,cobeca,ACICLOVIR TAB 200MG X25 CLX
37348,ME42963,ACIDO ASCORBICO 100 MG / ML SOLUCION ORAL,ACIDO ASCORBICO,Ascorbico Acido,"BIOQUIMICA INTERNACIONAL, C.A.",https://mav.farmaciasaas.com/api/images/articulos/DISTRIBUCION/29208.jpg,cobeca,VIT C SOL ORAL 100MG/ML X 120ML BIOQ
37351,HO3187/2,ACIDO FOLICO 10 MG / ML X 3 AMPOLLAS,ACIDO FOLICO,Folico Acido,MEGALABS S.A.,https://mav.farmaciasaas.com/api/images/articulos/DISTRIBUCION/20.jpg,cobeca,ACIDO FOLICO AMP 10MG/ML X3 MEG
37353,ME33347,ACIDO FOLICO 10 MG COMPRIMIDOS,ACIDO FOLICO,Folico Acido,"LABORATORIOS VARGAS, S.A.",https://mav.farmaciasaas.com/api/images/articulos/DISTRIBUCION/4100.jpg,cobeca,ACIDO FOLICO COMP 10MG 20G VARG
37354,ME4630/3,ACIDO FOLICO 10 MG X 20 COMPRIMIDOS,ACIDO FOLICO,Folico Acido,MEGALABS S.A.,https://mav.farmaciasaas.com/api/images/articulos/DISTRIBUCION/24.jpg,cobeca,ACIDO FOLICO COMP 10MG X20 MEG
37355,ME4630/4,ACIDO FOLICO 10 MG X 30 COMPRIMIDOS,ACIDO FOLICO,Folico Acido,MEGALABS S.A.,https://mav.farmaciasaas.com/api/images/articulos/DISTRIBUCION/90738.jpg,cobeca,ACIDO FOLICO COMP 10MG X30 MEG
37357,ME38298,ACIDO FOLICO 10 MG X 30 COMPRIMIDOS,ACIDO FOLICO,Folico Acido,"LABORATORIOS LETI, S.A.V.",https://mav.farmaciasaas.com/api/images/articulos/DISTRIBUCION/98454.jpg,cobeca,ACIDO FOLICO COMP 10MG X30 LETI
37358,ME4631,ACIDO FOLICO 10 MG / ML SOLUCION ORAL,ACIDO FOLICO,Folico Acido,MEGALABS S.A.,https://mav.farmaciasaas.com/api/images/articulos/DISTRIBUCION/25.jpg,cobeca,ACIDO FOLICO GTS 15ML MEG
37359,ME33559,ACIDO FOLICO 10 MG X 30 TABLETAS,ACIDO FOLICO,Folico Acido,"CALOX INTERNATIONAL, C.A.",https://mav.farmaciasaas.com/api/images/articulos/DISTRIBUCION/29544.jpg,cobeca,ACIDO FOLICO TAB 10MG X 30 CLX
37360,ME36039,ACIDO FOLICO 5 MG X 30 TABLETAS,ACIDO FOLICO,Folico Acido,"LABORATORIO PLUSANDEX DE FARMACEUTICOS UNIDOS, PLUSANDEX, C.A.",https://mav.farmaciasaas.com/api/images/articulos/DISTRIBUCION/23782.jpg,cobeca,ACIDO FOLICO TAB 5MG X30 PLX
37385,ME34122/2,ALBENDAZOL 200 MG X 2 TABLETAS,ALBENDAZOL,Albendazol,"LABORATORIO PLUSANDEX DE FARMACEUTICOS UNIDOS, PLUSANDEX, C.A.",https://mav.farmaciasaas.com/api/images/articulos/DISTRIBUCION/17968.jpg,cobeca,ALBENDAZOL TAB 200MG X2 PLX
37386,ME34122/3,ALBENDAZOL 200 MG X 6 TABLETAS,ALBENDAZOL,Albendazol,"LABORATORIO PLUSANDEX DE FARMACEUTICOS UNIDOS, PLUSANDEX, C.A.",https://mav.farmaciasaas.com/api/images/articulos/DISTRIBUCION/20302.jpg,cobeca,ALBENDAZOL TAB 200MG X6 PLX
37387,ME35827,ALBENDAZOL 200 MG X 6 TABLETAS MASTICABLES,ALBENDAZOL,Albendazol,"CALOX INTERNATIONAL, C.A.",https://mav.farmaciasaas.com/api/images/articulos/DISTRIBUCION/13063.jpg,cobeca,ALBENDAZOL TAB MAST T/FRUTTI 200MGX2 CLX
37398,ME34933,AMITAFEN FORTE 650 MG X 10 TABLETAS,AMITAFEN FORTE,Acetaminofen,"CALOX INTERNATIONAL, C.A.",https://mav.farmaciasaas.com/api/images/articulos/DISTRIBUCION/6236.jpg,cobeca,ACETAMINOFEN TAB 650MG X10 CLX
37404,ME28860,ALPRAZOLAM 0.5 MG X 30 TABLETAS,ALPRAZOLAM,Alprazolam,"CALOX INTERNATIONAL, C.A.",https://mav.farmaciasaas.com/api/images/articulos/DISTRIBUCION/10378.jpg,cobeca,"ALPRAZOLAM TAB 0,5MG X30 CLX"
37405,ME28861,ALPRAZOLAM 1 MG X 30 TABLETAS,ALPRAZOLAM,Alprazolam,"CALOX INTERNATIONAL, C.A.",https://mav.farmaciasaas.com/api/images/articulos/DISTRIBUCION/10377.jpg,cobeca,ALPRAZOLAM TAB 1MG X30 CLX
37406,ME39231,ALPRAZOLAM 2 MG X 30 TABLETAS,ALPRAZOLAM,Alprazolam,"LABORATORIOS VALMOR, C.A.",https://mav.farmaciasaas.com/api/images/articulos/DISTRIBUCION/97351.jpg,cobeca,ALPRAZOLAM TAB 2MG X30
37421,ME31452,AMIODARONA CLORHIDRATO 200 MG X 10 COMPRIMIDOS,AMIODARONA CLORHIDRATO,Amiodarona,"LABORATORIOS VALMOR, C.A.",https://mav.farmaciasaas.com/api/images/articulos/DISTRIBUCION/3505.jpg,cobeca,AMIODARONA COMP 200MG X10 VLM
37422,ME32403,AMIODARONA CLORHIDRATO 200 MG X 10 TABLETAS,AMIODARONA CLORHIDRATO,Amiodarona,"BIOTECH LABORATORIOS, C.A.",https://mav.farmaciasaas.com/api/images/articulos/DISTRIBUCION/4602.jpg,cobeca,AMIODARONA TAB 200MG X10 BIOTECH
37423,ME30206/3,AMLODIPINA 10 MG X 30 COMPRIMIDOS,AMLODIPINA,Amlodipino,"LABORATORIOS LETI, S.A.V.",https://mav.farmaciasaas.com/api/images/articulos/DISTRIBUCION/51432.jpg,cobeca,NIFEDIPINA COMP 10MG X30 LETI
37426,ME38145,AMLODIPINA 5 MG X 30 COMPRIMIDOS,AMLODIPINA,Amlodipino,"LABORATORIOS LETI, S.A.V.",https://mav.farmaciasaas.com/api/images/articulos/DISTRIBUCION/9206.jpg,cobeca,AMLODIPINA COMP 5MG X30 LETI
37428,ME32016/3,AMLODIPINA 10 MG X 30 TABLETAS,AMLODIPINA,Amlodipino,"CALOX INTERNATIONAL, C.A.",https://mav.farmaciasaas.com/api/images/articulos/DISTRIBUCION/12054.jpg,cobeca,AMLODIPINA TAB 10MG X30 CLX
37432,ME28705/3,AMLODIPINA 5 MG X 30 TABLETAS,AMLODIPINA,Amlodipino,"CALOX INTERNATIONAL, C.A.",https://mav.farmaciasaas.com/api/images/articulos/DISTRIBUCION/10982.jpg,cobeca,AMLODIPINA TAB 5MG X30 CLX
37434,ME40038,AMLODIPINA - VALSARTAN 5 MG - 160 MG X 30 COMPRIMIDOS RECUBIERTOS,AMLODIPINA - VALSARTAN,Amlodipino - Valsartan,"LABORATORIOS LETI, S.A.V.",https://mav.farmaciasaas.com/api/images/articulos/DISTRIBUCION/23206.jpg,cobeca,NEUROMIX COMP REC X30 LETI
37443,ME26817,AMOXICILINA 500 MG X 12 CAPSULAS,AMOXICILINA,Amoxicilina,"LABORATORIOS LETI, S.A.V.",https://mav.farmaciasaas.com/api/images/articulos/DISTRIBUCION/25978.jpg,cobeca,AMOXICILINA CAP 500MG X12 LETI
37444,ME35002,AMOXICILINA 250 MG / 5 ML POLVO PARA SUSPENSION ORAL,AMOXICILINA,Amoxicilina,"CALOX INTERNATIONAL, C.A.",https://mav.farmaciasaas.com/api/images/articulos/DISTRIBUCION/51378.jpg,cobeca,AMOXICILINA PVO PED 250MG/5ML 60ML CLX
37445,ME20104,AMOXICILINA 125 MG / 5 ML POLVO PARA SUSPENSION,AMOXICILINA,Amoxicilina,"CALOX INTERNATIONAL, C.A.",https://mav.farmaciasaas.com/api/images/articulos/DISTRIBUCION/51378.jpg,cobeca,AMOXICILINA PVO PED 250MG/5ML 60ML CLX
37448,ME32409,AMOXICILINA - ACIDO CLAVULANICO 875 MG - 125 MG COMPRIMIDOS,AMOXICILINA - ACIDO CLAVULANICO,Amoxicilina - Clavulanico Acido,"LABORATORIOS LETI, S.A.V.",https://mav.farmaciasaas.com/api/images/articulos/DISTRIBUCION/23206.jpg,cobeca,NEUROMIX COMP REC X30 LETI
37471,ME43410/2,ANTAAR 1.25 MG X 10 TABLETAS RECUBIERTAS,ANTAAR,,"CALOX INTERNATIONAL, C.A.",https://mav.farmaciasaas.com/api/images/articulos/DISTRIBUCION/21067.jpg,cobeca,ANTAAR TAB REC 5MG X10 CLX
37476,ME42864,APIRET 120 MG / 5 ML SOLUCION ORAL,APIRET,,"LABORATORIOS L.O. OFTALMI, C.A.",https://mav.farmaciasaas.com/api/images/articulos/DISTRIBUCION/19584.jpg,cobeca,APIRET SOL ORAL 180MG/5ML 60ML L.O
37477,ME42860,APIRET 160 MG / 5 ML SOLUCION ORAL,APIRET,,"LABORATORIOS L.O. OFTALMI, C.A.",https://mav.farmaciasaas.com/api/images/articulos/DISTRIBUCION/19584.jpg,cobeca,APIRET SOL ORAL 180MG/5ML 60ML L.O
37502,ME31150,ASCAFYL PLUS X 10 TABLETAS RECUBIERTAS,ASCAFYL PLUS X,Acetaminofen - Cafeina,LABORATORIOS SIEGFRIED S.A.,https://mav.farmaciasaas.com/api/images/articulos/DISTRIBUCION/8960.jpg,cobeca,DOCE PLEX ELIX  120ML MEY
37503,ME17492,ASCAFYL X 10 TABLETAS RECUBIERTAS,ASCAFYL X,Acetaminofen - Cafeina,LABORATORIOS SIEGFRIED S.A.,https://mav.farmaciasaas.com/api/images/articulos/DISTRIBUCION/8960.jpg,cobeca,DOCE PLEX ELIX  120ML MEY
37508,ME19621/2,ATAMEL 500 MG X 10 TABLETAS,ATAMEL,Acetaminofen,"CALOX INTERNATIONAL, C.A.",https://mav.farmaciasaas.com/api/images/articulos/DISTRIBUCION/2337.jpg,cobeca,ACETAMINOFEN TAB 500MG X10 CLX
37514,ME25982,ATENOLOL 50 MG X 30 COMPRIMIDOS,ATENOLOL,Atenolol,"LABORATORIOS LETI, S.A.V.",https://mav.farmaciasaas.com/api/images/articulos/DISTRIBUCION/3271.jpg,cobeca,ATENOLOL COM 100 MG X 30 GENVEN
37517,ME32690/2,ATORVASTATINA 20 MG X 10 COMPRIMIDOS RECUBIERTOS,ATORVASTATINA,Atorvastatina,"LABORATORIOS LETI, S.A.V.",https://mav.farmaciasaas.com/api/images/articulos/DISTRIBUCION/4070.jpg,cobeca,ATORVASTATINA COMP 20MG X10 LETI
37519,ME32690/4,ATORVASTATINA 20 MG X 30 COMPRIMIDOS RECUBIERTOS,ATORVASTATINA,Atorvastatina,"LABORATORIOS LETI, S.A.V.",https://mav.farmaciasaas.com/api/images/articulos/DISTRIBUCION/97977.jpg,cobeca,ATORVASTATINA COMP REC 20MG X30 LETI
37520,ME35911,ATORVASTATINA 40 MG X 30 COMPRIMIDOS RECUBIERTOS,ATORVASTATINA,Atorvastatina,"LABORATORIOS LETI, S.A.V.",https://mav.farmaciasaas.com/api/images/articulos/DISTRIBUCION/98292.jpg,cobeca,ATORVASTATINA COMP 40MG X30 LETI
37521,ME36444,ATORVASTATINA 20 MG X 30 TABLETAS RECUBIERTAS,ATORVASTATINA,Atorvastatina,"LABORATORIOS VALMOR, C.A.",https://mav.farmaciasaas.com/api/images/articulos/DISTRIBUCION/51293.jpg,cobeca,ATORVASTATINA TAB REC 20MG X30 VLM
37523,ME35340/3,ATORVASTATINA 40 MG X 30 TABLETAS RECUBIERTAS,ATORVASTATINA,Atorvastatina,LABORATORIOS FARMA S.A.,https://mav.farmaciasaas.com/api/images/articulos/DISTRIBUCION/96976.jpg,cobeca,FARMA D TAB 1000UI X30 FAR
37548,ME34643,AZITROMICINA 500 MG X 5 TABLETAS RECUBIERTAS,AZITROMICINA,Azitromicina,"LABORATORIOS VALMOR, C.A.",https://mav.farmaciasaas.com/api/images/articulos/DISTRIBUCION/92571.jpg,cobeca,AZITROMICINA TAB REC 500MG X5 VLM
37586,ME44259/2,BIPROLIL HCT 5 MG - 6.25 MG X 15 COMPRIMIDOS RECUBIERTOS,BIPROLIL HCT,Bisoprolol - Hidroclorotiazida,"LABORATORIOS VARGAS, S.A.",https://mav.farmaciasaas.com/api/images/articulos/DISTRIBUCION/51584.jpg,cobeca,"BIPROLIL HCT COMP REC 2,5/6,25MGX30 VARG"
37588,ME40280,BISOBLOC H 5 MG - 6.25 MG TABLETAS RECUBIERTAS,BISOBLOC H,Bisoprolol - Hidroclorotiazida,"GLOBAL FARMA, S.A.",https://mav.farmaciasaas.com/api/images/articulos/DISTRIBUCION/19057.jpg,cobeca,"BISOBLOC/HCT TAB 5/6,25MG X30 GFAR"
37590,ME39140,BISOPROLOL FUMARATO 2.5 MG X 30 COMPRIMIDOS RECUBIERTOS,BISOPROLOL FUMARATO,Bisoprolol,"LABORATORIOS LETI, S.A.V.",https://mav.farmaciasaas.com/api/images/articulos/DISTRIBUCION/98667.jpg,cobeca,"BISOPROLOL FUMARATO COMP 2,5MG X30 LETI"
37591,ME36891,BISOPROLOL FUMARATO - HIDROCLOROTIAZIDA 5 MG - 6.25 MG X 30 TABLETAS,BISOPROLOL FUMARATO - HIDROCLOROTIAZIDA,Bisoprolol - Hidroclorotiazida,"CALOX INTERNATIONAL, C.A.",https://mav.farmaciasaas.com/api/images/articulos/DISTRIBUCION/19127.jpg,cobeca,"ANTAAR/HCT TAB 5MG/6,25MG X30 CLX"
37593,ME43801,BISOPROLOL FUMARATO 10 MG X 30 TABLETAS RECUBIERTAS,BISOPROLOL FUMARATO,Bisoprolol,"CALOX INTERNATIONAL, C.A.",https://mav.farmaciasaas.com/api/images/articulos/DISTRIBUCION/97002.jpg,cobeca,"BISOPROLOL TAB 2,5MG X 30 CALOX"
37604,ME35864,BRASARTAN 160 MG X 30 TABLETAS RECUBIERTAS,BRASARTAN,Valsartan,LABORATORIOS FARMA S.A.,https://mav.farmaciasaas.com/api/images/articulos/DISTRIBUCION/96976.jpg,cobeca,FARMA D TAB 1000UI X30 FAR
37612,ME31206,BROMAZEPAM 3 MG X 30 COMPRIMIDOS,BROMAZEPAM,Bromazepam,MEGALABS S.A.,https://mav.farmaciasaas.com/api/images/articulos/DISTRIBUCION/1301.jpg,cobeca,BROMAZEPAM COM 3 MG X 30 MEGALABS
37613,ME31207,BROMAZEPAM 6 MG X 30 COMPRIMIDOS,BROMAZEPAM,Bromazepam,MEGALABS S.A.,https://mav.farmaciasaas.com/api/images/articulos/DISTRIBUCION/1302.jpg,cobeca,BROMAZEPAM COMP 6MG X30 MEG
37632,HO43908,BUPIVACAINA 50 MG / 10 ML SOLUCION INYECTABLE,BUPIVACAINA,Bupivacaina,"MEDVAL, C.A.",https://mav.farmaciasaas.com/api/images/articulos/DISTRIBUCION/21715.jpg,cobeca,"BUPIVACAINA INY 0,50% 10ML MEDV"
37634,ME43035/2,BUTAL 8 MG X 10 TABLETAS RECUBIERTAS,BUTAL,Betahistina,LABORATORIOS SIEGFRIED S.A.,https://mav.farmaciasaas.com/api/images/articulos/DISTRIBUCION/28648.jpg,cobeca,BUTAL TAB/REC 16MG X 10 MEYER
37637,ME30197,CALCIBON 200 MG X 30 TABLETAS RECUBIERTOS,CALCIBON,,LABORATORIOS FARMA S.A.,https://mav.farmaciasaas.com/api/images/articulos/DISTRIBUCION/51482.jpg,cobeca,CALCIBON D TAB REC 1500MG/800UI X30 FAR
37656,ME43971,CANDESARTAN CILEXETILO 16 MG X 10 COMPRIMIDOS,CANDESARTAN CILEXETILO,Candesartan Cilexetilo,"LABORATORIOS LETI, S.A.V.",https://mav.farmaciasaas.com/api/images/articulos/DISTRIBUCION/25976.jpg,cobeca,OLMESARTAN MEDOXOM COMP REC 20MGX14 LETI
37657,ME32214/2,CANDESARTAN 8 MG X 10 COMPRIMIDOS,CANDESARTAN,Candesartan,"LABORATORIOS LETI, S.A.V.",https://mav.farmaciasaas.com/api/images/articulos/DISTRIBUCION/51789.jpg,cobeca,CANDESARTAN COMP 8MG X10 LETI
37658,ME32214/3,CANDESARTAN 8 MG X 30 COMPRIMIDOS,CANDESARTAN,Candesartan,"LABORATORIOS LETI, S.A.V.",https://mav.farmaciasaas.com/api/images/articulos/DISTRIBUCION/14216.jpg,cobeca,CANDESARTAN COMP 8MG X30 LETI
37669,ME25978/3,CAPTOPRIL 25 MG X 30 COMPRIMIDOS,CAPTOPRIL,Captopril,"LABORATORIOS LETI, S.A.V.",https://mav.farmaciasaas.com/api/images/articulos/DISTRIBUCION/97972.jpg,cobeca,CAPTOPRIL COMP 25MG X30 LETI
37672,ME25738/3,CAPTOPRIL 25 MG X 30 TABLETAS,CAPTOPRIL,Captopril,"CALOX INTERNATIONAL, C.A.",https://mav.farmaciasaas.com/api/images/articulos/DISTRIBUCION/99739.jpg,cobeca,CAPTOPRIL TAB 25MG X30 CLX
37673,ME25737,CAPTOPRIL 50 MG X 30 TABLETAS,CAPTOPRIL,Captopril,"CALOX INTERNATIONAL, C.A.",https://mav.farmaciasaas.com/api/images/articulos/DISTRIBUCION/99741.jpg,cobeca,CAPTOPRIL TAB 50MG X30 CLX
37674,ME27075,CARBAMAZEPINA 200 MG X 30 COMPRIMIDOS,CARBAMAZEPINA,Carbamazepina,"LABORATORIOS LETI, S.A.V.",https://mav.farmaciasaas.com/api/images/articulos/DISTRIBUCION/99338.jpg,cobeca,CARBAMAZEPINA COMP 200MG X30 LETI
37675,ME24815/4,CARBAMAZEPINA 200 MG X 30 COMPRIMIDOS,CARBAMAZEPINA,Carbamazepina,"LABORATORIOS VALMOR, C.A.",https://mav.farmaciasaas.com/api/images/articulos/DISTRIBUCION/51392.jpg,cobeca,CARBAMAZEPINA COMP 200MG X30 VLM
37682,ME33422/2,CARBATIL 12.5 MG X 10 TABLETAS,CARBATIL,Carvedilol,"BIOTECH LABORATORIOS, C.A.",https://mav.farmaciasaas.com/api/images/articulos/DISTRIBUCION/95748.jpg,cobeca,"CARBATIL TAB 6,25 MG X10 BIOT"
37684,ME32430,CARBONATO DE LITIO 300 MG X 20 CAPSULAS,CARBONATO DE LITIO,Litio,"BIOTECH LABORATORIOS, C.A.",https://mav.farmaciasaas.com/api/images/articulos/DISTRIBUCION/4553.jpg,cobeca,CARBONATO D/LITIO CAP 300MG X20 BIOTECH
37691,ME31747,CARVEDILOL 12.5 MG X 30 COMPRIMIDOS,CARVEDILOL,Carvedilol,"LABORATORIOS LETI, S.A.V.",https://mav.farmaciasaas.com/api/images/articulos/DISTRIBUCION/99061.jpg,cobeca,"CARVEDILOL COMP 12,5 MG X 30 GENVEN"
37697,ME31748/3,CARVEDILOL 25 MG X 30 COMPRIMIDOS,CARVEDILOL,Carvedilol,"LABORATORIOS LETI, S.A.V.",https://mav.farmaciasaas.com/api/images/articulos/DISTRIBUCION/99061.jpg,cobeca,"CARVEDILOL COMP 12,5 MG X 30 GENVEN"
37698,ME31748/2,CARVEDILOL 25 MG X 15 COMPRIMIDOS,CARVEDILOL,Carvedilol,"LABORATORIOS LETI, S.A.V.",https://mav.farmaciasaas.com/api/images/articulos/DISTRIBUCION/99061.jpg,cobeca,"CARVEDILOL COMP 12,5 MG X 30 GENVEN"
37699,ME35572/3,CARVEDILOL 6.25 MG X 30 TABLETAS RECUBIERTAS,CARVEDILOL,Carvedilol,"LABORATORIOS KIMICEG, C.A.",https://mav.farmaciasaas.com/api/images/articulos/DISTRIBUCION/54223.jpg,cobeca,"CARVEDILOL TAB REC 6,25MG X30 KIMIC"
37700,ME35572/2,CARVEDILOL 6.25 MG X 20 TABLETAS RECUBIERTAS,CARVEDILOL,Carvedilol,"LABORATORIOS KIMICEG, C.A.",https://mav.farmaciasaas.com/api/images/articulos/DISTRIBUCION/9486.jpg,cobeca,"CARVEDILOL TAB REC 6,25MG X20 KIMIC"
37701,ME36321/2,CARVEDILOL 25 MG X 14 TABLETAS RECUBIERTAS,CARVEDILOL,Carvedilol,"CALOX INTERNATIONAL, C.A.",https://mav.farmaciasaas.com/api/images/articulos/DISTRIBUCION/91208.jpg,cobeca,"CARVEDILOL TAB REC 6,25MG X14 CLX"
37702,ME36321/3,CARVEDILOL 25 MG X 28 TABLETAS RECUBIERTAS,CARVEDILOL,Carvedilol,"CALOX INTERNATIONAL, C.A.",https://mav.farmaciasaas.com/api/images/articulos/DISTRIBUCION/30061.jpg,cobeca,CARVEDILOL TAB/REC 25MG X 28 CLX
37706,ME28103,CEFADROXILO 500 MG X 10 CAPSULAS,CEFADROXILO,Cefadroxilo,"LABORATORIOS LETI, S.A.V.",https://mav.farmaciasaas.com/api/images/articulos/DISTRIBUCION/22822.jpg,cobeca,CEFADROXILO CAP 500MG X10 LETI
37712,ME40533,CEFIXIMA 400 MG X 5 CAPSULAS,CEFIXIMA,Cefixima,"LABORATORIOS LETI, S.A.V.",https://mav.farmaciasaas.com/api/images/articulos/DISTRIBUCION/29896.jpg,cobeca,CEFIXIMA CAP 400MG X5 LETI
37726,ME31148,CETIRIZINA DICLORHIDRATO 10 MG X 10 TABLETAS RECUBIERTAS,CETIRIZINA DICLORHIDRATO,Cetirizina,"CALOX INTERNATIONAL, C.A.",https://mav.farmaciasaas.com/api/images/articulos/DISTRIBUCION/1505.jpg,cobeca,CETIRIZINA TAB REC 10MG X10 CLX
37728,ME27761,CETIRIZINA 10 MG X 10 COMPRIMIDOS RECUBIERTOS,CETIRIZINA,Cetirizina,"LABORATORIOS LETI, S.A.V.",https://mav.farmaciasaas.com/api/images/articulos/DISTRIBUCION/11497.jpg,cobeca,CETIRIZINA COMP 10MG X10 LETI
37739,ME27924,CICLOFTAL1 % SOLUCION OFTALMICA,,Ciclopentolato,"LABORATORIOS L.O. OFTALMI, C.A.",https://mav.farmaciasaas.com/api/images/articulos/DISTRIBUCION/9675.jpg,cobeca,CICLOFTAL SOL OFT 1% 15ML L.O
37748,ME35819,CINNARIZINA 75 MG X 10 CAPSULAS,CINNARIZINA,Cinnarizina,"CALOX INTERNATIONAL, C.A.",https://mav.farmaciasaas.com/api/images/articulos/DISTRIBUCION/90809.jpg,cobeca,CINNARIZINA CAP 75MG X10 CLX
37757,ME27827/5,CIPROFLOXACINA 500 MG X 14 TABLETAS RECUBIERTAS,CIPROFLOXACINA,,"CALOX INTERNATIONAL, C.A.",https://mav.farmaciasaas.com/api/images/articulos/DISTRIBUCION/12057.jpg,cobeca,CIPROFLOXACINA TAB 500MG X14 CLX
37762,ME30890,CIPROFLOXACINO 500 MG X 14 TABLETAS RECUBIERTAS,CIPROFLOXACINO,,"LABORATORIOS VALMOR, C.A.",https://mav.farmaciasaas.com/api/images/articulos/DISTRIBUCION/54467.jpg,cobeca,CIPROFLOXACINO TAB 500MG X14 VLM
37764,ME41565/2,CITICOLINA 500 MG X 10 TABLETAS RECUBIERTAS,CITICOLINA,Citicolina,"CALOX INTERNATIONAL, C.A.",https://mav.farmaciasaas.com/api/images/articulos/DISTRIBUCION/9109.jpg,cobeca,CITICOLINA TAB 500MG X10 CLX
37765,ME41565/3,CITICOLINA 500 MG X 30 TABLETAS RECUBIERTAS,CITICOLINA,Citicolina,"CALOX INTERNATIONAL, C.A.",https://mav.farmaciasaas.com/api/images/articulos/DISTRIBUCION/22770.jpg,cobeca,CITICOLINA TAB 500MG X30 CLX
37770,ME31140,CLARITROMICINA 500 MG X 10 TABLETAS RECUBIERTAS,CLARITROMICINA,Claritromicina,"CALOX INTERNATIONAL, C.A.",https://mav.farmaciasaas.com/api/images/articulos/DISTRIBUCION/1501.jpg,cobeca,CLARITROMICINA TAB 500MG X 10 CALOX
37771,ME25929,CLARIX 0.25 MG / ML SOLUCION NASAL,CLARIX,,"LABORATORIOS L.O. OFTALMI, C.A.",https://mav.farmaciasaas.com/api/images/articulos/DISTRIBUCION/8501.jpg,cobeca,"CLARIX SOL GTS 0,05% 15ML L.O"
37774,ME23979,CLENBUNAL 0.005 MG / 5 ML SOLUCION ORAL,CLENBUNAL,,MEGALABS S.A.,https://mav.farmaciasaas.com/api/images/articulos/DISTRIBUCION/7938.jpg,cobeca,CLENBUNAL SOL GTS 15ML MEG
37775,ME29289,CLENBUNAL 0.014 MG / ML SOLUCION ORAL,CLENBUNAL,,MEGALABS S.A.,https://mav.farmaciasaas.com/api/images/articulos/DISTRIBUCION/7938.jpg,cobeca,CLENBUNAL SOL GTS 15ML MEG
37782,HO27704,CLINDAMICINA 600 MG / 4 ML X 1 AMPOLLA,CLINDAMICINA,Clindamicina,"LABORATORIOS LETI, S.A.V.",https://mav.farmaciasaas.com/api/images/articulos/DISTRIBUCION/5821.jpg,cobeca,CLINDAMICINA AMP 600MG/4ML X1 LETI
37787,ME33581,CLOFEN 1.8 MG / ML SUSPENSION ORAL,CLOFEN,,"ESPECIALIDADES DOLLDER, C.A.",https://mav.farmaciasaas.com/api/images/articulos/DISTRIBUCION/23946.jpg,cobeca,"CLOFEN SUSP 1,8MG 120ML DLR"
37801,ME34084/2,CLOPIDOGREL 75 MG X 14 COMPRIMIDOS RECUBIERTOS,CLOPIDOGREL,Clopidogrel,"LABORATORIOS LETI, S.A.V.",https://mav.farmaciasaas.com/api/images/articulos/DISTRIBUCION/52340.jpg,cobeca,CLOPIDOGREL COMP REC 75MG X14 LETI
37804,ME36122,CLOPIDOGREL 75 MG X 14 TABLETAS RECUBIERTAS,CLOPIDOGREL,Clopidogrel,"LABORATORIOS VALMOR, C.A.",https://mav.farmaciasaas.com/api/images/articulos/DISTRIBUCION/96822.jpg,cobeca,CLOPIDOGREL TABR 75MGX30 VLM
37810,ME29314,CLORACE 125 - 0.5 MG / 5 ML SOLUCION ORAL,CLORACE,,"LABORATORIO COFASA, S.A.",https://mav.farmaciasaas.com/api/images/articulos/DISTRIBUCION/21579.jpg,cobeca,"CLORACE JBE125/0,5MG/5ML S/AZU120ML COFA"
37821,ME43020,CLOTRIMAZOL 200 MG CAPSULAS BLANDAS VAGINALES,CLOTRIMAZOL,Clotrimazol,"CALOX INTERNATIONAL, C.A.",https://mav.farmaciasaas.com/api/images/articulos/DISTRIBUCION/9750.jpg,cobeca,VIT E CAP BLD 400MG X30 VIV
37822,ME37900,CLOTRIMAZOL 10 % CREMA VAGINAL,CLOTRIMAZOL,Clotrimazol,"LABORATORIOS KIMICEG, C.A.",https://mav.farmaciasaas.com/api/images/articulos/DISTRIBUCION/9819.jpg,cobeca,CLOTRIMAZOL CREM 1% 20G KIMIC
37825,ME25498,CO-SULTRIN 40 MG - 200 MG / 5 ML X 20 SUSPENSION,CO-SULTRIN,,"LABORATORIOS VALMOR, C.A.",https://mav.farmaciasaas.com/api/images/articulos/DISTRIBUCION/7332.jpg,cobeca,CO SULTRIN SUSP 100ML VLM
37827,ME44294,COZOMINA T 2 % - 0.5 % SOLUCION OFTALMICA,COZOMINA T,Dorzolamida - Timolol,"LABORATORIO COFASA, S.A.",https://mav.farmaciasaas.com/api/images/articulos/DISTRIBUCION/5891.jpg,cobeca,MIOVIT GTS ORAL 20ML COFA
37830,ME38685,COLGESIC 400 MG - 40 MG X 15 COMPRIMIDOS RECUBIERTOS,COLGESIC,Ibuprofeno - Tiocolchicosido,"BIOTECH LABORATORIOS, C.A.",https://mav.farmaciasaas.com/api/images/articulos/DISTRIBUCION/94735.jpg,cobeca,COLGESIC COMP 400MG/4MG X15 BIOTECH
37841,ME35619/2,CORENTEL 10 MG X 10 COMPRIMIDOS RECUBIERTOS,CORENTEL,,MEGALABS S.A.,https://mav.farmaciasaas.com/api/images/articulos/DISTRIBUCION/28403.jpg,cobeca,"CORENTEL H COMP 10MG/6,25MG X10 MEG"
37842,ME35619/3,CORENTEL 10 MG X 30 COMPRIMIDOS RECUBIERTOS,CORENTEL,,MEGALABS S.A.,https://mav.farmaciasaas.com/api/images/articulos/DISTRIBUCION/95725.jpg,cobeca,"CORENTEL COMP REC 2,5MG X30 MEG"
37844,ME39494/3,CORENTEL 1.25 MG X 30 COMPRIMIDOS RECUBIERTOS,CORENTEL,,MEGALABS S.A.,https://mav.farmaciasaas.com/api/images/articulos/DISTRIBUCION/95725.jpg,cobeca,"CORENTEL COMP REC 2,5MG X30 MEG"
37847,ME38312/2,COROPRES HCT 16 MG - 12.5 MG X 10 COMPRIMIDOS,COROPRES HCT,Candesartan Cilexetilo - Hidroclorotiazida,MEGALABS S.A.,https://mav.farmaciasaas.com/api/images/articulos/DISTRIBUCION/28208.jpg,cobeca,"COROPRES H COMP 16MG/12,5MG X10 MEG"
37848,ME38312/3,COROPRES HCT 16 MG - 12.5 MG X 30 COMPRIMIDOS,COROPRES HCT,Candesartan Cilexetilo - Hidroclorotiazida,MEGALABS S.A.,https://mav.farmaciasaas.com/api/images/articulos/DISTRIBUCION/96010.jpg,cobeca,"COROPRES H COMP 16MG/12,5MG X30 MEG"
37866,HO13931,DECALONA 4 MG / ML X 1 AMPOLLA,DECALONA,,"BIOTECH LABORATORIOS, C.A.",https://mav.farmaciasaas.com/api/images/articulos/DISTRIBUCION/10111.jpg,cobeca,DECALONA AMP 2ML X1
37871,ME37306/2,DEFLAZACORT 30 MG X 10 TABLETAS,DEFLAZACORT,Deflazacort,"CALOX INTERNATIONAL, C.A.",https://mav.farmaciasaas.com/api/images/articulos/DISTRIBUCION/22262.jpg,cobeca,DEFLAZACORT TAB 30MG X10 CLX
37872,ME37306/3,DEFLAZACORT 30 MG X 30 TABLETAS,DEFLAZACORT,Deflazacort,"CALOX INTERNATIONAL, C.A.",https://mav.farmaciasaas.com/api/images/articulos/DISTRIBUCION/91498.jpg,cobeca,DEFLAZACORT TAB 30MG X30 CLX
37873,ME37255,DEFLAZACORT 6 MG X 10 TABLETAS,DEFLAZACORT,Deflazacort,"CALOX INTERNATIONAL, C.A.",https://mav.farmaciasaas.com/api/images/articulos/DISTRIBUCION/91527.jpg,cobeca,DEFLAZACORT TAB 6MG X10 CLX
37877,ME4931,DENCORUB CREMA,DENCORUB CREMA,Alcanfor - Mentol - Salicilato Metilo,"LABORATORIOS PONCE, C.A.",https://mav.farmaciasaas.com/api/images/articulos/DISTRIBUCION/27052.jpg,cobeca,WAMPOLE EMUL NAR 200ML PONCE
37882,MI37676,DERMACORTINE 0.1 % EMULSION,DERMACORTINE,Mometasona,MEGALABS S.A.,https://mav.farmaciasaas.com/api/images/articulos/DISTRIBUCION/9868.jpg,cobeca,VIT B12 SOL INY IM 1000MCG/ML X3 MEG
37892,ME36268,DESLORATADINA 2.5 MG / 5 ML X 10 JARABE,DESLORATADINA,Desloratadina,"LABORATORIOS KIMICEG, C.A.",https://mav.farmaciasaas.com/api/images/articulos/DISTRIBUCION/9955.jpg,cobeca,"DESLORATADINA JBE 2,5MG 60ML KIMIC"
37894,ME37996,DESLORATADINA 5 MG X 10 TABLETAS RECUBIERTAS,DESLORATADINA,Desloratadina,"CALOX INTERNATIONAL, C.A.",https://mav.farmaciasaas.com/api/images/articulos/DISTRIBUCION/97003.jpg,cobeca,DESLORATADINA TAB 5MG X10 CLX
37895,ME35486,DESLORATADINA 5 MG X 10 COMPRIMIDOS RECUBIERTOS,DESLORATADINA,Desloratadina,"LABORATORIOS LETI, S.A.V.",https://mav.farmaciasaas.com/api/images/articulos/DISTRIBUCION/8560.jpg,cobeca,DESLORATADINA COMP REC 5MG X10 LETI
37903,HO43012,DEXAMETASONA FOSFATO 8 MG / 2 ML X 1 AMPOLLA,DEXAMETASONA FOSFATO,Dexametasona,"LABORATORIOS VALMOR, C.A.",https://mav.farmaciasaas.com/api/images/articulos/DISTRIBUCION/2117.jpg,cobeca,BETAMETASONA INY 4MG/1ML X1 VLM
37905,ME26356,DEXAMETASONA 0.5 MG X 30 TABLETAS,DEXAMETASONA,Dexametasona,"LABORATORIOS VARGAS, S.A.",https://mav.farmaciasaas.com/api/images/articulos/DISTRIBUCION/54029.jpg,cobeca,"DEXAMETASONA TAB 0,5MG X30 VARG"
37907,ME42573,DEXTAMIN 0.5 MG / ML X 10 SOLUCION ORAL,DEXTAMIN,Desloratadina,"LABORATORIO PLUSANDEX DE FARMACEUTICOS UNIDOS, PLUSANDEX, C.A.",https://mav.farmaciasaas.com/api/images/articulos/DISTRIBUCION/29065.jpg,cobeca,"DEXTAMIN SOL ORAL 0,5MG/ML X 120ML"
37912,ME10432,DI-EUDRIN 50 MG X 30 TABLETAS,DI-EUDRIN,Hidroclorotiazida,"BIOTECH LABORATORIOS, C.A.",https://mav.farmaciasaas.com/api/images/articulos/DISTRIBUCION/27188.jpg,cobeca,"DI-EUDRIN TAB 12,5MG X30 BIOTECH"
37918,ME35040,DIAGESIC 1.8 MG / ML SUSPENSION ORAL,DIAGESIC,,"BIOTECH LABORATORIOS, C.A.",https://mav.farmaciasaas.com/api/images/articulos/DISTRIBUCION/8465.jpg,cobeca,"DIAGESIC SUSP PED 1,8MG/ML 120ML BIOTECH"
37921,ME44533,DICARVEX 25 MG X 30 TABLETAS,DICARVEX,Carvedilol,"LABORATORIO PLUSANDEX DE FARMACEUTICOS UNIDOS, PLUSANDEX, C.A.",https://mav.farmaciasaas.com/api/images/articulos/DISTRIBUCION/54331.jpg,cobeca,"DICARVEX TAB 6,25MG X30 PLX"
37922,ME43814,DICLODEX 1.8 MG / ML SUSPENSION ORAL,DICLODEX,Diclofenaco,"LABORATORIO PLUSANDEX DE FARMACEUTICOS UNIDOS, PLUSANDEX, C.A.",https://mav.farmaciasaas.com/api/images/articulos/DISTRIBUCION/97992.jpg,cobeca,DICLODEX 50MG X10 PLX
37933,ME29516,DICLOFENAC SODICO 50 MG TABLETAS RECUBIERTAS,DICLOFENAC SODICO,Diclofenaco,"LABORATORIOS KIMICEG, C.A.",https://mav.farmaciasaas.com/api/images/articulos/DISTRIBUCION/55.jpg,cobeca,DICLOFENACO POTA TAB 50MG X20 KIMIC
37950,ME43969/4,DIOSMINA 600 MG X 30 COMPRIMIDOS RECUBIERTOS,DIOSMINA,Diosmina,"LABORATORIOS VARGAS, S.A.",https://mav.farmaciasaas.com/api/images/articulos/DISTRIBUCION/53053.jpg,cobeca,DIOSMINA COMP REC 600MG X30 VARG
37952,ME43969/3,DIOSMINA 600 MG X 15 COMPRIMIDOS RECUBIERTOS,DIOSMINA,Diosmina,"LABORATORIOS VARGAS, S.A.",https://mav.farmaciasaas.com/api/images/articulos/DISTRIBUCION/24175.jpg,cobeca,VEDINOR COMP REC 600MG X15 VARG
37953,ME38177/3,DIOSMINA 600 MG X 28 TABLETAS RECUBIERTAS,DIOSMINA,Diosmina,"CALOX INTERNATIONAL, C.A.",https://mav.farmaciasaas.com/api/images/articulos/DISTRIBUCION/29796.jpg,cobeca,DIOSMINA TAB 600MG X 28 CLX
37954,ME38177/2,DIOSMINA 600 MG X 14 TABLETAS RECUBIERTAS,DIOSMINA,Diosmina,"CALOX INTERNATIONAL, C.A.",https://mav.farmaciasaas.com/api/images/articulos/DISTRIBUCION/97147.jpg,cobeca,DIOSMINA TAB 600MG X14 CLX
37998,ME44046,EMPAGLIFLOZINA - LINAGLIPTINA 10 MG - 5 MG X 30 COMPRIMIDOS RECUBIERTOS,EMPAGLIFLOZINA - LINAGLIPTINA,Empagliflozina - Linagliptina,"LABORATORIOS LETI, S.A.V.",https://mav.farmaciasaas.com/api/images/articulos/DISTRIBUCION/23206.jpg,cobeca,NEUROMIX COMP REC X30 LETI
37999,ME44045,EMPAGLIFLOZINA - LINAGLIPTINA 25 MG - 5 MG X 30 COMPRIMIDOS RECUBIERTOS,EMPAGLIFLOZINA - LINAGLIPTINA,Empagliflozina - Linagliptina,"LABORATORIOS LETI, S.A.V.",https://mav.farmaciasaas.com/api/images/articulos/DISTRIBUCION/23206.jpg,cobeca,NEUROMIX COMP REC X30 LETI
38000,ME26688,ENALAPRIL MALEATO 10 MG X 20 COMPRIMIDOS RECUBIERTOS,ENALAPRIL MALEATO,Enalapril,"LABORATORIOS LETI, S.A.V.",https://mav.farmaciasaas.com/api/images/articulos/DISTRIBUCION/30351.jpg,cobeca,ENALAPRIL MALEATO COMP 10MG X 30 GNV
38001,ME43620,LERCANIDIPINA CLORHIDRATO – ENALAPRIL MALEATO 10 MG – 20 MG X 30 COMPRIMIDOS RECUBIERTOS,LERCANIDIPINA CLORHIDRATO – ENALAPRIL MALEATO,Enalapril - Lercanidipino,"LABORATORIOS LETI, S.A.V.",https://mav.farmaciasaas.com/api/images/articulos/DISTRIBUCION/23206.jpg,cobeca,NEUROMIX COMP REC X30 LETI
38002,ME43619,LERCANIDIPINA CLORHIDRATO - ENALAPRIL MALEATO 10 MG - 10 MG X 30 COMPRIMIDOS RECUBIERTOS,LERCANIDIPINA CLORHIDRATO - ENALAPRIL MALEATO,Enalapril - Lercanidipino,"LABORATORIOS LETI, S.A.V.",https://mav.farmaciasaas.com/api/images/articulos/DISTRIBUCION/23206.jpg,cobeca,NEUROMIX COMP REC X30 LETI
38005,ME26416/3,ENALAPRIL 20 MG X 30 TABLETAS,ENALAPRIL,Enalapril,"CALOX INTERNATIONAL, C.A.",https://mav.farmaciasaas.com/api/images/articulos/DISTRIBUCION/99636.jpg,cobeca,ENALAPRIL TAB 20MG X30 CLX
38006,ME34824,ENALAPRIL MALEATO 20 MG X 30 TABLETAS,ENALAPRIL MALEATO,Enalapril,"LABORATORIO PLUSANDEX DE FARMACEUTICOS UNIDOS, PLUSANDEX, C.A.",https://mav.farmaciasaas.com/api/images/articulos/DISTRIBUCION/13265.jpg,cobeca,ENALAPRIL TAB 20MG X30 PLX
38012,ME19381,ERILON 1 MG / ML LOCION,ERILON,,"BIOTECH LABORATORIOS, C.A.",https://mav.farmaciasaas.com/api/images/articulos/DISTRIBUCION/95605.jpg,cobeca,"ERILON CREM TUB 0,05% 15G BIOTECH"
38020,ME40835,ESCITALOPRAM 1 MG / ML SOLUCION ORAL,ESCITALOPRAM,Escitalopram,MEGALABS S.A.,https://mav.farmaciasaas.com/api/images/articulos/DISTRIBUCION/19850.jpg,cobeca,ESCITALOPRAM SOL ORAL 1MG/ML 120ML MEG
38022,ME38504/2,ESCITALOPRAM 10 MG X 28 TABLETAS RECUBIERTAS,ESCITALOPRAM,,"CALOX INTERNATIONAL, C.A.",https://mav.farmaciasaas.com/api/images/articulos/DISTRIBUCION/22208.jpg,cobeca,ESCITALOPRAM TAB REC 10MG X28 CLX
38024,ME41771/2,ESCITALOPRAM 20 MG X 14 TABLETAS RECUBIERTAS,ESCITALOPRAM,Escitalopram,"CALOX INTERNATIONAL, C.A.",https://mav.farmaciasaas.com/api/images/articulos/DISTRIBUCION/29792.jpg,cobeca,ESCITALOPRAM TAB/REC 20MG X 14 CLX
38033,ME37458/2,ESOMEPRAZOL 20 MG X 16 CAPSULAS CON MICROGRANULOS DE LIBERACION ENTERICA,ESOMEPRAZOL,Esomeprazol Magnesico,"LABORATORIOS LETI, S.A.V.",https://mav.farmaciasaas.com/api/images/articulos/DISTRIBUCION/29950.jpg,cobeca,OMEPRAZOL CAP/MICRO G 20MG X 30 GENVEN
38034,ME37458/3,ESOMEPRAZOL 20 MG X 28 CAPSULAS CON MICROGRANULOS DE LIBERACION ENTERICA,ESOMEPRAZOL,Esomeprazol Magnesico,"LABORATORIOS LETI, S.A.V.",https://mav.farmaciasaas.com/api/images/articulos/DISTRIBUCION/29950.jpg,cobeca,OMEPRAZOL CAP/MICRO G 20MG X 30 GENVEN
38035,ME38579,ESOMEPRAZOL 20 MG X 20 TABLETAS CON CUBIERTA ENTERICA,ESOMEPRAZOL,,"CALOX INTERNATIONAL, C.A.",https://mav.farmaciasaas.com/api/images/articulos/DISTRIBUCION/96831.jpg,cobeca,ESOMEPRAZOL TAB 20MG X20 VIV
38036,ME35130/3,ESOMEPRAZOL 20 MG X 20 TABLETAS RECUBIERTAS,ESOMEPRAZOL,Esomeprazol Magnesico,"CALOX INTERNATIONAL, C.A.",https://mav.farmaciasaas.com/api/images/articulos/DISTRIBUCION/96831.jpg,cobeca,ESOMEPRAZOL TAB 20MG X20 VIV
38037,ME35130/2,ESOMEPRAZOL 20 MG X 14 TABLETAS RECUBIERTAS,ESOMEPRAZOL,Esomeprazol Magnesico,"CALOX INTERNATIONAL, C.A.",https://mav.farmaciasaas.com/api/images/articulos/DISTRIBUCION/21060.jpg,cobeca,OMEPRAZOL CAP 20MG X14 CLX
38045,ME33352/2,ESPIRONOLACTONA 25 MG X 10 TABLETAS,ESPIRONOLACTONA,Espironolactona,LABORATORIOS SIEGFRIED S.A.,https://mav.farmaciasaas.com/api/images/articulos/DISTRIBUCION/5829.jpg,cobeca,ESPIRONOLACTONA TAB 100MG X10 MEY
38046,ME33352/4,ESPIRONOLACTONA 25 MG X 30 TABLETAS,ESPIRONOLACTONA,Espironolactona,LABORATORIOS SIEGFRIED S.A.,https://mav.farmaciasaas.com/api/images/articulos/DISTRIBUCION/51325.jpg,cobeca,ESPIRONOLACTONA TAB 25MG X30 SIEG
38047,ME33352/3,ESPIRONOLACTONA 25 MG X 20 TABLETAS,ESPIRONOLACTONA,Espironolactona,LABORATORIOS SIEGFRIED S.A.,https://mav.farmaciasaas.com/api/images/articulos/DISTRIBUCION/5474.jpg,cobeca,ESPIRONOLACTONA TAB 25MG X20 MEY
38051,ME41333,ETORICOXIB 60 MG X 10 TABLETAS RECUBIERTAS,ETORICOXIB,Etoricoxib,"CALOX INTERNATIONAL, C.A.",https://mav.farmaciasaas.com/api/images/articulos/DISTRIBUCION/18990.jpg,cobeca,ETORICOXIB TAB 60MG X10 CLX
38052,ME41306,ETORICOXIB 90 MG X 10 TABLETAS RECUBIERTAS,ETORICOXIB,Etoricoxib,"CALOX INTERNATIONAL, C.A.",https://mav.farmaciasaas.com/api/images/articulos/DISTRIBUCION/18572.jpg,cobeca,ETORICOXIB TAB REC 90MG X10 CLX
38066,ME42311,FEBRATIC 15 MG / ML SUSPENSION ORAL,FEBRATIC,,MEGALABS S.A.,https://mav.farmaciasaas.com/api/images/articulos/DISTRIBUCION/95717.jpg,cobeca,FEBRATIC SUSP 10MG/5ML 120ML MEG
38078,ME27552,FERGANIC 20 MG / ML SOLUCION ORAL,FERGANIC,,MEGALABS S.A.,https://mav.farmaciasaas.com/api/images/articulos/DISTRIBUCION/93560.jpg,cobeca,FERGANIC FOLIC GTS 20MG/80MCG 30ML MEG
38088,ME36163,FEXOFENADINA CLORHIDRATO 180 MG X 10 TABLETAS RECUBIERTAS,FEXOFENADINA CLORHIDRATO,Fexofenadina,"CALOX INTERNATIONAL, C.A.",https://mav.farmaciasaas.com/api/images/articulos/DISTRIBUCION/92005.jpg,cobeca,FEXOFENADINA TAB 120MG X10 CLX
38114,ME27527,FLUCONAZOL 150 MG X 2 CAPSULAS,FLUCONAZOL,Fluconazol,"CALOX INTERNATIONAL, C.A.",https://mav.farmaciasaas.com/api/images/articulos/DISTRIBUCION/9668.jpg,cobeca,FLUCONAZOL CAP 150MG X2 CLX
38116,ME28339,FLUCONAZOL 150 MG X 2 CAPSULAS,FLUCONAZOL,Fluconazol,"LABORATORIOS LETI, S.A.V.",https://mav.farmaciasaas.com/api/images/articulos/DISTRIBUCION/4546.jpg,cobeca,FLUCONAZOL CAP 150MG X2 LETI
38117,ME34692,FLUCONAZOL 150 MG X 2 CAPSULAS,FLUCONAZOL,Fluconazol,"LABORATORIOS VALMOR, C.A.",https://mav.farmaciasaas.com/api/images/articulos/DISTRIBUCION/8645.jpg,cobeca,FLUCONAZOL CAP 150MG X2 VLM
38127,ME28981,FLUOXETINA 20 MG X 14 CAPSULAS,FLUOXETINA,Fluoxetina,"BIOTECH LABORATORIOS, C.A.",https://mav.farmaciasaas.com/api/images/articulos/DISTRIBUCION/3221.jpg,cobeca,FLUOXETINA CAP 20MG X14 BIOTECH
38137,ME35373,FULGRAM 600 MG - 42.9 MG / 5 ML POLVO PARA SUSPENSION,FULGRAM,Amoxicilina - Clavulanico Acido,"LABORATORIOS LETI, S.A.V.",https://mav.farmaciasaas.com/api/images/articulos/DISTRIBUCION/13416.jpg,cobeca,AMOXICI/AC CLAVU 400/57MG/5ML 70ML LETI
38140,ME33438/2,FUROSEMIDA 20 MG X 12 TABLETAS,FUROSEMIDA,Furosemida,LABORATORIOS SIEGFRIED S.A.,https://mav.farmaciasaas.com/api/images/articulos/DISTRIBUCION/5054.jpg,cobeca,FUROSEMIDA TAB 20MG X12 MEY
38141,ME33438/3,FUROSEMIDA 20 MG X 24 TABLETAS,FUROSEMIDA,Furosemida,LABORATORIOS SIEGFRIED S.A.,https://mav.farmaciasaas.com/api/images/articulos/DISTRIBUCION/5296.jpg,cobeca,FUROSEMIDA TAB 40MG X24 MEY
38142,ME23618,FUROSEMIDA 40 MG X 12 COMPRIMIDOS,FUROSEMIDA,Furosemida,"LABORATORIO PLUSANDEX DE FARMACEUTICOS UNIDOS, PLUSANDEX, C.A.",https://mav.farmaciasaas.com/api/images/articulos/DISTRIBUCION/23177.jpg,cobeca,FUROSEMIDA TAB 40MG X12 PLX
38143,ME33388/2,FUROSEMIDA 40 MG X 12 TABLETAS,FUROSEMIDA,Furosemida,LABORATORIOS SIEGFRIED S.A.,https://mav.farmaciasaas.com/api/images/articulos/DISTRIBUCION/51326.jpg,cobeca,FUROSEMIDA TAB 40MG X12 SIEG
38144,ME33388/3,FUROSEMIDA 40 MG X 24 TABLETAS,FUROSEMIDA,Furosemida,LABORATORIOS SIEGFRIED S.A.,https://mav.farmaciasaas.com/api/images/articulos/DISTRIBUCION/5296.jpg,cobeca,FUROSEMIDA TAB 40MG X24 MEY
38146,ME37992,GABAPANTINA 300 MG X 20 CAPSULAS,GABAPANTINA,Gabapentina,"CALOX INTERNATIONAL, C.A.",https://mav.farmaciasaas.com/api/images/articulos/DISTRIBUCION/97483.jpg,cobeca,GABAPENTINA CAP 300MG X20 CLX
38156,ME26131,GENTAMICINA 0.3 % SOLUCION OFTALMICA,GENTAMICINA,Gentamicina,"LABORATORIOS L.O. OFTALMI, C.A.",https://mav.farmaciasaas.com/api/images/articulos/DISTRIBUCION/28243.jpg,cobeca,"TOBRAMICINA SOL OFT 0,3% 5ML L.O"
38162,ME43877,GLICERINA 2.44 G X 6 SUPOSITORIOS,GLICERINA,Glicerina,"LABORATORIOS ELMOR, S.A.",https://mav.farmaciasaas.com/api/images/articulos/DISTRIBUCION/51657.jpg,cobeca,"GLICERINA SUP PED 1,11G X6 ELM"
38166,ME32187,GLIMEPIRIDA 2 MG X 30 COMPRIMIDOS,GLIMEPIRIDA,Glimepirida,"LABORATORIOS LETI, S.A.V.",https://mav.farmaciasaas.com/api/images/articulos/DISTRIBUCION/92481.jpg,cobeca,GLIMEPIRIDA COMP 4MG X30 GVN
38167,ME36207,GLIMEPIRIDA 4 MG X 15 COMPRIMIDOS,GLIMEPIRIDA,Glimepirida,"LABORATORIOS LETI, S.A.V.",https://mav.farmaciasaas.com/api/images/articulos/DISTRIBUCION/92481.jpg,cobeca,GLIMEPIRIDA COMP 4MG X30 GVN
38176,ME35669,GLYMAR 2 MG X 20 TABLETAS,GLYMAR,Glimepirida,LABORATORIOS SIEGFRIED S.A.,https://mav.farmaciasaas.com/api/images/articulos/DISTRIBUCION/9455.jpg,cobeca,GLYMAR TAB 2MG X20 MEY
38182,ME22169,GULAPER 100 MG / 5 ML ORAL,GULAPER,,MEGALABS S.A.,https://mav.farmaciasaas.com/api/images/articulos/DISTRIBUCION/98836.jpg,cobeca,GULAPER GTS 50MG/ML 30ML MEG
38190,ME35183/3,LOSARTAN POTASICO - HIDROCLOROTIAZIDA 100 MG - 25 MG X 30 COMPRIMIDOS RECUBIERTOS,LOSARTAN POTASICO - HIDROCLOROTIAZIDA,Hidroclorotiazida - Losartan,"LABORATORIOS LETI, S.A.V.",https://mav.farmaciasaas.com/api/images/articulos/DISTRIBUCION/99300.jpg,cobeca,LOSARTAN POT/HIDROC COM/REC 50/12.5MGX30
38191,ME35183/2,LOSARTAN POTASICO - HIDROCLOROTIAZIDA 100 MG - 25 MG X 10 COMPRIMIDOS RECUBIERTOS,LOSARTAN POTASICO - HIDROCLOROTIAZIDA,Hidroclorotiazida - Losartan,"LABORATORIOS LETI, S.A.V.",https://mav.farmaciasaas.com/api/images/articulos/DISTRIBUCION/99300.jpg,cobeca,LOSARTAN POT/HIDROC COM/REC 50/12.5MGX30
38194,ME31250/2,LOSARTAN POTASICO - HIDROCLOROTIAZIDA 50 MG -12.5 MG X 10 TABLETAS RECUBIERTAS,LOSARTAN POTASICO - HIDROCLOROTIAZIDA,Hidroclorotiazida - Losartan,"LABORATORIOS KIMICEG, C.A.",https://mav.farmaciasaas.com/api/images/articulos/DISTRIBUCION/93777.jpg,cobeca,"LOSARTAN POTA/HCT 50/12,5MG X10 KIMIC"
38214,ME26800,IBUPROFENO 600 MG X 10 COMPRIMIDOS RECUBIERTOS,IBUPROFENO,Ibuprofeno,"LABORATORIOS LETI, S.A.V.",https://mav.farmaciasaas.com/api/images/articulos/DISTRIBUCION/3823.jpg,cobeca,IBUPROFENO COMP 600MG X10 LETI
38215,ME40877,IBUPROFENO 800 MG X 10 COMPRIMIDOS,IBUPROFENO,Ibuprofeno,"LABORATORIOS LETI, S.A.V.",https://mav.farmaciasaas.com/api/images/articulos/DISTRIBUCION/50176.jpg,cobeca,IBUPROFENO COMP 800MG X 10 LETI
38217,ME32828,IBUPROFENO 100 MG / 5 ML SUSPENSION ORAL,IBUPROFENO,Ibuprofeno,"LABORATORIOS LETI, S.A.V.",https://mav.farmaciasaas.com/api/images/articulos/DISTRIBUCION/99047.jpg,cobeca,IBUPROFENO SUSP 100MG/5ML 90ML LETI
38218,ME38405,IBUPROFENO 400 MG X 20 TABLETAS,IBUPROFENO,Ibuprofeno,"BIOQUIMICA INTERNACIONAL, C.A.",https://mav.farmaciasaas.com/api/images/articulos/DISTRIBUCION/24334.jpg,cobeca,IBUPROFENO TAB 400MG X20 BIOQ
38219,ME30509,IBUPROFENO 600 MG X 10 TABLETAS,IBUPROFENO,Ibuprofeno,"LABORATORIOS VARGAS, S.A.",https://mav.farmaciasaas.com/api/images/articulos/DISTRIBUCION/29649.jpg,cobeca,IBUPROFENO TAB 600MG X 10 VARG
38221,ME38318,IBUPROFENO - TIOCOLCHICOSIDO 400 MG - 4 MG X 10 TABLETAS RECUBIERTAS,IBUPROFENO - TIOCOLCHICOSIDO,Ibuprofeno - Tiocolchicosido,"CALOX INTERNATIONAL, C.A.",https://mav.farmaciasaas.com/api/images/articulos/DISTRIBUCION/94963.jpg,cobeca,IBUPROFENO/TIOCOL TAB 400/4MG X10 CLX
38222,ME27688/2,IBUPROFENO 400 MG X 10 TABLETAS RECUBIERTAS,IBUPROFENO,Ibuprofeno,"CALOX INTERNATIONAL, C.A.",https://mav.farmaciasaas.com/api/images/articulos/DISTRIBUCION/10070.jpg,cobeca,IBUPROFENO TAB REC 400MG X10 CLX
38223,ME27688/3,IBUPROFENO 400 MG X 20 TABLETAS RECUBIERTAS,IBUPROFENO,Ibuprofeno,"CALOX INTERNATIONAL, C.A.",https://mav.farmaciasaas.com/api/images/articulos/DISTRIBUCION/2408.jpg,cobeca,KETOPROFENO CAP 100MG X20 CLX
38224,ME33973,IBUPROFENO 400 MG X 10 TABLETAS RECUBIERTAS ENTERICAS,IBUPROFENO,Ibuprofeno,"LABORATORIO PLUSANDEX DE FARMACEUTICOS UNIDOS, PLUSANDEX, C.A.",https://mav.farmaciasaas.com/api/images/articulos/DISTRIBUCION/92855.jpg,cobeca,IBUPROFENO TAB REC 400MG X10 PLX
38225,ME35615,IBUPROFENO 600 MG X 10 TABLETAS RECUBIERTAS,IBUPROFENO,Ibuprofeno,"CALOX INTERNATIONAL, C.A.",https://mav.farmaciasaas.com/api/images/articulos/DISTRIBUCION/10263.jpg,cobeca,IBUPROFENO TAB REC 600MG X10 CLX
38256,ME35908/3,IRBESARTAN 300 MG X 28 TABLETAS,IRBESARTAN,Irbesartan,"CALOX INTERNATIONAL, C.A.",https://mav.farmaciasaas.com/api/images/articulos/DISTRIBUCION/28779.jpg,cobeca,IRBESARTAN TAB 300 MG X 28 CLX
38259,ME43716,IRBETIAZID 150 MG - 12.5 MG X 28 TABLETAS,IRBETIAZID,Hidroclorotiazida - Irbesartan,LABORATORIOS SIEGFRIED S.A.,https://mav.farmaciasaas.com/api/images/articulos/DISTRIBUCION/8960.jpg,cobeca,DOCE PLEX ELIX  120ML MEY
38263,ME35570,IVERMECTINA 6 MG X 4 TABLETAS,IVERMECTINA,Ivermectina,"CALOX INTERNATIONAL, C.A.",https://mav.farmaciasaas.com/api/images/articulos/DISTRIBUCION/38094.jpg,cobeca,IVERMECTINA TAB 6MG X4 CLX
38290,ME41682/2,KETOPROFENO 100 MG X 10 CAPSULAS,KETOPROFENO,Ketoprofeno,"CALOX INTERNATIONAL, C.A.",https://mav.farmaciasaas.com/api/images/articulos/DISTRIBUCION/21061.jpg,cobeca,KETOPROFENO CAP 100MG X10 CLX
38291,ME41682/3,KETOPROFENO 100 MG X 20 CAPSULAS,KETOPROFENO,Ketoprofeno,"CALOX INTERNATIONAL, C.A.",https://mav.farmaciasaas.com/api/images/articulos/DISTRIBUCION/2408.jpg,cobeca,KETOPROFENO CAP 100MG X20 CLX
38292,ME35351/2,KETOPROFENO 100 MG X 10 CAPSULAS,KETOPROFENO,Ketoprofeno,"LABORATORIOS LETI, S.A.V.",https://mav.farmaciasaas.com/api/images/articulos/DISTRIBUCION/54274.jpg,cobeca,KETOPROFENO CAP 100MG X10 LETI
38293,ME35351/3,KETOPROFENO 100 MG X 20 CAPSULAS,KETOPROFENO,Ketoprofeno,"LABORATORIOS LETI, S.A.V.",https://mav.farmaciasaas.com/api/images/articulos/DISTRIBUCION/8408.jpg,cobeca,KETOPROFENO CAP 100MG X20 LETI
38308,ME16175,LARFACAINA 2 MG - 1.5 MG X 16 PASTILLAS SABOR A TUTTI - FRUTTI,LARFACAINA,Cetilpiridinio - Lidocaina,"LABORATORIOS ELMOR, S.A.",https://mav.farmaciasaas.com/api/images/articulos/DISTRIBUCION/8848.jpg,cobeca,LAFARCAINA PAST MIEL/LIMON X 16
38314,ME28874,LANSOPRAZOL 30 MG X 28 CAPSULAS,LANSOPRAZOL,Lansoprazol,"CALOX INTERNATIONAL, C.A.",https://mav.farmaciasaas.com/api/images/articulos/DISTRIBUCION/10462.jpg,cobeca,LANSOPRAZOL CAP 30MG X28 CLX
38321,ME44041/2,LERCANIDIPINO 20 MG X 10 COMPRIMIDOS RECUBIERTOS,LERCANIDIPINO,Lercanidipino,"LABORATORIOS VARGAS, S.A.",https://mav.farmaciasaas.com/api/images/articulos/DISTRIBUCION/23436.jpg,cobeca,DIHIDROLIP COMP REC 20MG X10 VARG
38325,ME37396,LESTECOL 20 MG X 30 TABLETAS RECUBIERTAS,LESTECOL,Atorvastatina,"BIOTECH LABORATORIOS, C.A.",https://mav.farmaciasaas.com/api/images/articulos/DISTRIBUCION/50753.jpg,cobeca,RUBLOX TAB/REC 20MG X 30
38334,ME32188,LEVOFLOXACINA 500 MG X 10 COMPRIMIDOS RECUBIERTOS,LEVOFLOXACINA,Levofloxacino,"LABORATORIOS LETI, S.A.V.",https://mav.farmaciasaas.com/api/images/articulos/DISTRIBUCION/52744.jpg,cobeca,LEVOFLOXACINA COMP REC 500MG X10 GVN
38347,ME43890,LEVOSULPIRIDA 25 MG X 30 TABLETAS,LEVOSULPIRIDA,Levosulpirida,"CALOX INTERNATIONAL, C.A.",https://mav.farmaciasaas.com/api/images/articulos/DISTRIBUCION/53039.jpg,cobeca,LEVOSULPIRIDA TAB 25MG X30 CLX
38371,ME22858,LOGANIL 250 MG / 5 ML JARABE,LOGANIL,,"BIOTECH LABORATORIOS, C.A.",https://mav.farmaciasaas.com/api/images/articulos/DISTRIBUCION/5122.jpg,cobeca,LOGANIL JBE AD 120ML BIOTECH
38381,ME28127,LORATADINA 10 MG X 10 COMPRIMIDOS,LORATADINA,Loratadina,"LABORATORIOS LETI, S.A.V.",https://mav.farmaciasaas.com/api/images/articulos/DISTRIBUCION/3401.jpg,cobeca,LORATADINA COMP 10MG X10 LETI
38383,ME27529/2,LORATADINA 10 MG X 10 TABLETAS,LORATADINA,Loratadina,"CALOX INTERNATIONAL, C.A.",https://mav.farmaciasaas.com/api/images/articulos/DISTRIBUCION/9653.jpg,cobeca,LORATADINA TAB 10MG X10 CLX
38385,ME40440,LORATADINA - AMBROXOL CLORHIDRATO 5 MG - 30 MG / 5 ML SOLUCION ORAL,LORATADINA - AMBROXOL CLORHIDRATO,Ambroxol - Loratadina,"LABORATORIOS KIMICEG, C.A.",https://mav.farmaciasaas.com/api/images/articulos/DISTRIBUCION/14343.jpg,cobeca,MUCOMAX PLUS SOL ORAL AD 30/5MG60ML KIMI
38387,ME39257,LORATADINA 10 MG X 10 TABLETAS,LORATADINA,Loratadina,"BIOQUIMICA INTERNACIONAL, C.A.",https://mav.farmaciasaas.com/api/images/articulos/DISTRIBUCION/24536.jpg,cobeca,LORATADINA TAB 10MG X10 BIOQ
38393,ME37256,LORECORT 1 MG - 0.05 MG / 5 ML SOLUCION ORAL,LORECORT,,"LABORATORIOS L.O. OFTALMI, C.A.",https://mav.farmaciasaas.com/api/images/articulos/DISTRIBUCION/18557.jpg,cobeca,LORECORT SOL ORAL 60ML L.O
38395,ME29469/4,LOSARTAN POTASICO 50 MG X 30 COMPRIMIDOS RECUBIERTOS,LOSARTAN POTASICO,Losartan,"LABORATORIOS LETI, S.A.V.",https://mav.farmaciasaas.com/api/images/articulos/DISTRIBUCION/97621.jpg,cobeca,LOSARTAN POTA COMP REC 50MG X30 LETI
38396,ME29469/2,LOSARTAN POTASICO 50 MG X 10 COMPRIMIDOS RECUBIERTOS,LOSARTAN POTASICO,Losartan,"LABORATORIOS LETI, S.A.V.",https://mav.farmaciasaas.com/api/images/articulos/DISTRIBUCION/3399.jpg,cobeca,LOSARTAN POTA COMP 50MG X10 LETI
38397,ME29469/3,LOSARTAN POTASICO 50 MG X 20 COMPRIMIDOS RECUBIERTOS,LOSARTAN POTASICO,Losartan,"LABORATORIOS LETI, S.A.V.",https://mav.farmaciasaas.com/api/images/articulos/DISTRIBUCION/25976.jpg,cobeca,OLMESARTAN MEDOXOM COMP REC 20MGX14 LETI
38401,ME35008,LOSARTAN POTASICO 50 MG X 30 TABLETAS RECUBIERTAS,LOSARTAN POTASICO,Losartan,"LABORATORIOS VALMOR, C.A.",https://mav.farmaciasaas.com/api/images/articulos/DISTRIBUCION/20271.jpg,cobeca,LOSARTAN POTA TAB REC 50MG X30 VLM
38404,ME42945,LOSARTAN POTASICO 50 MG X 30 TABLETAS RECUBIERTAS,LOSARTAN POTASICO,Losartan,"BIOTECH LABORATORIOS, C.A.",https://mav.farmaciasaas.com/api/images/articulos/DISTRIBUCION/27329.jpg,cobeca,LOSARTAN POTA TAB 50MG X30 BIOTECH
38406,ME36110/3,LOSARTAN POTASICO - HIDROCLOROTIZADA 100 MG - 25 MG X 30 TABLETAS RECUBIERTAS,LOSARTAN POTASICO - HIDROCLOROTIZADA,Hidroclorotiazida - Losartan,"CALOX INTERNATIONAL, C.A.",https://mav.farmaciasaas.com/api/images/articulos/DISTRIBUCION/18989.jpg,cobeca,"BIOCOR/HCT TAB 20MG/12,5MG X30 CLX"
38407,ME31205/2,LOSARTAN POTASICO 50 MG X 10 TABLETAS RECUBIERTAS,LOSARTAN POTASICO,Losartan,"LABORATORIOS KIMICEG, C.A.",https://mav.farmaciasaas.com/api/images/articulos/DISTRIBUCION/93419.jpg,cobeca,LOSARTAN POTA TAB REC 100MG X10 KIMIC
38408,ME31205/4,LOSARTAN POTASICO 50 MG X 30 TABLETAS RECUBIERTAS,LOSARTAN POTASICO,Losartan,"LABORATORIOS KIMICEG, C.A.",https://mav.farmaciasaas.com/api/images/articulos/DISTRIBUCION/27801.jpg,cobeca,LOSARTAN POTA TAB 100MG X30 KIMIC
38409,ME31205/3,LOSARTAN POTASICO 50 MG X 20 TABLETAS RECUBIERTAS,LOSARTAN POTASICO,Losartan,"LABORATORIOS KIMICEG, C.A.",https://mav.farmaciasaas.com/api/images/articulos/DISTRIBUCION/92637.jpg,cobeca,LOSARTAN POTA TAB REC 50MG X20 KIMIC
38410,ME34265,LOSARTAN POTASICO 50 MG X 30 TABLETAS RECUBIERTAS,LOSARTAN POTASICO,Losartan,"CALOX INTERNATIONAL, C.A.",https://mav.farmaciasaas.com/api/images/articulos/DISTRIBUCION/99640.jpg,cobeca,LOSARTAN POTA TAB REC 50MG X30 CLX
38411,ME34979,LOSARTAN POTASICO 100 MG X 30 COMPRIMIDOS RECUBIERTOS,LOSARTAN POTASICO,Losartan,"LABORATORIOS VARGAS, S.A.",https://mav.farmaciasaas.com/api/images/articulos/DISTRIBUCION/27782.jpg,cobeca,LOSARTAN POTA COMP REC 100MG X30 VARG
38426,HO15879,MANITOL AL 18 % SOLUCION INYECTABLE INTRAVENOSA,MANITOL AL,Manitol,"LABORATORIO BEHRENS, C.A.",https://mav.farmaciasaas.com/api/images/articulos/DISTRIBUCION/5408.jpg,cobeca,MANITOL SOL INY #38 18% 500ML BHR
38439,ME30977,MELOXICAM 15 MG X 10 TABLETAS,MELOXICAM,Meloxicam,"LABORATORIOS KIMICEG, C.A.",https://mav.farmaciasaas.com/api/images/articulos/DISTRIBUCION/662.jpg,cobeca,MELOXICAM TAB 15MG X10 KIMIC
38440,ME30530,MELOXICAM 15 MG X 10 COMPRIMIDOS,MELOXICAM,Meloxicam,"LABORATORIOS LETI, S.A.V.",https://mav.farmaciasaas.com/api/images/articulos/DISTRIBUCION/7370.jpg,cobeca,MELOXICAM COMP 15MG X10 LETI
38441,ME30976,MELOXICAM 7.5 MG X 10 TABLETAS,MELOXICAM,Meloxicam,"LABORATORIOS KIMICEG, C.A.",https://mav.farmaciasaas.com/api/images/articulos/DISTRIBUCION/662.jpg,cobeca,MELOXICAM TAB 15MG X10 KIMIC
38453,ME43925/4,METFORMINA CLORHIDRATO 850 MG X 30 TABLETAS RECUBIERTAS,METFORMINA CLORHIDRATO,(+)-tetrabenazina - Metformina,"LABORATORIO PLUSANDEX DE FARMACEUTICOS UNIDOS, PLUSANDEX, C.A.",https://mav.farmaciasaas.com/api/images/articulos/DISTRIBUCION/53284.jpg,cobeca,METFORMINA CLORHIDRATO TAB 850MG X30 PLX
38468,HO26028,METOCLOPRAMIDA 10 MG / 2 ML X 6 AMPOLLAS,METOCLOPRAMIDA,Metoclopramida,"LABORATORIOS VALMOR, C.A.",https://mav.farmaciasaas.com/api/images/articulos/DISTRIBUCION/7763.jpg,cobeca,METOCLOPRAMIDA AMP 10MG/2ML X6 VLM
38480,ME31012,METRONIDAZOL BENZOIL 250 MG / 5 ML SUSPENSION ORAL,METRONIDAZOL BENZOIL,Metronidazol,"LABORATORIOS KIMICEG, C.A.",https://mav.farmaciasaas.com/api/images/articulos/DISTRIBUCION/1773.jpg,cobeca,METRONIDAZOL SUSP 250MG 120ML KIMIC
38504,ME33690/2,MONTELUKAST 10 MG X 10 TABLETAS RECUBIERTAS,MONTELUKAST,Montelukast,"LABORATORIOS L.O. OFTALMI, C.A.",https://mav.farmaciasaas.com/api/images/articulos/DISTRIBUCION/6742.jpg,cobeca,AIRON TAB MAST 4MG X10 L.O
38505,ME33690/3,MONTELUKAST 10 MG X 30 TABLETAS RECUBIERTAS,MONTELUKAST,Montelukast,"LABORATORIOS L.O. OFTALMI, C.A.",https://mav.farmaciasaas.com/api/images/articulos/DISTRIBUCION/23966.jpg,cobeca,MONTELUKAST TAB REC 10MG X30 L.O
38518,ME37302,MOXIFLOXACINA 400 MG X 5 TABLETAS RECUBIERTAS,MOXIFLOXACINA,Moxifloxacino,"CALOX INTERNATIONAL, C.A.",https://mav.farmaciasaas.com/api/images/articulos/DISTRIBUCION/92489.jpg,cobeca,MOXIFLOXACINA TAB REC 400MG X5 CLX
38520,ME20385,MUCOBROL 4 MG / 5 ML JARABE,MUCOBROL,,"LABORATORIO COFASA, S.A.",https://mav.farmaciasaas.com/api/images/articulos/DISTRIBUCION/2465.jpg,cobeca,MUCOBROL JBE 120ML COFA
38534,ME31384/5,NEFROTAL H 50 MG - 12.5 MG X 30 COMPRIMIDOS RECUBIERTOS,NEFROTAL H,Hidroclorotiazida - Losartan,MEGALABS S.A.,https://mav.farmaciasaas.com/api/images/articulos/DISTRIBUCION/27092.jpg,cobeca,"EUKENE HCT COMP 20/12,5MG X30 MEG"
38543,HO7099/2,NEOSTIGMINA 0.5 MG / ML X 3 AMPOLLAS,NEOSTIGMINA,,MEGALABS S.A.,https://mav.farmaciasaas.com/api/images/articulos/DISTRIBUCION/94368.jpg,cobeca,"NEOSTIGMINA INY 0,5MG/1ML X3 MEG"
38553,ME25984/3,NIFEDIPINA 10 MG X 30 COMPRIMIDOS DISPERSABLES,NIFEDIPINA,Nifedipino,"LABORATORIOS LETI, S.A.V.",https://mav.farmaciasaas.com/api/images/articulos/DISTRIBUCION/51432.jpg,cobeca,NIFEDIPINA COMP 10MG X30 LETI
38565,ME44220/3,NITROFURANTOINA 50 MG X 30 TABLETAS RECUBIERTAS,NITROFURANTOINA,,"CALOX INTERNATIONAL, C.A.",https://mav.farmaciasaas.com/api/images/articulos/DISTRIBUCION/29107.jpg,cobeca,NITROFURANTOINA TAB/REC 50MG X 30 CLX
38577,ME27271/2,NOTOLAC 20 MG X 4 TABLETAS,NOTOLAC,,LABORATORIOS FARMA S.A.,https://mav.farmaciasaas.com/api/images/articulos/DISTRIBUCION/4634.jpg,cobeca,NOTOLAC TAB SL 30MG X4 FAR
38597,ME27785/4,OMEPRAZOL 20 MG X 14 CAPSULAS CON MICROGRANULOS ENTERICOS,OMEPRAZOL,,"CALOX INTERNATIONAL, C.A.",https://mav.farmaciasaas.com/api/images/articulos/DISTRIBUCION/21060.jpg,cobeca,OMEPRAZOL CAP 20MG X14 CLX
38598,ME27785/5,OMEPRAZOL 20 MG X 28 CAPSULAS CON MICROGRANULOS ENTERICOS,OMEPRAZOL,,"CALOX INTERNATIONAL, C.A.",https://mav.farmaciasaas.com/api/images/articulos/DISTRIBUCION/8254.jpg,cobeca,OMEPRAZOL CAP 20MG X28 CLX
38601,ME28613/3,OMEPRAZOL 20 MG X 30 CAPSULAS CON MICROGRANULOS CON CUBIERTA ENTERICA,OMEPRAZOL,,"LABORATORIOS LETI, S.A.V.",https://mav.farmaciasaas.com/api/images/articulos/DISTRIBUCION/29950.jpg,cobeca,OMEPRAZOL CAP/MICRO G 20MG X 30 GENVEN
38602,ME28613/2,OMEPRAZOL 20 MG X 8 CAPSULAS CON MICROGRANULOS CON CUBIERTA ENTERICA,OMEPRAZOL,,"LABORATORIOS LETI, S.A.V.",https://mav.farmaciasaas.com/api/images/articulos/DISTRIBUCION/6497.jpg,cobeca,OMEPRAZOL CAP 20MG X8 LETI
38610,ME41965/3,OMEPRAZOL 40 MG X 30 CAPSULAS GASTRORRESISTENTES,OMEPRAZOL,,"LABORATORIOS LETI, S.A.V.",https://mav.farmaciasaas.com/api/images/articulos/DISTRIBUCION/29950.jpg,cobeca,OMEPRAZOL CAP/MICRO G 20MG X 30 GENVEN
38611,ME41965/2,OMEPRAZOL 40 MG X 10 CAPSULAS GASTRORRESISTENTES,OMEPRAZOL,,"LABORATORIOS LETI, S.A.V.",https://mav.farmaciasaas.com/api/images/articulos/DISTRIBUCION/16765.jpg,cobeca,OMEPRAZOL CAP GAST 40MG X10 LETI
38615,ME30342,ONDANSETRON 4 MG X 10 COMPRIMIDOS,ONDANSETRON,Ondansetron,MEGALABS S.A.,https://mav.farmaciasaas.com/api/images/articulos/DISTRIBUCION/1107.jpg,cobeca,ONDANSETRON COMP 4MG X10 MEG
38616,ME30344,ONDANSETRON 8 MG X 10 COMPRIMIDOS,ONDANSETRON,Ondansetron,MEGALABS S.A.,https://mav.farmaciasaas.com/api/images/articulos/DISTRIBUCION/1108.jpg,cobeca,ONDANSETRON COMP 8MG X10 MEG
38619,HO30228,ONDANSETRON 2 MG / ML X 1 AMPOLLA,ONDANSETRON,Ondansetron,MEGALABS S.A.,https://mav.farmaciasaas.com/api/images/articulos/DISTRIBUCION/1111.jpg,cobeca,ONDANSETRON INY 2 MG/ML 4MG X1 MEG
38620,ME42197,ONDANSETRON 4 MG / 5 ML SOLUCION ORAL,ONDANSETRON,Ondansetron,MEGALABS S.A.,https://mav.farmaciasaas.com/api/images/articulos/DISTRIBUCION/23942.jpg,cobeca,ONDANSETRON SOL ORAL 4MG/5ML 50ML MEG
38622,HO35150/3,ONDATRIN 2 MG / ML X 5 AMPOLLAS,ONDATRIN,Ondansetron,"LABORATORIO BEHRENS, C.A.",https://mav.farmaciasaas.com/api/images/articulos/DISTRIBUCION/20527.jpg,cobeca,ONDATRIN AMP 4MG/2ML X5 BHR
38634,ME37274,PANTOPRAZOL 40 MG X 10 COMPRIMIDOS CON CUBIERTA DE LIBERACION ENTERICA,PANTOPRAZOL,Pantoprazol,"LABORATORIOS LETI, S.A.V.",https://mav.farmaciasaas.com/api/images/articulos/DISTRIBUCION/98455.jpg,cobeca,PANTOPRAZOL COMP 40MG X10 LETI
38653,ME12460,PEREBRON 28 MG / 5 ML JARABE SABOR A FRAMBUESA,PEREBRON,,"LABORATORIOS ELMOR, S.A.",https://mav.farmaciasaas.com/api/images/articulos/DISTRIBUCION/5106.jpg,cobeca,PEREBRON JBE AD MIEL/LIMON 120ML ELM
38654,ME41148,PEREBRON 28 MG / 5 ML JARABE SABOR MIEL - LIMON,PEREBRON,,"LABORATORIOS ELMOR, S.A.",https://mav.farmaciasaas.com/api/images/articulos/DISTRIBUCION/5106.jpg,cobeca,PEREBRON JBE AD MIEL/LIMON 120ML ELM
38668,ME34513,BREINOX 400 MG X 30 TABLETAS,BREINOX,Piracetam,LABORATORIOS FARMA S.A.,https://mav.farmaciasaas.com/api/images/articulos/DISTRIBUCION/96976.jpg,cobeca,FARMA D TAB 1000UI X30 FAR
38688,ME27150,PREDNISONA 50 MG X 10 TABLETAS,PREDNISONA,Prednisona,"CALOX INTERNATIONAL, C.A.",https://mav.farmaciasaas.com/api/images/articulos/DISTRIBUCION/10937.jpg,cobeca,PREDNISONA TAB 50MG X10 CLX
38689,ME34836,PREDNISONA 50 MG X 10 TABLETAS.,PREDNISONA,Prednisona,"LABORATORIOS VALMOR, C.A.",https://mav.farmaciasaas.com/api/images/articulos/DISTRIBUCION/7835.jpg,cobeca,PREDNISONA TAB 50MG X10 VLM
38690,ME12419/2,PREDNISONA 5 MG X 10 TABLETAS,PREDNISONA,Prednisona,"CALOX INTERNATIONAL, C.A.",https://mav.farmaciasaas.com/api/images/articulos/DISTRIBUCION/2998.jpg,cobeca,PREDNISONA TAB 5MG X10 CLX
38692,ME12419/3,PREDNISONA 5 MG X 30 TABLETAS,PREDNISONA,Prednisona,"CALOX INTERNATIONAL, C.A.",https://mav.farmaciasaas.com/api/images/articulos/DISTRIBUCION/10460.jpg,cobeca,PREDNISONA TAB 5MG X30 CLX
38693,ME32934,PREDNISONA 5 MG X 10 TABLETAS,PREDNISONA,Prednisona,"LABORATORIOS VALMOR, C.A.",https://mav.farmaciasaas.com/api/images/articulos/DISTRIBUCION/3927.jpg,cobeca,PREDNISONA TAB 5MG X10 VLM
38703,ME26036,PROPRANOLOL 10 MG X 20 TABLETAS,PROPRANOLOL,Propranolol,"BIOTECH LABORATORIOS, C.A.",https://mav.farmaciasaas.com/api/images/articulos/DISTRIBUCION/7637.jpg,cobeca,PROPRANOLOL TAB 10MG X20 BIOTECH
38705,ME40343,PROVICAR 2 G / 10 ML SOLUCION ORAL,PROVICAR,,"LABORATORIOS ELMOR, S.A.",https://mav.farmaciasaas.com/api/images/articulos/DISTRIBUCION/6420.jpg,cobeca,PROVICAR SOL ORAL 180ML ELM
38720,ME26538,RANITIDINA 150 MG X 10 COMPRIMIDOS RECUBIERTOS,RANITIDINA,Ranitidina,"LABORATORIOS LETI, S.A.V.",https://mav.farmaciasaas.com/api/images/articulos/DISTRIBUCION/97120.jpg,cobeca,LERCANIDIPINA HCL COMP REC 10MG X10 LETI
38740,ME38180,RISPERIDONA 2 MG X 20 TABLETAS RECUBIERTAS,RISPERIDONA,Risperidona,"CALOX INTERNATIONAL, C.A.",https://mav.farmaciasaas.com/api/images/articulos/DISTRIBUCION/97451.jpg,cobeca,RISPERIDONA TAB REC 2MG X20 CLX
38749,ME37264,ROSUVASTATINA 20 MG X 30 COMPRIMIDOS RECUBIERTOS,ROSUVASTATINA,Rosuvastatina,"LABORATORIOS LETI, S.A.V.",https://mav.farmaciasaas.com/api/images/articulos/DISTRIBUCION/97977.jpg,cobeca,ATORVASTATINA COMP REC 20MG X30 LETI
38767,ME30953,SECNIDAZOL 500 MG X 4 TABLETAS RECUBIERTAS,SECNIDAZOL,Secnidazol Anhidro,"LABORATORIOS KIMICEG, C.A.",https://mav.farmaciasaas.com/api/images/articulos/DISTRIBUCION/3004.jpg,cobeca,SECNIDAZOL TAB 500MG X4 KIMIC
38768,ME32717,SECNIDAZOL 1 G COMPRIMIDOS RECUBIERTOS,SECNIDAZOL,Secnidazol Anhidro,"LABORATORIOS LETI, S.A.V.",https://mav.farmaciasaas.com/api/images/articulos/DISTRIBUCION/52517.jpg,cobeca,SECNIDAZOL COMP REC 1G X2 GENVEN
38769,ME37061,SECNIDAZOL 1 G X 2 TABLETAS RECUBIERTAS,SECNIDAZOL,Secnidazol Anhidro,"CALOX INTERNATIONAL, C.A.",https://mav.farmaciasaas.com/api/images/articulos/DISTRIBUCION/8585.jpg,cobeca,SECNIDAZOL TAB 1G X2 VIV
38772,ME37617,SECNIDAZOL 1 G X 2 TABLETAS RECUBIERTAS,SECNIDAZOL,Secnidazol Anhidro,"LABORATORIOS VALMOR, C.A.",https://mav.farmaciasaas.com/api/images/articulos/DISTRIBUCION/92494.jpg,cobeca,SECNIDAZOL TAB REC 1G X2 VLM
38783,ME31067/2,SERTRALINA 50 MG X 10 COMPRIMIDOS RECUBIERTOS,SERTRALINA,Sertralina,"LABORATORIOS LETI, S.A.V.",https://mav.farmaciasaas.com/api/images/articulos/DISTRIBUCION/2558.jpg,cobeca,SERTRALINA COMP 50MG X10 GNV
38784,ME31067/3,SERTRALINA 50 MG X 14 COMPRIMIDOS RECUBIERTOS,SERTRALINA,Sertralina,"LABORATORIOS LETI, S.A.V.",https://mav.farmaciasaas.com/api/images/articulos/DISTRIBUCION/2558.jpg,cobeca,SERTRALINA COMP 50MG X10 GNV
38785,ME31067/4,SERTRALINA 50 MG X 30 COMPRIMIDOS RECUBIERTOS,SERTRALINA,Sertralina,"LABORATORIOS LETI, S.A.V.",https://mav.farmaciasaas.com/api/images/articulos/DISTRIBUCION/2558.jpg,cobeca,SERTRALINA COMP 50MG X10 GNV
38826,ME38493/2,TADALAFILO 20 MG X 1 TABLETA RECUBIERTA,TADALAFILO,Tadalafilo,"CALOX INTERNATIONAL, C.A.",https://mav.farmaciasaas.com/api/images/articulos/DISTRIBUCION/97341.jpg,cobeca,TADALAFIL TAB 20MG X1 CLX
38853,ME44418/2,TERAGRIPFORTE 650 MG-20 MG-2 MG X 6 GRANULADO PARA SOLUCION ORAL,TERAGRIPFORTE,Acetaminofen - Cafeina - Clorfeniramina,LABORATORIOS FARMA S.A.,https://mav.farmaciasaas.com/api/images/articulos/DISTRIBUCION/92190.jpg,cobeca,TERAGRIP FORTE GRANU 650MG/2MG DIA X6
38861,ME12998,TILODRIN 4 MG / ML SOLUCION ORAL,TILODRIN,,LABORATORIOS SIEGFRIED S.A.,https://mav.farmaciasaas.com/api/images/articulos/DISTRIBUCION/3510.jpg,cobeca,TILODRIN GTS 15ML MEY
38862,ME17508,TILODRIN 30 MG / 15 ML JARABE,TILODRIN,,LABORATORIOS SIEGFRIED S.A.,https://mav.farmaciasaas.com/api/images/articulos/DISTRIBUCION/3512.jpg,cobeca,TILODRIN JBE 120ML MEY
38864,ME22060,TINIDAZOL 500 MG X 4 TABLETAS RECUBIERTAS,TINIDAZOL,Tinidazol,"LABORATORIO PLUSANDEX DE FARMACEUTICOS UNIDOS, PLUSANDEX, C.A.",https://mav.farmaciasaas.com/api/images/articulos/DISTRIBUCION/29067.jpg,cobeca,TINIDAZOL TAB/REC 500MG X 4 PLX
38871,ME26806,TIOCOLCHICOSIDO 4 MG X 10 COMPRIMIDOS,TIOCOLCHICOSIDO,Tiocolchicosido,"LABORATORIOS LETI, S.A.V.",https://mav.farmaciasaas.com/api/images/articulos/DISTRIBUCION/26050.jpg,cobeca,TIOCOLCHICOSIDO COMP 4MG X10 LETI
38872,ME34453,TIOCOLCHICOSIDO 4 MG X 12 TABLETAS,TIOCOLCHICOSIDO,Tiocolchicosido,"BIOTECH LABORATORIOS, C.A.",https://mav.farmaciasaas.com/api/images/articulos/DISTRIBUCION/6808.jpg,cobeca,TIOCOLCHICOSIDO TAB 4MG X12 BIOTECH
38913,ME44208/2,VALSARTAN 160 MG X 10 COMPRIMIDOS RECUBIERTOS,VALSARTAN,Valsartan,"LABORATORIOS VARGAS, S.A.",https://mav.farmaciasaas.com/api/images/articulos/DISTRIBUCION/23432.jpg,cobeca,LOSARTAN POTA COMP REC 100MG X10 VARG
38914,ME44208/3,VALSARTAN 160 MG X 28 COMPRIMIDOS RECUBIERTOS,VALSARTAN,Valsartan,"LABORATORIOS VARGAS, S.A.",https://mav.farmaciasaas.com/api/images/articulos/DISTRIBUCION/54193.jpg,cobeca,VALSARTAN COMP REC 160MG X28 VARG
38915,ME44208/4,VALSARTAN 160 MG X 30 COMPRIMIDOS RECUBIERTOS,VALSARTAN,Valsartan,"LABORATORIOS VARGAS, S.A.",https://mav.farmaciasaas.com/api/images/articulos/DISTRIBUCION/51090.jpg,cobeca,LOSARTAN POTA COMP REC 50MG X30 VARG
38916,ME31624/3,VALSARTAN 160 MG X 14 CAPSULAS,VALSARTAN,Valsartan,"LABORATORIOS LETI, S.A.V.",https://mav.farmaciasaas.com/api/images/articulos/DISTRIBUCION/50375.jpg,cobeca,VALSARTAN CAP 160MG X 30 GENVEN
38917,ME31624/2,VALSARTAN 160 MG X 7 CAPSULAS,VALSARTAN,Valsartan,"LABORATORIOS LETI, S.A.V.",https://mav.farmaciasaas.com/api/images/articulos/DISTRIBUCION/2620.jpg,cobeca,VALSARTAN CAP 160MG X7 LETI
38918,ME38559/3,VALSARTAN - HIDROCLOROTIAZIDA 160 MG - 12.5 MG X 30 TABLETAS RECUBIERTAS,VALSARTAN - HIDROCLOROTIAZIDA,Hidroclorotiazida - Valsartan,"LABORATORIOS VALMOR, C.A.",https://mav.farmaciasaas.com/api/images/articulos/DISTRIBUCION/99154.jpg,cobeca,"CANDER HCT TAB 8MG/12,5MG X30 VLM"
38919,ME38559/2,VALSARTAN - HIDROCLOROTIAZIDA 160 MG - 12.5 MG X 14 TABLETAS RECUBIERTAS,VALSARTAN - HIDROCLOROTIAZIDA,Hidroclorotiazida - Valsartan,"LABORATORIOS VALMOR, C.A.",https://mav.farmaciasaas.com/api/images/articulos/DISTRIBUCION/96316.jpg,cobeca,"VALSARTAN/HCT TAB REC 160MG/12,5 X14 VLM"
38920,ME31623/2,VALSARTAN 80 MG X 14 CAPSULAS,VALSARTAN,Valsartan,"LABORATORIOS LETI, S.A.V.",https://mav.farmaciasaas.com/api/images/articulos/DISTRIBUCION/99797.jpg,cobeca,VALSARTAN CAP 80MG X30 GNV LETI
38921,ME31623/3,VALSARTAN 80 MG X 30 CAPSULAS,VALSARTAN,Valsartan,"LABORATORIOS LETI, S.A.V.",https://mav.farmaciasaas.com/api/images/articulos/DISTRIBUCION/99797.jpg,cobeca,VALSARTAN CAP 80MG X30 GNV LETI
38926,ME38613,VALSARTAN - HIDROCLOROTIAZIDA 80 MG - 12.5 MG X 30 TABLETAS RECUBIERTAS,VALSARTAN - HIDROCLOROTIAZIDA,Hidroclorotiazida - Valsartan,"LABORATORIOS VALMOR, C.A.",https://mav.farmaciasaas.com/api/images/articulos/DISTRIBUCION/99154.jpg,cobeca,"CANDER HCT TAB 8MG/12,5MG X30 VLM"
38927,ME33646/2,VASATEN HCT 80 MG - 12.5 MG X 10 COMPRIMIDOS RECUBIERTOS,VASATEN HCT,Hidroclorotiazida - Valsartan,"LABORATORIOS LETI, S.A.V.",https://mav.farmaciasaas.com/api/images/articulos/DISTRIBUCION/99300.jpg,cobeca,LOSARTAN POT/HIDROC COM/REC 50/12.5MGX30
38928,ME33646/3,VASATEN HCT 80 MG - 12.5 MG X 14 COMPRIMIDOS RECUBIERTOS,VASATEN HCT,Hidroclorotiazida - Valsartan,"LABORATORIOS LETI, S.A.V.",https://mav.farmaciasaas.com/api/images/articulos/DISTRIBUCION/99300.jpg,cobeca,LOSARTAN POT/HIDROC COM/REC 50/12.5MGX30
38945,ME43348/3,DIOSMINA - HESPERIDINA 450 MG - 50 MG X 30 CAPSULAS BLANDAS,DIOSMINA - HESPERIDINA,Hesperidina,"CALOX INTERNATIONAL, C.A.",https://mav.farmaciasaas.com/api/images/articulos/DISTRIBUCION/9750.jpg,cobeca,VIT E CAP BLD 400MG X30 VIV
38957,ME39856/2,FARMAD 1000 UI X 30 TABLETAS RECUBIERTAS,FARMAD,Vitamina D3,LABORATORIOS FARMA S.A.,https://mav.farmaciasaas.com/api/images/articulos/DISTRIBUCION/96976.jpg,cobeca,FARMA D TAB 1000UI X30 FAR
39008,ME31636,ACETAMINOFEN 120 MG / 5 ML JARABE,ACETAMINOFEN,Acetaminofen,"LABORATORIO COFASA, S.A.",https://mav.farmaciasaas.com/api/images/articulos/DISTRIBUCION/1978.jpg,cobeca,ACETAMINOFEN JBE S/ALCOHOL 120ML COFA
39009,ME43970,ACETAMINOFEN 125 MG SUPOSITORIOS,ACETAMINOFEN,Acetaminofen,"LABORATORIOS VARGAS, S.A.",https://mav.farmaciasaas.com/api/images/articulos/DISTRIBUCION/53592.jpg,cobeca,ACETAMINOFEN SUP 125MG X8 VARG
39010,ME33906,ACETAMINOFEN 650 MG X 10 TABLETAS,ACETAMINOFEN,Acetaminofen,"CALOX INTERNATIONAL, C.A.",https://mav.farmaciasaas.com/api/images/articulos/DISTRIBUCION/6236.jpg,cobeca,ACETAMINOFEN TAB 650MG X10 CLX
39011,ME43427/2,ACETAMINOFEN 500 MG X 10 TABLETAS,ACETAMINOFEN,Acetaminofen,"LABORATORIOS L.O. OFTALMI, C.A.",https://mav.farmaciasaas.com/api/images/articulos/DISTRIBUCION/52390.jpg,cobeca,ACETAMINOFEN TAB 650MG X10 L.O
39013,ME41663,ACETAMINOFEN 650 MG X 10 COMPRIMIDOS,ACETAMINOFEN,Acetaminofen,"LABORATORIOS LETI, S.A.V.",https://mav.farmaciasaas.com/api/images/articulos/DISTRIBUCION/21858.jpg,cobeca,ACETAMINOFEN COMP 650MG X10 LETI
39018,ME29911/2,ACIDO FOLICO 10 MG X 20 TABLETAS,ACIDO FOLICO,Folico Acido,LABORATORIOS SIEGFRIED S.A.,https://mav.farmaciasaas.com/api/images/articulos/DISTRIBUCION/10752.jpg,cobeca,ACIDO FOLICO TAB 10MG X20 MEY
39019,ME29911/3,ACIDO FOLICO 10 MG X 30 TABLETAS,ACIDO FOLICO,Folico Acido,LABORATORIOS SIEGFRIED S.A.,https://mav.farmaciasaas.com/api/images/articulos/DISTRIBUCION/91658.jpg,cobeca,ACIDO FOLICO TAB 10MG X30 MEY
39022,ME29912,ACIDO FOLICO 5 MG X 30 TABLETAS,ACIDO FOLICO,Folico Acido,LABORATORIOS SIEGFRIED S.A.,https://mav.farmaciasaas.com/api/images/articulos/DISTRIBUCION/21981.jpg,cobeca,ACIDO FOLICO TAB 5MG X30 MEY
39023,ME31178,ACIDO FOLICO 10 MG / ML SOLUCION ORAL,ACIDO FOLICO,Folico Acido,LABORATORIOS SIEGFRIED S.A.,https://mav.farmaciasaas.com/api/images/articulos/DISTRIBUCION/2643.jpg,cobeca,ACIDO FOLICO GTS 10MG 15ML MEY
39026,ME44293,OLOCOF 0.02 % SOLUCION OFTALMICA,OLOCOF,Olopatadina,"LABORATORIO COFASA, S.A.",https://mav.farmaciasaas.com/api/images/articulos/DISTRIBUCION/20806.jpg,cobeca,LAGRICOF SOL OFT 15ML COFA
39027,ME33777/2,AIRON 5 MG X 10 TABLETAS MASTICABLES,AIRON,Montelukast,"LABORATORIOS L.O. OFTALMI, C.A.",https://mav.farmaciasaas.com/api/images/articulos/DISTRIBUCION/6742.jpg,cobeca,AIRON TAB MAST 4MG X10 L.O
39029,ME39048/2,ALBENDAZOL 200 MG X 2 TABLETAS MASTICABLES SABOR A BANANA,ALBENDAZOL,Albendazol,"CALOX INTERNATIONAL, C.A.",https://mav.farmaciasaas.com/api/images/articulos/DISTRIBUCION/13063.jpg,cobeca,ALBENDAZOL TAB MAST T/FRUTTI 200MGX2 CLX
39030,ME39048/3,ALBENDAZOL 200 MG X 6 TABLETAS MASTICABLES SABOR A BANANA,ALBENDAZOL,Albendazol,"CALOX INTERNATIONAL, C.A.",https://mav.farmaciasaas.com/api/images/articulos/DISTRIBUCION/13063.jpg,cobeca,ALBENDAZOL TAB MAST T/FRUTTI 200MGX2 CLX
39032,ME34717,ALIPAL FORTE NOCHE 650 MG - 4 MG X 12 CAPSULAS,ALIPAL FORTE NOCHE,Acetaminofen - Clorfeniramina,"BIOTECH LABORATORIOS, C.A.",https://mav.farmaciasaas.com/api/images/articulos/DISTRIBUCION/21385.jpg,cobeca,LISIN BE SUPLEM ALIMENTICIO120ML BIOTECH
39034,ME41701,ALIVET PLUS COMPRIMIDOS RECUBIERTOS,ALIVET PLUS COMPRIMIDOS RECUBIERTOS,Acetaminofen - Clorfeniramina - Dextrometorfano - Fenilefrina,"LABORATORIOS LETI, S.A.V.",https://mav.farmaciasaas.com/api/images/articulos/DISTRIBUCION/51787.jpg,cobeca,ALIVET PLUS COMP 650/20/10/4MG X10 LETI
39035,ME30270/2,AMLODIPINA 10 MG X 20 TABLETAS,AMLODIPINA,Amlodipino,"LABORATORIOS KIMICEG, C.A.",https://mav.farmaciasaas.com/api/images/articulos/DISTRIBUCION/92638.jpg,cobeca,AMLODIPINA TAB 10MG X20 KIMIC
39036,ME30270/3,AMLODIPINA 10 MG X 30 TABLETAS,AMLODIPINA,Amlodipino,"LABORATORIOS KIMICEG, C.A.",https://mav.farmaciasaas.com/api/images/articulos/DISTRIBUCION/12027.jpg,cobeca,AMLODIPINA TAB 5MG X30 KIMIC
39039,ME44262,BISOPROLOL FUMARATO - AMLODIPINA 5 MG - 10 MG COMPRIMIDOS,BISOPROLOL FUMARATO - AMLODIPINA,Amlodipino - Bisoprolol,"LABORATORIOS LETI, S.A.V.",https://mav.farmaciasaas.com/api/images/articulos/DISTRIBUCION/23206.jpg,cobeca,NEUROMIX COMP REC X30 LETI
39041,ME30269,AMLODIPINA 5 MG X 30 TABLETAS,AMLODIPINA,Amlodipino,"LABORATORIOS KIMICEG, C.A.",https://mav.farmaciasaas.com/api/images/articulos/DISTRIBUCION/12027.jpg,cobeca,AMLODIPINA TAB 5MG X30 KIMIC
39045,ME35012,AMOXICILINA 500 MG X 12 CAPSULAS,AMOXICILINA,Amoxicilina,"LABORATORIOS VALMOR, C.A.",https://mav.farmaciasaas.com/api/images/articulos/DISTRIBUCION/96769.jpg,cobeca,AMOXICILINA CAP 500MG X 12 GENCER
39047,ME34160,AMOXICILINA - ACIDO CLAVULANICO 400 MG - 57 MG / 5 ML POLVO PARA SUSPENSION ORAL,AMOXICILINA - ACIDO CLAVULANICO,Amoxicilina - Clavulanato Potasio,"LABORATORIOS LETI, S.A.V.",https://mav.farmaciasaas.com/api/images/articulos/DISTRIBUCION/13416.jpg,cobeca,AMOXICI/AC CLAVU 400/57MG/5ML 70ML LETI
39075,ME40610,ARESAN HCT 20 MG - 12.5 MG X 10 TABLETAS RECUBIERTAS,ARESAN HCT,Hidroclorotiazida - Olmesartan Medoxomilo,"BIOTECH LABORATORIOS, C.A.",https://mav.farmaciasaas.com/api/images/articulos/DISTRIBUCION/21385.jpg,cobeca,LISIN BE SUPLEM ALIMENTICIO120ML BIOTECH
39077,ME41093,ASCAFYL SC 80 MG - 0.4 MG / ML SOLUCION ORAL,ASCAFYL SC,Acetaminofen - Clorfeniramina,LABORATORIOS SIEGFRIED S.A.,https://mav.farmaciasaas.com/api/images/articulos/DISTRIBUCION/8960.jpg,cobeca,DOCE PLEX ELIX  120ML MEY
39082,ME26047,ATENOLOL 100 MG COMPRIMIDOS,ATENOLOL,Atenolol,"LABORATORIOS LETI, S.A.V.",https://mav.farmaciasaas.com/api/images/articulos/DISTRIBUCION/3271.jpg,cobeca,ATENOLOL COM 100 MG X 30 GENVEN
39083,ME27910,ATENOLOL 50 MG X 30 COMPRIMIDOS,ATENOLOL,Atenolol,"LABORATORIOS KIMICEG, C.A.",https://mav.farmaciasaas.com/api/images/articulos/DISTRIBUCION/3028.jpg,cobeca,ATENOLOL TAB 50MG X30 KIMIC
39084,ME43982,ATORVASTATINA - EZETIMIBA 20 MG - 10 MG COMPRIMIDOS RECUBIERTOS,ATORVASTATINA - EZETIMIBA,Atorvastatina - Ezetimiba,"LABORATORIOS LETI, S.A.V.",https://mav.farmaciasaas.com/api/images/articulos/DISTRIBUCION/23206.jpg,cobeca,NEUROMIX COMP REC X30 LETI
39087,ME39007,ATORVASTATINA 40 MG X 30 TABLETAS RECUBIERTAS,ATORVASTATINA,,"LABORATORIOS VALMOR, C.A.",https://mav.farmaciasaas.com/api/images/articulos/DISTRIBUCION/51294.jpg,cobeca,ATORVASTATINA TAB REC 40MG X30 VLM
39090,ME28805,AZITROMICINA 500 MG COMPRIMIDOS RECUBIERTOS,AZITROMICINA,Azitromicina,"LABORATORIOS LETI, S.A.V.",https://mav.farmaciasaas.com/api/images/articulos/DISTRIBUCION/6090.jpg,cobeca,AZITROMICINA COMP 500MG X5 LETI
39092,ME20308,BACITRACINA 500 UI / G UNGUENTO,BACITRACINA,Bacitracina,MEGALABS S.A.,https://mav.farmaciasaas.com/api/images/articulos/DISTRIBUCION/338.jpg,cobeca,BACITRACINA UNG 15G MEG
39095,ME16167,BETADERM CON GENTAMICINA 0.1 % - 0.1 % X 1 CREMA,BETADERM CON GENTAMICINA,Betametasona - Gentamicina,"BIOTECH LABORATORIOS, C.A.",https://mav.farmaciasaas.com/api/images/articulos/DISTRIBUCION/21385.jpg,cobeca,LISIN BE SUPLEM ALIMENTICIO120ML BIOTECH
39096,HO22899,BETAMETASONA 4 MG / ML X 1 AMPOLLA,BETAMETASONA,,"LABORATORIOS VALMOR, C.A.",https://mav.farmaciasaas.com/api/images/articulos/DISTRIBUCION/2117.jpg,cobeca,BETAMETASONA INY 4MG/1ML X1 VLM
39101,ME44721,BIOTALOL PE 10 MG - 5 MG COMPRIMIDOS RECUBIERTOS,BIOTALOL PE,Bisoprolol - Perindopril,"LABORATORIOS LETI, S.A.V.",https://mav.farmaciasaas.com/api/images/articulos/DISTRIBUCION/23206.jpg,cobeca,NEUROMIX COMP REC X30 LETI
39103,ME44717,BIOTALOL PE 5 MG - 10 MG COMPRIMIDOS RECUBIERTOS,BIOTALOL PE,Bisoprolol - Perindopril,"LABORATORIOS LETI, S.A.V.",https://mav.farmaciasaas.com/api/images/articulos/DISTRIBUCION/23206.jpg,cobeca,NEUROMIX COMP REC X30 LETI
39106,ME39139,BISOPROLOL FUMARATO 2.5 MG X 30 TABLETAS RECUBIERTAS,BISOPROLOL FUMARATO,Bisoprolol,"CALOX INTERNATIONAL, C.A.",https://mav.farmaciasaas.com/api/images/articulos/DISTRIBUCION/97002.jpg,cobeca,"BISOPROLOL TAB 2,5MG X 30 CALOX"
39122,ME28953/3,CAPTOPRIL 25 MG X 30 TABLETAS,CAPTOPRIL,Captopril,"LABORATORIOS KIMICEG, C.A.",https://mav.farmaciasaas.com/api/images/articulos/DISTRIBUCION/53796.jpg,cobeca,CAPTOPRIL TAB 25MG X30 KIMIC
39123,ME28953/2,CAPTOPRIL 25 MG X 20 TABLETAS,CAPTOPRIL,Captopril,"LABORATORIOS KIMICEG, C.A.",https://mav.farmaciasaas.com/api/images/articulos/DISTRIBUCION/3029.jpg,cobeca,CAPTOPRIL TAB 25MG X20 KIMIC
39124,ME36838,CARBAMAZEPINA 200 MG COMPRIMIDOS RECUBIERTOS DE LIBERACION CONTROLADA,CARBAMAZEPINA,Carbamazepina,"LABORATORIOS LETI, S.A.V.",https://mav.farmaciasaas.com/api/images/articulos/DISTRIBUCION/99338.jpg,cobeca,CARBAMAZEPINA COMP 200MG X30 LETI
39127,ME43086,CARICEL 2 MG - 0.02 MG COMPRIMIDOS RECUBIERTOS,CARICEL,Etinilestradiol,"LABORATORIOS LETI, S.A.V.",https://mav.farmaciasaas.com/api/images/articulos/DISTRIBUCION/96044.jpg,cobeca,CARICEL COMR 2MG/30MCG X 21
39128,ME35571/2,CARVEDILOL 12.5 MG X 20 TABLETAS RECUBIERTAS,CARVEDILOL,Carvedilol,"LABORATORIOS KIMICEG, C.A.",https://mav.farmaciasaas.com/api/images/articulos/DISTRIBUCION/24435.jpg,cobeca,"CARVEDILOL TAB REC 12,5MG X20 KIMIC"
39129,ME35571/3,CARVEDILOL 12.5 MG X 30 TABLETAS RECUBIERTAS,CARVEDILOL,Carvedilol,"LABORATORIOS KIMICEG, C.A.",https://mav.farmaciasaas.com/api/images/articulos/DISTRIBUCION/54224.jpg,cobeca,"CARVEDILOL TAB REC 12,5MG X30 KIMIC"
39130,ME40369,CARVEDILOL 25 MG X 20 TABLETAS RECUBIERTAS,CARVEDILOL,Carvedilol,"LABORATORIOS KIMICEG, C.A.",https://mav.farmaciasaas.com/api/images/articulos/DISTRIBUCION/24436.jpg,cobeca,CARVEDILOL TAB REC 25MG X20 KIMIC
39131,ME36805,CARVEDILOL 6.25 MG COMPRIMIDOS,CARVEDILOL,Carvedilol,"LABORATORIOS LETI, S.A.V.",https://mav.farmaciasaas.com/api/images/articulos/DISTRIBUCION/98456.jpg,cobeca,CARVEDILOL COM 6.25 MG X 30
39135,ME31589,CETIRIZINA 1 MG / ML SOLUCION ORAL,CETIRIZINA,Cetirizina,"LABORATORIOS LETI, S.A.V.",https://mav.farmaciasaas.com/api/images/articulos/DISTRIBUCION/1861.jpg,cobeca,CETIRIZINA SOL PED 1M/ML 60ML LETI
39139,ME36304,CIPROFLOXACINA 500 MG COMPRIMIDOS RECUBIERTOS,CIPROFLOXACINA,,"LABORATORIOS VARGAS, S.A.",https://mav.farmaciasaas.com/api/images/articulos/DISTRIBUCION/53267.jpg,cobeca,CIPROFLOXACINA COMP REC 500MG X14 VARG
39140,ME40297,CIPROFLOXACINA 500 MG COMPRIMIDOS RECUBIERTOS DE LIBERACION PROGRAMADA,CIPROFLOXACINA,,"LABORATORIOS LETI, S.A.V.",https://mav.farmaciasaas.com/api/images/articulos/DISTRIBUCION/51885.jpg,cobeca,CIPROFLOXACINA COMP REC 500 X14 LETI
39141,ME30837,CIPROFLOXACINA 500 MG X 6 TABLETAS RECUBIERTAS,CIPROFLOXACINA,,"LABORATORIOS KIMICEG, C.A.",https://mav.farmaciasaas.com/api/images/articulos/DISTRIBUCION/1615.jpg,cobeca,CIPROFLOXACINA TAB 500MG X6 KIMIC
39146,ME34986,GYNO CLOCIM 1 % CREMA VAGINAL,GYNO CLOCIM,Clotrimazol,"LABORATORIOS KIMICEG, C.A.",https://mav.farmaciasaas.com/api/images/articulos/DISTRIBUCION/9819.jpg,cobeca,CLOTRIMAZOL CREM 1% 20G KIMIC
39148,ME44238/2,CLORACE 500 MG – 4 MG X 10 GRANULOS PARA SOLUCION ORAL SABOR A LIMON,CLORACE,Acetaminofen - Clorfenamina,"LABORATORIO COFASA, S.A.",https://mav.farmaciasaas.com/api/images/articulos/DISTRIBUCION/21579.jpg,cobeca,"CLORACE JBE125/0,5MG/5ML S/AZU120ML COFA"
39149,ME44238/3,CLORACE 500 MG – 4 MG X 20 GRANULOS PARA SOLUCION ORAL SABOR A LIMON,CLORACE,Acetaminofen - Clorfenamina,"LABORATORIO COFASA, S.A.",https://mav.farmaciasaas.com/api/images/articulos/DISTRIBUCION/21579.jpg,cobeca,"CLORACE JBE125/0,5MG/5ML S/AZU120ML COFA"
39152,ME34772,CLOTRIMAZOL 1 % CREMA VAGINAL,CLOTRIMAZOL,Clotrimazol,"LABORATORIOS KIMICEG, C.A.",https://mav.farmaciasaas.com/api/images/articulos/DISTRIBUCION/9819.jpg,cobeca,CLOTRIMAZOL CREM 1% 20G KIMIC
39153,ME26813,CLOTRIMAZOL 1 % CREMA,CLOTRIMAZOL,Clotrimazol,"LABORATORIOS LETI, S.A.V.",https://mav.farmaciasaas.com/api/images/articulos/DISTRIBUCION/5596.jpg,cobeca,CLOTRIMAZOL 1% 20G LETI
39173,ME42426,ZARCOT 6 MG X 10 TABLETAS,ZARCOT,Deflazacort,"CALOX INTERNATIONAL, C.A.",https://mav.farmaciasaas.com/api/images/articulos/DISTRIBUCION/91527.jpg,cobeca,DEFLAZACORT TAB 6MG X10 CLX
39177,ME42524,DESLORATADINA 2.5 MG / 5 ML JARABE,DESLORATADINA,Desloratadina,LABORATORIOS SIEGFRIED S.A.,https://mav.farmaciasaas.com/api/images/articulos/DISTRIBUCION/24254.jpg,cobeca,"LIBERDUX JBE 2,5MG/5ML 60ML MEY"
39178,ME42540,DESLORATADINA 2.5 MG / 5 ML SOLUCION ORAL,DESLORATADINA,Desloratadina,LABORATORIOS SIEGFRIED S.A.,https://mav.farmaciasaas.com/api/images/articulos/DISTRIBUCION/26007.jpg,cobeca,"LIBERDUX SOL ORAL 2,5MG/5ML 60ML MEY"
39179,ME43570,DESLORATADINA - MONTELUKAST 5 MG - 10 MG COMPRIMIDOS RECUBIERTOS,DESLORATADINA - MONTELUKAST,Desloratadina - Montelukast,"LABORATORIOS LETI, S.A.V.",https://mav.farmaciasaas.com/api/images/articulos/DISTRIBUCION/23206.jpg,cobeca,NEUROMIX COMP REC X30 LETI
39180,ME36359,DESLORATADINA 5 MG X 10 TABLETAS RECUBIERTAS,DESLORATADINA,Desloratadina,"LABORATORIOS KIMICEG, C.A.",https://mav.farmaciasaas.com/api/images/articulos/DISTRIBUCION/9951.jpg,cobeca,DESLORATADINA TAB REC 5MG X10 KIMIC
39181,ME43091,DESLORATADINA 5 MG X 10 TABLETAS RECUBIERTAS,DESLORATADINA,Desloratadina,LABORATORIOS SIEGFRIED S.A.,https://mav.farmaciasaas.com/api/images/articulos/DISTRIBUCION/29006.jpg,cobeca,DESLORATADINA TAB/REC 5MG X 10 MEYER
39183,ME36983/2,DICLOFENAC POTASICO 50 MG X 10 TABLETAS RECUBIERTAS,DICLOFENAC POTASICO,Diclofenaco,"LABORATORIOS L.O. OFTALMI, C.A.",https://mav.farmaciasaas.com/api/images/articulos/DISTRIBUCION/19601.jpg,cobeca,DICLOFENAC POTA TAB REC 50MG X10 L.O
39184,ME36983/3,DICLOFENAC POTASICO 50 MG X 30 TABLETAS RECUBIERTAS,DICLOFENAC POTASICO,Diclofenaco,"LABORATORIOS L.O. OFTALMI, C.A.",https://mav.farmaciasaas.com/api/images/articulos/DISTRIBUCION/26049.jpg,cobeca,DICLOFENAC POTA TAB REC 50MG X30 L.O
39185,ME30174,DICLOFENACO POTASICO 50 MG X 20 TABLETAS RECUBIERTAS,DICLOFENACO POTASICO,Diclofenaco,"LABORATORIOS KIMICEG, C.A.",https://mav.farmaciasaas.com/api/images/articulos/DISTRIBUCION/55.jpg,cobeca,DICLOFENACO POTA TAB 50MG X20 KIMIC
39186,ME28153,DICLOFENAC POTASICO 50 MG COMPRIMIDOS RECUBIERTOS,DICLOFENAC POTASICO,Diclofenaco,"LABORATORIOS LETI, S.A.V.",https://mav.farmaciasaas.com/api/images/articulos/DISTRIBUCION/8409.jpg,cobeca,DICLOFENAC POTA COMP 50MG X10 LETI
39198,HO32341,DURACAINA HIPERBARA 5 MG - 80 MG / ML X 1 AMPOLLA,DURACAINA HIPERBARA,Bupivacaina,"LABORATORIO BEHRENS, C.A.",https://mav.farmaciasaas.com/api/images/articulos/DISTRIBUCION/20722.jpg,cobeca,"DURACAINA HIPERBAR SOL INY 0,5%3MLX5 BHR"
39199,ME26689,ENALAPRIL MALEATO 20 MG COMPRIMIDOS RECUBIERTOS,ENALAPRIL MALEATO,Enalapril,"LABORATORIOS LETI, S.A.V.",https://mav.farmaciasaas.com/api/images/articulos/DISTRIBUCION/98889.jpg,cobeca,ENALAPRIL MALEATO COMP 20MG X30 LETI
39200,ME27590,ENALAPRIL MALEATO 20 MG X 30 TABLETAS,ENALAPRIL MALEATO,Enalapril,"LABORATORIOS KIMICEG, C.A.",https://mav.farmaciasaas.com/api/images/articulos/DISTRIBUCION/7971.jpg,cobeca,ENALAPRIL TAB 20MG X30 KIMIC
39202,ME36883,ESOMEPRAZOL 40 MG X 16 CAPSULAS CON MICROGRANULOS DE LIBERACION ENTERICA.,ESOMEPRAZOL,Esomeprazol Magnesico,"LABORATORIOS LETI, S.A.V.",https://mav.farmaciasaas.com/api/images/articulos/DISTRIBUCION/29950.jpg,cobeca,OMEPRAZOL CAP/MICRO G 20MG X 30 GENVEN
39203,ME43295,DESLORATADINA 5 MG COMPRIMIDOS RECUBIERTOS,DESLORATADINA,Desloratadina,MEGALABS S.A.,https://mav.farmaciasaas.com/api/images/articulos/DISTRIBUCION/8403.jpg,cobeca,ESPARFLIN COMP REC 5MG X10 MEG
39213,ME38628,FEBRATIC 10 MG / 5 ML SUSPENSION ORAL,FEBRATIC,Diclofenaco,MEGALABS S.A.,https://mav.farmaciasaas.com/api/images/articulos/DISTRIBUCION/26062.jpg,cobeca,FEBRATIC GTS 15MG/ML 15ML MEG
39214,MI28667,FEM DUCHA VAGINAL,FEM DUCHA VAGINAL,Acetico Acido,"BIOTECH LABORATORIOS, C.A.",https://mav.farmaciasaas.com/api/images/articulos/DISTRIBUCION/10354.jpg,cobeca,FEM DUCHA VAG 250MG/100ML 135ML BIOTECH
39221,ME21233,FLODONT EN FILMORASE UNGUENTO BUCAL,FLODONT EN FILMORASE UNGUENTO BUCAL,Bencidamina,MEGALABS S.A.,https://mav.farmaciasaas.com/api/images/articulos/DISTRIBUCION/6926.jpg,cobeca,FLODONT UNG TOPICO BUCAL 15G MEG
39223,ME28575,FLUCONAZOL 150 MG X 2 CAPSULAS,FLUCONAZOL,Fluconazol,"LABORATORIOS KIMICEG, C.A.",https://mav.farmaciasaas.com/api/images/articulos/DISTRIBUCION/10287.jpg,cobeca,FLUCONAZOL CAP 150MG X2 KIMIC
39228,ME43741,GEMKAST 10 MG X 30 TABLETAS RECUBIERTAS,GEMKAST,Montelukast,"GEMA LABS, C.A.",https://mav.farmaciasaas.com/api/images/articulos/DISTRIBUCION/53003.jpg,cobeca,GEMKAST TAB MAST 4MG X30 GEMA
39234,ME44761,GLICILAX 1.72 G SUPOSITORIOS,GLICILAX,Glicerina,"COMERCIALIZADORA TIARES, C.A.",https://mav.farmaciasaas.com/api/images/articulos/DISTRIBUCION/51145.jpg,cobeca,GLICERIN KIDS SUP 1.72G X6 TIAR
39235,ME44763,GLICILAX 0.86 G SUPOSITORIOS,GLICILAX,Glicerina,"COMERCIALIZADORA TIARES, C.A.",https://mav.farmaciasaas.com/api/images/articulos/DISTRIBUCION/51144.jpg,cobeca,GLICERIN BABY SUP 0.86G X6 TIAR
39236,ME33712,GLICERINA 1.68 G SUPOSITORIOS,GLICERINA,Glicerina,"LABORATORIOS VARGAS, S.A.",https://mav.farmaciasaas.com/api/images/articulos/DISTRIBUCION/97222.jpg,cobeca,"SUP GLICERINA AD 2,88G X6 VARG"
39237,ME33713,GLICERINA 2.88 G SUPOSITORIOS,GLICERINA,Glicerina,"LABORATORIOS VARGAS, S.A.",https://mav.farmaciasaas.com/api/images/articulos/DISTRIBUCION/97222.jpg,cobeca,"SUP GLICERINA AD 2,88G X6 VARG"
39240,ME37715,GLYMAR 4 MG X 20 TABLETAS,GLYMAR,Glimepirida,LABORATORIOS SIEGFRIED S.A.,https://mav.farmaciasaas.com/api/images/articulos/DISTRIBUCION/9456.jpg,cobeca,GLYMAR TAB 4MG X20 MEY
39241,ME44628,GULAPER 100 MG / 5 ML SOLUCION ORAL SABOR CHICLE,GULAPER,S-carboximetilcisteina,MEGALABS S.A.,https://mav.farmaciasaas.com/api/images/articulos/DISTRIBUCION/98836.jpg,cobeca,GULAPER GTS 50MG/ML 30ML MEG
39246,ME41692,HIDROCLOROTIAZIDA 12.5 MG COMPRIMIDOS,HIDROCLOROTIAZIDA,Hidroclorotiazida,"LABORATORIOS LETI, S.A.V.",https://mav.farmaciasaas.com/api/images/articulos/DISTRIBUCION/17795.jpg,cobeca,"HIDROCLOROTIAZIDA COMP 12,5MG X30 LETI"
39250,ME26698,IBUPROFENO 400 MG COMPRIMIDOS RECUBIERTOS,IBUPROFENO,Ibuprofeno,"LABORATORIOS LETI, S.A.V.",https://mav.farmaciasaas.com/api/images/articulos/DISTRIBUCION/50176.jpg,cobeca,IBUPROFENO COMP 800MG X 10 LETI
39251,ME30069,IBUPROFENO 400 MG X 10 TABLETAS RECUBIERTAS,IBUPROFENO,Ibuprofeno,"LABORATORIOS KIMICEG, C.A.",https://mav.farmaciasaas.com/api/images/articulos/DISTRIBUCION/10908.jpg,cobeca,IBUPROFEN TAB 400MG X10 KIMIC
39253,ME39079,IBUPROFENO - TIOCOLCHICOSIDO 600 MG - 4 MG COMPRIMIDOS RECUBIERTOS,IBUPROFENO - TIOCOLCHICOSIDO,Ibuprofeno - Tiocolchicosido,"LABORATORIOS VARGAS, S.A.",https://mav.farmaciasaas.com/api/images/articulos/DISTRIBUCION/29650.jpg,cobeca,IBUPROF/TIOCO COM/REC 600MG/4MG X10 VARG
39257,ME36204,IRBESARTAN 150 MG X 28 TABLETAS,IRBESARTAN,Irbesartan,"CALOX INTERNATIONAL, C.A.",https://mav.farmaciasaas.com/api/images/articulos/DISTRIBUCION/28781.jpg,cobeca,IRBESARTAN TAB 150 MG X 28 CLX
39260,ME43610,IRGEM 150 MG X 30 TABLETAS,IRGEM,Irbesartan,"GEMA LABS, C.A.",https://mav.farmaciasaas.com/api/images/articulos/DISTRIBUCION/52651.jpg,cobeca,IRGEM TAB 300MG X10 GEMA
39265,ME33620,IVAGAN FORTE X 100 TABLETAS RECUBIERTAS,IVAGAN FORTE X,Acetaminofen - Cafeina,"BIOTECH LABORATORIOS, C.A.",https://mav.farmaciasaas.com/api/images/articulos/DISTRIBUCION/21385.jpg,cobeca,LISIN BE SUPLEM ALIMENTICIO120ML BIOTECH
39266,ME44048,IZABAN DPP 10 MG - 5 MG COMPRIMIDOS RECUBIERTOS,IZABAN DPP,Empagliflozina - Linagliptina,"LABORATORIOS LETI, S.A.V.",https://mav.farmaciasaas.com/api/images/articulos/DISTRIBUCION/23206.jpg,cobeca,NEUROMIX COMP REC X30 LETI
39271,HO30273/2,KETOPROFENO 100 MG / 2 ML X 1 AMPOLLA,KETOPROFENO,Ketoprofeno,"LABORATORIO COFASA, S.A.",https://mav.farmaciasaas.com/api/images/articulos/DISTRIBUCION/521.jpg,cobeca,KETOPROFENO AMP 100MG X1 COFA
39288,ME43559,LORATADINA 1 MG / ML SOLUCION ORAL,LORATADINA,Loratadina,"LABORATORIOS L.O. OFTALMI, C.A.",https://mav.farmaciasaas.com/api/images/articulos/DISTRIBUCION/51011.jpg,cobeca,LORATADINA SOL ORAL PED 1MG/ML 60ML L.O
39290,ME36589,LOSARTAN POTASICO 100 MG X 10 TABLETAS RECUBIERTAS,LOSARTAN POTASICO,Losartan,"LABORATORIOS KIMICEG, C.A.",https://mav.farmaciasaas.com/api/images/articulos/DISTRIBUCION/93419.jpg,cobeca,LOSARTAN POTA TAB REC 100MG X10 KIMIC
39295,ME42819,MELOXICAM 7.5 MG X 10 TABLETAS,MELOXICAM,Meloxicam,"LABORATORIOS L.O. OFTALMI, C.A.",https://mav.farmaciasaas.com/api/images/articulos/DISTRIBUCION/4936.jpg,cobeca,"MELOXICAM COMP 7,5MG X10 L.O"
39300,ME42761,METFORMINA CLORHIDRATO 500 MG X 30 TABLETAS,METFORMINA CLORHIDRATO,Metformina,"BIOTECH LABORATORIOS, C.A.",https://mav.farmaciasaas.com/api/images/articulos/DISTRIBUCION/27232.jpg,cobeca,METFORMINA CLORH TAB 500MG X30 BIOTECH
39302,ME32763,SECNIDAZOL 500 MG X 10 TABLETAS,SECNIDAZOL,Secnidazol Anhidro,"CALOX INTERNATIONAL, C.A.",https://mav.farmaciasaas.com/api/images/articulos/DISTRIBUCION/3080.jpg,cobeca,METRONIDAZOL TAB 500MG X10 CLX
39310,ME42894,MONTELUKAST 5 MG X 30 TABLETAS MASTICABLES,MONTELUKAST,Montelukast,"LABORATORIOS L.O. OFTALMI, C.A.",https://mav.farmaciasaas.com/api/images/articulos/DISTRIBUCION/92814.jpg,cobeca,MONTELUKAST TAB MAST PED 5MG X30 L.O
39315,ME42653,NEBLUM 50 MG X 30 TABLETAS RECUBIERTAS,NEBLUM,Sacubitrilo - Valsartan,LABORATORIOS FARMA S.A.,https://mav.farmaciasaas.com/api/images/articulos/DISTRIBUCION/53338.jpg,cobeca,NEBLUM TAB REC 200MG X30 FARMA
39318,ME42160,NEUROMIX COMPRIMIDOS RECUBIERTOS,NEUROMIX COMPRIMIDOS RECUBIERTOS,Cianocobalamina - Piridoxina - Tiamina,"LABORATORIOS LETI, S.A.V.",https://mav.farmaciasaas.com/api/images/articulos/DISTRIBUCION/23206.jpg,cobeca,NEUROMIX COMP REC X30 LETI
39323,ME40510,OLMESARTAN MEDOXOMIL - HIDROCLOROTIAZIDA 40 MG - 12.5 MG COMPRIMIDOS RECUBIERTOS,OLMESARTAN MEDOXOMIL - HIDROCLOROTIAZIDA,Hidroclorotiazida,"LABORATORIOS LETI, S.A.V.",https://mav.farmaciasaas.com/api/images/articulos/DISTRIBUCION/17795.jpg,cobeca,"HIDROCLOROTIAZIDA COMP 12,5MG X30 LETI"
39324,ME38921,OLMESARTAN MEDOXOMIL 20 MG COMPRIMIDOS RECUBIERTOS,OLMESARTAN MEDOXOMIL,,"LABORATORIOS LETI, S.A.V.",https://mav.farmaciasaas.com/api/images/articulos/DISTRIBUCION/99097.jpg,cobeca,OLMESARTAN MEDOXOMIL COM/REC 20MG X 30
39326,ME43452/2,OMEPRAZOL 40 MG X 7 CAPSULAS GASTRORRESISTENTES,OMEPRAZOL,,"LABORATORIOS L.O. OFTALMI, C.A.",https://mav.farmaciasaas.com/api/images/articulos/DISTRIBUCION/29583.jpg,cobeca,OMEPRAZOL CAP 40MG X 7 OFTALMI
39327,ME43452/3,OMEPRAZOL 40 MG X 30 CAPSULAS GASTRORRESISTENTES,OMEPRAZOL,,"LABORATORIOS L.O. OFTALMI, C.A.",https://mav.farmaciasaas.com/api/images/articulos/DISTRIBUCION/50576.jpg,cobeca,OMEPRAZOL CAP 40MG X 30 OFTALMI
39329,ME35417/3,OMEPRAZOL 20 MG X 30 CAPSULAS,OMEPRAZOL,,"LABORATORIOS L.O. OFTALMI, C.A.",https://mav.farmaciasaas.com/api/images/articulos/DISTRIBUCION/24329.jpg,cobeca,OMEPRAZOL CAP 20MG X30 L.O
39330,ME35417/2,OMEPRAZOL 20 MG X 7 CAPSULAS,OMEPRAZOL,,"LABORATORIOS L.O. OFTALMI, C.A.",https://mav.farmaciasaas.com/api/images/articulos/DISTRIBUCION/9745.jpg,cobeca,OMEPRAZOL CAP 20MG X7 L.O
39334,ME26053,OXOLAMINA 28 MG / 5 ML JARABE,OXOLAMINA,,"LABORATORIOS VALMOR, C.A.",https://mav.farmaciasaas.com/api/images/articulos/DISTRIBUCION/2771.jpg,cobeca,OXOLAMINA JBE PED 120ML VLM
39335,ME26052,OXOLAMINA 50 MG / 5 ML JARABE,OXOLAMINA,,"LABORATORIOS VALMOR, C.A.",https://mav.farmaciasaas.com/api/images/articulos/DISTRIBUCION/2771.jpg,cobeca,OXOLAMINA JBE PED 120ML VLM
39353,ME42037,REHIDROSOL 45 MEQ / L SOLUCION ELECTROLITICA USO ORAL SABOR A UVA,REHIDROSOL,Dextrosa,"LABORATORIO BEHRENS, C.A.",https://mav.farmaciasaas.com/api/images/articulos/DISTRIBUCION/15335.jpg,cobeca,"DEXTROSA SOL 0,30% N28 500ML BHR"
39363,ME34458,SILDENAFIL 50 MG X 2 TABLETAS RECUBIERTAS,SILDENAFIL,Sildenafilo,"LABORATORIOS KIMICEG, C.A.",https://mav.farmaciasaas.com/api/images/articulos/DISTRIBUCION/99404.jpg,cobeca,SILDENAFIL TAB 50MG X2 KIMIC
39364,ME34567,SILDENAFIL 50 MG X 4 TABLETAS RECUBIERTAS,SILDENAFIL,Sildenafilo,LABORATORIOS SIEGFRIED S.A.,https://mav.farmaciasaas.com/api/images/articulos/DISTRIBUCION/20786.jpg,cobeca,SILDENAFIL TAB REC 50MG X4 MEY
39365,ME43701,SITALUX 100 MG X 30 TABLETAS RECUBIERTAS,SITALUX,Sitagliptina,INVERSIONES ANGELUS HEALTH C.A.,https://mav.farmaciasaas.com/api/images/articulos/DISTRIBUCION/28533.jpg,cobeca,BANTINA TAB 100MG X 30 ANGELUS
39366,ME40535,SITAGLIS MET 50 MG - 850 MG COMPRIMIDOS RECUBIERTOS,SITAGLIS MET,Metformina - Sitagliptina,"LABORATORIOS LETI, S.A.V.",https://mav.farmaciasaas.com/api/images/articulos/DISTRIBUCION/23206.jpg,cobeca,NEUROMIX COMP REC X30 LETI
39368,ME40123,STAMYLFORTE 300 MG - 100 MG X 20 TABLETAS RECUBIERTAS,STAMYLFORTE,Pancreatina - Simeticona,LABORATORIOS FARMA S.A.,https://mav.farmaciasaas.com/api/images/articulos/DISTRIBUCION/13272.jpg,cobeca,STAMYL FORTE TAB REC 300MG/100MGX20 FAR
39379,ME25934,ACETAMINOFEN 250 MG SUPOSITORIOS,ACETAMINOFEN,Acetaminofen,"LABORATORIOS ELMOR, S.A.",https://mav.farmaciasaas.com/api/images/articulos/DISTRIBUCION/5575.jpg,cobeca,TACHIPIRIN SUP 250MG X6 ELM
39382,ME42125,TADALAFILO 5 MG COMPRIMIDOS RECUBIERTOS,TADALAFILO,Tadalafilo,"LABORATORIOS LETI, S.A.V.",https://mav.farmaciasaas.com/api/images/articulos/DISTRIBUCION/50485.jpg,cobeca,TADALAFILO COM/REC 5MG X 30 LETI
39388,ME44419/3,TERAGRIPFORTE NOCHE 650 MG-4 MG X 6 GRANULADO PARA SOLUCION ORAL,TERAGRIPFORTE NOCHE,Acetaminofen - Clorfeniramina,LABORATORIOS FARMA S.A.,https://mav.farmaciasaas.com/api/images/articulos/DISTRIBUCION/92190.jpg,cobeca,TERAGRIP FORTE GRANU 650MG/2MG DIA X6
39389,ME44419/2,TERAGRIPFORTE NOCHE 650 MG - 4 MG X 4 TABLETAS RECUBIERTAS,TERAGRIPFORTE NOCHE,Acetaminofen - Clorfeniramina,LABORATORIOS FARMA S.A.,https://mav.farmaciasaas.com/api/images/articulos/DISTRIBUCION/51036.jpg,cobeca,TERAGRIP FORTE TAB REC 650/4 NOCHX4 FAR
39391,ME37166,TERAGRIPSUPRA X 10 TABLETAS RECUBIERTAS,TERAGRIPSUPRA X,Acetaminofen - Dextrometorfano - Pseudoefedrina,LABORATORIOS FARMA S.A.,https://mav.farmaciasaas.com/api/images/articulos/DISTRIBUCION/96315.jpg,cobeca,TERAGRIP SUPRA TAB REC 650MG X10 FAR
39395,ME36574,TOBRAMICINA 0.3 % SOLUCION OFTALMICA,TOBRAMICINA,Tobramicina,"LABORATORIOS L.O. OFTALMI, C.A.",https://mav.farmaciasaas.com/api/images/articulos/DISTRIBUCION/28243.jpg,cobeca,"TOBRAMICINA SOL OFT 0,3% 5ML L.O"
39396,ME28025,TOBRASOL 3 MG / G UNGUENTO OFTALMICO,TOBRASOL,Tobramicina,"LABORATORIOS L.O. OFTALMI, C.A.",https://mav.farmaciasaas.com/api/images/articulos/DISTRIBUCION/2083.jpg,cobeca,"TOBRASOL UNG 7,5G L.O"
39401,ME37747,VALSARTAN CON HIDROCLOROTIAZIDA 160 MG - 12.5 MG COMPRIMIDOS RECUBIERTOS,VALSARTAN CON HIDROCLOROTIAZIDA,Hidroclorotiazida - Valsartan,"LABORATORIOS VARGAS, S.A.",https://mav.farmaciasaas.com/api/images/articulos/DISTRIBUCION/50173.jpg,cobeca,VALSARTAN HCT TAB/REC 80/12.5MG X10 VARG
39402,ME38569,VALSARTAN 160 MG CAPSULAS,VALSARTAN,Valsartan,"LABORATORIOS KIMICEG, C.A.",https://mav.farmaciasaas.com/api/images/articulos/DISTRIBUCION/99610.jpg,cobeca,VALSARTAN CAP 80MG X30 KIMIC
39404,ME38568,VALSARTAN 80 MG CAPSULAS,VALSARTAN,Valsartan,"LABORATORIOS KIMICEG, C.A.",https://mav.farmaciasaas.com/api/images/articulos/DISTRIBUCION/99610.jpg,cobeca,VALSARTAN CAP 80MG X30 KIMIC
39405,ME42915,VALSARTAN 80 MG COMPRIMIDOS RECUBIERTOS,VALSARTAN,Valsartan,"LABORATORIOS VARGAS, S.A.",https://mav.farmaciasaas.com/api/images/articulos/DISTRIBUCION/29789.jpg,cobeca,VALSARTAN COMP/REC 80MG X 30 VARGAS
39408,ME998,VITAMINA C 100 MG / 5 ML JARABE,VITAMINA C,Ascorbico Acido,MEGALABS S.A.,https://mav.farmaciasaas.com/api/images/articulos/DISTRIBUCION/3805.jpg,cobeca,VIT C JBE 120ML MEG
39412,ME6025/3,VITAMINA B12 250 MCG X 20 CAPSULAS,VITAMINA,Cianocobalamina,MEGALABS S.A.,https://mav.farmaciasaas.com/api/images/articulos/DISTRIBUCION/3790.jpg,cobeca,VIT B12 CAP 250MG X20 MEG
39413,ME36008,VITAMINA C 50 MG / 5 ML JARABE,VITAMINA C,Ascorbico Acido,"LABORATORIOS VARGAS, S.A.",https://mav.farmaciasaas.com/api/images/articulos/DISTRIBUCION/11556.jpg,cobeca,VITREXON JBE 50MG 5ML 120ML VARG
39439,ME36242,CLOBETASOL PROPIONATO 0.05 % UNGUENTO,CLOBETASOL PROPIONATO,Clobetasol,"CALOX INTERNATIONAL, C.A.",https://mav.farmaciasaas.com/api/images/articulos/DISTRIBUCION/90441.jpg,cobeca,"CLOBETASOL PROPIONAT CREM 0,05% 20G CLX"
39462,ME35192,CLOTRIMAZOL 2 % CREMA VAGINAL,CLOTRIMAZOL,Clotrimazol,"LABORATORIOS KIMICEG, C.A.",https://mav.farmaciasaas.com/api/images/articulos/DISTRIBUCION/9819.jpg,cobeca,CLOTRIMAZOL CREM 1% 20G KIMIC
39531,ME26276,KETOCONAZOL 2 % CREMA,KETOCONAZOL,Ketoconazol,"LABORATORIOS KIMICEG, C.A.",https://mav.farmaciasaas.com/api/images/articulos/DISTRIBUCION/8683.jpg,cobeca,KETOCONAZOL CREM 2% 15G KIMIC
39537,ME36952,LESTECOL 40 MG X 30 TABLETAS RECUBIERTAS,LESTECOL,Atorvastatina,"BIOTECH LABORATORIOS, C.A. MIRANDA",https://mav.farmaciasaas.com/api/images/articulos/DISTRIBUCION/91315.jpg,cobeca,LESTECOL TAB REC 40MG X30 BIOTECH
39602,ME35193,GYNOCLOCIM 2 % CREMA VAGINAL,GYNOCLOCIM,Clotrimazol,"LABORATORIOS KIMICEG, C.A.",https://mav.farmaciasaas.com/api/images/articulos/DISTRIBUCION/9819.jpg,cobeca,CLOTRIMAZOL CREM 1% 20G KIMIC
37310,ME43639/3,ACETAMINOFEN 650 MG X 20 TABLETAS,ACETAMINOFEN,Acetaminofen,"LABORATORIOS L.O. OFTALMI, C.A.",https://pccentro.net.ve/img/s/9/6/2/1/4/96214-large_default.webp,farmanselmo,ACETAMINOFEN 650 MG x20 TABLETAS BIOQUIMICA (E) (score=1.000); motivo_cobeca=sin_match_cobeca
37400,ME44004,ALOPURINOL 100 MG X 30 TABLETAS,ALOPURINOL,Alopurinol,ANG LIFESCIENCES INDIA LTD,https://pccentro.net.ve/img/s/3/1/9/2/3/31923-large_default.webp,farmanselmo,ALOPURINOL 100 MG x30 TABLETAS ANGELUS (E) (score=1.000); motivo_cobeca=sin_desc_lab
37427,ME32016/2,AMLODIPINA 10 MG X 10 TABLETAS,AMLODIPINA,Amlodipino,"CALOX INTERNATIONAL, C.A.",https://pccentro.net.ve/img/s/8/3/7/7/1/83771-large_default.webp,farmanselmo,AMLODIPINA 10 MG x10 TABLETAS CALOX (E) (score=1.000); motivo_cobeca=sin_match_cobeca
37431,ME28705/2,AMLODIPINA 5 MG X 10 TABLETAS,AMLODIPINA,Amlodipino,"CALOX INTERNATIONAL, C.A.",https://pccentro.net.ve/img/s/8/3/7/7/2/83772-large_default.webp,farmanselmo,AMLODIPINA 5 MG x10 TABLETAS CALOX (E) (score=1.000); motivo_cobeca=sin_match_cobeca
37511,ME42297,ATENOLOL 100 MG X 30 COMPRIMIDOS,ATENOLOL,Atenolol,"BLUEPHARMA - INDUSTRIA FARMACEUTICA, S.A.",https://pccentro.net.ve/img/s/5/5/5/2/8/55528-large_default.webp,farmanselmo,ATEPREX ATENOLOL 100MG x30 TABLETAS BLUE MEDICAL (score=1.000); motivo_cobeca=sin_desc_lab
37525,ME32812,ATORVASTATINA 20 MG X 30 TABLETAS RECUBIERTAS,ATORVASTATINA,Atorvastatina,"LABORATORIO LA SANTE, C.A.",https://pccentro.net.ve/img/s/9/5/9/8/6/95986-large_default.webp,farmanselmo,ATORVASTATINA 20 MG x30 TABLETAS LA SANTE (E) (score=1.000); motivo_cobeca=sin_match_cobeca
37571,ME38280,BETAHISTINA 16 MG X 20 TABLETAS RECUBIERTAS,BETAHISTINA,Betahistina,"LABORATORIO LA SANTE, C.A.",https://pccentro.net.ve/img/s/1/9/3/6/0/19360-large_default.webp,farmanselmo,BETAHISTINA 16 MG x20 TABLETAS LA SANTE (E) (score=1.000); motivo_cobeca=sin_match_cobeca
37893,ME36998,DESLORATADINA 2.5 MG / 5 ML JARABE,DESLORATADINA,Desloratadina,"LABORATORIO LA SANTE, C.A.",https://pccentro.net.ve/img/s/7/4/5/1/9/74519-large_default.webp,farmanselmo,"DESLORATADINA JARABE 2,5MG/5ML x60ML LA SANTE (E) (score=1.000); motivo_cobeca=sin_match_cobeca"
37899,ME42492/2,DEXAMETASONA 4 MG X 10 COMPRIMIDOS,DEXAMETASONA,Dexametasona,"LABORATORIOS SPEFAR VENEZOLANOS, S.A.",https://pccentro.net.ve/img/s/7/6/8/5/4/76854-large_default.webp,farmanselmo,DEXAMETASONA 4MG x10 TABLETAS SPEFAR (E) (score=1.000); motivo_cobeca=sin_desc_lab
38017,ME40959/3,ESCITALOPRAM 10 MG X 30 COMPRIMIDOS RECUBIERTOS,ESCITALOPRAM,Escitalopram,MEGALABS S.A.,https://pccentro.net.ve/img/s/7/2/4/9/3/72493-large_default.webp,farmanselmo,ESCITALOPRAM 10 MG x30 COMPRIMIDOS MEGALABS (E) (score=1.000); motivo_cobeca=sin_match_cobeca
38018,ME40960/3,ESCITALOPRAM 20 MG X 30 COMPRIMIDOS RECUBIERTOS,ESCITALOPRAM,Escitalopram,MEGALABS S.A.,https://pccentro.net.ve/img/s/2/4/7/2/5/24725-large_default.webp,farmanselmo,ESCITALOPRAM 20 MG x30 COMPRIMIDOS MEGALABS (E) (score=1.000); motivo_cobeca=sin_match_cobeca
38029,ME35847/2,ESOMEPRAZOL 40 MG X 10 TABLETAS RECUBIERTAS,ESOMEPRAZOL,Esomeprazol Magnesico,"LABORATORIO LA SANTE, C.A.",https://pccentro.net.ve/img/s/2/5/0/2/2/25022-large_default.webp,farmanselmo,ESOZ ESOMEPRAZOL CAPSULAS 40MG (E) (score=1.000); motivo_cobeca=sin_match_cobeca
38030,ME35847/5,ESOMEPRAZOL 40 MG X 20 TABLETAS RECUBIERTAS,ESOMEPRAZOL,Esomeprazol Magnesico,"LABORATORIO LA SANTE, C.A.",https://pccentro.net.ve/img/s/2/5/0/2/2/25022-large_default.webp,farmanselmo,ESOZ ESOMEPRAZOL CAPSULAS 40MG (E) (score=1.000); motivo_cobeca=sin_match_cobeca
38031,ME35847/4,ESOMEPRAZOL 40 MG X 16 TABLETAS RECUBIERTAS,ESOMEPRAZOL,Esomeprazol Magnesico,"LABORATORIO LA SANTE, C.A.",https://pccentro.net.ve/img/s/3/0/7/3/7/30737-large_default.webp,farmanselmo,ULGARIN ESOMEPRAZOL 40 MG x16 CAPSULAS LETI (E) (score=1.000); motivo_cobeca=sin_match_cobeca
38032,ME35847/3,ESOMEPRAZOL 40 MG X 14 TABLETAS RECUBIERTAS,ESOMEPRAZOL,Esomeprazol Magnesico,"LABORATORIO LA SANTE, C.A.",https://pccentro.net.ve/img/s/8/5/5/7/0/85570-large_default.webp,farmanselmo,ESOMEPRAZOL 40 MG x14 TABLETAS LATTAN MEDIC (E) (score=1.000); motivo_cobeca=sin_match_cobeca
38129,ME43528,FLUOXETINA 20 MG X 30 TABLETAS RECUBIERTAS,FLUOXETINA,Fluoxetina,ANG LIFESCIENCES INDIA LTD,https://pccentro.net.ve/img/s/8/5/3/1/1/85311-large_default.webp,farmanselmo,FLUOXETINA 20MG x30 CAPSULAS ANGELUS (E) (score=1.000); motivo_cobeca=sin_desc_lab
38220,ME31850,IBUPROFENO 800 MG X 10 TABLETAS RECUBIERTAS,IBUPROFENO,Ibuprofeno,"LABORATORIO LA SANTE, C.A.",https://pccentro.net.ve/img/s/8/9/7/4/5/89745-large_default.webp,farmanselmo,IBUPROFENO 800 MG X 10 TABLETAS LATTAN MEDIC (E) (score=1.000); motivo_cobeca=sin_match_cobeca
38288,ME29236/2,KETOPROFENO 100 MG X 10 CAPSULAS,KETOPROFENO,Ketoprofeno,"LABORATORIO LA SANTE, C.A.",https://pccentro.net.ve/img/s/8/4/0/5/2/84052-large_default.webp,farmanselmo,KETOPROFENO 100 MG x10 CAPSULAS CALOX (E) (score=1.000); motivo_cobeca=sin_match_cobeca
38289,ME29236/3,KETOPROFENO 100 MG X 20 CAPSULAS,KETOPROFENO,Ketoprofeno,"LABORATORIO LA SANTE, C.A.",https://pccentro.net.ve/img/s/8/4/0/5/1/84051-large_default.webp,farmanselmo,KETOPROFENO 100 MG x20 CAPSULAS CALOX (E) (score=1.000); motivo_cobeca=sin_match_cobeca
38309,ME42656,VITAMINA C 500 MG X 16 TABLETAS MASTICABLES SABOR A TUTTI FRUTTI,VITAMINA C,Ascorbico Acido,"LABORATORIO LA SANTE, C.A.",https://pccentro.net.ve/img/s/4/3/6/0/1/43601-large_default.webp,farmanselmo,VITAMINA C (ACIDO ASCORBICO) 500MG SABOR A NARANJA TIRA xTABLETAS MASTICABLES LA SANTE (E) (score=0.800); motivo_cobeca=sin_match_cobeca
38400,ME37542/3,LOSARTAN POTASICO - HIDROCLOROTIAZIDA 100 MG - 25 MG X 30 TABLETAS RECUBIERTAS,LOSARTAN POTASICO - HIDROCLOROTIAZIDA,Hidroclorotiazida - Losartan,"LABORATORIO LA SANTE, C.A.",https://pccentro.net.ve/img/s/2/3/6/7/7/23677-large_default.webp,farmanselmo,LOSARTAN POTASICO HCT LOSARTAN+HIDROCLOROTIAZIDA 100MG+25MG X30 TABLETAS LA SANTE (E) (score=1.000); motivo_cobeca=sin_match_cobeca
38459,ME44619,METFORMINA 500 MG X 30 TABLETAS RECUBIERTAS,METFORMINA,Metformina,ANG LIFESCIENCES INDIA LTD,https://pccentro.net.ve/img/s/7/9/6/1/2/79612-large_default.webp,farmanselmo,METFORMINA 500MG x30 TABLETAS ANGELUS (E) (score=1.000); motivo_cobeca=sin_desc_lab
38481,ME28549/2,METRONIDAZOL 500 MG X 10 TABLETAS,METRONIDAZOL,Metronidazol,"LABORATORIO LA SANTE, C.A.",https://pccentro.net.ve/img/s/7/6/2/9/7/76297-large_default.webp,farmanselmo,METRONIDAZOL 500 MG x10 TABLETAS LA SANTE (E) (score=1.000); motivo_cobeca=sin_match_cobeca
38583,ME38330,DICLOFENAC POTASICO 15 MG / ML SUSPENSION ORAL,DICLOFENAC POTASICO,Diclofenaco,"LABORATORIOS ELMOR, S.A.",https://pccentro.net.ve/img/s/8/0/5/5/6/80556-large_default.webp,farmanselmo,OFAFLAN DICLOFENAC POTASICO SUSPENSION EN GOTAS 15MG/ML x30 ML ELMOR (E) (score=1.000); motivo_cobeca=sin_match_cobeca
38771,ME37852,SECNIDAZOL 500 MG X 4 COMPRIMIDOS,SECNIDAZOL,Secnidazol Anhidro,"LABORATORIOS SPEFAR VENEZOLANOS, S.A.",https://pccentro.net.ve/img/s/7/6/1/1/8/76118-large_default.webp,farmanselmo,SECNIDAZOL 500 MG x4 COMPRIMIDOS SPEFAR (E) (score=1.000); motivo_cobeca=sin_desc_lab
38780,ME32466/3,SERTRALINA 50 MG X 30 TABLETAS,SERTRALINA,Sertralina,"LABORATORIO LA SANTE, C.A.",https://pccentro.net.ve/img/s/8/4/0/3/2/84032-large_default.webp,farmanselmo,TIALIN SERTRALINA 50 MG x30 COMPRIMDOS MEGALABS (E) (score=0.800); motivo_cobeca=sin_match_cobeca
38782,ME32466/2,SERTRALINA 50 MG X 10 TABLETAS,SERTRALINA,Sertralina,"LABORATORIO LA SANTE, C.A.",https://pccentro.net.ve/img/s/2/3/0/1/3/23013-large_default.webp,farmanselmo,SERTRALINA 50 MG x10 TABLETAS  LA SANTE (E) (score=1.000); motivo_cobeca=sin_match_cobeca
38827,ME38493/3,TADALAFILO 20 MG X 2 TABLETAS RECUBIERTAS,TADALAFILO,Tadalafilo,"CALOX INTERNATIONAL, C.A.",https://pccentro.net.ve/img/s/8/4/1/1/3/84113-large_default.webp,farmanselmo,TADALAFILO 20 MG x2 TABLETAS CALOX (E) (score=1.000); motivo_cobeca=sin_match_cobeca
38828,ME43450,TADALAFILO 5 MG X 30 TABLETAS RECUBIERTAS,TADALAFILO,Tadalafilo,LABORATORIOS SIEGFRIED S.A.,https://pccentro.net.ve/img/s/7/0/1/7/7/70177-large_default.webp,farmanselmo,VECTUS TADALAFILO 5MG x30 TABLETAS SIEGFRIED (E) (score=1.000); motivo_cobeca=sin_match_cobeca
38873,ME37086,TIOCOLCHICOSIDO 4 MG X 12 TABLETAS,TIOCOLCHICOSIDO,Tiocolchicosido,"CALOX INTERNATIONAL, C.A.",https://pccentro.net.ve/img/s/8/4/1/7/0/84170-large_default.webp,farmanselmo,TIOCOLCHICOSIDO 4MG x12 TABLETAS CALOX (E) (score=1.000); motivo_cobeca=sin_match_cobeca
38895,ME40389,TRIMEBUTINA 300 MG X 10 COMPRIMIDOS RECUBIERTOS DE LIBERACION PROLONGADA,TRIMEBUTINA,Trimebutina,"LABORATORIOS LETI, S.A.V.",https://pccentro.net.ve/img/s/6/3/8/3/8/63838-large_default.webp,farmanselmo,DOBRACID LP TRIMEBUTINA 300MG x10 COMPRIMIDOS LETI (E) (score=1.000); motivo_cobeca=sin_match_cobeca
39001,ME43207,ZOPICLONA 7.5 MG X 10 TABLETAS RECUBIERTAS,ZOPICLONA,Zopiclona,"LABORATORIO LA SANTE, C.A.",https://pccentro.net.ve/img/s/5/2/7/1/0/52710-large_default.webp,farmanselmo,"ZOPICLONA 7,5MG x10 TABLETAS LA SANTE (E) (score=1.000); motivo_cobeca=sin_match_cobeca"
39007,ME39020,ACETAMINOFEN 1000 MG COMPRIMIDOS,ACETAMINOFEN,Acetaminofen,"LABORATORIOS SPEFAR VENEZOLANOS, S.A.",https://pccentro.net.ve/img/s/3/5/1/8/6/35186-large_default.webp,farmanselmo,ACETAMINOFEN 1000 MG x10 COMPRIMIDOS SPEFAR (E) (score=1.000); motivo_cobeca=sin_desc_lab
39012,ME43427/3,ACETAMINOFEN 500 MG X 30 TABLETAS,ACETAMINOFEN,Acetaminofen,"LABORATORIOS L.O. OFTALMI, C.A.",https://pccentro.net.ve/img/s/8/7/8/2/6/87826-large_default.webp,farmanselmo,ACETAMINOFEN 500MG x30 TABLETAS OFTALMI (E) (score=1.000); motivo_cobeca=sin_match_cobeca
39021,ME22033,ACIDO FOLICO 10 MG COMPRIMIDOS,ACIDO FOLICO,Folico Acido,"LABORATORIOS VALMOR, C.A.",https://pccentro.net.ve/img/s/2/3/7/0/5/23705-large_default.webp,farmanselmo,ACIDO FOLICO 10 MG x30 COMPRIMIDOS GENCER VALMORCA (E) (score=1.000); motivo_cobeca=sin_match_cobeca
39085,ME39008,ATORVASTATINA 20 MG COMPRIMIDOS RECUBIERTOS,ATORVASTATINA,Atorvastatina,"LABORATORIOS SPEFAR VENEZOLANOS, S.A.",https://pccentro.net.ve/img/s/1/9/1/1/5/19115-large_default.webp,farmanselmo,ATORVASTATINA 20 MG x14 COMPRIMIDOS SPEFAR (E) (score=1.000); motivo_cobeca=sin_desc_lab
39132,ME36892,CARVEDILOL 6.25 MG COMPRIMIDOS,CARVEDILOL,Carvedilol,"LABORATORIOS SPEFAR VENEZOLANOS, S.A.",https://pccentro.net.ve/img/s/3/3/1/0/4/33104-large_default.webp,farmanselmo,"CARVEDILOL 6,25 MG X20 COMPRIMIDOS SPEFAR (E) (score=1.000); motivo_cobeca=sin_desc_lab"
39147,ME36885,CLOPIDOGREL 75 MG COMPRIMIDOS RECUBIERTOS,CLOPIDOGREL,Clopidogrel,"LABORATORIOS SPEFAR VENEZOLANOS, S.A.",https://pccentro.net.ve/img/s/7/6/0/5/6/76056-large_default.webp,farmanselmo,CLOPIDOGREL 75 MG x14 TABLETAS SPEFAR (E) (score=1.000); motivo_cobeca=sin_desc_lab
39172,ME42595,DEFLAZACORT 6 MG COMPRIMIDOS,DEFLAZACORT,Deflazacort,"LABORATORIOS SPEFAR VENEZOLANOS, S.A.",https://pccentro.net.ve/img/s/5/5/5/6/1/55561-large_default.webp,farmanselmo,DEFLAZACORT 6MG X 10 COMPRIMIDOS SPEFAR (E) (score=1.000); motivo_cobeca=sin_desc_lab
39187,ME35439,DICLOFENAC POTASICO 50 MG X 20 COMPRIMIDOS RECUBIERTOS,DICLOFENAC POTASICO,Diclofenaco,"LABORATORIOS SPEFAR VENEZOLANOS, S.A.",https://pccentro.net.ve/img/s/2/4/5/7/0/24570-large_default.webp,farmanselmo,DICLOFENAC POTASICO 50 MG x20 TABLETAS SPEFAR (E) (score=1.000); motivo_cobeca=sin_desc_lab
39196,ME35688,DOMPERIDONA 10 MG COMPRIMIDOS,DOMPERIDONA,Domperidona,"LABORATORIOS SPEFAR VENEZOLANOS, S.A.",https://pccentro.net.ve/img/s/2/4/5/0/9/24509-large_default.webp,farmanselmo,DOMPERIDONA 10MG TABLETAS x20 TABLETAS SPEFAR (E) (score=1.000); motivo_cobeca=sin_desc_lab
39208,ME31252,FAMOTIDINA 40 MG X 10 COMPRIMIDOS,FAMOTIDINA,Famotidina,"LABORATORIOS KIMICEG, C.A.",https://pccentro.net.ve/img/s/7/4/1/8/8/74188-large_default.webp,farmanselmo,FAMOTIDINA 40 MG x10 TABLETAS KIMICEG (E) (score=1.000); motivo_cobeca=sin_match_cobeca
39226,ME37496,GABAPENTINA 300 MG X 20 CAPSULAS,GABAPENTINA,Gabapentina,"LABORATORIOS SPEFAR VENEZOLANOS, S.A.",https://pccentro.net.ve/img/s/3/0/6/8/1/30681-large_default.webp,farmanselmo,GABAPENTINA 300 MG x20 CÁPSULAS SPEFAR (E) (score=1.000); motivo_cobeca=sin_desc_lab
39269,ME32070,KETOPROFENO 100 MG COMPRIMIDOS ENTERICOS,KETOPROFENO,Ketoprofeno,"LABORATORIOS SPEFAR VENEZOLANOS, S.A.",https://pccentro.net.ve/img/s/2/5/2/5/2/25252-large_default.webp,farmanselmo,KETOPROFENO 100 MG x10 TABLETAS SPEFAR (E) (score=1.000); motivo_cobeca=sin_desc_lab
39289,ME36662,LOSARTAN POTASICO 50 MG X 14 TABLETAS RECUBIERTAS,LOSARTAN POTASICO,Losartan,"LABORATORIOS SPEFAR VENEZOLANOS, S.A.",https://pccentro.net.ve/img/s/8/0/7/3/5/80735-large_default.webp,farmanselmo,LOSARTAN POTASICO 50 MG x14 TABLETAS SPEFAR (E) (score=1.000); motivo_cobeca=sin_desc_lab
39297,ME42459,METFORMINA CLORHIDRATO 1000 MG COMPRIMIDOS,METFORMINA CLORHIDRATO,Metformina,"LABORATORIOS SPEFAR VENEZOLANOS, S.A.",https://pccentro.net.ve/img/s/7/6/7/8/1/76781-large_default.webp,farmanselmo,METFORMINA CLORHIDRATO 1000 MG x30 COMPRIMIDOS SPEFAR (E) (score=1.000); motivo_cobeca=sin_desc_lab
39298,ME37583,METFORMINA CLORHIDRATO 500 MG COMPRIMIDOS,METFORMINA CLORHIDRATO,Metformina,"LABORATORIOS SPEFAR VENEZOLANOS, S.A.",https://pccentro.net.ve/img/s/3/0/6/7/5/30675-large_default.webp,farmanselmo,METFORMINA CLORHIDRATO SPEFAR 500mg X 30 COMPRIMIDOS (E) (score=1.000); motivo_cobeca=sin_desc_lab
39301,ME37062,METRONIDAZOL 500 MG COMPRIMIDOS,METRONIDAZOL,Metronidazol,"LABORATORIOS SPEFAR VENEZOLANOS, S.A.",https://pccentro.net.ve/img/s/7/5/0/9/4/75094-large_default.webp,farmanselmo,METRONIDAZOL 500 MG x10 TABLETAS SPEFAR (E) (score=1.000); motivo_cobeca=sin_desc_lab
39309,ME37063,MONTELUKAST 10 MG X 10 TABLETAS RECUBIERTAS,MONTELUKAST,Montelukast,"LABORATORIOS SPEFAR VENEZOLANOS, S.A.",https://pccentro.net.ve/img/s/3/5/5/2/1/35521-large_default.webp,farmanselmo,MONTELUKAST 10MG x10 TABLETAS SPEFA (E) (score=1.000); motivo_cobeca=sin_desc_lab
39342,ME42493,PREDNISONA 5 MG COMPRIMIDOS,PREDNISONA,Prednisona,"LABORATORIOS SPEFAR VENEZOLANOS, S.A.",https://pccentro.net.ve/img/s/8/7/8/2/8/87828-large_default.webp,farmanselmo,PREDNISONA 5 MG X10 TABLETAS SPEFAR (E) (score=1.000); motivo_cobeca=sin_desc_lab
39347,ME42527,QUETIAPINA 100 MG COMPRIMIDOS,QUETIAPINA,Quetiapina,"LABORATORIOS SPEFAR VENEZOLANOS, S.A.",https://pccentro.net.ve/img/s/5/6/4/3/0/56430-large_default.webp,farmanselmo,QUETIAPINA 100 MG x30 TABLETAS SPEFAR (E) (score=1.000); motivo_cobeca=sin_desc_lab
39400,ME42451,VALSARTAN 160 MG X 20 CAPSULAS,VALSARTAN,Valsartan,"LABORATORIOS SPEFAR VENEZOLANOS, S.A.",https://pccentro.net.ve/img/s/9/4/1/3/4/94134-large_default.webp,farmanselmo,VALSARTAN 160 MG x20 CAPSULAS SPEFAR (E) (score=1.000); motivo_cobeca=sin_desc_lab
39455,ME40067,CITICOLINA 500 MG X 30 COMPRIMIDOS RECUBIERTOS,CITICOLINA,Citicolina,"LABORATORIOS LETI, S.A.V.",https://pccentro.net.ve/img/s/7/1/8/0/3/71803-large_default.webp,farmanselmo,SOMAZINA CITICOLINA 500MG x30 COMPRIMIDOS LETI (E) (score=1.000); motivo_cobeca=sin_match_cobeca
39554,ME34528,NIFEDIPINA 30 MG X 30 CAPSULAS DE LIBERACION PROLONGADA,NIFEDIPINA,Nifedipino,"LABORATORIOS LETI, S.A.V.",https://pccentro.net.ve/img/s/8/5/3/8/3/85383-large_default.webp,farmanselmo,TENSOMAX L.P. NIFEDIPINA 30MG x30 CAPSULAS LETI (E) (score=1.000); motivo_cobeca=sin_match_cobeca