id,nombre_comercial,url_anterior,url_nueva,bytes_origen,bytes_destino,variante_logo,estado,error
37291,ABRETIA 10 MG X 10 CAPSULAS,https://mav.farmaciasaas.com/api/images/articulos/DISTRIBUCION/17769.jpg,https://fqeshthtycmzgyibiurq.supabase.co/storage/v1/object/public/crsnimages/catalogo/d3593dbd-e26c-4737-b659-4062464a6a7d.jpg,53719,23505,ninguna,ok,
37293,ABRETIA 25 MG X 20 CAPSULAS,https://mav.farmaciasaas.com/api/images/articulos/DISTRIBUCION/17768.jpg,https://fqeshthtycmzgyibiurq.supabase.co/storage/v1/object/public/crsnimages/catalogo/cf2290a8-2415-4fe3-a1f0-544c616f59e0.jpg,54861,24606,ninguna,ok,
37292,ABRETIA 18 MG X 10 CAPSULAS,https://mav.farmaciasaas.com/api/images/articulos/DISTRIBUCION/17770.jpg,https://fqeshthtycmzgyibiurq.supabase.co/storage/v1/object/public/crsnimages/catalogo/5bccdb5e-b6d8-48e9-a949-d15dfb14b3b3.jpg,55368,24345,ninguna,ok,
37298,ACIDO FOLICO 10 MG X 10 TABLETAS,https://mav.farmaciasaas.com/api/images/articulos/DISTRIBUCION/53779.jpg,https://fqeshthtycmzgyibiurq.supabase.co/storage/v1/object/public/crsnimages/catalogo/f73aa963-6ab0-4446-9137-79dda9d577cd.jpg,54449,22982,ninguna,ok,
37294,ACIDO FOLICO 5 MG X 20 COMPRIMIDOS,https://mav.farmaciasaas.com/api/images/articulos/DISTRIBUCION/23.jpg,https://fqeshthtycmzgyibiurq.supabase.co/storage/v1/object/public/crsnimages/catalogo/f6df0bf2-8103-4d5e-833f-c231f591af4c.jpg,68806,34062,ninguna,ok,
37297,ACIDO FOLICO 10 MG X 10 TABLETAS,https://mav.farmaciasaas.com/api/images/articulos/DISTRIBUCION/53282.jpg,https://fqeshthtycmzgyibiurq.supabase.co/storage/v1/object/public/crsnimages/catalogo/faa15f0f-1232-4141-a7f7-9521d471e936.jpg,56169,23446,ninguna,ok,
37295,ACIDO FOLICO 5 MG X 30 COMPRIMIDOS,https://mav.farmaciasaas.com/api/images/articulos/DISTRIBUCION/92955.jpg,https://fqeshthtycmzgyibiurq.supabase.co/storage/v1/object/public/crsnimages/catalogo/957c3524-3304-4bf5-a2d7-aa0bcf1b6d6a.jpg,68970,33876,ninguna,ok,
37299,ACIDO FOLICO 10 MG X 20 TABLETAS,https://mav.farmaciasaas.com/api/images/articulos/DISTRIBUCION/92858.jpg,https://fqeshthtycmzgyibiurq.supabase.co/storage/v1/object/public/crsnimages/catalogo/8ec994ee-5c52-48f6-b473-27ad7e3e4120.jpg,68333,32381,ninguna,ok,
37301,ACIDO FOLICO 5 MG X 10 TABLETAS,https://mav.farmaciasaas.com/api/images/articulos/DISTRIBUCION/53280.jpg,https://fqeshthtycmzgyibiurq.supabase.co/storage/v1/object/public/crsnimages/catalogo/a41d35f9-50d0-4685-97cc-6f25557e33d6.jpg,56363,24220,ninguna,ok,
37304,ACIDO VALPROICO 250 MG / 5 ML JARABE,https://pccentro.net.ve/img/s/7/2/3/0/6/72306-large_default.webp,https://fqeshthtycmzgyibiurq.supabase.co/storage/v1/object/public/crsnimages/catalogo/629b9ce0-e07e-440b-8c64-237eda24de12.jpg,15784,32865,ninguna,ok,
37300,ACIDO FOLICO 10 MG X 30 TABLETAS,https://mav.farmaciasaas.com/api/images/articulos/DISTRIBUCION/92857.jpg,https://fqeshthtycmzgyibiurq.supabase.co/storage/v1/object/public/crsnimages/catalogo/a6067b9f-de1d-46aa-8fde-dd85a6b11099.jpg,468820,44898,ninguna,ok,
37307,ACETAB 250 MG X 20 TABLETAS,https://mav.farmaciasaas.com/api/images/articulos/DISTRIBUCION/90118.jpg,https://fqeshthtycmzgyibiurq.supabase.co/storage/v1/object/public/crsnimages/catalogo/ff3a3779-e98e-4e06-b2d5-0d48d16f1c77.jpg,54682,20126,ninguna,ok,
37309,ACETAMINOFEN 650 MG X 10 TABLETAS,https://mav.farmaciasaas.com/api/images/articulos/DISTRIBUCION/52390.jpg,https://fqeshthtycmzgyibiurq.supabase.co/storage/v1/object/public/crsnimages/catalogo/cfd68056-c275-45db-befc-293baff3541c.jpg,88285,38243,ninguna,ok,
37308,ACETAMINOFEN 500 X 10 COMPRIMIDOS,https://mav.farmaciasaas.com/api/images/articulos/DISTRIBUCION/22931.jpg,https://fqeshthtycmzgyibiurq.supabase.co/storage/v1/object/public/crsnimages/catalogo/6b98b7e5-7414-4b07-ae46-c3cb4776d96b.jpg,59585,27420,ninguna,ok,
37310,ACETAMINOFEN 650 MG X 20 TABLETAS,https://pccentro.net.ve/img/s/9/6/2/1/4/96214-large_default.webp,https://fqeshthtycmzgyibiurq.supabase.co/storage/v1/object/public/crsnimages/catalogo/68fbc93f-7e56-44f6-beab-cefda92b6724.jpg,51528,29179,ninguna,ok,
37315,ACETAMINOFEN 180 MG / 5 ML SOLUCION ORAL,https://mav.farmaciasaas.com/api/images/articulos/DISTRIBUCION/51788.jpg,https://fqeshthtycmzgyibiurq.supabase.co/storage/v1/object/public/crsnimages/catalogo/6b0dfbfb-7155-4012-945d-2bb43297b217.jpg,50282,19761,ninguna,ok,
37318,ACETAMINOFEN 500 MG X 10 TABLETAS,https://mav.farmaciasaas.com/api/images/articulos/DISTRIBUCION/2337.jpg,https://fqeshthtycmzgyibiurq.supabase.co/storage/v1/object/public/crsnimages/catalogo/1aef9f7d-8319-4887-9052-1fc0fcdfc2af.jpg,27333,17870,ninguna,ok,
37322,ACETAMINOFEN - HIOSCINA N BUTIL BROMURO 500 MG-10 MG X 20 TABLETAS RE,https://mav.farmaciasaas.com/api/images/articulos/DISTRIBUCION/7537.jpg,https://fqeshthtycmzgyibiurq.supabase.co/storage/v1/object/public/crsnimages/catalogo/1147eef0-dd4e-4e1a-9892-d641b86f17aa.jpg,63786,28685,ninguna,ok,
37305,ACALIX 60 MG X 30 TABLETAS,https://mav.farmaciasaas.com/api/images/articulos/DISTRIBUCION/4986.jpg,https://fqeshthtycmzgyibiurq.supabase.co/storage/v1/object/public/crsnimages/catalogo/c67d49be-eb28-46bc-832a-0d1938fed5e4.jpg,57966,24272,ninguna,ok,
37329,ACEVAL 100 MG / ML SOLUCION ORAL EN GOTAS,https://mav.farmaciasaas.com/api/images/articulos/DISTRIBUCION/4669.jpg,https://fqeshthtycmzgyibiurq.supabase.co/storage/v1/object/public/crsnimages/catalogo/0eb30a7b-3654-45e8-bd69-5a593d38ce9f.jpg,1230912,23147,ninguna,ok,
37332,ACEVAL 650 MG X 50 TABLETAS,https://mav.farmaciasaas.com/api/images/articulos/DISTRIBUCION/24308.jpg,https://fqeshthtycmzgyibiurq.supabase.co/storage/v1/object/public/crsnimages/catalogo/b6c7a6e0-9fbe-4a49-9acf-19fc8a03009f.jpg,53039,21450,ninguna,ok,
37330,ACEVAL 180 MG / 5 ML SOLUCION ORAL,https://mav.farmaciasaas.com/api/images/articulos/DISTRIBUCION/22391.jpg,https://fqeshthtycmzgyibiurq.supabase.co/storage/v1/object/public/crsnimages/catalogo/5958becd-3794-477d-ac69-4ec2a89f0d82.jpg,1185892,20116,ninguna,ok,
37331,ACEVAL 650 MG X 10 TABLETAS,https://mav.farmaciasaas.com/api/images/articulos/DISTRIBUCION/646.jpg,https://fqeshthtycmzgyibiurq.supabase.co/storage/v1/object/public/crsnimages/catalogo/039bfe3c-1fe1-4b35-9086-f1391cfc7efc.jpg,234829,32948,ninguna,ok,
37334,ACICLOR 5 % CREMA,https://mav.farmaciasaas.com/api/images/articulos/DISTRIBUCION/8876.jpg,https://fqeshthtycmzgyibiurq.supabase.co/storage/v1/object/public/crsnimages/catalogo/e8cca0f4-6b2b-47c7-bd39-9db3bfada00c.jpg,96965,27310,ninguna,ok,
37342,ACICLOVIR 200 MG X 25 TABLETAS,https://mav.farmaciasaas.com/api/images/articulos/DISTRIBUCION/11560.jpg,https://fqeshthtycmzgyibiurq.supabase.co/storage/v1/object/public/crsnimages/catalogo/865efbaa-ad7e-4eac-8a67-bb0e81c1a74f.jpg,25284,15928,ninguna,ok,
37345,ACIDO ACETILSALICILICO 81 MG X 24 TABLETAS CON CUBIERTA ENTERICA,https://mav.farmaciasaas.com/api/images/articulos/DISTRIBUCION/7271.jpg,https://fqeshthtycmzgyibiurq.supabase.co/storage/v1/object/public/crsnimages/catalogo/36b37e1c-e4ce-4490-a24f-f38767f832d7.jpg,104893,44316,ninguna,ok,
37333,ACICLOR 1 G X 10 COMPRIMIDOS A.P.,https://mav.farmaciasaas.com/api/images/articulos/DISTRIBUCION/3203.jpg,https://fqeshthtycmzgyibiurq.supabase.co/storage/v1/object/public/crsnimages/catalogo/14a768ed-5d44-448c-bba4-719c02c56967.jpg,112905,33547,ninguna,ok,
37348,ACIDO ASCORBICO 100 MG / ML SOLUCION ORAL,https://mav.farmaciasaas.com/api/images/articulos/DISTRIBUCION/29208.jpg,https://fqeshthtycmzgyibiurq.supabase.co/storage/v1/object/public/crsnimages/catalogo/79c135e6-9fa8-499b-96b3-1631af3f919a.jpg,65727,29008,ninguna,ok,
37351,ACIDO FOLICO 10 MG / ML X 3 AMPOLLAS,https://mav.farmaciasaas.com/api/images/articulos/DISTRIBUCION/20.jpg,https://fqeshthtycmzgyibiurq.supabase.co/storage/v1/object/public/crsnimages/catalogo/baeb9be0-880f-495d-a80a-cf76b5747f96.jpg,74440,37472,ninguna,ok,
37355,ACIDO FOLICO 10 MG X 30 COMPRIMIDOS,https://mav.farmaciasaas.com/api/images/articulos/DISTRIBUCION/90738.jpg,https://fqeshthtycmzgyibiurq.supabase.co/storage/v1/object/public/crsnimages/catalogo/41263ce0-37ce-454c-bbd1-6520ef8e99b0.jpg,69389,34344,ninguna,ok,
37357,ACIDO FOLICO 10 MG X 30 COMPRIMIDOS,https://mav.farmaciasaas.com/api/images/articulos/DISTRIBUCION/98454.jpg,https://fqeshthtycmzgyibiurq.supabase.co/storage/v1/object/public/crsnimages/catalogo/80d74c55-6ab2-42c4-8e40-1c42ba3bbf6c.jpg,60865,26474,ninguna,ok,
37359,ACIDO FOLICO 10 MG X 30 TABLETAS,https://mav.farmaciasaas.com/api/images/articulos/DISTRIBUCION/29544.jpg,https://fqeshthtycmzgyibiurq.supabase.co/storage/v1/object/public/crsnimages/catalogo/bc9a7744-1f53-46e3-9d52-39e56d7dcc52.jpg,25279,15773,ninguna,ok,
37353,ACIDO FOLICO 10 MG COMPRIMIDOS,https://mav.farmaciasaas.com/api/images/articulos/DISTRIBUCION/4100.jpg,https://fqeshthtycmzgyibiurq.supabase.co/storage/v1/object/public/crsnimages/catalogo/41f612a9-6b0d-4d67-a167-3a7637d84306.jpg,47443,19485,ninguna,ok,
37354,ACIDO FOLICO 10 MG X 20 COMPRIMIDOS,https://mav.farmaciasaas.com/api/images/articulos/DISTRIBUCION/24.jpg,https://fqeshthtycmzgyibiurq.supabase.co/storage/v1/object/public/crsnimages/catalogo/7da1ac7f-1f0f-42e7-9cd5-c94e34841d58.jpg,68650,33994,ninguna,ok,
37362,ACIDO MEFENAMICO 500 MG X 10 TABLETAS,https://mav.farmaciasaas.com/api/images/articulos/DISTRIBUCION/28706.jpg,https://fqeshthtycmzgyibiurq.supabase.co/storage/v1/object/public/crsnimages/catalogo/0a6a69c1-e44b-49be-9143-0e9abbd043b1.jpg,67173,30063,ninguna,ok,
37360,ACIDO FOLICO 5 MG X 30 TABLETAS,https://mav.farmaciasaas.com/api/images/articulos/DISTRIBUCION/23782.jpg,https://fqeshthtycmzgyibiurq.supabase.co/storage/v1/object/public/crsnimages/catalogo/a4cc32cd-7d43-425e-af2b-5a96a226b66d.jpg,398120,38282,ninguna,ok,
37365,VALPRON 500 MG X 60 TABLETAS,https://pccentro.net.ve/img/s/7/1/4/2/5/71425-large_default.webp,https://fqeshthtycmzgyibiurq.supabase.co/storage/v1/object/public/crsnimages/catalogo/cf18e16f-98f0-46f8-a204-53162701a2c7.jpg,14364,26500,ninguna,ok,
37364,VALPRON 500 MG X 30 TABLETAS,https://mav.farmaciasaas.com/api/images/articulos/DISTRIBUCION/5235.jpg,https://fqeshthtycmzgyibiurq.supabase.co/storage/v1/object/public/crsnimages/catalogo/c588703c-9d49-41ed-b9ae-8a44f5a0797f.jpg,49581,19308,ninguna,ok,
37371,AFLAMAX 50 MG X 20 TABLETAS RECUBIERTAS,https://mav.farmaciasaas.com/api/images/articulos/DISTRIBUCION/92341.jpg,https://fqeshthtycmzgyibiurq.supabase.co/storage/v1/object/public/crsnimages/catalogo/6d66436b-8f8b-4da0-b72d-a655294a805f.jpg,68816,27849,ninguna,ok,
37370,AFLAMAX 50 MG X 10 TABLETAS RECUBIERTAS,https://mav.farmaciasaas.com/api/images/articulos/DISTRIBUCION/19583.jpg,https://fqeshthtycmzgyibiurq.supabase.co/storage/v1/object/public/crsnimages/catalogo/83cbd3a3-f4a6-4d69-a3f0-6ba3a4d9f3a8.jpg,47357,20417,ninguna,ok,
37358,ACIDO FOLICO 10 MG / ML SOLUCION ORAL,https://pccentro.net.ve/img/s/8/2/1/5/8/82158-large_default.webp,https://fqeshthtycmzgyibiurq.supabase.co/storage/v1/object/public/crsnimages/catalogo/26705e5f-18c2-4044-a8e5-ad9992b0f629.jpg,44956,26187,ninguna,ok,
37372,AFOKLIN 5 MG X 20 COMPRIMIDOS,https://mav.farmaciasaas.com/api/images/articulos/DISTRIBUCION/778.jpg,https://fqeshthtycmzgyibiurq.supabase.co/storage/v1/object/public/crsnimages/catalogo/08c70ef2-2ec8-4dc8-9685-304d5ae2bf7d.jpg,57465,26347,ninguna,ok,
37373,AFOKLIN 10 MG / ML SOLUCION ORAL,https://mav.farmaciasaas.com/api/images/articulos/DISTRIBUCION/779.jpg,https://fqeshthtycmzgyibiurq.supabase.co/storage/v1/object/public/crsnimages/catalogo/adca11ff-336c-4421-bd09-b2aef9052172.jpg,73793,36330,ninguna,ok,
37377,AIRCOF 10 MG X 30 TABLETAS MASTICABLES,https://mav.farmaciasaas.com/api/images/articulos/DISTRIBUCION/53060.jpg,https://fqeshthtycmzgyibiurq.supabase.co/storage/v1/object/public/crsnimages/catalogo/6c0373e4-191b-405e-8b83-ba64e76a0a80.jpg,69095,30814,ninguna,ok,
37379,AIRON 10 MG X 30 TABLETAS RECUBIERTAS,https://mav.farmaciasaas.com/api/images/articulos/DISTRIBUCION/5930.jpg,https://fqeshthtycmzgyibiurq.supabase.co/storage/v1/object/public/crsnimages/catalogo/fbdaccd7-65bd-4098-8f16-07018381056f.jpg,87907,33801,ninguna,ok,
37376,AIRCOF PLUS 5 MG - 2.5 MG X 30 TABLETAS MASTICABLES,https://mav.farmaciasaas.com/api/images/articulos/DISTRIBUCION/53225.jpg,https://fqeshthtycmzgyibiurq.supabase.co/storage/v1/object/public/crsnimages/catalogo/a14020b9-4414-479b-ac4a-f1f33d5dad03.jpg,76175,35635,ninguna,ok,
37378,AIRFEN 0.05 % SOLUCION NASAL,https://mav.farmaciasaas.com/api/images/articulos/DISTRIBUCION/4340.jpg,https://fqeshthtycmzgyibiurq.supabase.co/storage/v1/object/public/crsnimages/catalogo/0ce34ffd-5352-4cc7-83ff-ec5a42317e14.jpg,97609,50035,ninguna,ok,
37380,AIRON 10 MG X 10 TABLETAS RECUBIERTAS,https://pccentro.net.ve/img/s/1/8/2/0/6/18206-large_default.webp,https://fqeshthtycmzgyibiurq.supabase.co/storage/v1/object/public/crsnimages/catalogo/654a71e2-9607-4b29-ad8c-16e341472225.jpg,17296,23230,ninguna,ok,
37385,ALBENDAZOL 200 MG X 2 TABLETAS,https://mav.farmaciasaas.com/api/images/articulos/DISTRIBUCION/17968.jpg,https://fqeshthtycmzgyibiurq.supabase.co/storage/v1/object/public/crsnimages/catalogo/22b24945-085f-49cf-911a-de2555612ff7.jpg,467394,44517,ninguna,ok,
37387,ALBENDAZOL 200 MG X 6 TABLETAS MASTICABLES,https://mav.farmaciasaas.com/api/images/articulos/DISTRIBUCION/94917.jpg,https://fqeshthtycmzgyibiurq.supabase.co/storage/v1/object/public/crsnimages/catalogo/8a5f93ba-a3bd-4144-8838-135217691687.jpg,63783,27635,ninguna,ok,
37389,ALBICAR 200 MG X 2 TABLETAS,https://mav.farmaciasaas.com/api/images/articulos/DISTRIBUCION/9807.jpg,https://fqeshthtycmzgyibiurq.supabase.co/storage/v1/object/public/crsnimages/catalogo/a5691748-abaa-4885-a220-c2a1f3f9d01b.jpg,46100,17025,ninguna,ok,
37386,ALBENDAZOL 200 MG X 6 TABLETAS,https://mav.farmaciasaas.com/api/images/articulos/DISTRIBUCION/20302.jpg,https://fqeshthtycmzgyibiurq.supabase.co/storage/v1/object/public/crsnimages/catalogo/6b9368d3-bb08-44f1-80e0-6354dcbcb62f.jpg,466367,44801,ninguna,ok,
37390,ALBICAR 200 MG X 6 TABLETAS,https://mav.farmaciasaas.com/api/images/articulos/DISTRIBUCION/9782.jpg,https://fqeshthtycmzgyibiurq.supabase.co/storage/v1/object/public/crsnimages/catalogo/a6c022d8-a89a-422c-9023-762fbf8a0ee7.jpg,40893,13362,ninguna,ok,
37388,ALBICAR 400 MG / 10 ML SUSPENSION,https://mav.farmaciasaas.com/api/images/articulos/DISTRIBUCION/9806.jpg,https://fqeshthtycmzgyibiurq.supabase.co/storage/v1/object/public/crsnimages/catalogo/14ebf758-91b3-4a49-9400-9ff3493caea4.jpg,45383,17600,ninguna,ok,
37392,ALENTIK 70 MG X 4 TABLETAS,https://mav.farmaciasaas.com/api/images/articulos/DISTRIBUCION/50731.jpg,https://fqeshthtycmzgyibiurq.supabase.co/storage/v1/object/public/crsnimages/catalogo/c50cc083-1980-44d4-975b-14a52fa197bf.jpg,46369,18404,ninguna,ok,
37393,ALERGOT 0.05 % SOLUCION OFTALMICA,https://mav.farmaciasaas.com/api/images/articulos/DISTRIBUCION/5332.jpg,https://fqeshthtycmzgyibiurq.supabase.co/storage/v1/object/public/crsnimages/catalogo/7aac84a2-3db7-4bd6-8a7e-77addcb9dc01.jpg,52299,17849,ninguna,ok,
37394,ALFADYN 0.2 % SOLUCION OFTALMICA,https://mav.farmaciasaas.com/api/images/articulos/DISTRIBUCION/8457.jpg,https://fqeshthtycmzgyibiurq.supabase.co/storage/v1/object/public/crsnimages/catalogo/636d5e75-2685-4b2d-9e6d-e8815c62c980.jpg,49624,18205,ninguna,ok,
37395,ALGIOL 5 MG X 30 COMPRIMIDOS RECUBIERTOS,https://mav.farmaciasaas.com/api/images/articulos/DISTRIBUCION/23948.jpg,https://fqeshthtycmzgyibiurq.supabase.co/storage/v1/object/public/crsnimages/catalogo/417fa99c-9994-4298-bf3b-bff980cfecbc.jpg,58048,15552,ninguna,ok,
37398,AMITAFEN FORTE 650 MG X 10 TABLETAS,https://mav.farmaciasaas.com/api/images/articulos/DISTRIBUCION/6236.jpg,https://fqeshthtycmzgyibiurq.supabase.co/storage/v1/object/public/crsnimages/catalogo/b8df0c42-1a0f-420a-9464-3c1985d67da2.jpg,27687,18067,ninguna,ok,
37396,ALGOREN 10 MG X 20 TABLETAS,https://mav.farmaciasaas.com/api/images/articulos/DISTRIBUCION/104.jpg,https://fqeshthtycmzgyibiurq.supabase.co/storage/v1/object/public/crsnimages/catalogo/a9e9e700-aad6-4d1d-b99f-0945526fcca4.jpg,67266,32287,ninguna,ok,
37401,ALPRAM 0.5 MG X 30 TABLETAS,https://mav.farmaciasaas.com/api/images/articulos/DISTRIBUCION/5177.jpg,https://fqeshthtycmzgyibiurq.supabase.co/storage/v1/object/public/crsnimages/catalogo/8f8a17ae-596c-4e1b-a6f6-281ed73c013f.jpg,264192,33733,ninguna,ok,
37402,ALPRAM 1 MG X 30 TABLETAS,https://mav.farmaciasaas.com/api/images/articulos/DISTRIBUCION/5184.jpg,https://fqeshthtycmzgyibiurq.supabase.co/storage/v1/object/public/crsnimages/catalogo/235ec0c7-8457-4863-acc2-e59232e07910.jpg,260492,33996,ninguna,ok,
37397,ALIPAL FORTE DIA 650 MG - 32 MG - 4 MG X 12 CAPSULAS,https://mav.farmaciasaas.com/api/images/articulos/DISTRIBUCION/53530.jpg,https://fqeshthtycmzgyibiurq.supabase.co/storage/v1/object/public/crsnimages/catalogo/b2707487-9d03-49b5-aa6d-e1e908020c91.jpg,95617,51368,ninguna,ok,
37404,ALPRAZOLAM 0.5 MG X 30 TABLETAS,https://mav.farmaciasaas.com/api/images/articulos/DISTRIBUCION/10378.jpg,https://fqeshthtycmzgyibiurq.supabase.co/storage/v1/object/public/crsnimages/catalogo/785fcf7b-7e94-48d2-9db3-bb468c53f2c9.jpg,25477,16197,ninguna,ok,
37405,ALPRAZOLAM 1 MG X 30 TABLETAS,https://mav.farmaciasaas.com/api/images/articulos/DISTRIBUCION/10377.jpg,https://fqeshthtycmzgyibiurq.supabase.co/storage/v1/object/public/crsnimages/catalogo/dcc2ba75-bff4-4b2b-849e-bf911dcff26d.jpg,25273,16037,ninguna,ok,
37406,ALPRAZOLAM 2 MG X 30 TABLETAS,https://mav.farmaciasaas.com/api/images/articulos/DISTRIBUCION/97351.jpg,https://fqeshthtycmzgyibiurq.supabase.co/storage/v1/object/public/crsnimages/catalogo/18476419-5f3e-46ee-8876-2708c0219e76.jpg,26012,17590,ninguna,ok,
37403,ALPRAM 2 MG X 30 TABLETAS,https://mav.farmaciasaas.com/api/images/articulos/DISTRIBUCION/5185.jpg,https://fqeshthtycmzgyibiurq.supabase.co/storage/v1/object/public/crsnimages/catalogo/68520535-de8c-4987-a6a1-5fedfc5fa7c4.jpg,268169,34218,ninguna,ok,
37408,ALSART 160 MG X 30 CAPSULAS,https://pccentro.net.ve/img/s/3/5/0/4/0/35040-large_default.webp,https://fqeshthtycmzgyibiurq.supabase.co/storage/v1/object/public/crsnimages/catalogo/f900cffd-aef9-4b70-9be2-af2e7f4ca03f.jpg,7368,16681,ninguna,ok,
37407,ALSART 160 MG X 10 CAPSULAS,https://mav.farmaciasaas.com/api/images/articulos/DISTRIBUCION/20787.jpg,https://fqeshthtycmzgyibiurq.supabase.co/storage/v1/object/public/crsnimages/catalogo/75067fcf-c82c-4c17-899e-36c4a60db6f8.jpg,55857,22424,ninguna,ok,
37411,ALURON 300 MG X 20 COMPRIMIDOS,https://mav.farmaciasaas.com/api/images/articulos/DISTRIBUCION/13540.jpg,https://fqeshthtycmzgyibiurq.supabase.co/storage/v1/object/public/crsnimages/catalogo/413e2f0b-debf-4e85-bbbf-d5080c800094.jpg,77953,39707,ninguna,ok,
37413,AMANIRIS 81 MG X 30 COMPRIMIDOS CON CUBIERTA ENTERICA,https://mav.farmaciasaas.com/api/images/articulos/DISTRIBUCION/29745.jpg,https://fqeshthtycmzgyibiurq.supabase.co/storage/v1/object/public/crsnimages/catalogo/13fe4a17-defb-48d8-a3a8-da5098435c82.jpg,17201,9044,ninguna,ok,
37412,ALURON 100 MG X 30 TABLETAS,https://mav.farmaciasaas.com/api/images/articulos/DISTRIBUCION/119.jpg,https://fqeshthtycmzgyibiurq.supabase.co/storage/v1/object/public/crsnimages/catalogo/98afa56d-3d27-4fba-b80d-4f7131014fa3.jpg,73724,37233,ninguna,ok,
37417,AMBROXOL CLORHIDRATO - LORATADINA 30 MG - 5 MG / 5 ML JARABE,https://pccentro.net.ve/img/s/8/0/1/5/3/80153-large_default.webp,https://fqeshthtycmzgyibiurq.supabase.co/storage/v1/object/public/crsnimages/catalogo/08b0b48b-3168-4829-b283-c7d4f993e1f5.jpg,90030,51092,ninguna,ok,
37409,ALSART 80 MG X 10 CAPSULAS,https://mav.farmaciasaas.com/api/images/articulos/DISTRIBUCION/20332.jpg,https://fqeshthtycmzgyibiurq.supabase.co/storage/v1/object/public/crsnimages/catalogo/4573eeed-bbc0-45e0-8417-b1860a1a40a6.jpg,48463,18342,ninguna,ok,
37410,ALSART 80 MG X 30 CAPSULAS,https://mav.farmaciasaas.com/api/images/articulos/DISTRIBUCION/20333.jpg,https://fqeshthtycmzgyibiurq.supabase.co/storage/v1/object/public/crsnimages/catalogo/64879f85-d19f-4c5d-adcf-1ea271768ec9.jpg,47599,18912,ninguna,ok,
37421,AMIODARONA CLORHIDRATO 200 MG X 10 COMPRIMIDOS,https://mav.farmaciasaas.com/api/images/articulos/DISTRIBUCION/3505.jpg,https://fqeshthtycmzgyibiurq.supabase.co/storage/v1/object/public/crsnimages/catalogo/89fbc30a-1a0a-4869-8531-f1d3cc6532d7.jpg,266153,38502,ninguna,ok,
37423,AMLODIPINA 10 MG X 30 COMPRIMIDOS,https://mav.farmaciasaas.com/api/images/articulos/DISTRIBUCION/97973.jpg,https://fqeshthtycmzgyibiurq.supabase.co/storage/v1/object/public/crsnimages/catalogo/fd7336b8-f579-45d0-a93a-1f39284e9452.jpg,53223,23129,ninguna,ok,
37427,AMLODIPINA 10 MG X 10 TABLETAS,https://pccentro.net.ve/img/s/8/3/7/7/1/83771-large_default.webp,https://fqeshthtycmzgyibiurq.supabase.co/storage/v1/object/public/crsnimages/catalogo/35cbb04a-bf61-471b-be98-a59d88a89181.jpg,39320,26157,ninguna,ok,
37422,AMIODARONA CLORHIDRATO 200 MG X 10 TABLETAS,https://mav.farmaciasaas.com/api/images/articulos/DISTRIBUCION/4602.jpg,https://fqeshthtycmzgyibiurq.supabase.co/storage/v1/object/public/crsnimages/catalogo/6d074e8c-a397-46a1-adc5-593cd3457235.jpg,173847,36768,ninguna,ok,
37428,AMLODIPINA 10 MG X 30 TABLETAS,https://mav.farmaciasaas.com/api/images/articulos/DISTRIBUCION/12054.jpg,https://fqeshthtycmzgyibiurq.supabase.co/storage/v1/object/public/crsnimages/catalogo/da69ac61-aa80-4b1d-9445-7c0841ffa95f.jpg,25399,15847,ninguna,ok,
37426,AMLODIPINA 5 MG X 30 COMPRIMIDOS,https://mav.farmaciasaas.com/api/images/articulos/DISTRIBUCION/9206.jpg,https://fqeshthtycmzgyibiurq.supabase.co/storage/v1/object/public/crsnimages/catalogo/5a7e0d32-8899-4404-bc75-ca14f0d0bf60.jpg,59928,26609,ninguna,ok,
37432,AMLODIPINA 5 MG X 30 TABLETAS,https://mav.farmaciasaas.com/api/images/articulos/DISTRIBUCION/10982.jpg,https://fqeshthtycmzgyibiurq.supabase.co/storage/v1/object/public/crsnimages/catalogo/8c6cc076-b629-436c-bfaa-1df653f33ba0.jpg,24451,15248,ninguna,ok,
37431,AMLODIPINA 5 MG X 10 TABLETAS,https://pccentro.net.ve/img/s/8/3/7/7/2/83772-large_default.webp,https://fqeshthtycmzgyibiurq.supabase.co/storage/v1/object/public/crsnimages/catalogo/b7bb0bfe-b28d-4e14-bc95-f85ca4aef7c7.jpg,37298,25359,ninguna,ok,
37444,AMOXICILINA 250 MG / 5 ML POLVO PARA SUSPENSION ORAL,https://mav.farmaciasaas.com/api/images/articulos/DISTRIBUCION/51378.jpg,https://fqeshthtycmzgyibiurq.supabase.co/storage/v1/object/public/crsnimages/catalogo/4f202162-bc13-4905-843c-7918b32e7c32.jpg,24227,15196,ninguna,ok,
37448,AMOXICILINA - ACIDO CLAVULANICO 875 MG - 125 MG COMPRIMIDOS,https://pccentro.net.ve/img/s/7/5/0/2/1/75021-large_default.webp,https://fqeshthtycmzgyibiurq.supabase.co/storage/v1/object/public/crsnimages/catalogo/9650217b-1fbd-4257-8127-75f70e43571d.jpg,14454,30953,ninguna,ok,
37443,AMOXICILINA 500 MG X 12 CAPSULAS,https://mav.farmaciasaas.com/api/images/articulos/DISTRIBUCION/25978.jpg,https://fqeshthtycmzgyibiurq.supabase.co/storage/v1/object/public/crsnimages/catalogo/3bc3370f-08ed-48a3-a313-7230c90f8826.jpg,52364,22981,ninguna,ok,
37450,AMOXIVAL 500 MG X 12 CAPSULAS,https://mav.farmaciasaas.com/api/images/articulos/DISTRIBUCION/5739.jpg,https://fqeshthtycmzgyibiurq.supabase.co/storage/v1/object/public/crsnimages/catalogo/498e4f19-1e14-4f7d-9254-4a81071aa8a7.jpg,179427,26577,ninguna,ok,
37449,AMOXIDUO 875 MG X 14 COMPRIMIDOS RECUBIERTOS,https://mav.farmaciasaas.com/api/images/articulos/DISTRIBUCION/1481.jpg,https://fqeshthtycmzgyibiurq.supabase.co/storage/v1/object/public/crsnimages/catalogo/900b0e1e-4a75-445e-b872-0a6187595652.jpg,65661,32443,ninguna,ok,
37453,AMOXIVAL 875 MG X 20 TABLETAS RECUBIERTAS,https://mav.farmaciasaas.com/api/images/articulos/DISTRIBUCION/98747.jpg,https://fqeshthtycmzgyibiurq.supabase.co/storage/v1/object/public/crsnimages/catalogo/c7aae8c8-1bca-49ac-b129-783af09bdf77.jpg,162981,24577,ninguna,ok,
37455,AMPLIDER 50 MG X 10 CAPSULAS BLANDAS,https://mav.farmaciasaas.com/api/images/articulos/DISTRIBUCION/28394.jpg,https://fqeshthtycmzgyibiurq.supabase.co/storage/v1/object/public/crsnimages/catalogo/7fae2a3b-7fa0-4809-96af-535ece99e872.jpg,80432,40408,ninguna,ok,
37457,ANANTY FORTE 160 MG / 5 ML SUSPENSION,https://mav.farmaciasaas.com/api/images/articulos/DISTRIBUCION/13266.jpg,https://fqeshthtycmzgyibiurq.supabase.co/storage/v1/object/public/crsnimages/catalogo/cc4aa54b-6b46-4d7c-9f63-7884008daef4.jpg,614563,62304,ninguna,ok,
37458,ANANTY 120 MG / 5 ML SUSPENSION,https://mav.farmaciasaas.com/api/images/articulos/DISTRIBUCION/6865.jpg,https://fqeshthtycmzgyibiurq.supabase.co/storage/v1/object/public/crsnimages/catalogo/41a22949-c527-4f7a-9eaa-a65c772ce48e.jpg,60717,27798,ninguna,ok,
37456,ANALPER PLUS 500 MG - 10 MG X 10 TABLETAS RECUBIERTAS,https://mav.farmaciasaas.com/api/images/articulos/DISTRIBUCION/7690.jpg,https://fqeshthtycmzgyibiurq.supabase.co/storage/v1/object/public/crsnimages/catalogo/1fbf978e-c2f7-40a8-a361-0d636fc7db2b.jpg,80764,37928,ninguna,ok,
37461,ANASMOL 5 MG X 10 COMPRIMIDOS,https://pccentro.net.ve/img/s/7/5/7/4/9/75749-large_default.webp,https://fqeshthtycmzgyibiurq.supabase.co/storage/v1/object/public/crsnimages/catalogo/3640db98-4b5f-4630-b786-88226ac33dfa.jpg,9468,21087,ninguna,ok,
37459,ANANTY 650 MG X 10 TABLETAS,https://mav.farmaciasaas.com/api/images/articulos/DISTRIBUCION/6868.jpg,https://fqeshthtycmzgyibiurq.supabase.co/storage/v1/object/public/crsnimages/catalogo/c6902614-86a9-4ad8-8777-d226d638ddb0.jpg,71637,32178,ninguna,ok,
37460,ANAPIRFLEX 600 MG – 4 MG X 10 TABLETAS RECUBIERTAS,https://mav.farmaciasaas.com/api/images/articulos/DISTRIBUCION/29669.jpg,https://fqeshthtycmzgyibiurq.supabase.co/storage/v1/object/public/crsnimages/catalogo/0045a47b-e9ce-49b2-bf6d-8b883a54174c.jpg,69894,33293,ninguna,ok,
37462,ANASMOL 5 MG X 30 COMPRIMIDOS,https://mav.farmaciasaas.com/api/images/articulos/DISTRIBUCION/95473.jpg,https://fqeshthtycmzgyibiurq.supabase.co/storage/v1/object/public/crsnimages/catalogo/70e81eda-5da1-4f2d-a506-658f3b357758.jpg,49148,19890,ninguna,ok,
37464,ANGRIP X 8 COMPRIMIDOS,https://mav.farmaciasaas.com/api/images/articulos/DISTRIBUCION/22591.jpg,https://fqeshthtycmzgyibiurq.supabase.co/storage/v1/object/public/crsnimages/catalogo/01b29fd6-3b49-4909-a02d-81ae3ba63a71.jpg,79190,40764,ninguna,ok,
37465,ANGRIP X 4 COMPRIMIDOS,https://mav.farmaciasaas.com/api/images/articulos/DISTRIBUCION/23940.jpg,https://fqeshthtycmzgyibiurq.supabase.co/storage/v1/object/public/crsnimages/catalogo/1a0f4110-ca28-4f00-b124-1a470489c587.jpg,69157,33212,ninguna,ok,
37467,ANSILAN 0.5 MG X 30 COMPRIMIDOS RECUBIERTOS,https://mav.farmaciasaas.com/api/images/articulos/DISTRIBUCION/1297.jpg,https://fqeshthtycmzgyibiurq.supabase.co/storage/v1/object/public/crsnimages/catalogo/c5c75948-2920-40da-8397-40b2674a61cf.jpg,66974,28505,ninguna,ok,
37466,ANGRIP X 15 COMPRIMIDOS,https://mav.farmaciasaas.com/api/images/articulos/DISTRIBUCION/51261.jpg,https://fqeshthtycmzgyibiurq.supabase.co/storage/v1/object/public/crsnimages/catalogo/bbbfd69e-c981-4308-a171-0ba060413ee8.jpg,75448,36593,ninguna,ok,
37469,ANSILAN 2 MG X 30 COMPRIMIDOS RECUBIERTOS,https://mav.farmaciasaas.com/api/images/articulos/DISTRIBUCION/16881.jpg,https://fqeshthtycmzgyibiurq.supabase.co/storage/v1/object/public/crsnimages/catalogo/54e17766-8478-4596-bf2d-c29d89b98600.jpg,68045,29444,ninguna,ok,
37468,ANSILAN 1 MG X 30 COMPRIMIDOS RECUBIERTOS,https://mav.farmaciasaas.com/api/images/articulos/DISTRIBUCION/1298.jpg,https://fqeshthtycmzgyibiurq.supabase.co/storage/v1/object/public/crsnimages/catalogo/1c29e00f-b6d0-4da2-992f-2db88d0974b9.jpg,66158,27835,ninguna,ok,
37470,ANTAAR 1.25 MG X 30 TABLETAS RECUBIERTAS,https://mav.farmaciasaas.com/api/images/articulos/DISTRIBUCION/29562.jpg,https://fqeshthtycmzgyibiurq.supabase.co/storage/v1/object/public/crsnimages/catalogo/191429e0-51b0-4afe-92f0-57ed59073cd6.jpg,63276,27611,ninguna,ok,
37472,ANTAAR 10 MG X 30 TABLETAS RECUBIERTAS,https://mav.farmaciasaas.com/api/images/articulos/DISTRIBUCION/17094.jpg,https://fqeshthtycmzgyibiurq.supabase.co/storage/v1/object/public/crsnimages/catalogo/c6e410db-1440-4aae-8712-e5d9473ec079.jpg,22912,14477,ninguna,ok,
37473,ANTIFOM 160 MG X 10 COMPRIMIDOS RECUBIERTOS,https://mav.farmaciasaas.com/api/images/articulos/DISTRIBUCION/23430.jpg,https://fqeshthtycmzgyibiurq.supabase.co/storage/v1/object/public/crsnimages/catalogo/e86ea539-1954-4759-87b7-2682517eb99a.jpg,72990,32307,ninguna,ok,
37478,APIRET 500 MG X 10 TABLETAS,https://mav.farmaciasaas.com/api/images/articulos/DISTRIBUCION/28791.jpg,https://fqeshthtycmzgyibiurq.supabase.co/storage/v1/object/public/crsnimages/catalogo/920f450c-3962-4b8d-9f24-6e5e84fac003.jpg,108051,36594,ninguna,ok,
37475,APIRET FORTE 650 MG X 10 TABLETAS,https://mav.farmaciasaas.com/api/images/articulos/DISTRIBUCION/50410.jpg,https://fqeshthtycmzgyibiurq.supabase.co/storage/v1/object/public/crsnimages/catalogo/f127fab3-f7c2-4389-929f-f0835c413a9b.jpg,93060,34640,ninguna,ok,
37482,APLACAL 750 MG X 80 TABLETAS MASTICABLES SABOR A BANANA,https://mav.farmaciasaas.com/api/images/articulos/DISTRIBUCION/52504.jpg,https://fqeshthtycmzgyibiurq.supabase.co/storage/v1/object/public/crsnimages/catalogo/9b51fb93-9200-4299-961e-717839e3f228.jpg,82448,39852,ninguna,ok,
37484,APLEXIL 550 MG X 10 TABLETAS RECUBIERTAS,https://mav.farmaciasaas.com/api/images/articulos/DISTRIBUCION/53335.jpg,https://fqeshthtycmzgyibiurq.supabase.co/storage/v1/object/public/crsnimages/catalogo/4598c5da-e96c-4182-b85b-39a0d32cbce6.jpg,73922,31716,ninguna,ok,
37483,APLACAL 750 MG X 10 TABLETAS MASTICABLES SABOR A BANANA,https://mav.farmaciasaas.com/api/images/articulos/DISTRIBUCION/21600.jpg,https://fqeshthtycmzgyibiurq.supabase.co/storage/v1/object/public/crsnimages/catalogo/073899a1-cb49-480f-9664-c7d11ba9247a.jpg,64003,28589,ninguna,ok,
37485,ARANDA 2.5 MG - 50 MG X 10 CAPSULAS,https://pccentro.net.ve/img/s/7/5/0/7/6/75076-large_default.webp,https://fqeshthtycmzgyibiurq.supabase.co/storage/v1/object/public/crsnimages/catalogo/e2c9e194-1a87-41f2-aa6e-4539f682c635.jpg,12340,24305,ninguna,ok,
37487,ARANDA 5 MG - 100 MG X 10 CAPSULAS,https://pccentro.net.ve/img/s/7/5/0/6/8/75068-large_default.webp,https://fqeshthtycmzgyibiurq.supabase.co/storage/v1/object/public/crsnimages/catalogo/1d1b07c3-edb7-4f20-bdc4-b6be04cd1ecf.jpg,10090,22411,ninguna,ok,
37488,ARCOVAL 60 MG X 10 TABLETAS RECUBIERTAS,https://mav.farmaciasaas.com/api/images/articulos/DISTRIBUCION/52031.jpg,https://fqeshthtycmzgyibiurq.supabase.co/storage/v1/object/public/crsnimages/catalogo/a502a369-dca8-4020-88a0-009f66e93089.jpg,185522,31562,ninguna,ok,
37492,ARTENOLOL 100 MG X 30 TABLETAS,https://mav.farmaciasaas.com/api/images/articulos/DISTRIBUCION/19753.jpg,https://fqeshthtycmzgyibiurq.supabase.co/storage/v1/object/public/crsnimages/catalogo/75642030-8dea-40da-8413-c1755c4f8d5c.jpg,71150,35536,ninguna,ok,
37491,ARESAN 20 MG X 10 TABLETAS RECUBIERTAS,https://mav.farmaciasaas.com/api/images/articulos/DISTRIBUCION/51009.jpg,https://fqeshthtycmzgyibiurq.supabase.co/storage/v1/object/public/crsnimages/catalogo/f57b4a74-1d18-4bbe-af45-239bbc4693e0.jpg,170544,33421,ninguna,ok,
37489,ARCOVAL 90 MG X 10 TABLETAS RECUBIERTAS,https://mav.farmaciasaas.com/api/images/articulos/DISTRIBUCION/52032.jpg,https://fqeshthtycmzgyibiurq.supabase.co/storage/v1/object/public/crsnimages/catalogo/0efbb757-2c44-40ec-9ee0-3ab29407314b.jpg,197605,33282,ninguna,ok,
37494,ARUDIL 15 MG X 30 TABLETAS RECUBIERTAS,https://mav.farmaciasaas.com/api/images/articulos/DISTRIBUCION/19966.jpg,https://fqeshthtycmzgyibiurq.supabase.co/storage/v1/object/public/crsnimages/catalogo/e927851e-3830-4438-bb81-9e59679f7357.jpg,51409,20640,ninguna,ok,
37495,ARUDIL 20 MG X 10 TABLETAS RECUBIERTAS,https://mav.farmaciasaas.com/api/images/articulos/DISTRIBUCION/19058.jpg,https://fqeshthtycmzgyibiurq.supabase.co/storage/v1/object/public/crsnimages/catalogo/90165be4-c1f7-4bd8-adca-7a9d4f329ecd.jpg,52198,21562,ninguna,ok,
37493,ARUDIL 15 MG X 10 TABLETAS RECUBIERTAS,https://mav.farmaciasaas.com/api/images/articulos/DISTRIBUCION/19965.jpg,https://fqeshthtycmzgyibiurq.supabase.co/storage/v1/object/public/crsnimages/catalogo/b0fd65ac-5619-4cba-b2f0-18f8e70e3762.jpg,50348,19810,ninguna,ok,
37490,ARESAN 20 MG X 30 TABLETAS RECUBIERTAS,https://mav.farmaciasaas.com/api/images/articulos/DISTRIBUCION/22093.jpg,https://fqeshthtycmzgyibiurq.supabase.co/storage/v1/object/public/crsnimages/catalogo/9b59d2d9-49a8-4897-a4ed-9bcc0a2ecc81.jpg,180322,38235,ninguna,ok,
37496,ARUDIL 20 MG X 30 TABLETAS RECUBIERTAS,https://mav.farmaciasaas.com/api/images/articulos/DISTRIBUCION/19059.jpg,https://fqeshthtycmzgyibiurq.supabase.co/storage/v1/object/public/crsnimages/catalogo/4ccac814-c21c-47bf-ae24-35344b0b0442.jpg,60839,25769,ninguna,ok,
37497,ASAPROL 81 MG X 100 COMPRIMIDOS ENTERICOS,https://mav.farmaciasaas.com/api/images/articulos/DISTRIBUCION/9092.jpg,https://fqeshthtycmzgyibiurq.supabase.co/storage/v1/object/public/crsnimages/catalogo/00d32e38-351f-4745-bbe4-ad2d20db9389.jpg,62054,28253,ninguna,ok,
37499,ASARAP 10 MG X 30 COMPRIMIDOS RECUBIERTOS,https://mav.farmaciasaas.com/api/images/articulos/DISTRIBUCION/30076.jpg,https://fqeshthtycmzgyibiurq.supabase.co/storage/v1/object/public/crsnimages/catalogo/fdae6f3b-d0fa-461c-b85e-cdc48eaa092a.jpg,60990,27213,ninguna,ok,
37500,ASARAP 15 MG X 30 COMPRIMIDOS RECUBIERTOS,https://mav.farmaciasaas.com/api/images/articulos/DISTRIBUCION/30307.jpg,https://fqeshthtycmzgyibiurq.supabase.co/storage/v1/object/public/crsnimages/catalogo/7cea78a7-77bd-4084-99cc-e382e7aa2250.jpg,17423,17305,ninguna,ok,
37501,ASARAP 20 MG X 30 COMPRIMIDOS RECUBIERTOS,https://mav.farmaciasaas.com/api/images/articulos/DISTRIBUCION/50067.jpg,https://fqeshthtycmzgyibiurq.supabase.co/storage/v1/object/public/crsnimages/catalogo/681b9499-c295-4945-98f2-a274fcb3d88d.jpg,64980,29243,ninguna,ok,
37498,ASAPROL 81 MG X 40 COMPRIMIDOS ENTERICOS,https://mav.farmaciasaas.com/api/images/articulos/DISTRIBUCION/99232.jpg,https://fqeshthtycmzgyibiurq.supabase.co/storage/v1/object/public/crsnimages/catalogo/aeb4cc50-a2c8-4cc6-96c2-2530f6beda31.jpg,62894,29059,ninguna,ok,
37507,ATAMEL FORTE 650 MG X 10 TABLETAS,https://mav.farmaciasaas.com/api/images/articulos/DISTRIBUCION/3689.jpg,https://fqeshthtycmzgyibiurq.supabase.co/storage/v1/object/public/crsnimages/catalogo/2d84447f-ff70-4557-8d5a-ae38861db7ad.jpg,25228,16413,ninguna,ok,
37504,ASPRINIL 81 MG X 40 TABLETAS CON RECUBRIMIENTO ENTERICO,https://mav.farmaciasaas.com/api/images/articulos/DISTRIBUCION/53383.jpg,https://fqeshthtycmzgyibiurq.supabase.co/storage/v1/object/public/crsnimages/catalogo/259a024b-a440-452d-b02f-e148e9f74b8f.jpg,89554,42305,ninguna,ok,
37509,ATAMEL 500 MG X 20 TABLETAS,https://mav.farmaciasaas.com/api/images/articulos/DISTRIBUCION/3692.jpg,https://fqeshthtycmzgyibiurq.supabase.co/storage/v1/object/public/crsnimages/catalogo/a5788eff-4d3f-4bd6-8396-93be07d7873d.jpg,23098,14654,ninguna,ok,
37506,ASTRIMOL 2.5 MG X 30 TABLETAS RECUBIERTAS,https://mav.farmaciasaas.com/api/images/articulos/DISTRIBUCION/53167.jpg,https://fqeshthtycmzgyibiurq.supabase.co/storage/v1/object/public/crsnimages/catalogo/5bfcb699-9c96-428c-9f7a-1784b2261b9e.jpg,53150,20730,ninguna,ok,
37511,ATENOLOL 100 MG X 30 COMPRIMIDOS,https://pccentro.net.ve/img/s/5/5/5/2/8/55528-large_default.webp,https://fqeshthtycmzgyibiurq.supabase.co/storage/v1/object/public/crsnimages/catalogo/56ec9131-43c0-4f3d-bc77-37ca4cd68a2d.jpg,9488,21074,ninguna,ok,
37505,ASPRINIL 81 MG X 100 TABLETAS CON RECUBRIMIENTO ENTERICO,https://mav.farmaciasaas.com/api/images/articulos/DISTRIBUCION/51425.jpg,https://fqeshthtycmzgyibiurq.supabase.co/storage/v1/object/public/crsnimages/catalogo/16f4d652-a7e9-4f11-9cd5-5f2618b49ba3.jpg,238813,37856,ninguna,ok,
37508,ATAMEL 500 MG X 10 TABLETAS,https://mav.farmaciasaas.com/api/images/articulos/DISTRIBUCION/2337.jpg,https://fqeshthtycmzgyibiurq.supabase.co/storage/v1/object/public/crsnimages/catalogo/cb3bb198-ee0d-4a8f-a5ed-327d92280fa1.jpg,27333,17870,ninguna,ok,
37515,ATORVACOF 20 MG X 14 TABLETAS RECUBIERTAS,https://mav.farmaciasaas.com/api/images/articulos/DISTRIBUCION/98600.jpg,https://fqeshthtycmzgyibiurq.supabase.co/storage/v1/object/public/crsnimages/catalogo/72d59d86-0fd6-4c8e-82d8-5c47f1d2aae1.jpg,71312,33785,ninguna,ok,
37517,ATORVASTATINA 20 MG X 10 COMPRIMIDOS RECUBIERTOS,https://mav.farmaciasaas.com/api/images/articulos/DISTRIBUCION/4070.jpg,https://fqeshthtycmzgyibiurq.supabase.co/storage/v1/object/public/crsnimages/catalogo/d88acb61-0e00-4c75-9af1-58a6b6d3c83c.jpg,48942,21370,ninguna,ok,
37520,ATORVASTATINA 40 MG X 30 COMPRIMIDOS RECUBIERTOS,https://mav.farmaciasaas.com/api/images/articulos/DISTRIBUCION/98292.jpg,https://fqeshthtycmzgyibiurq.supabase.co/storage/v1/object/public/crsnimages/catalogo/69c48647-4ea2-420c-8046-1cc765ffd80a.jpg,64093,30090,ninguna,ok,
37519,ATORVASTATINA 20 MG X 30 COMPRIMIDOS RECUBIERTOS,https://mav.farmaciasaas.com/api/images/articulos/DISTRIBUCION/97977.jpg,https://fqeshthtycmzgyibiurq.supabase.co/storage/v1/object/public/crsnimages/catalogo/6ba476a0-8246-41b5-8c36-63b887d494d6.jpg,61821,27221,ninguna,ok,
37527,ATROBEL 10 MG / ML SOLUCION GOTAS REFORMULADO,https://mav.farmaciasaas.com/api/images/articulos/DISTRIBUCION/22695.jpg,https://fqeshthtycmzgyibiurq.supabase.co/storage/v1/object/public/crsnimages/catalogo/ac0d4feb-1005-43a7-a860-b83bf9bcffee.jpg,85649,40866,ninguna,ok,
37526,ATRIMON 10 MG X 10 COMPRIMIDOS,https://mav.farmaciasaas.com/api/images/articulos/DISTRIBUCION/527.jpg,https://fqeshthtycmzgyibiurq.supabase.co/storage/v1/object/public/crsnimages/catalogo/bf8cc2a1-0058-4042-8d09-9b822b98583e.jpg,49511,20192,ninguna,ok,
37521,ATORVASTATINA 20 MG X 30 TABLETAS RECUBIERTAS,https://mav.farmaciasaas.com/api/images/articulos/DISTRIBUCION/51293.jpg,https://fqeshthtycmzgyibiurq.supabase.co/storage/v1/object/public/crsnimages/catalogo/c4f95a72-db30-4306-9eef-7d584377fbd8.jpg,235459,32791,ninguna,ok,
37529,ATROVERAN 10 MG / ML X 10 SOLUCION GOTAS,https://mav.farmaciasaas.com/api/images/articulos/DISTRIBUCION/25310.jpg,https://fqeshthtycmzgyibiurq.supabase.co/storage/v1/object/public/crsnimages/catalogo/b68e8a5f-67d7-4169-bd9c-9368b35b3540.jpg,100158,47191,ninguna,ok,
37530,ATROVERAN FEM 10 MG-200 MG X 10 COMPRIMIDOS RECUBIERTOS,https://mav.farmaciasaas.com/api/images/articulos/DISTRIBUCION/54524.jpg,https://fqeshthtycmzgyibiurq.supabase.co/storage/v1/object/public/crsnimages/catalogo/07ccee67-c65d-4eea-a3d8-ad59b06cedec.jpg,27608,18644,ninguna,ok,
37531,AUGMENTIN 500 MG - 125 MG TABLETAS RECUBIERTAS,https://mav.farmaciasaas.com/api/images/articulos/DISTRIBUCION/9781.jpg,https://fqeshthtycmzgyibiurq.supabase.co/storage/v1/object/public/crsnimages/catalogo/e5388910-1f69-47a3-a0b1-e53615ed1218.jpg,53785,22702,ninguna,ok,
37528,ATROPINA SULFATO 1 MG / ML X 10 AMPOLLAS,https://mav.farmaciasaas.com/api/images/articulos/DISTRIBUCION/50775.jpg,https://fqeshthtycmzgyibiurq.supabase.co/storage/v1/object/public/crsnimages/catalogo/01307e68-a431-41fa-b0a5-9663b5d52a1c.jpg,16987,9422,ninguna,ok,
37533,AUPREL 90 MG X 20 COMPRIMIDOS RECUBIERTOS,https://mav.farmaciasaas.com/api/images/articulos/DISTRIBUCION/28697.jpg,https://fqeshthtycmzgyibiurq.supabase.co/storage/v1/object/public/crsnimages/catalogo/242e7db3-f773-4314-bec1-f88d9b1c57a3.jpg,55674,23359,ninguna,ok,
37534,AVELOX 400 MG X 5 COMPRIMIDOS RECUBIERTOS,https://mav.farmaciasaas.com/api/images/articulos/DISTRIBUCION/11301.jpg,https://fqeshthtycmzgyibiurq.supabase.co/storage/v1/object/public/crsnimages/catalogo/5791c9c0-d466-4d7a-ae1c-4dc3532f73e4.jpg,14349,14050,ninguna,ok,
37525,ATORVASTATINA 20 MG X 30 TABLETAS RECUBIERTAS,https://pccentro.net.ve/img/s/9/5/9/8/6/95986-large_default.webp,https://fqeshthtycmzgyibiurq.supabase.co/storage/v1/object/public/crsnimages/catalogo/015b81bd-8546-4e11-8a9f-b94b7ae14a01.jpg,60484,29078,ninguna,ok,
37536,AXOKINE 400 MG X 5 COMPRIMIDOS RECUBIERTOS,https://mav.farmaciasaas.com/api/images/articulos/DISTRIBUCION/90556.jpg,https://fqeshthtycmzgyibiurq.supabase.co/storage/v1/object/public/crsnimages/catalogo/b7c3427f-d558-483d-a224-2e710e10ddd9.jpg,85401,40635,ninguna,ok,
37535,AVODART 0.5 MG CAPSULAS BLANDAS,https://mav.farmaciasaas.com/api/images/articulos/DISTRIBUCION/10278.jpg,https://fqeshthtycmzgyibiurq.supabase.co/storage/v1/object/public/crsnimages/catalogo/889a5894-17b8-4645-adc7-be90d6d0f4cf.jpg,349498,41992,ninguna,ok,
37537,AZACARD 81 MG X 30 TABLETAS CON CUBIERTA ENTERICA,https://mav.farmaciasaas.com/api/images/articulos/DISTRIBUCION/4756.jpg,https://fqeshthtycmzgyibiurq.supabase.co/storage/v1/object/public/crsnimages/catalogo/7ed54d46-967d-43e1-97ca-c46e071fc6ef.jpg,98235,38441,ninguna,ok,
37538,AZACARD 81 MG X 60 TABLETAS CON CUBIERTA ENTERICA,https://mav.farmaciasaas.com/api/images/articulos/DISTRIBUCION/4694.jpg,https://fqeshthtycmzgyibiurq.supabase.co/storage/v1/object/public/crsnimages/catalogo/56e8d257-bc5e-485e-895e-309c54b05388.jpg,88379,36591,ninguna,ok,
37539,AZACARD 81 MG X 100 TABLETAS CON CUBIERTA ENTERICA,https://mav.farmaciasaas.com/api/images/articulos/DISTRIBUCION/53427.jpg,https://fqeshthtycmzgyibiurq.supabase.co/storage/v1/object/public/crsnimages/catalogo/d8adf927-b7ae-4009-a742-fdee11f06d7e.jpg,67423,28898,ninguna,ok,
37540,AZIMAKROL 1 G X 2 COMPRIMIDOS RECUBIERTOS,https://mav.farmaciasaas.com/api/images/articulos/DISTRIBUCION/91098.jpg,https://fqeshthtycmzgyibiurq.supabase.co/storage/v1/object/public/crsnimages/catalogo/0bcd769d-6be2-4e26-b9dd-017e1f9f7fb8.jpg,46405,17809,ninguna,ok,
37542,AZITRODEX 500 MG X 3 TABLETAS RECUBIERTAS,https://mav.farmaciasaas.com/api/images/articulos/DISTRIBUCION/92796.jpg,https://fqeshthtycmzgyibiurq.supabase.co/storage/v1/object/public/crsnimages/catalogo/aef05e0d-532a-40c1-99c2-55d819c8b774.jpg,500345,49233,ninguna,ok,
37543,AZITRODEX 500 MG X 5 TABLETAS RECUBIERTAS,https://mav.farmaciasaas.com/api/images/articulos/DISTRIBUCION/94416.jpg,https://fqeshthtycmzgyibiurq.supabase.co/storage/v1/object/public/crsnimages/catalogo/46de431c-fb97-4569-8654-20e1cd7e2191.jpg,491549,48618,ninguna,ok,
37541,AZIMAKROL 1 G X 5 COMPRIMIDOS RECUBIERTOS,https://mav.farmaciasaas.com/api/images/articulos/DISTRIBUCION/54042.jpg,https://fqeshthtycmzgyibiurq.supabase.co/storage/v1/object/public/crsnimages/catalogo/74920199-1612-47eb-8ed7-94e771eb2d3d.jpg,48443,18487,ninguna,ok,
37548,AZITROMICINA 500 MG X 5 TABLETAS RECUBIERTAS,https://mav.farmaciasaas.com/api/images/articulos/DISTRIBUCION/92571.jpg,https://fqeshthtycmzgyibiurq.supabase.co/storage/v1/object/public/crsnimages/catalogo/11c851bd-c93f-4b72-9f58-f250d2f0af3a.jpg,277373,37033,ninguna,ok,
37552,BACTRON FORTE 160 MG - 800 MG X 10 TABLETAS,https://mav.farmaciasaas.com/api/images/articulos/DISTRIBUCION/9770.jpg,https://fqeshthtycmzgyibiurq.supabase.co/storage/v1/object/public/crsnimages/catalogo/8eac6a92-5670-46fd-897e-b935e500393b.jpg,68521,35351,ninguna,ok,
37553,BACTRIZOL 5 MG / ML SOLUCION INYECTABLE PARA INFUSION INTRAVENOSA,https://mav.farmaciasaas.com/api/images/articulos/DISTRIBUCION/7496.jpg,https://fqeshthtycmzgyibiurq.supabase.co/storage/v1/object/public/crsnimages/catalogo/ccfd11af-711a-4118-85f5-61878b051c84.jpg,47846,19003,ninguna,ok,
37551,BACTEVAL 250 MG - 50 MG X 24 CAPSULAS,https://mav.farmaciasaas.com/api/images/articulos/DISTRIBUCION/8557.jpg,https://fqeshthtycmzgyibiurq.supabase.co/storage/v1/object/public/crsnimages/catalogo/8eddd1b0-0056-4d2d-a3e3-377cc4e1fc75.jpg,206311,28784,ninguna,ok,
37554,BACTRON 80 MG - 400 MG X 20 TABLETAS,https://mav.farmaciasaas.com/api/images/articulos/DISTRIBUCION/345.jpg,https://fqeshthtycmzgyibiurq.supabase.co/storage/v1/object/public/crsnimages/catalogo/9ac8b0c2-0af7-4c07-baec-c8ae7cf516a3.jpg,77030,38792,ninguna,ok,
37555,BARGONIL 2 % UNGUENTO,https://mav.farmaciasaas.com/api/images/articulos/DISTRIBUCION/9756.jpg,https://fqeshthtycmzgyibiurq.supabase.co/storage/v1/object/public/crsnimages/catalogo/afa1bdbf-b21f-40b2-9100-1859875f02ab.jpg,70932,27499,ninguna,ok,
37557,BENCIDAMINA CLORHIDRATO 0.15 % SOLUCION TOPICA BUCAL,https://mav.farmaciasaas.com/api/images/articulos/DISTRIBUCION/13344.jpg,https://fqeshthtycmzgyibiurq.supabase.co/storage/v1/object/public/crsnimages/catalogo/3df3797d-ca02-47a3-8098-04419634c93f.jpg,59445,27598,ninguna,ok,
37556,BEHKACIN 500 MG / 2 ML X 1 AMPOLLA,https://mav.farmaciasaas.com/api/images/articulos/DISTRIBUCION/52498.jpg,https://fqeshthtycmzgyibiurq.supabase.co/storage/v1/object/public/crsnimages/catalogo/76b85a8d-d77b-4024-a830-a19dc9eb7e78.jpg,52365,22036,ninguna,ok,
37560,BENFLUX 30 MG X 20 TABLETAS,https://mav.farmaciasaas.com/api/images/articulos/DISTRIBUCION/7033.jpg,https://fqeshthtycmzgyibiurq.supabase.co/storage/v1/object/public/crsnimages/catalogo/b808076e-aaae-4341-84ec-d920664b199e.jpg,98015,36885,ninguna,ok,
37558,BENDAMEN 100 MG / 5 ML SUSPENSION,https://mav.farmaciasaas.com/api/images/articulos/DISTRIBUCION/4846.jpg,https://fqeshthtycmzgyibiurq.supabase.co/storage/v1/object/public/crsnimages/catalogo/999008b8-c365-4929-bc7b-7578b0201074.jpg,50082,20871,ninguna,ok,
37559,BENDAMEN 100 MG X 6 TABLETAS,https://mav.farmaciasaas.com/api/images/articulos/DISTRIBUCION/4845.jpg,https://fqeshthtycmzgyibiurq.supabase.co/storage/v1/object/public/crsnimages/catalogo/efa0ddcd-7477-49ee-a51c-8753f52dd0c3.jpg,50424,20175,ninguna,ok,
37561,BENZODIAZOL 0.25 MG - 5 MG X 16 PASTILLAS SABOR A LIMON - MIEL,https://mav.farmaciasaas.com/api/images/articulos/DISTRIBUCION/97346.jpg,https://fqeshthtycmzgyibiurq.supabase.co/storage/v1/object/public/crsnimages/catalogo/16ce5d6e-908e-4f82-a42b-5f4ccdb2cb5a.jpg,73979,36611,ninguna,ok,
37562,BENZODIAZOL 0.25 MG - 5 MG X 16 PASTILLAS SABOR A MENTA,https://mav.farmaciasaas.com/api/images/articulos/DISTRIBUCION/97346.jpg,https://fqeshthtycmzgyibiurq.supabase.co/storage/v1/object/public/crsnimages/catalogo/b6d86a21-ecef-4490-bb98-606ece41c86f.jpg,73979,36611,ninguna,ok,
37564,BENZODIAZOL 0.25 MG - 5 MG X 16 PASTILLAS SABOR A TUTTI FRUTTI,https://mav.farmaciasaas.com/api/images/articulos/DISTRIBUCION/97346.jpg,https://fqeshthtycmzgyibiurq.supabase.co/storage/v1/object/public/crsnimages/catalogo/170c066b-6c2e-4f11-91a1-858c06cf1247.jpg,73979,36611,ninguna,ok,
37568,BETAGEN 4 MG / ML X 1 AMPOLLA,https://mav.farmaciasaas.com/api/images/articulos/DISTRIBUCION/4359.jpg,https://fqeshthtycmzgyibiurq.supabase.co/storage/v1/object/public/crsnimages/catalogo/41d7c69c-73f7-420e-b506-4bd43625c037.jpg,193693,34478,ninguna,ok,
37565,BEPRODERM 0.05 % - 0.1 % CREMA,https://mav.farmaciasaas.com/api/images/articulos/DISTRIBUCION/94044.jpg,https://fqeshthtycmzgyibiurq.supabase.co/storage/v1/object/public/crsnimages/catalogo/49efc020-4858-4c9b-bb49-9e715da6ae34.jpg,220424,41779,ninguna,ok,
37571,BETAHISTINA 16 MG X 20 TABLETAS RECUBIERTAS,https://pccentro.net.ve/img/s/1/9/3/6/0/19360-large_default.webp,https://fqeshthtycmzgyibiurq.supabase.co/storage/v1/object/public/crsnimages/catalogo/3399a203-a1ac-421d-b0f1-60c22f085f61.jpg,23792,27513,ninguna,ok,
37569,BETAGEN 12 MG / 3 ML X 1 AMPOLLA,https://mav.farmaciasaas.com/api/images/articulos/DISTRIBUCION/13138.jpg,https://fqeshthtycmzgyibiurq.supabase.co/storage/v1/object/public/crsnimages/catalogo/e1fdaee9-c678-449f-8b7a-84d0476c76c0.jpg,191224,35833,ninguna,ok,
37579,BIOCOR 40 MG X 30 TABLETAS RECUBIERTAS,https://mav.farmaciasaas.com/api/images/articulos/DISTRIBUCION/15628.jpg,https://fqeshthtycmzgyibiurq.supabase.co/storage/v1/object/public/crsnimages/catalogo/0fdbfa9d-5ebb-48ee-9439-1ad0fccbc895.jpg,64602,27944,ninguna,ok,
37577,BIOCOR AMLO 20 MG - 5 MG X 30 TABLETAS RECUBIERTAS,https://mav.farmaciasaas.com/api/images/articulos/DISTRIBUCION/17705.jpg,https://fqeshthtycmzgyibiurq.supabase.co/storage/v1/object/public/crsnimages/catalogo/526327e3-1b8a-4895-8070-c463bc85585b.jpg,66153,30017,ninguna,ok,
37572,BETAMETASONA - GENTAMICINA - CLOTRIMAZOL 0.5 MG - 1 MG - 10 MG CREMA,https://pccentro.net.ve/img/s/7/3/4/0/9/73409-large_default.webp,https://fqeshthtycmzgyibiurq.supabase.co/storage/v1/object/public/crsnimages/catalogo/66207cc4-105e-4db1-b1ed-40458dc7ffdd.jpg,10442,20840,ninguna,ok,
37578,BIOCOR AMLO 40 MG - 5 MG X 30 TABLETAS RECUBIERTAS,https://mav.farmaciasaas.com/api/images/articulos/DISTRIBUCION/17706.jpg,https://fqeshthtycmzgyibiurq.supabase.co/storage/v1/object/public/crsnimages/catalogo/c09b7ab7-4f80-4159-bf4b-84df95799aac.jpg,23088,14517,ninguna,ok,
37580,BIOTALOL 2.5 MG X 10 COMPRIMIDOS RECUBIERTOS,https://mav.farmaciasaas.com/api/images/articulos/DISTRIBUCION/30302.jpg,https://fqeshthtycmzgyibiurq.supabase.co/storage/v1/object/public/crsnimages/catalogo/325e1f71-1202-423a-923d-765613d68392.jpg,62027,27442,ninguna,ok,
37584,BIPRIN 300 MG X 10 CAPSULAS BLANDAS,https://mav.farmaciasaas.com/api/images/articulos/DISTRIBUCION/9940.jpg,https://fqeshthtycmzgyibiurq.supabase.co/storage/v1/object/public/crsnimages/catalogo/03d04668-79fd-486b-9d28-f59e56aaf4c4.jpg,43936,16066,ninguna,ok,
37581,BIOTALOL 2.5 MG X 30 COMPRIMIDOS RECUBIERTOS,https://mav.farmaciasaas.com/api/images/articulos/DISTRIBUCION/98616.jpg,https://fqeshthtycmzgyibiurq.supabase.co/storage/v1/object/public/crsnimages/catalogo/b593bf8a-e842-4edb-b48f-4a36f58df940.jpg,67127,30752,ninguna,ok,
37585,BIPROLIL HCT 5 MG - 6.25 MG X 30 COMPRIMIDOS RECUBIERTOS,https://mav.farmaciasaas.com/api/images/articulos/DISTRIBUCION/54525.jpg,https://fqeshthtycmzgyibiurq.supabase.co/storage/v1/object/public/crsnimages/catalogo/7a5d108c-aa2d-43a9-9ffe-7ac411b1be65.jpg,15775,8174,ninguna,ok,
37583,BIOTALOL 10 MG X 30 COMPRIMIDOS RECUBIERTOS,https://mav.farmaciasaas.com/api/images/articulos/DISTRIBUCION/98614.jpg,https://fqeshthtycmzgyibiurq.supabase.co/storage/v1/object/public/crsnimages/catalogo/8633086a-2960-413e-b646-04addf51d9dc.jpg,63955,25990,ninguna,ok,
37582,BIOTALOL 1.25 MG X 30 COMPRIMIDOS RECUBIERTOS,https://mav.farmaciasaas.com/api/images/articulos/DISTRIBUCION/26929.jpg,https://fqeshthtycmzgyibiurq.supabase.co/storage/v1/object/public/crsnimages/catalogo/2eb8da09-d441-421d-a229-215386961450.jpg,65188,29971,ninguna,ok,
37588,BISOBLOC H 5 MG - 6.25 MG TABLETAS RECUBIERTAS,https://mav.farmaciasaas.com/api/images/articulos/DISTRIBUCION/19057.jpg,https://fqeshthtycmzgyibiurq.supabase.co/storage/v1/object/public/crsnimages/catalogo/f2eaa7cb-4d93-4c7f-9db4-f6ae509b7c6c.jpg,48425,18458,ninguna,ok,
37589,BISOPROLOL FUMARATO 5 MG X 30 TABLETAS RECUBIERTAS,https://mav.farmaciasaas.com/api/images/articulos/DISTRIBUCION/97001.jpg,https://fqeshthtycmzgyibiurq.supabase.co/storage/v1/object/public/crsnimages/catalogo/0027f406-ed91-4598-8ffa-5a6f01f6105e.jpg,26156,16605,ninguna,ok,
37590,BISOPROLOL FUMARATO 2.5 MG X 30 COMPRIMIDOS RECUBIERTOS,https://mav.farmaciasaas.com/api/images/articulos/DISTRIBUCION/98667.jpg,https://fqeshthtycmzgyibiurq.supabase.co/storage/v1/object/public/crsnimages/catalogo/3bcace16-15c8-46dd-a7d2-5ac93faf97ee.jpg,68406,33806,ninguna,ok,
37596,BLOCAX PLUS 16 MG - 12.5 MG X 10 TABLETAS,https://mav.farmaciasaas.com/api/images/articulos/DISTRIBUCION/99775.jpg,https://fqeshthtycmzgyibiurq.supabase.co/storage/v1/object/public/crsnimages/catalogo/d1d64a5c-74e7-4e73-8f79-1e4b17336e57.jpg,186600,36340,ninguna,ok,
37598,BLOCAX 8 MG X 10 TABLETAS,https://mav.farmaciasaas.com/api/images/articulos/DISTRIBUCION/13408.jpg,https://fqeshthtycmzgyibiurq.supabase.co/storage/v1/object/public/crsnimages/catalogo/c66bc0a1-49aa-4685-9e05-170a4a034f08.jpg,203521,39537,ninguna,ok,
37599,BLOCAX 8 MG X 30 TABLETAS,https://mav.farmaciasaas.com/api/images/articulos/DISTRIBUCION/15065.jpg,https://fqeshthtycmzgyibiurq.supabase.co/storage/v1/object/public/crsnimages/catalogo/ee915347-8321-44ae-81df-24e24c866528.jpg,188626,36476,ninguna,ok,
37593,BISOPROLOL FUMARATO 10 MG X 30 TABLETAS RECUBIERTAS,https://mav.farmaciasaas.com/api/images/articulos/DISTRIBUCION/53140.jpg,https://fqeshthtycmzgyibiurq.supabase.co/storage/v1/object/public/crsnimages/catalogo/9fa7a2bb-b473-4844-b206-337588165ee0.jpg,25730,16229,ninguna,ok,
37597,BLOCAX PLUS 16 MG - 12.5 MG X 30 TABLETAS,https://mav.farmaciasaas.com/api/images/articulos/DISTRIBUCION/19969.jpg,https://fqeshthtycmzgyibiurq.supabase.co/storage/v1/object/public/crsnimages/catalogo/8399985d-c6fa-4f17-87e8-d1bc5b42e251.jpg,206313,39191,ninguna,ok,
37600,BLOKIUM 100 MG X 30 COMPRIMIDOS,https://mav.farmaciasaas.com/api/images/articulos/DISTRIBUCION/4312.jpg,https://fqeshthtycmzgyibiurq.supabase.co/storage/v1/object/public/crsnimages/catalogo/c926f432-b0fb-4cc6-b512-9ce76d48925f.jpg,99299,30048,ninguna,ok,
37601,BRASARTAN 80 MG X 30 TABLETAS RECUBIERTAS,https://mav.farmaciasaas.com/api/images/articulos/DISTRIBUCION/19231.jpg,https://fqeshthtycmzgyibiurq.supabase.co/storage/v1/object/public/crsnimages/catalogo/3782f195-bed0-4894-bc83-1e25f4f6ec46.jpg,51739,20483,ninguna,ok,
37608,BREXIN 100 MG / ML SOLUCION ORAL,https://mav.farmaciasaas.com/api/images/articulos/DISTRIBUCION/4861.jpg,https://fqeshthtycmzgyibiurq.supabase.co/storage/v1/object/public/crsnimages/catalogo/f4a93193-b58a-4a55-8cf3-c5aa39aee41a.jpg,78776,35953,ninguna,ok,
37603,BRASARTAN CTDN 80 MG - 12.5 MG X 30 TABLETAS RECUBIERTAS,https://mav.farmaciasaas.com/api/images/articulos/DISTRIBUCION/22884.jpg,https://fqeshthtycmzgyibiurq.supabase.co/storage/v1/object/public/crsnimages/catalogo/a766f25b-0547-4478-8ff6-1435b6d30fa3.jpg,62780,27265,ninguna,ok,
37609,BROFLEMA 8 MG / 5 ML SOLUCION ORAL,https://mav.farmaciasaas.com/api/images/articulos/DISTRIBUCION/94046.jpg,https://fqeshthtycmzgyibiurq.supabase.co/storage/v1/object/public/crsnimages/catalogo/76fb6e3b-1fa0-4739-9508-c35ba39bf20d.jpg,141416,22717,ninguna,ok,
37606,BRESIS 600 MG X 20 COMPRIMIDOS RECUBIERTOS,https://mav.farmaciasaas.com/api/images/articulos/DISTRIBUCION/54187.jpg,https://fqeshthtycmzgyibiurq.supabase.co/storage/v1/object/public/crsnimages/catalogo/ac6ab9f6-a93d-4102-bf52-b4f6972d9d90.jpg,58704,25714,ninguna,ok,
37605,BREINOX 800 MG X 30 TABLETAS,https://mav.farmaciasaas.com/api/images/articulos/DISTRIBUCION/4274.jpg,https://fqeshthtycmzgyibiurq.supabase.co/storage/v1/object/public/crsnimages/catalogo/4b4f5ce6-72cb-4a0e-a14e-8f8f6b5bd321.jpg,86305,39718,ninguna,ok,
37607,BRESIS 600 MG X 30 COMPRIMIDOS RECUBIERTOS,https://mav.farmaciasaas.com/api/images/articulos/DISTRIBUCION/53310.jpg,https://fqeshthtycmzgyibiurq.supabase.co/storage/v1/object/public/crsnimages/catalogo/9a2c04a8-7773-4238-aeed-b923d235ff15.jpg,53547,23407,ninguna,ok,
37612,BROMAZEPAM 3 MG X 30 COMPRIMIDOS,https://mav.farmaciasaas.com/api/images/articulos/DISTRIBUCION/1301.jpg,https://fqeshthtycmzgyibiurq.supabase.co/storage/v1/object/public/crsnimages/catalogo/3f2a4f68-6753-405f-86e4-8a4686755ece.jpg,45279,16787,ninguna,ok,
37610,BROFLEMA 4 MG - 5 ML JARABE,https://mav.farmaciasaas.com/api/images/articulos/DISTRIBUCION/52164.jpg,https://fqeshthtycmzgyibiurq.supabase.co/storage/v1/object/public/crsnimages/catalogo/18c2e398-b0e8-4771-bd98-c5c9b3448108.jpg,128217,22342,ninguna,ok,
37611,BROLAT 5 MG - 30 MG X 10 TABLETAS,https://mav.farmaciasaas.com/api/images/articulos/DISTRIBUCION/98629.jpg,https://fqeshthtycmzgyibiurq.supabase.co/storage/v1/object/public/crsnimages/catalogo/11ec08c5-ec1f-4069-87a2-67b6333c7b43.jpg,75415,36831,ninguna,ok,
37613,BROMAZEPAM 6 MG X 30 COMPRIMIDOS,https://mav.farmaciasaas.com/api/images/articulos/DISTRIBUCION/1302.jpg,https://fqeshthtycmzgyibiurq.supabase.co/storage/v1/object/public/crsnimages/catalogo/a6ed3d7e-61ab-4326-842d-adbeb708ac32.jpg,47134,18091,ninguna,ok,
37618,BROMURO DE IPRATROPIO 20 MCG / DOSIS SOLUCION PARA INHALACION ORAL,https://pccentro.net.ve/img/s/8/0/3/3/1/80331-large_default.webp,https://fqeshthtycmzgyibiurq.supabase.co/storage/v1/object/public/crsnimages/catalogo/958ad5c4-a248-44be-a61b-1db5ef1c0358.jpg,28652,18511,ninguna,ok,
37619,BRUDOL 200 MG - 65 MG X 20 COMPRIMIDOS RECUBIERTOS,https://mav.farmaciasaas.com/api/images/articulos/DISTRIBUCION/16419.jpg,https://fqeshthtycmzgyibiurq.supabase.co/storage/v1/object/public/crsnimages/catalogo/1c1190ca-9c4e-41d2-a092-1595bc379332.jpg,57406,24852,ninguna,ok,
37621,BRUGESIC 400 MG X 10 COMPRIMIDOS,https://mav.farmaciasaas.com/api/images/articulos/DISTRIBUCION/22102.jpg,https://fqeshthtycmzgyibiurq.supabase.co/storage/v1/object/public/crsnimages/catalogo/47b67bab-0686-4202-bafd-e752330273f1.jpg,37749,12093,ninguna,ok,
37622,BRUGESIC FORTE 200 MG / 5 ML X 10 SUSPENSION ORAL,https://pccentro.net.ve/img/s/1/9/4/2/2/19422-large_default.webp,https://fqeshthtycmzgyibiurq.supabase.co/storage/v1/object/public/crsnimages/catalogo/ceb1f46a-b719-44b8-9e0e-c8c65acab284.jpg,25088,35063,ninguna,ok,
37620,BRUDOL 400 MG - 65 MG X 20 COMPRIMIDOS RECUBIERTOS,https://mav.farmaciasaas.com/api/images/articulos/DISTRIBUCION/16420.jpg,https://fqeshthtycmzgyibiurq.supabase.co/storage/v1/object/public/crsnimages/catalogo/d6a79ac9-0dcd-4e9f-8779-91e4bad70cc7.jpg,41750,14928,ninguna,ok,
37623,BRUGESIC FORTE 800 MG X 10 COMPRIMIDOS,https://mav.farmaciasaas.com/api/images/articulos/DISTRIBUCION/27805.jpg,https://fqeshthtycmzgyibiurq.supabase.co/storage/v1/object/public/crsnimages/catalogo/58901a53-176e-4280-9c9a-64d62467cadc.jpg,41334,14029,ninguna,ok,
37627,BUDEQUIT 1 MG / ML SUSPENSION PARA INHALACION ORAL,https://mav.farmaciasaas.com/api/images/articulos/DISTRIBUCION/54403.jpg,https://fqeshthtycmzgyibiurq.supabase.co/storage/v1/object/public/crsnimages/catalogo/ff1d3529-5a33-439d-8cdb-972182349c09.jpg,107298,25113,ninguna,ok,
37625,BUCOXOLGAR 3 MG - 1 MG X 12 TABLETAS MASTICABLES SABOR A MIEL LIMON,https://mav.farmaciasaas.com/api/images/articulos/DISTRIBUCION/19870.jpg,https://fqeshthtycmzgyibiurq.supabase.co/storage/v1/object/public/crsnimages/catalogo/4ff9f5d0-b90b-426d-8e93-4055cfd95016.jpg,237027,38871,ninguna,ok,
37626,BUDECORT 1 MG / ML SUSPENSION PARA INHALAR,https://mav.farmaciasaas.com/api/images/articulos/DISTRIBUCION/30268.jpg,https://fqeshthtycmzgyibiurq.supabase.co/storage/v1/object/public/crsnimages/catalogo/64e29ce2-aee2-4f32-922a-bf3a1139de4b.jpg,97766,34617,ninguna,ok,
37628,BUMELEX 0.5 MG / 2 ML X 3 AMPOLLAS,https://mav.farmaciasaas.com/api/images/articulos/DISTRIBUCION/6678.jpg,https://fqeshthtycmzgyibiurq.supabase.co/storage/v1/object/public/crsnimages/catalogo/1d441cc9-fad8-4d34-a157-a62e1d922e79.jpg,89372,42997,ninguna,ok,
37631,BUMETIN RETARD 300 MG X 20 TABLETAS DE LIBERACION PROLONGADA,https://mav.farmaciasaas.com/api/images/articulos/DISTRIBUCION/8304.jpg,https://fqeshthtycmzgyibiurq.supabase.co/storage/v1/object/public/crsnimages/catalogo/cab55d8b-519f-4289-86d2-7ac7767eb02e.jpg,71113,31695,ninguna,ok,
37630,BUMELEX 1 MG X 16 COMPRIMIDOS,https://mav.farmaciasaas.com/api/images/articulos/DISTRIBUCION/1999.jpg,https://fqeshthtycmzgyibiurq.supabase.co/storage/v1/object/public/crsnimages/catalogo/23520c43-cfc3-480d-82e2-3bfa084e0aee.jpg,81983,36847,ninguna,ok,
37629,BUMELEX 1 MG X 30 COMPRIMIDOS,https://mav.farmaciasaas.com/api/images/articulos/DISTRIBUCION/50048.jpg,https://fqeshthtycmzgyibiurq.supabase.co/storage/v1/object/public/crsnimages/catalogo/5a151b9a-00c8-4d95-94e0-026359c8434e.jpg,51495,20571,ninguna,ok,
37635,BUTILAMINA COMPUESTA 10 MG - 250 MG X 20 TABLETAS RECUBIERTAS,https://pccentro.net.ve/img/s/7/8/7/1/6/78716-large_default.webp,https://fqeshthtycmzgyibiurq.supabase.co/storage/v1/object/public/crsnimages/catalogo/43c6b935-3aa4-40ad-a76d-a67bff51c2f0.jpg,59310,29992,ninguna,ok,
37636,CABERTRIX 0.5 MG X 4 COMPRIMIDOS,https://mav.farmaciasaas.com/api/images/articulos/DISTRIBUCION/29371.jpg,https://fqeshthtycmzgyibiurq.supabase.co/storage/v1/object/public/crsnimages/catalogo/4db5d196-9db1-41a5-b210-b88fe4f17b7f.jpg,73111,34362,ninguna,ok,
37633,BUTAL 8 MG X 20 TABLETAS RECUBIERTAS,https://mav.farmaciasaas.com/api/images/articulos/DISTRIBUCION/52802.jpg,https://fqeshthtycmzgyibiurq.supabase.co/storage/v1/object/public/crsnimages/catalogo/bd492e45-8561-40f7-8d84-08a4f79b975e.jpg,58068,25265,ninguna,ok,
37641,CALCITREX D3 950 MG - 200 UI X 30 TABLETAS,https://mav.farmaciasaas.com/api/images/articulos/DISTRIBUCION/5529.jpg,https://fqeshthtycmzgyibiurq.supabase.co/storage/v1/object/public/crsnimages/catalogo/5ec0dc46-5ecc-46a5-b8ca-d8dda90a88c0.jpg,89177,34268,ninguna,ok,
37642,CALMOX 15 MG X 10 TABLETAS,https://mav.farmaciasaas.com/api/images/articulos/DISTRIBUCION/644.jpg,https://fqeshthtycmzgyibiurq.supabase.co/storage/v1/object/public/crsnimages/catalogo/f45c08cd-40f0-4b5d-9d9f-6df79f29f0dc.jpg,62520,24031,ninguna,ok,
37643,CALMOX 15 MG X 20 TABLETAS,https://mav.farmaciasaas.com/api/images/articulos/DISTRIBUCION/24411.jpg,https://fqeshthtycmzgyibiurq.supabase.co/storage/v1/object/public/crsnimages/catalogo/826588ef-5329-4f8b-b74e-8435d1634b21.jpg,62522,24031,ninguna,ok,
37644,CALMOX 7.5 MG X 10 TABLETAS,https://mav.farmaciasaas.com/api/images/articulos/DISTRIBUCION/643.jpg,https://fqeshthtycmzgyibiurq.supabase.co/storage/v1/object/public/crsnimages/catalogo/068ee3dd-91eb-4432-9cb1-7aeef06ba9b6.jpg,62520,24031,ninguna,ok,
37645,CALOXPIRINA 81 MG X 30 TABLETAS ENTERICAS,https://mav.farmaciasaas.com/api/images/articulos/DISTRIBUCION/92195.jpg,https://fqeshthtycmzgyibiurq.supabase.co/storage/v1/object/public/crsnimages/catalogo/af6c84d7-f275-470b-835e-68ecdbb9cfb3.jpg,80072,40645,ninguna,ok,
37646,CALOXPIRINA 81 MG X 100 TABLETAS ENTERICAS,https://mav.farmaciasaas.com/api/images/articulos/DISTRIBUCION/29545.jpg,https://fqeshthtycmzgyibiurq.supabase.co/storage/v1/object/public/crsnimages/catalogo/7bfa0162-e7d0-47d8-8078-b93d9805f3f9.jpg,86469,42396,ninguna,ok,
37649,CANDER HCT 16 MG - 12.5 MG X 30 TABLETAS,https://mav.farmaciasaas.com/api/images/articulos/DISTRIBUCION/99153.jpg,https://fqeshthtycmzgyibiurq.supabase.co/storage/v1/object/public/crsnimages/catalogo/19925759-ed30-4be1-a7e2-649d37cb82ce.jpg,57183,24276,ninguna,ok,
37647,CAMPAL 1 % GEL,https://mav.farmaciasaas.com/api/images/articulos/DISTRIBUCION/53178.jpg,https://fqeshthtycmzgyibiurq.supabase.co/storage/v1/object/public/crsnimages/catalogo/f89a03c3-0076-44b9-b1b7-893ddc498e3a.jpg,64754,30752,ninguna,ok,
37651,CANDER 32 MG X 30 TABLETAS,https://mav.farmaciasaas.com/api/images/articulos/DISTRIBUCION/14972.jpg,https://fqeshthtycmzgyibiurq.supabase.co/storage/v1/object/public/crsnimages/catalogo/f2c761bc-5d84-476f-9d8f-5c80c8d7538b.jpg,183212,27254,ninguna,ok,
37653,CANDER 8 MG X 10 TABLETAS,https://mav.farmaciasaas.com/api/images/articulos/DISTRIBUCION/50515.jpg,https://fqeshthtycmzgyibiurq.supabase.co/storage/v1/object/public/crsnimages/catalogo/4d573a5b-acc4-4fb6-b2cf-6104a4643223.jpg,178674,27878,ninguna,ok,
37654,CANDER 8 MG X 30 TABLETAS,https://pccentro.net.ve/img/s/2/4/0/1/6/24016-large_default.webp,https://fqeshthtycmzgyibiurq.supabase.co/storage/v1/object/public/crsnimages/catalogo/96918a31-4d23-4c1d-a05e-582ed9c99202.jpg,12922,21026,ninguna,ok,
37656,CANDESARTAN CILEXETILO 16 MG X 10 COMPRIMIDOS,https://mav.farmaciasaas.com/api/images/articulos/DISTRIBUCION/53047.jpg,https://fqeshthtycmzgyibiurq.supabase.co/storage/v1/object/public/crsnimages/catalogo/30c93284-e806-4e93-abe6-da6a33eb03b2.jpg,62219,29140,ninguna,ok,
37657,CANDESARTAN 8 MG X 10 COMPRIMIDOS,https://mav.farmaciasaas.com/api/images/articulos/DISTRIBUCION/51789.jpg,https://fqeshthtycmzgyibiurq.supabase.co/storage/v1/object/public/crsnimages/catalogo/644226d8-6750-4f84-84ed-76af36a4c215.jpg,59175,27642,ninguna,ok,
37652,CANDER 32 MG X 15 TABLETAS,https://mav.farmaciasaas.com/api/images/articulos/DISTRIBUCION/51481.jpg,https://fqeshthtycmzgyibiurq.supabase.co/storage/v1/object/public/crsnimages/catalogo/c93db100-16aa-44ad-b6cd-c727590c759a.jpg,182236,28434,ninguna,ok,
37658,CANDESARTAN 8 MG X 30 COMPRIMIDOS,https://mav.farmaciasaas.com/api/images/articulos/DISTRIBUCION/14216.jpg,https://fqeshthtycmzgyibiurq.supabase.co/storage/v1/object/public/crsnimages/catalogo/ba91c6af-0f67-4078-8886-c12315f38196.jpg,60351,27863,ninguna,ok,
37663,CANDESARTAN 8 MG X 30 TABLETAS,https://mav.farmaciasaas.com/api/images/articulos/DISTRIBUCION/23944.jpg,https://fqeshthtycmzgyibiurq.supabase.co/storage/v1/object/public/crsnimages/catalogo/7ef351e2-9668-446b-b8c0-f9190f6b28b6.jpg,77044,35139,ninguna,ok,
37659,CANDESARTAN CILEXETIL 16 MG X 28 TABLETAS,https://mav.farmaciasaas.com/api/images/articulos/DISTRIBUCION/50190.jpg,https://fqeshthtycmzgyibiurq.supabase.co/storage/v1/object/public/crsnimages/catalogo/04625a11-eaef-483a-9b04-ac2af248ca00.jpg,2165113,36814,ninguna,ok,
37664,CANDETIQUE 16 MG X 30 TABLETAS,https://mav.farmaciasaas.com/api/images/articulos/DISTRIBUCION/27011.jpg,https://fqeshthtycmzgyibiurq.supabase.co/storage/v1/object/public/crsnimages/catalogo/8f6888f8-df32-468a-b812-fac3db3cf980.jpg,56009,24598,ninguna,ok,
37661,CANDESARTAN CILEXETIL 16 MG X 30 TABLETAS,https://mav.farmaciasaas.com/api/images/articulos/DISTRIBUCION/50190.jpg,https://fqeshthtycmzgyibiurq.supabase.co/storage/v1/object/public/crsnimages/catalogo/514f6b98-6939-46a6-9dc8-240a94ccef0e.jpg,2165113,36814,ninguna,ok,
37666,CANTIP 16 MG X 30 COMPRIMIDOS,https://mav.farmaciasaas.com/api/images/articulos/DISTRIBUCION/29751.jpg,https://fqeshthtycmzgyibiurq.supabase.co/storage/v1/object/public/crsnimages/catalogo/578aacfd-8195-4029-950a-6f694bb6ff63.jpg,53128,20518,ninguna,ok,
37660,CANDESARTAN CILEXETIL 16 MG X 10 TABLETAS,https://mav.farmaciasaas.com/api/images/articulos/DISTRIBUCION/50190.jpg,https://fqeshthtycmzgyibiurq.supabase.co/storage/v1/object/public/crsnimages/catalogo/d4dfa9a4-ba3c-4dc0-aa49-2b3ab35c1c6c.jpg,2165113,36814,ninguna,ok,
37662,CANDESARTAN CILEXETIL 8 MG X 28 TABLETAS,https://mav.farmaciasaas.com/api/images/articulos/DISTRIBUCION/94869.jpg,https://fqeshthtycmzgyibiurq.supabase.co/storage/v1/object/public/crsnimages/catalogo/9e022239-8fe9-4b0d-a941-e61afe19426e.jpg,1971403,36495,ninguna,ok,
37669,CAPTOPRIL 25 MG X 30 COMPRIMIDOS,https://mav.farmaciasaas.com/api/images/articulos/DISTRIBUCION/97972.jpg,https://fqeshthtycmzgyibiurq.supabase.co/storage/v1/object/public/crsnimages/catalogo/8c3b9704-e868-4656-8af8-d158b3491a3f.jpg,55100,24148,ninguna,ok,
37667,CANTIP 8 MG X 30 COMPRIMIDOS,https://pccentro.net.ve/img/s/6/8/9/0/5/68905-large_default.webp,https://fqeshthtycmzgyibiurq.supabase.co/storage/v1/object/public/crsnimages/catalogo/4514d5f9-13f5-4f83-b906-de2bf4a23f98.jpg,14552,28940,ninguna,ok,
37672,CAPTOPRIL 25 MG X 30 TABLETAS,https://mav.farmaciasaas.com/api/images/articulos/DISTRIBUCION/99739.jpg,https://fqeshthtycmzgyibiurq.supabase.co/storage/v1/object/public/crsnimages/catalogo/0c536f47-bd2c-45b3-b2b0-d7680b11f976.jpg,24203,15071,ninguna,ok,
37673,CAPTOPRIL 50 MG X 30 TABLETAS,https://mav.farmaciasaas.com/api/images/articulos/DISTRIBUCION/99741.jpg,https://fqeshthtycmzgyibiurq.supabase.co/storage/v1/object/public/crsnimages/catalogo/c87d0d36-5933-4a0e-97c4-1f6e3663709c.jpg,24239,15089,ninguna,ok,
37674,CARBAMAZEPINA 200 MG X 30 COMPRIMIDOS,https://mav.farmaciasaas.com/api/images/articulos/DISTRIBUCION/99338.jpg,https://fqeshthtycmzgyibiurq.supabase.co/storage/v1/object/public/crsnimages/catalogo/d86d0394-2c6c-42dd-98a9-df6bd939d995.jpg,59574,27774,ninguna,ok,
37675,CARBAMAZEPINA 200 MG X 30 COMPRIMIDOS,https://mav.farmaciasaas.com/api/images/articulos/DISTRIBUCION/51392.jpg,https://fqeshthtycmzgyibiurq.supabase.co/storage/v1/object/public/crsnimages/catalogo/0d5e3f17-cdf3-4d3b-87c6-c7fd6f729476.jpg,249929,34552,ninguna,ok,
37681,CARBATIL 12.5 MG X 30 TABLETAS,https://mav.farmaciasaas.com/api/images/articulos/DISTRIBUCION/6143.jpg,https://fqeshthtycmzgyibiurq.supabase.co/storage/v1/object/public/crsnimages/catalogo/cad5d421-245e-4914-afc6-626578c5c55e.jpg,179375,34450,ninguna,ok,
37687,CARIBAN 10 MG-10 MG X 30 COMPRIMIDOS ENTERICOS,https://mav.farmaciasaas.com/api/images/articulos/DISTRIBUCION/99559.jpg,https://fqeshthtycmzgyibiurq.supabase.co/storage/v1/object/public/crsnimages/catalogo/f565c398-71bc-44bb-bb9c-d9bc0a6d5b24.jpg,58130,25923,ninguna,ok,
37684,CARBONATO DE LITIO 300 MG X 20 CAPSULAS,https://mav.farmaciasaas.com/api/images/articulos/DISTRIBUCION/4553.jpg,https://fqeshthtycmzgyibiurq.supabase.co/storage/v1/object/public/crsnimages/catalogo/cc54b63a-3baa-41ee-95b1-6232520fdde7.jpg,155467,30125,ninguna,ok,
37686,CARDIPIRINA 80 MG X 30 CAPSULAS CON MICROGRANULOS CON CUBIERTA ENTERICA,https://mav.farmaciasaas.com/api/images/articulos/DISTRIBUCION/4758.jpg,https://fqeshthtycmzgyibiurq.supabase.co/storage/v1/object/public/crsnimages/catalogo/33497660-ebce-4737-abac-39fbcacf4afb.jpg,62932,29313,ninguna,ok,
37683,CARBATIL 6.25 MG X 30 TABLETAS,https://mav.farmaciasaas.com/api/images/articulos/DISTRIBUCION/6142.jpg,https://fqeshthtycmzgyibiurq.supabase.co/storage/v1/object/public/crsnimages/catalogo/0957ca08-6393-4919-85ac-8d09414d0e82.jpg,138053,27620,ninguna,ok,
37688,CARNISIN 1 G / 10 ML SOLUCION ORAL LIBRE DE AZUCAR,https://mav.farmaciasaas.com/api/images/articulos/DISTRIBUCION/50337.jpg,https://fqeshthtycmzgyibiurq.supabase.co/storage/v1/object/public/crsnimages/catalogo/a7d2978d-cb9e-4c43-9653-733a4c4773a9.jpg,119024,61167,ninguna,ok,
37689,CARVEDIL 12.5 MG X 30 TABLETAS RECUBIERTAS,https://mav.farmaciasaas.com/api/images/articulos/DISTRIBUCION/94090.jpg,https://fqeshthtycmzgyibiurq.supabase.co/storage/v1/object/public/crsnimages/catalogo/372192e7-802a-453a-aa44-becf2970e18a.jpg,43504,16164,ninguna,ok,
37691,CARVEDILOL 12.5 MG X 30 COMPRIMIDOS,https://mav.farmaciasaas.com/api/images/articulos/DISTRIBUCION/99061.jpg,https://fqeshthtycmzgyibiurq.supabase.co/storage/v1/object/public/crsnimages/catalogo/4a58681d-69c4-422e-8704-bc1810c1fd08.jpg,23792,15492,ninguna,ok,
37699,CARVEDILOL 6.25 MG X 30 TABLETAS RECUBIERTAS,https://mav.farmaciasaas.com/api/images/articulos/DISTRIBUCION/54223.jpg,https://fqeshthtycmzgyibiurq.supabase.co/storage/v1/object/public/crsnimages/catalogo/a0dcfe4e-0adc-4b77-b42f-1cc438825f6f.jpg,62780,16535,ninguna,ok,
37690,CARVEDIL 6.25 MG X 30 TABLETAS RECUBIERTAS,https://pccentro.net.ve/img/s/5/6/2/6/1/56261-large_default.webp,https://fqeshthtycmzgyibiurq.supabase.co/storage/v1/object/public/crsnimages/catalogo/91a9baf6-85ef-4546-9b74-7ddd5131575b.jpg,26446,50958,ninguna,ok,
37697,CARVEDILOL 25 MG X 30 COMPRIMIDOS,https://pccentro.net.ve/img/s/4/0/4/7/4/40474-large_default.webp,https://fqeshthtycmzgyibiurq.supabase.co/storage/v1/object/public/crsnimages/catalogo/721392da-bfe0-40db-8d85-f1486d9f53eb.jpg,7850,19396,ninguna,ok,
37700,CARVEDILOL 6.25 MG X 20 TABLETAS RECUBIERTAS,https://mav.farmaciasaas.com/api/images/articulos/DISTRIBUCION/9486.jpg,https://fqeshthtycmzgyibiurq.supabase.co/storage/v1/object/public/crsnimages/catalogo/c5a188d3-8b4d-476e-9ce2-4b25ff1215a4.jpg,50965,20443,ninguna,ok,
37701,CARVEDILOL 25 MG X 14 TABLETAS RECUBIERTAS,https://pccentro.net.ve/img/s/8/3/8/7/1/83871-large_default.webp,https://fqeshthtycmzgyibiurq.supabase.co/storage/v1/object/public/crsnimages/catalogo/8364ec75-b398-41f3-a185-2bb035eff519.jpg,40548,27008,ninguna,ok,
37706,CEFADROXILO 500 MG X 10 CAPSULAS,https://mav.farmaciasaas.com/api/images/articulos/DISTRIBUCION/22822.jpg,https://fqeshthtycmzgyibiurq.supabase.co/storage/v1/object/public/crsnimages/catalogo/1a00a85f-abc9-4b43-a99a-ceb1f29977aa.jpg,60006,28317,ninguna,ok,
37703,CEBION 1 G X 10 TABLETAS EFERVESCENTES SABOR A NARANJA,https://mav.farmaciasaas.com/api/images/articulos/DISTRIBUCION/5017.jpg,https://fqeshthtycmzgyibiurq.supabase.co/storage/v1/object/public/crsnimages/catalogo/bcfcf684-76e1-444e-97db-903f21f67b2e.jpg,86729,41927,ninguna,ok,
37702,CARVEDILOL 25 MG X 28 TABLETAS RECUBIERTAS,https://mav.farmaciasaas.com/api/images/articulos/DISTRIBUCION/30061.jpg,https://fqeshthtycmzgyibiurq.supabase.co/storage/v1/object/public/crsnimages/catalogo/c6ae853e-2c1e-47d7-9482-454b4e8166be.jpg,25325,15949,ninguna,ok,
37716,CEFONAX 500 MG X 16 CAPSULAS,https://mav.farmaciasaas.com/api/images/articulos/DISTRIBUCION/11648.jpg,https://fqeshthtycmzgyibiurq.supabase.co/storage/v1/object/public/crsnimages/catalogo/42869217-cb2e-4188-9551-0bde96f4c44e.jpg,41450,14773,ninguna,ok,
37721,CELAY 5 MG / 5 ML SOLUCION ORAL,https://mav.farmaciasaas.com/api/images/articulos/DISTRIBUCION/96253.jpg,https://fqeshthtycmzgyibiurq.supabase.co/storage/v1/object/public/crsnimages/catalogo/b82a683d-bbf2-48de-a0ed-8eca81bb1caa.jpg,21874,14238,ninguna,ok,
37710,CEFALOTINA 1 G X 10 AMPOLLAS,https://mav.farmaciasaas.com/api/images/articulos/DISTRIBUCION/51987.jpg,https://fqeshthtycmzgyibiurq.supabase.co/storage/v1/object/public/crsnimages/catalogo/3ac3113b-cf58-41a8-84a5-bdb064d0e54f.jpg,51842,19884,ninguna,ok,
37712,CEFIXIMA 400 MG X 5 CAPSULAS,https://mav.farmaciasaas.com/api/images/articulos/DISTRIBUCION/29896.jpg,https://fqeshthtycmzgyibiurq.supabase.co/storage/v1/object/public/crsnimages/catalogo/88ed7a7d-f533-4a56-ab5f-4d3b00dbf0e7.jpg,53202,23634,ninguna,ok,
37723,CELESTREN 0.075 MG X 28 TABLETAS RECUBIERTAS,https://mav.farmaciasaas.com/api/images/articulos/DISTRIBUCION/50668.jpg,https://fqeshthtycmzgyibiurq.supabase.co/storage/v1/object/public/crsnimages/catalogo/f789eb48-8c29-4914-bb85-5532ed4b81db.jpg,70082,29651,ninguna,ok,
37724,CETERIX 5 MG / 5 ML SOLUCION ORAL,https://mav.farmaciasaas.com/api/images/articulos/DISTRIBUCION/53603.jpg,https://fqeshthtycmzgyibiurq.supabase.co/storage/v1/object/public/crsnimages/catalogo/40bddc5d-adc9-4695-ba20-b57b36d7a699.jpg,59721,25379,ninguna,ok,
37728,CETIRIZINA 10 MG X 10 COMPRIMIDOS RECUBIERTOS,https://mav.farmaciasaas.com/api/images/articulos/DISTRIBUCION/11497.jpg,https://fqeshthtycmzgyibiurq.supabase.co/storage/v1/object/public/crsnimages/catalogo/1cb4f099-3a04-439c-8795-89f79fbf25ae.jpg,69494,30967,ninguna,ok,
37729,CETIRIZINA 1 MG / ML SOLUCION ORAL,https://mav.farmaciasaas.com/api/images/articulos/DISTRIBUCION/7587.jpg,https://fqeshthtycmzgyibiurq.supabase.co/storage/v1/object/public/crsnimages/catalogo/400c33c9-479b-4ee9-882c-81b2e0e64313.jpg,71372,31734,ninguna,ok,
37726,CETIRIZINA DICLORHIDRATO 10 MG X 10 TABLETAS RECUBIERTAS,https://mav.farmaciasaas.com/api/images/articulos/DISTRIBUCION/1505.jpg,https://fqeshthtycmzgyibiurq.supabase.co/storage/v1/object/public/crsnimages/catalogo/0ec2e784-9259-4c30-9200-a477a59a94a9.jpg,21606,12599,ninguna,ok,
37732,CETRAL 10 MG / ML SOLUCION ORAL,https://mav.farmaciasaas.com/api/images/articulos/DISTRIBUCION/645.jpg,https://fqeshthtycmzgyibiurq.supabase.co/storage/v1/object/public/crsnimages/catalogo/5c279935-b2e9-4a93-b289-5d7eba2c1305.jpg,56929,22165,ninguna,ok,
37725,CETIDEX 5 MG / 5 ML SOLUCION ORAL,https://mav.farmaciasaas.com/api/images/articulos/DISTRIBUCION/54330.jpg,https://fqeshthtycmzgyibiurq.supabase.co/storage/v1/object/public/crsnimages/catalogo/e28b4cb9-a9c9-48d8-8a46-2a730dea4ec2.jpg,526233,50618,ninguna,ok,
37733,CETRAL 10 MG X 10 TABLETAS,https://mav.farmaciasaas.com/api/images/articulos/DISTRIBUCION/626.jpg,https://fqeshthtycmzgyibiurq.supabase.co/storage/v1/object/public/crsnimages/catalogo/4ebfe85b-c4cd-4c27-a274-7cabae9cfb35.jpg,48435,19121,ninguna,ok,
37731,CETRAL D 5 MG - 60 MG / 5 ML SOLUCION ORAL,https://mav.farmaciasaas.com/api/images/articulos/DISTRIBUCION/91326.jpg,https://fqeshthtycmzgyibiurq.supabase.co/storage/v1/object/public/crsnimages/catalogo/1811e9f8-d96b-4acc-bd29-dd1542478199.jpg,68266,31987,ninguna,ok,
37737,CIATAL 500 MG / 2 ML X 1 AMPOLLA,https://mav.farmaciasaas.com/api/images/articulos/DISTRIBUCION/51327.jpg,https://fqeshthtycmzgyibiurq.supabase.co/storage/v1/object/public/crsnimages/catalogo/e70bbb61-6c9f-49ed-bc04-657b0a86edb9.jpg,55307,22181,ninguna,ok,
37736,CIALIS 20 MG X 1 COMPRIMIDO RECUBIERTO,https://mav.farmaciasaas.com/api/images/articulos/DISTRIBUCION/3344.jpg,https://fqeshthtycmzgyibiurq.supabase.co/storage/v1/object/public/crsnimages/catalogo/b4e9c3da-2e1b-4764-b1bc-335383ab8bf7.jpg,68216,29494,ninguna,ok,
37739,CICLOFTAL1 % SOLUCION OFTALMICA,https://mav.farmaciasaas.com/api/images/articulos/DISTRIBUCION/9675.jpg,https://fqeshthtycmzgyibiurq.supabase.co/storage/v1/object/public/crsnimages/catalogo/48d27f33-8128-4038-8431-84b40d247960.jpg,85943,29925,ninguna,ok,
37738,CIATAL 500 MG / 2 ML X 9 AMPOLLAS,https://mav.farmaciasaas.com/api/images/articulos/DISTRIBUCION/25233.jpg,https://fqeshthtycmzgyibiurq.supabase.co/storage/v1/object/public/crsnimages/catalogo/ed548efd-3006-4cce-afba-68661e57f1a5.jpg,53829,21407,ninguna,ok,
37740,CICLOKAN 500 MG / 5 ML X 1 AMPOLLA,https://mav.farmaciasaas.com/api/images/articulos/DISTRIBUCION/94107.jpg,https://fqeshthtycmzgyibiurq.supabase.co/storage/v1/object/public/crsnimages/catalogo/e67a82a0-309e-44c6-8600-9df6f3d2494e.jpg,49881,20474,ninguna,ok,
37741,CICLOKAN 500 MG X 21 COMPRIMIDOS RECUBIERTOS,https://mav.farmaciasaas.com/api/images/articulos/DISTRIBUCION/16882.jpg,https://fqeshthtycmzgyibiurq.supabase.co/storage/v1/object/public/crsnimages/catalogo/e0b649fd-11d0-45ce-b186-2ce5f148a29f.jpg,47364,18062,ninguna,ok,
37746,CINAREN 75 MG X 20 CAPSULAS,https://mav.farmaciasaas.com/api/images/articulos/DISTRIBUCION/7434.jpg,https://fqeshthtycmzgyibiurq.supabase.co/storage/v1/object/public/crsnimages/catalogo/9dceb7d3-ae52-414f-83e2-c288cb456e12.jpg,50864,20475,ninguna,ok,
37743,CIFARCAINA AL 1 % SOLUCION INYECTABLE,https://mav.farmaciasaas.com/api/images/articulos/DISTRIBUCION/836.jpg,https://fqeshthtycmzgyibiurq.supabase.co/storage/v1/object/public/crsnimages/catalogo/bc4fcacd-25a5-4ebd-b2a2-658a683480b8.jpg,59937,26876,ninguna,ok,
37747,CINAREN 25 MG X 30 COMPRIMIDOS,https://mav.farmaciasaas.com/api/images/articulos/DISTRIBUCION/28507.jpg,https://fqeshthtycmzgyibiurq.supabase.co/storage/v1/object/public/crsnimages/catalogo/df480694-03be-4668-93b5-e823114e7fa9.jpg,55631,15559,ninguna,ok,
37750,CIPROFLOX 500 MG X 12 TABLETAS RECUBIERTAS,https://mav.farmaciasaas.com/api/images/articulos/DISTRIBUCION/91927.jpg,https://fqeshthtycmzgyibiurq.supabase.co/storage/v1/object/public/crsnimages/catalogo/590677a8-419a-472d-859f-bfbae6aefed0.jpg,39234,13044,ninguna,ok,
37757,CIPROFLOXACINA 500 MG X 14 TABLETAS RECUBIERTAS,https://mav.farmaciasaas.com/api/images/articulos/DISTRIBUCION/12057.jpg,https://fqeshthtycmzgyibiurq.supabase.co/storage/v1/object/public/crsnimages/catalogo/3b0b7f43-9c9c-479e-92d5-9c138ba5294f.jpg,73300,34882,ninguna,ok,
37764,CITICOLINA 500 MG X 10 TABLETAS RECUBIERTAS,https://mav.farmaciasaas.com/api/images/articulos/DISTRIBUCION/9109.jpg,https://fqeshthtycmzgyibiurq.supabase.co/storage/v1/object/public/crsnimages/catalogo/991f9855-af9b-447c-9968-1f5c469bfb3f.jpg,24871,15604,ninguna,ok,
37762,CIPROFLOXACINO 500 MG X 14 TABLETAS RECUBIERTAS,https://mav.farmaciasaas.com/api/images/articulos/DISTRIBUCION/54467.jpg,https://fqeshthtycmzgyibiurq.supabase.co/storage/v1/object/public/crsnimages/catalogo/07dd758a-040f-4bcc-8e84-fad741fb9fae.jpg,29843,20297,ninguna,ok,
37748,CINNARIZINA 75 MG X 10 CAPSULAS,https://mav.farmaciasaas.com/api/images/articulos/DISTRIBUCION/90809.jpg,https://fqeshthtycmzgyibiurq.supabase.co/storage/v1/object/public/crsnimages/catalogo/9f4f216f-b351-43ce-9548-5160c4763fd7.jpg,24696,15383,ninguna,ok,
37765,CITICOLINA 500 MG X 30 TABLETAS RECUBIERTAS,https://mav.farmaciasaas.com/api/images/articulos/DISTRIBUCION/22770.jpg,https://fqeshthtycmzgyibiurq.supabase.co/storage/v1/object/public/crsnimages/catalogo/41a8c0c4-5ea0-4c75-bbc6-4448a971d2dc.jpg,25215,15689,ninguna,ok,
37770,CLARITROMICINA 500 MG X 10 TABLETAS RECUBIERTAS,https://mav.farmaciasaas.com/api/images/articulos/DISTRIBUCION/1501.jpg,https://fqeshthtycmzgyibiurq.supabase.co/storage/v1/object/public/crsnimages/catalogo/0b755f59-ead0-4c37-b8de-e3aa5a968717.jpg,26019,16582,ninguna,ok,
37772,CLENBUNAL 0.020 MG X 10 COMPRIMIDOS,https://mav.farmaciasaas.com/api/images/articulos/DISTRIBUCION/7942.jpg,https://fqeshthtycmzgyibiurq.supabase.co/storage/v1/object/public/crsnimages/catalogo/51003452-7cc6-4be0-be04-c0d519cd345b.jpg,82949,36169,ninguna,ok,
37773,CLENBUNAL 0.020 MG X 20 COMPRIMIDOS,https://mav.farmaciasaas.com/api/images/articulos/DISTRIBUCION/5981.jpg,https://fqeshthtycmzgyibiurq.supabase.co/storage/v1/object/public/crsnimages/catalogo/fa1de710-caae-442d-88e4-da234cb918b0.jpg,82509,35988,ninguna,ok,
37776,CLENBUTEROL CLORHIDRATO 10 MCG / 5 ML JARABE,https://mav.farmaciasaas.com/api/images/articulos/DISTRIBUCION/54332.jpg,https://fqeshthtycmzgyibiurq.supabase.co/storage/v1/object/public/crsnimages/catalogo/ba527117-4469-440b-a5ee-6f4040d90406.jpg,382653,38880,ninguna,ok,
37781,CLINAC 1 % - 5 % GEL,https://mav.farmaciasaas.com/api/images/articulos/DISTRIBUCION/14908.jpg,https://fqeshthtycmzgyibiurq.supabase.co/storage/v1/object/public/crsnimages/catalogo/32e8650f-f731-443f-81a0-3dae35fd672b.jpg,66806,31031,ninguna,ok,
37785,CLODOXIN 10 MG - 100 MG X 10 COMPRIMIDOS RECUBIERTOS,https://mav.farmaciasaas.com/api/images/articulos/DISTRIBUCION/29066.jpg,https://fqeshthtycmzgyibiurq.supabase.co/storage/v1/object/public/crsnimages/catalogo/39f7f42f-d579-47a1-95e2-135bfc0c9c18.jpg,493947,48163,ninguna,ok,
37780,CLENOSAN 90 MG X 30 COMPRIMIDOS RECUBIERTOS,https://mav.farmaciasaas.com/api/images/articulos/DISTRIBUCION/52057.jpg,https://fqeshthtycmzgyibiurq.supabase.co/storage/v1/object/public/crsnimages/catalogo/c79d7db0-9594-4744-b204-6dbd80110123.jpg,69149,33239,ninguna,ok,
37779,CLENBUNAL 0.01 MG / 5 ML JARABE,https://mav.farmaciasaas.com/api/images/articulos/DISTRIBUCION/7209.jpg,https://fqeshthtycmzgyibiurq.supabase.co/storage/v1/object/public/crsnimages/catalogo/130e170e-9c12-4ffd-a7c1-d45a815834c2.jpg,54368,22056,ninguna,ok,
37786,CLOFEN 100 MG X 10 CAPSULAS DE ACCION PROLONGADA,https://mav.farmaciasaas.com/api/images/articulos/DISTRIBUCION/433.jpg,https://fqeshthtycmzgyibiurq.supabase.co/storage/v1/object/public/crsnimages/catalogo/6f5be812-8ed6-4da6-ae50-ab81dc196f03.jpg,20276,12220,ninguna,ok,
37782,CLINDAMICINA 600 MG / 4 ML X 1 AMPOLLA,https://mav.farmaciasaas.com/api/images/articulos/DISTRIBUCION/5821.jpg,https://fqeshthtycmzgyibiurq.supabase.co/storage/v1/object/public/crsnimages/catalogo/a908fbe5-1767-46c7-8b19-2c3f19992663.jpg,115999,35638,ninguna,ok,
37789,CLONATRIL 0.5 MG X 30 COMPRIMIDOS,https://pccentro.net.ve/img/s/2/4/1/6/2/24162-large_default.webp,https://fqeshthtycmzgyibiurq.supabase.co/storage/v1/object/public/crsnimages/catalogo/a3c2bfa8-1b2b-4683-8363-baa3430a3ebb.jpg,11892,19990,ninguna,ok,
37791,CLONATRIL 2 MG X 30 COMPRIMIDOS,https://mav.farmaciasaas.com/api/images/articulos/DISTRIBUCION/6642.jpg,https://fqeshthtycmzgyibiurq.supabase.co/storage/v1/object/public/crsnimages/catalogo/a0b930d7-aa36-48a5-a37d-9f0d23cc8b2e.jpg,63199,26703,ninguna,ok,
37794,CLONIDINA CLORHIDRATO 0.150 MG / ML X 2 AMPOLLAS,https://mav.farmaciasaas.com/api/images/articulos/DISTRIBUCION/2086.jpg,https://fqeshthtycmzgyibiurq.supabase.co/storage/v1/object/public/crsnimages/catalogo/1beed2a9-3cbb-43da-9a1e-18cea6f437b8.jpg,209041,31029,ninguna,ok,
37790,CLONATRIL 1 MG X 30 COMPRIMIDOS,https://mav.farmaciasaas.com/api/images/articulos/DISTRIBUCION/20153.jpg,https://fqeshthtycmzgyibiurq.supabase.co/storage/v1/object/public/crsnimages/catalogo/94c27246-843b-4259-8ca1-19a2dc204ab8.jpg,63766,26362,ninguna,ok,
37796,CLONIPRES 0.150 MG X 20 COMPRIMIDOS,https://mav.farmaciasaas.com/api/images/articulos/DISTRIBUCION/8267.jpg,https://fqeshthtycmzgyibiurq.supabase.co/storage/v1/object/public/crsnimages/catalogo/6d03e954-e0f5-4417-b479-8771e1489afc.jpg,58080,25797,ninguna,ok,
37797,CLONIPRES 0.150 MG / ML X 3 AMPOLLAS,https://pccentro.net.ve/img/s/7/4/6/6/6/74666-large_default.webp,https://fqeshthtycmzgyibiurq.supabase.co/storage/v1/object/public/crsnimages/catalogo/ac0346d8-fe5f-45ba-af4c-11a1a2abcba6.jpg,8794,19487,ninguna,ok,
37799,CLONZEP 2 MG X 30 TABLETAS,https://mav.farmaciasaas.com/api/images/articulos/DISTRIBUCION/13115.jpg,https://fqeshthtycmzgyibiurq.supabase.co/storage/v1/object/public/crsnimages/catalogo/b0435a37-6aa1-46b5-9025-b2b9f94cdfea.jpg,175579,26367,ninguna,ok,
37804,CLOPIDOGREL 75 MG X 14 TABLETAS RECUBIERTAS,https://mav.farmaciasaas.com/api/images/articulos/DISTRIBUCION/96822.jpg,https://fqeshthtycmzgyibiurq.supabase.co/storage/v1/object/public/crsnimages/catalogo/09b2348c-6b2f-49d9-9249-c3db7b93f86d.jpg,24311,15412,ninguna,ok,
37798,CLONZEP 0.5 MG X 30 TABLETAS,https://mav.farmaciasaas.com/api/images/articulos/DISTRIBUCION/13114.jpg,https://fqeshthtycmzgyibiurq.supabase.co/storage/v1/object/public/crsnimages/catalogo/eaa90b85-8ee4-4bc5-b9b6-87c732b333b9.jpg,176384,27030,ninguna,ok,
37800,CLOPIDEX 75 MG X 30 TABLETAS RECUBIERTAS,https://mav.farmaciasaas.com/api/images/articulos/DISTRIBUCION/94886.jpg,https://fqeshthtycmzgyibiurq.supabase.co/storage/v1/object/public/crsnimages/catalogo/c832042f-2833-4645-9895-962e87c26083.jpg,450130,40814,ninguna,ok,
37801,CLOPIDOGREL 75 MG X 14 COMPRIMIDOS RECUBIERTOS,https://mav.farmaciasaas.com/api/images/articulos/DISTRIBUCION/52340.jpg,https://fqeshthtycmzgyibiurq.supabase.co/storage/v1/object/public/crsnimages/catalogo/c213a926-e041-4181-a6e9-7bfb825c0812.jpg,47464,18217,ninguna,ok,
37808,CLOPIVAL 75 MG X 30 TABLETAS RECUBIERTAS,https://mav.farmaciasaas.com/api/images/articulos/DISTRIBUCION/11595.jpg,https://fqeshthtycmzgyibiurq.supabase.co/storage/v1/object/public/crsnimages/catalogo/a03e87aa-9506-49b9-85b2-98fe432d4f49.jpg,202204,31277,ninguna,ok,
37813,CLORACOLD 30 MG - 5 MG / 5 ML SOLUCION ORAL,https://mav.farmaciasaas.com/api/images/articulos/DISTRIBUCION/53063.jpg,https://fqeshthtycmzgyibiurq.supabase.co/storage/v1/object/public/crsnimages/catalogo/cb7f530c-7716-44c0-be93-59f83155d277.jpg,67031,31209,ninguna,ok,
37811,CLORACE 500 MG - 4 MG X 20 TABLETAS,https://mav.farmaciasaas.com/api/images/articulos/DISTRIBUCION/97306.jpg,https://fqeshthtycmzgyibiurq.supabase.co/storage/v1/object/public/crsnimages/catalogo/f5e0437e-3fe9-4907-ba7f-181ccf9420a8.jpg,93937,40645,ninguna,ok,
37812,CLORACE 500 MG - 4 MG X 10 TABLETAS,https://mav.farmaciasaas.com/api/images/articulos/DISTRIBUCION/9598.jpg,https://fqeshthtycmzgyibiurq.supabase.co/storage/v1/object/public/crsnimages/catalogo/1a473cd3-cfa4-4073-9409-d83a8a6d1eca.jpg,91034,45887,ninguna,ok,
37815,DOPALEN 200 MG X 10 CAPSULAS DE LIBERACION PROLONGADA,https://mav.farmaciasaas.com/api/images/articulos/DISTRIBUCION/28633.jpg,https://fqeshthtycmzgyibiurq.supabase.co/storage/v1/object/public/crsnimages/catalogo/d0fcea91-a34b-4f89-8b91-cca439662cc8.jpg,59221,24480,ninguna,ok,
37822,CLOTRIMAZOL 10 % CREMA VAGINAL,https://mav.farmaciasaas.com/api/images/articulos/DISTRIBUCION/15301.jpg,https://fqeshthtycmzgyibiurq.supabase.co/storage/v1/object/public/crsnimages/catalogo/3e2eb05c-51d2-4418-a11a-b9836061c0a3.jpg,57165,24270,ninguna,ok,
37826,CODEBROMIL PLUS 15 MG - 3 MG / 15 ML JARABE,https://mav.farmaciasaas.com/api/images/articulos/DISTRIBUCION/19724.jpg,https://fqeshthtycmzgyibiurq.supabase.co/storage/v1/object/public/crsnimages/catalogo/336b0ec1-8f79-4886-bc04-b0d0e4739dc1.jpg,69745,32073,ninguna,ok,
37809,CLOPTAN 75 MG X 30 TABLETAS RECUBIERTAS,https://mav.farmaciasaas.com/api/images/articulos/DISTRIBUCION/20161.jpg,https://fqeshthtycmzgyibiurq.supabase.co/storage/v1/object/public/crsnimages/catalogo/9395ddd2-a91d-4a89-ad7a-a05f16d23276.jpg,56563,24300,ninguna,ok,
37828,COLFENE 400 MG - 4 MG X 10 COMPRIMIDOS RECUBIERTOS,https://mav.farmaciasaas.com/api/images/articulos/DISTRIBUCION/6165.jpg,https://fqeshthtycmzgyibiurq.supabase.co/storage/v1/object/public/crsnimages/catalogo/a6e391d7-bc44-471e-9e65-814e2f7cf687.jpg,49433,19331,ninguna,ok,
37829,COLFENE 600 MG - 4 MG X 15 COMPRIMIDOS RECUBIERTOS,https://mav.farmaciasaas.com/api/images/articulos/DISTRIBUCION/97446.jpg,https://fqeshthtycmzgyibiurq.supabase.co/storage/v1/object/public/crsnimages/catalogo/3e454fdb-3ca0-41ef-be11-5cbe32e5ae5d.jpg,39901,14473,ninguna,ok,
37833,COLVAL 4 MG X 12 COMPRIMIDOS,https://mav.farmaciasaas.com/api/images/articulos/DISTRIBUCION/8062.jpg,https://fqeshthtycmzgyibiurq.supabase.co/storage/v1/object/public/crsnimages/catalogo/910bf00e-616d-4d72-b55d-888060949380.jpg,161678,23442,ninguna,ok,
37836,CONEXINE 50 MG X 30 COMPRIMIDOS RECUBIERTOS,https://mav.farmaciasaas.com/api/images/articulos/DISTRIBUCION/29374.jpg,https://fqeshthtycmzgyibiurq.supabase.co/storage/v1/object/public/crsnimages/catalogo/d711a0ae-fd12-45d9-8fdd-b5b9db16f692.jpg,51111,19405,ninguna,ok,
37837,CONTRADOL 100 MG / ML SOLUCION ORAL,https://mav.farmaciasaas.com/api/images/articulos/DISTRIBUCION/50553.jpg,https://fqeshthtycmzgyibiurq.supabase.co/storage/v1/object/public/crsnimages/catalogo/c6c952d4-a42a-47f1-8f29-bfa0173a8e8f.jpg,123262,15727,ninguna,ok,
37839,CORBIS 10 MG X 30 COMPRIMIDOS RECUBIERTOS,https://mav.farmaciasaas.com/api/images/articulos/DISTRIBUCION/23009.jpg,https://fqeshthtycmzgyibiurq.supabase.co/storage/v1/object/public/crsnimages/catalogo/32ee7b64-9cc4-4e6c-9263-fc239740905c.jpg,49637,18247,ninguna,ok,
37840,CORBIS 5 MG X 30 COMPRIMIDOS RECUBIERTOS,https://mav.farmaciasaas.com/api/images/articulos/DISTRIBUCION/23008.jpg,https://fqeshthtycmzgyibiurq.supabase.co/storage/v1/object/public/crsnimages/catalogo/a9d00373-4641-46bc-bae6-e64812151f0c.jpg,50108,20594,ninguna,ok,
37838,CORAZEM 60 MG X 20 TABLETAS RECUBIERTAS,https://mav.farmaciasaas.com/api/images/articulos/DISTRIBUCION/10134.jpg,https://fqeshthtycmzgyibiurq.supabase.co/storage/v1/object/public/crsnimages/catalogo/4596625c-3466-4239-bffc-8d8328cafe83.jpg,69149,30358,ninguna,ok,
37843,CORENTEL 1.25 MG X 10 COMPRIMIDOS RECUBIERTOS,https://mav.farmaciasaas.com/api/images/articulos/DISTRIBUCION/28209.jpg,https://fqeshthtycmzgyibiurq.supabase.co/storage/v1/object/public/crsnimages/catalogo/9a245987-14b0-46ad-b838-f7558c809f98.jpg,66805,32689,ninguna,ok,
37834,COLYPAN 200 MG X 10 TABLETAS,https://mav.farmaciasaas.com/api/images/articulos/DISTRIBUCION/16762.jpg,https://fqeshthtycmzgyibiurq.supabase.co/storage/v1/object/public/crsnimages/catalogo/5cde619a-8be2-45cc-8982-b28944a0853b.jpg,47127,17513,ninguna,ok,
37845,CORENTEL 5 MG X 30 COMPRIMIDOS RECUBIERTOS,https://mav.farmaciasaas.com/api/images/articulos/DISTRIBUCION/10042.jpg,https://fqeshthtycmzgyibiurq.supabase.co/storage/v1/object/public/crsnimages/catalogo/9ec6612b-a16b-4b39-8419-193de5a2b0ef.jpg,64438,31243,ninguna,ok,
37846,CORENTEL 5 MG X 10 COMPRIMIDOS RECUBIERTOS,https://mav.farmaciasaas.com/api/images/articulos/DISTRIBUCION/10024.jpg,https://fqeshthtycmzgyibiurq.supabase.co/storage/v1/object/public/crsnimages/catalogo/aa6c330e-040c-4b82-9fad-72d9bd64b41d.jpg,64331,31163,ninguna,ok,
37848,COROPRES HCT 16 MG - 12.5 MG X 30 COMPRIMIDOS,https://mav.farmaciasaas.com/api/images/articulos/DISTRIBUCION/96010.jpg,https://fqeshthtycmzgyibiurq.supabase.co/storage/v1/object/public/crsnimages/catalogo/0c692afd-5ba1-42b9-aba8-b19a024975c7.jpg,74423,37415,ninguna,ok,
37847,COROPRES HCT 16 MG - 12.5 MG X 10 COMPRIMIDOS,https://mav.farmaciasaas.com/api/images/articulos/DISTRIBUCION/28208.jpg,https://fqeshthtycmzgyibiurq.supabase.co/storage/v1/object/public/crsnimages/catalogo/d304d532-59c1-4ca0-8ec8-3562afffcc76.jpg,75582,38966,ninguna,ok,
37851,COVENTROL 6.25 MG X 30 COMPRIMIDOS,https://mav.farmaciasaas.com/api/images/articulos/DISTRIBUCION/99167.jpg,https://fqeshthtycmzgyibiurq.supabase.co/storage/v1/object/public/crsnimages/catalogo/9fc98c56-0272-4ae0-8dd3-ca7520995e28.jpg,62337,27200,ninguna,ok,
37849,COROPRES 8 MG X 30 COMPRIMIDOS,https://mav.farmaciasaas.com/api/images/articulos/DISTRIBUCION/98452.jpg,https://fqeshthtycmzgyibiurq.supabase.co/storage/v1/object/public/crsnimages/catalogo/980000a1-a2fa-4fd2-9be7-7b7fbc2a79d5.jpg,65850,32375,ninguna,ok,
37854,CRISPLUS 120 MG X 30 CAPSULAS,https://mav.farmaciasaas.com/api/images/articulos/DISTRIBUCION/28167.jpg,https://fqeshthtycmzgyibiurq.supabase.co/storage/v1/object/public/crsnimages/catalogo/e68a673b-d750-4d05-ae8e-1ef923ec66fd.jpg,56857,24236,ninguna,ok,
37855,CURPINOL 6.25 MG X 10 COMPRIMIDOS,https://mav.farmaciasaas.com/api/images/articulos/DISTRIBUCION/26063.jpg,https://fqeshthtycmzgyibiurq.supabase.co/storage/v1/object/public/crsnimages/catalogo/f1b6647c-21ad-48af-947b-3e567482020b.jpg,55065,22907,ninguna,ok,
37853,CRISOMET 50 MG - 500 MG X 30 TABLETAS RECUBIERTAS,https://mav.farmaciasaas.com/api/images/articulos/DISTRIBUCION/19232.jpg,https://fqeshthtycmzgyibiurq.supabase.co/storage/v1/object/public/crsnimages/catalogo/ed1a11c6-68ed-41bd-b70b-84f1467c2881.jpg,65639,29387,ninguna,ok,
37852,CRISOMET 50 MG - 500 MG X 10 TABLETAS RECUBIERTAS,https://mav.farmaciasaas.com/api/images/articulos/DISTRIBUCION/16905.jpg,https://fqeshthtycmzgyibiurq.supabase.co/storage/v1/object/public/crsnimages/catalogo/12880520-dfd6-4afd-9ccb-718fa81a5325.jpg,55792,23778,ninguna,ok,
37857,CYPRAL 500 MG X 14 TABLETAS RECUBIERTAS,https://mav.farmaciasaas.com/api/images/articulos/DISTRIBUCION/3660.jpg,https://fqeshthtycmzgyibiurq.supabase.co/storage/v1/object/public/crsnimages/catalogo/0cd365f5-e1de-4d30-b016-7e8f72914368.jpg,48616,19287,ninguna,ok,
37856,CURPINOL 6.25 MG X 30 COMPRIMIDOS,https://mav.farmaciasaas.com/api/images/articulos/DISTRIBUCION/92400.jpg,https://fqeshthtycmzgyibiurq.supabase.co/storage/v1/object/public/crsnimages/catalogo/1e05e784-88fe-411c-aaef-41e78b0bf69b.jpg,47219,19091,ninguna,ok,
37859,CYPRAL 750 MG X 6 TABLETAS RECUBIERTAS,https://mav.farmaciasaas.com/api/images/articulos/DISTRIBUCION/11353.jpg,https://fqeshthtycmzgyibiurq.supabase.co/storage/v1/object/public/crsnimages/catalogo/c7532243-331a-415b-9c3f-9a364b19cf0d.jpg,50627,21310,ninguna,ok,
37858,CYPRAL 500 MG X 20 TABLETAS RECUBIERTAS,https://mav.farmaciasaas.com/api/images/articulos/DISTRIBUCION/92798.jpg,https://fqeshthtycmzgyibiurq.supabase.co/storage/v1/object/public/crsnimages/catalogo/0242f9a1-f63a-4202-a729-d295c93c8bd3.jpg,55137,24351,ninguna,ok,
37860,DALCITRIN 2 % UNGUENTO,https://mav.farmaciasaas.com/api/images/articulos/DISTRIBUCION/28692.jpg,https://fqeshthtycmzgyibiurq.supabase.co/storage/v1/object/public/crsnimages/catalogo/da1978de-7445-4032-92bb-8ecec1cac85d.jpg,42116,15419,ninguna,ok,
37862,DALTAZEN 60 MG X 10 COMPRIMIDOS,https://mav.farmaciasaas.com/api/images/articulos/DISTRIBUCION/28478.jpg,https://fqeshthtycmzgyibiurq.supabase.co/storage/v1/object/public/crsnimages/catalogo/da4d7eed-077c-4db4-b016-d11be85db52e.jpg,60952,29118,ninguna,ok,
37863,DALTAZEN 60 MG X 20 COMPRIMIDOS,https://mav.farmaciasaas.com/api/images/articulos/DISTRIBUCION/1303.jpg,https://fqeshthtycmzgyibiurq.supabase.co/storage/v1/object/public/crsnimages/catalogo/b0022aef-556c-4e15-b38b-e419da8a31af.jpg,64636,31444,ninguna,ok,
37867,DECOBEL 0.5 MG X 10 TABLETAS,https://pccentro.net.ve/img/s/5/3/5/8/5/53585-large_default.webp,https://fqeshthtycmzgyibiurq.supabase.co/storage/v1/object/public/crsnimages/catalogo/b6767e94-3c0e-4dbd-9815-5140b2d47620.jpg,17312,38122,ninguna,ok,
37868,DECOBEL 0.5 MG X 30 TABLETAS,https://mav.farmaciasaas.com/api/images/articulos/DISTRIBUCION/22694.jpg,https://fqeshthtycmzgyibiurq.supabase.co/storage/v1/object/public/crsnimages/catalogo/7a8bce67-938a-4a2a-a44f-2848f849382f.jpg,79090,39691,ninguna,ok,
37861,DALPAS 5 MG X 30 TABLETAS,https://mav.farmaciasaas.com/api/images/articulos/DISTRIBUCION/6617.jpg,https://fqeshthtycmzgyibiurq.supabase.co/storage/v1/object/public/crsnimages/catalogo/2b5b9339-4bd0-48e7-a6f9-62004c5abcd0.jpg,38725,12790,ninguna,ok,
37870,DEFLARIN 6 MG X 10 COMPRIMIDOS,https://mav.farmaciasaas.com/api/images/articulos/DISTRIBUCION/21048.jpg,https://fqeshthtycmzgyibiurq.supabase.co/storage/v1/object/public/crsnimages/catalogo/d9a0737d-ad62-4257-8580-03e402c71f1f.jpg,59938,27861,ninguna,ok,
37869,DECOBEL 8 MG / 2 ML SOLUCION INYECTABLE,https://mav.farmaciasaas.com/api/images/articulos/DISTRIBUCION/94637.jpg,https://fqeshthtycmzgyibiurq.supabase.co/storage/v1/object/public/crsnimages/catalogo/ec20364a-37c9-4795-8d4f-88ef87a0f83f.jpg,56256,23711,ninguna,ok,
37871,DEFLAZACORT 30 MG X 10 TABLETAS,https://mav.farmaciasaas.com/api/images/articulos/DISTRIBUCION/22262.jpg,https://fqeshthtycmzgyibiurq.supabase.co/storage/v1/object/public/crsnimages/catalogo/6c4774e7-2a67-401d-8b41-d3ddc9005815.jpg,24600,15312,ninguna,ok,
37865,DECA LENTERMINA COMPLEX SOLUCION INYECTABLE,https://mav.farmaciasaas.com/api/images/articulos/DISTRIBUCION/24816.jpg,https://fqeshthtycmzgyibiurq.supabase.co/storage/v1/object/public/crsnimages/catalogo/815d768a-844c-4828-b468-e0674cab9574.jpg,81990,25785,ninguna,ok,
37872,DEFLAZACORT 30 MG X 30 TABLETAS,https://mav.farmaciasaas.com/api/images/articulos/DISTRIBUCION/91498.jpg,https://fqeshthtycmzgyibiurq.supabase.co/storage/v1/object/public/crsnimages/catalogo/2c910f1c-86f7-4246-bb76-96120e9c5eb1.jpg,25360,15837,ninguna,ok,
37876,DENCOFEN 1.16 % CREMA EN BASE GEL,https://mav.farmaciasaas.com/api/images/articulos/DISTRIBUCION/90093.jpg,https://fqeshthtycmzgyibiurq.supabase.co/storage/v1/object/public/crsnimages/catalogo/f7b88eb5-def5-49a4-93fd-97820352d595.jpg,52240,22865,ninguna,ok,
37873,DEFLAZACORT 6 MG X 10 TABLETAS,https://mav.farmaciasaas.com/api/images/articulos/DISTRIBUCION/91527.jpg,https://fqeshthtycmzgyibiurq.supabase.co/storage/v1/object/public/crsnimages/catalogo/03316365-bd9b-4cdd-b21e-fb9fb2da7a35.jpg,24374,15157,ninguna,ok,
37878,DENUAL 150 MG X 1 COMPRIMIDO RECUBIERTO,https://mav.farmaciasaas.com/api/images/articulos/DISTRIBUCION/94853.jpg,https://fqeshthtycmzgyibiurq.supabase.co/storage/v1/object/public/crsnimages/catalogo/26a7ee4c-ab3b-4fed-b983-b87d10f2f478.jpg,52738,20599,ninguna,ok,
37877,DENCORUB CREMA,https://mav.farmaciasaas.com/api/images/articulos/DISTRIBUCION/3455.jpg,https://fqeshthtycmzgyibiurq.supabase.co/storage/v1/object/public/crsnimages/catalogo/becfd1f7-1a21-4d32-9337-febf94aec061.jpg,84827,41064,ninguna,ok,
37879,DEPOFEM 150MGML X 1 AMPOLLA,https://mav.farmaciasaas.com/api/images/articulos/DISTRIBUCION/28729.jpg,https://fqeshthtycmzgyibiurq.supabase.co/storage/v1/object/public/crsnimages/catalogo/87373073-d987-4dd6-be17-5538c39e011c.jpg,74301,34419,ninguna,ok,
37881,DERMACORTINE 0.1 % CREMA,https://mav.farmaciasaas.com/api/images/articulos/DISTRIBUCION/91421.jpg,https://fqeshthtycmzgyibiurq.supabase.co/storage/v1/object/public/crsnimages/catalogo/6364c58c-2759-4d6e-9bcc-0d69a2336732.jpg,48448,20041,ninguna,ok,
37880,DERAIN 15 % CREMA,https://mav.farmaciasaas.com/api/images/articulos/DISTRIBUCION/8275.jpg,https://fqeshthtycmzgyibiurq.supabase.co/storage/v1/object/public/crsnimages/catalogo/e6314f6d-53a2-4f61-93de-4e48ec624fe6.jpg,77408,37897,ninguna,ok,
37883,DERMAZOL 0.05 % LOCION CAPILAR,https://mav.farmaciasaas.com/api/images/articulos/DISTRIBUCION/99591.jpg,https://fqeshthtycmzgyibiurq.supabase.co/storage/v1/object/public/crsnimages/catalogo/df924656-cf6c-497f-ae90-e7c3981bf580.jpg,44281,17305,ninguna,ok,
37884,DERMOSUPRIL C 0.1 % - 3 % CREMA TOPICA,https://mav.farmaciasaas.com/api/images/articulos/DISTRIBUCION/24079.jpg,https://fqeshthtycmzgyibiurq.supabase.co/storage/v1/object/public/crsnimages/catalogo/dd911295-e96d-4bc9-b509-4b0b072598a9.jpg,54030,24614,ninguna,ok,
37886,DEROVIT 1000 UI X 30 CAPSULAS BLANDAS,https://mav.farmaciasaas.com/api/images/articulos/DISTRIBUCION/25518.jpg,https://fqeshthtycmzgyibiurq.supabase.co/storage/v1/object/public/crsnimages/catalogo/607af189-9017-4755-9cf3-960d3880120d.jpg,25493,17316,ninguna,ok,
37887,DESKEFLAS 50 MG / 2 ML X 3 AMPOLLAS,https://mav.farmaciasaas.com/api/images/articulos/DISTRIBUCION/53176.jpg,https://fqeshthtycmzgyibiurq.supabase.co/storage/v1/object/public/crsnimages/catalogo/4eeb9dd1-d7bd-4d27-bb00-8da60229c547.jpg,64703,29466,ninguna,ok,
37885,DERMOVATE 0.05 % CREMA,https://mav.farmaciasaas.com/api/images/articulos/DISTRIBUCION/28893.jpg,https://fqeshthtycmzgyibiurq.supabase.co/storage/v1/object/public/crsnimages/catalogo/4db4e33b-3af4-495b-b9cf-bad2961dd03b.jpg,36375,11046,ninguna,ok,
37889,DESLER 5 MG X 10 TABLETAS RECUBIERTAS,https://mav.farmaciasaas.com/api/images/articulos/DISTRIBUCION/18806.jpg,https://fqeshthtycmzgyibiurq.supabase.co/storage/v1/object/public/crsnimages/catalogo/75992e8d-3266-4c8b-bf57-045b0bc2d5f0.jpg,57913,27224,ninguna,ok,
37888,DESKEFLAS 25 MG X 10 TABLETAS RECUBIERTAS,https://mav.farmaciasaas.com/api/images/articulos/DISTRIBUCION/52476.jpg,https://fqeshthtycmzgyibiurq.supabase.co/storage/v1/object/public/crsnimages/catalogo/3ed5c59c-9840-4ef4-82aa-0679d2dfc4e1.jpg,56382,24101,ninguna,ok,
37890,DESLORAT 5 MG X 10 TABLETAS RECUBIERTAS,https://mav.farmaciasaas.com/api/images/articulos/DISTRIBUCION/90319.jpg,https://fqeshthtycmzgyibiurq.supabase.co/storage/v1/object/public/crsnimages/catalogo/affab1b7-6880-4dec-b8da-9e72e50998e8.jpg,76555,26796,ninguna,ok,
37891,DESLORAT 5 MG X 20 TABLETAS RECUBIERTAS,https://mav.farmaciasaas.com/api/images/articulos/DISTRIBUCION/90319.jpg,https://fqeshthtycmzgyibiurq.supabase.co/storage/v1/object/public/crsnimages/catalogo/b6fcbf0b-11c0-4b6f-bd2b-ad16cff68750.jpg,76555,26796,ninguna,ok,
37893,DESLORATADINA 2.5 MG / 5 ML JARABE,https://pccentro.net.ve/img/s/7/4/5/1/9/74519-large_default.webp,https://fqeshthtycmzgyibiurq.supabase.co/storage/v1/object/public/crsnimages/catalogo/8ceba8e5-d7bf-4854-b923-4224f6254370.jpg,13482,25342,ninguna,ok,
37894,DESLORATADINA 5 MG X 10 TABLETAS RECUBIERTAS,https://mav.farmaciasaas.com/api/images/articulos/DISTRIBUCION/97003.jpg,https://fqeshthtycmzgyibiurq.supabase.co/storage/v1/object/public/crsnimages/catalogo/7ada9d13-580b-4ce5-a789-dd2d5c380559.jpg,25218,15908,ninguna,ok,
37896,MONTELUKAST - DESLORATADINA 10 MG - 5 MG X 10 TABLETAS RECUBIERTAS,https://pccentro.net.ve/img/s/7/2/5/2/6/72526-large_default.webp,https://fqeshthtycmzgyibiurq.supabase.co/storage/v1/object/public/crsnimages/catalogo/612b3c0e-bff5-40a0-9125-ce109527af59.jpg,10606,26106,ninguna,ok,
37892,DESLORATADINA 2.5 MG / 5 ML X 10 JARABE,https://mav.farmaciasaas.com/api/images/articulos/DISTRIBUCION/9955.jpg,https://fqeshthtycmzgyibiurq.supabase.co/storage/v1/object/public/crsnimages/catalogo/c3e7568c-4cc5-4770-bc9c-395f41e098a5.jpg,66499,28821,ninguna,ok,
37895,DESLORATADINA 5 MG X 10 COMPRIMIDOS RECUBIERTOS,https://mav.farmaciasaas.com/api/images/articulos/DISTRIBUCION/8560.jpg,https://fqeshthtycmzgyibiurq.supabase.co/storage/v1/object/public/crsnimages/catalogo/c90af767-d6a8-438c-9a1b-97e67696c1d0.jpg,62676,28912,ninguna,ok,
37897,DESONIDA 0.1 % CREMA,https://mav.farmaciasaas.com/api/images/articulos/DISTRIBUCION/23011.jpg,https://fqeshthtycmzgyibiurq.supabase.co/storage/v1/object/public/crsnimages/catalogo/eaadfd7d-6a75-42c6-ad0c-016c0a9b18c2.jpg,37867,11486,ninguna,ok,
37898,DESTREL 75 MCG X 28 COMPRIMIDOS RECUBIERTOS,https://mav.farmaciasaas.com/api/images/articulos/DISTRIBUCION/50861.jpg,https://fqeshthtycmzgyibiurq.supabase.co/storage/v1/object/public/crsnimages/catalogo/1c9c0749-57cd-4bed-840a-bcd3d66bafc3.jpg,65368,30341,ninguna,ok,
37899,DEXAMETASONA 4 MG X 10 COMPRIMIDOS,https://pccentro.net.ve/img/s/7/6/8/5/4/76854-large_default.webp,https://fqeshthtycmzgyibiurq.supabase.co/storage/v1/object/public/crsnimages/catalogo/41b1879e-be07-4125-9f28-bbe4a5ac17b3.jpg,37312,20362,ninguna,ok,
37909,DEXTROMETORFANO 15 MG / 5 ML JARABE,https://mav.farmaciasaas.com/api/images/articulos/DISTRIBUCION/26399.jpg,https://fqeshthtycmzgyibiurq.supabase.co/storage/v1/object/public/crsnimages/catalogo/01aea46a-3957-425a-b20f-91ffa69a2df6.jpg,58746,26404,ninguna,ok,
37905,DEXAMETASONA 0.5 MG X 30 TABLETAS,https://mav.farmaciasaas.com/api/images/articulos/DISTRIBUCION/54029.jpg,https://fqeshthtycmzgyibiurq.supabase.co/storage/v1/object/public/crsnimages/catalogo/372a9dbf-f04b-4805-a7ec-9d6fb8a606e7.jpg,52181,21480,ninguna,ok,
37903,DEXAMETASONA FOSFATO 8 MG / 2 ML X 1 AMPOLLA,https://mav.farmaciasaas.com/api/images/articulos/DISTRIBUCION/53308.jpg,https://fqeshthtycmzgyibiurq.supabase.co/storage/v1/object/public/crsnimages/catalogo/9956f433-9318-4ab5-a6ce-8a90616d8516.jpg,80593,35534,ninguna,ok,
37911,DEXTROSA 50 % SOLUCION INYECTABLE IV,https://mav.farmaciasaas.com/api/images/articulos/DISTRIBUCION/1131.jpg,https://fqeshthtycmzgyibiurq.supabase.co/storage/v1/object/public/crsnimages/catalogo/0df659da-023c-4810-b73f-39a9c965da24.jpg,51305,21170,ninguna,ok,
37915,DIAFORMINA 500 MG X 30 COMPRIMIDOS RECUBIERTOS,https://mav.farmaciasaas.com/api/images/articulos/DISTRIBUCION/50991.jpg,https://fqeshthtycmzgyibiurq.supabase.co/storage/v1/object/public/crsnimages/catalogo/a5052bcd-88d5-407a-898a-39d206fe8cb0.jpg,52712,22825,ninguna,ok,
37914,DIAFORMINA 1000 MG X 30 COMPRIMIDOS RECUBIERTOS,https://mav.farmaciasaas.com/api/images/articulos/DISTRIBUCION/95456.jpg,https://fqeshthtycmzgyibiurq.supabase.co/storage/v1/object/public/crsnimages/catalogo/8a5d154f-d654-4c26-b82f-664efd934a33.jpg,64045,31092,ninguna,ok,
37916,DIAGESIC 75 MG / 3 ML X 1 AMPOLLA,https://mav.farmaciasaas.com/api/images/articulos/DISTRIBUCION/51210.jpg,https://fqeshthtycmzgyibiurq.supabase.co/storage/v1/object/public/crsnimages/catalogo/30376d64-077b-404b-85aa-3f5d03fcc12f.jpg,65682,29381,ninguna,ok,
37920,DIARONA 200 MG X 10 TABLETAS,https://mav.farmaciasaas.com/api/images/articulos/DISTRIBUCION/7335.jpg,https://fqeshthtycmzgyibiurq.supabase.co/storage/v1/object/public/crsnimages/catalogo/a875cf46-06d2-4e4e-a752-558a5446893c.jpg,44271,16132,ninguna,ok,
37933,DICLOFENAC SODICO 50 MG TABLETAS RECUBIERTAS,https://mav.farmaciasaas.com/api/images/articulos/DISTRIBUCION/55.jpg,https://fqeshthtycmzgyibiurq.supabase.co/storage/v1/object/public/crsnimages/catalogo/d2ec917c-b00d-4c00-be59-575dc7890736.jpg,75288,32751,ninguna,ok,
37923,DICLODEX 50 MG X 20 TABLETAS RECUBIERTAS,https://mav.farmaciasaas.com/api/images/articulos/DISTRIBUCION/90913.jpg,https://fqeshthtycmzgyibiurq.supabase.co/storage/v1/object/public/crsnimages/catalogo/7d91f831-0350-4ff6-94cc-9dc79244a835.jpg,553616,51245,ninguna,ok,
37917,DIAGESIC 75 MG / 3 ML X 2 AMPOLLAS,https://mav.farmaciasaas.com/api/images/articulos/DISTRIBUCION/6136.jpg,https://fqeshthtycmzgyibiurq.supabase.co/storage/v1/object/public/crsnimages/catalogo/031421c0-38ba-4c0b-9d56-2a3ad5375ff9.jpg,183574,36460,ninguna,ok,
37937,DIECAPS 60 MG X 30 CAPSULAS,https://mav.farmaciasaas.com/api/images/articulos/DISTRIBUCION/17245.jpg,https://fqeshthtycmzgyibiurq.supabase.co/storage/v1/object/public/crsnimages/catalogo/b216fd45-625e-41f7-86bc-99cb7a8c817c.jpg,49704,19644,ninguna,ok,
37936,DIECAPS 120 MG X 30 CAPSULAS,https://mav.farmaciasaas.com/api/images/articulos/DISTRIBUCION/94852.jpg,https://fqeshthtycmzgyibiurq.supabase.co/storage/v1/object/public/crsnimages/catalogo/7df0aeb8-5112-4b22-9005-8ef6eca6b982.jpg,52928,21735,ninguna,ok,
37938,DIFEN X 10 TABLETAS RECUBIERTAS,https://pccentro.net.ve/img/s/7/4/6/0/5/74605-large_default.webp,https://fqeshthtycmzgyibiurq.supabase.co/storage/v1/object/public/crsnimages/catalogo/c287e5ca-b2e8-4f46-a83b-c400e59dcd94.jpg,15938,33911,ninguna,ok,
37939,DIFEN X 20 TABLETAS RECUBIERTAS,https://pccentro.net.ve/img/s/7/1/7/8/4/71784-large_default.webp,https://fqeshthtycmzgyibiurq.supabase.co/storage/v1/object/public/crsnimages/catalogo/c32dc000-63ee-4d7c-98a7-bd536f630f22.jpg,15186,30809,ninguna,ok,
37940,DIFENAC 1 % GEL,https://mav.farmaciasaas.com/api/images/articulos/DISTRIBUCION/8417.jpg,https://fqeshthtycmzgyibiurq.supabase.co/storage/v1/object/public/crsnimages/catalogo/6a9121cd-1a44-45e3-8610-a654f836195a.jpg,46800,18285,ninguna,ok,
37941,DIGLET 1000 U.I. X 30 COMPRIMIDOS ORODISPERSABLES,https://mav.farmaciasaas.com/api/images/articulos/DISTRIBUCION/28637.jpg,https://fqeshthtycmzgyibiurq.supabase.co/storage/v1/object/public/crsnimages/catalogo/abf11aed-d976-460b-bf9f-7f321dd0f41d.jpg,67064,31756,ninguna,ok,
37944,DIKLASON 100 MG X 20 COMPRIMIDOS DE ACCION PROLONGADA,https://mav.farmaciasaas.com/api/images/articulos/DISTRIBUCION/13042.jpg,https://fqeshthtycmzgyibiurq.supabase.co/storage/v1/object/public/crsnimages/catalogo/87fd7b5e-8f27-4e45-b52a-92261e5b9db5.jpg,75479,35650,ninguna,ok,
37943,DIGLET 200 UI SOLUCION ORAL,https://mav.farmaciasaas.com/api/images/articulos/DISTRIBUCION/52147.jpg,https://fqeshthtycmzgyibiurq.supabase.co/storage/v1/object/public/crsnimages/catalogo/ea5bb903-7dcd-4ad5-b92c-7cbbeb5bb548.jpg,113283,59477,ninguna,ok,
37947,DILOTEX 5 MG X 30 COMPRIMIDOS,https://mav.farmaciasaas.com/api/images/articulos/DISTRIBUCION/50518.jpg,https://fqeshthtycmzgyibiurq.supabase.co/storage/v1/object/public/crsnimages/catalogo/9f6f1310-a8ff-4029-b85a-44b9481c47af.jpg,52636,22336,ninguna,ok,
37945,DIKLASON BI 150 MG X 10 COMPRIMIDOS DE LIBERACION CONTROLADA,https://mav.farmaciasaas.com/api/images/articulos/DISTRIBUCION/50303.jpg,https://fqeshthtycmzgyibiurq.supabase.co/storage/v1/object/public/crsnimages/catalogo/0fefc491-4d25-454b-8e35-81f1e1b073be.jpg,64369,30265,ninguna,ok,
37948,DILOTEX 10 MG X 10 COMPRIMIDOS,https://mav.farmaciasaas.com/api/images/articulos/DISTRIBUCION/9889.jpg,https://fqeshthtycmzgyibiurq.supabase.co/storage/v1/object/public/crsnimages/catalogo/45a857d4-e17e-48e6-b03e-282bdd35aade.jpg,49116,19423,ninguna,ok,
37942,DIGLET 5000 U.I. X 10 COMPRIMIDOS RECUBIERTOS,https://mav.farmaciasaas.com/api/images/articulos/DISTRIBUCION/52638.jpg,https://fqeshthtycmzgyibiurq.supabase.co/storage/v1/object/public/crsnimages/catalogo/9bb16cc4-d9fe-4b66-b626-5bf469d882ff.jpg,79094,40608,ninguna,ok,
37950,DIOSMINA 600 MG X 30 COMPRIMIDOS RECUBIERTOS,https://mav.farmaciasaas.com/api/images/articulos/DISTRIBUCION/53053.jpg,https://fqeshthtycmzgyibiurq.supabase.co/storage/v1/object/public/crsnimages/catalogo/ed8feb31-2d01-4848-a26e-52284190180a.jpg,64457,29604,ninguna,ok,
37946,DIKLASON 1.8 MG / ML SUSPENSION ORAL,https://pccentro.net.ve/img/s/8/0/5/5/1/80551-large_default.webp,https://fqeshthtycmzgyibiurq.supabase.co/storage/v1/object/public/crsnimages/catalogo/964b3329-4368-4fd4-9dc6-bbb551a81b0c.jpg,48316,28507,ninguna,ok,
37951,VEDINOR 600 MG X 15 COMPRIMIDOS RECUBIERTOS,https://mav.farmaciasaas.com/api/images/articulos/DISTRIBUCION/24175.jpg,https://fqeshthtycmzgyibiurq.supabase.co/storage/v1/object/public/crsnimages/catalogo/5c4d8fd4-21c8-4795-b266-355ddced17c4.jpg,53966,22400,ninguna,ok,
37953,DIOSMINA 600 MG X 28 TABLETAS RECUBIERTAS,https://mav.farmaciasaas.com/api/images/articulos/DISTRIBUCION/29796.jpg,https://fqeshthtycmzgyibiurq.supabase.co/storage/v1/object/public/crsnimages/catalogo/2da22ff8-1536-45a8-a97d-90c29ac5f2d0.jpg,26402,17040,ninguna,ok,
37954,DIOSMINA 600 MG X 14 TABLETAS RECUBIERTAS,https://mav.farmaciasaas.com/api/images/articulos/DISTRIBUCION/97147.jpg,https://fqeshthtycmzgyibiurq.supabase.co/storage/v1/object/public/crsnimages/catalogo/46907f32-5d0f-4cb0-b06a-94f91f1bfd8d.jpg,25088,15838,ninguna,ok,
37949,DILUXEN 60 MG X 20 TABLETAS,https://pccentro.net.ve/img/s/2/4/5/9/9/24599-large_default.webp,https://fqeshthtycmzgyibiurq.supabase.co/storage/v1/object/public/crsnimages/catalogo/542db410-d7c9-4c3e-bc9e-98d209437b84.jpg,14150,19971,ninguna,ok,
37959,DIPLOZ 1 MG X 30 TABLETAS RECUBIERTAS,https://mav.farmaciasaas.com/api/images/articulos/DISTRIBUCION/22057.jpg,https://fqeshthtycmzgyibiurq.supabase.co/storage/v1/object/public/crsnimages/catalogo/f000479d-a3ee-47fd-b13a-5e7261d042c2.jpg,22124,13612,ninguna,ok,
37961,DOBET 2 % - 0.5 % SOLUCION OFTALMICA,https://mav.farmaciasaas.com/api/images/articulos/DISTRIBUCION/843.jpg,https://fqeshthtycmzgyibiurq.supabase.co/storage/v1/object/public/crsnimages/catalogo/280778f0-4c16-42a7-a0a6-cca618a831a5.jpg,47649,16696,ninguna,ok,
37958,DIPIDOL 500 MG / ML X 3 AMPOLLAS,https://mav.farmaciasaas.com/api/images/articulos/DISTRIBUCION/52497.jpg,https://fqeshthtycmzgyibiurq.supabase.co/storage/v1/object/public/crsnimages/catalogo/425bfa98-d440-444b-8558-683a534d8797.jpg,62540,28083,ninguna,ok,
37962,DOBRACID 300 MG X 30 COMPRIMIDOS RECUBIERTOS DE LIBERACION PROLONGADA,https://mav.farmaciasaas.com/api/images/articulos/DISTRIBUCION/16483.jpg,https://fqeshthtycmzgyibiurq.supabase.co/storage/v1/object/public/crsnimages/catalogo/2b54fe75-62f4-4e82-90ec-b27b7ca0d6ff.jpg,60254,26506,ninguna,ok,
37963,DOBRACID 300 MG X 10 COMPRIMIDOS RECUBIERTOS DE LIBERACION PROLONGADA,https://mav.farmaciasaas.com/api/images/articulos/DISTRIBUCION/50498.jpg,https://fqeshthtycmzgyibiurq.supabase.co/storage/v1/object/public/crsnimages/catalogo/ad90bba5-82a6-476a-8a37-4e3e938b8689.jpg,76749,37690,ninguna,ok,
37965,DOL X 10 TABLETAS RECUBIERTAS,https://pccentro.net.ve/img/s/8/4/2/9/4/84294-large_default.webp,https://fqeshthtycmzgyibiurq.supabase.co/storage/v1/object/public/crsnimages/catalogo/0e73bdd0-350c-4e3e-9dfa-e3fba5d13de0.jpg,81080,45454,ninguna,ok,
37968,DOLAK 10 MG X 20 COMPRIMIDOS,https://mav.farmaciasaas.com/api/images/articulos/DISTRIBUCION/2586.jpg,https://fqeshthtycmzgyibiurq.supabase.co/storage/v1/object/public/crsnimages/catalogo/f10b440f-359c-487d-a6ea-c22c1ba64ccb.jpg,51985,22004,ninguna,ok,
37966,DOL X 20 TABLETAS RECUBIERTAS,https://pccentro.net.ve/img/s/8/4/2/7/9/84279-large_default.webp,https://fqeshthtycmzgyibiurq.supabase.co/storage/v1/object/public/crsnimages/catalogo/6979ae6e-51aa-47fd-8230-66f8146861cc.jpg,101168,53791,ninguna,ok,
37970,DOLAK 20 MG X 10 COMPRIMIDOS RECUBIERTOS,https://mav.farmaciasaas.com/api/images/articulos/DISTRIBUCION/10812.jpg,https://fqeshthtycmzgyibiurq.supabase.co/storage/v1/object/public/crsnimages/catalogo/0cf3542b-d30a-44ae-8259-0339fe4dae07.jpg,96950,23846,ninguna,ok,
37969,DOLAK 10 MG X 10 COMPRIMIDOS,https://mav.farmaciasaas.com/api/images/articulos/DISTRIBUCION/2349.jpg,https://fqeshthtycmzgyibiurq.supabase.co/storage/v1/object/public/crsnimages/catalogo/b1d479f9-5cde-4725-bc07-2465ea56c016.jpg,76360,28676,ninguna,ok,
37972,DOLKIDS 160 MG X 20 TABLETAS MASTICABLES,https://mav.farmaciasaas.com/api/images/articulos/DISTRIBUCION/5370.jpg,https://fqeshthtycmzgyibiurq.supabase.co/storage/v1/object/public/crsnimages/catalogo/9b5de199-232d-49d0-95ec-bfc6c4e2effc.jpg,72059,35020,ninguna,ok,
37973,DOLNIX 150 MG X 20 CAPSULAS,https://mav.farmaciasaas.com/api/images/articulos/DISTRIBUCION/51126.jpg,https://fqeshthtycmzgyibiurq.supabase.co/storage/v1/object/public/crsnimages/catalogo/f3809a9a-d313-4461-ba57-cb1fdf085263.jpg,44419,16265,ninguna,ok,
37977,DOMPESIN 10 MG X 30 COMPRIMIDOS,https://mav.farmaciasaas.com/api/images/articulos/DISTRIBUCION/11584.jpg,https://fqeshthtycmzgyibiurq.supabase.co/storage/v1/object/public/crsnimages/catalogo/d109b0e1-10e3-469a-85ea-9c5bdec232d7.jpg,68449,18477,ninguna,ok,
37978,DOMPESIN 1 MG / ML SUSPENSION,https://mav.farmaciasaas.com/api/images/articulos/DISTRIBUCION/94774.jpg,https://fqeshthtycmzgyibiurq.supabase.co/storage/v1/object/public/crsnimages/catalogo/19e8c7a4-1a58-4aac-beb5-ba7b65ffad42.jpg,57697,25080,ninguna,ok,
37981,DORIXINA FLEX 125 MG - 5 MG X 20 COMPRIMIDOS RECUBIERTOS,https://mav.farmaciasaas.com/api/images/articulos/DISTRIBUCION/50180.jpg,https://fqeshthtycmzgyibiurq.supabase.co/storage/v1/object/public/crsnimages/catalogo/4124b638-3d70-468e-a78f-dc71b0a78299.jpg,74814,36618,ninguna,ok,
37986,DOXIUM 500 MG X 30 CAPSULAS,https://mav.farmaciasaas.com/api/images/articulos/DISTRIBUCION/52056.jpg,https://fqeshthtycmzgyibiurq.supabase.co/storage/v1/object/public/crsnimages/catalogo/065cd878-3273-4e3a-aa91-5767487e7537.jpg,70368,33267,ninguna,ok,
37982,DORIXINA FLEX 125 MG - 5 MG X 5 COMPRIMIDOS RECUBIERTOS,https://mav.farmaciasaas.com/api/images/articulos/DISTRIBUCION/29269.jpg,https://fqeshthtycmzgyibiurq.supabase.co/storage/v1/object/public/crsnimages/catalogo/7dfff3b9-36d8-4fcd-8ecd-f907f78fe967.jpg,72243,33903,ninguna,ok,
37990,DUROVAL 50 MG X 3 TABLETAS RECUBIERTAS,https://mav.farmaciasaas.com/api/images/articulos/DISTRIBUCION/2821.jpg,https://fqeshthtycmzgyibiurq.supabase.co/storage/v1/object/public/crsnimages/catalogo/f23b893e-647f-4243-97e8-7d48988dbdfb.jpg,212334,28987,ninguna,ok,
37994,DUVADILAN 10 MG X 30 COMPRIMIDOS,https://mav.farmaciasaas.com/api/images/articulos/DISTRIBUCION/1300.jpg,https://fqeshthtycmzgyibiurq.supabase.co/storage/v1/object/public/crsnimages/catalogo/c95267eb-ad56-4284-ac84-6287a60bda0d.jpg,52051,21070,ninguna,ok,
37988,DUROVAL 50 MG X 2 TABLETAS RECUBIERTAS,https://mav.farmaciasaas.com/api/images/articulos/DISTRIBUCION/22796.jpg,https://fqeshthtycmzgyibiurq.supabase.co/storage/v1/object/public/crsnimages/catalogo/3899f6d0-38e1-4926-867c-00ab8cdcf85c.jpg,214562,28287,ninguna,ok,
37996,EDAGAN 25 MG X 30 COMPRIMIDOS RECUBIERTOS,https://mav.farmaciasaas.com/api/images/articulos/DISTRIBUCION/90687.jpg,https://fqeshthtycmzgyibiurq.supabase.co/storage/v1/object/public/crsnimages/catalogo/01d7cc00-fb31-4155-a7d6-44b46f0a7eb5.jpg,55799,25433,ninguna,ok,
37989,DUROVAL 50 MG X 1 TABLETA RECUBIERTA,https://mav.farmaciasaas.com/api/images/articulos/DISTRIBUCION/2798.jpg,https://fqeshthtycmzgyibiurq.supabase.co/storage/v1/object/public/crsnimages/catalogo/8cfecc15-cdff-4a05-8e66-7f9262cc41d7.jpg,213442,28237,ninguna,ok,
37995,EDAGAN 200 MG X 30 COMPRIMIDOS RECUBIERTOS,https://mav.farmaciasaas.com/api/images/articulos/DISTRIBUCION/90689.jpg,https://fqeshthtycmzgyibiurq.supabase.co/storage/v1/object/public/crsnimages/catalogo/73befa78-4a2e-493f-95ab-eb0eb31231ad.jpg,53731,24112,ninguna,ok,
37997,EDEMID 10 MG / ML X 5 AMPOLLAS,https://mav.farmaciasaas.com/api/images/articulos/DISTRIBUCION/2361.jpg,https://fqeshthtycmzgyibiurq.supabase.co/storage/v1/object/public/crsnimages/catalogo/23e10c69-869d-4ca9-ab66-47b157dfceaf.jpg,38762,13336,ninguna,ok,
38000,ENALAPRIL MALEATO 10 MG X 30 COMPRIMIDOS RECUBIERTOS,https://mav.farmaciasaas.com/api/images/articulos/DISTRIBUCION/30351.jpg,https://fqeshthtycmzgyibiurq.supabase.co/storage/v1/object/public/crsnimages/catalogo/abb49a69-4479-49ca-a1e0-6a24083850d0.jpg,50289,20390,ninguna,ok,
38003,ENALAPRIL MALEATO 10 MG X 30 TABLETAS,https://mav.farmaciasaas.com/api/images/articulos/DISTRIBUCION/26952.jpg,https://fqeshthtycmzgyibiurq.supabase.co/storage/v1/object/public/crsnimages/catalogo/0b6a5d38-8950-434b-9645-37a95aaa05b2.jpg,488160,43400,ninguna,ok,
38001,LERCANIDIPINA CLORHIDRATO – ENALAPRIL MALEATO 10 MG – 20 MG X 30 COMPRIMIDOS RECUBIERTOS,https://mav.farmaciasaas.com/api/images/articulos/DISTRIBUCION/52341.jpg,https://fqeshthtycmzgyibiurq.supabase.co/storage/v1/object/public/crsnimages/catalogo/2f52a855-e2da-4ae4-ab6c-0b01f609f1c5.jpg,70045,33161,ninguna,ok,
38006,ENALAPRIL MALEATO 20 MG X 30 TABLETAS,https://mav.farmaciasaas.com/api/images/articulos/DISTRIBUCION/13265.jpg,https://fqeshthtycmzgyibiurq.supabase.co/storage/v1/object/public/crsnimages/catalogo/18901561-8f2c-4577-ae78-15a5d6ed1644.jpg,502602,50371,ninguna,ok,
38008,ENTEROGERMINA (ESPORAS DE BACILLUS CLAUSII) 2 MILLARDOS / 5 ML X 10 SUSPENSION ORAL,https://mav.farmaciasaas.com/api/images/articulos/DISTRIBUCION/52162.jpg,https://fqeshthtycmzgyibiurq.supabase.co/storage/v1/object/public/crsnimages/catalogo/67a70f0c-ea8f-44ba-9664-90cad3a59fdd.jpg,27072,19358,ninguna,ok,
38005,ENALAPRIL 20 MG X 30 TABLETAS,https://mav.farmaciasaas.com/api/images/articulos/DISTRIBUCION/99636.jpg,https://fqeshthtycmzgyibiurq.supabase.co/storage/v1/object/public/crsnimages/catalogo/d207b54f-4495-43b2-a3f5-d450547a9ffa.jpg,24653,15367,ninguna,ok,
38009,EPITRAL 25 MG X 30 TABLETAS,https://mav.farmaciasaas.com/api/images/articulos/DISTRIBUCION/52494.jpg,https://fqeshthtycmzgyibiurq.supabase.co/storage/v1/object/public/crsnimages/catalogo/6b5fd96e-83cb-4bc4-b96c-011c094a2d90.jpg,69949,31003,ninguna,ok,
38010,EPITRAL 100 MG X 30 TABLETAS,https://mav.farmaciasaas.com/api/images/articulos/DISTRIBUCION/20035.jpg,https://fqeshthtycmzgyibiurq.supabase.co/storage/v1/object/public/crsnimages/catalogo/75f371e8-04af-4320-bdc0-ef049cc8df70.jpg,206124,28120,ninguna,ok,
38011,EPITRAL 50 MG X 30 TABLETAS,https://mav.farmaciasaas.com/api/images/articulos/DISTRIBUCION/20036.jpg,https://fqeshthtycmzgyibiurq.supabase.co/storage/v1/object/public/crsnimages/catalogo/fb519e4c-c3a9-4376-a164-0f07f6a5cfb4.jpg,217066,28522,ninguna,ok,
37983,DORIXINA FLEX 125 MG - 5 MG X 10 COMPRIMIDOS RECUBIERTOS,https://pccentro.net.ve/img/s/7/1/3/9/5/71395-large_default.webp,https://fqeshthtycmzgyibiurq.supabase.co/storage/v1/object/public/crsnimages/catalogo/a9194d17-a218-461c-94e0-fcc6d331d0f2.jpg,13306,27497,ninguna,ok,
38017,ESCITALOPRAM 10 MG X 30 COMPRIMIDOS RECUBIERTOS,https://pccentro.net.ve/img/s/7/2/4/9/3/72493-large_default.webp,https://fqeshthtycmzgyibiurq.supabase.co/storage/v1/object/public/crsnimages/catalogo/314822b2-5674-4a68-98e8-da26f9ac2a39.jpg,9980,21447,ninguna,ok,
38018,ESCITALOPRAM 20 MG X 30 COMPRIMIDOS RECUBIERTOS,https://pccentro.net.ve/img/s/2/4/7/2/5/24725-large_default.webp,https://fqeshthtycmzgyibiurq.supabase.co/storage/v1/object/public/crsnimages/catalogo/e534c335-ea71-4542-b7e1-5141ca9fc836.jpg,20188,25102,ninguna,ok,
38013,ERILON 0.05 % CREMA,https://mav.farmaciasaas.com/api/images/articulos/DISTRIBUCION/5842.jpg,https://fqeshthtycmzgyibiurq.supabase.co/storage/v1/object/public/crsnimages/catalogo/7ae4084f-83b1-44af-b6de-0695989b3e0f.jpg,145114,27901,ninguna,ok,
38022,ESCITALOPRAM 10 MG X 28 TABLETAS RECUBIERTAS,https://mav.farmaciasaas.com/api/images/articulos/DISTRIBUCION/22208.jpg,https://fqeshthtycmzgyibiurq.supabase.co/storage/v1/object/public/crsnimages/catalogo/2c9a4142-0aee-48f5-8aa0-19a74174cb43.jpg,25879,16223,ninguna,ok,
38020,ESCITALOPRAM 1 MG / ML SOLUCION ORAL,https://mav.farmaciasaas.com/api/images/articulos/DISTRIBUCION/19850.jpg,https://fqeshthtycmzgyibiurq.supabase.co/storage/v1/object/public/crsnimages/catalogo/f95b11de-3ddc-44eb-b734-264bcc3286df.jpg,47415,17842,ninguna,ok,
38027,ESMIRTAL 20 MG X 30 COMPRIMIDOS RECUBIERTOS,https://mav.farmaciasaas.com/api/images/articulos/DISTRIBUCION/54449.jpg,https://fqeshthtycmzgyibiurq.supabase.co/storage/v1/object/public/crsnimages/catalogo/af4c271f-0b35-43dc-93ef-3427d5ce0b26.jpg,20229,12126,ninguna,ok,
38024,ESCITALOPRAM 20 MG X 14 TABLETAS RECUBIERTAS,https://mav.farmaciasaas.com/api/images/articulos/DISTRIBUCION/29792.jpg,https://fqeshthtycmzgyibiurq.supabase.co/storage/v1/object/public/crsnimages/catalogo/40a34ef2-5726-4e29-890b-49ee0918f560.jpg,24975,15548,ninguna,ok,
38028,ESOCOF 10 MG X 30 TABLETAS RECUBIERTAS,https://mav.farmaciasaas.com/api/images/articulos/DISTRIBUCION/54292.jpg,https://fqeshthtycmzgyibiurq.supabase.co/storage/v1/object/public/crsnimages/catalogo/b45e2357-a73c-42e7-89b6-7589b6357da2.jpg,24229,16403,ninguna,ok,
38030,ESOMEPRAZOL 40 MG X 20 TABLETAS RECUBIERTAS,https://pccentro.net.ve/img/s/2/5/0/2/2/25022-large_default.webp,https://fqeshthtycmzgyibiurq.supabase.co/storage/v1/object/public/crsnimages/catalogo/44e4bec9-7bd3-407e-8e03-abaa1a24cbb3.jpg,15686,17635,ninguna,ok,
38029,ESOMEPRAZOL 40 MG X 10 TABLETAS RECUBIERTAS,https://pccentro.net.ve/img/s/2/5/0/2/2/25022-large_default.webp,https://fqeshthtycmzgyibiurq.supabase.co/storage/v1/object/public/crsnimages/catalogo/35c88b0f-b914-42ac-b4ff-a82220ec9b05.jpg,15686,17635,ninguna,ok,
38033,ESOMEPRAZOL 20 MG X 16 CAPSULAS CON MICROGRANULOS DE LIBERACION ENTERICA,https://mav.farmaciasaas.com/api/images/articulos/DISTRIBUCION/52348.jpg,https://fqeshthtycmzgyibiurq.supabase.co/storage/v1/object/public/crsnimages/catalogo/10e840fa-fda8-4879-a44f-c7d1854b6ed8.jpg,71470,36409,ninguna,ok,
38031,ESOMEPRAZOL 40 MG X 16 TABLETAS RECUBIERTAS,https://pccentro.net.ve/img/s/3/0/7/3/7/30737-large_default.webp,https://fqeshthtycmzgyibiurq.supabase.co/storage/v1/object/public/crsnimages/catalogo/68a66258-51dc-47ad-b7e9-521b50c0c3ec.jpg,14368,30177,ninguna,ok,
38036,ESOMEPRAZOL 20 MG X 20 TABLETAS RECUBIERTAS,https://mav.farmaciasaas.com/api/images/articulos/DISTRIBUCION/96831.jpg,https://fqeshthtycmzgyibiurq.supabase.co/storage/v1/object/public/crsnimages/catalogo/a3f08610-0d8f-4c55-afe9-13ef409d5a7e.jpg,44213,16546,ninguna,ok,
38035,ESOMEPRAZOL 20 MG X 20 TABLETAS CON CUBIERTA ENTERICA,https://mav.farmaciasaas.com/api/images/articulos/DISTRIBUCION/96831.jpg,https://fqeshthtycmzgyibiurq.supabase.co/storage/v1/object/public/crsnimages/catalogo/bd891746-9727-43d8-9673-65d64743cd2b.jpg,44213,16546,ninguna,ok,
38032,ESOMEPRAZOL 40 MG X 14 TABLETAS RECUBIERTAS,https://pccentro.net.ve/img/s/8/5/5/7/0/85570-large_default.webp,https://fqeshthtycmzgyibiurq.supabase.co/storage/v1/object/public/crsnimages/catalogo/3de65ab7-9f97-4a75-a819-d8c982481144.jpg,38564,23570,ninguna,ok,
38034,ESOMEPRAZOL 20 MG X 28 CAPSULAS CON MICROGRANULOS DE LIBERACION ENTERICA,https://mav.farmaciasaas.com/api/images/articulos/DISTRIBUCION/52332.jpg,https://fqeshthtycmzgyibiurq.supabase.co/storage/v1/object/public/crsnimages/catalogo/3d0d6a28-cb99-4504-af4e-bba0d9b9fcf2.jpg,76244,37998,ninguna,ok,
38037,ESOMEPRAZOL 20 MG X 14 TABLETAS RECUBIERTAS,https://mav.farmaciasaas.com/api/images/articulos/DISTRIBUCION/21060.jpg,https://fqeshthtycmzgyibiurq.supabase.co/storage/v1/object/public/crsnimages/catalogo/06419597-60fa-4d1f-a6f3-9e83773c42bb.jpg,24817,15572,ninguna,ok,
38038,ESOZ 20 MG X 14 TABLETAS RECUBIERTAS,https://mav.farmaciasaas.com/api/images/articulos/DISTRIBUCION/98439/98439.jpg,https://fqeshthtycmzgyibiurq.supabase.co/storage/v1/object/public/crsnimages/catalogo/ad4d19f7-48fe-47b7-8b91-17c456af961e.jpg,51901,21838,ninguna,ok,
38040,ESOZ 20 MG X 7 TABLETAS RECUBIERTAS,https://mav.farmaciasaas.com/api/images/articulos/DISTRIBUCION/18359.jpg,https://fqeshthtycmzgyibiurq.supabase.co/storage/v1/object/public/crsnimages/catalogo/15cbb5bc-5b30-4833-83b1-3b91b4e51cca.jpg,129842,20258,ninguna,ok,
38039,ESOZ 20 MG X 28 TABLETAS RECUBIERTAS,https://mav.farmaciasaas.com/api/images/articulos/DISTRIBUCION/98438/98438.jpg,https://fqeshthtycmzgyibiurq.supabase.co/storage/v1/object/public/crsnimages/catalogo/b13488c2-e879-4800-bade-31691d7bff85.jpg,55356,23769,ninguna,ok,
38041,ESOZ 40 MG X 14 TABLETAS RECUBIERTAS DE LIBERACION RETARDADA,https://mav.farmaciasaas.com/api/images/articulos/DISTRIBUCION/97637/97637.jpg,https://fqeshthtycmzgyibiurq.supabase.co/storage/v1/object/public/crsnimages/catalogo/1f090bd9-ab6c-44dc-bd81-14602b5419d2.jpg,51627,21559,ninguna,ok,
38042,ESOZ 40 MG X 28 TABLETAS RECUBIERTAS DE LIBERACION RETARDADA,https://mav.farmaciasaas.com/api/images/articulos/DISTRIBUCION/97588/97588.jpg,https://fqeshthtycmzgyibiurq.supabase.co/storage/v1/object/public/crsnimages/catalogo/d23c8fe2-753a-4366-acfb-29e3833fc9cd.jpg,55643,24038,ninguna,ok,
38043,ESOZ 40 MG X 7 TABLETAS RECUBIERTAS DE LIBERACION RETARDADA,https://mav.farmaciasaas.com/api/images/articulos/DISTRIBUCION/18360.jpg,https://fqeshthtycmzgyibiurq.supabase.co/storage/v1/object/public/crsnimages/catalogo/54674aa3-63f5-41e4-bb42-4ff3bf239d41.jpg,49559,20454,ninguna,ok,
38049,ESQUIDONE 2 MG X 30 TABLETAS RECUBIERTAS,https://mav.farmaciasaas.com/api/images/articulos/DISTRIBUCION/98680.jpg,https://fqeshthtycmzgyibiurq.supabase.co/storage/v1/object/public/crsnimages/catalogo/58f11003-e641-4a33-889c-1a147e187902.jpg,182469,26402,ninguna,ok,
38046,ESPIRONOLACTONA 25 MG X 30 TABLETAS,https://mav.farmaciasaas.com/api/images/articulos/DISTRIBUCION/51325.jpg,https://fqeshthtycmzgyibiurq.supabase.co/storage/v1/object/public/crsnimages/catalogo/a6f63b20-d511-4b91-aea9-05fdf8576441.jpg,64245,29984,ninguna,ok,
38050,ESQUIDONE 3 MG X 30 TABLETAS RECUBIERTAS,https://mav.farmaciasaas.com/api/images/articulos/DISTRIBUCION/98681.jpg,https://fqeshthtycmzgyibiurq.supabase.co/storage/v1/object/public/crsnimages/catalogo/d2d7c238-6988-4775-a01a-a7160872f6b2.jpg,177414,26174,ninguna,ok,
38047,ESPIRONOLACTONA 25 MG X 20 TABLETAS,https://mav.farmaciasaas.com/api/images/articulos/DISTRIBUCION/5474.jpg,https://fqeshthtycmzgyibiurq.supabase.co/storage/v1/object/public/crsnimages/catalogo/d566ca22-f931-4317-ad3c-8d164d1b980d.jpg,59736,26910,ninguna,ok,
38052,ETORICOXIB 90 MG X 10 TABLETAS RECUBIERTAS,https://mav.farmaciasaas.com/api/images/articulos/DISTRIBUCION/18572.jpg,https://fqeshthtycmzgyibiurq.supabase.co/storage/v1/object/public/crsnimages/catalogo/06dc93aa-921d-42ea-8085-8d0fde259e46.jpg,24539,15241,ninguna,ok,
38051,ETORICOXIB 60 MG X 10 TABLETAS RECUBIERTAS,https://mav.farmaciasaas.com/api/images/articulos/DISTRIBUCION/18990.jpg,https://fqeshthtycmzgyibiurq.supabase.co/storage/v1/object/public/crsnimages/catalogo/ba6cfd33-236f-4e11-a8d4-4cdb6ecb0f40.jpg,24527,15239,ninguna,ok,
38053,EUKENE 40 MG X 30 COMPRIMIDOS RECUBIERTOS,https://mav.farmaciasaas.com/api/images/articulos/DISTRIBUCION/27093.jpg,https://fqeshthtycmzgyibiurq.supabase.co/storage/v1/object/public/crsnimages/catalogo/7182b89e-71f3-41fa-86fb-c77726793419.jpg,64865,31416,ninguna,ok,
38054,EUKENE HCT 40 MG - 12.5 MG X 30 COMPRIMIDOS RECUBIERTOS,https://mav.farmaciasaas.com/api/images/articulos/DISTRIBUCION/26422.jpg,https://fqeshthtycmzgyibiurq.supabase.co/storage/v1/object/public/crsnimages/catalogo/bd1e0c4b-6984-4d6f-9f1f-9b67e0d59b5f.jpg,73523,36753,ninguna,ok,
38055,EUKENE HCT 40 MG - 25 MG X 30 COMPRIMIDOS RECUBIERTOS,https://mav.farmaciasaas.com/api/images/articulos/DISTRIBUCION/26420.jpg,https://fqeshthtycmzgyibiurq.supabase.co/storage/v1/object/public/crsnimages/catalogo/13f0cf12-2a2f-4081-b020-265848f4bc11.jpg,74073,37461,ninguna,ok,
38056,EUSILEN 4 MG X 15 COMPRIMIDOS,https://mav.farmaciasaas.com/api/images/articulos/DISTRIBUCION/97144.jpg,https://fqeshthtycmzgyibiurq.supabase.co/storage/v1/object/public/crsnimages/catalogo/6a67c1e7-78ea-4e73-9aca-c01a20ca3711.jpg,59278,23456,ninguna,ok,
38057,EUSILEN 4 MG X 8 COMPRIMIDOS,https://mav.farmaciasaas.com/api/images/articulos/DISTRIBUCION/8831.jpg,https://fqeshthtycmzgyibiurq.supabase.co/storage/v1/object/public/crsnimages/catalogo/894bfb91-9920-4d5e-aaac-bb9c81e5f27a.jpg,66535,31060,ninguna,ok,
38059,EVABOLIN 25 MG X 30 TABLETAS RECUBIERTAS,https://mav.farmaciasaas.com/api/images/articulos/DISTRIBUCION/53346.jpg,https://fqeshthtycmzgyibiurq.supabase.co/storage/v1/object/public/crsnimages/catalogo/1325f028-3c0f-4ba4-8ba7-071d3f158021.jpg,74749,33584,ninguna,ok,
38058,EUTEBROL 20 MG X 30 COMPRIMIDOS,https://mav.farmaciasaas.com/api/images/articulos/DISTRIBUCION/28314.jpg,https://fqeshthtycmzgyibiurq.supabase.co/storage/v1/object/public/crsnimages/catalogo/edc7c508-cd9e-4fbf-8723-ed44b3ec8fbf.jpg,111033,32135,ninguna,ok,
38061,EXOVIS DUO 875 MG - 125 MG X 14 TABLETAS RECUBIERTAS,https://mav.farmaciasaas.com/api/images/articulos/DISTRIBUCION/22553.jpg,https://fqeshthtycmzgyibiurq.supabase.co/storage/v1/object/public/crsnimages/catalogo/779c8289-6e7a-4e46-8f52-4fc11d9252a3.jpg,46431,17076,ninguna,ok,
38060,EXOM 20 MG X 14 CAPSULAS CON MICROGRANULOS GASTRORRESISTENTES,https://mav.farmaciasaas.com/api/images/articulos/DISTRIBUCION/24978.jpg,https://fqeshthtycmzgyibiurq.supabase.co/storage/v1/object/public/crsnimages/catalogo/5eb4304f-4958-4811-902d-cce41a1845a9.jpg,76040,33842,ninguna,ok,
38064,FAMULCER 40 MG X 10 TABLETAS,https://mav.farmaciasaas.com/api/images/articulos/DISTRIBUCION/6884.jpg,https://fqeshthtycmzgyibiurq.supabase.co/storage/v1/object/public/crsnimages/catalogo/e4212af7-1de7-4e8a-8a77-8c28177aec02.jpg,78064,34332,ninguna,ok,
38062,EZOLIUM 20 MG X 30 CAPSULAS,https://mav.farmaciasaas.com/api/images/articulos/DISTRIBUCION/93948.jpg,https://fqeshthtycmzgyibiurq.supabase.co/storage/v1/object/public/crsnimages/catalogo/946f7012-421b-4d95-a5ec-70a06e83a3ce.jpg,82791,34597,ninguna,ok,
38063,EZOLIUM 40 MG X 30 CAPSULAS,https://mav.farmaciasaas.com/api/images/articulos/DISTRIBUCION/93949.jpg,https://fqeshthtycmzgyibiurq.supabase.co/storage/v1/object/public/crsnimages/catalogo/573e2207-1e39-4443-a277-516885957f2a.jpg,125770,59750,ninguna,ok,
38067,FEBRILIX 120 MG / 5 ML SOLUCION ORAL,https://mav.farmaciasaas.com/api/images/articulos/DISTRIBUCION/8453.jpg,https://fqeshthtycmzgyibiurq.supabase.co/storage/v1/object/public/crsnimages/catalogo/c852d73c-0415-440e-aec9-bd6c776febae.jpg,84938,40286,ninguna,ok,
38065,FARBICIL 1 % CREMA,https://mav.farmaciasaas.com/api/images/articulos/DISTRIBUCION/91417.jpg,https://fqeshthtycmzgyibiurq.supabase.co/storage/v1/object/public/crsnimages/catalogo/e99a3fe7-a225-4d67-9c2f-33e742b3a16e.jpg,44183,16580,ninguna,ok,
38069,FEBRIP 500 MG X 20 COMPRIMIDOS,https://mav.farmaciasaas.com/api/images/articulos/DISTRIBUCION/54399.jpg,https://fqeshthtycmzgyibiurq.supabase.co/storage/v1/object/public/crsnimages/catalogo/2d483ca8-109d-4770-a5df-34abc33e73f7.jpg,22464,14017,ninguna,ok,
38071,FEMMEXTRA 200 MG - 10 MG X 10 CAPSULAS,https://pccentro.net.ve/img/s/3/0/7/4/8/30748-large_default.webp,https://fqeshthtycmzgyibiurq.supabase.co/storage/v1/object/public/crsnimages/catalogo/c0466a11-3217-4a03-a643-42a9c0d7e441.jpg,31960,58626,ninguna,ok,
38068,FEBRILIX 500 MG X 20 TABLETAS,https://mav.farmaciasaas.com/api/images/articulos/DISTRIBUCION/7037.jpg,https://fqeshthtycmzgyibiurq.supabase.co/storage/v1/object/public/crsnimages/catalogo/7a22048c-dece-430f-b670-32348fc08d41.jpg,93592,46142,ninguna,ok,
38076,FERGANIC 40 MG X 24 CAPSULAS,https://mav.farmaciasaas.com/api/images/articulos/DISTRIBUCION/8790.jpg,https://fqeshthtycmzgyibiurq.supabase.co/storage/v1/object/public/crsnimages/catalogo/c3b02fff-26d8-4f19-9a01-dec0a30865fb.jpg,70093,29733,ninguna,ok,
38070,FEBRIP 180 MG / 5 ML SOLUCION ORAL,https://mav.farmaciasaas.com/api/images/articulos/DISTRIBUCION/27532.jpg,https://fqeshthtycmzgyibiurq.supabase.co/storage/v1/object/public/crsnimages/catalogo/34e29189-a9e2-4cbf-9f11-3c7ea27d4796.jpg,76216,38785,ninguna,ok,
38079,FERGANIC FOLIC 40 MG - 360 MCG / 15 ML X 20 JARABE,https://mav.farmaciasaas.com/api/images/articulos/DISTRIBUCION/52465.jpg,https://fqeshthtycmzgyibiurq.supabase.co/storage/v1/object/public/crsnimages/catalogo/770e9f35-3278-48df-8f20-c6120ae66e58.jpg,65852,31124,ninguna,ok,
38077,FERGANIC 40 MG X 30 CAPSULAS,https://mav.farmaciasaas.com/api/images/articulos/DISTRIBUCION/53159.jpg,https://fqeshthtycmzgyibiurq.supabase.co/storage/v1/object/public/crsnimages/catalogo/560ab84b-ecce-4bd2-aea7-460d720fd064.jpg,47743,18772,ninguna,ok,
38080,FERGANIC FOLIC 40 MG - 360 MCG / 15 ML X 1 JARABE,https://mav.farmaciasaas.com/api/images/articulos/DISTRIBUCION/52465.jpg,https://fqeshthtycmzgyibiurq.supabase.co/storage/v1/object/public/crsnimages/catalogo/bfb2a605-fc1c-4df6-8617-6d1a774adc0f.jpg,65852,31124,ninguna,ok,
38081,FERGANIC FOLIC 40 MG - 360 MCG / 15 ML X 30 JARABE,https://mav.farmaciasaas.com/api/images/articulos/DISTRIBUCION/52465.jpg,https://fqeshthtycmzgyibiurq.supabase.co/storage/v1/object/public/crsnimages/catalogo/d3ec5571-9551-4aa5-b626-4cdd0c132271.jpg,65852,31124,ninguna,ok,
38082,FERGANIC 40 MG / 15 ML SOLUCION ORAL,https://mav.farmaciasaas.com/api/images/articulos/DISTRIBUCION/8791.jpg,https://fqeshthtycmzgyibiurq.supabase.co/storage/v1/object/public/crsnimages/catalogo/83c264ef-c0f9-4fc3-824c-8108c60c85f3.jpg,61648,27330,ninguna,ok,
38084,FERROCE 300 MG - 50 MG X 30 TABLETAS ENTERICAS,https://pccentro.net.ve/img/s/7/5/8/1/6/75816-large_default.webp,https://fqeshthtycmzgyibiurq.supabase.co/storage/v1/object/public/crsnimages/catalogo/4d0ef7ef-3d01-4067-a4bb-44207a67b58c.jpg,12456,14429,ninguna,ok,
38085,FERROCE CON B12 JARABE,https://pccentro.net.ve/img/s/7/5/8/1/8/75818-large_default.webp,https://fqeshthtycmzgyibiurq.supabase.co/storage/v1/object/public/crsnimages/catalogo/e51d5354-e966-4667-95ec-fdf6d0102577.jpg,12272,15400,ninguna,ok,
38094,FISIOLIN 0.65 % SOLUCION NASAL,https://mav.farmaciasaas.com/api/images/articulos/DISTRIBUCION/23647.jpg,https://fqeshthtycmzgyibiurq.supabase.co/storage/v1/object/public/crsnimages/catalogo/97b0e5ca-215e-449c-9fc7-c2481d15378d.jpg,54113,19045,ninguna,ok,
38091,FINASTERIDE 5 MG X 30 TABLETAS RECUBIERTAS,https://mav.farmaciasaas.com/api/images/articulos/DISTRIBUCION/12033.jpg,https://fqeshthtycmzgyibiurq.supabase.co/storage/v1/object/public/crsnimages/catalogo/10098f72-02eb-4603-ae74-1693ec6c0f62.jpg,24796,15563,ninguna,ok,
38089,FEXOFENADINA CLORHIDRATO 120 MG X 10 TABLETAS RECUBIERTAS,https://pccentro.net.ve/img/s/8/3/9/6/9/83969-large_default.webp,https://fqeshthtycmzgyibiurq.supabase.co/storage/v1/object/public/crsnimages/catalogo/3686f4db-e34b-44a3-9f4d-eb797e0803a2.jpg,53822,32304,ninguna,ok,
38095,FITEX 20 MG X 1 TABLETA,https://mav.farmaciasaas.com/api/images/articulos/DISTRIBUCION/99114.jpg,https://fqeshthtycmzgyibiurq.supabase.co/storage/v1/object/public/crsnimages/catalogo/72ace0b2-9e4d-40fb-8974-8bad3aa2faee.jpg,73381,35071,ninguna,ok,
38083,FERGANIC 100 MG / 5 ML X 1 AMPOLLA,https://mav.farmaciasaas.com/api/images/articulos/DISTRIBUCION/52639.jpg,https://fqeshthtycmzgyibiurq.supabase.co/storage/v1/object/public/crsnimages/catalogo/24ef7e46-3ee7-4bb3-9aef-4273a534663f.jpg,71479,30958,ninguna,ok,
38096,FITEX 20 MG X 2 TABLETAS,https://mav.farmaciasaas.com/api/images/articulos/DISTRIBUCION/99115.jpg,https://fqeshthtycmzgyibiurq.supabase.co/storage/v1/object/public/crsnimages/catalogo/694f404f-021c-4022-a063-7c8d2d43bab6.jpg,81504,41382,ninguna,ok,
38100,FLAVOL 300 MG X 20 CAPSULAS,https://mav.farmaciasaas.com/api/images/articulos/DISTRIBUCION/4190.jpg,https://fqeshthtycmzgyibiurq.supabase.co/storage/v1/object/public/crsnimages/catalogo/401f186f-04b4-4c3e-b291-10c9cfa3605e.jpg,81824,43209,ninguna,ok,
38097,FITEX 5 MG X 10 TABLETAS,https://mav.farmaciasaas.com/api/images/articulos/DISTRIBUCION/20284.jpg,https://fqeshthtycmzgyibiurq.supabase.co/storage/v1/object/public/crsnimages/catalogo/6dfc4af0-447b-4137-966b-8d540d6eb64a.jpg,53925,23497,ninguna,ok,
38090,FEXORAT 30 MG / 5 ML SUSPENSION ORAL,https://mav.farmaciasaas.com/api/images/articulos/DISTRIBUCION/53627.jpg,https://fqeshthtycmzgyibiurq.supabase.co/storage/v1/object/public/crsnimages/catalogo/22435ec6-6b31-46ae-870b-45a47640f46e.jpg,76881,34866,ninguna,ok,
38101,GENLET 200 MG X 10 COMPRIMIDOS RECUBIERTOS,https://mav.farmaciasaas.com/api/images/articulos/DISTRIBUCION/50060.jpg,https://fqeshthtycmzgyibiurq.supabase.co/storage/v1/object/public/crsnimages/catalogo/559b4359-6c6b-42a7-94e8-eb834fb4df7a.jpg,48195,20757,ninguna,ok,
38098,FITEX 5 MG X 30 TABLETAS,https://pccentro.net.ve/img/s/3/0/8/7/0/30870-large_default.webp,https://fqeshthtycmzgyibiurq.supabase.co/storage/v1/object/public/crsnimages/catalogo/ecb45599-ea63-4840-bf08-294a6c507cff.jpg,11192,25513,ninguna,ok,
38105,FLEMIBAR 20 MG - 2500 MG / 5 ML X 3 AMPOLLAS,https://mav.farmaciasaas.com/api/images/articulos/DISTRIBUCION/29271.jpg,https://fqeshthtycmzgyibiurq.supabase.co/storage/v1/object/public/crsnimages/catalogo/80908769-81ea-43a5-b206-29597cf4a36d.jpg,60236,26307,ninguna,ok,
38106,FLEMIBAR 10 MG - 250 MG X 10 COMPRIMIDOS RECUBIERTOS,https://mav.farmaciasaas.com/api/images/articulos/DISTRIBUCION/28552.jpg,https://fqeshthtycmzgyibiurq.supabase.co/storage/v1/object/public/crsnimages/catalogo/846ee13e-92d7-4d85-bad1-351c66f61677.jpg,61118,25319,ninguna,ok,
38108,FLINAS 0.05 % X 140 SUSPENSION NASAL PARA NEBULIZAR,https://mav.farmaciasaas.com/api/images/articulos/DISTRIBUCION/91716.jpg,https://fqeshthtycmzgyibiurq.supabase.co/storage/v1/object/public/crsnimages/catalogo/61ce86f3-045c-4ebf-915a-a4add446d165.jpg,40264,14667,ninguna,ok,
38107,FLENOX 15 MG / 5 ML SOLUCION ORAL,https://mav.farmaciasaas.com/api/images/articulos/DISTRIBUCION/50900.jpg,https://fqeshthtycmzgyibiurq.supabase.co/storage/v1/object/public/crsnimages/catalogo/7dc8d736-ad4f-47cb-b024-be9440bd9a0c.jpg,59195,27071,ninguna,ok,
38109,FLODONT 0.15 % ENJUAGUE BUCAL,https://mav.farmaciasaas.com/api/images/articulos/DISTRIBUCION/10367.jpg,https://fqeshthtycmzgyibiurq.supabase.co/storage/v1/object/public/crsnimages/catalogo/8bc1b46e-0b80-4434-98fc-e84b0ada8248.jpg,54598,25002,ninguna,ok,
38110,FLOMED 0.15 % - 0.25 % SOLUCION TOPICA BUCAL ATOMIZADORA,https://mav.farmaciasaas.com/api/images/articulos/DISTRIBUCION/16421.jpg,https://fqeshthtycmzgyibiurq.supabase.co/storage/v1/object/public/crsnimages/catalogo/7dc0b984-801f-458e-b269-bc0a968dfd63.jpg,41649,15308,ninguna,ok,
38111,FLUCON 150 MG X 2 CAPSULAS,https://mav.farmaciasaas.com/api/images/articulos/DISTRIBUCION/9690.jpg,https://fqeshthtycmzgyibiurq.supabase.co/storage/v1/object/public/crsnimages/catalogo/f66fbacc-f824-4bee-afe8-fe4b4b8c245e.jpg,89400,39130,ninguna,ok,
38114,FLUCONAZOL 150 MG X 2 CAPSULAS,https://mav.farmaciasaas.com/api/images/articulos/DISTRIBUCION/9668.jpg,https://fqeshthtycmzgyibiurq.supabase.co/storage/v1/object/public/crsnimages/catalogo/18f73c04-558a-4db1-b836-b5522c7942a2.jpg,25513,16016,ninguna,ok,
38116,FLUCONAZOL 150 MG X 2 CAPSULAS,https://mav.farmaciasaas.com/api/images/articulos/DISTRIBUCION/4546.jpg,https://fqeshthtycmzgyibiurq.supabase.co/storage/v1/object/public/crsnimages/catalogo/0b2e849e-10bd-4225-a100-5c236d76e268.jpg,56324,24982,ninguna,ok,
38117,FLUCONAZOL 150 MG X 2 CAPSULAS,https://mav.farmaciasaas.com/api/images/articulos/DISTRIBUCION/8645.jpg,https://fqeshthtycmzgyibiurq.supabase.co/storage/v1/object/public/crsnimages/catalogo/cdc86c71-9596-4b87-827e-66741a2f932b.jpg,250411,34053,ninguna,ok,
38122,FLUDIL 10 MG X 20 TABLETAS,https://mav.farmaciasaas.com/api/images/articulos/DISTRIBUCION/1790.jpg,https://fqeshthtycmzgyibiurq.supabase.co/storage/v1/object/public/crsnimages/catalogo/2c7a5b9b-2ad0-45f5-aa55-55638bf8487c.jpg,52357,21880,ninguna,ok,
38123,FLUDIL 10 MG X 40 TABLETAS,https://mav.farmaciasaas.com/api/images/articulos/DISTRIBUCION/95624.jpg,https://fqeshthtycmzgyibiurq.supabase.co/storage/v1/object/public/crsnimages/catalogo/758f8ea3-8524-4699-8b11-ecc3dddafb69.jpg,42402,15223,ninguna,ok,
38127,FLUOXETINA 20 MG X 14 CAPSULAS,https://mav.farmaciasaas.com/api/images/articulos/DISTRIBUCION/3221.jpg,https://fqeshthtycmzgyibiurq.supabase.co/storage/v1/object/public/crsnimages/catalogo/b6440dd2-7b96-43ae-8d9a-f17c0bf654d8.jpg,120724,25474,ninguna,ok,
38130,FOLIFER B-12 X 30 TABLETAS,https://mav.farmaciasaas.com/api/images/articulos/DISTRIBUCION/5344.jpg,https://fqeshthtycmzgyibiurq.supabase.co/storage/v1/object/public/crsnimages/catalogo/05da47f5-ab64-4bd1-b176-ac5ee469c168.jpg,74533,37602,ninguna,ok,
38124,FLUMAZENIL 0.5 MG / 5 ML X 1 AMPOLLA,https://mav.farmaciasaas.com/api/images/articulos/DISTRIBUCION/53237.jpg,https://fqeshthtycmzgyibiurq.supabase.co/storage/v1/object/public/crsnimages/catalogo/f752315d-07f1-465d-9227-1c86a41be155.jpg,39707,12953,ninguna,ok,
38133,FOSFOLIT 21.6 G - 8.1 G / 45 ML SOLUCION ORAL,https://mav.farmaciasaas.com/api/images/articulos/DISTRIBUCION/17761.jpg,https://fqeshthtycmzgyibiurq.supabase.co/storage/v1/object/public/crsnimages/catalogo/397c9d7c-590f-4109-a585-30e75827afc8.jpg,41665,15760,ninguna,ok,
38132,FOSFATO DE POTASIO MONOBASICO 1 MEQ / ML SOLUCION INYECTABLE I.V.,https://mav.farmaciasaas.com/api/images/articulos/DISTRIBUCION/28881.jpg,https://fqeshthtycmzgyibiurq.supabase.co/storage/v1/object/public/crsnimages/catalogo/a4e60e89-5551-46f8-8796-f4c732812e93.jpg,51319,20882,ninguna,ok,
38129,FLUOXETINA 20 MG X 30 TABLETAS RECUBIERTAS,https://pccentro.net.ve/img/s/8/5/3/1/1/85311-large_default.webp,https://fqeshthtycmzgyibiurq.supabase.co/storage/v1/object/public/crsnimages/catalogo/f9928f45-d1d1-4a05-82e4-985d443a339e.jpg,65598,37033,ninguna,ok,
38135,FUGOLIN 1 % SOLUCION,https://mav.farmaciasaas.com/api/images/articulos/DISTRIBUCION/2986.jpg,https://fqeshthtycmzgyibiurq.supabase.co/storage/v1/object/public/crsnimages/catalogo/96729439-eda2-43f9-80bd-ce2aa1bd804e.jpg,84766,41039,ninguna,ok,
38136,FULGRAM 875 MG - 125 MG X 16 COMPRIMIDOS RECUBIERTOS,https://mav.farmaciasaas.com/api/images/articulos/DISTRIBUCION/17884.jpg,https://fqeshthtycmzgyibiurq.supabase.co/storage/v1/object/public/crsnimages/catalogo/75eef10b-ac5f-4a50-9716-25c578b41378.jpg,68577,32064,ninguna,ok,
38131,TIMOLOL - DORZOLAMIDA 0.5 % - 2 % X 28 SOLUCION OFTALMICA,https://pccentro.net.ve/img/s/7/5/6/4/0/75640-large_default.webp,https://fqeshthtycmzgyibiurq.supabase.co/storage/v1/object/public/crsnimages/catalogo/6166f1cb-8320-4f46-a385-6494f0d5bd80.jpg,10784,24595,ninguna,ok,
38140,FUROSEMIDA 20 MG X 12 TABLETAS,https://mav.farmaciasaas.com/api/images/articulos/DISTRIBUCION/5054.jpg,https://fqeshthtycmzgyibiurq.supabase.co/storage/v1/object/public/crsnimages/catalogo/324c355b-0ce3-40b6-badc-aa7f428c7efc.jpg,47022,19373,ninguna,ok,
38141,FUROSEMIDA 20 MG X 24 TABLETAS,https://mav.farmaciasaas.com/api/images/articulos/DISTRIBUCION/54373.jpg,https://fqeshthtycmzgyibiurq.supabase.co/storage/v1/object/public/crsnimages/catalogo/e15ac1e3-d5ef-4314-961c-7d2b5d148b1d.jpg,21763,14181,ninguna,ok,
38138,FUNTRAZOL 100 MG X 10 CAPSULAS,https://mav.farmaciasaas.com/api/images/articulos/DISTRIBUCION/21367.jpg,https://fqeshthtycmzgyibiurq.supabase.co/storage/v1/object/public/crsnimages/catalogo/e4b3d4d7-7cde-4397-ae72-37f423e368a6.jpg,55610,23550,ninguna,ok,
38143,FUROSEMIDA 40 MG X 12 TABLETAS,https://mav.farmaciasaas.com/api/images/articulos/DISTRIBUCION/51326.jpg,https://fqeshthtycmzgyibiurq.supabase.co/storage/v1/object/public/crsnimages/catalogo/9a279b50-2948-4f54-a85c-49f747c8317e.jpg,54100,24210,ninguna,ok,
38142,FUROSEMIDA 40 MG X 12 COMPRIMIDOS,https://mav.farmaciasaas.com/api/images/articulos/DISTRIBUCION/23177.jpg,https://fqeshthtycmzgyibiurq.supabase.co/storage/v1/object/public/crsnimages/catalogo/55feb6e2-584c-4b79-828c-81fbccac5edd.jpg,473220,45303,ninguna,ok,
38144,FUROSEMIDA 40 MG X 24 TABLETAS,https://mav.farmaciasaas.com/api/images/articulos/DISTRIBUCION/5296.jpg,https://fqeshthtycmzgyibiurq.supabase.co/storage/v1/object/public/crsnimages/catalogo/1a9a9d16-9e75-4684-9b65-054139a690cb.jpg,55548,24959,ninguna,ok,
38146,GABAPANTINA 300 MG X 20 CAPSULAS,https://mav.farmaciasaas.com/api/images/articulos/DISTRIBUCION/97483.jpg,https://fqeshthtycmzgyibiurq.supabase.co/storage/v1/object/public/crsnimages/catalogo/c50a2ea5-2f86-4f84-9cdb-e40f995e9b62.jpg,25365,15861,ninguna,ok,
38151,GARDENAL 100 MG X 30 COMPRIMIDOS,https://mav.farmaciasaas.com/api/images/articulos/DISTRIBUCION/1477.jpg,https://fqeshthtycmzgyibiurq.supabase.co/storage/v1/object/public/crsnimages/catalogo/08b51786-d3ef-413b-bdfb-1f9e56edc53e.jpg,23151,14607,ninguna,ok,
38150,GARABET 0.3 % - 0.1 % SOLUCION OFTALMICA,https://mav.farmaciasaas.com/api/images/articulos/DISTRIBUCION/7339.jpg,https://fqeshthtycmzgyibiurq.supabase.co/storage/v1/object/public/crsnimages/catalogo/b4f6986c-87d9-458b-b8a4-bf0eaad0aae2.jpg,62369,22847,ninguna,ok,
38156,GENTAMICINA 0.3 % SOLUCION OFTALMICA,https://mav.farmaciasaas.com/api/images/articulos/DISTRIBUCION/5334.jpg,https://fqeshthtycmzgyibiurq.supabase.co/storage/v1/object/public/crsnimages/catalogo/538cf695-dc75-4ded-8517-b5d76a0fcd1f.jpg,74529,28599,ninguna,ok,
38149,GABOX 200 MG X 20 COMPRIMIDOS,https://mav.farmaciasaas.com/api/images/articulos/DISTRIBUCION/6134.jpg,https://fqeshthtycmzgyibiurq.supabase.co/storage/v1/object/public/crsnimages/catalogo/21f248e8-f0c3-4c15-8c4a-4a0be5135636.jpg,71745,33422,ninguna,ok,
38152,GENESA 3 MG-20 MCG X 28 COMPRIMIDOS RECUBIERTOS,https://mav.farmaciasaas.com/api/images/articulos/DISTRIBUCION/13744.jpg,https://fqeshthtycmzgyibiurq.supabase.co/storage/v1/object/public/crsnimages/catalogo/44290e86-e993-40e2-b4d5-c203bc99f298.jpg,66330,30567,ninguna,ok,
38162,GLICERINA 2.44 G X 6 SUPOSITORIOS,https://mav.farmaciasaas.com/api/images/articulos/DISTRIBUCION/53074.jpg,https://fqeshthtycmzgyibiurq.supabase.co/storage/v1/object/public/crsnimages/catalogo/1890deef-63b9-4d36-a68c-aeb835b67f82.jpg,69906,31060,ninguna,ok,
38163,GLIDAN 80 MG X 20 TABLETAS,https://mav.farmaciasaas.com/api/images/articulos/DISTRIBUCION/9706.jpg,https://fqeshthtycmzgyibiurq.supabase.co/storage/v1/object/public/crsnimages/catalogo/685c82fc-2b8b-4fc1-873d-c49b128231ca.jpg,61686,28545,ninguna,ok,
38161,GLICAZET 500 MG / 5 MG TABLETAS RECUBIERTAS,https://mav.farmaciasaas.com/api/images/articulos/DISTRIBUCION/26018.jpg,https://fqeshthtycmzgyibiurq.supabase.co/storage/v1/object/public/crsnimages/catalogo/96bf07b4-f573-4532-b84a-f1582c08bcdc.jpg,46504,18906,ninguna,ok,
38164,GLIFORMIN 1000 MG X 30 TABLETAS RECUBIERTAS,https://mav.farmaciasaas.com/api/images/articulos/DISTRIBUCION/22351.jpg,https://fqeshthtycmzgyibiurq.supabase.co/storage/v1/object/public/crsnimages/catalogo/5cba84b6-91eb-4ea0-92c5-ea8b3715b558.jpg,54448,21501,ninguna,ok,
38166,GLIMEPIRIDA 2 MG X 30 COMPRIMIDOS,https://mav.farmaciasaas.com/api/images/articulos/DISTRIBUCION/52337.jpg,https://fqeshthtycmzgyibiurq.supabase.co/storage/v1/object/public/crsnimages/catalogo/c0522055-3ee4-4be4-96ae-fb10b7244283.jpg,41988,15271,ninguna,ok,
38167,GLIMEPIRIDA 4 MG X 15 COMPRIMIDOS,https://mav.farmaciasaas.com/api/images/articulos/DISTRIBUCION/52338.jpg,https://fqeshthtycmzgyibiurq.supabase.co/storage/v1/object/public/crsnimages/catalogo/355369bb-21fc-4ea7-b33c-f3f1a19ddab3.jpg,58972,27081,ninguna,ok,
38170,GLIPTIN 500 MG - 50 MG X 10 COMPRIMIDOS RECUBIERTOS,https://mav.farmaciasaas.com/api/images/articulos/DISTRIBUCION/26771.jpg,https://fqeshthtycmzgyibiurq.supabase.co/storage/v1/object/public/crsnimages/catalogo/97ce29aa-c63a-48aa-8a8c-44d3c8dfe74d.jpg,53138,21375,ninguna,ok,
38173,GLUCONATO FERROSO (50 MG / 15 ML DE HIERRO ELEMENTAL) SOLUCION ORAL,https://mav.farmaciasaas.com/api/images/articulos/DISTRIBUCION/98394/98394.jpg,https://fqeshthtycmzgyibiurq.supabase.co/storage/v1/object/public/crsnimages/catalogo/c15c52b3-af1e-4188-be65-d81f07dcd313.jpg,59364,27272,ninguna,ok,
38171,GLIPTIN 500 MG - 50 MG X 30 COMPRIMIDOS RECUBIERTOS,https://mav.farmaciasaas.com/api/images/articulos/DISTRIBUCION/28336.jpg,https://fqeshthtycmzgyibiurq.supabase.co/storage/v1/object/public/crsnimages/catalogo/ef5a435c-584f-400c-8611-57e1f4cb609d.jpg,48758,19382,ninguna,ok,
38165,GLIFORMIN 850 MG X 30 TABLETAS RECUBIERTAS,https://mav.farmaciasaas.com/api/images/articulos/DISTRIBUCION/23014.jpg,https://fqeshthtycmzgyibiurq.supabase.co/storage/v1/object/public/crsnimages/catalogo/81245c73-7678-43f6-9855-0826c6346fb4.jpg,63386,27083,ninguna,ok,
38174,GLUCOVAL 10 MG X 30 TABLETAS RECUBIERTAS,https://mav.farmaciasaas.com/api/images/articulos/DISTRIBUCION/53623.jpg,https://fqeshthtycmzgyibiurq.supabase.co/storage/v1/object/public/crsnimages/catalogo/03fd9e80-b33e-49dd-91bc-d1882f9e504a.jpg,76808,33544,ninguna,ok,
38175,GLUCOVAL 25 MG X 30 TABLETAS RECUBIERTAS,https://mav.farmaciasaas.com/api/images/articulos/DISTRIBUCION/53624.jpg,https://fqeshthtycmzgyibiurq.supabase.co/storage/v1/object/public/crsnimages/catalogo/c35531b6-63cd-4670-ae6d-d928ac916b7b.jpg,69794,28412,ninguna,ok,
38176,GLYMAR 2 MG X 20 TABLETAS,https://mav.farmaciasaas.com/api/images/articulos/DISTRIBUCION/9455.jpg,https://fqeshthtycmzgyibiurq.supabase.co/storage/v1/object/public/crsnimages/catalogo/69ed4d86-5249-4909-a9f6-aeaf169386b1.jpg,46353,17398,ninguna,ok,
38178,GRATIO 500 MG X 10 TABLETAS RECUBIERTAS,https://mav.farmaciasaas.com/api/images/articulos/DISTRIBUCION/93745.jpg,https://fqeshthtycmzgyibiurq.supabase.co/storage/v1/object/public/crsnimages/catalogo/f0d5b9bd-f7be-4594-8316-d545b24ac8b6.jpg,65675,33009,ninguna,ok,
38182,GULAPER 100 MG / 5 ML ORAL,https://mav.farmaciasaas.com/api/images/articulos/DISTRIBUCION/8704.jpg,https://fqeshthtycmzgyibiurq.supabase.co/storage/v1/object/public/crsnimages/catalogo/65c34a51-448c-47ad-a968-cbed3f2580fd.jpg,87929,46762,ninguna,ok,
38180,GULAPER 250 MG / 5 ML SOLUCION ORAL,https://mav.farmaciasaas.com/api/images/articulos/DISTRIBUCION/53409.jpg,https://fqeshthtycmzgyibiurq.supabase.co/storage/v1/object/public/crsnimages/catalogo/d76d89dc-2ae0-4f6a-aa60-c8b2f6270dd5.jpg,91375,46925,ninguna,ok,
38181,GULAPER 250 MG / 5 ML SOLUCION ORAL SABOR A MENTA,https://mav.farmaciasaas.com/api/images/articulos/DISTRIBUCION/53409.jpg,https://fqeshthtycmzgyibiurq.supabase.co/storage/v1/object/public/crsnimages/catalogo/5923d1b1-1e70-4867-87d4-fee25f4aa320.jpg,91375,46925,ninguna,ok,
38183,GYNODERAIN 0.6 G X 6 OVULOS,https://mav.farmaciasaas.com/api/images/articulos/DISTRIBUCION/8278.jpg,https://fqeshthtycmzgyibiurq.supabase.co/storage/v1/object/public/crsnimages/catalogo/2981462d-030d-4501-9eda-7ef79b10b04c.jpg,20173,12575,ninguna,ok,
38187,HEPAFOL B12 X 30 TABLETAS RECUBIERTAS,https://mav.farmaciasaas.com/api/images/articulos/DISTRIBUCION/1766.jpg,https://fqeshthtycmzgyibiurq.supabase.co/storage/v1/object/public/crsnimages/catalogo/7ceaf138-7c23-4723-8b17-f7b24f9e7d02.jpg,56044,23209,ninguna,ok,
38184,GYNOMET 750 MG - 200 MG X 7 OVULOS,https://mav.farmaciasaas.com/api/images/articulos/DISTRIBUCION/53056.jpg,https://fqeshthtycmzgyibiurq.supabase.co/storage/v1/object/public/crsnimages/catalogo/fd20d688-ded5-45a8-9a03-a63a0978455d.jpg,68350,33209,ninguna,ok,
38186,HELAL 200 MG X 2 COMPRIMIDOS,https://mav.farmaciasaas.com/api/images/articulos/DISTRIBUCION/6546.jpg,https://fqeshthtycmzgyibiurq.supabase.co/storage/v1/object/public/crsnimages/catalogo/43c7a4d2-6f5b-438f-8094-3dd1dd0850b9.jpg,69012,34493,ninguna,ok,
38188,HEPROX 0.4 MG X 30 CAPSULAS DE LIBERACION PROLONGADA,https://mav.farmaciasaas.com/api/images/articulos/DISTRIBUCION/91510.jpg,https://fqeshthtycmzgyibiurq.supabase.co/storage/v1/object/public/crsnimages/catalogo/e56ee4f3-4077-4629-b3fc-ae302fd4d979.jpg,48506,18551,ninguna,ok,
38190,LOSARTAN POTASICO - HIDROCLOROTIAZIDA 100 MG - 25 MG X 30 COMPRIMIDOS RECUBIERTOS,https://mav.farmaciasaas.com/api/images/articulos/DISTRIBUCION/54300.jpg,https://fqeshthtycmzgyibiurq.supabase.co/storage/v1/object/public/crsnimages/catalogo/b477470e-3833-4b1d-8c1c-269338da5243.jpg,21927,14085,ninguna,ok,
38194,LOSARTAN POTASICO - HIDROCLOROTIAZIDA 50 MG -12.5 MG X 10 TABLETAS RECUBIERTAS,https://mav.farmaciasaas.com/api/images/articulos/DISTRIBUCION/93777.jpg,https://fqeshthtycmzgyibiurq.supabase.co/storage/v1/object/public/crsnimages/catalogo/ebf16da6-ab7d-48be-8a30-db4cbba170d9.jpg,84526,37708,ninguna,ok,
38199,PASIM FEM 20 MG - 400 MG X 10 COMPRIMIDOS RECUBIERTOS,https://mav.farmaciasaas.com/api/images/articulos/DISTRIBUCION/54299.jpg,https://fqeshthtycmzgyibiurq.supabase.co/storage/v1/object/public/crsnimages/catalogo/b97bd5e4-4b06-4320-b3ca-f61ada2eacae.jpg,19335,11185,ninguna,ok,
38189,HEXANTFLEM 250 MG / 5 ML SOLUCION ORAL,https://mav.farmaciasaas.com/api/images/articulos/DISTRIBUCION/53268.jpg,https://fqeshthtycmzgyibiurq.supabase.co/storage/v1/object/public/crsnimages/catalogo/ac81c87c-0f9d-4e96-85a5-d4580e11f71e.jpg,67030,30253,ninguna,ok,
38193,LOSARTAN POTASICO - HIDROCLOROTIAZIDA 50 MG -12.5 MG X 30 TABLETAS RECUBIERTAS,https://mav.farmaciasaas.com/api/images/articulos/DISTRIBUCION/53797.jpg,https://fqeshthtycmzgyibiurq.supabase.co/storage/v1/object/public/crsnimages/catalogo/b5c5cbb9-ab5c-47eb-8559-204d923b3fb9.jpg,82257,37837,ninguna,ok,
38197,HIDROTEN 12.5 MG X 30 TABLETAS,https://mav.farmaciasaas.com/api/images/articulos/DISTRIBUCION/96218.jpg,https://fqeshthtycmzgyibiurq.supabase.co/storage/v1/object/public/crsnimages/catalogo/3d1ee099-ca55-4a94-906a-998ba1255deb.jpg,50334,20594,ninguna,ok,
38203,HISTIVERT 24 MG X 30 COMPRIMIDOS,https://mav.farmaciasaas.com/api/images/articulos/DISTRIBUCION/16044.jpg,https://fqeshthtycmzgyibiurq.supabase.co/storage/v1/object/public/crsnimages/catalogo/8ec94852-2dc3-4933-ac66-cc1a57b6a91a.jpg,43761,17044,ninguna,ok,
38201,HISTALER 5 MG X 10 TABLETAS RECUBIERTAS,https://mav.farmaciasaas.com/api/images/articulos/DISTRIBUCION/30267.jpg,https://fqeshthtycmzgyibiurq.supabase.co/storage/v1/object/public/crsnimages/catalogo/a48a89ff-dbd5-4e01-97aa-fc23c204fdae.jpg,208325,27227,ninguna,ok,
38205,IBECAR 150 MG X 30 TABLETAS RECUBIERTAS,https://mav.farmaciasaas.com/api/images/articulos/DISTRIBUCION/27009.jpg,https://fqeshthtycmzgyibiurq.supabase.co/storage/v1/object/public/crsnimages/catalogo/c64196a0-6da0-4133-92ad-ecb5842fe40f.jpg,168477,26449,ninguna,ok,
38204,IBANDROMET 150 MG X 1 TABLETA RECUBIERTA,https://mav.farmaciasaas.com/api/images/articulos/DISTRIBUCION/97785.jpg,https://fqeshthtycmzgyibiurq.supabase.co/storage/v1/object/public/crsnimages/catalogo/80495b29-0653-4857-934d-fd1aa9aff1e8.jpg,57173,25213,ninguna,ok,
38206,IBECAR 300 MG X 30 TABLETAS RECUBIERTAS,https://mav.farmaciasaas.com/api/images/articulos/DISTRIBUCION/27010.jpg,https://fqeshthtycmzgyibiurq.supabase.co/storage/v1/object/public/crsnimages/catalogo/61ca57b7-2f21-4d14-826a-8a28b3ae3e52.jpg,172301,26304,ninguna,ok,
38208,IBUCOLVAL 600 MG - 4 MG X 10 TABLETAS RECUBIERTAS,https://mav.farmaciasaas.com/api/images/articulos/DISTRIBUCION/50513.jpg,https://fqeshthtycmzgyibiurq.supabase.co/storage/v1/object/public/crsnimages/catalogo/3858fb7f-267a-4e36-8a40-c950624f98e5.jpg,307416,34437,ninguna,ok,
38212,IBUN 600 MG X 10 TABLETAS RECUBIERTAS,https://mav.farmaciasaas.com/api/images/articulos/DISTRIBUCION/26152.jpg,https://fqeshthtycmzgyibiurq.supabase.co/storage/v1/object/public/crsnimages/catalogo/5f98d2e9-ff4c-46d6-875a-5ee7a81901ef.jpg,61652,28993,ninguna,ok,
38209,IBUCOLVAL 600 MG - 4 MG X 20 TABLETAS RECUBIERTAS,https://mav.farmaciasaas.com/api/images/articulos/DISTRIBUCION/94906.jpg,https://fqeshthtycmzgyibiurq.supabase.co/storage/v1/object/public/crsnimages/catalogo/5ebae707-5736-4bef-8b34-1fe00b8859a9.jpg,223921,32794,ninguna,ok,
38211,IBUMAX 100 MG / 5 ML SUSPENSION ORAL,https://mav.farmaciasaas.com/api/images/articulos/DISTRIBUCION/50304.jpg,https://fqeshthtycmzgyibiurq.supabase.co/storage/v1/object/public/crsnimages/catalogo/0d12ed33-50d9-44c4-b946-4e3d8d4080ef.jpg,60721,26467,ninguna,ok,
38207,IBLUFEN 800 MG X 10 TABLETAS,https://mav.farmaciasaas.com/api/images/articulos/DISTRIBUCION/23883.jpg,https://fqeshthtycmzgyibiurq.supabase.co/storage/v1/object/public/crsnimages/catalogo/31cb9b68-023d-4e84-92fd-f0c74955b962.jpg,111015,44980,ninguna,ok,
38210,IBUFENAC 400 MG X 20 CAPSULAS,https://mav.farmaciasaas.com/api/images/articulos/DISTRIBUCION/23089.jpg,https://fqeshthtycmzgyibiurq.supabase.co/storage/v1/object/public/crsnimages/catalogo/9f8fd467-d272-48e0-a12a-a2fbb6dc5ccd.jpg,48644,20435,ninguna,ok,
38213,IBUN 800 MG X 10 TABLETAS RECUBIERTAS,https://mav.farmaciasaas.com/api/images/articulos/DISTRIBUCION/53061.jpg,https://fqeshthtycmzgyibiurq.supabase.co/storage/v1/object/public/crsnimages/catalogo/b65bf026-f0a1-43f7-8292-0d0e0738bbe8.jpg,76324,36653,ninguna,ok,
38214,IBUPROFENO 600 MG X 10 COMPRIMIDOS RECUBIERTOS,https://mav.farmaciasaas.com/api/images/articulos/DISTRIBUCION/3823.jpg,https://fqeshthtycmzgyibiurq.supabase.co/storage/v1/object/public/crsnimages/catalogo/612e0908-021f-4a0a-b466-5d96505fc833.jpg,64028,32282,ninguna,ok,
38215,IBUPROFENO 800 MG X 10 COMPRIMIDOS,https://mav.farmaciasaas.com/api/images/articulos/DISTRIBUCION/50176.jpg,https://fqeshthtycmzgyibiurq.supabase.co/storage/v1/object/public/crsnimages/catalogo/c4916d14-dc3b-4c8a-b59e-0b764c4054d9.jpg,53708,23746,ninguna,ok,
38218,IBUPROFENO 400 MG X 20 TABLETAS,https://mav.farmaciasaas.com/api/images/articulos/DISTRIBUCION/24334.jpg,https://fqeshthtycmzgyibiurq.supabase.co/storage/v1/object/public/crsnimages/catalogo/c2e2da84-0160-43dc-a548-6e9498c1dfe9.jpg,65333,30208,ninguna,ok,
38220,IBUPROFENO 800 MG X 10 TABLETAS RECUBIERTAS,https://pccentro.net.ve/img/s/8/9/7/4/5/89745-large_default.webp,https://fqeshthtycmzgyibiurq.supabase.co/storage/v1/object/public/crsnimages/catalogo/873caadd-cdd3-493b-a9a7-e7050b38f97b.jpg,38200,27582,ninguna,ok,
38221,IBUPROFENO - TIOCOLCHICOSIDO 400 MG - 4 MG X 10 TABLETAS RECUBIERTAS,https://mav.farmaciasaas.com/api/images/articulos/DISTRIBUCION/94963.jpg,https://fqeshthtycmzgyibiurq.supabase.co/storage/v1/object/public/crsnimages/catalogo/810fd459-d042-440e-9577-abc75c5e87ef.jpg,64990,30439,ninguna,ok,
38217,IBUPROFENO 100 MG / 5 ML SUSPENSION ORAL,https://mav.farmaciasaas.com/api/images/articulos/DISTRIBUCION/99047.jpg,https://fqeshthtycmzgyibiurq.supabase.co/storage/v1/object/public/crsnimages/catalogo/29bf3023-fcfd-40b4-9a50-3335ddbdc989.jpg,82719,39939,ninguna,ok,
38219,IBUPROFENO 600 MG X 10 TABLETAS,https://mav.farmaciasaas.com/api/images/articulos/DISTRIBUCION/29649.jpg,https://fqeshthtycmzgyibiurq.supabase.co/storage/v1/object/public/crsnimages/catalogo/0e163e37-aac0-4b66-b423-d9910629d8e0.jpg,56761,26835,ninguna,ok,
38222,IBUPROFENO 400 MG X 10 TABLETAS RECUBIERTAS,https://mav.farmaciasaas.com/api/images/articulos/DISTRIBUCION/10070.jpg,https://fqeshthtycmzgyibiurq.supabase.co/storage/v1/object/public/crsnimages/catalogo/ebb42a76-1144-4a45-b65a-853920056163.jpg,74704,33388,ninguna,ok,
38225,IBUPROFENO 600 MG X 10 TABLETAS RECUBIERTAS,https://mav.farmaciasaas.com/api/images/articulos/DISTRIBUCION/10263.jpg,https://fqeshthtycmzgyibiurq.supabase.co/storage/v1/object/public/crsnimages/catalogo/836d3db9-0ceb-4d14-bc88-fa22e888e2aa.jpg,24954,15665,ninguna,ok,
38224,IBUPROFENO 400 MG X 10 TABLETAS RECUBIERTAS ENTERICAS,https://mav.farmaciasaas.com/api/images/articulos/DISTRIBUCION/92855.jpg,https://fqeshthtycmzgyibiurq.supabase.co/storage/v1/object/public/crsnimages/catalogo/dc3e1600-314c-48da-8da8-1a8f99223bc8.jpg,417539,42831,ninguna,ok,
38223,IBUPROFENO 400 MG X 20 TABLETAS RECUBIERTAS,https://pccentro.net.ve/img/s/8/4/0/1/1/84011-large_default.webp,https://fqeshthtycmzgyibiurq.supabase.co/storage/v1/object/public/crsnimages/catalogo/ee02e2a3-0e9e-48b8-a045-a92eec629754.jpg,41392,26769,ninguna,ok,
38227,IBUTAN 200 MG / 5 ML SUSPENSION,https://mav.farmaciasaas.com/api/images/articulos/DISTRIBUCION/94585.jpg,https://fqeshthtycmzgyibiurq.supabase.co/storage/v1/object/public/crsnimages/catalogo/9be2f936-5698-4dd0-b0cd-ec708e4c6c0b.jpg,73735,34999,ninguna,ok,
38228,IBUTAN 200 MG X 10 TABLETAS,https://mav.farmaciasaas.com/api/images/articulos/DISTRIBUCION/4835.jpg,https://fqeshthtycmzgyibiurq.supabase.co/storage/v1/object/public/crsnimages/catalogo/2934151a-a8c0-4021-a6c3-07a8ff216b34.jpg,60347,27407,ninguna,ok,
38229,IBUTAN 400 MG X 10 TABLETAS,https://mav.farmaciasaas.com/api/images/articulos/DISTRIBUCION/8969.jpg,https://fqeshthtycmzgyibiurq.supabase.co/storage/v1/object/public/crsnimages/catalogo/ff581f87-9f85-4983-b7a2-16fb940f766e.jpg,49780,18408,ninguna,ok,
38226,IBUTAN 100 MG / 5 ML SUSPENSION,https://mav.farmaciasaas.com/api/images/articulos/DISTRIBUCION/8970.jpg,https://fqeshthtycmzgyibiurq.supabase.co/storage/v1/object/public/crsnimages/catalogo/ae32690f-3b7a-486b-99f3-7696afc0fbe9.jpg,45570,17229,ninguna,ok,
38230,IBUTAN 400 MG X 20 TABLETAS,https://mav.farmaciasaas.com/api/images/articulos/DISTRIBUCION/92332.jpg,https://fqeshthtycmzgyibiurq.supabase.co/storage/v1/object/public/crsnimages/catalogo/af89689e-d343-4a3f-8a69-88e0deed9c23.jpg,59899,26710,ninguna,ok,
38231,IBUTAN 600 MG X 10 TABLETAS,https://mav.farmaciasaas.com/api/images/articulos/DISTRIBUCION/127.jpg,https://fqeshthtycmzgyibiurq.supabase.co/storage/v1/object/public/crsnimages/catalogo/02b82a34-a527-4da6-8dea-b393f801f0d8.jpg,56445,23147,ninguna,ok,
38234,IBUTANCOL 600 MG - 4 MG X 10 TABLETAS,https://mav.farmaciasaas.com/api/images/articulos/DISTRIBUCION/95589.jpg,https://fqeshthtycmzgyibiurq.supabase.co/storage/v1/object/public/crsnimages/catalogo/ded65743-a535-4506-bf18-6f2a681a1515.jpg,56529,24233,ninguna,ok,
38232,IBUTANCOL 400 MG - 4 MG X 10 TABLETAS,https://mav.farmaciasaas.com/api/images/articulos/DISTRIBUCION/14204.jpg,https://fqeshthtycmzgyibiurq.supabase.co/storage/v1/object/public/crsnimages/catalogo/6ce7b352-9867-4751-909c-4305d6b9c840.jpg,70461,33348,ninguna,ok,
38233,IBUTANCOL 400 MG - 4 MG X 20 TABLETAS,https://mav.farmaciasaas.com/api/images/articulos/DISTRIBUCION/14205.jpg,https://fqeshthtycmzgyibiurq.supabase.co/storage/v1/object/public/crsnimages/catalogo/132e4335-bf78-4131-8c59-467fa6669a4d.jpg,57017,25102,ninguna,ok,
38236,IBUTANFEM 400 MG - 20 MG X 20 TABLETAS RECUBIERTAS,https://mav.farmaciasaas.com/api/images/articulos/DISTRIBUCION/25251.jpg,https://fqeshthtycmzgyibiurq.supabase.co/storage/v1/object/public/crsnimages/catalogo/c7165ef7-da2d-47aa-a8fc-52b864fb1aeb.jpg,58049,25738,ninguna,ok,
38235,IBUTANCOL 600 MG - 4 MG X 20 TABLETAS,https://mav.farmaciasaas.com/api/images/articulos/DISTRIBUCION/95590.jpg,https://fqeshthtycmzgyibiurq.supabase.co/storage/v1/object/public/crsnimages/catalogo/0d2adddf-32f7-4aa2-ade2-1f2f5ce6a5ec.jpg,53430,22719,ninguna,ok,
38238,IDOXEN 75 MG X 30 CAPSULAS DE LIBERACION PROLONGADA,https://mav.farmaciasaas.com/api/images/articulos/DISTRIBUCION/29527.jpg,https://fqeshthtycmzgyibiurq.supabase.co/storage/v1/object/public/crsnimages/catalogo/174bf8ae-c4b4-47c9-82dd-f6067fa7354c.jpg,55313,23712,ninguna,ok,
38239,IDOXEN 150 MG X 10 CAPSULAS DE LIBERACION PROLONGADA,https://mav.farmaciasaas.com/api/images/articulos/DISTRIBUCION/5699.jpg,https://fqeshthtycmzgyibiurq.supabase.co/storage/v1/object/public/crsnimages/catalogo/46bdb8e2-f1a1-4a46-9efd-48c669d73e57.jpg,41778,15407,ninguna,ok,
38237,IBUTANFEM 400 MG - 20 MG X 30 TABLETAS RECUBIERTAS,https://mav.farmaciasaas.com/api/images/articulos/DISTRIBUCION/25252.jpg,https://fqeshthtycmzgyibiurq.supabase.co/storage/v1/object/public/crsnimages/catalogo/e77bb00f-60f1-49cc-a09f-28c6a00177b9.jpg,58049,25738,ninguna,ok,
38241,ILTUX 20 MG X 28 COMPRIMIDOS RECUBIERTOS,https://mav.farmaciasaas.com/api/images/articulos/DISTRIBUCION/93907.jpg,https://fqeshthtycmzgyibiurq.supabase.co/storage/v1/object/public/crsnimages/catalogo/c2416f7d-1829-4154-890b-1052e9ae31a3.jpg,21912,13371,ninguna,ok,
38243,IMAZOL 1 % POLVO,https://mav.farmaciasaas.com/api/images/articulos/DISTRIBUCION/11071.jpg,https://fqeshthtycmzgyibiurq.supabase.co/storage/v1/object/public/crsnimages/catalogo/94ac42bd-de67-4af8-8f8f-05368994d38e.jpg,43547,16378,ninguna,ok,
38242,IMAZOL DUAL 500 MG CAPSULA BLANDA VAGINAL + 1 % X 1 CREMA VAGINAL,https://mav.farmaciasaas.com/api/images/articulos/DISTRIBUCION/8397.jpg,https://fqeshthtycmzgyibiurq.supabase.co/storage/v1/object/public/crsnimages/catalogo/d625b725-1b2c-47dd-b13f-c504aeda1ef9.jpg,59845,26990,ninguna,ok,
38246,INIBIL 20 MG X 14 COMPRIMIDOS CON CUBIERTA ENTERICA,https://mav.farmaciasaas.com/api/images/articulos/DISTRIBUCION/13662.jpg,https://fqeshthtycmzgyibiurq.supabase.co/storage/v1/object/public/crsnimages/catalogo/f150913f-edb9-4106-9a7b-f9bdfe3f208f.jpg,63201,17194,ninguna,ok,
38247,INIBIL 40 MG X 14 COMPRIMIDOS CON CUBIERTA ENTERICA,https://mav.farmaciasaas.com/api/images/articulos/DISTRIBUCION/13661.jpg,https://fqeshthtycmzgyibiurq.supabase.co/storage/v1/object/public/crsnimages/catalogo/ce0240e0-b5c1-4fc4-9da8-62af70e1c88c.jpg,60424,16770,ninguna,ok,
38244,IMAZOL 1 % SOLUCION TOPICA ATOMIZADOR,https://mav.farmaciasaas.com/api/images/articulos/DISTRIBUCION/1853.jpg,https://fqeshthtycmzgyibiurq.supabase.co/storage/v1/object/public/crsnimages/catalogo/16ae9f8d-c6f1-4f42-891f-a0d9b1b564c1.jpg,55748,24230,ninguna,ok,
38248,IPALAT 1 % CREMA,https://mav.farmaciasaas.com/api/images/articulos/DISTRIBUCION/10960.jpg,https://fqeshthtycmzgyibiurq.supabase.co/storage/v1/object/public/crsnimages/catalogo/d82d7a76-5ed8-45d1-a09b-d7907aefb17c.jpg,64214,27710,ninguna,ok,
38250,IPORET 40 MG / ML SUSPENSION ORAL GOTAS,https://mav.farmaciasaas.com/api/images/articulos/DISTRIBUCION/96800.jpg,https://fqeshthtycmzgyibiurq.supabase.co/storage/v1/object/public/crsnimages/catalogo/a37e9b60-70e6-4a3a-99d2-2004e4b14093.jpg,70213,28085,ninguna,ok,
38251,IPROXIN 500 MG X 12 TABLETAS RECUBIERTAS,https://mav.farmaciasaas.com/api/images/articulos/DISTRIBUCION/91152.jpg,https://fqeshthtycmzgyibiurq.supabase.co/storage/v1/object/public/crsnimages/catalogo/f08ab4e2-56cf-46ae-b56f-9f9faf50ce48.jpg,462038,42209,ninguna,ok,
38245,IMAZOL 100 MG X 6 TABLETAS VAGINALES,https://mav.farmaciasaas.com/api/images/articulos/DISTRIBUCION/1854.jpg,https://fqeshthtycmzgyibiurq.supabase.co/storage/v1/object/public/crsnimages/catalogo/43beb4d7-338d-4ccc-ba2b-ea8364a6923e.jpg,63323,30167,ninguna,ok,
38256,IRBESARTAN 300 MG X 28 TABLETAS,https://mav.farmaciasaas.com/api/images/articulos/DISTRIBUCION/28779.jpg,https://fqeshthtycmzgyibiurq.supabase.co/storage/v1/object/public/crsnimages/catalogo/5a5efeb4-1434-417e-9d0a-485ac9e84727.jpg,59200,25211,ninguna,ok,
38264,IZABAN 10 MG X 30 COMPRIMIDOS RECUBIERTOS,https://mav.farmaciasaas.com/api/images/articulos/DISTRIBUCION/29953.jpg,https://fqeshthtycmzgyibiurq.supabase.co/storage/v1/object/public/crsnimages/catalogo/0938cc8d-a5b7-4446-959d-1892227fbed2.jpg,58995,26076,ninguna,ok,
38252,IPROXIN 750 MG X 10 TABLETAS RECUBIERTAS,https://mav.farmaciasaas.com/api/images/articulos/DISTRIBUCION/54333.jpg,https://fqeshthtycmzgyibiurq.supabase.co/storage/v1/object/public/crsnimages/catalogo/cc921cb1-36ac-4c21-9982-d2e21b3cca4f.jpg,492925,44881,ninguna,ok,
38266,KAPET 75 MG X 14 TABLETAS RECUBIERTAS,https://mav.farmaciasaas.com/api/images/articulos/DISTRIBUCION/7826.jpg,https://fqeshthtycmzgyibiurq.supabase.co/storage/v1/object/public/crsnimages/catalogo/6acb5917-747d-4f77-8494-83c864516bc8.jpg,42487,15072,ninguna,ok,
38263,IVERMECTINA 6 MG X 4 TABLETAS,https://mav.farmaciasaas.com/api/images/articulos/DISTRIBUCION/38094.jpg,https://fqeshthtycmzgyibiurq.supabase.co/storage/v1/object/public/crsnimages/catalogo/4428d1bf-09ea-4322-aa70-e60f0a6fecc1.jpg,25447,15911,ninguna,ok,
38268,KATRIN 30 MG / ML X 1 AMPOLLA,https://mav.farmaciasaas.com/api/images/articulos/DISTRIBUCION/50006.jpg,https://fqeshthtycmzgyibiurq.supabase.co/storage/v1/object/public/crsnimages/catalogo/e5f05889-f270-44ef-811e-a8e2ea44db57.jpg,55743,24212,ninguna,ok,
38267,KAPET 75 MG X 30 TABLETAS RECUBIERTAS,https://pccentro.net.ve/img/s/3/5/6/5/7/35657-large_default.webp,https://fqeshthtycmzgyibiurq.supabase.co/storage/v1/object/public/crsnimages/catalogo/56cc7ff5-447f-4b63-8955-393a97d041fb.jpg,8084,17856,ninguna,ok,
38265,IZABAN DPP 25 MG - 5 MG X 30 COMPRIMIDOS RECUBIERTOS,https://mav.farmaciasaas.com/api/images/articulos/DISTRIBUCION/54207.jpg,https://fqeshthtycmzgyibiurq.supabase.co/storage/v1/object/public/crsnimages/catalogo/6635e186-92c4-4d1b-8626-ac4ef2e68e1f.jpg,68754,32514,ninguna,ok,
38269,KAYIVIS 10 % SOLUCION TOPICA,https://mav.farmaciasaas.com/api/images/articulos/DISTRIBUCION/6514.jpg,https://fqeshthtycmzgyibiurq.supabase.co/storage/v1/object/public/crsnimages/catalogo/589e8cfc-1bdb-4e6d-982e-746783a87a0a.jpg,90018,45117,ninguna,ok,
38260,ISBELA 2 MG - 0.035 MG X 21 TABLETAS RECUBIERTAS,https://mav.farmaciasaas.com/api/images/articulos/DISTRIBUCION/25187.jpg,https://fqeshthtycmzgyibiurq.supabase.co/storage/v1/object/public/crsnimages/catalogo/a0e87874-e2e8-4e3f-ab9f-c8a8bd9459db.jpg,64958,30369,ninguna,ok,
38270,KELAC 30 MG / ML X 1 AMPOLLA,https://mav.farmaciasaas.com/api/images/articulos/DISTRIBUCION/8261.jpg,https://fqeshthtycmzgyibiurq.supabase.co/storage/v1/object/public/crsnimages/catalogo/1619cbf3-4f3e-4d39-a26b-0c0f00544e13.jpg,60593,28676,ninguna,ok,
38271,KELAC 30 MG / ML X 3 AMPOLLAS,https://mav.farmaciasaas.com/api/images/articulos/DISTRIBUCION/95398.jpg,https://fqeshthtycmzgyibiurq.supabase.co/storage/v1/object/public/crsnimages/catalogo/e620a2fc-d31d-4246-8e12-c570ebe35967.jpg,50039,19043,ninguna,ok,
38274,KELFEN 50 MG X 10 CAPSULAS,https://mav.farmaciasaas.com/api/images/articulos/DISTRIBUCION/1518.jpg,https://fqeshthtycmzgyibiurq.supabase.co/storage/v1/object/public/crsnimages/catalogo/d8e6a027-6d76-4183-9105-13978118c99a.jpg,65631,30551,ninguna,ok,
38275,KELFEN 100 MG X 20 COMPRIMIDOS CON CUBIERTA ENTERICA,https://mav.farmaciasaas.com/api/images/articulos/DISTRIBUCION/11061.jpg,https://fqeshthtycmzgyibiurq.supabase.co/storage/v1/object/public/crsnimages/catalogo/9c81adfa-86a7-4c21-91e1-d26ce618a970.jpg,50486,21541,ninguna,ok,
38273,KELAC 30 MG X 4 TABLETAS SUBLINGUALES.,https://mav.farmaciasaas.com/api/images/articulos/DISTRIBUCION/27471.jpg,https://fqeshthtycmzgyibiurq.supabase.co/storage/v1/object/public/crsnimages/catalogo/8d3df43d-a863-487d-a542-8aa9fc4c2da3.jpg,47970,19962,ninguna,ok,
38278,KEPRORET 1 MG / ML SOLUCION ORAL,https://mav.farmaciasaas.com/api/images/articulos/DISTRIBUCION/26611.jpg,https://fqeshthtycmzgyibiurq.supabase.co/storage/v1/object/public/crsnimages/catalogo/c0157eae-4a76-4032-baa1-3560c2eca5f2.jpg,70082,27455,ninguna,ok,
38276,KEPPRA 1000 MG X 30 TABLETAS RECUBIERTAS,https://mav.farmaciasaas.com/api/images/articulos/DISTRIBUCION/28898.jpg,https://fqeshthtycmzgyibiurq.supabase.co/storage/v1/object/public/crsnimages/catalogo/7a9174e5-5fec-4820-a122-d84c797cc133.jpg,43444,16154,ninguna,ok,
38279,KETAZOL 2 % CHAMPU,https://mav.farmaciasaas.com/api/images/articulos/DISTRIBUCION/7281.jpg,https://fqeshthtycmzgyibiurq.supabase.co/storage/v1/object/public/crsnimages/catalogo/b96bcb4a-0df4-4c9d-8652-fc748d357a8f.jpg,70321,34332,ninguna,ok,
38277,KEPPRA 500 MG X 30 TABLETAS RECUBIERTAS,https://mav.farmaciasaas.com/api/images/articulos/DISTRIBUCION/28897.jpg,https://fqeshthtycmzgyibiurq.supabase.co/storage/v1/object/public/crsnimages/catalogo/e51086a2-ecea-4837-9018-6a1541cd220b.jpg,47124,18583,ninguna,ok,
38280,KETAZOL 2 % CREMA,https://mav.farmaciasaas.com/api/images/articulos/DISTRIBUCION/6552.jpg,https://fqeshthtycmzgyibiurq.supabase.co/storage/v1/object/public/crsnimages/catalogo/fee14e15-43ce-44cd-9fef-9119128da2d0.jpg,54816,23797,ninguna,ok,
38281,KETAZOL 400 MG X 3 OVULOS,https://mav.farmaciasaas.com/api/images/articulos/DISTRIBUCION/7624.jpg,https://fqeshthtycmzgyibiurq.supabase.co/storage/v1/object/public/crsnimages/catalogo/12c597ae-b588-4b72-a347-cf62ffa6893f.jpg,84121,37342,ninguna,ok,
38283,KETODEX 100 MG X 10 TABLETAS CON RECUBRIMIENTO ENTERICO,https://mav.farmaciasaas.com/api/images/articulos/DISTRIBUCION/28361.jpg,https://fqeshthtycmzgyibiurq.supabase.co/storage/v1/object/public/crsnimages/catalogo/e439a17d-db2d-4983-a645-3298a924d631.jpg,456944,40699,ninguna,ok,
38289,KETOPROFENO 100 MG X 20 CAPSULAS,https://pccentro.net.ve/img/s/8/4/0/5/1/84051-large_default.webp,https://fqeshthtycmzgyibiurq.supabase.co/storage/v1/object/public/crsnimages/catalogo/1ebfc210-40e5-4b85-805a-7ecd2a6e0d6f.jpg,41608,27504,ninguna,ok,
38288,KETOPROFENO 100 MG X 10 CAPSULAS,https://pccentro.net.ve/img/s/8/4/0/5/2/84052-large_default.webp,https://fqeshthtycmzgyibiurq.supabase.co/storage/v1/object/public/crsnimages/catalogo/16429c19-2ab9-4790-a3e9-b3138d10f7de.jpg,41000,27369,ninguna,ok,
38291,KETOPROFENO 100 MG X 20 CAPSULAS,https://mav.farmaciasaas.com/api/images/articulos/DISTRIBUCION/2408.jpg,https://fqeshthtycmzgyibiurq.supabase.co/storage/v1/object/public/crsnimages/catalogo/c48ee691-3c1e-4e35-81f5-6f4c91dcdff9.jpg,25062,15717,ninguna,ok,
38290,KETOPROFENO 100 MG X 10 CAPSULAS,https://mav.farmaciasaas.com/api/images/articulos/DISTRIBUCION/21061.jpg,https://fqeshthtycmzgyibiurq.supabase.co/storage/v1/object/public/crsnimages/catalogo/56eaa5db-b82d-4c1e-bd2b-328c496d8a97.jpg,25010,15662,ninguna,ok,
38282,CLINDAMICINA - KETOCONAZOL 100 MG - 400 MG OVULOS VAGINALES,https://pccentro.net.ve/img/s/8/5/3/0/4/85304-large_default.webp,https://fqeshthtycmzgyibiurq.supabase.co/storage/v1/object/public/crsnimages/catalogo/89bd20ab-b805-410f-b68b-8b586b8b6087.jpg,35614,23981,ninguna,ok,
38293,KETOPROFENO 100 MG X 20 CAPSULAS,https://mav.farmaciasaas.com/api/images/articulos/DISTRIBUCION/8408.jpg,https://fqeshthtycmzgyibiurq.supabase.co/storage/v1/object/public/crsnimages/catalogo/a107b2b6-de0c-4d87-9725-d6e4cf9c2475.jpg,63248,28192,ninguna,ok,
38292,KETOPROFENO 100 MG X 10 CAPSULAS,https://mav.farmaciasaas.com/api/images/articulos/DISTRIBUCION/54274.jpg,https://fqeshthtycmzgyibiurq.supabase.co/storage/v1/object/public/crsnimages/catalogo/1573943e-1698-463f-9802-163a3a2c0ae2.jpg,60305,25890,ninguna,ok,
38295,KETOREL 30 MG X 4 COMPRIMIDOS ORODISPERSABLE,https://mav.farmaciasaas.com/api/images/articulos/DISTRIBUCION/29434.jpg,https://fqeshthtycmzgyibiurq.supabase.co/storage/v1/object/public/crsnimages/catalogo/4d9bed53-20c7-4ae2-92ad-314655cbf9e9.jpg,75242,36318,ninguna,ok,
38300,KEYDOL 400 MG - 4 MG X 10 COMPRIMIDOS RECUBIERTOS,https://mav.farmaciasaas.com/api/images/articulos/DISTRIBUCION/54359.jpg,https://fqeshthtycmzgyibiurq.supabase.co/storage/v1/object/public/crsnimages/catalogo/d3ccdac9-1ebc-4b62-b8f8-50354e1f45bf.jpg,50659,20017,ninguna,ok,
38301,KEYDOL 400 MG - 4 MG X 20 COMPRIMIDOS RECUBIERTOS,https://mav.farmaciasaas.com/api/images/articulos/DISTRIBUCION/54358.jpg,https://fqeshthtycmzgyibiurq.supabase.co/storage/v1/object/public/crsnimages/catalogo/2a3d7025-296a-4008-830c-d17bccda1d32.jpg,50794,20074,ninguna,ok,
38303,KEYDOL 600 MG - 4 MG X 20 COMPRIMIDOS RECUBIERTOS,https://mav.farmaciasaas.com/api/images/articulos/DISTRIBUCION/54361.jpg,https://fqeshthtycmzgyibiurq.supabase.co/storage/v1/object/public/crsnimages/catalogo/14fd2c08-91fb-44a2-a7f7-9fa1d898853d.jpg,46758,17828,ninguna,ok,
38305,L - CARNITINA 1 G / 10 ML SOLUCION ORAL,https://mav.farmaciasaas.com/api/images/articulos/DISTRIBUCION/20545.jpg,https://fqeshthtycmzgyibiurq.supabase.co/storage/v1/object/public/crsnimages/catalogo/b43a2059-4e6b-458e-8283-a2141510327e.jpg,71211,35697,ninguna,ok,
38304,KLAS 100 MG X 20 CAPSULAS,https://mav.farmaciasaas.com/api/images/articulos/DISTRIBUCION/6615.jpg,https://fqeshthtycmzgyibiurq.supabase.co/storage/v1/object/public/crsnimages/catalogo/88283432-649f-4a01-bd47-10d1b5e51667.jpg,61106,25956,ninguna,ok,
38308,LARFACAINA 2 MG - 1.5 MG X 16 PASTILLAS SABOR A TUTTI - FRUTTI,https://mav.farmaciasaas.com/api/images/articulos/DISTRIBUCION/8848.jpg,https://fqeshthtycmzgyibiurq.supabase.co/storage/v1/object/public/crsnimages/catalogo/4ec3490b-672a-4551-9140-d471da9e6f4a.jpg,63442,28968,ninguna,ok,
38306,LACTBET 3000 U X 10 CAPSULAS,https://mav.farmaciasaas.com/api/images/articulos/DISTRIBUCION/52649.jpg,https://fqeshthtycmzgyibiurq.supabase.co/storage/v1/object/public/crsnimages/catalogo/0789bf20-6eb0-4474-8aeb-bd6217e71e84.jpg,61730,28194,ninguna,ok,
38309,VITAMINA C 500 MG X 16 TABLETAS MASTICABLES SABOR A TUTTI FRUTTI,https://pccentro.net.ve/img/s/4/3/6/0/1/43601-large_default.webp,https://fqeshthtycmzgyibiurq.supabase.co/storage/v1/object/public/crsnimages/catalogo/b033d441-1ada-47aa-95ee-c94b0af90a0f.jpg,12930,28604,ninguna,ok,
38310,LAMICTAL 25 MG X 30 TABLETAS DISPERSABLES-MASTICABLES,https://mav.farmaciasaas.com/api/images/articulos/DISTRIBUCION/11119.jpg,https://fqeshthtycmzgyibiurq.supabase.co/storage/v1/object/public/crsnimages/catalogo/f19a5552-fef0-41b3-bb3d-898a5272b452.jpg,42834,14844,ninguna,ok,
38313,LAMPRAL 4 MG / 2 ML X 2 AMPOLLAS,https://mav.farmaciasaas.com/api/images/articulos/DISTRIBUCION/54482.jpg,https://fqeshthtycmzgyibiurq.supabase.co/storage/v1/object/public/crsnimages/catalogo/d0a7d7af-8cdf-4ca0-ad92-c28ee2ac5c1f.jpg,24234,15274,ninguna,ok,
38302,KEYDOL 600 MG - 4 MG X 10 COMPRIMIDOS RECUBIERTOS,https://mav.farmaciasaas.com/api/images/articulos/DISTRIBUCION/54360.jpg,https://fqeshthtycmzgyibiurq.supabase.co/storage/v1/object/public/crsnimages/catalogo/6baa480f-a41e-4262-aad6-2f2aeaaead77.jpg,50806,19508,ninguna,ok,
38317,LENTOCILIN 6.3.3 X 1 AMPOLLA,https://mav.farmaciasaas.com/api/images/articulos/DISTRIBUCION/51060.jpg,https://fqeshthtycmzgyibiurq.supabase.co/storage/v1/object/public/crsnimages/catalogo/7f885434-d6cc-426c-9348-ec17cac80156.jpg,45277,17302,ninguna,ok,
38314,LANSOPRAZOL 30 MG X 28 CAPSULAS,https://mav.farmaciasaas.com/api/images/articulos/DISTRIBUCION/10462.jpg,https://fqeshthtycmzgyibiurq.supabase.co/storage/v1/object/public/crsnimages/catalogo/32992239-f402-477a-b00b-31e59e815d67.jpg,25279,15799,ninguna,ok,
38316,ARAVA 20 MG X 30 TABLETAS RECUBIERTAS,https://pccentro.net.ve/img/s/7/6/7/2/7/76727-large_default.webp,https://fqeshthtycmzgyibiurq.supabase.co/storage/v1/object/public/crsnimages/catalogo/ebf97e73-51e3-4261-98f5-19f45630267a.jpg,32638,19171,ninguna,ok,
38318,LEPRIT 25 MG X 30 TABLETAS,https://mav.farmaciasaas.com/api/images/articulos/DISTRIBUCION/11553.jpg,https://fqeshthtycmzgyibiurq.supabase.co/storage/v1/object/public/crsnimages/catalogo/829cc2fb-69c9-4398-9a39-7ebff6e4ae76.jpg,57709,24977,ninguna,ok,
38321,DIHIDROLIP 20 MG X 10 COMPRIMIDOS RECUBIERTOS,https://mav.farmaciasaas.com/api/images/articulos/DISTRIBUCION/23436.jpg,https://fqeshthtycmzgyibiurq.supabase.co/storage/v1/object/public/crsnimages/catalogo/9ed1bc6e-5f6e-4d5f-94cf-a94bf83d3c1e.jpg,57716,23598,ninguna,ok,
38322,LERCANIDIPINO 20 MG X 30 COMPRIMIDOS RECUBIERTOS,https://mav.farmaciasaas.com/api/images/articulos/DISTRIBUCION/53052.jpg,https://fqeshthtycmzgyibiurq.supabase.co/storage/v1/object/public/crsnimages/catalogo/64741bd2-8260-4084-8c11-8fe009d3015d.jpg,68589,31628,ninguna,ok,
38319,LEPTAZINE 10 MG X 24 COMPRIMIDOS,https://mav.farmaciasaas.com/api/images/articulos/DISTRIBUCION/5079.jpg,https://fqeshthtycmzgyibiurq.supabase.co/storage/v1/object/public/crsnimages/catalogo/665199a0-863e-4563-91a5-577ad8843154.jpg,74702,32304,ninguna,ok,
38325,LESTECOL 20 MG X 30 TABLETAS RECUBIERTAS,https://mav.farmaciasaas.com/api/images/articulos/DISTRIBUCION/91318.jpg,https://fqeshthtycmzgyibiurq.supabase.co/storage/v1/object/public/crsnimages/catalogo/a4ee1059-ead6-40fa-8bbb-96b1cd2d7d20.jpg,151818,29266,ninguna,ok,
38326,LETISAN 500 MG X 10 COMPRIMIDOS RECUBIERTOS DE ACCION PROLONGADA,https://mav.farmaciasaas.com/api/images/articulos/DISTRIBUCION/50523.jpg,https://fqeshthtycmzgyibiurq.supabase.co/storage/v1/object/public/crsnimages/catalogo/a3434a26-0844-49f8-96c8-5d370eaf06c1.jpg,77339,39400,ninguna,ok,
38320,LEPTAZINE 5 MG X 30 COMPRIMIDOS,https://mav.farmaciasaas.com/api/images/articulos/DISTRIBUCION/5080.jpg,https://fqeshthtycmzgyibiurq.supabase.co/storage/v1/object/public/crsnimages/catalogo/d597ad36-37fa-49b1-ab5a-4523f876d839.jpg,73641,31884,ninguna,ok,
38327,LETISAN 500 MG X 30 COMPRIMIDOS RECUBIERTOS DE ACCION PROLONGADA,https://mav.farmaciasaas.com/api/images/articulos/DISTRIBUCION/99231.jpg,https://fqeshthtycmzgyibiurq.supabase.co/storage/v1/object/public/crsnimages/catalogo/b3ced53a-8b3d-4ef1-bc87-f9b4ffdd7889.jpg,54342,24216,ninguna,ok,
38329,LEVAMOX 750 MG X 10 TABLETAS RECUBIERTAS,https://mav.farmaciasaas.com/api/images/articulos/DISTRIBUCION/20350.jpg,https://fqeshthtycmzgyibiurq.supabase.co/storage/v1/object/public/crsnimages/catalogo/1bfbb735-c9c5-4b7c-9b85-b0faebba31ed.jpg,51200,20882,ninguna,ok,
38345,LEVOPRIDE 25 MG X 30 COMPRIMIDOS,https://mav.farmaciasaas.com/api/images/articulos/DISTRIBUCION/29747.jpg,https://fqeshthtycmzgyibiurq.supabase.co/storage/v1/object/public/crsnimages/catalogo/aa345bfb-aa14-4b7d-97fc-40553d4a4dde.jpg,45456,17469,ninguna,ok,
38346,LEVORAT 5 MG / ML X 10 SOLUCION ORAL,https://mav.farmaciasaas.com/api/images/articulos/DISTRIBUCION/28338.jpg,https://fqeshthtycmzgyibiurq.supabase.co/storage/v1/object/public/crsnimages/catalogo/58489539-4bf5-40e8-a5d1-6c22891a4611.jpg,52439,19698,ninguna,ok,
38334,LEVOFLOXACINA 500 MG X 10 COMPRIMIDOS RECUBIERTOS,https://mav.farmaciasaas.com/api/images/articulos/DISTRIBUCION/52744.jpg,https://fqeshthtycmzgyibiurq.supabase.co/storage/v1/object/public/crsnimages/catalogo/2abe6317-d6b9-4a77-87c4-48a2dc57ddcd.jpg,66999,33298,ninguna,ok,
38348,LEVOSULPIRIDE 25 MG X 30 TABLETAS,https://mav.farmaciasaas.com/api/images/articulos/DISTRIBUCION/23223.jpg,https://fqeshthtycmzgyibiurq.supabase.co/storage/v1/object/public/crsnimages/catalogo/b5cc5097-ffed-443e-a65d-244f71ecd7ac.jpg,58449,25566,ninguna,ok,
38347,LEVOSULPIRIDA 25 MG X 30 TABLETAS,https://mav.farmaciasaas.com/api/images/articulos/DISTRIBUCION/53039.jpg,https://fqeshthtycmzgyibiurq.supabase.co/storage/v1/object/public/crsnimages/catalogo/0ba5ab96-a985-4226-a0e6-8b146b17737f.jpg,25571,16085,ninguna,ok,
38354,LIDOCAINA 2 % CON ADRENALINA 1: 80.000 SOLUCION INYECTABLE,https://mav.farmaciasaas.com/api/images/articulos/DISTRIBUCION/29478.jpg,https://fqeshthtycmzgyibiurq.supabase.co/storage/v1/object/public/crsnimages/catalogo/3c410d4b-c41d-4c36-b8e5-08f1a3e4ae65.jpg,10667,9893,ninguna,ok,
38357,LIOLACTIL (LACTOBACILOS RHAMNOSUS) 1.5 G X 6 POLVO PARA SUSPENSION ORAL SOBRES,https://mav.farmaciasaas.com/api/images/articulos/DISTRIBUCION/2161.jpg,https://fqeshthtycmzgyibiurq.supabase.co/storage/v1/object/public/crsnimages/catalogo/3c57d539-b63e-4e12-b1fe-384e0d90a7ea.jpg,561406,25098,ninguna,ok,
38360,LIPEND 20 MG X 30 COMPRIMIDOS RECUBIERTOS,https://mav.farmaciasaas.com/api/images/articulos/DISTRIBUCION/52072.jpg,https://fqeshthtycmzgyibiurq.supabase.co/storage/v1/object/public/crsnimages/catalogo/ab583ead-597c-4def-bd04-9c5df6dccea5.jpg,19002,10688,ninguna,ok,
38352,LIBERDUX 5 MG X 10 TABLETAS RECUBIERTAS,https://mav.farmaciasaas.com/api/images/articulos/DISTRIBUCION/28647.jpg,https://fqeshthtycmzgyibiurq.supabase.co/storage/v1/object/public/crsnimages/catalogo/6ca6464a-e449-4330-ba2c-c384c1a59838.jpg,63076,26988,ninguna,ok,
38361,LIPONTAL 900 MG X 10 TABLETAS,https://mav.farmaciasaas.com/api/images/articulos/DISTRIBUCION/10400.jpg,https://fqeshthtycmzgyibiurq.supabase.co/storage/v1/object/public/crsnimages/catalogo/c415724f-c36e-4313-9cd0-29433cae9021.jpg,45324,17270,ninguna,ok,
38364,LISOMUCIN 4 MG / 5 ML JARABE,https://mav.farmaciasaas.com/api/images/articulos/DISTRIBUCION/2178.jpg,https://fqeshthtycmzgyibiurq.supabase.co/storage/v1/object/public/crsnimages/catalogo/3fb50b10-e3dd-4889-abb1-7d5cbaa1f2ab.jpg,63359,24526,ninguna,ok,
38362,LISILET 10 MG X 30 COMPRIMIDOS,https://mav.farmaciasaas.com/api/images/articulos/DISTRIBUCION/99130.jpg,https://fqeshthtycmzgyibiurq.supabase.co/storage/v1/object/public/crsnimages/catalogo/e8391b93-67e6-4670-8de4-f25821fbd5ee.jpg,45342,17958,ninguna,ok,
38363,LISILETIC 20 MG -12.5 MG X 30 COMPRIMIDOS,https://mav.farmaciasaas.com/api/images/articulos/DISTRIBUCION/1677.jpg,https://fqeshthtycmzgyibiurq.supabase.co/storage/v1/object/public/crsnimages/catalogo/50014b44-0f09-4e03-8faa-4ec864f2dac1.jpg,68181,33064,ninguna,ok,
38359,LIPEND 10 MG X 30 COMPRIMIDOS RECUBIERTOS,https://mav.farmaciasaas.com/api/images/articulos/DISTRIBUCION/52071.jpg,https://fqeshthtycmzgyibiurq.supabase.co/storage/v1/object/public/crsnimages/catalogo/7d17e898-2eb4-4132-818e-fa9e994fe9ed.jpg,16699,8550,ninguna,ok,
38366,LODESTAR 100 MG X 30 TABLETAS RECUBIERTAS,https://mav.farmaciasaas.com/api/images/articulos/DISTRIBUCION/52796.jpg,https://fqeshthtycmzgyibiurq.supabase.co/storage/v1/object/public/crsnimages/catalogo/dbc004aa-ba6e-4901-a522-2ee206e6aa55.jpg,76124,33396,ninguna,ok,
38367,LODESTAR HCT 50 MG - 12.5 MG X 30 TABLETAS RECUBIERTAS,https://mav.farmaciasaas.com/api/images/articulos/DISTRIBUCION/17318.jpg,https://fqeshthtycmzgyibiurq.supabase.co/storage/v1/object/public/crsnimages/catalogo/0de123fc-9f4b-41f9-806b-abb2739802e0.jpg,194309,28535,ninguna,ok,
38372,LOGANIL 100 MG / 5 ML JARABE,https://mav.farmaciasaas.com/api/images/articulos/DISTRIBUCION/51207.jpg,https://fqeshthtycmzgyibiurq.supabase.co/storage/v1/object/public/crsnimages/catalogo/6f4042ee-b851-42bc-ac3f-e5cc99addbf5.jpg,139564,22689,ninguna,ok,
38368,LODIPIN 10 MG X 10 COMPRIMIDOS,https://mav.farmaciasaas.com/api/images/articulos/DISTRIBUCION/16508.jpg,https://fqeshthtycmzgyibiurq.supabase.co/storage/v1/object/public/crsnimages/catalogo/286fa703-b1d5-4082-b296-d90b3cb5bb81.jpg,61453,29320,ninguna,ok,
38374,LONGACEF 400 MG X 5 CAPSULAS,https://mav.farmaciasaas.com/api/images/articulos/DISTRIBUCION/98377.jpg,https://fqeshthtycmzgyibiurq.supabase.co/storage/v1/object/public/crsnimages/catalogo/37fda381-b87c-46d5-942e-f8087e9efd36.jpg,61880,28295,ninguna,ok,
38376,LOPERAM 2 MG X 4 TABLETAS,https://mav.farmaciasaas.com/api/images/articulos/DISTRIBUCION/5224.jpg,https://fqeshthtycmzgyibiurq.supabase.co/storage/v1/object/public/crsnimages/catalogo/b56a2ca4-aa3d-44e3-879e-8fe75d0009e7.jpg,45445,15669,ninguna,ok,
38377,LOPERAM 2 MG X 10 TABLETAS,https://mav.farmaciasaas.com/api/images/articulos/DISTRIBUCION/18988.jpg,https://fqeshthtycmzgyibiurq.supabase.co/storage/v1/object/public/crsnimages/catalogo/84de5a2c-921d-4657-90d7-dbb20e757909.jpg,59773,26494,ninguna,ok,
38373,LOKARIN 5 MG - 60 MG / 5 ML JARABE,https://mav.farmaciasaas.com/api/images/articulos/DISTRIBUCION/11306.jpg,https://fqeshthtycmzgyibiurq.supabase.co/storage/v1/object/public/crsnimages/catalogo/b02fd2e9-8175-4aeb-aa0f-d9f9b5509f2e.jpg,62049,27846,ninguna,ok,
38383,LORATADINA 10 MG X 10 TABLETAS,https://mav.farmaciasaas.com/api/images/articulos/DISTRIBUCION/9653.jpg,https://fqeshthtycmzgyibiurq.supabase.co/storage/v1/object/public/crsnimages/catalogo/5e1c6013-dc81-4323-b04c-3c08a93aeffd.jpg,24897,15796,ninguna,ok,
38380,LORADEX 10 MG X 10 TABLETAS,https://mav.farmaciasaas.com/api/images/articulos/DISTRIBUCION/92795.jpg,https://fqeshthtycmzgyibiurq.supabase.co/storage/v1/object/public/crsnimages/catalogo/eca59cfa-fc63-4792-9c32-f3559b05d373.jpg,469025,46237,ninguna,ok,
38381,LORATADINA 10 MG X 10 COMPRIMIDOS,https://mav.farmaciasaas.com/api/images/articulos/DISTRIBUCION/3401.jpg,https://fqeshthtycmzgyibiurq.supabase.co/storage/v1/object/public/crsnimages/catalogo/fe99b77d-4033-4c77-88c4-c51a1b14771e.jpg,64158,29494,ninguna,ok,
38385,LORATADINA - AMBROXOL CLORHIDRATO 5 MG - 30 MG / 5 ML SOLUCION ORAL,https://mav.farmaciasaas.com/api/images/articulos/DISTRIBUCION/98664.jpg,https://fqeshthtycmzgyibiurq.supabase.co/storage/v1/object/public/crsnimages/catalogo/641c5dc6-528c-441c-9ec0-be2275056ac8.jpg,67802,29649,ninguna,ok,
38389,LORATADINA - AMBROXOL CLORHIDRATO 5 MG - 30 MG X 10 TABLETAS,https://pccentro.net.ve/img/s/2/3/7/9/4/23794-large_default.webp,https://fqeshthtycmzgyibiurq.supabase.co/storage/v1/object/public/crsnimages/catalogo/1730be57-bc6c-4d5f-8f71-fff795db54c0.jpg,34222,45773,ninguna,ok,
38387,LORATADINA 10 MG X 10 TABLETAS,https://mav.farmaciasaas.com/api/images/articulos/DISTRIBUCION/24536.jpg,https://fqeshthtycmzgyibiurq.supabase.co/storage/v1/object/public/crsnimages/catalogo/a9664f2e-c181-4038-80cc-de119d83088b.jpg,61546,27656,ninguna,ok,
38395,LOSARTAN POTASICO 50 MG X 30 COMPRIMIDOS RECUBIERTOS,https://mav.farmaciasaas.com/api/images/articulos/DISTRIBUCION/97621.jpg,https://fqeshthtycmzgyibiurq.supabase.co/storage/v1/object/public/crsnimages/catalogo/73bcb73c-8517-4855-864e-c299ba46c239.jpg,60078,26370,ninguna,ok,
38392,LORAVAL 10 MG X 10 TABLETAS,https://mav.farmaciasaas.com/api/images/articulos/DISTRIBUCION/9147.jpg,https://fqeshthtycmzgyibiurq.supabase.co/storage/v1/object/public/crsnimages/catalogo/64fdef86-e2d4-412a-8df1-271f30abde3f.jpg,185275,26792,ninguna,ok,
38396,LOSARTAN POTASICO 50 MG X 10 COMPRIMIDOS RECUBIERTOS,https://mav.farmaciasaas.com/api/images/articulos/DISTRIBUCION/3399.jpg,https://fqeshthtycmzgyibiurq.supabase.co/storage/v1/object/public/crsnimages/catalogo/8323e6ed-4f6e-48a6-9f56-905090f6d167.jpg,66829,31229,ninguna,ok,
38391,LORAVAL 5 MG / 5 ML JARABE,https://mav.farmaciasaas.com/api/images/articulos/DISTRIBUCION/9150.jpg,https://fqeshthtycmzgyibiurq.supabase.co/storage/v1/object/public/crsnimages/catalogo/a9ca0ab6-bae9-4169-8680-17b251cee570.jpg,176536,24732,ninguna,ok,
38401,LOSARTAN POTASICO 50 MG X 30 TABLETAS RECUBIERTAS,https://mav.farmaciasaas.com/api/images/articulos/DISTRIBUCION/20271.jpg,https://fqeshthtycmzgyibiurq.supabase.co/storage/v1/object/public/crsnimages/catalogo/ca51285a-16cc-4623-837a-92f8a0dbbea8.jpg,230941,32517,ninguna,ok,
38394,LOREX 1 MG / ML JARABE,https://pccentro.net.ve/img/s/7/5/4/0/7/75407-large_default.webp,https://fqeshthtycmzgyibiurq.supabase.co/storage/v1/object/public/crsnimages/catalogo/9116e7b7-ecc7-4b1c-bc79-522e5b03cf8b.jpg,14888,29154,ninguna,ok,
38400,LOSARTAN POTASICO - HIDROCLOROTIAZIDA 100 MG - 25 MG X 30 TABLETAS RECUBIERTAS,https://pccentro.net.ve/img/s/2/3/6/7/7/23677-large_default.webp,https://fqeshthtycmzgyibiurq.supabase.co/storage/v1/object/public/crsnimages/catalogo/a6a67106-d930-4256-906c-6c089d94c11b.jpg,24742,32656,ninguna,ok,
38406,LOSARTAN POTASICO - HIDROCLOROTIZADA 100 MG - 25 MG X 30 TABLETAS RECUBIERTAS,https://mav.farmaciasaas.com/api/images/articulos/DISTRIBUCION/53633.jpg,https://fqeshthtycmzgyibiurq.supabase.co/storage/v1/object/public/crsnimages/catalogo/5368eb02-d489-4d9e-a932-78f6cba7acbc.jpg,68490,30234,ninguna,ok,
38404,LOSARTAN POTASICO 50 MG X 30 TABLETAS RECUBIERTAS,https://mav.farmaciasaas.com/api/images/articulos/DISTRIBUCION/27329.jpg,https://fqeshthtycmzgyibiurq.supabase.co/storage/v1/object/public/crsnimages/catalogo/c2dba90b-5012-4541-b5ed-474f41c6735b.jpg,187912,36214,ninguna,ok,
38408,LOSARTAN POTASICO 50 MG X 30 TABLETAS RECUBIERTAS,https://mav.farmaciasaas.com/api/images/articulos/DISTRIBUCION/53797.jpg,https://fqeshthtycmzgyibiurq.supabase.co/storage/v1/object/public/crsnimages/catalogo/489ddd2c-1f74-4eac-b0cb-4be2485bffc4.jpg,82257,37837,ninguna,ok,
38409,LOSARTAN POTASICO 50 MG X 20 TABLETAS RECUBIERTAS,https://mav.farmaciasaas.com/api/images/articulos/DISTRIBUCION/92637.jpg,https://fqeshthtycmzgyibiurq.supabase.co/storage/v1/object/public/crsnimages/catalogo/e396cd34-bb2f-46ba-9237-fb1f533a0529.jpg,75335,34015,ninguna,ok,
38410,LOSARTAN POTASICO 50 MG X 30 TABLETAS RECUBIERTAS,https://mav.farmaciasaas.com/api/images/articulos/DISTRIBUCION/99640.jpg,https://fqeshthtycmzgyibiurq.supabase.co/storage/v1/object/public/crsnimages/catalogo/107ce6d7-afa1-4a3d-9e44-eb0a372a8fab.jpg,27447,17614,ninguna,ok,
38411,LOSARTAN POTASICO 100 MG X 30 COMPRIMIDOS RECUBIERTOS,https://mav.farmaciasaas.com/api/images/articulos/DISTRIBUCION/27782.jpg,https://fqeshthtycmzgyibiurq.supabase.co/storage/v1/object/public/crsnimages/catalogo/614ed28e-d621-4308-8c45-3fc8db0c23d2.jpg,62397,30920,ninguna,ok,
38412,LOTEMICIN 0.5 % - 0.3 % SUSPENSION OFTALMICA,https://mav.farmaciasaas.com/api/images/articulos/DISTRIBUCION/93654.jpg,https://fqeshthtycmzgyibiurq.supabase.co/storage/v1/object/public/crsnimages/catalogo/e94994bc-c897-4fb0-ae8a-a66e25402462.jpg,70523,33792,ninguna,ok,
38413,LOWPRES 150 MCG / ML X 5 AMPOLLAS,https://mav.farmaciasaas.com/api/images/articulos/DISTRIBUCION/25380.jpg,https://fqeshthtycmzgyibiurq.supabase.co/storage/v1/object/public/crsnimages/catalogo/646156b8-c799-412e-9436-0064578d5a1f.jpg,67070,29981,ninguna,ok,
38414,LUDROX 75 MG X 30 TABLETAS RECUBIERTAS,https://mav.farmaciasaas.com/api/images/articulos/DISTRIBUCION/26078.jpg,https://fqeshthtycmzgyibiurq.supabase.co/storage/v1/object/public/crsnimages/catalogo/98baeab2-91a2-4de5-81a9-626ee7f2812d.jpg,45655,17113,ninguna,ok,
38416,LUMBAX 400 MG X 10 TABLETAS,https://mav.farmaciasaas.com/api/images/articulos/DISTRIBUCION/20349.jpg,https://fqeshthtycmzgyibiurq.supabase.co/storage/v1/object/public/crsnimages/catalogo/b8ae7772-a74c-46a9-bb3e-74fc0b595236.jpg,68873,34551,ninguna,ok,
38417,LUMBAX 600 MG X 10 TABLETAS,https://mav.farmaciasaas.com/api/images/articulos/DISTRIBUCION/20720.jpg,https://fqeshthtycmzgyibiurq.supabase.co/storage/v1/object/public/crsnimages/catalogo/5c6f541e-db3f-42db-babe-cadb2c529278.jpg,51185,20707,ninguna,ok,
38419,MACRODANTINA 50 MG X 30 CAPSULAS,https://mav.farmaciasaas.com/api/images/articulos/DISTRIBUCION/2247.jpg,https://fqeshthtycmzgyibiurq.supabase.co/storage/v1/object/public/crsnimages/catalogo/85a9bae6-3c81-42e8-a424-e6bc8c2e3ba4.jpg,75564,35896,ninguna,ok,
38420,MADECASSOL 1 % UNGUENTO,https://mav.farmaciasaas.com/api/images/articulos/DISTRIBUCION/16764.jpg,https://fqeshthtycmzgyibiurq.supabase.co/storage/v1/object/public/crsnimages/catalogo/bd67d37e-a509-4441-aa4b-f4443e475806.jpg,44700,16080,ninguna,ok,
38418,LUMBAX 800 MG X 6 COMPRIMIDOS RECUBIERTOS,https://mav.farmaciasaas.com/api/images/articulos/DISTRIBUCION/20721.jpg,https://fqeshthtycmzgyibiurq.supabase.co/storage/v1/object/public/crsnimages/catalogo/e20f4f46-9593-49ee-83c7-b77909a83819.jpg,47627,17479,ninguna,ok,
38423,MAILEN 5 MG X 10 COMPRIMIDOS RECUBIERTOS,https://mav.farmaciasaas.com/api/images/articulos/DISTRIBUCION/7557.jpg,https://fqeshthtycmzgyibiurq.supabase.co/storage/v1/object/public/crsnimages/catalogo/79bcde73-caa3-4b9a-a7c6-02274e13c73d.jpg,57813,26442,ninguna,ok,
38425,MAILEN 2.5 MG / 5 ML JARABE,https://mav.farmaciasaas.com/api/images/articulos/DISTRIBUCION/7559.jpg,https://fqeshthtycmzgyibiurq.supabase.co/storage/v1/object/public/crsnimages/catalogo/e9c6d6a1-a1a9-4547-af91-dfeae9d1745e.jpg,73337,32035,ninguna,ok,
38415,LUMBAX 200 MG X 10 TABLETAS,https://mav.farmaciasaas.com/api/images/articulos/DISTRIBUCION/29648.jpg,https://fqeshthtycmzgyibiurq.supabase.co/storage/v1/object/public/crsnimages/catalogo/4d62dc75-47cd-4a31-bf90-23ff86f4b8a3.jpg,80444,37210,ninguna,ok,
38424,MAILEN 5 MG X 30 COMPRIMIDOS RECUBIERTOS,https://mav.farmaciasaas.com/api/images/articulos/DISTRIBUCION/95984.jpg,https://fqeshthtycmzgyibiurq.supabase.co/storage/v1/object/public/crsnimages/catalogo/a6e9a363-1ba5-45f9-ac3f-3a03c0bc0afd.jpg,48187,19804,ninguna,ok,
38427,MARTESIA 25 MG X 30 CAPSULAS,https://mav.farmaciasaas.com/api/images/articulos/DISTRIBUCION/17771.jpg,https://fqeshthtycmzgyibiurq.supabase.co/storage/v1/object/public/crsnimages/catalogo/e00da645-7e0d-488d-82c5-720855c31a7c.jpg,50803,21503,ninguna,ok,
38428,MARTESIA 300 MG X 14 CAPSULAS,https://mav.farmaciasaas.com/api/images/articulos/DISTRIBUCION/95724.jpg,https://fqeshthtycmzgyibiurq.supabase.co/storage/v1/object/public/crsnimages/catalogo/ccbcc3c0-7f9c-4a72-9c23-f1071280c41b.jpg,51900,22215,ninguna,ok,
38426,MANITOL AL 18 % SOLUCION INYECTABLE INTRAVENOSA,https://mav.farmaciasaas.com/api/images/articulos/DISTRIBUCION/5408.jpg,https://fqeshthtycmzgyibiurq.supabase.co/storage/v1/object/public/crsnimages/catalogo/434949a3-ffb4-420a-a990-e6c084ea736a.jpg,50250,19358,ninguna,ok,
38429,MARTESIA 75 MG X 14 CAPSULAS,https://mav.farmaciasaas.com/api/images/articulos/DISTRIBUCION/95844.jpg,https://fqeshthtycmzgyibiurq.supabase.co/storage/v1/object/public/crsnimages/catalogo/20d68fd7-811f-46da-8278-db9ee5c2ce50.jpg,58782,27291,ninguna,ok,
38430,MATERNAVIT X 30 CAPSULAS BLANDAS,https://mav.farmaciasaas.com/api/images/articulos/DISTRIBUCION/13652.jpg,https://fqeshthtycmzgyibiurq.supabase.co/storage/v1/object/public/crsnimages/catalogo/084f2361-7152-4c82-b4e7-a93754971c01.jpg,50060,21212,ninguna,ok,
38439,MELOXICAM 15 MG X 10 TABLETAS,https://mav.farmaciasaas.com/api/images/articulos/DISTRIBUCION/662.jpg,https://fqeshthtycmzgyibiurq.supabase.co/storage/v1/object/public/crsnimages/catalogo/60dbb425-d0ef-4dad-ae3a-6667ef5f6ede.jpg,68622,30386,ninguna,ok,
38436,MELIF 50 MG - 500 MG X 30 COMPRIMIDOS RECUBIERTOS,https://mav.farmaciasaas.com/api/images/articulos/DISTRIBUCION/52755.jpg,https://fqeshthtycmzgyibiurq.supabase.co/storage/v1/object/public/crsnimages/catalogo/62fea8f0-113b-432f-a74e-b537ba4eafad.jpg,51610,19639,ninguna,ok,
38437,MELIGEN 10 MG X 30 TABLETAS RECUBIERTAS,https://mav.farmaciasaas.com/api/images/articulos/DISTRIBUCION/22554.jpg,https://fqeshthtycmzgyibiurq.supabase.co/storage/v1/object/public/crsnimages/catalogo/fe08e1f7-187f-42c6-a758-487d41be253d.jpg,43854,16064,ninguna,ok,
38440,MELOXICAM 15 MG X 10 COMPRIMIDOS,https://mav.farmaciasaas.com/api/images/articulos/DISTRIBUCION/7370.jpg,https://fqeshthtycmzgyibiurq.supabase.co/storage/v1/object/public/crsnimages/catalogo/55a0ecd4-e91e-47cc-a6fb-13c3099b1d5b.jpg,60544,25541,ninguna,ok,
38431,MATILOL 0.5 % SOLUCION OFTALMICA,https://mav.farmaciasaas.com/api/images/articulos/DISTRIBUCION/2972.jpg,https://fqeshthtycmzgyibiurq.supabase.co/storage/v1/object/public/crsnimages/catalogo/a0ba3616-212f-44a3-b70f-90d6ae949117.jpg,58589,21809,ninguna,ok,
38432,MAXIFUR 50 MG X 30 CAPSULAS,https://mav.farmaciasaas.com/api/images/articulos/DISTRIBUCION/30340.jpg,https://fqeshthtycmzgyibiurq.supabase.co/storage/v1/object/public/crsnimages/catalogo/2b03b3bd-d211-42e0-b95d-addc5eed31f3.jpg,51471,21806,ninguna,ok,
38450,DIPIRONA 1 G / 2 ML X 3 AMPOLLAS,https://mav.farmaciasaas.com/api/images/articulos/DISTRIBUCION/29164.jpg,https://fqeshthtycmzgyibiurq.supabase.co/storage/v1/object/public/crsnimages/catalogo/a900a9d9-332d-4715-a6e9-d42f0968fcc1.jpg,50198,20228,ninguna,ok,
38449,MESPEN 500 MG X 1 AMPOLLA,https://mav.farmaciasaas.com/api/images/articulos/DISTRIBUCION/20400.jpg,https://fqeshthtycmzgyibiurq.supabase.co/storage/v1/object/public/crsnimages/catalogo/44d6a0de-8961-4851-b72d-52e8c0405f20.jpg,223429,30040,ninguna,ok,
38445,MENTOL DAVIS UNGUENTO,https://pccentro.net.ve/img/s/2/3/4/3/2/23432-large_default.webp,https://fqeshthtycmzgyibiurq.supabase.co/storage/v1/object/public/crsnimages/catalogo/f25980cb-e3c5-4400-898b-92a2d5ed5f83.jpg,15740,22188,ninguna,ok,
38457,METFORMINA CLORHIDRATO 500 MG X 28 TABLETAS,https://mav.farmaciasaas.com/api/images/articulos/DISTRIBUCION/5582.jpg,https://fqeshthtycmzgyibiurq.supabase.co/storage/v1/object/public/crsnimages/catalogo/5dff2093-799f-4bb9-999d-fb8e6eeba9ce.jpg,26505,17022,ninguna,ok,
38453,METFORMINA CLORHIDRATO 850 MG X 30 TABLETAS RECUBIERTAS,https://mav.farmaciasaas.com/api/images/articulos/DISTRIBUCION/53284.jpg,https://fqeshthtycmzgyibiurq.supabase.co/storage/v1/object/public/crsnimages/catalogo/0ad5c863-b139-4b82-a750-20a8b01fad97.jpg,409726,38821,ninguna,ok,
38459,METFORMINA 500 MG X 30 TABLETAS RECUBIERTAS,https://pccentro.net.ve/img/s/7/9/6/1/2/79612-large_default.webp,https://fqeshthtycmzgyibiurq.supabase.co/storage/v1/object/public/crsnimages/catalogo/19542b0d-bc93-405b-b8e7-3d5c657971b8.jpg,31820,18658,ninguna,ok,
38462,METFORMINA CLORHIDRATO 850 MG X 28 TABLETAS,https://mav.farmaciasaas.com/api/images/articulos/DISTRIBUCION/3913.jpg,https://fqeshthtycmzgyibiurq.supabase.co/storage/v1/object/public/crsnimages/catalogo/5006d036-b96a-4a2a-a496-e4b03d45b2a8.jpg,27452,17711,ninguna,ok,
38466,METILPREDNISOLONA 125 MG X 1 AMPOLLA,https://mav.farmaciasaas.com/api/images/articulos/DISTRIBUCION/27445.jpg,https://fqeshthtycmzgyibiurq.supabase.co/storage/v1/object/public/crsnimages/catalogo/09e43721-a0ce-4312-a959-6c41f9b1c638.jpg,49482,19519,ninguna,ok,
38468,METOCLOPRAMIDA 10 MG / 2 ML X 6 AMPOLLAS,https://mav.farmaciasaas.com/api/images/articulos/DISTRIBUCION/7763.jpg,https://fqeshthtycmzgyibiurq.supabase.co/storage/v1/object/public/crsnimages/catalogo/a4ce4e66-4846-43b0-a79f-94819cc04d77.jpg,24199,15234,ninguna,ok,
38471,METREN 500 MG X 10 CAPSULAS BLANDAS VAGINALES,https://mav.farmaciasaas.com/api/images/articulos/DISTRIBUCION/6011.jpg,https://fqeshthtycmzgyibiurq.supabase.co/storage/v1/object/public/crsnimages/catalogo/469bb4f0-3fab-4aa9-9302-43b1ec9a534d.jpg,53239,22048,ninguna,ok,
38473,METREN 250 MG / 5 ML SUSPENSION,https://mav.farmaciasaas.com/api/images/articulos/DISTRIBUCION/6010.jpg,https://fqeshthtycmzgyibiurq.supabase.co/storage/v1/object/public/crsnimages/catalogo/3b539682-5777-4766-8fef-9216d6e0ccd4.jpg,49125,18255,ninguna,ok,
38474,METREN 500 MG X 10 TABLETAS,https://mav.farmaciasaas.com/api/images/articulos/DISTRIBUCION/6005.jpg,https://fqeshthtycmzgyibiurq.supabase.co/storage/v1/object/public/crsnimages/catalogo/52f2aef1-ed89-45cd-9af5-8645b2049fa4.jpg,51050,19656,ninguna,ok,
38479,METRONIDAZOL BENZOIL 125 MG / 5 ML SUSPENSION ORAL,https://mav.farmaciasaas.com/api/images/articulos/DISTRIBUCION/1774.jpg,https://fqeshthtycmzgyibiurq.supabase.co/storage/v1/object/public/crsnimages/catalogo/f7d3710c-9100-4c7b-bda6-ad3257c3c8ea.jpg,62161,26312,ninguna,ok,
38481,METRONIDAZOL 500 MG X 10 TABLETAS,https://pccentro.net.ve/img/s/7/6/2/9/7/76297-large_default.webp,https://fqeshthtycmzgyibiurq.supabase.co/storage/v1/object/public/crsnimages/catalogo/c4976ce0-78ee-4209-aba2-7faa1c558ff5.jpg,18312,18515,ninguna,ok,
38485,METSIGLIN 500 MG - 50 MG X 30 COMPRIMIDOS RECUBIERTOS,https://mav.farmaciasaas.com/api/images/articulos/DISTRIBUCION/30362.jpg,https://fqeshthtycmzgyibiurq.supabase.co/storage/v1/object/public/crsnimages/catalogo/8e7421e6-420e-4e33-9839-f3bfd625b66e.jpg,67809,34087,ninguna,ok,
38486,MICONAX 15 % - 4 % CREMA VAGINAL,https://mav.farmaciasaas.com/api/images/articulos/DISTRIBUCION/99630.jpg,https://fqeshthtycmzgyibiurq.supabase.co/storage/v1/object/public/crsnimages/catalogo/b1ae7d1b-740a-44c4-8e17-7489e6cdcaa7.jpg,42093,15153,ninguna,ok,
38480,METRONIDAZOL BENZOIL 250 MG / 5 ML SUSPENSION ORAL,https://mav.farmaciasaas.com/api/images/articulos/DISTRIBUCION/1773.jpg,https://fqeshthtycmzgyibiurq.supabase.co/storage/v1/object/public/crsnimages/catalogo/51319303-8f01-4186-bb19-23dee38d959c.jpg,72180,32659,ninguna,ok,
38488,MIGRAVAL 100 MG X 2 COMPRIMIDOS RECUBIERTOS,https://mav.farmaciasaas.com/api/images/articulos/DISTRIBUCION/1945.jpg,https://fqeshthtycmzgyibiurq.supabase.co/storage/v1/object/public/crsnimages/catalogo/2893c85b-a97c-4ad0-a7bd-7f8d9aa9672b.jpg,76156,30852,ninguna,ok,
38490,MIGRAVAL 100 MG X 8 COMPRIMIDOS RECUBIERTOS,https://mav.farmaciasaas.com/api/images/articulos/DISTRIBUCION/19847.jpg,https://fqeshthtycmzgyibiurq.supabase.co/storage/v1/object/public/crsnimages/catalogo/969d547c-7f94-4972-bd55-19955a733ffb.jpg,50947,19230,ninguna,ok,
38491,MILAX 50 % X 20 SOLUCION ORAL,https://mav.farmaciasaas.com/api/images/articulos/DISTRIBUCION/7357.jpg,https://fqeshthtycmzgyibiurq.supabase.co/storage/v1/object/public/crsnimages/catalogo/8d64b946-18ff-4728-9cbd-9e7c9038d5b3.jpg,57614,24178,ninguna,ok,
38489,MIGRAVAL 100 MG X 4 COMPRIMIDOS RECUBIERTOS,https://mav.farmaciasaas.com/api/images/articulos/DISTRIBUCION/19846.jpg,https://fqeshthtycmzgyibiurq.supabase.co/storage/v1/object/public/crsnimages/catalogo/8b170edd-d83b-4209-bc6d-900c79cf9813.jpg,46477,16971,ninguna,ok,
38492,MIOVIT COMPOSITUM CON LIDOCAINA X 3 AMPOLLAS,https://mav.farmaciasaas.com/api/images/articulos/DISTRIBUCION/5514.jpg,https://fqeshthtycmzgyibiurq.supabase.co/storage/v1/object/public/crsnimages/catalogo/13ccca45-31fb-4c49-a1b2-cfc68ba78ee6.jpg,100389,47033,ninguna,ok,
38494,MIOVIT COMPOSITUM CON LIDOCAINA X 6 AMPOLLAS,https://mav.farmaciasaas.com/api/images/articulos/DISTRIBUCION/97516.jpg,https://fqeshthtycmzgyibiurq.supabase.co/storage/v1/object/public/crsnimages/catalogo/57087cfe-e2dc-4120-ac6a-6a8e53ef2266.jpg,69066,32045,ninguna,ok,
38493,MIOVIT COMPOSITUM CON LIDOCAINA X 1 AMPOLLA,https://mav.farmaciasaas.com/api/images/articulos/DISTRIBUCION/53224.jpg,https://fqeshthtycmzgyibiurq.supabase.co/storage/v1/object/public/crsnimages/catalogo/5a726cf4-e333-45f0-b56d-12072241789a.jpg,56928,24353,ninguna,ok,
38504,MONTELUKAST 10 MG X 10 TABLETAS RECUBIERTAS,https://mav.farmaciasaas.com/api/images/articulos/DISTRIBUCION/52391.jpg,https://fqeshthtycmzgyibiurq.supabase.co/storage/v1/object/public/crsnimages/catalogo/f3af49e1-1d98-485b-a525-7d039a5ae86e.jpg,77630,37105,ninguna,ok,
38500,MIRTAZAVAL 15 MG X 30 TABLETAS RECUBIERTAS,https://mav.farmaciasaas.com/api/images/articulos/DISTRIBUCION/52793.jpg,https://fqeshthtycmzgyibiurq.supabase.co/storage/v1/object/public/crsnimages/catalogo/c4ed52a1-2907-44b7-874b-d2da98367a74.jpg,66754,29158,ninguna,ok,
38502,MISULVAN 30 MG / 5 ML JARABE,https://mav.farmaciasaas.com/api/images/articulos/DISTRIBUCION/26235.jpg,https://fqeshthtycmzgyibiurq.supabase.co/storage/v1/object/public/crsnimages/catalogo/b480d730-767f-4ed6-ba03-5a07c45387bc.jpg,703957,68750,ninguna,ok,
38507,MONTRAX 10 MG X 10 TABLETAS,https://mav.farmaciasaas.com/api/images/articulos/DISTRIBUCION/27191.jpg,https://fqeshthtycmzgyibiurq.supabase.co/storage/v1/object/public/crsnimages/catalogo/be9e9bda-6763-4047-9b21-7833e0591899.jpg,48562,19054,ninguna,ok,
38505,MONTELUKAST 10 MG X 30 TABLETAS RECUBIERTAS,https://mav.farmaciasaas.com/api/images/articulos/DISTRIBUCION/23966.jpg,https://fqeshthtycmzgyibiurq.supabase.co/storage/v1/object/public/crsnimages/catalogo/f29cefa7-4f81-482f-a01c-4b0e99c9524a.jpg,92169,36407,ninguna,ok,
38508,MONTRAX 10 MG X 30 TABLETAS,https://mav.farmaciasaas.com/api/images/articulos/DISTRIBUCION/96585.jpg,https://fqeshthtycmzgyibiurq.supabase.co/storage/v1/object/public/crsnimages/catalogo/33e9b3f3-c464-46fd-af46-3341b2197ea8.jpg,146670,28255,ninguna,ok,
38512,MONUKAST 5 MG X 30 TABLETAS MASTICABLES,https://mav.farmaciasaas.com/api/images/articulos/DISTRIBUCION/50733.jpg,https://fqeshthtycmzgyibiurq.supabase.co/storage/v1/object/public/crsnimages/catalogo/60d49626-5339-41bc-81f7-5b7fb0778ce7.jpg,157077,24674,ninguna,ok,
38510,MONTRAX 5 MG X 10 TABLETAS MASTICABLES,https://mav.farmaciasaas.com/api/images/articulos/DISTRIBUCION/27038.jpg,https://fqeshthtycmzgyibiurq.supabase.co/storage/v1/object/public/crsnimages/catalogo/b8fbcfb1-f389-4fe4-9364-fc37fab79a6e.jpg,179512,33648,ninguna,ok,
38514,MOVIMEX 15 MG X 10 TABLETAS,https://mav.farmaciasaas.com/api/images/articulos/DISTRIBUCION/90529.jpg,https://fqeshthtycmzgyibiurq.supabase.co/storage/v1/object/public/crsnimages/catalogo/bfd9b7ef-7fbf-41e9-8e95-7918bd07eb33.jpg,56578,26071,ninguna,ok,
38511,MONTRAX 5 MG X 30 TABLETAS MASTICABLES,https://mav.farmaciasaas.com/api/images/articulos/DISTRIBUCION/96583.jpg,https://fqeshthtycmzgyibiurq.supabase.co/storage/v1/object/public/crsnimages/catalogo/fc7c125d-2740-4d0a-97d5-d8fef9fef2f9.jpg,179878,33705,ninguna,ok,
38513,MOPERID 10 MG X 20 TABLETAS,https://mav.farmaciasaas.com/api/images/articulos/DISTRIBUCION/20367.jpg,https://fqeshthtycmzgyibiurq.supabase.co/storage/v1/object/public/crsnimages/catalogo/581c2d1a-cc97-4921-87dc-ad7cb825d697.jpg,65457,28122,ninguna,ok,
38516,MOXIFLOXACINA 400 MG X 7 TABLETAS RECUBIERTAS,https://mav.farmaciasaas.com/api/images/articulos/DISTRIBUCION/90066.jpg,https://fqeshthtycmzgyibiurq.supabase.co/storage/v1/object/public/crsnimages/catalogo/e19b395c-2c4f-49be-a649-e4e13a7af492.jpg,60661,27792,ninguna,ok,
38519,MUCLAR 30 MG - 5 MG X 10 COMPRIMIDOS,https://mav.farmaciasaas.com/api/images/articulos/DISTRIBUCION/98656.jpg,https://fqeshthtycmzgyibiurq.supabase.co/storage/v1/object/public/crsnimages/catalogo/6db92c7e-0ab2-45d5-ad3a-010bead82bc0.jpg,58751,27408,ninguna,ok,
38518,MOXIFLOXACINA 400 MG X 5 TABLETAS RECUBIERTAS,https://mav.farmaciasaas.com/api/images/articulos/DISTRIBUCION/92489.jpg,https://fqeshthtycmzgyibiurq.supabase.co/storage/v1/object/public/crsnimages/catalogo/6c851fbf-d0df-4fa2-b58c-bab5ee591af1.jpg,26100,16558,ninguna,ok,
38522,MUCOXOL 30 MG / 5 ML JARABE,https://mav.farmaciasaas.com/api/images/articulos/DISTRIBUCION/30075.jpg,https://fqeshthtycmzgyibiurq.supabase.co/storage/v1/object/public/crsnimages/catalogo/66db4947-01f1-4b7a-accb-cb4a1965d1f7.jpg,61419,23580,ninguna,ok,
38515,MOXIDEX 0.5 -0.1 % SOLUCION OFTALMICA ESTERIL,https://mav.farmaciasaas.com/api/images/articulos/DISTRIBUCION/17364/17364.jpg,https://fqeshthtycmzgyibiurq.supabase.co/storage/v1/object/public/crsnimages/catalogo/06e6eaba-44ab-4383-b5ff-7877d4740daa.jpg,81755,27964,ninguna,ok,
38523,MULTIDERM 2 % UNGUENTO,https://mav.farmaciasaas.com/api/images/articulos/DISTRIBUCION/98294.jpg,https://fqeshthtycmzgyibiurq.supabase.co/storage/v1/object/public/crsnimages/catalogo/fa0c72b3-0028-4f6a-81c5-2cae86460040.jpg,167134,31583,ninguna,ok,
38525,MUPIROCIN 2 % UNGUENTO,https://mav.farmaciasaas.com/api/images/articulos/DISTRIBUCION/28580.jpg,https://fqeshthtycmzgyibiurq.supabase.co/storage/v1/object/public/crsnimages/catalogo/1efa8c54-a51a-4022-8232-248be41cbd45.jpg,40221,13759,ninguna,ok,
38521,MUCOMAX 15 MG / 5 ML SOLUCION ORAL USO PEDIATRICO,https://mav.farmaciasaas.com/api/images/articulos/DISTRIBUCION/14193.jpg,https://fqeshthtycmzgyibiurq.supabase.co/storage/v1/object/public/crsnimages/catalogo/cb59cce7-d1d3-4c83-9e14-37c80939d994.jpg,84770,42036,ninguna,ok,
38526,MUVETT 300 MG X 20 TABLETAS RECUBIERTAS DE LIBERACION PROLONGADA,https://mav.farmaciasaas.com/api/images/articulos/DISTRIBUCION/50344.jpg,https://fqeshthtycmzgyibiurq.supabase.co/storage/v1/object/public/crsnimages/catalogo/12647cde-db2c-4901-b2e2-2ead664e776e.jpg,61957,28672,ninguna,ok,
38524,MULTIVIRAL X 30 CAPSULAS,https://mav.farmaciasaas.com/api/images/articulos/DISTRIBUCION/2470.jpg,https://fqeshthtycmzgyibiurq.supabase.co/storage/v1/object/public/crsnimages/catalogo/f3af1bc9-1f7a-448a-9da2-b189ce8f2201.jpg,58978,26954,ninguna,ok,
38529,NACLODIN 0.150 MG X 30 TABLETAS,https://mav.farmaciasaas.com/api/images/articulos/DISTRIBUCION/30060.jpg,https://fqeshthtycmzgyibiurq.supabase.co/storage/v1/object/public/crsnimages/catalogo/e7e0a83e-b0ec-4a8b-b5bd-76791fe8f0b3.jpg,191647,30992,ninguna,ok,
38527,MYCOFENTIN 2 % CREMA,https://mav.farmaciasaas.com/api/images/articulos/DISTRIBUCION/7183.jpg,https://fqeshthtycmzgyibiurq.supabase.co/storage/v1/object/public/crsnimages/catalogo/08e70e86-0bed-40dd-9d68-9f6c1a328885.jpg,43198,15990,ninguna,ok,
38533,NEFROTAL AMLO 50 MG - 5 MG X 30 COMPRIMIDOS,https://mav.farmaciasaas.com/api/images/articulos/DISTRIBUCION/20154.jpg,https://fqeshthtycmzgyibiurq.supabase.co/storage/v1/object/public/crsnimages/catalogo/baca0ae8-c86d-42c6-b9dd-eb623952c8c8.jpg,56126,23283,ninguna,ok,
38530,NAFINA 1 % CREMA,https://mav.farmaciasaas.com/api/images/articulos/DISTRIBUCION/4092.jpg,https://fqeshthtycmzgyibiurq.supabase.co/storage/v1/object/public/crsnimages/catalogo/9817ae8e-95c8-4c7c-9878-820fd885611b.jpg,64275,29312,ninguna,ok,
38538,NEFROTAL 100 MG X 30 COMPRIMIDOS RECUBIERTOS,https://mav.farmaciasaas.com/api/images/articulos/DISTRIBUCION/25248.jpg,https://fqeshthtycmzgyibiurq.supabase.co/storage/v1/object/public/crsnimages/catalogo/2abef403-790d-4db1-91ed-d9fadad4d781.jpg,59572,25424,ninguna,ok,
38540,NEFROTAL 100 MG X 14 COMPRIMIDOS RECUBIERTOS,https://mav.farmaciasaas.com/api/images/articulos/DISTRIBUCION/8487.jpg,https://fqeshthtycmzgyibiurq.supabase.co/storage/v1/object/public/crsnimages/catalogo/f59fef30-c9b4-485c-97ab-8876d8423210.jpg,74165,34534,ninguna,ok,
38537,NEFROTAL H 50 MG - 12.5 MG X 14 COMPRIMIDOS RECUBIERTOS,https://mav.farmaciasaas.com/api/images/articulos/DISTRIBUCION/1511.jpg,https://fqeshthtycmzgyibiurq.supabase.co/storage/v1/object/public/crsnimages/catalogo/479d7331-d23e-48e5-9cad-be04c0976eba.jpg,72064,31375,ninguna,ok,
38541,NEFROTAL H 100 MG - 25 MG X 10 COMPRIMIDOS RECUBIERTOS,https://mav.farmaciasaas.com/api/images/articulos/DISTRIBUCION/25321.jpg,https://fqeshthtycmzgyibiurq.supabase.co/storage/v1/object/public/crsnimages/catalogo/3733464c-12aa-40e6-888f-66bd2f069daa.jpg,59423,23673,ninguna,ok,
38539,NEFROTAL 100 MG X 10 COMPRIMIDOS RECUBIERTOS,https://mav.farmaciasaas.com/api/images/articulos/DISTRIBUCION/25320.jpg,https://fqeshthtycmzgyibiurq.supabase.co/storage/v1/object/public/crsnimages/catalogo/895dee84-bbaa-4523-8569-6d19d45d4f11.jpg,60481,25777,ninguna,ok,
38545,NEULEVAL 500 MG X 10 TABLETAS RECUBIERTAS,https://mav.farmaciasaas.com/api/images/articulos/DISTRIBUCION/22859.jpg,https://fqeshthtycmzgyibiurq.supabase.co/storage/v1/object/public/crsnimages/catalogo/5bbeaac5-fe7b-4cb0-9cef-d2c6e9c7c86a.jpg,209431,30295,ninguna,ok,
38547,NEURIXA 150 MG X 14 CAPSULAS,https://mav.farmaciasaas.com/api/images/articulos/DISTRIBUCION/93669.jpg,https://fqeshthtycmzgyibiurq.supabase.co/storage/v1/object/public/crsnimages/catalogo/b773d35a-eb9c-453f-a67c-3ce2d24e6320.jpg,46192,18045,ninguna,ok,
38546,NEULEVAL 750 MG X 5 TABLETAS RECUBIERTAS,https://mav.farmaciasaas.com/api/images/articulos/DISTRIBUCION/22860.jpg,https://fqeshthtycmzgyibiurq.supabase.co/storage/v1/object/public/crsnimages/catalogo/db8dea29-6c74-42cc-8c73-b6613a458ce6.jpg,207827,29943,ninguna,ok,
38548,NEURIXA 75 MG X 14 CAPSULAS,https://mav.farmaciasaas.com/api/images/articulos/DISTRIBUCION/93668.jpg,https://fqeshthtycmzgyibiurq.supabase.co/storage/v1/object/public/crsnimages/catalogo/cda1eb35-600a-465d-8f09-891973ef731e.jpg,45706,18212,ninguna,ok,
38552,NIFEDIPINA 10 MG X 14 CAPSULAS,https://mav.farmaciasaas.com/api/images/articulos/DISTRIBUCION/27546.jpg,https://fqeshthtycmzgyibiurq.supabase.co/storage/v1/object/public/crsnimages/catalogo/0e7211ef-3761-453d-baa2-006c87a53a4a.jpg,53986,22955,ninguna,ok,
38556,NIMODIPINA 30 MG X 30 COMPRIMIDOS,https://mav.farmaciasaas.com/api/images/articulos/DISTRIBUCION/23674.jpg,https://fqeshthtycmzgyibiurq.supabase.co/storage/v1/object/public/crsnimages/catalogo/a1b9a4c9-7fb5-4c8c-b9de-216a2d9d74f7.jpg,59569,26144,ninguna,ok,
38553,NIFEDIPINA 10 MG X 30 COMPRIMIDOS DISPERSABLES,https://mav.farmaciasaas.com/api/images/articulos/DISTRIBUCION/51432.jpg,https://fqeshthtycmzgyibiurq.supabase.co/storage/v1/object/public/crsnimages/catalogo/238d9646-3bcf-4960-b498-5fa28e0cc326.jpg,51786,21626,ninguna,ok,
38560,NITAX 500 MG X 6 TABLETAS RECUBIERTAS,https://mav.farmaciasaas.com/api/images/articulos/DISTRIBUCION/24328.jpg,https://fqeshthtycmzgyibiurq.supabase.co/storage/v1/object/public/crsnimages/catalogo/f6af0935-44a2-41ae-ba4f-44a9c7950077.jpg,60401,27075,ninguna,ok,
38568,NONAFOL 10 MG X 20 TABLETAS,https://mav.farmaciasaas.com/api/images/articulos/DISTRIBUCION/25245.jpg,https://fqeshthtycmzgyibiurq.supabase.co/storage/v1/object/public/crsnimages/catalogo/202ee695-42da-4cff-af50-c8202e017fda.jpg,57341,21197,ninguna,ok,
38565,NITROFURANTOINA 50 MG X 30 TABLETAS RECUBIERTAS,https://mav.farmaciasaas.com/api/images/articulos/DISTRIBUCION/29107.jpg,https://fqeshthtycmzgyibiurq.supabase.co/storage/v1/object/public/crsnimages/catalogo/0aef168b-f18e-4afe-99f7-fb6773647b94.jpg,27052,17352,ninguna,ok,
38567,NONAFOL 10 MG X 10 TABLETAS,https://mav.farmaciasaas.com/api/images/articulos/DISTRIBUCION/23015.jpg,https://fqeshthtycmzgyibiurq.supabase.co/storage/v1/object/public/crsnimages/catalogo/0358f4b2-b53d-4bc0-be8e-27d25b642903.jpg,44468,16917,ninguna,ok,
38557,NIPE PLUS GRANULADO PARA SUSPENSION SABOR A FRUTAS TROPICALES,https://mav.farmaciasaas.com/api/images/articulos/DISTRIBUCION/8637.jpg,https://fqeshthtycmzgyibiurq.supabase.co/storage/v1/object/public/crsnimages/catalogo/5f9abcde-0b41-4a8a-b3e3-130be40ea687.jpg,134336,65573,ninguna,ok,
38569,NONAFOL 10 MG X 30 TABLETAS,https://mav.farmaciasaas.com/api/images/articulos/DISTRIBUCION/23016.jpg,https://fqeshthtycmzgyibiurq.supabase.co/storage/v1/object/public/crsnimages/catalogo/73e6037f-fbfd-4b77-b869-acee33ac8ea9.jpg,48124,19265,ninguna,ok,
38570,NONAFOL 5 MG X 10 TABLETAS,https://mav.farmaciasaas.com/api/images/articulos/DISTRIBUCION/23099.jpg,https://fqeshthtycmzgyibiurq.supabase.co/storage/v1/object/public/crsnimages/catalogo/604b45b1-b542-44f1-b0b8-6324493618a9.jpg,45351,16939,ninguna,ok,
38572,NONAFOL 5 MG X 30 TABLETAS,https://mav.farmaciasaas.com/api/images/articulos/DISTRIBUCION/21983.jpg,https://fqeshthtycmzgyibiurq.supabase.co/storage/v1/object/public/crsnimages/catalogo/623ad33b-4910-4da5-b076-1ae932bcc64e.jpg,63799,25265,ninguna,ok,
38571,NONAFOL 5 MG X 20 TABLETAS,https://mav.farmaciasaas.com/api/images/articulos/DISTRIBUCION/21982.jpg,https://fqeshthtycmzgyibiurq.supabase.co/storage/v1/object/public/crsnimages/catalogo/efa09592-dd61-4412-a203-15adb89c00b3.jpg,50985,20169,ninguna,ok,
38574,NORSINA 500 MG - 10 MG X 12 TABLETAS,https://mav.farmaciasaas.com/api/images/articulos/DISTRIBUCION/97499.jpg,https://fqeshthtycmzgyibiurq.supabase.co/storage/v1/object/public/crsnimages/catalogo/b25fb7f6-fe99-4eff-9d64-aad8efb3a5d0.jpg,270097,37330,ninguna,ok,
38575,NORTRICOL 200 MG X 20 CAPSULAS,https://mav.farmaciasaas.com/api/images/articulos/DISTRIBUCION/25240.jpg,https://fqeshthtycmzgyibiurq.supabase.co/storage/v1/object/public/crsnimages/catalogo/efa11da3-0978-4438-8bb6-d9c20f2c9bbf.jpg,66418,31275,ninguna,ok,
38573,NORMIX 200 MG X 12 TABLETAS RECUBIERTAS,https://pccentro.net.ve/img/s/7/2/2/3/1/72231-large_default.webp,https://fqeshthtycmzgyibiurq.supabase.co/storage/v1/object/public/crsnimages/catalogo/15e00a45-e908-4244-870f-ffc440fd8cdc.jpg,14596,28838,ninguna,ok,
38578,NOVARONA 200 MG X 10 COMPRIMIDOS,https://mav.farmaciasaas.com/api/images/articulos/DISTRIBUCION/8426.jpg,https://fqeshthtycmzgyibiurq.supabase.co/storage/v1/object/public/crsnimages/catalogo/94d70488-78b0-453d-bec1-c237528a30c7.jpg,61875,26987,ninguna,ok,
38582,OFAFLAN 50 MG X 10 COMPRIMIDOS CON CUBIERTA ENTERICA,https://mav.farmaciasaas.com/api/images/articulos/DISTRIBUCION/95750.jpg,https://fqeshthtycmzgyibiurq.supabase.co/storage/v1/object/public/crsnimages/catalogo/837e75a8-a253-41be-bf4c-4b31a4ff0e26.jpg,41705,15475,ninguna,ok,
38584,OFAFLAN 2 MG / ML SUSPENSION ORAL,https://mav.farmaciasaas.com/api/images/articulos/DISTRIBUCION/99845.jpg,https://fqeshthtycmzgyibiurq.supabase.co/storage/v1/object/public/crsnimages/catalogo/d18d7dd8-16b7-42c8-acad-edc96e01513f.jpg,52284,21767,ninguna,ok,
38579,NOXPIRIN GRIP X 12 TABLETAS,https://mav.farmaciasaas.com/api/images/articulos/DISTRIBUCION/27797.jpg,https://fqeshthtycmzgyibiurq.supabase.co/storage/v1/object/public/crsnimages/catalogo/0652f4ba-2407-4436-af21-85cef3f0c442.jpg,107927,58133,ninguna,ok,
38576,NOTOLAC 20 MG X 10 TABLETAS,https://mav.farmaciasaas.com/api/images/articulos/DISTRIBUCION/1531.jpg,https://fqeshthtycmzgyibiurq.supabase.co/storage/v1/object/public/crsnimages/catalogo/a9f5cb4e-5919-4584-91f9-4990679538b0.jpg,51853,20497,ninguna,ok,
38588,OLMECAR 40 MG X 30 COMPRIMIDOS RECUBIERTOS,https://mav.farmaciasaas.com/api/images/articulos/DISTRIBUCION/20723.jpg,https://fqeshthtycmzgyibiurq.supabase.co/storage/v1/object/public/crsnimages/catalogo/25cd8cf1-7967-462a-aaa2-b8e435800142.jpg,65488,29780,ninguna,ok,
38587,OLMECAR 20 MG X 30 COMPRIMIDOS RECUBIERTOS,https://mav.farmaciasaas.com/api/images/articulos/DISTRIBUCION/18030.jpg,https://fqeshthtycmzgyibiurq.supabase.co/storage/v1/object/public/crsnimages/catalogo/535cbf04-9954-4a37-bf44-694bb16182b6.jpg,75595,36103,ninguna,ok,
38598,OMEPRAZOL 20 MG X 28 CAPSULAS CON MICROGRANULOS ENTERICOS,https://mav.farmaciasaas.com/api/images/articulos/DISTRIBUCION/8254.jpg,https://fqeshthtycmzgyibiurq.supabase.co/storage/v1/object/public/crsnimages/catalogo/cf60036b-a3c9-4147-8ee2-d8ef5bc7609f.jpg,25624,16030,ninguna,ok,
38595,OLMETIQUE 20 MG X 30 TABLETAS RECUBIERTAS,https://mav.farmaciasaas.com/api/images/articulos/DISTRIBUCION/27013.jpg,https://fqeshthtycmzgyibiurq.supabase.co/storage/v1/object/public/crsnimages/catalogo/d2826706-9068-4880-b919-aff56155c43a.jpg,63306,29210,ninguna,ok,
38583,DICLOFENAC POTASICO 15 MG / ML SUSPENSION ORAL,https://pccentro.net.ve/img/s/8/0/5/5/6/80556-large_default.webp,https://fqeshthtycmzgyibiurq.supabase.co/storage/v1/object/public/crsnimages/catalogo/a4a1a1a2-5901-4e7b-836f-f55caa63cce3.jpg,37620,23184,ninguna,ok,
38597,OMEPRAZOL 20 MG X 14 CAPSULAS CON MICROGRANULOS ENTERICOS,https://mav.farmaciasaas.com/api/images/articulos/DISTRIBUCION/21060.jpg,https://fqeshthtycmzgyibiurq.supabase.co/storage/v1/object/public/crsnimages/catalogo/f063147c-4fbe-4cd9-aa9c-98d324d2b25e.jpg,24817,15572,ninguna,ok,
38601,OMEPRAZOL 20 MG X 30 CAPSULAS CON MICROGRANULOS CON CUBIERTA ENTERICA,https://mav.farmaciasaas.com/api/images/articulos/DISTRIBUCION/29950.jpg,https://fqeshthtycmzgyibiurq.supabase.co/storage/v1/object/public/crsnimages/catalogo/2716c5d6-5872-4da9-a4b2-be2335d05256.jpg,41105,15055,ninguna,ok,
38602,OMEPRAZOL 20 MG X 8 CAPSULAS CON MICROGRANULOS CON CUBIERTA ENTERICA,https://mav.farmaciasaas.com/api/images/articulos/DISTRIBUCION/6497.jpg,https://fqeshthtycmzgyibiurq.supabase.co/storage/v1/object/public/crsnimages/catalogo/d1054a70-5dcf-4244-80af-645da16c8b5a.jpg,64263,28595,ninguna,ok,
38615,ONDANSETRON 4 MG X 10 COMPRIMIDOS,https://mav.farmaciasaas.com/api/images/articulos/DISTRIBUCION/1107.jpg,https://fqeshthtycmzgyibiurq.supabase.co/storage/v1/object/public/crsnimages/catalogo/55cecc63-b5d9-4929-922a-88be49aba766.jpg,62678,30012,ninguna,ok,
38611,OMEPRAZOL 40 MG X 10 CAPSULAS GASTRORRESISTENTES,https://mav.farmaciasaas.com/api/images/articulos/DISTRIBUCION/16765.jpg,https://fqeshthtycmzgyibiurq.supabase.co/storage/v1/object/public/crsnimages/catalogo/76b0458b-b4d6-4d87-9074-8b31108c4294.jpg,70474,34302,ninguna,ok,
38614,OMMUNAL (LISADO BACTERIANO) 7 MG X 10 CAPSULAS,https://mav.farmaciasaas.com/api/images/articulos/DISTRIBUCION/6053.jpg,https://fqeshthtycmzgyibiurq.supabase.co/storage/v1/object/public/crsnimages/catalogo/0800904b-f5dd-416c-a5ba-4f48c5ba2892.jpg,54718,23638,ninguna,ok,
38612,JUVILOC 20 MG X 20 TABLETAS GASTRORRESISTENTE,https://mav.farmaciasaas.com/api/images/articulos/DISTRIBUCION/53250.jpg,https://fqeshthtycmzgyibiurq.supabase.co/storage/v1/object/public/crsnimages/catalogo/596ddc29-f2fe-4e8d-a947-2af9548feb8f.jpg,43728,16375,ninguna,ok,
38616,ONDANSETRON 8 MG X 10 COMPRIMIDOS,https://mav.farmaciasaas.com/api/images/articulos/DISTRIBUCION/1108.jpg,https://fqeshthtycmzgyibiurq.supabase.co/storage/v1/object/public/crsnimages/catalogo/7918d0e8-c37a-4c3d-b58a-e4f35b7da9ee.jpg,62634,29973,ninguna,ok,
38619,ONDANSETRON 2 MG / ML X 1 AMPOLLA,https://mav.farmaciasaas.com/api/images/articulos/DISTRIBUCION/1111.jpg,https://fqeshthtycmzgyibiurq.supabase.co/storage/v1/object/public/crsnimages/catalogo/27b5a47c-3b47-4bba-bc5d-74cda23f8cb5.jpg,68028,30822,ninguna,ok,
38621,ONDATRIN 2 MG / ML X 1 AMPOLLA,https://mav.farmaciasaas.com/api/images/articulos/DISTRIBUCION/13380.jpg,https://fqeshthtycmzgyibiurq.supabase.co/storage/v1/object/public/crsnimages/catalogo/cd09990c-13d0-426c-a7e2-1e89efb6c125.jpg,50863,20382,ninguna,ok,
38625,ORLIDIET 120 MG X 30 CAPSULAS,https://mav.farmaciasaas.com/api/images/articulos/DISTRIBUCION/94356.jpg,https://fqeshthtycmzgyibiurq.supabase.co/storage/v1/object/public/crsnimages/catalogo/a6333b6e-a2fa-459a-8158-4dee37a3313b.jpg,62058,29618,ninguna,ok,
38626,ORLIDIET 60 MG X 30 CAPSULAS,https://mav.farmaciasaas.com/api/images/articulos/DISTRIBUCION/99789.jpg,https://fqeshthtycmzgyibiurq.supabase.co/storage/v1/object/public/crsnimages/catalogo/27eb18e2-a5ed-4a09-a8b4-c70f60aa2240.jpg,58927,27449,ninguna,ok,
38620,ONDANSETRON 4 MG / 5 ML SOLUCION ORAL,https://mav.farmaciasaas.com/api/images/articulos/DISTRIBUCION/23942.jpg,https://fqeshthtycmzgyibiurq.supabase.co/storage/v1/object/public/crsnimages/catalogo/5139ea83-74e7-4c0a-b338-332bd86c1663.jpg,66262,30723,ninguna,ok,
38624,ORALZINC SALES DE REHIDRATACION X 1 POLVO PARA SOLUCION ORAL SABOR A COCO,https://mav.farmaciasaas.com/api/images/articulos/DISTRIBUCION/51830.jpg,https://fqeshthtycmzgyibiurq.supabase.co/storage/v1/object/public/crsnimages/catalogo/9983b69f-aa06-494f-9cf1-e0649c908684.jpg,77488,35065,ninguna,ok,
38630,OXIDREN 150 MG X 1 COMPRIMIDO RECUBIERTO,https://mav.farmaciasaas.com/api/images/articulos/DISTRIBUCION/94330.jpg,https://fqeshthtycmzgyibiurq.supabase.co/storage/v1/object/public/crsnimages/catalogo/f55630f3-1f27-4916-81a2-8a76387eb64b.jpg,70079,31964,ninguna,ok,
38642,PASIM 10 MG / ML SOLUCION ORAL,https://mav.farmaciasaas.com/api/images/articulos/DISTRIBUCION/17394.jpg,https://fqeshthtycmzgyibiurq.supabase.co/storage/v1/object/public/crsnimages/catalogo/773cc0b4-0665-4177-a039-b627c7c24051.jpg,58396,25372,ninguna,ok,
38634,PANTOPRAZOL 40 MG X 10 COMPRIMIDOS CON CUBIERTA DE LIBERACION ENTERICA,https://mav.farmaciasaas.com/api/images/articulos/DISTRIBUCION/98455.jpg,https://fqeshthtycmzgyibiurq.supabase.co/storage/v1/object/public/crsnimages/catalogo/dc85f847-33d6-48fd-9a57-045fa79d395f.jpg,66706,30993,ninguna,ok,
38645,PEDIACORT 3 MG / ML SOLUCION ORAL,https://mav.farmaciasaas.com/api/images/articulos/DISTRIBUCION/16975.jpg,https://fqeshthtycmzgyibiurq.supabase.co/storage/v1/object/public/crsnimages/catalogo/5a83047a-06bb-41eb-b37b-736e1e9dfd22.jpg,70957,27982,ninguna,ok,
38640,PASIM PLUS 10 MG - 500 MG X 10 COMPRIMIDOS RECUBIERTOS,https://mav.farmaciasaas.com/api/images/articulos/DISTRIBUCION/53745.jpg,https://fqeshthtycmzgyibiurq.supabase.co/storage/v1/object/public/crsnimages/catalogo/26f0a16f-3a94-4010-a13d-e23823d5c28a.jpg,62086,26193,ninguna,ok,
38641,PASIM PLUS 2 MG - 100 MG / ML SOLUCION ORAL,https://mav.farmaciasaas.com/api/images/articulos/DISTRIBUCION/53746.jpg,https://fqeshthtycmzgyibiurq.supabase.co/storage/v1/object/public/crsnimages/catalogo/b1e66c73-ddff-4c77-9a9e-d1d694bece1d.jpg,100758,50351,ninguna,ok,
38646,PEGYT 150 MG X 20 CAPSULAS,https://mav.farmaciasaas.com/api/images/articulos/DISTRIBUCION/21676.jpg,https://fqeshthtycmzgyibiurq.supabase.co/storage/v1/object/public/crsnimages/catalogo/c1d9cf8a-1b96-4c8c-acc8-2009326c6605.jpg,57479,26054,ninguna,ok,
38649,PEGYT 75 MG X 20 CAPSULAS,https://mav.farmaciasaas.com/api/images/articulos/DISTRIBUCION/99406.jpg,https://fqeshthtycmzgyibiurq.supabase.co/storage/v1/object/public/crsnimages/catalogo/bedd02fc-8aa2-4296-8961-2b6d894924ed.jpg,60633,26335,ninguna,ok,
38657,PERTEN 1 % SOLUCION TOPICA,https://mav.farmaciasaas.com/api/images/articulos/DISTRIBUCION/20023.jpg,https://fqeshthtycmzgyibiurq.supabase.co/storage/v1/object/public/crsnimages/catalogo/87e8330f-0e98-4d4f-b12f-ded9a2b127e0.jpg,69743,30848,ninguna,ok,
38655,PERIDONT 0.12 % SOLUCION TOPICA BUCAL,https://mav.farmaciasaas.com/api/images/articulos/DISTRIBUCION/18615.jpg,https://fqeshthtycmzgyibiurq.supabase.co/storage/v1/object/public/crsnimages/catalogo/f9d926ac-6ff2-4498-9a91-20344f10c7ed.jpg,43757,16674,ninguna,ok,
38658,PERTEN 1 % GEL TOPICO,https://mav.farmaciasaas.com/api/images/articulos/DISTRIBUCION/20023.jpg,https://fqeshthtycmzgyibiurq.supabase.co/storage/v1/object/public/crsnimages/catalogo/73aaa58b-b4ca-451d-b7ef-7e9d7dd0c0ce.jpg,69743,30848,ninguna,ok,
38659,PERTEN 1 % SOLUCION ATOMIZADORA PARA USO TOPICO,https://mav.farmaciasaas.com/api/images/articulos/DISTRIBUCION/20023.jpg,https://fqeshthtycmzgyibiurq.supabase.co/storage/v1/object/public/crsnimages/catalogo/cf9ae303-748a-4678-b415-85ff96d081d2.jpg,69743,30848,ninguna,ok,
38648,PEGYT 25 MG X 30 CAPSULAS,https://mav.farmaciasaas.com/api/images/articulos/DISTRIBUCION/52624.jpg,https://fqeshthtycmzgyibiurq.supabase.co/storage/v1/object/public/crsnimages/catalogo/2f653eea-be18-489e-a8a2-525f0173ff82.jpg,67514,30113,ninguna,ok,
38660,PERTEN 250 MG X 20 TABLETAS,https://mav.farmaciasaas.com/api/images/articulos/DISTRIBUCION/18905.jpg,https://fqeshthtycmzgyibiurq.supabase.co/storage/v1/object/public/crsnimages/catalogo/41e0f9ab-0b4e-468d-babd-f65ae5165fca.jpg,58427,24022,ninguna,ok,
38661,PIGRAL 75 MG X 14 COMPRIMIDOS RECUBIERTOS,https://mav.farmaciasaas.com/api/images/articulos/DISTRIBUCION/24140.jpg,https://fqeshthtycmzgyibiurq.supabase.co/storage/v1/object/public/crsnimages/catalogo/40c8fae2-2638-4265-b3ac-89195ba6ffd0.jpg,71095,33596,ninguna,ok,
38662,PIMADOL 10 MG X 10 TABLETAS RECUBIERTAS,https://mav.farmaciasaas.com/api/images/articulos/DISTRIBUCION/28531.jpg,https://fqeshthtycmzgyibiurq.supabase.co/storage/v1/object/public/crsnimages/catalogo/540239ac-f371-4590-9a97-9f8fc761d9c0.jpg,58099,26301,ninguna,ok,
38669,PIROXICAM 20 MG X 10 CAPSULAS,https://mav.farmaciasaas.com/api/images/articulos/DISTRIBUCION/10007.jpg,https://fqeshthtycmzgyibiurq.supabase.co/storage/v1/object/public/crsnimages/catalogo/ca1608c8-cc08-4672-a923-31938fb84e2c.jpg,43831,16031,ninguna,ok,
38665,PINAVIX 100 MG X 30 COMPRIMIDOS RECUBIERTOS,https://mav.farmaciasaas.com/api/images/articulos/DISTRIBUCION/13663.jpg,https://fqeshthtycmzgyibiurq.supabase.co/storage/v1/object/public/crsnimages/catalogo/dd3950aa-aad5-4220-b926-4350ae1241c9.jpg,53698,20865,ninguna,ok,
38667,PIPERAZINA 500 MG / 5 ML JARABE,https://mav.farmaciasaas.com/api/images/articulos/DISTRIBUCION/22406.jpg,https://fqeshthtycmzgyibiurq.supabase.co/storage/v1/object/public/crsnimages/catalogo/54661ca6-c713-4b48-a232-fe1b6ca78de8.jpg,51791,22284,ninguna,ok,
38670,PLAVIX 75 MG X 14 COMPRIMIDOS RECUBIERTOS,https://mav.farmaciasaas.com/api/images/articulos/DISTRIBUCION/11151.jpg,https://fqeshthtycmzgyibiurq.supabase.co/storage/v1/object/public/crsnimages/catalogo/5405848c-7cb1-4d16-8adf-b4970082f414.jpg,59796,27537,ninguna,ok,
38672,PLIDAN COMPUESTO 15 MG / 2 ML - 100 MG / 2 ML X 1 AMPOLLA,https://mav.farmaciasaas.com/api/images/articulos/DISTRIBUCION/4114.jpg,https://fqeshthtycmzgyibiurq.supabase.co/storage/v1/object/public/crsnimages/catalogo/2d61f296-1636-470e-aa52-e42fff936e33.jpg,90540,46868,ninguna,ok,
38666,PINAVIX 100 MG X 20 COMPRIMIDOS RECUBIERTOS,https://mav.farmaciasaas.com/api/images/articulos/DISTRIBUCION/50990.jpg,https://fqeshthtycmzgyibiurq.supabase.co/storage/v1/object/public/crsnimages/catalogo/90583ef1-ff8a-4c5f-a4c8-2c81cc260fd9.jpg,71955,31455,ninguna,ok,
38675,POLIAMIN 10 % (AMINOACIDOS CRISTALINOS) SOLUCION INYECTABLE INTRAVENOSA,https://mav.farmaciasaas.com/api/images/articulos/DISTRIBUCION/11096.jpg,https://fqeshthtycmzgyibiurq.supabase.co/storage/v1/object/public/crsnimages/catalogo/a73aec1f-a201-4b26-a6cc-f28cfed0630c.jpg,49824,19362,ninguna,ok,
38671,PLIDAN COMPUESTO 10 MG / 125 MG X 10 COMPRIMIDOS RECUBIERTOS,https://mav.farmaciasaas.com/api/images/articulos/DISTRIBUCION/54271.jpg,https://fqeshthtycmzgyibiurq.supabase.co/storage/v1/object/public/crsnimages/catalogo/5eab20eb-823a-49e1-9fcf-95a7c9b22e7c.jpg,62048,27599,ninguna,ok,
38676,POSTINOR 2 0.75 MG X 2 COMPRIMIDOS,https://mav.farmaciasaas.com/api/images/articulos/DISTRIBUCION/11368.jpg,https://fqeshthtycmzgyibiurq.supabase.co/storage/v1/object/public/crsnimages/catalogo/a27087e5-daa9-49bf-bcfa-fc7cb9cab5a7.jpg,57258,21052,ninguna,ok,
38673,PLIDAN COMPUESTO 15 MG / 2 ML - 100 MG / 2 ML X 2 AMPOLLAS,https://pccentro.net.ve/img/s/8/4/0/4/6/84046-large_default.webp,https://fqeshthtycmzgyibiurq.supabase.co/storage/v1/object/public/crsnimages/catalogo/43dbcc68-501d-4a5a-8b44-0132698e1123.jpg,85970,46567,ninguna,ok,
38677,POTAX 10 MEQ X 100 TABLETAS DE LIBERACION PROLONGADA,https://mav.farmaciasaas.com/api/images/articulos/DISTRIBUCION/26061.jpg,https://fqeshthtycmzgyibiurq.supabase.co/storage/v1/object/public/crsnimages/catalogo/90010f32-7772-4e88-918f-7440bc76900f.jpg,54996,23878,ninguna,ok,
38678,PRALINA 75 MG X 14 CAPSULAS,https://mav.farmaciasaas.com/api/images/articulos/DISTRIBUCION/17014.jpg,https://fqeshthtycmzgyibiurq.supabase.co/storage/v1/object/public/crsnimages/catalogo/73777789-7b85-4dfd-a7fb-a053f4b25d86.jpg,148972,28629,ninguna,ok,
38679,PRAXONA 150 MG X 10 COMPRIMIDOS,https://mav.farmaciasaas.com/api/images/articulos/DISTRIBUCION/2991.jpg,https://fqeshthtycmzgyibiurq.supabase.co/storage/v1/object/public/crsnimages/catalogo/89434285-1765-413b-9537-cb936ac525e6.jpg,69726,28995,ninguna,ok,
38681,PREDNA 15 MG / 5 ML SOLUCION ORAL,https://mav.farmaciasaas.com/api/images/articulos/DISTRIBUCION/90974.jpg,https://fqeshthtycmzgyibiurq.supabase.co/storage/v1/object/public/crsnimages/catalogo/fee589dd-2a6f-44ac-bf1a-a8ea790ddd62.jpg,93150,46486,ninguna,ok,
38680,PRAXONA 150 MG X 24 COMPRIMIDOS,https://mav.farmaciasaas.com/api/images/articulos/DISTRIBUCION/2992.jpg,https://fqeshthtycmzgyibiurq.supabase.co/storage/v1/object/public/crsnimages/catalogo/14f0ae25-5a2c-4f0e-8fe7-cfdfd2f56978.jpg,69501,29459,ninguna,ok,
38688,PREDNISONA 50 MG X 10 TABLETAS,https://mav.farmaciasaas.com/api/images/articulos/DISTRIBUCION/10937.jpg,https://fqeshthtycmzgyibiurq.supabase.co/storage/v1/object/public/crsnimages/catalogo/1bb5e5e7-04de-4db2-9b99-79eccbaac00b.jpg,64607,28909,ninguna,ok,
38692,PREDNISONA 5 MG X 30 TABLETAS,https://mav.farmaciasaas.com/api/images/articulos/DISTRIBUCION/10460.jpg,https://fqeshthtycmzgyibiurq.supabase.co/storage/v1/object/public/crsnimages/catalogo/141d3c49-9b4c-4440-bc3c-6fa528f498c3.jpg,24670,15382,ninguna,ok,
38690,PREDNISONA 5 MG X 10 TABLETAS,https://mav.farmaciasaas.com/api/images/articulos/DISTRIBUCION/2998.jpg,https://fqeshthtycmzgyibiurq.supabase.co/storage/v1/object/public/crsnimages/catalogo/983e9b19-cc15-4db8-bc06-4018c257cb5f.jpg,24500,15229,ninguna,ok,
38689,PREDNISONA 50 MG X 10 TABLETAS.,https://mav.farmaciasaas.com/api/images/articulos/DISTRIBUCION/7835.jpg,https://fqeshthtycmzgyibiurq.supabase.co/storage/v1/object/public/crsnimages/catalogo/077efdeb-79f4-4288-8874-2d8eea7127b8.jpg,210677,30745,ninguna,ok,
38693,PREDNISONA 5 MG X 10 TABLETAS,https://mav.farmaciasaas.com/api/images/articulos/DISTRIBUCION/3927.jpg,https://fqeshthtycmzgyibiurq.supabase.co/storage/v1/object/public/crsnimages/catalogo/f358f88d-7f36-4fc7-9b47-b0d9ff56ac93.jpg,213205,29982,ninguna,ok,
38698,PRELIVAL 150 MG X 20 CAPSULAS,https://mav.farmaciasaas.com/api/images/articulos/DISTRIBUCION/22390.jpg,https://fqeshthtycmzgyibiurq.supabase.co/storage/v1/object/public/crsnimages/catalogo/af26d1f0-37a7-4a4b-a1d1-bb9da2d7a36c.jpg,58809,26474,ninguna,ok,
38699,PRELIVAL 75 MG X 20 CAPSULAS,https://mav.farmaciasaas.com/api/images/articulos/DISTRIBUCION/22389.jpg,https://fqeshthtycmzgyibiurq.supabase.co/storage/v1/object/public/crsnimages/catalogo/85bf3ad8-1fcf-4abb-a2e8-018869530105.jpg,213632,30335,ninguna,ok,
38700,PRESIDERM 2 % UNGUENTO,https://mav.farmaciasaas.com/api/images/articulos/DISTRIBUCION/11580.jpg,https://fqeshthtycmzgyibiurq.supabase.co/storage/v1/object/public/crsnimages/catalogo/3064dc32-4476-4168-b75d-c0bf1a27526a.jpg,38212,12934,ninguna,ok,
38704,PROTOSULFIL 1 % CREMA,https://mav.farmaciasaas.com/api/images/articulos/DISTRIBUCION/5047.jpg,https://fqeshthtycmzgyibiurq.supabase.co/storage/v1/object/public/crsnimages/catalogo/89ef875b-5714-486e-bb78-0df7c0dfd0b7.jpg,64842,26778,ninguna,ok,
38703,PROPRANOLOL 10 MG X 20 TABLETAS,https://mav.farmaciasaas.com/api/images/articulos/DISTRIBUCION/7637.jpg,https://fqeshthtycmzgyibiurq.supabase.co/storage/v1/object/public/crsnimages/catalogo/cc90b23a-3b0d-4371-aad4-43b19dd40ee7.jpg,43324,14327,ninguna,ok,
38707,PULMOLET 1 MG / ML SUSPENSION PARA NEBULIZAR,https://mav.farmaciasaas.com/api/images/articulos/DISTRIBUCION/91027.jpg,https://fqeshthtycmzgyibiurq.supabase.co/storage/v1/object/public/crsnimages/catalogo/1af4b69b-1884-421d-931d-b76315106236.jpg,73770,36282,ninguna,ok,
38706,PROXIME 750 MG X 5 COMPRIMIDOS RECUBIERTOS,https://mav.farmaciasaas.com/api/images/articulos/DISTRIBUCION/8044.jpg,https://fqeshthtycmzgyibiurq.supabase.co/storage/v1/object/public/crsnimages/catalogo/78f6cf42-72a2-48de-893c-41b4109c49de.jpg,113693,34752,ninguna,ok,
38712,QUETIVAL 100 MG X 30 TABLETAS RECUBIERTAS,https://mav.farmaciasaas.com/api/images/articulos/DISTRIBUCION/27422.jpg,https://fqeshthtycmzgyibiurq.supabase.co/storage/v1/object/public/crsnimages/catalogo/c94f1cbc-2169-4ee8-85d8-dc788ce30b66.jpg,192777,27647,ninguna,ok,
38713,QUETIVAL 200 MG X 30 TABLETAS RECUBIERTAS,https://mav.farmaciasaas.com/api/images/articulos/DISTRIBUCION/52493.jpg,https://fqeshthtycmzgyibiurq.supabase.co/storage/v1/object/public/crsnimages/catalogo/a452dd88-781e-40ec-8678-61b211b0023a.jpg,65588,27799,ninguna,ok,
38715,QUINOMAX 0.5 % SOLUCION OFTALMICA,https://mav.farmaciasaas.com/api/images/articulos/DISTRIBUCION/8458.jpg,https://fqeshthtycmzgyibiurq.supabase.co/storage/v1/object/public/crsnimages/catalogo/46dedbc7-d4ab-44fb-88bb-fce4f883230c.jpg,68060,25485,ninguna,ok,
38717,RAMIPRES 5 MG X 30 COMPRIMIDOS,https://mav.farmaciasaas.com/api/images/articulos/DISTRIBUCION/18617.jpg,https://fqeshthtycmzgyibiurq.supabase.co/storage/v1/object/public/crsnimages/catalogo/81394c0f-ba37-4ca6-92c2-373e775c5b19.jpg,61269,29145,ninguna,ok,
38714,QUETIVAL 25 MG X 30 TABLETAS RECUBIERTAS,https://mav.farmaciasaas.com/api/images/articulos/DISTRIBUCION/27421.jpg,https://fqeshthtycmzgyibiurq.supabase.co/storage/v1/object/public/crsnimages/catalogo/9b69fdaa-e5d6-4e91-ba11-43dc8f8d7499.jpg,193374,27324,ninguna,ok,
38725,RIDAL 2 MG X 20 COMPRIMIDOS RECUBIERTOS,https://mav.farmaciasaas.com/api/images/articulos/DISTRIBUCION/11398.jpg,https://fqeshthtycmzgyibiurq.supabase.co/storage/v1/object/public/crsnimages/catalogo/f3981eda-7fc1-4d0d-a9d5-031e4750bdfc.jpg,40619,13827,ninguna,ok,
38722,REGULIP 20 MG X 30 TABLETAS,https://mav.farmaciasaas.com/api/images/articulos/DISTRIBUCION/95311.jpg,https://fqeshthtycmzgyibiurq.supabase.co/storage/v1/object/public/crsnimages/catalogo/f1c3ed2d-be9b-437f-9c29-d5c4dfe30204.jpg,73007,35210,ninguna,ok,
38726,RIDAL 3 MG X 20 COMPRIMIDOS RECUBIERTOS,https://mav.farmaciasaas.com/api/images/articulos/DISTRIBUCION/11399.jpg,https://fqeshthtycmzgyibiurq.supabase.co/storage/v1/object/public/crsnimages/catalogo/726308cf-30ea-4c95-8b89-4d2bc0282bb3.jpg,39545,13114,ninguna,ok,
38727,RIDAL 1 MG X 20 COMPRIMIDOS RECUBIERTOS,https://mav.farmaciasaas.com/api/images/articulos/DISTRIBUCION/90076.jpg,https://fqeshthtycmzgyibiurq.supabase.co/storage/v1/object/public/crsnimages/catalogo/8ca19bd2-6bef-46c3-a034-d6e377f1740f.jpg,44779,16821,ninguna,ok,
38735,RINOMAX 0.25 % - 0.125 % - 0.25 % SOLUCION NASAL,https://mav.farmaciasaas.com/api/images/articulos/DISTRIBUCION/2250.jpg,https://fqeshthtycmzgyibiurq.supabase.co/storage/v1/object/public/crsnimages/catalogo/0c47ec74-c49f-43f1-b014-373aef25d7cb.jpg,47992,16453,ninguna,ok,
38728,RIDAL 1 MG / ML SOLUCION ORAL,https://mav.farmaciasaas.com/api/images/articulos/DISTRIBUCION/96311.jpg,https://fqeshthtycmzgyibiurq.supabase.co/storage/v1/object/public/crsnimages/catalogo/b6cb83f1-2629-4d87-ae20-b1ce7b87c4b9.jpg,53138,22256,ninguna,ok,
38729,RIFAMIX 200 MG X 12 COMPRIMIDOS RECUBIERTOS,https://mav.farmaciasaas.com/api/images/articulos/DISTRIBUCION/99098.jpg,https://fqeshthtycmzgyibiurq.supabase.co/storage/v1/object/public/crsnimages/catalogo/248b46bd-d6c0-4490-8308-4cacac048644.jpg,67768,31008,ninguna,ok,
38734,RINOLAST 120 MG X 10 TABLETAS RECUBIERTAS,https://mav.farmaciasaas.com/api/images/articulos/DISTRIBUCION/6448.jpg,https://fqeshthtycmzgyibiurq.supabase.co/storage/v1/object/public/crsnimages/catalogo/088c9734-dcea-4cd5-8aba-1cf84c3b73df.jpg,55864,22746,ninguna,ok,
38737,RISPERID 3 MG X 30 COMPRIMIDOS RECUBIERTOS,https://mav.farmaciasaas.com/api/images/articulos/DISTRIBUCION/94359.jpg,https://fqeshthtycmzgyibiurq.supabase.co/storage/v1/object/public/crsnimages/catalogo/98dd2b17-ee41-4c30-b4e6-f62d11919851.jpg,45196,17551,ninguna,ok,
38736,RISPERID 2 MG X 30 COMPRIMIDOS RECUBIERTOS,https://mav.farmaciasaas.com/api/images/articulos/DISTRIBUCION/94360.jpg,https://fqeshthtycmzgyibiurq.supabase.co/storage/v1/object/public/crsnimages/catalogo/3c732661-64e1-46d9-a49e-7295c557a051.jpg,65740,32365,ninguna,ok,
38740,RISPERIDONA 2 MG X 20 TABLETAS RECUBIERTAS,https://mav.farmaciasaas.com/api/images/articulos/DISTRIBUCION/97451.jpg,https://fqeshthtycmzgyibiurq.supabase.co/storage/v1/object/public/crsnimages/catalogo/480838c6-e0df-406d-b4a0-835cb2e64606.jpg,24890,15664,ninguna,ok,
38738,RISPERID 1 MG / ML X 30 SOLUCION ORAL,https://mav.farmaciasaas.com/api/images/articulos/DISTRIBUCION/90686.jpg,https://fqeshthtycmzgyibiurq.supabase.co/storage/v1/object/public/crsnimages/catalogo/76042176-af36-4ce2-953b-932e7de8250f.jpg,67153,32556,ninguna,ok,
38739,RISPERID 1 MG X 30 COMPRIMIDOS RECUBIERTOS,https://mav.farmaciasaas.com/api/images/articulos/DISTRIBUCION/95023.jpg,https://fqeshthtycmzgyibiurq.supabase.co/storage/v1/object/public/crsnimages/catalogo/06aeb29d-9c06-438c-8fd6-27c4bdedc629.jpg,71082,36574,ninguna,ok,
38741,RISTONEL 100 MG X 30 COMPRIMIDOS RECUBIERTOS,https://mav.farmaciasaas.com/api/images/articulos/DISTRIBUCION/53559.jpg,https://fqeshthtycmzgyibiurq.supabase.co/storage/v1/object/public/crsnimages/catalogo/da141e8e-fd79-4ab8-89b1-32d398dc8d26.jpg,46750,17949,ninguna,ok,
38743,RITROMI 500 MG X 10 TABLETAS RECUBIERTAS,https://mav.farmaciasaas.com/api/images/articulos/DISTRIBUCION/29497.jpg,https://fqeshthtycmzgyibiurq.supabase.co/storage/v1/object/public/crsnimages/catalogo/73737974-d948-47a4-ad37-4ac7cc68c787.jpg,46199,18769,ninguna,ok,
38747,RONARES 500 MG - 4 MG X 10 COMPRIMIDOS,https://mav.farmaciasaas.com/api/images/articulos/DISTRIBUCION/53742.jpg,https://fqeshthtycmzgyibiurq.supabase.co/storage/v1/object/public/crsnimages/catalogo/266f50b0-80a1-4f39-bc43-df61fdb19782.jpg,89780,48349,ninguna,ok,
38753,ROVARTAL 10 MG X 30 COMPRIMIDOS RECUBIERTOS,https://mav.farmaciasaas.com/api/images/articulos/DISTRIBUCION/9989.jpg,https://fqeshthtycmzgyibiurq.supabase.co/storage/v1/object/public/crsnimages/catalogo/84eb1841-8d10-4998-bea5-3c7d598ee588.jpg,64717,31907,ninguna,ok,
38742,RISTONEL 50 MG X 30 COMPRIMIDOS RECUBIERTOS,https://mav.farmaciasaas.com/api/images/articulos/DISTRIBUCION/53558.jpg,https://fqeshthtycmzgyibiurq.supabase.co/storage/v1/object/public/crsnimages/catalogo/f3d7cc92-22ff-49ae-ba34-216bd538125d.jpg,19409,11388,ninguna,ok,
38754,ROVARTAL 40 MG X 30 COMPRIMIDOS RECUBIERTOS,https://mav.farmaciasaas.com/api/images/articulos/DISTRIBUCION/94461.jpg,https://fqeshthtycmzgyibiurq.supabase.co/storage/v1/object/public/crsnimages/catalogo/ea3af033-4f8a-4902-a6dd-3e4db8d1bc1c.jpg,61745,29366,ninguna,ok,
38755,ROWELUK 5 MG X 10 COMPRIMIDOS MASTICABLES,https://mav.farmaciasaas.com/api/images/articulos/DISTRIBUCION/26093.jpg,https://fqeshthtycmzgyibiurq.supabase.co/storage/v1/object/public/crsnimages/catalogo/942753e3-31f7-4928-b7ce-459e8542efd6.jpg,56363,24046,ninguna,ok,
38758,ROWELUK 4 MG X 30 COMPRIMIDOS MASTICABLES,https://mav.farmaciasaas.com/api/images/articulos/DISTRIBUCION/92735.jpg,https://fqeshthtycmzgyibiurq.supabase.co/storage/v1/object/public/crsnimages/catalogo/60c316d1-9e01-4bb3-b977-3f2bb184e3fa.jpg,65759,29653,ninguna,ok,
38756,ROWELUK 5 MG X 30 COMPRIMIDOS MASTICABLES,https://mav.farmaciasaas.com/api/images/articulos/DISTRIBUCION/92735.jpg,https://fqeshthtycmzgyibiurq.supabase.co/storage/v1/object/public/crsnimages/catalogo/18e31b7a-46d7-4165-aac5-96b059621651.jpg,65759,29653,ninguna,ok,
38760,RUBIZON 20 MG X 35 TABLETAS RECUBIERTAS,https://mav.farmaciasaas.com/api/images/articulos/DISTRIBUCION/54290.jpg,https://fqeshthtycmzgyibiurq.supabase.co/storage/v1/object/public/crsnimages/catalogo/3bf51c4c-3d5b-410a-a39b-d46cc3c729ae.jpg,26764,18853,ninguna,ok,
38761,SADOXOL 50 MG X 30 TABLETAS,https://mav.farmaciasaas.com/api/images/articulos/DISTRIBUCION/54369.jpg,https://fqeshthtycmzgyibiurq.supabase.co/storage/v1/object/public/crsnimages/catalogo/e2168022-b154-4a97-8676-3ff6bfe5fd2b.jpg,13593,6194,ninguna,ok,
38759,ROWELUK 4 MG X 10 COMPRIMIDOS MASTICABLES,https://mav.farmaciasaas.com/api/images/articulos/DISTRIBUCION/25403.jpg,https://fqeshthtycmzgyibiurq.supabase.co/storage/v1/object/public/crsnimages/catalogo/2c038a31-5b4a-4965-89e5-5e0fbe9bf228.jpg,57266,23264,ninguna,ok,
38749,ROSUVASTATINA 20 MG X 30 COMPRIMIDOS RECUBIERTOS,https://mav.farmaciasaas.com/api/images/articulos/DISTRIBUCION/99560.jpg,https://fqeshthtycmzgyibiurq.supabase.co/storage/v1/object/public/crsnimages/catalogo/dcfcaad8-1fe5-4431-8608-9727d9ae3fc0.jpg,71181,35491,ninguna,ok,
38768,SECNIDAZOL 1 G COMPRIMIDOS RECUBIERTOS,https://mav.farmaciasaas.com/api/images/articulos/DISTRIBUCION/52517.jpg,https://fqeshthtycmzgyibiurq.supabase.co/storage/v1/object/public/crsnimages/catalogo/3bb9cc03-f7e0-441f-8bdd-07cffc2ab39e.jpg,51681,21927,ninguna,ok,
38766,SAVER 500 MG X 5 COMPRIMIDOS RECUBIERTOS,https://mav.farmaciasaas.com/api/images/articulos/DISTRIBUCION/207.jpg,https://fqeshthtycmzgyibiurq.supabase.co/storage/v1/object/public/crsnimages/catalogo/93766a65-5192-4e45-a7f0-839dc60cf00f.jpg,48656,19513,ninguna,ok,
38757,ROWELUK 10 MG X 10 COMPRIMIDOS RECUBIERTOS,https://pccentro.net.ve/img/s/5/6/3/8/8/56388-large_default.webp,https://fqeshthtycmzgyibiurq.supabase.co/storage/v1/object/public/crsnimages/catalogo/0775f6ec-f607-4a0d-961a-2710529d9c1d.jpg,13536,28988,ninguna,ok,
38767,SECNIDAZOL 500 MG X 4 TABLETAS RECUBIERTAS,https://mav.farmaciasaas.com/api/images/articulos/DISTRIBUCION/3004.jpg,https://fqeshthtycmzgyibiurq.supabase.co/storage/v1/object/public/crsnimages/catalogo/091986dd-55cf-42a2-a2a3-e4e2e7fde96f.jpg,87232,41187,ninguna,ok,
38771,SECNIDAZOL 500 MG X 4 COMPRIMIDOS,https://pccentro.net.ve/img/s/7/6/1/1/8/76118-large_default.webp,https://fqeshthtycmzgyibiurq.supabase.co/storage/v1/object/public/crsnimages/catalogo/ec48a751-7c2b-4b8f-af29-a284d6791964.jpg,16726,15153,ninguna,ok,
38769,SECNIDAZOL 1 G X 2 TABLETAS RECUBIERTAS,https://mav.farmaciasaas.com/api/images/articulos/DISTRIBUCION/8585.jpg,https://fqeshthtycmzgyibiurq.supabase.co/storage/v1/object/public/crsnimages/catalogo/3f7a1da8-b166-4597-93e9-5c55d52c7d69.jpg,62559,25301,ninguna,ok,
38774,SELENE 400 UI - 70 MCG X 30 CAPSULAS BLANDAS,https://mav.farmaciasaas.com/api/images/articulos/DISTRIBUCION/4898.jpg,https://fqeshthtycmzgyibiurq.supabase.co/storage/v1/object/public/crsnimages/catalogo/ec06800e-2609-4291-b33e-955eb322e80f.jpg,80274,38264,ninguna,ok,
38773,SECNIDEX 500 MG X 4 TABLETAS RECUBIERTAS,https://mav.farmaciasaas.com/api/images/articulos/DISTRIBUCION/92854.jpg,https://fqeshthtycmzgyibiurq.supabase.co/storage/v1/object/public/crsnimages/catalogo/6eccf142-181f-49ab-a871-0ce0b52d0842.jpg,430598,42659,ninguna,ok,
38772,SECNIDAZOL 1 G X 2 TABLETAS RECUBIERTAS,https://mav.farmaciasaas.com/api/images/articulos/DISTRIBUCION/92494.jpg,https://fqeshthtycmzgyibiurq.supabase.co/storage/v1/object/public/crsnimages/catalogo/49975c6c-c850-4363-8ba3-ff0ca0925da3.jpg,245068,32110,ninguna,ok,
38776,SERETIDE 25 MCG - 50 MCG DOSIS X 120 SUSPENSION PARA INHALACION ORAL,https://mav.farmaciasaas.com/api/images/articulos/DISTRIBUCION/50864.jpg,https://fqeshthtycmzgyibiurq.supabase.co/storage/v1/object/public/crsnimages/catalogo/7fbdde68-a727-4f21-aa9b-29b8584ca756.jpg,66322,26935,ninguna,ok,
38777,SERLINE 100 MG X 10 COMPRIMIDOS,https://mav.farmaciasaas.com/api/images/articulos/DISTRIBUCION/3699.jpg,https://fqeshthtycmzgyibiurq.supabase.co/storage/v1/object/public/crsnimages/catalogo/68cdee14-99c7-4af4-8690-925a2767e333.jpg,55472,22640,ninguna,ok,
38778,SERLINE 50 MG X 10 COMPRIMIDOS,https://mav.farmaciasaas.com/api/images/articulos/DISTRIBUCION/11400.jpg,https://fqeshthtycmzgyibiurq.supabase.co/storage/v1/object/public/crsnimages/catalogo/ebd24a6a-471f-478e-bcd7-682bfe1c9416.jpg,39295,13605,ninguna,ok,
38780,SERTRALINA 50 MG X 30 TABLETAS,https://pccentro.net.ve/img/s/8/4/0/3/2/84032-large_default.webp,https://fqeshthtycmzgyibiurq.supabase.co/storage/v1/object/public/crsnimages/catalogo/42a3bd98-dbbb-4c30-a053-d1c31f97226c.jpg,77126,38021,ninguna,ok,
38782,SERTRALINA 50 MG X 10 TABLETAS,https://pccentro.net.ve/img/s/2/3/0/1/3/23013-large_default.webp,https://fqeshthtycmzgyibiurq.supabase.co/storage/v1/object/public/crsnimages/catalogo/5054c5b7-2aad-4cad-a78f-ea7361f605cb.jpg,19318,23660,ninguna,ok,
38783,SERTRALINA 50 MG X 10 COMPRIMIDOS RECUBIERTOS,https://mav.farmaciasaas.com/api/images/articulos/DISTRIBUCION/2558.jpg,https://fqeshthtycmzgyibiurq.supabase.co/storage/v1/object/public/crsnimages/catalogo/0cf7f5fb-af14-4812-a6c4-685bbd676df8.jpg,60531,27798,ninguna,ok,
38785,SERTRALINA 50 MG X 30 COMPRIMIDOS RECUBIERTOS,https://mav.farmaciasaas.com/api/images/articulos/DISTRIBUCION/51984.jpg,https://fqeshthtycmzgyibiurq.supabase.co/storage/v1/object/public/crsnimages/catalogo/f5b9d120-4a16-45ae-9e4b-ce1a60bd5851.jpg,51682,21711,ninguna,ok,
38788,SIDAZOL 100 MG X 30 TABLETAS,https://mav.farmaciasaas.com/api/images/articulos/DISTRIBUCION/53221.jpg,https://fqeshthtycmzgyibiurq.supabase.co/storage/v1/object/public/crsnimages/catalogo/e0fd2c0d-32f4-4121-93fe-6572eacb150a.jpg,70301,31012,ninguna,ok,
38787,SESAREN XR 150 MG X 15 CAPSULAS CON MICROGRANULOS DE LIBERACION PROLONGADA,https://mav.farmaciasaas.com/api/images/articulos/DISTRIBUCION/8574.jpg,https://fqeshthtycmzgyibiurq.supabase.co/storage/v1/object/public/crsnimages/catalogo/b4298d94-17d6-4a50-89c5-f48ef59f9d5e.jpg,61518,28805,ninguna,ok,
38789,SIDAZOL 50 MG X 30 TABLETAS,https://mav.farmaciasaas.com/api/images/articulos/DISTRIBUCION/53222.jpg,https://fqeshthtycmzgyibiurq.supabase.co/storage/v1/object/public/crsnimages/catalogo/91e1a5d9-5480-4793-a6dc-7dbadefcf9d3.jpg,69959,30869,ninguna,ok,
38790,SIGLUTAN 50 MG-500 MG X 30 TABLETAS RECUBIERTAS,https://mav.farmaciasaas.com/api/images/articulos/DISTRIBUCION/22555.jpg,https://fqeshthtycmzgyibiurq.supabase.co/storage/v1/object/public/crsnimages/catalogo/ab38e459-99f7-4b84-8c89-ef56c3f77aae.jpg,62208,27669,ninguna,ok,
38791,SILDENAFILO 50 MG X 1 TABLETA RECUBIERTA,https://mav.farmaciasaas.com/api/images/articulos/DISTRIBUCION/53621.jpg,https://fqeshthtycmzgyibiurq.supabase.co/storage/v1/object/public/crsnimages/catalogo/dfb934d9-0432-456d-9853-856871fed800.jpg,40105,14396,ninguna,ok,
38792,SILDENAFILO 50 MG X 2 TABLETAS RECUBIERTAS,https://mav.farmaciasaas.com/api/images/articulos/DISTRIBUCION/53622.jpg,https://fqeshthtycmzgyibiurq.supabase.co/storage/v1/object/public/crsnimages/catalogo/85160ab5-96c4-4d66-9ce2-8ee81fda77cb.jpg,46876,20746,ninguna,ok,
38795,SILDEX 100 MG X 2 TABLETAS RECUBIERTAS,https://mav.farmaciasaas.com/api/images/articulos/DISTRIBUCION/23469.jpg,https://fqeshthtycmzgyibiurq.supabase.co/storage/v1/object/public/crsnimages/catalogo/30e6bedb-e8b8-4888-85fb-0e5b58ded44c.jpg,660591,55765,ninguna,ok,
38798,SINUTIL 80 MG - 0.5 MG / ML SOLUCION ORAL,https://mav.farmaciasaas.com/api/images/articulos/DISTRIBUCION/19538.jpg,https://fqeshthtycmzgyibiurq.supabase.co/storage/v1/object/public/crsnimages/catalogo/a97e8f90-7f2e-4e58-ad15-5376789e1bb1.jpg,75719,35846,ninguna,ok,
38803,SITAGLIS MET 50 MG-1000 MG X 28 COMPRIMIDOS RECUBIERTOS,https://mav.farmaciasaas.com/api/images/articulos/DISTRIBUCION/26930.jpg,https://fqeshthtycmzgyibiurq.supabase.co/storage/v1/object/public/crsnimages/catalogo/a5f3dbde-7f7e-4edd-8d5e-db9429e213ac.jpg,72601,34494,ninguna,ok,
38796,SILDEX 50 MG X 1 TABLETA RECUBIERTA,https://mav.farmaciasaas.com/api/images/articulos/DISTRIBUCION/90912.jpg,https://fqeshthtycmzgyibiurq.supabase.co/storage/v1/object/public/crsnimages/catalogo/001baab8-4f76-4dca-b790-eec50aec581c.jpg,615525,51360,ninguna,ok,
38797,SILDEX 50 MG X 2 TABLETAS RECUBIERTAS,https://mav.farmaciasaas.com/api/images/articulos/DISTRIBUCION/94885.jpg,https://fqeshthtycmzgyibiurq.supabase.co/storage/v1/object/public/crsnimages/catalogo/29c7944e-542a-4cfd-8b11-e6e8b180257b.jpg,548362,47375,ninguna,ok,
38804,SOMAZINA 500 MG X 30 COMPRIMIDOS RECUBIERTOS,https://mav.farmaciasaas.com/api/images/articulos/DISTRIBUCION/1568.jpg,https://fqeshthtycmzgyibiurq.supabase.co/storage/v1/object/public/crsnimages/catalogo/af1f8ef8-a820-4e89-b2dd-68a987cc94e9.jpg,56818,23490,ninguna,ok,
38794,SILDEX 100 MG X 1 TABLETA RECUBIERTA,https://mav.farmaciasaas.com/api/images/articulos/DISTRIBUCION/23468.jpg,https://fqeshthtycmzgyibiurq.supabase.co/storage/v1/object/public/crsnimages/catalogo/53ec7a15-445d-4c0d-aa15-218938aab805.jpg,607712,49925,ninguna,ok,
38805,SOMAZINA 1000 MG / 4 ML X 5 AMPOLLAS,https://pccentro.net.ve/img/s/6/9/8/8/3/69883-large_default.webp,https://fqeshthtycmzgyibiurq.supabase.co/storage/v1/object/public/crsnimages/catalogo/5a1eae7a-e8c1-4439-a245-14475d28a113.jpg,11578,25700,ninguna,ok,
38809,SULFADIAZINA DE PLATA 1 % CREMA,https://mav.farmaciasaas.com/api/images/articulos/DISTRIBUCION/23082.jpg,https://fqeshthtycmzgyibiurq.supabase.co/storage/v1/object/public/crsnimages/catalogo/fac5041b-4c01-403b-a503-68c092069734.jpg,59993,24032,ninguna,ok,
38811,SULIXTRA 0.4 MG X 30 CAPSULAS DE LIBERACION PROLONGADA,https://mav.farmaciasaas.com/api/images/articulos/DISTRIBUCION/21026.jpg,https://fqeshthtycmzgyibiurq.supabase.co/storage/v1/object/public/crsnimages/catalogo/d1e90838-3482-4be3-a649-c92a2c06b43b.jpg,67726,31580,ninguna,ok,
38812,SULIXTRA DUO 0.4 MG - 0.5 MG X 10 CAPSULAS DE LIBERACION PROLONGADA,https://mav.farmaciasaas.com/api/images/articulos/DISTRIBUCION/21023.jpg,https://fqeshthtycmzgyibiurq.supabase.co/storage/v1/object/public/crsnimages/catalogo/b1f00dfa-cf82-43e8-bc3a-714b9f176e31.jpg,78580,36425,ninguna,ok,
38813,SULIXTRA DUO 0.4 MG - 0.5 MG X 30 CAPSULAS DE LIBERACION PROLONGADA,https://mav.farmaciasaas.com/api/images/articulos/DISTRIBUCION/21024.jpg,https://fqeshthtycmzgyibiurq.supabase.co/storage/v1/object/public/crsnimages/catalogo/537aaa0b-3f43-40b8-9c96-9f573f75e2f0.jpg,78730,36526,ninguna,ok,
38814,SULPIR 25 MG X 30 COMPRIMIDOS,https://mav.farmaciasaas.com/api/images/articulos/DISTRIBUCION/52407.jpg,https://fqeshthtycmzgyibiurq.supabase.co/storage/v1/object/public/crsnimages/catalogo/1d84d985-4041-49af-8691-d12c2d8539f9.jpg,70571,29987,ninguna,ok,
38815,SULTAMICILINA 750 MG X 12 TABLETAS RECUBIERTAS,https://mav.farmaciasaas.com/api/images/articulos/DISTRIBUCION/50175.jpg,https://fqeshthtycmzgyibiurq.supabase.co/storage/v1/object/public/crsnimages/catalogo/5a860959-60d6-414b-b6ff-24cfe407a7af.jpg,58207,25443,ninguna,ok,
38817,SUPRAMYCINA FORTE 200 MG X 10 TABLETAS,https://mav.farmaciasaas.com/api/images/articulos/DISTRIBUCION/52474.jpg,https://fqeshthtycmzgyibiurq.supabase.co/storage/v1/object/public/crsnimages/catalogo/ebbe4c6b-1b10-4dba-b834-b05ffc1e70eb.jpg,46544,17328,ninguna,ok,
38818,SUPRAMYCINA 100 MG X 10 TABLETAS,https://mav.farmaciasaas.com/api/images/articulos/DISTRIBUCION/52475.jpg,https://fqeshthtycmzgyibiurq.supabase.co/storage/v1/object/public/crsnimages/catalogo/7c590293-3d3d-4688-9415-a6a26bb6ffca.jpg,50571,18450,ninguna,ok,
38816,SULTRIM 400 MG – 80 MG X 20 TABLETAS,https://mav.farmaciasaas.com/api/images/articulos/DISTRIBUCION/52000.jpg,https://fqeshthtycmzgyibiurq.supabase.co/storage/v1/object/public/crsnimages/catalogo/3ec24942-4fb9-4f8f-bb85-62adb19a2921.jpg,44970,17311,ninguna,ok,
38820,TACHIFORTE 1 G X 20 TABLETAS,https://mav.farmaciasaas.com/api/images/articulos/DISTRIBUCION/13061.jpg,https://fqeshthtycmzgyibiurq.supabase.co/storage/v1/object/public/crsnimages/catalogo/be401c4d-cc4c-4fab-81ac-6847be4e5e57.jpg,62050,27760,ninguna,ok,
38819,SURIDE 25 MG X 30 COMPRIMIDOS RECUBIERTOS,https://mav.farmaciasaas.com/api/images/articulos/DISTRIBUCION/98364.jpg,https://fqeshthtycmzgyibiurq.supabase.co/storage/v1/object/public/crsnimages/catalogo/2a95d7d3-b25b-4c9f-975a-66ea0f216312.jpg,179400,35185,ninguna,ok,
38821,TACHIFORTE 650 MG X 10 TABLETAS,https://mav.farmaciasaas.com/api/images/articulos/DISTRIBUCION/93366.jpg,https://fqeshthtycmzgyibiurq.supabase.co/storage/v1/object/public/crsnimages/catalogo/4052adaa-e941-4836-986c-5b2ac7a83a7b.jpg,49517,19776,ninguna,ok,
38822,TACHIPIRIN 125 MG X 6 SUPOSITORIOS,https://mav.farmaciasaas.com/api/images/articulos/DISTRIBUCION/5253.jpg,https://fqeshthtycmzgyibiurq.supabase.co/storage/v1/object/public/crsnimages/catalogo/f3f361fa-3925-4721-a956-06cf32d57c27.jpg,66754,29065,ninguna,ok,
38825,TADAFOX 20 MG X 2 TABLETAS RECUBIERTAS,https://mav.farmaciasaas.com/api/images/articulos/DISTRIBUCION/99316.jpg,https://fqeshthtycmzgyibiurq.supabase.co/storage/v1/object/public/crsnimages/catalogo/de2a28d4-0ffe-4373-a3f9-2ec8cbe61405.jpg,53561,21820,ninguna,ok,
38824,TADAFOX 20 MG X 1 TABLETA RECUBIERTA,https://mav.farmaciasaas.com/api/images/articulos/DISTRIBUCION/99317.jpg,https://fqeshthtycmzgyibiurq.supabase.co/storage/v1/object/public/crsnimages/catalogo/8c72c2a6-52f0-45f7-84f4-d8ad61998023.jpg,158470,23210,ninguna,ok,
38829,TADIFIL 5 MG X 30 COMPRIMIDOS RECUBIERTOS,https://mav.farmaciasaas.com/api/images/articulos/DISTRIBUCION/16883.jpg,https://fqeshthtycmzgyibiurq.supabase.co/storage/v1/object/public/crsnimages/catalogo/458df55c-2487-410b-89eb-46da7b6b0fc5.jpg,48085,19957,ninguna,ok,
38826,TADALAFILO 20 MG X 1 TABLETA RECUBIERTA,https://mav.farmaciasaas.com/api/images/articulos/DISTRIBUCION/97341.jpg,https://fqeshthtycmzgyibiurq.supabase.co/storage/v1/object/public/crsnimages/catalogo/2ed22b64-82cb-44b0-93ea-40941353f517.jpg,69295,32949,ninguna,ok,
38827,TADALAFILO 20 MG X 2 TABLETAS RECUBIERTAS,https://pccentro.net.ve/img/s/8/4/1/1/3/84113-large_default.webp,https://fqeshthtycmzgyibiurq.supabase.co/storage/v1/object/public/crsnimages/catalogo/80305ad4-dd63-4576-a291-309210d314b5.jpg,44126,29704,ninguna,ok,
38828,TADALAFILO 5 MG X 30 TABLETAS RECUBIERTAS,https://pccentro.net.ve/img/s/7/0/1/7/7/70177-large_default.webp,https://fqeshthtycmzgyibiurq.supabase.co/storage/v1/object/public/crsnimages/catalogo/5b475dc7-c162-4ba6-8bdc-24cd07e020bd.jpg,12640,24616,ninguna,ok,
38831,TADIFIL 20 MG X 2 COMPRIMIDOS RECUBIERTOS,https://mav.farmaciasaas.com/api/images/articulos/DISTRIBUCION/99199.jpg,https://fqeshthtycmzgyibiurq.supabase.co/storage/v1/object/public/crsnimages/catalogo/30fa1162-a709-4bc3-a6b1-db7e77571046.jpg,47989,19853,ninguna,ok,
38830,TADIFIL 20 MG X 1 COMPRIMIDO RECUBIERTO,https://mav.farmaciasaas.com/api/images/articulos/DISTRIBUCION/99201.jpg,https://fqeshthtycmzgyibiurq.supabase.co/storage/v1/object/public/crsnimages/catalogo/68943389-979e-4230-8951-8f60885d4051.jpg,49227,20945,ninguna,ok,
38832,TALERC 10 MG X 10 COMPRIMIDOS,https://mav.farmaciasaas.com/api/images/articulos/DISTRIBUCION/8473.jpg,https://fqeshthtycmzgyibiurq.supabase.co/storage/v1/object/public/crsnimages/catalogo/c8266a09-603e-4cad-9d9a-b7511b61f9c9.jpg,49288,19807,ninguna,ok,
38835,TALZIC 10 MG X 10 COMPRIMIDOS RECUBIERTOS,https://mav.farmaciasaas.com/api/images/articulos/DISTRIBUCION/10310.jpg,https://fqeshthtycmzgyibiurq.supabase.co/storage/v1/object/public/crsnimages/catalogo/76ef0d3f-6e63-47b2-b063-bc9d429aa10d.jpg,37213,11715,ninguna,ok,
38836,TALZIC 10 MG / ML SOLUCION ORAL,https://mav.farmaciasaas.com/api/images/articulos/DISTRIBUCION/10891.jpg,https://fqeshthtycmzgyibiurq.supabase.co/storage/v1/object/public/crsnimages/catalogo/8fb3336d-a145-46d9-8f76-ab311a03f0e6.jpg,608942,25580,ninguna,ok,
38837,TALZIC 1 MG / ML SOLUCION ORAL,https://mav.farmaciasaas.com/api/images/articulos/DISTRIBUCION/3978.jpg,https://fqeshthtycmzgyibiurq.supabase.co/storage/v1/object/public/crsnimages/catalogo/a0e3fb17-221a-4a2b-85d0-f26c5ab60861.jpg,49318,19021,ninguna,ok,
38839,TAMOSTIN 0.4 MG X 30 CAPSULAS DE LIBERACION PROLONGADA,https://mav.farmaciasaas.com/api/images/articulos/DISTRIBUCION/54206.jpg,https://fqeshthtycmzgyibiurq.supabase.co/storage/v1/object/public/crsnimages/catalogo/5863a9bc-2f99-4729-921f-761e8f77b430.jpg,60872,26966,ninguna,ok,
38845,TANTUN 0.1 % SOLUCION DUCHA VAGINAL,https://mav.farmaciasaas.com/api/images/articulos/DISTRIBUCION/8116.jpg,https://fqeshthtycmzgyibiurq.supabase.co/storage/v1/object/public/crsnimages/catalogo/15601b7f-c92c-428a-b629-3f7cd708a42e.jpg,57762,25127,ninguna,ok,
38840,TAMOSTIN 0.4 MG X 20 CAPSULAS DE LIBERACION PROLONGADA,https://pccentro.net.ve/img/s/5/4/8/7/7/54877-large_default.webp,https://fqeshthtycmzgyibiurq.supabase.co/storage/v1/object/public/crsnimages/catalogo/a7ffdc31-6123-4cbc-b59d-a07668f0e3ae.jpg,15900,32912,ninguna,ok,
38846,TAPAZOL 5 MG X 60 TABLETAS,https://pccentro.net.ve/img/s/9/4/8/3/1/94831-large_default.webp,https://fqeshthtycmzgyibiurq.supabase.co/storage/v1/object/public/crsnimages/catalogo/6f98af29-9a01-4edf-ac0d-66596df7bea8.jpg,55914,27576,ninguna,ok,
38847,TEKRON 200 MG X 10 COMPRIMIDOS RECUBIERTOS,https://pccentro.net.ve/img/s/7/8/8/6/8/78868-large_default.webp,https://fqeshthtycmzgyibiurq.supabase.co/storage/v1/object/public/crsnimages/catalogo/2da8d293-0962-415c-95ce-e12ee7f9c4f3.jpg,34420,21208,ninguna,ok,
38849,TENSOMAX 30 MG X 30 CAPSULAS DE LIBERACION PROLONGADA,https://mav.farmaciasaas.com/api/images/articulos/DISTRIBUCION/30143.jpg,https://fqeshthtycmzgyibiurq.supabase.co/storage/v1/object/public/crsnimages/catalogo/86a97be0-183a-48a7-9e0c-bc7a2b3cef13.jpg,69308,33523,ninguna,ok,
38848,TEKRON 200 MG X 30 COMPRIMIDOS RECUBIERTOS,https://mav.farmaciasaas.com/api/images/articulos/DISTRIBUCION/90990.jpg,https://fqeshthtycmzgyibiurq.supabase.co/storage/v1/object/public/crsnimages/catalogo/648b5a04-e5d0-4065-9f23-8dc68da18aaf.jpg,66706,29427,ninguna,ok,
38853,TERAGRIPFORTE 650 MG-20 MG-2 MG X 6 GRANULADO PARA SOLUCION ORAL,https://mav.farmaciasaas.com/api/images/articulos/DISTRIBUCION/92190.jpg,https://fqeshthtycmzgyibiurq.supabase.co/storage/v1/object/public/crsnimages/catalogo/467b6c3a-57e1-4e61-bc3a-304ebeee689f.jpg,80936,38235,ninguna,ok,
38854,TERAGRIPFORTE 650 MG-20 MG-2 MG X 10 GRANULADO PARA SOLUCION ORAL,https://mav.farmaciasaas.com/api/images/articulos/DISTRIBUCION/92190.jpg,https://fqeshthtycmzgyibiurq.supabase.co/storage/v1/object/public/crsnimages/catalogo/2e48fa59-5bc3-4cd7-872f-713b2e51e7ba.jpg,80936,38235,ninguna,ok,
38851,TENSOPIN 20 MG / ML SOLUCION ORAL,https://mav.farmaciasaas.com/api/images/articulos/DISTRIBUCION/6991.jpg,https://fqeshthtycmzgyibiurq.supabase.co/storage/v1/object/public/crsnimages/catalogo/cfb627fd-1d22-4ee5-964f-cfd87f9b940e.jpg,77157,37571,ninguna,ok,
38850,TENSOMAX 30 MG X 10 CAPSULAS DE LIBERACION PROLONGADA,https://pccentro.net.ve/img/s/5/4/9/6/3/54963-large_default.webp,https://fqeshthtycmzgyibiurq.supabase.co/storage/v1/object/public/crsnimages/catalogo/9b6ed9a3-772c-4946-bc22-cec703082a6c.jpg,26864,48056,ninguna,ok,
38858,TIALIN 50 MG X 10 COMPRIMIDOS,https://mav.farmaciasaas.com/api/images/articulos/DISTRIBUCION/10964.jpg,https://fqeshthtycmzgyibiurq.supabase.co/storage/v1/object/public/crsnimages/catalogo/6e89bef3-ff91-46c8-8bae-f53c5aeef02f.jpg,39498,13997,ninguna,ok,
38860,TIDOR 2 % - 0.5 % SOLUCION OFTALMICA,https://mav.farmaciasaas.com/api/images/articulos/DISTRIBUCION/25402.jpg,https://fqeshthtycmzgyibiurq.supabase.co/storage/v1/object/public/crsnimages/catalogo/4c8dedfc-f83f-4eec-8b0e-b396a9ebe49b.jpg,47411,18405,ninguna,ok,
38857,TIALIN 100 MG X 10 COMPRIMIDOS,https://mav.farmaciasaas.com/api/images/articulos/DISTRIBUCION/13811.jpg,https://fqeshthtycmzgyibiurq.supabase.co/storage/v1/object/public/crsnimages/catalogo/546f6808-46cd-42a7-9b2a-507bfa048b7f.jpg,51092,21219,ninguna,ok,
38859,TIALIN 50 MG X 30 COMPRIMIDOS,https://mav.farmaciasaas.com/api/images/articulos/DISTRIBUCION/1374.jpg,https://fqeshthtycmzgyibiurq.supabase.co/storage/v1/object/public/crsnimages/catalogo/2fc13a5f-7585-4403-b231-0b5c605c0300.jpg,51717,22994,ninguna,ok,
38867,TIOCOL 8 MG X 10 TABLETAS RECUBIERTAS,https://mav.farmaciasaas.com/api/images/articulos/DISTRIBUCION/26009.jpg,https://fqeshthtycmzgyibiurq.supabase.co/storage/v1/object/public/crsnimages/catalogo/5142642a-1efb-4a62-85f7-74888d0d48f3.jpg,56696,24717,ninguna,ok,
38865,TIOCHAX PLUS 400 MG - 4 MG X 10 TABLETAS RECUBIERTAS,https://mav.farmaciasaas.com/api/images/articulos/DISTRIBUCION/26615.jpg,https://fqeshthtycmzgyibiurq.supabase.co/storage/v1/object/public/crsnimages/catalogo/b6f74c80-26b7-4a8d-a5d3-e288129b1f53.jpg,427240,42337,ninguna,ok,
38864,TINIDAZOL 500 MG X 4 TABLETAS RECUBIERTAS,https://mav.farmaciasaas.com/api/images/articulos/DISTRIBUCION/29067.jpg,https://fqeshthtycmzgyibiurq.supabase.co/storage/v1/object/public/crsnimages/catalogo/7972e224-6a96-4db4-b6f5-f48c24ee6777.jpg,475827,46548,ninguna,ok,
38866,TIOCHAX 4 MG X 12 COMPRIMIDOS,https://mav.farmaciasaas.com/api/images/articulos/DISTRIBUCION/91151.jpg,https://fqeshthtycmzgyibiurq.supabase.co/storage/v1/object/public/crsnimages/catalogo/1a5197e8-cdf0-453a-aaa4-fb9dd9fd12be.jpg,465217,44025,ninguna,ok,
38871,TIOCOLCHICOSIDO 4 MG X 10 COMPRIMIDOS,https://mav.farmaciasaas.com/api/images/articulos/DISTRIBUCION/26050.jpg,https://fqeshthtycmzgyibiurq.supabase.co/storage/v1/object/public/crsnimages/catalogo/252298c1-5112-457f-82a1-f8ac0e4451f2.jpg,61445,28132,ninguna,ok,
38872,TIOCOLCHICOSIDO 4 MG X 12 TABLETAS,https://mav.farmaciasaas.com/api/images/articulos/DISTRIBUCION/6808.jpg,https://fqeshthtycmzgyibiurq.supabase.co/storage/v1/object/public/crsnimages/catalogo/20cb6a01-30c8-4a69-ac3d-ff53cdbcf6c7.jpg,174996,33612,ninguna,ok,
38877,TOBRASOL 0.3 % SOLUCION OFTALMICA,https://mav.farmaciasaas.com/api/images/articulos/DISTRIBUCION/8684.jpg,https://fqeshthtycmzgyibiurq.supabase.co/storage/v1/object/public/crsnimages/catalogo/19b8a4c7-a504-4253-8d71-34cd3c16ebab.jpg,53873,20337,ninguna,ok,
38873,TIOCOLCHICOSIDO 4 MG X 12 TABLETAS,https://pccentro.net.ve/img/s/8/4/1/7/0/84170-large_default.webp,https://fqeshthtycmzgyibiurq.supabase.co/storage/v1/object/public/crsnimages/catalogo/08302e09-c41e-4472-b73c-423f366ce3fa.jpg,40454,27757,ninguna,ok,
38881,TONUM 1 MG / ML SUSPENSION ORAL,https://mav.farmaciasaas.com/api/images/articulos/DISTRIBUCION/9640.jpg,https://fqeshthtycmzgyibiurq.supabase.co/storage/v1/object/public/crsnimages/catalogo/d7d0b534-b3a1-4d70-a070-ab8e8a476cc0.jpg,40682,13042,ninguna,ok,
38879,TOLNAFTAN 1 % SOLUCION,https://mav.farmaciasaas.com/api/images/articulos/DISTRIBUCION/3539.jpg,https://fqeshthtycmzgyibiurq.supabase.co/storage/v1/object/public/crsnimages/catalogo/d5882140-0c68-444d-8b22-b8b55a0a8673.jpg,66666,29645,ninguna,ok,
38874,TIOCOLFEN 600 MG - 4 MG X 10 TABLETAS RECUBIERTAS,https://pccentro.net.ve/img/s/8/1/0/1/6/81016-large_default.webp,https://fqeshthtycmzgyibiurq.supabase.co/storage/v1/object/public/crsnimages/catalogo/a7b083a8-32fa-4cfd-86c4-03fa15a5c660.jpg,52862,27941,ninguna,ok,
38882,TONUM 10 MG X 30 TABLETAS,https://mav.farmaciasaas.com/api/images/articulos/DISTRIBUCION/95057.jpg,https://fqeshthtycmzgyibiurq.supabase.co/storage/v1/object/public/crsnimages/catalogo/b1b5451d-61cf-4132-b474-58d5ca397b38.jpg,176977,33090,ninguna,ok,
38878,TODENAC 0.3 % - 0.1 % SOLUCION OFTALMICA,https://mav.farmaciasaas.com/api/images/articulos/DISTRIBUCION/5780.jpg,https://fqeshthtycmzgyibiurq.supabase.co/storage/v1/object/public/crsnimages/catalogo/701a1be8-7020-4853-8d9c-6f7e66dface6.jpg,71200,26031,ninguna,ok,
38883,TORIVAS 50 MG X 30 TABLETAS RECUBIERTAS,https://mav.farmaciasaas.com/api/images/articulos/DISTRIBUCION/15607.jpg,https://fqeshthtycmzgyibiurq.supabase.co/storage/v1/object/public/crsnimages/catalogo/325b78b0-7486-4bea-a49b-f42c9e8d145f.jpg,21828,13396,ninguna,ok,
38887,TRACTIL 4 MG X 12 COMPRIMIDOS,https://mav.farmaciasaas.com/api/images/articulos/DISTRIBUCION/4638.jpg,https://fqeshthtycmzgyibiurq.supabase.co/storage/v1/object/public/crsnimages/catalogo/35aff15f-4838-49d6-ae2c-1277001803c1.jpg,74381,36256,ninguna,ok,
38885,TRACEVAL 325 MG - 37.5 MG X 20 TABLETAS RECUBIERTAS,https://mav.farmaciasaas.com/api/images/articulos/DISTRIBUCION/99313.jpg,https://fqeshthtycmzgyibiurq.supabase.co/storage/v1/object/public/crsnimages/catalogo/d6fe7be8-06fd-484f-bda8-c368650b149f.jpg,244547,34836,ninguna,ok,
38888,TRALIX 50 MG X 30 TABLETAS,https://mav.farmaciasaas.com/api/images/articulos/DISTRIBUCION/50749.jpg,https://fqeshthtycmzgyibiurq.supabase.co/storage/v1/object/public/crsnimages/catalogo/f32ad105-9e51-401a-9e61-1d0ccc509d82.jpg,44797,17482,ninguna,ok,
38886,TRACTIL FORTE 8 MG X 10 COMPRIMIDOS,https://mav.farmaciasaas.com/api/images/articulos/DISTRIBUCION/28504.jpg,https://fqeshthtycmzgyibiurq.supabase.co/storage/v1/object/public/crsnimages/catalogo/14d2edc7-17c2-4c28-a840-58a32a8af642.jpg,86333,43202,ninguna,ok,
38891,TRICOX 60 MG X 14 TABLETAS RECUBIERTAS,https://mav.farmaciasaas.com/api/images/articulos/DISTRIBUCION/50716.jpg,https://fqeshthtycmzgyibiurq.supabase.co/storage/v1/object/public/crsnimages/catalogo/3fca880c-31bb-4581-be63-245bf6e73441.jpg,69575,32170,ninguna,ok,
38890,TRAMAL 100 MG / ML SOLUCION ORAL,https://pccentro.net.ve/img/s/7/4/5/9/5/74595-large_default.webp,https://fqeshthtycmzgyibiurq.supabase.co/storage/v1/object/public/crsnimages/catalogo/473d92e3-24da-41cf-80f6-0d89ab1d4767.jpg,24100,44107,ninguna,ok,
38892,TRIMBUTOP 200 MG X 10 COMPRIMIDOS,https://mav.farmaciasaas.com/api/images/articulos/DISTRIBUCION/54049.jpg,https://fqeshthtycmzgyibiurq.supabase.co/storage/v1/object/public/crsnimages/catalogo/27fd5985-107b-4194-a46c-dcde4dc1a1c5.jpg,49419,20268,ninguna,ok,
38897,TRIPUR 80 MG - 400 MG X 20 COMPRIMIDOS,https://mav.farmaciasaas.com/api/images/articulos/DISTRIBUCION/6516.jpg,https://fqeshthtycmzgyibiurq.supabase.co/storage/v1/object/public/crsnimages/catalogo/faa2dff7-c0d2-46a6-b22c-8fb8725e0c01.jpg,51285,20559,ninguna,ok,
38895,TRIMEBUTINA 300 MG X 10 COMPRIMIDOS RECUBIERTOS DE LIBERACION PROLONGADA,https://pccentro.net.ve/img/s/6/3/8/3/8/63838-large_default.webp,https://fqeshthtycmzgyibiurq.supabase.co/storage/v1/object/public/crsnimages/catalogo/01b5b2b0-7557-41b6-895f-89d1dce4804d.jpg,18838,36622,ninguna,ok,
38894,TRIMEBUTINA MALEATO 200 MG X 30 TABLETAS,https://mav.farmaciasaas.com/api/images/articulos/DISTRIBUCION/26921.jpg,https://fqeshthtycmzgyibiurq.supabase.co/storage/v1/object/public/crsnimages/catalogo/666646b4-54ee-4370-b11b-3dc92e334259.jpg,70385,32738,ninguna,ok,
38898,TRITTICO 100 MG X 30 TABLETAS,https://mav.farmaciasaas.com/api/images/articulos/DISTRIBUCION/4228.jpg,https://fqeshthtycmzgyibiurq.supabase.co/storage/v1/object/public/crsnimages/catalogo/f8acb968-7152-4680-9e06-6335cc3f4c4a.jpg,43084,15110,ninguna,ok,
38901,ULCENOL 40 MG X 20 TABLETAS,https://mav.farmaciasaas.com/api/images/articulos/DISTRIBUCION/92083.jpg,https://fqeshthtycmzgyibiurq.supabase.co/storage/v1/object/public/crsnimages/catalogo/99fdd162-eedc-4418-be7a-7d0cd038b34b.jpg,48501,18411,ninguna,ok,
38902,ULCON 1 G X 20 TABLETAS,https://mav.farmaciasaas.com/api/images/articulos/DISTRIBUCION/16823.jpg,https://fqeshthtycmzgyibiurq.supabase.co/storage/v1/object/public/crsnimages/catalogo/b4ace596-7c81-4aa6-b749-64aee4b685c9.jpg,48486,18847,ninguna,ok,
38900,ULCENOL 20 MG X 10 TABLETAS,https://mav.farmaciasaas.com/api/images/articulos/DISTRIBUCION/2298.jpg,https://fqeshthtycmzgyibiurq.supabase.co/storage/v1/object/public/crsnimages/catalogo/ade7c841-7847-4756-a0b2-a07c30226276.jpg,43370,16570,ninguna,ok,
38903,ULCRAF 1 G / 5 ML SUSPENSION ORAL,https://mav.farmaciasaas.com/api/images/articulos/DISTRIBUCION/50165.jpg,https://fqeshthtycmzgyibiurq.supabase.co/storage/v1/object/public/crsnimages/catalogo/390c7544-6d56-46f6-b61c-e7308ac9ad5e.jpg,90742,45119,ninguna,ok,
38904,ULGARIN 20 MG X 16 CAPSULAS,https://mav.farmaciasaas.com/api/images/articulos/DISTRIBUCION/23023.jpg,https://fqeshthtycmzgyibiurq.supabase.co/storage/v1/object/public/crsnimages/catalogo/83b75976-d55d-44e1-b6e9-3289b6ace0cf.jpg,56694,23135,ninguna,ok,
38905,ULGARIN 20 MG X 28 CAPSULAS,https://mav.farmaciasaas.com/api/images/articulos/DISTRIBUCION/13252.jpg,https://fqeshthtycmzgyibiurq.supabase.co/storage/v1/object/public/crsnimages/catalogo/4de41cc6-b141-4c56-973e-05618aa7acf3.jpg,49932,19972,ninguna,ok,
38907,ULGARIN 40 MG X 32 CAPSULAS,https://mav.farmaciasaas.com/api/images/articulos/DISTRIBUCION/13323.jpg,https://fqeshthtycmzgyibiurq.supabase.co/storage/v1/object/public/crsnimages/catalogo/a77d1eb1-7a93-4dc8-87bd-bf3333dcddc8.jpg,67928,31719,ninguna,ok,
38908,ULTAMYN 750 MG X 10 TABLETAS RECUBIERTAS,https://mav.farmaciasaas.com/api/images/articulos/DISTRIBUCION/27001.jpg,https://fqeshthtycmzgyibiurq.supabase.co/storage/v1/object/public/crsnimages/catalogo/1d1d04f0-7f72-465f-96e7-9ce32e949fed.jpg,63870,28983,ninguna,ok,
38906,ULGARIN 40 MG X 16 CAPSULAS,https://mav.farmaciasaas.com/api/images/articulos/DISTRIBUCION/23886.jpg,https://fqeshthtycmzgyibiurq.supabase.co/storage/v1/object/public/crsnimages/catalogo/690885f1-51af-4e0e-a030-d8d32d648bdf.jpg,66255,31848,ninguna,ok,
38909,URODUTAN 200 MG X 10 TABLETAS RECUBIERTAS,https://mav.farmaciasaas.com/api/images/articulos/DISTRIBUCION/22852.jpg,https://fqeshthtycmzgyibiurq.supabase.co/storage/v1/object/public/crsnimages/catalogo/322b93df-3d42-4876-ae50-ddd815eb7688.jpg,44143,16142,ninguna,ok,
38899,TRITTICO 50 MG X 30 TABLETAS,https://mav.farmaciasaas.com/api/images/articulos/DISTRIBUCION/4227.jpg,https://fqeshthtycmzgyibiurq.supabase.co/storage/v1/object/public/crsnimages/catalogo/e203aa5f-f959-4c56-bc13-c1b6724ef881.jpg,46293,17657,ninguna,ok,
38911,VALACICLOVIR 500 MG X 10 TABLETAS RECUBIERTAS,https://mav.farmaciasaas.com/api/images/articulos/DISTRIBUCION/24670.jpg,https://fqeshthtycmzgyibiurq.supabase.co/storage/v1/object/public/crsnimages/catalogo/3ae5d47c-280a-48a0-9337-a239985abe73.jpg,54273,22900,ninguna,ok,
38914,VALSARTAN 160 MG X 28 COMPRIMIDOS RECUBIERTOS,https://mav.farmaciasaas.com/api/images/articulos/DISTRIBUCION/54193.jpg,https://fqeshthtycmzgyibiurq.supabase.co/storage/v1/object/public/crsnimages/catalogo/2e110512-4296-4dfa-af61-1dcd2585e33a.jpg,70316,33077,ninguna,ok,
38918,VALSARTAN - HIDROCLOROTIAZIDA 160 MG - 12.5 MG X 30 TABLETAS RECUBIERTAS,https://mav.farmaciasaas.com/api/images/articulos/DISTRIBUCION/54468.jpg,https://fqeshthtycmzgyibiurq.supabase.co/storage/v1/object/public/crsnimages/catalogo/12db2fad-8395-485d-82a7-57ee92c70280.jpg,28294,19611,ninguna,ok,
38917,VALSARTAN 160 MG X 7 CAPSULAS,https://mav.farmaciasaas.com/api/images/articulos/DISTRIBUCION/2620.jpg,https://fqeshthtycmzgyibiurq.supabase.co/storage/v1/object/public/crsnimages/catalogo/c3c00c91-09b5-4c42-9a8f-fc8af5514bd7.jpg,58153,26134,ninguna,ok,
38921,VALSARTAN 80 MG X 30 CAPSULAS,https://mav.farmaciasaas.com/api/images/articulos/DISTRIBUCION/99797.jpg,https://fqeshthtycmzgyibiurq.supabase.co/storage/v1/object/public/crsnimages/catalogo/03e5cfd9-92bf-4927-8896-f97c8c63523c.jpg,66468,28265,ninguna,ok,
38934,VASPITOR 20 MG X 30 COMPRIMIDOS RECUBIERTOS,https://mav.farmaciasaas.com/api/images/articulos/DISTRIBUCION/50578.jpg,https://fqeshthtycmzgyibiurq.supabase.co/storage/v1/object/public/crsnimages/catalogo/cb1f5621-da8c-43bc-ab9e-599513170c15.jpg,74177,32894,ninguna,ok,
38919,VALSARTAN - HIDROCLOROTIAZIDA 160 MG - 12.5 MG X 14 TABLETAS RECUBIERTAS,https://mav.farmaciasaas.com/api/images/articulos/DISTRIBUCION/96316.jpg,https://fqeshthtycmzgyibiurq.supabase.co/storage/v1/object/public/crsnimages/catalogo/95b2c7a0-f8b3-4609-a53f-baf019c7c1ce.jpg,72902,35275,ninguna,ok,
38924,VALSARTAN - HIDROCLOROTIAZIDA 80 MG - 12.5 MG X 28 TABLETAS RECUBIERTAS,https://mav.farmaciasaas.com/api/images/articulos/DISTRIBUCION/54281.jpg,https://fqeshthtycmzgyibiurq.supabase.co/storage/v1/object/public/crsnimages/catalogo/8dbe64c8-fa44-43ce-8568-8924b4e13ced.jpg,70901,30042,ninguna,ok,
38925,VALSARTAN - HIDROCLOROTIAZIDA 80 MG - 12.5 MG X 14 TABLETAS RECUBIERTAS,https://mav.farmaciasaas.com/api/images/articulos/DISTRIBUCION/9838.jpg,https://fqeshthtycmzgyibiurq.supabase.co/storage/v1/object/public/crsnimages/catalogo/ad02bb58-e143-4807-9262-6100a316ab74.jpg,26351,16978,ninguna,ok,
38920,VALSARTAN 80 MG X 14 CAPSULAS,https://mav.farmaciasaas.com/api/images/articulos/DISTRIBUCION/22949.jpg,https://fqeshthtycmzgyibiurq.supabase.co/storage/v1/object/public/crsnimages/catalogo/509398ca-eb25-4e55-ac01-15b370f9d980.jpg,65959,30262,ninguna,ok,
38936,VASPITOR 40 MG X 30 COMPRIMIDOS RECUBIERTOS,https://mav.farmaciasaas.com/api/images/articulos/DISTRIBUCION/50530.jpg,https://fqeshthtycmzgyibiurq.supabase.co/storage/v1/object/public/crsnimages/catalogo/4a5b062e-e060-492f-8843-2a0d9b2fa11a.jpg,75598,33571,ninguna,ok,
38935,VASPITOR 20 MG X 10 COMPRIMIDOS RECUBIERTOS,https://mav.farmaciasaas.com/api/images/articulos/DISTRIBUCION/52641.jpg,https://fqeshthtycmzgyibiurq.supabase.co/storage/v1/object/public/crsnimages/catalogo/c966cf19-85e9-458c-b749-47358237d1a0.jpg,78981,36197,ninguna,ok,
38937,VASPITOR 40 MG X 10 COMPRIMIDOS RECUBIERTOS,https://mav.farmaciasaas.com/api/images/articulos/DISTRIBUCION/52642.jpg,https://fqeshthtycmzgyibiurq.supabase.co/storage/v1/object/public/crsnimages/catalogo/c13a1a0b-5368-4300-8b2e-c112c16736ec.jpg,77047,32580,ninguna,ok,
38939,VASSLUTEN HCT 150 MG - 12.5 MG TABLETAS,https://mav.farmaciasaas.com/api/images/articulos/DISTRIBUCION/15696.jpg,https://fqeshthtycmzgyibiurq.supabase.co/storage/v1/object/public/crsnimages/catalogo/4a1feb2b-0220-4e70-be61-c8d7e3e50352.jpg,46068,16805,ninguna,ok,
38938,VASSLUTEN HCT 300 MG - 12.5 MG TABLETAS,https://mav.farmaciasaas.com/api/images/articulos/DISTRIBUCION/26022.jpg,https://fqeshthtycmzgyibiurq.supabase.co/storage/v1/object/public/crsnimages/catalogo/edfd3b1b-7219-4ee3-b70f-bf47fd3f2fc4.jpg,53992,23848,ninguna,ok,
38941,VECTUS 20 MG X 2 TABLETAS RECUBIERTAS,https://mav.farmaciasaas.com/api/images/articulos/DISTRIBUCION/29012.jpg,https://fqeshthtycmzgyibiurq.supabase.co/storage/v1/object/public/crsnimages/catalogo/a2eaf224-6ef1-4bb6-b2db-a9b2f6712799.jpg,43698,16389,ninguna,ok,
38940,VECTUS 20 MG X 1 TABLETA RECUBIERTA,https://mav.farmaciasaas.com/api/images/articulos/DISTRIBUCION/29011.jpg,https://fqeshthtycmzgyibiurq.supabase.co/storage/v1/object/public/crsnimages/catalogo/d349edd4-ce39-4ffc-82b2-b0b7d03330cf.jpg,69680,31117,ninguna,ok,
38942,VECTUS 5 MG X 10 TABLETAS RECUBIERTAS,https://mav.farmaciasaas.com/api/images/articulos/DISTRIBUCION/30204.jpg,https://fqeshthtycmzgyibiurq.supabase.co/storage/v1/object/public/crsnimages/catalogo/873c1190-67b7-4eca-b0d2-60029615e9f8.jpg,46604,17916,ninguna,ok,
38943,VECTUS 5 MG X 20 TABLETAS RECUBIERTAS,https://mav.farmaciasaas.com/api/images/articulos/DISTRIBUCION/30212.jpg,https://fqeshthtycmzgyibiurq.supabase.co/storage/v1/object/public/crsnimages/catalogo/a21bb6db-0dea-4b70-ac82-6bbea8229f99.jpg,69680,31117,ninguna,ok,
38944,VECTUS 5 MG X 30 TABLETAS RECUBIERTAS,https://mav.farmaciasaas.com/api/images/articulos/DISTRIBUCION/30213.jpg,https://fqeshthtycmzgyibiurq.supabase.co/storage/v1/object/public/crsnimages/catalogo/8af7efdf-5822-4083-b488-0663467583fc.jpg,57846,23500,ninguna,ok,
38948,VIAJESAN 50 MG X 10 TABLETAS RECUBIERTAS,https://mav.farmaciasaas.com/api/images/articulos/DISTRIBUCION/3034.jpg,https://fqeshthtycmzgyibiurq.supabase.co/storage/v1/object/public/crsnimages/catalogo/3df14469-5143-4a89-9f95-aeaa81aea4ec.jpg,22530,14560,ninguna,ok,
38947,VESTAX 650 MG X 10 TABLETAS,https://mav.farmaciasaas.com/api/images/articulos/DISTRIBUCION/9373.jpg,https://fqeshthtycmzgyibiurq.supabase.co/storage/v1/object/public/crsnimages/catalogo/3df7b7af-a058-4db5-966b-ebb28c1ff99c.jpg,69761,32327,ninguna,ok,
38949,VIASEK 50 MG X 2 COMPRIMIDOS RECUBIERTOS,https://mav.farmaciasaas.com/api/images/articulos/DISTRIBUCION/2929.jpg,https://fqeshthtycmzgyibiurq.supabase.co/storage/v1/object/public/crsnimages/catalogo/031844fc-42fd-4efe-9d70-b0e6c34ecf9d.jpg,79253,40572,ninguna,ok,
38946,DIOSMINA - HESPERIDINA 450 MG - 50 MG X 10 CAPSULAS BLANDAS,https://pccentro.net.ve/img/s/8/5/8/3/1/85831-large_default.webp,https://fqeshthtycmzgyibiurq.supabase.co/storage/v1/object/public/crsnimages/catalogo/59d532af-fe67-405d-ad17-eb84bb48c9b6.jpg,40294,25503,ninguna,ok,
38950,VIASEK 50 MG X 1 COMPRIMIDO RECUBIERTO,https://mav.farmaciasaas.com/api/images/articulos/DISTRIBUCION/5327.jpg,https://fqeshthtycmzgyibiurq.supabase.co/storage/v1/object/public/crsnimages/catalogo/1e4d15d2-11da-4fd9-93f8-957af275a3bd.jpg,27190,19029,ninguna,ok,
38951,VIGRASOL 50 MG X 1 COMPRIMIDO RECUBIERTO,https://mav.farmaciasaas.com/api/images/articulos/DISTRIBUCION/7331.jpg,https://fqeshthtycmzgyibiurq.supabase.co/storage/v1/object/public/crsnimages/catalogo/744d267c-e9ff-4f5d-ab82-1f59c94f0dbc.jpg,32246,22537,ninguna,ok,
38968,VITAMINA E 400 UI X 30 CAPSULAS BLANDAS,https://pccentro.net.ve/img/s/7/7/8/5/8/77858-large_default.webp,https://fqeshthtycmzgyibiurq.supabase.co/storage/v1/object/public/crsnimages/catalogo/913cec0b-dd8e-4cc0-9395-04b67fa9992f.jpg,78250,43065,ninguna,ok,
38953,VIROSUPRIL 5 % CREMA,https://mav.farmaciasaas.com/api/images/articulos/DISTRIBUCION/90463.jpg,https://fqeshthtycmzgyibiurq.supabase.co/storage/v1/object/public/crsnimages/catalogo/af749e9a-48e7-46e2-b569-527da2571d33.jpg,42203,15630,ninguna,ok,
38971,VITADYN C 500 MG TABLETAS MASTICABLES SABOR A FRUTAS TROPICALES X 10 TABLETAS,https://mav.farmaciasaas.com/api/images/articulos/DISTRIBUCION/11403.jpg,https://fqeshthtycmzgyibiurq.supabase.co/storage/v1/object/public/crsnimages/catalogo/a6ff5726-eb3e-4ed1-8d5d-2a4d06df087f.jpg,53763,19467,ninguna,ok,
38957,FARMAD 1000 UI X 30 TABLETAS RECUBIERTAS,https://mav.farmaciasaas.com/api/images/articulos/DISTRIBUCION/96976.jpg,https://fqeshthtycmzgyibiurq.supabase.co/storage/v1/object/public/crsnimages/catalogo/1009915c-dce1-4aa5-8951-a1b0a7fc04fb.jpg,73611,35076,ninguna,ok,
38972,VITADYN C 500 MG TABLETAS MASTICABLES SABOR A FRUTAS TROPICALES X 30 TABLETAS,https://mav.farmaciasaas.com/api/images/articulos/DISTRIBUCION/30132.jpg,https://fqeshthtycmzgyibiurq.supabase.co/storage/v1/object/public/crsnimages/catalogo/59642aae-444e-432b-87da-3423ed783420.jpg,92170,32827,ninguna,ok,
38976,VIZERUL 75 MG X 10 COMPRIMIDOS RECUBIERTOS,https://mav.farmaciasaas.com/api/images/articulos/DISTRIBUCION/111.jpg,https://fqeshthtycmzgyibiurq.supabase.co/storage/v1/object/public/crsnimages/catalogo/553de15d-4ad2-496a-90c3-533e4202ff03.jpg,82065,21731,ninguna,ok,
38977,VIZERUL 75 MG X 20 COMPRIMIDOS RECUBIERTOS,https://mav.farmaciasaas.com/api/images/articulos/DISTRIBUCION/24115.jpg,https://fqeshthtycmzgyibiurq.supabase.co/storage/v1/object/public/crsnimages/catalogo/fdf005d0-5e77-410d-a6b2-95a88463cfb5.jpg,108862,29679,ninguna,ok,
38978,VIZERUL 150 MG / 10 ML X 10 SOLUCION ORAL,https://mav.farmaciasaas.com/api/images/articulos/DISTRIBUCION/93730.jpg,https://fqeshthtycmzgyibiurq.supabase.co/storage/v1/object/public/crsnimages/catalogo/29155e58-0085-4a11-847f-481012a1ee0b.jpg,68315,32693,ninguna,ok,
38979,VOLCOFEN 75 MG / 3 ML X 1 AMPOLLA,https://mav.farmaciasaas.com/api/images/articulos/DISTRIBUCION/28883.jpg,https://fqeshthtycmzgyibiurq.supabase.co/storage/v1/object/public/crsnimages/catalogo/8306964e-f5e5-4ee4-afc1-bce2d44899d7.jpg,61971,27580,ninguna,ok,
38969,VITAMINA E 400 UI X 50 CAPSULAS BLANDAS,https://pccentro.net.ve/img/s/8/2/7/4/6/82746-large_default.webp,https://fqeshthtycmzgyibiurq.supabase.co/storage/v1/object/public/crsnimages/catalogo/5ec7117f-b01c-43a7-9946-b9f6982ec32d.jpg,73314,40845,ninguna,ok,
38980,VONAU FLASH 4 MG TABLETAS DE DESINTEGRACION ORAL X 10 TABLETAS,https://mav.farmaciasaas.com/api/images/articulos/DISTRIBUCION/52415.jpg,https://fqeshthtycmzgyibiurq.supabase.co/storage/v1/object/public/crsnimages/catalogo/20336b39-281e-4f23-b91a-27c5d485a561.jpg,48363,19611,ninguna,ok,
38975,VITENOL CREMA,https://mav.farmaciasaas.com/api/images/articulos/DISTRIBUCION/3832.jpg,https://fqeshthtycmzgyibiurq.supabase.co/storage/v1/object/public/crsnimages/catalogo/ec3d9f53-aa82-4404-8693-beccdff52947.jpg,49347,18852,ninguna,ok,
38984,XAROX 10 MG X 30 TABLETAS RECUBIERTAS.,https://mav.farmaciasaas.com/api/images/articulos/DISTRIBUCION/52153.jpg,https://fqeshthtycmzgyibiurq.supabase.co/storage/v1/object/public/crsnimages/catalogo/e83fa2da-c600-4504-ba45-c0c74e671396.jpg,51656,20483,ninguna,ok,
38985,XAROX 15 MG X 30 TABLETAS RECUBIERTAS,https://mav.farmaciasaas.com/api/images/articulos/DISTRIBUCION/52924.jpg,https://fqeshthtycmzgyibiurq.supabase.co/storage/v1/object/public/crsnimages/catalogo/e6fc8466-6c09-443c-8a80-e278b20a6113.jpg,54504,22101,ninguna,ok,
38982,XANEXTRA 500 MG / 5 ML X 1 AMPOLLA,https://pccentro.net.ve/img/s/3/0/6/1/1/30611-large_default.webp,https://fqeshthtycmzgyibiurq.supabase.co/storage/v1/object/public/crsnimages/catalogo/a2171b7f-1dba-43a0-ac6e-98aec23f0b21.jpg,12550,25385,ninguna,ok,
38986,XAROX 20 MG X 30 TABLETAS RECUBIERTAS,https://mav.farmaciasaas.com/api/images/articulos/DISTRIBUCION/52925.jpg,https://fqeshthtycmzgyibiurq.supabase.co/storage/v1/object/public/crsnimages/catalogo/c28a3d60-6218-4312-8f86-23d7b34fa876.jpg,51680,20891,ninguna,ok,
38987,XEROGRAX 120 MG X 60 CAPSULAS,https://mav.farmaciasaas.com/api/images/articulos/DISTRIBUCION/91024.jpg,https://fqeshthtycmzgyibiurq.supabase.co/storage/v1/object/public/crsnimages/catalogo/25e8dce8-9908-4258-aa4c-8fefef7f5433.jpg,51177,21852,ninguna,ok,
38989,YONALIN 4 MG / ML SOLUCION ORAL GOTAS,https://mav.farmaciasaas.com/api/images/articulos/DISTRIBUCION/53336.jpg,https://fqeshthtycmzgyibiurq.supabase.co/storage/v1/object/public/crsnimages/catalogo/e9233cb8-db67-4dd1-9743-34d3e440e2e3.jpg,82251,42107,ninguna,ok,
38990,ZALDIAR 37.5 MG - 325 MG X 20 COMPRIMIDOS RECUBIERTOS,https://mav.farmaciasaas.com/api/images/articulos/DISTRIBUCION/4263.jpg,https://fqeshthtycmzgyibiurq.supabase.co/storage/v1/object/public/crsnimages/catalogo/71ab3c0e-f374-4181-b6a9-b1f949d271f5.jpg,83205,40852,ninguna,ok,
38993,VITADYN C ZINC 500 MG - 7.5 MG X 30 CAPSULAS,https://mav.farmaciasaas.com/api/images/articulos/DISTRIBUCION/53166.jpg,https://fqeshthtycmzgyibiurq.supabase.co/storage/v1/object/public/crsnimages/catalogo/b91f61a4-4cc5-4b8d-ae4d-c74f31508f3e.jpg,107941,43907,ninguna,ok,
38998,ZONIUM 20 MG X 14 CAPSULAS CON MICROGRANULOS ENTERICOS,https://mav.farmaciasaas.com/api/images/articulos/DISTRIBUCION/22055.jpg,https://fqeshthtycmzgyibiurq.supabase.co/storage/v1/object/public/crsnimages/catalogo/a9049533-9137-46d0-b33d-b18c95709664.jpg,57450,23870,ninguna,ok,
38996,ZOLPIDEX 10 MG X 10 COMPRIMIDOS RECUBIERTOS,https://mav.farmaciasaas.com/api/images/articulos/DISTRIBUCION/6549.jpg,https://fqeshthtycmzgyibiurq.supabase.co/storage/v1/object/public/crsnimages/catalogo/d0d23969-e760-40fa-8eee-326f570e193e.jpg,46283,17834,ninguna,ok,
38997,ZOLPIDEX 10 MG X 20 COMPRIMIDOS RECUBIERTOS,https://mav.farmaciasaas.com/api/images/articulos/DISTRIBUCION/6547.jpg,https://fqeshthtycmzgyibiurq.supabase.co/storage/v1/object/public/crsnimages/catalogo/4b48d0aa-5208-45cd-8550-7fb25c38f46e.jpg,80018,30000,ninguna,ok,
38999,ZONIUM 40 MG X 14 CAPSULAS CON MICROGRANULOS ENTERICOS,https://mav.farmaciasaas.com/api/images/articulos/DISTRIBUCION/22056.jpg,https://fqeshthtycmzgyibiurq.supabase.co/storage/v1/object/public/crsnimages/catalogo/a9240575-1112-4f35-8e04-91f3627bad42.jpg,151903,28693,ninguna,ok,
39001,ZOPICLONA 7.5 MG X 10 TABLETAS RECUBIERTAS,https://pccentro.net.ve/img/s/5/2/7/1/0/52710-large_default.webp,https://fqeshthtycmzgyibiurq.supabase.co/storage/v1/object/public/crsnimages/catalogo/b766321e-c8b8-48e1-b8db-ffaa9c74396f.jpg,10814,21156,ninguna,ok,
38991,ZILDON 10 MG X 30 TABLETAS RECUBIERTAS,https://mav.farmaciasaas.com/api/images/articulos/DISTRIBUCION/53121.jpg,https://fqeshthtycmzgyibiurq.supabase.co/storage/v1/object/public/crsnimages/catalogo/f7246ace-7318-42b7-a08f-219d3b1fa246.jpg,77502,35370,ninguna,ok,
39005,ZUDENINA 0.1 % CREMA,https://mav.farmaciasaas.com/api/images/articulos/DISTRIBUCION/9694.jpg,https://fqeshthtycmzgyibiurq.supabase.co/storage/v1/object/public/crsnimages/catalogo/69272766-8c85-4a45-ae73-f120884c040e.jpg,38641,13246,ninguna,ok,
39004,ZOST 50 MG X 4 COMPRIMIDOS,https://mav.farmaciasaas.com/api/images/articulos/DISTRIBUCION/91228.jpg,https://fqeshthtycmzgyibiurq.supabase.co/storage/v1/object/public/crsnimages/catalogo/c9980036-12ed-4a5a-9224-adc2960e210b.jpg,42554,14843,ninguna,ok,
39008,ACETAMINOFEN 120 MG / 5 ML JARABE,https://mav.farmaciasaas.com/api/images/articulos/DISTRIBUCION/1978.jpg,https://fqeshthtycmzgyibiurq.supabase.co/storage/v1/object/public/crsnimages/catalogo/e309765f-c647-487f-b8bc-5e1262d4c541.jpg,62155,28405,ninguna,ok,
39002,ZOST 50 MG X 1 COMPRIMIDO,https://mav.farmaciasaas.com/api/images/articulos/DISTRIBUCION/91511.jpg,https://fqeshthtycmzgyibiurq.supabase.co/storage/v1/object/public/crsnimages/catalogo/73f8e69b-6d5a-42ba-aca5-84ff69a89ced.jpg,47093,17697,ninguna,ok,
39003,ZOST 50 MG X 2 COMPRIMIDOS,https://mav.farmaciasaas.com/api/images/articulos/DISTRIBUCION/91227.jpg,https://fqeshthtycmzgyibiurq.supabase.co/storage/v1/object/public/crsnimages/catalogo/a9538183-6ba2-4f69-a535-3bbceae2a61f.jpg,43574,15662,ninguna,ok,
39006,ZYRTEC 10 MG X 20 COMPRIMIDOS RECUBIERTOS,https://mav.farmaciasaas.com/api/images/articulos/DISTRIBUCION/28894.jpg,https://fqeshthtycmzgyibiurq.supabase.co/storage/v1/object/public/crsnimages/catalogo/ef3b8e5a-5284-4cf4-be22-cec65d9cf0ed.jpg,55254,23940,ninguna,ok,
39009,ACETAMINOFEN 125 MG SUPOSITORIOS,https://mav.farmaciasaas.com/api/images/articulos/DISTRIBUCION/53592.jpg,https://fqeshthtycmzgyibiurq.supabase.co/storage/v1/object/public/crsnimages/catalogo/7e4a3aab-c249-4408-bc4e-be1dbb52ae32.jpg,78957,38798,ninguna,ok,
39007,ACETAMINOFEN 1000 MG COMPRIMIDOS,https://pccentro.net.ve/img/s/3/5/1/8/6/35186-large_default.webp,https://fqeshthtycmzgyibiurq.supabase.co/storage/v1/object/public/crsnimages/catalogo/bec7d54b-7a1f-47ee-a32e-d2c6d74847e3.jpg,10592,22702,ninguna,ok,
39010,ACETAMINOFEN 650 MG X 10 TABLETAS,https://mav.farmaciasaas.com/api/images/articulos/DISTRIBUCION/6236.jpg,https://fqeshthtycmzgyibiurq.supabase.co/storage/v1/object/public/crsnimages/catalogo/a71ca43f-37c2-4f49-9b45-b49f8d2441b6.jpg,27687,18067,ninguna,ok,
39011,ACETAMINOFEN 500 MG X 10 TABLETAS,https://pccentro.net.ve/img/s/8/3/7/6/2/83762-large_default.webp,https://fqeshthtycmzgyibiurq.supabase.co/storage/v1/object/public/crsnimages/catalogo/2edb6156-8baf-48c3-aa46-b2a27d51ee16.jpg,52030,31761,ninguna,ok,
39012,ACETAMINOFEN 500 MG X 30 TABLETAS,https://pccentro.net.ve/img/s/8/7/8/2/6/87826-large_default.webp,https://fqeshthtycmzgyibiurq.supabase.co/storage/v1/object/public/crsnimages/catalogo/cb78df10-f5a6-4319-91af-61edd9384331.jpg,44364,24376,ninguna,ok,
39013,ACETAMINOFEN 650 MG X 10 COMPRIMIDOS,https://mav.farmaciasaas.com/api/images/articulos/DISTRIBUCION/21858.jpg,https://fqeshthtycmzgyibiurq.supabase.co/storage/v1/object/public/crsnimages/catalogo/0f89790b-9ff4-44d3-97d8-e1c3eaf5bc1d.jpg,66535,31342,ninguna,ok,
39018,ACIDO FOLICO 10 MG X 20 TABLETAS,https://mav.farmaciasaas.com/api/images/articulos/DISTRIBUCION/10752.jpg,https://fqeshthtycmzgyibiurq.supabase.co/storage/v1/object/public/crsnimages/catalogo/b9fab503-fd8b-4854-9bff-591171e2b0cd.jpg,51691,21096,ninguna,ok,
39021,ACIDO FOLICO 10 MG COMPRIMIDOS,https://pccentro.net.ve/img/s/2/3/7/0/5/23705-large_default.webp,https://fqeshthtycmzgyibiurq.supabase.co/storage/v1/object/public/crsnimages/catalogo/70b254c9-250b-4f50-8f8e-b86f41a0a18e.jpg,31874,34188,ninguna,ok,
39019,ACIDO FOLICO 10 MG X 30 TABLETAS,https://mav.farmaciasaas.com/api/images/articulos/DISTRIBUCION/91658.jpg,https://fqeshthtycmzgyibiurq.supabase.co/storage/v1/object/public/crsnimages/catalogo/e8bc6472-868e-4b6c-a0a8-575bda5033f1.jpg,46262,18093,ninguna,ok,
39022,ACIDO FOLICO 5 MG X 30 TABLETAS,https://mav.farmaciasaas.com/api/images/articulos/DISTRIBUCION/21981.jpg,https://fqeshthtycmzgyibiurq.supabase.co/storage/v1/object/public/crsnimages/catalogo/a1cb92e4-30c5-4a80-a66c-d34d3e4aede2.jpg,58611,27000,ninguna,ok,
39023,ACIDO FOLICO 10 MG / ML SOLUCION ORAL,https://mav.farmaciasaas.com/api/images/articulos/DISTRIBUCION/2643.jpg,https://fqeshthtycmzgyibiurq.supabase.co/storage/v1/object/public/crsnimages/catalogo/76850a7a-60d0-4b9a-9e28-c3ef23178851.jpg,42640,16026,ninguna,ok,
39024,DEXTROSA AL 5 % EN AGUA DESTILADA SOLUCION INYECTABLE,https://mav.farmaciasaas.com/api/images/articulos/DISTRIBUCION/1133.jpg,https://fqeshthtycmzgyibiurq.supabase.co/storage/v1/object/public/crsnimages/catalogo/f2b7cb51-93ed-43ef-a053-87dec1de65b8.jpg,51889,21301,ninguna,ok,
39025,AIREX 0.05 % SOLUCION NASAL,https://mav.farmaciasaas.com/api/images/articulos/DISTRIBUCION/27095.jpg,https://fqeshthtycmzgyibiurq.supabase.co/storage/v1/object/public/crsnimages/catalogo/16ce29d6-ac6a-4e44-8248-d370f388b5df.jpg,57114,25000,ninguna,ok,
39028,AIRON 5 MG X 30 TABLETAS MASTICABLES,https://mav.farmaciasaas.com/api/images/articulos/DISTRIBUCION/5931.jpg,https://fqeshthtycmzgyibiurq.supabase.co/storage/v1/object/public/crsnimages/catalogo/0a3ec059-be58-4491-9135-9c4b5f503981.jpg,72579,31816,ninguna,ok,
39029,ALBENDAZOL 200 MG X 2 TABLETAS MASTICABLES SABOR A BANANA,https://mav.farmaciasaas.com/api/images/articulos/DISTRIBUCION/13063.jpg,https://fqeshthtycmzgyibiurq.supabase.co/storage/v1/object/public/crsnimages/catalogo/829a19d8-313c-4517-82e6-e1fb91b8dec9.jpg,28212,18391,ninguna,ok,
39030,ALBENDAZOL 200 MG X 6 TABLETAS MASTICABLES SABOR A BANANA,https://mav.farmaciasaas.com/api/images/articulos/DISTRIBUCION/94917.jpg,https://fqeshthtycmzgyibiurq.supabase.co/storage/v1/object/public/crsnimages/catalogo/e32d7471-2723-4723-9bff-7579f06d358b.jpg,63783,27635,ninguna,ok,
39031,SECNIDAZOL - ITRACONAZOL 166.66 MG - 33.33 MG X 12 CAPSULAS,https://pccentro.net.ve/img/s/1/8/2/1/3/18213-large_default.webp,https://fqeshthtycmzgyibiurq.supabase.co/storage/v1/object/public/crsnimages/catalogo/3b42b459-a7c3-4081-966c-6bc55c662f92.jpg,13712,20834,ninguna,ok,
39033,ALIVETNOC 500 MG - 3 MG GRANULADO SABOR LIMON - MIEL,https://mav.farmaciasaas.com/api/images/articulos/DISTRIBUCION/91845.jpg,https://fqeshthtycmzgyibiurq.supabase.co/storage/v1/object/public/crsnimages/catalogo/dc7fb260-bbb6-4d29-9ced-2f87edea8892.jpg,80307,38995,ninguna,ok,
39034,ALIVET PLUS COMPRIMIDOS RECUBIERTOS,https://mav.farmaciasaas.com/api/images/articulos/DISTRIBUCION/51787.jpg,https://fqeshthtycmzgyibiurq.supabase.co/storage/v1/object/public/crsnimages/catalogo/9da2af68-4774-4351-bbd9-7760e7078c82.jpg,92529,49933,ninguna,ok,
39036,AMLODIPINA 10 MG X 30 TABLETAS,https://mav.farmaciasaas.com/api/images/articulos/DISTRIBUCION/53795.jpg,https://fqeshthtycmzgyibiurq.supabase.co/storage/v1/object/public/crsnimages/catalogo/a7d277ed-c1de-4fb6-b661-d10b22b543a8.jpg,52299,20482,ninguna,ok,
39035,AMLODIPINA 10 MG X 20 TABLETAS,https://mav.farmaciasaas.com/api/images/articulos/DISTRIBUCION/92638.jpg,https://fqeshthtycmzgyibiurq.supabase.co/storage/v1/object/public/crsnimages/catalogo/9dc73ab2-f9a1-46cc-8b64-c48433b95444.jpg,58376,24803,ninguna,ok,
39038,AMLODIPINA - VALSARTAN 10 MG - 160 MG COMPRIMIDOS RECUBIERTOS,https://pccentro.net.ve/img/s/7/8/4/7/9/78479-large_default.webp,https://fqeshthtycmzgyibiurq.supabase.co/storage/v1/object/public/crsnimages/catalogo/91cb741a-4bef-4e78-985e-0c3a38ca6456.jpg,46926,26331,ninguna,ok,
39043,AMOVIN 500 MG X 6 TABLETAS RECUBIERTAS,https://mav.farmaciasaas.com/api/images/articulos/DISTRIBUCION/92490.jpg,https://fqeshthtycmzgyibiurq.supabase.co/storage/v1/object/public/crsnimages/catalogo/60960bcb-274e-46e3-93bb-708244f0476f.jpg,64774,30154,ninguna,ok,
39041,AMLODIPINA 5 MG X 30 TABLETAS,https://mav.farmaciasaas.com/api/images/articulos/DISTRIBUCION/12027.jpg,https://fqeshthtycmzgyibiurq.supabase.co/storage/v1/object/public/crsnimages/catalogo/b4835603-ec5b-4649-abfb-ba745cd936ad.jpg,72913,32012,ninguna,ok,
39047,AMOXICILINA - ACIDO CLAVULANICO 400 MG - 57 MG / 5 ML POLVO PARA SUSPENSION ORAL,https://mav.farmaciasaas.com/api/images/articulos/DISTRIBUCION/13416.jpg,https://fqeshthtycmzgyibiurq.supabase.co/storage/v1/object/public/crsnimages/catalogo/cc0d2770-7e5c-4caa-a100-c64544fc8910.jpg,61912,30204,ninguna,ok,
39045,AMOXICILINA 500 MG X 12 CAPSULAS,https://mav.farmaciasaas.com/api/images/articulos/DISTRIBUCION/96769.jpg,https://fqeshthtycmzgyibiurq.supabase.co/storage/v1/object/public/crsnimages/catalogo/2f8ecdcc-c17b-4866-93e7-9a5688d82112.jpg,235993,33373,ninguna,ok,
39053,ANGRIP FORTE NOCHE 650 MG - 4 MG COMPRIMIDOS RECUBIERTOS,https://mav.farmaciasaas.com/api/images/articulos/DISTRIBUCION/30054.jpg,https://fqeshthtycmzgyibiurq.supabase.co/storage/v1/object/public/crsnimages/catalogo/f594bb95-19a0-4687-bf45-d98c52bf91a1.jpg,74476,35911,ninguna,ok,
39052,ANGRIP FORTE DIA 650 MG - 2 MG - 20 MG COMPRIMIDOS RECUBIERTOS,https://mav.farmaciasaas.com/api/images/articulos/DISTRIBUCION/30055.jpg,https://fqeshthtycmzgyibiurq.supabase.co/storage/v1/object/public/crsnimages/catalogo/f8b05749-bd81-4265-b312-22d148874203.jpg,60385,27973,ninguna,ok,
39051,ANASMOL 2.5 MG COMPRIMIDOS,https://mav.farmaciasaas.com/api/images/articulos/DISTRIBUCION/1878.jpg,https://fqeshthtycmzgyibiurq.supabase.co/storage/v1/object/public/crsnimages/catalogo/e2caef73-c2cc-4ef3-82e9-97c8f0461362.jpg,83635,38095,ninguna,ok,
39055,ANTAAR 2.5 MG X 10 TABLETAS RECUBIERTAS,https://mav.farmaciasaas.com/api/images/articulos/DISTRIBUCION/21066.jpg,https://fqeshthtycmzgyibiurq.supabase.co/storage/v1/object/public/crsnimages/catalogo/285a2a27-7584-4d60-ad37-b463f64f110d.jpg,23100,14595,ninguna,ok,
39054,ANTAAR 2.5 MG X 30 TABLETAS RECUBIERTAS,https://mav.farmaciasaas.com/api/images/articulos/DISTRIBUCION/15626.jpg,https://fqeshthtycmzgyibiurq.supabase.co/storage/v1/object/public/crsnimages/catalogo/06255f37-ae07-4c06-893a-9d90c40c0269.jpg,64706,27831,ninguna,ok,
39056,ANTAAR 5 MG X 30 TABLETAS RECUBIERTAS,https://mav.farmaciasaas.com/api/images/articulos/DISTRIBUCION/16094.jpg,https://fqeshthtycmzgyibiurq.supabase.co/storage/v1/object/public/crsnimages/catalogo/942053c7-78d6-4abe-87f5-ee768901ade1.jpg,22684,14274,ninguna,ok,
39060,ANTILAX 2 MG X 10 TABLETAS,https://mav.farmaciasaas.com/api/images/articulos/DISTRIBUCION/93277.jpg,https://fqeshthtycmzgyibiurq.supabase.co/storage/v1/object/public/crsnimages/catalogo/ab897864-911e-4407-bfe6-fa118abfa5e2.jpg,80889,40347,ninguna,ok,
39058,ANTIFOM 125 MG X 10 TABLETAS MASTICABLES,https://pccentro.net.ve/img/s/7/4/2/0/8/74208-large_default.webp,https://fqeshthtycmzgyibiurq.supabase.co/storage/v1/object/public/crsnimages/catalogo/27b9bd57-f93b-4795-9ca6-332bc758fdbf.jpg,16726,35700,ninguna,ok,
39062,APIRET 180 MG / 5 ML SOLUCION ORAL,https://mav.farmaciasaas.com/api/images/articulos/DISTRIBUCION/99842.jpg,https://fqeshthtycmzgyibiurq.supabase.co/storage/v1/object/public/crsnimages/catalogo/4e504725-1e34-4941-aa8b-fcec604a2449.jpg,98553,38623,ninguna,ok,
39063,APIRET 250 MG SUPOSITORIOS,https://mav.farmaciasaas.com/api/images/articulos/DISTRIBUCION/22131.jpg,https://fqeshthtycmzgyibiurq.supabase.co/storage/v1/object/public/crsnimages/catalogo/83222dfa-c43a-458c-b883-8edb655be358.jpg,46483,19381,ninguna,ok,
39061,APIRET 125 MG SUPOSITORIOS,https://mav.farmaciasaas.com/api/images/articulos/DISTRIBUCION/26389.jpg,https://fqeshthtycmzgyibiurq.supabase.co/storage/v1/object/public/crsnimages/catalogo/f0fedbba-a996-4a94-8d74-d24a1a7eee16.jpg,79993,31688,ninguna,ok,
39059,ANTIFOM 80 MG / ML SUSPENSION ORAL,https://pccentro.net.ve/img/s/7/6/7/6/3/76763-large_default.webp,https://fqeshthtycmzgyibiurq.supabase.co/storage/v1/object/public/crsnimages/catalogo/563af543-4f97-4928-87de-fe5f22459654.jpg,87494,43110,ninguna,ok,
39064,APLACAL 750 MG TABLETAS MASTICABLES SABOR A FRAMBUESA X 10 TABLETAS,https://mav.farmaciasaas.com/api/images/articulos/DISTRIBUCION/21600.jpg,https://fqeshthtycmzgyibiurq.supabase.co/storage/v1/object/public/crsnimages/catalogo/2fef8695-c227-4bf1-93d8-e2534dfba5fb.jpg,64003,28589,ninguna,ok,
39065,APLACAL 750 MG TABLETAS MASTICABLES SABOR A FRAMBUESA X 80 TABLETAS,https://mav.farmaciasaas.com/api/images/articulos/DISTRIBUCION/52504.jpg,https://fqeshthtycmzgyibiurq.supabase.co/storage/v1/object/public/crsnimages/catalogo/0e6a72d1-7784-4d48-a7ff-c625cd8dc050.jpg,82448,39852,ninguna,ok,
39067,APLACAL 750 MG X 120 TABLETAS MASTICABLES SABOR A MENTA,https://mav.farmaciasaas.com/api/images/articulos/DISTRIBUCION/21595.jpg,https://fqeshthtycmzgyibiurq.supabase.co/storage/v1/object/public/crsnimages/catalogo/4acd95c7-a1ef-4f4d-a76c-12f602ff87ae.jpg,92874,47637,ninguna,ok,
39066,APLACAL 750 MG X 10 TABLETAS MASTICABLES SABOR A MENTA,https://mav.farmaciasaas.com/api/images/articulos/DISTRIBUCION/21600.jpg,https://fqeshthtycmzgyibiurq.supabase.co/storage/v1/object/public/crsnimages/catalogo/3d203e86-2957-4530-8551-fa2970ffa8c0.jpg,64003,28589,ninguna,ok,
39068,APLACAL 750 MG X 80 TABLETAS MASTICABLES SABOR A MENTA,https://mav.farmaciasaas.com/api/images/articulos/DISTRIBUCION/52504.jpg,https://fqeshthtycmzgyibiurq.supabase.co/storage/v1/object/public/crsnimages/catalogo/e150ae75-3663-43d3-b36d-a468686ef59e.jpg,82448,39852,ninguna,ok,
39069,APLACAL 750 MG X 80 TABLETAS MASTICABLES SABOR A MANDARINA,https://mav.farmaciasaas.com/api/images/articulos/DISTRIBUCION/52504.jpg,https://fqeshthtycmzgyibiurq.supabase.co/storage/v1/object/public/crsnimages/catalogo/d2556284-da9d-4b2e-8ec4-dd9c492c8e5f.jpg,82448,39852,ninguna,ok,
39073,ARBIXIL 7.5 MG - 5 MCG / 5 ML JARABE,https://pccentro.net.ve/img/s/1/8/1/9/8/18198-large_default.webp,https://fqeshthtycmzgyibiurq.supabase.co/storage/v1/object/public/crsnimages/catalogo/88e98b52-1762-4f9b-911f-31f5ad11fab1.jpg,15670,23102,ninguna,ok,
39081,ATAMEL PLUS 500 MG - 32 MG X 10 TABLETAS,https://mav.farmaciasaas.com/api/images/articulos/DISTRIBUCION/15413.jpg,https://fqeshthtycmzgyibiurq.supabase.co/storage/v1/object/public/crsnimages/catalogo/49dfe1b4-4543-4837-ab0f-f190157f19e5.jpg,25655,16992,ninguna,ok,
39079,ASTRIMOL 5 MG X 30 TABLETAS RECUBIERTAS,https://mav.farmaciasaas.com/api/images/articulos/DISTRIBUCION/53175.jpg,https://fqeshthtycmzgyibiurq.supabase.co/storage/v1/object/public/crsnimages/catalogo/27ba8f97-d605-440d-87e1-06d650873263.jpg,52900,20629,ninguna,ok,
39074,ARBIXIL 7.5 MG - 5 MCG / ML SOLUCION ORAL,https://mav.farmaciasaas.com/api/images/articulos/DISTRIBUCION/3798.jpg,https://fqeshthtycmzgyibiurq.supabase.co/storage/v1/object/public/crsnimages/catalogo/304a7bf4-a832-433f-8bb1-fd5079ce8df9.jpg,61148,27132,ninguna,ok,
39082,ATENOLOL 100 MG COMPRIMIDOS,https://mav.farmaciasaas.com/api/images/articulos/DISTRIBUCION/3271.jpg,https://fqeshthtycmzgyibiurq.supabase.co/storage/v1/object/public/crsnimages/catalogo/891c57f0-3df7-49df-a5fb-b7b349ae0524.jpg,95598,29470,ninguna,ok,
39083,ATENOLOL 50 MG X 30 COMPRIMIDOS,https://mav.farmaciasaas.com/api/images/articulos/DISTRIBUCION/3028.jpg,https://fqeshthtycmzgyibiurq.supabase.co/storage/v1/object/public/crsnimages/catalogo/c44279e0-5a8e-4e4b-88c9-375a575e8bb9.jpg,67870,29831,ninguna,ok,
39085,ATORVASTATINA 20 MG COMPRIMIDOS RECUBIERTOS,https://pccentro.net.ve/img/s/1/9/1/1/5/19115-large_default.webp,https://fqeshthtycmzgyibiurq.supabase.co/storage/v1/object/public/crsnimages/catalogo/3c0820f4-c634-429e-8716-2ec0da328a70.jpg,17306,23163,ninguna,ok,
39088,ATROVERAN 10 MG X 10 TABLETAS RECUBIERTAS,https://mav.farmaciasaas.com/api/images/articulos/DISTRIBUCION/25527.jpg,https://fqeshthtycmzgyibiurq.supabase.co/storage/v1/object/public/crsnimages/catalogo/bb8f00e6-6e0c-4c61-8681-264127e8b648.jpg,61785,23268,ninguna,ok,
39087,ATORVASTATINA 40 MG X 30 TABLETAS RECUBIERTAS,https://mav.farmaciasaas.com/api/images/articulos/DISTRIBUCION/51294.jpg,https://fqeshthtycmzgyibiurq.supabase.co/storage/v1/object/public/crsnimages/catalogo/fa734186-d62e-4ae6-a144-3bf2468ff2ea.jpg,233310,32997,ninguna,ok,
39090,AZITROMICINA 500 MG COMPRIMIDOS RECUBIERTOS,https://mav.farmaciasaas.com/api/images/articulos/DISTRIBUCION/6090.jpg,https://fqeshthtycmzgyibiurq.supabase.co/storage/v1/object/public/crsnimages/catalogo/c44084ce-70ae-428a-a2d9-1083d9966318.jpg,65194,30882,ninguna,ok,
39091,AZUTAN 0.15 % COLUTORIO,https://mav.farmaciasaas.com/api/images/articulos/DISTRIBUCION/15068.jpg,https://fqeshthtycmzgyibiurq.supabase.co/storage/v1/object/public/crsnimages/catalogo/92306a39-da7c-49b9-8dde-8b07d2efa3bb.jpg,173084,26890,ninguna,ok,
39092,BACITRACINA 500 UI / G UNGUENTO,https://pccentro.net.ve/img/s/1/9/2/7/1/19271-large_default.webp,https://fqeshthtycmzgyibiurq.supabase.co/storage/v1/object/public/crsnimages/catalogo/0ee26396-bc3f-4bc1-8100-a67bde1da130.jpg,17302,22661,ninguna,ok,
39098,BIOCOR 20 MG X 30 TABLETAS RECUBIERTAS,https://mav.farmaciasaas.com/api/images/articulos/DISTRIBUCION/15627.jpg,https://fqeshthtycmzgyibiurq.supabase.co/storage/v1/object/public/crsnimages/catalogo/460917b6-52b7-42e2-95cd-7090cdc6fa44.jpg,23058,14659,ninguna,ok,
39094,BETADERM 0.05 % CREMA,https://mav.farmaciasaas.com/api/images/articulos/DISTRIBUCION/4155.jpg,https://fqeshthtycmzgyibiurq.supabase.co/storage/v1/object/public/crsnimages/catalogo/61c2e623-5d9c-45c8-b2de-70e18363d8b7.jpg,155806,30349,ninguna,ok,
39097,BICARBONATO DE SODIO AL 5 % X 1 AMPOLLA,https://mav.farmaciasaas.com/api/images/articulos/DISTRIBUCION/4842.jpg,https://fqeshthtycmzgyibiurq.supabase.co/storage/v1/object/public/crsnimages/catalogo/2dea54dc-6d82-4316-8df8-a37fc4ffaf48.jpg,44849,19932,ninguna,ok,
39096,BETAMETASONA 4 MG / ML X 1 AMPOLLA,https://mav.farmaciasaas.com/api/images/articulos/DISTRIBUCION/2117.jpg,https://fqeshthtycmzgyibiurq.supabase.co/storage/v1/object/public/crsnimages/catalogo/7f60e8ac-c448-4159-be59-6da1bc9a84fb.jpg,185325,26559,ninguna,ok,
39072,ARBIXIL 15 MG - 10 MCG / 5 ML JARABE,https://pccentro.net.ve/img/s/1/8/2/1/8/18218-large_default.webp,https://fqeshthtycmzgyibiurq.supabase.co/storage/v1/object/public/crsnimages/catalogo/68570790-ce54-4fbd-83ee-3bea60cc4c99.jpg,12294,19099,ninguna,ok,
39093,BALSADER POMADA,https://pccentro.net.ve/img/s/3/2/3/4/5/32345-large_default.webp,https://fqeshthtycmzgyibiurq.supabase.co/storage/v1/object/public/crsnimages/catalogo/11fbaa52-d09b-462a-ac1e-ff07c65a87e4.jpg,12306,25568,ninguna,ok,
39104,BIPROLIL 2.5 MG COMPRIMIDOS RECUBIERTOS,https://mav.farmaciasaas.com/api/images/articulos/DISTRIBUCION/27780.jpg,https://fqeshthtycmzgyibiurq.supabase.co/storage/v1/object/public/crsnimages/catalogo/1a4a0cca-2f81-47a1-8469-e8d4ff0fbe18.jpg,52140,21769,ninguna,ok,
39099,OLMESARTAN MEDOXOMILO 40 MG X 30 TABLETAS RECUBIERTAS,https://mav.farmaciasaas.com/api/images/articulos/DISTRIBUCION/13812.jpg,https://fqeshthtycmzgyibiurq.supabase.co/storage/v1/object/public/crsnimages/catalogo/0842c5a9-ec67-48c4-84f3-9ffef6749051.jpg,77044,36096,ninguna,ok,
39102,BIOTALOL HCT 2.5 MG - 6.25 MG COMPRIMIDOS RECUBIERTOS,https://mav.farmaciasaas.com/api/images/articulos/DISTRIBUCION/53196.jpg,https://fqeshthtycmzgyibiurq.supabase.co/storage/v1/object/public/crsnimages/catalogo/639c674b-b28b-4bf4-9108-ae0c7df9bcd2.jpg,68182,31884,ninguna,ok,
39112,BONAMES 150 MG X 1 TABLETA RECUBIERTA,https://mav.farmaciasaas.com/api/images/articulos/DISTRIBUCION/99210.jpg,https://fqeshthtycmzgyibiurq.supabase.co/storage/v1/object/public/crsnimages/catalogo/7c0473e0-0d0a-4453-ba4a-740d94654ba4.jpg,45753,17925,ninguna,ok,
39106,BISOPROLOL FUMARATO 2.5 MG X 30 TABLETAS RECUBIERTAS,https://mav.farmaciasaas.com/api/images/articulos/DISTRIBUCION/97002.jpg,https://fqeshthtycmzgyibiurq.supabase.co/storage/v1/object/public/crsnimages/catalogo/6943757a-38c8-4aaa-8eb9-b2be389f4885.jpg,26521,16952,ninguna,ok,
39115,BRASARTAN 80 MG X 30 CAPSULAS,https://mav.farmaciasaas.com/api/images/articulos/DISTRIBUCION/19231.jpg,https://fqeshthtycmzgyibiurq.supabase.co/storage/v1/object/public/crsnimages/catalogo/6a04dfd0-49d6-4125-bf6c-3bf4fafcc66e.jpg,51739,20483,ninguna,ok,
39111,BISOPROLOL FUMARATO - HIDROCLOROTIAZIDA 5 MG - 6.25 MG COMPRIMIDOS RECUBIERTOS,https://pccentro.net.ve/img/s/6/8/7/3/8/68738-large_default.webp,https://fqeshthtycmzgyibiurq.supabase.co/storage/v1/object/public/crsnimages/catalogo/9cf7a544-be79-46cd-a70f-5b6b451347da.jpg,20506,39941,ninguna,ok,
39116,BRASARTAN CTDN 160 MG - 12.5 MG X 30 TABLETAS RECUBIERTAS,https://pccentro.net.ve/img/s/5/2/4/9/8/52498-large_default.webp,https://fqeshthtycmzgyibiurq.supabase.co/storage/v1/object/public/crsnimages/catalogo/0d05f13c-d6f7-4c5c-8113-f0377c1b0fa3.jpg,26236,47060,ninguna,ok,
39117,BROLAT 5 MG - 30 MG / 5 ML X 10 SOLUCION ORAL,https://pccentro.net.ve/img/s/2/3/7/9/3/23793-large_default.webp,https://fqeshthtycmzgyibiurq.supabase.co/storage/v1/object/public/crsnimages/catalogo/8b46a2a2-4f9f-4bb5-97ba-461b6d3a79e2.jpg,35454,50885,ninguna,ok,
39122,CAPTOPRIL 25 MG X 30 TABLETAS,https://mav.farmaciasaas.com/api/images/articulos/DISTRIBUCION/53796.jpg,https://fqeshthtycmzgyibiurq.supabase.co/storage/v1/object/public/crsnimages/catalogo/47e0bae7-b0f0-4b71-bbc8-208c7f801eef.jpg,73343,32806,ninguna,ok,
39123,CAPTOPRIL 25 MG X 20 TABLETAS,https://mav.farmaciasaas.com/api/images/articulos/DISTRIBUCION/3029.jpg,https://fqeshthtycmzgyibiurq.supabase.co/storage/v1/object/public/crsnimages/catalogo/d0f034e6-9814-4a45-b915-96e1eb83f8bc.jpg,75025,32753,ninguna,ok,
39125,CARBETAL 16 MG X 30 TABLETAS,https://mav.farmaciasaas.com/api/images/articulos/DISTRIBUCION/54310.jpg,https://fqeshthtycmzgyibiurq.supabase.co/storage/v1/object/public/crsnimages/catalogo/3e82b753-b0a0-4aec-8893-921e46c49ff1.jpg,24793,16928,ninguna,ok,
39124,CARBAMAZEPINA 200 MG COMPRIMIDOS RECUBIERTOS DE LIBERACION CONTROLADA,https://mav.farmaciasaas.com/api/images/articulos/DISTRIBUCION/99338.jpg,https://fqeshthtycmzgyibiurq.supabase.co/storage/v1/object/public/crsnimages/catalogo/fece5ff9-aa34-4354-9a13-b0b234d3df72.jpg,59574,27774,ninguna,ok,
39128,CARVEDILOL 12.5 MG X 20 TABLETAS RECUBIERTAS,https://mav.farmaciasaas.com/api/images/articulos/DISTRIBUCION/24435.jpg,https://fqeshthtycmzgyibiurq.supabase.co/storage/v1/object/public/crsnimages/catalogo/5694c672-dd24-4e2e-8ce1-af2c7292ce8f.jpg,77857,35377,ninguna,ok,
39130,CARVEDILOL 25 MG X 20 TABLETAS RECUBIERTAS,https://mav.farmaciasaas.com/api/images/articulos/DISTRIBUCION/24436.jpg,https://fqeshthtycmzgyibiurq.supabase.co/storage/v1/object/public/crsnimages/catalogo/48db7a5a-bf5b-4d27-b996-4b946a42768d.jpg,81238,37301,ninguna,ok,
39137,CETRAL 5 MG / 5 ML SOLUCION ORAL,https://mav.farmaciasaas.com/api/images/articulos/DISTRIBUCION/3876.jpg,https://fqeshthtycmzgyibiurq.supabase.co/storage/v1/object/public/crsnimages/catalogo/60b369b4-4d8d-4e2e-80c1-a261853d343b.jpg,62027,26436,ninguna,ok,
39129,CARVEDILOL 12.5 MG X 30 TABLETAS RECUBIERTAS,https://mav.farmaciasaas.com/api/images/articulos/DISTRIBUCION/54224.jpg,https://fqeshthtycmzgyibiurq.supabase.co/storage/v1/object/public/crsnimages/catalogo/d105d097-77da-47b9-9bfb-eebb71016da3.jpg,42197,14664,ninguna,ok,
39131,CARVEDILOL 6.25 MG COMPRIMIDOS,https://mav.farmaciasaas.com/api/images/articulos/DISTRIBUCION/98456.jpg,https://fqeshthtycmzgyibiurq.supabase.co/storage/v1/object/public/crsnimages/catalogo/ee44c3f0-624c-468b-8c32-e566d7345461.jpg,62337,27200,ninguna,ok,
39132,CARVEDILOL 6.25 MG COMPRIMIDOS,https://pccentro.net.ve/img/s/3/3/1/0/4/33104-large_default.webp,https://fqeshthtycmzgyibiurq.supabase.co/storage/v1/object/public/crsnimages/catalogo/8925f14e-72d8-4436-a648-97028d178bb3.jpg,7880,19296,ninguna,ok,
39140,CIPROFLOXACINA 500 MG COMPRIMIDOS RECUBIERTOS DE LIBERACION PROGRAMADA,https://mav.farmaciasaas.com/api/images/articulos/DISTRIBUCION/51885.jpg,https://fqeshthtycmzgyibiurq.supabase.co/storage/v1/object/public/crsnimages/catalogo/fe3e25ee-c5f0-4f6e-b05c-2c7ad6e4f11e.jpg,55774,24481,ninguna,ok,
39139,CIPROFLOXACINA 500 MG COMPRIMIDOS RECUBIERTOS,https://mav.farmaciasaas.com/api/images/articulos/DISTRIBUCION/53267.jpg,https://fqeshthtycmzgyibiurq.supabase.co/storage/v1/object/public/crsnimages/catalogo/d19c3a73-b0c5-4938-8e51-7933a9cef484.jpg,66914,29618,ninguna,ok,
39138,CIFARCAINA HIPERBARA AL 5 % X 2 AMPOLLAS,https://mav.farmaciasaas.com/api/images/articulos/DISTRIBUCION/53832.jpg,https://fqeshthtycmzgyibiurq.supabase.co/storage/v1/object/public/crsnimages/catalogo/391571d1-4739-48fe-b34d-6f3287a2958d.jpg,57148,25036,ninguna,ok,
39141,CIPROFLOXACINA 500 MG X 6 TABLETAS RECUBIERTAS,https://mav.farmaciasaas.com/api/images/articulos/DISTRIBUCION/1615.jpg,https://fqeshthtycmzgyibiurq.supabase.co/storage/v1/object/public/crsnimages/catalogo/b4ba1214-00ca-448e-aa6c-c5d7ef59e18e.jpg,71294,31240,ninguna,ok,
39146,GYNO CLOCIM 1 % CREMA VAGINAL,https://mav.farmaciasaas.com/api/images/articulos/DISTRIBUCION/9819.jpg,https://fqeshthtycmzgyibiurq.supabase.co/storage/v1/object/public/crsnimages/catalogo/f3f87d91-4475-46dd-a8fb-8f558c0e3660.jpg,24156,14596,ninguna,ok,
39152,CLOTRIMAZOL 1 % CREMA VAGINAL,https://mav.farmaciasaas.com/api/images/articulos/DISTRIBUCION/9819.jpg,https://fqeshthtycmzgyibiurq.supabase.co/storage/v1/object/public/crsnimages/catalogo/eeacbadb-03e4-4392-959e-080e3acacd9d.jpg,24156,14596,ninguna,ok,
39147,CLOPIDOGREL 75 MG COMPRIMIDOS RECUBIERTOS,https://pccentro.net.ve/img/s/7/6/0/5/6/76056-large_default.webp,https://fqeshthtycmzgyibiurq.supabase.co/storage/v1/object/public/crsnimages/catalogo/392942ea-a2ce-45ab-ad8b-86cf68176c15.jpg,17386,16101,ninguna,ok,
39160,CORENTEL H 10 MG - 6.25 MG COMPRIMIDOS RECUBIERTOS,https://mav.farmaciasaas.com/api/images/articulos/DISTRIBUCION/94357.jpg,https://fqeshthtycmzgyibiurq.supabase.co/storage/v1/object/public/crsnimages/catalogo/b5c4a8f0-8d3a-4775-aa80-19a96359bffa.jpg,71756,35426,ninguna,ok,
39153,CLOTRIMAZOL 1 % CREMA,https://mav.farmaciasaas.com/api/images/articulos/DISTRIBUCION/5596.jpg,https://fqeshthtycmzgyibiurq.supabase.co/storage/v1/object/public/crsnimages/catalogo/96567aa9-2dc4-4577-8828-444dd5ca1801.jpg,60102,25820,ninguna,ok,
39156,COLVAL 4 MG / 2 ML X 2 AMPOLLAS,https://mav.farmaciasaas.com/api/images/articulos/DISTRIBUCION/8563.jpg,https://fqeshthtycmzgyibiurq.supabase.co/storage/v1/object/public/crsnimages/catalogo/e0077503-44df-4395-8c7d-424bcc8e1e28.jpg,151946,22006,ninguna,ok,
39161,CORENTEL H 5 MG - 6.25 MG COMPRIMIDOS RECUBIERTOS,https://mav.farmaciasaas.com/api/images/articulos/DISTRIBUCION/94358.jpg,https://fqeshthtycmzgyibiurq.supabase.co/storage/v1/object/public/crsnimages/catalogo/826d6f24-eb8c-4518-bf22-828e5518b865.jpg,73802,35592,ninguna,ok,
39163,COROPRES HCT 32 MG - 12.5 MG COMPRIMIDOS,https://mav.farmaciasaas.com/api/images/articulos/DISTRIBUCION/28480.jpg,https://fqeshthtycmzgyibiurq.supabase.co/storage/v1/object/public/crsnimages/catalogo/aa6698c7-6752-42ce-b10c-faceedd994a3.jpg,72314,36394,ninguna,ok,
39162,COROPRES 16 MG COMPRIMIDOS,https://mav.farmaciasaas.com/api/images/articulos/DISTRIBUCION/98453.jpg,https://fqeshthtycmzgyibiurq.supabase.co/storage/v1/object/public/crsnimages/catalogo/0d6f47e5-925f-4167-af9a-2d22afff7f80.jpg,66812,32410,ninguna,ok,
39164,COVENTROL 12.5 MG COMPRIMIDOS,https://pccentro.net.ve/img/s/2/3/9/3/5/23935-large_default.webp,https://fqeshthtycmzgyibiurq.supabase.co/storage/v1/object/public/crsnimages/catalogo/6a408c74-9e31-4297-b4cf-17942b5359b4.jpg,16584,21275,ninguna,ok,
39173,ZARCOT 6 MG X 10 TABLETAS,https://mav.farmaciasaas.com/api/images/articulos/DISTRIBUCION/91527.jpg,https://fqeshthtycmzgyibiurq.supabase.co/storage/v1/object/public/crsnimages/catalogo/e736bf6a-0459-40cc-aafa-aa615c32a4ad.jpg,24374,15157,ninguna,ok,
39167,CURPINOL 12.5 MG COMPRIMIDOS,https://mav.farmaciasaas.com/api/images/articulos/DISTRIBUCION/92399.jpg,https://fqeshthtycmzgyibiurq.supabase.co/storage/v1/object/public/crsnimages/catalogo/d4e8556c-9845-4e73-9683-a3b2890d7723.jpg,63857,29082,ninguna,ok,
39168,CURPINOL 25 MG COMPRIMIDOS,https://mav.farmaciasaas.com/api/images/articulos/DISTRIBUCION/92398.jpg,https://fqeshthtycmzgyibiurq.supabase.co/storage/v1/object/public/crsnimages/catalogo/3781c9a3-bab7-407d-8276-ccfee7ecef59.jpg,50426,20002,ninguna,ok,
39166,CRISOMET 50 MG - 850 MG X 30 TABLETAS RECUBIERTAS,https://mav.farmaciasaas.com/api/images/articulos/DISTRIBUCION/19233.jpg,https://fqeshthtycmzgyibiurq.supabase.co/storage/v1/object/public/crsnimages/catalogo/72264086-4f4e-4078-bdb9-8db82b7c3294.jpg,53180,21231,ninguna,ok,
39165,CRISOMET 50 MG - 850 MG X 10 TABLETAS RECUBIERTAS,https://mav.farmaciasaas.com/api/images/articulos/DISTRIBUCION/17016.jpg,https://fqeshthtycmzgyibiurq.supabase.co/storage/v1/object/public/crsnimages/catalogo/4b712bf1-5ec8-44c4-9b5b-589e500521d1.jpg,73587,35055,ninguna,ok,
39171,DAYZOL 600 MG - 4 MG COMPRIMIDOS RECUBIERTOS,https://mav.farmaciasaas.com/api/images/articulos/DISTRIBUCION/50522.jpg,https://fqeshthtycmzgyibiurq.supabase.co/storage/v1/object/public/crsnimages/catalogo/8f658274-ced1-48c3-986b-98af124ccad8.jpg,77258,38017,ninguna,ok,
39175,DERMAZOL 0.05 % CREMA,https://mav.farmaciasaas.com/api/images/articulos/DISTRIBUCION/99591.jpg,https://fqeshthtycmzgyibiurq.supabase.co/storage/v1/object/public/crsnimages/catalogo/5ebe850b-41d5-419c-ad4f-f36c29834f68.jpg,44281,17305,ninguna,ok,
39174,DERMAZOL 0.05 % UNGUENTO,https://mav.farmaciasaas.com/api/images/articulos/DISTRIBUCION/99591.jpg,https://fqeshthtycmzgyibiurq.supabase.co/storage/v1/object/public/crsnimages/catalogo/3bd46681-a8a7-41a8-a01e-6c784ac88e2b.jpg,44281,17305,ninguna,ok,
39172,DEFLAZACORT 6 MG COMPRIMIDOS,https://pccentro.net.ve/img/s/5/5/5/6/1/55561-large_default.webp,https://fqeshthtycmzgyibiurq.supabase.co/storage/v1/object/public/crsnimages/catalogo/7ddf1068-3f8e-4dcd-933a-4b7f20f5df4a.jpg,7340,16827,ninguna,ok,
39177,DESLORATADINA 2.5 MG / 5 ML JARABE,https://mav.farmaciasaas.com/api/images/articulos/DISTRIBUCION/24255.jpg,https://fqeshthtycmzgyibiurq.supabase.co/storage/v1/object/public/crsnimages/catalogo/e84043f7-d059-4a61-baae-1e5266eeeadb.jpg,47509,19879,ninguna,ok,
39183,DICLOFENAC POTASICO 50 MG X 10 TABLETAS RECUBIERTAS,https://mav.farmaciasaas.com/api/images/articulos/DISTRIBUCION/19601.jpg,https://fqeshthtycmzgyibiurq.supabase.co/storage/v1/object/public/crsnimages/catalogo/1d9a4688-7e29-45d3-86ec-94c5db8bc7f8.jpg,48274,19369,ninguna,ok,
39181,DESLORATADINA 5 MG X 10 TABLETAS RECUBIERTAS,https://mav.farmaciasaas.com/api/images/articulos/DISTRIBUCION/29006.jpg,https://fqeshthtycmzgyibiurq.supabase.co/storage/v1/object/public/crsnimages/catalogo/f6eec118-d93a-47cf-9ba5-56aae4828cf8.jpg,44234,17597,ninguna,ok,
39180,DESLORATADINA 5 MG X 10 TABLETAS RECUBIERTAS,https://mav.farmaciasaas.com/api/images/articulos/DISTRIBUCION/9951.jpg,https://fqeshthtycmzgyibiurq.supabase.co/storage/v1/object/public/crsnimages/catalogo/08d78d48-20a7-4548-9f07-311977d7aca9.jpg,80780,35658,ninguna,ok,
39178,DESLORATADINA 2.5 MG / 5 ML SOLUCION ORAL,https://mav.farmaciasaas.com/api/images/articulos/DISTRIBUCION/27626.jpg,https://fqeshthtycmzgyibiurq.supabase.co/storage/v1/object/public/crsnimages/catalogo/4a70b967-a2ea-46e4-9c4c-52752d91c787.jpg,54462,24030,ninguna,ok,
39185,DICLOFENACO POTASICO 50 MG X 20 TABLETAS RECUBIERTAS,https://mav.farmaciasaas.com/api/images/articulos/DISTRIBUCION/55.jpg,https://fqeshthtycmzgyibiurq.supabase.co/storage/v1/object/public/crsnimages/catalogo/8ff7c8e0-8e18-4c5e-a365-efcb41faed92.jpg,75288,32751,ninguna,ok,
39184,DICLOFENAC POTASICO 50 MG X 30 TABLETAS RECUBIERTAS,https://mav.farmaciasaas.com/api/images/articulos/DISTRIBUCION/26049.jpg,https://fqeshthtycmzgyibiurq.supabase.co/storage/v1/object/public/crsnimages/catalogo/38f3cec1-e267-4fba-b09c-c22a90296ef3.jpg,86982,32761,ninguna,ok,
39186,DICLOFENAC POTASICO 50 MG COMPRIMIDOS RECUBIERTOS,https://mav.farmaciasaas.com/api/images/articulos/DISTRIBUCION/8409.jpg,https://fqeshthtycmzgyibiurq.supabase.co/storage/v1/object/public/crsnimages/catalogo/48a30ed6-3440-4c93-9aae-c9ff68a0d89f.jpg,22848,14970,ninguna,ok,
39187,DICLOFENAC POTASICO 50 MG X 20 COMPRIMIDOS RECUBIERTOS,https://pccentro.net.ve/img/s/2/4/5/7/0/24570-large_default.webp,https://fqeshthtycmzgyibiurq.supabase.co/storage/v1/object/public/crsnimages/catalogo/8f5f9402-ee68-4747-a8f9-d54918da635e.jpg,19696,25971,ninguna,ok,
39188,DICLOFENACO SODICO 50 MG SUPOSITORIOS,https://mav.farmaciasaas.com/api/images/articulos/DISTRIBUCION/53593.jpg,https://fqeshthtycmzgyibiurq.supabase.co/storage/v1/object/public/crsnimages/catalogo/612d0a3b-c7e5-422c-aa6e-d54d0ee95bb4.jpg,49546,20101,ninguna,ok,
39189,DIFEN PLUS X 10 TABLETAS,https://pccentro.net.ve/img/s/7/4/6/0/5/74605-large_default.webp,https://fqeshthtycmzgyibiurq.supabase.co/storage/v1/object/public/crsnimages/catalogo/6467cc62-6177-41d3-956e-b1dfc876e79f.jpg,15938,33911,ninguna,ok,
39199,ENALAPRIL MALEATO 20 MG COMPRIMIDOS RECUBIERTOS,https://mav.farmaciasaas.com/api/images/articulos/DISTRIBUCION/98889.jpg,https://fqeshthtycmzgyibiurq.supabase.co/storage/v1/object/public/crsnimages/catalogo/bcb383ae-760f-4baa-84ed-1eb90326fa61.jpg,62981,29524,ninguna,ok,
39200,ENALAPRIL MALEATO 20 MG X 30 TABLETAS,https://mav.farmaciasaas.com/api/images/articulos/DISTRIBUCION/7971.jpg,https://fqeshthtycmzgyibiurq.supabase.co/storage/v1/object/public/crsnimages/catalogo/690450c9-b2e4-4e5f-a2dc-44f48d6b7029.jpg,64474,27444,ninguna,ok,
39196,DOMPERIDONA 10 MG COMPRIMIDOS,https://pccentro.net.ve/img/s/2/4/5/0/9/24509-large_default.webp,https://fqeshthtycmzgyibiurq.supabase.co/storage/v1/object/public/crsnimages/catalogo/67971dc7-e5ac-4bb0-9d6f-4250e228787c.jpg,16928,23069,ninguna,ok,
39191,DIKLASON 50 MG COMPRIMIDOS RECUBIERTOS,https://pccentro.net.ve/img/s/5/3/8/4/4/53844-large_default.webp,https://fqeshthtycmzgyibiurq.supabase.co/storage/v1/object/public/crsnimages/catalogo/1c9eb10e-0ca3-475f-a89f-335d960862f8.jpg,18930,35089,ninguna,ok,
39192,DIKLASON 75 MG / 3 ML X 1 AMPOLLA,https://pccentro.net.ve/img/s/8/0/5/2/8/80528-large_default.webp,https://fqeshthtycmzgyibiurq.supabase.co/storage/v1/object/public/crsnimages/catalogo/40f17a5b-a15e-43ea-af49-1fdad759b8d8.jpg,40856,22610,ninguna,ok,
39201,ERILON 0.1 % CREMA,https://mav.farmaciasaas.com/api/images/articulos/DISTRIBUCION/5842.jpg,https://fqeshthtycmzgyibiurq.supabase.co/storage/v1/object/public/crsnimages/catalogo/2d72b52a-6a68-4c61-a7e0-4b128637aaf7.jpg,145114,27901,ninguna,ok,
39202,ESOMEPRAZOL 40 MG X 16 CAPSULAS CON MICROGRANULOS DE LIBERACION ENTERICA.,https://mav.farmaciasaas.com/api/images/articulos/DISTRIBUCION/52333.jpg,https://fqeshthtycmzgyibiurq.supabase.co/storage/v1/object/public/crsnimages/catalogo/1c3fdc81-ea3e-4c32-9c01-f89028e648ab.jpg,58349,25937,ninguna,ok,
39203,DESLORATADINA 5 MG COMPRIMIDOS RECUBIERTOS,https://pccentro.net.ve/img/s/2/5/0/1/7/25017-large_default.webp,https://fqeshthtycmzgyibiurq.supabase.co/storage/v1/object/public/crsnimages/catalogo/6ec13e78-8a05-41cf-995a-a3bdf593752a.jpg,18944,27379,ninguna,ok,
39206,EUSILEN 4 MG / 2 ML X 2 AMPOLLAS,https://mav.farmaciasaas.com/api/images/articulos/DISTRIBUCION/5513.jpg,https://fqeshthtycmzgyibiurq.supabase.co/storage/v1/object/public/crsnimages/catalogo/e67ee729-55cf-411f-8456-b1376b19c83f.jpg,79643,39763,ninguna,ok,
39205,EUSILEN 4 MG / 2 ML X 1 AMPOLLA,https://mav.farmaciasaas.com/api/images/articulos/DISTRIBUCION/9602.jpg,https://fqeshthtycmzgyibiurq.supabase.co/storage/v1/object/public/crsnimages/catalogo/52cea7f3-4f32-423e-a6ef-7e16b1accf37.jpg,113634,43773,ninguna,ok,
39213,FEBRATIC 10 MG / 5 ML SUSPENSION ORAL,https://mav.farmaciasaas.com/api/images/articulos/DISTRIBUCION/95717.jpg,https://fqeshthtycmzgyibiurq.supabase.co/storage/v1/object/public/crsnimages/catalogo/35cbf40a-a8b9-47b5-a745-c8b71aefb1a4.jpg,72893,34530,ninguna,ok,
39204,EUKENE 20 MG COMPRIMIDOS RECUBIERTOS,https://mav.farmaciasaas.com/api/images/articulos/DISTRIBUCION/15025.jpg,https://fqeshthtycmzgyibiurq.supabase.co/storage/v1/object/public/crsnimages/catalogo/59559532-f949-42bc-af9f-312e43910ec7.jpg,63277,30129,ninguna,ok,
39208,FAMOTIDINA 40 MG X 10 COMPRIMIDOS,https://pccentro.net.ve/img/s/7/4/1/8/8/74188-large_default.webp,https://fqeshthtycmzgyibiurq.supabase.co/storage/v1/object/public/crsnimages/catalogo/8a1b1fb9-fdc2-4ca3-a681-b6afb54c6eb4.jpg,19492,35883,ninguna,ok,
39218,FERGANIC FOLIC 40 MG - 350 MCG X 30 TABLETAS MASTICABLES,https://mav.farmaciasaas.com/api/images/articulos/DISTRIBUCION/90601.jpg,https://fqeshthtycmzgyibiurq.supabase.co/storage/v1/object/public/crsnimages/catalogo/8eb2760f-20b7-4f6a-8c2a-48d7fba8195e.jpg,50583,19583,ninguna,ok,
39214,FEM DUCHA VAGINAL,https://mav.farmaciasaas.com/api/images/articulos/DISTRIBUCION/10354.jpg,https://fqeshthtycmzgyibiurq.supabase.co/storage/v1/object/public/crsnimages/catalogo/18600b27-8a9d-4888-ad1e-055eb4748b59.jpg,260795,35253,ninguna,ok,
39215,FEMIZOL 750 MG - 200 MG OVULOS.,https://pccentro.net.ve/img/s/4/1/3/1/4/41314-large_default.webp,https://fqeshthtycmzgyibiurq.supabase.co/storage/v1/object/public/crsnimages/catalogo/0cb3cdde-dc7c-446c-83a8-9ba28c7d2412.jpg,7874,17612,ninguna,ok,
39219,FERGANIC FOLIC 40 MG - 350 MCG X 20 TABLETAS MASTICABLES,https://mav.farmaciasaas.com/api/images/articulos/DISTRIBUCION/3971.jpg,https://fqeshthtycmzgyibiurq.supabase.co/storage/v1/object/public/crsnimages/catalogo/32b0ba70-0f61-4030-9587-84cc60751686.jpg,79726,32986,ninguna,ok,
39222,FLOMED 0.15 % - 0.25 % SOLUCION TOPICA BUCAL,https://mav.farmaciasaas.com/api/images/articulos/DISTRIBUCION/16421.jpg,https://fqeshthtycmzgyibiurq.supabase.co/storage/v1/object/public/crsnimages/catalogo/f40397e7-025f-46ca-9164-f04f378f3b3f.jpg,41649,15308,ninguna,ok,
39221,FLODONT EN FILMORASE UNGUENTO BUCAL,https://mav.farmaciasaas.com/api/images/articulos/DISTRIBUCION/6926.jpg,https://fqeshthtycmzgyibiurq.supabase.co/storage/v1/object/public/crsnimages/catalogo/1169608c-a2fa-497d-9daa-e4786d57c11b.jpg,55298,21671,ninguna,ok,
39223,FLUCONAZOL 150 MG X 2 CAPSULAS,https://mav.farmaciasaas.com/api/images/articulos/DISTRIBUCION/10287.jpg,https://fqeshthtycmzgyibiurq.supabase.co/storage/v1/object/public/crsnimages/catalogo/191e7adc-4b17-4ad7-9cdc-5461475d77e5.jpg,66662,29051,ninguna,ok,
39224,FRIXONIL SOLUCION,https://mav.farmaciasaas.com/api/images/articulos/DISTRIBUCION/97975.jpg,https://fqeshthtycmzgyibiurq.supabase.co/storage/v1/object/public/crsnimages/catalogo/d7f63617-c532-4180-8293-882198018df7.jpg,49796,19503,ninguna,ok,
39226,GABAPENTINA 300 MG X 20 CAPSULAS,https://pccentro.net.ve/img/s/3/0/6/8/1/30681-large_default.webp,https://fqeshthtycmzgyibiurq.supabase.co/storage/v1/object/public/crsnimages/catalogo/e91f090e-a5ff-4c08-9eaf-410f670ceb94.jpg,9064,20101,ninguna,ok,
39225,FURFURIL 0.2 % APOSITO SOLUBLE,https://mav.farmaciasaas.com/api/images/articulos/DISTRIBUCION/1622.jpg,https://fqeshthtycmzgyibiurq.supabase.co/storage/v1/object/public/crsnimages/catalogo/c2c78059-e7de-4453-ba6e-0748a8d9e9ed.jpg,58488,25787,ninguna,ok,
39230,GEMKAST 4 MG X 30 TABLETAS MASTICABLES,https://mav.farmaciasaas.com/api/images/articulos/DISTRIBUCION/53002.jpg,https://fqeshthtycmzgyibiurq.supabase.co/storage/v1/object/public/crsnimages/catalogo/417aff40-0bcb-4d5a-8219-e6293620ac9d.jpg,79073,36936,ninguna,ok,
39232,GEMKAST 5 MG X 10 TABLETAS MASTICABLES,https://mav.farmaciasaas.com/api/images/articulos/DISTRIBUCION/53004.jpg,https://fqeshthtycmzgyibiurq.supabase.co/storage/v1/object/public/crsnimages/catalogo/fa549e5a-8f4e-4445-bcf9-539bc4d8bc74.jpg,78605,36598,ninguna,ok,
39229,GEMKAST 4 MG X 10 TABLETAS MASTICABLES,https://mav.farmaciasaas.com/api/images/articulos/DISTRIBUCION/53002.jpg,https://fqeshthtycmzgyibiurq.supabase.co/storage/v1/object/public/crsnimages/catalogo/b306b8fd-45d3-4b9e-bb0d-ac4eb24dd395.jpg,79073,36936,ninguna,ok,
39231,GEMKAST 5 MG X 30 TABLETAS MASTICABLES,https://mav.farmaciasaas.com/api/images/articulos/DISTRIBUCION/53004.jpg,https://fqeshthtycmzgyibiurq.supabase.co/storage/v1/object/public/crsnimages/catalogo/4834722b-ba26-411c-977d-4a889d2e2efc.jpg,78605,36598,ninguna,ok,
39233,GENCICOF 0.15 % - 0.15 % SOLUCION TOPICA BUCAL,https://mav.farmaciasaas.com/api/images/articulos/DISTRIBUCION/54312.jpg,https://fqeshthtycmzgyibiurq.supabase.co/storage/v1/object/public/crsnimages/catalogo/be356bc7-80e8-46e8-9c84-4e2d83a4b527.jpg,20611,13183,ninguna,ok,
39234,GLICILAX 1.72 G SUPOSITORIOS,https://mav.farmaciasaas.com/api/images/articulos/DISTRIBUCION/51145.jpg,https://fqeshthtycmzgyibiurq.supabase.co/storage/v1/object/public/crsnimages/catalogo/b3f3e631-1470-4f73-a514-e53c010a2b08.jpg,74872,36787,ninguna,ok,
39235,GLICILAX 0.86 G SUPOSITORIOS,https://mav.farmaciasaas.com/api/images/articulos/DISTRIBUCION/51144.jpg,https://fqeshthtycmzgyibiurq.supabase.co/storage/v1/object/public/crsnimages/catalogo/bb92a29c-8bf7-4fec-8f91-518edd93a6ac.jpg,66135,30937,ninguna,ok,
39237,GLICERINA 2.88 G SUPOSITORIOS,https://mav.farmaciasaas.com/api/images/articulos/DISTRIBUCION/97222.jpg,https://fqeshthtycmzgyibiurq.supabase.co/storage/v1/object/public/crsnimages/catalogo/4c8bd845-a9f5-4eff-bc37-beba8853ddca.jpg,46754,19785,ninguna,ok,
39239,GLUTAPTIN MET 50 MG - 500 MG X 30 TABLETAS RECUBIERTAS,https://mav.farmaciasaas.com/api/images/articulos/DISTRIBUCION/27355.jpg,https://fqeshthtycmzgyibiurq.supabase.co/storage/v1/object/public/crsnimages/catalogo/ab707280-b906-452e-845a-3a10adf97cbd.jpg,24321,15322,ninguna,ok,
39238,GLUCONATO DE CALCIO AL 10 % SOLUCION INYECTABLE,https://mav.farmaciasaas.com/api/images/articulos/DISTRIBUCION/99310.jpg,https://fqeshthtycmzgyibiurq.supabase.co/storage/v1/object/public/crsnimages/catalogo/d4965db9-6152-469c-b3fa-7a55bd8fd6d0.jpg,45239,17289,ninguna,ok,
39236,GLICERINA 1.68 G SUPOSITORIOS,https://mav.farmaciasaas.com/api/images/articulos/DISTRIBUCION/97577.jpg,https://fqeshthtycmzgyibiurq.supabase.co/storage/v1/object/public/crsnimages/catalogo/42cc1dfa-8cf2-4fc7-ac99-ea8c332ade47.jpg,71465,34663,ninguna,ok,
39240,GLYMAR 4 MG X 20 TABLETAS,https://mav.farmaciasaas.com/api/images/articulos/DISTRIBUCION/9456.jpg,https://fqeshthtycmzgyibiurq.supabase.co/storage/v1/object/public/crsnimages/catalogo/c8f7004b-e34b-472c-a59c-dccb6795088d.jpg,53524,21703,ninguna,ok,
39246,HIDROCLOROTIAZIDA 12.5 MG COMPRIMIDOS,https://mav.farmaciasaas.com/api/images/articulos/DISTRIBUCION/17795.jpg,https://fqeshthtycmzgyibiurq.supabase.co/storage/v1/object/public/crsnimages/catalogo/4bea7195-2282-42fb-812e-79466db1b9aa.jpg,67600,30028,ninguna,ok,
39243,HEXANTFLEM 100 MG - 5 ML SOLUCION ORAL,https://mav.farmaciasaas.com/api/images/articulos/DISTRIBUCION/53269.jpg,https://fqeshthtycmzgyibiurq.supabase.co/storage/v1/object/public/crsnimages/catalogo/f3c3201a-71fa-4d7d-8dc6-8b2c1fe3ced8.jpg,69133,31329,ninguna,ok,
39251,IBUPROFENO 400 MG X 10 TABLETAS RECUBIERTAS,https://mav.farmaciasaas.com/api/images/articulos/DISTRIBUCION/10908.jpg,https://fqeshthtycmzgyibiurq.supabase.co/storage/v1/object/public/crsnimages/catalogo/82907db0-6f39-48a3-bcdf-67e7197db408.jpg,68439,29780,ninguna,ok,
39252,IBUPROFENO 100 MG / 5 ML SUSPENSION ORAL,https://mav.farmaciasaas.com/api/images/articulos/DISTRIBUCION/5567.jpg,https://fqeshthtycmzgyibiurq.supabase.co/storage/v1/object/public/crsnimages/catalogo/c3691b3e-f0d5-433c-9346-c32a399d236b.jpg,71512,32135,ninguna,ok,
39241,GULAPER 100 MG / 5 ML SOLUCION ORAL SABOR CHICLE,https://mav.farmaciasaas.com/api/images/articulos/DISTRIBUCION/8704.jpg,https://fqeshthtycmzgyibiurq.supabase.co/storage/v1/object/public/crsnimages/catalogo/69c69e1d-d1a5-4e04-a245-fe8c74dc186b.jpg,87929,46762,ninguna,ok,
39253,IBUPROFENO - TIOCOLCHICOSIDO 600 MG - 4 MG COMPRIMIDOS RECUBIERTOS,https://mav.farmaciasaas.com/api/images/articulos/DISTRIBUCION/29650.jpg,https://fqeshthtycmzgyibiurq.supabase.co/storage/v1/object/public/crsnimages/catalogo/cf86962c-a1ec-4c28-890e-3f17c5315674.jpg,63021,30338,ninguna,ok,
39256,IMAZOL 1 % SOLUCION,https://mav.farmaciasaas.com/api/images/articulos/DISTRIBUCION/1852.jpg,https://fqeshthtycmzgyibiurq.supabase.co/storage/v1/object/public/crsnimages/catalogo/c06380dc-27fe-41af-ba9d-6c87d1d24dca.jpg,45815,18088,ninguna,ok,
39257,IRBESARTAN 150 MG X 28 TABLETAS,https://mav.farmaciasaas.com/api/images/articulos/DISTRIBUCION/28781.jpg,https://fqeshthtycmzgyibiurq.supabase.co/storage/v1/object/public/crsnimages/catalogo/f22f41f5-7cda-42f7-91e9-6bb4e39bd2e7.jpg,19484,11709,ninguna,ok,
39259,IRBETIAZID 300 MG - 12.5 MG X 28 TABLETAS,https://mav.farmaciasaas.com/api/images/articulos/DISTRIBUCION/25237.jpg,https://fqeshthtycmzgyibiurq.supabase.co/storage/v1/object/public/crsnimages/catalogo/43dda227-c0fc-4b8d-a4ad-22ecb60127b7.jpg,69844,31247,ninguna,ok,
39262,IRGEM 300 MG X 30 TABLETAS,https://mav.farmaciasaas.com/api/images/articulos/DISTRIBUCION/52652.jpg,https://fqeshthtycmzgyibiurq.supabase.co/storage/v1/object/public/crsnimages/catalogo/8ac1f8a8-7449-4f5f-8f76-16e2c1812992.jpg,53020,23247,ninguna,ok,
39261,IRGEM 300 MG X 10 TABLETAS,https://mav.farmaciasaas.com/api/images/articulos/DISTRIBUCION/52652.jpg,https://fqeshthtycmzgyibiurq.supabase.co/storage/v1/object/public/crsnimages/catalogo/b60a77b0-7451-48d2-ab0f-a514afd8ec28.jpg,53020,23247,ninguna,ok,
39267,KETOPROFENO 100 MG / 2 ML X 10 AMPOLLAS,https://mav.farmaciasaas.com/api/images/articulos/DISTRIBUCION/5201.jpg,https://fqeshthtycmzgyibiurq.supabase.co/storage/v1/object/public/crsnimages/catalogo/d2f2d3f5-cc1e-4ef7-a4f4-3138fc3e712f.jpg,105413,33698,ninguna,ok,
39263,IRGEM PLUS 300 MG - 12.5 MG X 30 TABLETAS,https://mav.farmaciasaas.com/api/images/articulos/DISTRIBUCION/52661.jpg,https://fqeshthtycmzgyibiurq.supabase.co/storage/v1/object/public/crsnimages/catalogo/ece17e56-3627-4d55-aaf1-a27a487e75ed.jpg,63186,28600,ninguna,ok,
39268,KETOPROFENO 100 MG / 2 ML X 20 AMPOLLAS,https://mav.farmaciasaas.com/api/images/articulos/DISTRIBUCION/5201.jpg,https://fqeshthtycmzgyibiurq.supabase.co/storage/v1/object/public/crsnimages/catalogo/5ffa4f83-a1ad-4c4c-9c5f-28c5e0e05f50.jpg,105413,33698,ninguna,ok,
39269,KETOPROFENO 100 MG COMPRIMIDOS ENTERICOS,https://pccentro.net.ve/img/s/2/5/2/5/2/25252-large_default.webp,https://fqeshthtycmzgyibiurq.supabase.co/storage/v1/object/public/crsnimages/catalogo/ca4b3d37-352f-40fd-adfa-4c86786ca2f9.jpg,22818,30160,ninguna,ok,
39271,KETOPROFENO 100 MG / 2 ML X 1 AMPOLLA,https://mav.farmaciasaas.com/api/images/articulos/DISTRIBUCION/521.jpg,https://fqeshthtycmzgyibiurq.supabase.co/storage/v1/object/public/crsnimages/catalogo/46e870e4-3cfd-4378-a758-6f5b58ad9aeb.jpg,55472,20884,ninguna,ok,
39272,KETOROLAC 10 MG COMPRIMIDOS,https://pccentro.net.ve/img/s/2/4/4/8/9/24489-large_default.webp,https://fqeshthtycmzgyibiurq.supabase.co/storage/v1/object/public/crsnimages/catalogo/64a333ee-948b-4359-ada7-3cc42f9c09d4.jpg,11034,15082,ninguna,ok,
39273,KLINCOSAL 262 MG - 100 MG X 30 TABLETAS MASTICABLES SABOR A UVA,https://mav.farmaciasaas.com/api/images/articulos/DISTRIBUCION/28870.jpg,https://fqeshthtycmzgyibiurq.supabase.co/storage/v1/object/public/crsnimages/catalogo/def2b1b6-d154-42ba-a3eb-339bc901887b.jpg,49513,20914,ninguna,ok,
39264,ISOSPRAY PLUS 0.15 % - 0.25 % SOLUCION,https://mav.farmaciasaas.com/api/images/articulos/DISTRIBUCION/99601.jpg,https://fqeshthtycmzgyibiurq.supabase.co/storage/v1/object/public/crsnimages/catalogo/d9acc3d8-2315-4a1f-a4f4-9d444c0f050a.jpg,134279,21452,ninguna,ok,
39278,LAGEMIN 50 MG X 10 TABLETAS DISPERSABLES,https://mav.farmaciasaas.com/api/images/articulos/DISTRIBUCION/52656.jpg,https://fqeshthtycmzgyibiurq.supabase.co/storage/v1/object/public/crsnimages/catalogo/4ad0f461-830b-41a5-8c56-547c870c96e8.jpg,70710,31840,ninguna,ok,
39277,LAGEMIN 50 MG X 30 TABLETAS DISPERSABLES,https://mav.farmaciasaas.com/api/images/articulos/DISTRIBUCION/52656.jpg,https://fqeshthtycmzgyibiurq.supabase.co/storage/v1/object/public/crsnimages/catalogo/b2fb4bbf-c79b-4f49-9123-092e34d19b2b.jpg,70710,31840,ninguna,ok,
39276,LAGEMIN 25 MG X 30 TABLETAS DISPERSABLES,https://mav.farmaciasaas.com/api/images/articulos/DISTRIBUCION/52653.jpg,https://fqeshthtycmzgyibiurq.supabase.co/storage/v1/object/public/crsnimages/catalogo/4ae7a62c-1d32-46ea-bc6c-204ee45d85ca.jpg,66650,29603,ninguna,ok,
39280,LAGEMIN 100 MG X 30 TABLETAS DISPERSABLES,https://mav.farmaciasaas.com/api/images/articulos/DISTRIBUCION/52657.jpg,https://fqeshthtycmzgyibiurq.supabase.co/storage/v1/object/public/crsnimages/catalogo/544e8ea2-afa7-4ef5-8347-d0c0dead53a0.jpg,65689,28758,ninguna,ok,
39281,LANOLZINC 15 % - 11 % POMADA,https://mav.farmaciasaas.com/api/images/articulos/DISTRIBUCION/4414.jpg,https://fqeshthtycmzgyibiurq.supabase.co/storage/v1/object/public/crsnimages/catalogo/e6fd0239-e8e3-4883-8003-dc47f24359b0.jpg,148354,19913,ninguna,ok,
39282,LASIX 20 MG COMPRIMIDOS,https://mav.farmaciasaas.com/api/images/articulos/DISTRIBUCION/6018.jpg,https://fqeshthtycmzgyibiurq.supabase.co/storage/v1/object/public/crsnimages/catalogo/c3221e31-8fc3-4639-ac38-3753bba623a8.jpg,20837,12553,ninguna,ok,
39283,LECART 1 G / 10 ML SOLUCION ORAL,https://mav.farmaciasaas.com/api/images/articulos/DISTRIBUCION/13056.jpg,https://fqeshthtycmzgyibiurq.supabase.co/storage/v1/object/public/crsnimages/catalogo/0c80c287-0320-4431-96d9-77a2a16d8eda.jpg,46993,17645,ninguna,ok,
39284,LETISAN 500 MG X 10 TABLETAS MASTICABLES SABOR UVA,https://mav.farmaciasaas.com/api/images/articulos/DISTRIBUCION/50523.jpg,https://fqeshthtycmzgyibiurq.supabase.co/storage/v1/object/public/crsnimages/catalogo/0006fde4-7094-4567-921d-c4c95601e8ba.jpg,77339,39400,ninguna,ok,
39285,LEVOTEC 500 MG SOLUCION INYECTABLE PARA INFUSION INTRAVENOSA,https://mav.farmaciasaas.com/api/images/articulos/DISTRIBUCION/8827.jpg,https://fqeshthtycmzgyibiurq.supabase.co/storage/v1/object/public/crsnimages/catalogo/5a6a5160-1f07-47a0-b7ae-eafeb5698b3b.jpg,54201,23720,ninguna,ok,
39279,LAGEMIN 100 MG X 10 TABLETAS DISPERSABLES,https://mav.farmaciasaas.com/api/images/articulos/DISTRIBUCION/52657.jpg,https://fqeshthtycmzgyibiurq.supabase.co/storage/v1/object/public/crsnimages/catalogo/e252e8fe-1cf6-45fc-9272-1232f0f60e58.jpg,65689,28758,ninguna,ok,
39290,LOSARTAN POTASICO 100 MG X 10 TABLETAS RECUBIERTAS,https://mav.farmaciasaas.com/api/images/articulos/DISTRIBUCION/93419.jpg,https://fqeshthtycmzgyibiurq.supabase.co/storage/v1/object/public/crsnimages/catalogo/827d3920-192d-4bd0-800a-bd2016f153e0.jpg,71166,30927,ninguna,ok,
39294,MAXOTEN 50 MG COMPRIMIDOS RECUBIERTOS,https://mav.farmaciasaas.com/api/images/articulos/DISTRIBUCION/50705.jpg,https://fqeshthtycmzgyibiurq.supabase.co/storage/v1/object/public/crsnimages/catalogo/daa666e7-7728-4b63-add5-7c3a67d909eb.jpg,68278,30989,ninguna,ok,
39289,LOSARTAN POTASICO 50 MG X 14 TABLETAS RECUBIERTAS,https://pccentro.net.ve/img/s/8/0/7/3/5/80735-large_default.webp,https://fqeshthtycmzgyibiurq.supabase.co/storage/v1/object/public/crsnimages/catalogo/d0681d9c-b0b9-4c88-bbac-a4980edd7373.jpg,52072,28661,ninguna,ok,
39288,LORATADINA 1 MG / ML SOLUCION ORAL,https://mav.farmaciasaas.com/api/images/articulos/DISTRIBUCION/51011.jpg,https://fqeshthtycmzgyibiurq.supabase.co/storage/v1/object/public/crsnimages/catalogo/44e9bc75-73b9-4856-b3c8-b6c9e73630fc.jpg,59291,23615,ninguna,ok,
39295,MELOXICAM 7.5 MG X 10 TABLETAS,https://mav.farmaciasaas.com/api/images/articulos/DISTRIBUCION/4936.jpg,https://fqeshthtycmzgyibiurq.supabase.co/storage/v1/object/public/crsnimages/catalogo/8fe2ae45-ff8a-4a72-b767-8b4bf3207f3a.jpg,61430,28620,ninguna,ok,
39293,ROWELUK PLUS 5 MG - 2.5 MG X 10 COMPRIMIDOS MASTICABLES,https://pccentro.net.ve/img/s/8/0/8/7/2/80872-large_default.webp,https://fqeshthtycmzgyibiurq.supabase.co/storage/v1/object/public/crsnimages/catalogo/077cc4b3-1754-4d3b-879f-c474a645f22d.jpg,57836,32275,ninguna,ok,
39297,METFORMINA CLORHIDRATO 1000 MG COMPRIMIDOS,https://pccentro.net.ve/img/s/7/6/7/8/1/76781-large_default.webp,https://fqeshthtycmzgyibiurq.supabase.co/storage/v1/object/public/crsnimages/catalogo/540ba040-012a-4454-bd83-1c62dfb9d324.jpg,35102,18820,ninguna,ok,
39301,METRONIDAZOL 500 MG COMPRIMIDOS,https://pccentro.net.ve/img/s/7/5/0/9/4/75094-large_default.webp,https://fqeshthtycmzgyibiurq.supabase.co/storage/v1/object/public/crsnimages/catalogo/c1174145-c7b6-4610-a71f-b9e6ea9bda88.jpg,12636,25142,ninguna,ok,
39300,METFORMINA CLORHIDRATO 500 MG X 30 TABLETAS,https://mav.farmaciasaas.com/api/images/articulos/DISTRIBUCION/27232.jpg,https://fqeshthtycmzgyibiurq.supabase.co/storage/v1/object/public/crsnimages/catalogo/d71add69-e894-40ba-ab50-2f69802702bd.jpg,58410,23995,ninguna,ok,
39305,MIGRADORIXINA 125 MG - 1 MG COMPRIMIDOS RECUBIERTOS,https://mav.farmaciasaas.com/api/images/articulos/DISTRIBUCION/30067.jpg,https://fqeshthtycmzgyibiurq.supabase.co/storage/v1/object/public/crsnimages/catalogo/0aab5ace-4473-429c-bc22-9494d8380c22.jpg,74484,36316,ninguna,ok,
39298,METFORMINA CLORHIDRATO 500 MG COMPRIMIDOS,https://pccentro.net.ve/img/s/3/0/6/7/5/30675-large_default.webp,https://fqeshthtycmzgyibiurq.supabase.co/storage/v1/object/public/crsnimages/catalogo/7db09f08-1008-4722-8697-262f091f8a74.jpg,19242,24629,ninguna,ok,
39309,MONTELUKAST 10 MG X 10 TABLETAS RECUBIERTAS,https://pccentro.net.ve/img/s/3/5/5/2/1/35521-large_default.webp,https://fqeshthtycmzgyibiurq.supabase.co/storage/v1/object/public/crsnimages/catalogo/bcd1fe4a-4644-4f64-b04d-5e1f173a8c62.jpg,8528,17746,ninguna,ok,
39306,MISELLIM 10 MG COMPRIMIDOS RECUBIERTOS,https://mav.farmaciasaas.com/api/images/articulos/DISTRIBUCION/91349.jpg,https://fqeshthtycmzgyibiurq.supabase.co/storage/v1/object/public/crsnimages/catalogo/04ef1bb9-2639-4133-af57-b0f34e26bac2.jpg,46418,17512,ninguna,ok,
39310,MONTELUKAST 5 MG X 30 TABLETAS MASTICABLES,https://mav.farmaciasaas.com/api/images/articulos/DISTRIBUCION/92814.jpg,https://fqeshthtycmzgyibiurq.supabase.co/storage/v1/object/public/crsnimages/catalogo/4726e979-a7d5-4de5-949b-af5232cbc57d.jpg,88872,35332,ninguna,ok,
39311,OTOCORT 1 MG - 5 MG - 5000 UI / ML SUSPENSION OTICA,https://mav.farmaciasaas.com/api/images/articulos/DISTRIBUCION/52903.jpg,https://fqeshthtycmzgyibiurq.supabase.co/storage/v1/object/public/crsnimages/catalogo/447c904e-d807-4974-a728-65e1e7bee530.jpg,64555,26488,ninguna,ok,
39318,NEUROMIX COMPRIMIDOS RECUBIERTOS,https://mav.farmaciasaas.com/api/images/articulos/DISTRIBUCION/23206.jpg,https://fqeshthtycmzgyibiurq.supabase.co/storage/v1/object/public/crsnimages/catalogo/0eb124d2-ce75-4409-a381-99efaaa559ca.jpg,46345,18526,ninguna,ok,
39314,NAPROXENO SODICO 275 MG COMPRIMIDOS RECUBIERTOS,https://pccentro.net.ve/img/s/7/0/9/2/3/70923-large_default.webp,https://fqeshthtycmzgyibiurq.supabase.co/storage/v1/object/public/crsnimages/catalogo/a6aa3cba-ef7b-4793-ab7a-8a9d318bb039.jpg,15146,29217,ninguna,ok,
39319,NONAFOL 10 MG / ML X 10 SOLUCION ORAL,https://mav.farmaciasaas.com/api/images/articulos/DISTRIBUCION/18358.jpg,https://fqeshthtycmzgyibiurq.supabase.co/storage/v1/object/public/crsnimages/catalogo/9781b19e-2ec6-4e1b-bd27-b159bd35c89d.jpg,48432,18776,ninguna,ok,
39321,NOXPIRIN 125 MG - 0.5 MG / 5 ML SOLUCION ORAL,https://mav.farmaciasaas.com/api/images/articulos/DISTRIBUCION/24256.jpg,https://fqeshthtycmzgyibiurq.supabase.co/storage/v1/object/public/crsnimages/catalogo/ca5b58c2-241d-40bc-a66a-749b40e339a8.jpg,68486,32920,ninguna,ok,
39323,OLMESARTAN MEDOXOMIL - HIDROCLOROTIAZIDA 40 MG - 12.5 MG COMPRIMIDOS RECUBIERTOS,https://mav.farmaciasaas.com/api/images/articulos/DISTRIBUCION/17795.jpg,https://fqeshthtycmzgyibiurq.supabase.co/storage/v1/object/public/crsnimages/catalogo/b60d7321-6b54-4971-84de-87764370e6a6.jpg,67600,30028,ninguna,ok,
39322,NOXPIRIN 325 MG - 1.25 MG / 5 ML SOLUCION ORAL,https://mav.farmaciasaas.com/api/images/articulos/DISTRIBUCION/24257.jpg,https://fqeshthtycmzgyibiurq.supabase.co/storage/v1/object/public/crsnimages/catalogo/3b47d4e1-37a7-4cb2-93c7-76028d00d952.jpg,60800,26146,ninguna,ok,
39316,NEFROTAL H 100 MG - 12.5 MG COMPRIMIDOS RECUBIERTOS,https://mav.farmaciasaas.com/api/images/articulos/DISTRIBUCION/25632.jpg,https://fqeshthtycmzgyibiurq.supabase.co/storage/v1/object/public/crsnimages/catalogo/6e10bcf9-a25f-47b5-ae5b-10e3d33f78f5.jpg,67330,29711,ninguna,ok,
39324,OLMESARTAN MEDOXOMIL 20 MG COMPRIMIDOS RECUBIERTOS,https://mav.farmaciasaas.com/api/images/articulos/DISTRIBUCION/25976.jpg,https://fqeshthtycmzgyibiurq.supabase.co/storage/v1/object/public/crsnimages/catalogo/f15ee529-cdbb-4d83-8299-0c8bc1ceaa42.jpg,56173,24440,ninguna,ok,
39325,OLMESARTAN MEDOXOMILO 20 MG X 30 TABLETAS RECUBIERTAS,https://mav.farmaciasaas.com/api/images/articulos/DISTRIBUCION/13813.jpg,https://fqeshthtycmzgyibiurq.supabase.co/storage/v1/object/public/crsnimages/catalogo/29f5806f-b31c-4ded-88c1-d875c8dda315.jpg,25952,16365,ninguna,ok,
39326,OMEPRAZOL 40 MG X 7 CAPSULAS GASTRORRESISTENTES,https://mav.farmaciasaas.com/api/images/articulos/DISTRIBUCION/29583.jpg,https://fqeshthtycmzgyibiurq.supabase.co/storage/v1/object/public/crsnimages/catalogo/baaca8c8-496e-4cbd-b937-d93aef5a8f5b.jpg,78940,38593,ninguna,ok,
39327,OMEPRAZOL 40 MG X 30 CAPSULAS GASTRORRESISTENTES,https://mav.farmaciasaas.com/api/images/articulos/DISTRIBUCION/50576.jpg,https://fqeshthtycmzgyibiurq.supabase.co/storage/v1/object/public/crsnimages/catalogo/8497c27a-6ca5-4b2e-a032-a9bda69bcd08.jpg,79752,32690,ninguna,ok,
39329,OMEPRAZOL 20 MG X 30 CAPSULAS,https://mav.farmaciasaas.com/api/images/articulos/DISTRIBUCION/24329.jpg,https://fqeshthtycmzgyibiurq.supabase.co/storage/v1/object/public/crsnimages/catalogo/e30972f6-fb86-4b56-90c0-6447d8c158d2.jpg,86377,34835,ninguna,ok,
39330,OMEPRAZOL 20 MG X 7 CAPSULAS,https://mav.farmaciasaas.com/api/images/articulos/DISTRIBUCION/9745.jpg,https://fqeshthtycmzgyibiurq.supabase.co/storage/v1/object/public/crsnimages/catalogo/750cb96b-f65b-4f0c-b34b-4d25bb980d10.jpg,77247,31601,ninguna,ok,
39331,ORALZINC SALES DE REHIDRATACION POLVO PARA SOLUCION ORAL SABOR A MANDARINA,https://mav.farmaciasaas.com/api/images/articulos/DISTRIBUCION/51830.jpg,https://fqeshthtycmzgyibiurq.supabase.co/storage/v1/object/public/crsnimages/catalogo/9b8b6876-9abe-4126-abad-8b8ab96e555d.jpg,77488,35065,ninguna,ok,
39333,OTAN 0.1 % - 4.0 % SOLUCION OTICA,https://mav.farmaciasaas.com/api/images/articulos/DISTRIBUCION/97545.jpg,https://fqeshthtycmzgyibiurq.supabase.co/storage/v1/object/public/crsnimages/catalogo/f0b98c0c-20d3-4480-87b6-c064dca5c6e7.jpg,74587,34605,ninguna,ok,
39338,PEGYT 50 MG X 30 CAPSULAS,https://mav.farmaciasaas.com/api/images/articulos/DISTRIBUCION/52625.jpg,https://fqeshthtycmzgyibiurq.supabase.co/storage/v1/object/public/crsnimages/catalogo/82399611-1fd8-434f-a190-9ee87e2d055c.jpg,67186,30099,ninguna,ok,
39340,PERTEN 1 % CREMA,https://mav.farmaciasaas.com/api/images/articulos/DISTRIBUCION/20023.jpg,https://fqeshthtycmzgyibiurq.supabase.co/storage/v1/object/public/crsnimages/catalogo/e51fd942-37c2-4f2e-b8e4-ec873eab4657.jpg,69743,30848,ninguna,ok,
39332,OROFENO 150 MG COMPRIMIDOS DE LIBERACION CONTROLADA,https://pccentro.net.ve/img/s/5/5/0/6/3/55063-large_default.webp,https://fqeshthtycmzgyibiurq.supabase.co/storage/v1/object/public/crsnimages/catalogo/dba2c94d-5a06-49c0-bc09-cdda3d96cda3.jpg,16982,33432,ninguna,ok,
39353,REHIDROSOL 45 MEQ / L SOLUCION ELECTROLITICA USO ORAL SABOR A UVA,https://mav.farmaciasaas.com/api/images/articulos/DISTRIBUCION/15335.jpg,https://fqeshthtycmzgyibiurq.supabase.co/storage/v1/object/public/crsnimages/catalogo/4475ece1-4b7e-4d82-9406-e447ed5d2165.jpg,56337,24102,ninguna,ok,
39347,QUETIAPINA 100 MG COMPRIMIDOS,https://pccentro.net.ve/img/s/5/6/4/3/0/56430-large_default.webp,https://fqeshthtycmzgyibiurq.supabase.co/storage/v1/object/public/crsnimages/catalogo/104a9def-ccdf-4d81-a02f-fd1b3179c782.jpg,15862,30482,ninguna,ok,
39342,PREDNISONA 5 MG COMPRIMIDOS,https://pccentro.net.ve/img/s/8/7/8/2/8/87828-large_default.webp,https://fqeshthtycmzgyibiurq.supabase.co/storage/v1/object/public/crsnimages/catalogo/8dd508e9-4f89-461b-84ba-2b1b49989cd9.jpg,45222,26103,ninguna,ok,
39351,REGULIP 10 MG X 30 TABLETAS,https://pccentro.net.ve/img/s/3/5/6/2/9/35629-large_default.webp,https://fqeshthtycmzgyibiurq.supabase.co/storage/v1/object/public/crsnimages/catalogo/32d77c3c-9534-4199-b4f4-bdd72046292e.jpg,11432,26290,ninguna,ok,
39357,RINOLAST D 30 MG - 30 MG / 5 ML SUSPENSION ORAL,https://pccentro.net.ve/img/s/2/2/9/0/0/22900-large_default.webp,https://fqeshthtycmzgyibiurq.supabase.co/storage/v1/object/public/crsnimages/catalogo/f092feb2-692f-4c8f-b783-2f1773a1bdb3.jpg,26602,36583,ninguna,ok,
39355,RINARIS 5 MG - 60 MG X 10 TABLETAS RECUBIERTAS,https://mav.farmaciasaas.com/api/images/articulos/DISTRIBUCION/16753.jpg,https://fqeshthtycmzgyibiurq.supabase.co/storage/v1/object/public/crsnimages/catalogo/90ea1580-ad6b-48bb-954e-1c6dda3bebe7.jpg,47486,18047,ninguna,ok,
39363,SILDENAFIL 50 MG X 2 TABLETAS RECUBIERTAS,https://mav.farmaciasaas.com/api/images/articulos/DISTRIBUCION/99404.jpg,https://fqeshthtycmzgyibiurq.supabase.co/storage/v1/object/public/crsnimages/catalogo/b94d52e9-dfef-4de9-ac98-708fa346a937.jpg,80042,36686,ninguna,ok,
39365,SITALUX 100 MG X 30 TABLETAS RECUBIERTAS,https://mav.farmaciasaas.com/api/images/articulos/DISTRIBUCION/28533.jpg,https://fqeshthtycmzgyibiurq.supabase.co/storage/v1/object/public/crsnimages/catalogo/3156eccf-1915-4f1c-b163-ece3f8266373.jpg,50651,20348,ninguna,ok,
39364,SILDENAFIL 50 MG X 4 TABLETAS RECUBIERTAS,https://mav.farmaciasaas.com/api/images/articulos/DISTRIBUCION/20786.jpg,https://fqeshthtycmzgyibiurq.supabase.co/storage/v1/object/public/crsnimages/catalogo/f247ae4b-8bc5-4a42-be0f-41f7d542935d.jpg,48915,20251,ninguna,ok,
39367,DEXTROSA AL 5 % EN SOLUCION FISIOLOGICA ISOTONICA DE CLORURO DE SODIO I,https://mav.farmaciasaas.com/api/images/articulos/DISTRIBUCION/1133.jpg,https://fqeshthtycmzgyibiurq.supabase.co/storage/v1/object/public/crsnimages/catalogo/7ea448d5-0e75-40b0-acff-fd2de7bd1f0d.jpg,51889,21301,ninguna,ok,
39368,STAMYLFORTE 300 MG - 100 MG X 20 TABLETAS RECUBIERTAS,https://mav.farmaciasaas.com/api/images/articulos/DISTRIBUCION/13272.jpg,https://fqeshthtycmzgyibiurq.supabase.co/storage/v1/object/public/crsnimages/catalogo/bdd549d4-6e96-4989-90b6-ba68334693af.jpg,60273,28428,ninguna,ok,
39381,TACHIPIRIN FORTE 160 MG / 5 ML SUSPENSION ORAL,https://pccentro.net.ve/img/s/2/5/9/6/4/25964-large_default.webp,https://fqeshthtycmzgyibiurq.supabase.co/storage/v1/object/public/crsnimages/catalogo/616dbbac-ba3f-43b8-8a93-966b7fc0fc94.jpg,31518,41865,ninguna,ok,
39382,TADALAFILO 5 MG COMPRIMIDOS RECUBIERTOS,https://mav.farmaciasaas.com/api/images/articulos/DISTRIBUCION/50485.jpg,https://fqeshthtycmzgyibiurq.supabase.co/storage/v1/object/public/crsnimages/catalogo/5a349e0d-3cbb-4ca9-a52a-2af8e9c85920.jpg,40887,15493,ninguna,ok,
39378,TACHIPIRIN 100 MG / ML SOLUCION ORAL,https://pccentro.net.ve/img/s/2/2/6/9/4/22694-large_default.webp,https://fqeshthtycmzgyibiurq.supabase.co/storage/v1/object/public/crsnimages/catalogo/394ce0f7-c9c3-47fa-9c11-c39fecb33580.jpg,21074,27455,ninguna,ok,
39380,TACHIPIRIN 500 MG X 20 TABLETAS,https://pccentro.net.ve/img/s/5/4/8/7/6/54876-large_default.webp,https://fqeshthtycmzgyibiurq.supabase.co/storage/v1/object/public/crsnimages/catalogo/8668b2e8-a35f-48ff-a025-34380ac394ad.jpg,21738,39605,ninguna,ok,
39379,ACETAMINOFEN 250 MG SUPOSITORIOS,https://pccentro.net.ve/img/s/7/2/0/9/9/72099-large_default.webp,https://fqeshthtycmzgyibiurq.supabase.co/storage/v1/object/public/crsnimages/catalogo/5ede7ddb-0aa2-4ae1-a47e-744fad30a8cd.jpg,13852,28113,ninguna,ok,
39383,TAMOA 250 MG COMPRIMIDOS MASTICABLES,https://mav.farmaciasaas.com/api/images/articulos/DISTRIBUCION/95723.jpg,https://fqeshthtycmzgyibiurq.supabase.co/storage/v1/object/public/crsnimages/catalogo/48a3d155-2a6a-477b-a5af-50547a75fffe.jpg,150554,28755,ninguna,ok,
39377,TACHIGRIP FORTE X 6 POLVO PARA SOLUCION ORAL,https://pccentro.net.ve/img/s/7/6/9/9/0/76990-large_default.webp,https://fqeshthtycmzgyibiurq.supabase.co/storage/v1/object/public/crsnimages/catalogo/aa949d40-3d89-4a2c-86c6-466e070c55be.jpg,84582,46296,ninguna,ok,
39387,TENSOMAX 60 MG X 10 CAPSULAS DE LIBERACION PROLONGADA,https://pccentro.net.ve/img/s/7/4/4/6/7/74467-large_default.webp,https://fqeshthtycmzgyibiurq.supabase.co/storage/v1/object/public/crsnimages/catalogo/aeeb8ddc-30a1-473c-88d8-e5ca46db3fcd.jpg,9142,21054,ninguna,ok,
39391,TERAGRIPSUPRA X 10 TABLETAS RECUBIERTAS,https://mav.farmaciasaas.com/api/images/articulos/DISTRIBUCION/96315.jpg,https://fqeshthtycmzgyibiurq.supabase.co/storage/v1/object/public/crsnimages/catalogo/70bbdb52-e22b-4f72-952a-27455de1b167.jpg,84879,41388,ninguna,ok,
39389,TERAGRIPFORTE NOCHE 650 MG - 4 MG X 4 TABLETAS RECUBIERTAS,https://mav.farmaciasaas.com/api/images/articulos/DISTRIBUCION/51036.jpg,https://fqeshthtycmzgyibiurq.supabase.co/storage/v1/object/public/crsnimages/catalogo/a91ad928-8027-4120-94ea-31ac477c4774.jpg,85639,42061,ninguna,ok,
39392,TERBINAFINA 1 % CREMA,https://mav.farmaciasaas.com/api/images/articulos/DISTRIBUCION/96827.jpg,https://fqeshthtycmzgyibiurq.supabase.co/storage/v1/object/public/crsnimages/catalogo/99b769b3-c107-4ddc-a313-0b7259da926a.jpg,79556,35307,ninguna,ok,
39395,TOBRAMICINA 0.3 % SOLUCION OFTALMICA,https://mav.farmaciasaas.com/api/images/articulos/DISTRIBUCION/28243.jpg,https://fqeshthtycmzgyibiurq.supabase.co/storage/v1/object/public/crsnimages/catalogo/537c0ed7-3299-47dd-8f69-3b80b5a5c952.jpg,60068,21612,ninguna,ok,
39400,VALSARTAN 160 MG X 20 CAPSULAS,https://pccentro.net.ve/img/s/9/4/1/3/4/94134-large_default.webp,https://fqeshthtycmzgyibiurq.supabase.co/storage/v1/object/public/crsnimages/catalogo/4b0e6100-c328-48dd-bfb2-560eb043327d.jpg,48006,25693,ninguna,ok,
39399,VALGEM PLUS 160 MG-12.5 MG X 30 TABLETAS RECUBIERTAS,https://mav.farmaciasaas.com/api/images/articulos/DISTRIBUCION/52665.jpg,https://fqeshthtycmzgyibiurq.supabase.co/storage/v1/object/public/crsnimages/catalogo/801a48c7-1d19-4799-afc3-56acc0957943.jpg,70569,32191,ninguna,ok,
39398,VALGEM PLUS 160 MG-12.5 MG X 10 TABLETAS RECUBIERTAS,https://mav.farmaciasaas.com/api/images/articulos/DISTRIBUCION/52665.jpg,https://fqeshthtycmzgyibiurq.supabase.co/storage/v1/object/public/crsnimages/catalogo/e3736e54-7053-4ddf-b108-1b90b6845175.jpg,70569,32191,ninguna,ok,
39404,VALSARTAN 80 MG CAPSULAS,https://mav.farmaciasaas.com/api/images/articulos/DISTRIBUCION/99610.jpg,https://fqeshthtycmzgyibiurq.supabase.co/storage/v1/object/public/crsnimages/catalogo/d1cec596-5195-4a9b-83b5-6c2afa2f64ae.jpg,72708,32369,ninguna,ok,
39401,VALSARTAN CON HIDROCLOROTIAZIDA 160 MG - 12.5 MG COMPRIMIDOS RECUBIERTOS,https://mav.farmaciasaas.com/api/images/articulos/DISTRIBUCION/54193.jpg,https://fqeshthtycmzgyibiurq.supabase.co/storage/v1/object/public/crsnimages/catalogo/ad1943b2-e267-4e93-96c0-3b62b272cc96.jpg,70316,33077,ninguna,ok,
39405,VALSARTAN 80 MG COMPRIMIDOS RECUBIERTOS,https://mav.farmaciasaas.com/api/images/articulos/DISTRIBUCION/29789.jpg,https://fqeshthtycmzgyibiurq.supabase.co/storage/v1/object/public/crsnimages/catalogo/59a776c6-a5b6-4f8c-8c1c-0f44ed65baa8.jpg,52276,22507,ninguna,ok,
39408,VITAMINA C 100 MG / 5 ML JARABE,https://pccentro.net.ve/img/s/7/7/8/3/5/77835-large_default.webp,https://fqeshthtycmzgyibiurq.supabase.co/storage/v1/object/public/crsnimages/catalogo/dce8cfae-9517-487d-9c68-41222a66a135.jpg,105634,56200,ninguna,ok,
39409,VITADYN C 1 G COMPRIMIDOS EFERVESCENTES SABOR A GRAPEFRUIT X 10 COMPRIMIDOS,https://mav.farmaciasaas.com/api/images/articulos/DISTRIBUCION/11403.jpg,https://fqeshthtycmzgyibiurq.supabase.co/storage/v1/object/public/crsnimages/catalogo/4734e203-58b1-47b3-8727-7989992e718c.jpg,53763,19467,ninguna,ok,
39406,VALSARTAN CON HIDROCLOROTIAZIDA 80 MG - 12.5 MG COMPRIMIDOS,https://pccentro.net.ve/img/s/5/6/1/6/8/56168-large_default.webp,https://fqeshthtycmzgyibiurq.supabase.co/storage/v1/object/public/crsnimages/catalogo/579ea385-1acd-4110-91fa-a15a57eab56b.jpg,17456,33125,ninguna,ok,
39410,VITADYN C 500 MG X 30 TABLETAS MASTICABLES SABOR A FRESA,https://mav.farmaciasaas.com/api/images/articulos/DISTRIBUCION/30132.jpg,https://fqeshthtycmzgyibiurq.supabase.co/storage/v1/object/public/crsnimages/catalogo/efe532a6-684e-48ca-9b15-f3c1f78f52a7.jpg,92170,32827,ninguna,ok,
39412,VITAMINA B12 250 MCG X 20 CAPSULAS,https://mav.farmaciasaas.com/api/images/articulos/DISTRIBUCION/3790.jpg,https://fqeshthtycmzgyibiurq.supabase.co/storage/v1/object/public/crsnimages/catalogo/439d74e1-aa68-4a63-913e-3bce2925a50d.jpg,52305,19545,ninguna,ok,
39413,VITAMINA C 50 MG / 5 ML JARABE,https://mav.farmaciasaas.com/api/images/articulos/DISTRIBUCION/11556.jpg,https://fqeshthtycmzgyibiurq.supabase.co/storage/v1/object/public/crsnimages/catalogo/f04fcedf-9bb7-4236-b2ca-dbd0ea55dc22.jpg,52101,21636,ninguna,ok,
39425,ANAPIR 400 MG X 10 CAPSULAS BLANDAS,https://mav.farmaciasaas.com/api/images/articulos/DISTRIBUCION/17362.jpg,https://fqeshthtycmzgyibiurq.supabase.co/storage/v1/object/public/crsnimages/catalogo/1a835dcf-31b3-43cc-8fbc-e18acdac0c57.jpg,66313,28509,ninguna,ok,
39421,ALILUB 1.4 % SOLUCION OFTALMICA,https://mav.farmaciasaas.com/api/images/articulos/DISTRIBUCION/25509.jpg,https://fqeshthtycmzgyibiurq.supabase.co/storage/v1/object/public/crsnimages/catalogo/b5b1c8d1-185b-46ca-bf79-dbeffd6a58c1.jpg,89865,44974,ninguna,ok,
39429,APRIX 125 MG X 10 CAPSULAS BLANDAS,https://mav.farmaciasaas.com/api/images/articulos/DISTRIBUCION/50995.jpg,https://fqeshthtycmzgyibiurq.supabase.co/storage/v1/object/public/crsnimages/catalogo/08f19765-0cd0-4728-b02b-226f1ab392d2.jpg,60406,27497,ninguna,ok,
39428,APIRETFLU 24 HORAS X 6 GRANULADO,https://mav.farmaciasaas.com/api/images/articulos/DISTRIBUCION/51431.jpg,https://fqeshthtycmzgyibiurq.supabase.co/storage/v1/object/public/crsnimages/catalogo/122e5e4e-fa73-4c42-a8cd-9dbc05bdda6c.jpg,65279,31971,ninguna,ok,
39434,ATAPEC 25 MG X 30 COMPRIMIDOS RECUBIERTOS,https://mav.farmaciasaas.com/api/images/articulos/DISTRIBUCION/53750.jpg,https://fqeshthtycmzgyibiurq.supabase.co/storage/v1/object/public/crsnimages/catalogo/b67b76ff-8619-4a75-81a1-a143dc3f8010.jpg,54554,20739,ninguna,ok,
39433,ATAMEL 120 MG / 5 ML JARABE,https://mav.farmaciasaas.com/api/images/articulos/DISTRIBUCION/50583.jpg,https://fqeshthtycmzgyibiurq.supabase.co/storage/v1/object/public/crsnimages/catalogo/5b350328-80ef-403b-814c-bc27e58a1302.jpg,79520,40769,ninguna,ok,
39439,CLOBETASOL PROPIONATO 0.05 % UNGUENTO,https://mav.farmaciasaas.com/api/images/articulos/DISTRIBUCION/90441.jpg,https://fqeshthtycmzgyibiurq.supabase.co/storage/v1/object/public/crsnimages/catalogo/f80dbdf1-4b66-4169-880e-36891d8e1483.jpg,22301,12867,ninguna,ok,
39432,ASPIANDEX 81 MG X 30 TABLETAS CON RECUBRIMIENTO ENTERICO,https://mav.farmaciasaas.com/api/images/articulos/DISTRIBUCION/52971.jpg,https://fqeshthtycmzgyibiurq.supabase.co/storage/v1/object/public/crsnimages/catalogo/21a95860-bd73-4dba-8379-62d8e669cb9c.jpg,720312,69246,ninguna,ok,
39438,BEDEX 0.15 % SOLUCION TOPICA BUCAL,https://mav.farmaciasaas.com/api/images/articulos/DISTRIBUCION/28364.jpg,https://fqeshthtycmzgyibiurq.supabase.co/storage/v1/object/public/crsnimages/catalogo/8149c120-ced2-4422-b7a3-f7127b5ce144.jpg,107155,49640,ninguna,ok,
39436,AVOST 0.004 % SOLUCION OFTALMICA,https://mav.farmaciasaas.com/api/images/articulos/DISTRIBUCION/23361.jpg,https://fqeshthtycmzgyibiurq.supabase.co/storage/v1/object/public/crsnimages/catalogo/dcbeae7e-cedb-4d89-9455-9037afbba183.jpg,60471,27411,ninguna,ok,
39442,BIRGIT PLUS 50 MG - 850 MG X 30 COMPRIMIDOS RECUBIERTOS,https://mav.farmaciasaas.com/api/images/articulos/DISTRIBUCION/52040.jpg,https://fqeshthtycmzgyibiurq.supabase.co/storage/v1/object/public/crsnimages/catalogo/ac6dde07-3847-401b-8ba1-824fee0a555b.jpg,61128,27014,ninguna,ok,
39445,BONAC 4 % GEL USO TOPICO,https://mav.farmaciasaas.com/api/images/articulos/DISTRIBUCION/9545.jpg,https://fqeshthtycmzgyibiurq.supabase.co/storage/v1/object/public/crsnimages/catalogo/ca61d1c2-ba80-4d0e-bda6-a4c2d464e55b.jpg,50043,21162,ninguna,ok,
39443,BIOTALOL HCT 10 MG - 6.25 MG COMPRIMIDOS RECUBIERTOS,https://mav.farmaciasaas.com/api/images/articulos/DISTRIBUCION/51791.jpg,https://fqeshthtycmzgyibiurq.supabase.co/storage/v1/object/public/crsnimages/catalogo/760e7163-c28a-4f7a-8842-877a04d97bd0.jpg,72629,34030,ninguna,ok,
39444,BLOKXA 20 MG X 28 TABLETAS RECUBIERTAS,https://mav.farmaciasaas.com/api/images/articulos/DISTRIBUCION/54280.jpg,https://fqeshthtycmzgyibiurq.supabase.co/storage/v1/object/public/crsnimages/catalogo/fd196697-ff9a-488c-9fa2-e0e9687b579c.jpg,48172,18241,ninguna,ok,
39446,BRIMOPRESS 0.2 % SOLUCION OFTALMICA,https://mav.farmaciasaas.com/api/images/articulos/DISTRIBUCION/13585.jpg,https://fqeshthtycmzgyibiurq.supabase.co/storage/v1/object/public/crsnimages/catalogo/c4f47899-00a3-481e-abee-c024fe5393fc.jpg,48459,19223,ninguna,ok,
39447,BRIXIA 0.0 5 % SOLUCION OFTALMICA,https://mav.farmaciasaas.com/api/images/articulos/DISTRIBUCION/1989.jpg,https://fqeshthtycmzgyibiurq.supabase.co/storage/v1/object/public/crsnimages/catalogo/e0bbf262-b856-4c27-98b1-b042aa3470ed.jpg,70558,32441,ninguna,ok,
39451,GYNOTRAN 15 %-4 % CREMA VAGINAL,https://mav.farmaciasaas.com/api/images/articulos/DISTRIBUCION/25326.jpg,https://fqeshthtycmzgyibiurq.supabase.co/storage/v1/object/public/crsnimages/catalogo/53e80dc2-ec8c-4206-916d-a30ccd1834ad.jpg,67541,31301,ninguna,ok,
39456,NASIN 0.05 % SOLUCION NASAL,https://mav.farmaciasaas.com/api/images/articulos/DISTRIBUCION/2507.jpg,https://fqeshthtycmzgyibiurq.supabase.co/storage/v1/object/public/crsnimages/catalogo/93a5f3d4-319f-4bca-ab21-b8b4fa6c31de.jpg,69732,34013,ninguna,ok,
39463,COMENTER 30 MG X 30 COMPRIMIDOS RECUBIERTOS,https://mav.farmaciasaas.com/api/images/articulos/DISTRIBUCION/29372.jpg,https://fqeshthtycmzgyibiurq.supabase.co/storage/v1/object/public/crsnimages/catalogo/3e0e4c2e-1de6-4895-8054-0b13785aa6b6.jpg,52689,21308,ninguna,ok,
39467,CYNT 20 MG X 20 COMPRIMIDOS RECUBIERTOS,https://mav.farmaciasaas.com/api/images/articulos/DISTRIBUCION/5489.jpg,https://fqeshthtycmzgyibiurq.supabase.co/storage/v1/object/public/crsnimages/catalogo/9de3193e-e41f-449a-97b5-194027b69163.jpg,47220,18349,ninguna,ok,
39468,CYNT 40 MG COMPRIMIDOS RECIBIERTOS X 10 COMPRIMIDOS,https://mav.farmaciasaas.com/api/images/articulos/DISTRIBUCION/92664.jpg,https://fqeshthtycmzgyibiurq.supabase.co/storage/v1/object/public/crsnimages/catalogo/3b680a28-1d4f-462c-b639-1cd8dc7d4333.jpg,48830,20092,ninguna,ok,
39470,DAVINTEX 60 MG X 10 COMPRIMIDOS RECUBIERTOS,https://mav.farmaciasaas.com/api/images/articulos/DISTRIBUCION/27618.jpg,https://fqeshthtycmzgyibiurq.supabase.co/storage/v1/object/public/crsnimages/catalogo/95bde38f-66f8-40a2-80a0-cae6b17f9324.jpg,49377,20839,ninguna,ok,
39473,DENCORUB GEL,https://mav.farmaciasaas.com/api/images/articulos/DISTRIBUCION/52521.jpg,https://fqeshthtycmzgyibiurq.supabase.co/storage/v1/object/public/crsnimages/catalogo/0dcc2c7d-e241-488e-ba00-7aed9b1c93a4.jpg,78309,38388,ninguna,ok,
39476,DESLER M 5 MG - 10 MG X 30 TABLETAS RECUBIERTAS,https://mav.farmaciasaas.com/api/images/articulos/DISTRIBUCION/96524/96524.jpg,https://fqeshthtycmzgyibiurq.supabase.co/storage/v1/object/public/crsnimages/catalogo/f89a19fe-0c1e-4775-9fd6-f5a8ee92053f.jpg,69487,34887,ninguna,ok,
39435,ATOVAROL 20 MG X 30 CAPSULAS BLANDAS,https://pccentro.net.ve/img/s/7/4/0/1/7/74017-large_default.webp,https://fqeshthtycmzgyibiurq.supabase.co/storage/v1/object/public/crsnimages/catalogo/40fe1833-4faf-4dc6-9894-b6582964b947.jpg,9108,22060,ninguna,ok,
39489,DOLAK 30 MG X 4 COMPRIMIDOS SUBLINGUALES,https://mav.farmaciasaas.com/api/images/articulos/DISTRIBUCION/94457.jpg,https://fqeshthtycmzgyibiurq.supabase.co/storage/v1/object/public/crsnimages/catalogo/cc7bef0d-fe70-4aa9-b795-57dc6dc56ccd.jpg,58551,24798,ninguna,ok,
39477,DESLER M 5 MG - 10 MG X 10 TABLETAS RECUBIERTAS,https://mav.farmaciasaas.com/api/images/articulos/DISTRIBUCION/18361.jpg,https://fqeshthtycmzgyibiurq.supabase.co/storage/v1/object/public/crsnimages/catalogo/7eaffe89-f293-4e07-9d3f-0ee199c07e64.jpg,64325,31816,ninguna,ok,
39483,DIFENAC 100 MG X 10 COMPRIMIDOS RECUBIERTOS,https://mav.farmaciasaas.com/api/images/articulos/DISTRIBUCION/8420.jpg,https://fqeshthtycmzgyibiurq.supabase.co/storage/v1/object/public/crsnimages/catalogo/3a2ecaec-a6f4-43f2-bd20-2d192778002a.jpg,55230,23581,ninguna,ok,
39492,BALSADER GEL TOPICO,https://mav.farmaciasaas.com/api/images/articulos/DISTRIBUCION/2521.jpg,https://fqeshthtycmzgyibiurq.supabase.co/storage/v1/object/public/crsnimages/catalogo/663e7f12-cc8e-4f7f-8e72-a23aa621cb61.jpg,80639,37465,ninguna,ok,
39482,DICLOFENAC DIETILAMINA 1.16 % EMULGEL,https://pccentro.net.ve/img/s/8/0/6/4/5/80645-large_default.webp,https://fqeshthtycmzgyibiurq.supabase.co/storage/v1/object/public/crsnimages/catalogo/aa5e9fa8-a9ee-4e55-bc8b-df691b4ead70.jpg,68790,36828,ninguna,ok,
39455,CITICOLINA 500 MG X 30 COMPRIMIDOS RECUBIERTOS,https://pccentro.net.ve/img/s/7/1/8/0/3/71803-large_default.webp,https://fqeshthtycmzgyibiurq.supabase.co/storage/v1/object/public/crsnimages/catalogo/d09bca97-fe67-4014-b242-7ecacdc303f0.jpg,11378,23810,ninguna,ok,
39494,DROPIL 100 MG X 40 COMPRIMIDOS RECUBIERTOS,https://mav.farmaciasaas.com/api/images/articulos/DISTRIBUCION/96830.jpg,https://fqeshthtycmzgyibiurq.supabase.co/storage/v1/object/public/crsnimages/catalogo/76b89d15-570e-477d-b709-6277981ce712.jpg,40779,14177,ninguna,ok,
39493,DOPRIL 3 MG / ML SOLUCION ORAL,https://mav.farmaciasaas.com/api/images/articulos/DISTRIBUCION/28532.jpg,https://fqeshthtycmzgyibiurq.supabase.co/storage/v1/object/public/crsnimages/catalogo/eb9896da-717e-483d-9bd5-7007cf7e8a4f.jpg,79350,39193,ninguna,ok,
39495,DROPIL 200 MG X 40 COMPRIMIDOS RECUBIERTOS,https://mav.farmaciasaas.com/api/images/articulos/DISTRIBUCION/97140.jpg,https://fqeshthtycmzgyibiurq.supabase.co/storage/v1/object/public/crsnimages/catalogo/ddf84a59-214a-420b-aa6a-00e1fd21c8e3.jpg,43615,15566,ninguna,ok,
39503,EVIGAX 125 MG X 20 CAPSULAS BLANDAS,https://mav.farmaciasaas.com/api/images/articulos/DISTRIBUCION/8614.jpg,https://fqeshthtycmzgyibiurq.supabase.co/storage/v1/object/public/crsnimages/catalogo/4776921a-9a9f-4ca7-8e7d-a98a7f3e8d73.jpg,75735,35593,ninguna,ok,
39507,DOLOGINEX 125 MG - 10 MG X 10 COMPRIMIDOS RECUBIERTOS,https://mav.farmaciasaas.com/api/images/articulos/DISTRIBUCION/54561.jpg,https://fqeshthtycmzgyibiurq.supabase.co/storage/v1/object/public/crsnimages/catalogo/8a26a370-a4f5-408d-ac0e-ffbc16f4bf0f.jpg,21862,12631,ninguna,ok,
39508,FLATVIN 125 MG X 10 CAPSULAS BLANDAS,https://mav.farmaciasaas.com/api/images/articulos/DISTRIBUCION/24281.jpg,https://fqeshthtycmzgyibiurq.supabase.co/storage/v1/object/public/crsnimages/catalogo/dc8ae19b-1acb-4693-ae40-13ec7663fd6e.jpg,71604,33967,ninguna,ok,
39505,EZENTIUS 20 MG X 20 COMPRIMIDOS RECUBIERTOS,https://mav.farmaciasaas.com/api/images/articulos/DISTRIBUCION/53836.jpg,https://fqeshthtycmzgyibiurq.supabase.co/storage/v1/object/public/crsnimages/catalogo/2d126b39-98ca-4c27-a5e2-877096eb3153.jpg,149446,28267,ninguna,ok,
39502,EVIGAX 125 MG X 10 CAPSULAS BLANDAS,https://mav.farmaciasaas.com/api/images/articulos/DISTRIBUCION/96795.jpg,https://fqeshthtycmzgyibiurq.supabase.co/storage/v1/object/public/crsnimages/catalogo/cb512229-9a54-4fff-b9e4-6f991de1bad8.jpg,25400,17203,ninguna,ok,
39514,GESTAGENO 100 MG CAPSULAS DE GELATINA BLANDA X 10 CAPSULAS,https://pccentro.net.ve/img/s/3/9/7/7/1/39771-large_default.webp,https://fqeshthtycmzgyibiurq.supabase.co/storage/v1/object/public/crsnimages/catalogo/83648506-52d7-48fb-8472-b989af10258a.jpg,9006,24718,ninguna,ok,
39509,FLEVOMAX - D 600 MG X 15 COMPRIMIDOS RECUBIERTOS,https://mav.farmaciasaas.com/api/images/articulos/DISTRIBUCION/54226.jpg,https://fqeshthtycmzgyibiurq.supabase.co/storage/v1/object/public/crsnimages/catalogo/9baf99d7-24cc-4d73-a5c6-e710a8b680ee.jpg,78835,39105,ninguna,ok,
39519,GLIDEX 850 MG X 30 TABLETAS RECUBIERTAS,https://mav.farmaciasaas.com/api/images/articulos/DISTRIBUCION/52970.jpg,https://fqeshthtycmzgyibiurq.supabase.co/storage/v1/object/public/crsnimages/catalogo/ede9a257-6e42-490d-a160-b7764210bfc8.jpg,569224,51370,ninguna,ok,
39498,ELMETACIN-IND 1 % SOLUCION TOPICA,https://pccentro.net.ve/img/s/8/9/4/4/5/89445-large_default.webp,https://fqeshthtycmzgyibiurq.supabase.co/storage/v1/object/public/crsnimages/catalogo/ad915715-0c16-418f-b0d6-4686a3f323b5.jpg,47354,30941,ninguna,ok,
39518,GLIDEX 500 MG X 30 TABLETAS RECUBIERTAS,https://mav.farmaciasaas.com/api/images/articulos/DISTRIBUCION/52469.jpg,https://fqeshthtycmzgyibiurq.supabase.co/storage/v1/object/public/crsnimages/catalogo/eb771d89-99a7-407b-97e8-d0d63f9f6049.jpg,584661,52627,ninguna,ok,
39516,GLAUCOTENSIL T 2 % - 0.5 % SOLUCION OFTALMICA,https://mav.farmaciasaas.com/api/images/articulos/DISTRIBUCION/2262.jpg,https://fqeshthtycmzgyibiurq.supabase.co/storage/v1/object/public/crsnimages/catalogo/806ff5b1-33da-4d88-95a4-d2ea2f734663.jpg,67180,31323,ninguna,ok,
39515,GESTAGENO 200 MG CAPSULAS DE GELATINA BLANDA X 10 CAPSULAS,https://pccentro.net.ve/img/s/7/5/9/8/0/75980-large_default.webp,https://fqeshthtycmzgyibiurq.supabase.co/storage/v1/object/public/crsnimages/catalogo/5e786281-4916-4db3-aed4-44484548c616.jpg,41344,30596,ninguna,ok,
39526,IMOL 20 MG X 30 COMPRIMIDOS RECUBIERTOS,https://mav.farmaciasaas.com/api/images/articulos/DISTRIBUCION/52408.jpg,https://fqeshthtycmzgyibiurq.supabase.co/storage/v1/object/public/crsnimages/catalogo/4bfbdb66-490d-4bc0-9af6-a8e60f219c18.jpg,45844,16688,ninguna,ok,
39525,IBUFEN 800 MG X 6 COMPRIMIDOS RECUBIERTOS,https://mav.farmaciasaas.com/api/images/articulos/DISTRIBUCION/54227.jpg,https://fqeshthtycmzgyibiurq.supabase.co/storage/v1/object/public/crsnimages/catalogo/c6000c6e-55e4-454c-a199-d7ad818fb8d6.jpg,73192,34794,ninguna,ok,
39531,KETOCONAZOL 2 % CREMA,https://mav.farmaciasaas.com/api/images/articulos/DISTRIBUCION/8683.jpg,https://fqeshthtycmzgyibiurq.supabase.co/storage/v1/object/public/crsnimages/catalogo/bf497220-829e-4ebf-8198-1b359d65ce23.jpg,69960,30812,ninguna,ok,
39530,KEPPRA 100 MG / ML SOLUCION ORAL,https://mav.farmaciasaas.com/api/images/articulos/DISTRIBUCION/28896.jpg,https://fqeshthtycmzgyibiurq.supabase.co/storage/v1/object/public/crsnimages/catalogo/4e2c4545-8071-4588-a6a3-ff719fa3f7e3.jpg,63443,29514,ninguna,ok,
39533,KETOMED 2 % CHAMPU,https://mav.farmaciasaas.com/api/images/articulos/DISTRIBUCION/30800.jpg,https://fqeshthtycmzgyibiurq.supabase.co/storage/v1/object/public/crsnimages/catalogo/0c5fee18-b84f-4597-8c5f-f463806ad8e4.jpg,51259,22349,ninguna,ok,
39534,KATIVIL 1 G / 10 ML X 60 SOLUCION ORAL,https://mav.farmaciasaas.com/api/images/articulos/DISTRIBUCION/51086.jpg,https://fqeshthtycmzgyibiurq.supabase.co/storage/v1/object/public/crsnimages/catalogo/b63430e9-7e0c-4093-82d3-732801473bf7.jpg,60253,27469,ninguna,ok,
39536,LAMICTAL 50 MG X 30 TABLETAS DISPERSABLES - MASTICABLES,https://mav.farmaciasaas.com/api/images/articulos/DISTRIBUCION/11118.jpg,https://fqeshthtycmzgyibiurq.supabase.co/storage/v1/object/public/crsnimages/catalogo/eb7b0c7a-6cec-40e5-8bd1-63266fdff27c.jpg,9736,9171,ninguna,ok,
39539,MANTIXA 2.5 MG X 30 COMPRIMIDOS RECUBIERTOS,https://mav.farmaciasaas.com/api/images/articulos/DISTRIBUCION/27090.jpg,https://fqeshthtycmzgyibiurq.supabase.co/storage/v1/object/public/crsnimages/catalogo/8ca40ea7-3976-4ec1-9b25-da0249a59b9c.jpg,58131,26772,ninguna,ok,
39542,MINOXIDIL FORTE 5 % SOLUCION TOPICA,https://mav.farmaciasaas.com/api/images/articulos/DISTRIBUCION/28505.jpg,https://fqeshthtycmzgyibiurq.supabase.co/storage/v1/object/public/crsnimages/catalogo/78962491-3cc0-4f53-ab76-cd210cd0c0b6.jpg,57717,26198,ninguna,ok,
39527,ITISONA 0.1 % CREMA,https://mav.farmaciasaas.com/api/images/articulos/DISTRIBUCION/9412.jpg,https://fqeshthtycmzgyibiurq.supabase.co/storage/v1/object/public/crsnimages/catalogo/b6740d8b-ec00-46eb-ad68-01630e831c76.jpg,50204,21114,ninguna,ok,
39537,LESTECOL 40 MG X 30 TABLETAS RECUBIERTAS,https://mav.farmaciasaas.com/api/images/articulos/DISTRIBUCION/91315.jpg,https://fqeshthtycmzgyibiurq.supabase.co/storage/v1/object/public/crsnimages/catalogo/c0f5a3bd-43f0-4f89-a34a-7b73c287c99d.jpg,168393,28134,ninguna,ok,
39535,LAMICTAL 100 MG X 30 TABLETAS DISPERSABLES-MASTICABLES,https://mav.farmaciasaas.com/api/images/articulos/DISTRIBUCION/11117.jpg,https://fqeshthtycmzgyibiurq.supabase.co/storage/v1/object/public/crsnimages/catalogo/77760f36-b1a9-488c-afe4-38f296fc078b.jpg,73373,35895,ninguna,ok,
39560,OPAT 0.1 % SOLUCION OFTALMICA,https://mav.farmaciasaas.com/api/images/articulos/DISTRIBUCION/91031.jpg,https://fqeshthtycmzgyibiurq.supabase.co/storage/v1/object/public/crsnimages/catalogo/4478a762-8e5e-46a8-a25e-39f306473f53.jpg,57422,21081,ninguna,ok,
39544,MOMEQ 0.1 % CREMA,https://mav.farmaciasaas.com/api/images/articulos/DISTRIBUCION/21240.jpg,https://fqeshthtycmzgyibiurq.supabase.co/storage/v1/object/public/crsnimages/catalogo/f5b2516f-6159-45e1-aef2-49eab78173b8.jpg,51107,18602,ninguna,ok,
39563,PEPSADEL 262 MG X 12 TABLETAS MASTICABLES,https://mav.farmaciasaas.com/api/images/articulos/DISTRIBUCION/26892.jpg,https://fqeshthtycmzgyibiurq.supabase.co/storage/v1/object/public/crsnimages/catalogo/b900e28d-7beb-46bd-89ea-3027f82267d0.jpg,59072,25691,ninguna,ok,
39568,PROFLOX 1 G / 5 ML SUSPENSION ORAL,https://mav.farmaciasaas.com/api/images/articulos/DISTRIBUCION/27740.jpg,https://fqeshthtycmzgyibiurq.supabase.co/storage/v1/object/public/crsnimages/catalogo/403f20fe-50ce-4038-b074-492c11f2e93d.jpg,68391,34832,ninguna,ok,
39554,NIFEDIPINA 30 MG X 30 CAPSULAS DE LIBERACION PROLONGADA,https://pccentro.net.ve/img/s/8/5/3/8/3/85383-large_default.webp,https://fqeshthtycmzgyibiurq.supabase.co/storage/v1/object/public/crsnimages/catalogo/cab7aa4d-7051-4cc6-baa3-93315244b8a0.jpg,38818,24159,ninguna,ok,
39572,RIVAREX 10 MG X 30 COMPRIMIDOS RECUBIERTOS,https://mav.farmaciasaas.com/api/images/articulos/DISTRIBUCION/52904.jpg,https://fqeshthtycmzgyibiurq.supabase.co/storage/v1/object/public/crsnimages/catalogo/46b242c2-8c9f-4009-92ed-5013504a15d0.jpg,66263,26277,ninguna,ok,
39570,RESECAL 10 MG X 10 POLVO PARA SUSPENSION ORAL,https://mav.farmaciasaas.com/api/images/articulos/DISTRIBUCION/54046.jpg,https://fqeshthtycmzgyibiurq.supabase.co/storage/v1/object/public/crsnimages/catalogo/da05172b-4ce4-4501-a4cd-23d4d5791361.jpg,50022,21057,ninguna,ok,
39574,SACUMIC 50 MG X 30 COMPRIMIDOS RECUBIERTOS,https://mav.farmaciasaas.com/api/images/articulos/DISTRIBUCION/54298.jpg,https://fqeshthtycmzgyibiurq.supabase.co/storage/v1/object/public/crsnimages/catalogo/0f41d4d5-c014-495d-b025-80e53ce435db.jpg,23073,13782,ninguna,ok,
39571,RIFAMIX 550 MG X 10 COMPRIMIDOS RECUBIERTOS,https://pccentro.net.ve/img/s/7/9/6/0/5/79605-large_default.webp,https://fqeshthtycmzgyibiurq.supabase.co/storage/v1/object/public/crsnimages/catalogo/c3a39bc5-6050-4779-a2c4-fb16e1bc7c25.jpg,43324,26119,ninguna,ok,
39578,SIMULTAN DUO 50 MG - 850 MG X 30 COMPRIMIDOS RECUBIERTOS,https://mav.farmaciasaas.com/api/images/articulos/DISTRIBUCION/52757.jpg,https://fqeshthtycmzgyibiurq.supabase.co/storage/v1/object/public/crsnimages/catalogo/c39fd26d-a089-4550-9b84-d60c1b350a55.jpg,74267,32768,ninguna,ok,
39577,SILVEDERMA 1 % CREMA,https://mav.farmaciasaas.com/api/images/articulos/DISTRIBUCION/28865.jpg,https://fqeshthtycmzgyibiurq.supabase.co/storage/v1/object/public/crsnimages/catalogo/27f2b630-7fb0-48de-8775-8e8143546e85.jpg,49569,19928,ninguna,ok,
39579,SINMEGAS 125 MG X 20 CAPSULAS BLANDAS,https://mav.farmaciasaas.com/api/images/articulos/DISTRIBUCION/53113.jpg,https://fqeshthtycmzgyibiurq.supabase.co/storage/v1/object/public/crsnimages/catalogo/6922d8c9-abf5-4bb0-a830-dd5a5e06935b.jpg,55715,20564,ninguna,ok,
39587,TALERC 10 MG / ML SOLUCION ORAL,https://mav.farmaciasaas.com/api/images/articulos/DISTRIBUCION/8537.jpg,https://fqeshthtycmzgyibiurq.supabase.co/storage/v1/object/public/crsnimages/catalogo/a5b7cab2-3a3b-44b6-a3ee-31945decc254.jpg,70169,31939,ninguna,ok,
39580,SINMEGAS 125 MG X 30 CAPSULAS BLANDAS,https://mav.farmaciasaas.com/api/images/articulos/DISTRIBUCION/53114.jpg,https://fqeshthtycmzgyibiurq.supabase.co/storage/v1/object/public/crsnimages/catalogo/83fc2313-87bd-4a48-a6cc-513cb09b16b2.jpg,39511,13856,ninguna,ok,
39585,SYNARTROS 60 MG X 10 TABLETAS RECUBIERTAS,https://pccentro.net.ve/img/s/2/5/9/5/4/25954-large_default.webp,https://fqeshthtycmzgyibiurq.supabase.co/storage/v1/object/public/crsnimages/catalogo/762aa98f-9c1d-4fae-bb79-b11890fbe407.jpg,13508,18245,ninguna,ok,
39589,TALYSTOR 20 MG X 1 TABLETA MASTICABLE,https://mav.farmaciasaas.com/api/images/articulos/DISTRIBUCION/50928.jpg,https://fqeshthtycmzgyibiurq.supabase.co/storage/v1/object/public/crsnimages/catalogo/d8594ca4-0b57-4ed9-a17b-9f4b40448834.jpg,47833,21060,ninguna,ok,
39590,BUCOXOLGAR 0.15 % - 0.25 % SOLUCION TOPICA BUCAL ATOMIZADORA SABOR A MENTA FRESCA,https://mav.farmaciasaas.com/api/images/articulos/DISTRIBUCION/19885.jpg,https://fqeshthtycmzgyibiurq.supabase.co/storage/v1/object/public/crsnimages/catalogo/463c1269-d11c-433f-a349-42056e4e4164.jpg,169950,25727,ninguna,ok,
39588,TALFIDEX 20 MG X 2 TABLETAS RECUBIERTAS,https://mav.farmaciasaas.com/api/images/articulos/DISTRIBUCION/53285.jpg,https://fqeshthtycmzgyibiurq.supabase.co/storage/v1/object/public/crsnimages/catalogo/ad66cfb0-afcb-4dec-b74d-3847243d4779.jpg,536629,48609,ninguna,ok,
39592,TERBICRYM 1 % CREMA,https://mav.farmaciasaas.com/api/images/articulos/DISTRIBUCION/21458.jpg,https://fqeshthtycmzgyibiurq.supabase.co/storage/v1/object/public/crsnimages/catalogo/c42f92fe-b60a-422a-bbc5-2793dd724858.jpg,47751,18625,ninguna,ok,
39591,TAXUS 20 MG X 30 COMPRIMIDOS,https://mav.farmaciasaas.com/api/images/articulos/DISTRIBUCION/28335.jpg,https://fqeshthtycmzgyibiurq.supabase.co/storage/v1/object/public/crsnimages/catalogo/27db9c47-4544-4902-bd1e-09909a5b265f.jpg,156006,46807,ninguna,ok,
39594,TOMYCIN 0.3 % SOLUCION OFTALMICA,https://mav.farmaciasaas.com/api/images/articulos/DISTRIBUCION/23365.jpg,https://fqeshthtycmzgyibiurq.supabase.co/storage/v1/object/public/crsnimages/catalogo/3f679b25-6c5f-42b5-ab00-0bc6481c3ea8.jpg,61320,27987,ninguna,ok,
39595,TOPISEPT 2 % CREMA TOPICA,https://mav.farmaciasaas.com/api/images/articulos/DISTRIBUCION/26900.jpg,https://fqeshthtycmzgyibiurq.supabase.co/storage/v1/object/public/crsnimages/catalogo/5c546471-5a87-49f2-9343-9f1bfcc9b03a.jpg,40891,14157,ninguna,ok,
39596,TRUSOMIDA 2 % SOLUCION OFTALMICA,https://mav.farmaciasaas.com/api/images/articulos/DISTRIBUCION/52801.jpg,https://fqeshthtycmzgyibiurq.supabase.co/storage/v1/object/public/crsnimages/catalogo/b591545b-1c45-41cb-af33-3a3cd5a79117.jpg,69776,31710,ninguna,ok,
39597,UDOX 75 MG X 10 CAPSULAS,https://mav.farmaciasaas.com/api/images/articulos/DISTRIBUCION/97141.jpg,https://fqeshthtycmzgyibiurq.supabase.co/storage/v1/object/public/crsnimages/catalogo/012ae688-ca87-4459-a7bc-bd0ad0ef888a.jpg,48961,19577,ninguna,ok,
39601,VIZERUL 300 MG X 10 COMPRIMIDOS,https://mav.farmaciasaas.com/api/images/articulos/DISTRIBUCION/8428.jpg,https://fqeshthtycmzgyibiurq.supabase.co/storage/v1/object/public/crsnimages/catalogo/8b0c5ba9-c536-48c6-aa9c-a8c848d027ba.jpg,48710,19558,ninguna,ok,
39599,VAXIDUO 100 MG - 400 MG X 7 OVULOS VAGINALES,https://mav.farmaciasaas.com/api/images/articulos/DISTRIBUCION/25190.jpg,https://fqeshthtycmzgyibiurq.supabase.co/storage/v1/object/public/crsnimages/catalogo/383d7153-7c57-4186-916e-a20fceb360a0.jpg,53087,22469,ninguna,ok,
39604,ZOCLONAX 7.5 MG X 10 TABLETAS RECUBIERTAS,https://mav.farmaciasaas.com/api/images/articulos/DISTRIBUCION/28792.jpg,https://fqeshthtycmzgyibiurq.supabase.co/storage/v1/object/public/crsnimages/catalogo/108cf090-84c9-47ea-919c-1653b8f608a8.jpg,42182,15702,ninguna,ok,
39618,ACIDO IBANDRONICO 150 MG X 1 TABLETA RECUBIERTA,https://mav.farmaciasaas.com/api/images/articulos/DISTRIBUCION/52763.jpg,https://fqeshthtycmzgyibiurq.supabase.co/storage/v1/object/public/crsnimages/catalogo/86c9592c-b7ea-4691-9dfa-c1a1411465bc.jpg,80084,30363,ninguna,ok,
39620,ACECLOFENACO 100 MG X 10 TABLETAS RECUBIERTAS,https://mav.farmaciasaas.com/api/images/articulos/DISTRIBUCION/53399.jpg,https://fqeshthtycmzgyibiurq.supabase.co/storage/v1/object/public/crsnimages/catalogo/38365251-57f5-43a7-b286-c3da892373bd.jpg,48078,19650,ninguna,ok,
39603,REHIDROSOL ZINC 60 MEQ / L SOLUCION ELECTROLITICA USO ORAL SABOR A MANZANA X 30 SOLUCION ORAL,https://pccentro.net.ve/img/s/7/4/1/8/9/74189-large_default.webp,https://fqeshthtycmzgyibiurq.supabase.co/storage/v1/object/public/crsnimages/catalogo/dcf56f2d-77ab-4c71-b727-846ea048a67a.jpg,9378,20370,ninguna,ok,
39621,ACETAMINOFEN 650 MG X 30 TABLETAS,https://mav.farmaciasaas.com/api/images/articulos/DISTRIBUCION/15591.jpg,https://fqeshthtycmzgyibiurq.supabase.co/storage/v1/object/public/crsnimages/catalogo/1a88f326-ab7f-44d5-b3ca-80071d93cd04.jpg,64814,32393,ninguna,ok,
39619,ACIDO TRANEXAMICO 500 MG X 10 TABLETAS RECUBIERTAS,https://mav.farmaciasaas.com/api/images/articulos/DISTRIBUCION/53498.jpg,https://fqeshthtycmzgyibiurq.supabase.co/storage/v1/object/public/crsnimages/catalogo/d8b1d807-7679-4c3a-8c20-2734b75612a0.jpg,81422,30739,ninguna,ok,
39623,ACETAMINOFEN 120 MG / 5 ML SOLUCION ORAL,https://mav.farmaciasaas.com/api/images/articulos/DISTRIBUCION/53087.jpg,https://fqeshthtycmzgyibiurq.supabase.co/storage/v1/object/public/crsnimages/catalogo/26fe51da-397c-438a-851c-90b619eb9724.jpg,57077,23701,ninguna,ok,
39624,ACETAMINOFEN 500 MG X 12 TABLETAS,https://mav.farmaciasaas.com/api/images/articulos/DISTRIBUCION/22400.jpg,https://fqeshthtycmzgyibiurq.supabase.co/storage/v1/object/public/crsnimages/catalogo/a448d26d-16bf-432f-8a2b-de19dd073c33.jpg,68321,30179,ninguna,ok,
39625,ACETAMINOFEN 500 MG X 24 TABLETAS,https://mav.farmaciasaas.com/api/images/articulos/DISTRIBUCION/22401.jpg,https://fqeshthtycmzgyibiurq.supabase.co/storage/v1/object/public/crsnimages/catalogo/40d400b6-53af-40c9-ac82-23a7514b76ee.jpg,62986,28387,ninguna,ok,
39622,ACETAMINOFEN 150 MG / 5 ML JARABE,https://pccentro.net.ve/img/s/1/8/1/9/5/18195-large_default.webp,https://fqeshthtycmzgyibiurq.supabase.co/storage/v1/object/public/crsnimages/catalogo/33f2ad9b-407d-4c67-8b5c-6ec2677262c5.jpg,42130,57253,ninguna,ok,
39627,ACETAZOLAMIDA 250 MG X 10 TABLETAS,https://mav.farmaciasaas.com/api/images/articulos/DISTRIBUCION/53177.jpg,https://fqeshthtycmzgyibiurq.supabase.co/storage/v1/object/public/crsnimages/catalogo/9ec5c46a-559b-436f-b855-8761a2f67e8a.jpg,45349,17016,ninguna,ok,
39626,ACETAZOLAMIDA 250 MG X 20 TABLETAS,https://mav.farmaciasaas.com/api/images/articulos/DISTRIBUCION/53492.jpg,https://fqeshthtycmzgyibiurq.supabase.co/storage/v1/object/public/crsnimages/catalogo/bbc47d9b-bcc8-405b-a619-7a0fbe1c918c.jpg,48249,18080,ninguna,ok,
39628,ACICLOVIR 250 MG POLVO LIOFILIZADO PARA SOLUCION INYECTABLE PARA INFUSION INTRAVENOSA,https://mav.farmaciasaas.com/api/images/articulos/DISTRIBUCION/51935.jpg,https://fqeshthtycmzgyibiurq.supabase.co/storage/v1/object/public/crsnimages/catalogo/ddecedd9-37c2-4a0b-b3e7-19e6640b2e2b.jpg,72599,31685,ninguna,ok,
39630,ACICLOVIR 200 MG X 24 TABLETAS,https://mav.farmaciasaas.com/api/images/articulos/DISTRIBUCION/7859.jpg,https://fqeshthtycmzgyibiurq.supabase.co/storage/v1/object/public/crsnimages/catalogo/799630c9-9e88-4c59-861f-f977f256b401.jpg,52664,22306,ninguna,ok,
39631,ACIDO ASCORBICO 500 MG / 5 ML SOLUCION INYECTABLE,https://mav.farmaciasaas.com/api/images/articulos/DISTRIBUCION/23088.jpg,https://fqeshthtycmzgyibiurq.supabase.co/storage/v1/object/public/crsnimages/catalogo/386c1599-76fe-46f4-82f2-44ebfd2fab10.jpg,17468,7399,ninguna,ok,
39632,ACIDO FOLICO 10 MG / 2 ML X 10 INYECTABLE,https://mav.farmaciasaas.com/api/images/articulos/DISTRIBUCION/22846.jpg,https://fqeshthtycmzgyibiurq.supabase.co/storage/v1/object/public/crsnimages/catalogo/ea535704-104d-4e92-8718-1cebc451ba73.jpg,17026,9261,ninguna,ok,
39633,ADAPALENO - CLINDAMICINA 0.1 % - 1 % GEL,https://mav.farmaciasaas.com/api/images/articulos/DISTRIBUCION/52420.jpg,https://fqeshthtycmzgyibiurq.supabase.co/storage/v1/object/public/crsnimages/catalogo/212d7cb2-33d3-4a2a-839b-fd510b2fd56e.jpg,61154,26128,ninguna,ok,
39634,ADRENALINA 1 MG / ML X 5 AMPOLLAS,https://mav.farmaciasaas.com/api/images/articulos/DISTRIBUCION/52500.jpg,https://fqeshthtycmzgyibiurq.supabase.co/storage/v1/object/public/crsnimages/catalogo/c0f6bd05-a136-4162-8469-2e0bd8292236.jpg,16060,8214,ninguna,ok,
39635,AGUA OXIG ALVA INYECTABLE,https://mav.farmaciasaas.com/api/images/articulos/DISTRIBUCION/28584.jpg,https://fqeshthtycmzgyibiurq.supabase.co/storage/v1/object/public/crsnimages/catalogo/f6b903d9-2a27-4a7a-87dc-5a1b73d391d2.jpg,106976,29389,ninguna,ok,
39636,ALBENDAZOL 400 MG X 10 TABLETAS MASTICABLES,https://mav.farmaciasaas.com/api/images/articulos/DISTRIBUCION/52550.jpg,https://fqeshthtycmzgyibiurq.supabase.co/storage/v1/object/public/crsnimages/catalogo/446340ef-f764-43d6-bdec-e76a5c25ea62.jpg,75880,30249,ninguna,ok,
39629,ACICLOVIR 200 MG X 20 TABLETAS,https://mav.farmaciasaas.com/api/images/articulos/DISTRIBUCION/29551.jpg,https://fqeshthtycmzgyibiurq.supabase.co/storage/v1/object/public/crsnimages/catalogo/130de31d-faab-40bd-9533-3e8cb3385254.jpg,57315,25160,ninguna,ok,
39637,ALBENDAZOL 200 MG X 6 COMPRIMIDOS,https://mav.farmaciasaas.com/api/images/articulos/DISTRIBUCION/1526.jpg,https://fqeshthtycmzgyibiurq.supabase.co/storage/v1/object/public/crsnimages/catalogo/d4312752-c3f6-4472-801c-8ea6898dbae8.jpg,46450,17640,ninguna,ok,
39639,AMIKACINA 500 MG / 2 ML X 1 AMPOLLA,https://mav.farmaciasaas.com/api/images/articulos/DISTRIBUCION/27450.jpg,https://fqeshthtycmzgyibiurq.supabase.co/storage/v1/object/public/crsnimages/catalogo/228cc943-cc25-4ae6-8fa4-04cef4ea58f5.jpg,43780,16325,ninguna,ok,
39638,ALENDRONATO SODICO 70 MG X 4 COMPRIMIDOS,https://mav.farmaciasaas.com/api/images/articulos/DISTRIBUCION/50383.jpg,https://fqeshthtycmzgyibiurq.supabase.co/storage/v1/object/public/crsnimages/catalogo/c4fd5c53-df04-410d-b3a8-84483275781d.jpg,55150,21928,ninguna,ok,
39642,AMLODIPINA 10 MG X 10 COMPRIMIDOS,https://mav.farmaciasaas.com/api/images/articulos/DISTRIBUCION/2419.jpg,https://fqeshthtycmzgyibiurq.supabase.co/storage/v1/object/public/crsnimages/catalogo/7deb5431-c153-463c-95e8-fff2da7f697f.jpg,49227,19278,ninguna,ok,
39641,AMLODIPINA 10 MG X 60 COMPRIMIDOS,https://mav.farmaciasaas.com/api/images/articulos/DISTRIBUCION/20112.jpg,https://fqeshthtycmzgyibiurq.supabase.co/storage/v1/object/public/crsnimages/catalogo/889a7320-eb56-4ea5-9786-37ee6a43b572.jpg,70480,33232,ninguna,ok,
39640,AMIKACINA 100 MG / 2 ML X 10 AMPOLLAS,https://mav.farmaciasaas.com/api/images/articulos/DISTRIBUCION/53493.jpg,https://fqeshthtycmzgyibiurq.supabase.co/storage/v1/object/public/crsnimages/catalogo/e2df7d20-8f64-484b-b902-30e581a55199.jpg,42977,14717,ninguna,ok,
39643,AMLODIPINA 5 MG X 30 TABLETAS,https://mav.farmaciasaas.com/api/images/articulos/DISTRIBUCION/99081.jpg,https://fqeshthtycmzgyibiurq.supabase.co/storage/v1/object/public/crsnimages/catalogo/a7ddd920-03c2-4eb1-8b9e-4379a46f14df.jpg,53938,22834,ninguna,ok,
39644,AMOXICILINA 500 MG X 10 CAPSULAS,https://mav.farmaciasaas.com/api/images/articulos/DISTRIBUCION/30058.jpg,https://fqeshthtycmzgyibiurq.supabase.co/storage/v1/object/public/crsnimages/catalogo/b15695ef-5562-494b-bc45-66c49f183c97.jpg,65780,32381,ninguna,ok,
39646,AMOXICILINA 125 MG / 5 ML SUSPENSION,https://mav.farmaciasaas.com/api/images/articulos/DISTRIBUCION/26127.jpg,https://fqeshthtycmzgyibiurq.supabase.co/storage/v1/object/public/crsnimages/catalogo/0eb28ac0-8638-4a55-88b2-05da9e024f47.jpg,54994,24137,ninguna,ok,
39648,APIXABAN 2.5 MG X 30 COMPRIMIDOS,https://mav.farmaciasaas.com/api/images/articulos/DISTRIBUCION/30329.jpg,https://fqeshthtycmzgyibiurq.supabase.co/storage/v1/object/public/crsnimages/catalogo/d02fcf12-6d84-4c27-ad95-d5dcd98e72b8.jpg,48072,18796,ninguna,ok,
39649,ATAPEC 100 MG X 30 TABLETAS RECUBIERTAS,https://mav.farmaciasaas.com/api/images/articulos/DISTRIBUCION/25050.jpg,https://fqeshthtycmzgyibiurq.supabase.co/storage/v1/object/public/crsnimages/catalogo/cbb36862-2404-4f58-807b-42c2ebf11c9a.jpg,35896,11568,ninguna,ok,
39647,ANASTROZOL 1 MG X 30 TABLETAS RECUBIERTAS,https://mav.farmaciasaas.com/api/images/articulos/DISTRIBUCION/26476.jpg,https://fqeshthtycmzgyibiurq.supabase.co/storage/v1/object/public/crsnimages/catalogo/880890ca-abbc-4fa5-a559-e7ceef3a441e.jpg,43932,18616,ninguna,ok,
39650,ATENOLOL 100 MG X 30 TABLETAS,https://mav.farmaciasaas.com/api/images/articulos/DISTRIBUCION/7789.jpg,https://fqeshthtycmzgyibiurq.supabase.co/storage/v1/object/public/crsnimages/catalogo/55b674a6-71c6-4a95-baa4-e8622bfd00a5.jpg,51249,21016,ninguna,ok,
39651,ATENOLOL 50 MG X 30 TABLETAS,https://mav.farmaciasaas.com/api/images/articulos/DISTRIBUCION/23700.jpg,https://fqeshthtycmzgyibiurq.supabase.co/storage/v1/object/public/crsnimages/catalogo/9656bc88-9888-4521-865e-a6fe110d0fb5.jpg,51378,19994,ninguna,ok,
39652,ATENOLOL 50 MG X 30 COMPRIMIDOS,https://mav.farmaciasaas.com/api/images/articulos/DISTRIBUCION/23700.jpg,https://fqeshthtycmzgyibiurq.supabase.co/storage/v1/object/public/crsnimages/catalogo/ee7f30c2-91ba-4706-87a5-e3506bb672ba.jpg,51378,19994,ninguna,ok,
39645,AMOXICILINA 500 MG X 6 CAPSULAS,https://mav.farmaciasaas.com/api/images/articulos/DISTRIBUCION/5265.jpg,https://fqeshthtycmzgyibiurq.supabase.co/storage/v1/object/public/crsnimages/catalogo/9d142293-2569-4390-be37-3d645fdf7a69.jpg,43845,16691,ninguna,ok,
39654,ATORVASTATINA 40 MG X 14 TABLETAS RECUBIERTAS,https://mav.farmaciasaas.com/api/images/articulos/DISTRIBUCION/91726.jpg,https://fqeshthtycmzgyibiurq.supabase.co/storage/v1/object/public/crsnimages/catalogo/a4dd97a7-19f6-4a71-ac35-19d67052b51a.jpg,48435,18604,ninguna,ok,
39653,ATORVASTATINA 20 MG X 14 COMPRIMIDOS RECUBIERTOS,https://mav.farmaciasaas.com/api/images/articulos/DISTRIBUCION/11565.jpg,https://fqeshthtycmzgyibiurq.supabase.co/storage/v1/object/public/crsnimages/catalogo/c7102f00-90fd-42f5-b4da-f5034ac22d4f.jpg,48914,19038,ninguna,ok,
39655,AUGMENTIN BID 875 MG - 125 MG TABLETAS RECUBIERTAS,https://mav.farmaciasaas.com/api/images/articulos/DISTRIBUCION/92934.jpg,https://fqeshthtycmzgyibiurq.supabase.co/storage/v1/object/public/crsnimages/catalogo/c73c12ef-25a5-4aa7-8c82-103c5a350ce6.jpg,54002,22799,ninguna,ok,
39656,AZITROMICINA 500 MG X 3 COMPRIMIDOS RECUBIERTOS,https://mav.farmaciasaas.com/api/images/articulos/DISTRIBUCION/11009.jpg,https://fqeshthtycmzgyibiurq.supabase.co/storage/v1/object/public/crsnimages/catalogo/c317d3e1-02d5-4643-9be9-9ca58aeeaca4.jpg,26240,16624,ninguna,ok,
39657,AZITROMICINA 200 MG / 5 ML SUSPENSION ORAL,https://mav.farmaciasaas.com/api/images/articulos/DISTRIBUCION/21793.jpg,https://fqeshthtycmzgyibiurq.supabase.co/storage/v1/object/public/crsnimages/catalogo/f0d58e31-4940-4b7d-96f7-db7b219a4ad6.jpg,55144,23929,ninguna,ok,
39658,BACITRACINA 500 UI / 20 G UNGUENTO,https://mav.farmaciasaas.com/api/images/articulos/DISTRIBUCION/29019.jpg,https://fqeshthtycmzgyibiurq.supabase.co/storage/v1/object/public/crsnimages/catalogo/fab90429-64a8-4aa2-82a3-61b1c9dc0540.jpg,52595,21558,ninguna,ok,
39661,BISOPROLOL FUMARATO 5 MG X 30 TABLETAS RECUBIERTAS,https://mav.farmaciasaas.com/api/images/articulos/DISTRIBUCION/98668.jpg,https://fqeshthtycmzgyibiurq.supabase.co/storage/v1/object/public/crsnimages/catalogo/a04089c5-b1b6-40a2-9a5d-469e53bff172.jpg,67018,32949,ninguna,ok,
39659,BISACODILO 5 MG X 10 TABLETAS GASTRORRESISTENTES,https://mav.farmaciasaas.com/api/images/articulos/DISTRIBUCION/28708.jpg,https://fqeshthtycmzgyibiurq.supabase.co/storage/v1/object/public/crsnimages/catalogo/2a48cb62-835d-4251-abfe-2eeebdfe9a87.jpg,70472,31138,ninguna,ok,
39662,VALSARTAN 160 MG X 30 TABLETAS,https://mav.farmaciasaas.com/api/images/articulos/DISTRIBUCION/52911.jpg,https://fqeshthtycmzgyibiurq.supabase.co/storage/v1/object/public/crsnimages/catalogo/841ef1c6-d664-4dba-a53e-1bd86d55a390.jpg,20404,12804,ninguna,ok,
39660,BISOPROLOL FUMARATO 10 MG X 30 COMPRIMIDOS RECUBIERTOS,https://mav.farmaciasaas.com/api/images/articulos/DISTRIBUCION/21371.jpg,https://fqeshthtycmzgyibiurq.supabase.co/storage/v1/object/public/crsnimages/catalogo/28ef2f65-eab0-4de9-bd10-d2a3c677097b.jpg,60446,26534,ninguna,ok,
39663,CLORHIDRATO DE BROMEXINA 8 MG / 5 ML JARABE.,https://mav.farmaciasaas.com/api/images/articulos/DISTRIBUCION/27452.jpg,https://fqeshthtycmzgyibiurq.supabase.co/storage/v1/object/public/crsnimages/catalogo/dbbcffd1-8d08-4f67-b49a-a263f95aec83.jpg,45328,17913,ninguna,ok,
39664,BROMEXINA CLORHIDRATO 4 MG / 5 ML JARABE,https://mav.farmaciasaas.com/api/images/articulos/DISTRIBUCION/14190.jpg,https://fqeshthtycmzgyibiurq.supabase.co/storage/v1/object/public/crsnimages/catalogo/e888cfbd-dc79-4aff-b737-04e74ceef744.jpg,58533,27181,ninguna,ok,
39665,BROMHEXINA PED4MG 5 ML / 120 ML JARABE,https://mav.farmaciasaas.com/api/images/articulos/DISTRIBUCION/11549.jpg,https://fqeshthtycmzgyibiurq.supabase.co/storage/v1/object/public/crsnimages/catalogo/8f1e8777-331f-4d25-bc8f-ec2586676948.jpg,56166,23628,ninguna,ok,
39667,CARBAMAZEPINA 200 MG X 20 COMPRIMIDOS,https://mav.farmaciasaas.com/api/images/articulos/DISTRIBUCION/20947.jpg,https://fqeshthtycmzgyibiurq.supabase.co/storage/v1/object/public/crsnimages/catalogo/9f645b9e-fbe6-407b-9603-9e16a9e3a7ed.jpg,50174,20651,ninguna,ok,
39666,CARBAMAZEPINA 200 MG X 10 COMPRIMIDOS,https://mav.farmaciasaas.com/api/images/articulos/DISTRIBUCION/52560.jpg,https://fqeshthtycmzgyibiurq.supabase.co/storage/v1/object/public/crsnimages/catalogo/028739b2-3069-40f7-a213-df29a759cc8c.jpg,70420,27785,ninguna,ok,
39668,CARBAMAZEPINA 200 MG X 30 TABLETAS,https://mav.farmaciasaas.com/api/images/articulos/DISTRIBUCION/23677.jpg,https://fqeshthtycmzgyibiurq.supabase.co/storage/v1/object/public/crsnimages/catalogo/2091a9b5-08ce-41d7-a09a-f740b6909435.jpg,53720,22601,ninguna,ok,
39669,CARBAMAZEPINA 400 MG X 30 TABLETAS,https://mav.farmaciasaas.com/api/images/articulos/DISTRIBUCION/28515.jpg,https://fqeshthtycmzgyibiurq.supabase.co/storage/v1/object/public/crsnimages/catalogo/0fdd1ac1-b886-45d1-98f6-47075bbe1f17.jpg,44616,17576,ninguna,ok,
39671,CEFTRIAXONA 1 G X 1 AMPOLLA,https://mav.farmaciasaas.com/api/images/articulos/DISTRIBUCION/51473.jpg,https://fqeshthtycmzgyibiurq.supabase.co/storage/v1/object/public/crsnimages/catalogo/e233197a-717c-4bbd-a9fd-aa179428677f.jpg,49282,19317,ninguna,ok,
39670,CEFAZOLINA SODICO 1 G X 10 INYECTABLE,https://mav.farmaciasaas.com/api/images/articulos/DISTRIBUCION/51988.jpg,https://fqeshthtycmzgyibiurq.supabase.co/storage/v1/object/public/crsnimages/catalogo/41518815-8395-4a10-b389-5365a5dd9399.jpg,117872,33324,ninguna,ok,
39672,CEFTRIAXONA 1 G POLVO PARA SOLUCION INYECTABLE,https://mav.farmaciasaas.com/api/images/articulos/DISTRIBUCION/51473.jpg,https://fqeshthtycmzgyibiurq.supabase.co/storage/v1/object/public/crsnimages/catalogo/7a1ca376-0b5a-46f2-b6ac-ddbc3b0c196c.jpg,49282,19317,ninguna,ok,
39674,CETIRIZINA 5 MG / 5 ML SOLUCION ORAL,https://mav.farmaciasaas.com/api/images/articulos/DISTRIBUCION/2328.jpg,https://fqeshthtycmzgyibiurq.supabase.co/storage/v1/object/public/crsnimages/catalogo/cf04d8b2-e99f-4490-b51f-659af041ecf3.jpg,56861,24539,ninguna,ok,
39675,CILOSTAZOL 50 MG X 30 TABLETAS RECUBIERTAS,https://mav.farmaciasaas.com/api/images/articulos/DISTRIBUCION/25678.jpg,https://fqeshthtycmzgyibiurq.supabase.co/storage/v1/object/public/crsnimages/catalogo/32020d71-025e-4eb9-a84b-31804162abcb.jpg,48364,19727,ninguna,ok,
39676,CILOSTAZOL 100 MG X 30 TABLETAS,https://mav.farmaciasaas.com/api/images/articulos/DISTRIBUCION/52907.jpg,https://fqeshthtycmzgyibiurq.supabase.co/storage/v1/object/public/crsnimages/catalogo/69777dc3-0ecd-45a4-87d4-41c66b0ace4d.jpg,62352,28135,ninguna,ok,
39673,CELECOXIB 200 MG X 10 CAPSULAS,https://mav.farmaciasaas.com/api/images/articulos/DISTRIBUCION/26739.jpg,https://fqeshthtycmzgyibiurq.supabase.co/storage/v1/object/public/crsnimages/catalogo/0a967c9b-ef10-4a25-9c51-74fd353edc5c.jpg,47115,18028,ninguna,ok,
39677,CIPROFLOXACINA 500 MG X 6 TABLETAS RECUBIERTAS,https://mav.farmaciasaas.com/api/images/articulos/DISTRIBUCION/20511.jpg,https://fqeshthtycmzgyibiurq.supabase.co/storage/v1/object/public/crsnimages/catalogo/5ced9507-2fbf-4d8c-862f-9471c4b30271.jpg,255057,75670,ninguna,ok,
39678,CIPROFLOXACINA INF INY200MG CRDIST 100 ML INYECTABLE,https://mav.farmaciasaas.com/api/images/articulos/DISTRIBUCION/21337.jpg,https://fqeshthtycmzgyibiurq.supabase.co/storage/v1/object/public/crsnimages/catalogo/41992fa6-a68a-4c1d-8126-80dc510b0e9f.jpg,58546,25365,ninguna,ok,
39679,CIPROFLOXACINA 500 MG X 10 TABLETAS RECUBIERTAS,https://mav.farmaciasaas.com/api/images/articulos/DISTRIBUCION/20945.jpg,https://fqeshthtycmzgyibiurq.supabase.co/storage/v1/object/public/crsnimages/catalogo/ecd97b4a-7261-41b0-8638-7c3ea7e21b22.jpg,67880,30152,ninguna,ok,
39680,CIPROFLOXACINA 500 MG X 10 COMPRIMIDOS RECUBIERTOS,https://mav.farmaciasaas.com/api/images/articulos/DISTRIBUCION/20945.jpg,https://fqeshthtycmzgyibiurq.supabase.co/storage/v1/object/public/crsnimages/catalogo/081e7662-6b47-472e-ba73-f80a82121a38.jpg,67880,30152,ninguna,ok,
39681,CIPROFLOXACINA 500 MG X 6 COMPRIMIDOS RECUBIERTOS,https://mav.farmaciasaas.com/api/images/articulos/DISTRIBUCION/20511.jpg,https://fqeshthtycmzgyibiurq.supabase.co/storage/v1/object/public/crsnimages/catalogo/741ecdde-78bf-4038-9d6d-8895495ea69d.jpg,255057,75670,ninguna,ok,
39683,CITALOPRAM 40 MG X 10 TABLETAS RECUBIERTAS,https://mav.farmaciasaas.com/api/images/articulos/DISTRIBUCION/53032.jpg,https://fqeshthtycmzgyibiurq.supabase.co/storage/v1/object/public/crsnimages/catalogo/12a33e82-9445-4179-972a-1af5ecde8742.jpg,40133,14005,ninguna,ok,
39684,CITRATO CA VIT D3 TABLETAS,https://mav.farmaciasaas.com/api/images/articulos/DISTRIBUCION/23439.jpg,https://fqeshthtycmzgyibiurq.supabase.co/storage/v1/object/public/crsnimages/catalogo/e3fff06a-005b-4ec7-a6ca-c95816343bd8.jpg,65854,30183,ninguna,ok,
39685,CLOMIFENO CITRATO 50 MG X 30 TABLETAS,https://mav.farmaciasaas.com/api/images/articulos/DISTRIBUCION/28709.jpg,https://fqeshthtycmzgyibiurq.supabase.co/storage/v1/object/public/crsnimages/catalogo/14204635-1238-4889-91ff-440dbe1342e0.jpg,60077,25455,ninguna,ok,
39682,CIPROFLOXACINO 500 MG X 10 TABLETAS RECUBIERTAS,https://mav.farmaciasaas.com/api/images/articulos/DISTRIBUCION/50785.jpg,https://fqeshthtycmzgyibiurq.supabase.co/storage/v1/object/public/crsnimages/catalogo/b4801747-e227-4a61-b826-bfcee833096a.jpg,110907,48446,ninguna,ok,
39686,CLOPIDOGREL 75 MG X 20 COMPRIMIDOS RECUBIERTOS,https://mav.farmaciasaas.com/api/images/articulos/DISTRIBUCION/51767.jpg,https://fqeshthtycmzgyibiurq.supabase.co/storage/v1/object/public/crsnimages/catalogo/badddb2a-be42-4877-a486-b27c37a2a778.jpg,61565,26027,ninguna,ok,
39690,CLORURO SODICO 0.9 % INYECTABLE,https://mav.farmaciasaas.com/api/images/articulos/DISTRIBUCION/21357.jpg,https://fqeshthtycmzgyibiurq.supabase.co/storage/v1/object/public/crsnimages/catalogo/d1e7f547-b835-4ee9-a5ca-01ba3c1f2f0f.jpg,34886,13837,ninguna,ok,
39689,CLORHID MEBEVERINA 200 MG X 30 CAPSULAS,https://mav.farmaciasaas.com/api/images/articulos/DISTRIBUCION/54229.jpg,https://fqeshthtycmzgyibiurq.supabase.co/storage/v1/object/public/crsnimages/catalogo/5b40296c-2e9b-4815-a26a-ecec7c977ced.jpg,52917,21927,ninguna,ok,
39688,CLOPIDOGREL 75 MG X 30 TABLETAS RECUBIERTAS,https://mav.farmaciasaas.com/api/images/articulos/DISTRIBUCION/22848.jpg,https://fqeshthtycmzgyibiurq.supabase.co/storage/v1/object/public/crsnimages/catalogo/d641ce74-6012-40eb-ad06-0de1935b3451.jpg,111524,34325,ninguna,ok,
39693,CLOTRIMAZOL 500 MG X 1 OVULO VAGINAL,https://mav.farmaciasaas.com/api/images/articulos/DISTRIBUCION/26410.jpg,https://fqeshthtycmzgyibiurq.supabase.co/storage/v1/object/public/crsnimages/catalogo/dbefd0b9-3a02-4601-88b9-76c2f4b8a7f4.jpg,46838,18738,ninguna,ok,
39687,CLOPIDOGREL 75 MG X 30 COMPRIMIDOS RECUBIERTOS,https://mav.farmaciasaas.com/api/images/articulos/DISTRIBUCION/22848.jpg,https://fqeshthtycmzgyibiurq.supabase.co/storage/v1/object/public/crsnimages/catalogo/0ef60c1c-e7a6-43a3-9f46-d4b602b5b8d6.jpg,111524,34325,ninguna,ok,
39695,DILTIAZEM 60 MG X 30 COMPRIMIDOS,https://mav.farmaciasaas.com/api/images/articulos/DISTRIBUCION/28519.jpg,https://fqeshthtycmzgyibiurq.supabase.co/storage/v1/object/public/crsnimages/catalogo/ccac6a99-23f1-434b-8dff-eb26faf105a8.jpg,45128,17291,ninguna,ok,
39692,CLOTRIMAZOL 100 MG X 6 OVULOS VAGINALES,https://mav.farmaciasaas.com/api/images/articulos/DISTRIBUCION/26419.jpg,https://fqeshthtycmzgyibiurq.supabase.co/storage/v1/object/public/crsnimages/catalogo/971a9fa5-ea57-4658-90b6-f6993f17e8dc.jpg,44651,17256,ninguna,ok,
39696,6 MG X 30 COMPRIMIDOS,https://mav.farmaciasaas.com/api/images/articulos/DISTRIBUCION/52860.jpg,https://fqeshthtycmzgyibiurq.supabase.co/storage/v1/object/public/crsnimages/catalogo/d145cf09-bd94-43fd-815a-08633f527091.jpg,43854,15569,ninguna,ok,
39691,CLORURO MAGNES 25 G LOCION,https://mav.farmaciasaas.com/api/images/articulos/DISTRIBUCION/17780.jpg,https://fqeshthtycmzgyibiurq.supabase.co/storage/v1/object/public/crsnimages/catalogo/5eeb39d0-6bab-45c3-bf5d-fe3a6d08b33d.jpg,62472,26731,ninguna,ok,
39698,SODICO 4 MG / 1 ML X 10 INYECTABLE,https://mav.farmaciasaas.com/api/images/articulos/DISTRIBUCION/23086.jpg,https://fqeshthtycmzgyibiurq.supabase.co/storage/v1/object/public/crsnimages/catalogo/0cc9089b-c13b-4f84-95c9-73eeba48af4b.jpg,56788,24356,ninguna,ok,
39699,DEXAMETASONA FOSFATO SODICO 8 MG / 2 ML SOLUCION INYECTABLE,https://mav.farmaciasaas.com/api/images/articulos/DISTRIBUCION/23087.jpg,https://fqeshthtycmzgyibiurq.supabase.co/storage/v1/object/public/crsnimages/catalogo/9acceacb-9085-4248-b33e-e4b8be8ebad7.jpg,16586,8744,ninguna,ok,
39700,SODICO 8 MG / 2 ML X 10 INYECTABLE,https://mav.farmaciasaas.com/api/images/articulos/DISTRIBUCION/23087.jpg,https://fqeshthtycmzgyibiurq.supabase.co/storage/v1/object/public/crsnimages/catalogo/d1e78c1a-81ca-492c-82f8-007faa9cbf16.jpg,16586,8744,ninguna,ok,
39701,DIACEREINA 50 MG X 10 CAPSULAS,https://mav.farmaciasaas.com/api/images/articulos/DISTRIBUCION/50231.jpg,https://fqeshthtycmzgyibiurq.supabase.co/storage/v1/object/public/crsnimages/catalogo/39f5d27e-39ba-438c-af01-824409f5da2a.jpg,53296,22995,ninguna,ok,
39702,CARVEDILOL 25 MG X 30 TABLETAS,https://mav.farmaciasaas.com/api/images/articulos/DISTRIBUCION/54225.jpg,https://fqeshthtycmzgyibiurq.supabase.co/storage/v1/object/public/crsnimages/catalogo/9e0fe5b5-9140-43bc-900b-9b2aeb4ce736.jpg,61001,15658,ninguna,ok,
39697,PORTU 4 MG X 100 COMPRIMIDOS,https://mav.farmaciasaas.com/api/images/articulos/DISTRIBUCION/25079.jpg,https://fqeshthtycmzgyibiurq.supabase.co/storage/v1/object/public/crsnimages/catalogo/3b5bd78f-95fc-4191-9977-c9f106693538.jpg,46177,15603,ninguna,ok,
39703,DICLOFENACO SODICO 75 MG / 3 ML X 10 AMPOLLAS,https://mav.farmaciasaas.com/api/images/articulos/DISTRIBUCION/53115.jpg,https://fqeshthtycmzgyibiurq.supabase.co/storage/v1/object/public/crsnimages/catalogo/3db54839-80d7-4a4e-8d47-70f0537c3e6c.jpg,72639,34290,ninguna,ok,
39704,DICLOFENACO POTASICO 50 MG X 10 TABLETAS RECUBIERTAS,https://mav.farmaciasaas.com/api/images/articulos/DISTRIBUCION/54424.jpg,https://fqeshthtycmzgyibiurq.supabase.co/storage/v1/object/public/crsnimages/catalogo/24000ec3-b5f5-4c11-92cf-b26869850225.jpg,18208,10278,ninguna,ok,
39705,DICLOFENAC POTASICO 50 MG X 20 TABLETAS,https://mav.farmaciasaas.com/api/images/articulos/DISTRIBUCION/23145.jpg,https://fqeshthtycmzgyibiurq.supabase.co/storage/v1/object/public/crsnimages/catalogo/5d7e5f7e-e1ae-4e1f-9731-cc072cbcb0bf.jpg,48439,19945,ninguna,ok,
39707,DIOSMINA - HESPERIDINA 450 MG - 50 MG X 30 TABLETAS RECUBIERTAS,https://mav.farmaciasaas.com/api/images/articulos/DISTRIBUCION/52910.jpg,https://fqeshthtycmzgyibiurq.supabase.co/storage/v1/object/public/crsnimages/catalogo/9b3bd1a7-9682-45ff-8f6c-7ef807e1cb2f.jpg,61096,25093,ninguna,ok,
39708,DIOSMINA-HESPERIDINA 450 MG-50 MG COMPRIMIDOS RECUBIERTOS,https://mav.farmaciasaas.com/api/images/articulos/DISTRIBUCION/52910.jpg,https://fqeshthtycmzgyibiurq.supabase.co/storage/v1/object/public/crsnimages/catalogo/4fd0ab95-3e43-4ea7-9930-a65024423b62.jpg,61096,25093,ninguna,ok,
39711,DOMPERIDONA 10 MG X 15 TABLETAS,https://mav.farmaciasaas.com/api/images/articulos/DISTRIBUCION/11636.jpg,https://fqeshthtycmzgyibiurq.supabase.co/storage/v1/object/public/crsnimages/catalogo/16e89633-b3e9-4f24-9d17-5660767c8a36.jpg,24900,15641,ninguna,ok,
39709,DOBUTAMINA 250 MG / 5 ML X 5 AMPOLLAS,https://mav.farmaciasaas.com/api/images/articulos/DISTRIBUCION/51161.jpg,https://fqeshthtycmzgyibiurq.supabase.co/storage/v1/object/public/crsnimages/catalogo/d17e5f24-a49e-4c6d-9a2a-35e50fe19cb1.jpg,319126,32385,ninguna,ok,
39710,DOMPERIDONA 10 MG X 10 TABLETAS,https://mav.farmaciasaas.com/api/images/articulos/DISTRIBUCION/53481.jpg,https://fqeshthtycmzgyibiurq.supabase.co/storage/v1/object/public/crsnimages/catalogo/63c32aec-3a2d-45fe-aefe-3b918f6e2dd9.jpg,75338,26920,ninguna,ok,
39713,DOXICICLINA 100 MG X 10 CAPSULAS,https://mav.farmaciasaas.com/api/images/articulos/DISTRIBUCION/28543.jpg,https://fqeshthtycmzgyibiurq.supabase.co/storage/v1/object/public/crsnimages/catalogo/07efb975-fe80-417f-8191-c6efad0f3a8e.jpg,40913,14557,ninguna,ok,
39714,ENALAPRIL 20 MG X 20 TABLETAS,https://mav.farmaciasaas.com/api/images/articulos/DISTRIBUCION/7965.jpg,https://fqeshthtycmzgyibiurq.supabase.co/storage/v1/object/public/crsnimages/catalogo/533fc8f1-9bf6-441c-b67d-2240f6fd4d39.jpg,42775,15633,ninguna,ok,
39706,DIOSMINA 600 MG X 30 TABLETAS RECUBIERTAS,https://mav.farmaciasaas.com/api/images/articulos/DISTRIBUCION/53521.jpg,https://fqeshthtycmzgyibiurq.supabase.co/storage/v1/object/public/crsnimages/catalogo/326def58-5623-46d2-999f-a2f7aa11c6f3.jpg,42366,13788,ninguna,ok,
39715,ENALAPRIL MALEATO - HIDROCLOROTIAZIDA 20 MG - 12.5 MG TABLETAS,https://mav.farmaciasaas.com/api/images/articulos/DISTRIBUCION/54045.jpg,https://fqeshthtycmzgyibiurq.supabase.co/storage/v1/object/public/crsnimages/catalogo/c3ef404e-737c-4efa-baa9-eea4f3166625.jpg,42955,15537,ninguna,ok,
39712,DOMPERIDONA 10 MG X 30 TABLETAS,https://mav.farmaciasaas.com/api/images/articulos/DISTRIBUCION/21373.jpg,https://fqeshthtycmzgyibiurq.supabase.co/storage/v1/object/public/crsnimages/catalogo/53240915-7aef-453f-b78c-817b198f78a4.jpg,58704,25025,ninguna,ok,
39718,ESCITALOPRAM 10 MG X 14 COMPRIMIDOS RECUBIERTOS,https://mav.farmaciasaas.com/api/images/articulos/DISTRIBUCION/23490.jpg,https://fqeshthtycmzgyibiurq.supabase.co/storage/v1/object/public/crsnimages/catalogo/15d72d70-a29c-49f4-89ac-9b195157d5d9.jpg,53014,21218,ninguna,ok,
39717,ESCITALOPRAM 10 MG X 56 COMPRIMIDOS RECUBIERTOS,https://mav.farmaciasaas.com/api/images/articulos/DISTRIBUCION/22243.jpg,https://fqeshthtycmzgyibiurq.supabase.co/storage/v1/object/public/crsnimages/catalogo/ab7a77a5-11fb-4e2f-80bc-024d732accad.jpg,64566,28638,ninguna,ok,
39716,ERITROMICINA 500 MG X 10 TABLETAS RECUBIERTAS,https://mav.farmaciasaas.com/api/images/articulos/DISTRIBUCION/52542.jpg,https://fqeshthtycmzgyibiurq.supabase.co/storage/v1/object/public/crsnimages/catalogo/fafaf446-3758-473f-b864-058851e6f39e.jpg,248175,27639,ninguna,ok,
39720,ESCITALOPRAM 10 MG X 30 TABLETAS RECUBIERTAS,https://mav.farmaciasaas.com/api/images/articulos/DISTRIBUCION/25666.jpg,https://fqeshthtycmzgyibiurq.supabase.co/storage/v1/object/public/crsnimages/catalogo/8f8e7114-70a9-46b5-819d-a21f6a79f9e9.jpg,69886,30421,ninguna,ok,
39719,ESCITALOPRAM 20 MG X 28 COMPRIMIDOS RECUBIERTOS,https://mav.farmaciasaas.com/api/images/articulos/DISTRIBUCION/53635.jpg,https://fqeshthtycmzgyibiurq.supabase.co/storage/v1/object/public/crsnimages/catalogo/43b9d9b8-9f2a-4f19-9ee3-263d0b4e085a.jpg,61375,28038,ninguna,ok,
39721,ESCITALOPRAM 20 MG X 30 TABLETAS RECUBIERTAS,https://mav.farmaciasaas.com/api/images/articulos/DISTRIBUCION/50533.jpg,https://fqeshthtycmzgyibiurq.supabase.co/storage/v1/object/public/crsnimages/catalogo/9655f910-e68c-4bfc-9588-dabe16992f4b.jpg,57452,26571,ninguna,ok,
39722,ESCITALOPRAM 5 MG X 30 TABLETAS RECUBIERTAS,https://mav.farmaciasaas.com/api/images/articulos/DISTRIBUCION/25665.jpg,https://fqeshthtycmzgyibiurq.supabase.co/storage/v1/object/public/crsnimages/catalogo/5dec0c42-1b06-4179-bf26-1b7bd0c9bb2e.jpg,52697,22114,ninguna,ok,
39725,FLAVOXATO 200 MG X 30 TABLETAS RECUBIERTAS,https://mav.farmaciasaas.com/api/images/articulos/DISTRIBUCION/23673.jpg,https://fqeshthtycmzgyibiurq.supabase.co/storage/v1/object/public/crsnimages/catalogo/36cb9405-1614-42ef-8c54-0ffc3a0cd9a2.jpg,60594,27054,ninguna,ok,
39723,FEXOFENADINA CLORHIDRATO 180 MG X 10 TABLETAS RECUBIERTAS,https://mav.farmaciasaas.com/api/images/articulos/DISTRIBUCION/28713.jpg,https://fqeshthtycmzgyibiurq.supabase.co/storage/v1/object/public/crsnimages/catalogo/54f608c0-c562-4004-9fa5-91a7b0baa043.jpg,64294,27653,ninguna,ok,
39726,FLAVOXATO CLORHIDRATO 200 MG X 10 TABLETAS RECUBIERTAS,https://mav.farmaciasaas.com/api/images/articulos/DISTRIBUCION/99485.jpg,https://fqeshthtycmzgyibiurq.supabase.co/storage/v1/object/public/crsnimages/catalogo/79b2d70d-67a0-44d9-a6ed-d36bb982233e.jpg,24634,15457,ninguna,ok,
39728,FLUCONAZOL 200 MG / 100 ML INYECTABLE,https://mav.farmaciasaas.com/api/images/articulos/DISTRIBUCION/29940.jpg,https://fqeshthtycmzgyibiurq.supabase.co/storage/v1/object/public/crsnimages/catalogo/1bcc9d2b-9819-4759-9c47-70ae3ec777ee.jpg,62047,26925,ninguna,ok,
39727,FLUCONAZOL 200 MG CAPSULAS,https://mav.farmaciasaas.com/api/images/articulos/DISTRIBUCION/50070.jpg,https://fqeshthtycmzgyibiurq.supabase.co/storage/v1/object/public/crsnimages/catalogo/76ad37ff-f124-4b2b-987a-f8895093786b.jpg,62880,30171,ninguna,ok,
39724,FLAVOXUNI FLAVOXATO 200 MG X 20 COMPRIMIDOS,https://pccentro.net.ve/img/s/9/2/2/5/5/92255-large_default.webp,https://fqeshthtycmzgyibiurq.supabase.co/storage/v1/object/public/crsnimages/catalogo/61d43af6-2cf6-47c8-80db-c5967283ae33.jpg,47622,23897,ninguna,ok,
39730,FLUCONAZOL 200 MG / 100 ML SOLUCION INYECTABLE INTRAVENOSA,https://mav.farmaciasaas.com/api/images/articulos/DISTRIBUCION/29940.jpg,https://fqeshthtycmzgyibiurq.supabase.co/storage/v1/object/public/crsnimages/catalogo/3514f0d8-7493-42e4-8901-980c51996e7f.jpg,62047,26925,ninguna,ok,
39729,FLUCONAZOL 200 MG TABLETAS RECUBIERTAS,https://mav.farmaciasaas.com/api/images/articulos/DISTRIBUCION/50070.jpg,https://fqeshthtycmzgyibiurq.supabase.co/storage/v1/object/public/crsnimages/catalogo/ad37acb0-6b9f-44bb-83ad-aa0ac862c006.jpg,62880,30171,ninguna,ok,
39731,FLUCONAZOL 150 MG X 4 TABLETAS,https://mav.farmaciasaas.com/api/images/articulos/DISTRIBUCION/52581.jpg,https://fqeshthtycmzgyibiurq.supabase.co/storage/v1/object/public/crsnimages/catalogo/d0e13b23-1127-4860-a4fc-1d82c1a895f4.jpg,72230,28604,ninguna,ok,
39734,FUROSEMIDA 20 MG / 2 ML X 3 AMPOLLAS,https://mav.farmaciasaas.com/api/images/articulos/DISTRIBUCION/28787.jpg,https://fqeshthtycmzgyibiurq.supabase.co/storage/v1/object/public/crsnimages/catalogo/76f7efdf-340e-4c6f-aab5-18f0ed20a518.jpg,49545,19652,ninguna,ok,
39733,FLUOXETINA 20 MG X 28 CAPSULAS,https://mav.farmaciasaas.com/api/images/articulos/DISTRIBUCION/50927.jpg,https://fqeshthtycmzgyibiurq.supabase.co/storage/v1/object/public/crsnimages/catalogo/f26434fe-0913-4016-a744-35bada5c6305.jpg,44628,17085,ninguna,ok,
39736,GENTAMICINA 160 MG / 2 ML X 5 AMPOLLAS,https://mav.farmaciasaas.com/api/images/articulos/DISTRIBUCION/52502.jpg,https://fqeshthtycmzgyibiurq.supabase.co/storage/v1/object/public/crsnimages/catalogo/ece6c615-f69c-476f-a06b-8320c28746e7.jpg,16189,8488,ninguna,ok,
39735,GENTAMICINA 160 MG / 2 ML X 10 AMPOLLAS,https://mav.farmaciasaas.com/api/images/articulos/DISTRIBUCION/30124.jpg,https://fqeshthtycmzgyibiurq.supabase.co/storage/v1/object/public/crsnimages/catalogo/fa208f41-8beb-4dc1-b7ba-50c84859692b.jpg,16792,9179,ninguna,ok,
39732,FLUNARIZINA 10 MG X 30 TABLETAS RECUBIERTAS,https://mav.farmaciasaas.com/api/images/articulos/DISTRIBUCION/53116.jpg,https://fqeshthtycmzgyibiurq.supabase.co/storage/v1/object/public/crsnimages/catalogo/bb0b322e-642e-45f3-9eca-ea6c8284ebfd.jpg,64241,29960,ninguna,ok,
39739,GLIMEPIRIDA 2 MG X 30 TABLETAS,https://mav.farmaciasaas.com/api/images/articulos/DISTRIBUCION/21362.jpg,https://fqeshthtycmzgyibiurq.supabase.co/storage/v1/object/public/crsnimages/catalogo/e4c5bc9e-2b5f-49c3-8d4c-d53a1145820a.jpg,63132,28073,ninguna,ok,
39738,GLIBENCLAMIDA 5 MG X 30 TABLETAS,https://mav.farmaciasaas.com/api/images/articulos/DISTRIBUCION/28525.jpg,https://fqeshthtycmzgyibiurq.supabase.co/storage/v1/object/public/crsnimages/catalogo/5f2dbd57-5f2f-4b4f-843b-1b0e4ee0e377.jpg,54885,23836,ninguna,ok,
39737,GLIBENCLAMIDA 5 MG X 10 COMPRIMIDOS,https://pccentro.net.ve/img/s/4/1/1/3/7/41137-large_default.webp,https://fqeshthtycmzgyibiurq.supabase.co/storage/v1/object/public/crsnimages/catalogo/70efeba3-829e-42cd-afe1-86b73a4d3f1e.jpg,8776,21626,ninguna,ok,
39741,IRBESARTAN 300 MG X 10 TABLETAS,https://mav.farmaciasaas.com/api/images/articulos/DISTRIBUCION/50766.jpg,https://fqeshthtycmzgyibiurq.supabase.co/storage/v1/object/public/crsnimages/catalogo/7a1ff0d0-212d-4833-90f8-6c0c27b7418d.jpg,157868,25527,ninguna,ok,
39743,KETOPROFENO 100 MG / 2 ML X 10 AMPOLLAS,https://mav.farmaciasaas.com/api/images/articulos/DISTRIBUCION/26418.jpg,https://fqeshthtycmzgyibiurq.supabase.co/storage/v1/object/public/crsnimages/catalogo/1d6e9fa3-2b8e-4e03-bd37-cd5db880be57.jpg,79620,27257,ninguna,ok,
39742,ITRACONAZOL 100 MG X 10 CAPSULAS,https://mav.farmaciasaas.com/api/images/articulos/DISTRIBUCION/53012.jpg,https://fqeshthtycmzgyibiurq.supabase.co/storage/v1/object/public/crsnimages/catalogo/704223c1-2ea4-476d-8934-33ceae9451d2.jpg,53517,22771,ninguna,ok,
39740,IRBESARTAN 150 MG X 10 TABLETAS,https://mav.farmaciasaas.com/api/images/articulos/DISTRIBUCION/94012.jpg,https://fqeshthtycmzgyibiurq.supabase.co/storage/v1/object/public/crsnimages/catalogo/2e96c0c9-a538-4d34-9ad8-bd8b5f9f2f0f.jpg,55812,24853,ninguna,ok,
39747,LAMOTRIGINA 100 MG X 30 TABLETAS RECUBIERTAS,https://mav.farmaciasaas.com/api/images/articulos/DISTRIBUCION/23029.jpg,https://fqeshthtycmzgyibiurq.supabase.co/storage/v1/object/public/crsnimages/catalogo/9c395db2-740c-4db2-abcc-0761e1534c4c.jpg,40323,13731,ninguna,ok,
39745,KETOROLACO TROMETAMINA 30 MG / ML X 3 AMPOLLAS,https://mav.farmaciasaas.com/api/images/articulos/DISTRIBUCION/27131.jpg,https://fqeshthtycmzgyibiurq.supabase.co/storage/v1/object/public/crsnimages/catalogo/d9908f3b-9074-40ad-ab8d-1d7ed1ee821f.jpg,47722,18948,ninguna,ok,
39744,KETOROLACO TROMETAMOL 30 MG / ML X 10 AMPOLLAS,https://mav.farmaciasaas.com/api/images/articulos/DISTRIBUCION/29479.jpg,https://fqeshthtycmzgyibiurq.supabase.co/storage/v1/object/public/crsnimages/catalogo/08cd31c6-292d-4857-9512-c9344d1c028a.jpg,20439,12139,ninguna,ok,
39749,LERCANIDIPINO 20 MG X 30 TABLETAS,https://mav.farmaciasaas.com/api/images/articulos/DISTRIBUCION/51324.jpg,https://fqeshthtycmzgyibiurq.supabase.co/storage/v1/object/public/crsnimages/catalogo/f8fe641d-08bb-4345-b6af-c360ad27c422.jpg,23578,14437,ninguna,ok,
39746,KETOROLACO TROMETAMINA 20 MG X 10 COMPRIMIDOS,https://mav.farmaciasaas.com/api/images/articulos/DISTRIBUCION/51770.jpg,https://fqeshthtycmzgyibiurq.supabase.co/storage/v1/object/public/crsnimages/catalogo/170a37bc-8bbd-4554-927a-fa823f596970.jpg,61544,25948,ninguna,ok,
39752,LEVOFLOXACINA INF CRDIST 500 MG / 100 ML INYECTABLE,https://mav.farmaciasaas.com/api/images/articulos/DISTRIBUCION/21338.jpg,https://fqeshthtycmzgyibiurq.supabase.co/storage/v1/object/public/crsnimages/catalogo/56170975-493c-4b3d-9170-c45a721b8cf3.jpg,53173,21636,ninguna,ok,
39751,LEVETIRACETAM 500 MG X 30 TABLETAS RECUBIERTAS,https://mav.farmaciasaas.com/api/images/articulos/DISTRIBUCION/25661.jpg,https://fqeshthtycmzgyibiurq.supabase.co/storage/v1/object/public/crsnimages/catalogo/77d6b7bd-7624-402a-84fe-b5e33bc0c23b.jpg,63940,29728,ninguna,ok,
39750,LETROZOL 2.5 MG X 30 TABLETAS RECUBIERTAS,https://mav.farmaciasaas.com/api/images/articulos/DISTRIBUCION/53401.jpg,https://fqeshthtycmzgyibiurq.supabase.co/storage/v1/object/public/crsnimages/catalogo/c5768708-a13e-4c26-91d3-b68123ba8cbc.jpg,101069,14776,ninguna,ok,
39753,LEVOFLOXACINA 750 MG X 5 TABLETAS RECUBIERTAS,https://mav.farmaciasaas.com/api/images/articulos/DISTRIBUCION/19718.jpg,https://fqeshthtycmzgyibiurq.supabase.co/storage/v1/object/public/crsnimages/catalogo/73c334a9-7c02-44c9-9aa9-27ef63571d6b.jpg,71776,33830,ninguna,ok,
39748,LAMOTRIGINA 100 MG X 28 TABLETAS DE LIBERACION PROLONGADA,https://mav.farmaciasaas.com/api/images/articulos/DISTRIBUCION/20096.jpg,https://fqeshthtycmzgyibiurq.supabase.co/storage/v1/object/public/crsnimages/catalogo/6ae603c7-5b42-4ee7-a6bd-45cd01c14aa2.jpg,66148,29944,ninguna,ok,
39754,LEVOFLOXACINA 750 MG X 10 TABLETAS RECUBIERTAS,https://mav.farmaciasaas.com/api/images/articulos/DISTRIBUCION/24415.jpg,https://fqeshthtycmzgyibiurq.supabase.co/storage/v1/object/public/crsnimages/catalogo/39a5a101-7aa0-4aec-a3d4-fa9e68654016.jpg,80848,38968,ninguna,ok,
39755,LEVOFLOXACINA 500 MG X 10 TABLETAS RECUBIERTAS,https://mav.farmaciasaas.com/api/images/articulos/DISTRIBUCION/26132.jpg,https://fqeshthtycmzgyibiurq.supabase.co/storage/v1/object/public/crsnimages/catalogo/0b0a49bc-fe0a-4e90-bf1f-bada9e47a795.jpg,45640,16541,ninguna,ok,
39756,LEVOFLOXACINA 500 MG X 7 TABLETAS RECUBIERTAS,https://mav.farmaciasaas.com/api/images/articulos/DISTRIBUCION/24405.jpg,https://fqeshthtycmzgyibiurq.supabase.co/storage/v1/object/public/crsnimages/catalogo/929f6407-9a74-40cd-a0a7-d5981a0ed0eb.jpg,57101,24030,ninguna,ok,
39760,LEVONORGESTREL 1.5 MG X 1 TABLETA RECUBIERTA,https://mav.farmaciasaas.com/api/images/articulos/DISTRIBUCION/50305.jpg,https://fqeshthtycmzgyibiurq.supabase.co/storage/v1/object/public/crsnimages/catalogo/033339a8-172e-4884-9ab9-d5c62efcd0ba.jpg,20093,12414,ninguna,ok,
39758,LEVOFLOXACINO 500 MG X 5 TABLETAS RECUBIERTAS,https://mav.farmaciasaas.com/api/images/articulos/DISTRIBUCION/53252.jpg,https://fqeshthtycmzgyibiurq.supabase.co/storage/v1/object/public/crsnimages/catalogo/f57d1be3-480d-4689-8e66-b211aad4e1a7.jpg,59276,25367,ninguna,ok,
39759,LEVOFLOXACINO 750 MG X 5 TABLETAS RECUBIERTAS,https://mav.farmaciasaas.com/api/images/articulos/DISTRIBUCION/53251.jpg,https://fqeshthtycmzgyibiurq.supabase.co/storage/v1/object/public/crsnimages/catalogo/3a2f5740-a895-4292-a502-ca0c2c04698a.jpg,50986,20648,ninguna,ok,
39762,LEVOTIROXINA SODICO 100 MCG X 50 TABLETAS,https://mav.farmaciasaas.com/api/images/articulos/DISTRIBUCION/54490.jpg,https://fqeshthtycmzgyibiurq.supabase.co/storage/v1/object/public/crsnimages/catalogo/5af652b1-1a5f-4cde-9d3e-598f271ce9c4.jpg,26980,19369,ninguna,ok,
39761,LEVOTIROXINA SODICO 100 MCG X 10 TABLETAS,https://mav.farmaciasaas.com/api/images/articulos/DISTRIBUCION/22840.jpg,https://fqeshthtycmzgyibiurq.supabase.co/storage/v1/object/public/crsnimages/catalogo/080ef6e7-fed1-4e1b-b358-4096cd8ea7c4.jpg,61499,27525,ninguna,ok,
39757,LEVOFLOXACINO 500 MG X 7 TABLETAS RECUBIERTAS,https://mav.farmaciasaas.com/api/images/articulos/DISTRIBUCION/20100.jpg,https://fqeshthtycmzgyibiurq.supabase.co/storage/v1/object/public/crsnimages/catalogo/0bf17a16-ab9b-4f90-9783-28a5cbca5b3d.jpg,53306,23182,ninguna,ok,
39764,LOPERAMIDA 2 MG X 10 TABLETAS,https://mav.farmaciasaas.com/api/images/articulos/DISTRIBUCION/25399.jpg,https://fqeshthtycmzgyibiurq.supabase.co/storage/v1/object/public/crsnimages/catalogo/6f549ff3-7c7f-4d59-9a23-0c7c5dfeb139.jpg,24541,16713,ninguna,ok,
39763,LEVOTIROXINA SODICO 50 MCG X 50 TABLETAS,https://mav.farmaciasaas.com/api/images/articulos/DISTRIBUCION/21408.jpg,https://fqeshthtycmzgyibiurq.supabase.co/storage/v1/object/public/crsnimages/catalogo/b7283268-dac2-47f9-bde9-3f6a06e474b2.jpg,123309,36698,ninguna,ok,
39766,LORATADINA 10 MG X 20 TABLETAS,https://mav.farmaciasaas.com/api/images/articulos/DISTRIBUCION/99082.jpg,https://fqeshthtycmzgyibiurq.supabase.co/storage/v1/object/public/crsnimages/catalogo/9113caf9-c5ef-47e5-90aa-042c009f4575.jpg,55810,24869,ninguna,ok,
39769,LOSARTAN HCT 50 MG X 15 COMPRIMIDOS,https://mav.farmaciasaas.com/api/images/articulos/DISTRIBUCION/90067.jpg,https://fqeshthtycmzgyibiurq.supabase.co/storage/v1/object/public/crsnimages/catalogo/3908a9fe-3f22-4f0a-897a-5207ba019bdd.jpg,55447,24028,ninguna,ok,
39768,LOSARTAN HCT 50 MG X 30 COMPRIMIDOS,https://mav.farmaciasaas.com/api/images/articulos/DISTRIBUCION/20434.jpg,https://fqeshthtycmzgyibiurq.supabase.co/storage/v1/object/public/crsnimages/catalogo/27e17107-776f-48da-ad20-716d7788f36f.jpg,69584,32475,ninguna,ok,
39767,LORATADINA 5 MG / 5 ML JARABE,https://mav.farmaciasaas.com/api/images/articulos/DISTRIBUCION/23709.jpg,https://fqeshthtycmzgyibiurq.supabase.co/storage/v1/object/public/crsnimages/catalogo/d848ec36-4887-4c71-a675-62e6993c88ba.jpg,63429,29590,ninguna,ok,
39770,MAGNESIO GLICINATO X 60 TABLETAS,https://mav.farmaciasaas.com/api/images/articulos/DISTRIBUCION/27004.jpg,https://fqeshthtycmzgyibiurq.supabase.co/storage/v1/object/public/crsnimages/catalogo/e65cac5a-78b2-46c9-8fd2-fbf45c5f9963.jpg,45362,16673,ninguna,ok,
39773,MELOXICAM 15 MG X 10 TABLETAS,https://mav.farmaciasaas.com/api/images/articulos/DISTRIBUCION/28529.jpg,https://fqeshthtycmzgyibiurq.supabase.co/storage/v1/object/public/crsnimages/catalogo/f6617d25-9811-4def-a4d4-5bc55aeaaec0.jpg,44992,16823,ninguna,ok,
39772,MEDROXIPROGESTERONA 10 MG X 10 TABLETAS,https://mav.farmaciasaas.com/api/images/articulos/DISTRIBUCION/53471.jpg,https://fqeshthtycmzgyibiurq.supabase.co/storage/v1/object/public/crsnimages/catalogo/db2b4cce-9568-49dc-b504-d6ae8c172292.jpg,65966,26080,ninguna,ok,
39774,MELOXICAM 7.5 MG X 10 TABLETAS,https://mav.farmaciasaas.com/api/images/articulos/DISTRIBUCION/1986.jpg,https://fqeshthtycmzgyibiurq.supabase.co/storage/v1/object/public/crsnimages/catalogo/612901e4-46bb-4322-adc2-81ebc9bbdebf.jpg,48328,19516,ninguna,ok,
39775,MEMANTINA CLORHIDRATO 10 MG X 10 TABLETAS RECUBIERTAS,https://mav.farmaciasaas.com/api/images/articulos/DISTRIBUCION/50985.jpg,https://fqeshthtycmzgyibiurq.supabase.co/storage/v1/object/public/crsnimages/catalogo/cf7f2122-72a7-425f-9046-b032e4ab267e.jpg,54897,22576,ninguna,ok,
39776,MEMANTINA CLORHIDRATO 10 MG X 28 TABLETAS RECUBIERTAS,https://mav.farmaciasaas.com/api/images/articulos/DISTRIBUCION/22396.jpg,https://fqeshthtycmzgyibiurq.supabase.co/storage/v1/object/public/crsnimages/catalogo/d234bd2a-fad7-46ba-a4d8-2749a4ac3aa5.jpg,57242,23884,ninguna,ok,
39765,LOPERAMIDA PORTU 2 MG X 100 COMPRIMIDOS,https://mav.farmaciasaas.com/api/images/articulos/DISTRIBUCION/25013.jpg,https://fqeshthtycmzgyibiurq.supabase.co/storage/v1/object/public/crsnimages/catalogo/7d47163a-119f-4a8e-a462-012f2a272483.jpg,48816,17701,ninguna,ok,
39778,MEROPENEM 1 G X 10 AMPOLLAS,https://mav.farmaciasaas.com/api/images/articulos/DISTRIBUCION/26005.jpg,https://fqeshthtycmzgyibiurq.supabase.co/storage/v1/object/public/crsnimages/catalogo/e1a9fa10-8743-4b05-ba4e-ce212da72418.jpg,36368,11528,ninguna,ok,
39779,CLORHIDRATO DE METFORMINA 500 MG X 30 TABLETAS RECUBIERTAS,https://mav.farmaciasaas.com/api/images/articulos/DISTRIBUCION/20433.jpg,https://fqeshthtycmzgyibiurq.supabase.co/storage/v1/object/public/crsnimages/catalogo/c45ac516-fa5c-4f9e-a7b6-69606026814b.jpg,62030,28916,ninguna,ok,
39780,METFORMINA LP 1000 MG X 30 TABLETAS,https://mav.farmaciasaas.com/api/images/articulos/DISTRIBUCION/52951.jpg,https://fqeshthtycmzgyibiurq.supabase.co/storage/v1/object/public/crsnimages/catalogo/1d45bc74-cfe2-49c2-8203-6e8745738e54.jpg,64759,28326,ninguna,ok,
39781,METFORMINA 500 MG X 30 TABLETAS RECUBIERTAS,https://mav.farmaciasaas.com/api/images/articulos/DISTRIBUCION/20433.jpg,https://fqeshthtycmzgyibiurq.supabase.co/storage/v1/object/public/crsnimages/catalogo/4bbf56c2-b10e-48a2-bfe5-7617ff9110ab.jpg,62030,28916,ninguna,ok,
39782,METFORMINA CLORHIDRATO 500 MG X 30 TABLETAS RECUBIERTAS,https://mav.farmaciasaas.com/api/images/articulos/DISTRIBUCION/20433.jpg,https://fqeshthtycmzgyibiurq.supabase.co/storage/v1/object/public/crsnimages/catalogo/55ece0a2-2607-471c-9cdd-15e86c3e26b2.jpg,62030,28916,ninguna,ok,
39777,MEMANTINA CLORHIDRATO 10 MG X 14 TABLETAS RECUBIERTAS,https://mav.farmaciasaas.com/api/images/articulos/DISTRIBUCION/26136.jpg,https://fqeshthtycmzgyibiurq.supabase.co/storage/v1/object/public/crsnimages/catalogo/02ec9f7b-7a45-40e5-a494-15ca408d0523.jpg,47988,17453,ninguna,ok,
39784,METOCLOPRAMIDA 10 MG / 2 ML X 3 AMPOLLAS,https://mav.farmaciasaas.com/api/images/articulos/DISTRIBUCION/28789.jpg,https://fqeshthtycmzgyibiurq.supabase.co/storage/v1/object/public/crsnimages/catalogo/f877a09e-bf83-400a-b55a-472da2e8c87e.jpg,51564,21310,ninguna,ok,
39783,METFORMINA CLORHIDRATO 850 MG X 30 TABLETAS,https://mav.farmaciasaas.com/api/images/articulos/DISTRIBUCION/28530.jpg,https://fqeshthtycmzgyibiurq.supabase.co/storage/v1/object/public/crsnimages/catalogo/55546f05-a764-4e0a-b769-7191e0dcfd85.jpg,59031,26341,ninguna,ok,
39785,METOCLOPRAMIDA 10 MG X 10 TABLETAS,https://mav.farmaciasaas.com/api/images/articulos/DISTRIBUCION/26729.jpg,https://fqeshthtycmzgyibiurq.supabase.co/storage/v1/object/public/crsnimages/catalogo/1b30bdd5-ac62-4c81-8511-30462987a20f.jpg,41572,14447,ninguna,ok,
39786,METRONIDAZOL 0.75 % GEL,https://mav.farmaciasaas.com/api/images/articulos/DISTRIBUCION/28989.jpg,https://fqeshthtycmzgyibiurq.supabase.co/storage/v1/object/public/crsnimages/catalogo/cf153d31-d8f6-4e4c-89b0-ff3281b82a38.jpg,66927,30201,ninguna,ok,
39787,METRONIDAZOL 500 MG / 100 ML SOLUCION PARA INFUSION.,https://mav.farmaciasaas.com/api/images/articulos/DISTRIBUCION/21360.jpg,https://fqeshthtycmzgyibiurq.supabase.co/storage/v1/object/public/crsnimages/catalogo/44b035ee-b1d8-4e58-a821-88c21c4cfa16.jpg,55400,20392,ninguna,ok,
39788,METRONIDAZOL 500 MG X 10 OVULOS VAGINALES,https://mav.farmaciasaas.com/api/images/articulos/DISTRIBUCION/21032.jpg,https://fqeshthtycmzgyibiurq.supabase.co/storage/v1/object/public/crsnimages/catalogo/037574f9-9cee-4f93-ba0e-e0072e7b952e.jpg,124873,36724,ninguna,ok,
39789,METRONIDAZOL 500 MG / 100 ML SOLUCION PARA INFUSION INTRAVENOSA,https://mav.farmaciasaas.com/api/images/articulos/DISTRIBUCION/21360.jpg,https://fqeshthtycmzgyibiurq.supabase.co/storage/v1/object/public/crsnimages/catalogo/79d79b2b-86a9-4187-9ed9-918f5f76b0f4.jpg,55400,20392,ninguna,ok,
39790,METRONIDAZOL 500 MG X 30 TABLETAS,https://mav.farmaciasaas.com/api/images/articulos/DISTRIBUCION/21370.jpg,https://fqeshthtycmzgyibiurq.supabase.co/storage/v1/object/public/crsnimages/catalogo/c685e8b8-6b23-48e7-a126-3103bfd55327.jpg,49638,21041,ninguna,ok,
39792,MIRTAZAPINA 15 MG X 30 TABLETAS RECUBIERTAS,https://mav.farmaciasaas.com/api/images/articulos/DISTRIBUCION/25667.jpg,https://fqeshthtycmzgyibiurq.supabase.co/storage/v1/object/public/crsnimages/catalogo/4e7f67d5-93d8-4019-b222-392213848a85.jpg,43529,16133,ninguna,ok,
39793,MIRTAZAPINA 30 MG X 30 TABLETAS RECUBIERTAS,https://mav.farmaciasaas.com/api/images/articulos/DISTRIBUCION/51322.jpg,https://fqeshthtycmzgyibiurq.supabase.co/storage/v1/object/public/crsnimages/catalogo/6bc367d6-c14a-41cb-8cad-11c00dae27f2.jpg,23110,14091,ninguna,ok,
39795,NAPROXENO 250 MG X 10 TABLETAS,https://mav.farmaciasaas.com/api/images/articulos/DISTRIBUCION/53117.jpg,https://fqeshthtycmzgyibiurq.supabase.co/storage/v1/object/public/crsnimages/catalogo/513b6ede-5034-4e2a-b1ed-e15d8763cde6.jpg,53763,21536,ninguna,ok,
39794,MOXIFLOXACINA 400 MG X 10 COMPRIMIDOS RECUBIERTOS,https://mav.farmaciasaas.com/api/images/articulos/DISTRIBUCION/25226.jpg,https://fqeshthtycmzgyibiurq.supabase.co/storage/v1/object/public/crsnimages/catalogo/0a79fe35-0185-483f-8edb-8f8abc4ae80f.jpg,46386,17834,ninguna,ok,
39796,LOSARTAN HCT TABR 50 MG X 30 COMPRIMIDOS,https://mav.farmaciasaas.com/api/images/articulos/DISTRIBUCION/28636.jpg,https://fqeshthtycmzgyibiurq.supabase.co/storage/v1/object/public/crsnimages/catalogo/a51f9faa-e425-40a8-b3f6-96967a4b6d19.jpg,49474,20100,ninguna,ok,
39791,BETAHISTINA 16 MG X 20 TABLETAS,https://mav.farmaciasaas.com/api/images/articulos/DISTRIBUCION/51762.jpg,https://fqeshthtycmzgyibiurq.supabase.co/storage/v1/object/public/crsnimages/catalogo/8b32c402-b6d6-4fa9-ac88-bdda11f1fcd1.jpg,56731,22569,ninguna,ok,
39798,NITROFURANTOINA LAPROFF 100 MG X 300 TABLETAS,https://mav.farmaciasaas.com/api/images/articulos/DISTRIBUCION/51871.jpg,https://fqeshthtycmzgyibiurq.supabase.co/storage/v1/object/public/crsnimages/catalogo/3e2b1154-21d8-4d93-afb7-3929be9ad5c7.jpg,44900,34470,ninguna,ok,
39800,NITROFURANTOINA 50 MG X 10 TABLETAS RECUBIERTAS,https://mav.farmaciasaas.com/api/images/articulos/DISTRIBUCION/53552.jpg,https://fqeshthtycmzgyibiurq.supabase.co/storage/v1/object/public/crsnimages/catalogo/afa21db8-908a-41d5-817d-b9d4ba6fbb36.jpg,43799,15082,ninguna,ok,
39799,NITROFURANTOINA 100 MG X 10 TABLETAS RECUBIERTAS,https://mav.farmaciasaas.com/api/images/articulos/DISTRIBUCION/25663.jpg,https://fqeshthtycmzgyibiurq.supabase.co/storage/v1/object/public/crsnimages/catalogo/08d3812c-30a4-4e16-8283-f5addb307feb.jpg,53977,23233,ninguna,ok,
39803,OLANZAPINA 5 MG X 30 TABLETAS ORODISPERSABLES,https://mav.farmaciasaas.com/api/images/articulos/DISTRIBUCION/25670.jpg,https://fqeshthtycmzgyibiurq.supabase.co/storage/v1/object/public/crsnimages/catalogo/f54476e7-7cd7-44bf-ac9a-824c481ee7cf.jpg,53370,23269,ninguna,ok,
39797,NIFEDIPINA 10 MG X 10 COMPRIMIDOS DISPERSABLES,https://pccentro.net.ve/img/s/5/9/8/4/5/59845-large_default.webp,https://fqeshthtycmzgyibiurq.supabase.co/storage/v1/object/public/crsnimages/catalogo/d4ceb8e5-fd31-4876-a01b-32e8980beeec.jpg,11398,27651,ninguna,ok,
39804,OLMESARTAN MEDOXOMIL 40 MG - HIDROLOCOTIAZIDA 12.5 MG X 30 TABLETAS RECUBIERTAS,https://mav.farmaciasaas.com/api/images/articulos/DISTRIBUCION/99045.jpg,https://fqeshthtycmzgyibiurq.supabase.co/storage/v1/object/public/crsnimages/catalogo/fbbd5ebf-a8e0-4b8d-ba0b-d979381e68fd.jpg,41812,17149,ninguna,ok,
39801,NITROFURAZONA 2 MG / 30 G CREMA,https://mav.farmaciasaas.com/api/images/articulos/DISTRIBUCION/52434.jpg,https://fqeshthtycmzgyibiurq.supabase.co/storage/v1/object/public/crsnimages/catalogo/a2ce7123-5e55-43da-8468-968a6619d859.jpg,36032,10343,ninguna,ok,
39802,PREDNISOLONA 3 MG / 60 ML SUSPENSION ORAL,https://mav.farmaciasaas.com/api/images/articulos/DISTRIBUCION/53054.jpg,https://fqeshthtycmzgyibiurq.supabase.co/storage/v1/object/public/crsnimages/catalogo/6fd6821f-5970-4cd6-a3bb-676e9619ac80.jpg,51123,19029,ninguna,ok,
39806,OLMESARTAN MEDOXOMILO 40 MG X 10 TABLETAS RECUBIERTAS,https://mav.farmaciasaas.com/api/images/articulos/DISTRIBUCION/18584.jpg,https://fqeshthtycmzgyibiurq.supabase.co/storage/v1/object/public/crsnimages/catalogo/9ab09005-b6c1-496e-9723-12d9632d9b5b.jpg,66937,31211,ninguna,ok,
39805,OLMESARTAN MEDOXOMILO 20 MG X 10 TABLETAS RECUBIERTAS,https://mav.farmaciasaas.com/api/images/articulos/DISTRIBUCION/18568.jpg,https://fqeshthtycmzgyibiurq.supabase.co/storage/v1/object/public/crsnimages/catalogo/eec71db1-c1ca-41af-a0ca-d825bdaf339f.jpg,69284,32725,ninguna,ok,
39807,OLMESARTAN MEDOXOMILO 40 MG X 30 TABLETAS RECUBIERTAS,https://mav.farmaciasaas.com/api/images/articulos/DISTRIBUCION/99045.jpg,https://fqeshthtycmzgyibiurq.supabase.co/storage/v1/object/public/crsnimages/catalogo/b7e04edf-d44d-4056-a64f-3f239f68a11b.jpg,41812,17149,ninguna,ok,
39808,OMEPRAZOL 20 MG X 10 CAPSULAS CON MICROGRANULOS ENTERICOS,https://mav.farmaciasaas.com/api/images/articulos/DISTRIBUCION/53303.jpg,https://fqeshthtycmzgyibiurq.supabase.co/storage/v1/object/public/crsnimages/catalogo/b8718553-79cf-42f3-90db-789e089ebf42.jpg,56083,23975,ninguna,ok,
39809,OMEPRAZOL 20 MG X 7 CAPSULAS CON MICROGRANULOS ENTERICOS,https://mav.farmaciasaas.com/api/images/articulos/DISTRIBUCION/20777.jpg,https://fqeshthtycmzgyibiurq.supabase.co/storage/v1/object/public/crsnimages/catalogo/511b9711-11da-4e9c-9a55-da94941b03e4.jpg,60245,27176,ninguna,ok,
39812,ONDANSETRON 8 MG / 4 ML X 1 AMPOLLA,https://mav.farmaciasaas.com/api/images/articulos/DISTRIBUCION/53239.jpg,https://fqeshthtycmzgyibiurq.supabase.co/storage/v1/object/public/crsnimages/catalogo/b03b61b1-9627-4e97-a295-bea1c28d2ee8.jpg,39237,13129,ninguna,ok,
39810,OMEPRAZOL 40 MG X 1 AMPOLLA,https://mav.farmaciasaas.com/api/images/articulos/DISTRIBUCION/51351.jpg,https://fqeshthtycmzgyibiurq.supabase.co/storage/v1/object/public/crsnimages/catalogo/119a6689-469a-4849-a24a-557b9f75ccc8.jpg,54941,23494,ninguna,ok,
39815,OXCARBAZEPINA 300 MG X 30 TABLETAS RECUBIERTAS,https://mav.farmaciasaas.com/api/images/articulos/DISTRIBUCION/25662.jpg,https://fqeshthtycmzgyibiurq.supabase.co/storage/v1/object/public/crsnimages/catalogo/11c5f4ba-d06d-4908-b15f-82c05f8c2f36.jpg,52538,22011,ninguna,ok,
39813,ONDANSETRON 8 MG / 4 ML X 5 AMPOLLAS,https://mav.farmaciasaas.com/api/images/articulos/DISTRIBUCION/52480.jpg,https://fqeshthtycmzgyibiurq.supabase.co/storage/v1/object/public/crsnimages/catalogo/144fd74c-e5d1-4704-811e-ba6595a57e9f.jpg,14380,6833,ninguna,ok,
39816,OXOLAMINA 120 ML JARABE,https://mav.farmaciasaas.com/api/images/articulos/DISTRIBUCION/2771.jpg,https://fqeshthtycmzgyibiurq.supabase.co/storage/v1/object/public/crsnimages/catalogo/d8bd92f3-df25-495d-92ff-470f27b68824.jpg,277341,31618,ninguna,ok,
39818,PARACETAMOL PORTU 100 MG / 10 ML SOLUCION ORAL,https://mav.farmaciasaas.com/api/images/articulos/DISTRIBUCION/23735.jpg,https://fqeshthtycmzgyibiurq.supabase.co/storage/v1/object/public/crsnimages/catalogo/a3f9b859-35c8-4039-8ce4-4b52e8dba234.jpg,48653,18967,ninguna,ok,
39820,PAROXETINA 20 MG X 30 COMPRIMIDOS RECUBIERTAS,https://mav.farmaciasaas.com/api/images/articulos/DISTRIBUCION/25668.jpg,https://fqeshthtycmzgyibiurq.supabase.co/storage/v1/object/public/crsnimages/catalogo/fd7c7367-3aa2-425e-91af-3ee502ed3f36.jpg,66634,30918,ninguna,ok,
39819,PARACETAMOL 1 G / 100 ML SOLUCION PARA INFUSION,https://mav.farmaciasaas.com/api/images/articulos/DISTRIBUCION/21339.jpg,https://fqeshthtycmzgyibiurq.supabase.co/storage/v1/object/public/crsnimages/catalogo/65b1fa03-9008-4a44-9a2e-283d75cb1a2f.jpg,51092,21355,ninguna,ok,
39817,PANTOPRAZOL 40 MG X 7 TABLETAS DE LIBERACION RETARDADA,https://mav.farmaciasaas.com/api/images/articulos/DISTRIBUCION/20517.jpg,https://fqeshthtycmzgyibiurq.supabase.co/storage/v1/object/public/crsnimages/catalogo/867c946b-424b-4234-a7ac-ac8421af924f.jpg,104921,34265,ninguna,ok,
39821,PREGABALINA 150 MG X 30 CAPSULAS,https://mav.farmaciasaas.com/api/images/articulos/DISTRIBUCION/52772.jpg,https://fqeshthtycmzgyibiurq.supabase.co/storage/v1/object/public/crsnimages/catalogo/22f2a298-6f5a-4074-a363-75f8215faaeb.jpg,55191,22837,ninguna,ok,
39823,PIRACETAM 400 MG X 30 TABLETAS,https://mav.farmaciasaas.com/api/images/articulos/DISTRIBUCION/50807.jpg,https://fqeshthtycmzgyibiurq.supabase.co/storage/v1/object/public/crsnimages/catalogo/d8bc179c-58b6-4075-921b-b50ce7d1b0dd.jpg,51152,22015,ninguna,ok,
39814,CRISPLUS ORLISTAT ELEA ZUOZ 120 MG X 30 CAPSULAS,https://pccentro.net.ve/img/s/7/9/3/8/1/79381-large_default.webp,https://fqeshthtycmzgyibiurq.supabase.co/storage/v1/object/public/crsnimages/catalogo/aed71277-93c3-48c2-951d-61e7a237f3af.jpg,35300,22925,ninguna,ok,
39822,PENTOXIFILINA 400 MG X 30 COMPRIMIDOS RECUBIERTOS DE ACCION PROLONGADA,https://mav.farmaciasaas.com/api/images/articulos/DISTRIBUCION/21851.jpg,https://fqeshthtycmzgyibiurq.supabase.co/storage/v1/object/public/crsnimages/catalogo/f13ee303-ece7-436d-8f2d-ce9d9a62581b.jpg,59923,25878,ninguna,ok,
39826,PREDNISOLONA 5 MG X 10 TABLETAS,https://mav.farmaciasaas.com/api/images/articulos/23776.jpg,https://fqeshthtycmzgyibiurq.supabase.co/storage/v1/object/public/crsnimages/catalogo/04e97f90-ae5d-4c06-ab82-3384304b5a03.jpg,46382,17309,ninguna,ok,
39824,PREDNISOLONA 3 MG / 60 ML SOLUCION ORAL,https://mav.farmaciasaas.com/api/images/articulos/DISTRIBUCION/53054.jpg,https://fqeshthtycmzgyibiurq.supabase.co/storage/v1/object/public/crsnimages/catalogo/ac368a62-7514-4cb9-808b-24220777df03.jpg,51123,19029,ninguna,ok,
39825,PREDNISOLONA 5 ML SOLUCION OFTALMICA,https://mav.farmaciasaas.com/api/images/articulos/DISTRIBUCION/29565.jpg,https://fqeshthtycmzgyibiurq.supabase.co/storage/v1/object/public/crsnimages/catalogo/e0a953b3-8006-4f50-9358-01c2eb091e9c.jpg,47495,17903,ninguna,ok,
39827,PREDNISOLONA 5 MG X 30 TABLETAS,https://mav.farmaciasaas.com/api/images/articulos/DISTRIBUCION/21369.jpg,https://fqeshthtycmzgyibiurq.supabase.co/storage/v1/object/public/crsnimages/catalogo/9542ff64-84ff-42cf-a3b4-218936c8e6b4.jpg,51970,21620,ninguna,ok,
39828,PREDNISONA 5 MG X 100 TABLETAS,https://mav.farmaciasaas.com/api/images/articulos/DISTRIBUCION/22275.jpg,https://fqeshthtycmzgyibiurq.supabase.co/storage/v1/object/public/crsnimages/catalogo/e339549c-b00c-4111-a2e1-23cdb0dfa949.jpg,58926,24907,ninguna,ok,
39829,PREGABALINA 75 MG X 30 CAPSULAS,https://mav.farmaciasaas.com/api/images/articulos/DISTRIBUCION/27604.jpg,https://fqeshthtycmzgyibiurq.supabase.co/storage/v1/object/public/crsnimages/catalogo/b831df8d-c0ca-45dd-abf9-d1e58843de2a.jpg,48737,19276,ninguna,ok,
39830,PREVERAL DEXTRO REFORM 120 ML JARABE,https://mav.farmaciasaas.com/api/images/articulos/DISTRIBUCION/99589.jpg,https://fqeshthtycmzgyibiurq.supabase.co/storage/v1/object/public/crsnimages/catalogo/74d0ab51-ab41-41c6-8a50-065fc0eafbc3.jpg,54319,23761,ninguna,ok,
39831,PROPRANOLOL CLORH 40 MG X 20 TABLETAS,https://mav.farmaciasaas.com/api/images/articulos/DISTRIBUCION/50368.jpg,https://fqeshthtycmzgyibiurq.supabase.co/storage/v1/object/public/crsnimages/catalogo/e711df03-314c-4037-8695-170d0c5912d1.jpg,61058,28501,ninguna,ok,
39832,QUETIAPINA FARMAMED 100 MG X 10 TABLETAS,https://mav.farmaciasaas.com/api/images/articulos/DISTRIBUCION/50162.jpg,https://fqeshthtycmzgyibiurq.supabase.co/storage/v1/object/public/crsnimages/catalogo/459bf44e-1414-4da2-9bdb-d60733e544af.jpg,57093,24382,ninguna,ok,
39835,QUETIAPINA 300 MG X 30 COMPRIMIDOS,https://mav.farmaciasaas.com/api/images/articulos/DISTRIBUCION/51310.jpg,https://fqeshthtycmzgyibiurq.supabase.co/storage/v1/object/public/crsnimages/catalogo/4ae03cdc-cdf4-49b7-a0ec-d882cda3ceb2.jpg,40882,17064,ninguna,ok,
39833,QUETIAPINA 100 MG X 30 TABLETAS RECUBIERTAS,https://mav.farmaciasaas.com/api/images/articulos/DISTRIBUCION/27607.jpg,https://fqeshthtycmzgyibiurq.supabase.co/storage/v1/object/public/crsnimages/catalogo/87735014-a8f8-4dba-8522-c6917c3bd66a.jpg,43106,15743,ninguna,ok,
39834,QUETIAPINA 25 MG X 30 TABLETAS RECUBIERTAS,https://mav.farmaciasaas.com/api/images/articulos/DISTRIBUCION/27606.jpg,https://fqeshthtycmzgyibiurq.supabase.co/storage/v1/object/public/crsnimages/catalogo/058e2e21-95c7-4019-8d57-f79a569f18b6.jpg,45216,16663,ninguna,ok,
39837,RANITIDINA 150 MG X 10 COMPRIMIDOS RECUBIERTOS,https://mav.farmaciasaas.com/api/images/articulos/DISTRIBUCION/54366.jpg,https://fqeshthtycmzgyibiurq.supabase.co/storage/v1/object/public/crsnimages/catalogo/97c36a01-020f-495d-913c-44dd4d434033.jpg,41079,15206,ninguna,ok,
39836,RANITIDINA 50 MG / 2 ML X 10 AMPOLLAS,https://mav.farmaciasaas.com/api/images/articulos/DISTRIBUCION/23534.jpg,https://fqeshthtycmzgyibiurq.supabase.co/storage/v1/object/public/crsnimages/catalogo/9271d3a8-44cd-4aca-b46b-727cbf801444.jpg,17013,9307,ninguna,ok,
39838,RANITIDINA 300 MG X 10 TABLETAS,https://mav.farmaciasaas.com/api/images/articulos/DISTRIBUCION/54367.jpg,https://fqeshthtycmzgyibiurq.supabase.co/storage/v1/object/public/crsnimages/catalogo/362b9fe2-50de-41bb-89d6-f40ea160a9e4.jpg,42009,15342,ninguna,ok,
39839,HIDROXICLOROQUINA 200 MG X 20 TABLETAS,https://mav.farmaciasaas.com/api/images/articulos/DISTRIBUCION/27621.jpg,https://fqeshthtycmzgyibiurq.supabase.co/storage/v1/object/public/crsnimages/catalogo/4496b4d5-d242-46b0-8a7f-6da4aa3b14db.jpg,40823,17329,ninguna,ok,
39841,RIVAROXABAN 20 MG X 10 TABLETAS RECUBIERTAS,https://mav.farmaciasaas.com/api/images/articulos/DISTRIBUCION/26738.jpg,https://fqeshthtycmzgyibiurq.supabase.co/storage/v1/object/public/crsnimages/catalogo/8c0ad15b-7cd7-43a8-b9aa-8e093ef831fe.jpg,41235,14440,ninguna,ok,
39843,ROSUVASTATINA 10 MG X 30 TABLETAS,https://mav.farmaciasaas.com/api/images/articulos/DISTRIBUCION/29584.jpg,https://fqeshthtycmzgyibiurq.supabase.co/storage/v1/object/public/crsnimages/catalogo/e12a3f31-ea71-4d40-9ecb-a125f73055aa.jpg,46997,17356,ninguna,ok,
39844,ROSUVASTATINA 20 MG X 10 TABLETAS RECUBIERTAS,https://mav.farmaciasaas.com/api/images/articulos/DISTRIBUCION/24316.jpg,https://fqeshthtycmzgyibiurq.supabase.co/storage/v1/object/public/crsnimages/catalogo/43f0b94a-4aa3-40ea-9afb-6195bbcc7688.jpg,48369,19479,ninguna,ok,
39842,RIVAROXABAN 20 MG X 14 TABLETAS RECUBIERTAS,https://mav.farmaciasaas.com/api/images/articulos/DISTRIBUCION/54217.jpg,https://fqeshthtycmzgyibiurq.supabase.co/storage/v1/object/public/crsnimages/catalogo/83002b62-c867-4cc2-ab24-dc355185e6a4.jpg,104706,18683,ninguna,ok,
39846,ROSUVASTATINA 10 MG X 30 TABLETAS RECUBIERTAS,https://mav.farmaciasaas.com/api/images/articulos/DISTRIBUCION/29584.jpg,https://fqeshthtycmzgyibiurq.supabase.co/storage/v1/object/public/crsnimages/catalogo/ee1b22e2-cc02-47c9-bd49-1e6bf3aecde2.jpg,46997,17356,ninguna,ok,
39847,SERTRALINA 50 MG X 30 COMPRIMIDOS,https://mav.farmaciasaas.com/api/images/articulos/DISTRIBUCION/25669.jpg,https://fqeshthtycmzgyibiurq.supabase.co/storage/v1/object/public/crsnimages/catalogo/02f6c3e0-ca88-4938-b184-cbeab7f34783.jpg,59997,25534,ninguna,ok,
39840,RIVAROXABAN 15 MG X 30 TABLETAS RECUBIERTAS,https://mav.farmaciasaas.com/api/images/articulos/DISTRIBUCION/24319.jpg,https://fqeshthtycmzgyibiurq.supabase.co/storage/v1/object/public/crsnimages/catalogo/e705665d-acee-4f4b-b8e0-b1ed8a5ed345.jpg,80002,38821,ninguna,ok,
39850,SERTRALINA 50 MG X 14 TABLETAS RECUBIERTAS,https://mav.farmaciasaas.com/api/images/articulos/DISTRIBUCION/22393.jpg,https://fqeshthtycmzgyibiurq.supabase.co/storage/v1/object/public/crsnimages/catalogo/6ce2bfef-f556-4fb8-a7fd-8d4ffa6710a1.jpg,67441,30526,ninguna,ok,
39845,ROSUVASTATINA 20 MG X 30 TABLETAS RECUBIERTAS,https://mav.farmaciasaas.com/api/images/articulos/DISTRIBUCION/21364.jpg,https://fqeshthtycmzgyibiurq.supabase.co/storage/v1/object/public/crsnimages/catalogo/0baa26bb-e051-4f5b-8c2a-a83fbfa419c4.jpg,62025,27619,ninguna,ok,
39852,SUCRALFATO 1 G X 10 TABLETAS,https://mav.farmaciasaas.com/api/images/articulos/DISTRIBUCION/25675.jpg,https://fqeshthtycmzgyibiurq.supabase.co/storage/v1/object/public/crsnimages/catalogo/7954ce77-8a16-4938-b865-5df11e34982e.jpg,49220,19502,ninguna,ok,
39848,SERTRALINA 50 MG X 56 TABLETAS,https://mav.farmaciasaas.com/api/images/articulos/DISTRIBUCION/53165.jpg,https://fqeshthtycmzgyibiurq.supabase.co/storage/v1/object/public/crsnimages/catalogo/78bd2252-e747-4115-9fb7-6c7a2cbcf224.jpg,65945,33156,ninguna,ok,
39853,TACROLIMUS 0.03 % UNGUENTO,https://mav.farmaciasaas.com/api/images/articulos/DISTRIBUCION/50903.jpg,https://fqeshthtycmzgyibiurq.supabase.co/storage/v1/object/public/crsnimages/catalogo/bf3a1395-8a76-42a4-a988-2a4f9e3ce355.jpg,38464,13077,ninguna,ok,
39849,SERTRALINA 50 MG X 14 COMPRIMIDOS RECUBIERTOS,https://mav.farmaciasaas.com/api/images/articulos/DISTRIBUCION/22393.jpg,https://fqeshthtycmzgyibiurq.supabase.co/storage/v1/object/public/crsnimages/catalogo/409840ca-c9f8-40ed-b7e9-502a61cade21.jpg,67441,30526,ninguna,ok,
39855,TAMSULOSINA TAMSUHEM 0.4 MG X 10 CAPSULAS,https://mav.farmaciasaas.com/api/images/articulos/DISTRIBUCION/53254.jpg,https://fqeshthtycmzgyibiurq.supabase.co/storage/v1/object/public/crsnimages/catalogo/440c6b95-ee9f-4925-98f8-ae4c30dd062e.jpg,45930,16765,ninguna,ok,
39854,TAMSULOSINA HCL 0.4 MG CAPSULAS DE LIBERACION PROGRAMADA X 30 CAPSULAS,https://mav.farmaciasaas.com/api/images/articulos/DISTRIBUCION/24279.jpg,https://fqeshthtycmzgyibiurq.supabase.co/storage/v1/object/public/crsnimages/catalogo/f392c22e-bd36-4c96-b9fd-09e5601112b0.jpg,68167,32375,ninguna,ok,
39856,TAMSULOSINA CLORHIDRATO 0.4 MG X 30 CAPSULAS DE LIBERACION PROLONGADA,https://mav.farmaciasaas.com/api/images/articulos/DISTRIBUCION/24279.jpg,https://fqeshthtycmzgyibiurq.supabase.co/storage/v1/object/public/crsnimages/catalogo/8c08b0b7-37e6-40a9-ab98-e6b337cfcee2.jpg,68167,32375,ninguna,ok,
39857,TEOFILINA 80 MG / 15 ML JARABE,https://mav.farmaciasaas.com/api/images/articulos/DISTRIBUCION/53266.jpg,https://fqeshthtycmzgyibiurq.supabase.co/storage/v1/object/public/crsnimages/catalogo/9a54b45d-927c-4c3c-91b8-ba27451dae46.jpg,39913,14096,ninguna,ok,
39851,SUCRALFATO 1 G X 20 TABLETAS,https://mav.farmaciasaas.com/api/images/articulos/DISTRIBUCION/54219.jpg,https://fqeshthtycmzgyibiurq.supabase.co/storage/v1/object/public/crsnimages/catalogo/0cd3bc53-8b4c-4516-90d1-99e7a0016af1.jpg,91227,18070,ninguna,ok,
39858,TIMOLOL 0.5 % SOLUCION OFTALMICA,https://mav.farmaciasaas.com/api/images/articulos/DISTRIBUCION/22841.jpg,https://fqeshthtycmzgyibiurq.supabase.co/storage/v1/object/public/crsnimages/catalogo/3044da48-da1b-4c75-849d-e36bb0c81507.jpg,44540,16624,ninguna,ok,
39859,TIOCOLCHICOSIDO 4 MG / 2 ML X 1 AMPOLLA,https://mav.farmaciasaas.com/api/images/articulos/DISTRIBUCION/51472.jpg,https://fqeshthtycmzgyibiurq.supabase.co/storage/v1/object/public/crsnimages/catalogo/2a03a37b-6937-472f-84e4-05bc918c9e10.jpg,66989,27772,ninguna,ok,
39861,TIOCOLCHICOSIDO IMP 4 MG / 2 ML X 2 INYECTABLE,https://mav.farmaciasaas.com/api/images/articulos/DISTRIBUCION/20405.jpg,https://fqeshthtycmzgyibiurq.supabase.co/storage/v1/object/public/crsnimages/catalogo/e28e8d14-9c89-4503-9228-048be9ca9ba5.jpg,121555,35466,ninguna,ok,
39862,TIZANIDINA 2 MG X 10 TABLETAS,https://mav.farmaciasaas.com/api/images/articulos/DISTRIBUCION/28534.jpg,https://fqeshthtycmzgyibiurq.supabase.co/storage/v1/object/public/crsnimages/catalogo/db3ad50f-8262-4961-97e0-27c3193d1b59.jpg,49148,19491,ninguna,ok,
39863,TRIMEBUTINA MALEATO 200 MG X 10 TABLETAS,https://mav.farmaciasaas.com/api/images/articulos/DISTRIBUCION/25677.jpg,https://fqeshthtycmzgyibiurq.supabase.co/storage/v1/object/public/crsnimages/catalogo/ce7bf616-dba3-412a-a9d0-f0d579ff6d84.jpg,68991,31408,ninguna,ok,
39860,TIOCOLCHICOSIDO 4 MG / 2 ML X 50 AMPOLLAS,https://mav.farmaciasaas.com/api/images/articulos/DISTRIBUCION/20404.jpg,https://fqeshthtycmzgyibiurq.supabase.co/storage/v1/object/public/crsnimages/catalogo/40c8f04b-bab5-42d8-84ad-38a659fefdc8.jpg,36101,11366,ninguna,ok,
39865,VALSARTAN 160 MG X 30 COMPRIMIDOS RECUBIERTOS,https://mav.farmaciasaas.com/api/images/articulos/DISTRIBUCION/52911.jpg,https://fqeshthtycmzgyibiurq.supabase.co/storage/v1/object/public/crsnimages/catalogo/37683c73-fe0f-4334-8ec3-cbc95164413b.jpg,20404,12804,ninguna,ok,
39866,VALSARTAN HCT TABREC 80 MG X 30 TABLETAS,https://mav.farmaciasaas.com/api/images/articulos/DISTRIBUCION/22214.jpg,https://fqeshthtycmzgyibiurq.supabase.co/storage/v1/object/public/crsnimages/catalogo/3627e0b6-c5d3-42bc-9b5f-4bd7f086dc02.jpg,58306,25794,ninguna,ok,
39867,VALSARTAN 160 MG X 30 TABLETAS RECUBIERTAS,https://mav.farmaciasaas.com/api/images/articulos/DISTRIBUCION/52911.jpg,https://fqeshthtycmzgyibiurq.supabase.co/storage/v1/object/public/crsnimages/catalogo/9c98a168-cc90-4852-8e5a-8bfb91ba8701.jpg,20404,12804,ninguna,ok,
39868,VILDAGLIPTINA 50 MG X 30 COMPRIMIDOS,https://mav.farmaciasaas.com/api/images/articulos/DISTRIBUCION/30332.jpg,https://fqeshthtycmzgyibiurq.supabase.co/storage/v1/object/public/crsnimages/catalogo/a3045e8a-8fc0-4474-8d87-adf8c7f98a48.jpg,39691,16466,ninguna,ok,
39870,VITAMINA MANDARINA TIRA TABLETA MASTICABLE UNIDADES 500 MG X 10 TABLETAS,https://pccentro.net.ve/img/s/7/4/6/6/8/74668-large_default.webp,https://fqeshthtycmzgyibiurq.supabase.co/storage/v1/object/public/crsnimages/catalogo/c91ebddd-0b60-46a8-9c1d-611b2172492f.jpg,16528,36999,ninguna,ok,
39864,VALSARTAN 160 MG X 10 COMPRIMIDOS RECUBIERTOS,https://mav.farmaciasaas.com/api/images/articulos/DISTRIBUCION/21372.jpg,https://fqeshthtycmzgyibiurq.supabase.co/storage/v1/object/public/crsnimages/catalogo/2d63dd5a-89e8-45ad-955f-a5d54461e6c6.jpg,54212,23751,ninguna,ok,
39872,ACETAMINOFEN 120 MG / 5 ML X 10 SOLUCION ORAL,https://mav.farmaciasaas.com/api/images/articulos/DISTRIBUCION/53087.jpg,https://fqeshthtycmzgyibiurq.supabase.co/storage/v1/object/public/crsnimages/catalogo/96973c1a-1765-4e12-98f8-5797032dfff9.jpg,57077,23701,ninguna,ok,
39869,BITEX COMPLEJO VITAMINA B1 B2 B6 B12 NATURALIFES X 30 TABLETAS,https://pccentro.net.ve/img/s/6/8/9/1/0/68910-large_default.webp,https://fqeshthtycmzgyibiurq.supabase.co/storage/v1/object/public/crsnimages/catalogo/9e6adf58-61e9-4572-bb67-b4fde8b74aef.jpg,18134,36129,ninguna,ok,
39873,AZITROMICINA 500 MG X 3 TABLETAS,https://mav.farmaciasaas.com/api/images/articulos/DISTRIBUCION/11009.jpg,https://fqeshthtycmzgyibiurq.supabase.co/storage/v1/object/public/crsnimages/catalogo/fed68f6f-599b-41bc-9b33-b201ae5bed16.jpg,26240,16624,ninguna,ok,
39871,VORICONAZOL 200 MG INYECTABLE,https://mav.farmaciasaas.com/api/images/articulos/DISTRIBUCION/27731.jpg,https://fqeshthtycmzgyibiurq.supabase.co/storage/v1/object/public/crsnimages/catalogo/2b6b34eb-3806-4241-a9c3-e04d3ac2b518.jpg,64867,28891,ninguna,ok,
39875,BISOPROLOL FUMARATO 5 MG COMPRIMIDOS RECUBIERTOS,https://mav.farmaciasaas.com/api/images/articulos/DISTRIBUCION/98668.jpg,https://fqeshthtycmzgyibiurq.supabase.co/storage/v1/object/public/crsnimages/catalogo/fff77fd1-d106-4daa-858b-957dfc7f2094.jpg,67018,32949,ninguna,ok,
39876,BISOPROLOL HCT 2.5 MG X 15 COMPRIMIDOS,https://mav.farmaciasaas.com/api/images/articulos/DISTRIBUCION/20507.jpg,https://fqeshthtycmzgyibiurq.supabase.co/storage/v1/object/public/crsnimages/catalogo/9086a9d8-b151-4e07-97e3-8a2885a725ad.jpg,152398,47052,ninguna,ok,
39878,CLARITROMICINA 500 MG COMPRIMIDOS RECUBIERTOS,https://mav.farmaciasaas.com/api/images/articulos/DISTRIBUCION/20429.jpg,https://fqeshthtycmzgyibiurq.supabase.co/storage/v1/object/public/crsnimages/catalogo/4ce56403-0801-444d-af62-fddd6a2f13a3.jpg,54153,23578,ninguna,ok,
39874,BISOPROLOL FUMARATO 1.25 MG COMPRIMIDOS RECUBIERTOS,https://mav.farmaciasaas.com/api/images/articulos/DISTRIBUCION/97000.jpg,https://fqeshthtycmzgyibiurq.supabase.co/storage/v1/object/public/crsnimages/catalogo/63bafd6c-54cd-420c-941d-a653807c3526.jpg,26676,17059,ninguna,ok,
39879,CLORURO MAGNES 25 G INYECTABLE,https://mav.farmaciasaas.com/api/images/articulos/DISTRIBUCION/17780.jpg,https://fqeshthtycmzgyibiurq.supabase.co/storage/v1/object/public/crsnimages/catalogo/5135f86e-b0b6-4a67-adbd-0e61e4677726.jpg,62472,26731,ninguna,ok,
39877,ZYRTEC DICLORHIDRATO CETIRIZINA GSK FARMA 1 MG / 1 ML SOLUCION ORAL,https://pccentro.net.ve/img/s/8/0/1/1/4/80114-large_default.webp,https://fqeshthtycmzgyibiurq.supabase.co/storage/v1/object/public/crsnimages/catalogo/b25a8d2a-bdfe-48a0-870c-2d052cd951b0.jpg,46110,25682,ninguna,ok,
39881,EMPAGLIFLOZINA 10 MG X 30 TABLETAS,https://mav.farmaciasaas.com/api/images/articulos/DISTRIBUCION/52002.jpg,https://fqeshthtycmzgyibiurq.supabase.co/storage/v1/object/public/crsnimages/catalogo/cf9a4e72-edfe-4992-826f-1ea0724e723d.jpg,29271,21037,ninguna,ok,
39880,DICLOFENAC DIETILAMINO 1.16 % GEL,https://mav.farmaciasaas.com/api/images/articulos/DISTRIBUCION/51997.jpg,https://fqeshthtycmzgyibiurq.supabase.co/storage/v1/object/public/crsnimages/catalogo/72a8a3f4-3220-43de-820d-e98ecd62cff9.jpg,48278,19059,ninguna,ok,
39883,HIDROCLOROTIAZIDA 12.5 MG COMPRIMIDOS,https://mav.farmaciasaas.com/api/images/articulos/DISTRIBUCION/53195.jpg,https://fqeshthtycmzgyibiurq.supabase.co/storage/v1/object/public/crsnimages/catalogo/31ca8d49-9f77-4720-89b8-a7f3fc40b09b.jpg,63695,28941,ninguna,ok,
39884,LOSARTAN POTASICO 100 MG COMPRIMIDOS RECUBIERTOS,https://mav.farmaciasaas.com/api/images/articulos/DISTRIBUCION/28528.jpg,https://fqeshthtycmzgyibiurq.supabase.co/storage/v1/object/public/crsnimages/catalogo/a3803480-147f-4d44-afaf-8fc9eaf0eb81.jpg,61534,28110,ninguna,ok,
39885,MELOXICAM 15 MG COMPRIMIDOS,https://mav.farmaciasaas.com/api/images/articulos/DISTRIBUCION/28529.jpg,https://fqeshthtycmzgyibiurq.supabase.co/storage/v1/object/public/crsnimages/catalogo/0da015cd-46cb-4bbf-9d6a-2561d07ef0f8.jpg,44992,16823,ninguna,ok,
39882,MONTELUKAST 10 MG X 30 TABLETAS,https://mav.farmaciasaas.com/api/images/articulos/DISTRIBUCION/27584.jpg,https://fqeshthtycmzgyibiurq.supabase.co/storage/v1/object/public/crsnimages/catalogo/b9b255f4-7d5e-431f-85bb-7105296e6d6b.jpg,392754,39223,ninguna,ok,
39886,METFORMINA CLORHIDRATO 850 MG COMPRIMIDOS,https://mav.farmaciasaas.com/api/images/articulos/DISTRIBUCION/28530.jpg,https://fqeshthtycmzgyibiurq.supabase.co/storage/v1/object/public/crsnimages/catalogo/4dfc48ca-2b54-4ff4-acfc-12d0617feb10.jpg,59031,26341,ninguna,ok,
39888,MONTELUKAST 10 MG COMPRIMIDOS RECUBIERTOS,https://mav.farmaciasaas.com/api/images/articulos/DISTRIBUCION/18804.jpg,https://fqeshthtycmzgyibiurq.supabase.co/storage/v1/object/public/crsnimages/catalogo/55cb0acd-0af2-4840-81ba-526547cfd907.jpg,66417,30603,ninguna,ok,
39887,ACETAMINOFEN 650 MG X 10 TABLETAS,https://mav.farmaciasaas.com/api/images/articulos/DISTRIBUCION/11552.jpg,https://fqeshthtycmzgyibiurq.supabase.co/storage/v1/object/public/crsnimages/catalogo/87d5dfa0-c4be-476e-88ad-25682c669607.jpg,59925,27015,ninguna,ok,
39889,QUETIAPINA 100 MG COMPRIMIDOS RECUBIERTOS,https://mav.farmaciasaas.com/api/images/articulos/DISTRIBUCION/27607.jpg,https://fqeshthtycmzgyibiurq.supabase.co/storage/v1/object/public/crsnimages/catalogo/c4b0ff8c-3e0f-47be-b4b1-6c6167965fbf.jpg,43106,15743,ninguna,ok,
39890,QUETIAPINA 25 MG COMPRIMIDOS RECUBIERTOS,https://mav.farmaciasaas.com/api/images/articulos/DISTRIBUCION/27606.jpg,https://fqeshthtycmzgyibiurq.supabase.co/storage/v1/object/public/crsnimages/catalogo/08f9012a-dd4c-488e-a480-5e17ed466ee4.jpg,45216,16663,ninguna,ok,
39893,SALBUTAMOL INH 100 MCG INHALACION,https://mav.farmaciasaas.com/api/images/articulos/DISTRIBUCION/20949.jpg,https://fqeshthtycmzgyibiurq.supabase.co/storage/v1/object/public/crsnimages/catalogo/857b0b51-ae90-4f84-a0fc-b91448b02422.jpg,55868,25999,ninguna,ok,
39891,QUETIAPINA 25 MG COMPRIMIDOS,https://mav.farmaciasaas.com/api/images/articulos/DISTRIBUCION/27606.jpg,https://fqeshthtycmzgyibiurq.supabase.co/storage/v1/object/public/crsnimages/catalogo/a9ab38d4-0850-43d5-86bd-b7ae078c6a34.jpg,45216,16663,ninguna,ok,
39895,SERTRALINA 50 MG COMPRIMIDOS,https://mav.farmaciasaas.com/api/images/articulos/DISTRIBUCION/25669.jpg,https://fqeshthtycmzgyibiurq.supabase.co/storage/v1/object/public/crsnimages/catalogo/c185f6f9-4ba4-49c9-b405-f12ecf7f45a1.jpg,59997,25534,ninguna,ok,
39896,SULTAMICILINA 750 MG COMPRIMIDOS RECUBIERTOS,https://mav.farmaciasaas.com/api/images/articulos/DISTRIBUCION/20939.jpg,https://fqeshthtycmzgyibiurq.supabase.co/storage/v1/object/public/crsnimages/catalogo/a9b36287-3815-4eb5-bb89-d07e62d64439.jpg,56894,23907,ninguna,ok,
39892,CYNT SIMVASTATINA 20 MG X 20 COMPRIMIDOS,https://pccentro.net.ve/img/s/7/8/3/5/3/78353-large_default.webp,https://fqeshthtycmzgyibiurq.supabase.co/storage/v1/object/public/crsnimages/catalogo/11901ec5-3448-4f3a-8a11-69155744cb52.jpg,46420,27207,ninguna,ok,
39894,SALBUTAMOL INH 100 MCG LOCION,https://mav.farmaciasaas.com/api/images/articulos/DISTRIBUCION/20949.jpg,https://fqeshthtycmzgyibiurq.supabase.co/storage/v1/object/public/crsnimages/catalogo/5c63d1e3-839b-4889-949a-ee976fe93c56.jpg,55868,25999,ninguna,ok,
39897,ALBENDAZOL 200 MG TABLETAS RECUBIERTAS MASTICABLES,https://mav.farmaciasaas.com/api/images/articulos/DISTRIBUCION/1526.jpg,https://fqeshthtycmzgyibiurq.supabase.co/storage/v1/object/public/crsnimages/catalogo/2adc50ee-73d3-4be5-8505-88ba8bd95a10.jpg,46450,17640,ninguna,ok,
39898,ANGIOFLUX 250LSU X 25 CAPSULAS,https://mav.farmaciasaas.com/api/images/articulos/DISTRIBUCION/52055.jpg,https://fqeshthtycmzgyibiurq.supabase.co/storage/v1/object/public/crsnimages/catalogo/9fb0c441-56ec-4fe4-ac7d-865bd2b7443a.jpg,65220,30676,ninguna,ok,
39899,AZITROMICINA 500 MG X 3 TABLETA RECUBIERTA,https://mav.farmaciasaas.com/api/images/articulos/DISTRIBUCION/11009.jpg,https://fqeshthtycmzgyibiurq.supabase.co/storage/v1/object/public/crsnimages/catalogo/e3480cc1-9890-4640-a1a0-e58d3df06bff.jpg,26240,16624,ninguna,ok,
39900,BUDESONIDA 50 MCG / DOSIS SUSPENSION PARA INHALACION ORAL,https://mav.farmaciasaas.com/api/images/articulos/DISTRIBUCION/4804.jpg,https://fqeshthtycmzgyibiurq.supabase.co/storage/v1/object/public/crsnimages/catalogo/e2145d5d-65c4-45a3-af6c-fcfa777118ff.jpg,68429,32972,ninguna,ok,
39902,CLINDAMICINA 15 G GEL,https://mav.farmaciasaas.com/api/images/articulos/DISTRIBUCION/23694.jpg,https://fqeshthtycmzgyibiurq.supabase.co/storage/v1/object/public/crsnimages/catalogo/6a6e9cfa-5769-469a-b86c-3f24e2726802.jpg,68149,31673,ninguna,ok,
39901,HIOSCINA N-BUTILBROMURO 10 MG X 10 TABLETAS RECUBIERTAS,https://mav.farmaciasaas.com/api/images/articulos/DISTRIBUCION/23872.jpg,https://fqeshthtycmzgyibiurq.supabase.co/storage/v1/object/public/crsnimages/catalogo/cb8a2903-a00d-4fa9-b734-8241097397a2.jpg,52069,21496,ninguna,ok,
39904,CLOTRIMAZOL VAG 20 G CREMA,https://mav.farmaciasaas.com/api/images/articulos/DISTRIBUCION/51265.jpg,https://fqeshthtycmzgyibiurq.supabase.co/storage/v1/object/public/crsnimages/catalogo/253c77ba-8c72-4710-9c72-0986ce42b057.jpg,51741,21186,ninguna,ok,
39903,CLORTALIDONA 12.5 MG X 30 TABLETAS,https://mav.farmaciasaas.com/api/images/articulos/DISTRIBUCION/50972.jpg,https://fqeshthtycmzgyibiurq.supabase.co/storage/v1/object/public/crsnimages/catalogo/ff93e6b4-3b22-4d21-bf00-498452028714.jpg,42292,17974,ninguna,ok,
39905,DAPAGLIFLOZINA 10 MG X 30 COMPRIMIDOS,https://mav.farmaciasaas.com/api/images/articulos/DISTRIBUCION/53037.jpg,https://fqeshthtycmzgyibiurq.supabase.co/storage/v1/object/public/crsnimages/catalogo/5e777c4b-af93-4fd4-8a99-93da5e3be57f.jpg,48680,20140,ninguna,ok,
39906,DICLOFENAC SODICO 50 G GEL,https://mav.farmaciasaas.com/api/images/articulos/DISTRIBUCION/24336.jpg,https://fqeshthtycmzgyibiurq.supabase.co/storage/v1/object/public/crsnimages/catalogo/30aef63a-3064-4c74-9287-923c564ab64d.jpg,49802,21239,ninguna,ok,
39907,DYMAZOL CLOTRIMAZOL OVULOS VAGINAL 200 MG X 3 OVULOS,https://pccentro.net.ve/img/s/6/0/7/4/2/60742-large_default.webp,https://fqeshthtycmzgyibiurq.supabase.co/storage/v1/object/public/crsnimages/catalogo/0752cca7-61c6-478f-9d3d-71689223ea91.jpg,9438,21407,ninguna,ok,
39908,FLUCONAZOL 200 MG / 100 ML SOLUCION PARA INFUSION,https://mav.farmaciasaas.com/api/images/articulos/DISTRIBUCION/29940.jpg,https://fqeshthtycmzgyibiurq.supabase.co/storage/v1/object/public/crsnimages/catalogo/793bd0e6-c98b-4007-8a60-5526f9db96d3.jpg,62047,26925,ninguna,ok,
39910,GLUTAMINA VIT B12 X 60 INYECTABLE,https://mav.farmaciasaas.com/api/images/articulos/DISTRIBUCION/28485.jpg,https://fqeshthtycmzgyibiurq.supabase.co/storage/v1/object/public/crsnimages/catalogo/eb665846-dd6a-4625-9b61-22b213dafd25.jpg,65070,32075,ninguna,ok,
39909,GABAPENTINA 300 MG X 30 COMPRIMIDOS,https://mav.farmaciasaas.com/api/images/articulos/DISTRIBUCION/20432.jpg,https://fqeshthtycmzgyibiurq.supabase.co/storage/v1/object/public/crsnimages/catalogo/bd76be00-e25e-4538-ba80-c4cec2a0cf08.jpg,53844,23008,ninguna,ok,
39911,HIDROCORTISONA SODICO 500 MG INYECTABLE,https://mav.farmaciasaas.com/api/images/articulos/DISTRIBUCION/23085.jpg,https://fqeshthtycmzgyibiurq.supabase.co/storage/v1/object/public/crsnimages/catalogo/d632f2c1-d215-4af0-8bf4-e4aa6ff5c497.jpg,47445,18356,ninguna,ok,
39913,DALCITRIN MUPIROCINA UNGUENTO,https://pccentro.net.ve/img/s/5/3/2/6/2/53262-large_default.webp,https://fqeshthtycmzgyibiurq.supabase.co/storage/v1/object/public/crsnimages/catalogo/2e68f876-476c-4d31-9214-2ec2797c122c.jpg,15692,31555,ninguna,ok,
39912,KETOPROFENO 2.5 % GEL,https://mav.farmaciasaas.com/api/images/articulos/DISTRIBUCION/52479.jpg,https://fqeshthtycmzgyibiurq.supabase.co/storage/v1/object/public/crsnimages/catalogo/1670f26a-12da-450e-b9a3-adbc433c80a2.jpg,56256,21228,ninguna,ok,
39914,OMEPRAZOL 40 MG X 1 INYECTABLE,https://mav.farmaciasaas.com/api/images/articulos/DISTRIBUCION/51351.jpg,https://fqeshthtycmzgyibiurq.supabase.co/storage/v1/object/public/crsnimages/catalogo/b56d586e-62b0-48c8-8a1c-af60a8f33c66.jpg,54941,23494,ninguna,ok,
39915,PENTOXIFILINA 400 MG X 30 TABLETAS RECUBIERTAS DE LIBERACION PROLONGADA,https://mav.farmaciasaas.com/api/images/articulos/DISTRIBUCION/21851.jpg,https://fqeshthtycmzgyibiurq.supabase.co/storage/v1/object/public/crsnimages/catalogo/5e34dfb7-a3de-41b0-8460-84e42f1dad4d.jpg,59923,25878,ninguna,ok,
39917,DIOSMINA HESPER 450 MG X 30 TABLETAS,https://mav.farmaciasaas.com/api/images/articulos/DISTRIBUCION/52910.jpg,https://fqeshthtycmzgyibiurq.supabase.co/storage/v1/object/public/crsnimages/catalogo/cd6f5006-cc50-482a-94e7-465ce7e00843.jpg,61096,25093,ninguna,ok,
39916,RANITIDINA 150 MG / 10 ML X 10 SOLUCION ORAL,https://mav.farmaciasaas.com/api/images/articulos/DISTRIBUCION/53151.jpg,https://fqeshthtycmzgyibiurq.supabase.co/storage/v1/object/public/crsnimages/catalogo/5f4aaa97-7d4e-4595-b121-ba7dab25c0f7.jpg,66375,29542,ninguna,ok,
