id,nombre_comercial,url_anterior,url_nueva,bytes_origen,bytes_destino,variante_logo,estado,error
37291,ABRETIA 10 MG X 10 CAPSULAS,https://mav.farmaciasaas.com/api/images/articulos/DISTRIBUCION/17769.jpg,,53719,24703,blanco,error,storage.from(...).upload is not a function
37297,ACIDO FOLICO 10 MG X 10 TABLETAS,https://mav.farmaciasaas.com/api/images/articulos/DISTRIBUCION/53282.jpg,,56169,24611,blanco,error,storage.from(...).upload is not a function
37293,ABRETIA 25 MG X 20 CAPSULAS,https://mav.farmaciasaas.com/api/images/articulos/DISTRIBUCION/17768.jpg,,54861,25780,blanco,error,storage.from(...).upload is not a function
37294,ACIDO FOLICO 5 MG X 20 COMPRIMIDOS,https://mav.farmaciasaas.com/api/images/articulos/DISTRIBUCION/23.jpg,,68806,35210,blanco,error,storage.from(...).upload is not a function
37292,ABRETIA 18 MG X 10 CAPSULAS,https://mav.farmaciasaas.com/api/images/articulos/DISTRIBUCION/17770.jpg,,55368,25509,blanco,error,storage.from(...).upload is not a function
37298,ACIDO FOLICO 10 MG X 10 TABLETAS,https://mav.farmaciasaas.com/api/images/articulos/DISTRIBUCION/53779.jpg,,54449,24112,blanco,error,storage.from(...).upload is not a function
37301,ACIDO FOLICO 5 MG X 10 TABLETAS,https://mav.farmaciasaas.com/api/images/articulos/DISTRIBUCION/53280.jpg,,56363,25370,blanco,error,storage.from(...).upload is not a function
37299,ACIDO FOLICO 10 MG X 20 TABLETAS,https://mav.farmaciasaas.com/api/images/articulos/DISTRIBUCION/92858.jpg,,68333,33479,blanco,error,storage.from(...).upload is not a function
37300,ACIDO FOLICO 10 MG X 30 TABLETAS,https://mav.farmaciasaas.com/api/images/articulos/DISTRIBUCION/92857.jpg,,468820,46035,blanco,error,storage.from(...).upload is not a function
37307,ACETAB 250 MG X 20 TABLETAS,https://mav.farmaciasaas.com/api/images/articulos/DISTRIBUCION/90118.jpg,,54682,21336,blanco,error,storage.from(...).upload is not a function
37305,ACALIX 60 MG X 30 TABLETAS,https://mav.farmaciasaas.com/api/images/articulos/DISTRIBUCION/4986.jpg,,57966,25448,blanco,error,storage.from(...).upload is not a function
37308,ACETAMINOFEN 500 X 10 COMPRIMIDOS,https://mav.farmaciasaas.com/api/images/articulos/DISTRIBUCION/22931.jpg,,59585,28579,blanco,error,storage.from(...).upload is not a function
37295,ACIDO FOLICO 5 MG X 30 COMPRIMIDOS,https://mav.farmaciasaas.com/api/images/articulos/DISTRIBUCION/92955.jpg,,68970,34993,blanco,error,storage.from(...).upload is not a function
37309,ACETAMINOFEN 650 MG X 10 TABLETAS,https://mav.farmaciasaas.com/api/images/articulos/DISTRIBUCION/52390.jpg,,88285,39265,blanco,error,storage.from(...).upload is not a function
37315,ACETAMINOFEN 180 MG / 5 ML SOLUCION ORAL,https://mav.farmaciasaas.com/api/images/articulos/DISTRIBUCION/51788.jpg,,50282,20910,blanco,error,storage.from(...).upload is not a function
37322,ACETAMINOFEN - HIOSCINA N BUTIL BROMURO 500 MG-10 MG X 20 TABLETAS RE,https://mav.farmaciasaas.com/api/images/articulos/DISTRIBUCION/7537.jpg,,63786,29861,blanco,error,storage.from(...).upload is not a function
37304,ACIDO VALPROICO 250 MG / 5 ML JARABE,https://pccentro.net.ve/img/s/7/2/3/0/6/72306-large_default.webp,,15784,34021,blanco,error,storage.from(...).upload is not a function
37310,ACETAMINOFEN 650 MG X 20 TABLETAS,https://pccentro.net.ve/img/s/9/6/2/1/4/96214-large_default.webp,,51528,30328,blanco,error,storage.from(...).upload is not a function
37329,ACEVAL 100 MG / ML SOLUCION ORAL EN GOTAS,https://mav.farmaciasaas.com/api/images/articulos/DISTRIBUCION/4669.jpg,,1230912,24308,blanco,error,storage.from(...).upload is not a function
37331,ACEVAL 650 MG X 10 TABLETAS,https://mav.farmaciasaas.com/api/images/articulos/DISTRIBUCION/646.jpg,,234829,34126,blanco,error,storage.from(...).upload is not a function
37332,ACEVAL 650 MG X 50 TABLETAS,https://mav.farmaciasaas.com/api/images/articulos/DISTRIBUCION/24308.jpg,,53039,22521,blanco,error,storage.from(...).upload is not a function
37330,ACEVAL 180 MG / 5 ML SOLUCION ORAL,https://mav.farmaciasaas.com/api/images/articulos/DISTRIBUCION/22391.jpg,,1185892,21253,blanco,error,storage.from(...).upload is not a function
37333,ACICLOR 1 G X 10 COMPRIMIDOS A.P.,https://mav.farmaciasaas.com/api/images/articulos/DISTRIBUCION/3203.jpg,,112905,34714,blanco,error,storage.from(...).upload is not a function
37318,ACETAMINOFEN 500 MG X 10 TABLETAS,https://mav.farmaciasaas.com/api/images/articulos/DISTRIBUCION/2337.jpg,,27333,18490,blanco,error,storage.from(...).upload is not a function
37342,ACICLOVIR 200 MG X 25 TABLETAS,https://mav.farmaciasaas.com/api/images/articulos/DISTRIBUCION/11560.jpg,,25284,16547,blanco,error,storage.from(...).upload is not a function
37334,ACICLOR 5 % CREMA,https://mav.farmaciasaas.com/api/images/articulos/DISTRIBUCION/8876.jpg,,96965,28471,blanco,error,storage.from(...).upload is not a function
37348,ACIDO ASCORBICO 100 MG / ML SOLUCION ORAL,https://mav.farmaciasaas.com/api/images/articulos/DISTRIBUCION/29208.jpg,,65727,30111,blanco,error,storage.from(...).upload is not a function
37351,ACIDO FOLICO 10 MG / ML X 3 AMPOLLAS,https://mav.farmaciasaas.com/api/images/articulos/DISTRIBUCION/20.jpg,,74440,38622,blanco,error,storage.from(...).upload is not a function
37345,ACIDO ACETILSALICILICO 81 MG X 24 TABLETAS CON CUBIERTA ENTERICA,https://mav.farmaciasaas.com/api/images/articulos/DISTRIBUCION/7271.jpg,,104893,45445,blanco,error,storage.from(...).upload is not a function
37353,ACIDO FOLICO 10 MG COMPRIMIDOS,https://mav.farmaciasaas.com/api/images/articulos/DISTRIBUCION/4100.jpg,,47443,20627,blanco,error,storage.from(...).upload is not a function
37354,ACIDO FOLICO 10 MG X 20 COMPRIMIDOS,https://mav.farmaciasaas.com/api/images/articulos/DISTRIBUCION/24.jpg,,68650,35150,blanco,error,storage.from(...).upload is not a function
37355,ACIDO FOLICO 10 MG X 30 COMPRIMIDOS,https://mav.farmaciasaas.com/api/images/articulos/DISTRIBUCION/90738.jpg,,69389,35410,blanco,error,storage.from(...).upload is not a function
37357,ACIDO FOLICO 10 MG X 30 COMPRIMIDOS,https://mav.farmaciasaas.com/api/images/articulos/DISTRIBUCION/98454.jpg,,60865,27640,blanco,error,storage.from(...).upload is not a function
37359,ACIDO FOLICO 10 MG X 30 TABLETAS,https://mav.farmaciasaas.com/api/images/articulos/DISTRIBUCION/29544.jpg,,25279,16384,blanco,error,storage.from(...).upload is not a function
37358,ACIDO FOLICO 10 MG / ML SOLUCION ORAL,https://pccentro.net.ve/img/s/8/2/1/5/8/82158-large_default.webp,,44956,27361,blanco,error,storage.from(...).upload is not a function
37360,ACIDO FOLICO 5 MG X 30 TABLETAS,https://mav.farmaciasaas.com/api/images/articulos/DISTRIBUCION/23782.jpg,,398120,39416,blanco,error,storage.from(...).upload is not a function
37362,ACIDO MEFENAMICO 500 MG X 10 TABLETAS,https://mav.farmaciasaas.com/api/images/articulos/DISTRIBUCION/28706.jpg,,67173,31238,blanco,error,storage.from(...).upload is not a function
37364,VALPRON 500 MG X 30 TABLETAS,https://mav.farmaciasaas.com/api/images/articulos/DISTRIBUCION/5235.jpg,,49581,20464,blanco,error,storage.from(...).upload is not a function
37365,VALPRON 500 MG X 60 TABLETAS,https://pccentro.net.ve/img/s/7/1/4/2/5/71425-large_default.webp,,14364,27633,blanco,error,storage.from(...).upload is not a function
37370,AFLAMAX 50 MG X 10 TABLETAS RECUBIERTAS,https://mav.farmaciasaas.com/api/images/articulos/DISTRIBUCION/19583.jpg,,47357,21583,blanco,error,storage.from(...).upload is not a function
37371,AFLAMAX 50 MG X 20 TABLETAS RECUBIERTAS,https://mav.farmaciasaas.com/api/images/articulos/DISTRIBUCION/92341.jpg,,68816,29004,blanco,error,storage.from(...).upload is not a function
37372,AFOKLIN 5 MG X 20 COMPRIMIDOS,https://mav.farmaciasaas.com/api/images/articulos/DISTRIBUCION/778.jpg,,57465,27513,blanco,error,storage.from(...).upload is not a function
37373,AFOKLIN 10 MG / ML SOLUCION ORAL,https://mav.farmaciasaas.com/api/images/articulos/DISTRIBUCION/779.jpg,,73793,37467,blanco,error,storage.from(...).upload is not a function
37377,AIRCOF 10 MG X 30 TABLETAS MASTICABLES,https://mav.farmaciasaas.com/api/images/articulos/DISTRIBUCION/53060.jpg,,69095,31981,blanco,error,storage.from(...).upload is not a function
37376,AIRCOF PLUS 5 MG - 2.5 MG X 30 TABLETAS MASTICABLES,https://mav.farmaciasaas.com/api/images/articulos/DISTRIBUCION/53225.jpg,,76175,36813,blanco,error,storage.from(...).upload is not a function
37380,AIRON 10 MG X 10 TABLETAS RECUBIERTAS,https://pccentro.net.ve/img/s/1/8/2/0/6/18206-large_default.webp,,17296,24319,blanco,error,storage.from(...).upload is not a function
37379,AIRON 10 MG X 30 TABLETAS RECUBIERTAS,https://mav.farmaciasaas.com/api/images/articulos/DISTRIBUCION/5930.jpg,,87907,34924,blanco,error,storage.from(...).upload is not a function
37378,AIRFEN 0.05 % SOLUCION NASAL,https://mav.farmaciasaas.com/api/images/articulos/DISTRIBUCION/4340.jpg,,97609,51239,blanco,error,storage.from(...).upload is not a function
37385,ALBENDAZOL 200 MG X 2 TABLETAS,https://mav.farmaciasaas.com/api/images/articulos/DISTRIBUCION/17968.jpg,,467394,45661,blanco,error,storage.from(...).upload is not a function
37387,ALBENDAZOL 200 MG X 6 TABLETAS MASTICABLES,https://mav.farmaciasaas.com/api/images/articulos/DISTRIBUCION/94917.jpg,,63783,28802,blanco,error,storage.from(...).upload is not a function
37388,ALBICAR 400 MG / 10 ML SUSPENSION,https://mav.farmaciasaas.com/api/images/articulos/DISTRIBUCION/9806.jpg,,45383,18736,blanco,error,storage.from(...).upload is not a function
37390,ALBICAR 200 MG X 6 TABLETAS,https://mav.farmaciasaas.com/api/images/articulos/DISTRIBUCION/9782.jpg,,40893,14536,blanco,error,storage.from(...).upload is not a function
37386,ALBENDAZOL 200 MG X 6 TABLETAS,https://mav.farmaciasaas.com/api/images/articulos/DISTRIBUCION/20302.jpg,,466367,45904,blanco,error,storage.from(...).upload is not a function
37389,ALBICAR 200 MG X 2 TABLETAS,https://mav.farmaciasaas.com/api/images/articulos/DISTRIBUCION/9807.jpg,,46100,18198,blanco,error,storage.from(...).upload is not a function
37392,ALENTIK 70 MG X 4 TABLETAS,https://mav.farmaciasaas.com/api/images/articulos/DISTRIBUCION/50731.jpg,,46369,19537,blanco,error,storage.from(...).upload is not a function
37393,ALERGOT 0.05 % SOLUCION OFTALMICA,https://mav.farmaciasaas.com/api/images/articulos/DISTRIBUCION/5332.jpg,,52299,19003,blanco,error,storage.from(...).upload is not a function
37394,ALFADYN 0.2 % SOLUCION OFTALMICA,https://mav.farmaciasaas.com/api/images/articulos/DISTRIBUCION/8457.jpg,,49624,19347,blanco,error,storage.from(...).upload is not a function
37395,ALGIOL 5 MG X 30 COMPRIMIDOS RECUBIERTOS,https://mav.farmaciasaas.com/api/images/articulos/DISTRIBUCION/23948.jpg,,58048,16688,blanco,error,storage.from(...).upload is not a function
37398,AMITAFEN FORTE 650 MG X 10 TABLETAS,https://mav.farmaciasaas.com/api/images/articulos/DISTRIBUCION/6236.jpg,,27687,18687,blanco,error,storage.from(...).upload is not a function
37396,ALGOREN 10 MG X 20 TABLETAS,https://mav.farmaciasaas.com/api/images/articulos/DISTRIBUCION/104.jpg,,67266,33434,blanco,error,storage.from(...).upload is not a function
37397,ALIPAL FORTE DIA 650 MG - 32 MG - 4 MG X 12 CAPSULAS,https://mav.farmaciasaas.com/api/images/articulos/DISTRIBUCION/53530.jpg,,95617,52498,blanco,error,storage.from(...).upload is not a function
37400,ALOPURINOL 100 MG X 30 TABLETAS,https://pccentro.net.ve/img/s/3/1/9/2/3/31923-large_default.webp,,0,0,blanco,error,HTTP 404
37404,ALPRAZOLAM 0.5 MG X 30 TABLETAS,https://mav.farmaciasaas.com/api/images/articulos/DISTRIBUCION/10378.jpg,,25477,16815,blanco,error,storage.from(...).upload is not a function
37401,ALPRAM 0.5 MG X 30 TABLETAS,https://mav.farmaciasaas.com/api/images/articulos/DISTRIBUCION/5177.jpg,,264192,34898,blanco,error,storage.from(...).upload is not a function
37402,ALPRAM 1 MG X 30 TABLETAS,https://mav.farmaciasaas.com/api/images/articulos/DISTRIBUCION/5184.jpg,,260492,35148,blanco,error,storage.from(...).upload is not a function
37403,ALPRAM 2 MG X 30 TABLETAS,https://mav.farmaciasaas.com/api/images/articulos/DISTRIBUCION/5185.jpg,,268169,35361,blanco,error,storage.from(...).upload is not a function
37406,ALPRAZOLAM 2 MG X 30 TABLETAS,https://mav.farmaciasaas.com/api/images/articulos/DISTRIBUCION/97351.jpg,,26012,18154,blanco,error,storage.from(...).upload is not a function
37405,ALPRAZOLAM 1 MG X 30 TABLETAS,https://mav.farmaciasaas.com/api/images/articulos/DISTRIBUCION/10377.jpg,,25273,16665,blanco,error,storage.from(...).upload is not a function
37408,ALSART 160 MG X 30 CAPSULAS,https://pccentro.net.ve/img/s/3/5/0/4/0/35040-large_default.webp,,7368,17818,blanco,error,storage.from(...).upload is not a function
37407,ALSART 160 MG X 10 CAPSULAS,https://mav.farmaciasaas.com/api/images/articulos/DISTRIBUCION/20787.jpg,,55857,23545,blanco,error,storage.from(...).upload is not a function
37409,ALSART 80 MG X 10 CAPSULAS,https://mav.farmaciasaas.com/api/images/articulos/DISTRIBUCION/20332.jpg,,48463,19513,blanco,error,storage.from(...).upload is not a function
37410,ALSART 80 MG X 30 CAPSULAS,https://mav.farmaciasaas.com/api/images/articulos/DISTRIBUCION/20333.jpg,,47599,20065,blanco,error,storage.from(...).upload is not a function
37412,ALURON 100 MG X 30 TABLETAS,https://mav.farmaciasaas.com/api/images/articulos/DISTRIBUCION/119.jpg,,73724,38385,blanco,error,storage.from(...).upload is not a function
37411,ALURON 300 MG X 20 COMPRIMIDOS,https://mav.farmaciasaas.com/api/images/articulos/DISTRIBUCION/13540.jpg,,77953,40873,blanco,error,storage.from(...).upload is not a function
37413,AMANIRIS 81 MG X 30 COMPRIMIDOS CON CUBIERTA ENTERICA,https://mav.farmaciasaas.com/api/images/articulos/DISTRIBUCION/29745.jpg,,17201,9651,blanco,error,storage.from(...).upload is not a function
37417,AMBROXOL CLORHIDRATO - LORATADINA 30 MG - 5 MG / 5 ML JARABE,https://pccentro.net.ve/img/s/8/0/1/5/3/80153-large_default.webp,,90030,52243,blanco,error,storage.from(...).upload is not a function
37422,AMIODARONA CLORHIDRATO 200 MG X 10 TABLETAS,https://mav.farmaciasaas.com/api/images/articulos/DISTRIBUCION/4602.jpg,,173847,37943,blanco,error,storage.from(...).upload is not a function
37423,AMLODIPINA 10 MG X 30 COMPRIMIDOS,https://mav.farmaciasaas.com/api/images/articulos/DISTRIBUCION/97973.jpg,,53223,24277,blanco,error,storage.from(...).upload is not a function
37421,AMIODARONA CLORHIDRATO 200 MG X 10 COMPRIMIDOS,https://mav.farmaciasaas.com/api/images/articulos/DISTRIBUCION/3505.jpg,,266153,39643,blanco,error,storage.from(...).upload is not a function
37426,AMLODIPINA 5 MG X 30 COMPRIMIDOS,https://mav.farmaciasaas.com/api/images/articulos/DISTRIBUCION/9206.jpg,,59928,27789,blanco,error,storage.from(...).upload is not a function
37428,AMLODIPINA 10 MG X 30 TABLETAS,https://mav.farmaciasaas.com/api/images/articulos/DISTRIBUCION/12054.jpg,,25399,16476,blanco,error,storage.from(...).upload is not a function
37427,AMLODIPINA 10 MG X 10 TABLETAS,https://pccentro.net.ve/img/s/8/3/7/7/1/83771-large_default.webp,,39320,27354,blanco,error,storage.from(...).upload is not a function
37432,AMLODIPINA 5 MG X 30 TABLETAS,https://mav.farmaciasaas.com/api/images/articulos/DISTRIBUCION/10982.jpg,,24451,15866,blanco,error,storage.from(...).upload is not a function
37431,AMLODIPINA 5 MG X 10 TABLETAS,https://pccentro.net.ve/img/s/8/3/7/7/2/83772-large_default.webp,,37298,26565,blanco,error,storage.from(...).upload is not a function
37443,AMOXICILINA 500 MG X 12 CAPSULAS,https://mav.farmaciasaas.com/api/images/articulos/DISTRIBUCION/25978.jpg,,52364,24121,blanco,error,storage.from(...).upload is not a function
37444,AMOXICILINA 250 MG / 5 ML POLVO PARA SUSPENSION ORAL,https://mav.farmaciasaas.com/api/images/articulos/DISTRIBUCION/51378.jpg,,24227,15801,blanco,error,storage.from(...).upload is not a function
37448,AMOXICILINA - ACIDO CLAVULANICO 875 MG - 125 MG COMPRIMIDOS,https://pccentro.net.ve/img/s/7/5/0/2/1/75021-large_default.webp,,14454,32128,blanco,error,storage.from(...).upload is not a function
37449,AMOXIDUO 875 MG X 14 COMPRIMIDOS RECUBIERTOS,https://mav.farmaciasaas.com/api/images/articulos/DISTRIBUCION/1481.jpg,,65661,33596,blanco,error,storage.from(...).upload is not a function
37450,AMOXIVAL 500 MG X 12 CAPSULAS,https://mav.farmaciasaas.com/api/images/articulos/DISTRIBUCION/5739.jpg,,179427,27760,blanco,error,storage.from(...).upload is not a function
37453,AMOXIVAL 875 MG X 20 TABLETAS RECUBIERTAS,https://mav.farmaciasaas.com/api/images/articulos/DISTRIBUCION/98747.jpg,,162981,25781,blanco,error,storage.from(...).upload is not a function
37455,AMPLIDER 50 MG X 10 CAPSULAS BLANDAS,https://mav.farmaciasaas.com/api/images/articulos/DISTRIBUCION/28394.jpg,,80432,41543,blanco,error,storage.from(...).upload is not a function
37456,ANALPER PLUS 500 MG - 10 MG X 10 TABLETAS RECUBIERTAS,https://mav.farmaciasaas.com/api/images/articulos/DISTRIBUCION/7690.jpg,,80764,38950,blanco,error,storage.from(...).upload is not a function
37458,ANANTY 120 MG / 5 ML SUSPENSION,https://mav.farmaciasaas.com/api/images/articulos/DISTRIBUCION/6865.jpg,,60717,28913,blanco,error,storage.from(...).upload is not a function
37459,ANANTY 650 MG X 10 TABLETAS,https://mav.farmaciasaas.com/api/images/articulos/DISTRIBUCION/6868.jpg,,71637,33339,blanco,error,storage.from(...).upload is not a function
37460,ANAPIRFLEX 600 MG – 4 MG X 10 TABLETAS RECUBIERTAS,https://mav.farmaciasaas.com/api/images/articulos/DISTRIBUCION/29669.jpg,,69894,34439,blanco,error,storage.from(...).upload is not a function
37461,ANASMOL 5 MG X 10 COMPRIMIDOS,https://pccentro.net.ve/img/s/7/5/7/4/9/75749-large_default.webp,,9468,22276,blanco,error,storage.from(...).upload is not a function
37457,ANANTY FORTE 160 MG / 5 ML SUSPENSION,https://mav.farmaciasaas.com/api/images/articulos/DISTRIBUCION/13266.jpg,,614563,63370,blanco,error,storage.from(...).upload is not a function
37462,ANASMOL 5 MG X 30 COMPRIMIDOS,https://mav.farmaciasaas.com/api/images/articulos/DISTRIBUCION/95473.jpg,,49148,20980,blanco,error,storage.from(...).upload is not a function
37464,ANGRIP X 8 COMPRIMIDOS,https://mav.farmaciasaas.com/api/images/articulos/DISTRIBUCION/22591.jpg,,79190,41950,blanco,error,storage.from(...).upload is not a function
37465,ANGRIP X 4 COMPRIMIDOS,https://mav.farmaciasaas.com/api/images/articulos/DISTRIBUCION/23940.jpg,,69157,34383,blanco,error,storage.from(...).upload is not a function
37467,ANSILAN 0.5 MG X 30 COMPRIMIDOS RECUBIERTOS,https://mav.farmaciasaas.com/api/images/articulos/DISTRIBUCION/1297.jpg,,66974,29789,blanco,error,storage.from(...).upload is not a function
37466,ANGRIP X 15 COMPRIMIDOS,https://mav.farmaciasaas.com/api/images/articulos/DISTRIBUCION/51261.jpg,,75448,37760,blanco,error,storage.from(...).upload is not a function
37468,ANSILAN 1 MG X 30 COMPRIMIDOS RECUBIERTOS,https://mav.farmaciasaas.com/api/images/articulos/DISTRIBUCION/1298.jpg,,66158,29048,blanco,error,storage.from(...).upload is not a function
37469,ANSILAN 2 MG X 30 COMPRIMIDOS RECUBIERTOS,https://mav.farmaciasaas.com/api/images/articulos/DISTRIBUCION/16881.jpg,,68045,30615,blanco,error,storage.from(...).upload is not a function
37470,ANTAAR 1.25 MG X 30 TABLETAS RECUBIERTAS,https://mav.farmaciasaas.com/api/images/articulos/DISTRIBUCION/29562.jpg,,63276,28774,blanco,error,storage.from(...).upload is not a function
37472,ANTAAR 10 MG X 30 TABLETAS RECUBIERTAS,https://mav.farmaciasaas.com/api/images/articulos/DISTRIBUCION/17094.jpg,,22912,15089,blanco,error,storage.from(...).upload is not a function
37473,ANTIFOM 160 MG X 10 COMPRIMIDOS RECUBIERTOS,https://mav.farmaciasaas.com/api/images/articulos/DISTRIBUCION/23430.jpg,,72990,33466,blanco,error,storage.from(...).upload is not a function
37475,APIRET FORTE 650 MG X 10 TABLETAS,https://mav.farmaciasaas.com/api/images/articulos/DISTRIBUCION/50410.jpg,,93060,35813,blanco,error,storage.from(...).upload is not a function
37478,APIRET 500 MG X 10 TABLETAS,https://mav.farmaciasaas.com/api/images/articulos/DISTRIBUCION/28791.jpg,,108051,37755,blanco,error,storage.from(...).upload is not a function
37482,APLACAL 750 MG X 80 TABLETAS MASTICABLES SABOR A BANANA,https://mav.farmaciasaas.com/api/images/articulos/DISTRIBUCION/52504.jpg,,82448,40979,blanco,error,storage.from(...).upload is not a function
37486,ARANDA 2.5 MG - 50 MG X 30 CAPSULAS,https://pccentro.net.ve/img/s/1/8/5/4/6/18546-large_default.webp,,0,0,blanco,error,HTTP 404
37483,APLACAL 750 MG X 10 TABLETAS MASTICABLES SABOR A BANANA,https://mav.farmaciasaas.com/api/images/articulos/DISTRIBUCION/21600.jpg,,64003,29741,blanco,error,storage.from(...).upload is not a function
37484,APLEXIL 550 MG X 10 TABLETAS RECUBIERTAS,https://mav.farmaciasaas.com/api/images/articulos/DISTRIBUCION/53335.jpg,,73922,32858,blanco,error,storage.from(...).upload is not a function
37485,ARANDA 2.5 MG - 50 MG X 10 CAPSULAS,https://pccentro.net.ve/img/s/7/5/0/7/6/75076-large_default.webp,,12340,25439,blanco,error,storage.from(...).upload is not a function
37487,ARANDA 5 MG - 100 MG X 10 CAPSULAS,https://pccentro.net.ve/img/s/7/5/0/6/8/75068-large_default.webp,,10090,23517,blanco,error,storage.from(...).upload is not a function
37488,ARCOVAL 60 MG X 10 TABLETAS RECUBIERTAS,https://mav.farmaciasaas.com/api/images/articulos/DISTRIBUCION/52031.jpg,,185522,32707,blanco,error,storage.from(...).upload is not a function
37489,ARCOVAL 90 MG X 10 TABLETAS RECUBIERTAS,https://mav.farmaciasaas.com/api/images/articulos/DISTRIBUCION/52032.jpg,,197605,34470,blanco,error,storage.from(...).upload is not a function
37492,ARTENOLOL 100 MG X 30 TABLETAS,https://mav.farmaciasaas.com/api/images/articulos/DISTRIBUCION/19753.jpg,,71150,36683,blanco,error,storage.from(...).upload is not a function
37490,ARESAN 20 MG X 30 TABLETAS RECUBIERTAS,https://mav.farmaciasaas.com/api/images/articulos/DISTRIBUCION/22093.jpg,,180322,39421,blanco,error,storage.from(...).upload is not a function
37491,ARESAN 20 MG X 10 TABLETAS RECUBIERTAS,https://mav.farmaciasaas.com/api/images/articulos/DISTRIBUCION/51009.jpg,,170544,34552,blanco,error,storage.from(...).upload is not a function
37493,ARUDIL 15 MG X 10 TABLETAS RECUBIERTAS,https://mav.farmaciasaas.com/api/images/articulos/DISTRIBUCION/19965.jpg,,50348,20917,blanco,error,storage.from(...).upload is not a function
37494,ARUDIL 15 MG X 30 TABLETAS RECUBIERTAS,https://mav.farmaciasaas.com/api/images/articulos/DISTRIBUCION/19966.jpg,,51409,21772,blanco,error,storage.from(...).upload is not a function
37495,ARUDIL 20 MG X 10 TABLETAS RECUBIERTAS,https://mav.farmaciasaas.com/api/images/articulos/DISTRIBUCION/19058.jpg,,52198,22708,blanco,error,storage.from(...).upload is not a function
37496,ARUDIL 20 MG X 30 TABLETAS RECUBIERTAS,https://mav.farmaciasaas.com/api/images/articulos/DISTRIBUCION/19059.jpg,,60839,26883,blanco,error,storage.from(...).upload is not a function
37497,ASAPROL 81 MG X 100 COMPRIMIDOS ENTERICOS,https://mav.farmaciasaas.com/api/images/articulos/DISTRIBUCION/9092.jpg,,62054,29427,blanco,error,storage.from(...).upload is not a function
37500,ASARAP 15 MG X 30 COMPRIMIDOS RECUBIERTOS,https://mav.farmaciasaas.com/api/images/articulos/DISTRIBUCION/30307.jpg,,17423,17943,blanco,error,storage.from(...).upload is not a function
37499,ASARAP 10 MG X 30 COMPRIMIDOS RECUBIERTOS,https://mav.farmaciasaas.com/api/images/articulos/DISTRIBUCION/30076.jpg,,60990,28343,blanco,error,storage.from(...).upload is not a function
37498,ASAPROL 81 MG X 40 COMPRIMIDOS ENTERICOS,https://mav.farmaciasaas.com/api/images/articulos/DISTRIBUCION/99232.jpg,,62894,30207,blanco,error,storage.from(...).upload is not a function
37501,ASARAP 20 MG X 30 COMPRIMIDOS RECUBIERTOS,https://mav.farmaciasaas.com/api/images/articulos/DISTRIBUCION/50067.jpg,,64980,30395,blanco,error,storage.from(...).upload is not a function
37504,ASPRINIL 81 MG X 40 TABLETAS CON RECUBRIMIENTO ENTERICO,https://mav.farmaciasaas.com/api/images/articulos/DISTRIBUCION/53383.jpg,,89554,43461,blanco,error,storage.from(...).upload is not a function
37506,ASTRIMOL 2.5 MG X 30 TABLETAS RECUBIERTAS,https://mav.farmaciasaas.com/api/images/articulos/DISTRIBUCION/53167.jpg,,53150,21902,blanco,error,storage.from(...).upload is not a function
37507,ATAMEL FORTE 650 MG X 10 TABLETAS,https://mav.farmaciasaas.com/api/images/articulos/DISTRIBUCION/3689.jpg,,25228,17066,blanco,error,storage.from(...).upload is not a function
37508,ATAMEL 500 MG X 10 TABLETAS,https://mav.farmaciasaas.com/api/images/articulos/DISTRIBUCION/2337.jpg,,27333,18490,blanco,error,storage.from(...).upload is not a function
37505,ASPRINIL 81 MG X 100 TABLETAS CON RECUBRIMIENTO ENTERICO,https://mav.farmaciasaas.com/api/images/articulos/DISTRIBUCION/51425.jpg,,238813,39036,blanco,error,storage.from(...).upload is not a function
37509,ATAMEL 500 MG X 20 TABLETAS,https://mav.farmaciasaas.com/api/images/articulos/DISTRIBUCION/3692.jpg,,23098,15263,blanco,error,storage.from(...).upload is not a function
37515,ATORVACOF 20 MG X 14 TABLETAS RECUBIERTAS,https://mav.farmaciasaas.com/api/images/articulos/DISTRIBUCION/98600.jpg,,71312,34959,blanco,error,storage.from(...).upload is not a function
37511,ATENOLOL 100 MG X 30 COMPRIMIDOS,https://pccentro.net.ve/img/s/5/5/5/2/8/55528-large_default.webp,,9488,22214,blanco,error,storage.from(...).upload is not a function
37517,ATORVASTATINA 20 MG X 10 COMPRIMIDOS RECUBIERTOS,https://mav.farmaciasaas.com/api/images/articulos/DISTRIBUCION/4070.jpg,,48942,22561,blanco,error,storage.from(...).upload is not a function
37519,ATORVASTATINA 20 MG X 30 COMPRIMIDOS RECUBIERTOS,https://mav.farmaciasaas.com/api/images/articulos/DISTRIBUCION/97977.jpg,,61821,28416,blanco,error,storage.from(...).upload is not a function
37520,ATORVASTATINA 40 MG X 30 COMPRIMIDOS RECUBIERTOS,https://mav.farmaciasaas.com/api/images/articulos/DISTRIBUCION/98292.jpg,,64093,31250,blanco,error,storage.from(...).upload is not a function
37521,ATORVASTATINA 20 MG X 30 TABLETAS RECUBIERTAS,https://mav.farmaciasaas.com/api/images/articulos/DISTRIBUCION/51293.jpg,,235459,33973,blanco,error,storage.from(...).upload is not a function
37526,ATRIMON 10 MG X 10 COMPRIMIDOS,https://mav.farmaciasaas.com/api/images/articulos/DISTRIBUCION/527.jpg,,49511,21373,blanco,error,storage.from(...).upload is not a function
37525,ATORVASTATINA 20 MG X 30 TABLETAS RECUBIERTAS,https://pccentro.net.ve/img/s/9/5/9/8/6/95986-large_default.webp,,60484,30298,blanco,error,storage.from(...).upload is not a function
37528,ATROPINA SULFATO 1 MG / ML X 10 AMPOLLAS,https://mav.farmaciasaas.com/api/images/articulos/DISTRIBUCION/50775.jpg,,16987,9963,blanco,error,storage.from(...).upload is not a function
37527,ATROBEL 10 MG / ML SOLUCION GOTAS REFORMULADO,https://mav.farmaciasaas.com/api/images/articulos/DISTRIBUCION/22695.jpg,,85649,41991,blanco,error,storage.from(...).upload is not a function
37529,ATROVERAN 10 MG / ML X 10 SOLUCION GOTAS,https://mav.farmaciasaas.com/api/images/articulos/DISTRIBUCION/25310.jpg,,100158,48352,blanco,error,storage.from(...).upload is not a function
37530,ATROVERAN FEM 10 MG-200 MG X 10 COMPRIMIDOS RECUBIERTOS,https://mav.farmaciasaas.com/api/images/articulos/DISTRIBUCION/54524.jpg,,27608,19311,blanco,error,storage.from(...).upload is not a function
37534,AVELOX 400 MG X 5 COMPRIMIDOS RECUBIERTOS,https://mav.farmaciasaas.com/api/images/articulos/DISTRIBUCION/11301.jpg,,14349,14722,blanco,error,storage.from(...).upload is not a function
37531,AUGMENTIN 500 MG - 125 MG TABLETAS RECUBIERTAS,https://mav.farmaciasaas.com/api/images/articulos/DISTRIBUCION/9781.jpg,,53785,23796,blanco,error,storage.from(...).upload is not a function
37533,AUPREL 90 MG X 20 COMPRIMIDOS RECUBIERTOS,https://mav.farmaciasaas.com/api/images/articulos/DISTRIBUCION/28697.jpg,,55674,24516,blanco,error,storage.from(...).upload is not a function
37536,AXOKINE 400 MG X 5 COMPRIMIDOS RECUBIERTOS,https://mav.farmaciasaas.com/api/images/articulos/DISTRIBUCION/90556.jpg,,85401,41834,blanco,error,storage.from(...).upload is not a function
37535,AVODART 0.5 MG CAPSULAS BLANDAS,https://mav.farmaciasaas.com/api/images/articulos/DISTRIBUCION/10278.jpg,,349498,43164,blanco,error,storage.from(...).upload is not a function
37539,AZACARD 81 MG X 100 TABLETAS CON CUBIERTA ENTERICA,https://mav.farmaciasaas.com/api/images/articulos/DISTRIBUCION/53427.jpg,,67423,30031,blanco,error,storage.from(...).upload is not a function
37537,AZACARD 81 MG X 30 TABLETAS CON CUBIERTA ENTERICA,https://mav.farmaciasaas.com/api/images/articulos/DISTRIBUCION/4756.jpg,,98235,39586,blanco,error,storage.from(...).upload is not a function
37538,AZACARD 81 MG X 60 TABLETAS CON CUBIERTA ENTERICA,https://mav.farmaciasaas.com/api/images/articulos/DISTRIBUCION/4694.jpg,,88379,37773,blanco,error,storage.from(...).upload is not a function
37540,AZIMAKROL 1 G X 2 COMPRIMIDOS RECUBIERTOS,https://mav.farmaciasaas.com/api/images/articulos/DISTRIBUCION/91098.jpg,,46405,18956,blanco,error,storage.from(...).upload is not a function
37541,AZIMAKROL 1 G X 5 COMPRIMIDOS RECUBIERTOS,https://mav.farmaciasaas.com/api/images/articulos/DISTRIBUCION/54042.jpg,,48443,19617,blanco,error,storage.from(...).upload is not a function
37542,AZITRODEX 500 MG X 3 TABLETAS RECUBIERTAS,https://mav.farmaciasaas.com/api/images/articulos/DISTRIBUCION/92796.jpg,,500345,50371,blanco,error,storage.from(...).upload is not a function
37543,AZITRODEX 500 MG X 5 TABLETAS RECUBIERTAS,https://mav.farmaciasaas.com/api/images/articulos/DISTRIBUCION/94416.jpg,,491549,49750,blanco,error,storage.from(...).upload is not a function
37548,AZITROMICINA 500 MG X 5 TABLETAS RECUBIERTAS,https://mav.farmaciasaas.com/api/images/articulos/DISTRIBUCION/92571.jpg,,277373,38250,blanco,error,storage.from(...).upload is not a function
37551,BACTEVAL 250 MG - 50 MG X 24 CAPSULAS,https://mav.farmaciasaas.com/api/images/articulos/DISTRIBUCION/8557.jpg,,206311,29978,blanco,error,storage.from(...).upload is not a function
37552,BACTRON FORTE 160 MG - 800 MG X 10 TABLETAS,https://mav.farmaciasaas.com/api/images/articulos/DISTRIBUCION/9770.jpg,,68521,36496,blanco,error,storage.from(...).upload is not a function
37553,BACTRIZOL 5 MG / ML SOLUCION INYECTABLE PARA INFUSION INTRAVENOSA,https://mav.farmaciasaas.com/api/images/articulos/DISTRIBUCION/7496.jpg,,47846,20143,blanco,error,storage.from(...).upload is not a function
37554,BACTRON 80 MG - 400 MG X 20 TABLETAS,https://mav.farmaciasaas.com/api/images/articulos/DISTRIBUCION/345.jpg,,77030,39830,blanco,error,storage.from(...).upload is not a function
37555,BARGONIL 2 % UNGUENTO,https://mav.farmaciasaas.com/api/images/articulos/DISTRIBUCION/9756.jpg,,70932,28762,blanco,error,storage.from(...).upload is not a function
37557,BENCIDAMINA CLORHIDRATO 0.15 % SOLUCION TOPICA BUCAL,https://mav.farmaciasaas.com/api/images/articulos/DISTRIBUCION/13344.jpg,,59445,28700,blanco,error,storage.from(...).upload is not a function
37556,BEHKACIN 500 MG / 2 ML X 1 AMPOLLA,https://mav.farmaciasaas.com/api/images/articulos/DISTRIBUCION/52498.jpg,,52365,23180,blanco,error,storage.from(...).upload is not a function
37558,BENDAMEN 100 MG / 5 ML SUSPENSION,https://mav.farmaciasaas.com/api/images/articulos/DISTRIBUCION/4846.jpg,,50082,22059,blanco,error,storage.from(...).upload is not a function
37559,BENDAMEN 100 MG X 6 TABLETAS,https://mav.farmaciasaas.com/api/images/articulos/DISTRIBUCION/4845.jpg,,50424,21351,blanco,error,storage.from(...).upload is not a function
37561,BENZODIAZOL 0.25 MG - 5 MG X 16 PASTILLAS SABOR A LIMON - MIEL,https://mav.farmaciasaas.com/api/images/articulos/DISTRIBUCION/97346.jpg,,73979,37750,blanco,error,storage.from(...).upload is not a function
37560,BENFLUX 30 MG X 20 TABLETAS,https://mav.farmaciasaas.com/api/images/articulos/DISTRIBUCION/7033.jpg,,98015,38033,blanco,error,storage.from(...).upload is not a function
37562,BENZODIAZOL 0.25 MG - 5 MG X 16 PASTILLAS SABOR A MENTA,https://mav.farmaciasaas.com/api/images/articulos/DISTRIBUCION/97346.jpg,,73979,37750,blanco,error,storage.from(...).upload is not a function
37565,BEPRODERM 0.05 % - 0.1 % CREMA,https://mav.farmaciasaas.com/api/images/articulos/DISTRIBUCION/94044.jpg,,220424,42966,blanco,error,storage.from(...).upload is not a function
37564,BENZODIAZOL 0.25 MG - 5 MG X 16 PASTILLAS SABOR A TUTTI FRUTTI,https://mav.farmaciasaas.com/api/images/articulos/DISTRIBUCION/97346.jpg,,73979,37750,blanco,error,storage.from(...).upload is not a function
37568,BETAGEN 4 MG / ML X 1 AMPOLLA,https://mav.farmaciasaas.com/api/images/articulos/DISTRIBUCION/4359.jpg,,193693,35640,blanco,error,storage.from(...).upload is not a function
37571,BETAHISTINA 16 MG X 20 TABLETAS RECUBIERTAS,https://pccentro.net.ve/img/s/1/9/3/6/0/19360-large_default.webp,,23792,28651,blanco,error,storage.from(...).upload is not a function
37569,BETAGEN 12 MG / 3 ML X 1 AMPOLLA,https://mav.farmaciasaas.com/api/images/articulos/DISTRIBUCION/13138.jpg,,191224,37013,blanco,error,storage.from(...).upload is not a function
37578,BIOCOR AMLO 40 MG - 5 MG X 30 TABLETAS RECUBIERTAS,https://mav.farmaciasaas.com/api/images/articulos/DISTRIBUCION/17706.jpg,,23088,15147,blanco,error,storage.from(...).upload is not a function
37572,BETAMETASONA - GENTAMICINA - CLOTRIMAZOL 0.5 MG - 1 MG - 10 MG CREMA,https://pccentro.net.ve/img/s/7/3/4/0/9/73409-large_default.webp,,10442,21982,blanco,error,storage.from(...).upload is not a function
37577,BIOCOR AMLO 20 MG - 5 MG X 30 TABLETAS RECUBIERTAS,https://mav.farmaciasaas.com/api/images/articulos/DISTRIBUCION/17705.jpg,,66153,31179,blanco,error,storage.from(...).upload is not a function
37579,BIOCOR 40 MG X 30 TABLETAS RECUBIERTAS,https://mav.farmaciasaas.com/api/images/articulos/DISTRIBUCION/15628.jpg,,64602,29122,blanco,error,storage.from(...).upload is not a function
37580,BIOTALOL 2.5 MG X 10 COMPRIMIDOS RECUBIERTOS,https://mav.farmaciasaas.com/api/images/articulos/DISTRIBUCION/30302.jpg,,62027,28578,blanco,error,storage.from(...).upload is not a function
37581,BIOTALOL 2.5 MG X 30 COMPRIMIDOS RECUBIERTOS,https://mav.farmaciasaas.com/api/images/articulos/DISTRIBUCION/98616.jpg,,67127,31908,blanco,error,storage.from(...).upload is not a function
37582,BIOTALOL 1.25 MG X 30 COMPRIMIDOS RECUBIERTOS,https://mav.farmaciasaas.com/api/images/articulos/DISTRIBUCION/26929.jpg,,65188,31127,blanco,error,storage.from(...).upload is not a function
37583,BIOTALOL 10 MG X 30 COMPRIMIDOS RECUBIERTOS,https://mav.farmaciasaas.com/api/images/articulos/DISTRIBUCION/98614.jpg,,63955,27153,blanco,error,storage.from(...).upload is not a function
37584,BIPRIN 300 MG X 10 CAPSULAS BLANDAS,https://mav.farmaciasaas.com/api/images/articulos/DISTRIBUCION/9940.jpg,,43936,17223,blanco,error,storage.from(...).upload is not a function
37585,BIPROLIL HCT 5 MG - 6.25 MG X 30 COMPRIMIDOS RECUBIERTOS,https://mav.farmaciasaas.com/api/images/articulos/DISTRIBUCION/54525.jpg,,15775,8753,blanco,error,storage.from(...).upload is not a function
37589,BISOPROLOL FUMARATO 5 MG X 30 TABLETAS RECUBIERTAS,https://mav.farmaciasaas.com/api/images/articulos/DISTRIBUCION/97001.jpg,,26156,17223,blanco,error,storage.from(...).upload is not a function
37588,BISOBLOC H 5 MG - 6.25 MG TABLETAS RECUBIERTAS,https://mav.farmaciasaas.com/api/images/articulos/DISTRIBUCION/19057.jpg,,48425,19619,blanco,error,storage.from(...).upload is not a function
37593,BISOPROLOL FUMARATO 10 MG X 30 TABLETAS RECUBIERTAS,https://mav.farmaciasaas.com/api/images/articulos/DISTRIBUCION/53140.jpg,,25730,16844,blanco,error,storage.from(...).upload is not a function
37590,BISOPROLOL FUMARATO 2.5 MG X 30 COMPRIMIDOS RECUBIERTOS,https://mav.farmaciasaas.com/api/images/articulos/DISTRIBUCION/98667.jpg,,68406,34961,blanco,error,storage.from(...).upload is not a function
37596,BLOCAX PLUS 16 MG - 12.5 MG X 10 TABLETAS,https://mav.farmaciasaas.com/api/images/articulos/DISTRIBUCION/99775.jpg,,186600,37534,blanco,error,storage.from(...).upload is not a function
37597,BLOCAX PLUS 16 MG - 12.5 MG X 30 TABLETAS,https://mav.farmaciasaas.com/api/images/articulos/DISTRIBUCION/19969.jpg,,206313,40401,blanco,error,storage.from(...).upload is not a function
37598,BLOCAX 8 MG X 10 TABLETAS,https://mav.farmaciasaas.com/api/images/articulos/DISTRIBUCION/13408.jpg,,203521,40720,blanco,error,storage.from(...).upload is not a function
37599,BLOCAX 8 MG X 30 TABLETAS,https://mav.farmaciasaas.com/api/images/articulos/DISTRIBUCION/15065.jpg,,188626,37643,blanco,error,storage.from(...).upload is not a function
37600,BLOKIUM 100 MG X 30 COMPRIMIDOS,https://mav.farmaciasaas.com/api/images/articulos/DISTRIBUCION/4312.jpg,,99299,31234,blanco,error,storage.from(...).upload is not a function
37601,BRASARTAN 80 MG X 30 TABLETAS RECUBIERTAS,https://mav.farmaciasaas.com/api/images/articulos/DISTRIBUCION/19231.jpg,,51739,21616,blanco,error,storage.from(...).upload is not a function
37602,BRASARTAN CTDN 80 MG - 12.5 MG X 10 TABLETAS RECUBIERTAS,https://pccentro.net.ve/img/s/2/3/8/4/3/23843-large_default.webp,,0,0,blanco,error,HTTP 404
37603,BRASARTAN CTDN 80 MG - 12.5 MG X 30 TABLETAS RECUBIERTAS,https://mav.farmaciasaas.com/api/images/articulos/DISTRIBUCION/22884.jpg,,62780,28427,blanco,error,storage.from(...).upload is not a function
37606,BRESIS 600 MG X 20 COMPRIMIDOS RECUBIERTOS,https://mav.farmaciasaas.com/api/images/articulos/DISTRIBUCION/54187.jpg,,58704,26903,blanco,error,storage.from(...).upload is not a function
37605,BREINOX 800 MG X 30 TABLETAS,https://mav.farmaciasaas.com/api/images/articulos/DISTRIBUCION/4274.jpg,,86305,40951,blanco,error,storage.from(...).upload is not a function
37607,BRESIS 600 MG X 30 COMPRIMIDOS RECUBIERTOS,https://mav.farmaciasaas.com/api/images/articulos/DISTRIBUCION/53310.jpg,,53547,24591,blanco,error,storage.from(...).upload is not a function
37608,BREXIN 100 MG / ML SOLUCION ORAL,https://mav.farmaciasaas.com/api/images/articulos/DISTRIBUCION/4861.jpg,,78776,37112,blanco,error,storage.from(...).upload is not a function
37609,BROFLEMA 8 MG / 5 ML SOLUCION ORAL,https://mav.farmaciasaas.com/api/images/articulos/DISTRIBUCION/94046.jpg,,141416,23838,blanco,error,storage.from(...).upload is not a function
37610,BROFLEMA 4 MG - 5 ML JARABE,https://mav.farmaciasaas.com/api/images/articulos/DISTRIBUCION/52164.jpg,,128217,23432,blanco,error,storage.from(...).upload is not a function
37611,BROLAT 5 MG - 30 MG X 10 TABLETAS,https://mav.farmaciasaas.com/api/images/articulos/DISTRIBUCION/98629.jpg,,75415,37946,blanco,error,storage.from(...).upload is not a function
37613,BROMAZEPAM 6 MG X 30 COMPRIMIDOS,https://mav.farmaciasaas.com/api/images/articulos/DISTRIBUCION/1302.jpg,,47134,19203,blanco,error,storage.from(...).upload is not a function
37612,BROMAZEPAM 3 MG X 30 COMPRIMIDOS,https://mav.farmaciasaas.com/api/images/articulos/DISTRIBUCION/1301.jpg,,45279,17947,blanco,error,storage.from(...).upload is not a function
37618,BROMURO DE IPRATROPIO 20 MCG / DOSIS SOLUCION PARA INHALACION ORAL,https://pccentro.net.ve/img/s/8/0/3/3/1/80331-large_default.webp,,28652,19639,blanco,error,storage.from(...).upload is not a function
37619,BRUDOL 200 MG - 65 MG X 20 COMPRIMIDOS RECUBIERTOS,https://mav.farmaciasaas.com/api/images/articulos/DISTRIBUCION/16419.jpg,,57406,26026,blanco,error,storage.from(...).upload is not a function
37621,BRUGESIC 400 MG X 10 COMPRIMIDOS,https://mav.farmaciasaas.com/api/images/articulos/DISTRIBUCION/22102.jpg,,37749,13238,blanco,error,storage.from(...).upload is not a function
37620,BRUDOL 400 MG - 65 MG X 20 COMPRIMIDOS RECUBIERTOS,https://mav.farmaciasaas.com/api/images/articulos/DISTRIBUCION/16420.jpg,,41750,16051,blanco,error,storage.from(...).upload is not a function
37623,BRUGESIC FORTE 800 MG X 10 COMPRIMIDOS,https://mav.farmaciasaas.com/api/images/articulos/DISTRIBUCION/27805.jpg,,41334,15172,blanco,error,storage.from(...).upload is not a function
37622,BRUGESIC FORTE 200 MG / 5 ML X 10 SUSPENSION ORAL,https://pccentro.net.ve/img/s/1/9/4/2/2/19422-large_default.webp,,25088,36115,blanco,error,storage.from(...).upload is not a function
37625,BUCOXOLGAR 3 MG - 1 MG X 12 TABLETAS MASTICABLES SABOR A MIEL LIMON,https://mav.farmaciasaas.com/api/images/articulos/DISTRIBUCION/19870.jpg,,237027,39994,blanco,error,storage.from(...).upload is not a function
37626,BUDECORT 1 MG / ML SUSPENSION PARA INHALAR,https://mav.farmaciasaas.com/api/images/articulos/DISTRIBUCION/30268.jpg,,97766,35735,blanco,error,storage.from(...).upload is not a function
37627,BUDEQUIT 1 MG / ML SUSPENSION PARA INHALACION ORAL,https://mav.farmaciasaas.com/api/images/articulos/DISTRIBUCION/54403.jpg,,107298,25731,blanco,error,storage.from(...).upload is not a function
37628,BUMELEX 0.5 MG / 2 ML X 3 AMPOLLAS,https://mav.farmaciasaas.com/api/images/articulos/DISTRIBUCION/6678.jpg,,89372,44128,blanco,error,storage.from(...).upload is not a function
37629,BUMELEX 1 MG X 30 COMPRIMIDOS,https://mav.farmaciasaas.com/api/images/articulos/DISTRIBUCION/50048.jpg,,51495,21728,blanco,error,storage.from(...).upload is not a function
37630,BUMELEX 1 MG X 16 COMPRIMIDOS,https://mav.farmaciasaas.com/api/images/articulos/DISTRIBUCION/1999.jpg,,81983,38017,blanco,error,storage.from(...).upload is not a function
37631,BUMETIN RETARD 300 MG X 20 TABLETAS DE LIBERACION PROLONGADA,https://mav.farmaciasaas.com/api/images/articulos/DISTRIBUCION/8304.jpg,,71113,32857,blanco,error,storage.from(...).upload is not a function
37633,BUTAL 8 MG X 20 TABLETAS RECUBIERTAS,https://mav.farmaciasaas.com/api/images/articulos/DISTRIBUCION/52802.jpg,,58068,26433,blanco,error,storage.from(...).upload is not a function
37635,BUTILAMINA COMPUESTA 10 MG - 250 MG X 20 TABLETAS RECUBIERTAS,https://pccentro.net.ve/img/s/7/8/7/1/6/78716-large_default.webp,,59310,31180,blanco,error,storage.from(...).upload is not a function
37636,CABERTRIX 0.5 MG X 4 COMPRIMIDOS,https://mav.farmaciasaas.com/api/images/articulos/DISTRIBUCION/29371.jpg,,73111,35533,blanco,error,storage.from(...).upload is not a function
37642,CALMOX 15 MG X 10 TABLETAS,https://mav.farmaciasaas.com/api/images/articulos/DISTRIBUCION/644.jpg,,62520,25194,blanco,error,storage.from(...).upload is not a function
37641,CALCITREX D3 950 MG - 200 UI X 30 TABLETAS,https://mav.farmaciasaas.com/api/images/articulos/DISTRIBUCION/5529.jpg,,89177,35390,blanco,error,storage.from(...).upload is not a function
37643,CALMOX 15 MG X 20 TABLETAS,https://mav.farmaciasaas.com/api/images/articulos/DISTRIBUCION/24411.jpg,,62522,25194,blanco,error,storage.from(...).upload is not a function
37644,CALMOX 7.5 MG X 10 TABLETAS,https://mav.farmaciasaas.com/api/images/articulos/DISTRIBUCION/643.jpg,,62520,25194,blanco,error,storage.from(...).upload is not a function
37645,CALOXPIRINA 81 MG X 30 TABLETAS ENTERICAS,https://mav.farmaciasaas.com/api/images/articulos/DISTRIBUCION/92195.jpg,,80072,41781,blanco,error,storage.from(...).upload is not a function
37646,CALOXPIRINA 81 MG X 100 TABLETAS ENTERICAS,https://mav.farmaciasaas.com/api/images/articulos/DISTRIBUCION/29545.jpg,,86469,43546,blanco,error,storage.from(...).upload is not a function
37647,CAMPAL 1 % GEL,https://mav.farmaciasaas.com/api/images/articulos/DISTRIBUCION/53178.jpg,,64754,31877,blanco,error,storage.from(...).upload is not a function
37649,CANDER HCT 16 MG - 12.5 MG X 30 TABLETAS,https://mav.farmaciasaas.com/api/images/articulos/DISTRIBUCION/99153.jpg,,57183,25453,blanco,error,storage.from(...).upload is not a function
37651,CANDER 32 MG X 30 TABLETAS,https://mav.farmaciasaas.com/api/images/articulos/DISTRIBUCION/14972.jpg,,183212,28471,blanco,error,storage.from(...).upload is not a function
37653,CANDER 8 MG X 10 TABLETAS,https://mav.farmaciasaas.com/api/images/articulos/DISTRIBUCION/50515.jpg,,178674,29104,blanco,error,storage.from(...).upload is not a function
37652,CANDER 32 MG X 15 TABLETAS,https://mav.farmaciasaas.com/api/images/articulos/DISTRIBUCION/51481.jpg,,182236,29628,blanco,error,storage.from(...).upload is not a function
37654,CANDER 8 MG X 30 TABLETAS,https://pccentro.net.ve/img/s/2/4/0/1/6/24016-large_default.webp,,12922,22192,blanco,error,storage.from(...).upload is not a function
37656,CANDESARTAN CILEXETILO 16 MG X 10 COMPRIMIDOS,https://mav.farmaciasaas.com/api/images/articulos/DISTRIBUCION/53047.jpg,,62219,30285,blanco,error,storage.from(...).upload is not a function
37657,CANDESARTAN 8 MG X 10 COMPRIMIDOS,https://mav.farmaciasaas.com/api/images/articulos/DISTRIBUCION/51789.jpg,,59175,28784,blanco,error,storage.from(...).upload is not a function
37658,CANDESARTAN 8 MG X 30 COMPRIMIDOS,https://mav.farmaciasaas.com/api/images/articulos/DISTRIBUCION/14216.jpg,,60351,29004,blanco,error,storage.from(...).upload is not a function
37664,CANDETIQUE 16 MG X 30 TABLETAS,https://mav.farmaciasaas.com/api/images/articulos/DISTRIBUCION/27011.jpg,,56009,25709,blanco,error,storage.from(...).upload is not a function
37659,CANDESARTAN CILEXETIL 16 MG X 28 TABLETAS,https://mav.farmaciasaas.com/api/images/articulos/DISTRIBUCION/50190.jpg,,2165113,37981,blanco,error,storage.from(...).upload is not a function
37660,CANDESARTAN CILEXETIL 16 MG X 10 TABLETAS,https://mav.farmaciasaas.com/api/images/articulos/DISTRIBUCION/50190.jpg,,2165113,37981,blanco,error,storage.from(...).upload is not a function
37663,CANDESARTAN 8 MG X 30 TABLETAS,https://mav.farmaciasaas.com/api/images/articulos/DISTRIBUCION/23944.jpg,,77044,36271,blanco,error,storage.from(...).upload is not a function
37662,CANDESARTAN CILEXETIL 8 MG X 28 TABLETAS,https://mav.farmaciasaas.com/api/images/articulos/DISTRIBUCION/94869.jpg,,1971403,37641,blanco,error,storage.from(...).upload is not a function
37661,CANDESARTAN CILEXETIL 16 MG X 30 TABLETAS,https://mav.farmaciasaas.com/api/images/articulos/DISTRIBUCION/50190.jpg,,2165113,37981,blanco,error,storage.from(...).upload is not a function
37666,CANTIP 16 MG X 30 COMPRIMIDOS,https://mav.farmaciasaas.com/api/images/articulos/DISTRIBUCION/29751.jpg,,53128,21661,blanco,error,storage.from(...).upload is not a function
37672,CAPTOPRIL 25 MG X 30 TABLETAS,https://mav.farmaciasaas.com/api/images/articulos/DISTRIBUCION/99739.jpg,,24203,15705,blanco,error,storage.from(...).upload is not a function
37669,CAPTOPRIL 25 MG X 30 COMPRIMIDOS,https://mav.farmaciasaas.com/api/images/articulos/DISTRIBUCION/97972.jpg,,55100,25300,blanco,error,storage.from(...).upload is not a function
37667,CANTIP 8 MG X 30 COMPRIMIDOS,https://pccentro.net.ve/img/s/6/8/9/0/5/68905-large_default.webp,,14552,30095,blanco,error,storage.from(...).upload is not a function
37673,CAPTOPRIL 50 MG X 30 TABLETAS,https://mav.farmaciasaas.com/api/images/articulos/DISTRIBUCION/99741.jpg,,24239,15728,blanco,error,storage.from(...).upload is not a function
37674,CARBAMAZEPINA 200 MG X 30 COMPRIMIDOS,https://mav.farmaciasaas.com/api/images/articulos/DISTRIBUCION/99338.jpg,,59574,28911,blanco,error,storage.from(...).upload is not a function
37675,CARBAMAZEPINA 200 MG X 30 COMPRIMIDOS,https://mav.farmaciasaas.com/api/images/articulos/DISTRIBUCION/51392.jpg,,249929,35715,blanco,error,storage.from(...).upload is not a function
37684,CARBONATO DE LITIO 300 MG X 20 CAPSULAS,https://mav.farmaciasaas.com/api/images/articulos/DISTRIBUCION/4553.jpg,,155467,31323,blanco,error,storage.from(...).upload is not a function
37681,CARBATIL 12.5 MG X 30 TABLETAS,https://mav.farmaciasaas.com/api/images/articulos/DISTRIBUCION/6143.jpg,,179375,35633,blanco,error,storage.from(...).upload is not a function
37683,CARBATIL 6.25 MG X 30 TABLETAS,https://mav.farmaciasaas.com/api/images/articulos/DISTRIBUCION/6142.jpg,,138053,28823,blanco,error,storage.from(...).upload is not a function
37686,CARDIPIRINA 80 MG X 30 CAPSULAS CON MICROGRANULOS CON CUBIERTA ENTERICA,https://mav.farmaciasaas.com/api/images/articulos/DISTRIBUCION/4758.jpg,,62932,30475,blanco,error,storage.from(...).upload is not a function
37687,CARIBAN 10 MG-10 MG X 30 COMPRIMIDOS ENTERICOS,https://mav.farmaciasaas.com/api/images/articulos/DISTRIBUCION/99559.jpg,,58130,27043,blanco,error,storage.from(...).upload is not a function
37688,CARNISIN 1 G / 10 ML SOLUCION ORAL LIBRE DE AZUCAR,https://mav.farmaciasaas.com/api/images/articulos/DISTRIBUCION/50337.jpg,,119024,62290,blanco,error,storage.from(...).upload is not a function
37689,CARVEDIL 12.5 MG X 30 TABLETAS RECUBIERTAS,https://mav.farmaciasaas.com/api/images/articulos/DISTRIBUCION/94090.jpg,,43504,17370,blanco,error,storage.from(...).upload is not a function
37690,CARVEDIL 6.25 MG X 30 TABLETAS RECUBIERTAS,https://pccentro.net.ve/img/s/5/6/2/6/1/56261-large_default.webp,,26446,52095,blanco,error,storage.from(...).upload is not a function
37691,CARVEDILOL 12.5 MG X 30 COMPRIMIDOS,https://mav.farmaciasaas.com/api/images/articulos/DISTRIBUCION/99061.jpg,,23792,16105,blanco,error,storage.from(...).upload is not a function
37697,CARVEDILOL 25 MG X 30 COMPRIMIDOS,https://pccentro.net.ve/img/s/4/0/4/7/4/40474-large_default.webp,,7850,20527,blanco,error,storage.from(...).upload is not a function
37699,CARVEDILOL 6.25 MG X 30 TABLETAS RECUBIERTAS,https://mav.farmaciasaas.com/api/images/articulos/DISTRIBUCION/54223.jpg,,62780,17690,blanco,error,storage.from(...).upload is not a function
37700,CARVEDILOL 6.25 MG X 20 TABLETAS RECUBIERTAS,https://mav.farmaciasaas.com/api/images/articulos/DISTRIBUCION/9486.jpg,,50965,21602,blanco,error,storage.from(...).upload is not a function
37702,CARVEDILOL 25 MG X 28 TABLETAS RECUBIERTAS,https://mav.farmaciasaas.com/api/images/articulos/DISTRIBUCION/30061.jpg,,25325,16586,blanco,error,storage.from(...).upload is not a function
37701,CARVEDILOL 25 MG X 14 TABLETAS RECUBIERTAS,https://pccentro.net.ve/img/s/8/3/8/7/1/83871-large_default.webp,,40548,28189,blanco,error,storage.from(...).upload is not a function
37706,CEFADROXILO 500 MG X 10 CAPSULAS,https://mav.farmaciasaas.com/api/images/articulos/DISTRIBUCION/22822.jpg,,60006,29447,blanco,error,storage.from(...).upload is not a function
37703,CEBION 1 G X 10 TABLETAS EFERVESCENTES SABOR A NARANJA,https://mav.farmaciasaas.com/api/images/articulos/DISTRIBUCION/5017.jpg,,86729,43046,blanco,error,storage.from(...).upload is not a function
37710,CEFALOTINA 1 G X 10 AMPOLLAS,https://mav.farmaciasaas.com/api/images/articulos/DISTRIBUCION/51987.jpg,,51842,21088,blanco,error,storage.from(...).upload is not a function
37712,CEFIXIMA 400 MG X 5 CAPSULAS,https://mav.farmaciasaas.com/api/images/articulos/DISTRIBUCION/29896.jpg,,53202,24763,blanco,error,storage.from(...).upload is not a function
37721,CELAY 5 MG / 5 ML SOLUCION ORAL,https://mav.farmaciasaas.com/api/images/articulos/DISTRIBUCION/96253.jpg,,21874,14813,blanco,error,storage.from(...).upload is not a function
37716,CEFONAX 500 MG X 16 CAPSULAS,https://mav.farmaciasaas.com/api/images/articulos/DISTRIBUCION/11648.jpg,,41450,15930,blanco,error,storage.from(...).upload is not a function
37723,CELESTREN 0.075 MG X 28 TABLETAS RECUBIERTAS,https://mav.farmaciasaas.com/api/images/articulos/DISTRIBUCION/50668.jpg,,70082,30832,blanco,error,storage.from(...).upload is not a function
37724,CETERIX 5 MG / 5 ML SOLUCION ORAL,https://mav.farmaciasaas.com/api/images/articulos/DISTRIBUCION/53603.jpg,,59721,26533,blanco,error,storage.from(...).upload is not a function
37726,CETIRIZINA DICLORHIDRATO 10 MG X 10 TABLETAS RECUBIERTAS,https://mav.farmaciasaas.com/api/images/articulos/DISTRIBUCION/1505.jpg,,21606,13221,blanco,error,storage.from(...).upload is not a function
37725,CETIDEX 5 MG / 5 ML SOLUCION ORAL,https://mav.farmaciasaas.com/api/images/articulos/DISTRIBUCION/54330.jpg,,526233,51717,blanco,error,storage.from(...).upload is not a function
37728,CETIRIZINA 10 MG X 10 COMPRIMIDOS RECUBIERTOS,https://mav.farmaciasaas.com/api/images/articulos/DISTRIBUCION/11497.jpg,,69494,32128,blanco,error,storage.from(...).upload is not a function
37729,CETIRIZINA 1 MG / ML SOLUCION ORAL,https://mav.farmaciasaas.com/api/images/articulos/DISTRIBUCION/7587.jpg,,71372,32854,blanco,error,storage.from(...).upload is not a function
37732,CETRAL 10 MG / ML SOLUCION ORAL,https://mav.farmaciasaas.com/api/images/articulos/DISTRIBUCION/645.jpg,,56929,23311,blanco,error,storage.from(...).upload is not a function
37731,CETRAL D 5 MG - 60 MG / 5 ML SOLUCION ORAL,https://mav.farmaciasaas.com/api/images/articulos/DISTRIBUCION/91326.jpg,,68266,33155,blanco,error,storage.from(...).upload is not a function
37733,CETRAL 10 MG X 10 TABLETAS,https://mav.farmaciasaas.com/api/images/articulos/DISTRIBUCION/626.jpg,,48435,20284,blanco,error,storage.from(...).upload is not a function
37736,CIALIS 20 MG X 1 COMPRIMIDO RECUBIERTO,https://mav.farmaciasaas.com/api/images/articulos/DISTRIBUCION/3344.jpg,,68216,30625,blanco,error,storage.from(...).upload is not a function
37737,CIATAL 500 MG / 2 ML X 1 AMPOLLA,https://mav.farmaciasaas.com/api/images/articulos/DISTRIBUCION/51327.jpg,,55307,23401,blanco,error,storage.from(...).upload is not a function
37738,CIATAL 500 MG / 2 ML X 9 AMPOLLAS,https://mav.farmaciasaas.com/api/images/articulos/DISTRIBUCION/25233.jpg,,53829,22602,blanco,error,storage.from(...).upload is not a function
37739,CICLOFTAL1 % SOLUCION OFTALMICA,https://mav.farmaciasaas.com/api/images/articulos/DISTRIBUCION/9675.jpg,,85943,31051,blanco,error,storage.from(...).upload is not a function
37740,CICLOKAN 500 MG / 5 ML X 1 AMPOLLA,https://mav.farmaciasaas.com/api/images/articulos/DISTRIBUCION/94107.jpg,,49881,21630,blanco,error,storage.from(...).upload is not a function
37741,CICLOKAN 500 MG X 21 COMPRIMIDOS RECUBIERTOS,https://mav.farmaciasaas.com/api/images/articulos/DISTRIBUCION/16882.jpg,,47364,19215,blanco,error,storage.from(...).upload is not a function
37743,CIFARCAINA AL 1 % SOLUCION INYECTABLE,https://mav.farmaciasaas.com/api/images/articulos/DISTRIBUCION/836.jpg,,59937,27994,blanco,error,storage.from(...).upload is not a function
37748,CINNARIZINA 75 MG X 10 CAPSULAS,https://mav.farmaciasaas.com/api/images/articulos/DISTRIBUCION/90809.jpg,,24696,16012,blanco,error,storage.from(...).upload is not a function
37746,CINAREN 75 MG X 20 CAPSULAS,https://mav.farmaciasaas.com/api/images/articulos/DISTRIBUCION/7434.jpg,,50864,21626,blanco,error,storage.from(...).upload is not a function
37747,CINAREN 25 MG X 30 COMPRIMIDOS,https://mav.farmaciasaas.com/api/images/articulos/DISTRIBUCION/28507.jpg,,55631,16724,blanco,error,storage.from(...).upload is not a function
37757,CIPROFLOXACINA 500 MG X 14 TABLETAS RECUBIERTAS,https://mav.farmaciasaas.com/api/images/articulos/DISTRIBUCION/12057.jpg,,73300,36053,blanco,error,storage.from(...).upload is not a function
37750,CIPROFLOX 500 MG X 12 TABLETAS RECUBIERTAS,https://mav.farmaciasaas.com/api/images/articulos/DISTRIBUCION/91927.jpg,,39234,14200,blanco,error,storage.from(...).upload is not a function
37762,CIPROFLOXACINO 500 MG X 14 TABLETAS RECUBIERTAS,https://mav.farmaciasaas.com/api/images/articulos/DISTRIBUCION/54467.jpg,,29843,20912,blanco,error,storage.from(...).upload is not a function
37764,CITICOLINA 500 MG X 10 TABLETAS RECUBIERTAS,https://mav.farmaciasaas.com/api/images/articulos/DISTRIBUCION/9109.jpg,,24871,16222,blanco,error,storage.from(...).upload is not a function
37765,CITICOLINA 500 MG X 30 TABLETAS RECUBIERTAS,https://mav.farmaciasaas.com/api/images/articulos/DISTRIBUCION/22770.jpg,,25215,16300,blanco,error,storage.from(...).upload is not a function
37770,CLARITROMICINA 500 MG X 10 TABLETAS RECUBIERTAS,https://mav.farmaciasaas.com/api/images/articulos/DISTRIBUCION/1501.jpg,,26019,17204,blanco,error,storage.from(...).upload is not a function
37772,CLENBUNAL 0.020 MG X 10 COMPRIMIDOS,https://mav.farmaciasaas.com/api/images/articulos/DISTRIBUCION/7942.jpg,,82949,37325,blanco,error,storage.from(...).upload is not a function
37773,CLENBUNAL 0.020 MG X 20 COMPRIMIDOS,https://mav.farmaciasaas.com/api/images/articulos/DISTRIBUCION/5981.jpg,,82509,37166,blanco,error,storage.from(...).upload is not a function
37776,CLENBUTEROL CLORHIDRATO 10 MCG / 5 ML JARABE,https://mav.farmaciasaas.com/api/images/articulos/DISTRIBUCION/54332.jpg,,382653,39991,blanco,error,storage.from(...).upload is not a function
37779,CLENBUNAL 0.01 MG / 5 ML JARABE,https://mav.farmaciasaas.com/api/images/articulos/DISTRIBUCION/7209.jpg,,54368,23214,blanco,error,storage.from(...).upload is not a function
37781,CLINAC 1 % - 5 % GEL,https://mav.farmaciasaas.com/api/images/articulos/DISTRIBUCION/14908.jpg,,66806,32172,blanco,error,storage.from(...).upload is not a function
37780,CLENOSAN 90 MG X 30 COMPRIMIDOS RECUBIERTOS,https://mav.farmaciasaas.com/api/images/articulos/DISTRIBUCION/52057.jpg,,69149,34405,blanco,error,storage.from(...).upload is not a function
37786,CLOFEN 100 MG X 10 CAPSULAS DE ACCION PROLONGADA,https://mav.farmaciasaas.com/api/images/articulos/DISTRIBUCION/433.jpg,,20276,12840,blanco,error,storage.from(...).upload is not a function
37782,CLINDAMICINA 600 MG / 4 ML X 1 AMPOLLA,https://mav.farmaciasaas.com/api/images/articulos/DISTRIBUCION/5821.jpg,,115999,36799,blanco,error,storage.from(...).upload is not a function
37789,CLONATRIL 0.5 MG X 30 COMPRIMIDOS,https://pccentro.net.ve/img/s/2/4/1/6/2/24162-large_default.webp,,11892,21121,blanco,error,storage.from(...).upload is not a function
37785,CLODOXIN 10 MG - 100 MG X 10 COMPRIMIDOS RECUBIERTOS,https://mav.farmaciasaas.com/api/images/articulos/DISTRIBUCION/29066.jpg,,493947,49293,blanco,error,storage.from(...).upload is not a function
37790,CLONATRIL 1 MG X 30 COMPRIMIDOS,https://mav.farmaciasaas.com/api/images/articulos/DISTRIBUCION/20153.jpg,,63766,27619,blanco,error,storage.from(...).upload is not a function
37791,CLONATRIL 2 MG X 30 COMPRIMIDOS,https://mav.farmaciasaas.com/api/images/articulos/DISTRIBUCION/6642.jpg,,63199,27877,blanco,error,storage.from(...).upload is not a function
37794,CLONIDINA CLORHIDRATO 0.150 MG / ML X 2 AMPOLLAS,https://mav.farmaciasaas.com/api/images/articulos/DISTRIBUCION/2086.jpg,,209041,32186,blanco,error,storage.from(...).upload is not a function
37796,CLONIPRES 0.150 MG X 20 COMPRIMIDOS,https://mav.farmaciasaas.com/api/images/articulos/DISTRIBUCION/8267.jpg,,58080,26939,blanco,error,storage.from(...).upload is not a function
37798,CLONZEP 0.5 MG X 30 TABLETAS,https://mav.farmaciasaas.com/api/images/articulos/DISTRIBUCION/13114.jpg,,176384,28210,blanco,error,storage.from(...).upload is not a function
37799,CLONZEP 2 MG X 30 TABLETAS,https://mav.farmaciasaas.com/api/images/articulos/DISTRIBUCION/13115.jpg,,175579,27558,blanco,error,storage.from(...).upload is not a function
37800,CLOPIDEX 75 MG X 30 TABLETAS RECUBIERTAS,https://mav.farmaciasaas.com/api/images/articulos/DISTRIBUCION/94886.jpg,,450130,41975,blanco,error,storage.from(...).upload is not a function
37804,CLOPIDOGREL 75 MG X 14 TABLETAS RECUBIERTAS,https://mav.farmaciasaas.com/api/images/articulos/DISTRIBUCION/96822.jpg,,24311,16026,blanco,error,storage.from(...).upload is not a function
37797,CLONIPRES 0.150 MG / ML X 3 AMPOLLAS,https://pccentro.net.ve/img/s/7/4/6/6/6/74666-large_default.webp,,8794,20664,blanco,error,storage.from(...).upload is not a function
37801,CLOPIDOGREL 75 MG X 14 COMPRIMIDOS RECUBIERTOS,https://mav.farmaciasaas.com/api/images/articulos/DISTRIBUCION/52340.jpg,,47464,19352,blanco,error,storage.from(...).upload is not a function
37809,CLOPTAN 75 MG X 30 TABLETAS RECUBIERTAS,https://mav.farmaciasaas.com/api/images/articulos/DISTRIBUCION/20161.jpg,,56563,25156,blanco,error,storage.from(...).upload is not a function
37808,CLOPIVAL 75 MG X 30 TABLETAS RECUBIERTAS,https://mav.farmaciasaas.com/api/images/articulos/DISTRIBUCION/11595.jpg,,202204,32476,blanco,error,storage.from(...).upload is not a function
37811,CLORACE 500 MG - 4 MG X 20 TABLETAS,https://mav.farmaciasaas.com/api/images/articulos/DISTRIBUCION/97306.jpg,,93937,41845,blanco,error,storage.from(...).upload is not a function
37813,CLORACOLD 30 MG - 5 MG / 5 ML SOLUCION ORAL,https://mav.farmaciasaas.com/api/images/articulos/DISTRIBUCION/53063.jpg,,67031,32311,blanco,error,storage.from(...).upload is not a function
37812,CLORACE 500 MG - 4 MG X 10 TABLETAS,https://mav.farmaciasaas.com/api/images/articulos/DISTRIBUCION/9598.jpg,,91034,47033,blanco,error,storage.from(...).upload is not a function
37815,DOPALEN 200 MG X 10 CAPSULAS DE LIBERACION PROLONGADA,https://mav.farmaciasaas.com/api/images/articulos/DISTRIBUCION/28633.jpg,,59221,25664,blanco,error,storage.from(...).upload is not a function
37822,CLOTRIMAZOL 10 % CREMA VAGINAL,https://mav.farmaciasaas.com/api/images/articulos/DISTRIBUCION/15301.jpg,,57165,25396,blanco,error,storage.from(...).upload is not a function
37826,CODEBROMIL PLUS 15 MG - 3 MG / 15 ML JARABE,https://mav.farmaciasaas.com/api/images/articulos/DISTRIBUCION/19724.jpg,,69745,33207,blanco,error,storage.from(...).upload is not a function
37828,COLFENE 400 MG - 4 MG X 10 COMPRIMIDOS RECUBIERTOS,https://mav.farmaciasaas.com/api/images/articulos/DISTRIBUCION/6165.jpg,,49433,20502,blanco,error,storage.from(...).upload is not a function
37829,COLFENE 600 MG - 4 MG X 15 COMPRIMIDOS RECUBIERTOS,https://mav.farmaciasaas.com/api/images/articulos/DISTRIBUCION/97446.jpg,,39901,15594,blanco,error,storage.from(...).upload is not a function
37834,COLYPAN 200 MG X 10 TABLETAS,https://mav.farmaciasaas.com/api/images/articulos/DISTRIBUCION/16762.jpg,,47127,18646,blanco,error,storage.from(...).upload is not a function
37833,COLVAL 4 MG X 12 COMPRIMIDOS,https://mav.farmaciasaas.com/api/images/articulos/DISTRIBUCION/8062.jpg,,161678,24630,blanco,error,storage.from(...).upload is not a function
37836,CONEXINE 50 MG X 30 COMPRIMIDOS RECUBIERTOS,https://mav.farmaciasaas.com/api/images/articulos/DISTRIBUCION/29374.jpg,,51111,20562,blanco,error,storage.from(...).upload is not a function
37837,CONTRADOL 100 MG / ML SOLUCION ORAL,https://mav.farmaciasaas.com/api/images/articulos/DISTRIBUCION/50553.jpg,,123262,16906,blanco,error,storage.from(...).upload is not a function
37839,CORBIS 10 MG X 30 COMPRIMIDOS RECUBIERTOS,https://mav.farmaciasaas.com/api/images/articulos/DISTRIBUCION/23009.jpg,,49637,19428,blanco,error,storage.from(...).upload is not a function
37838,CORAZEM 60 MG X 20 TABLETAS RECUBIERTAS,https://mav.farmaciasaas.com/api/images/articulos/DISTRIBUCION/10134.jpg,,69149,31533,blanco,error,storage.from(...).upload is not a function
37840,CORBIS 5 MG X 30 COMPRIMIDOS RECUBIERTOS,https://mav.farmaciasaas.com/api/images/articulos/DISTRIBUCION/23008.jpg,,50108,21758,blanco,error,storage.from(...).upload is not a function
37843,CORENTEL 1.25 MG X 10 COMPRIMIDOS RECUBIERTOS,https://mav.farmaciasaas.com/api/images/articulos/DISTRIBUCION/28209.jpg,,66805,33825,blanco,error,storage.from(...).upload is not a function
37845,CORENTEL 5 MG X 30 COMPRIMIDOS RECUBIERTOS,https://mav.farmaciasaas.com/api/images/articulos/DISTRIBUCION/10042.jpg,,64438,32390,blanco,error,storage.from(...).upload is not a function
37846,CORENTEL 5 MG X 10 COMPRIMIDOS RECUBIERTOS,https://mav.farmaciasaas.com/api/images/articulos/DISTRIBUCION/10024.jpg,,64331,32315,blanco,error,storage.from(...).upload is not a function
37849,COROPRES 8 MG X 30 COMPRIMIDOS,https://mav.farmaciasaas.com/api/images/articulos/DISTRIBUCION/98452.jpg,,65850,33544,blanco,error,storage.from(...).upload is not a function
37851,COVENTROL 6.25 MG X 30 COMPRIMIDOS,https://mav.farmaciasaas.com/api/images/articulos/DISTRIBUCION/99167.jpg,,62337,28375,blanco,error,storage.from(...).upload is not a function
37852,CRISOMET 50 MG - 500 MG X 10 TABLETAS RECUBIERTAS,https://mav.farmaciasaas.com/api/images/articulos/DISTRIBUCION/16905.jpg,,55792,24914,blanco,error,storage.from(...).upload is not a function
37853,CRISOMET 50 MG - 500 MG X 30 TABLETAS RECUBIERTAS,https://mav.farmaciasaas.com/api/images/articulos/DISTRIBUCION/19232.jpg,,65639,30434,blanco,error,storage.from(...).upload is not a function
37848,COROPRES HCT 16 MG - 12.5 MG X 30 COMPRIMIDOS,https://mav.farmaciasaas.com/api/images/articulos/DISTRIBUCION/96010.jpg,,74423,38590,blanco,error,storage.from(...).upload is not a function
37854,CRISPLUS 120 MG X 30 CAPSULAS,https://mav.farmaciasaas.com/api/images/articulos/DISTRIBUCION/28167.jpg,,56857,25360,blanco,error,storage.from(...).upload is not a function
37847,COROPRES HCT 16 MG - 12.5 MG X 10 COMPRIMIDOS,https://mav.farmaciasaas.com/api/images/articulos/DISTRIBUCION/28208.jpg,,75582,40155,blanco,error,storage.from(...).upload is not a function
37855,CURPINOL 6.25 MG X 10 COMPRIMIDOS,https://mav.farmaciasaas.com/api/images/articulos/DISTRIBUCION/26063.jpg,,55065,24070,blanco,error,storage.from(...).upload is not a function
37856,CURPINOL 6.25 MG X 30 COMPRIMIDOS,https://mav.farmaciasaas.com/api/images/articulos/DISTRIBUCION/92400.jpg,,47219,20169,blanco,error,storage.from(...).upload is not a function
37857,CYPRAL 500 MG X 14 TABLETAS RECUBIERTAS,https://mav.farmaciasaas.com/api/images/articulos/DISTRIBUCION/3660.jpg,,48616,20451,blanco,error,storage.from(...).upload is not a function
37858,CYPRAL 500 MG X 20 TABLETAS RECUBIERTAS,https://mav.farmaciasaas.com/api/images/articulos/DISTRIBUCION/92798.jpg,,55137,25501,blanco,error,storage.from(...).upload is not a function
37859,CYPRAL 750 MG X 6 TABLETAS RECUBIERTAS,https://mav.farmaciasaas.com/api/images/articulos/DISTRIBUCION/11353.jpg,,50627,22451,blanco,error,storage.from(...).upload is not a function
37860,DALCITRIN 2 % UNGUENTO,https://mav.farmaciasaas.com/api/images/articulos/DISTRIBUCION/28692.jpg,,42116,16542,blanco,error,storage.from(...).upload is not a function
37861,DALPAS 5 MG X 30 TABLETAS,https://mav.farmaciasaas.com/api/images/articulos/DISTRIBUCION/6617.jpg,,38725,13902,blanco,error,storage.from(...).upload is not a function
37862,DALTAZEN 60 MG X 10 COMPRIMIDOS,https://mav.farmaciasaas.com/api/images/articulos/DISTRIBUCION/28478.jpg,,60952,30271,blanco,error,storage.from(...).upload is not a function
37863,DALTAZEN 60 MG X 20 COMPRIMIDOS,https://mav.farmaciasaas.com/api/images/articulos/DISTRIBUCION/1303.jpg,,64636,32614,blanco,error,storage.from(...).upload is not a function
37865,DECA LENTERMINA COMPLEX SOLUCION INYECTABLE,https://mav.farmaciasaas.com/api/images/articulos/DISTRIBUCION/24816.jpg,,81990,26958,blanco,error,storage.from(...).upload is not a function
37867,DECOBEL 0.5 MG X 10 TABLETAS,https://pccentro.net.ve/img/s/5/3/5/8/5/53585-large_default.webp,,17312,39239,blanco,error,storage.from(...).upload is not a function
37868,DECOBEL 0.5 MG X 30 TABLETAS,https://mav.farmaciasaas.com/api/images/articulos/DISTRIBUCION/22694.jpg,,79090,40874,blanco,error,storage.from(...).upload is not a function
37869,DECOBEL 8 MG / 2 ML SOLUCION INYECTABLE,https://mav.farmaciasaas.com/api/images/articulos/DISTRIBUCION/94637.jpg,,56256,24858,blanco,error,storage.from(...).upload is not a function
37871,DEFLAZACORT 30 MG X 10 TABLETAS,https://mav.farmaciasaas.com/api/images/articulos/DISTRIBUCION/22262.jpg,,24600,15941,blanco,error,storage.from(...).upload is not a function
37870,DEFLARIN 6 MG X 10 COMPRIMIDOS,https://mav.farmaciasaas.com/api/images/articulos/DISTRIBUCION/21048.jpg,,59938,28967,blanco,error,storage.from(...).upload is not a function
37872,DEFLAZACORT 30 MG X 30 TABLETAS,https://mav.farmaciasaas.com/api/images/articulos/DISTRIBUCION/91498.jpg,,25360,16453,blanco,error,storage.from(...).upload is not a function
37873,DEFLAZACORT 6 MG X 10 TABLETAS,https://mav.farmaciasaas.com/api/images/articulos/DISTRIBUCION/91527.jpg,,24374,15770,blanco,error,storage.from(...).upload is not a function
37876,DENCOFEN 1.16 % CREMA EN BASE GEL,https://mav.farmaciasaas.com/api/images/articulos/DISTRIBUCION/90093.jpg,,52240,23999,blanco,error,storage.from(...).upload is not a function
37877,DENCORUB CREMA,https://mav.farmaciasaas.com/api/images/articulos/DISTRIBUCION/3455.jpg,,84827,42198,blanco,error,storage.from(...).upload is not a function
37878,DENUAL 150 MG X 1 COMPRIMIDO RECUBIERTO,https://mav.farmaciasaas.com/api/images/articulos/DISTRIBUCION/94853.jpg,,52738,21769,blanco,error,storage.from(...).upload is not a function
37880,DERAIN 15 % CREMA,https://mav.farmaciasaas.com/api/images/articulos/DISTRIBUCION/8275.jpg,,77408,38556,blanco,error,storage.from(...).upload is not a function
37879,DEPOFEM 150MGML X 1 AMPOLLA,https://mav.farmaciasaas.com/api/images/articulos/DISTRIBUCION/28729.jpg,,74301,35585,blanco,error,storage.from(...).upload is not a function
37881,DERMACORTINE 0.1 % CREMA,https://mav.farmaciasaas.com/api/images/articulos/DISTRIBUCION/91421.jpg,,48448,21181,blanco,error,storage.from(...).upload is not a function
37883,DERMAZOL 0.05 % LOCION CAPILAR,https://mav.farmaciasaas.com/api/images/articulos/DISTRIBUCION/99591.jpg,,44281,18426,blanco,error,storage.from(...).upload is not a function
37884,DERMOSUPRIL C 0.1 % - 3 % CREMA TOPICA,https://mav.farmaciasaas.com/api/images/articulos/DISTRIBUCION/24079.jpg,,54030,25775,blanco,error,storage.from(...).upload is not a function
37885,DERMOVATE 0.05 % CREMA,https://mav.farmaciasaas.com/api/images/articulos/DISTRIBUCION/28893.jpg,,36375,12212,blanco,error,storage.from(...).upload is not a function
37886,DEROVIT 1000 UI X 30 CAPSULAS BLANDAS,https://mav.farmaciasaas.com/api/images/articulos/DISTRIBUCION/25518.jpg,,25493,17924,blanco,error,storage.from(...).upload is not a function
37887,DESKEFLAS 50 MG / 2 ML X 3 AMPOLLAS,https://mav.farmaciasaas.com/api/images/articulos/DISTRIBUCION/53176.jpg,,64703,30602,blanco,error,storage.from(...).upload is not a function
37888,DESKEFLAS 25 MG X 10 TABLETAS RECUBIERTAS,https://mav.farmaciasaas.com/api/images/articulos/DISTRIBUCION/52476.jpg,,56382,25263,blanco,error,storage.from(...).upload is not a function
37889,DESLER 5 MG X 10 TABLETAS RECUBIERTAS,https://mav.farmaciasaas.com/api/images/articulos/DISTRIBUCION/18806.jpg,,57913,28394,blanco,error,storage.from(...).upload is not a function
37890,DESLORAT 5 MG X 10 TABLETAS RECUBIERTAS,https://mav.farmaciasaas.com/api/images/articulos/DISTRIBUCION/90319.jpg,,76555,27918,blanco,error,storage.from(...).upload is not a function
37891,DESLORAT 5 MG X 20 TABLETAS RECUBIERTAS,https://mav.farmaciasaas.com/api/images/articulos/DISTRIBUCION/90319.jpg,,76555,27918,blanco,error,storage.from(...).upload is not a function
37892,DESLORATADINA 2.5 MG / 5 ML X 10 JARABE,https://mav.farmaciasaas.com/api/images/articulos/DISTRIBUCION/9955.jpg,,66499,29914,blanco,error,storage.from(...).upload is not a function
37894,DESLORATADINA 5 MG X 10 TABLETAS RECUBIERTAS,https://mav.farmaciasaas.com/api/images/articulos/DISTRIBUCION/97003.jpg,,25218,16526,blanco,error,storage.from(...).upload is not a function
37893,DESLORATADINA 2.5 MG / 5 ML JARABE,https://pccentro.net.ve/img/s/7/4/5/1/9/74519-large_default.webp,,13482,26472,blanco,error,storage.from(...).upload is not a function
37895,DESLORATADINA 5 MG X 10 COMPRIMIDOS RECUBIERTOS,https://mav.farmaciasaas.com/api/images/articulos/DISTRIBUCION/8560.jpg,,62676,30057,blanco,error,storage.from(...).upload is not a function
37896,MONTELUKAST - DESLORATADINA 10 MG - 5 MG X 10 TABLETAS RECUBIERTAS,https://pccentro.net.ve/img/s/7/2/5/2/6/72526-large_default.webp,,10606,27294,blanco,error,storage.from(...).upload is not a function
37897,DESONIDA 0.1 % CREMA,https://mav.farmaciasaas.com/api/images/articulos/DISTRIBUCION/23011.jpg,,37867,12662,blanco,error,storage.from(...).upload is not a function
37898,DESTREL 75 MCG X 28 COMPRIMIDOS RECUBIERTOS,https://mav.farmaciasaas.com/api/images/articulos/DISTRIBUCION/50861.jpg,,65368,31416,blanco,error,storage.from(...).upload is not a function
37899,DEXAMETASONA 4 MG X 10 COMPRIMIDOS,https://pccentro.net.ve/img/s/7/6/8/5/4/76854-large_default.webp,,37312,21586,blanco,error,storage.from(...).upload is not a function
37903,DEXAMETASONA FOSFATO 8 MG / 2 ML X 1 AMPOLLA,https://mav.farmaciasaas.com/api/images/articulos/DISTRIBUCION/53308.jpg,,80593,36692,blanco,error,storage.from(...).upload is not a function
37905,DEXAMETASONA 0.5 MG X 30 TABLETAS,https://mav.farmaciasaas.com/api/images/articulos/DISTRIBUCION/54029.jpg,,52181,22643,blanco,error,storage.from(...).upload is not a function
37909,DEXTROMETORFANO 15 MG / 5 ML JARABE,https://mav.farmaciasaas.com/api/images/articulos/DISTRIBUCION/26399.jpg,,58746,27506,blanco,error,storage.from(...).upload is not a function
37911,DEXTROSA 50 % SOLUCION INYECTABLE IV,https://mav.farmaciasaas.com/api/images/articulos/DISTRIBUCION/1131.jpg,,51305,22280,blanco,error,storage.from(...).upload is not a function
37914,DIAFORMINA 1000 MG X 30 COMPRIMIDOS RECUBIERTOS,https://mav.farmaciasaas.com/api/images/articulos/DISTRIBUCION/95456.jpg,,64045,32260,blanco,error,storage.from(...).upload is not a function
37915,DIAFORMINA 500 MG X 30 COMPRIMIDOS RECUBIERTOS,https://mav.farmaciasaas.com/api/images/articulos/DISTRIBUCION/50991.jpg,,52712,24008,blanco,error,storage.from(...).upload is not a function
37916,DIAGESIC 75 MG / 3 ML X 1 AMPOLLA,https://mav.farmaciasaas.com/api/images/articulos/DISTRIBUCION/51210.jpg,,65682,30523,blanco,error,storage.from(...).upload is not a function
37920,DIARONA 200 MG X 10 TABLETAS,https://mav.farmaciasaas.com/api/images/articulos/DISTRIBUCION/7335.jpg,,44271,17250,blanco,error,storage.from(...).upload is not a function
37917,DIAGESIC 75 MG / 3 ML X 2 AMPOLLAS,https://mav.farmaciasaas.com/api/images/articulos/DISTRIBUCION/6136.jpg,,183574,37624,blanco,error,storage.from(...).upload is not a function
37933,DICLOFENAC SODICO 50 MG TABLETAS RECUBIERTAS,https://mav.farmaciasaas.com/api/images/articulos/DISTRIBUCION/55.jpg,,75288,33940,blanco,error,storage.from(...).upload is not a function
37923,DICLODEX 50 MG X 20 TABLETAS RECUBIERTAS,https://mav.farmaciasaas.com/api/images/articulos/DISTRIBUCION/90913.jpg,,553616,52385,blanco,error,storage.from(...).upload is not a function
37936,DIECAPS 120 MG X 30 CAPSULAS,https://mav.farmaciasaas.com/api/images/articulos/DISTRIBUCION/94852.jpg,,52928,22889,blanco,error,storage.from(...).upload is not a function
37937,DIECAPS 60 MG X 30 CAPSULAS,https://mav.farmaciasaas.com/api/images/articulos/DISTRIBUCION/17245.jpg,,49704,20804,blanco,error,storage.from(...).upload is not a function
37938,DIFEN X 10 TABLETAS RECUBIERTAS,https://pccentro.net.ve/img/s/7/4/6/0/5/74605-large_default.webp,,15938,35046,blanco,error,storage.from(...).upload is not a function
37939,DIFEN X 20 TABLETAS RECUBIERTAS,https://pccentro.net.ve/img/s/7/1/7/8/4/71784-large_default.webp,,15186,31950,blanco,error,storage.from(...).upload is not a function
37940,DIFENAC 1 % GEL,https://mav.farmaciasaas.com/api/images/articulos/DISTRIBUCION/8417.jpg,,46800,19429,blanco,error,storage.from(...).upload is not a function
37941,DIGLET 1000 U.I. X 30 COMPRIMIDOS ORODISPERSABLES,https://mav.farmaciasaas.com/api/images/articulos/DISTRIBUCION/28637.jpg,,67064,32904,blanco,error,storage.from(...).upload is not a function
37942,DIGLET 5000 U.I. X 10 COMPRIMIDOS RECUBIERTOS,https://mav.farmaciasaas.com/api/images/articulos/DISTRIBUCION/52638.jpg,,79094,41748,blanco,error,storage.from(...).upload is not a function
37943,DIGLET 200 UI SOLUCION ORAL,https://mav.farmaciasaas.com/api/images/articulos/DISTRIBUCION/52147.jpg,,113283,60574,blanco,error,storage.from(...).upload is not a function
37944,DIKLASON 100 MG X 20 COMPRIMIDOS DE ACCION PROLONGADA,https://mav.farmaciasaas.com/api/images/articulos/DISTRIBUCION/13042.jpg,,75479,36802,blanco,error,storage.from(...).upload is not a function
37945,DIKLASON BI 150 MG X 10 COMPRIMIDOS DE LIBERACION CONTROLADA,https://mav.farmaciasaas.com/api/images/articulos/DISTRIBUCION/50303.jpg,,64369,31401,blanco,error,storage.from(...).upload is not a function
37946,DIKLASON 1.8 MG / ML SUSPENSION ORAL,https://pccentro.net.ve/img/s/8/0/5/5/1/80551-large_default.webp,,48316,29647,blanco,error,storage.from(...).upload is not a function
37947,DILOTEX 5 MG X 30 COMPRIMIDOS,https://mav.farmaciasaas.com/api/images/articulos/DISTRIBUCION/50518.jpg,,52636,23498,blanco,error,storage.from(...).upload is not a function
37948,DILOTEX 10 MG X 10 COMPRIMIDOS,https://mav.farmaciasaas.com/api/images/articulos/DISTRIBUCION/9889.jpg,,49116,20590,blanco,error,storage.from(...).upload is not a function
37952,DIOSMINA 600 MG X 15 COMPRIMIDOS RECUBIERTOS,https://pccentro.net.ve/img/s/3/7/6/5/4/37654-large_default.webp,,0,0,blanco,error,HTTP 404
37949,DILUXEN 60 MG X 20 TABLETAS,https://pccentro.net.ve/img/s/2/4/5/9/9/24599-large_default.webp,,14150,21130,blanco,error,storage.from(...).upload is not a function
37951,VEDINOR 600 MG X 15 COMPRIMIDOS RECUBIERTOS,https://mav.farmaciasaas.com/api/images/articulos/DISTRIBUCION/24175.jpg,,53966,23594,blanco,error,storage.from(...).upload is not a function
37950,DIOSMINA 600 MG X 30 COMPRIMIDOS RECUBIERTOS,https://mav.farmaciasaas.com/api/images/articulos/DISTRIBUCION/53053.jpg,,64457,30751,blanco,error,storage.from(...).upload is not a function
37953,DIOSMINA 600 MG X 28 TABLETAS RECUBIERTAS,https://mav.farmaciasaas.com/api/images/articulos/DISTRIBUCION/29796.jpg,,26402,17654,blanco,error,storage.from(...).upload is not a function
37954,DIOSMINA 600 MG X 14 TABLETAS RECUBIERTAS,https://mav.farmaciasaas.com/api/images/articulos/DISTRIBUCION/97147.jpg,,25088,16459,blanco,error,storage.from(...).upload is not a function
37959,DIPLOZ 1 MG X 30 TABLETAS RECUBIERTAS,https://mav.farmaciasaas.com/api/images/articulos/DISTRIBUCION/22057.jpg,,22124,14243,blanco,error,storage.from(...).upload is not a function
37958,DIPIDOL 500 MG / ML X 3 AMPOLLAS,https://mav.farmaciasaas.com/api/images/articulos/DISTRIBUCION/52497.jpg,,62540,29229,blanco,error,storage.from(...).upload is not a function
37961,DOBET 2 % - 0.5 % SOLUCION OFTALMICA,https://mav.farmaciasaas.com/api/images/articulos/DISTRIBUCION/843.jpg,,47649,17792,blanco,error,storage.from(...).upload is not a function
37963,DOBRACID 300 MG X 10 COMPRIMIDOS RECUBIERTOS DE LIBERACION PROLONGADA,https://mav.farmaciasaas.com/api/images/articulos/DISTRIBUCION/50498.jpg,,76749,38853,blanco,error,storage.from(...).upload is not a function
37962,DOBRACID 300 MG X 30 COMPRIMIDOS RECUBIERTOS DE LIBERACION PROLONGADA,https://mav.farmaciasaas.com/api/images/articulos/DISTRIBUCION/16483.jpg,,60254,27636,blanco,error,storage.from(...).upload is not a function
37965,DOL X 10 TABLETAS RECUBIERTAS,https://pccentro.net.ve/img/s/8/4/2/9/4/84294-large_default.webp,,81080,46680,blanco,error,storage.from(...).upload is not a function
37968,DOLAK 10 MG X 20 COMPRIMIDOS,https://mav.farmaciasaas.com/api/images/articulos/DISTRIBUCION/2586.jpg,,51985,23147,blanco,error,storage.from(...).upload is not a function
37966,DOL X 20 TABLETAS RECUBIERTAS,https://pccentro.net.ve/img/s/8/4/2/7/9/84279-large_default.webp,,101168,54949,blanco,error,storage.from(...).upload is not a function
37969,DOLAK 10 MG X 10 COMPRIMIDOS,https://mav.farmaciasaas.com/api/images/articulos/DISTRIBUCION/2349.jpg,,76360,29850,blanco,error,storage.from(...).upload is not a function
37972,DOLKIDS 160 MG X 20 TABLETAS MASTICABLES,https://mav.farmaciasaas.com/api/images/articulos/DISTRIBUCION/5370.jpg,,72059,36124,blanco,error,storage.from(...).upload is not a function
37970,DOLAK 20 MG X 10 COMPRIMIDOS RECUBIERTOS,https://mav.farmaciasaas.com/api/images/articulos/DISTRIBUCION/10812.jpg,,96950,25016,blanco,error,storage.from(...).upload is not a function
37973,DOLNIX 150 MG X 20 CAPSULAS,https://mav.farmaciasaas.com/api/images/articulos/DISTRIBUCION/51126.jpg,,44419,17434,blanco,error,storage.from(...).upload is not a function
37977,DOMPESIN 10 MG X 30 COMPRIMIDOS,https://mav.farmaciasaas.com/api/images/articulos/DISTRIBUCION/11584.jpg,,68449,19609,blanco,error,storage.from(...).upload is not a function
37978,DOMPESIN 1 MG / ML SUSPENSION,https://mav.farmaciasaas.com/api/images/articulos/DISTRIBUCION/94774.jpg,,57697,26221,blanco,error,storage.from(...).upload is not a function
37981,DORIXINA FLEX 125 MG - 5 MG X 20 COMPRIMIDOS RECUBIERTOS,https://mav.farmaciasaas.com/api/images/articulos/DISTRIBUCION/50180.jpg,,74814,37783,blanco,error,storage.from(...).upload is not a function
37982,DORIXINA FLEX 125 MG - 5 MG X 5 COMPRIMIDOS RECUBIERTOS,https://mav.farmaciasaas.com/api/images/articulos/DISTRIBUCION/29269.jpg,,72243,35057,blanco,error,storage.from(...).upload is not a function
37983,DORIXINA FLEX 125 MG - 5 MG X 10 COMPRIMIDOS RECUBIERTOS,https://pccentro.net.ve/img/s/7/1/3/9/5/71395-large_default.webp,,13306,28648,blanco,error,storage.from(...).upload is not a function
37986,DOXIUM 500 MG X 30 CAPSULAS,https://mav.farmaciasaas.com/api/images/articulos/DISTRIBUCION/52056.jpg,,70368,34424,blanco,error,storage.from(...).upload is not a function
37988,DUROVAL 50 MG X 2 TABLETAS RECUBIERTAS,https://mav.farmaciasaas.com/api/images/articulos/DISTRIBUCION/22796.jpg,,214562,29468,blanco,error,storage.from(...).upload is not a function
37989,DUROVAL 50 MG X 1 TABLETA RECUBIERTA,https://mav.farmaciasaas.com/api/images/articulos/DISTRIBUCION/2798.jpg,,213442,29431,blanco,error,storage.from(...).upload is not a function
37994,DUVADILAN 10 MG X 30 COMPRIMIDOS,https://mav.farmaciasaas.com/api/images/articulos/DISTRIBUCION/1300.jpg,,52051,22218,blanco,error,storage.from(...).upload is not a function
37990,DUROVAL 50 MG X 3 TABLETAS RECUBIERTAS,https://mav.farmaciasaas.com/api/images/articulos/DISTRIBUCION/2821.jpg,,212334,30150,blanco,error,storage.from(...).upload is not a function
37995,EDAGAN 200 MG X 30 COMPRIMIDOS RECUBIERTOS,https://mav.farmaciasaas.com/api/images/articulos/DISTRIBUCION/90689.jpg,,53731,25342,blanco,error,storage.from(...).upload is not a function
37996,EDAGAN 25 MG X 30 COMPRIMIDOS RECUBIERTOS,https://mav.farmaciasaas.com/api/images/articulos/DISTRIBUCION/90687.jpg,,55799,26600,blanco,error,storage.from(...).upload is not a function
37997,EDEMID 10 MG / ML X 5 AMPOLLAS,https://mav.farmaciasaas.com/api/images/articulos/DISTRIBUCION/2361.jpg,,38762,14460,blanco,error,storage.from(...).upload is not a function
38000,ENALAPRIL MALEATO 10 MG X 30 COMPRIMIDOS RECUBIERTOS,https://mav.farmaciasaas.com/api/images/articulos/DISTRIBUCION/30351.jpg,,50289,21520,blanco,error,storage.from(...).upload is not a function
38001,LERCANIDIPINA CLORHIDRATO – ENALAPRIL MALEATO 10 MG – 20 MG X 30 COMPRIMIDOS RECUBIERTOS,https://mav.farmaciasaas.com/api/images/articulos/DISTRIBUCION/52341.jpg,,70045,34309,blanco,error,storage.from(...).upload is not a function
38003,ENALAPRIL MALEATO 10 MG X 30 TABLETAS,https://mav.farmaciasaas.com/api/images/articulos/DISTRIBUCION/26952.jpg,,488160,44499,blanco,error,storage.from(...).upload is not a function
38005,ENALAPRIL 20 MG X 30 TABLETAS,https://mav.farmaciasaas.com/api/images/articulos/DISTRIBUCION/99636.jpg,,24653,15991,blanco,error,storage.from(...).upload is not a function
38006,ENALAPRIL MALEATO 20 MG X 30 TABLETAS,https://mav.farmaciasaas.com/api/images/articulos/DISTRIBUCION/13265.jpg,,502602,51546,blanco,error,storage.from(...).upload is not a function
38008,ENTEROGERMINA (ESPORAS DE BACILLUS CLAUSII) 2 MILLARDOS / 5 ML X 10 SUSPENSION ORAL,https://mav.farmaciasaas.com/api/images/articulos/DISTRIBUCION/52162.jpg,,27072,19928,blanco,error,storage.from(...).upload is not a function
38009,EPITRAL 25 MG X 30 TABLETAS,https://mav.farmaciasaas.com/api/images/articulos/DISTRIBUCION/52494.jpg,,69949,32171,blanco,error,storage.from(...).upload is not a function
38010,EPITRAL 100 MG X 30 TABLETAS,https://mav.farmaciasaas.com/api/images/articulos/DISTRIBUCION/20035.jpg,,206124,29311,blanco,error,storage.from(...).upload is not a function
38011,EPITRAL 50 MG X 30 TABLETAS,https://mav.farmaciasaas.com/api/images/articulos/DISTRIBUCION/20036.jpg,,217066,29724,blanco,error,storage.from(...).upload is not a function
38013,ERILON 0.05 % CREMA,https://mav.farmaciasaas.com/api/images/articulos/DISTRIBUCION/5842.jpg,,145114,29058,blanco,error,storage.from(...).upload is not a function
38017,ESCITALOPRAM 10 MG X 30 COMPRIMIDOS RECUBIERTOS,https://pccentro.net.ve/img/s/7/2/4/9/3/72493-large_default.webp,,9980,22644,blanco,error,storage.from(...).upload is not a function
38018,ESCITALOPRAM 20 MG X 30 COMPRIMIDOS RECUBIERTOS,https://pccentro.net.ve/img/s/2/4/7/2/5/24725-large_default.webp,,20188,26269,blanco,error,storage.from(...).upload is not a function
38020,ESCITALOPRAM 1 MG / ML SOLUCION ORAL,https://mav.farmaciasaas.com/api/images/articulos/DISTRIBUCION/19850.jpg,,47415,18951,blanco,error,storage.from(...).upload is not a function
38022,ESCITALOPRAM 10 MG X 28 TABLETAS RECUBIERTAS,https://mav.farmaciasaas.com/api/images/articulos/DISTRIBUCION/22208.jpg,,25879,16851,blanco,error,storage.from(...).upload is not a function
38024,ESCITALOPRAM 20 MG X 14 TABLETAS RECUBIERTAS,https://mav.farmaciasaas.com/api/images/articulos/DISTRIBUCION/29792.jpg,,24975,16184,blanco,error,storage.from(...).upload is not a function
38027,ESMIRTAL 20 MG X 30 COMPRIMIDOS RECUBIERTOS,https://mav.farmaciasaas.com/api/images/articulos/DISTRIBUCION/54449.jpg,,20229,12764,blanco,error,storage.from(...).upload is not a function
38028,ESOCOF 10 MG X 30 TABLETAS RECUBIERTAS,https://mav.farmaciasaas.com/api/images/articulos/DISTRIBUCION/54292.jpg,,24229,16985,blanco,error,storage.from(...).upload is not a function
38029,ESOMEPRAZOL 40 MG X 10 TABLETAS RECUBIERTAS,https://pccentro.net.ve/img/s/2/5/0/2/2/25022-large_default.webp,,15686,18764,blanco,error,storage.from(...).upload is not a function
38030,ESOMEPRAZOL 40 MG X 20 TABLETAS RECUBIERTAS,https://pccentro.net.ve/img/s/2/5/0/2/2/25022-large_default.webp,,15686,18764,blanco,error,storage.from(...).upload is not a function
38031,ESOMEPRAZOL 40 MG X 16 TABLETAS RECUBIERTAS,https://pccentro.net.ve/img/s/3/0/7/3/7/30737-large_default.webp,,14368,31325,blanco,error,storage.from(...).upload is not a function
38033,ESOMEPRAZOL 20 MG X 16 CAPSULAS CON MICROGRANULOS DE LIBERACION ENTERICA,https://mav.farmaciasaas.com/api/images/articulos/DISTRIBUCION/52348.jpg,,71470,37528,blanco,error,storage.from(...).upload is not a function
38032,ESOMEPRAZOL 40 MG X 14 TABLETAS RECUBIERTAS,https://pccentro.net.ve/img/s/8/5/5/7/0/85570-large_default.webp,,38564,24735,blanco,error,storage.from(...).upload is not a function
38035,ESOMEPRAZOL 20 MG X 20 TABLETAS CON CUBIERTA ENTERICA,https://mav.farmaciasaas.com/api/images/articulos/DISTRIBUCION/96831.jpg,,44213,17652,blanco,error,storage.from(...).upload is not a function
38034,ESOMEPRAZOL 20 MG X 28 CAPSULAS CON MICROGRANULOS DE LIBERACION ENTERICA,https://mav.farmaciasaas.com/api/images/articulos/DISTRIBUCION/52332.jpg,,76244,39156,blanco,error,storage.from(...).upload is not a function
38036,ESOMEPRAZOL 20 MG X 20 TABLETAS RECUBIERTAS,https://mav.farmaciasaas.com/api/images/articulos/DISTRIBUCION/96831.jpg,,44213,17652,blanco,error,storage.from(...).upload is not a function
38037,ESOMEPRAZOL 20 MG X 14 TABLETAS RECUBIERTAS,https://mav.farmaciasaas.com/api/images/articulos/DISTRIBUCION/21060.jpg,,24817,16184,blanco,error,storage.from(...).upload is not a function
38038,ESOZ 20 MG X 14 TABLETAS RECUBIERTAS,https://mav.farmaciasaas.com/api/images/articulos/DISTRIBUCION/98439/98439.jpg,,51901,22998,blanco,error,storage.from(...).upload is not a function
38039,ESOZ 20 MG X 28 TABLETAS RECUBIERTAS,https://mav.farmaciasaas.com/api/images/articulos/DISTRIBUCION/98438/98438.jpg,,55356,24917,blanco,error,storage.from(...).upload is not a function
38040,ESOZ 20 MG X 7 TABLETAS RECUBIERTAS,https://mav.farmaciasaas.com/api/images/articulos/DISTRIBUCION/18359.jpg,,129842,21398,blanco,error,storage.from(...).upload is not a function
38041,ESOZ 40 MG X 14 TABLETAS RECUBIERTAS DE LIBERACION RETARDADA,https://mav.farmaciasaas.com/api/images/articulos/DISTRIBUCION/97637/97637.jpg,,51627,22722,blanco,error,storage.from(...).upload is not a function
38042,ESOZ 40 MG X 28 TABLETAS RECUBIERTAS DE LIBERACION RETARDADA,https://mav.farmaciasaas.com/api/images/articulos/DISTRIBUCION/97588/97588.jpg,,55643,25173,blanco,error,storage.from(...).upload is not a function
38043,ESOZ 40 MG X 7 TABLETAS RECUBIERTAS DE LIBERACION RETARDADA,https://mav.farmaciasaas.com/api/images/articulos/DISTRIBUCION/18360.jpg,,49559,21580,blanco,error,storage.from(...).upload is not a function
38046,ESPIRONOLACTONA 25 MG X 30 TABLETAS,https://mav.farmaciasaas.com/api/images/articulos/DISTRIBUCION/51325.jpg,,64245,31141,blanco,error,storage.from(...).upload is not a function
38047,ESPIRONOLACTONA 25 MG X 20 TABLETAS,https://mav.farmaciasaas.com/api/images/articulos/DISTRIBUCION/5474.jpg,,59736,28051,blanco,error,storage.from(...).upload is not a function
38049,ESQUIDONE 2 MG X 30 TABLETAS RECUBIERTAS,https://mav.farmaciasaas.com/api/images/articulos/DISTRIBUCION/98680.jpg,,182469,27579,blanco,error,storage.from(...).upload is not a function
38050,ESQUIDONE 3 MG X 30 TABLETAS RECUBIERTAS,https://mav.farmaciasaas.com/api/images/articulos/DISTRIBUCION/98681.jpg,,177414,27377,blanco,error,storage.from(...).upload is not a function
38051,ETORICOXIB 60 MG X 10 TABLETAS RECUBIERTAS,https://mav.farmaciasaas.com/api/images/articulos/DISTRIBUCION/18990.jpg,,24527,15889,blanco,error,storage.from(...).upload is not a function
38052,ETORICOXIB 90 MG X 10 TABLETAS RECUBIERTAS,https://mav.farmaciasaas.com/api/images/articulos/DISTRIBUCION/18572.jpg,,24539,15875,blanco,error,storage.from(...).upload is not a function
38053,EUKENE 40 MG X 30 COMPRIMIDOS RECUBIERTOS,https://mav.farmaciasaas.com/api/images/articulos/DISTRIBUCION/27093.jpg,,64865,32570,blanco,error,storage.from(...).upload is not a function
38054,EUKENE HCT 40 MG - 12.5 MG X 30 COMPRIMIDOS RECUBIERTOS,https://mav.farmaciasaas.com/api/images/articulos/DISTRIBUCION/26422.jpg,,73523,37937,blanco,error,storage.from(...).upload is not a function
38056,EUSILEN 4 MG X 15 COMPRIMIDOS,https://mav.farmaciasaas.com/api/images/articulos/DISTRIBUCION/97144.jpg,,59278,24617,blanco,error,storage.from(...).upload is not a function
38055,EUKENE HCT 40 MG - 25 MG X 30 COMPRIMIDOS RECUBIERTOS,https://mav.farmaciasaas.com/api/images/articulos/DISTRIBUCION/26420.jpg,,74073,38573,blanco,error,storage.from(...).upload is not a function
38057,EUSILEN 4 MG X 8 COMPRIMIDOS,https://mav.farmaciasaas.com/api/images/articulos/DISTRIBUCION/8831.jpg,,66535,32204,blanco,error,storage.from(...).upload is not a function
38058,EUTEBROL 20 MG X 30 COMPRIMIDOS,https://mav.farmaciasaas.com/api/images/articulos/DISTRIBUCION/28314.jpg,,111033,33241,blanco,error,storage.from(...).upload is not a function
38060,EXOM 20 MG X 14 CAPSULAS CON MICROGRANULOS GASTRORRESISTENTES,https://mav.farmaciasaas.com/api/images/articulos/DISTRIBUCION/24978.jpg,,76040,34951,blanco,error,storage.from(...).upload is not a function
38059,EVABOLIN 25 MG X 30 TABLETAS RECUBIERTAS,https://mav.farmaciasaas.com/api/images/articulos/DISTRIBUCION/53346.jpg,,74749,34758,blanco,error,storage.from(...).upload is not a function
38061,EXOVIS DUO 875 MG - 125 MG X 14 TABLETAS RECUBIERTAS,https://mav.farmaciasaas.com/api/images/articulos/DISTRIBUCION/22553.jpg,,46431,18218,blanco,error,storage.from(...).upload is not a function
38062,EZOLIUM 20 MG X 30 CAPSULAS,https://mav.farmaciasaas.com/api/images/articulos/DISTRIBUCION/93948.jpg,,82791,35759,blanco,error,storage.from(...).upload is not a function
38063,EZOLIUM 40 MG X 30 CAPSULAS,https://mav.farmaciasaas.com/api/images/articulos/DISTRIBUCION/93949.jpg,,125770,60899,blanco,error,storage.from(...).upload is not a function
38064,FAMULCER 40 MG X 10 TABLETAS,https://mav.farmaciasaas.com/api/images/articulos/DISTRIBUCION/6884.jpg,,78064,35505,blanco,error,storage.from(...).upload is not a function
38065,FARBICIL 1 % CREMA,https://mav.farmaciasaas.com/api/images/articulos/DISTRIBUCION/91417.jpg,,44183,17716,blanco,error,storage.from(...).upload is not a function
38067,FEBRILIX 120 MG / 5 ML SOLUCION ORAL,https://mav.farmaciasaas.com/api/images/articulos/DISTRIBUCION/8453.jpg,,84938,41398,blanco,error,storage.from(...).upload is not a function
38069,FEBRIP 500 MG X 20 COMPRIMIDOS,https://mav.farmaciasaas.com/api/images/articulos/DISTRIBUCION/54399.jpg,,22464,14600,blanco,error,storage.from(...).upload is not a function
38068,FEBRILIX 500 MG X 20 TABLETAS,https://mav.farmaciasaas.com/api/images/articulos/DISTRIBUCION/7037.jpg,,93592,47298,blanco,error,storage.from(...).upload is not a function
38070,FEBRIP 180 MG / 5 ML SOLUCION ORAL,https://mav.farmaciasaas.com/api/images/articulos/DISTRIBUCION/27532.jpg,,76216,39921,blanco,error,storage.from(...).upload is not a function
38071,FEMMEXTRA 200 MG - 10 MG X 10 CAPSULAS,https://pccentro.net.ve/img/s/3/0/7/4/8/30748-large_default.webp,,31960,59784,blanco,error,storage.from(...).upload is not a function
38076,FERGANIC 40 MG X 24 CAPSULAS,https://mav.farmaciasaas.com/api/images/articulos/DISTRIBUCION/8790.jpg,,70093,30907,blanco,error,storage.from(...).upload is not a function
38077,FERGANIC 40 MG X 30 CAPSULAS,https://mav.farmaciasaas.com/api/images/articulos/DISTRIBUCION/53159.jpg,,47743,19908,blanco,error,storage.from(...).upload is not a function
38079,FERGANIC FOLIC 40 MG - 360 MCG / 15 ML X 20 JARABE,https://mav.farmaciasaas.com/api/images/articulos/DISTRIBUCION/52465.jpg,,65852,32272,blanco,error,storage.from(...).upload is not a function
38080,FERGANIC FOLIC 40 MG - 360 MCG / 15 ML X 1 JARABE,https://mav.farmaciasaas.com/api/images/articulos/DISTRIBUCION/52465.jpg,,65852,32272,blanco,error,storage.from(...).upload is not a function
38081,FERGANIC FOLIC 40 MG - 360 MCG / 15 ML X 30 JARABE,https://mav.farmaciasaas.com/api/images/articulos/DISTRIBUCION/52465.jpg,,65852,32272,blanco,error,storage.from(...).upload is not a function
38082,FERGANIC 40 MG / 15 ML SOLUCION ORAL,https://mav.farmaciasaas.com/api/images/articulos/DISTRIBUCION/8791.jpg,,61648,28497,blanco,error,storage.from(...).upload is not a function
38083,FERGANIC 100 MG / 5 ML X 1 AMPOLLA,https://mav.farmaciasaas.com/api/images/articulos/DISTRIBUCION/52639.jpg,,71479,32147,blanco,error,storage.from(...).upload is not a function
38084,FERROCE 300 MG - 50 MG X 30 TABLETAS ENTERICAS,https://pccentro.net.ve/img/s/7/5/8/1/6/75816-large_default.webp,,12456,15602,blanco,error,storage.from(...).upload is not a function
38091,FINASTERIDE 5 MG X 30 TABLETAS RECUBIERTAS,https://mav.farmaciasaas.com/api/images/articulos/DISTRIBUCION/12033.jpg,,24796,16180,blanco,error,storage.from(...).upload is not a function
38085,FERROCE CON B12 JARABE,https://pccentro.net.ve/img/s/7/5/8/1/8/75818-large_default.webp,,12272,16559,blanco,error,storage.from(...).upload is not a function
38089,FEXOFENADINA CLORHIDRATO 120 MG X 10 TABLETAS RECUBIERTAS,https://pccentro.net.ve/img/s/8/3/9/6/9/83969-large_default.webp,,53822,33481,blanco,error,storage.from(...).upload is not a function
38090,FEXORAT 30 MG / 5 ML SUSPENSION ORAL,https://mav.farmaciasaas.com/api/images/articulos/DISTRIBUCION/53627.jpg,,76881,36039,blanco,error,storage.from(...).upload is not a function
38094,FISIOLIN 0.65 % SOLUCION NASAL,https://mav.farmaciasaas.com/api/images/articulos/DISTRIBUCION/23647.jpg,,54113,20156,blanco,error,storage.from(...).upload is not a function
38095,FITEX 20 MG X 1 TABLETA,https://mav.farmaciasaas.com/api/images/articulos/DISTRIBUCION/99114.jpg,,73381,36217,blanco,error,storage.from(...).upload is not a function
38097,FITEX 5 MG X 10 TABLETAS,https://mav.farmaciasaas.com/api/images/articulos/DISTRIBUCION/20284.jpg,,53925,24613,blanco,error,storage.from(...).upload is not a function
38098,FITEX 5 MG X 30 TABLETAS,https://pccentro.net.ve/img/s/3/0/8/7/0/30870-large_default.webp,,11192,26643,blanco,error,storage.from(...).upload is not a function
38100,FLAVOL 300 MG X 20 CAPSULAS,https://mav.farmaciasaas.com/api/images/articulos/DISTRIBUCION/4190.jpg,,81824,44376,blanco,error,storage.from(...).upload is not a function
38096,FITEX 20 MG X 2 TABLETAS,https://mav.farmaciasaas.com/api/images/articulos/DISTRIBUCION/99115.jpg,,81504,42536,blanco,error,storage.from(...).upload is not a function
38101,GENLET 200 MG X 10 COMPRIMIDOS RECUBIERTOS,https://mav.farmaciasaas.com/api/images/articulos/DISTRIBUCION/50060.jpg,,48195,21899,blanco,error,storage.from(...).upload is not a function
38105,FLEMIBAR 20 MG - 2500 MG / 5 ML X 3 AMPOLLAS,https://mav.farmaciasaas.com/api/images/articulos/DISTRIBUCION/29271.jpg,,60236,27469,blanco,error,storage.from(...).upload is not a function
38107,FLENOX 15 MG / 5 ML SOLUCION ORAL,https://mav.farmaciasaas.com/api/images/articulos/DISTRIBUCION/50900.jpg,,59195,28180,blanco,error,storage.from(...).upload is not a function
38108,FLINAS 0.05 % X 140 SUSPENSION NASAL PARA NEBULIZAR,https://mav.farmaciasaas.com/api/images/articulos/DISTRIBUCION/91716.jpg,,40264,15786,blanco,error,storage.from(...).upload is not a function
38106,FLEMIBAR 10 MG - 250 MG X 10 COMPRIMIDOS RECUBIERTOS,https://mav.farmaciasaas.com/api/images/articulos/DISTRIBUCION/28552.jpg,,61118,26503,blanco,error,storage.from(...).upload is not a function
38109,FLODONT 0.15 % ENJUAGUE BUCAL,https://mav.farmaciasaas.com/api/images/articulos/DISTRIBUCION/10367.jpg,,54598,26113,blanco,error,storage.from(...).upload is not a function
38110,FLOMED 0.15 % - 0.25 % SOLUCION TOPICA BUCAL ATOMIZADORA,https://mav.farmaciasaas.com/api/images/articulos/DISTRIBUCION/16421.jpg,,41649,16411,blanco,error,storage.from(...).upload is not a function
38111,FLUCON 150 MG X 2 CAPSULAS,https://mav.farmaciasaas.com/api/images/articulos/DISTRIBUCION/9690.jpg,,89400,40327,blanco,error,storage.from(...).upload is not a function
38116,FLUCONAZOL 150 MG X 2 CAPSULAS,https://mav.farmaciasaas.com/api/images/articulos/DISTRIBUCION/4546.jpg,,56324,26153,blanco,error,storage.from(...).upload is not a function
38114,FLUCONAZOL 150 MG X 2 CAPSULAS,https://mav.farmaciasaas.com/api/images/articulos/DISTRIBUCION/9668.jpg,,25513,16638,blanco,error,storage.from(...).upload is not a function
38117,FLUCONAZOL 150 MG X 2 CAPSULAS,https://mav.farmaciasaas.com/api/images/articulos/DISTRIBUCION/8645.jpg,,250411,35255,blanco,error,storage.from(...).upload is not a function
38122,FLUDIL 10 MG X 20 TABLETAS,https://mav.farmaciasaas.com/api/images/articulos/DISTRIBUCION/1790.jpg,,52357,23016,blanco,error,storage.from(...).upload is not a function
38123,FLUDIL 10 MG X 40 TABLETAS,https://mav.farmaciasaas.com/api/images/articulos/DISTRIBUCION/95624.jpg,,42402,16348,blanco,error,storage.from(...).upload is not a function
38124,FLUMAZENIL 0.5 MG / 5 ML X 1 AMPOLLA,https://mav.farmaciasaas.com/api/images/articulos/DISTRIBUCION/53237.jpg,,39707,14084,blanco,error,storage.from(...).upload is not a function
38127,FLUOXETINA 20 MG X 14 CAPSULAS,https://mav.farmaciasaas.com/api/images/articulos/DISTRIBUCION/3221.jpg,,120724,26630,blanco,error,storage.from(...).upload is not a function
38129,FLUOXETINA 20 MG X 30 TABLETAS RECUBIERTAS,https://pccentro.net.ve/img/s/8/5/3/1/1/85311-large_default.webp,,65598,38197,blanco,error,storage.from(...).upload is not a function
38131,TIMOLOL - DORZOLAMIDA 0.5 % - 2 % X 28 SOLUCION OFTALMICA,https://pccentro.net.ve/img/s/7/5/6/4/0/75640-large_default.webp,,10784,25760,blanco,error,storage.from(...).upload is not a function
38130,FOLIFER B-12 X 30 TABLETAS,https://mav.farmaciasaas.com/api/images/articulos/DISTRIBUCION/5344.jpg,,74533,38769,blanco,error,storage.from(...).upload is not a function
38132,FOSFATO DE POTASIO MONOBASICO 1 MEQ / ML SOLUCION INYECTABLE I.V.,https://mav.farmaciasaas.com/api/images/articulos/DISTRIBUCION/28881.jpg,,51319,21983,blanco,error,storage.from(...).upload is not a function
38133,FOSFOLIT 21.6 G - 8.1 G / 45 ML SOLUCION ORAL,https://mav.farmaciasaas.com/api/images/articulos/DISTRIBUCION/17761.jpg,,41665,16901,blanco,error,storage.from(...).upload is not a function
38136,FULGRAM 875 MG - 125 MG X 16 COMPRIMIDOS RECUBIERTOS,https://mav.farmaciasaas.com/api/images/articulos/DISTRIBUCION/17884.jpg,,68577,33231,blanco,error,storage.from(...).upload is not a function
38135,FUGOLIN 1 % SOLUCION,https://mav.farmaciasaas.com/api/images/articulos/DISTRIBUCION/2986.jpg,,84766,42195,blanco,error,storage.from(...).upload is not a function
38141,FUROSEMIDA 20 MG X 24 TABLETAS,https://mav.farmaciasaas.com/api/images/articulos/DISTRIBUCION/54373.jpg,,21763,14784,blanco,error,storage.from(...).upload is not a function
38138,FUNTRAZOL 100 MG X 10 CAPSULAS,https://mav.farmaciasaas.com/api/images/articulos/DISTRIBUCION/21367.jpg,,55610,24701,blanco,error,storage.from(...).upload is not a function
38140,FUROSEMIDA 20 MG X 12 TABLETAS,https://mav.farmaciasaas.com/api/images/articulos/DISTRIBUCION/5054.jpg,,47022,20543,blanco,error,storage.from(...).upload is not a function
38142,FUROSEMIDA 40 MG X 12 COMPRIMIDOS,https://mav.farmaciasaas.com/api/images/articulos/DISTRIBUCION/23177.jpg,,473220,46423,blanco,error,storage.from(...).upload is not a function
38144,FUROSEMIDA 40 MG X 24 TABLETAS,https://mav.farmaciasaas.com/api/images/articulos/DISTRIBUCION/5296.jpg,,55548,26056,blanco,error,storage.from(...).upload is not a function
38143,FUROSEMIDA 40 MG X 12 TABLETAS,https://mav.farmaciasaas.com/api/images/articulos/DISTRIBUCION/51326.jpg,,54100,25342,blanco,error,storage.from(...).upload is not a function
38146,GABAPANTINA 300 MG X 20 CAPSULAS,https://mav.farmaciasaas.com/api/images/articulos/DISTRIBUCION/97483.jpg,,25365,16496,blanco,error,storage.from(...).upload is not a function
38151,GARDENAL 100 MG X 30 COMPRIMIDOS,https://mav.farmaciasaas.com/api/images/articulos/DISTRIBUCION/1477.jpg,,23151,15231,blanco,error,storage.from(...).upload is not a function
38149,GABOX 200 MG X 20 COMPRIMIDOS,https://mav.farmaciasaas.com/api/images/articulos/DISTRIBUCION/6134.jpg,,71745,34566,blanco,error,storage.from(...).upload is not a function
38150,GARABET 0.3 % - 0.1 % SOLUCION OFTALMICA,https://mav.farmaciasaas.com/api/images/articulos/DISTRIBUCION/7339.jpg,,62369,23993,blanco,error,storage.from(...).upload is not a function
38152,GENESA 3 MG-20 MCG X 28 COMPRIMIDOS RECUBIERTOS,https://mav.farmaciasaas.com/api/images/articulos/DISTRIBUCION/13744.jpg,,66330,31698,blanco,error,storage.from(...).upload is not a function
38156,GENTAMICINA 0.3 % SOLUCION OFTALMICA,https://mav.farmaciasaas.com/api/images/articulos/DISTRIBUCION/5334.jpg,,74529,29770,blanco,error,storage.from(...).upload is not a function
38161,GLICAZET 500 MG / 5 MG TABLETAS RECUBIERTAS,https://mav.farmaciasaas.com/api/images/articulos/DISTRIBUCION/26018.jpg,,46504,20003,blanco,error,storage.from(...).upload is not a function
38162,GLICERINA 2.44 G X 6 SUPOSITORIOS,https://mav.farmaciasaas.com/api/images/articulos/DISTRIBUCION/53074.jpg,,69906,32217,blanco,error,storage.from(...).upload is not a function
38164,GLIFORMIN 1000 MG X 30 TABLETAS RECUBIERTAS,https://mav.farmaciasaas.com/api/images/articulos/DISTRIBUCION/22351.jpg,,54448,22666,blanco,error,storage.from(...).upload is not a function
38163,GLIDAN 80 MG X 20 TABLETAS,https://mav.farmaciasaas.com/api/images/articulos/DISTRIBUCION/9706.jpg,,61686,29711,blanco,error,storage.from(...).upload is not a function
38167,GLIMEPIRIDA 4 MG X 15 COMPRIMIDOS,https://mav.farmaciasaas.com/api/images/articulos/DISTRIBUCION/52338.jpg,,58972,28243,blanco,error,storage.from(...).upload is not a function
38166,GLIMEPIRIDA 2 MG X 30 COMPRIMIDOS,https://mav.farmaciasaas.com/api/images/articulos/DISTRIBUCION/52337.jpg,,41988,16432,blanco,error,storage.from(...).upload is not a function
38165,GLIFORMIN 850 MG X 30 TABLETAS RECUBIERTAS,https://mav.farmaciasaas.com/api/images/articulos/DISTRIBUCION/23014.jpg,,63386,28273,blanco,error,storage.from(...).upload is not a function
38170,GLIPTIN 500 MG - 50 MG X 10 COMPRIMIDOS RECUBIERTOS,https://mav.farmaciasaas.com/api/images/articulos/DISTRIBUCION/26771.jpg,,53138,22499,blanco,error,storage.from(...).upload is not a function
38171,GLIPTIN 500 MG - 50 MG X 30 COMPRIMIDOS RECUBIERTOS,https://mav.farmaciasaas.com/api/images/articulos/DISTRIBUCION/28336.jpg,,48758,20509,blanco,error,storage.from(...).upload is not a function
38173,GLUCONATO FERROSO (50 MG / 15 ML DE HIERRO ELEMENTAL) SOLUCION ORAL,https://mav.farmaciasaas.com/api/images/articulos/DISTRIBUCION/98394/98394.jpg,,59364,28363,blanco,error,storage.from(...).upload is not a function
38174,GLUCOVAL 10 MG X 30 TABLETAS RECUBIERTAS,https://mav.farmaciasaas.com/api/images/articulos/DISTRIBUCION/53623.jpg,,76808,34742,blanco,error,storage.from(...).upload is not a function
38175,GLUCOVAL 25 MG X 30 TABLETAS RECUBIERTAS,https://mav.farmaciasaas.com/api/images/articulos/DISTRIBUCION/53624.jpg,,69794,29607,blanco,error,storage.from(...).upload is not a function
38178,GRATIO 500 MG X 10 TABLETAS RECUBIERTAS,https://mav.farmaciasaas.com/api/images/articulos/DISTRIBUCION/93745.jpg,,65675,34148,blanco,error,storage.from(...).upload is not a function
38180,GULAPER 250 MG / 5 ML SOLUCION ORAL,https://mav.farmaciasaas.com/api/images/articulos/DISTRIBUCION/53409.jpg,,91375,48005,blanco,error,storage.from(...).upload is not a function
38181,GULAPER 250 MG / 5 ML SOLUCION ORAL SABOR A MENTA,https://mav.farmaciasaas.com/api/images/articulos/DISTRIBUCION/53409.jpg,,91375,48005,blanco,error,storage.from(...).upload is not a function
38176,GLYMAR 2 MG X 20 TABLETAS,https://mav.farmaciasaas.com/api/images/articulos/DISTRIBUCION/9455.jpg,,46353,18583,blanco,error,storage.from(...).upload is not a function
38182,GULAPER 100 MG / 5 ML ORAL,https://mav.farmaciasaas.com/api/images/articulos/DISTRIBUCION/8704.jpg,,87929,47898,blanco,error,storage.from(...).upload is not a function
38183,GYNODERAIN 0.6 G X 6 OVULOS,https://mav.farmaciasaas.com/api/images/articulos/DISTRIBUCION/8278.jpg,,20173,13172,blanco,error,storage.from(...).upload is not a function
38184,GYNOMET 750 MG - 200 MG X 7 OVULOS,https://mav.farmaciasaas.com/api/images/articulos/DISTRIBUCION/53056.jpg,,68350,34339,blanco,error,storage.from(...).upload is not a function
38186,HELAL 200 MG X 2 COMPRIMIDOS,https://mav.farmaciasaas.com/api/images/articulos/DISTRIBUCION/6546.jpg,,69012,35678,blanco,error,storage.from(...).upload is not a function
38187,HEPAFOL B12 X 30 TABLETAS RECUBIERTAS,https://mav.farmaciasaas.com/api/images/articulos/DISTRIBUCION/1766.jpg,,56044,24314,blanco,error,storage.from(...).upload is not a function
38188,HEPROX 0.4 MG X 30 CAPSULAS DE LIBERACION PROLONGADA,https://mav.farmaciasaas.com/api/images/articulos/DISTRIBUCION/91510.jpg,,48506,19708,blanco,error,storage.from(...).upload is not a function
38189,HEXANTFLEM 250 MG / 5 ML SOLUCION ORAL,https://mav.farmaciasaas.com/api/images/articulos/DISTRIBUCION/53268.jpg,,67030,31396,blanco,error,storage.from(...).upload is not a function
38190,LOSARTAN POTASICO - HIDROCLOROTIAZIDA 100 MG - 25 MG X 30 COMPRIMIDOS RECUBIERTOS,https://mav.farmaciasaas.com/api/images/articulos/DISTRIBUCION/54300.jpg,,21927,14676,blanco,error,storage.from(...).upload is not a function
38193,LOSARTAN POTASICO - HIDROCLOROTIAZIDA 50 MG -12.5 MG X 30 TABLETAS RECUBIERTAS,https://mav.farmaciasaas.com/api/images/articulos/DISTRIBUCION/53797.jpg,,82257,38994,blanco,error,storage.from(...).upload is not a function
38194,LOSARTAN POTASICO - HIDROCLOROTIAZIDA 50 MG -12.5 MG X 10 TABLETAS RECUBIERTAS,https://mav.farmaciasaas.com/api/images/articulos/DISTRIBUCION/93777.jpg,,84526,38877,blanco,error,storage.from(...).upload is not a function
38197,HIDROTEN 12.5 MG X 30 TABLETAS,https://mav.farmaciasaas.com/api/images/articulos/DISTRIBUCION/96218.jpg,,50334,21743,blanco,error,storage.from(...).upload is not a function
38199,PASIM FEM 20 MG - 400 MG X 10 COMPRIMIDOS RECUBIERTOS,https://mav.farmaciasaas.com/api/images/articulos/DISTRIBUCION/54299.jpg,,19335,11792,blanco,error,storage.from(...).upload is not a function
38201,HISTALER 5 MG X 10 TABLETAS RECUBIERTAS,https://mav.farmaciasaas.com/api/images/articulos/DISTRIBUCION/30267.jpg,,208325,28374,blanco,error,storage.from(...).upload is not a function
38203,HISTIVERT 24 MG X 30 COMPRIMIDOS,https://mav.farmaciasaas.com/api/images/articulos/DISTRIBUCION/16044.jpg,,43761,18164,blanco,error,storage.from(...).upload is not a function
38204,IBANDROMET 150 MG X 1 TABLETA RECUBIERTA,https://mav.farmaciasaas.com/api/images/articulos/DISTRIBUCION/97785.jpg,,57173,26363,blanco,error,storage.from(...).upload is not a function
38205,IBECAR 150 MG X 30 TABLETAS RECUBIERTAS,https://mav.farmaciasaas.com/api/images/articulos/DISTRIBUCION/27009.jpg,,168477,27634,blanco,error,storage.from(...).upload is not a function
38206,IBECAR 300 MG X 30 TABLETAS RECUBIERTAS,https://mav.farmaciasaas.com/api/images/articulos/DISTRIBUCION/27010.jpg,,172301,27498,blanco,error,storage.from(...).upload is not a function
38207,IBLUFEN 800 MG X 10 TABLETAS,https://mav.farmaciasaas.com/api/images/articulos/DISTRIBUCION/23883.jpg,,111015,46140,blanco,error,storage.from(...).upload is not a function
38208,IBUCOLVAL 600 MG - 4 MG X 10 TABLETAS RECUBIERTAS,https://mav.farmaciasaas.com/api/images/articulos/DISTRIBUCION/50513.jpg,,307416,35646,blanco,error,storage.from(...).upload is not a function
38209,IBUCOLVAL 600 MG - 4 MG X 20 TABLETAS RECUBIERTAS,https://mav.farmaciasaas.com/api/images/articulos/DISTRIBUCION/94906.jpg,,223921,34014,blanco,error,storage.from(...).upload is not a function
38210,IBUFENAC 400 MG X 20 CAPSULAS,https://mav.farmaciasaas.com/api/images/articulos/DISTRIBUCION/23089.jpg,,48644,21572,blanco,error,storage.from(...).upload is not a function
38211,IBUMAX 100 MG / 5 ML SUSPENSION ORAL,https://mav.farmaciasaas.com/api/images/articulos/DISTRIBUCION/50304.jpg,,60721,27608,blanco,error,storage.from(...).upload is not a function
38212,IBUN 600 MG X 10 TABLETAS RECUBIERTAS,https://mav.farmaciasaas.com/api/images/articulos/DISTRIBUCION/26152.jpg,,61652,30120,blanco,error,storage.from(...).upload is not a function
38213,IBUN 800 MG X 10 TABLETAS RECUBIERTAS,https://mav.farmaciasaas.com/api/images/articulos/DISTRIBUCION/53061.jpg,,76324,37767,blanco,error,storage.from(...).upload is not a function
38214,IBUPROFENO 600 MG X 10 COMPRIMIDOS RECUBIERTOS,https://mav.farmaciasaas.com/api/images/articulos/DISTRIBUCION/3823.jpg,,64028,33438,blanco,error,storage.from(...).upload is not a function
38215,IBUPROFENO 800 MG X 10 COMPRIMIDOS,https://mav.farmaciasaas.com/api/images/articulos/DISTRIBUCION/50176.jpg,,53708,24885,blanco,error,storage.from(...).upload is not a function
38217,IBUPROFENO 100 MG / 5 ML SUSPENSION ORAL,https://mav.farmaciasaas.com/api/images/articulos/DISTRIBUCION/99047.jpg,,82719,41056,blanco,error,storage.from(...).upload is not a function
38218,IBUPROFENO 400 MG X 20 TABLETAS,https://mav.farmaciasaas.com/api/images/articulos/DISTRIBUCION/24334.jpg,,65333,31154,blanco,error,storage.from(...).upload is not a function
38219,IBUPROFENO 600 MG X 10 TABLETAS,https://mav.farmaciasaas.com/api/images/articulos/DISTRIBUCION/29649.jpg,,56761,27982,blanco,error,storage.from(...).upload is not a function
38220,IBUPROFENO 800 MG X 10 TABLETAS RECUBIERTAS,https://pccentro.net.ve/img/s/8/9/7/4/5/89745-large_default.webp,,38200,28775,blanco,error,storage.from(...).upload is not a function
38221,IBUPROFENO - TIOCOLCHICOSIDO 400 MG - 4 MG X 10 TABLETAS RECUBIERTAS,https://mav.farmaciasaas.com/api/images/articulos/DISTRIBUCION/94963.jpg,,64990,31568,blanco,error,storage.from(...).upload is not a function
38222,IBUPROFENO 400 MG X 10 TABLETAS RECUBIERTAS,https://mav.farmaciasaas.com/api/images/articulos/DISTRIBUCION/10070.jpg,,74704,34542,blanco,error,storage.from(...).upload is not a function
38223,IBUPROFENO 400 MG X 20 TABLETAS RECUBIERTAS,https://pccentro.net.ve/img/s/8/4/0/1/1/84011-large_default.webp,,41392,27961,blanco,error,storage.from(...).upload is not a function
38224,IBUPROFENO 400 MG X 10 TABLETAS RECUBIERTAS ENTERICAS,https://mav.farmaciasaas.com/api/images/articulos/DISTRIBUCION/92855.jpg,,417539,43995,blanco,error,storage.from(...).upload is not a function
38225,IBUPROFENO 600 MG X 10 TABLETAS RECUBIERTAS,https://mav.farmaciasaas.com/api/images/articulos/DISTRIBUCION/10263.jpg,,24954,16303,blanco,error,storage.from(...).upload is not a function
38226,IBUTAN 100 MG / 5 ML SUSPENSION,https://mav.farmaciasaas.com/api/images/articulos/DISTRIBUCION/8970.jpg,,45570,18338,blanco,error,storage.from(...).upload is not a function
38227,IBUTAN 200 MG / 5 ML SUSPENSION,https://mav.farmaciasaas.com/api/images/articulos/DISTRIBUCION/94585.jpg,,73735,36258,blanco,error,storage.from(...).upload is not a function
38228,IBUTAN 200 MG X 10 TABLETAS,https://mav.farmaciasaas.com/api/images/articulos/DISTRIBUCION/4835.jpg,,60347,28546,blanco,error,storage.from(...).upload is not a function
38229,IBUTAN 400 MG X 10 TABLETAS,https://mav.farmaciasaas.com/api/images/articulos/DISTRIBUCION/8969.jpg,,49780,19606,blanco,error,storage.from(...).upload is not a function
38230,IBUTAN 400 MG X 20 TABLETAS,https://mav.farmaciasaas.com/api/images/articulos/DISTRIBUCION/92332.jpg,,59899,27920,blanco,error,storage.from(...).upload is not a function
38231,IBUTAN 600 MG X 10 TABLETAS,https://mav.farmaciasaas.com/api/images/articulos/DISTRIBUCION/127.jpg,,56445,24267,blanco,error,storage.from(...).upload is not a function
38232,IBUTANCOL 400 MG - 4 MG X 10 TABLETAS,https://mav.farmaciasaas.com/api/images/articulos/DISTRIBUCION/14204.jpg,,70461,34522,blanco,error,storage.from(...).upload is not a function
38233,IBUTANCOL 400 MG - 4 MG X 20 TABLETAS,https://mav.farmaciasaas.com/api/images/articulos/DISTRIBUCION/14205.jpg,,57017,26177,blanco,error,storage.from(...).upload is not a function
38234,IBUTANCOL 600 MG - 4 MG X 10 TABLETAS,https://mav.farmaciasaas.com/api/images/articulos/DISTRIBUCION/95589.jpg,,56529,25385,blanco,error,storage.from(...).upload is not a function
38235,IBUTANCOL 600 MG - 4 MG X 20 TABLETAS,https://mav.farmaciasaas.com/api/images/articulos/DISTRIBUCION/95590.jpg,,53430,23857,blanco,error,storage.from(...).upload is not a function
38236,IBUTANFEM 400 MG - 20 MG X 20 TABLETAS RECUBIERTAS,https://mav.farmaciasaas.com/api/images/articulos/DISTRIBUCION/25251.jpg,,58049,26924,blanco,error,storage.from(...).upload is not a function
38237,IBUTANFEM 400 MG - 20 MG X 30 TABLETAS RECUBIERTAS,https://mav.farmaciasaas.com/api/images/articulos/DISTRIBUCION/25252.jpg,,58049,26924,blanco,error,storage.from(...).upload is not a function
38241,ILTUX 20 MG X 28 COMPRIMIDOS RECUBIERTOS,https://mav.farmaciasaas.com/api/images/articulos/DISTRIBUCION/93907.jpg,,21912,13987,blanco,error,storage.from(...).upload is not a function
38238,IDOXEN 75 MG X 30 CAPSULAS DE LIBERACION PROLONGADA,https://mav.farmaciasaas.com/api/images/articulos/DISTRIBUCION/29527.jpg,,55313,24832,blanco,error,storage.from(...).upload is not a function
38239,IDOXEN 150 MG X 10 CAPSULAS DE LIBERACION PROLONGADA,https://mav.farmaciasaas.com/api/images/articulos/DISTRIBUCION/5699.jpg,,41778,16539,blanco,error,storage.from(...).upload is not a function
38242,IMAZOL DUAL 500 MG CAPSULA BLANDA VAGINAL + 1 % X 1 CREMA VAGINAL,https://mav.farmaciasaas.com/api/images/articulos/DISTRIBUCION/8397.jpg,,59845,28168,blanco,error,storage.from(...).upload is not a function
38243,IMAZOL 1 % POLVO,https://mav.farmaciasaas.com/api/images/articulos/DISTRIBUCION/11071.jpg,,43547,17485,blanco,error,storage.from(...).upload is not a function
38244,IMAZOL 1 % SOLUCION TOPICA ATOMIZADOR,https://mav.farmaciasaas.com/api/images/articulos/DISTRIBUCION/1853.jpg,,55748,25348,blanco,error,storage.from(...).upload is not a function
38245,IMAZOL 100 MG X 6 TABLETAS VAGINALES,https://mav.farmaciasaas.com/api/images/articulos/DISTRIBUCION/1854.jpg,,63323,31285,blanco,error,storage.from(...).upload is not a function
38246,INIBIL 20 MG X 14 COMPRIMIDOS CON CUBIERTA ENTERICA,https://mav.farmaciasaas.com/api/images/articulos/DISTRIBUCION/13662.jpg,,63201,18337,blanco,error,storage.from(...).upload is not a function
38247,INIBIL 40 MG X 14 COMPRIMIDOS CON CUBIERTA ENTERICA,https://mav.farmaciasaas.com/api/images/articulos/DISTRIBUCION/13661.jpg,,60424,17924,blanco,error,storage.from(...).upload is not a function
38248,IPALAT 1 % CREMA,https://mav.farmaciasaas.com/api/images/articulos/DISTRIBUCION/10960.jpg,,64214,28870,blanco,error,storage.from(...).upload is not a function
38250,IPORET 40 MG / ML SUSPENSION ORAL GOTAS,https://mav.farmaciasaas.com/api/images/articulos/DISTRIBUCION/96800.jpg,,70213,29233,blanco,error,storage.from(...).upload is not a function
38256,IRBESARTAN 300 MG X 28 TABLETAS,https://mav.farmaciasaas.com/api/images/articulos/DISTRIBUCION/28779.jpg,,59200,26370,blanco,error,storage.from(...).upload is not a function
38260,ISBELA 2 MG - 0.035 MG X 21 TABLETAS RECUBIERTAS,https://mav.farmaciasaas.com/api/images/articulos/DISTRIBUCION/25187.jpg,,64958,31483,blanco,error,storage.from(...).upload is not a function
38251,IPROXIN 500 MG X 12 TABLETAS RECUBIERTAS,https://mav.farmaciasaas.com/api/images/articulos/DISTRIBUCION/91152.jpg,,462038,43357,blanco,error,storage.from(...).upload is not a function
38252,IPROXIN 750 MG X 10 TABLETAS RECUBIERTAS,https://mav.farmaciasaas.com/api/images/articulos/DISTRIBUCION/54333.jpg,,492925,46039,blanco,error,storage.from(...).upload is not a function
38263,IVERMECTINA 6 MG X 4 TABLETAS,https://mav.farmaciasaas.com/api/images/articulos/DISTRIBUCION/38094.jpg,,25447,16546,blanco,error,storage.from(...).upload is not a function
38264,IZABAN 10 MG X 30 COMPRIMIDOS RECUBIERTOS,https://mav.farmaciasaas.com/api/images/articulos/DISTRIBUCION/29953.jpg,,58995,27248,blanco,error,storage.from(...).upload is not a function
38265,IZABAN DPP 25 MG - 5 MG X 30 COMPRIMIDOS RECUBIERTOS,https://mav.farmaciasaas.com/api/images/articulos/DISTRIBUCION/54207.jpg,,68754,33679,blanco,error,storage.from(...).upload is not a function
38266,KAPET 75 MG X 14 TABLETAS RECUBIERTAS,https://mav.farmaciasaas.com/api/images/articulos/DISTRIBUCION/7826.jpg,,42487,16214,blanco,error,storage.from(...).upload is not a function
38268,KATRIN 30 MG / ML X 1 AMPOLLA,https://mav.farmaciasaas.com/api/images/articulos/DISTRIBUCION/50006.jpg,,55743,25367,blanco,error,storage.from(...).upload is not a function
38267,KAPET 75 MG X 30 TABLETAS RECUBIERTAS,https://pccentro.net.ve/img/s/3/5/6/5/7/35657-large_default.webp,,8084,19027,blanco,error,storage.from(...).upload is not a function
38269,KAYIVIS 10 % SOLUCION TOPICA,https://mav.farmaciasaas.com/api/images/articulos/DISTRIBUCION/6514.jpg,,90018,46265,blanco,error,storage.from(...).upload is not a function
38270,KELAC 30 MG / ML X 1 AMPOLLA,https://mav.farmaciasaas.com/api/images/articulos/DISTRIBUCION/8261.jpg,,60593,29855,blanco,error,storage.from(...).upload is not a function
38273,KELAC 30 MG X 4 TABLETAS SUBLINGUALES.,https://mav.farmaciasaas.com/api/images/articulos/DISTRIBUCION/27471.jpg,,47970,21120,blanco,error,storage.from(...).upload is not a function
38271,KELAC 30 MG / ML X 3 AMPOLLAS,https://mav.farmaciasaas.com/api/images/articulos/DISTRIBUCION/95398.jpg,,50039,20245,blanco,error,storage.from(...).upload is not a function
38274,KELFEN 50 MG X 10 CAPSULAS,https://mav.farmaciasaas.com/api/images/articulos/DISTRIBUCION/1518.jpg,,65631,31701,blanco,error,storage.from(...).upload is not a function
38275,KELFEN 100 MG X 20 COMPRIMIDOS CON CUBIERTA ENTERICA,https://mav.farmaciasaas.com/api/images/articulos/DISTRIBUCION/11061.jpg,,50486,22636,blanco,error,storage.from(...).upload is not a function
38276,KEPPRA 1000 MG X 30 TABLETAS RECUBIERTAS,https://mav.farmaciasaas.com/api/images/articulos/DISTRIBUCION/28898.jpg,,43444,17261,blanco,error,storage.from(...).upload is not a function
38277,KEPPRA 500 MG X 30 TABLETAS RECUBIERTAS,https://mav.farmaciasaas.com/api/images/articulos/DISTRIBUCION/28897.jpg,,47124,19693,blanco,error,storage.from(...).upload is not a function
38278,KEPRORET 1 MG / ML SOLUCION ORAL,https://mav.farmaciasaas.com/api/images/articulos/DISTRIBUCION/26611.jpg,,70082,28556,blanco,error,storage.from(...).upload is not a function
38279,KETAZOL 2 % CHAMPU,https://mav.farmaciasaas.com/api/images/articulos/DISTRIBUCION/7281.jpg,,70321,35464,blanco,error,storage.from(...).upload is not a function
38280,KETAZOL 2 % CREMA,https://mav.farmaciasaas.com/api/images/articulos/DISTRIBUCION/6552.jpg,,54816,24913,blanco,error,storage.from(...).upload is not a function
38282,CLINDAMICINA - KETOCONAZOL 100 MG - 400 MG OVULOS VAGINALES,https://pccentro.net.ve/img/s/8/5/3/0/4/85304-large_default.webp,,35614,25099,blanco,error,storage.from(...).upload is not a function
38281,KETAZOL 400 MG X 3 OVULOS,https://mav.farmaciasaas.com/api/images/articulos/DISTRIBUCION/7624.jpg,,84121,38502,blanco,error,storage.from(...).upload is not a function
38283,KETODEX 100 MG X 10 TABLETAS CON RECUBRIMIENTO ENTERICO,https://mav.farmaciasaas.com/api/images/articulos/DISTRIBUCION/28361.jpg,,456944,41874,blanco,error,storage.from(...).upload is not a function
38288,KETOPROFENO 100 MG X 10 CAPSULAS,https://pccentro.net.ve/img/s/8/4/0/5/2/84052-large_default.webp,,41000,28513,blanco,error,storage.from(...).upload is not a function
38290,KETOPROFENO 100 MG X 10 CAPSULAS,https://mav.farmaciasaas.com/api/images/articulos/DISTRIBUCION/21061.jpg,,25010,16284,blanco,error,storage.from(...).upload is not a function
38291,KETOPROFENO 100 MG X 20 CAPSULAS,https://mav.farmaciasaas.com/api/images/articulos/DISTRIBUCION/2408.jpg,,25062,16331,blanco,error,storage.from(...).upload is not a function
38289,KETOPROFENO 100 MG X 20 CAPSULAS,https://pccentro.net.ve/img/s/8/4/0/5/1/84051-large_default.webp,,41608,28673,blanco,error,storage.from(...).upload is not a function
38292,KETOPROFENO 100 MG X 10 CAPSULAS,https://mav.farmaciasaas.com/api/images/articulos/DISTRIBUCION/54274.jpg,,60305,27056,blanco,error,storage.from(...).upload is not a function
38295,KETOREL 30 MG X 4 COMPRIMIDOS ORODISPERSABLE,https://mav.farmaciasaas.com/api/images/articulos/DISTRIBUCION/29434.jpg,,75242,37473,blanco,error,storage.from(...).upload is not a function
38293,KETOPROFENO 100 MG X 20 CAPSULAS,https://mav.farmaciasaas.com/api/images/articulos/DISTRIBUCION/8408.jpg,,63248,29354,blanco,error,storage.from(...).upload is not a function
38300,KEYDOL 400 MG - 4 MG X 10 COMPRIMIDOS RECUBIERTOS,https://mav.farmaciasaas.com/api/images/articulos/DISTRIBUCION/54359.jpg,,50659,21193,blanco,error,storage.from(...).upload is not a function
38301,KEYDOL 400 MG - 4 MG X 20 COMPRIMIDOS RECUBIERTOS,https://mav.farmaciasaas.com/api/images/articulos/DISTRIBUCION/54358.jpg,,50794,21246,blanco,error,storage.from(...).upload is not a function
38302,KEYDOL 600 MG - 4 MG X 10 COMPRIMIDOS RECUBIERTOS,https://mav.farmaciasaas.com/api/images/articulos/DISTRIBUCION/54360.jpg,,50806,20702,blanco,error,storage.from(...).upload is not a function
38303,KEYDOL 600 MG - 4 MG X 20 COMPRIMIDOS RECUBIERTOS,https://mav.farmaciasaas.com/api/images/articulos/DISTRIBUCION/54361.jpg,,46758,19003,blanco,error,storage.from(...).upload is not a function
38304,KLAS 100 MG X 20 CAPSULAS,https://mav.farmaciasaas.com/api/images/articulos/DISTRIBUCION/6615.jpg,,61106,27114,blanco,error,storage.from(...).upload is not a function
38306,LACTBET 3000 U X 10 CAPSULAS,https://mav.farmaciasaas.com/api/images/articulos/DISTRIBUCION/52649.jpg,,61730,29317,blanco,error,storage.from(...).upload is not a function
38305,L - CARNITINA 1 G / 10 ML SOLUCION ORAL,https://mav.farmaciasaas.com/api/images/articulos/DISTRIBUCION/20545.jpg,,71211,36828,blanco,error,storage.from(...).upload is not a function
38308,LARFACAINA 2 MG - 1.5 MG X 16 PASTILLAS SABOR A TUTTI - FRUTTI,https://mav.farmaciasaas.com/api/images/articulos/DISTRIBUCION/8848.jpg,,63442,30160,blanco,error,storage.from(...).upload is not a function
38309,VITAMINA C 500 MG X 16 TABLETAS MASTICABLES SABOR A TUTTI FRUTTI,https://pccentro.net.ve/img/s/4/3/6/0/1/43601-large_default.webp,,12930,29758,blanco,error,storage.from(...).upload is not a function
38310,LAMICTAL 25 MG X 30 TABLETAS DISPERSABLES-MASTICABLES,https://mav.farmaciasaas.com/api/images/articulos/DISTRIBUCION/11119.jpg,,42834,15968,blanco,error,storage.from(...).upload is not a function
38315,LECHE DE MAGNESIA 8.5 % SUSPENSION SABOR ORIGINAL,https://pccentro.net.ve/img/s/3/0/8/6/3/30863-large_default.webp,,0,0,blanco,error,HTTP 404
38313,LAMPRAL 4 MG / 2 ML X 2 AMPOLLAS,https://mav.farmaciasaas.com/api/images/articulos/DISTRIBUCION/54482.jpg,,24234,15894,blanco,error,storage.from(...).upload is not a function
38314,LANSOPRAZOL 30 MG X 28 CAPSULAS,https://mav.farmaciasaas.com/api/images/articulos/DISTRIBUCION/10462.jpg,,25279,16412,blanco,error,storage.from(...).upload is not a function
38316,ARAVA 20 MG X 30 TABLETAS RECUBIERTAS,https://pccentro.net.ve/img/s/7/6/7/2/7/76727-large_default.webp,,32638,20319,blanco,error,storage.from(...).upload is not a function
38317,LENTOCILIN 6.3.3 X 1 AMPOLLA,https://mav.farmaciasaas.com/api/images/articulos/DISTRIBUCION/51060.jpg,,45277,18415,blanco,error,storage.from(...).upload is not a function
38318,LEPRIT 25 MG X 30 TABLETAS,https://mav.farmaciasaas.com/api/images/articulos/DISTRIBUCION/11553.jpg,,57709,26197,blanco,error,storage.from(...).upload is not a function
38319,LEPTAZINE 10 MG X 24 COMPRIMIDOS,https://mav.farmaciasaas.com/api/images/articulos/DISTRIBUCION/5079.jpg,,74702,33449,blanco,error,storage.from(...).upload is not a function
38320,LEPTAZINE 5 MG X 30 COMPRIMIDOS,https://mav.farmaciasaas.com/api/images/articulos/DISTRIBUCION/5080.jpg,,73641,33060,blanco,error,storage.from(...).upload is not a function
38321,DIHIDROLIP 20 MG X 10 COMPRIMIDOS RECUBIERTOS,https://mav.farmaciasaas.com/api/images/articulos/DISTRIBUCION/23436.jpg,,57716,24784,blanco,error,storage.from(...).upload is not a function
38322,LERCANIDIPINO 20 MG X 30 COMPRIMIDOS RECUBIERTOS,https://mav.farmaciasaas.com/api/images/articulos/DISTRIBUCION/53052.jpg,,68589,32771,blanco,error,storage.from(...).upload is not a function
38325,LESTECOL 20 MG X 30 TABLETAS RECUBIERTAS,https://mav.farmaciasaas.com/api/images/articulos/DISTRIBUCION/91318.jpg,,151818,30433,blanco,error,storage.from(...).upload is not a function
38326,LETISAN 500 MG X 10 COMPRIMIDOS RECUBIERTOS DE ACCION PROLONGADA,https://mav.farmaciasaas.com/api/images/articulos/DISTRIBUCION/50523.jpg,,77339,40552,blanco,error,storage.from(...).upload is not a function
38327,LETISAN 500 MG X 30 COMPRIMIDOS RECUBIERTOS DE ACCION PROLONGADA,https://mav.farmaciasaas.com/api/images/articulos/DISTRIBUCION/99231.jpg,,54342,25361,blanco,error,storage.from(...).upload is not a function
38329,LEVAMOX 750 MG X 10 TABLETAS RECUBIERTAS,https://mav.farmaciasaas.com/api/images/articulos/DISTRIBUCION/20350.jpg,,51200,22019,blanco,error,storage.from(...).upload is not a function
38334,LEVOFLOXACINA 500 MG X 10 COMPRIMIDOS RECUBIERTOS,https://mav.farmaciasaas.com/api/images/articulos/DISTRIBUCION/52744.jpg,,66999,34428,blanco,error,storage.from(...).upload is not a function
38345,LEVOPRIDE 25 MG X 30 COMPRIMIDOS,https://mav.farmaciasaas.com/api/images/articulos/DISTRIBUCION/29747.jpg,,45456,18611,blanco,error,storage.from(...).upload is not a function
38347,LEVOSULPIRIDA 25 MG X 30 TABLETAS,https://mav.farmaciasaas.com/api/images/articulos/DISTRIBUCION/53039.jpg,,25571,16694,blanco,error,storage.from(...).upload is not a function
38346,LEVORAT 5 MG / ML X 10 SOLUCION ORAL,https://mav.farmaciasaas.com/api/images/articulos/DISTRIBUCION/28338.jpg,,52439,20828,blanco,error,storage.from(...).upload is not a function
38348,LEVOSULPIRIDE 25 MG X 30 TABLETAS,https://mav.farmaciasaas.com/api/images/articulos/DISTRIBUCION/23223.jpg,,58449,26736,blanco,error,storage.from(...).upload is not a function
38352,LIBERDUX 5 MG X 10 TABLETAS RECUBIERTAS,https://mav.farmaciasaas.com/api/images/articulos/DISTRIBUCION/28647.jpg,,63076,28171,blanco,error,storage.from(...).upload is not a function
38354,LIDOCAINA 2 % CON ADRENALINA 1: 80.000 SOLUCION INYECTABLE,https://mav.farmaciasaas.com/api/images/articulos/DISTRIBUCION/29478.jpg,,10667,10654,blanco,error,storage.from(...).upload is not a function
38359,LIPEND 10 MG X 30 COMPRIMIDOS RECUBIERTOS,https://mav.farmaciasaas.com/api/images/articulos/DISTRIBUCION/52071.jpg,,16699,9161,blanco,error,storage.from(...).upload is not a function
38360,LIPEND 20 MG X 30 COMPRIMIDOS RECUBIERTOS,https://mav.farmaciasaas.com/api/images/articulos/DISTRIBUCION/52072.jpg,,19002,11311,blanco,error,storage.from(...).upload is not a function
38357,LIOLACTIL (LACTOBACILOS RHAMNOSUS) 1.5 G X 6 POLVO PARA SUSPENSION ORAL SOBRES,https://mav.farmaciasaas.com/api/images/articulos/DISTRIBUCION/2161.jpg,,561406,26271,blanco,error,storage.from(...).upload is not a function
38361,LIPONTAL 900 MG X 10 TABLETAS,https://mav.farmaciasaas.com/api/images/articulos/DISTRIBUCION/10400.jpg,,45324,18409,blanco,error,storage.from(...).upload is not a function
38362,LISILET 10 MG X 30 COMPRIMIDOS,https://mav.farmaciasaas.com/api/images/articulos/DISTRIBUCION/99130.jpg,,45342,19134,blanco,error,storage.from(...).upload is not a function
38363,LISILETIC 20 MG -12.5 MG X 30 COMPRIMIDOS,https://mav.farmaciasaas.com/api/images/articulos/DISTRIBUCION/1677.jpg,,68181,34216,blanco,error,storage.from(...).upload is not a function
38364,LISOMUCIN 4 MG / 5 ML JARABE,https://mav.farmaciasaas.com/api/images/articulos/DISTRIBUCION/2178.jpg,,63359,25652,blanco,error,storage.from(...).upload is not a function
38368,LODIPIN 10 MG X 10 COMPRIMIDOS,https://mav.farmaciasaas.com/api/images/articulos/DISTRIBUCION/16508.jpg,,61453,30475,blanco,error,storage.from(...).upload is not a function
38366,LODESTAR 100 MG X 30 TABLETAS RECUBIERTAS,https://mav.farmaciasaas.com/api/images/articulos/DISTRIBUCION/52796.jpg,,76124,34587,blanco,error,storage.from(...).upload is not a function
38367,LODESTAR HCT 50 MG - 12.5 MG X 30 TABLETAS RECUBIERTAS,https://mav.farmaciasaas.com/api/images/articulos/DISTRIBUCION/17318.jpg,,194309,29779,blanco,error,storage.from(...).upload is not a function
38373,LOKARIN 5 MG - 60 MG / 5 ML JARABE,https://mav.farmaciasaas.com/api/images/articulos/DISTRIBUCION/11306.jpg,,62049,28944,blanco,error,storage.from(...).upload is not a function
38372,LOGANIL 100 MG / 5 ML JARABE,https://mav.farmaciasaas.com/api/images/articulos/DISTRIBUCION/51207.jpg,,139564,23807,blanco,error,storage.from(...).upload is not a function
38374,LONGACEF 400 MG X 5 CAPSULAS,https://mav.farmaciasaas.com/api/images/articulos/DISTRIBUCION/98377.jpg,,61880,29452,blanco,error,storage.from(...).upload is not a function
38376,LOPERAM 2 MG X 4 TABLETAS,https://mav.farmaciasaas.com/api/images/articulos/DISTRIBUCION/5224.jpg,,45445,16709,blanco,error,storage.from(...).upload is not a function
38377,LOPERAM 2 MG X 10 TABLETAS,https://mav.farmaciasaas.com/api/images/articulos/DISTRIBUCION/18988.jpg,,59773,27649,blanco,error,storage.from(...).upload is not a function
38383,LORATADINA 10 MG X 10 TABLETAS,https://mav.farmaciasaas.com/api/images/articulos/DISTRIBUCION/9653.jpg,,24897,16406,blanco,error,storage.from(...).upload is not a function
38381,LORATADINA 10 MG X 10 COMPRIMIDOS,https://mav.farmaciasaas.com/api/images/articulos/DISTRIBUCION/3401.jpg,,64158,30628,blanco,error,storage.from(...).upload is not a function
38380,LORADEX 10 MG X 10 TABLETAS,https://mav.farmaciasaas.com/api/images/articulos/DISTRIBUCION/92795.jpg,,469025,47376,blanco,error,storage.from(...).upload is not a function
38385,LORATADINA - AMBROXOL CLORHIDRATO 5 MG - 30 MG / 5 ML SOLUCION ORAL,https://mav.farmaciasaas.com/api/images/articulos/DISTRIBUCION/98664.jpg,,67802,30748,blanco,error,storage.from(...).upload is not a function
38387,LORATADINA 10 MG X 10 TABLETAS,https://mav.farmaciasaas.com/api/images/articulos/DISTRIBUCION/24536.jpg,,61546,28583,blanco,error,storage.from(...).upload is not a function
38389,LORATADINA - AMBROXOL CLORHIDRATO 5 MG - 30 MG X 10 TABLETAS,https://pccentro.net.ve/img/s/2/3/7/9/4/23794-large_default.webp,,34222,46926,blanco,error,storage.from(...).upload is not a function
38391,LORAVAL 5 MG / 5 ML JARABE,https://mav.farmaciasaas.com/api/images/articulos/DISTRIBUCION/9150.jpg,,176536,25920,blanco,error,storage.from(...).upload is not a function
38392,LORAVAL 10 MG X 10 TABLETAS,https://mav.farmaciasaas.com/api/images/articulos/DISTRIBUCION/9147.jpg,,185275,27969,blanco,error,storage.from(...).upload is not a function
38394,LOREX 1 MG / ML JARABE,https://pccentro.net.ve/img/s/7/5/4/0/7/75407-large_default.webp,,14888,30276,blanco,error,storage.from(...).upload is not a function
38395,LOSARTAN POTASICO 50 MG X 30 COMPRIMIDOS RECUBIERTOS,https://mav.farmaciasaas.com/api/images/articulos/DISTRIBUCION/97621.jpg,,60078,27580,blanco,error,storage.from(...).upload is not a function
38396,LOSARTAN POTASICO 50 MG X 10 COMPRIMIDOS RECUBIERTOS,https://mav.farmaciasaas.com/api/images/articulos/DISTRIBUCION/3399.jpg,,66829,32379,blanco,error,storage.from(...).upload is not a function
38400,LOSARTAN POTASICO - HIDROCLOROTIAZIDA 100 MG - 25 MG X 30 TABLETAS RECUBIERTAS,https://pccentro.net.ve/img/s/2/3/6/7/7/23677-large_default.webp,,24742,33765,blanco,error,storage.from(...).upload is not a function
38401,LOSARTAN POTASICO 50 MG X 30 TABLETAS RECUBIERTAS,https://mav.farmaciasaas.com/api/images/articulos/DISTRIBUCION/20271.jpg,,230941,33679,blanco,error,storage.from(...).upload is not a function
38404,LOSARTAN POTASICO 50 MG X 30 TABLETAS RECUBIERTAS,https://mav.farmaciasaas.com/api/images/articulos/DISTRIBUCION/27329.jpg,,187912,37384,blanco,error,storage.from(...).upload is not a function
38406,LOSARTAN POTASICO - HIDROCLOROTIZADA 100 MG - 25 MG X 30 TABLETAS RECUBIERTAS,https://mav.farmaciasaas.com/api/images/articulos/DISTRIBUCION/53633.jpg,,68490,31401,blanco,error,storage.from(...).upload is not a function
38408,LOSARTAN POTASICO 50 MG X 30 TABLETAS RECUBIERTAS,https://mav.farmaciasaas.com/api/images/articulos/DISTRIBUCION/53797.jpg,,82257,38994,blanco,error,storage.from(...).upload is not a function
38410,LOSARTAN POTASICO 50 MG X 30 TABLETAS RECUBIERTAS,https://mav.farmaciasaas.com/api/images/articulos/DISTRIBUCION/99640.jpg,,27447,18246,blanco,error,storage.from(...).upload is not a function
38409,LOSARTAN POTASICO 50 MG X 20 TABLETAS RECUBIERTAS,https://mav.farmaciasaas.com/api/images/articulos/DISTRIBUCION/92637.jpg,,75335,35160,blanco,error,storage.from(...).upload is not a function
38411,LOSARTAN POTASICO 100 MG X 30 COMPRIMIDOS RECUBIERTOS,https://mav.farmaciasaas.com/api/images/articulos/DISTRIBUCION/27782.jpg,,62397,32047,blanco,error,storage.from(...).upload is not a function
38413,LOWPRES 150 MCG / ML X 5 AMPOLLAS,https://mav.farmaciasaas.com/api/images/articulos/DISTRIBUCION/25380.jpg,,67070,31134,blanco,error,storage.from(...).upload is not a function
38412,LOTEMICIN 0.5 % - 0.3 % SUSPENSION OFTALMICA,https://mav.farmaciasaas.com/api/images/articulos/DISTRIBUCION/93654.jpg,,70523,34940,blanco,error,storage.from(...).upload is not a function
38414,LUDROX 75 MG X 30 TABLETAS RECUBIERTAS,https://mav.farmaciasaas.com/api/images/articulos/DISTRIBUCION/26078.jpg,,45655,18280,blanco,error,storage.from(...).upload is not a function
38415,LUMBAX 200 MG X 10 TABLETAS,https://mav.farmaciasaas.com/api/images/articulos/DISTRIBUCION/29648.jpg,,80444,38388,blanco,error,storage.from(...).upload is not a function
38416,LUMBAX 400 MG X 10 TABLETAS,https://mav.farmaciasaas.com/api/images/articulos/DISTRIBUCION/20349.jpg,,68873,35702,blanco,error,storage.from(...).upload is not a function
38418,LUMBAX 800 MG X 6 COMPRIMIDOS RECUBIERTOS,https://mav.farmaciasaas.com/api/images/articulos/DISTRIBUCION/20721.jpg,,47627,18678,blanco,error,storage.from(...).upload is not a function
38417,LUMBAX 600 MG X 10 TABLETAS,https://mav.farmaciasaas.com/api/images/articulos/DISTRIBUCION/20720.jpg,,51185,21865,blanco,error,storage.from(...).upload is not a function
38419,MACRODANTINA 50 MG X 30 CAPSULAS,https://mav.farmaciasaas.com/api/images/articulos/DISTRIBUCION/2247.jpg,,75564,37058,blanco,error,storage.from(...).upload is not a function
38420,MADECASSOL 1 % UNGUENTO,https://mav.farmaciasaas.com/api/images/articulos/DISTRIBUCION/16764.jpg,,44700,17223,blanco,error,storage.from(...).upload is not a function
38423,MAILEN 5 MG X 10 COMPRIMIDOS RECUBIERTOS,https://mav.farmaciasaas.com/api/images/articulos/DISTRIBUCION/7557.jpg,,57813,27606,blanco,error,storage.from(...).upload is not a function
38424,MAILEN 5 MG X 30 COMPRIMIDOS RECUBIERTOS,https://mav.farmaciasaas.com/api/images/articulos/DISTRIBUCION/95984.jpg,,48187,20979,blanco,error,storage.from(...).upload is not a function
38426,MANITOL AL 18 % SOLUCION INYECTABLE INTRAVENOSA,https://mav.farmaciasaas.com/api/images/articulos/DISTRIBUCION/5408.jpg,,50250,20416,blanco,error,storage.from(...).upload is not a function
38425,MAILEN 2.5 MG / 5 ML JARABE,https://mav.farmaciasaas.com/api/images/articulos/DISTRIBUCION/7559.jpg,,73337,33171,blanco,error,storage.from(...).upload is not a function
38427,MARTESIA 25 MG X 30 CAPSULAS,https://mav.farmaciasaas.com/api/images/articulos/DISTRIBUCION/17771.jpg,,50803,22673,blanco,error,storage.from(...).upload is not a function
38429,MARTESIA 75 MG X 14 CAPSULAS,https://mav.farmaciasaas.com/api/images/articulos/DISTRIBUCION/95844.jpg,,58782,28452,blanco,error,storage.from(...).upload is not a function
38428,MARTESIA 300 MG X 14 CAPSULAS,https://mav.farmaciasaas.com/api/images/articulos/DISTRIBUCION/95724.jpg,,51900,23355,blanco,error,storage.from(...).upload is not a function
38430,MATERNAVIT X 30 CAPSULAS BLANDAS,https://mav.farmaciasaas.com/api/images/articulos/DISTRIBUCION/13652.jpg,,50060,22366,blanco,error,storage.from(...).upload is not a function
38431,MATILOL 0.5 % SOLUCION OFTALMICA,https://mav.farmaciasaas.com/api/images/articulos/DISTRIBUCION/2972.jpg,,58589,22951,blanco,error,storage.from(...).upload is not a function
38436,MELIF 50 MG - 500 MG X 30 COMPRIMIDOS RECUBIERTOS,https://mav.farmaciasaas.com/api/images/articulos/DISTRIBUCION/52755.jpg,,51610,20780,blanco,error,storage.from(...).upload is not a function
38432,MAXIFUR 50 MG X 30 CAPSULAS,https://mav.farmaciasaas.com/api/images/articulos/DISTRIBUCION/30340.jpg,,51471,22917,blanco,error,storage.from(...).upload is not a function
38437,MELIGEN 10 MG X 30 TABLETAS RECUBIERTAS,https://mav.farmaciasaas.com/api/images/articulos/DISTRIBUCION/22554.jpg,,43854,17192,blanco,error,storage.from(...).upload is not a function
38440,MELOXICAM 15 MG X 10 COMPRIMIDOS,https://mav.farmaciasaas.com/api/images/articulos/DISTRIBUCION/7370.jpg,,60544,26681,blanco,error,storage.from(...).upload is not a function
38439,MELOXICAM 15 MG X 10 TABLETAS,https://mav.farmaciasaas.com/api/images/articulos/DISTRIBUCION/662.jpg,,68622,31535,blanco,error,storage.from(...).upload is not a function
38445,MENTOL DAVIS UNGUENTO,https://pccentro.net.ve/img/s/2/3/4/3/2/23432-large_default.webp,,15740,23345,blanco,error,storage.from(...).upload is not a function
38449,MESPEN 500 MG X 1 AMPOLLA,https://mav.farmaciasaas.com/api/images/articulos/DISTRIBUCION/20400.jpg,,223429,31157,blanco,error,storage.from(...).upload is not a function
38450,DIPIRONA 1 G / 2 ML X 3 AMPOLLAS,https://mav.farmaciasaas.com/api/images/articulos/DISTRIBUCION/29164.jpg,,50198,21371,blanco,error,storage.from(...).upload is not a function
38457,METFORMINA CLORHIDRATO 500 MG X 28 TABLETAS,https://mav.farmaciasaas.com/api/images/articulos/DISTRIBUCION/5582.jpg,,26505,17641,blanco,error,storage.from(...).upload is not a function
38453,METFORMINA CLORHIDRATO 850 MG X 30 TABLETAS RECUBIERTAS,https://mav.farmaciasaas.com/api/images/articulos/DISTRIBUCION/53284.jpg,,409726,39875,blanco,error,storage.from(...).upload is not a function
38459,METFORMINA 500 MG X 30 TABLETAS RECUBIERTAS,https://pccentro.net.ve/img/s/7/9/6/1/2/79612-large_default.webp,,31820,19829,blanco,error,storage.from(...).upload is not a function
38462,METFORMINA CLORHIDRATO 850 MG X 28 TABLETAS,https://mav.farmaciasaas.com/api/images/articulos/DISTRIBUCION/3913.jpg,,27452,18362,blanco,error,storage.from(...).upload is not a function
38468,METOCLOPRAMIDA 10 MG / 2 ML X 6 AMPOLLAS,https://mav.farmaciasaas.com/api/images/articulos/DISTRIBUCION/7763.jpg,,24199,15865,blanco,error,storage.from(...).upload is not a function
38466,METILPREDNISOLONA 125 MG X 1 AMPOLLA,https://mav.farmaciasaas.com/api/images/articulos/DISTRIBUCION/27445.jpg,,49482,20608,blanco,error,storage.from(...).upload is not a function
38471,METREN 500 MG X 10 CAPSULAS BLANDAS VAGINALES,https://mav.farmaciasaas.com/api/images/articulos/DISTRIBUCION/6011.jpg,,53239,23256,blanco,error,storage.from(...).upload is not a function
38473,METREN 250 MG / 5 ML SUSPENSION,https://mav.farmaciasaas.com/api/images/articulos/DISTRIBUCION/6010.jpg,,49125,19386,blanco,error,storage.from(...).upload is not a function
38474,METREN 500 MG X 10 TABLETAS,https://mav.farmaciasaas.com/api/images/articulos/DISTRIBUCION/6005.jpg,,51050,20810,blanco,error,storage.from(...).upload is not a function
38479,METRONIDAZOL BENZOIL 125 MG / 5 ML SUSPENSION ORAL,https://mav.farmaciasaas.com/api/images/articulos/DISTRIBUCION/1774.jpg,,62161,27469,blanco,error,storage.from(...).upload is not a function
38480,METRONIDAZOL BENZOIL 250 MG / 5 ML SUSPENSION ORAL,https://mav.farmaciasaas.com/api/images/articulos/DISTRIBUCION/1773.jpg,,72180,33794,blanco,error,storage.from(...).upload is not a function
38481,METRONIDAZOL 500 MG X 10 TABLETAS,https://pccentro.net.ve/img/s/7/6/2/9/7/76297-large_default.webp,,18312,19642,blanco,error,storage.from(...).upload is not a function
38485,METSIGLIN 500 MG - 50 MG X 30 COMPRIMIDOS RECUBIERTOS,https://mav.farmaciasaas.com/api/images/articulos/DISTRIBUCION/30362.jpg,,67809,35233,blanco,error,storage.from(...).upload is not a function
38486,MICONAX 15 % - 4 % CREMA VAGINAL,https://mav.farmaciasaas.com/api/images/articulos/DISTRIBUCION/99630.jpg,,42093,16310,blanco,error,storage.from(...).upload is not a function
38488,MIGRAVAL 100 MG X 2 COMPRIMIDOS RECUBIERTOS,https://mav.farmaciasaas.com/api/images/articulos/DISTRIBUCION/1945.jpg,,76156,32046,blanco,error,storage.from(...).upload is not a function
38489,MIGRAVAL 100 MG X 4 COMPRIMIDOS RECUBIERTOS,https://mav.farmaciasaas.com/api/images/articulos/DISTRIBUCION/19846.jpg,,46477,18130,blanco,error,storage.from(...).upload is not a function
38490,MIGRAVAL 100 MG X 8 COMPRIMIDOS RECUBIERTOS,https://mav.farmaciasaas.com/api/images/articulos/DISTRIBUCION/19847.jpg,,50947,20412,blanco,error,storage.from(...).upload is not a function
38491,MILAX 50 % X 20 SOLUCION ORAL,https://mav.farmaciasaas.com/api/images/articulos/DISTRIBUCION/7357.jpg,,57614,25323,blanco,error,storage.from(...).upload is not a function
38493,MIOVIT COMPOSITUM CON LIDOCAINA X 1 AMPOLLA,https://mav.farmaciasaas.com/api/images/articulos/DISTRIBUCION/53224.jpg,,56928,25481,blanco,error,storage.from(...).upload is not a function
38492,MIOVIT COMPOSITUM CON LIDOCAINA X 3 AMPOLLAS,https://mav.farmaciasaas.com/api/images/articulos/DISTRIBUCION/5514.jpg,,100389,48172,blanco,error,storage.from(...).upload is not a function
38494,MIOVIT COMPOSITUM CON LIDOCAINA X 6 AMPOLLAS,https://mav.farmaciasaas.com/api/images/articulos/DISTRIBUCION/97516.jpg,,69066,33175,blanco,error,storage.from(...).upload is not a function
38500,MIRTAZAVAL 15 MG X 30 TABLETAS RECUBIERTAS,https://mav.farmaciasaas.com/api/images/articulos/DISTRIBUCION/52793.jpg,,66754,30361,blanco,error,storage.from(...).upload is not a function
38504,MONTELUKAST 10 MG X 10 TABLETAS RECUBIERTAS,https://mav.farmaciasaas.com/api/images/articulos/DISTRIBUCION/52391.jpg,,77630,38292,blanco,error,storage.from(...).upload is not a function
38502,MISULVAN 30 MG / 5 ML JARABE,https://mav.farmaciasaas.com/api/images/articulos/DISTRIBUCION/26235.jpg,,703957,69781,blanco,error,storage.from(...).upload is not a function
38505,MONTELUKAST 10 MG X 30 TABLETAS RECUBIERTAS,https://mav.farmaciasaas.com/api/images/articulos/DISTRIBUCION/23966.jpg,,92169,37538,blanco,error,storage.from(...).upload is not a function
38507,MONTRAX 10 MG X 10 TABLETAS,https://mav.farmaciasaas.com/api/images/articulos/DISTRIBUCION/27191.jpg,,48562,20225,blanco,error,storage.from(...).upload is not a function
38508,MONTRAX 10 MG X 30 TABLETAS,https://mav.farmaciasaas.com/api/images/articulos/DISTRIBUCION/96585.jpg,,146670,29443,blanco,error,storage.from(...).upload is not a function
38512,MONUKAST 5 MG X 30 TABLETAS MASTICABLES,https://mav.farmaciasaas.com/api/images/articulos/DISTRIBUCION/50733.jpg,,157077,25823,blanco,error,storage.from(...).upload is not a function
38510,MONTRAX 5 MG X 10 TABLETAS MASTICABLES,https://mav.farmaciasaas.com/api/images/articulos/DISTRIBUCION/27038.jpg,,179512,34827,blanco,error,storage.from(...).upload is not a function
38511,MONTRAX 5 MG X 30 TABLETAS MASTICABLES,https://mav.farmaciasaas.com/api/images/articulos/DISTRIBUCION/96583.jpg,,179878,34910,blanco,error,storage.from(...).upload is not a function
38513,MOPERID 10 MG X 20 TABLETAS,https://mav.farmaciasaas.com/api/images/articulos/DISTRIBUCION/20367.jpg,,65457,29261,blanco,error,storage.from(...).upload is not a function
38514,MOVIMEX 15 MG X 10 TABLETAS,https://mav.farmaciasaas.com/api/images/articulos/DISTRIBUCION/90529.jpg,,56578,27209,blanco,error,storage.from(...).upload is not a function
38515,MOXIDEX 0.5 -0.1 % SOLUCION OFTALMICA ESTERIL,https://mav.farmaciasaas.com/api/images/articulos/DISTRIBUCION/17364/17364.jpg,,81755,29089,blanco,error,storage.from(...).upload is not a function
38518,MOXIFLOXACINA 400 MG X 5 TABLETAS RECUBIERTAS,https://mav.farmaciasaas.com/api/images/articulos/DISTRIBUCION/92489.jpg,,26100,17184,blanco,error,storage.from(...).upload is not a function
38516,MOXIFLOXACINA 400 MG X 7 TABLETAS RECUBIERTAS,https://mav.farmaciasaas.com/api/images/articulos/DISTRIBUCION/90066.jpg,,60661,28948,blanco,error,storage.from(...).upload is not a function
38519,MUCLAR 30 MG - 5 MG X 10 COMPRIMIDOS,https://mav.farmaciasaas.com/api/images/articulos/DISTRIBUCION/98656.jpg,,58751,28558,blanco,error,storage.from(...).upload is not a function
38522,MUCOXOL 30 MG / 5 ML JARABE,https://mav.farmaciasaas.com/api/images/articulos/DISTRIBUCION/30075.jpg,,61419,24666,blanco,error,storage.from(...).upload is not a function
38521,MUCOMAX 15 MG / 5 ML SOLUCION ORAL USO PEDIATRICO,https://mav.farmaciasaas.com/api/images/articulos/DISTRIBUCION/14193.jpg,,84770,43167,blanco,error,storage.from(...).upload is not a function
38523,MULTIDERM 2 % UNGUENTO,https://mav.farmaciasaas.com/api/images/articulos/DISTRIBUCION/98294.jpg,,167134,32736,blanco,error,storage.from(...).upload is not a function
38524,MULTIVIRAL X 30 CAPSULAS,https://mav.farmaciasaas.com/api/images/articulos/DISTRIBUCION/2470.jpg,,58978,28135,blanco,error,storage.from(...).upload is not a function
38525,MUPIROCIN 2 % UNGUENTO,https://mav.farmaciasaas.com/api/images/articulos/DISTRIBUCION/28580.jpg,,40221,14926,blanco,error,storage.from(...).upload is not a function
38526,MUVETT 300 MG X 20 TABLETAS RECUBIERTAS DE LIBERACION PROLONGADA,https://mav.farmaciasaas.com/api/images/articulos/DISTRIBUCION/50344.jpg,,61957,29852,blanco,error,storage.from(...).upload is not a function
38527,MYCOFENTIN 2 % CREMA,https://mav.farmaciasaas.com/api/images/articulos/DISTRIBUCION/7183.jpg,,43198,17139,blanco,error,storage.from(...).upload is not a function
38529,NACLODIN 0.150 MG X 30 TABLETAS,https://mav.farmaciasaas.com/api/images/articulos/DISTRIBUCION/30060.jpg,,191647,32177,blanco,error,storage.from(...).upload is not a function
38530,NAFINA 1 % CREMA,https://mav.farmaciasaas.com/api/images/articulos/DISTRIBUCION/4092.jpg,,64275,30448,blanco,error,storage.from(...).upload is not a function
38533,NEFROTAL AMLO 50 MG - 5 MG X 30 COMPRIMIDOS,https://mav.farmaciasaas.com/api/images/articulos/DISTRIBUCION/20154.jpg,,56126,24459,blanco,error,storage.from(...).upload is not a function
38537,NEFROTAL H 50 MG - 12.5 MG X 14 COMPRIMIDOS RECUBIERTOS,https://mav.farmaciasaas.com/api/images/articulos/DISTRIBUCION/1511.jpg,,72064,32480,blanco,error,storage.from(...).upload is not a function
38538,NEFROTAL 100 MG X 30 COMPRIMIDOS RECUBIERTOS,https://mav.farmaciasaas.com/api/images/articulos/DISTRIBUCION/25248.jpg,,59572,26589,blanco,error,storage.from(...).upload is not a function
38539,NEFROTAL 100 MG X 10 COMPRIMIDOS RECUBIERTOS,https://mav.farmaciasaas.com/api/images/articulos/DISTRIBUCION/25320.jpg,,60481,26936,blanco,error,storage.from(...).upload is not a function
38541,NEFROTAL H 100 MG - 25 MG X 10 COMPRIMIDOS RECUBIERTOS,https://mav.farmaciasaas.com/api/images/articulos/DISTRIBUCION/25321.jpg,,59423,24835,blanco,error,storage.from(...).upload is not a function
38540,NEFROTAL 100 MG X 14 COMPRIMIDOS RECUBIERTOS,https://mav.farmaciasaas.com/api/images/articulos/DISTRIBUCION/8487.jpg,,74165,35738,blanco,error,storage.from(...).upload is not a function
38548,NEURIXA 75 MG X 14 CAPSULAS,https://mav.farmaciasaas.com/api/images/articulos/DISTRIBUCION/93668.jpg,,45706,19321,blanco,error,storage.from(...).upload is not a function
38545,NEULEVAL 500 MG X 10 TABLETAS RECUBIERTAS,https://mav.farmaciasaas.com/api/images/articulos/DISTRIBUCION/22859.jpg,,209431,31480,blanco,error,storage.from(...).upload is not a function
38547,NEURIXA 150 MG X 14 CAPSULAS,https://mav.farmaciasaas.com/api/images/articulos/DISTRIBUCION/93669.jpg,,46192,19164,blanco,error,storage.from(...).upload is not a function
38546,NEULEVAL 750 MG X 5 TABLETAS RECUBIERTAS,https://mav.farmaciasaas.com/api/images/articulos/DISTRIBUCION/22860.jpg,,207827,31147,blanco,error,storage.from(...).upload is not a function
38552,NIFEDIPINA 10 MG X 14 CAPSULAS,https://mav.farmaciasaas.com/api/images/articulos/DISTRIBUCION/27546.jpg,,53986,24125,blanco,error,storage.from(...).upload is not a function
38553,NIFEDIPINA 10 MG X 30 COMPRIMIDOS DISPERSABLES,https://mav.farmaciasaas.com/api/images/articulos/DISTRIBUCION/51432.jpg,,51786,22762,blanco,error,storage.from(...).upload is not a function
38556,NIMODIPINA 30 MG X 30 COMPRIMIDOS,https://mav.farmaciasaas.com/api/images/articulos/DISTRIBUCION/23674.jpg,,59569,27312,blanco,error,storage.from(...).upload is not a function
38557,NIPE PLUS GRANULADO PARA SUSPENSION SABOR A FRUTAS TROPICALES,https://mav.farmaciasaas.com/api/images/articulos/DISTRIBUCION/8637.jpg,,134336,66756,blanco,error,storage.from(...).upload is not a function
38560,NITAX 500 MG X 6 TABLETAS RECUBIERTAS,https://mav.farmaciasaas.com/api/images/articulos/DISTRIBUCION/24328.jpg,,60401,28225,blanco,error,storage.from(...).upload is not a function
38565,NITROFURANTOINA 50 MG X 30 TABLETAS RECUBIERTAS,https://mav.farmaciasaas.com/api/images/articulos/DISTRIBUCION/29107.jpg,,27052,17924,blanco,error,storage.from(...).upload is not a function
38567,NONAFOL 10 MG X 10 TABLETAS,https://mav.farmaciasaas.com/api/images/articulos/DISTRIBUCION/23015.jpg,,44468,18064,blanco,error,storage.from(...).upload is not a function
38568,NONAFOL 10 MG X 20 TABLETAS,https://mav.farmaciasaas.com/api/images/articulos/DISTRIBUCION/25245.jpg,,57341,22385,blanco,error,storage.from(...).upload is not a function
38569,NONAFOL 10 MG X 30 TABLETAS,https://mav.farmaciasaas.com/api/images/articulos/DISTRIBUCION/23016.jpg,,48124,20449,blanco,error,storage.from(...).upload is not a function
38570,NONAFOL 5 MG X 10 TABLETAS,https://mav.farmaciasaas.com/api/images/articulos/DISTRIBUCION/23099.jpg,,45351,18076,blanco,error,storage.from(...).upload is not a function
38571,NONAFOL 5 MG X 20 TABLETAS,https://mav.farmaciasaas.com/api/images/articulos/DISTRIBUCION/21982.jpg,,50985,21320,blanco,error,storage.from(...).upload is not a function
38572,NONAFOL 5 MG X 30 TABLETAS,https://mav.farmaciasaas.com/api/images/articulos/DISTRIBUCION/21983.jpg,,63799,26433,blanco,error,storage.from(...).upload is not a function
38573,NORMIX 200 MG X 12 TABLETAS RECUBIERTAS,https://pccentro.net.ve/img/s/7/2/2/3/1/72231-large_default.webp,,14596,29991,blanco,error,storage.from(...).upload is not a function
38575,NORTRICOL 200 MG X 20 CAPSULAS,https://mav.farmaciasaas.com/api/images/articulos/DISTRIBUCION/25240.jpg,,66418,32387,blanco,error,storage.from(...).upload is not a function
38576,NOTOLAC 20 MG X 10 TABLETAS,https://mav.farmaciasaas.com/api/images/articulos/DISTRIBUCION/1531.jpg,,51853,21675,blanco,error,storage.from(...).upload is not a function
38574,NORSINA 500 MG - 10 MG X 12 TABLETAS,https://mav.farmaciasaas.com/api/images/articulos/DISTRIBUCION/97499.jpg,,270097,38442,blanco,error,storage.from(...).upload is not a function
38578,NOVARONA 200 MG X 10 COMPRIMIDOS,https://mav.farmaciasaas.com/api/images/articulos/DISTRIBUCION/8426.jpg,,61875,28156,blanco,error,storage.from(...).upload is not a function
38582,OFAFLAN 50 MG X 10 COMPRIMIDOS CON CUBIERTA ENTERICA,https://mav.farmaciasaas.com/api/images/articulos/DISTRIBUCION/95750.jpg,,41705,16597,blanco,error,storage.from(...).upload is not a function
38579,NOXPIRIN GRIP X 12 TABLETAS,https://mav.farmaciasaas.com/api/images/articulos/DISTRIBUCION/27797.jpg,,107927,59313,blanco,error,storage.from(...).upload is not a function
38583,DICLOFENAC POTASICO 15 MG / ML SUSPENSION ORAL,https://pccentro.net.ve/img/s/8/0/5/5/6/80556-large_default.webp,,37620,24350,blanco,error,storage.from(...).upload is not a function
38584,OFAFLAN 2 MG / ML SUSPENSION ORAL,https://mav.farmaciasaas.com/api/images/articulos/DISTRIBUCION/99845.jpg,,52284,22939,blanco,error,storage.from(...).upload is not a function
38587,OLMECAR 20 MG X 30 COMPRIMIDOS RECUBIERTOS,https://mav.farmaciasaas.com/api/images/articulos/DISTRIBUCION/18030.jpg,,75595,37251,blanco,error,storage.from(...).upload is not a function
38588,OLMECAR 40 MG X 30 COMPRIMIDOS RECUBIERTOS,https://mav.farmaciasaas.com/api/images/articulos/DISTRIBUCION/20723.jpg,,65488,30931,blanco,error,storage.from(...).upload is not a function
38597,OMEPRAZOL 20 MG X 14 CAPSULAS CON MICROGRANULOS ENTERICOS,https://mav.farmaciasaas.com/api/images/articulos/DISTRIBUCION/21060.jpg,,24817,16184,blanco,error,storage.from(...).upload is not a function
38595,OLMETIQUE 20 MG X 30 TABLETAS RECUBIERTAS,https://mav.farmaciasaas.com/api/images/articulos/DISTRIBUCION/27013.jpg,,63306,30368,blanco,error,storage.from(...).upload is not a function
38598,OMEPRAZOL 20 MG X 28 CAPSULAS CON MICROGRANULOS ENTERICOS,https://mav.farmaciasaas.com/api/images/articulos/DISTRIBUCION/8254.jpg,,25624,16655,blanco,error,storage.from(...).upload is not a function
38601,OMEPRAZOL 20 MG X 30 CAPSULAS CON MICROGRANULOS CON CUBIERTA ENTERICA,https://mav.farmaciasaas.com/api/images/articulos/DISTRIBUCION/29950.jpg,,41105,16207,blanco,error,storage.from(...).upload is not a function
38602,OMEPRAZOL 20 MG X 8 CAPSULAS CON MICROGRANULOS CON CUBIERTA ENTERICA,https://mav.farmaciasaas.com/api/images/articulos/DISTRIBUCION/6497.jpg,,64263,29756,blanco,error,storage.from(...).upload is not a function
38611,OMEPRAZOL 40 MG X 10 CAPSULAS GASTRORRESISTENTES,https://mav.farmaciasaas.com/api/images/articulos/DISTRIBUCION/16765.jpg,,70474,35458,blanco,error,storage.from(...).upload is not a function
38612,JUVILOC 20 MG X 20 TABLETAS GASTRORRESISTENTE,https://mav.farmaciasaas.com/api/images/articulos/DISTRIBUCION/53250.jpg,,43728,17507,blanco,error,storage.from(...).upload is not a function
38614,OMMUNAL (LISADO BACTERIANO) 7 MG X 10 CAPSULAS,https://mav.farmaciasaas.com/api/images/articulos/DISTRIBUCION/6053.jpg,,54718,24785,blanco,error,storage.from(...).upload is not a function
38615,ONDANSETRON 4 MG X 10 COMPRIMIDOS,https://mav.farmaciasaas.com/api/images/articulos/DISTRIBUCION/1107.jpg,,62678,31164,blanco,error,storage.from(...).upload is not a function
38616,ONDANSETRON 8 MG X 10 COMPRIMIDOS,https://mav.farmaciasaas.com/api/images/articulos/DISTRIBUCION/1108.jpg,,62634,31138,blanco,error,storage.from(...).upload is not a function
38619,ONDANSETRON 2 MG / ML X 1 AMPOLLA,https://mav.farmaciasaas.com/api/images/articulos/DISTRIBUCION/1111.jpg,,68028,31971,blanco,error,storage.from(...).upload is not a function
38620,ONDANSETRON 4 MG / 5 ML SOLUCION ORAL,https://mav.farmaciasaas.com/api/images/articulos/DISTRIBUCION/23942.jpg,,66262,31874,blanco,error,storage.from(...).upload is not a function
38624,ORALZINC SALES DE REHIDRATACION X 1 POLVO PARA SOLUCION ORAL SABOR A COCO,https://mav.farmaciasaas.com/api/images/articulos/DISTRIBUCION/51830.jpg,,77488,36239,blanco,error,storage.from(...).upload is not a function
38621,ONDATRIN 2 MG / ML X 1 AMPOLLA,https://mav.farmaciasaas.com/api/images/articulos/DISTRIBUCION/13380.jpg,,50863,21523,blanco,error,storage.from(...).upload is not a function
38625,ORLIDIET 120 MG X 30 CAPSULAS,https://mav.farmaciasaas.com/api/images/articulos/DISTRIBUCION/94356.jpg,,62058,30701,blanco,error,storage.from(...).upload is not a function
38626,ORLIDIET 60 MG X 30 CAPSULAS,https://mav.farmaciasaas.com/api/images/articulos/DISTRIBUCION/99789.jpg,,58927,28645,blanco,error,storage.from(...).upload is not a function
38634,PANTOPRAZOL 40 MG X 10 COMPRIMIDOS CON CUBIERTA DE LIBERACION ENTERICA,https://mav.farmaciasaas.com/api/images/articulos/DISTRIBUCION/98455.jpg,,66706,32155,blanco,error,storage.from(...).upload is not a function
38630,OXIDREN 150 MG X 1 COMPRIMIDO RECUBIERTO,https://mav.farmaciasaas.com/api/images/articulos/DISTRIBUCION/94330.jpg,,70079,33104,blanco,error,storage.from(...).upload is not a function
38640,PASIM PLUS 10 MG - 500 MG X 10 COMPRIMIDOS RECUBIERTOS,https://mav.farmaciasaas.com/api/images/articulos/DISTRIBUCION/53745.jpg,,62086,27337,blanco,error,storage.from(...).upload is not a function
38642,PASIM 10 MG / ML SOLUCION ORAL,https://mav.farmaciasaas.com/api/images/articulos/DISTRIBUCION/17394.jpg,,58396,26502,blanco,error,storage.from(...).upload is not a function
38641,PASIM PLUS 2 MG - 100 MG / ML SOLUCION ORAL,https://mav.farmaciasaas.com/api/images/articulos/DISTRIBUCION/53746.jpg,,100758,51486,blanco,error,storage.from(...).upload is not a function
38645,PEDIACORT 3 MG / ML SOLUCION ORAL,https://mav.farmaciasaas.com/api/images/articulos/DISTRIBUCION/16975.jpg,,70957,29095,blanco,error,storage.from(...).upload is not a function
38646,PEGYT 150 MG X 20 CAPSULAS,https://mav.farmaciasaas.com/api/images/articulos/DISTRIBUCION/21676.jpg,,57479,27196,blanco,error,storage.from(...).upload is not a function
38648,PEGYT 25 MG X 30 CAPSULAS,https://mav.farmaciasaas.com/api/images/articulos/DISTRIBUCION/52624.jpg,,67514,31284,blanco,error,storage.from(...).upload is not a function
38649,PEGYT 75 MG X 20 CAPSULAS,https://mav.farmaciasaas.com/api/images/articulos/DISTRIBUCION/99406.jpg,,60633,27503,blanco,error,storage.from(...).upload is not a function
38655,PERIDONT 0.12 % SOLUCION TOPICA BUCAL,https://mav.farmaciasaas.com/api/images/articulos/DISTRIBUCION/18615.jpg,,43757,17775,blanco,error,storage.from(...).upload is not a function
38657,PERTEN 1 % SOLUCION TOPICA,https://mav.farmaciasaas.com/api/images/articulos/DISTRIBUCION/20023.jpg,,69743,32007,blanco,error,storage.from(...).upload is not a function
38658,PERTEN 1 % GEL TOPICO,https://mav.farmaciasaas.com/api/images/articulos/DISTRIBUCION/20023.jpg,,69743,32007,blanco,error,storage.from(...).upload is not a function
38659,PERTEN 1 % SOLUCION ATOMIZADORA PARA USO TOPICO,https://mav.farmaciasaas.com/api/images/articulos/DISTRIBUCION/20023.jpg,,69743,32007,blanco,error,storage.from(...).upload is not a function
38660,PERTEN 250 MG X 20 TABLETAS,https://mav.farmaciasaas.com/api/images/articulos/DISTRIBUCION/18905.jpg,,58427,25219,blanco,error,storage.from(...).upload is not a function
38661,PIGRAL 75 MG X 14 COMPRIMIDOS RECUBIERTOS,https://mav.farmaciasaas.com/api/images/articulos/DISTRIBUCION/24140.jpg,,71095,34678,blanco,error,storage.from(...).upload is not a function
38665,PINAVIX 100 MG X 30 COMPRIMIDOS RECUBIERTOS,https://mav.farmaciasaas.com/api/images/articulos/DISTRIBUCION/13663.jpg,,53698,22032,blanco,error,storage.from(...).upload is not a function
38662,PIMADOL 10 MG X 10 TABLETAS RECUBIERTAS,https://mav.farmaciasaas.com/api/images/articulos/DISTRIBUCION/28531.jpg,,58099,27464,blanco,error,storage.from(...).upload is not a function
38666,PINAVIX 100 MG X 20 COMPRIMIDOS RECUBIERTOS,https://mav.farmaciasaas.com/api/images/articulos/DISTRIBUCION/50990.jpg,,71955,32606,blanco,error,storage.from(...).upload is not a function
38667,PIPERAZINA 500 MG / 5 ML JARABE,https://mav.farmaciasaas.com/api/images/articulos/DISTRIBUCION/22406.jpg,,51791,23396,blanco,error,storage.from(...).upload is not a function
38669,PIROXICAM 20 MG X 10 CAPSULAS,https://mav.farmaciasaas.com/api/images/articulos/DISTRIBUCION/10007.jpg,,43831,17149,blanco,error,storage.from(...).upload is not a function
38670,PLAVIX 75 MG X 14 COMPRIMIDOS RECUBIERTOS,https://mav.farmaciasaas.com/api/images/articulos/DISTRIBUCION/11151.jpg,,59796,28662,blanco,error,storage.from(...).upload is not a function
38671,PLIDAN COMPUESTO 10 MG / 125 MG X 10 COMPRIMIDOS RECUBIERTOS,https://mav.farmaciasaas.com/api/images/articulos/DISTRIBUCION/54271.jpg,,62048,28852,blanco,error,storage.from(...).upload is not a function
38672,PLIDAN COMPUESTO 15 MG / 2 ML - 100 MG / 2 ML X 1 AMPOLLA,https://mav.farmaciasaas.com/api/images/articulos/DISTRIBUCION/4114.jpg,,90540,48044,blanco,error,storage.from(...).upload is not a function
38675,POLIAMIN 10 % (AMINOACIDOS CRISTALINOS) SOLUCION INYECTABLE INTRAVENOSA,https://mav.farmaciasaas.com/api/images/articulos/DISTRIBUCION/11096.jpg,,49824,20480,blanco,error,storage.from(...).upload is not a function
38676,POSTINOR 2 0.75 MG X 2 COMPRIMIDOS,https://mav.farmaciasaas.com/api/images/articulos/DISTRIBUCION/11368.jpg,,57258,22234,blanco,error,storage.from(...).upload is not a function
38673,PLIDAN COMPUESTO 15 MG / 2 ML - 100 MG / 2 ML X 2 AMPOLLAS,https://pccentro.net.ve/img/s/8/4/0/4/6/84046-large_default.webp,,85970,47721,blanco,error,storage.from(...).upload is not a function
38679,PRAXONA 150 MG X 10 COMPRIMIDOS,https://mav.farmaciasaas.com/api/images/articulos/DISTRIBUCION/2991.jpg,,69726,30172,blanco,error,storage.from(...).upload is not a function
38678,PRALINA 75 MG X 14 CAPSULAS,https://mav.farmaciasaas.com/api/images/articulos/DISTRIBUCION/17014.jpg,,148972,29770,blanco,error,storage.from(...).upload is not a function
38680,PRAXONA 150 MG X 24 COMPRIMIDOS,https://mav.farmaciasaas.com/api/images/articulos/DISTRIBUCION/2992.jpg,,69501,30646,blanco,error,storage.from(...).upload is not a function
38688,PREDNISONA 50 MG X 10 TABLETAS,https://mav.farmaciasaas.com/api/images/articulos/DISTRIBUCION/10937.jpg,,64607,30023,blanco,error,storage.from(...).upload is not a function
38681,PREDNA 15 MG / 5 ML SOLUCION ORAL,https://mav.farmaciasaas.com/api/images/articulos/DISTRIBUCION/90974.jpg,,93150,47631,blanco,error,storage.from(...).upload is not a function
38677,POTAX 10 MEQ X 100 TABLETAS DE LIBERACION PROLONGADA,https://mav.farmaciasaas.com/api/images/articulos/DISTRIBUCION/26061.jpg,,54996,25007,blanco,error,storage.from(...).upload is not a function
38690,PREDNISONA 5 MG X 10 TABLETAS,https://mav.farmaciasaas.com/api/images/articulos/DISTRIBUCION/2998.jpg,,24500,15845,blanco,error,storage.from(...).upload is not a function
38692,PREDNISONA 5 MG X 30 TABLETAS,https://mav.farmaciasaas.com/api/images/articulos/DISTRIBUCION/10460.jpg,,24670,15995,blanco,error,storage.from(...).upload is not a function
38689,PREDNISONA 50 MG X 10 TABLETAS.,https://mav.farmaciasaas.com/api/images/articulos/DISTRIBUCION/7835.jpg,,210677,31911,blanco,error,storage.from(...).upload is not a function
38693,PREDNISONA 5 MG X 10 TABLETAS,https://mav.farmaciasaas.com/api/images/articulos/DISTRIBUCION/3927.jpg,,213205,31154,blanco,error,storage.from(...).upload is not a function
38698,PRELIVAL 150 MG X 20 CAPSULAS,https://mav.farmaciasaas.com/api/images/articulos/DISTRIBUCION/22390.jpg,,58809,27617,blanco,error,storage.from(...).upload is not a function
38700,PRESIDERM 2 % UNGUENTO,https://mav.farmaciasaas.com/api/images/articulos/DISTRIBUCION/11580.jpg,,38212,14073,blanco,error,storage.from(...).upload is not a function
38703,PROPRANOLOL 10 MG X 20 TABLETAS,https://mav.farmaciasaas.com/api/images/articulos/DISTRIBUCION/7637.jpg,,43324,15499,blanco,error,storage.from(...).upload is not a function
38699,PRELIVAL 75 MG X 20 CAPSULAS,https://mav.farmaciasaas.com/api/images/articulos/DISTRIBUCION/22389.jpg,,213632,31503,blanco,error,storage.from(...).upload is not a function
38704,PROTOSULFIL 1 % CREMA,https://mav.farmaciasaas.com/api/images/articulos/DISTRIBUCION/5047.jpg,,64842,27888,blanco,error,storage.from(...).upload is not a function
38707,PULMOLET 1 MG / ML SUSPENSION PARA NEBULIZAR,https://mav.farmaciasaas.com/api/images/articulos/DISTRIBUCION/91027.jpg,,73770,37432,blanco,error,storage.from(...).upload is not a function
38713,QUETIVAL 200 MG X 30 TABLETAS RECUBIERTAS,https://mav.farmaciasaas.com/api/images/articulos/DISTRIBUCION/52493.jpg,,65588,28994,blanco,error,storage.from(...).upload is not a function
38706,PROXIME 750 MG X 5 COMPRIMIDOS RECUBIERTOS,https://mav.farmaciasaas.com/api/images/articulos/DISTRIBUCION/8044.jpg,,113693,35918,blanco,error,storage.from(...).upload is not a function
38712,QUETIVAL 100 MG X 30 TABLETAS RECUBIERTAS,https://mav.farmaciasaas.com/api/images/articulos/DISTRIBUCION/27422.jpg,,192777,28832,blanco,error,storage.from(...).upload is not a function
38714,QUETIVAL 25 MG X 30 TABLETAS RECUBIERTAS,https://mav.farmaciasaas.com/api/images/articulos/DISTRIBUCION/27421.jpg,,193374,28524,blanco,error,storage.from(...).upload is not a function
38715,QUINOMAX 0.5 % SOLUCION OFTALMICA,https://mav.farmaciasaas.com/api/images/articulos/DISTRIBUCION/8458.jpg,,68060,26654,blanco,error,storage.from(...).upload is not a function
38717,RAMIPRES 5 MG X 30 COMPRIMIDOS,https://mav.farmaciasaas.com/api/images/articulos/DISTRIBUCION/18617.jpg,,61269,30315,blanco,error,storage.from(...).upload is not a function
38722,REGULIP 20 MG X 30 TABLETAS,https://mav.farmaciasaas.com/api/images/articulos/DISTRIBUCION/95311.jpg,,73007,36354,blanco,error,storage.from(...).upload is not a function
38725,RIDAL 2 MG X 20 COMPRIMIDOS RECUBIERTOS,https://mav.farmaciasaas.com/api/images/articulos/DISTRIBUCION/11398.jpg,,40619,14957,blanco,error,storage.from(...).upload is not a function
38726,RIDAL 3 MG X 20 COMPRIMIDOS RECUBIERTOS,https://mav.farmaciasaas.com/api/images/articulos/DISTRIBUCION/11399.jpg,,39545,14247,blanco,error,storage.from(...).upload is not a function
38727,RIDAL 1 MG X 20 COMPRIMIDOS RECUBIERTOS,https://mav.farmaciasaas.com/api/images/articulos/DISTRIBUCION/90076.jpg,,44779,17975,blanco,error,storage.from(...).upload is not a function
38728,RIDAL 1 MG / ML SOLUCION ORAL,https://mav.farmaciasaas.com/api/images/articulos/DISTRIBUCION/96311.jpg,,53138,23415,blanco,error,storage.from(...).upload is not a function
38734,RINOLAST 120 MG X 10 TABLETAS RECUBIERTAS,https://mav.farmaciasaas.com/api/images/articulos/DISTRIBUCION/6448.jpg,,55864,23903,blanco,error,storage.from(...).upload is not a function
38729,RIFAMIX 200 MG X 12 COMPRIMIDOS RECUBIERTOS,https://mav.farmaciasaas.com/api/images/articulos/DISTRIBUCION/99098.jpg,,67768,32184,blanco,error,storage.from(...).upload is not a function
38735,RINOMAX 0.25 % - 0.125 % - 0.25 % SOLUCION NASAL,https://mav.farmaciasaas.com/api/images/articulos/DISTRIBUCION/2250.jpg,,47992,17559,blanco,error,storage.from(...).upload is not a function
38736,RISPERID 2 MG X 30 COMPRIMIDOS RECUBIERTOS,https://mav.farmaciasaas.com/api/images/articulos/DISTRIBUCION/94360.jpg,,65740,33516,blanco,error,storage.from(...).upload is not a function
38737,RISPERID 3 MG X 30 COMPRIMIDOS RECUBIERTOS,https://mav.farmaciasaas.com/api/images/articulos/DISTRIBUCION/94359.jpg,,45196,18721,blanco,error,storage.from(...).upload is not a function
38738,RISPERID 1 MG / ML X 30 SOLUCION ORAL,https://mav.farmaciasaas.com/api/images/articulos/DISTRIBUCION/90686.jpg,,67153,33684,blanco,error,storage.from(...).upload is not a function
38740,RISPERIDONA 2 MG X 20 TABLETAS RECUBIERTAS,https://mav.farmaciasaas.com/api/images/articulos/DISTRIBUCION/97451.jpg,,24890,16311,blanco,error,storage.from(...).upload is not a function
38739,RISPERID 1 MG X 30 COMPRIMIDOS RECUBIERTOS,https://mav.farmaciasaas.com/api/images/articulos/DISTRIBUCION/95023.jpg,,71082,37732,blanco,error,storage.from(...).upload is not a function
38742,RISTONEL 50 MG X 30 COMPRIMIDOS RECUBIERTOS,https://mav.farmaciasaas.com/api/images/articulos/DISTRIBUCION/53558.jpg,,19409,12083,blanco,error,storage.from(...).upload is not a function
38741,RISTONEL 100 MG X 30 COMPRIMIDOS RECUBIERTOS,https://mav.farmaciasaas.com/api/images/articulos/DISTRIBUCION/53559.jpg,,46750,19081,blanco,error,storage.from(...).upload is not a function
38743,RITROMI 500 MG X 10 TABLETAS RECUBIERTAS,https://mav.farmaciasaas.com/api/images/articulos/DISTRIBUCION/29497.jpg,,46199,19937,blanco,error,storage.from(...).upload is not a function
38747,RONARES 500 MG - 4 MG X 10 COMPRIMIDOS,https://mav.farmaciasaas.com/api/images/articulos/DISTRIBUCION/53742.jpg,,89780,49357,blanco,error,storage.from(...).upload is not a function
38749,ROSUVASTATINA 20 MG X 30 COMPRIMIDOS RECUBIERTOS,https://mav.farmaciasaas.com/api/images/articulos/DISTRIBUCION/99560.jpg,,71181,36655,blanco,error,storage.from(...).upload is not a function
38753,ROVARTAL 10 MG X 30 COMPRIMIDOS RECUBIERTOS,https://mav.farmaciasaas.com/api/images/articulos/DISTRIBUCION/9989.jpg,,64717,33080,blanco,error,storage.from(...).upload is not a function
38755,ROWELUK 5 MG X 10 COMPRIMIDOS MASTICABLES,https://mav.farmaciasaas.com/api/images/articulos/DISTRIBUCION/26093.jpg,,56363,25207,blanco,error,storage.from(...).upload is not a function
38756,ROWELUK 5 MG X 30 COMPRIMIDOS MASTICABLES,https://mav.farmaciasaas.com/api/images/articulos/DISTRIBUCION/92735.jpg,,65759,30789,blanco,error,storage.from(...).upload is not a function
38754,ROVARTAL 40 MG X 30 COMPRIMIDOS RECUBIERTOS,https://mav.farmaciasaas.com/api/images/articulos/DISTRIBUCION/94461.jpg,,61745,30569,blanco,error,storage.from(...).upload is not a function
38757,ROWELUK 10 MG X 10 COMPRIMIDOS RECUBIERTOS,https://pccentro.net.ve/img/s/5/6/3/8/8/56388-large_default.webp,,13536,30153,blanco,error,storage.from(...).upload is not a function
38758,ROWELUK 4 MG X 30 COMPRIMIDOS MASTICABLES,https://mav.farmaciasaas.com/api/images/articulos/DISTRIBUCION/92735.jpg,,65759,30789,blanco,error,storage.from(...).upload is not a function
38760,RUBIZON 20 MG X 35 TABLETAS RECUBIERTAS,https://mav.farmaciasaas.com/api/images/articulos/DISTRIBUCION/54290.jpg,,26764,19469,blanco,error,storage.from(...).upload is not a function
38761,SADOXOL 50 MG X 30 TABLETAS,https://mav.farmaciasaas.com/api/images/articulos/DISTRIBUCION/54369.jpg,,13593,6797,blanco,error,storage.from(...).upload is not a function
38759,ROWELUK 4 MG X 10 COMPRIMIDOS MASTICABLES,https://mav.farmaciasaas.com/api/images/articulos/DISTRIBUCION/25403.jpg,,57266,24472,blanco,error,storage.from(...).upload is not a function
38766,SAVER 500 MG X 5 COMPRIMIDOS RECUBIERTOS,https://mav.farmaciasaas.com/api/images/articulos/DISTRIBUCION/207.jpg,,48656,20636,blanco,error,storage.from(...).upload is not a function
38767,SECNIDAZOL 500 MG X 4 TABLETAS RECUBIERTAS,https://mav.farmaciasaas.com/api/images/articulos/DISTRIBUCION/3004.jpg,,87232,42292,blanco,error,storage.from(...).upload is not a function
38768,SECNIDAZOL 1 G COMPRIMIDOS RECUBIERTOS,https://mav.farmaciasaas.com/api/images/articulos/DISTRIBUCION/52517.jpg,,51681,23057,blanco,error,storage.from(...).upload is not a function
38769,SECNIDAZOL 1 G X 2 TABLETAS RECUBIERTAS,https://mav.farmaciasaas.com/api/images/articulos/DISTRIBUCION/8585.jpg,,62559,26457,blanco,error,storage.from(...).upload is not a function
38771,SECNIDAZOL 500 MG X 4 COMPRIMIDOS,https://pccentro.net.ve/img/s/7/6/1/1/8/76118-large_default.webp,,16726,16313,blanco,error,storage.from(...).upload is not a function
38772,SECNIDAZOL 1 G X 2 TABLETAS RECUBIERTAS,https://mav.farmaciasaas.com/api/images/articulos/DISTRIBUCION/92494.jpg,,245068,33276,blanco,error,storage.from(...).upload is not a function
38773,SECNIDEX 500 MG X 4 TABLETAS RECUBIERTAS,https://mav.farmaciasaas.com/api/images/articulos/DISTRIBUCION/92854.jpg,,430598,43793,blanco,error,storage.from(...).upload is not a function
38774,SELENE 400 UI - 70 MCG X 30 CAPSULAS BLANDAS,https://mav.farmaciasaas.com/api/images/articulos/DISTRIBUCION/4898.jpg,,80274,39446,blanco,error,storage.from(...).upload is not a function
38776,SERETIDE 25 MCG - 50 MCG DOSIS X 120 SUSPENSION PARA INHALACION ORAL,https://mav.farmaciasaas.com/api/images/articulos/DISTRIBUCION/50864.jpg,,66322,28101,blanco,error,storage.from(...).upload is not a function
38777,SERLINE 100 MG X 10 COMPRIMIDOS,https://mav.farmaciasaas.com/api/images/articulos/DISTRIBUCION/3699.jpg,,55472,23781,blanco,error,storage.from(...).upload is not a function
38778,SERLINE 50 MG X 10 COMPRIMIDOS,https://mav.farmaciasaas.com/api/images/articulos/DISTRIBUCION/11400.jpg,,39295,14720,blanco,error,storage.from(...).upload is not a function
38780,SERTRALINA 50 MG X 30 TABLETAS,https://pccentro.net.ve/img/s/8/4/0/3/2/84032-large_default.webp,,77126,39194,blanco,error,storage.from(...).upload is not a function
38782,SERTRALINA 50 MG X 10 TABLETAS,https://pccentro.net.ve/img/s/2/3/0/1/3/23013-large_default.webp,,19318,24749,blanco,error,storage.from(...).upload is not a function
38783,SERTRALINA 50 MG X 10 COMPRIMIDOS RECUBIERTOS,https://mav.farmaciasaas.com/api/images/articulos/DISTRIBUCION/2558.jpg,,60531,28947,blanco,error,storage.from(...).upload is not a function
38785,SERTRALINA 50 MG X 30 COMPRIMIDOS RECUBIERTOS,https://mav.farmaciasaas.com/api/images/articulos/DISTRIBUCION/51984.jpg,,51682,22842,blanco,error,storage.from(...).upload is not a function
38788,SIDAZOL 100 MG X 30 TABLETAS,https://mav.farmaciasaas.com/api/images/articulos/DISTRIBUCION/53221.jpg,,70301,32156,blanco,error,storage.from(...).upload is not a function
38787,SESAREN XR 150 MG X 15 CAPSULAS CON MICROGRANULOS DE LIBERACION PROLONGADA,https://mav.farmaciasaas.com/api/images/articulos/DISTRIBUCION/8574.jpg,,61518,29966,blanco,error,storage.from(...).upload is not a function
38789,SIDAZOL 50 MG X 30 TABLETAS,https://mav.farmaciasaas.com/api/images/articulos/DISTRIBUCION/53222.jpg,,69959,32004,blanco,error,storage.from(...).upload is not a function
38790,SIGLUTAN 50 MG-500 MG X 30 TABLETAS RECUBIERTAS,https://mav.farmaciasaas.com/api/images/articulos/DISTRIBUCION/22555.jpg,,62208,28701,blanco,error,storage.from(...).upload is not a function
38791,SILDENAFILO 50 MG X 1 TABLETA RECUBIERTA,https://mav.farmaciasaas.com/api/images/articulos/DISTRIBUCION/53621.jpg,,40105,15540,blanco,error,storage.from(...).upload is not a function
38792,SILDENAFILO 50 MG X 2 TABLETAS RECUBIERTAS,https://mav.farmaciasaas.com/api/images/articulos/DISTRIBUCION/53622.jpg,,46876,21891,blanco,error,storage.from(...).upload is not a function
38794,SILDEX 100 MG X 1 TABLETA RECUBIERTA,https://mav.farmaciasaas.com/api/images/articulos/DISTRIBUCION/23468.jpg,,607712,51081,blanco,error,storage.from(...).upload is not a function
38796,SILDEX 50 MG X 1 TABLETA RECUBIERTA,https://mav.farmaciasaas.com/api/images/articulos/DISTRIBUCION/90912.jpg,,615525,52501,blanco,error,storage.from(...).upload is not a function
38795,SILDEX 100 MG X 2 TABLETAS RECUBIERTAS,https://mav.farmaciasaas.com/api/images/articulos/DISTRIBUCION/23469.jpg,,660591,56889,blanco,error,storage.from(...).upload is not a function
38797,SILDEX 50 MG X 2 TABLETAS RECUBIERTAS,https://mav.farmaciasaas.com/api/images/articulos/DISTRIBUCION/94885.jpg,,548362,48566,blanco,error,storage.from(...).upload is not a function
38798,SINUTIL 80 MG - 0.5 MG / ML SOLUCION ORAL,https://mav.farmaciasaas.com/api/images/articulos/DISTRIBUCION/19538.jpg,,75719,37012,blanco,error,storage.from(...).upload is not a function
38803,SITAGLIS MET 50 MG-1000 MG X 28 COMPRIMIDOS RECUBIERTOS,https://mav.farmaciasaas.com/api/images/articulos/DISTRIBUCION/26930.jpg,,72601,35666,blanco,error,storage.from(...).upload is not a function
38804,SOMAZINA 500 MG X 30 COMPRIMIDOS RECUBIERTOS,https://mav.farmaciasaas.com/api/images/articulos/DISTRIBUCION/1568.jpg,,56818,24535,blanco,error,storage.from(...).upload is not a function
38805,SOMAZINA 1000 MG / 4 ML X 5 AMPOLLAS,https://pccentro.net.ve/img/s/6/9/8/8/3/69883-large_default.webp,,11578,26887,blanco,error,storage.from(...).upload is not a function
38811,SULIXTRA 0.4 MG X 30 CAPSULAS DE LIBERACION PROLONGADA,https://mav.farmaciasaas.com/api/images/articulos/DISTRIBUCION/21026.jpg,,67726,32701,blanco,error,storage.from(...).upload is not a function
38809,SULFADIAZINA DE PLATA 1 % CREMA,https://mav.farmaciasaas.com/api/images/articulos/DISTRIBUCION/23082.jpg,,59993,25165,blanco,error,storage.from(...).upload is not a function
38812,SULIXTRA DUO 0.4 MG - 0.5 MG X 10 CAPSULAS DE LIBERACION PROLONGADA,https://mav.farmaciasaas.com/api/images/articulos/DISTRIBUCION/21023.jpg,,78580,37532,blanco,error,storage.from(...).upload is not a function
38813,SULIXTRA DUO 0.4 MG - 0.5 MG X 30 CAPSULAS DE LIBERACION PROLONGADA,https://mav.farmaciasaas.com/api/images/articulos/DISTRIBUCION/21024.jpg,,78730,37626,blanco,error,storage.from(...).upload is not a function
38814,SULPIR 25 MG X 30 COMPRIMIDOS,https://mav.farmaciasaas.com/api/images/articulos/DISTRIBUCION/52407.jpg,,70571,30926,blanco,error,storage.from(...).upload is not a function
38816,SULTRIM 400 MG – 80 MG X 20 TABLETAS,https://mav.farmaciasaas.com/api/images/articulos/DISTRIBUCION/52000.jpg,,44970,18442,blanco,error,storage.from(...).upload is not a function
38815,SULTAMICILINA 750 MG X 12 TABLETAS RECUBIERTAS,https://mav.farmaciasaas.com/api/images/articulos/DISTRIBUCION/50175.jpg,,58207,26582,blanco,error,storage.from(...).upload is not a function
38817,SUPRAMYCINA FORTE 200 MG X 10 TABLETAS,https://mav.farmaciasaas.com/api/images/articulos/DISTRIBUCION/52474.jpg,,46544,18305,blanco,error,storage.from(...).upload is not a function
38818,SUPRAMYCINA 100 MG X 10 TABLETAS,https://mav.farmaciasaas.com/api/images/articulos/DISTRIBUCION/52475.jpg,,50571,19615,blanco,error,storage.from(...).upload is not a function
38820,TACHIFORTE 1 G X 20 TABLETAS,https://mav.farmaciasaas.com/api/images/articulos/DISTRIBUCION/13061.jpg,,62050,28929,blanco,error,storage.from(...).upload is not a function
38819,SURIDE 25 MG X 30 COMPRIMIDOS RECUBIERTOS,https://mav.farmaciasaas.com/api/images/articulos/DISTRIBUCION/98364.jpg,,179400,36350,blanco,error,storage.from(...).upload is not a function
38821,TACHIFORTE 650 MG X 10 TABLETAS,https://mav.farmaciasaas.com/api/images/articulos/DISTRIBUCION/93366.jpg,,49517,20906,blanco,error,storage.from(...).upload is not a function
38822,TACHIPIRIN 125 MG X 6 SUPOSITORIOS,https://mav.farmaciasaas.com/api/images/articulos/DISTRIBUCION/5253.jpg,,66754,30234,blanco,error,storage.from(...).upload is not a function
38824,TADAFOX 20 MG X 1 TABLETA RECUBIERTA,https://mav.farmaciasaas.com/api/images/articulos/DISTRIBUCION/99317.jpg,,158470,24429,blanco,error,storage.from(...).upload is not a function
38825,TADAFOX 20 MG X 2 TABLETAS RECUBIERTAS,https://mav.farmaciasaas.com/api/images/articulos/DISTRIBUCION/99316.jpg,,53561,22998,blanco,error,storage.from(...).upload is not a function
38826,TADALAFILO 20 MG X 1 TABLETA RECUBIERTA,https://mav.farmaciasaas.com/api/images/articulos/DISTRIBUCION/97341.jpg,,69295,34112,blanco,error,storage.from(...).upload is not a function
38827,TADALAFILO 20 MG X 2 TABLETAS RECUBIERTAS,https://pccentro.net.ve/img/s/8/4/1/1/3/84113-large_default.webp,,44126,30894,blanco,error,storage.from(...).upload is not a function
38829,TADIFIL 5 MG X 30 COMPRIMIDOS RECUBIERTOS,https://mav.farmaciasaas.com/api/images/articulos/DISTRIBUCION/16883.jpg,,48085,21089,blanco,error,storage.from(...).upload is not a function
38830,TADIFIL 20 MG X 1 COMPRIMIDO RECUBIERTO,https://mav.farmaciasaas.com/api/images/articulos/DISTRIBUCION/99201.jpg,,49227,22081,blanco,error,storage.from(...).upload is not a function
38828,TADALAFILO 5 MG X 30 TABLETAS RECUBIERTAS,https://pccentro.net.ve/img/s/7/0/1/7/7/70177-large_default.webp,,12640,25784,blanco,error,storage.from(...).upload is not a function
38831,TADIFIL 20 MG X 2 COMPRIMIDOS RECUBIERTOS,https://mav.farmaciasaas.com/api/images/articulos/DISTRIBUCION/99199.jpg,,47989,21003,blanco,error,storage.from(...).upload is not a function
38832,TALERC 10 MG X 10 COMPRIMIDOS,https://mav.farmaciasaas.com/api/images/articulos/DISTRIBUCION/8473.jpg,,49288,20953,blanco,error,storage.from(...).upload is not a function
38835,TALZIC 10 MG X 10 COMPRIMIDOS RECUBIERTOS,https://mav.farmaciasaas.com/api/images/articulos/DISTRIBUCION/10310.jpg,,37213,12857,blanco,error,storage.from(...).upload is not a function
38837,TALZIC 1 MG / ML SOLUCION ORAL,https://mav.farmaciasaas.com/api/images/articulos/DISTRIBUCION/3978.jpg,,49318,20114,blanco,error,storage.from(...).upload is not a function
38839,TAMOSTIN 0.4 MG X 30 CAPSULAS DE LIBERACION PROLONGADA,https://mav.farmaciasaas.com/api/images/articulos/DISTRIBUCION/54206.jpg,,60872,28124,blanco,error,storage.from(...).upload is not a function
38836,TALZIC 10 MG / ML SOLUCION ORAL,https://mav.farmaciasaas.com/api/images/articulos/DISTRIBUCION/10891.jpg,,608942,26732,blanco,error,storage.from(...).upload is not a function
38840,TAMOSTIN 0.4 MG X 20 CAPSULAS DE LIBERACION PROLONGADA,https://pccentro.net.ve/img/s/5/4/8/7/7/54877-large_default.webp,,15900,34052,blanco,error,storage.from(...).upload is not a function
38845,TANTUN 0.1 % SOLUCION DUCHA VAGINAL,https://mav.farmaciasaas.com/api/images/articulos/DISTRIBUCION/8116.jpg,,57762,26264,blanco,error,storage.from(...).upload is not a function
38846,TAPAZOL 5 MG X 60 TABLETAS,https://pccentro.net.ve/img/s/9/4/8/3/1/94831-large_default.webp,,55914,28727,blanco,error,storage.from(...).upload is not a function
38847,TEKRON 200 MG X 10 COMPRIMIDOS RECUBIERTOS,https://pccentro.net.ve/img/s/7/8/8/6/8/78868-large_default.webp,,34420,22376,blanco,error,storage.from(...).upload is not a function
38848,TEKRON 200 MG X 30 COMPRIMIDOS RECUBIERTOS,https://mav.farmaciasaas.com/api/images/articulos/DISTRIBUCION/90990.jpg,,66706,30602,blanco,error,storage.from(...).upload is not a function
38849,TENSOMAX 30 MG X 30 CAPSULAS DE LIBERACION PROLONGADA,https://mav.farmaciasaas.com/api/images/articulos/DISTRIBUCION/30143.jpg,,69308,34680,blanco,error,storage.from(...).upload is not a function
38850,TENSOMAX 30 MG X 10 CAPSULAS DE LIBERACION PROLONGADA,https://pccentro.net.ve/img/s/5/4/9/6/3/54963-large_default.webp,,26864,49195,blanco,error,storage.from(...).upload is not a function
38851,TENSOPIN 20 MG / ML SOLUCION ORAL,https://mav.farmaciasaas.com/api/images/articulos/DISTRIBUCION/6991.jpg,,77157,38703,blanco,error,storage.from(...).upload is not a function
38853,TERAGRIPFORTE 650 MG-20 MG-2 MG X 6 GRANULADO PARA SOLUCION ORAL,https://mav.farmaciasaas.com/api/images/articulos/DISTRIBUCION/92190.jpg,,80936,39028,blanco,error,storage.from(...).upload is not a function
38854,TERAGRIPFORTE 650 MG-20 MG-2 MG X 10 GRANULADO PARA SOLUCION ORAL,https://mav.farmaciasaas.com/api/images/articulos/DISTRIBUCION/92190.jpg,,80936,39028,blanco,error,storage.from(...).upload is not a function
38857,TIALIN 100 MG X 10 COMPRIMIDOS,https://mav.farmaciasaas.com/api/images/articulos/DISTRIBUCION/13811.jpg,,51092,22390,blanco,error,storage.from(...).upload is not a function
38858,TIALIN 50 MG X 10 COMPRIMIDOS,https://mav.farmaciasaas.com/api/images/articulos/DISTRIBUCION/10964.jpg,,39498,15132,blanco,error,storage.from(...).upload is not a function
38859,TIALIN 50 MG X 30 COMPRIMIDOS,https://mav.farmaciasaas.com/api/images/articulos/DISTRIBUCION/1374.jpg,,51717,24167,blanco,error,storage.from(...).upload is not a function
38860,TIDOR 2 % - 0.5 % SOLUCION OFTALMICA,https://mav.farmaciasaas.com/api/images/articulos/DISTRIBUCION/25402.jpg,,47411,19505,blanco,error,storage.from(...).upload is not a function
38865,TIOCHAX PLUS 400 MG - 4 MG X 10 TABLETAS RECUBIERTAS,https://mav.farmaciasaas.com/api/images/articulos/DISTRIBUCION/26615.jpg,,427240,43505,blanco,error,storage.from(...).upload is not a function
38864,TINIDAZOL 500 MG X 4 TABLETAS RECUBIERTAS,https://mav.farmaciasaas.com/api/images/articulos/DISTRIBUCION/29067.jpg,,475827,47722,blanco,error,storage.from(...).upload is not a function
38866,TIOCHAX 4 MG X 12 COMPRIMIDOS,https://mav.farmaciasaas.com/api/images/articulos/DISTRIBUCION/91151.jpg,,465217,45182,blanco,error,storage.from(...).upload is not a function
38867,TIOCOL 8 MG X 10 TABLETAS RECUBIERTAS,https://mav.farmaciasaas.com/api/images/articulos/DISTRIBUCION/26009.jpg,,56696,25844,blanco,error,storage.from(...).upload is not a function
38871,TIOCOLCHICOSIDO 4 MG X 10 COMPRIMIDOS,https://mav.farmaciasaas.com/api/images/articulos/DISTRIBUCION/26050.jpg,,61445,29270,blanco,error,storage.from(...).upload is not a function
38873,TIOCOLCHICOSIDO 4 MG X 12 TABLETAS,https://pccentro.net.ve/img/s/8/4/1/7/0/84170-large_default.webp,,40454,28954,blanco,error,storage.from(...).upload is not a function
38872,TIOCOLCHICOSIDO 4 MG X 12 TABLETAS,https://mav.farmaciasaas.com/api/images/articulos/DISTRIBUCION/6808.jpg,,174996,34811,blanco,error,storage.from(...).upload is not a function
38874,TIOCOLFEN 600 MG - 4 MG X 10 TABLETAS RECUBIERTAS,https://pccentro.net.ve/img/s/8/1/0/1/6/81016-large_default.webp,,52862,29082,blanco,error,storage.from(...).upload is not a function
38877,TOBRASOL 0.3 % SOLUCION OFTALMICA,https://mav.farmaciasaas.com/api/images/articulos/DISTRIBUCION/8684.jpg,,53873,21494,blanco,error,storage.from(...).upload is not a function
38878,TODENAC 0.3 % - 0.1 % SOLUCION OFTALMICA,https://mav.farmaciasaas.com/api/images/articulos/DISTRIBUCION/5780.jpg,,71200,27207,blanco,error,storage.from(...).upload is not a function
38879,TOLNAFTAN 1 % SOLUCION,https://mav.farmaciasaas.com/api/images/articulos/DISTRIBUCION/3539.jpg,,66666,30808,blanco,error,storage.from(...).upload is not a function
38883,TORIVAS 50 MG X 30 TABLETAS RECUBIERTAS,https://mav.farmaciasaas.com/api/images/articulos/DISTRIBUCION/15607.jpg,,21828,14009,blanco,error,storage.from(...).upload is not a function
38881,TONUM 1 MG / ML SUSPENSION ORAL,https://mav.farmaciasaas.com/api/images/articulos/DISTRIBUCION/9640.jpg,,40682,14184,blanco,error,storage.from(...).upload is not a function
38885,TRACEVAL 325 MG - 37.5 MG X 20 TABLETAS RECUBIERTAS,https://mav.farmaciasaas.com/api/images/articulos/DISTRIBUCION/99313.jpg,,244547,36034,blanco,error,storage.from(...).upload is not a function
38882,TONUM 10 MG X 30 TABLETAS,https://mav.farmaciasaas.com/api/images/articulos/DISTRIBUCION/95057.jpg,,176977,34272,blanco,error,storage.from(...).upload is not a function
38887,TRACTIL 4 MG X 12 COMPRIMIDOS,https://mav.farmaciasaas.com/api/images/articulos/DISTRIBUCION/4638.jpg,,74381,37441,blanco,error,storage.from(...).upload is not a function
38886,TRACTIL FORTE 8 MG X 10 COMPRIMIDOS,https://mav.farmaciasaas.com/api/images/articulos/DISTRIBUCION/28504.jpg,,86333,44391,blanco,error,storage.from(...).upload is not a function
38888,TRALIX 50 MG X 30 TABLETAS,https://mav.farmaciasaas.com/api/images/articulos/DISTRIBUCION/50749.jpg,,44797,18598,blanco,error,storage.from(...).upload is not a function
38890,TRAMAL 100 MG / ML SOLUCION ORAL,https://pccentro.net.ve/img/s/7/4/5/9/5/74595-large_default.webp,,24100,45279,blanco,error,storage.from(...).upload is not a function
38892,TRIMBUTOP 200 MG X 10 COMPRIMIDOS,https://mav.farmaciasaas.com/api/images/articulos/DISTRIBUCION/54049.jpg,,49419,21385,blanco,error,storage.from(...).upload is not a function
38891,TRICOX 60 MG X 14 TABLETAS RECUBIERTAS,https://mav.farmaciasaas.com/api/images/articulos/DISTRIBUCION/50716.jpg,,69575,33326,blanco,error,storage.from(...).upload is not a function
38894,TRIMEBUTINA MALEATO 200 MG X 30 TABLETAS,https://mav.farmaciasaas.com/api/images/articulos/DISTRIBUCION/26921.jpg,,70385,33871,blanco,error,storage.from(...).upload is not a function
38895,TRIMEBUTINA 300 MG X 10 COMPRIMIDOS RECUBIERTOS DE LIBERACION PROLONGADA,https://pccentro.net.ve/img/s/6/3/8/3/8/63838-large_default.webp,,18838,37758,blanco,error,storage.from(...).upload is not a function
38898,TRITTICO 100 MG X 30 TABLETAS,https://mav.farmaciasaas.com/api/images/articulos/DISTRIBUCION/4228.jpg,,43084,16261,blanco,error,storage.from(...).upload is not a function
38897,TRIPUR 80 MG - 400 MG X 20 COMPRIMIDOS,https://mav.farmaciasaas.com/api/images/articulos/DISTRIBUCION/6516.jpg,,51285,21707,blanco,error,storage.from(...).upload is not a function
38900,ULCENOL 20 MG X 10 TABLETAS,https://mav.farmaciasaas.com/api/images/articulos/DISTRIBUCION/2298.jpg,,43370,17679,blanco,error,storage.from(...).upload is not a function
38899,TRITTICO 50 MG X 30 TABLETAS,https://mav.farmaciasaas.com/api/images/articulos/DISTRIBUCION/4227.jpg,,46293,18785,blanco,error,storage.from(...).upload is not a function
38902,ULCON 1 G X 20 TABLETAS,https://mav.farmaciasaas.com/api/images/articulos/DISTRIBUCION/16823.jpg,,48486,19955,blanco,error,storage.from(...).upload is not a function
38901,ULCENOL 40 MG X 20 TABLETAS,https://mav.farmaciasaas.com/api/images/articulos/DISTRIBUCION/92083.jpg,,48501,19580,blanco,error,storage.from(...).upload is not a function
38903,ULCRAF 1 G / 5 ML SUSPENSION ORAL,https://mav.farmaciasaas.com/api/images/articulos/DISTRIBUCION/50165.jpg,,90742,46300,blanco,error,storage.from(...).upload is not a function
38904,ULGARIN 20 MG X 16 CAPSULAS,https://mav.farmaciasaas.com/api/images/articulos/DISTRIBUCION/23023.jpg,,56694,24313,blanco,error,storage.from(...).upload is not a function
38905,ULGARIN 20 MG X 28 CAPSULAS,https://mav.farmaciasaas.com/api/images/articulos/DISTRIBUCION/13252.jpg,,49932,21160,blanco,error,storage.from(...).upload is not a function
38908,ULTAMYN 750 MG X 10 TABLETAS RECUBIERTAS,https://mav.farmaciasaas.com/api/images/articulos/DISTRIBUCION/27001.jpg,,63870,30131,blanco,error,storage.from(...).upload is not a function
38907,ULGARIN 40 MG X 32 CAPSULAS,https://mav.farmaciasaas.com/api/images/articulos/DISTRIBUCION/13323.jpg,,67928,32870,blanco,error,storage.from(...).upload is not a function
38906,ULGARIN 40 MG X 16 CAPSULAS,https://mav.farmaciasaas.com/api/images/articulos/DISTRIBUCION/23886.jpg,,66255,32981,blanco,error,storage.from(...).upload is not a function
38909,URODUTAN 200 MG X 10 TABLETAS RECUBIERTAS,https://mav.farmaciasaas.com/api/images/articulos/DISTRIBUCION/22852.jpg,,44143,17273,blanco,error,storage.from(...).upload is not a function
38911,VALACICLOVIR 500 MG X 10 TABLETAS RECUBIERTAS,https://mav.farmaciasaas.com/api/images/articulos/DISTRIBUCION/24670.jpg,,54273,24019,blanco,error,storage.from(...).upload is not a function
38918,VALSARTAN - HIDROCLOROTIAZIDA 160 MG - 12.5 MG X 30 TABLETAS RECUBIERTAS,https://mav.farmaciasaas.com/api/images/articulos/DISTRIBUCION/54468.jpg,,28294,20230,blanco,error,storage.from(...).upload is not a function
38914,VALSARTAN 160 MG X 28 COMPRIMIDOS RECUBIERTOS,https://mav.farmaciasaas.com/api/images/articulos/DISTRIBUCION/54193.jpg,,70316,34214,blanco,error,storage.from(...).upload is not a function
38917,VALSARTAN 160 MG X 7 CAPSULAS,https://mav.farmaciasaas.com/api/images/articulos/DISTRIBUCION/2620.jpg,,58153,27296,blanco,error,storage.from(...).upload is not a function
38919,VALSARTAN - HIDROCLOROTIAZIDA 160 MG - 12.5 MG X 14 TABLETAS RECUBIERTAS,https://mav.farmaciasaas.com/api/images/articulos/DISTRIBUCION/96316.jpg,,72902,36432,blanco,error,storage.from(...).upload is not a function
38920,VALSARTAN 80 MG X 14 CAPSULAS,https://mav.farmaciasaas.com/api/images/articulos/DISTRIBUCION/22949.jpg,,65959,31441,blanco,error,storage.from(...).upload is not a function
38921,VALSARTAN 80 MG X 30 CAPSULAS,https://mav.farmaciasaas.com/api/images/articulos/DISTRIBUCION/99797.jpg,,66468,29427,blanco,error,storage.from(...).upload is not a function
38925,VALSARTAN - HIDROCLOROTIAZIDA 80 MG - 12.5 MG X 14 TABLETAS RECUBIERTAS,https://mav.farmaciasaas.com/api/images/articulos/DISTRIBUCION/9838.jpg,,26351,17559,blanco,error,storage.from(...).upload is not a function
38924,VALSARTAN - HIDROCLOROTIAZIDA 80 MG - 12.5 MG X 28 TABLETAS RECUBIERTAS,https://mav.farmaciasaas.com/api/images/articulos/DISTRIBUCION/54281.jpg,,70901,31227,blanco,error,storage.from(...).upload is not a function
38934,VASPITOR 20 MG X 30 COMPRIMIDOS RECUBIERTOS,https://mav.farmaciasaas.com/api/images/articulos/DISTRIBUCION/50578.jpg,,74177,34080,blanco,error,storage.from(...).upload is not a function
38935,VASPITOR 20 MG X 10 COMPRIMIDOS RECUBIERTOS,https://mav.farmaciasaas.com/api/images/articulos/DISTRIBUCION/52641.jpg,,78981,37308,blanco,error,storage.from(...).upload is not a function
38936,VASPITOR 40 MG X 30 COMPRIMIDOS RECUBIERTOS,https://mav.farmaciasaas.com/api/images/articulos/DISTRIBUCION/50530.jpg,,75598,34828,blanco,error,storage.from(...).upload is not a function
38937,VASPITOR 40 MG X 10 COMPRIMIDOS RECUBIERTOS,https://mav.farmaciasaas.com/api/images/articulos/DISTRIBUCION/52642.jpg,,77047,33770,blanco,error,storage.from(...).upload is not a function
38938,VASSLUTEN HCT 300 MG - 12.5 MG TABLETAS,https://mav.farmaciasaas.com/api/images/articulos/DISTRIBUCION/26022.jpg,,53992,24956,blanco,error,storage.from(...).upload is not a function
38939,VASSLUTEN HCT 150 MG - 12.5 MG TABLETAS,https://mav.farmaciasaas.com/api/images/articulos/DISTRIBUCION/15696.jpg,,46068,17961,blanco,error,storage.from(...).upload is not a function
38940,VECTUS 20 MG X 1 TABLETA RECUBIERTA,https://mav.farmaciasaas.com/api/images/articulos/DISTRIBUCION/29011.jpg,,69680,32286,blanco,error,storage.from(...).upload is not a function
38941,VECTUS 20 MG X 2 TABLETAS RECUBIERTAS,https://mav.farmaciasaas.com/api/images/articulos/DISTRIBUCION/29012.jpg,,43698,17513,blanco,error,storage.from(...).upload is not a function
38942,VECTUS 5 MG X 10 TABLETAS RECUBIERTAS,https://mav.farmaciasaas.com/api/images/articulos/DISTRIBUCION/30204.jpg,,46604,19051,blanco,error,storage.from(...).upload is not a function
38943,VECTUS 5 MG X 20 TABLETAS RECUBIERTAS,https://mav.farmaciasaas.com/api/images/articulos/DISTRIBUCION/30212.jpg,,69680,32286,blanco,error,storage.from(...).upload is not a function
38946,DIOSMINA - HESPERIDINA 450 MG - 50 MG X 10 CAPSULAS BLANDAS,https://pccentro.net.ve/img/s/8/5/8/3/1/85831-large_default.webp,,40294,26652,blanco,error,storage.from(...).upload is not a function
38944,VECTUS 5 MG X 30 TABLETAS RECUBIERTAS,https://mav.farmaciasaas.com/api/images/articulos/DISTRIBUCION/30213.jpg,,57846,24668,blanco,error,storage.from(...).upload is not a function
38947,VESTAX 650 MG X 10 TABLETAS,https://mav.farmaciasaas.com/api/images/articulos/DISTRIBUCION/9373.jpg,,69761,33495,blanco,error,storage.from(...).upload is not a function
38948,VIAJESAN 50 MG X 10 TABLETAS RECUBIERTAS,https://mav.farmaciasaas.com/api/images/articulos/DISTRIBUCION/3034.jpg,,22530,15196,blanco,error,storage.from(...).upload is not a function
38950,VIASEK 50 MG X 1 COMPRIMIDO RECUBIERTO,https://mav.farmaciasaas.com/api/images/articulos/DISTRIBUCION/5327.jpg,,27190,19616,blanco,error,storage.from(...).upload is not a function
38951,VIGRASOL 50 MG X 1 COMPRIMIDO RECUBIERTO,https://mav.farmaciasaas.com/api/images/articulos/DISTRIBUCION/7331.jpg,,32246,23168,blanco,error,storage.from(...).upload is not a function
38949,VIASEK 50 MG X 2 COMPRIMIDOS RECUBIERTOS,https://mav.farmaciasaas.com/api/images/articulos/DISTRIBUCION/2929.jpg,,79253,41717,blanco,error,storage.from(...).upload is not a function
38953,VIROSUPRIL 5 % CREMA,https://mav.farmaciasaas.com/api/images/articulos/DISTRIBUCION/90463.jpg,,42203,16749,blanco,error,storage.from(...).upload is not a function
38957,FARMAD 1000 UI X 30 TABLETAS RECUBIERTAS,https://mav.farmaciasaas.com/api/images/articulos/DISTRIBUCION/96976.jpg,,73611,36215,blanco,error,storage.from(...).upload is not a function
38968,VITAMINA E 400 UI X 30 CAPSULAS BLANDAS,https://pccentro.net.ve/img/s/7/7/8/5/8/77858-large_default.webp,,78250,44230,blanco,error,storage.from(...).upload is not a function
38971,VITADYN C 500 MG TABLETAS MASTICABLES SABOR A FRUTAS TROPICALES X 10 TABLETAS,https://mav.farmaciasaas.com/api/images/articulos/DISTRIBUCION/11403.jpg,,53763,20573,blanco,error,storage.from(...).upload is not a function
38969,VITAMINA E 400 UI X 50 CAPSULAS BLANDAS,https://pccentro.net.ve/img/s/8/2/7/4/6/82746-large_default.webp,,73314,41968,blanco,error,storage.from(...).upload is not a function
38972,VITADYN C 500 MG TABLETAS MASTICABLES SABOR A FRUTAS TROPICALES X 30 TABLETAS,https://mav.farmaciasaas.com/api/images/articulos/DISTRIBUCION/30132.jpg,,92170,33885,blanco,error,storage.from(...).upload is not a function
38975,VITENOL CREMA,https://mav.farmaciasaas.com/api/images/articulos/DISTRIBUCION/3832.jpg,,49347,19963,blanco,error,storage.from(...).upload is not a function
38976,VIZERUL 75 MG X 10 COMPRIMIDOS RECUBIERTOS,https://mav.farmaciasaas.com/api/images/articulos/DISTRIBUCION/111.jpg,,82065,22856,blanco,error,storage.from(...).upload is not a function
38978,VIZERUL 150 MG / 10 ML X 10 SOLUCION ORAL,https://mav.farmaciasaas.com/api/images/articulos/DISTRIBUCION/93730.jpg,,68315,33804,blanco,error,storage.from(...).upload is not a function
38977,VIZERUL 75 MG X 20 COMPRIMIDOS RECUBIERTOS,https://mav.farmaciasaas.com/api/images/articulos/DISTRIBUCION/24115.jpg,,108862,30822,blanco,error,storage.from(...).upload is not a function
38979,VOLCOFEN 75 MG / 3 ML X 1 AMPOLLA,https://mav.farmaciasaas.com/api/images/articulos/DISTRIBUCION/28883.jpg,,61971,28736,blanco,error,storage.from(...).upload is not a function
38980,VONAU FLASH 4 MG TABLETAS DE DESINTEGRACION ORAL X 10 TABLETAS,https://mav.farmaciasaas.com/api/images/articulos/DISTRIBUCION/52415.jpg,,48363,20758,blanco,error,storage.from(...).upload is not a function
38984,XAROX 10 MG X 30 TABLETAS RECUBIERTAS.,https://mav.farmaciasaas.com/api/images/articulos/DISTRIBUCION/52153.jpg,,51656,21626,blanco,error,storage.from(...).upload is not a function
38982,XANEXTRA 500 MG / 5 ML X 1 AMPOLLA,https://pccentro.net.ve/img/s/3/0/6/1/1/30611-large_default.webp,,12550,26530,blanco,error,storage.from(...).upload is not a function
38985,XAROX 15 MG X 30 TABLETAS RECUBIERTAS,https://mav.farmaciasaas.com/api/images/articulos/DISTRIBUCION/52924.jpg,,54504,23250,blanco,error,storage.from(...).upload is not a function
38986,XAROX 20 MG X 30 TABLETAS RECUBIERTAS,https://mav.farmaciasaas.com/api/images/articulos/DISTRIBUCION/52925.jpg,,51680,22012,blanco,error,storage.from(...).upload is not a function
38987,XEROGRAX 120 MG X 60 CAPSULAS,https://mav.farmaciasaas.com/api/images/articulos/DISTRIBUCION/91024.jpg,,51177,22980,blanco,error,storage.from(...).upload is not a function
38990,ZALDIAR 37.5 MG - 325 MG X 20 COMPRIMIDOS RECUBIERTOS,https://mav.farmaciasaas.com/api/images/articulos/DISTRIBUCION/4263.jpg,,83205,41972,blanco,error,storage.from(...).upload is not a function
38991,ZILDON 10 MG X 30 TABLETAS RECUBIERTAS,https://mav.farmaciasaas.com/api/images/articulos/DISTRIBUCION/53121.jpg,,77502,36533,blanco,error,storage.from(...).upload is not a function
38989,YONALIN 4 MG / ML SOLUCION ORAL GOTAS,https://mav.farmaciasaas.com/api/images/articulos/DISTRIBUCION/53336.jpg,,82251,43191,blanco,error,storage.from(...).upload is not a function
38993,VITADYN C ZINC 500 MG - 7.5 MG X 30 CAPSULAS,https://mav.farmaciasaas.com/api/images/articulos/DISTRIBUCION/53166.jpg,,107941,45095,blanco,error,storage.from(...).upload is not a function
38996,ZOLPIDEX 10 MG X 10 COMPRIMIDOS RECUBIERTOS,https://mav.farmaciasaas.com/api/images/articulos/DISTRIBUCION/6549.jpg,,46283,18988,blanco,error,storage.from(...).upload is not a function
38997,ZOLPIDEX 10 MG X 20 COMPRIMIDOS RECUBIERTOS,https://mav.farmaciasaas.com/api/images/articulos/DISTRIBUCION/6547.jpg,,80018,31139,blanco,error,storage.from(...).upload is not a function
38998,ZONIUM 20 MG X 14 CAPSULAS CON MICROGRANULOS ENTERICOS,https://mav.farmaciasaas.com/api/images/articulos/DISTRIBUCION/22055.jpg,,57450,25026,blanco,error,storage.from(...).upload is not a function
38999,ZONIUM 40 MG X 14 CAPSULAS CON MICROGRANULOS ENTERICOS,https://mav.farmaciasaas.com/api/images/articulos/DISTRIBUCION/22056.jpg,,151903,29885,blanco,error,storage.from(...).upload is not a function
39001,ZOPICLONA 7.5 MG X 10 TABLETAS RECUBIERTAS,https://pccentro.net.ve/img/s/5/2/7/1/0/52710-large_default.webp,,10814,22283,blanco,error,storage.from(...).upload is not a function
39002,ZOST 50 MG X 1 COMPRIMIDO,https://mav.farmaciasaas.com/api/images/articulos/DISTRIBUCION/91511.jpg,,47093,18859,blanco,error,storage.from(...).upload is not a function
39003,ZOST 50 MG X 2 COMPRIMIDOS,https://mav.farmaciasaas.com/api/images/articulos/DISTRIBUCION/91227.jpg,,43574,16799,blanco,error,storage.from(...).upload is not a function
39004,ZOST 50 MG X 4 COMPRIMIDOS,https://mav.farmaciasaas.com/api/images/articulos/DISTRIBUCION/91228.jpg,,42554,16018,blanco,error,storage.from(...).upload is not a function
39005,ZUDENINA 0.1 % CREMA,https://mav.farmaciasaas.com/api/images/articulos/DISTRIBUCION/9694.jpg,,38641,14361,blanco,error,storage.from(...).upload is not a function
39007,ACETAMINOFEN 1000 MG COMPRIMIDOS,https://pccentro.net.ve/img/s/3/5/1/8/6/35186-large_default.webp,,10592,23876,blanco,error,storage.from(...).upload is not a function
39006,ZYRTEC 10 MG X 20 COMPRIMIDOS RECUBIERTOS,https://mav.farmaciasaas.com/api/images/articulos/DISTRIBUCION/28894.jpg,,55254,25096,blanco,error,storage.from(...).upload is not a function
39008,ACETAMINOFEN 120 MG / 5 ML JARABE,https://mav.farmaciasaas.com/api/images/articulos/DISTRIBUCION/1978.jpg,,62155,29530,blanco,error,storage.from(...).upload is not a function
39010,ACETAMINOFEN 650 MG X 10 TABLETAS,https://mav.farmaciasaas.com/api/images/articulos/DISTRIBUCION/6236.jpg,,27687,18687,blanco,error,storage.from(...).upload is not a function
39009,ACETAMINOFEN 125 MG SUPOSITORIOS,https://mav.farmaciasaas.com/api/images/articulos/DISTRIBUCION/53592.jpg,,78957,40000,blanco,error,storage.from(...).upload is not a function
39011,ACETAMINOFEN 500 MG X 10 TABLETAS,https://pccentro.net.ve/img/s/8/3/7/6/2/83762-large_default.webp,,52030,32947,blanco,error,storage.from(...).upload is not a function
39013,ACETAMINOFEN 650 MG X 10 COMPRIMIDOS,https://mav.farmaciasaas.com/api/images/articulos/DISTRIBUCION/21858.jpg,,66535,32515,blanco,error,storage.from(...).upload is not a function
39012,ACETAMINOFEN 500 MG X 30 TABLETAS,https://pccentro.net.ve/img/s/8/7/8/2/6/87826-large_default.webp,,44364,25478,blanco,error,storage.from(...).upload is not a function
39018,ACIDO FOLICO 10 MG X 20 TABLETAS,https://mav.farmaciasaas.com/api/images/articulos/DISTRIBUCION/10752.jpg,,51691,22234,blanco,error,storage.from(...).upload is not a function
39019,ACIDO FOLICO 10 MG X 30 TABLETAS,https://mav.farmaciasaas.com/api/images/articulos/DISTRIBUCION/91658.jpg,,46262,19267,blanco,error,storage.from(...).upload is not a function
39021,ACIDO FOLICO 10 MG COMPRIMIDOS,https://pccentro.net.ve/img/s/2/3/7/0/5/23705-large_default.webp,,31874,35323,blanco,error,storage.from(...).upload is not a function
39022,ACIDO FOLICO 5 MG X 30 TABLETAS,https://mav.farmaciasaas.com/api/images/articulos/DISTRIBUCION/21981.jpg,,58611,28158,blanco,error,storage.from(...).upload is not a function
39023,ACIDO FOLICO 10 MG / ML SOLUCION ORAL,https://mav.farmaciasaas.com/api/images/articulos/DISTRIBUCION/2643.jpg,,42640,17179,blanco,error,storage.from(...).upload is not a function
39024,DEXTROSA AL 5 % EN AGUA DESTILADA SOLUCION INYECTABLE,https://mav.farmaciasaas.com/api/images/articulos/DISTRIBUCION/1133.jpg,,51889,22415,blanco,error,storage.from(...).upload is not a function
39025,AIREX 0.05 % SOLUCION NASAL,https://mav.farmaciasaas.com/api/images/articulos/DISTRIBUCION/27095.jpg,,57114,26105,blanco,error,storage.from(...).upload is not a function
39029,ALBENDAZOL 200 MG X 2 TABLETAS MASTICABLES SABOR A BANANA,https://mav.farmaciasaas.com/api/images/articulos/DISTRIBUCION/13063.jpg,,28212,19009,blanco,error,storage.from(...).upload is not a function
39028,AIRON 5 MG X 30 TABLETAS MASTICABLES,https://mav.farmaciasaas.com/api/images/articulos/DISTRIBUCION/5931.jpg,,72579,33006,blanco,error,storage.from(...).upload is not a function
39030,ALBENDAZOL 200 MG X 6 TABLETAS MASTICABLES SABOR A BANANA,https://mav.farmaciasaas.com/api/images/articulos/DISTRIBUCION/94917.jpg,,63783,28802,blanco,error,storage.from(...).upload is not a function
39031,SECNIDAZOL - ITRACONAZOL 166.66 MG - 33.33 MG X 12 CAPSULAS,https://pccentro.net.ve/img/s/1/8/2/1/3/18213-large_default.webp,,13712,21959,blanco,error,storage.from(...).upload is not a function
39033,ALIVETNOC 500 MG - 3 MG GRANULADO SABOR LIMON - MIEL,https://mav.farmaciasaas.com/api/images/articulos/DISTRIBUCION/91845.jpg,,80307,40163,blanco,error,storage.from(...).upload is not a function
39034,ALIVET PLUS COMPRIMIDOS RECUBIERTOS,https://mav.farmaciasaas.com/api/images/articulos/DISTRIBUCION/51787.jpg,,92529,51083,blanco,error,storage.from(...).upload is not a function
39035,AMLODIPINA 10 MG X 20 TABLETAS,https://mav.farmaciasaas.com/api/images/articulos/DISTRIBUCION/92638.jpg,,58376,25979,blanco,error,storage.from(...).upload is not a function
39036,AMLODIPINA 10 MG X 30 TABLETAS,https://mav.farmaciasaas.com/api/images/articulos/DISTRIBUCION/53795.jpg,,52299,21655,blanco,error,storage.from(...).upload is not a function
39038,AMLODIPINA - VALSARTAN 10 MG - 160 MG COMPRIMIDOS RECUBIERTOS,https://pccentro.net.ve/img/s/7/8/4/7/9/78479-large_default.webp,,46926,27474,blanco,error,storage.from(...).upload is not a function
39041,AMLODIPINA 5 MG X 30 TABLETAS,https://mav.farmaciasaas.com/api/images/articulos/DISTRIBUCION/12027.jpg,,72913,33208,blanco,error,storage.from(...).upload is not a function
39043,AMOVIN 500 MG X 6 TABLETAS RECUBIERTAS,https://mav.farmaciasaas.com/api/images/articulos/DISTRIBUCION/92490.jpg,,64774,31309,blanco,error,storage.from(...).upload is not a function
39045,AMOXICILINA 500 MG X 12 CAPSULAS,https://mav.farmaciasaas.com/api/images/articulos/DISTRIBUCION/96769.jpg,,235993,34553,blanco,error,storage.from(...).upload is not a function
39047,AMOXICILINA - ACIDO CLAVULANICO 400 MG - 57 MG / 5 ML POLVO PARA SUSPENSION ORAL,https://mav.farmaciasaas.com/api/images/articulos/DISTRIBUCION/13416.jpg,,61912,31331,blanco,error,storage.from(...).upload is not a function
39052,ANGRIP FORTE DIA 650 MG - 2 MG - 20 MG COMPRIMIDOS RECUBIERTOS,https://mav.farmaciasaas.com/api/images/articulos/DISTRIBUCION/30055.jpg,,60385,29075,blanco,error,storage.from(...).upload is not a function
39051,ANASMOL 2.5 MG COMPRIMIDOS,https://mav.farmaciasaas.com/api/images/articulos/DISTRIBUCION/1878.jpg,,83635,39274,blanco,error,storage.from(...).upload is not a function
39054,ANTAAR 2.5 MG X 30 TABLETAS RECUBIERTAS,https://mav.farmaciasaas.com/api/images/articulos/DISTRIBUCION/15626.jpg,,64706,28990,blanco,error,storage.from(...).upload is not a function
39053,ANGRIP FORTE NOCHE 650 MG - 4 MG COMPRIMIDOS RECUBIERTOS,https://mav.farmaciasaas.com/api/images/articulos/DISTRIBUCION/30054.jpg,,74476,37055,blanco,error,storage.from(...).upload is not a function
39055,ANTAAR 2.5 MG X 10 TABLETAS RECUBIERTAS,https://mav.farmaciasaas.com/api/images/articulos/DISTRIBUCION/21066.jpg,,23100,15219,blanco,error,storage.from(...).upload is not a function
39056,ANTAAR 5 MG X 30 TABLETAS RECUBIERTAS,https://mav.farmaciasaas.com/api/images/articulos/DISTRIBUCION/16094.jpg,,22684,14901,blanco,error,storage.from(...).upload is not a function
39058,ANTIFOM 125 MG X 10 TABLETAS MASTICABLES,https://pccentro.net.ve/img/s/7/4/2/0/8/74208-large_default.webp,,16726,36820,blanco,error,storage.from(...).upload is not a function
39060,ANTILAX 2 MG X 10 TABLETAS,https://mav.farmaciasaas.com/api/images/articulos/DISTRIBUCION/93277.jpg,,80889,41456,blanco,error,storage.from(...).upload is not a function
39059,ANTIFOM 80 MG / ML SUSPENSION ORAL,https://pccentro.net.ve/img/s/7/6/7/6/3/76763-large_default.webp,,87494,44291,blanco,error,storage.from(...).upload is not a function
39061,APIRET 125 MG SUPOSITORIOS,https://mav.farmaciasaas.com/api/images/articulos/DISTRIBUCION/26389.jpg,,79993,32869,blanco,error,storage.from(...).upload is not a function
39062,APIRET 180 MG / 5 ML SOLUCION ORAL,https://mav.farmaciasaas.com/api/images/articulos/DISTRIBUCION/99842.jpg,,98553,39705,blanco,error,storage.from(...).upload is not a function
39063,APIRET 250 MG SUPOSITORIOS,https://mav.farmaciasaas.com/api/images/articulos/DISTRIBUCION/22131.jpg,,46483,20509,blanco,error,storage.from(...).upload is not a function
39064,APLACAL 750 MG TABLETAS MASTICABLES SABOR A FRAMBUESA X 10 TABLETAS,https://mav.farmaciasaas.com/api/images/articulos/DISTRIBUCION/21600.jpg,,64003,29741,blanco,error,storage.from(...).upload is not a function
39066,APLACAL 750 MG X 10 TABLETAS MASTICABLES SABOR A MENTA,https://mav.farmaciasaas.com/api/images/articulos/DISTRIBUCION/21600.jpg,,64003,29741,blanco,error,storage.from(...).upload is not a function
39065,APLACAL 750 MG TABLETAS MASTICABLES SABOR A FRAMBUESA X 80 TABLETAS,https://mav.farmaciasaas.com/api/images/articulos/DISTRIBUCION/52504.jpg,,82448,40979,blanco,error,storage.from(...).upload is not a function
39067,APLACAL 750 MG X 120 TABLETAS MASTICABLES SABOR A MENTA,https://mav.farmaciasaas.com/api/images/articulos/DISTRIBUCION/21595.jpg,,92874,48767,blanco,error,storage.from(...).upload is not a function
39068,APLACAL 750 MG X 80 TABLETAS MASTICABLES SABOR A MENTA,https://mav.farmaciasaas.com/api/images/articulos/DISTRIBUCION/52504.jpg,,82448,40979,blanco,error,storage.from(...).upload is not a function
39072,ARBIXIL 15 MG - 10 MCG / 5 ML JARABE,https://pccentro.net.ve/img/s/1/8/2/1/8/18218-large_default.webp,,12294,20238,blanco,error,storage.from(...).upload is not a function
39069,APLACAL 750 MG X 80 TABLETAS MASTICABLES SABOR A MANDARINA,https://mav.farmaciasaas.com/api/images/articulos/DISTRIBUCION/52504.jpg,,82448,40979,blanco,error,storage.from(...).upload is not a function
39073,ARBIXIL 7.5 MG - 5 MCG / 5 ML JARABE,https://pccentro.net.ve/img/s/1/8/1/9/8/18198-large_default.webp,,15670,24232,blanco,error,storage.from(...).upload is not a function
39074,ARBIXIL 7.5 MG - 5 MCG / ML SOLUCION ORAL,https://mav.farmaciasaas.com/api/images/articulos/DISTRIBUCION/3798.jpg,,61148,28245,blanco,error,storage.from(...).upload is not a function
39079,ASTRIMOL 5 MG X 30 TABLETAS RECUBIERTAS,https://mav.farmaciasaas.com/api/images/articulos/DISTRIBUCION/53175.jpg,,52900,21784,blanco,error,storage.from(...).upload is not a function
39085,ATORVASTATINA 20 MG COMPRIMIDOS RECUBIERTOS,https://pccentro.net.ve/img/s/1/9/1/1/5/19115-large_default.webp,,17306,24310,blanco,error,storage.from(...).upload is not a function
39083,ATENOLOL 50 MG X 30 COMPRIMIDOS,https://mav.farmaciasaas.com/api/images/articulos/DISTRIBUCION/3028.jpg,,67870,30998,blanco,error,storage.from(...).upload is not a function
39088,ATROVERAN 10 MG X 10 TABLETAS RECUBIERTAS,https://mav.farmaciasaas.com/api/images/articulos/DISTRIBUCION/25527.jpg,,61785,24448,blanco,error,storage.from(...).upload is not a function
39087,ATORVASTATINA 40 MG X 30 TABLETAS RECUBIERTAS,https://mav.farmaciasaas.com/api/images/articulos/DISTRIBUCION/51294.jpg,,233310,34162,blanco,error,storage.from(...).upload is not a function
39081,ATAMEL PLUS 500 MG - 32 MG X 10 TABLETAS,https://mav.farmaciasaas.com/api/images/articulos/DISTRIBUCION/15413.jpg,,25655,17604,blanco,error,storage.from(...).upload is not a function
39090,AZITROMICINA 500 MG COMPRIMIDOS RECUBIERTOS,https://mav.farmaciasaas.com/api/images/articulos/DISTRIBUCION/6090.jpg,,65194,32062,blanco,error,storage.from(...).upload is not a function
39092,BACITRACINA 500 UI / G UNGUENTO,https://pccentro.net.ve/img/s/1/9/2/7/1/19271-large_default.webp,,17302,23818,blanco,error,storage.from(...).upload is not a function
39091,AZUTAN 0.15 % COLUTORIO,https://mav.farmaciasaas.com/api/images/articulos/DISTRIBUCION/15068.jpg,,173084,28010,blanco,error,storage.from(...).upload is not a function
39093,BALSADER POMADA,https://pccentro.net.ve/img/s/3/2/3/4/5/32345-large_default.webp,,12306,26727,blanco,error,storage.from(...).upload is not a function
39094,BETADERM 0.05 % CREMA,https://mav.farmaciasaas.com/api/images/articulos/DISTRIBUCION/4155.jpg,,155806,31511,blanco,error,storage.from(...).upload is not a function
39098,BIOCOR 20 MG X 30 TABLETAS RECUBIERTAS,https://mav.farmaciasaas.com/api/images/articulos/DISTRIBUCION/15627.jpg,,23058,15282,blanco,error,storage.from(...).upload is not a function
39097,BICARBONATO DE SODIO AL 5 % X 1 AMPOLLA,https://mav.farmaciasaas.com/api/images/articulos/DISTRIBUCION/4842.jpg,,44849,21124,blanco,error,storage.from(...).upload is not a function
39096,BETAMETASONA 4 MG / ML X 1 AMPOLLA,https://mav.farmaciasaas.com/api/images/articulos/DISTRIBUCION/2117.jpg,,185325,27776,blanco,error,storage.from(...).upload is not a function
39099,OLMESARTAN MEDOXOMILO 40 MG X 30 TABLETAS RECUBIERTAS,https://mav.farmaciasaas.com/api/images/articulos/DISTRIBUCION/13812.jpg,,77044,37287,blanco,error,storage.from(...).upload is not a function
39082,ATENOLOL 100 MG COMPRIMIDOS,https://mav.farmaciasaas.com/api/images/articulos/DISTRIBUCION/3271.jpg,,95598,30622,blanco,error,storage.from(...).upload is not a function
39102,BIOTALOL HCT 2.5 MG - 6.25 MG COMPRIMIDOS RECUBIERTOS,https://mav.farmaciasaas.com/api/images/articulos/DISTRIBUCION/53196.jpg,,68182,33049,blanco,error,storage.from(...).upload is not a function
39106,BISOPROLOL FUMARATO 2.5 MG X 30 TABLETAS RECUBIERTAS,https://mav.farmaciasaas.com/api/images/articulos/DISTRIBUCION/97002.jpg,,26521,17582,blanco,error,storage.from(...).upload is not a function
39112,BONAMES 150 MG X 1 TABLETA RECUBIERTA,https://mav.farmaciasaas.com/api/images/articulos/DISTRIBUCION/99210.jpg,,45753,19028,blanco,error,storage.from(...).upload is not a function
39111,BISOPROLOL FUMARATO - HIDROCLOROTIAZIDA 5 MG - 6.25 MG COMPRIMIDOS RECUBIERTOS,https://pccentro.net.ve/img/s/6/8/7/3/8/68738-large_default.webp,,20506,41098,blanco,error,storage.from(...).upload is not a function
39115,BRASARTAN 80 MG X 30 CAPSULAS,https://mav.farmaciasaas.com/api/images/articulos/DISTRIBUCION/19231.jpg,,51739,21616,blanco,error,storage.from(...).upload is not a function
39104,BIPROLIL 2.5 MG COMPRIMIDOS RECUBIERTOS,https://mav.farmaciasaas.com/api/images/articulos/DISTRIBUCION/27780.jpg,,52140,22890,blanco,error,storage.from(...).upload is not a function
39116,BRASARTAN CTDN 160 MG - 12.5 MG X 30 TABLETAS RECUBIERTAS,https://pccentro.net.ve/img/s/5/2/4/9/8/52498-large_default.webp,,26236,48193,blanco,error,storage.from(...).upload is not a function
39117,BROLAT 5 MG - 30 MG / 5 ML X 10 SOLUCION ORAL,https://pccentro.net.ve/img/s/2/3/7/9/3/23793-large_default.webp,,35454,52039,blanco,error,storage.from(...).upload is not a function
39122,CAPTOPRIL 25 MG X 30 TABLETAS,https://mav.farmaciasaas.com/api/images/articulos/DISTRIBUCION/53796.jpg,,73343,33939,blanco,error,storage.from(...).upload is not a function
39124,CARBAMAZEPINA 200 MG COMPRIMIDOS RECUBIERTOS DE LIBERACION CONTROLADA,https://mav.farmaciasaas.com/api/images/articulos/DISTRIBUCION/99338.jpg,,59574,28911,blanco,error,storage.from(...).upload is not a function
39125,CARBETAL 16 MG X 30 TABLETAS,https://mav.farmaciasaas.com/api/images/articulos/DISTRIBUCION/54310.jpg,,24793,17561,blanco,error,storage.from(...).upload is not a function
39123,CAPTOPRIL 25 MG X 20 TABLETAS,https://mav.farmaciasaas.com/api/images/articulos/DISTRIBUCION/3029.jpg,,75025,33923,blanco,error,storage.from(...).upload is not a function
39128,CARVEDILOL 12.5 MG X 20 TABLETAS RECUBIERTAS,https://mav.farmaciasaas.com/api/images/articulos/DISTRIBUCION/24435.jpg,,77857,36527,blanco,error,storage.from(...).upload is not a function
39129,CARVEDILOL 12.5 MG X 30 TABLETAS RECUBIERTAS,https://mav.farmaciasaas.com/api/images/articulos/DISTRIBUCION/54224.jpg,,42197,15768,blanco,error,storage.from(...).upload is not a function
39130,CARVEDILOL 25 MG X 20 TABLETAS RECUBIERTAS,https://mav.farmaciasaas.com/api/images/articulos/DISTRIBUCION/24436.jpg,,81238,38509,blanco,error,storage.from(...).upload is not a function
39131,CARVEDILOL 6.25 MG COMPRIMIDOS,https://mav.farmaciasaas.com/api/images/articulos/DISTRIBUCION/98456.jpg,,62337,28375,blanco,error,storage.from(...).upload is not a function
39137,CETRAL 5 MG / 5 ML SOLUCION ORAL,https://mav.farmaciasaas.com/api/images/articulos/DISTRIBUCION/3876.jpg,,62027,27582,blanco,error,storage.from(...).upload is not a function
39139,CIPROFLOXACINA 500 MG COMPRIMIDOS RECUBIERTOS,https://mav.farmaciasaas.com/api/images/articulos/DISTRIBUCION/53267.jpg,,66914,30800,blanco,error,storage.from(...).upload is not a function
39138,CIFARCAINA HIPERBARA AL 5 % X 2 AMPOLLAS,https://mav.farmaciasaas.com/api/images/articulos/DISTRIBUCION/53832.jpg,,57148,26139,blanco,error,storage.from(...).upload is not a function
39140,CIPROFLOXACINA 500 MG COMPRIMIDOS RECUBIERTOS DE LIBERACION PROGRAMADA,https://mav.farmaciasaas.com/api/images/articulos/DISTRIBUCION/51885.jpg,,55774,25651,blanco,error,storage.from(...).upload is not a function
39132,CARVEDILOL 6.25 MG COMPRIMIDOS,https://pccentro.net.ve/img/s/3/3/1/0/4/33104-large_default.webp,,7880,20436,blanco,error,storage.from(...).upload is not a function
39141,CIPROFLOXACINA 500 MG X 6 TABLETAS RECUBIERTAS,https://mav.farmaciasaas.com/api/images/articulos/DISTRIBUCION/1615.jpg,,71294,32433,blanco,error,storage.from(...).upload is not a function
39146,GYNO CLOCIM 1 % CREMA VAGINAL,https://mav.farmaciasaas.com/api/images/articulos/DISTRIBUCION/9819.jpg,,24156,15222,blanco,error,storage.from(...).upload is not a function
39152,CLOTRIMAZOL 1 % CREMA VAGINAL,https://mav.farmaciasaas.com/api/images/articulos/DISTRIBUCION/9819.jpg,,24156,15222,blanco,error,storage.from(...).upload is not a function
39160,CORENTEL H 10 MG - 6.25 MG COMPRIMIDOS RECUBIERTOS,https://mav.farmaciasaas.com/api/images/articulos/DISTRIBUCION/94357.jpg,,71756,36557,blanco,error,storage.from(...).upload is not a function
39161,CORENTEL H 5 MG - 6.25 MG COMPRIMIDOS RECUBIERTOS,https://mav.farmaciasaas.com/api/images/articulos/DISTRIBUCION/94358.jpg,,73802,36762,blanco,error,storage.from(...).upload is not a function
39156,COLVAL 4 MG / 2 ML X 2 AMPOLLAS,https://mav.farmaciasaas.com/api/images/articulos/DISTRIBUCION/8563.jpg,,151946,23214,blanco,error,storage.from(...).upload is not a function
39153,CLOTRIMAZOL 1 % CREMA,https://mav.farmaciasaas.com/api/images/articulos/DISTRIBUCION/5596.jpg,,60102,26984,blanco,error,storage.from(...).upload is not a function
39147,CLOPIDOGREL 75 MG COMPRIMIDOS RECUBIERTOS,https://pccentro.net.ve/img/s/7/6/0/5/6/76056-large_default.webp,,17386,17255,blanco,error,storage.from(...).upload is not a function
39162,COROPRES 16 MG COMPRIMIDOS,https://mav.farmaciasaas.com/api/images/articulos/DISTRIBUCION/98453.jpg,,66812,33555,blanco,error,storage.from(...).upload is not a function
39163,COROPRES HCT 32 MG - 12.5 MG COMPRIMIDOS,https://mav.farmaciasaas.com/api/images/articulos/DISTRIBUCION/28480.jpg,,72314,37539,blanco,error,storage.from(...).upload is not a function
39164,COVENTROL 12.5 MG COMPRIMIDOS,https://pccentro.net.ve/img/s/2/3/9/3/5/23935-large_default.webp,,16584,22447,blanco,error,storage.from(...).upload is not a function
39165,CRISOMET 50 MG - 850 MG X 10 TABLETAS RECUBIERTAS,https://mav.farmaciasaas.com/api/images/articulos/DISTRIBUCION/17016.jpg,,73587,36150,blanco,error,storage.from(...).upload is not a function
39167,CURPINOL 12.5 MG COMPRIMIDOS,https://mav.farmaciasaas.com/api/images/articulos/DISTRIBUCION/92399.jpg,,63857,30206,blanco,error,storage.from(...).upload is not a function
39166,CRISOMET 50 MG - 850 MG X 30 TABLETAS RECUBIERTAS,https://mav.farmaciasaas.com/api/images/articulos/DISTRIBUCION/19233.jpg,,53180,22369,blanco,error,storage.from(...).upload is not a function
39168,CURPINOL 25 MG COMPRIMIDOS,https://mav.farmaciasaas.com/api/images/articulos/DISTRIBUCION/92398.jpg,,50426,21172,blanco,error,storage.from(...).upload is not a function
39171,DAYZOL 600 MG - 4 MG COMPRIMIDOS RECUBIERTOS,https://mav.farmaciasaas.com/api/images/articulos/DISTRIBUCION/50522.jpg,,77258,39176,blanco,error,storage.from(...).upload is not a function
39173,ZARCOT 6 MG X 10 TABLETAS,https://mav.farmaciasaas.com/api/images/articulos/DISTRIBUCION/91527.jpg,,24374,15770,blanco,error,storage.from(...).upload is not a function
39172,DEFLAZACORT 6 MG COMPRIMIDOS,https://pccentro.net.ve/img/s/5/5/5/6/1/55561-large_default.webp,,7340,17984,blanco,error,storage.from(...).upload is not a function
39175,DERMAZOL 0.05 % CREMA,https://mav.farmaciasaas.com/api/images/articulos/DISTRIBUCION/99591.jpg,,44281,18426,blanco,error,storage.from(...).upload is not a function
39174,DERMAZOL 0.05 % UNGUENTO,https://mav.farmaciasaas.com/api/images/articulos/DISTRIBUCION/99591.jpg,,44281,18426,blanco,error,storage.from(...).upload is not a function
39177,DESLORATADINA 2.5 MG / 5 ML JARABE,https://mav.farmaciasaas.com/api/images/articulos/DISTRIBUCION/24255.jpg,,47509,20994,blanco,error,storage.from(...).upload is not a function
39181,DESLORATADINA 5 MG X 10 TABLETAS RECUBIERTAS,https://mav.farmaciasaas.com/api/images/articulos/DISTRIBUCION/29006.jpg,,44234,18769,blanco,error,storage.from(...).upload is not a function
39180,DESLORATADINA 5 MG X 10 TABLETAS RECUBIERTAS,https://mav.farmaciasaas.com/api/images/articulos/DISTRIBUCION/9951.jpg,,80780,36781,blanco,error,storage.from(...).upload is not a function
39178,DESLORATADINA 2.5 MG / 5 ML SOLUCION ORAL,https://mav.farmaciasaas.com/api/images/articulos/DISTRIBUCION/27626.jpg,,54462,25160,blanco,error,storage.from(...).upload is not a function
39183,DICLOFENAC POTASICO 50 MG X 10 TABLETAS RECUBIERTAS,https://mav.farmaciasaas.com/api/images/articulos/DISTRIBUCION/19601.jpg,,48274,20565,blanco,error,storage.from(...).upload is not a function
39184,DICLOFENAC POTASICO 50 MG X 30 TABLETAS RECUBIERTAS,https://mav.farmaciasaas.com/api/images/articulos/DISTRIBUCION/26049.jpg,,86982,33940,blanco,error,storage.from(...).upload is not a function
39186,DICLOFENAC POTASICO 50 MG COMPRIMIDOS RECUBIERTOS,https://mav.farmaciasaas.com/api/images/articulos/DISTRIBUCION/8409.jpg,,22848,15564,blanco,error,storage.from(...).upload is not a function
39185,DICLOFENACO POTASICO 50 MG X 20 TABLETAS RECUBIERTAS,https://mav.farmaciasaas.com/api/images/articulos/DISTRIBUCION/55.jpg,,75288,33940,blanco,error,storage.from(...).upload is not a function
39187,DICLOFENAC POTASICO 50 MG X 20 COMPRIMIDOS RECUBIERTOS,https://pccentro.net.ve/img/s/2/4/5/7/0/24570-large_default.webp,,19696,27096,blanco,error,storage.from(...).upload is not a function
39188,DICLOFENACO SODICO 50 MG SUPOSITORIOS,https://mav.farmaciasaas.com/api/images/articulos/DISTRIBUCION/53593.jpg,,49546,21254,blanco,error,storage.from(...).upload is not a function
39189,DIFEN PLUS X 10 TABLETAS,https://pccentro.net.ve/img/s/7/4/6/0/5/74605-large_default.webp,,15938,35046,blanco,error,storage.from(...).upload is not a function
39199,ENALAPRIL MALEATO 20 MG COMPRIMIDOS RECUBIERTOS,https://mav.farmaciasaas.com/api/images/articulos/DISTRIBUCION/98889.jpg,,62981,30678,blanco,error,storage.from(...).upload is not a function
39192,DIKLASON 75 MG / 3 ML X 1 AMPOLLA,https://pccentro.net.ve/img/s/8/0/5/2/8/80528-large_default.webp,,40856,23804,blanco,error,storage.from(...).upload is not a function
39191,DIKLASON 50 MG COMPRIMIDOS RECUBIERTOS,https://pccentro.net.ve/img/s/5/3/8/4/4/53844-large_default.webp,,18930,36263,blanco,error,storage.from(...).upload is not a function
39196,DOMPERIDONA 10 MG COMPRIMIDOS,https://pccentro.net.ve/img/s/2/4/5/0/9/24509-large_default.webp,,16928,24224,blanco,error,storage.from(...).upload is not a function
39203,DESLORATADINA 5 MG COMPRIMIDOS RECUBIERTOS,https://pccentro.net.ve/img/s/2/5/0/1/7/25017-large_default.webp,,18944,28557,blanco,error,storage.from(...).upload is not a function
39200,ENALAPRIL MALEATO 20 MG X 30 TABLETAS,https://mav.farmaciasaas.com/api/images/articulos/DISTRIBUCION/7971.jpg,,64474,28608,blanco,error,storage.from(...).upload is not a function
39202,ESOMEPRAZOL 40 MG X 16 CAPSULAS CON MICROGRANULOS DE LIBERACION ENTERICA.,https://mav.farmaciasaas.com/api/images/articulos/DISTRIBUCION/52333.jpg,,58349,27102,blanco,error,storage.from(...).upload is not a function
39201,ERILON 0.1 % CREMA,https://mav.farmaciasaas.com/api/images/articulos/DISTRIBUCION/5842.jpg,,145114,29058,blanco,error,storage.from(...).upload is not a function
39204,EUKENE 20 MG COMPRIMIDOS RECUBIERTOS,https://mav.farmaciasaas.com/api/images/articulos/DISTRIBUCION/15025.jpg,,63277,31303,blanco,error,storage.from(...).upload is not a function
39205,EUSILEN 4 MG / 2 ML X 1 AMPOLLA,https://mav.farmaciasaas.com/api/images/articulos/DISTRIBUCION/9602.jpg,,113634,44976,blanco,error,storage.from(...).upload is not a function
39206,EUSILEN 4 MG / 2 ML X 2 AMPOLLAS,https://mav.farmaciasaas.com/api/images/articulos/DISTRIBUCION/5513.jpg,,79643,40928,blanco,error,storage.from(...).upload is not a function
39208,FAMOTIDINA 40 MG X 10 COMPRIMIDOS,https://pccentro.net.ve/img/s/7/4/1/8/8/74188-large_default.webp,,19492,37019,blanco,error,storage.from(...).upload is not a function
39213,FEBRATIC 10 MG / 5 ML SUSPENSION ORAL,https://mav.farmaciasaas.com/api/images/articulos/DISTRIBUCION/95717.jpg,,72893,35658,blanco,error,storage.from(...).upload is not a function
39215,FEMIZOL 750 MG - 200 MG OVULOS.,https://pccentro.net.ve/img/s/4/1/3/1/4/41314-large_default.webp,,7874,18757,blanco,error,storage.from(...).upload is not a function
39218,FERGANIC FOLIC 40 MG - 350 MCG X 30 TABLETAS MASTICABLES,https://mav.farmaciasaas.com/api/images/articulos/DISTRIBUCION/90601.jpg,,50583,20762,blanco,error,storage.from(...).upload is not a function
39214,FEM DUCHA VAGINAL,https://mav.farmaciasaas.com/api/images/articulos/DISTRIBUCION/10354.jpg,,260795,36346,blanco,error,storage.from(...).upload is not a function
39219,FERGANIC FOLIC 40 MG - 350 MCG X 20 TABLETAS MASTICABLES,https://mav.farmaciasaas.com/api/images/articulos/DISTRIBUCION/3971.jpg,,79726,34209,blanco,error,storage.from(...).upload is not a function
39222,FLOMED 0.15 % - 0.25 % SOLUCION TOPICA BUCAL,https://mav.farmaciasaas.com/api/images/articulos/DISTRIBUCION/16421.jpg,,41649,16411,blanco,error,storage.from(...).upload is not a function
39221,FLODONT EN FILMORASE UNGUENTO BUCAL,https://mav.farmaciasaas.com/api/images/articulos/DISTRIBUCION/6926.jpg,,55298,22810,blanco,error,storage.from(...).upload is not a function
39224,FRIXONIL SOLUCION,https://mav.farmaciasaas.com/api/images/articulos/DISTRIBUCION/97975.jpg,,49796,20634,blanco,error,storage.from(...).upload is not a function
39223,FLUCONAZOL 150 MG X 2 CAPSULAS,https://mav.farmaciasaas.com/api/images/articulos/DISTRIBUCION/10287.jpg,,66662,30217,blanco,error,storage.from(...).upload is not a function
39225,FURFURIL 0.2 % APOSITO SOLUBLE,https://mav.farmaciasaas.com/api/images/articulos/DISTRIBUCION/1622.jpg,,58488,26905,blanco,error,storage.from(...).upload is not a function
39226,GABAPENTINA 300 MG X 20 CAPSULAS,https://pccentro.net.ve/img/s/3/0/6/8/1/30681-large_default.webp,,9064,21265,blanco,error,storage.from(...).upload is not a function
39229,GEMKAST 4 MG X 10 TABLETAS MASTICABLES,https://mav.farmaciasaas.com/api/images/articulos/DISTRIBUCION/53002.jpg,,79073,38116,blanco,error,storage.from(...).upload is not a function
39230,GEMKAST 4 MG X 30 TABLETAS MASTICABLES,https://mav.farmaciasaas.com/api/images/articulos/DISTRIBUCION/53002.jpg,,79073,38116,blanco,error,storage.from(...).upload is not a function
39233,GENCICOF 0.15 % - 0.15 % SOLUCION TOPICA BUCAL,https://mav.farmaciasaas.com/api/images/articulos/DISTRIBUCION/54312.jpg,,20611,13758,blanco,error,storage.from(...).upload is not a function
39231,GEMKAST 5 MG X 30 TABLETAS MASTICABLES,https://mav.farmaciasaas.com/api/images/articulos/DISTRIBUCION/53004.jpg,,78605,37762,blanco,error,storage.from(...).upload is not a function
39232,GEMKAST 5 MG X 10 TABLETAS MASTICABLES,https://mav.farmaciasaas.com/api/images/articulos/DISTRIBUCION/53004.jpg,,78605,37762,blanco,error,storage.from(...).upload is not a function
39235,GLICILAX 0.86 G SUPOSITORIOS,https://mav.farmaciasaas.com/api/images/articulos/DISTRIBUCION/51144.jpg,,66135,32083,blanco,error,storage.from(...).upload is not a function
39234,GLICILAX 1.72 G SUPOSITORIOS,https://mav.farmaciasaas.com/api/images/articulos/DISTRIBUCION/51145.jpg,,74872,37932,blanco,error,storage.from(...).upload is not a function
39236,GLICERINA 1.68 G SUPOSITORIOS,https://mav.farmaciasaas.com/api/images/articulos/DISTRIBUCION/97577.jpg,,71465,35811,blanco,error,storage.from(...).upload is not a function
39237,GLICERINA 2.88 G SUPOSITORIOS,https://mav.farmaciasaas.com/api/images/articulos/DISTRIBUCION/97222.jpg,,46754,20901,blanco,error,storage.from(...).upload is not a function
39238,GLUCONATO DE CALCIO AL 10 % SOLUCION INYECTABLE,https://mav.farmaciasaas.com/api/images/articulos/DISTRIBUCION/99310.jpg,,45239,18386,blanco,error,storage.from(...).upload is not a function
39239,GLUTAPTIN MET 50 MG - 500 MG X 30 TABLETAS RECUBIERTAS,https://mav.farmaciasaas.com/api/images/articulos/DISTRIBUCION/27355.jpg,,24321,15945,blanco,error,storage.from(...).upload is not a function
39240,GLYMAR 4 MG X 20 TABLETAS,https://mav.farmaciasaas.com/api/images/articulos/DISTRIBUCION/9456.jpg,,53524,22837,blanco,error,storage.from(...).upload is not a function
39243,HEXANTFLEM 100 MG - 5 ML SOLUCION ORAL,https://mav.farmaciasaas.com/api/images/articulos/DISTRIBUCION/53269.jpg,,69133,32518,blanco,error,storage.from(...).upload is not a function
39241,GULAPER 100 MG / 5 ML SOLUCION ORAL SABOR CHICLE,https://mav.farmaciasaas.com/api/images/articulos/DISTRIBUCION/8704.jpg,,87929,47898,blanco,error,storage.from(...).upload is not a function
39246,HIDROCLOROTIAZIDA 12.5 MG COMPRIMIDOS,https://mav.farmaciasaas.com/api/images/articulos/DISTRIBUCION/17795.jpg,,67600,31179,blanco,error,storage.from(...).upload is not a function
39252,IBUPROFENO 100 MG / 5 ML SUSPENSION ORAL,https://mav.farmaciasaas.com/api/images/articulos/DISTRIBUCION/5567.jpg,,71512,33247,blanco,error,storage.from(...).upload is not a function
39251,IBUPROFENO 400 MG X 10 TABLETAS RECUBIERTAS,https://mav.farmaciasaas.com/api/images/articulos/DISTRIBUCION/10908.jpg,,68439,30938,blanco,error,storage.from(...).upload is not a function
39256,IMAZOL 1 % SOLUCION,https://mav.farmaciasaas.com/api/images/articulos/DISTRIBUCION/1852.jpg,,45815,19221,blanco,error,storage.from(...).upload is not a function
39253,IBUPROFENO - TIOCOLCHICOSIDO 600 MG - 4 MG COMPRIMIDOS RECUBIERTOS,https://mav.farmaciasaas.com/api/images/articulos/DISTRIBUCION/29650.jpg,,63021,31502,blanco,error,storage.from(...).upload is not a function
39257,IRBESARTAN 150 MG X 28 TABLETAS,https://mav.farmaciasaas.com/api/images/articulos/DISTRIBUCION/28781.jpg,,19484,12313,blanco,error,storage.from(...).upload is not a function
39259,IRBETIAZID 300 MG - 12.5 MG X 28 TABLETAS,https://mav.farmaciasaas.com/api/images/articulos/DISTRIBUCION/25237.jpg,,69844,32426,blanco,error,storage.from(...).upload is not a function
39261,IRGEM 300 MG X 10 TABLETAS,https://mav.farmaciasaas.com/api/images/articulos/DISTRIBUCION/52652.jpg,,53020,24384,blanco,error,storage.from(...).upload is not a function
39262,IRGEM 300 MG X 30 TABLETAS,https://mav.farmaciasaas.com/api/images/articulos/DISTRIBUCION/52652.jpg,,53020,24384,blanco,error,storage.from(...).upload is not a function
39263,IRGEM PLUS 300 MG - 12.5 MG X 30 TABLETAS,https://mav.farmaciasaas.com/api/images/articulos/DISTRIBUCION/52661.jpg,,63186,29752,blanco,error,storage.from(...).upload is not a function
39267,KETOPROFENO 100 MG / 2 ML X 10 AMPOLLAS,https://mav.farmaciasaas.com/api/images/articulos/DISTRIBUCION/5201.jpg,,105413,34821,blanco,error,storage.from(...).upload is not a function
39264,ISOSPRAY PLUS 0.15 % - 0.25 % SOLUCION,https://mav.farmaciasaas.com/api/images/articulos/DISTRIBUCION/99601.jpg,,134279,22555,blanco,error,storage.from(...).upload is not a function
39268,KETOPROFENO 100 MG / 2 ML X 20 AMPOLLAS,https://mav.farmaciasaas.com/api/images/articulos/DISTRIBUCION/5201.jpg,,105413,34821,blanco,error,storage.from(...).upload is not a function
39269,KETOPROFENO 100 MG COMPRIMIDOS ENTERICOS,https://pccentro.net.ve/img/s/2/5/2/5/2/25252-large_default.webp,,22818,31348,blanco,error,storage.from(...).upload is not a function
39271,KETOPROFENO 100 MG / 2 ML X 1 AMPOLLA,https://mav.farmaciasaas.com/api/images/articulos/DISTRIBUCION/521.jpg,,55472,22044,blanco,error,storage.from(...).upload is not a function
39273,KLINCOSAL 262 MG - 100 MG X 30 TABLETAS MASTICABLES SABOR A UVA,https://mav.farmaciasaas.com/api/images/articulos/DISTRIBUCION/28870.jpg,,49513,22069,blanco,error,storage.from(...).upload is not a function
39272,KETOROLAC 10 MG COMPRIMIDOS,https://pccentro.net.ve/img/s/2/4/4/8/9/24489-large_default.webp,,11034,16199,blanco,error,storage.from(...).upload is not a function
39276,LAGEMIN 25 MG X 30 TABLETAS DISPERSABLES,https://mav.farmaciasaas.com/api/images/articulos/DISTRIBUCION/52653.jpg,,66650,30765,blanco,error,storage.from(...).upload is not a function
39277,LAGEMIN 50 MG X 30 TABLETAS DISPERSABLES,https://mav.farmaciasaas.com/api/images/articulos/DISTRIBUCION/52656.jpg,,70710,33015,blanco,error,storage.from(...).upload is not a function
39278,LAGEMIN 50 MG X 10 TABLETAS DISPERSABLES,https://mav.farmaciasaas.com/api/images/articulos/DISTRIBUCION/52656.jpg,,70710,33015,blanco,error,storage.from(...).upload is not a function
39279,LAGEMIN 100 MG X 10 TABLETAS DISPERSABLES,https://mav.farmaciasaas.com/api/images/articulos/DISTRIBUCION/52657.jpg,,65689,29913,blanco,error,storage.from(...).upload is not a function
39282,LASIX 20 MG COMPRIMIDOS,https://mav.farmaciasaas.com/api/images/articulos/DISTRIBUCION/6018.jpg,,20837,13150,blanco,error,storage.from(...).upload is not a function
39280,LAGEMIN 100 MG X 30 TABLETAS DISPERSABLES,https://mav.farmaciasaas.com/api/images/articulos/DISTRIBUCION/52657.jpg,,65689,29913,blanco,error,storage.from(...).upload is not a function
39281,LANOLZINC 15 % - 11 % POMADA,https://mav.farmaciasaas.com/api/images/articulos/DISTRIBUCION/4414.jpg,,148354,21078,blanco,error,storage.from(...).upload is not a function
39283,LECART 1 G / 10 ML SOLUCION ORAL,https://mav.farmaciasaas.com/api/images/articulos/DISTRIBUCION/13056.jpg,,46993,18741,blanco,error,storage.from(...).upload is not a function
39284,LETISAN 500 MG X 10 TABLETAS MASTICABLES SABOR UVA,https://mav.farmaciasaas.com/api/images/articulos/DISTRIBUCION/50523.jpg,,77339,40552,blanco,error,storage.from(...).upload is not a function
39285,LEVOTEC 500 MG SOLUCION INYECTABLE PARA INFUSION INTRAVENOSA,https://mav.farmaciasaas.com/api/images/articulos/DISTRIBUCION/8827.jpg,,54201,24863,blanco,error,storage.from(...).upload is not a function
39288,LORATADINA 1 MG / ML SOLUCION ORAL,https://mav.farmaciasaas.com/api/images/articulos/DISTRIBUCION/51011.jpg,,59291,24815,blanco,error,storage.from(...).upload is not a function
39289,LOSARTAN POTASICO 50 MG X 14 TABLETAS RECUBIERTAS,https://pccentro.net.ve/img/s/8/0/7/3/5/80735-large_default.webp,,52072,29812,blanco,error,storage.from(...).upload is not a function
39290,LOSARTAN POTASICO 100 MG X 10 TABLETAS RECUBIERTAS,https://mav.farmaciasaas.com/api/images/articulos/DISTRIBUCION/93419.jpg,,71166,32091,blanco,error,storage.from(...).upload is not a function
39293,ROWELUK PLUS 5 MG - 2.5 MG X 10 COMPRIMIDOS MASTICABLES,https://pccentro.net.ve/img/s/8/0/8/7/2/80872-large_default.webp,,57836,33399,blanco,error,storage.from(...).upload is not a function
39295,MELOXICAM 7.5 MG X 10 TABLETAS,https://mav.farmaciasaas.com/api/images/articulos/DISTRIBUCION/4936.jpg,,61430,29778,blanco,error,storage.from(...).upload is not a function
39294,MAXOTEN 50 MG COMPRIMIDOS RECUBIERTOS,https://mav.farmaciasaas.com/api/images/articulos/DISTRIBUCION/50705.jpg,,68278,32139,blanco,error,storage.from(...).upload is not a function
39297,METFORMINA CLORHIDRATO 1000 MG COMPRIMIDOS,https://pccentro.net.ve/img/s/7/6/7/8/1/76781-large_default.webp,,35102,19989,blanco,error,storage.from(...).upload is not a function
39300,METFORMINA CLORHIDRATO 500 MG X 30 TABLETAS,https://mav.farmaciasaas.com/api/images/articulos/DISTRIBUCION/27232.jpg,,58410,25165,blanco,error,storage.from(...).upload is not a function
39298,METFORMINA CLORHIDRATO 500 MG COMPRIMIDOS,https://pccentro.net.ve/img/s/3/0/6/7/5/30675-large_default.webp,,19242,25846,blanco,error,storage.from(...).upload is not a function
39301,METRONIDAZOL 500 MG COMPRIMIDOS,https://pccentro.net.ve/img/s/7/5/0/9/4/75094-large_default.webp,,12636,26307,blanco,error,storage.from(...).upload is not a function
39305,MIGRADORIXINA 125 MG - 1 MG COMPRIMIDOS RECUBIERTOS,https://mav.farmaciasaas.com/api/images/articulos/DISTRIBUCION/30067.jpg,,74484,37509,blanco,error,storage.from(...).upload is not a function
39306,MISELLIM 10 MG COMPRIMIDOS RECUBIERTOS,https://mav.farmaciasaas.com/api/images/articulos/DISTRIBUCION/91349.jpg,,46418,18649,blanco,error,storage.from(...).upload is not a function
39309,MONTELUKAST 10 MG X 10 TABLETAS RECUBIERTAS,https://pccentro.net.ve/img/s/3/5/5/2/1/35521-large_default.webp,,8528,18916,blanco,error,storage.from(...).upload is not a function
39310,MONTELUKAST 5 MG X 30 TABLETAS MASTICABLES,https://mav.farmaciasaas.com/api/images/articulos/DISTRIBUCION/92814.jpg,,88872,36468,blanco,error,storage.from(...).upload is not a function
39311,OTOCORT 1 MG - 5 MG - 5000 UI / ML SUSPENSION OTICA,https://mav.farmaciasaas.com/api/images/articulos/DISTRIBUCION/52903.jpg,,64555,27637,blanco,error,storage.from(...).upload is not a function
39316,NEFROTAL H 100 MG - 12.5 MG COMPRIMIDOS RECUBIERTOS,https://mav.farmaciasaas.com/api/images/articulos/DISTRIBUCION/25632.jpg,,67330,30876,blanco,error,storage.from(...).upload is not a function
39314,NAPROXENO SODICO 275 MG COMPRIMIDOS RECUBIERTOS,https://pccentro.net.ve/img/s/7/0/9/2/3/70923-large_default.webp,,15146,30387,blanco,error,storage.from(...).upload is not a function
39318,NEUROMIX COMPRIMIDOS RECUBIERTOS,https://mav.farmaciasaas.com/api/images/articulos/DISTRIBUCION/23206.jpg,,46345,19639,blanco,error,storage.from(...).upload is not a function
39319,NONAFOL 10 MG / ML X 10 SOLUCION ORAL,https://mav.farmaciasaas.com/api/images/articulos/DISTRIBUCION/18358.jpg,,48432,19916,blanco,error,storage.from(...).upload is not a function
39321,NOXPIRIN 125 MG - 0.5 MG / 5 ML SOLUCION ORAL,https://mav.farmaciasaas.com/api/images/articulos/DISTRIBUCION/24256.jpg,,68486,34040,blanco,error,storage.from(...).upload is not a function
39322,NOXPIRIN 325 MG - 1.25 MG / 5 ML SOLUCION ORAL,https://mav.farmaciasaas.com/api/images/articulos/DISTRIBUCION/24257.jpg,,60800,27260,blanco,error,storage.from(...).upload is not a function
39324,OLMESARTAN MEDOXOMIL 20 MG COMPRIMIDOS RECUBIERTOS,https://mav.farmaciasaas.com/api/images/articulos/DISTRIBUCION/25976.jpg,,56173,25547,blanco,error,storage.from(...).upload is not a function
39323,OLMESARTAN MEDOXOMIL - HIDROCLOROTIAZIDA 40 MG - 12.5 MG COMPRIMIDOS RECUBIERTOS,https://mav.farmaciasaas.com/api/images/articulos/DISTRIBUCION/17795.jpg,,67600,31179,blanco,error,storage.from(...).upload is not a function
39325,OLMESARTAN MEDOXOMILO 20 MG X 30 TABLETAS RECUBIERTAS,https://mav.farmaciasaas.com/api/images/articulos/DISTRIBUCION/13813.jpg,,25952,16993,blanco,error,storage.from(...).upload is not a function
39326,OMEPRAZOL 40 MG X 7 CAPSULAS GASTRORRESISTENTES,https://mav.farmaciasaas.com/api/images/articulos/DISTRIBUCION/29583.jpg,,78940,39728,blanco,error,storage.from(...).upload is not a function
39329,OMEPRAZOL 20 MG X 30 CAPSULAS,https://mav.farmaciasaas.com/api/images/articulos/DISTRIBUCION/24329.jpg,,86377,35971,blanco,error,storage.from(...).upload is not a function
39327,OMEPRAZOL 40 MG X 30 CAPSULAS GASTRORRESISTENTES,https://mav.farmaciasaas.com/api/images/articulos/DISTRIBUCION/50576.jpg,,79752,33781,blanco,error,storage.from(...).upload is not a function
39330,OMEPRAZOL 20 MG X 7 CAPSULAS,https://mav.farmaciasaas.com/api/images/articulos/DISTRIBUCION/9745.jpg,,77247,32713,blanco,error,storage.from(...).upload is not a function
39331,ORALZINC SALES DE REHIDRATACION POLVO PARA SOLUCION ORAL SABOR A MANDARINA,https://mav.farmaciasaas.com/api/images/articulos/DISTRIBUCION/51830.jpg,,77488,36239,blanco,error,storage.from(...).upload is not a function
39332,OROFENO 150 MG COMPRIMIDOS DE LIBERACION CONTROLADA,https://pccentro.net.ve/img/s/5/5/0/6/3/55063-large_default.webp,,16982,34569,blanco,error,storage.from(...).upload is not a function
39333,OTAN 0.1 % - 4.0 % SOLUCION OTICA,https://mav.farmaciasaas.com/api/images/articulos/DISTRIBUCION/97545.jpg,,74587,35711,blanco,error,storage.from(...).upload is not a function
39338,PEGYT 50 MG X 30 CAPSULAS,https://mav.farmaciasaas.com/api/images/articulos/DISTRIBUCION/52625.jpg,,67186,31310,blanco,error,storage.from(...).upload is not a function
39340,PERTEN 1 % CREMA,https://mav.farmaciasaas.com/api/images/articulos/DISTRIBUCION/20023.jpg,,69743,32007,blanco,error,storage.from(...).upload is not a function
39342,PREDNISONA 5 MG COMPRIMIDOS,https://pccentro.net.ve/img/s/8/7/8/2/8/87828-large_default.webp,,45222,27301,blanco,error,storage.from(...).upload is not a function
39347,QUETIAPINA 100 MG COMPRIMIDOS,https://pccentro.net.ve/img/s/5/6/4/3/0/56430-large_default.webp,,15862,31588,blanco,error,storage.from(...).upload is not a function
39351,REGULIP 10 MG X 30 TABLETAS,https://pccentro.net.ve/img/s/3/5/6/2/9/35629-large_default.webp,,11432,27448,blanco,error,storage.from(...).upload is not a function
39353,REHIDROSOL 45 MEQ / L SOLUCION ELECTROLITICA USO ORAL SABOR A UVA,https://mav.farmaciasaas.com/api/images/articulos/DISTRIBUCION/15335.jpg,,56337,25206,blanco,error,storage.from(...).upload is not a function
39355,RINARIS 5 MG - 60 MG X 10 TABLETAS RECUBIERTAS,https://mav.farmaciasaas.com/api/images/articulos/DISTRIBUCION/16753.jpg,,47486,19188,blanco,error,storage.from(...).upload is not a function
39357,RINOLAST D 30 MG - 30 MG / 5 ML SUSPENSION ORAL,https://pccentro.net.ve/img/s/2/2/9/0/0/22900-large_default.webp,,26602,37665,blanco,error,storage.from(...).upload is not a function
39364,SILDENAFIL 50 MG X 4 TABLETAS RECUBIERTAS,https://mav.farmaciasaas.com/api/images/articulos/DISTRIBUCION/20786.jpg,,48915,21405,blanco,error,storage.from(...).upload is not a function
39363,SILDENAFIL 50 MG X 2 TABLETAS RECUBIERTAS,https://mav.farmaciasaas.com/api/images/articulos/DISTRIBUCION/99404.jpg,,80042,37847,blanco,error,storage.from(...).upload is not a function
39365,SITALUX 100 MG X 30 TABLETAS RECUBIERTAS,https://mav.farmaciasaas.com/api/images/articulos/DISTRIBUCION/28533.jpg,,50651,21484,blanco,error,storage.from(...).upload is not a function
39367,DEXTROSA AL 5 % EN SOLUCION FISIOLOGICA ISOTONICA DE CLORURO DE SODIO I,https://mav.farmaciasaas.com/api/images/articulos/DISTRIBUCION/1133.jpg,,51889,22415,blanco,error,storage.from(...).upload is not a function
39368,STAMYLFORTE 300 MG - 100 MG X 20 TABLETAS RECUBIERTAS,https://mav.farmaciasaas.com/api/images/articulos/DISTRIBUCION/13272.jpg,,60273,29553,blanco,error,storage.from(...).upload is not a function
39377,TACHIGRIP FORTE X 6 POLVO PARA SOLUCION ORAL,https://pccentro.net.ve/img/s/7/6/9/9/0/76990-large_default.webp,,84582,47442,blanco,error,storage.from(...).upload is not a function
39378,TACHIPIRIN 100 MG / ML SOLUCION ORAL,https://pccentro.net.ve/img/s/2/2/6/9/4/22694-large_default.webp,,21074,28584,blanco,error,storage.from(...).upload is not a function
39379,ACETAMINOFEN 250 MG SUPOSITORIOS,https://pccentro.net.ve/img/s/7/2/0/9/9/72099-large_default.webp,,13852,29259,blanco,error,storage.from(...).upload is not a function
39380,TACHIPIRIN 500 MG X 20 TABLETAS,https://pccentro.net.ve/img/s/5/4/8/7/6/54876-large_default.webp,,21738,40753,blanco,error,storage.from(...).upload is not a function
39381,TACHIPIRIN FORTE 160 MG / 5 ML SUSPENSION ORAL,https://pccentro.net.ve/img/s/2/5/9/6/4/25964-large_default.webp,,31518,43005,blanco,error,storage.from(...).upload is not a function
39382,TADALAFILO 5 MG COMPRIMIDOS RECUBIERTOS,https://mav.farmaciasaas.com/api/images/articulos/DISTRIBUCION/50485.jpg,,40887,16633,blanco,error,storage.from(...).upload is not a function
39383,TAMOA 250 MG COMPRIMIDOS MASTICABLES,https://mav.farmaciasaas.com/api/images/articulos/DISTRIBUCION/95723.jpg,,150554,29923,blanco,error,storage.from(...).upload is not a function
39387,TENSOMAX 60 MG X 10 CAPSULAS DE LIBERACION PROLONGADA,https://pccentro.net.ve/img/s/7/4/4/6/7/74467-large_default.webp,,9142,22200,blanco,error,storage.from(...).upload is not a function
39389,TERAGRIPFORTE NOCHE 650 MG - 4 MG X 4 TABLETAS RECUBIERTAS,https://mav.farmaciasaas.com/api/images/articulos/DISTRIBUCION/51036.jpg,,85639,43214,blanco,error,storage.from(...).upload is not a function
39391,TERAGRIPSUPRA X 10 TABLETAS RECUBIERTAS,https://mav.farmaciasaas.com/api/images/articulos/DISTRIBUCION/96315.jpg,,84879,42526,blanco,error,storage.from(...).upload is not a function
39392,TERBINAFINA 1 % CREMA,https://mav.farmaciasaas.com/api/images/articulos/DISTRIBUCION/96827.jpg,,79556,36472,blanco,error,storage.from(...).upload is not a function
39395,TOBRAMICINA 0.3 % SOLUCION OFTALMICA,https://mav.farmaciasaas.com/api/images/articulos/DISTRIBUCION/28243.jpg,,60068,22756,blanco,error,storage.from(...).upload is not a function
39398,VALGEM PLUS 160 MG-12.5 MG X 10 TABLETAS RECUBIERTAS,https://mav.farmaciasaas.com/api/images/articulos/DISTRIBUCION/52665.jpg,,70569,33351,blanco,error,storage.from(...).upload is not a function
39399,VALGEM PLUS 160 MG-12.5 MG X 30 TABLETAS RECUBIERTAS,https://mav.farmaciasaas.com/api/images/articulos/DISTRIBUCION/52665.jpg,,70569,33351,blanco,error,storage.from(...).upload is not a function
39400,VALSARTAN 160 MG X 20 CAPSULAS,https://pccentro.net.ve/img/s/9/4/1/3/4/94134-large_default.webp,,48006,26832,blanco,error,storage.from(...).upload is not a function
39401,VALSARTAN CON HIDROCLOROTIAZIDA 160 MG - 12.5 MG COMPRIMIDOS RECUBIERTOS,https://mav.farmaciasaas.com/api/images/articulos/DISTRIBUCION/54193.jpg,,70316,34214,blanco,error,storage.from(...).upload is not a function
39404,VALSARTAN 80 MG CAPSULAS,https://mav.farmaciasaas.com/api/images/articulos/DISTRIBUCION/99610.jpg,,72708,33529,blanco,error,storage.from(...).upload is not a function
39405,VALSARTAN 80 MG COMPRIMIDOS RECUBIERTOS,https://mav.farmaciasaas.com/api/images/articulos/DISTRIBUCION/29789.jpg,,52276,23679,blanco,error,storage.from(...).upload is not a function
39406,VALSARTAN CON HIDROCLOROTIAZIDA 80 MG - 12.5 MG COMPRIMIDOS,https://pccentro.net.ve/img/s/5/6/1/6/8/56168-large_default.webp,,17456,34260,blanco,error,storage.from(...).upload is not a function
39409,VITADYN C 1 G COMPRIMIDOS EFERVESCENTES SABOR A GRAPEFRUIT X 10 COMPRIMIDOS,https://mav.farmaciasaas.com/api/images/articulos/DISTRIBUCION/11403.jpg,,53763,20573,blanco,error,storage.from(...).upload is not a function
39408,VITAMINA C 100 MG / 5 ML JARABE,https://pccentro.net.ve/img/s/7/7/8/3/5/77835-large_default.webp,,105634,57338,blanco,error,storage.from(...).upload is not a function
39412,VITAMINA B12 250 MCG X 20 CAPSULAS,https://mav.farmaciasaas.com/api/images/articulos/DISTRIBUCION/3790.jpg,,52305,20727,blanco,error,storage.from(...).upload is not a function
39410,VITADYN C 500 MG X 30 TABLETAS MASTICABLES SABOR A FRESA,https://mav.farmaciasaas.com/api/images/articulos/DISTRIBUCION/30132.jpg,,92170,33885,blanco,error,storage.from(...).upload is not a function
39413,VITAMINA C 50 MG / 5 ML JARABE,https://mav.farmaciasaas.com/api/images/articulos/DISTRIBUCION/11556.jpg,,52101,22735,blanco,error,storage.from(...).upload is not a function
39425,ANAPIR 400 MG X 10 CAPSULAS BLANDAS,https://mav.farmaciasaas.com/api/images/articulos/DISTRIBUCION/17362.jpg,,66313,29674,blanco,error,storage.from(...).upload is not a function
39421,ALILUB 1.4 % SOLUCION OFTALMICA,https://mav.farmaciasaas.com/api/images/articulos/DISTRIBUCION/25509.jpg,,89865,46085,blanco,error,storage.from(...).upload is not a function
39428,APIRETFLU 24 HORAS X 6 GRANULADO,https://mav.farmaciasaas.com/api/images/articulos/DISTRIBUCION/51431.jpg,,65279,33091,blanco,error,storage.from(...).upload is not a function
39429,APRIX 125 MG X 10 CAPSULAS BLANDAS,https://mav.farmaciasaas.com/api/images/articulos/DISTRIBUCION/50995.jpg,,60406,28638,blanco,error,storage.from(...).upload is not a function
39433,ATAMEL 120 MG / 5 ML JARABE,https://mav.farmaciasaas.com/api/images/articulos/DISTRIBUCION/50583.jpg,,79520,41886,blanco,error,storage.from(...).upload is not a function
39432,ASPIANDEX 81 MG X 30 TABLETAS CON RECUBRIMIENTO ENTERICO,https://mav.farmaciasaas.com/api/images/articulos/DISTRIBUCION/52971.jpg,,720312,70044,blanco,error,storage.from(...).upload is not a function
39434,ATAPEC 25 MG X 30 COMPRIMIDOS RECUBIERTOS,https://mav.farmaciasaas.com/api/images/articulos/DISTRIBUCION/53750.jpg,,54554,21890,blanco,error,storage.from(...).upload is not a function
39435,ATOVAROL 20 MG X 30 CAPSULAS BLANDAS,https://pccentro.net.ve/img/s/7/4/0/1/7/74017-large_default.webp,,9108,23208,blanco,error,storage.from(...).upload is not a function
39436,AVOST 0.004 % SOLUCION OFTALMICA,https://mav.farmaciasaas.com/api/images/articulos/DISTRIBUCION/23361.jpg,,60471,28512,blanco,error,storage.from(...).upload is not a function
39438,BEDEX 0.15 % SOLUCION TOPICA BUCAL,https://mav.farmaciasaas.com/api/images/articulos/DISTRIBUCION/28364.jpg,,107155,50788,blanco,error,storage.from(...).upload is not a function
39439,CLOBETASOL PROPIONATO 0.05 % UNGUENTO,https://mav.farmaciasaas.com/api/images/articulos/DISTRIBUCION/90441.jpg,,22301,13489,blanco,error,storage.from(...).upload is not a function
39442,BIRGIT PLUS 50 MG - 850 MG X 30 COMPRIMIDOS RECUBIERTOS,https://mav.farmaciasaas.com/api/images/articulos/DISTRIBUCION/52040.jpg,,61128,28206,blanco,error,storage.from(...).upload is not a function
39443,BIOTALOL HCT 10 MG - 6.25 MG COMPRIMIDOS RECUBIERTOS,https://mav.farmaciasaas.com/api/images/articulos/DISTRIBUCION/51791.jpg,,72629,35179,blanco,error,storage.from(...).upload is not a function
39444,BLOKXA 20 MG X 28 TABLETAS RECUBIERTAS,https://mav.farmaciasaas.com/api/images/articulos/DISTRIBUCION/54280.jpg,,48172,19426,blanco,error,storage.from(...).upload is not a function
39445,BONAC 4 % GEL USO TOPICO,https://mav.farmaciasaas.com/api/images/articulos/DISTRIBUCION/9545.jpg,,50043,22270,blanco,error,storage.from(...).upload is not a function
39446,BRIMOPRESS 0.2 % SOLUCION OFTALMICA,https://mav.farmaciasaas.com/api/images/articulos/DISTRIBUCION/13585.jpg,,48459,20371,blanco,error,storage.from(...).upload is not a function
39447,BRIXIA 0.0 5 % SOLUCION OFTALMICA,https://mav.farmaciasaas.com/api/images/articulos/DISTRIBUCION/1989.jpg,,70558,33536,blanco,error,storage.from(...).upload is not a function
39465,CROMUS 0.1 % UNGUENTO,https://pccentro.net.ve/img/s/7/2/8/1/9/72819-large_default.webp,,0,0,blanco,error,HTTP 404
39451,GYNOTRAN 15 %-4 % CREMA VAGINAL,https://mav.farmaciasaas.com/api/images/articulos/DISTRIBUCION/25326.jpg,,67541,32447,blanco,error,storage.from(...).upload is not a function
39455,CITICOLINA 500 MG X 30 COMPRIMIDOS RECUBIERTOS,https://pccentro.net.ve/img/s/7/1/8/0/3/71803-large_default.webp,,11378,24969,blanco,error,storage.from(...).upload is not a function
39456,NASIN 0.05 % SOLUCION NASAL,https://mav.farmaciasaas.com/api/images/articulos/DISTRIBUCION/2507.jpg,,69732,35133,blanco,error,storage.from(...).upload is not a function
39463,COMENTER 30 MG X 30 COMPRIMIDOS RECUBIERTOS,https://mav.farmaciasaas.com/api/images/articulos/DISTRIBUCION/29372.jpg,,52689,22476,blanco,error,storage.from(...).upload is not a function
39468,CYNT 40 MG COMPRIMIDOS RECIBIERTOS X 10 COMPRIMIDOS,https://mav.farmaciasaas.com/api/images/articulos/DISTRIBUCION/92664.jpg,,48830,21207,blanco,error,storage.from(...).upload is not a function
39467,CYNT 20 MG X 20 COMPRIMIDOS RECUBIERTOS,https://mav.farmaciasaas.com/api/images/articulos/DISTRIBUCION/5489.jpg,,47220,19484,blanco,error,storage.from(...).upload is not a function
39470,DAVINTEX 60 MG X 10 COMPRIMIDOS RECUBIERTOS,https://mav.farmaciasaas.com/api/images/articulos/DISTRIBUCION/27618.jpg,,49377,22025,blanco,error,storage.from(...).upload is not a function
39473,DENCORUB GEL,https://mav.farmaciasaas.com/api/images/articulos/DISTRIBUCION/52521.jpg,,78309,39557,blanco,error,storage.from(...).upload is not a function
39483,DIFENAC 100 MG X 10 COMPRIMIDOS RECUBIERTOS,https://mav.farmaciasaas.com/api/images/articulos/DISTRIBUCION/8420.jpg,,55230,24730,blanco,error,storage.from(...).upload is not a function
39476,DESLER M 5 MG - 10 MG X 30 TABLETAS RECUBIERTAS,https://mav.farmaciasaas.com/api/images/articulos/DISTRIBUCION/96524/96524.jpg,,69487,36069,blanco,error,storage.from(...).upload is not a function
39477,DESLER M 5 MG - 10 MG X 10 TABLETAS RECUBIERTAS,https://mav.farmaciasaas.com/api/images/articulos/DISTRIBUCION/18361.jpg,,64325,32956,blanco,error,storage.from(...).upload is not a function
39489,DOLAK 30 MG X 4 COMPRIMIDOS SUBLINGUALES,https://mav.farmaciasaas.com/api/images/articulos/DISTRIBUCION/94457.jpg,,58551,25889,blanco,error,storage.from(...).upload is not a function
39482,DICLOFENAC DIETILAMINA 1.16 % EMULGEL,https://pccentro.net.ve/img/s/8/0/6/4/5/80645-large_default.webp,,68790,37955,blanco,error,storage.from(...).upload is not a function
39492,BALSADER GEL TOPICO,https://mav.farmaciasaas.com/api/images/articulos/DISTRIBUCION/2521.jpg,,80639,38631,blanco,error,storage.from(...).upload is not a function
39493,DOPRIL 3 MG / ML SOLUCION ORAL,https://mav.farmaciasaas.com/api/images/articulos/DISTRIBUCION/28532.jpg,,79350,40288,blanco,error,storage.from(...).upload is not a function
39495,DROPIL 200 MG X 40 COMPRIMIDOS RECUBIERTOS,https://mav.farmaciasaas.com/api/images/articulos/DISTRIBUCION/97140.jpg,,43615,16707,blanco,error,storage.from(...).upload is not a function
39494,DROPIL 100 MG X 40 COMPRIMIDOS RECUBIERTOS,https://mav.farmaciasaas.com/api/images/articulos/DISTRIBUCION/96830.jpg,,40779,15297,blanco,error,storage.from(...).upload is not a function
39502,EVIGAX 125 MG X 10 CAPSULAS BLANDAS,https://mav.farmaciasaas.com/api/images/articulos/DISTRIBUCION/96795.jpg,,25400,17809,blanco,error,storage.from(...).upload is not a function
39498,ELMETACIN-IND 1 % SOLUCION TOPICA,https://pccentro.net.ve/img/s/8/9/4/4/5/89445-large_default.webp,,47354,32124,blanco,error,storage.from(...).upload is not a function
39508,FLATVIN 125 MG X 10 CAPSULAS BLANDAS,https://mav.farmaciasaas.com/api/images/articulos/DISTRIBUCION/24281.jpg,,71604,35126,blanco,error,storage.from(...).upload is not a function
39503,EVIGAX 125 MG X 20 CAPSULAS BLANDAS,https://mav.farmaciasaas.com/api/images/articulos/DISTRIBUCION/8614.jpg,,75735,36738,blanco,error,storage.from(...).upload is not a function
39507,DOLOGINEX 125 MG - 10 MG X 10 COMPRIMIDOS RECUBIERTOS,https://mav.farmaciasaas.com/api/images/articulos/DISTRIBUCION/54561.jpg,,21862,13259,blanco,error,storage.from(...).upload is not a function
39505,EZENTIUS 20 MG X 20 COMPRIMIDOS RECUBIERTOS,https://mav.farmaciasaas.com/api/images/articulos/DISTRIBUCION/53836.jpg,,149446,29472,blanco,error,storage.from(...).upload is not a function
39509,FLEVOMAX - D 600 MG X 15 COMPRIMIDOS RECUBIERTOS,https://mav.farmaciasaas.com/api/images/articulos/DISTRIBUCION/54226.jpg,,78835,40193,blanco,error,storage.from(...).upload is not a function
39514,GESTAGENO 100 MG CAPSULAS DE GELATINA BLANDA X 10 CAPSULAS,https://pccentro.net.ve/img/s/3/9/7/7/1/39771-large_default.webp,,9006,25899,blanco,error,storage.from(...).upload is not a function
39516,GLAUCOTENSIL T 2 % - 0.5 % SOLUCION OFTALMICA,https://mav.farmaciasaas.com/api/images/articulos/DISTRIBUCION/2262.jpg,,67180,32452,blanco,error,storage.from(...).upload is not a function
39515,GESTAGENO 200 MG CAPSULAS DE GELATINA BLANDA X 10 CAPSULAS,https://pccentro.net.ve/img/s/7/5/9/8/0/75980-large_default.webp,,41344,31772,blanco,error,storage.from(...).upload is not a function
39519,GLIDEX 850 MG X 30 TABLETAS RECUBIERTAS,https://mav.farmaciasaas.com/api/images/articulos/DISTRIBUCION/52970.jpg,,569224,52500,blanco,error,storage.from(...).upload is not a function
39525,IBUFEN 800 MG X 6 COMPRIMIDOS RECUBIERTOS,https://mav.farmaciasaas.com/api/images/articulos/DISTRIBUCION/54227.jpg,,73192,35938,blanco,error,storage.from(...).upload is not a function
39526,IMOL 20 MG X 30 COMPRIMIDOS RECUBIERTOS,https://mav.farmaciasaas.com/api/images/articulos/DISTRIBUCION/52408.jpg,,45844,17852,blanco,error,storage.from(...).upload is not a function
39518,GLIDEX 500 MG X 30 TABLETAS RECUBIERTAS,https://mav.farmaciasaas.com/api/images/articulos/DISTRIBUCION/52469.jpg,,584661,53767,blanco,error,storage.from(...).upload is not a function
39527,ITISONA 0.1 % CREMA,https://mav.farmaciasaas.com/api/images/articulos/DISTRIBUCION/9412.jpg,,50204,22261,blanco,error,storage.from(...).upload is not a function
39530,KEPPRA 100 MG / ML SOLUCION ORAL,https://mav.farmaciasaas.com/api/images/articulos/DISTRIBUCION/28896.jpg,,63443,30597,blanco,error,storage.from(...).upload is not a function
39533,KETOMED 2 % CHAMPU,https://mav.farmaciasaas.com/api/images/articulos/DISTRIBUCION/30800.jpg,,51259,23480,blanco,error,storage.from(...).upload is not a function
39534,KATIVIL 1 G / 10 ML X 60 SOLUCION ORAL,https://mav.farmaciasaas.com/api/images/articulos/DISTRIBUCION/51086.jpg,,60253,28575,blanco,error,storage.from(...).upload is not a function
39531,KETOCONAZOL 2 % CREMA,https://mav.farmaciasaas.com/api/images/articulos/DISTRIBUCION/8683.jpg,,69960,32015,blanco,error,storage.from(...).upload is not a function
39536,LAMICTAL 50 MG X 30 TABLETAS DISPERSABLES - MASTICABLES,https://mav.farmaciasaas.com/api/images/articulos/DISTRIBUCION/11118.jpg,,9736,9819,blanco,error,storage.from(...).upload is not a function
39535,LAMICTAL 100 MG X 30 TABLETAS DISPERSABLES-MASTICABLES,https://mav.farmaciasaas.com/api/images/articulos/DISTRIBUCION/11117.jpg,,73373,37050,blanco,error,storage.from(...).upload is not a function
39537,LESTECOL 40 MG X 30 TABLETAS RECUBIERTAS,https://mav.farmaciasaas.com/api/images/articulos/DISTRIBUCION/91315.jpg,,168393,29269,blanco,error,storage.from(...).upload is not a function
39539,MANTIXA 2.5 MG X 30 COMPRIMIDOS RECUBIERTOS,https://mav.farmaciasaas.com/api/images/articulos/DISTRIBUCION/27090.jpg,,58131,27910,blanco,error,storage.from(...).upload is not a function
39544,MOMEQ 0.1 % CREMA,https://mav.farmaciasaas.com/api/images/articulos/DISTRIBUCION/21240.jpg,,51107,19786,blanco,error,storage.from(...).upload is not a function
39542,MINOXIDIL FORTE 5 % SOLUCION TOPICA,https://mav.farmaciasaas.com/api/images/articulos/DISTRIBUCION/28505.jpg,,57717,27334,blanco,error,storage.from(...).upload is not a function
39554,NIFEDIPINA 30 MG X 30 CAPSULAS DE LIBERACION PROLONGADA,https://pccentro.net.ve/img/s/8/5/3/8/3/85383-large_default.webp,,38818,25334,blanco,error,storage.from(...).upload is not a function
39560,OPAT 0.1 % SOLUCION OFTALMICA,https://mav.farmaciasaas.com/api/images/articulos/DISTRIBUCION/91031.jpg,,57422,22207,blanco,error,storage.from(...).upload is not a function
39563,PEPSADEL 262 MG X 12 TABLETAS MASTICABLES,https://mav.farmaciasaas.com/api/images/articulos/DISTRIBUCION/26892.jpg,,59072,26729,blanco,error,storage.from(...).upload is not a function
39568,PROFLOX 1 G / 5 ML SUSPENSION ORAL,https://mav.farmaciasaas.com/api/images/articulos/DISTRIBUCION/27740.jpg,,68391,35905,blanco,error,storage.from(...).upload is not a function
39570,RESECAL 10 MG X 10 POLVO PARA SUSPENSION ORAL,https://mav.farmaciasaas.com/api/images/articulos/DISTRIBUCION/54046.jpg,,50022,22151,blanco,error,storage.from(...).upload is not a function
39572,RIVAREX 10 MG X 30 COMPRIMIDOS RECUBIERTOS,https://mav.farmaciasaas.com/api/images/articulos/DISTRIBUCION/52904.jpg,,66263,27467,blanco,error,storage.from(...).upload is not a function
39571,RIFAMIX 550 MG X 10 COMPRIMIDOS RECUBIERTOS,https://pccentro.net.ve/img/s/7/9/6/0/5/79605-large_default.webp,,43324,27299,blanco,error,storage.from(...).upload is not a function
39574,SACUMIC 50 MG X 30 COMPRIMIDOS RECUBIERTOS,https://mav.farmaciasaas.com/api/images/articulos/DISTRIBUCION/54298.jpg,,23073,14405,blanco,error,storage.from(...).upload is not a function
39577,SILVEDERMA 1 % CREMA,https://mav.farmaciasaas.com/api/images/articulos/DISTRIBUCION/28865.jpg,,49569,21067,blanco,error,storage.from(...).upload is not a function
39578,SIMULTAN DUO 50 MG - 850 MG X 30 COMPRIMIDOS RECUBIERTOS,https://mav.farmaciasaas.com/api/images/articulos/DISTRIBUCION/52757.jpg,,74267,33928,blanco,error,storage.from(...).upload is not a function
39579,SINMEGAS 125 MG X 20 CAPSULAS BLANDAS,https://mav.farmaciasaas.com/api/images/articulos/DISTRIBUCION/53113.jpg,,55715,21747,blanco,error,storage.from(...).upload is not a function
39580,SINMEGAS 125 MG X 30 CAPSULAS BLANDAS,https://mav.farmaciasaas.com/api/images/articulos/DISTRIBUCION/53114.jpg,,39511,15014,blanco,error,storage.from(...).upload is not a function
39585,SYNARTROS 60 MG X 10 TABLETAS RECUBIERTAS,https://pccentro.net.ve/img/s/2/5/9/5/4/25954-large_default.webp,,13508,19375,blanco,error,storage.from(...).upload is not a function
39587,TALERC 10 MG / ML SOLUCION ORAL,https://mav.farmaciasaas.com/api/images/articulos/DISTRIBUCION/8537.jpg,,70169,33067,blanco,error,storage.from(...).upload is not a function
39589,TALYSTOR 20 MG X 1 TABLETA MASTICABLE,https://mav.farmaciasaas.com/api/images/articulos/DISTRIBUCION/50928.jpg,,47833,22221,blanco,error,storage.from(...).upload is not a function
39588,TALFIDEX 20 MG X 2 TABLETAS RECUBIERTAS,https://mav.farmaciasaas.com/api/images/articulos/DISTRIBUCION/53285.jpg,,536629,49738,blanco,error,storage.from(...).upload is not a function
39590,BUCOXOLGAR 0.15 % - 0.25 % SOLUCION TOPICA BUCAL ATOMIZADORA SABOR A MENTA FRESCA,https://mav.farmaciasaas.com/api/images/articulos/DISTRIBUCION/19885.jpg,,169950,26849,blanco,error,storage.from(...).upload is not a function
39592,TERBICRYM 1 % CREMA,https://mav.farmaciasaas.com/api/images/articulos/DISTRIBUCION/21458.jpg,,47751,19760,blanco,error,storage.from(...).upload is not a function
39594,TOMYCIN 0.3 % SOLUCION OFTALMICA,https://mav.farmaciasaas.com/api/images/articulos/DISTRIBUCION/23365.jpg,,61320,29126,blanco,error,storage.from(...).upload is not a function
39591,TAXUS 20 MG X 30 COMPRIMIDOS,https://mav.farmaciasaas.com/api/images/articulos/DISTRIBUCION/28335.jpg,,156006,48008,blanco,error,storage.from(...).upload is not a function
39595,TOPISEPT 2 % CREMA TOPICA,https://mav.farmaciasaas.com/api/images/articulos/DISTRIBUCION/26900.jpg,,40891,15284,blanco,error,storage.from(...).upload is not a function
39597,UDOX 75 MG X 10 CAPSULAS,https://mav.farmaciasaas.com/api/images/articulos/DISTRIBUCION/97141.jpg,,48961,20699,blanco,error,storage.from(...).upload is not a function
39596,TRUSOMIDA 2 % SOLUCION OFTALMICA,https://mav.farmaciasaas.com/api/images/articulos/DISTRIBUCION/52801.jpg,,69776,32882,blanco,error,storage.from(...).upload is not a function
39603,REHIDROSOL ZINC 60 MEQ / L SOLUCION ELECTROLITICA USO ORAL SABOR A MANZANA X 30 SOLUCION ORAL,https://pccentro.net.ve/img/s/7/4/1/8/9/74189-large_default.webp,,9378,21475,blanco,error,storage.from(...).upload is not a function
39599,VAXIDUO 100 MG - 400 MG X 7 OVULOS VAGINALES,https://mav.farmaciasaas.com/api/images/articulos/DISTRIBUCION/25190.jpg,,53087,23603,blanco,error,storage.from(...).upload is not a function
39601,VIZERUL 300 MG X 10 COMPRIMIDOS,https://mav.farmaciasaas.com/api/images/articulos/DISTRIBUCION/8428.jpg,,48710,20701,blanco,error,storage.from(...).upload is not a function
39604,ZOCLONAX 7.5 MG X 10 TABLETAS RECUBIERTAS,https://mav.farmaciasaas.com/api/images/articulos/DISTRIBUCION/28792.jpg,,42182,16832,blanco,error,storage.from(...).upload is not a function
39620,ACECLOFENACO 100 MG X 10 TABLETAS RECUBIERTAS,https://mav.farmaciasaas.com/api/images/articulos/DISTRIBUCION/53399.jpg,,48078,20781,blanco,error,storage.from(...).upload is not a function
39618,ACIDO IBANDRONICO 150 MG X 1 TABLETA RECUBIERTA,https://mav.farmaciasaas.com/api/images/articulos/DISTRIBUCION/52763.jpg,,80084,31528,blanco,error,storage.from(...).upload is not a function
39621,ACETAMINOFEN 650 MG X 30 TABLETAS,https://mav.farmaciasaas.com/api/images/articulos/DISTRIBUCION/15591.jpg,,64814,33535,blanco,error,storage.from(...).upload is not a function
39619,ACIDO TRANEXAMICO 500 MG X 10 TABLETAS RECUBIERTAS,https://mav.farmaciasaas.com/api/images/articulos/DISTRIBUCION/53498.jpg,,81422,31846,blanco,error,storage.from(...).upload is not a function
39622,ACETAMINOFEN 150 MG / 5 ML JARABE,https://pccentro.net.ve/img/s/1/8/1/9/5/18195-large_default.webp,,42130,58378,blanco,error,storage.from(...).upload is not a function
39624,ACETAMINOFEN 500 MG X 12 TABLETAS,https://mav.farmaciasaas.com/api/images/articulos/DISTRIBUCION/22400.jpg,,68321,31156,blanco,error,storage.from(...).upload is not a function
39625,ACETAMINOFEN 500 MG X 24 TABLETAS,https://mav.farmaciasaas.com/api/images/articulos/DISTRIBUCION/22401.jpg,,62986,29213,blanco,error,storage.from(...).upload is not a function
39623,ACETAMINOFEN 120 MG / 5 ML SOLUCION ORAL,https://mav.farmaciasaas.com/api/images/articulos/DISTRIBUCION/53087.jpg,,57077,24820,blanco,error,storage.from(...).upload is not a function
39626,ACETAZOLAMIDA 250 MG X 20 TABLETAS,https://mav.farmaciasaas.com/api/images/articulos/DISTRIBUCION/53492.jpg,,48249,19217,blanco,error,storage.from(...).upload is not a function
39627,ACETAZOLAMIDA 250 MG X 10 TABLETAS,https://mav.farmaciasaas.com/api/images/articulos/DISTRIBUCION/53177.jpg,,45349,18096,blanco,error,storage.from(...).upload is not a function
39628,ACICLOVIR 250 MG POLVO LIOFILIZADO PARA SOLUCION INYECTABLE PARA INFUSION INTRAVENOSA,https://mav.farmaciasaas.com/api/images/articulos/DISTRIBUCION/51935.jpg,,72599,32835,blanco,error,storage.from(...).upload is not a function
39631,ACIDO ASCORBICO 500 MG / 5 ML SOLUCION INYECTABLE,https://mav.farmaciasaas.com/api/images/articulos/DISTRIBUCION/23088.jpg,,17468,8177,blanco,error,storage.from(...).upload is not a function
39629,ACICLOVIR 200 MG X 20 TABLETAS,https://mav.farmaciasaas.com/api/images/articulos/DISTRIBUCION/29551.jpg,,57315,26345,blanco,error,storage.from(...).upload is not a function
39632,ACIDO FOLICO 10 MG / 2 ML X 10 INYECTABLE,https://mav.farmaciasaas.com/api/images/articulos/DISTRIBUCION/22846.jpg,,17026,9852,blanco,error,storage.from(...).upload is not a function
39630,ACICLOVIR 200 MG X 24 TABLETAS,https://mav.farmaciasaas.com/api/images/articulos/DISTRIBUCION/7859.jpg,,52664,23431,blanco,error,storage.from(...).upload is not a function
39633,ADAPALENO - CLINDAMICINA 0.1 % - 1 % GEL,https://mav.farmaciasaas.com/api/images/articulos/DISTRIBUCION/52420.jpg,,61154,27259,blanco,error,storage.from(...).upload is not a function
39634,ADRENALINA 1 MG / ML X 5 AMPOLLAS,https://mav.farmaciasaas.com/api/images/articulos/DISTRIBUCION/52500.jpg,,16060,8798,blanco,error,storage.from(...).upload is not a function
39635,AGUA OXIG ALVA INYECTABLE,https://mav.farmaciasaas.com/api/images/articulos/DISTRIBUCION/28584.jpg,,106976,30615,blanco,error,storage.from(...).upload is not a function
39636,ALBENDAZOL 400 MG X 10 TABLETAS MASTICABLES,https://mav.farmaciasaas.com/api/images/articulos/DISTRIBUCION/52550.jpg,,75880,31435,blanco,error,storage.from(...).upload is not a function
39637,ALBENDAZOL 200 MG X 6 COMPRIMIDOS,https://mav.farmaciasaas.com/api/images/articulos/DISTRIBUCION/1526.jpg,,46450,18744,blanco,error,storage.from(...).upload is not a function
39638,ALENDRONATO SODICO 70 MG X 4 COMPRIMIDOS,https://mav.farmaciasaas.com/api/images/articulos/DISTRIBUCION/50383.jpg,,55150,23091,blanco,error,storage.from(...).upload is not a function
39640,AMIKACINA 100 MG / 2 ML X 10 AMPOLLAS,https://mav.farmaciasaas.com/api/images/articulos/DISTRIBUCION/53493.jpg,,42977,15815,blanco,error,storage.from(...).upload is not a function
39639,AMIKACINA 500 MG / 2 ML X 1 AMPOLLA,https://mav.farmaciasaas.com/api/images/articulos/DISTRIBUCION/27450.jpg,,43780,17466,blanco,error,storage.from(...).upload is not a function
39641,AMLODIPINA 10 MG X 60 COMPRIMIDOS,https://mav.farmaciasaas.com/api/images/articulos/DISTRIBUCION/20112.jpg,,70480,34361,blanco,error,storage.from(...).upload is not a function
39642,AMLODIPINA 10 MG X 10 COMPRIMIDOS,https://mav.farmaciasaas.com/api/images/articulos/DISTRIBUCION/2419.jpg,,49227,20382,blanco,error,storage.from(...).upload is not a function
39643,AMLODIPINA 5 MG X 30 TABLETAS,https://mav.farmaciasaas.com/api/images/articulos/DISTRIBUCION/99081.jpg,,53938,23958,blanco,error,storage.from(...).upload is not a function
39644,AMOXICILINA 500 MG X 10 CAPSULAS,https://mav.farmaciasaas.com/api/images/articulos/DISTRIBUCION/30058.jpg,,65780,33541,blanco,error,storage.from(...).upload is not a function
39645,AMOXICILINA 500 MG X 6 CAPSULAS,https://mav.farmaciasaas.com/api/images/articulos/DISTRIBUCION/5265.jpg,,43845,17808,blanco,error,storage.from(...).upload is not a function
39646,AMOXICILINA 125 MG / 5 ML SUSPENSION,https://mav.farmaciasaas.com/api/images/articulos/DISTRIBUCION/26127.jpg,,54994,25295,blanco,error,storage.from(...).upload is not a function
39647,ANASTROZOL 1 MG X 30 TABLETAS RECUBIERTAS,https://mav.farmaciasaas.com/api/images/articulos/DISTRIBUCION/26476.jpg,,43932,19761,blanco,error,storage.from(...).upload is not a function
39648,APIXABAN 2.5 MG X 30 COMPRIMIDOS,https://mav.farmaciasaas.com/api/images/articulos/DISTRIBUCION/30329.jpg,,48072,19976,blanco,error,storage.from(...).upload is not a function
39649,ATAPEC 100 MG X 30 TABLETAS RECUBIERTAS,https://mav.farmaciasaas.com/api/images/articulos/DISTRIBUCION/25050.jpg,,35896,12683,blanco,error,storage.from(...).upload is not a function
39650,ATENOLOL 100 MG X 30 TABLETAS,https://mav.farmaciasaas.com/api/images/articulos/DISTRIBUCION/7789.jpg,,51249,22237,blanco,error,storage.from(...).upload is not a function
39651,ATENOLOL 50 MG X 30 TABLETAS,https://mav.farmaciasaas.com/api/images/articulos/DISTRIBUCION/23700.jpg,,51378,21155,blanco,error,storage.from(...).upload is not a function
39652,ATENOLOL 50 MG X 30 COMPRIMIDOS,https://mav.farmaciasaas.com/api/images/articulos/DISTRIBUCION/23700.jpg,,51378,21155,blanco,error,storage.from(...).upload is not a function
39653,ATORVASTATINA 20 MG X 14 COMPRIMIDOS RECUBIERTOS,https://mav.farmaciasaas.com/api/images/articulos/DISTRIBUCION/11565.jpg,,48914,20196,blanco,error,storage.from(...).upload is not a function
39654,ATORVASTATINA 40 MG X 14 TABLETAS RECUBIERTAS,https://mav.farmaciasaas.com/api/images/articulos/DISTRIBUCION/91726.jpg,,48435,19743,blanco,error,storage.from(...).upload is not a function
39656,AZITROMICINA 500 MG X 3 COMPRIMIDOS RECUBIERTOS,https://mav.farmaciasaas.com/api/images/articulos/DISTRIBUCION/11009.jpg,,26240,17251,blanco,error,storage.from(...).upload is not a function
39655,AUGMENTIN BID 875 MG - 125 MG TABLETAS RECUBIERTAS,https://mav.farmaciasaas.com/api/images/articulos/DISTRIBUCION/92934.jpg,,54002,23945,blanco,error,storage.from(...).upload is not a function
39657,AZITROMICINA 200 MG / 5 ML SUSPENSION ORAL,https://mav.farmaciasaas.com/api/images/articulos/DISTRIBUCION/21793.jpg,,55144,25071,blanco,error,storage.from(...).upload is not a function
39658,BACITRACINA 500 UI / 20 G UNGUENTO,https://mav.farmaciasaas.com/api/images/articulos/DISTRIBUCION/29019.jpg,,52595,22738,blanco,error,storage.from(...).upload is not a function
39659,BISACODILO 5 MG X 10 TABLETAS GASTRORRESISTENTES,https://mav.farmaciasaas.com/api/images/articulos/DISTRIBUCION/28708.jpg,,70472,32405,blanco,error,storage.from(...).upload is not a function
39660,BISOPROLOL FUMARATO 10 MG X 30 COMPRIMIDOS RECUBIERTOS,https://mav.farmaciasaas.com/api/images/articulos/DISTRIBUCION/21371.jpg,,60446,27697,blanco,error,storage.from(...).upload is not a function
39662,VALSARTAN 160 MG X 30 TABLETAS,https://mav.farmaciasaas.com/api/images/articulos/DISTRIBUCION/52911.jpg,,20404,13405,blanco,error,storage.from(...).upload is not a function
39661,BISOPROLOL FUMARATO 5 MG X 30 TABLETAS RECUBIERTAS,https://mav.farmaciasaas.com/api/images/articulos/DISTRIBUCION/98668.jpg,,67018,34096,blanco,error,storage.from(...).upload is not a function
39663,CLORHIDRATO DE BROMEXINA 8 MG / 5 ML JARABE.,https://mav.farmaciasaas.com/api/images/articulos/DISTRIBUCION/27452.jpg,,45328,19026,blanco,error,storage.from(...).upload is not a function
39664,BROMEXINA CLORHIDRATO 4 MG / 5 ML JARABE,https://mav.farmaciasaas.com/api/images/articulos/DISTRIBUCION/14190.jpg,,58533,28317,blanco,error,storage.from(...).upload is not a function
39665,BROMHEXINA PED4MG 5 ML / 120 ML JARABE,https://mav.farmaciasaas.com/api/images/articulos/DISTRIBUCION/11549.jpg,,56166,24764,blanco,error,storage.from(...).upload is not a function
39666,CARBAMAZEPINA 200 MG X 10 COMPRIMIDOS,https://mav.farmaciasaas.com/api/images/articulos/DISTRIBUCION/52560.jpg,,70420,28965,blanco,error,storage.from(...).upload is not a function
39667,CARBAMAZEPINA 200 MG X 20 COMPRIMIDOS,https://mav.farmaciasaas.com/api/images/articulos/DISTRIBUCION/20947.jpg,,50174,21787,blanco,error,storage.from(...).upload is not a function
39668,CARBAMAZEPINA 200 MG X 30 TABLETAS,https://mav.farmaciasaas.com/api/images/articulos/DISTRIBUCION/23677.jpg,,53720,23747,blanco,error,storage.from(...).upload is not a function
39669,CARBAMAZEPINA 400 MG X 30 TABLETAS,https://mav.farmaciasaas.com/api/images/articulos/DISTRIBUCION/28515.jpg,,44616,18700,blanco,error,storage.from(...).upload is not a function
39670,CEFAZOLINA SODICO 1 G X 10 INYECTABLE,https://mav.farmaciasaas.com/api/images/articulos/DISTRIBUCION/51988.jpg,,117872,34376,blanco,error,storage.from(...).upload is not a function
39671,CEFTRIAXONA 1 G X 1 AMPOLLA,https://mav.farmaciasaas.com/api/images/articulos/DISTRIBUCION/51473.jpg,,49282,20453,blanco,error,storage.from(...).upload is not a function
39672,CEFTRIAXONA 1 G POLVO PARA SOLUCION INYECTABLE,https://mav.farmaciasaas.com/api/images/articulos/DISTRIBUCION/51473.jpg,,49282,20453,blanco,error,storage.from(...).upload is not a function
39673,CELECOXIB 200 MG X 10 CAPSULAS,https://mav.farmaciasaas.com/api/images/articulos/DISTRIBUCION/26739.jpg,,47115,19182,blanco,error,storage.from(...).upload is not a function
39674,CETIRIZINA 5 MG / 5 ML SOLUCION ORAL,https://mav.farmaciasaas.com/api/images/articulos/DISTRIBUCION/2328.jpg,,56861,25672,blanco,error,storage.from(...).upload is not a function
39675,CILOSTAZOL 50 MG X 30 TABLETAS RECUBIERTAS,https://mav.farmaciasaas.com/api/images/articulos/DISTRIBUCION/25678.jpg,,48364,20809,blanco,error,storage.from(...).upload is not a function
39676,CILOSTAZOL 100 MG X 30 TABLETAS,https://mav.farmaciasaas.com/api/images/articulos/DISTRIBUCION/52907.jpg,,62352,29306,blanco,error,storage.from(...).upload is not a function
39678,CIPROFLOXACINA INF INY200MG CRDIST 100 ML INYECTABLE,https://mav.farmaciasaas.com/api/images/articulos/DISTRIBUCION/21337.jpg,,58546,26503,blanco,error,storage.from(...).upload is not a function
39677,CIPROFLOXACINA 500 MG X 6 TABLETAS RECUBIERTAS,https://mav.farmaciasaas.com/api/images/articulos/DISTRIBUCION/20511.jpg,,255057,76797,blanco,error,storage.from(...).upload is not a function
39679,CIPROFLOXACINA 500 MG X 10 TABLETAS RECUBIERTAS,https://mav.farmaciasaas.com/api/images/articulos/DISTRIBUCION/20945.jpg,,67880,31319,blanco,error,storage.from(...).upload is not a function
39680,CIPROFLOXACINA 500 MG X 10 COMPRIMIDOS RECUBIERTOS,https://mav.farmaciasaas.com/api/images/articulos/DISTRIBUCION/20945.jpg,,67880,31319,blanco,error,storage.from(...).upload is not a function
39682,CIPROFLOXACINO 500 MG X 10 TABLETAS RECUBIERTAS,https://mav.farmaciasaas.com/api/images/articulos/DISTRIBUCION/50785.jpg,,110907,49588,blanco,error,storage.from(...).upload is not a function
39683,CITALOPRAM 40 MG X 10 TABLETAS RECUBIERTAS,https://mav.farmaciasaas.com/api/images/articulos/DISTRIBUCION/53032.jpg,,40133,15113,blanco,error,storage.from(...).upload is not a function
39681,CIPROFLOXACINA 500 MG X 6 COMPRIMIDOS RECUBIERTOS,https://mav.farmaciasaas.com/api/images/articulos/DISTRIBUCION/20511.jpg,,255057,76797,blanco,error,storage.from(...).upload is not a function
39684,CITRATO CA VIT D3 TABLETAS,https://mav.farmaciasaas.com/api/images/articulos/DISTRIBUCION/23439.jpg,,65854,31321,blanco,error,storage.from(...).upload is not a function
39685,CLOMIFENO CITRATO 50 MG X 30 TABLETAS,https://mav.farmaciasaas.com/api/images/articulos/DISTRIBUCION/28709.jpg,,60077,26625,blanco,error,storage.from(...).upload is not a function
39686,CLOPIDOGREL 75 MG X 20 COMPRIMIDOS RECUBIERTOS,https://mav.farmaciasaas.com/api/images/articulos/DISTRIBUCION/51767.jpg,,61565,27186,blanco,error,storage.from(...).upload is not a function
39687,CLOPIDOGREL 75 MG X 30 COMPRIMIDOS RECUBIERTOS,https://mav.farmaciasaas.com/api/images/articulos/DISTRIBUCION/22848.jpg,,111524,35482,blanco,error,storage.from(...).upload is not a function
39690,CLORURO SODICO 0.9 % INYECTABLE,https://mav.farmaciasaas.com/api/images/articulos/DISTRIBUCION/21357.jpg,,34886,14965,blanco,error,storage.from(...).upload is not a function
39689,CLORHID MEBEVERINA 200 MG X 30 CAPSULAS,https://mav.farmaciasaas.com/api/images/articulos/DISTRIBUCION/54229.jpg,,52917,23101,blanco,error,storage.from(...).upload is not a function
39688,CLOPIDOGREL 75 MG X 30 TABLETAS RECUBIERTAS,https://mav.farmaciasaas.com/api/images/articulos/DISTRIBUCION/22848.jpg,,111524,35482,blanco,error,storage.from(...).upload is not a function
39691,CLORURO MAGNES 25 G LOCION,https://mav.farmaciasaas.com/api/images/articulos/DISTRIBUCION/17780.jpg,,62472,27899,blanco,error,storage.from(...).upload is not a function
39693,CLOTRIMAZOL 500 MG X 1 OVULO VAGINAL,https://mav.farmaciasaas.com/api/images/articulos/DISTRIBUCION/26410.jpg,,46838,19879,blanco,error,storage.from(...).upload is not a function
39692,CLOTRIMAZOL 100 MG X 6 OVULOS VAGINALES,https://mav.farmaciasaas.com/api/images/articulos/DISTRIBUCION/26419.jpg,,44651,18389,blanco,error,storage.from(...).upload is not a function
39695,DILTIAZEM 60 MG X 30 COMPRIMIDOS,https://mav.farmaciasaas.com/api/images/articulos/DISTRIBUCION/28519.jpg,,45128,18456,blanco,error,storage.from(...).upload is not a function
39697,PORTU 4 MG X 100 COMPRIMIDOS,https://mav.farmaciasaas.com/api/images/articulos/DISTRIBUCION/25079.jpg,,46177,16744,blanco,error,storage.from(...).upload is not a function
39696,6 MG X 30 COMPRIMIDOS,https://mav.farmaciasaas.com/api/images/articulos/DISTRIBUCION/52860.jpg,,43854,16730,blanco,error,storage.from(...).upload is not a function
39698,SODICO 4 MG / 1 ML X 10 INYECTABLE,https://mav.farmaciasaas.com/api/images/articulos/DISTRIBUCION/23086.jpg,,56788,25534,blanco,error,storage.from(...).upload is not a function
39700,SODICO 8 MG / 2 ML X 10 INYECTABLE,https://mav.farmaciasaas.com/api/images/articulos/DISTRIBUCION/23087.jpg,,16586,9379,blanco,error,storage.from(...).upload is not a function
39699,DEXAMETASONA FOSFATO SODICO 8 MG / 2 ML SOLUCION INYECTABLE,https://mav.farmaciasaas.com/api/images/articulos/DISTRIBUCION/23087.jpg,,16586,9379,blanco,error,storage.from(...).upload is not a function
39701,DIACEREINA 50 MG X 10 CAPSULAS,https://mav.farmaciasaas.com/api/images/articulos/DISTRIBUCION/50231.jpg,,53296,24117,blanco,error,storage.from(...).upload is not a function
39702,CARVEDILOL 25 MG X 30 TABLETAS,https://mav.farmaciasaas.com/api/images/articulos/DISTRIBUCION/54225.jpg,,61001,16813,blanco,error,storage.from(...).upload is not a function
39703,DICLOFENACO SODICO 75 MG / 3 ML X 10 AMPOLLAS,https://mav.farmaciasaas.com/api/images/articulos/DISTRIBUCION/53115.jpg,,72639,35430,blanco,error,storage.from(...).upload is not a function
39704,DICLOFENACO POTASICO 50 MG X 10 TABLETAS RECUBIERTAS,https://mav.farmaciasaas.com/api/images/articulos/DISTRIBUCION/54424.jpg,,18208,10875,blanco,error,storage.from(...).upload is not a function
39705,DICLOFENAC POTASICO 50 MG X 20 TABLETAS,https://mav.farmaciasaas.com/api/images/articulos/DISTRIBUCION/23145.jpg,,48439,21045,blanco,error,storage.from(...).upload is not a function
39706,DIOSMINA 600 MG X 30 TABLETAS RECUBIERTAS,https://mav.farmaciasaas.com/api/images/articulos/DISTRIBUCION/53521.jpg,,42366,14987,blanco,error,storage.from(...).upload is not a function
39708,DIOSMINA-HESPERIDINA 450 MG-50 MG COMPRIMIDOS RECUBIERTOS,https://mav.farmaciasaas.com/api/images/articulos/DISTRIBUCION/52910.jpg,,61096,26378,blanco,error,storage.from(...).upload is not a function
39707,DIOSMINA - HESPERIDINA 450 MG - 50 MG X 30 TABLETAS RECUBIERTAS,https://mav.farmaciasaas.com/api/images/articulos/DISTRIBUCION/52910.jpg,,61096,26378,blanco,error,storage.from(...).upload is not a function
39709,DOBUTAMINA 250 MG / 5 ML X 5 AMPOLLAS,https://mav.farmaciasaas.com/api/images/articulos/DISTRIBUCION/51161.jpg,,319126,33542,blanco,error,storage.from(...).upload is not a function
39710,DOMPERIDONA 10 MG X 10 TABLETAS,https://mav.farmaciasaas.com/api/images/articulos/DISTRIBUCION/53481.jpg,,75338,28054,blanco,error,storage.from(...).upload is not a function
39711,DOMPERIDONA 10 MG X 15 TABLETAS,https://mav.farmaciasaas.com/api/images/articulos/DISTRIBUCION/11636.jpg,,24900,16252,blanco,error,storage.from(...).upload is not a function
39712,DOMPERIDONA 10 MG X 30 TABLETAS,https://mav.farmaciasaas.com/api/images/articulos/DISTRIBUCION/21373.jpg,,58704,26172,blanco,error,storage.from(...).upload is not a function
39713,DOXICICLINA 100 MG X 10 CAPSULAS,https://mav.farmaciasaas.com/api/images/articulos/DISTRIBUCION/28543.jpg,,40913,15680,blanco,error,storage.from(...).upload is not a function
39714,ENALAPRIL 20 MG X 20 TABLETAS,https://mav.farmaciasaas.com/api/images/articulos/DISTRIBUCION/7965.jpg,,42775,16740,blanco,error,storage.from(...).upload is not a function
39715,ENALAPRIL MALEATO - HIDROCLOROTIAZIDA 20 MG - 12.5 MG TABLETAS,https://mav.farmaciasaas.com/api/images/articulos/DISTRIBUCION/54045.jpg,,42955,16675,blanco,error,storage.from(...).upload is not a function
39716,ERITROMICINA 500 MG X 10 TABLETAS RECUBIERTAS,https://mav.farmaciasaas.com/api/images/articulos/DISTRIBUCION/52542.jpg,,248175,28803,blanco,error,storage.from(...).upload is not a function
39717,ESCITALOPRAM 10 MG X 56 COMPRIMIDOS RECUBIERTOS,https://mav.farmaciasaas.com/api/images/articulos/DISTRIBUCION/22243.jpg,,64566,29796,blanco,error,storage.from(...).upload is not a function
39718,ESCITALOPRAM 10 MG X 14 COMPRIMIDOS RECUBIERTOS,https://mav.farmaciasaas.com/api/images/articulos/DISTRIBUCION/23490.jpg,,53014,22390,blanco,error,storage.from(...).upload is not a function
39719,ESCITALOPRAM 20 MG X 28 COMPRIMIDOS RECUBIERTOS,https://mav.farmaciasaas.com/api/images/articulos/DISTRIBUCION/53635.jpg,,61375,29180,blanco,error,storage.from(...).upload is not a function
39720,ESCITALOPRAM 10 MG X 30 TABLETAS RECUBIERTAS,https://mav.farmaciasaas.com/api/images/articulos/DISTRIBUCION/25666.jpg,,69886,31564,blanco,error,storage.from(...).upload is not a function
39721,ESCITALOPRAM 20 MG X 30 TABLETAS RECUBIERTAS,https://mav.farmaciasaas.com/api/images/articulos/DISTRIBUCION/50533.jpg,,57452,27707,blanco,error,storage.from(...).upload is not a function
39722,ESCITALOPRAM 5 MG X 30 TABLETAS RECUBIERTAS,https://mav.farmaciasaas.com/api/images/articulos/DISTRIBUCION/25665.jpg,,52697,23251,blanco,error,storage.from(...).upload is not a function
39723,FEXOFENADINA CLORHIDRATO 180 MG X 10 TABLETAS RECUBIERTAS,https://mav.farmaciasaas.com/api/images/articulos/DISTRIBUCION/28713.jpg,,64294,28818,blanco,error,storage.from(...).upload is not a function
39726,FLAVOXATO CLORHIDRATO 200 MG X 10 TABLETAS RECUBIERTAS,https://mav.farmaciasaas.com/api/images/articulos/DISTRIBUCION/99485.jpg,,24634,16096,blanco,error,storage.from(...).upload is not a function
39725,FLAVOXATO 200 MG X 30 TABLETAS RECUBIERTAS,https://mav.farmaciasaas.com/api/images/articulos/DISTRIBUCION/23673.jpg,,60594,28186,blanco,error,storage.from(...).upload is not a function
39727,FLUCONAZOL 200 MG CAPSULAS,https://mav.farmaciasaas.com/api/images/articulos/DISTRIBUCION/50070.jpg,,62880,31320,blanco,error,storage.from(...).upload is not a function
39724,FLAVOXUNI FLAVOXATO 200 MG X 20 COMPRIMIDOS,https://pccentro.net.ve/img/s/9/2/2/5/5/92255-large_default.webp,,47622,25062,blanco,error,storage.from(...).upload is not a function
39728,FLUCONAZOL 200 MG / 100 ML INYECTABLE,https://mav.farmaciasaas.com/api/images/articulos/DISTRIBUCION/29940.jpg,,62047,28017,blanco,error,storage.from(...).upload is not a function
39729,FLUCONAZOL 200 MG TABLETAS RECUBIERTAS,https://mav.farmaciasaas.com/api/images/articulos/DISTRIBUCION/50070.jpg,,62880,31320,blanco,error,storage.from(...).upload is not a function
39730,FLUCONAZOL 200 MG / 100 ML SOLUCION INYECTABLE INTRAVENOSA,https://mav.farmaciasaas.com/api/images/articulos/DISTRIBUCION/29940.jpg,,62047,28017,blanco,error,storage.from(...).upload is not a function
39731,FLUCONAZOL 150 MG X 4 TABLETAS,https://mav.farmaciasaas.com/api/images/articulos/DISTRIBUCION/52581.jpg,,72230,29771,blanco,error,storage.from(...).upload is not a function
39732,FLUNARIZINA 10 MG X 30 TABLETAS RECUBIERTAS,https://mav.farmaciasaas.com/api/images/articulos/DISTRIBUCION/53116.jpg,,64241,31153,blanco,error,storage.from(...).upload is not a function
39735,GENTAMICINA 160 MG / 2 ML X 10 AMPOLLAS,https://mav.farmaciasaas.com/api/images/articulos/DISTRIBUCION/30124.jpg,,16792,9764,blanco,error,storage.from(...).upload is not a function
39733,FLUOXETINA 20 MG X 28 CAPSULAS,https://mav.farmaciasaas.com/api/images/articulos/DISTRIBUCION/50927.jpg,,44628,18216,blanco,error,storage.from(...).upload is not a function
39734,FUROSEMIDA 20 MG / 2 ML X 3 AMPOLLAS,https://mav.farmaciasaas.com/api/images/articulos/DISTRIBUCION/28787.jpg,,49545,20809,blanco,error,storage.from(...).upload is not a function
39736,GENTAMICINA 160 MG / 2 ML X 5 AMPOLLAS,https://mav.farmaciasaas.com/api/images/articulos/DISTRIBUCION/52502.jpg,,16189,9082,blanco,error,storage.from(...).upload is not a function
39737,GLIBENCLAMIDA 5 MG X 10 COMPRIMIDOS,https://pccentro.net.ve/img/s/4/1/1/3/7/41137-large_default.webp,,8776,22761,blanco,error,storage.from(...).upload is not a function
39739,GLIMEPIRIDA 2 MG X 30 TABLETAS,https://mav.farmaciasaas.com/api/images/articulos/DISTRIBUCION/21362.jpg,,63132,29216,blanco,error,storage.from(...).upload is not a function
39738,GLIBENCLAMIDA 5 MG X 30 TABLETAS,https://mav.farmaciasaas.com/api/images/articulos/DISTRIBUCION/28525.jpg,,54885,24981,blanco,error,storage.from(...).upload is not a function
39740,IRBESARTAN 150 MG X 10 TABLETAS,https://mav.farmaciasaas.com/api/images/articulos/DISTRIBUCION/94012.jpg,,55812,25972,blanco,error,storage.from(...).upload is not a function
39741,IRBESARTAN 300 MG X 10 TABLETAS,https://mav.farmaciasaas.com/api/images/articulos/DISTRIBUCION/50766.jpg,,157868,26678,blanco,error,storage.from(...).upload is not a function
39742,ITRACONAZOL 100 MG X 10 CAPSULAS,https://mav.farmaciasaas.com/api/images/articulos/DISTRIBUCION/53012.jpg,,53517,23950,blanco,error,storage.from(...).upload is not a function
39744,KETOROLACO TROMETAMOL 30 MG / ML X 10 AMPOLLAS,https://mav.farmaciasaas.com/api/images/articulos/DISTRIBUCION/29479.jpg,,20439,12738,blanco,error,storage.from(...).upload is not a function
39743,KETOPROFENO 100 MG / 2 ML X 10 AMPOLLAS,https://mav.farmaciasaas.com/api/images/articulos/DISTRIBUCION/26418.jpg,,79620,28441,blanco,error,storage.from(...).upload is not a function
39745,KETOROLACO TROMETAMINA 30 MG / ML X 3 AMPOLLAS,https://mav.farmaciasaas.com/api/images/articulos/DISTRIBUCION/27131.jpg,,47722,20062,blanco,error,storage.from(...).upload is not a function
39746,KETOROLACO TROMETAMINA 20 MG X 10 COMPRIMIDOS,https://mav.farmaciasaas.com/api/images/articulos/DISTRIBUCION/51770.jpg,,61544,27111,blanco,error,storage.from(...).upload is not a function
39747,LAMOTRIGINA 100 MG X 30 TABLETAS RECUBIERTAS,https://mav.farmaciasaas.com/api/images/articulos/DISTRIBUCION/23029.jpg,,40323,14871,blanco,error,storage.from(...).upload is not a function
39748,LAMOTRIGINA 100 MG X 28 TABLETAS DE LIBERACION PROLONGADA,https://mav.farmaciasaas.com/api/images/articulos/DISTRIBUCION/20096.jpg,,66148,31114,blanco,error,storage.from(...).upload is not a function
39749,LERCANIDIPINO 20 MG X 30 TABLETAS,https://mav.farmaciasaas.com/api/images/articulos/DISTRIBUCION/51324.jpg,,23578,15060,blanco,error,storage.from(...).upload is not a function
39750,LETROZOL 2.5 MG X 30 TABLETAS RECUBIERTAS,https://mav.farmaciasaas.com/api/images/articulos/DISTRIBUCION/53401.jpg,,101069,15893,blanco,error,storage.from(...).upload is not a function
39751,LEVETIRACETAM 500 MG X 30 TABLETAS RECUBIERTAS,https://mav.farmaciasaas.com/api/images/articulos/DISTRIBUCION/25661.jpg,,63940,30863,blanco,error,storage.from(...).upload is not a function
39752,LEVOFLOXACINA INF CRDIST 500 MG / 100 ML INYECTABLE,https://mav.farmaciasaas.com/api/images/articulos/DISTRIBUCION/21338.jpg,,53173,22787,blanco,error,storage.from(...).upload is not a function
39753,LEVOFLOXACINA 750 MG X 5 TABLETAS RECUBIERTAS,https://mav.farmaciasaas.com/api/images/articulos/DISTRIBUCION/19718.jpg,,71776,35004,blanco,error,storage.from(...).upload is not a function
39755,LEVOFLOXACINA 500 MG X 10 TABLETAS RECUBIERTAS,https://mav.farmaciasaas.com/api/images/articulos/DISTRIBUCION/26132.jpg,,45640,17653,blanco,error,storage.from(...).upload is not a function
39754,LEVOFLOXACINA 750 MG X 10 TABLETAS RECUBIERTAS,https://mav.farmaciasaas.com/api/images/articulos/DISTRIBUCION/24415.jpg,,80848,40098,blanco,error,storage.from(...).upload is not a function
39757,LEVOFLOXACINO 500 MG X 7 TABLETAS RECUBIERTAS,https://mav.farmaciasaas.com/api/images/articulos/DISTRIBUCION/20100.jpg,,53306,24297,blanco,error,storage.from(...).upload is not a function
39756,LEVOFLOXACINA 500 MG X 7 TABLETAS RECUBIERTAS,https://mav.farmaciasaas.com/api/images/articulos/DISTRIBUCION/24405.jpg,,57101,25192,blanco,error,storage.from(...).upload is not a function
39760,LEVONORGESTREL 1.5 MG X 1 TABLETA RECUBIERTA,https://mav.farmaciasaas.com/api/images/articulos/DISTRIBUCION/50305.jpg,,20093,13017,blanco,error,storage.from(...).upload is not a function
39759,LEVOFLOXACINO 750 MG X 5 TABLETAS RECUBIERTAS,https://mav.farmaciasaas.com/api/images/articulos/DISTRIBUCION/53251.jpg,,50986,21737,blanco,error,storage.from(...).upload is not a function
39758,LEVOFLOXACINO 500 MG X 5 TABLETAS RECUBIERTAS,https://mav.farmaciasaas.com/api/images/articulos/DISTRIBUCION/53252.jpg,,59276,26526,blanco,error,storage.from(...).upload is not a function
39761,LEVOTIROXINA SODICO 100 MCG X 10 TABLETAS,https://mav.farmaciasaas.com/api/images/articulos/DISTRIBUCION/22840.jpg,,61499,28664,blanco,error,storage.from(...).upload is not a function
39762,LEVOTIROXINA SODICO 100 MCG X 50 TABLETAS,https://mav.farmaciasaas.com/api/images/articulos/DISTRIBUCION/54490.jpg,,26980,19946,blanco,error,storage.from(...).upload is not a function
39764,LOPERAMIDA 2 MG X 10 TABLETAS,https://mav.farmaciasaas.com/api/images/articulos/DISTRIBUCION/25399.jpg,,24541,17325,blanco,error,storage.from(...).upload is not a function
39765,LOPERAMIDA PORTU 2 MG X 100 COMPRIMIDOS,https://mav.farmaciasaas.com/api/images/articulos/DISTRIBUCION/25013.jpg,,48816,18882,blanco,error,storage.from(...).upload is not a function
39763,LEVOTIROXINA SODICO 50 MCG X 50 TABLETAS,https://mav.farmaciasaas.com/api/images/articulos/DISTRIBUCION/21408.jpg,,123309,37847,blanco,error,storage.from(...).upload is not a function
39766,LORATADINA 10 MG X 20 TABLETAS,https://mav.farmaciasaas.com/api/images/articulos/DISTRIBUCION/99082.jpg,,55810,25983,blanco,error,storage.from(...).upload is not a function
39767,LORATADINA 5 MG / 5 ML JARABE,https://mav.farmaciasaas.com/api/images/articulos/DISTRIBUCION/23709.jpg,,63429,30709,blanco,error,storage.from(...).upload is not a function
39769,LOSARTAN HCT 50 MG X 15 COMPRIMIDOS,https://mav.farmaciasaas.com/api/images/articulos/DISTRIBUCION/90067.jpg,,55447,25185,blanco,error,storage.from(...).upload is not a function
39768,LOSARTAN HCT 50 MG X 30 COMPRIMIDOS,https://mav.farmaciasaas.com/api/images/articulos/DISTRIBUCION/20434.jpg,,69584,33648,blanco,error,storage.from(...).upload is not a function
39770,MAGNESIO GLICINATO X 60 TABLETAS,https://mav.farmaciasaas.com/api/images/articulos/DISTRIBUCION/27004.jpg,,45362,17850,blanco,error,storage.from(...).upload is not a function
39773,MELOXICAM 15 MG X 10 TABLETAS,https://mav.farmaciasaas.com/api/images/articulos/DISTRIBUCION/28529.jpg,,44992,17959,blanco,error,storage.from(...).upload is not a function
39772,MEDROXIPROGESTERONA 10 MG X 10 TABLETAS,https://mav.farmaciasaas.com/api/images/articulos/DISTRIBUCION/53471.jpg,,65966,27240,blanco,error,storage.from(...).upload is not a function
39774,MELOXICAM 7.5 MG X 10 TABLETAS,https://mav.farmaciasaas.com/api/images/articulos/DISTRIBUCION/1986.jpg,,48328,20670,blanco,error,storage.from(...).upload is not a function
39775,MEMANTINA CLORHIDRATO 10 MG X 10 TABLETAS RECUBIERTAS,https://mav.farmaciasaas.com/api/images/articulos/DISTRIBUCION/50985.jpg,,54897,23748,blanco,error,storage.from(...).upload is not a function
39776,MEMANTINA CLORHIDRATO 10 MG X 28 TABLETAS RECUBIERTAS,https://mav.farmaciasaas.com/api/images/articulos/DISTRIBUCION/22396.jpg,,57242,24988,blanco,error,storage.from(...).upload is not a function
39777,MEMANTINA CLORHIDRATO 10 MG X 14 TABLETAS RECUBIERTAS,https://mav.farmaciasaas.com/api/images/articulos/DISTRIBUCION/26136.jpg,,47988,18621,blanco,error,storage.from(...).upload is not a function
39778,MEROPENEM 1 G X 10 AMPOLLAS,https://mav.farmaciasaas.com/api/images/articulos/DISTRIBUCION/26005.jpg,,36368,12643,blanco,error,storage.from(...).upload is not a function
39780,METFORMINA LP 1000 MG X 30 TABLETAS,https://mav.farmaciasaas.com/api/images/articulos/DISTRIBUCION/52951.jpg,,64759,29502,blanco,error,storage.from(...).upload is not a function
39779,CLORHIDRATO DE METFORMINA 500 MG X 30 TABLETAS RECUBIERTAS,https://mav.farmaciasaas.com/api/images/articulos/DISTRIBUCION/20433.jpg,,62030,30060,blanco,error,storage.from(...).upload is not a function
39782,METFORMINA CLORHIDRATO 500 MG X 30 TABLETAS RECUBIERTAS,https://mav.farmaciasaas.com/api/images/articulos/DISTRIBUCION/20433.jpg,,62030,30060,blanco,error,storage.from(...).upload is not a function
39781,METFORMINA 500 MG X 30 TABLETAS RECUBIERTAS,https://mav.farmaciasaas.com/api/images/articulos/DISTRIBUCION/20433.jpg,,62030,30060,blanco,error,storage.from(...).upload is not a function
39783,METFORMINA CLORHIDRATO 850 MG X 30 TABLETAS,https://mav.farmaciasaas.com/api/images/articulos/DISTRIBUCION/28530.jpg,,59031,27497,blanco,error,storage.from(...).upload is not a function
39784,METOCLOPRAMIDA 10 MG / 2 ML X 3 AMPOLLAS,https://mav.farmaciasaas.com/api/images/articulos/DISTRIBUCION/28789.jpg,,51564,22487,blanco,error,storage.from(...).upload is not a function
39785,METOCLOPRAMIDA 10 MG X 10 TABLETAS,https://mav.farmaciasaas.com/api/images/articulos/DISTRIBUCION/26729.jpg,,41572,15606,blanco,error,storage.from(...).upload is not a function
39786,METRONIDAZOL 0.75 % GEL,https://mav.farmaciasaas.com/api/images/articulos/DISTRIBUCION/28989.jpg,,66927,31301,blanco,error,storage.from(...).upload is not a function
39787,METRONIDAZOL 500 MG / 100 ML SOLUCION PARA INFUSION.,https://mav.farmaciasaas.com/api/images/articulos/DISTRIBUCION/21360.jpg,,55400,21532,blanco,error,storage.from(...).upload is not a function
39788,METRONIDAZOL 500 MG X 10 OVULOS VAGINALES,https://mav.farmaciasaas.com/api/images/articulos/DISTRIBUCION/21032.jpg,,124873,37866,blanco,error,storage.from(...).upload is not a function
39789,METRONIDAZOL 500 MG / 100 ML SOLUCION PARA INFUSION INTRAVENOSA,https://mav.farmaciasaas.com/api/images/articulos/DISTRIBUCION/21360.jpg,,55400,21532,blanco,error,storage.from(...).upload is not a function
39791,BETAHISTINA 16 MG X 20 TABLETAS,https://mav.farmaciasaas.com/api/images/articulos/DISTRIBUCION/51762.jpg,,56731,23720,blanco,error,storage.from(...).upload is not a function
39790,METRONIDAZOL 500 MG X 30 TABLETAS,https://mav.farmaciasaas.com/api/images/articulos/DISTRIBUCION/21370.jpg,,49638,22186,blanco,error,storage.from(...).upload is not a function
39792,MIRTAZAPINA 15 MG X 30 TABLETAS RECUBIERTAS,https://mav.farmaciasaas.com/api/images/articulos/DISTRIBUCION/25667.jpg,,43529,17250,blanco,error,storage.from(...).upload is not a function
39793,MIRTAZAPINA 30 MG X 30 TABLETAS RECUBIERTAS,https://mav.farmaciasaas.com/api/images/articulos/DISTRIBUCION/51322.jpg,,23110,14716,blanco,error,storage.from(...).upload is not a function
39794,MOXIFLOXACINA 400 MG X 10 COMPRIMIDOS RECUBIERTOS,https://mav.farmaciasaas.com/api/images/articulos/DISTRIBUCION/25226.jpg,,46386,19002,blanco,error,storage.from(...).upload is not a function
39795,NAPROXENO 250 MG X 10 TABLETAS,https://mav.farmaciasaas.com/api/images/articulos/DISTRIBUCION/53117.jpg,,53763,22718,blanco,error,storage.from(...).upload is not a function
39796,LOSARTAN HCT TABR 50 MG X 30 COMPRIMIDOS,https://mav.farmaciasaas.com/api/images/articulos/DISTRIBUCION/28636.jpg,,49474,21237,blanco,error,storage.from(...).upload is not a function
39797,NIFEDIPINA 10 MG X 10 COMPRIMIDOS DISPERSABLES,https://pccentro.net.ve/img/s/5/9/8/4/5/59845-large_default.webp,,11398,28756,blanco,error,storage.from(...).upload is not a function
39799,NITROFURANTOINA 100 MG X 10 TABLETAS RECUBIERTAS,https://mav.farmaciasaas.com/api/images/articulos/DISTRIBUCION/25663.jpg,,53977,24417,blanco,error,storage.from(...).upload is not a function
39801,NITROFURAZONA 2 MG / 30 G CREMA,https://mav.farmaciasaas.com/api/images/articulos/DISTRIBUCION/52434.jpg,,36032,11505,blanco,error,storage.from(...).upload is not a function
39802,PREDNISOLONA 3 MG / 60 ML SUSPENSION ORAL,https://mav.farmaciasaas.com/api/images/articulos/DISTRIBUCION/53054.jpg,,51123,20160,blanco,error,storage.from(...).upload is not a function
39798,NITROFURANTOINA LAPROFF 100 MG X 300 TABLETAS,https://mav.farmaciasaas.com/api/images/articulos/DISTRIBUCION/51871.jpg,,44900,35091,blanco,error,storage.from(...).upload is not a function
39803,OLANZAPINA 5 MG X 30 TABLETAS ORODISPERSABLES,https://mav.farmaciasaas.com/api/images/articulos/DISTRIBUCION/25670.jpg,,53370,24421,blanco,error,storage.from(...).upload is not a function
39804,OLMESARTAN MEDOXOMIL 40 MG - HIDROLOCOTIAZIDA 12.5 MG X 30 TABLETAS RECUBIERTAS,https://mav.farmaciasaas.com/api/images/articulos/DISTRIBUCION/99045.jpg,,41812,17786,blanco,error,storage.from(...).upload is not a function
39805,OLMESARTAN MEDOXOMILO 20 MG X 10 TABLETAS RECUBIERTAS,https://mav.farmaciasaas.com/api/images/articulos/DISTRIBUCION/18568.jpg,,69284,33870,blanco,error,storage.from(...).upload is not a function
39806,OLMESARTAN MEDOXOMILO 40 MG X 10 TABLETAS RECUBIERTAS,https://mav.farmaciasaas.com/api/images/articulos/DISTRIBUCION/18584.jpg,,66937,32326,blanco,error,storage.from(...).upload is not a function
39800,NITROFURANTOINA 50 MG X 10 TABLETAS RECUBIERTAS,https://mav.farmaciasaas.com/api/images/articulos/DISTRIBUCION/53552.jpg,,43799,16219,blanco,error,storage.from(...).upload is not a function
39807,OLMESARTAN MEDOXOMILO 40 MG X 30 TABLETAS RECUBIERTAS,https://mav.farmaciasaas.com/api/images/articulos/DISTRIBUCION/99045.jpg,,41812,17786,blanco,error,storage.from(...).upload is not a function
39808,OMEPRAZOL 20 MG X 10 CAPSULAS CON MICROGRANULOS ENTERICOS,https://mav.farmaciasaas.com/api/images/articulos/DISTRIBUCION/53303.jpg,,56083,25142,blanco,error,storage.from(...).upload is not a function
39809,OMEPRAZOL 20 MG X 7 CAPSULAS CON MICROGRANULOS ENTERICOS,https://mav.farmaciasaas.com/api/images/articulos/DISTRIBUCION/20777.jpg,,60245,28344,blanco,error,storage.from(...).upload is not a function
39810,OMEPRAZOL 40 MG X 1 AMPOLLA,https://mav.farmaciasaas.com/api/images/articulos/DISTRIBUCION/51351.jpg,,54941,24656,blanco,error,storage.from(...).upload is not a function
39813,ONDANSETRON 8 MG / 4 ML X 5 AMPOLLAS,https://mav.farmaciasaas.com/api/images/articulos/DISTRIBUCION/52480.jpg,,14380,7415,blanco,error,storage.from(...).upload is not a function
39812,ONDANSETRON 8 MG / 4 ML X 1 AMPOLLA,https://mav.farmaciasaas.com/api/images/articulos/DISTRIBUCION/53239.jpg,,39237,14250,blanco,error,storage.from(...).upload is not a function
39815,OXCARBAZEPINA 300 MG X 30 TABLETAS RECUBIERTAS,https://mav.farmaciasaas.com/api/images/articulos/DISTRIBUCION/25662.jpg,,52538,23166,blanco,error,storage.from(...).upload is not a function
39814,CRISPLUS ORLISTAT ELEA ZUOZ 120 MG X 30 CAPSULAS,https://pccentro.net.ve/img/s/7/9/3/8/1/79381-large_default.webp,,35300,24053,blanco,error,storage.from(...).upload is not a function
39817,PANTOPRAZOL 40 MG X 7 TABLETAS DE LIBERACION RETARDADA,https://mav.farmaciasaas.com/api/images/articulos/DISTRIBUCION/20517.jpg,,104921,35401,blanco,error,storage.from(...).upload is not a function
39819,PARACETAMOL 1 G / 100 ML SOLUCION PARA INFUSION,https://mav.farmaciasaas.com/api/images/articulos/DISTRIBUCION/21339.jpg,,51092,22497,blanco,error,storage.from(...).upload is not a function
39816,OXOLAMINA 120 ML JARABE,https://mav.farmaciasaas.com/api/images/articulos/DISTRIBUCION/2771.jpg,,277341,32750,blanco,error,storage.from(...).upload is not a function
39818,PARACETAMOL PORTU 100 MG / 10 ML SOLUCION ORAL,https://mav.farmaciasaas.com/api/images/articulos/DISTRIBUCION/23735.jpg,,48653,20128,blanco,error,storage.from(...).upload is not a function
39821,PREGABALINA 150 MG X 30 CAPSULAS,https://mav.farmaciasaas.com/api/images/articulos/DISTRIBUCION/52772.jpg,,55191,24004,blanco,error,storage.from(...).upload is not a function
39820,PAROXETINA 20 MG X 30 COMPRIMIDOS RECUBIERTAS,https://mav.farmaciasaas.com/api/images/articulos/DISTRIBUCION/25668.jpg,,66634,32099,blanco,error,storage.from(...).upload is not a function
39823,PIRACETAM 400 MG X 30 TABLETAS,https://mav.farmaciasaas.com/api/images/articulos/DISTRIBUCION/50807.jpg,,51152,23145,blanco,error,storage.from(...).upload is not a function
39822,PENTOXIFILINA 400 MG X 30 COMPRIMIDOS RECUBIERTOS DE ACCION PROLONGADA,https://mav.farmaciasaas.com/api/images/articulos/DISTRIBUCION/21851.jpg,,59923,27012,blanco,error,storage.from(...).upload is not a function
39824,PREDNISOLONA 3 MG / 60 ML SOLUCION ORAL,https://mav.farmaciasaas.com/api/images/articulos/DISTRIBUCION/53054.jpg,,51123,20160,blanco,error,storage.from(...).upload is not a function
39825,PREDNISOLONA 5 ML SOLUCION OFTALMICA,https://mav.farmaciasaas.com/api/images/articulos/DISTRIBUCION/29565.jpg,,47495,19029,blanco,error,storage.from(...).upload is not a function
39827,PREDNISOLONA 5 MG X 30 TABLETAS,https://mav.farmaciasaas.com/api/images/articulos/DISTRIBUCION/21369.jpg,,51970,22767,blanco,error,storage.from(...).upload is not a function
39826,PREDNISOLONA 5 MG X 10 TABLETAS,https://mav.farmaciasaas.com/api/images/articulos/23776.jpg,,46382,18488,blanco,error,storage.from(...).upload is not a function
39829,PREGABALINA 75 MG X 30 CAPSULAS,https://mav.farmaciasaas.com/api/images/articulos/DISTRIBUCION/27604.jpg,,48737,20448,blanco,error,storage.from(...).upload is not a function
39828,PREDNISONA 5 MG X 100 TABLETAS,https://mav.farmaciasaas.com/api/images/articulos/DISTRIBUCION/22275.jpg,,58926,26047,blanco,error,storage.from(...).upload is not a function
39830,PREVERAL DEXTRO REFORM 120 ML JARABE,https://mav.farmaciasaas.com/api/images/articulos/DISTRIBUCION/99589.jpg,,54319,24853,blanco,error,storage.from(...).upload is not a function
39831,PROPRANOLOL CLORH 40 MG X 20 TABLETAS,https://mav.farmaciasaas.com/api/images/articulos/DISTRIBUCION/50368.jpg,,61058,29614,blanco,error,storage.from(...).upload is not a function
39833,QUETIAPINA 100 MG X 30 TABLETAS RECUBIERTAS,https://mav.farmaciasaas.com/api/images/articulos/DISTRIBUCION/27607.jpg,,43106,16933,blanco,error,storage.from(...).upload is not a function
39832,QUETIAPINA FARMAMED 100 MG X 10 TABLETAS,https://mav.farmaciasaas.com/api/images/articulos/DISTRIBUCION/50162.jpg,,57093,25572,blanco,error,storage.from(...).upload is not a function
39834,QUETIAPINA 25 MG X 30 TABLETAS RECUBIERTAS,https://mav.farmaciasaas.com/api/images/articulos/DISTRIBUCION/27606.jpg,,45216,17778,blanco,error,storage.from(...).upload is not a function
39835,QUETIAPINA 300 MG X 30 COMPRIMIDOS,https://mav.farmaciasaas.com/api/images/articulos/DISTRIBUCION/51310.jpg,,40882,18201,blanco,error,storage.from(...).upload is not a function
39836,RANITIDINA 50 MG / 2 ML X 10 AMPOLLAS,https://mav.farmaciasaas.com/api/images/articulos/DISTRIBUCION/23534.jpg,,17013,9898,blanco,error,storage.from(...).upload is not a function
39837,RANITIDINA 150 MG X 10 COMPRIMIDOS RECUBIERTOS,https://mav.farmaciasaas.com/api/images/articulos/DISTRIBUCION/54366.jpg,,41079,16359,blanco,error,storage.from(...).upload is not a function
39838,RANITIDINA 300 MG X 10 TABLETAS,https://mav.farmaciasaas.com/api/images/articulos/DISTRIBUCION/54367.jpg,,42009,16459,blanco,error,storage.from(...).upload is not a function
39839,HIDROXICLOROQUINA 200 MG X 20 TABLETAS,https://mav.farmaciasaas.com/api/images/articulos/DISTRIBUCION/27621.jpg,,40823,18443,blanco,error,storage.from(...).upload is not a function
39841,RIVAROXABAN 20 MG X 10 TABLETAS RECUBIERTAS,https://mav.farmaciasaas.com/api/images/articulos/DISTRIBUCION/26738.jpg,,41235,15586,blanco,error,storage.from(...).upload is not a function
39840,RIVAROXABAN 15 MG X 30 TABLETAS RECUBIERTAS,https://mav.farmaciasaas.com/api/images/articulos/DISTRIBUCION/24319.jpg,,80002,39960,blanco,error,storage.from(...).upload is not a function
39842,RIVAROXABAN 20 MG X 14 TABLETAS RECUBIERTAS,https://mav.farmaciasaas.com/api/images/articulos/DISTRIBUCION/54217.jpg,,104706,19810,blanco,error,storage.from(...).upload is not a function
39843,ROSUVASTATINA 10 MG X 30 TABLETAS,https://mav.farmaciasaas.com/api/images/articulos/DISTRIBUCION/29584.jpg,,46997,18506,blanco,error,storage.from(...).upload is not a function
39844,ROSUVASTATINA 20 MG X 10 TABLETAS RECUBIERTAS,https://mav.farmaciasaas.com/api/images/articulos/DISTRIBUCION/24316.jpg,,48369,20612,blanco,error,storage.from(...).upload is not a function
39845,ROSUVASTATINA 20 MG X 30 TABLETAS RECUBIERTAS,https://mav.farmaciasaas.com/api/images/articulos/DISTRIBUCION/21364.jpg,,62025,28783,blanco,error,storage.from(...).upload is not a function
39846,ROSUVASTATINA 10 MG X 30 TABLETAS RECUBIERTAS,https://mav.farmaciasaas.com/api/images/articulos/DISTRIBUCION/29584.jpg,,46997,18506,blanco,error,storage.from(...).upload is not a function
39847,SERTRALINA 50 MG X 30 COMPRIMIDOS,https://mav.farmaciasaas.com/api/images/articulos/DISTRIBUCION/25669.jpg,,59997,26593,blanco,error,storage.from(...).upload is not a function
39848,SERTRALINA 50 MG X 56 TABLETAS,https://mav.farmaciasaas.com/api/images/articulos/DISTRIBUCION/53165.jpg,,65945,34265,blanco,error,storage.from(...).upload is not a function
39849,SERTRALINA 50 MG X 14 COMPRIMIDOS RECUBIERTOS,https://mav.farmaciasaas.com/api/images/articulos/DISTRIBUCION/22393.jpg,,67441,31657,blanco,error,storage.from(...).upload is not a function
39850,SERTRALINA 50 MG X 14 TABLETAS RECUBIERTAS,https://mav.farmaciasaas.com/api/images/articulos/DISTRIBUCION/22393.jpg,,67441,31657,blanco,error,storage.from(...).upload is not a function
39852,SUCRALFATO 1 G X 10 TABLETAS,https://mav.farmaciasaas.com/api/images/articulos/DISTRIBUCION/25675.jpg,,49220,20634,blanco,error,storage.from(...).upload is not a function
39851,SUCRALFATO 1 G X 20 TABLETAS,https://mav.farmaciasaas.com/api/images/articulos/DISTRIBUCION/54219.jpg,,91227,19210,blanco,error,storage.from(...).upload is not a function
39853,TACROLIMUS 0.03 % UNGUENTO,https://mav.farmaciasaas.com/api/images/articulos/DISTRIBUCION/50903.jpg,,38464,14185,blanco,error,storage.from(...).upload is not a function
39854,TAMSULOSINA HCL 0.4 MG CAPSULAS DE LIBERACION PROGRAMADA X 30 CAPSULAS,https://mav.farmaciasaas.com/api/images/articulos/DISTRIBUCION/24279.jpg,,68167,33533,blanco,error,storage.from(...).upload is not a function
39855,TAMSULOSINA TAMSUHEM 0.4 MG X 10 CAPSULAS,https://mav.farmaciasaas.com/api/images/articulos/DISTRIBUCION/53254.jpg,,45930,17886,blanco,error,storage.from(...).upload is not a function
39857,TEOFILINA 80 MG / 15 ML JARABE,https://mav.farmaciasaas.com/api/images/articulos/DISTRIBUCION/53266.jpg,,39913,15217,blanco,error,storage.from(...).upload is not a function
39856,TAMSULOSINA CLORHIDRATO 0.4 MG X 30 CAPSULAS DE LIBERACION PROLONGADA,https://mav.farmaciasaas.com/api/images/articulos/DISTRIBUCION/24279.jpg,,68167,33533,blanco,error,storage.from(...).upload is not a function
39858,TIMOLOL 0.5 % SOLUCION OFTALMICA,https://mav.farmaciasaas.com/api/images/articulos/DISTRIBUCION/22841.jpg,,44540,17749,blanco,error,storage.from(...).upload is not a function
39860,TIOCOLCHICOSIDO 4 MG / 2 ML X 50 AMPOLLAS,https://mav.farmaciasaas.com/api/images/articulos/DISTRIBUCION/20404.jpg,,36101,12463,blanco,error,storage.from(...).upload is not a function
39859,TIOCOLCHICOSIDO 4 MG / 2 ML X 1 AMPOLLA,https://mav.farmaciasaas.com/api/images/articulos/DISTRIBUCION/51472.jpg,,66989,28951,blanco,error,storage.from(...).upload is not a function
39861,TIOCOLCHICOSIDO IMP 4 MG / 2 ML X 2 INYECTABLE,https://mav.farmaciasaas.com/api/images/articulos/DISTRIBUCION/20405.jpg,,121555,36579,blanco,error,storage.from(...).upload is not a function
39862,TIZANIDINA 2 MG X 10 TABLETAS,https://mav.farmaciasaas.com/api/images/articulos/DISTRIBUCION/28534.jpg,,49148,20630,blanco,error,storage.from(...).upload is not a function
39863,TRIMEBUTINA MALEATO 200 MG X 10 TABLETAS,https://mav.farmaciasaas.com/api/images/articulos/DISTRIBUCION/25677.jpg,,68991,32563,blanco,error,storage.from(...).upload is not a function
39864,VALSARTAN 160 MG X 10 COMPRIMIDOS RECUBIERTOS,https://mav.farmaciasaas.com/api/images/articulos/DISTRIBUCION/21372.jpg,,54212,24893,blanco,error,storage.from(...).upload is not a function
39865,VALSARTAN 160 MG X 30 COMPRIMIDOS RECUBIERTOS,https://mav.farmaciasaas.com/api/images/articulos/DISTRIBUCION/52911.jpg,,20404,13405,blanco,error,storage.from(...).upload is not a function
39867,VALSARTAN 160 MG X 30 TABLETAS RECUBIERTAS,https://mav.farmaciasaas.com/api/images/articulos/DISTRIBUCION/52911.jpg,,20404,13405,blanco,error,storage.from(...).upload is not a function
39866,VALSARTAN HCT TABREC 80 MG X 30 TABLETAS,https://mav.farmaciasaas.com/api/images/articulos/DISTRIBUCION/22214.jpg,,58306,26929,blanco,error,storage.from(...).upload is not a function
39868,VILDAGLIPTINA 50 MG X 30 COMPRIMIDOS,https://mav.farmaciasaas.com/api/images/articulos/DISTRIBUCION/30332.jpg,,39691,17607,blanco,error,storage.from(...).upload is not a function
39869,BITEX COMPLEJO VITAMINA B1 B2 B6 B12 NATURALIFES X 30 TABLETAS,https://pccentro.net.ve/img/s/6/8/9/1/0/68910-large_default.webp,,18134,37287,blanco,error,storage.from(...).upload is not a function
39872,ACETAMINOFEN 120 MG / 5 ML X 10 SOLUCION ORAL,https://mav.farmaciasaas.com/api/images/articulos/DISTRIBUCION/53087.jpg,,57077,24820,blanco,error,storage.from(...).upload is not a function
39871,VORICONAZOL 200 MG INYECTABLE,https://mav.farmaciasaas.com/api/images/articulos/DISTRIBUCION/27731.jpg,,64867,29976,blanco,error,storage.from(...).upload is not a function
39873,AZITROMICINA 500 MG X 3 TABLETAS,https://mav.farmaciasaas.com/api/images/articulos/DISTRIBUCION/11009.jpg,,26240,17251,blanco,error,storage.from(...).upload is not a function
39870,VITAMINA MANDARINA TIRA TABLETA MASTICABLE UNIDADES 500 MG X 10 TABLETAS,https://pccentro.net.ve/img/s/7/4/6/6/8/74668-large_default.webp,,16528,38102,blanco,error,storage.from(...).upload is not a function
39874,BISOPROLOL FUMARATO 1.25 MG COMPRIMIDOS RECUBIERTOS,https://mav.farmaciasaas.com/api/images/articulos/DISTRIBUCION/97000.jpg,,26676,17682,blanco,error,storage.from(...).upload is not a function
39875,BISOPROLOL FUMARATO 5 MG COMPRIMIDOS RECUBIERTOS,https://mav.farmaciasaas.com/api/images/articulos/DISTRIBUCION/98668.jpg,,67018,34096,blanco,error,storage.from(...).upload is not a function
39878,CLARITROMICINA 500 MG COMPRIMIDOS RECUBIERTOS,https://mav.farmaciasaas.com/api/images/articulos/DISTRIBUCION/20429.jpg,,54153,24740,blanco,error,storage.from(...).upload is not a function
39877,ZYRTEC DICLORHIDRATO CETIRIZINA GSK FARMA 1 MG / 1 ML SOLUCION ORAL,https://pccentro.net.ve/img/s/8/0/1/1/4/80114-large_default.webp,,46110,26816,blanco,error,storage.from(...).upload is not a function
39879,CLORURO MAGNES 25 G INYECTABLE,https://mav.farmaciasaas.com/api/images/articulos/DISTRIBUCION/17780.jpg,,62472,27899,blanco,error,storage.from(...).upload is not a function
39876,BISOPROLOL HCT 2.5 MG X 15 COMPRIMIDOS,https://mav.farmaciasaas.com/api/images/articulos/DISTRIBUCION/20507.jpg,,152398,48201,blanco,error,storage.from(...).upload is not a function
39880,DICLOFENAC DIETILAMINO 1.16 % GEL,https://mav.farmaciasaas.com/api/images/articulos/DISTRIBUCION/51997.jpg,,48278,20216,blanco,error,storage.from(...).upload is not a function
39881,EMPAGLIFLOZINA 10 MG X 30 TABLETAS,https://mav.farmaciasaas.com/api/images/articulos/DISTRIBUCION/52002.jpg,,29271,21680,blanco,error,storage.from(...).upload is not a function
39883,HIDROCLOROTIAZIDA 12.5 MG COMPRIMIDOS,https://mav.farmaciasaas.com/api/images/articulos/DISTRIBUCION/53195.jpg,,63695,30059,blanco,error,storage.from(...).upload is not a function
39884,LOSARTAN POTASICO 100 MG COMPRIMIDOS RECUBIERTOS,https://mav.farmaciasaas.com/api/images/articulos/DISTRIBUCION/28528.jpg,,61534,29226,blanco,error,storage.from(...).upload is not a function
39882,MONTELUKAST 10 MG X 30 TABLETAS,https://mav.farmaciasaas.com/api/images/articulos/DISTRIBUCION/27584.jpg,,392754,40395,blanco,error,storage.from(...).upload is not a function
39885,MELOXICAM 15 MG COMPRIMIDOS,https://mav.farmaciasaas.com/api/images/articulos/DISTRIBUCION/28529.jpg,,44992,17959,blanco,error,storage.from(...).upload is not a function
39886,METFORMINA CLORHIDRATO 850 MG COMPRIMIDOS,https://mav.farmaciasaas.com/api/images/articulos/DISTRIBUCION/28530.jpg,,59031,27497,blanco,error,storage.from(...).upload is not a function
39887,ACETAMINOFEN 650 MG X 10 TABLETAS,https://mav.farmaciasaas.com/api/images/articulos/DISTRIBUCION/11552.jpg,,59925,28166,blanco,error,storage.from(...).upload is not a function
39888,MONTELUKAST 10 MG COMPRIMIDOS RECUBIERTOS,https://mav.farmaciasaas.com/api/images/articulos/DISTRIBUCION/18804.jpg,,66417,31746,blanco,error,storage.from(...).upload is not a function
39889,QUETIAPINA 100 MG COMPRIMIDOS RECUBIERTOS,https://mav.farmaciasaas.com/api/images/articulos/DISTRIBUCION/27607.jpg,,43106,16933,blanco,error,storage.from(...).upload is not a function
39890,QUETIAPINA 25 MG COMPRIMIDOS RECUBIERTOS,https://mav.farmaciasaas.com/api/images/articulos/DISTRIBUCION/27606.jpg,,45216,17778,blanco,error,storage.from(...).upload is not a function
39891,QUETIAPINA 25 MG COMPRIMIDOS,https://mav.farmaciasaas.com/api/images/articulos/DISTRIBUCION/27606.jpg,,45216,17778,blanco,error,storage.from(...).upload is not a function
39892,CYNT SIMVASTATINA 20 MG X 20 COMPRIMIDOS,https://pccentro.net.ve/img/s/7/8/3/5/3/78353-large_default.webp,,46420,28337,blanco,error,storage.from(...).upload is not a function
39893,SALBUTAMOL INH 100 MCG INHALACION,https://mav.farmaciasaas.com/api/images/articulos/DISTRIBUCION/20949.jpg,,55868,27112,blanco,error,storage.from(...).upload is not a function
39894,SALBUTAMOL INH 100 MCG LOCION,https://mav.farmaciasaas.com/api/images/articulos/DISTRIBUCION/20949.jpg,,55868,27112,blanco,error,storage.from(...).upload is not a function
39895,SERTRALINA 50 MG COMPRIMIDOS,https://mav.farmaciasaas.com/api/images/articulos/DISTRIBUCION/25669.jpg,,59997,26593,blanco,error,storage.from(...).upload is not a function
39896,SULTAMICILINA 750 MG COMPRIMIDOS RECUBIERTOS,https://mav.farmaciasaas.com/api/images/articulos/DISTRIBUCION/20939.jpg,,56894,25057,blanco,error,storage.from(...).upload is not a function
39897,ALBENDAZOL 200 MG TABLETAS RECUBIERTAS MASTICABLES,https://mav.farmaciasaas.com/api/images/articulos/DISTRIBUCION/1526.jpg,,46450,18744,blanco,error,storage.from(...).upload is not a function
39899,AZITROMICINA 500 MG X 3 TABLETA RECUBIERTA,https://mav.farmaciasaas.com/api/images/articulos/DISTRIBUCION/11009.jpg,,26240,17251,blanco,error,storage.from(...).upload is not a function
39898,ANGIOFLUX 250LSU X 25 CAPSULAS,https://mav.farmaciasaas.com/api/images/articulos/DISTRIBUCION/52055.jpg,,65220,31845,blanco,error,storage.from(...).upload is not a function
39900,BUDESONIDA 50 MCG / DOSIS SUSPENSION PARA INHALACION ORAL,https://mav.farmaciasaas.com/api/images/articulos/DISTRIBUCION/4804.jpg,,68429,34090,blanco,error,storage.from(...).upload is not a function
39901,HIOSCINA N-BUTILBROMURO 10 MG X 10 TABLETAS RECUBIERTAS,https://mav.farmaciasaas.com/api/images/articulos/DISTRIBUCION/23872.jpg,,52069,22705,blanco,error,storage.from(...).upload is not a function
39902,CLINDAMICINA 15 G GEL,https://mav.farmaciasaas.com/api/images/articulos/DISTRIBUCION/23694.jpg,,68149,32816,blanco,error,storage.from(...).upload is not a function
39903,CLORTALIDONA 12.5 MG X 30 TABLETAS,https://mav.farmaciasaas.com/api/images/articulos/DISTRIBUCION/50972.jpg,,42292,19096,blanco,error,storage.from(...).upload is not a function
39904,CLOTRIMAZOL VAG 20 G CREMA,https://mav.farmaciasaas.com/api/images/articulos/DISTRIBUCION/51265.jpg,,51741,22333,blanco,error,storage.from(...).upload is not a function
39905,DAPAGLIFLOZINA 10 MG X 30 COMPRIMIDOS,https://mav.farmaciasaas.com/api/images/articulos/DISTRIBUCION/53037.jpg,,48680,21269,blanco,error,storage.from(...).upload is not a function
39907,DYMAZOL CLOTRIMAZOL OVULOS VAGINAL 200 MG X 3 OVULOS,https://pccentro.net.ve/img/s/6/0/7/4/2/60742-large_default.webp,,9438,22538,blanco,error,storage.from(...).upload is not a function
39906,DICLOFENAC SODICO 50 G GEL,https://mav.farmaciasaas.com/api/images/articulos/DISTRIBUCION/24336.jpg,,49802,22374,blanco,error,storage.from(...).upload is not a function
39908,FLUCONAZOL 200 MG / 100 ML SOLUCION PARA INFUSION,https://mav.farmaciasaas.com/api/images/articulos/DISTRIBUCION/29940.jpg,,62047,28017,blanco,error,storage.from(...).upload is not a function
39909,GABAPENTINA 300 MG X 30 COMPRIMIDOS,https://mav.farmaciasaas.com/api/images/articulos/DISTRIBUCION/20432.jpg,,53844,24123,blanco,error,storage.from(...).upload is not a function
39911,HIDROCORTISONA SODICO 500 MG INYECTABLE,https://mav.farmaciasaas.com/api/images/articulos/DISTRIBUCION/23085.jpg,,47445,19519,blanco,error,storage.from(...).upload is not a function
39910,GLUTAMINA VIT B12 X 60 INYECTABLE,https://mav.farmaciasaas.com/api/images/articulos/DISTRIBUCION/28485.jpg,,65070,33269,blanco,error,storage.from(...).upload is not a function
39912,KETOPROFENO 2.5 % GEL,https://mav.farmaciasaas.com/api/images/articulos/DISTRIBUCION/52479.jpg,,56256,22412,blanco,error,storage.from(...).upload is not a function
39913,DALCITRIN MUPIROCINA UNGUENTO,https://pccentro.net.ve/img/s/5/3/2/6/2/53262-large_default.webp,,15692,32693,blanco,error,storage.from(...).upload is not a function
39914,OMEPRAZOL 40 MG X 1 INYECTABLE,https://mav.farmaciasaas.com/api/images/articulos/DISTRIBUCION/51351.jpg,,54941,24656,blanco,error,storage.from(...).upload is not a function
39915,PENTOXIFILINA 400 MG X 30 TABLETAS RECUBIERTAS DE LIBERACION PROLONGADA,https://mav.farmaciasaas.com/api/images/articulos/DISTRIBUCION/21851.jpg,,59923,27012,blanco,error,storage.from(...).upload is not a function
39916,RANITIDINA 150 MG / 10 ML X 10 SOLUCION ORAL,https://mav.farmaciasaas.com/api/images/articulos/DISTRIBUCION/53151.jpg,,66375,30664,blanco,error,storage.from(...).upload is not a function
39917,DIOSMINA HESPER 450 MG X 30 TABLETAS,https://mav.farmaciasaas.com/api/images/articulos/DISTRIBUCION/52910.jpg,,61096,26378,blanco,error,storage.from(...).upload is not a function
