producto_id,sku,nombre_comercial,nucleo,molecula,forma,laboratorio,categoria,fuente,gates,desc_candidata,foto_candidata
37296,ME4629/2,ACIDO FOLICO 5 MG X 10 COMPRIMIDOS,ACIDO FOLICO,Folico Acido,COMPRIMIDOS,MEGALABS S.A.,lab_antiguo,cobeca,lab,ACIDO FOLICO TAB 5MG X10 MEY,https://mav.farmaciasaas.com/api/images/articulos/DISTRIBUCION/20331.jpg
37302,ME43094,ACIDO IBANDRONICO 150 MG X 1 TABLETA RECUBIERTA,ACIDO IBANDRONICO,Acido Ibandronico Sodio Monohidrato,TABLETAS,MASCOT HEALTH SERIES PVT. LTD.,lab_antiguo,cobeca,lab,AC IBANDRONICO TAB 150MG X1 ZUZU,https://mav.farmaciasaas.com/api/images/articulos/DISTRIBUCION/52763.jpg
37303,ME43992,ACIDO TRANEXAMICO 500 MG X 10 TABLETAS RECUBIERTAS,ACIDO TRANEXAMICO,Tranexamico Acido,TABLETAS,SHILPA PHARMA LIFESCIENCES LIMITED,lab_antiguo,cobeca,lab,AC TRANEXAMICO TAB 500MG X10 KMP,https://mav.farmaciasaas.com/api/images/articulos/DISTRIBUCION/53498.jpg
37306,ME42665,ACECLOFENACO 100 MG X 10 TABLETAS RECUBIERTAS,ACECLOFENACO,Aceclofenaco,TABLETAS,THEON PHARMACEUTICALS LTD,lab_antiguo,cobeca,lab,ACECLOFENACO TAB DISP 100MG X10 CR MT,https://mav.farmaciasaas.com/api/images/articulos/DISTRIBUCION/53399.jpg
37311,ME43639/4,ACETAMINOFEN 650 MG X 30 TABLETAS,ACETAMINOFEN,Acetaminofen,TABLETAS,LABORATORIOS L.O. OFTALMI C.A.,lab_antiguo,cobeca,lab,ACETAMINOFEN COMP 650MG X30 LETI,https://mav.farmaciasaas.com/api/images/articulos/DISTRIBUCION/15591.jpg
37312,ME43707,ACETAMINOFEN 150 MG / 5 ML JARABE,ACETAMINOFEN,Acetaminofen,JARABE,AARTI PHARMALABS LIMITED,lab_antiguo,cobeca,lab,ACETAMINOFEN JBE PED 150MG/120ML PHARME,https://mav.farmaciasaas.com/api/images/articulos/DISTRIBUCION/95342.jpg
37313,ME40083,ACETAMINOFEN 120 MG / 5 ML SOLUCION ORAL,ACETAMINOFEN,Acetaminofen,SOLUCION ORAL,SM PHARMA C.A.,lab_antiguo,cobeca,lab,ACETAMINOFEN SOL 120MG/5ML 120ML BIOQ,https://mav.farmaciasaas.com/api/images/articulos/DISTRIBUCION/53087.jpg
37314,ME40084,ACETAMINOFEN 180 MG / 5 ML SOLUCION ORAL,ACETAMINOFEN,Acetaminofen,SOLUCION ORAL,SM PHARMA C.A.,lab_antiguo,cobeca,lab,ACETAMINOFEN SOL 180MG/5ML 120ML LETI,https://mav.farmaciasaas.com/api/images/articulos/DISTRIBUCION/51788.jpg
37316,ME25466/2,ACETAMINOFEN 500 MG X 10 COMPRIMIDOS,ACETAMINOFEN,Acetaminofen,COMPRIMIDOS,LABORATORIOS SPEFAR VENEZOLANOS S.A.,lab_antiguo,cobeca,lab,ACETAMINOFEN COMP 500MG X10 LETI,https://mav.farmaciasaas.com/api/images/articulos/DISTRIBUCION/22931.jpg
37319,ME23275/2,ACETAMINOFEN 500 MG X 10 TABLETAS,ACETAMINOFEN,Acetaminofen,TABLETAS,LABORATORIO PLUSANDEX DE FARMACEUTICOS UNIDOS PLUSANDEX C.A.,lab_antiguo,cobeca,lab,ACETAMINOFEN COMP 500MG X10 LETI,https://mav.farmaciasaas.com/api/images/articulos/DISTRIBUCION/22931.jpg
37320,ME23275/3,ACETAMINOFEN 500 MG X 12 TABLETAS,ACETAMINOFEN,Acetaminofen,TABLETAS,LABORATORIO PLUSANDEX DE FARMACEUTICOS UNIDOS PLUSANDEX C.A.,lab_antiguo,cobeca,lab,ACETAMINOFEN TAB 500MG X12 BIOQ,https://mav.farmaciasaas.com/api/images/articulos/DISTRIBUCION/22400.jpg
37321,ME23275/4,ACETAMINOFEN 500 MG X 24 TABLETAS,ACETAMINOFEN,Acetaminofen,TABLETAS,LABORATORIO PLUSANDEX DE FARMACEUTICOS UNIDOS PLUSANDEX C.A.,lab_antiguo,cobeca,lab,ACETAMINOFEN TAB 500MG X24 BIOQ,https://mav.farmaciasaas.com/api/images/articulos/DISTRIBUCION/22401.jpg
37322,ME37101/3,ACETAMINOFEN - HIOSCINA N BUTIL BROMURO 500 MG-10 MG X 20 TABLETAS RE,ACETAMINOFEN - HIOSCINA N BUTIL BROMURO,,TABLETAS,LABORATORIO LA SANTE C.A.,lab_antiguo,cobeca,lab,ACETAMINOFEN TAB 500MG X20 PHARME,https://mav.farmaciasaas.com/api/images/articulos/DISTRIBUCION/7537.jpg
37323,ME37101/2,ACETAMINOFEN - HIOSCINA N BUTIL BROMURO 500 MG-10 MG X 10 TABLETAS RE,ACETAMINOFEN - HIOSCINA N BUTIL BROMURO,,TABLETAS,LABORATORIO LA SANTE C.A.,lab_antiguo,cobeca,lab,ACETAMINOFEN COMP 500MG X10 LETI,https://mav.farmaciasaas.com/api/images/articulos/DISTRIBUCION/22931.jpg
37324,ME37095,ACETAMINOFEN 500 MG X 20 TABLETAS,ACETAMINOFEN,Acetaminofen,TABLETAS,SM PHARMA C.A.,lab_antiguo,cobeca,lab,ACETAMINOFEN TAB 500MG X20 PHARME,https://mav.farmaciasaas.com/api/images/articulos/DISTRIBUCION/7537.jpg
37325,ME40713,ACETAMINOFEN - CLORFENIRAMINA 125 MG - 1 MG / 5 ML JARABE,ACETAMINOFEN - CLORFENIRAMINA,,JARABE,SM PHARMA C.A.,lab_antiguo,cobeca,lab,ACETAMINOFEN/CLORF JBE 125/1MG/5ML BIOQ,https://mav.farmaciasaas.com/api/images/articulos/DISTRIBUCION/23925.jpg
37326,ME39115,ACETAMINOFEN - TRAMADOL 325 MG - 37.5 MG X 10 COMPRIMIDOS,ACETAMINOFEN - TRAMADOL,,COMPRIMIDOS,LABORATORIOS SPEFAR VENEZOLANOS S.A.,lab_antiguo,cobeca,lab,"ACETAMINOFEN/TRAM TAB 325/37,5 X10 CLX",https://mav.farmaciasaas.com/api/images/articulos/DISTRIBUCION/99582.jpg
37327,ME34148/3,ACETAZOLAMIDA 250 MG X 20 TABLETAS,ACETAZOLAMIDA,Acetazolamida,TABLETAS,EMPRESA LABORATORIOS MEDSOL,lab_antiguo,cobeca,lab,ACETAZOLAMIDA TAB 250MG X20 KMP,https://mav.farmaciasaas.com/api/images/articulos/DISTRIBUCION/53492.jpg
37328,ME34148/2,ACETAZOLAMIDA 250 MG X 10 TABLETAS,ACETAZOLAMIDA,Acetazolamida,TABLETAS,EMPRESA LABORATORIOS MEDSOL,lab_antiguo,cobeca,lab,ACETAZOLAMIDA TAB 250MG X10 CR MT,https://mav.farmaciasaas.com/api/images/articulos/DISTRIBUCION/53177.jpg
37335,ME43512,ACICLOVIR CREMA 5 %,ACICLOVIR CREMA,Aciclovir - Parafina Blanda - Sodio Hidrogeno Carbonato,CREMA,JIANGXI SYNERGY PHARMACEUTICAL CO. LTD,lab_antiguo,cobeca,lab,ACICLOVIR CREM 5% 20G CR DAC,https://mav.farmaciasaas.com/api/images/articulos/DISTRIBUCION/54105.jpg
37336,HO40581,ACICLOVIR 250 MG POLVO LIOFILIZADO PARA SOLUCION INYECTABLE PARA INFUSION INTRAVENOSA,ACICLOVIR,Aciclovir,INYECTABLE,VITALIS S.A.C.I.,lab_antiguo,cobeca,lab,ACICLOVIR PVO SOL INY 250MG VIAL X1 DIST,https://mav.farmaciasaas.com/api/images/articulos/DISTRIBUCION/51935.jpg
37339,ME26178/3,ACICLOVIR 200 MG X 20 TABLETAS,ACICLOVIR,Aciclovir,TABLETAS,LABORATORIO PIFANO C.A.,lab_antiguo,cobeca,lab,ACICLOVIR TAB 200MG X 20 POLINAC,https://mav.farmaciasaas.com/api/images/articulos/DISTRIBUCION/29551.jpg
37341,ME26178/4,ACICLOVIR 200 MG X 24 TABLETAS,ACICLOVIR,Aciclovir,TABLETAS,LABORATORIO PIFANO C.A.,lab_antiguo,cobeca,lab,ACICLOVIR TAB 200MG X24 PHARME,https://mav.farmaciasaas.com/api/images/articulos/DISTRIBUCION/7859.jpg
37347,HO44464,ACIDO ASCORBICO 500 MG / 5 ML SOLUCION INYECTABLE,ACIDO ASCORBICO,Ascorbico Acido,INYECTABLE,GUIZHOU TIANDI PHARMACEUTICAL CO. LTD,lab_antiguo,cobeca,lab,ACIDO ASCORBICO AMP 500MG/5MLX10 CR DIST,https://mav.farmaciasaas.com/api/images/articulos/DISTRIBUCION/23088.jpg
37350,HO3187/3,ACIDO FOLICO 10 MG / ML X 10 AMPOLLAS,ACIDO FOLICO,Folico Acido,INYECTABLE,MEGALABS S.A.,lab_antiguo,cobeca,lab,ACIDO FOLICO AMP 10MG/2ML X10 CR DIST,https://mav.farmaciasaas.com/api/images/articulos/DISTRIBUCION/22846.jpg
37356,ME4630/2,ACIDO FOLICO 10 MG X 10 COMPRIMIDOS,ACIDO FOLICO,Folico Acido,COMPRIMIDOS,MEGALABS S.A.,lab_antiguo,cobeca,lab,ACIDO FOLICO TAB 10MG X10 MEY,https://mav.farmaciasaas.com/api/images/articulos/DISTRIBUCION/20330.jpg
37367,ME44457,ACTUMIR DUO 12.5 MG-850 MG X 30 TABLETAS RECUBIERTAS,ACTUMIR DUO,Empagliflozina - Metformina,TABLETAS,LABORATORIOS FARMA S.A.,lab_antiguo,cobeca,lab,METFORMINA CLORHIDRATO TAB 850MG X30 PLX,https://mav.farmaciasaas.com/api/images/articulos/DISTRIBUCION/53284.jpg
37368,ME43334,ADAPALENO - CLINDAMICINA 0.1 % - 1 % GEL,ADAPALENO - CLINDAMICINA,Adapaleno,GEL,LABORATORIOS SPEFAR VENEZOLANOS S.A.,lab_antiguo,cobeca,lab,"ADAPALENO GEL TOP 0,1% 15G HM",https://mav.farmaciasaas.com/api/images/articulos/DISTRIBUCION/52420.jpg
37369,HO34745,ADRENALINA 1 MG / ML X 5 AMPOLLAS,ADRENALINA,Adrenalina,INYECTABLE,LABORATORIO BIOSANO S.A.,lab_antiguo,cobeca,lab,ADRENALINA SOL INY 1MG/ML X5 DIST,https://mav.farmaciasaas.com/api/images/articulos/DISTRIBUCION/52500.jpg
37374,HO32804,AGUA BIDESTILADA INYECTABLE,AGUA BIDESTILADA INYECTABLE,,INYECTABLE,LABORATORIO COFASA S.A.,lab_antiguo,cobeca,lab,AGUA OXIG ALVA AL 3% 1L,https://mav.farmaciasaas.com/api/images/articulos/DISTRIBUCION/28584.jpg
37375,HO1694,AGUA DESTILADA ESTERIL SOLUCION INYECTABLE,AGUA DESTILADA ESTERIL SOLUCION INYECTABLE,,INYECTABLE,LABORATORIOS VALMOR C.A.,lab_antiguo,cobeca,lab,AGUA OXIG ALVA AL 3% 1L,https://mav.farmaciasaas.com/api/images/articulos/DISTRIBUCION/28584.jpg
37381,ME43288,ALBENDAZOL 400 MG X 10 TABLETAS MASTICABLES,ALBENDAZOL,Albendazol,TABLETAS,CORAL LABORATORIES LTD,lab_antiguo,cobeca,lab,ALBENDAZOL 400MG TAB MAST X10 ZUZU,https://mav.farmaciasaas.com/api/images/articulos/DISTRIBUCION/52550.jpg
37382,ME27081,ALBENDAZOL 400 MG / 10 ML SUSPENSION,ALBENDAZOL,Albendazol,SUSPENSION ORAL,LABORATORIO COFASA S.A.,lab_antiguo,cobeca,lab,ALBENDAZOL SUSP 400MG 20ML PHARME,https://mav.farmaciasaas.com/api/images/articulos/DISTRIBUCION/9574.jpg
37383,ME40605/2,ALBENDAZOL 200 MG X 2 COMPRIMIDOS,ALBENDAZOL,Albendazol,COMPRIMIDOS,SM PHARMA C.A.,lab_antiguo,cobeca,lab,ALBENDAZOL TAB 200MG X2 PLX,https://mav.farmaciasaas.com/api/images/articulos/DISTRIBUCION/17968.jpg
37384,ME40605/3,ALBENDAZOL 200 MG X 6 COMPRIMIDOS,ALBENDAZOL,Albendazol,COMPRIMIDOS,SM PHARMA C.A.,lab_antiguo,cobeca,lab,ALBENDAZOL TAB 200MG X6 PHARME,https://mav.farmaciasaas.com/api/images/articulos/DISTRIBUCION/1526.jpg
37391,ME32131,ALENDRONATO SODICO 70 MG X 4 COMPRIMIDOS,ALENDRONATO SODICO,Alendronico Acido,COMPRIMIDOS,LABORATORIOS LETI S.A.V.,lab_antiguo,cobeca,lab,ALENDRONATO SOD TAB 70MG X 4 ZUZU,https://mav.farmaciasaas.com/api/images/articulos/DISTRIBUCION/50383.jpg
37414,ME28493,AMBROXOL CLORHIDRATO 30 MG / 5 ML JARABE,AMBROXOL CLORHIDRATO,Ambroxol,JARABE,LABORATORIO LA SANTE C.A.,lab_antiguo,farmanselmo,lab,AMBROXOL 30MG/5ML JARABE ADULTO x120ML LISTER FENIX (E),https://pccentro.net.ve/img/s/7/4/8/1/5/74815-large_default.webp
37415,ME29182,CLORHIDRATO DE AMBROXOL 15 MG / 5ML.SOLUCION ORAL,CLORHIDRATO DE AMBROXOL,Ambroxol,SOLUCION ORAL,MEGALABS S.A.,lab_antiguo,cobeca,lab,AMBROXOL JBE PED 15MG/120ML KIMIC,https://mav.farmaciasaas.com/api/images/articulos/DISTRIBUCION/9120.jpg
37418,HO23247,AMIKACINA 500 MG / 2 ML X 1 AMPOLLA,AMIKACINA,Amikacina,INYECTABLE,C.A. PRODUCTOS RONAVA,lab_antiguo,cobeca,lab,AMIKACINA AMP 500MG/2ML X1 ADN,https://mav.farmaciasaas.com/api/images/articulos/DISTRIBUCION/27450.jpg
37419,HO24946,AMIKACINA 500 MG / 2 ML X 1 AMPOLLA,AMIKACINA,Amikacina,INYECTABLE,LABORATORIOS VALMOR C.A.,lab_antiguo,cobeca,lab,AMIKACINA AMP 500MG/2ML X1 ADN,https://mav.farmaciasaas.com/api/images/articulos/DISTRIBUCION/27450.jpg
37420,HO26424,AMIKACINA 100 MG / 2 ML X 10 AMPOLLAS,AMIKACINA,,INYECTABLE,LABORATORIOS VALMOR C.A.,lab_antiguo,cobeca,lab,AMIKACINA INY IM/IV 100MG/2ML X10 KMP,https://mav.farmaciasaas.com/api/images/articulos/DISTRIBUCION/53493.jpg
37424,ME30206/4,AMLODIPINA 10 MG X 60 COMPRIMIDOS,AMLODIPINA,Amlodipino,COMPRIMIDOS,LABORATORIOS LETI S.A.V.,lab_antiguo,cobeca,lab,AMLODIPINA COMP 10MG X60 DORO,https://mav.farmaciasaas.com/api/images/articulos/DISTRIBUCION/20112.jpg
37425,ME30206/2,AMLODIPINA 10 MG X 10 COMPRIMIDOS,AMLODIPINA,Amlodipino,COMPRIMIDOS,LABORATORIOS LETI S.A.V.,lab_antiguo,cobeca,lab,AMLODIPINA TAB 10MG X10 PHARME,https://mav.farmaciasaas.com/api/images/articulos/DISTRIBUCION/2419.jpg
37429,ME39126/2,AMLODIPINA 10 MG X 20 TABLETAS,AMLODIPINA,,TABLETAS,CALOX INTERNATIONAL C.A.,lab_antiguo,cobeca,lab,AMLODIPINA TAB 10MG X20 KIMIC,https://mav.farmaciasaas.com/api/images/articulos/DISTRIBUCION/92638.jpg
37433,ME31230,AMLODIPINA 5 MG X 30 TABLETAS,AMLODIPINA,,TABLETAS,LABORATORIO COFASA S.A.,lab_antiguo,cobeca,lab,AMLODIPINA TAB 5MG X30 PHARME,https://mav.farmaciasaas.com/api/images/articulos/DISTRIBUCION/99081.jpg
37435,ME42534,AMOXICILINA - ACIDO CLAVULANICO 250 MG - 62.5 MG / 5 ML POLVO PARA SUSPENSION ORAL,AMOXICILINA - ACIDO CLAVULANICO,Amoxicilina - Clavulanico Acido,POLVO PARA RECONSTITUCION,LABORATORIOS SPEFAR VENEZOLANOS S.A.,lab_antiguo,cobeca,lab,AMOXICILINA PVO PED 250MG/5ML 60ML CLX,https://mav.farmaciasaas.com/api/images/articulos/DISTRIBUCION/51378.jpg
37438,ME43040,AMOXICILINA 500 MG X 10 CAPSULAS,AMOXICILINA,,CAPSULAS,JIANGXI XIER KANGTAI PHARMACEUTICAL CO. LTD,lab_antiguo,cobeca,lab,AMOXICILINA CAP 500MG X 10 DISTR,https://mav.farmaciasaas.com/api/images/articulos/DISTRIBUCION/30058.jpg
37439,ME44669,AMOXICILINA - ACIDO CLAVULANICO 500 MG - 125 MG X 10 TABLETAS RECUBIERTAS,AMOXICILINA - ACIDO CLAVULANICO,,TABLETAS,SARTHI PHARMA,lab_antiguo,cobeca,lab,AMOXICILINA/AC CLAV TAB 500/125MGX10 ADN,https://mav.farmaciasaas.com/api/images/articulos/DISTRIBUCION/53232.jpg
37440,ME20340/3,AMOXICILINA 500 MG X 10 CAPSULAS,AMOXICILINA,Amoxicilina,CAPSULAS,CALOX INTERNATIONAL C.A.,lab_antiguo,cobeca,lab,AMOXICILINA CAP 500MG X 10 DISTR,https://mav.farmaciasaas.com/api/images/articulos/DISTRIBUCION/30058.jpg
37441,ME20340/4,AMOXICILINA 500 MG X 12 CAPSULAS,AMOXICILINA,Amoxicilina,CAPSULAS,CALOX INTERNATIONAL C.A.,lab_antiguo,cobeca,lab,AMOXICILINA CAP 500MG X12 LETI,https://mav.farmaciasaas.com/api/images/articulos/DISTRIBUCION/25978.jpg
37442,ME20340/2,AMOXICILINA 500 MG X 6 CAPSULAS,AMOXICILINA,Amoxicilina,CAPSULAS,CALOX INTERNATIONAL C.A.,lab_antiguo,cobeca,lab,AMOXICILINA CAP 500MG X6 PHARME,https://mav.farmaciasaas.com/api/images/articulos/DISTRIBUCION/5265.jpg
37446,ME23745,AMOXICILINA 125 MG / 5 ML SUSPENSION,AMOXICILINA,,SUSPENSION ORAL,SM PHARMA C.A.,lab_antiguo,cobeca,lab,AMOXICILINA SUSP 125MG/5ML BIU,https://mav.farmaciasaas.com/api/images/articulos/DISTRIBUCION/26127.jpg
37447,ME25639,AMOXICILINA 250 MG / 5 ML POLVO PARA SUSPENSION,AMOXICILINA,Amoxicilina,POLVO PARA RECONSTITUCION,SYNTOFARMA S.A.,lab_antiguo,cobeca,lab,AMOXICILINA PVO PED 250MG/5ML 60ML CLX,https://mav.farmaciasaas.com/api/images/articulos/DISTRIBUCION/51378.jpg
37452,ME22089,AMOXIVAL 250 MG / 5 ML POLVO PARA SUSPENSION ORAL,AMOXIVAL,Amoxicilina,POLVO PARA RECONSTITUCION,LABORATORIOS VALMOR C.A.,lab_antiguo,cobeca,lab,AMOXICILINA PVO PED 250MG/5ML 60ML CLX,https://mav.farmaciasaas.com/api/images/articulos/DISTRIBUCION/51378.jpg
37463,ME42609,ANASTROZOL 1 MG X 30 TABLETAS RECUBIERTAS,ANASTROZOL,Anastrozol,TABLETAS,SALUTAS PHARMA GMBH.,lab_antiguo,cobeca,lab,ANASTROZOL TAB 1MG X30 CR MT,https://mav.farmaciasaas.com/api/images/articulos/DISTRIBUCION/26476.jpg
37480,ME44489,APITENA 2.5 MG X 30 COMPRIMIDOS RECUBIERTOS,APITENA,Apixaban,COMPRIMIDOS,FARMACEUTICA PARAGUAYA S.A.,lab_antiguo,cobeca,lab,APIXABAN TAB/REC 2.5MG X 30 MT,https://mav.farmaciasaas.com/api/images/articulos/DISTRIBUCION/30329.jpg
37485,ME37211/2,ARANDA 2.5 MG - 50 MG X 10 CAPSULAS,ARANDA,Losartan,CAPSULAS,ACHE LABORATORIOS FARMACEUTICOS S.A.,lab_antiguo,cobeca,lab,LOSARTAN POTA COMP 50MG X10 LETI,https://mav.farmaciasaas.com/api/images/articulos/DISTRIBUCION/3399.jpg
37486,ME37211/3,ARANDA 2.5 MG - 50 MG X 30 CAPSULAS,ARANDA,Losartan,CAPSULAS,ACHE LABORATORIOS FARMACEUTICOS S.A.,lab_antiguo,cobeca,lab,LOSARTAN POTASICO TAB 50 MG X 30 DISTRIL,https://mav.farmaciasaas.com/api/images/articulos/DISTRIBUCION/29790.jpg
37510,ME43445,ATAPEC 100 MG X 30 TABLETAS RECUBIERTAS,ATAPEC,,TABLETAS,TITAN LABORATORIES PVT. LTD.,lab_antiguo,cobeca,lab,ATAPEC TAB 100MG X30 FC,https://mav.farmaciasaas.com/api/images/articulos/DISTRIBUCION/25050.jpg
37512,ME25816,ATENOLOL 100 MG X 30 TABLETAS,ATENOLOL,Atenolol,TABLETAS,CALOX INTERNATIONAL C.A.,lab_antiguo,cobeca,lab,ATENOLOL TAB 100MG X30 PHARME,https://mav.farmaciasaas.com/api/images/articulos/DISTRIBUCION/7789.jpg
37513,ME25817,ATENOLOL 50 MG X 30 TABLETAS,ATENOLOL,Atenolol,TABLETAS,CALOX INTERNATIONAL C.A.,lab_antiguo,cobeca,lab,ATENOLOL TAB 50MG X30 BUKA,https://mav.farmaciasaas.com/api/images/articulos/DISTRIBUCION/23700.jpg
37514,ME25982,ATENOLOL 50 MG X 30 COMPRIMIDOS,ATENOLOL,Atenolol,COMPRIMIDOS,LABORATORIOS LETI S.A.V.,lab_antiguo,cobeca,lab,ATENOLOL TAB 50MG X30 BUKA,https://mav.farmaciasaas.com/api/images/articulos/DISTRIBUCION/23700.jpg
37516,ME39468/3,ATORVACOF 20 MG X 30 TABLETAS RECUBIERTAS,ATORVACOF,Atorvastatina,TABLETAS,LABORATORIO COFASA S.A.,lab_antiguo,cobeca,lab,ATORVASTATINA TAB REC 20MG X30 PHARME,https://mav.farmaciasaas.com/api/images/articulos/DISTRIBUCION/22227.jpg
37518,ME32690/3,ATORVASTATINA 20 MG X 14 COMPRIMIDOS RECUBIERTOS,ATORVASTATINA,Atorvastatina,COMPRIMIDOS,LABORATORIOS LETI S.A.V.,lab_antiguo,cobeca,lab,ATORVASTATINA TAB 20MG X14 PHARME,https://mav.farmaciasaas.com/api/images/articulos/DISTRIBUCION/11565.jpg
37522,ME37775,ATORVASTATINA 20 MG X 30 TABLETAS RECUBIERTAS,ATORVASTATINA,,TABLETAS,EMPRESA LABORATORIOS MEDSOL,lab_antiguo,cobeca,lab,ATORVASTATINA TAB REC 20MG X30 PHARME,https://mav.farmaciasaas.com/api/images/articulos/DISTRIBUCION/22227.jpg
37523,ME35340/3,ATORVASTATINA 40 MG X 30 TABLETAS RECUBIERTAS,ATORVASTATINA,Atorvastatina,TABLETAS,LABORATORIOS FARMA S.A.,lab_antiguo,cobeca,lab,ATORVASTATINA COMP 40MG X30 LETI,https://mav.farmaciasaas.com/api/images/articulos/DISTRIBUCION/98292.jpg
37524,ME35340/2,ATORVASTATINA 40 MG X 14 TABLETAS RECUBIERTAS,ATORVASTATINA,Atorvastatina,TABLETAS,LABORATORIOS FARMA S.A.,lab_antiguo,cobeca,lab,ATORVASTATINA TAB REC 40MG X14 PHARME,https://mav.farmaciasaas.com/api/images/articulos/DISTRIBUCION/91726.jpg
37532,ME29902,AUGMENTIN BID 875 MG - 125 MG TABLETAS RECUBIERTAS,AUGMENTIN BID,Amoxicilina - Clavulanico Acido,TABLETAS,SMITHKLINE BEECHAM LIMITED,lab_antiguo,cobeca,lab,AUGMENTIN TAB 875MG/125MG X 14 GSK,https://mav.farmaciasaas.com/api/images/articulos/DISTRIBUCION/92934.jpg
37544,ME31564/3,AZITROMICINA 500 MG X 5 COMPRIMIDOS RECUBIERTOS,AZITROMICINA,Azitromicina,COMPRIMIDOS,LABORATORIOS SPEFAR VENEZOLANOS S.A.,lab_antiguo,cobeca,lab,AZITROMICINA COMP 500MG X5 LETI,https://mav.farmaciasaas.com/api/images/articulos/DISTRIBUCION/6090.jpg
37545,ME31564/2,AZITROMICINA 500 MG X 3 COMPRIMIDOS RECUBIERTOS,AZITROMICINA,Azitromicina,COMPRIMIDOS,LABORATORIOS SPEFAR VENEZOLANOS S.A.,lab_antiguo,cobeca,lab,AZITROMICINA TAB 500MG X3 CLX,https://mav.farmaciasaas.com/api/images/articulos/DISTRIBUCION/11009.jpg
37546,ME42509,AZITROMICINA 200 MG / 5 ML SUSPENSION ORAL,AZITROMICINA,Azitromicina,SUSPENSION ORAL,COOPER PHARMA LTD,lab_antiguo,cobeca,lab,AZITROMICINA SUSP 200MG/15ML 15ML ANG/H,https://mav.farmaciasaas.com/api/images/articulos/DISTRIBUCION/21366.jpg
37547,ME42465,AZITROMICINA 500 MG X 5 TABLETAS RECUBIERTAS,AZITROMICINA,,TABLETAS,COOPER PHARMA LTD,lab_antiguo,cobeca,lab,AZITROMICINA COMP 500MG X5 LETI,https://mav.farmaciasaas.com/api/images/articulos/DISTRIBUCION/6090.jpg
37549,ME1645,BACITRACINA 125 MG / 15 G UNGUENTO,BACITRACINA,Bacitracina,UNGUENTO,PFIZER VENEZUELA S.A.,lab_antiguo,cobeca,lab,BACITRACINA UNG 15G MEG,https://mav.farmaciasaas.com/api/images/articulos/DISTRIBUCION/338.jpg
37550,ME20140,BACITRACINA 500 UI - G UNGUENTO,BACITRACINA,Bacitracina,UNGUENTO,C.A. PRODUCTOS RONAVA,lab_antiguo,cobeca,lab,BACITRACINA UNG 500UI/G X 20G DISTRILAB,https://mav.farmaciasaas.com/api/images/articulos/DISTRIBUCION/29019.jpg
37573,HO36271/2,BETAMETASONA 4 MG / ML X 1 AMPOLLA,BETAMETASONA,Betametasona,INYECTABLE,PHARMAYECT S.A.,lab_antiguo,cobeca,lab,BETAMETASONA INY 4MG/1ML X1 VLM,https://mav.farmaciasaas.com/api/images/articulos/DISTRIBUCION/2117.jpg
37587,ME43626,BISACODILO 5 MG X 10 TABLETAS GASTRORRESISTENTES,BISACODILO,Bisacodilo,TABLETAS,SG HEALTHCARE PVT. LTD.,lab_antiguo,cobeca,lab,BISACODILO TAB 5MG X 10 FM,https://mav.farmaciasaas.com/api/images/articulos/DISTRIBUCION/28708.jpg
37592,ME42421,BISOPROLOL FUMARATO 10 MG X 30 COMPRIMIDOS RECUBIERTOS,BISOPROLOL FUMARATO,Bisoprolol,COMPRIMIDOS,LABORATORIOS SPEFAR VENEZOLANOS S.A.,lab_antiguo,cobeca,lab,BISOPROLOL TAB 10MG X30 ANG/H,https://mav.farmaciasaas.com/api/images/articulos/DISTRIBUCION/21371.jpg
37594,ME44328,BISOPROLOL FUMARATO 5 MG X 30 TABLETAS RECUBIERTAS,BISOPROLOL FUMARATO,Bisoprolol,TABLETAS,RONALD PHARMACEUTICALS PVT. LTD.,lab_antiguo,cobeca,lab,BISOPROLOL FUMARATO COMP 5MG X30 LETI,https://mav.farmaciasaas.com/api/images/articulos/DISTRIBUCION/98668.jpg
37604,ME35864,BRASARTAN 160 MG X 30 TABLETAS RECUBIERTAS,BRASARTAN,Valsartan,TABLETAS,LABORATORIOS FARMA S.A.,lab_antiguo,cobeca,lab,VALSARTAN TAB REC 160MG X30 ANG/H,https://mav.farmaciasaas.com/api/images/articulos/DISTRIBUCION/52911.jpg
37614,ME26069,CLORHIDRATO DE BROMEXINA 8 MG / 5 ML JARABE.,CLORHIDRATO DE BROMEXINA,Bromhexina,JARABE,LABORATORIOS SPEFAR VENEZOLANOS S.A.,lab_antiguo,cobeca,lab,BROMEXINA JBE 8MG/5ML 120ML ADN,https://mav.farmaciasaas.com/api/images/articulos/DISTRIBUCION/27452.jpg
37615,ME40260,BROMEXINA CLORHIDRATO 4 MG / 5 ML JARABE,BROMEXINA CLORHIDRATO,,JARABE,SM PHARMA C.A.,lab_antiguo,cobeca,lab,BROMEXINA JBE 4MG/5ML 120ML BIOQ,https://mav.farmaciasaas.com/api/images/articulos/DISTRIBUCION/14190.jpg
37616,ME35158,BROMHEXINA CLORHIDRATO 8 MG / 5 ML JARABE,BROMHEXINA CLORHIDRATO,,JARABE,LABORATORIOS SPEFAR VENEZOLANOS S.A.,lab_antiguo,cobeca,lab,BROMHEXINA JBE PED4MG/5ML 120ML PHARME,https://mav.farmaciasaas.com/api/images/articulos/DISTRIBUCION/11549.jpg
37617,ME36318,BROMHEXINA CLORHIDRATO 8 MG / 5 ML JARABE,BROMHEXINA CLORHIDRATO,,JARABE,LABORATORIO BIOGALENIC C.A.,lab_antiguo,cobeca,lab,BROMHEXINA JBE PED4MG/5ML 120ML PHARME,https://mav.farmaciasaas.com/api/images/articulos/DISTRIBUCION/11549.jpg
37638,ME42932/4,VITAMINA C - ZINC 500 MG - 15 MG X 60 TABLETAS MASTICABLES SABOR A MANDARINA,VITAMINA C - ZINC,Ascorbico Acido - Zinc,TABLETAS,BIONUTREC S.A.S.,lab_antiguo,cobeca,lab,HYDRORAL PRO + ZINC 500ML BIOF,https://mav.farmaciasaas.com/api/images/articulos/DISTRIBUCION/53564.jpg
37639,ME42932/3,VITAMINA C - ZINC 500 MG - 15 MG X 30 TABLETAS MASTICABLES SABOR A MANDARINA,VITAMINA C - ZINC,Ascorbico Acido - Zinc,TABLETAS,BIONUTREC S.A.S.,lab_antiguo,cobeca,lab,HYDRORAL PRO + ZINC 500ML BIOF,https://mav.farmaciasaas.com/api/images/articulos/DISTRIBUCION/53564.jpg
37640,ME42932/2,VITAMINA C - ZINC 500 MG - 15 MG X 10 TABLETAS MASTICABLES SABOR A MANDARINA,VITAMINA C - ZINC,Ascorbico Acido - Zinc,TABLETAS,BIONUTREC S.A.S.,lab_antiguo,cobeca,lab,VIT C/ZINC TAB MAST 500/15MG X10 PHARME,https://mav.farmaciasaas.com/api/images/articulos/DISTRIBUCION/52152.jpg
37663,ME37841,CANDESARTAN 8 MG X 30 TABLETAS,CANDESARTAN,,TABLETAS,LABORATORIO LA SANTE C.A.,lab_antiguo,cobeca,lab,CANDESARTAN TAB 8MG X30 PHARME,https://mav.farmaciasaas.com/api/images/articulos/DISTRIBUCION/23944.jpg
37668,MI1290,OXIGENO MEDICINAL,OXIGENO MEDICINAL,,,AGA GAS C.A.,lab_antiguo,cobeca,lab,CANULA D/OXIGENO PLUSMEDIC NASAL PED,https://mav.farmaciasaas.com/api/images/articulos/DISTRIBUCION/21775.jpg
37670,ME25978/2,CAPTOPRIL 25 MG X 20 COMPRIMIDOS,CAPTOPRIL,Captopril,COMPRIMIDOS,LABORATORIOS LETI S.A.V.,lab_antiguo,cobeca,lab,CAPTOPRIL TAB 25MG X20 KIMIC,https://mav.farmaciasaas.com/api/images/articulos/DISTRIBUCION/3029.jpg
37671,ME25738/2,CAPTOPRIL 25 MG X 20 TABLETAS,CAPTOPRIL,Captopril,TABLETAS,CALOX INTERNATIONAL C.A.,lab_antiguo,cobeca,lab,CAPTOPRIL TAB 25MG X20 KIMIC,https://mav.farmaciasaas.com/api/images/articulos/DISTRIBUCION/3029.jpg
37676,ME24815/2,CARBAMAZEPINA 200 MG X 10 COMPRIMIDOS,CARBAMAZEPINA,Carbamazepina,COMPRIMIDOS,LABORATORIOS VALMOR C.A.,lab_antiguo,cobeca,lab,CARBAMAZEPINA TAB 200MG X10 ZUZU,https://mav.farmaciasaas.com/api/images/articulos/DISTRIBUCION/52560.jpg
37677,ME24815/3,CARBAMAZEPINA 200 MG X 20 COMPRIMIDOS,CARBAMAZEPINA,Carbamazepina,COMPRIMIDOS,LABORATORIOS VALMOR C.A.,lab_antiguo,cobeca,lab,CARBAMAZEPINA TAB 200MG X20 CR DAC,https://mav.farmaciasaas.com/api/images/articulos/DISTRIBUCION/20947.jpg
37678,ME28957,CARBAMAZEPINA 200 MG X 30 TABLETAS,CARBAMAZEPINA,Carbamazepina,TABLETAS,ESPROMED BIO C.A.,lab_antiguo,cobeca,lab,CARBAMAZEPINA TAB 200MG X30 ANG/H,https://mav.farmaciasaas.com/api/images/articulos/DISTRIBUCION/23677.jpg
37679,ME43783,CARBAMAZEPINA 200 MG X 30 TABLETAS,CARBAMAZEPINA,Carbamazepina,TABLETAS,JIANGXI SYNERGY PHARMACEUTICAL CO. LTD,lab_antiguo,cobeca,lab,CARBAMAZEPINA TAB 200MG X30 ANG/H,https://mav.farmaciasaas.com/api/images/articulos/DISTRIBUCION/23677.jpg
37680,ME43998,CARBAMAZEPINA 400 MG X 30 TABLETAS,CARBAMAZEPINA,Carbamazepina,TABLETAS,BRAWN LABORATORIES LIMITED,lab_antiguo,cobeca,lab,CARBAMAZEPINA TAB 400MG X 30 ANGELUS,https://mav.farmaciasaas.com/api/images/articulos/DISTRIBUCION/28515.jpg
37685,ME1642,CARBONATO DE LITIO 300 MG X 20 CAPSULAS,CARBONATO DE LITIO,Litio,CAPSULAS,INDUSTRIAS DE MEDICAMENTOS GENERICOS R.X. C.A.,lab_antiguo,cobeca,lab,CARBONATO D/LITIO TAB 300MG X 20 FM,https://mav.farmaciasaas.com/api/images/articulos/DISTRIBUCION/28718.jpg
37704,ME30368,CEFADROXILO 500 MG X 10 CAPSULAS,CEFADROXILO,,CAPSULAS,FARMACOOP LTDA.,lab_antiguo,cobeca,lab,CEFADROXILO CAP 500MG X10 LETI,https://mav.farmaciasaas.com/api/images/articulos/DISTRIBUCION/22822.jpg
37705,ME27532,CEFADROXILO 500 MG X 10 CAPSULAS,CEFADROXILO,Cefadroxilo,CAPSULAS,SYNTOFARMA S.A.,lab_antiguo,cobeca,lab,CEFADROXILO CAP 500MG X10 LETI,https://mav.farmaciasaas.com/api/images/articulos/DISTRIBUCION/22822.jpg
37708,ME42857,CEFADROXILO 500 MG X 10 TABLETAS,CEFADROXILO,Cefadroxilo,TABLETAS,MARS REMEDIES PVT. LTD.,lab_antiguo,cobeca,lab,CEFADROXILO CAP 500MG X10 LETI,https://mav.farmaciasaas.com/api/images/articulos/DISTRIBUCION/22822.jpg
37711,HO44435,CEFAZOLINA 1 G X 10 AMPOLLAS,CEFAZOLINA,Cefazolina,INYECTABLE,FARMALOGICA S.A.,lab_antiguo,cobeca,lab,CEFAZOLINA SOD PVO SOL INY 1G X10 DIST,https://mav.farmaciasaas.com/api/images/articulos/DISTRIBUCION/51988.jpg
37714,ME44329,CEFIXIMA 400 MG X 5 TABLETAS RECUBIERTAS,CEFIXIMA,Cefixima,TABLETAS,CALOX INTERNATIONAL C.A.,lab_antiguo,cobeca,lab,CEFIXIMA CAP 400MG X5 LETI,https://mav.farmaciasaas.com/api/images/articulos/DISTRIBUCION/29896.jpg
37719,HO33864,CEFTRIAXONA 1 G X 1 AMPOLLA,CEFTRIAXONA,,INYECTABLE,VITALIS S.A.C.I.,lab_antiguo,cobeca,lab,CEFTRIAXONA AMP IM/IV 1G X1 CR GM,https://mav.farmaciasaas.com/api/images/articulos/DISTRIBUCION/51473.jpg
37720,HO29420,CEFTRIAXONA 1 G POLVO PARA SOLUCION INYECTABLE,CEFTRIAXONA,Ceftriaxona,INYECTABLE,"EMPRESA FARMACEUTICA ""8 DE MARZO""",lab_antiguo,cobeca,lab,CEFTRIAXONA AMP IM/IV 1G X1 CR GM,https://mav.farmaciasaas.com/api/images/articulos/DISTRIBUCION/51473.jpg
37722,ME41586,CELECOXIB 200 MG X 10 CAPSULAS,CELECOXIB,Celecoxib,CAPSULAS,CALOX INTERNATIONAL C.A.,lab_antiguo,cobeca,lab,CELECOXIB CAP 200MG X10 VIN,https://mav.farmaciasaas.com/api/images/articulos/DISTRIBUCION/26739.jpg
37730,ME44603,CETIRIZINA 5 MG / 5 ML SOLUCION ORAL,CETIRIZINA,Cetirizina,SOLUCION ORAL,ANTILA LIFESCIENCES PVT. LTD. (GANDHINAGAR),lab_antiguo,cobeca,lab,CETIRIZINA SOL ORAL 5MG/5ML 60ML PHARME,https://mav.farmaciasaas.com/api/images/articulos/DISTRIBUCION/2328.jpg
37744,ME43391,CILOSTAZOL 50 MG X 30 TABLETAS RECUBIERTAS,CILOSTAZOL,Cilostazol,TABLETAS,RONALD PHARMACEUTICALS PVT. LTD.,lab_antiguo,cobeca,lab,CILOSTAZOL TAB 50MG X30 CLEO,https://mav.farmaciasaas.com/api/images/articulos/DISTRIBUCION/25678.jpg
37745,ME42967,CILOSTAZOL 100 MG X 30 TABLETAS,CILOSTAZOL,Cilostazol,TABLETAS,WEST-COAST PHARMACEUTICAL WORKS LTD,lab_antiguo,cobeca,lab,CILOSTAZOL TAB REC 100MG X30 CLEO,https://mav.farmaciasaas.com/api/images/articulos/DISTRIBUCION/52907.jpg
37751,ME28283/3,CIPROFLOXACINA 500 MG X 14 TABLETAS RECUBIERTAS,CIPROFLOXACINA,,TABLETAS,LABORATORIO LA SANTE C.A.,lab_antiguo,cobeca,lab,CIPROFLOXACINA COMP REC 500 X14 LETI,https://mav.farmaciasaas.com/api/images/articulos/DISTRIBUCION/51885.jpg
37752,ME28283/2,CIPROFLOXACINA 500 MG X 6 TABLETAS RECUBIERTAS,CIPROFLOXACINA,,TABLETAS,LABORATORIO LA SANTE C.A.,lab_antiguo,cobeca,lab,CIPROFLOXACINA TAB 500MG X6 ALESS,https://mav.farmaciasaas.com/api/images/articulos/DISTRIBUCION/20511.jpg
37753,HO44719,CIPROFLOXACINA 200 MG / 100 ML SOLUCION INYECTABLE,CIPROFLOXACINA,,INYECTABLE,SHIJIAZHUANG NO 4 PHARMACEUTICAL CO. LTD,lab_antiguo,cobeca,lab,CIPROFLOXACINA INF INY200MG/100ML CRDIST,https://mav.farmaciasaas.com/api/images/articulos/DISTRIBUCION/21337.jpg
37754,HO44679,CIPROFLOXACINA INFUSION 0.2 G / 100 ML SOLUCION PARA INFUSION INTRAVENOSA,CIPROFLOXACINA INFUSION,Ciprofloxacino,INYECTABLE,U SQUARE LIFESCIENCE PVT. LTD.,lab_antiguo,cobeca,lab,CIPROFLOXACINA INF INY200MG/100ML CRDIST,https://mav.farmaciasaas.com/api/images/articulos/DISTRIBUCION/21337.jpg
37755,ME27827/4,CIPROFLOXACINA 500 MG X 10 TABLETAS RECUBIERTAS,CIPROFLOXACINA,,TABLETAS,CALOX INTERNATIONAL C.A.,lab_antiguo,cobeca,lab,CIPROFLOXACINA TAB 500MG X10 CR DAC,https://mav.farmaciasaas.com/api/images/articulos/DISTRIBUCION/20945.jpg
37756,ME27827/3,CIPROFLOXACINA 500 MG X 6 TABLETAS RECUBIERTAS,CIPROFLOXACINA,,TABLETAS,CALOX INTERNATIONAL C.A.,lab_antiguo,cobeca,lab,CIPROFLOXACINA TAB 500MG X6 ALESS,https://mav.farmaciasaas.com/api/images/articulos/DISTRIBUCION/20511.jpg
37759,ME26487/3,CIPROFLOXACINA 500 MG X 10 COMPRIMIDOS RECUBIERTOS,CIPROFLOXACINA,,COMPRIMIDOS,LABORATORIOS LETI S.A.V.,lab_antiguo,cobeca,lab,CIPROFLOXACINA TAB 500MG X10 CR DAC,https://mav.farmaciasaas.com/api/images/articulos/DISTRIBUCION/20945.jpg
37760,ME26487/2,CIPROFLOXACINA 500 MG X 6 COMPRIMIDOS RECUBIERTOS,CIPROFLOXACINA,,COMPRIMIDOS,LABORATORIOS LETI S.A.V.,lab_antiguo,cobeca,lab,CIPROFLOXACINA TAB 500MG X6 ALESS,https://mav.farmaciasaas.com/api/images/articulos/DISTRIBUCION/20511.jpg
37761,ME42422,CIPROFLOXACINO 500 MG X 10 TABLETAS RECUBIERTAS,CIPROFLOXACINO,Ciprofloxacino,TABLETAS,SWISS PARENTERALS LTD,lab_antiguo,cobeca,lab,CIPROFLOXACINO TAB REC 500MG X10 BLUE,https://mav.farmaciasaas.com/api/images/articulos/DISTRIBUCION/50785.jpg
37763,ME35266,CITALOPRAM 40 MG X 10 TABLETAS RECUBIERTAS,CITALOPRAM,Citalopram,TABLETAS,CALOX INTERNATIONAL C.A.,lab_antiguo,cobeca,lab,CITALOPRAM TAB  40MG X10 CR MT,https://mav.farmaciasaas.com/api/images/articulos/DISTRIBUCION/53032.jpg
37767,ME36822/2,CITRATO DE CALCIO 1190 MG X 30 TABLETAS MASTICABLES SABOR A MANDARINA,CITRATO DE CALCIO,,TABLETAS,CALOX INTERNATIONAL C.A.,lab_antiguo,cobeca,lab,CITRATO D/CA + VIT D3 TAB X30 G PHAR,https://mav.farmaciasaas.com/api/images/articulos/DISTRIBUCION/23439.jpg
37788,ME42956,CLOMIFENO CITRATO 50 MG X 30 TABLETAS,CLOMIFENO CITRATO,Clomifeno,TABLETAS,WEST-COAST PHARMACEUTICAL WORKS LTD,lab_antiguo,cobeca,lab,CLOMIFENO TAB 50MG X 30 FM,https://mav.farmaciasaas.com/api/images/articulos/DISTRIBUCION/28709.jpg
37792,ME38584,CLONAZEPAM 0.5 MG X 30 TABLETAS,CLONAZEPAM,Clonazepam,TABLETAS,CALOX INTERNATIONAL C.A.,lab_antiguo,cobeca,lab,CLONAZEPAM TAB 0.5 MG X 30,https://mav.farmaciasaas.com/api/images/articulos/DISTRIBUCION/98445.jpg
37793,ME38585,CLONAZEPAM 2 MG X 30 TABLETAS,CLONAZEPAM,Clonazepam,TABLETAS,CALOX INTERNATIONAL C.A.,lab_antiguo,cobeca,lab,CLONAZEPAM TAB 2MG X30,https://mav.farmaciasaas.com/api/images/articulos/DISTRIBUCION/98444.jpg
37802,ME34084/3,CLOPIDOGREL 75 MG X 20 COMPRIMIDOS RECUBIERTOS,CLOPIDOGREL,Clopidogrel,COMPRIMIDOS,LABORATORIOS LETI S.A.V.,lab_antiguo,cobeca,lab,CLOPIDOGREL TAB 75MG X20 FMED,https://mav.farmaciasaas.com/api/images/articulos/DISTRIBUCION/51767.jpg
37803,ME34084/4,CLOPIDOGREL 75 MG X 30 COMPRIMIDOS RECUBIERTOS,CLOPIDOGREL,Clopidogrel,COMPRIMIDOS,LABORATORIOS LETI S.A.V.,lab_antiguo,cobeca,lab,CLOPIDOGREL TAB 75MG X30 ALESS,https://mav.farmaciasaas.com/api/images/articulos/DISTRIBUCION/22848.jpg
37805,ME37534,CLOPIDOGREL 75 MG X 30 TABLETAS RECUBIERTAS,CLOPIDOGREL,,TABLETAS,EMPRESA LABORATORIOS MEDSOL,lab_antiguo,cobeca,lab,CLOPIDOGREL TAB 75MG X30 ALESS,https://mav.farmaciasaas.com/api/images/articulos/DISTRIBUCION/22848.jpg
37806,ME43375,CLOPIDOGREL 75 MG X 30 TABLETAS RECUBIERTAS,CLOPIDOGREL,Clopidogrel,TABLETAS,JIANGXI XIER KANGTAI PHARMACEUTICAL CO. LTD,lab_antiguo,cobeca,lab,CLOPIDOGREL TAB 75MG X30 ALESS,https://mav.farmaciasaas.com/api/images/articulos/DISTRIBUCION/22848.jpg
37814,ME43585/4,DOPALEN 200 MG X 30 CAPSULAS DE LIBERACION PROLONGADA,DOPALEN,Mebeverina,CAPSULAS,BIOTECH LABORATORIOS C.A.,lab_antiguo,cobeca,lab,CLORHID D/MEBEVERINA CAP 200MG X30 CR MT,https://mav.farmaciasaas.com/api/images/articulos/DISTRIBUCION/54229.jpg
37818,HO37055,CLORURO DE POTASIO 2 MEQ / ML SOLUCION INYECTABLE,CLORURO DE POTASIO,,INYECTABLE,CORPAUL COLOMBIA,lab_antiguo,cobeca,lab,"CLORURO D/SOD SOL INY 0,9% 100ML IPS",https://mav.farmaciasaas.com/api/images/articulos/DISTRIBUCION/21357.jpg
37820,ME32566,CLORURO DE SODIO 0.9 % SOLUCION ISOTONICA PARA IRRIGACION ESTERIL,CLORURO DE SODIO,,LOCION,LABORATORIO BEHRENS C.A.,lab_antiguo,cobeca,lab,CLORURO D/MAGNES 25G FCH,https://mav.farmaciasaas.com/api/images/articulos/DISTRIBUCION/17780.jpg
37823,ME43751,CLOTRIMAZOL 100 MG X 6 OVULOS VAGINALES,CLOTRIMAZOL,Clotrimazol,OVULOS,LABORATORIOS FARMACEUTICOS LAFAR S.A. (CIUDAD DE EL ALTO),lab_antiguo,cobeca,lab,CLOTRIMAZOL OVUL 100MG X6 TIAR,https://mav.farmaciasaas.com/api/images/articulos/DISTRIBUCION/26419.jpg
37824,ME39062,CLOTRIMAZOL 500 MG X 1 OVULO VAGINAL,CLOTRIMAZOL,Clotrimazol,OVULOS,LABORATORIOS ALFA C X A,lab_antiguo,cobeca,lab,CLOTRIMAZOL OVUL 500MG X1 TIAR,https://mav.farmaciasaas.com/api/images/articulos/DISTRIBUCION/26410.jpg
37831,ME34845,COLLOVAR SOLUCION,COLLOVAR SOLUCION,Lactico Acido - Salicilico Acido,LOCION,LABORATORIOS VARGAS S.A.,lab_antiguo,cobeca,lab,LECHE LIMP LIVING C/AC LACTICO 120ML,https://mav.farmaciasaas.com/api/images/articulos/DISTRIBUCION/29281.jpg
37835,HO1587,COMPLEJO DE VITAMINA B X 3 AMPOLLAS,COMPLEJO DE VITAMINA B X,,INYECTABLE,PRODUCTOS LISTER FENIX C.A.,lab_antiguo,cobeca,lab,COMPLEJO B AMP 2 ML X3 VIV,https://mav.farmaciasaas.com/api/images/articulos/DISTRIBUCION/5118.jpg
37864,ME30715/4,DALTAZEN 60 MG X 30 COMPRIMIDOS,DALTAZEN,Diltiazem,COMPRIMIDOS,MEGALABS S.A.,lab_antiguo,cobeca,lab,DILTIAZEM TAB 60MG X 30 ANGELUS,https://mav.farmaciasaas.com/api/images/articulos/DISTRIBUCION/28519.jpg
37874,ME32194/2,DEFLAZACORT 6 MG X 10 COMPRIMIDOS,DEFLAZACORT,Deflazacort,COMPRIMIDOS,LABORATORIOS LETI S.A.V.,lab_antiguo,cobeca,lab,DEFLAZACORT TAB 6MG X10 CLX,https://mav.farmaciasaas.com/api/images/articulos/DISTRIBUCION/91527.jpg
37875,ME32194/3,DEFLAZACORT 6 MG X 30 COMPRIMIDOS,DEFLAZACORT,Deflazacort,COMPRIMIDOS,LABORATORIOS LETI S.A.V.,lab_antiguo,cobeca,lab,DEFLAZACORT TAB 6MG X30 CR BEL,https://mav.farmaciasaas.com/api/images/articulos/DISTRIBUCION/52860.jpg
37887,HO44408,DESKEFLAS 50 MG / 2 ML X 3 AMPOLLAS,DESKEFLAS,Dexketoprofeno Trometamol,INYECTABLE,PSICOFARMA S.A. DE C.V,lab_antiguo,cobeca,lab,DESKEFLAS SOL INY 50MG/2ML X3 CR MT,https://mav.farmaciasaas.com/api/images/articulos/DISTRIBUCION/53176.jpg
37888,ME44407,DESKEFLAS 25 MG X 10 TABLETAS RECUBIERTAS,DESKEFLAS,Dexketoprofeno Trometamol,TABLETAS,LABORATORIOS ALPHARMA S.A. DE C.V,lab_antiguo,cobeca,lab,DESKEFLAS TAB 25MG X10 CR MT,https://mav.farmaciasaas.com/api/images/articulos/DISTRIBUCION/52476.jpg
37900,ME42492/3,DEXAMETASONA 4 MG X 100 COMPRIMIDOS,DEXAMETASONA,Dexametasona,COMPRIMIDOS,LABORATORIOS SPEFAR VENEZOLANOS S.A.,lab_antiguo,cobeca,lab,DEXAMETASONA TAB 4MG X100 PORTU,https://mav.farmaciasaas.com/api/images/articulos/DISTRIBUCION/25079.jpg
37901,HO42510,DEXAMETASONA FOSFATO SODICO 4 MG / ML SOLUCION INYECTABLE,DEXAMETASONA FOSFATO SODICO,,INYECTABLE,CAPLIN POINT LABORATORIES LIMITED,lab_antiguo,cobeca,lab,DEXAMETASONA F/SOD SOL INY 4MG/1MLX10 DT,https://mav.farmaciasaas.com/api/images/articulos/DISTRIBUCION/23086.jpg
37902,HO42502,DEXAMETASONA FOSFATO SODICO 8 MG / 2 ML SOLUCION INYECTABLE,DEXAMETASONA FOSFATO SODICO,,INYECTABLE,DEUTSCHE LABS. INC.,lab_antiguo,cobeca,lab,DEXAMETASONA F/SOD SOL INY 8MG/2MLX10 DT,https://mav.farmaciasaas.com/api/images/articulos/DISTRIBUCION/23087.jpg
37904,HO42601,DEXAMETASONA 8 MG / 2 ML X 10 AMPOLLAS,DEXAMETASONA,Dexametasona,INYECTABLE,LABORATORIO BIOSANO S.A.,lab_antiguo,cobeca,lab,DEXAMETASONA F/SOD SOL INY 8MG/2MLX10 DT,https://mav.farmaciasaas.com/api/images/articulos/DISTRIBUCION/23087.jpg
37910,ME40663,PREVERAL CON DEXTROMETORFANO 3 MG - 15 MG / 5 ML SOLUCION ORAL,PREVERAL CON DEXTROMETORFANO,Dextrometorfano,SOLUCION ORAL,LABORATORIOS VARGAS S.A.,lab_antiguo,cobeca,lab,DEXTROMETORFANO JBE 15MG/5ML 120ML BIOQ,https://mav.farmaciasaas.com/api/images/articulos/DISTRIBUCION/26399.jpg
37913,ME43584,DIACEREINA 50 MG X 10 CAPSULAS,DIACEREINA,Diacereina,CAPSULAS,RONALD PHARMACEUTICALS PVT. LTD.,lab_antiguo,cobeca,lab,DIACEREINA CAP 50MG X 10 MT,https://mav.farmaciasaas.com/api/images/articulos/DISTRIBUCION/50231.jpg
37921,ME44533,DICARVEX 25 MG X 30 TABLETAS,DICARVEX,Carvedilol,TABLETAS,LABORATORIO PLUSANDEX DE FARMACEUTICOS UNIDOS PLUSANDEX C.A.,lab_antiguo,cobeca,lab,CARVEDILOL TAB REC 25MG X30 KIMIC,https://mav.farmaciasaas.com/api/images/articulos/DISTRIBUCION/54225.jpg
37928,HO36803/3,DICLOFENACO SODICO 75 MG / 3 ML X 10 AMPOLLAS,DICLOFENACO SODICO,Diclofenaco,INYECTABLE,FARMIONNI SCALPI S.A.,lab_antiguo,cobeca,lab,DICLOFENACO SOD SOL INY 75MG/3ML X10 CCM,https://mav.farmaciasaas.com/api/images/articulos/DISTRIBUCION/53115.jpg
37929,ME43045/2,DICLOFENACO POTASICO 50 MG X 10 TABLETAS RECUBIERTAS,DICLOFENACO POTASICO,Diclofenaco,TABLETAS,JIANGXI XIER KANGTAI PHARMACEUTICAL CO. LTD,lab_antiguo,cobeca,lab,DICLOFENACO POT TAB REC 50MG X10 BLUE/M,https://mav.farmaciasaas.com/api/images/articulos/DISTRIBUCION/54424.jpg
37931,ME43045/3,DICLOFENACO POTASICO 50 MG X 20 TABLETAS RECUBIERTAS,DICLOFENACO POTASICO,Diclofenaco,TABLETAS,JIANGXI XIER KANGTAI PHARMACEUTICAL CO. LTD,lab_antiguo,cobeca,lab,DICLOFENACO POTA TAB 50MG X20 KIMIC,https://mav.farmaciasaas.com/api/images/articulos/DISTRIBUCION/55.jpg
37932,ME28851,DICLOFENAC SODICO 50 MG X 20 TABLETAS CON RECUBRIMIENTO ENTERICO,DICLOFENAC SODICO,,TABLETAS,LABORATORIO LA SANTE C.A.,lab_antiguo,cobeca,lab,DICLOFENAC POTA TAB 50MG X20 CR DAC,https://mav.farmaciasaas.com/api/images/articulos/DISTRIBUCION/23145.jpg
37934,ME43099,DICLOFENACO POTASICO 50 MG X 20 TABLETAS CON RECUBRIMIENTO ENTERICO,DICLOFENACO POTASICO,,TABLETAS,VIDA LABORATORIES (P) LIMITED,lab_antiguo,cobeca,lab,DICLOFENACO POTA TAB 50MG X20 KIMIC,https://mav.farmaciasaas.com/api/images/articulos/DISTRIBUCION/55.jpg
37955,ME38177/4,DIOSMINA 600 MG X 30 TABLETAS RECUBIERTAS,DIOSMINA,Diosmina,TABLETAS,CALOX INTERNATIONAL C.A.,lab_antiguo,cobeca,lab,DIOSMINA TAB REC 600MG X30 DAC,https://mav.farmaciasaas.com/api/images/articulos/DISTRIBUCION/53521.jpg
37956,ME36420,DIOSMINA - HESPERIDINA 450 MG - 50 MG X 30 TABLETAS RECUBIERTAS,DIOSMINA - HESPERIDINA,Diosmina - Hesperidina,TABLETAS,CALOX INTERNATIONAL C.A.,lab_antiguo,cobeca,lab,DIOSMINA/HESPER TAB 450/50MG X30 CR DIST,https://mav.farmaciasaas.com/api/images/articulos/DISTRIBUCION/24807.jpg
37957,ME40371,DIOSMINA-HESPERIDINA 450 MG-50 MG COMPRIMIDOS RECUBIERTOS,DIOSMINA-HESPERIDINA,,COMPRIMIDOS,LABORATORIO ELEA PHOENIX S.A.,lab_antiguo,cobeca,lab,DIOSMINA/HESPER TAB 450/50MG X30 CR DIST,https://mav.farmaciasaas.com/api/images/articulos/DISTRIBUCION/24807.jpg
37960,ME37926,PENTASA 500 MG X 30 COMPRIMIDOS DE LIBERACION PROLONGADA,PENTASA,Mesalazina,COMPRIMIDOS,FERRING INTERNATIONAL CENTER S.A.,lab_antiguo,cobeca,lab,DIZACOL MESALAZINA TAB 500MG X30,https://mav.farmaciasaas.com/api/images/articulos/DISTRIBUCION/54489.jpg
37964,HO42487,DOBUTAMINA 250 MG / 5 ML X 5 AMPOLLAS,DOBUTAMINA,Dobutamina,INYECTABLE,LABORATORIO BIOSANO S.A.,lab_antiguo,cobeca,lab,DOBUTAMINA AMP 250MG/5ML X5 MEDV,https://mav.farmaciasaas.com/api/images/articulos/DISTRIBUCION/51161.jpg
37974,ME44581/2,DOMPERIDONA 10 MG X 10 TABLETAS,DOMPERIDONA,Domperidona,TABLETAS,ANMOL HEALTHCARE LABORATORY PVT LTD,lab_antiguo,cobeca,lab,DOMPERIDONA TAB 10MG X10 KMP,https://mav.farmaciasaas.com/api/images/articulos/DISTRIBUCION/53481.jpg
37975,ME44581/3,DOMPERIDONA 10 MG X 15 TABLETAS,DOMPERIDONA,Domperidona,TABLETAS,ANMOL HEALTHCARE LABORATORY PVT LTD,lab_antiguo,cobeca,lab,DOMPERIDONA TAB 10MG X15 CLX,https://mav.farmaciasaas.com/api/images/articulos/DISTRIBUCION/11636.jpg
37976,ME44581/4,DOMPERIDONA 10 MG X 30 TABLETAS,DOMPERIDONA,Domperidona,TABLETAS,ANMOL HEALTHCARE LABORATORY PVT LTD,lab_antiguo,cobeca,lab,DOMPERIDONA TAB 10MG X30 ANG/H,https://mav.farmaciasaas.com/api/images/articulos/DISTRIBUCION/21373.jpg
37980,ME44460/2,DONEPEZILO CLORHIDRATO 10 MG X 10 CAPSULAS,DONEPEZILO CLORHIDRATO,Donepezilo,CAPSULAS,LABORATORIOS LETI S.A.V.,lab_antiguo,cobeca,lab,DONEPEZILO TAB 10MG X10 CR MT,https://mav.farmaciasaas.com/api/images/articulos/DISTRIBUCION/51311.jpg
37984,ME43060,DOXICICLINA 100 MG X 10 CAPSULAS,DOXICICLINA,Doxiciclina Hiclato,CAPSULAS,FLAMINGO PHARMACEUTICALS LTD,lab_antiguo,cobeca,lab,DOXICICLINA TAB 100MG X10 FMED,https://mav.farmaciasaas.com/api/images/articulos/DISTRIBUCION/51768.jpg
37985,ME20337,DOXICICLINA 100 MG X 10 CAPSULAS,DOXICICLINA,Doxiciclina,CAPSULAS,CALOX INTERNATIONAL C.A.,lab_antiguo,cobeca,lab,DOXICICLINA TAB 100MG X10 FMED,https://mav.farmaciasaas.com/api/images/articulos/DISTRIBUCION/51768.jpg
37992,ME44389/2,TAMSULON DUO 0.5 MG - 0.4 MG X 10 CAPSULAS DE LIBERACION PROLONGADA,TAMSULON DUO,Dutasterida - Tamsulosina,CAPSULAS,ASOFARMA S.A.I. Y C,lab_antiguo,cobeca,lab,"TAMSULOSINA TAMSUHEM CAP 0,4MG X10 ADN",https://mav.farmaciasaas.com/api/images/articulos/DISTRIBUCION/53254.jpg
37993,ME44389/3,TAMSULON DUO 0.5 MG - 0.4 MG X 30 CAPSULAS DE LIBERACION PROLONGADA,TAMSULON DUO,Dutasterida - Tamsulosina,CAPSULAS,ASOFARMA S.A.I. Y C,lab_antiguo,cobeca,lab,"TAMSULOSINA/DUTAS TAB 0,4/0,5MGX30 ANG/H",https://mav.farmaciasaas.com/api/images/articulos/DISTRIBUCION/27737.jpg
37998,ME44046,EMPAGLIFLOZINA - LINAGLIPTINA 10 MG - 5 MG X 30 COMPRIMIDOS RECUBIERTOS,EMPAGLIFLOZINA - LINAGLIPTINA,Empagliflozina - Linagliptina,COMPRIMIDOS,LABORATORIOS LETI S.A.V.,lab_antiguo,cobeca,lab,EMPAGLIFLOZINA TAB 10MG X30 DIST,https://mav.farmaciasaas.com/api/images/articulos/DISTRIBUCION/52002.jpg
37999,ME44045,EMPAGLIFLOZINA - LINAGLIPTINA 25 MG - 5 MG X 30 COMPRIMIDOS RECUBIERTOS,EMPAGLIFLOZINA - LINAGLIPTINA,Empagliflozina - Linagliptina,COMPRIMIDOS,LABORATORIOS LETI S.A.V.,lab_antiguo,cobeca,lab,EMPAGLIFLOZINA TAB 25MG X30 DIST,https://mav.farmaciasaas.com/api/images/articulos/DISTRIBUCION/52003.jpg
38004,ME26416/2,ENALAPRIL 20 MG X 20 TABLETAS,ENALAPRIL,Enalapril,TABLETAS,CALOX INTERNATIONAL C.A.,lab_antiguo,cobeca,lab,ENALAPRIL TAB 20MG X20 PHARME,https://mav.farmaciasaas.com/api/images/articulos/DISTRIBUCION/7965.jpg
38014,ME37000,ERITROMICINA 500 MG X 10 TABLETAS RECUBIERTAS,ERITROMICINA,Eritromicina,TABLETAS,GENFAR S.A.,lab_antiguo,cobeca,lab,ERITROMICINA TAB 500MG X10 ZUZU,https://mav.farmaciasaas.com/api/images/articulos/DISTRIBUCION/52542.jpg
38015,ME40959/4,ESCITALOPRAM 10 MG X 56 COMPRIMIDOS RECUBIERTOS,ESCITALOPRAM,Escitalopram,COMPRIMIDOS,MEGALABS S.A.,lab_antiguo,cobeca,lab,ESCITALOPRAM COMP 10MG X56 DORO,https://mav.farmaciasaas.com/api/images/articulos/DISTRIBUCION/22243.jpg
38016,ME40959/2,ESCITALOPRAM 10 MG X 14 COMPRIMIDOS RECUBIERTOS,ESCITALOPRAM,Escitalopram,COMPRIMIDOS,MEGALABS S.A.,lab_antiguo,cobeca,lab,ESCITALOPRAM TAB 10MG X14 CR LATT,https://mav.farmaciasaas.com/api/images/articulos/DISTRIBUCION/23490.jpg
38019,ME40960/2,ESCITALOPRAM 20 MG X 28 COMPRIMIDOS RECUBIERTOS,ESCITALOPRAM,Escitalopram,COMPRIMIDOS,MEGALABS S.A.,lab_antiguo,cobeca,lab,ESCITALOPRAM TAB 20MG X28 CLX,https://mav.farmaciasaas.com/api/images/articulos/DISTRIBUCION/53635.jpg
38021,ME38504/3,ESCITALOPRAM 10 MG X 30 TABLETAS RECUBIERTAS,ESCITALOPRAM,,TABLETAS,CALOX INTERNATIONAL C.A.,lab_antiguo,cobeca,lab,ESCITALOPRAM TAB 10MG X30 CLEO,https://mav.farmaciasaas.com/api/images/articulos/DISTRIBUCION/25666.jpg
38023,ME41771/3,ESCITALOPRAM 20 MG X 30 TABLETAS RECUBIERTAS,ESCITALOPRAM,Escitalopram,TABLETAS,CALOX INTERNATIONAL C.A.,lab_antiguo,cobeca,lab,ESCITALOPRAM TAB 20MG X 30 LA SANTE,https://mav.farmaciasaas.com/api/images/articulos/DISTRIBUCION/50533.jpg
38025,ME43340,ESCITALOPRAM 5 MG X 30 TABLETAS RECUBIERTAS,ESCITALOPRAM,,TABLETAS,RONALD PHARMACEUTICALS PVT. LTD.,lab_antiguo,cobeca,lab,ESCITALOPRAM TAB 5MG X30 CLEO,https://mav.farmaciasaas.com/api/images/articulos/DISTRIBUCION/25665.jpg
38026,ME43163,ESCITALOPRAM 10 MG X 28 TABLETAS RECUBIERTAS,ESCITALOPRAM,Escitalopram,TABLETAS,RONALD PHARMACEUTICALS PVT. LTD.,lab_antiguo,cobeca,lab,ESCITALOPRAM TAB REC 10MG X28 CLX,https://mav.farmaciasaas.com/api/images/articulos/DISTRIBUCION/22208.jpg
38088,ME36163,FEXOFENADINA CLORHIDRATO 180 MG X 10 TABLETAS RECUBIERTAS,FEXOFENADINA CLORHIDRATO,Fexofenadina,TABLETAS,CALOX INTERNATIONAL C.A.,lab_antiguo,cobeca,lab,FEXOFENADINA CLORHID TAB 180MG X 10 FMED,https://mav.farmaciasaas.com/api/images/articulos/DISTRIBUCION/28713.jpg
38103,ME44088,FLAVOXATO 200 MG X 30 TABLETAS RECUBIERTAS,FLAVOXATO,Flavoxato,TABLETAS,JIANGXI SYNERGY PHARMACEUTICAL CO. LTD,lab_antiguo,cobeca,lab,FLAVOXATO TAB 200MG X30 ANG/H,https://mav.farmaciasaas.com/api/images/articulos/DISTRIBUCION/23673.jpg
38112,ME41686,FLUCON 200 MG X 4 CAPSULAS,FLUCON,Fluconazol,CAPSULAS,MEGALABS S.A.,lab_antiguo,cobeca,lab,FLUCONAZOL CAP 200MG X 4 GENFAR,https://mav.farmaciasaas.com/api/images/articulos/DISTRIBUCION/50070.jpg
38113,HO36216,EXOMAX 200 MG / 100 ML X 1 AMPOLLA,EXOMAX,Fluconazol,INYECTABLE,BAXTER PHARMACEUTICALS INDIA PRIVATE LIMITED,lab_antiguo,cobeca,lab,FLUCONAZOL SOL INY 200MG/100ML BLUE,https://mav.farmaciasaas.com/api/images/articulos/DISTRIBUCION/29940.jpg
38118,ME43904,FLUCONAZOL 200 MG TABLETAS RECUBIERTAS,FLUCONAZOL,Fluconazol,TABLETAS,BOEHRINGER INGELHEIM PHARMA GMBH & CO. KG.,lab_antiguo,cobeca,lab,FLUCONAZOL CAP 200MG X 4 GENFAR,https://mav.farmaciasaas.com/api/images/articulos/DISTRIBUCION/50070.jpg
38119,HO40840,FLUCONAZOL 200 MG / 100 ML SOLUCION INYECTABLE INTRAVENOSA,FLUCONAZOL,Fluconazol,INYECTABLE,VITALIS S.A.C.I.,lab_antiguo,cobeca,lab,FLUCONAZOL SOL INY 200MG/100ML BLUE,https://mav.farmaciasaas.com/api/images/articulos/DISTRIBUCION/29940.jpg
38120,ME42709/2,FLUCONAZOL 150 MG X 2 TABLETAS,FLUCONAZOL,Fluconazol,TABLETAS,MASCOT HEALTH SERIES PVT. LTD.,lab_antiguo,cobeca,lab,FLUCONAZOL CAP 150MG X2 LETI,https://mav.farmaciasaas.com/api/images/articulos/DISTRIBUCION/4546.jpg
38121,ME42709/3,FLUCONAZOL 150 MG X 4 TABLETAS,FLUCONAZOL,Fluconazol,TABLETAS,MASCOT HEALTH SERIES PVT. LTD.,lab_antiguo,cobeca,lab,FLUCONAZOL TAB 150MG X4 ZUZU,https://mav.farmaciasaas.com/api/images/articulos/DISTRIBUCION/52581.jpg
38125,ME43024,FLUNARIZINA 10 MG X 30 TABLETAS RECUBIERTAS,FLUNARIZINA,Flunarizina,TABLETAS,MASCOT HEALTH SERIES PVT. LTD.,lab_antiguo,cobeca,lab,FLUNARIZINA TAB 10MG X30 CCM,https://mav.farmaciasaas.com/api/images/articulos/DISTRIBUCION/53116.jpg
38126,ME31214,FLUOXETINA 20 MG X 14 CAPSULAS,FLUOXETINA,,CAPSULAS,LABORATORIO LA SANTE C.A.,lab_antiguo,cobeca,lab,FLUOXETINA CAP 20MG X14 BIOTECH,https://mav.farmaciasaas.com/api/images/articulos/DISTRIBUCION/3221.jpg
38128,ME28948,FLUOXETINA 20 MG X 28 CAPSULAS,FLUOXETINA,Fluoxetina,CAPSULAS,CALOX INTERNATIONAL C.A.,lab_antiguo,cobeca,lab,FLUOXETINA CAP 20MG X28 PHARME,https://mav.farmaciasaas.com/api/images/articulos/DISTRIBUCION/50927.jpg
38139,HO32365,FUROSEMIDA 20 MG / 2 ML X 3 AMPOLLAS,FUROSEMIDA,Furosemida,INYECTABLE,LABORATORIOS VALMOR C.A.,lab_antiguo,cobeca,lab,FUROSEMIDA AMP 20MG/2ML X 3 DISTRILAB,https://mav.farmaciasaas.com/api/images/articulos/DISTRIBUCION/28787.jpg
38145,ME21300,FUROSEMIDA 40 MG X 24 TABLETAS,FUROSEMIDA,Furosemida,TABLETAS,PRODUCTOS FARMACEUTICOS PARA EL VIVIR VIVIENDO C.A. (PROFARMACOS C.A.),lab_antiguo,cobeca,lab,FUROSEMIDA TAB 40MG X24 MEY,https://mav.farmaciasaas.com/api/images/articulos/DISTRIBUCION/5296.jpg
38147,ME34981/2,GABAPENTINA 300 MG X 14 CAPSULAS,GABAPENTINA,Gabapentina,CAPSULAS,KERN PHARMA S.L.,lab_antiguo,cobeca,lab,GABAPENTINA TAB 300MG X14 CR LATT,https://mav.farmaciasaas.com/api/images/articulos/DISTRIBUCION/23487.jpg
38148,ME34981/3,GABAPENTINA 300 MG X 30 CAPSULAS,GABAPENTINA,Gabapentina,CAPSULAS,KERN PHARMA S.L.,lab_antiguo,cobeca,lab,GABAPENTINA TAB 300MG X30 ANG/H,https://mav.farmaciasaas.com/api/images/articulos/DISTRIBUCION/20432.jpg
38154,HO36306/3,GENTAMICINA 160 MG / 2 ML X 10 AMPOLLAS,GENTAMICINA,Gentamicina,INYECTABLE,VITALIS S.A.C.I.,lab_antiguo,cobeca,lab,GENTAMICINA AMP 160MG/2ML X 10 BLUE/M,https://mav.farmaciasaas.com/api/images/articulos/DISTRIBUCION/30124.jpg
38155,HO36306/2,GENTAMICINA 160 MG / 2 ML X 5 AMPOLLAS,GENTAMICINA,Gentamicina,INYECTABLE,VITALIS S.A.C.I.,lab_antiguo,cobeca,lab,GENTAMICINA SOL INY 160MG/2ML X5 DIST,https://mav.farmaciasaas.com/api/images/articulos/DISTRIBUCION/52502.jpg
38159,ME26275,GLIBENCLAMIDA 5 MG X 30 TABLETAS,GLIBENCLAMIDA,Glibenclamida,TABLETAS,LABORATORIOS VARGAS S.A.,lab_antiguo,cobeca,lab,GLIBENCLAMIDA TAB 5MG X 30 ANGELUS,https://mav.farmaciasaas.com/api/images/articulos/DISTRIBUCION/28525.jpg
38160,ME39843,METFORMINA CLORHIDRATO - GLIBENCLAMIDA 500 MG - 5 MG TABLETAS RECUBIERTAS,METFORMINA CLORHIDRATO - GLIBENCLAMIDA,Glibenclamida,TABLETAS,LEK PHARMACEUTICALS D.D,lab_antiguo,cobeca,lab,METFORMINA CLORH TAB REC 500MG X30 VLM,https://mav.farmaciasaas.com/api/images/articulos/DISTRIBUCION/53309.jpg
38168,ME32878,GLIMEPIRIDA 4 MG TABLETAS,GLIMEPIRIDA,Glimepirida,TABLETAS,LABORATORIO LA SANTE C.A.,lab_antiguo,cobeca,lab,GLIMEPIRIDA COMP 4MG X15 LETI,https://mav.farmaciasaas.com/api/images/articulos/DISTRIBUCION/52338.jpg
38169,ME32727,GLIMERID 2 MG X 30 TABLETAS,GLIMERID,Glimepirida,TABLETAS,LABORATORIO LA SANTE C.A.,lab_antiguo,cobeca,lab,GLIMEPIRIDA TAB 2MG X30 ANG/H,https://mav.farmaciasaas.com/api/images/articulos/DISTRIBUCION/21362.jpg
38177,ME35616,GLYMAR 4 MG X 20 TABLETAS,GLYMAR,Glimepirida,TABLETAS,MEYER PRODUCTOS TERAPEUTICOS S.A.,lab_antiguo,cobeca,lab,GLYMAR TAB 4MG X20 MEY,https://mav.farmaciasaas.com/api/images/articulos/DISTRIBUCION/9456.jpg
38195,ME36980/2,LOSARTAN POTASICO - HIDROCLOROTIAZIDA 100 MG - 25 MG X 10 COMPRIMIDOS RECUB,LOSARTAN POTASICO - HIDROCLOROTIAZIDA,,COMPRIMIDOS,LABORATORIOS VARGAS S.A.,lab_antiguo,cobeca,lab,LOSARTAN/HCT TAB REC 100/25MG X10 PHARME,https://mav.farmaciasaas.com/api/images/articulos/DISTRIBUCION/22228.jpg
38196,ME36980/3,LOSARTAN POTASICO - HIDROCLOROTIAZIDA 100 MG - 25 MG X 30 COMPRIMIDOS RECUB,LOSARTAN POTASICO - HIDROCLOROTIAZIDA,,COMPRIMIDOS,LABORATORIOS VARGAS S.A.,lab_antiguo,cobeca,lab,LOSARTAN HCT TAB REC 100/25MGX30 PHARME,https://mav.farmaciasaas.com/api/images/articulos/DISTRIBUCION/99859.jpg
38216,ME34468,IBUPROFENO 100 MG / 5 ML SUSPENSION,IBUPROFENO,Ibuprofeno,SUSPENSION ORAL,SM PHARMA C.A.,lab_antiguo,cobeca,lab,IBUPROFENO SUSP 100MG/5ML 90ML LETI,https://mav.farmaciasaas.com/api/images/articulos/DISTRIBUCION/99047.jpg
38253,ME36068/3,IRBESARTAN 150 MG X 28 TABLETAS,IRBESARTAN,Irbesartan,TABLETAS,SM PHARMA C.A.,lab_antiguo,cobeca,lab,IRBESARTAN TAB 150 MG X 28 CLX,https://mav.farmaciasaas.com/api/images/articulos/DISTRIBUCION/28781.jpg
38254,ME36068/2,IRBESARTAN 150 MG X 10 TABLETAS,IRBESARTAN,Irbesartan,TABLETAS,SM PHARMA C.A.,lab_antiguo,cobeca,lab,IRBESARTAN TAB 150MG X10 PHARME,https://mav.farmaciasaas.com/api/images/articulos/DISTRIBUCION/94012.jpg
38257,ME35908/2,IRBESARTAN 300 MG X 10 TABLETAS,IRBESARTAN,Irbesartan,TABLETAS,CALOX INTERNATIONAL C.A.,lab_antiguo,cobeca,lab,IRBESARTAN TAB 300MG X10 PHARME,https://mav.farmaciasaas.com/api/images/articulos/DISTRIBUCION/50766.jpg
38261,ME43740,ITRACONAZOL 100 MG X 10 CAPSULAS,ITRACONAZOL,Itraconazol,CAPSULAS,K.A. MALLE PHARMACEUTICALS LTD,lab_antiguo,cobeca,lab,ITRACONAZOL CAP 100MG X10 ALESS,https://mav.farmaciasaas.com/api/images/articulos/DISTRIBUCION/53012.jpg
38276,ME37980,KEPPRA 1000 MG X 30 TABLETAS RECUBIERTAS,KEPPRA,Levetiracetam,TABLETAS,UCB PHARMA S.A.,lab_antiguo,cobeca,lab,KEPPRA TAB 1000MG X 30,https://mav.farmaciasaas.com/api/images/articulos/DISTRIBUCION/28898.jpg
38277,ME37979,KEPPRA 500 MG X 30 TABLETAS RECUBIERTAS,KEPPRA,Levetiracetam,TABLETAS,UCB PHARMA S.A.,lab_antiguo,cobeca,lab,KEPPRA TAB 500MG X 30,https://mav.farmaciasaas.com/api/images/articulos/DISTRIBUCION/28897.jpg
38284,HO35019/2,KETOPROFENO 100 MG / 2 ML X 1 AMPOLLA,KETOPROFENO,Ketoprofeno,INYECTABLE,CALOX INTERNATIONAL C.A.,lab_antiguo,cobeca,lab,KETOPROFENO AMP 100MG X1 COFA,https://mav.farmaciasaas.com/api/images/articulos/DISTRIBUCION/521.jpg
38285,HO35019/3,KETOPROFENO 100 MG / 2 ML X 2 AMPOLLAS,KETOPROFENO,Ketoprofeno,INYECTABLE,CALOX INTERNATIONAL C.A.,lab_antiguo,cobeca,lab,KETOPROFENO AMP 100MG/2ML X2 LETI,https://mav.farmaciasaas.com/api/images/articulos/DISTRIBUCION/5201.jpg
38286,HO35019/4,KETOPROFENO 100 MG / 2 ML X 10 AMPOLLAS,KETOPROFENO,Ketoprofeno,INYECTABLE,CALOX INTERNATIONAL C.A.,lab_antiguo,cobeca,lab,KETOPROFENO AMP IV/IM 100MG X10 TIAR,https://mav.farmaciasaas.com/api/images/articulos/DISTRIBUCION/26418.jpg
38296,HO42668/3,KETOROLACO TROMETAMOL 30 MG / ML X 10 AMPOLLAS,KETOROLACO TROMETAMOL,Ketorolaco,INYECTABLE,LABORATORIO BIOSANO S.A.,lab_antiguo,cobeca,lab,KETOROLACO AMP 30MG/1ML X 10 CR GM,https://mav.farmaciasaas.com/api/images/articulos/DISTRIBUCION/29479.jpg
38298,HO42686,KETOROLACO TROMETAMINA 30 MG / ML X 3 AMPOLLAS,KETOROLACO TROMETAMINA,,INYECTABLE,CADILA PHARMACEUTICALS LIMITED,lab_antiguo,cobeca,lab,KETOROLACO SOL INY 30MG/ML X3 CR CCM,https://mav.farmaciasaas.com/api/images/articulos/DISTRIBUCION/27131.jpg
38299,ME36886,KETOROLAC TROMETAMINA 20 MG X 10 COMPRIMIDOS,KETOROLAC TROMETAMINA,,COMPRIMIDOS,LABORATORIOS SPEFAR VENEZOLANOS S.A.,lab_antiguo,cobeca,lab,KETOROLACO TROMETAMINA TAB 20MG X10 FMED,https://mav.farmaciasaas.com/api/images/articulos/DISTRIBUCION/51770.jpg
38311,ME42689,LAMOTRIGINA 100 MG X 30 TABLETAS RECUBIERTAS,LAMOTRIGINA,Lamotrigina,TABLETAS,COOPER PHARMA LTD,lab_antiguo,cobeca,lab,LAMOTRIGINA TAB 100MG X30 CR LATT,https://mav.farmaciasaas.com/api/images/articulos/DISTRIBUCION/23029.jpg
38312,ME44647,LAMOTRIGINA 100 MG X 28 TABLETAS DE LIBERACION PROLONGADA,LAMOTRIGINA,Lamotrigina,TABLETAS,ZYDUS LIFESCIENCIES LIMITED,lab_antiguo,cobeca,lab,LAMOTRIGINA TAB AD 100MG X28 CR CCM,https://mav.farmaciasaas.com/api/images/articulos/DISTRIBUCION/20096.jpg
38324,ME44311,LERCANIDIPNO 20 MG X 30 TABLETAS RECUBIERTAS,LERCANIDIPNO,Lercanidipino,TABLETAS,AXA PARENTERALS LTD,lab_antiguo,cobeca,lab,LERCANIDIPINO TAB REC 20MG X30 CLX,https://mav.farmaciasaas.com/api/images/articulos/DISTRIBUCION/51324.jpg
38328,ME37661,LETROZOL 2.5 MG X 30 TABLETAS RECUBIERTAS,LETROZOL,Letrozol,TABLETAS,INTAS PHARMACEUTICAS LTD. INDIA,lab_antiguo,cobeca,lab,"LETROZOL TAB REC 2,5MG X30 CR MT",https://mav.farmaciasaas.com/api/images/articulos/DISTRIBUCION/53401.jpg
38331,ME43729,LEVETIRACETAM 500 MG X 30 TABLETAS RECUBIERTAS,LEVETIRACETAM,Levetiracetam,TABLETAS,SG HEALTHCARE PVT. LTD.,lab_antiguo,cobeca,lab,LEVETIRACETAM TAB REC 500MG X30 CLEO,https://mav.farmaciasaas.com/api/images/articulos/DISTRIBUCION/25661.jpg
38332,HO37449,LEVOFLOXACINA 500 MG / 100 ML SOLUCION PARA INFUSION INTRAVENOSA,LEVOFLOXACINA,Levofloxacino,INYECTABLE,EUROFARMA LABORATORIOS S.A.,lab_antiguo,cobeca,lab,LEVOFLOXACINA INF INY 500MG/100ML CRDIST,https://mav.farmaciasaas.com/api/images/articulos/DISTRIBUCION/21338.jpg
38335,ME43531/2,LEVOFLOXACINA 750 MG X 5 TABLETAS RECUBIERTAS,LEVOFLOXACINA,Levofloxacino,TABLETAS,ANG LIFESCIENCES INDIA LTD,lab_antiguo,cobeca,lab,LEVOFLOXACINA TAB 750MG X5 CLX,https://mav.farmaciasaas.com/api/images/articulos/DISTRIBUCION/19718.jpg
38337,ME43531/4,LEVOFLOXACINA 750 MG X 10 TABLETAS RECUBIERTAS,LEVOFLOXACINA,Levofloxacino,TABLETAS,ANG LIFESCIENCES INDIA LTD,lab_antiguo,cobeca,lab,LEVOFLOXACINA TAB REC 750MG X10 CR DIST,https://mav.farmaciasaas.com/api/images/articulos/DISTRIBUCION/24415.jpg
38338,ME35920/3,LEVOFLOXACINA 500 MG X 10 TABLETAS RECUBIERTAS,LEVOFLOXACINA,Levofloxacino,TABLETAS,PROCAPS S.A.,lab_antiguo,cobeca,lab,LEVOFLOXACINA TAB REC 500MG X10 BIU,https://mav.farmaciasaas.com/api/images/articulos/DISTRIBUCION/26132.jpg
38339,ME35920/2,LEVOFLOXACINA 500 MG X 7 TABLETAS RECUBIERTAS,LEVOFLOXACINA,Levofloxacino,TABLETAS,PROCAPS S.A.,lab_antiguo,cobeca,lab,LEVOFLOXACINA TAB REC 500MG X7 PHARME,https://mav.farmaciasaas.com/api/images/articulos/DISTRIBUCION/24405.jpg
38340,ME38925/3,LEVOFLOXACINO 500 MG X 7 TABLETAS RECUBIERTAS,LEVOFLOXACINO,Levofloxacino,TABLETAS,LABORATORIOS KIMICEG C.A.,lab_antiguo,cobeca,lab,LEVOFLOXACINO TAB 500MG X7 CR CCM,https://mav.farmaciasaas.com/api/images/articulos/DISTRIBUCION/20100.jpg
38342,ME38925/2,LEVOFLOXACINO 500 MG X 5 TABLETAS RECUBIERTAS,LEVOFLOXACINO,Levofloxacino,TABLETAS,LABORATORIOS KIMICEG C.A.,lab_antiguo,cobeca,lab,LEVOFLOXACINO TAB REC 500MG X5 ADN,https://mav.farmaciasaas.com/api/images/articulos/DISTRIBUCION/53252.jpg
38343,ME38926,LEVOFLOXACINO 750 MG X 5 TABLETAS RECUBIERTAS,LEVOFLOXACINO,Levofloxacino,TABLETAS,LABORATORIOS KIMICEG C.A.,lab_antiguo,cobeca,lab,LEVOFLOXACINO TAB REC 750MG X5 ADN,https://mav.farmaciasaas.com/api/images/articulos/DISTRIBUCION/53251.jpg
38344,ME43297,LEVONORGESTREL 1.5 MG X 1 TABLETA RECUBIERTA,LEVONORGESTREL,Levonorgestrel,TABLETAS,SYNOKEM PHARMACEUTICALS LIMITED,lab_antiguo,cobeca,lab,"LEVONORGESTREL TAB 1,5MG X1 GEAG",https://mav.farmaciasaas.com/api/images/articulos/DISTRIBUCION/50305.jpg
38349,ME42576/2,LEVOTIROXINA SODICA 100 MCG X 10 TABLETAS,LEVOTIROXINA SODICA,Levotiroxina,TABLETAS,MACLEODS PHARMACEUTICALS LTD,lab_antiguo,cobeca,lab,LEVOTIROXINA SOD TAB 100MCG X10 CR DIST,https://mav.farmaciasaas.com/api/images/articulos/DISTRIBUCION/22840.jpg
38350,ME42576/3,LEVOTIROXINA SODICA 100 MCG X 50 TABLETAS,LEVOTIROXINA SODICA,Levotiroxina,TABLETAS,MACLEODS PHARMACEUTICALS LTD,lab_antiguo,cobeca,lab,LEVOTIROXINA SOD TAB 100MCG X50 CR DIST,https://mav.farmaciasaas.com/api/images/articulos/DISTRIBUCION/54490.jpg
38351,ME43141,LEVOTIROXINA SODICA 50 MCG X 50 TABLETAS,LEVOTIROXINA SODICA,Levotiroxina,TABLETAS,HIRAL LABS LIMITED,lab_antiguo,cobeca,lab,LEVOTIROXINA SOD TAB 50MCG X50 ALESS,https://mav.farmaciasaas.com/api/images/articulos/DISTRIBUCION/21408.jpg
38353,HO32824,LIDOCAINA - EPINEFRINA 2 % - 1:50.000 SOLUCION INYECTABLE,LIDOCAINA - EPINEFRINA,,INYECTABLE,EMPRESA LABORATORIOS AICA,lab_antiguo,cobeca,lab,LIDOCAINA AMP 2%/2ML INTRAD X5 GMEDIC,https://mav.farmaciasaas.com/api/images/articulos/DISTRIBUCION/29478.jpg
38378,ME40887,LOPERAMIDA 2 MG X 10 TABLETAS,LOPERAMIDA,Loperamida,TABLETAS,SM PHARMA C.A.,lab_antiguo,cobeca,lab,LOPERAMIDA CAP 2MG X10 GEAG,https://mav.farmaciasaas.com/api/images/articulos/DISTRIBUCION/25399.jpg
38379,ME43709,LOPERAMIDA 2 MG X 100 COMPRIMIDOS,LOPERAMIDA,Loperamida,COMPRIMIDOS,LABORATORIOS SPEFAR VENEZOLANOS S.A.,lab_antiguo,cobeca,lab,LOPERAMIDA TAB 2MG X100 PORTU,https://mav.farmaciasaas.com/api/images/articulos/DISTRIBUCION/25013.jpg
38382,ME30034,LORATADINA 1 MG / ML JARABE,LORATADINA,Loratadina,JARABE,LABORATORIOS SPEFAR VENEZOLANOS S.A.,lab_antiguo,cobeca,lab,LORATADINA SOL ORAL PED 1MG/ML 60ML L.O,https://mav.farmaciasaas.com/api/images/articulos/DISTRIBUCION/51011.jpg
38384,ME27529/3,LORATADINA 10 MG X 20 TABLETAS,LORATADINA,Loratadina,TABLETAS,CALOX INTERNATIONAL C.A.,lab_antiguo,cobeca,lab,LORATADINA TAB 10MG X20 PHARME,https://mav.farmaciasaas.com/api/images/articulos/DISTRIBUCION/99082.jpg
38386,ME28201,LORATADINA 5 MG / 5 ML JARABE,LORATADINA,Loratadina,JARABE,GENVEN GENERICOS VENEZOLANOS S.A.,lab_antiguo,cobeca,lab,LORATADINA SUSP 5MG/5ML 60ML BUKA,https://mav.farmaciasaas.com/api/images/articulos/DISTRIBUCION/23709.jpg
38388,ME39177,LORATADINA 10 MG X 10 TABLETAS,LORATADINA,,TABLETAS,LABORATORIOS ALFA C X A,lab_antiguo,cobeca,lab,LORATADINA TAB 10MG X10 CLX,https://mav.farmaciasaas.com/api/images/articulos/DISTRIBUCION/9653.jpg
38390,ME42490,LORATADINA - BETAMETASONA 5 MG - 0.25 MG COMPRIMIDOS,LORATADINA - BETAMETASONA,Betametasona - Loratadina,COMPRIMIDOS,LABORATORIOS SPEFAR VENEZOLANOS S.A.,lab_antiguo,cobeca,lab,"LORATADINA/BETAMET TAB 5/0,25MG X10 GEAG",https://mav.farmaciasaas.com/api/images/articulos/DISTRIBUCION/24984.jpg
38397,ME29469/3,LOSARTAN POTASICO 50 MG X 20 COMPRIMIDOS RECUBIERTOS,LOSARTAN POTASICO,Losartan,COMPRIMIDOS,LABORATORIOS LETI S.A.V.,lab_antiguo,cobeca,lab,LOSARTAN POTA TAB REC 50MG X20 KIMIC,https://mav.farmaciasaas.com/api/images/articulos/DISTRIBUCION/92637.jpg
38398,ME36979,LOSARTAN POTASICO - HIDROCLOROTIAZIDA 50 MG - 12.5 MG COMPRIMIDOS RECU,LOSARTAN POTASICO - HIDROCLOROTIAZIDA,,COMPRIMIDOS,LABORATORIOS VARGAS S.A.,lab_antiguo,cobeca,lab,"LOSARTAN/HCT TAB 50MG/12,5MG X30 ANG/H",https://mav.farmaciasaas.com/api/images/articulos/DISTRIBUCION/20434.jpg
38399,ME37542/2,LOSARTAN POTASICO - HIDROCLOROTIAZIDA 100 MG - 25 MG X 10 TABLETAS RECUBIERTAS,LOSARTAN POTASICO - HIDROCLOROTIAZIDA,Hidroclorotiazida - Losartan,TABLETAS,LABORATORIO LA SANTE C.A.,lab_antiguo,cobeca,lab,LOSARTAN/HCT TAB REC 100/25MG X10 PHARME,https://mav.farmaciasaas.com/api/images/articulos/DISTRIBUCION/22228.jpg
38402,ME35402/3,LOSARTAN POTASICO - HIDROCLOROTIAZIDA 50 MG - 12.5 MG X 30 COMPRIMIDOS RECU,LOSARTAN POTASICO - HIDROCLOROTIAZIDA,,COMPRIMIDOS,LABORATORIO CHILE S.A.,lab_antiguo,cobeca,lab,"LOSARTAN/HCT TAB 50MG/12,5MG X30 ANG/H",https://mav.farmaciasaas.com/api/images/articulos/DISTRIBUCION/20434.jpg
38403,ME35402/2,LOSARTAN POTASICO - HIDROCLOROTIAZIDA 50 MG - 12.5 MG X 15 COMPRIMIDOS RECU,LOSARTAN POTASICO - HIDROCLOROTIAZIDA,,COMPRIMIDOS,LABORATORIO CHILE S.A.,lab_antiguo,cobeca,lab,"LOSARTAN/HCT TAB 50/12,5MG X15 PHARME",https://mav.farmaciasaas.com/api/images/articulos/DISTRIBUCION/90067.jpg
38405,ME36110/2,LOSARTAN POTASICO - HIDROCLOROTIZADA 100 MG - 25 MG X 10 TABLETAS RECUBIERTAS,LOSARTAN POTASICO - HIDROCLOROTIZADA,Hidroclorotiazida - Losartan,TABLETAS,CALOX INTERNATIONAL C.A.,lab_antiguo,cobeca,lab,LOSARTAN/HCT TAB REC 100/25MG X10 PHARME,https://mav.farmaciasaas.com/api/images/articulos/DISTRIBUCION/22228.jpg
38407,ME31205/2,LOSARTAN POTASICO 50 MG X 10 TABLETAS RECUBIERTAS,LOSARTAN POTASICO,Losartan,TABLETAS,LABORATORIOS KIMICEG C.A.,lab_antiguo,cobeca,lab,LOSARTAN POTA COMP 50MG X10 LETI,https://mav.farmaciasaas.com/api/images/articulos/DISTRIBUCION/3399.jpg
38422,ME38235,GLETOP 20 MG X 60 TABLETAS CON CUBIERTA ENTERICA,GLETOP,Esomeprazol Magnesio Trihidrato,TABLETAS,GLENMARK PHARMACEUTICALS LIMITED,lab_antiguo,cobeca,lab,MAGNESIO GLICINATO CAP X60 ARC IRIS,https://mav.farmaciasaas.com/api/images/articulos/DISTRIBUCION/27004.jpg
38430,ME41135,MATERNAVIT X 30 CAPSULAS BLANDAS,MATERNAVIT X,,CAPSULAS,LAMBO LABORATORIA N.V,lab_antiguo,cobeca,lab,MATERNAVIT CAP BLD X30 MDF,https://mav.farmaciasaas.com/api/images/articulos/DISTRIBUCION/13652.jpg
38434,ME43537/2,MEDROXIPROGESTERONA 10 MG X 10 TABLETAS,MEDROXIPROGESTERONA,Medroxiprogesterona,TABLETAS,ACCENT PHARMACEUTICALS & DIAGNOSTICS,lab_antiguo,cobeca,lab,MEDROXIPROGESTERONA TAB 10MG X10 KMP,https://mav.farmaciasaas.com/api/images/articulos/DISTRIBUCION/53471.jpg
38438,ME33048,MELOXICAM 15 MG X 10 TABLETAS,MELOXICAM,Meloxicam,TABLETAS,CALOX INTERNATIONAL C.A.,lab_antiguo,cobeca,lab,MELOXICAM TAB 15MG X 10 ANGELUS,https://mav.farmaciasaas.com/api/images/articulos/DISTRIBUCION/28529.jpg
38441,ME30976,MELOXICAM 7.5 MG X 10 TABLETAS,MELOXICAM,Meloxicam,TABLETAS,LABORATORIOS KIMICEG C.A.,lab_antiguo,cobeca,lab,"MELOXICAM TAB 7,5MG X10 PHARME",https://mav.farmaciasaas.com/api/images/articulos/DISTRIBUCION/1986.jpg
38442,ME43017/2,MEMANTINA CLORHIDRATO 10 MG X 10 TABLETAS RECUBIERTAS,MEMANTINA CLORHIDRATO,Memantina,TABLETAS,MACLEODS PHARMACEUTICALS LTD,lab_antiguo,cobeca,lab,MEMANTINA TAB 10MG X10 FMED,https://mav.farmaciasaas.com/api/images/articulos/DISTRIBUCION/50985.jpg
38443,ME43017/4,MEMANTINA CLORHIDRATO 10 MG X 28 TABLETAS RECUBIERTAS,MEMANTINA CLORHIDRATO,Memantina,TABLETAS,MACLEODS PHARMACEUTICALS LTD,lab_antiguo,cobeca,lab,MEMANTINA TAB 10MG X28 CR CCM,https://mav.farmaciasaas.com/api/images/articulos/DISTRIBUCION/22396.jpg
38444,ME43017/3,MEMANTINA CLORHIDRATO 10 MG X 14 TABLETAS RECUBIERTAS,MEMANTINA CLORHIDRATO,Memantina,TABLETAS,MACLEODS PHARMACEUTICALS LTD,lab_antiguo,cobeca,lab,MEMANTINA TAB REC 10MG X14 BIU,https://mav.farmaciasaas.com/api/images/articulos/DISTRIBUCION/26136.jpg
38446,MI4470,FRICSOL 10 % - 10 % LINIMENTO,FRICSOL,Mentol - Salicilato Metilo,UNGUENTO,LABORATORIOS FARMA S.A.,lab_antiguo,cobeca,lab,MENTOL UNG 25G LYA,https://mav.farmaciasaas.com/api/images/articulos/DISTRIBUCION/25460.jpg
38447,HO34365,MEROPENEM 1 G X 10 AMPOLLAS,MEROPENEM,Meropenem,INYECTABLE,VITALIS S.A.C.I.,lab_antiguo,cobeca,lab,MEROPENEM AMP 1G X10 CR DIST,https://mav.farmaciasaas.com/api/images/articulos/DISTRIBUCION/26005.jpg
38448,HO42154,MEROPENEM 1 G - 0.5 G X 1 AMPOLLA,MEROPENEM,,INYECTABLE,REYOUNG PHARMACEUTICAL CO. LTD,lab_antiguo,cobeca,lab,"MEROPENEM PVO SOL INY 0,5G VIAL X1 DIST",https://mav.farmaciasaas.com/api/images/articulos/DISTRIBUCION/51939.jpg
38452,ME37735,CLORHIDRATO DE METFORMINA 500 MG X 30 TABLETAS RECUBIERTAS,CLORHIDRATO DE METFORMINA,Metformina,TABLETAS,EMPRESA LABORATORIOS MEDSOL,lab_antiguo,cobeca,lab,METFORMINA TAB 500MG X30 ANG/H,https://mav.farmaciasaas.com/api/images/articulos/DISTRIBUCION/20433.jpg
38456,ME42410,METFORMINA CLORHIDRATO 1000 MG X 30 TABLETAS RECUBIERTAS,METFORMINA CLORHIDRATO,Metformina,TABLETAS,LEK PHARMACEUTICALS D.D,lab_antiguo,cobeca,lab,METFORMINA TAB LP 1000MG X30 CR LATT,https://mav.farmaciasaas.com/api/images/articulos/DISTRIBUCION/52951.jpg
38458,ME36815,METFORMINA 500 MG X 30 TABLETAS RECUBIERTAS,METFORMINA,,TABLETAS,AUROBINDO PHARMA LIMITED,lab_antiguo,cobeca,lab,METFORMINA TAB 500MG X30 ANG/H,https://mav.farmaciasaas.com/api/images/articulos/DISTRIBUCION/20433.jpg
38460,ME37538,METFORMINA CLORHIDRATO 500 MG X 30 TABLETAS RECUBIERTAS,METFORMINA CLORHIDRATO,Metformina,TABLETAS,BAROQUE PHARMACEUTICALS PVT. LTD.,lab_antiguo,cobeca,lab,METFORMINA TAB 500MG X30 ANG/H,https://mav.farmaciasaas.com/api/images/articulos/DISTRIBUCION/20433.jpg
38461,ME32508/3,METFORMINA CLORHIDRATO 850 MG X 30 TABLETAS,METFORMINA CLORHIDRATO,,TABLETAS,CALOX INTERNATIONAL C.A.,lab_antiguo,cobeca,lab,METFORMINA TAB 850MG X 30 ANGELUS,https://mav.farmaciasaas.com/api/images/articulos/DISTRIBUCION/28530.jpg
38464,ME42625,METFORMINA CLORHIDRATO 1000 MG X 30 TABLETAS RECUBIERTAS,METFORMINA CLORHIDRATO,,TABLETAS,FLAMINGO PHARMACEUTICALS LTD,lab_antiguo,cobeca,lab,METFORMINA TAB LP 1000MG X30 CR LATT,https://mav.farmaciasaas.com/api/images/articulos/DISTRIBUCION/52951.jpg
38465,ME40568,SITAGLIPTINA -METFORMINA CLORHIDRATO 50 MG-500 MG X 30 COMPRIMIDOS,SITAGLIPTINA -METFORMINA CLORHIDRATO,,COMPRIMIDOS,LABORATORIOS LETI S.A.V.,lab_antiguo,cobeca,lab,SITAGLIPTINA METF TAB 50/500MG X30 ANG/H,https://mav.farmaciasaas.com/api/images/articulos/DISTRIBUCION/23675.jpg
38467,HO44684,METOCLOPRAMIDA 10 MG / 2 ML X 3 AMPOLLAS,METOCLOPRAMIDA,Metoclopramida,INYECTABLE,CASA DE REPRESENTACIONES JMW C.A.,lab_antiguo,cobeca,lab,METOCLOPRAMIDA AMP 10MG/2ML X3 DISTRILAB,https://mav.farmaciasaas.com/api/images/articulos/DISTRIBUCION/28789.jpg
38469,ME36811,METOCLOPRAMIDA 10 MG X 10 TABLETAS,METOCLOPRAMIDA,Metoclopramida,TABLETAS,CORPORACION INFARMASA S.A.,lab_antiguo,cobeca,lab,METOCLOPRAMIDA TAB 10MG X10 VIN,https://mav.farmaciasaas.com/api/images/articulos/DISTRIBUCION/26729.jpg
38472,ME29532/3,METREN 500 MG X 15 CAPSULAS BLANDAS VAGINALES,METREN,Metronidazol,CAPSULAS,LABORATORIOS SIEGFRIED S.A.,lab_antiguo,cobeca,lab,METRONIDAZOL INF IV 500MG/100ML GLOB MED,https://mav.farmaciasaas.com/api/images/articulos/DISTRIBUCION/29802.jpg
38475,ME42520,METRONIDAZOL 0.75 % GEL,METRONIDAZOL,Metronidazol,GEL,LABORATORIOS SPEFAR VENEZOLANOS S.A.,lab_antiguo,cobeca,lab,METRONIDAZOL INF IV 500MG/100ML GLOB MED,https://mav.farmaciasaas.com/api/images/articulos/DISTRIBUCION/29802.jpg
38476,HO42390,METRONIDAZOL 500 MG / 100 ML SOLUCION PARA INFUSION.,METRONIDAZOL,,INYECTABLE,SHANDONG SHENGLU PHARMACEUTICAL CO. LTD,lab_antiguo,cobeca,lab,METRONIDAZOL SOL INY 500MG/100ML IPS,https://mav.farmaciasaas.com/api/images/articulos/DISTRIBUCION/21360.jpg
38477,ME42530,METRONIDAZOL 500 MG X 10 OVULOS VAGINALES,METRONIDAZOL,Metronidazol,OVULOS,BLISS GVS PHARMA LTD,lab_antiguo,cobeca,lab,METRONIDAZOL OVU 500MG X10 ALESS,https://mav.farmaciasaas.com/api/images/articulos/DISTRIBUCION/21032.jpg
38478,HO33361,METRONIDAZOL 500 MG / 100 ML SOLUCION PARA INFUSION INTRAVENOSA,METRONIDAZOL,Metronidazol,INYECTABLE,LABORATORIO BIOGALENIC C.A.,lab_antiguo,cobeca,lab,METRONIDAZOL SOL INY 500MG/100ML IPS,https://mav.farmaciasaas.com/api/images/articulos/DISTRIBUCION/21360.jpg
38482,ME28549/3,METRONIDAZOL 500 MG X 30 TABLETAS,METRONIDAZOL,Metronidazol,TABLETAS,LABORATORIO LA SANTE C.A.,lab_antiguo,cobeca,lab,METRONIDAZOL TAB 500MG X30 ANG/H,https://mav.farmaciasaas.com/api/images/articulos/DISTRIBUCION/21370.jpg
38483,ME43038,METRONIDAZOL 500 MG X 30 TABLETAS,METRONIDAZOL,Metronidazol,TABLETAS,JIANGXI XIER KANGTAI PHARMACEUTICAL CO. LTD,lab_antiguo,cobeca,lab,METRONIDAZOL TAB 500MG X30 ANG/H,https://mav.farmaciasaas.com/api/images/articulos/DISTRIBUCION/21370.jpg
38484,ME43956,METRONIDAZOL - MICONAZOL 750 MG - 200 MG X 6 OVULOS,METRONIDAZOL - MICONAZOL,Metronidazol - Miconazol,OVULOS,BLISS GVS PHARMA LTD,lab_antiguo,cobeca,lab,METRONIDAZOL/MICON OVU 750/200MG X6 TIAR,https://mav.farmaciasaas.com/api/images/articulos/DISTRIBUCION/26405.jpg
38487,ME34758,MICROSER 16 MG X 20 TABLETAS,MICROSER,Betahistina,TABLETAS,TECNANDINA S.A.,lab_antiguo,cobeca,lab,BETAHISTINA TAB 16MG X20 FMED,https://mav.farmaciasaas.com/api/images/articulos/DISTRIBUCION/51762.jpg
38497,ME43809,VERNATE 0.05 % CREMA,VERNATE,Clobetasol Propionato,CREMA,BIOTECH LABORATORIOS C.A.,lab_antiguo,cobeca,lab,"CLOBETASOL PROPIONAT CREM 0,05% 20G CLX",https://mav.farmaciasaas.com/api/images/articulos/DISTRIBUCION/90441.jpg
38498,ME43124,MIRTAZAPINA 15 MG X 30 TABLETAS RECUBIERTAS,MIRTAZAPINA,Mirtazapina,TABLETAS,RONALD PHARMACEUTICALS PVT. LTD.,lab_antiguo,cobeca,lab,MIRTAZAPINA TAB 15MG X30 CLEO,https://mav.farmaciasaas.com/api/images/articulos/DISTRIBUCION/25667.jpg
38499,ME37308,MIRTAZAPINA 30 MG X 30 TABLETAS RECUBIERTAS,MIRTAZAPINA,Mirtazapina,TABLETAS,NOVARTIS LIMITED . BANGLADESH,lab_antiguo,cobeca,lab,MIRTAZAPINA TAB 30MG X30 CLX,https://mav.farmaciasaas.com/api/images/articulos/DISTRIBUCION/51322.jpg
38506,ME35286,MONTELUKAST 5 MG X 30 TABLETAS MASTICABLES,MONTELUKAST,Montelukast,TABLETAS,CALOX INTERNATIONAL C.A.,lab_antiguo,cobeca,lab,MONTELUKAST TAB MAST PED 5MG X30 L.O,https://mav.farmaciasaas.com/api/images/articulos/DISTRIBUCION/92814.jpg
38516,ME37148,MOXIFLOXACINA 400 MG X 7 TABLETAS RECUBIERTAS,MOXIFLOXACINA,Moxifloxacino,TABLETAS,LABORATORIO LA SANTE C.A.,lab_antiguo,cobeca,lab,MOXIFLOXACINA TAB REC 400MG X7 PHARME,https://mav.farmaciasaas.com/api/images/articulos/DISTRIBUCION/90066.jpg
38517,ME36486,MOXIFLOXACINA 400 MG X 10 COMPRIMIDOS RECUBIERTOS,MOXIFLOXACINA,Moxifloxacino,COMPRIMIDOS,SM PHARMA C.A.,lab_antiguo,cobeca,lab,MOXIFLOXACINA TAB 400MG X10 CR BEL,https://mav.farmaciasaas.com/api/images/articulos/DISTRIBUCION/25226.jpg
38531,ME34793,NAPROXENO 250 MG X 10 TABLETAS,NAPROXENO,Naproxeno,TABLETAS,EMPRESA LABORATORIOS MEDSOL,lab_antiguo,cobeca,lab,NAPROXENO COMP 250MG X10 CCM,https://mav.farmaciasaas.com/api/images/articulos/DISTRIBUCION/53117.jpg
38534,ME31384/5,NEFROTAL H 50 MG - 12.5 MG X 30 COMPRIMIDOS RECUBIERTOS,NEFROTAL H,Hidroclorotiazida - Losartan,COMPRIMIDOS,MEGALABS S.A.,lab_antiguo,cobeca,lab,"HIDROCLOROTIAZIDA TAB 12,5MG X30 PHARME",https://mav.farmaciasaas.com/api/images/articulos/DISTRIBUCION/53195.jpg
38535,ME31384/4,NEFROTAL H 50 MG - 12.5 MG X 15 COMPRIMIDOS RECUBIERTOS,NEFROTAL H,Hidroclorotiazida - Losartan,COMPRIMIDOS,MEGALABS S.A.,lab_antiguo,cobeca,lab,"LOSARTAN/HCT TAB 50/12,5MG X15 PHARME",https://mav.farmaciasaas.com/api/images/articulos/DISTRIBUCION/90067.jpg
38536,ME31384/2,NEFROTAL H 50 MG - 12.5 MG X 10 COMPRIMIDOS RECUBIERTOS,NEFROTAL H,Hidroclorotiazida - Losartan,COMPRIMIDOS,MEGALABS S.A.,lab_antiguo,cobeca,lab,"LOSARTAN POTA/HCT 50/12,5MG X10 KIMIC",https://mav.farmaciasaas.com/api/images/articulos/DISTRIBUCION/93777.jpg
38552,ME28779,NIFEDIPINA 10 MG X 14 CAPSULAS,NIFEDIPINA,Nifedipino,CAPSULAS,LABORATORIO LA SANTE C.A.,lab_antiguo,cobeca,lab,NIFEDIPINA CAP 10MG X14 PHARME,https://mav.farmaciasaas.com/api/images/articulos/DISTRIBUCION/27546.jpg
38562,ME43051/3,NITROFURANTOINA 100 MG X 300 TABLETAS RECUBIERTAS,NITROFURANTOINA,Nitrofurantoina,TABLETAS,RONALD PHARMACEUTICALS PVT. LTD.,lab_antiguo,cobeca,lab,NITROFURANTOINA CAP 100MG X300 LAPROFF,https://mav.farmaciasaas.com/api/images/articulos/DISTRIBUCION/51871.jpg
38563,ME43051/2,NITROFURANTOINA 100 MG X 10 TABLETAS RECUBIERTAS,NITROFURANTOINA,Nitrofurantoina,TABLETAS,RONALD PHARMACEUTICALS PVT. LTD.,lab_antiguo,cobeca,lab,NITROFURANTOINA TAB 100MG X10 CLEO,https://mav.farmaciasaas.com/api/images/articulos/DISTRIBUCION/25663.jpg
38564,ME44220/2,NITROFURANTOINA 50 MG X 10 TABLETAS RECUBIERTAS,NITROFURANTOINA,,TABLETAS,CALOX INTERNATIONAL C.A.,lab_antiguo,cobeca,lab,NITROFURANTOINA TAB 50MG X10 KMP,https://mav.farmaciasaas.com/api/images/articulos/DISTRIBUCION/53552.jpg
38566,ME34437,NITROFURAZONA 0.2 % CREMA,NITROFURAZONA,Nitrofurazona,CREMA,EMPRESA LABORATORIO FARMACEUTICO ROBERTO ESCUDERO UNIDAD EMPRESARIAL DE BASE (UEB) PRODUCCION DE SEMISOLIDOS,lab_antiguo,cobeca,lab,"NITROFURAZONA UNG 0,2MG 30G HM",https://mav.farmaciasaas.com/api/images/articulos/DISTRIBUCION/52434.jpg
38581,ME43411,PREDNISOLONA ACETATO 1 % SUSPENSION OFTALMICA,PREDNISOLONA ACETATO,,SUSPENSION ORAL,LABORATORIOS L.O. OFTALMI C.A.,lab_antiguo,cobeca,lab,PREDNISOLONA SOL ORAL 3MG/ML 60ML DAC,https://mav.farmaciasaas.com/api/images/articulos/DISTRIBUCION/53054.jpg
38586,ME42964,OLANZAPINA 5 MG X 30 TABLETAS ORODISPERSABLES,OLANZAPINA,Olanzapina,TABLETAS,PSICOFARMA S.A. DE C.V,lab_antiguo,cobeca,lab,OLANZAPINA TAB 5MG X30 CLEO,https://mav.farmaciasaas.com/api/images/articulos/DISTRIBUCION/25670.jpg
38589,ME40904,OLMESARTAN MEDOXOMIL 40 MG - HIDROLOCOTIAZIDA 12.5 MG X 30 TABLETAS RECUBIERTAS,OLMESARTAN MEDOXOMIL,,TABLETAS,LABORATORIO LA SANTE C.A.,lab_antiguo,cobeca,lab,OLMESARTAN MEDOXOMIL COMP/REC 40MG X 30,https://mav.farmaciasaas.com/api/images/articulos/DISTRIBUCION/99045.jpg
38590,ME42752/2,OLMESARTAN MEDOXOMILO 20 MG X 10 TABLETAS RECUBIERTAS,OLMESARTAN MEDOXOMILO,Olmesartan Medoxomilo,TABLETAS,SYNOKEM PHARMACEUTICALS LIMITED,lab_antiguo,cobeca,lab,OLMESARTAN MEDO TAB 20MG X10 PHARME,https://mav.farmaciasaas.com/api/images/articulos/DISTRIBUCION/18568.jpg
38591,ME42752/3,OLMESARTAN MEDOXOMILO 20 MG X 30 TABLETAS RECUBIERTAS,OLMESARTAN MEDOXOMILO,Olmesartan Medoxomilo,TABLETAS,SYNOKEM PHARMACEUTICALS LIMITED,lab_antiguo,cobeca,lab,OLMESARTAN MEDOXOMIL COM/REC 20MG X 30,https://mav.farmaciasaas.com/api/images/articulos/DISTRIBUCION/99097.jpg
38592,ME40779,OLMESARTAN MEDOXOMIL 20 MG X 30 TABLETAS RECUBIERTAS,OLMESARTAN MEDOXOMIL,,TABLETAS,LABORATORIO LA SANTE C.A.,lab_antiguo,cobeca,lab,OLMESARTAN MEDOXOMIL COM/REC 20MG X 30,https://mav.farmaciasaas.com/api/images/articulos/DISTRIBUCION/99097.jpg
38593,ME42751/2,OLMESARTAN MEDOXOMILO 40 MG X 10 TABLETAS RECUBIERTAS,OLMESARTAN MEDOXOMILO,Olmesartan Medoxomilo,TABLETAS,SYNOKEM PHARMACEUTICALS LIMITED,lab_antiguo,cobeca,lab,OLMESARTAN MEDO TAB 40MG X10 PHARME,https://mav.farmaciasaas.com/api/images/articulos/DISTRIBUCION/18584.jpg
38594,ME42751/3,OLMESARTAN MEDOXOMILO 40 MG X 30 TABLETAS RECUBIERTAS,OLMESARTAN MEDOXOMILO,Olmesartan Medoxomilo,TABLETAS,SYNOKEM PHARMACEUTICALS LIMITED,lab_antiguo,cobeca,lab,OLMESARTAN MEDOXOMIL COMP/REC 40MG X 30,https://mav.farmaciasaas.com/api/images/articulos/DISTRIBUCION/99045.jpg
38596,ME27785/3,OMEPRAZOL 20 MG X 10 CAPSULAS CON MICROGRANULOS ENTERICOS,OMEPRAZOL,,CAPSULAS,CALOX INTERNATIONAL C.A.,lab_antiguo,cobeca,lab,OMEPRAZOL CAP 20MG X10 FMED,https://mav.farmaciasaas.com/api/images/articulos/DISTRIBUCION/53303.jpg
38599,ME27785/6,OMEPRAZOL 20 MG X 30 CAPSULAS CON MICROGRANULOS ENTERICOS,OMEPRAZOL,,CAPSULAS,CALOX INTERNATIONAL C.A.,lab_antiguo,cobeca,lab,OMEPRAZOL CAP/MICRO G 20MG X 30 GENVEN,https://mav.farmaciasaas.com/api/images/articulos/DISTRIBUCION/29950.jpg
38600,ME27785/2,OMEPRAZOL 20 MG X 7 CAPSULAS CON MICROGRANULOS ENTERICOS,OMEPRAZOL,,CAPSULAS,CALOX INTERNATIONAL C.A.,lab_antiguo,cobeca,lab,OMEPRAZOL CAP 20MG X7 VARG,https://mav.farmaciasaas.com/api/images/articulos/DISTRIBUCION/20777.jpg
38603,ME43675/4,OMEPRAZOL 20 MG X 10 CAPSULAS GASTRORRESISTENTES,OMEPRAZOL,(+)-tetrabenazina - Omeprazol,CAPSULAS,K.A. MALLE PHARMACEUTICALS LTD,lab_antiguo,cobeca,lab,OMEPRAZOL CAP 20MG X10 FMED,https://mav.farmaciasaas.com/api/images/articulos/DISTRIBUCION/53303.jpg
38604,ME43675/5,OMEPRAZOL 20 MG X 20 CAPSULAS GASTRORRESISTENTES,OMEPRAZOL,(+)-tetrabenazina - Omeprazol,CAPSULAS,K.A. MALLE PHARMACEUTICALS LTD,lab_antiguo,cobeca,lab,OMEPRAZOL JUVILOC TAB 20MG X20 ADN,https://mav.farmaciasaas.com/api/images/articulos/DISTRIBUCION/53250.jpg
38608,ME42404/3,OMEPRAZOL 40 MG X 30 CAPSULAS CON MICROGRANULOS GASTRORRESISTENTES,OMEPRAZOL,,CAPSULAS,LABORATORIO LA SANTE C.A.,lab_antiguo,cobeca,lab,OMEPRAZOL CAP 40MG X 30 OFTALMI,https://mav.farmaciasaas.com/api/images/articulos/DISTRIBUCION/50576.jpg
38609,ME42404/2,OMEPRAZOL 40 MG X 7 CAPSULAS CON MICROGRANULOS GASTRORRESISTENTES,OMEPRAZOL,,CAPSULAS,LABORATORIO LA SANTE C.A.,lab_antiguo,cobeca,lab,OMEPRAZOL CAP 40MG X 7 OFTALMI,https://mav.farmaciasaas.com/api/images/articulos/DISTRIBUCION/29583.jpg
38610,ME41965/3,OMEPRAZOL 40 MG X 30 CAPSULAS GASTRORRESISTENTES,OMEPRAZOL,,CAPSULAS,LABORATORIOS LETI S.A.V.,lab_antiguo,cobeca,lab,OMEPRAZOL CAP 40MG X 30 OFTALMI,https://mav.farmaciasaas.com/api/images/articulos/DISTRIBUCION/50576.jpg
38613,HO33836,OMEPRAZOL 40 MG X 1 AMPOLLA,OMEPRAZOL,Omeprazol,INYECTABLE,VITALIS S.A.C.I.,lab_antiguo,cobeca,lab,OMEPRAZOL PVO P/SOL INY 40MG X1 CR DIST,https://mav.farmaciasaas.com/api/images/articulos/DISTRIBUCION/51351.jpg
38614,ME1221,OMMUNAL (LISADO BACTERIANO) 7 MG X 10 CAPSULAS,OMMUNAL (LISADO BACTERIANO),,CAPSULAS,OM PHARMA SA,lab_antiguo,cobeca,lab,OMMUNAL CAP 7MG X10 LETI,https://mav.farmaciasaas.com/api/images/articulos/DISTRIBUCION/6053.jpg
38617,HO37763/2,ONDANSETRON 8 MG / 4 ML X 1 AMPOLLA,ONDANSETRON,,INYECTABLE,EMPRESA LABORATORIOS AICA,lab_antiguo,cobeca,lab,ONDANSETRON SOL INY IM/IV 8MG/4ML X1 ADN,https://mav.farmaciasaas.com/api/images/articulos/DISTRIBUCION/53239.jpg
38618,HO37763/3,ONDANSETRON 8 MG / 4 ML X 5 AMPOLLAS,ONDANSETRON,,INYECTABLE,EMPRESA LABORATORIOS AICA,lab_antiguo,cobeca,lab,ONDANSETRON INY IV/IM 8MG/4ML X5 DIST,https://mav.farmaciasaas.com/api/images/articulos/DISTRIBUCION/52480.jpg
38623,ME44637,SUEROLITO ZINC 75 MEQ / L SOLUCION ELECTROLITICA USO ORAL SABOR A FRUTAS TROPICALES,SUEROLITO ZINC,Dextrosa - Zinc,SOLUCION ORAL,LABORATORIOS BALKER C.A.,lab_antiguo,cobeca,lab,SERUM DERNIER NIACINAMIDA/ZINC X 30G,https://mav.farmaciasaas.com/api/images/articulos/DISTRIBUCION/28492.jpg
38629,ME43862,OXCARBAZEPINA 300 MG X 30 TABLETAS RECUBIERTAS,OXCARBAZEPINA,Oxcarbazepina,TABLETAS,JIANGXI SYNERGY PHARMACEUTICAL CO. LTD,lab_antiguo,cobeca,lab,OXCARBAZEPINA TAB 300MG X30 CLEO,https://mav.farmaciasaas.com/api/images/articulos/DISTRIBUCION/25662.jpg
38631,ME25936,OXOLAMINA JARABE,OXOLAMINA JARABE,,JARABE,LABORATORIOS ELMOR S.A.,lab_antiguo,cobeca,lab,OXOLAMINA JBE PED 120ML VLM,https://mav.farmaciasaas.com/api/images/articulos/DISTRIBUCION/2771.jpg
38636,ME43468,PANTOPRAZOL 40 MG X 7 TABLETAS DE LIBERACION RETARDADA,PANTOPRAZOL,,TABLETAS,REMUS PHARMACEUTICALS PVT. LTD.,lab_antiguo,cobeca,lab,PANTOPRAZOL TAB 40MG X7 ALESS,https://mav.farmaciasaas.com/api/images/articulos/DISTRIBUCION/20517.jpg
38637,ME44653,ATAREM 100 MG / 5 ML SOLUCION ORAL,ATAREM,Paracetamol,SOLUCION ORAL,LABORATORIOS SIEGFRIED S.A.,lab_antiguo,cobeca,lab,PARACETAMOL GTS 100MG/ML 10ML PORTU,https://mav.farmaciasaas.com/api/images/articulos/DISTRIBUCION/23735.jpg
38638,HO44116,PARACETAMOL 1 G / 100 ML SOLUCION PARA INFUSION,PARACETAMOL,Paracetamol,INYECTABLE,SHIJIAZHUANG NO 4 PHARMACEUTICAL CO. LTD,lab_antiguo,cobeca,lab,PARACETAMOL INF INY 1G/100ML CR DIST,https://mav.farmaciasaas.com/api/images/articulos/DISTRIBUCION/21339.jpg
38639,ME37850,PAROXETINA 20 MG X 30 COMPRIMIDOS RECUBIERTAS,PAROXETINA,Paroxetina,COMPRIMIDOS,KERN PHARMA S.L.,lab_antiguo,cobeca,lab,PAROXETINA TAB 20MG X30 CLEO,https://mav.farmaciasaas.com/api/images/articulos/DISTRIBUCION/25668.jpg
38647,ME39670/3,PEGYT 150 MG X 30 CAPSULAS,PEGYT,Pregabalina,CAPSULAS,LABORATORIOS LETI S.A.V.,lab_antiguo,cobeca,lab,PREGABALINA CAP 150MG X30 ALESS,https://mav.farmaciasaas.com/api/images/articulos/DISTRIBUCION/52772.jpg
38651,ME27020,PENTOXIFILINA 400 MG X 30 COMPRIMIDOS RECUBIERTOS DE ACCION PROLONGADA,PENTOXIFILINA,Pentoxifilina,COMPRIMIDOS,LABORATORIOS LETI S.A.V.,lab_antiguo,cobeca,lab,PENTOXIFILINA TAB 400MG X30 CR CCM,https://mav.farmaciasaas.com/api/images/articulos/DISTRIBUCION/21851.jpg
38668,ME34513,BREINOX 400 MG X 30 TABLETAS,BREINOX,Piracetam,TABLETAS,LABORATORIOS FARMA S.A.,lab_antiguo,cobeca,lab,PIRACETAM TAB 400MG X30 CR MT,https://mav.farmaciasaas.com/api/images/articulos/DISTRIBUCION/50807.jpg
38669,ME23852,PIROXICAM 20 MG X 10 CAPSULAS,PIROXICAM,Piroxicam,CAPSULAS,LABORATORIO LA SANTE C.A.,lab_antiguo,cobeca,lab,PIROXICAM CAP 20MG X10 PHARME,https://mav.farmaciasaas.com/api/images/articulos/DISTRIBUCION/10007.jpg
38682,ME44096,PRENIL 3 MG / 1 ML SOLUCION ORAL,PRENIL,Prednisolona,SOLUCION ORAL,LABORATORIOS LEGRAND S.A.,lab_antiguo,cobeca,lab,PREDNISOLONA SOL ORAL 3MG/ML 60ML DAC,https://mav.farmaciasaas.com/api/images/articulos/DISTRIBUCION/53054.jpg
38683,ME43177,PREDNISOLONA ACETATO 1 % SUSPENSION OFTALMICA,PREDNISOLONA ACETATO,Prednisolona,SOLUCION OFTALMICA,INDIANA OPHTHALMICS,lab_antiguo,cobeca,lab,PREDNISOLONA SUSP/OFT 1% X 5ML OFTALMI,https://mav.farmaciasaas.com/api/images/articulos/DISTRIBUCION/29565.jpg
38684,ME43039/2,PREDNISOLONA 5 MG X 10 TABLETAS,PREDNISOLONA,,TABLETAS,JIANGXI XIER KANGTAI PHARMACEUTICAL CO. LTD,lab_antiguo,cobeca,lab,PREDNISOLONA TAB 5 MG X 10 KMPLUS,https://mav.farmaciasaas.com/api/images/articulos/23776.jpg
38685,ME43039/3,PREDNISOLONA 5 MG X 30 TABLETAS,PREDNISOLONA,,TABLETAS,JIANGXI XIER KANGTAI PHARMACEUTICAL CO. LTD,lab_antiguo,cobeca,lab,PREDNISOLONA TAB 5MG X30 ANG/H,https://mav.farmaciasaas.com/api/images/articulos/DISTRIBUCION/21369.jpg
38686,ME42866/2,PREDNISOLONA 5 MG X 10 TABLETAS,PREDNISOLONA,Prednisolona,TABLETAS,RONALD PHARMACEUTICALS PVT. LTD.,lab_antiguo,cobeca,lab,PREDNISOLONA TAB 5 MG X 10 KMPLUS,https://mav.farmaciasaas.com/api/images/articulos/23776.jpg
38687,ME42866/3,PREDNISOLONA 5 MG X 30 TABLETAS,PREDNISOLONA,Prednisolona,TABLETAS,RONALD PHARMACEUTICALS PVT. LTD.,lab_antiguo,cobeca,lab,PREDNISOLONA TAB 5MG X30 ANG/H,https://mav.farmaciasaas.com/api/images/articulos/DISTRIBUCION/21369.jpg
38691,ME12419/4,PREDNISONA 5 MG X 100 TABLETAS,PREDNISONA,Prednisona,TABLETAS,CALOX INTERNATIONAL C.A.,lab_antiguo,cobeca,lab,PREDNISONA TAB 5MG X100 CR DIST,https://mav.farmaciasaas.com/api/images/articulos/DISTRIBUCION/22275.jpg
38694,ME42570/3,PREGABALINA 150 MG X 30 CAPSULAS,PREGABALINA,Pregabalina,CAPSULAS,REMUS PHARMACEUTICALS PVT. LTD.,lab_antiguo,cobeca,lab,PREGABALINA CAP 150MG X30 ALESS,https://mav.farmaciasaas.com/api/images/articulos/DISTRIBUCION/52772.jpg
38696,ME44579/3,PREGALIS 75 MG X 30 CAPSULAS,PREGALIS,Pregabalina,CAPSULAS,PINNACLE LIFE SCIENCE PVT. LTD.,lab_antiguo,cobeca,lab,PREGABALINA CAP 75MG X30 PHARMA,https://mav.farmaciasaas.com/api/images/articulos/DISTRIBUCION/27604.jpg
38697,ME44579/2,PREGALIS 75 MG X 14 CAPSULAS,PREGALIS,Pregabalina,CAPSULAS,PINNACLE LIFE SCIENCE PVT. LTD.,lab_antiguo,cobeca,lab,PREGABALINA TAB 75MG X14 CR LATT,https://mav.farmaciasaas.com/api/images/articulos/DISTRIBUCION/23488.jpg
38701,ME14671,PREVERAL CON CODEINA JARABE,PREVERAL CON CODEINA JARABE,,JARABE,LABORATORIOS WYETH S.A.,lab_antiguo,cobeca,lab,PREVERAL C/DEXTRO JBE REFORM 120ML VARG,https://mav.farmaciasaas.com/api/images/articulos/DISTRIBUCION/99589.jpg
38702,ME39191,PROPRANOLOL 40 MG X 20 TABLETAS,PROPRANOLOL,,TABLETAS,LABORATORIOS ALFA C X A,lab_antiguo,cobeca,lab,PROPRANOLOL CLORH COM 40MG X 20 MILAB,https://mav.farmaciasaas.com/api/images/articulos/DISTRIBUCION/50368.jpg
38708,ME43431/2,QUETIAPINA 100 MG X 10 TABLETAS RECUBIERTAS,QUETIAPINA,,TABLETAS,PINNACLE LIFE SCIENCE PVT. LTD.,lab_antiguo,cobeca,lab,QUETIAPINA TAB 100MG X 10 FARMAMED,https://mav.farmaciasaas.com/api/images/articulos/DISTRIBUCION/50162.jpg
38709,ME43431/3,QUETIAPINA 100 MG X 30 TABLETAS RECUBIERTAS,QUETIAPINA,,TABLETAS,PINNACLE LIFE SCIENCE PVT. LTD.,lab_antiguo,cobeca,lab,QUETIAPINA TAB 100MG X30 PHARMA,https://mav.farmaciasaas.com/api/images/articulos/DISTRIBUCION/27607.jpg
38710,ME43426,QUETIAPINA 25 MG X 30 TABLETAS RECUBIERTAS,QUETIAPINA,,TABLETAS,PINNACLE LIFE SCIENCE PVT. LTD.,lab_antiguo,cobeca,lab,QUETIAPINA TAB 25MG X30 PHARMA,https://mav.farmaciasaas.com/api/images/articulos/DISTRIBUCION/27606.jpg
38711,ME39822,QUETIAZIC 300 MG X 30 COMPRIMIDOS RECUBIERTOS,QUETIAZIC,Quetiapina,COMPRIMIDOS,MONTE VERDE S.A.,lab_antiguo,cobeca,lab,QUETIAPINA TAB 300MG X30 CR MT,https://mav.farmaciasaas.com/api/images/articulos/DISTRIBUCION/51310.jpg
38719,HO30929,RANITIDINA 50 MG / 2 ML X 10 AMPOLLAS,RANITIDINA,Ranitidina,INYECTABLE,LABORATORIO COFASA S.A.,lab_antiguo,cobeca,lab,RANITIDINA AMP 50MG/2ML X10 BLUE/M,https://mav.farmaciasaas.com/api/images/articulos/DISTRIBUCION/23534.jpg
38720,ME26538,RANITIDINA 150 MG X 10 COMPRIMIDOS RECUBIERTOS,RANITIDINA,Ranitidina,COMPRIMIDOS,LABORATORIOS LETI S.A.V.,lab_antiguo,cobeca,lab,RANITIDINA TAB 150MG X10 MT GLOB,https://mav.farmaciasaas.com/api/images/articulos/DISTRIBUCION/54366.jpg
38721,ME31884,RANITIDINA 300 MG X 10 TABLETAS,RANITIDINA,Ranitidina,TABLETAS,CALOX INTERNATIONAL C.A.,lab_antiguo,cobeca,lab,RANITIDINA TAB 300MG X10 MT GLOB,https://mav.farmaciasaas.com/api/images/articulos/DISTRIBUCION/54367.jpg
38724,ME44650,REUMAQUINE 200 MG X 20 TABLETAS RECUBIERTAS,REUMAQUINE,Hidroxicloroquina,TABLETAS,NEEL NAYAN PHARMA PVT. LTD.,lab_antiguo,cobeca,lab,HIDROXICLOROQUINA TAB 200MG X20 CR MT,https://mav.farmaciasaas.com/api/images/articulos/DISTRIBUCION/27621.jpg
38733,ME43791,RINIFLU 2.5 MG / 5 ML JARABE,RINIFLU,Desloratadina,JARABE,BIOTECH LABORATORIOS C.A.,lab_antiguo,cobeca,lab,"DESLORATADINA JBE PED 2,5/5ML60ML PHARME",https://mav.farmaciasaas.com/api/images/articulos/DISTRIBUCION/11665.jpg
38744,ME42922,RIVAROXABAN 15 MG X 30 TABLETAS RECUBIERTAS,RIVAROXABAN,Rivaroxaban,TABLETAS,WEST-COAST PHARMACEUTICAL WORKS LTD,lab_antiguo,cobeca,lab,RIVAROXABAN TAB 15MG X30 CR DIST,https://mav.farmaciasaas.com/api/images/articulos/DISTRIBUCION/24319.jpg
38745,ME42923/2,RIVAROXABAN 20 MG X 10 TABLETAS RECUBIERTAS,RIVAROXABAN,Rivaroxaban,TABLETAS,WEST-COAST PHARMACEUTICAL WORKS LTD,lab_antiguo,cobeca,lab,RIVAROXABAN TAB 20MG X10 VIN,https://mav.farmaciasaas.com/api/images/articulos/DISTRIBUCION/26738.jpg
38746,ME42923/3,RIVAROXABAN 20 MG X 14 TABLETAS RECUBIERTAS,RIVAROXABAN,Rivaroxaban,TABLETAS,WEST-COAST PHARMACEUTICAL WORKS LTD,lab_antiguo,cobeca,lab,RIVAROXABAN TAB REC 20MG X14 KMP,https://mav.farmaciasaas.com/api/images/articulos/DISTRIBUCION/54217.jpg
38748,ME44475,ROSUTAN 10 MG X 30 TABLETAS RECUBIERTAS,ROSUTAN,Rosuvastatina,TABLETAS,MACLEODS PHARMACEUTICALS LTD,lab_antiguo,cobeca,lab,ROSUVASTATINA TAB/REC 10MG X 30 LA SANT,https://mav.farmaciasaas.com/api/images/articulos/DISTRIBUCION/29584.jpg
38750,ME42632/2,ROSUVASTATINA 20 MG X 10 TABLETAS RECUBIERTAS,ROSUVASTATINA,Rosuvastatina,TABLETAS,WEST-COAST PHARMACEUTICAL WORKS LTD,lab_antiguo,cobeca,lab,ROSUVASTATINA TAB REC 20MG X10 PHARME,https://mav.farmaciasaas.com/api/images/articulos/DISTRIBUCION/24316.jpg
38751,ME42632/3,ROSUVASTATINA 20 MG X 30 TABLETAS RECUBIERTAS,ROSUVASTATINA,Rosuvastatina,TABLETAS,WEST-COAST PHARMACEUTICAL WORKS LTD,lab_antiguo,cobeca,lab,ROSUVASTATINA TAB 20MG X30 ANG/H,https://mav.farmaciasaas.com/api/images/articulos/DISTRIBUCION/21364.jpg
38752,ME42676,ROSUVASTATINA 10 MG X 30 TABLETAS RECUBIERTAS,ROSUVASTATINA,Rosuvastatina,TABLETAS,HIRAL LABS LIMITED,lab_antiguo,cobeca,lab,ROSUVASTATINA TAB/REC 10MG X 30 LA SANT,https://mav.farmaciasaas.com/api/images/articulos/DISTRIBUCION/29584.jpg
38762,ME25529,SALBUTAMOL 40 MG / 100 ML JARABE,SALBUTAMOL,Salbutamol,JARABE,LABORATORIOS KIMICEG C.A.,lab_antiguo,cobeca,lab,SALBUTAMOL INH 100MCG X200DOSIS CR DIST,https://mav.farmaciasaas.com/api/images/articulos/DISTRIBUCION/20949.jpg
38764,ME20265,SARIFAN COMPOSITUM 0.01 G - 0.25 G X 20 TABLETAS RECUBIERTAS,SARIFAN COMPOSITUM,,TABLETAS,C.A. PRODUCTOS RONAVA,lab_antiguo,cobeca,lab,SARIFAN COMP TAB X20 RNV,https://mav.farmaciasaas.com/api/images/articulos/DISTRIBUCION/4645.jpg
38770,ME31560,SECNIDAZOL 1 G X 2 TABLETAS RECUBIERTAS,SECNIDAZOL,Secnidazol Anhidro,TABLETAS,LABORATORIOS KIMICEG C.A.,lab_antiguo,cobeca,lab,SECNIDAZOL TAB 1G X2 VIV,https://mav.farmaciasaas.com/api/images/articulos/DISTRIBUCION/8585.jpg
38775,ME37708,SELENE 100 UI - 70 MCG X 60 CAPSULAS BLANDAS,SELENE,Selenio - Vitamina A,CAPSULAS,INDUSTRIAS INTERCAPS DE VENEZUELA C.A.,lab_antiguo,cobeca,lab,SELENIO CAP 100MCG X60 HERB,https://mav.farmaciasaas.com/api/images/articulos/DISTRIBUCION/53124.jpg
38779,ME30171/3,SERLINE 50 MG X 30 COMPRIMIDOS,SERLINE,Sertralina,COMPRIMIDOS,MEGALABS S.A.,lab_antiguo,cobeca,lab,SERTRALINA TAB 50MG X30 CLEO,https://mav.farmaciasaas.com/api/images/articulos/DISTRIBUCION/25669.jpg
38781,ME32466/4,SERTRALINA 50 MG X 56 TABLETAS,SERTRALINA,Sertralina,TABLETAS,LABORATORIO LA SANTE C.A.,lab_antiguo,cobeca,lab,SERTRALINA COMP REC 50MG X56 DORO,https://mav.farmaciasaas.com/api/images/articulos/DISTRIBUCION/53165.jpg
38784,ME31067/3,SERTRALINA 50 MG X 14 COMPRIMIDOS RECUBIERTOS,SERTRALINA,Sertralina,COMPRIMIDOS,LABORATORIOS LETI S.A.V.,lab_antiguo,cobeca,lab,SERTRALINA TAB 50MG X14 CR CCM,https://mav.farmaciasaas.com/api/images/articulos/DISTRIBUCION/22393.jpg
38786,ME43842,SERTRALINA 50 MG X 14 TABLETAS RECUBIERTAS,SERTRALINA,Sertralina,TABLETAS,HIRAL LABS LIMITED,lab_antiguo,cobeca,lab,SERTRALINA TAB 50MG X14 CR CCM,https://mav.farmaciasaas.com/api/images/articulos/DISTRIBUCION/22393.jpg
38800,ME43259/3,SITAGLIPTINA - METFORMINA CLORHIDRATO 50 MG - 500 MG X 30 TABLETAS RECUBIERTAS,SITAGLIPTINA - METFORMINA CLORHIDRATO,Metformina - Sitagliptina,TABLETAS,REMUS PHARMACEUTICALS PVT. LTD.,lab_antiguo,cobeca,lab,SITAGLIPTINA METF TAB 50/500MG X30 ANG/H,https://mav.farmaciasaas.com/api/images/articulos/DISTRIBUCION/23675.jpg
38801,ME43259/2,SITAGLIPTINA - METFORMINA CLORHIDRATO 50 MG - 500 MG X 10 TABLETAS RECUBIERTAS,SITAGLIPTINA - METFORMINA CLORHIDRATO,Metformina - Sitagliptina,TABLETAS,REMUS PHARMACEUTICALS PVT. LTD.,lab_antiguo,cobeca,lab,SITAGLIPTINA/METFOR TAB 50/500MG X10 KMP,https://mav.farmaciasaas.com/api/images/articulos/DISTRIBUCION/54216.jpg
38802,ME44367,METFORMINA CLORHIDRATO - SITAGLIPTINA 850 MG - 50 MG X 28 TABLETAS RECUBIERTAS,METFORMINA CLORHIDRATO - SITAGLIPTINA,Metformina - Sitagliptina,TABLETAS,JIANGXI SYNERGY PHARMACEUTICAL CO. LTD,lab_antiguo,cobeca,lab,SITAGLIPTINA/METFOR TAB 50/850MG X28 ADN,https://mav.farmaciasaas.com/api/images/articulos/DISTRIBUCION/53244.jpg
38807,ME43073/3,SUCRALFATO 1 G X 20 TABLETAS,SUCRALFATO,,TABLETAS,RONALD PHARMACEUTICALS PVT. LTD.,lab_antiguo,cobeca,lab,SUCRALFATO TAB 1G X20 KMP,https://mav.farmaciasaas.com/api/images/articulos/DISTRIBUCION/54219.jpg
38808,ME43073/2,SUCRALFATO 1 G X 10 TABLETAS,SUCRALFATO,,TABLETAS,RONALD PHARMACEUTICALS PVT. LTD.,lab_antiguo,cobeca,lab,SUCRALFATO TAB 1G X10 CLEO,https://mav.farmaciasaas.com/api/images/articulos/DISTRIBUCION/25675.jpg
38810,HO37696,SULFATO DE MAGNESIO 10 % SOLUCION INYECTABLE,SULFATO DE MAGNESIO,Citrato Magnesio,INYECTABLE,EMPRESA LABORATORIOS AICA,lab_antiguo,cobeca,lab,SULFATO D/MAGNESIO SOL INY 1MEQ X 10ML,https://mav.farmaciasaas.com/api/images/articulos/DISTRIBUCION/28880.jpg
38823,ME44534,TACROLIMUS 0.03 % UNGUENTO,TACROLIMUS,Tacrolimus,UNGUENTO,HIRAL LABS LIMITED,lab_antiguo,cobeca,lab,"TACROLIMUS UNG 0,03% 15G BIU",https://mav.farmaciasaas.com/api/images/articulos/DISTRIBUCION/50903.jpg
38834,ME41156/3,TALYSTO 5 MG X 30 TABLETAS MASTICABLES,TALYSTO,Tadalafilo,TABLETAS,MANUFACTURERA MUNDIAL FARMACEUTICA M.M.F. C.A.,lab_antiguo,cobeca,lab,TADALAFILO COM/REC 5MG X 30 LETI,https://mav.farmaciasaas.com/api/images/articulos/DISTRIBUCION/50485.jpg
38842,ME36676/3,TAMSULOSINA HCL 0.4 MG CAPSULAS DE LIBERACION PROGRAMADA X 30 CAPSULAS,TAMSULOSINA HCL,Tamsulosina,CAPSULAS,ESPECIALIDADES DOLLDER C.A.,lab_antiguo,cobeca,lab,"TAMSULOSINA CLORH TAB 0,4MG X30 BLUE/M",https://mav.farmaciasaas.com/api/images/articulos/DISTRIBUCION/23537.jpg
38843,ME36676/2,TAMSULOSINA HCL 0.4 MG CAPSULAS DE LIBERACION PROGRAMADA X 10 CAPSULAS,TAMSULOSINA HCL,Tamsulosina,CAPSULAS,ESPECIALIDADES DOLLDER C.A.,lab_antiguo,cobeca,lab,"TAMSULOSINA TAMSUHEM CAP 0,4MG X10 ADN",https://mav.farmaciasaas.com/api/images/articulos/DISTRIBUCION/53254.jpg
38844,ME42589,TAMSULOSINA CLORHIDRATO 0.4 MG X 30 CAPSULAS DE LIBERACION PROLONGADA,TAMSULOSINA CLORHIDRATO,Tamsulosina,CAPSULAS,LABORATORIOS SPEFAR VENEZOLANOS S.A.,lab_antiguo,cobeca,lab,"TAMSULOSINA CLORH TAB 0,4MG X30 BLUE/M",https://mav.farmaciasaas.com/api/images/articulos/DISTRIBUCION/23537.jpg
38852,ME22980,NUELIN 80 MG / 15 ML JARABE,NUELIN,Teofilina,JARABE,LABORATORIOS VARGAS S.A.,lab_antiguo,cobeca,lab,TEOFILINA SOL ORAL 80MG/15ML 100ML AND,https://mav.farmaciasaas.com/api/images/articulos/DISTRIBUCION/53266.jpg
38856,ME36877,TERBINAFINA CLORHIDRATO 1 % CREMA TOPICA,TERBINAFINA CLORHIDRATO,,CREMA,MEYER PRODUCTOS TERAPEUTICOS S.A.,lab_antiguo,cobeca,lab,TERBINAFINA CREM 1% 15G KIMIC,https://mav.farmaciasaas.com/api/images/articulos/DISTRIBUCION/96827.jpg
38863,ME42959,TIMOLOL 0.5 % SOLUCION OFTALMICA,TIMOLOL,Timolol,SOLUCION OFTALMICA,CADILA PHARMACEUTICALS LIMITED,lab_antiguo,cobeca,lab,"TIMOLOL SOL OFT 0,5% 10ML CR DIST",https://mav.farmaciasaas.com/api/images/articulos/DISTRIBUCION/22841.jpg
38868,HO27849/2,TIOCOLCHICOSIDO 4 MG / 2 ML X 1 AMPOLLA,TIOCOLCHICOSIDO,Tiocolchicosido,INYECTABLE,LABORATORIOS LETI S.A.V.,lab_antiguo,cobeca,lab,TIOCOLCHICOSIDO AMP 4MG/2ML X1 CR GM,https://mav.farmaciasaas.com/api/images/articulos/DISTRIBUCION/51472.jpg
38869,HO27849/4,TIOCOLCHICOSIDO 4 MG / 2 ML X 50 AMPOLLAS,TIOCOLCHICOSIDO,Tiocolchicosido,INYECTABLE,LABORATORIOS LETI S.A.V.,lab_antiguo,cobeca,lab,TIOCOLCHICOSIDO AMP 4MG/2ML X50 ALESS,https://mav.farmaciasaas.com/api/images/articulos/DISTRIBUCION/20404.jpg
38870,HO27849/3,TIOCOLCHICOSIDO 4 MG / 2 ML X 2 AMPOLLAS,TIOCOLCHICOSIDO,Tiocolchicosido,INYECTABLE,LABORATORIOS LETI S.A.V.,lab_antiguo,cobeca,lab,TIOCOLCHICOSIDO AMP IMP 4MG/2ML X2 ALESS,https://mav.farmaciasaas.com/api/images/articulos/DISTRIBUCION/20405.jpg
38875,ME43629,TIZANIDINA 2 MG X 10 TABLETAS,TIZANIDINA,Tizanidina,TABLETAS,RECKON ORGANICS PVT. LTD.,lab_antiguo,cobeca,lab,TIZANIDINA TAB 2MG X 10 ANGELUS,https://mav.farmaciasaas.com/api/images/articulos/DISTRIBUCION/28534.jpg
38893,ME28553/2,TRIMEBUTINA MALEATO 200 MG X 10 TABLETAS,TRIMEBUTINA MALEATO,,TABLETAS,LABORATORIO LA SANTE C.A.,lab_antiguo,cobeca,lab,TRIMEBUTINA TAB 200MG X10 CLEO,https://mav.farmaciasaas.com/api/images/articulos/DISTRIBUCION/25677.jpg
38894,ME28553/3,TRIMEBUTINA MALEATO 200 MG X 30 TABLETAS,TRIMEBUTINA MALEATO,,TABLETAS,LABORATORIO LA SANTE C.A.,lab_antiguo,cobeca,lab,TRIMEBUTINA TAB 200MG X30 PHARME,https://mav.farmaciasaas.com/api/images/articulos/DISTRIBUCION/26921.jpg
38896,ME40028,FLUTIXAIR 250 MCG -25 MCG / DOSIS X 120 SUSPENSION PARA INHALACION ORAL,FLUTIXAIR,,SOLUCION ORAL,LABORATORIOS HAYMANN S.A.,lab_antiguo,cobeca,lab,FLUTIXAIR SUSP INH 250/25MCG X120 MEG,https://mav.farmaciasaas.com/api/images/articulos/DISTRIBUCION/98383.jpg
38913,ME44208/2,VALSARTAN 160 MG X 10 COMPRIMIDOS RECUBIERTOS,VALSARTAN,Valsartan,COMPRIMIDOS,LABORATORIOS VARGAS S.A.,lab_antiguo,cobeca,lab,VALSARTAN TAB 160MG X10 ANG/H,https://mav.farmaciasaas.com/api/images/articulos/DISTRIBUCION/21372.jpg
38915,ME44208/4,VALSARTAN 160 MG X 30 COMPRIMIDOS RECUBIERTOS,VALSARTAN,Valsartan,COMPRIMIDOS,LABORATORIOS VARGAS S.A.,lab_antiguo,cobeca,lab,VALSARTAN TAB REC 160MG X30 ANG/H,https://mav.farmaciasaas.com/api/images/articulos/DISTRIBUCION/52911.jpg
38923,ME35562/5,VALSARTAN - HIDROCLOROTIAZIDA 80 MG - 12.5 MG X 30 TABLETAS RECUBIERTAS,VALSARTAN - HIDROCLOROTIAZIDA,,TABLETAS,CALOX INTERNATIONAL C.A.,lab_antiguo,cobeca,lab,"VALSARTAN/HCT TABREC 80/12,5MGX30 PHARME",https://mav.farmaciasaas.com/api/images/articulos/DISTRIBUCION/22214.jpg
38927,ME33646/2,VASATEN HCT 80 MG - 12.5 MG X 10 COMPRIMIDOS RECUBIERTOS,VASATEN HCT,Hidroclorotiazida - Valsartan,COMPRIMIDOS,LABORATORIOS LETI S.A.V.,lab_antiguo,cobeca,lab,VALSARTAN HCT TAB/REC 80/12.5MG X10 VARG,https://mav.farmaciasaas.com/api/images/articulos/DISTRIBUCION/50173.jpg
38928,ME33646/3,VASATEN HCT 80 MG - 12.5 MG X 14 COMPRIMIDOS RECUBIERTOS,VASATEN HCT,Hidroclorotiazida - Valsartan,COMPRIMIDOS,LABORATORIOS LETI S.A.V.,lab_antiguo,cobeca,lab,"VALSARTAN/HCT TAB REC 80/12,5MG X14 CLX",https://mav.farmaciasaas.com/api/images/articulos/DISTRIBUCION/9838.jpg
38929,ME35526/2,VALSARTAN - HIDROCLOROTIAZIDA 80 MG - 12.5 MG X 10 TABLETAS RECUBIERTAS,VALSARTAN - HIDROCLOROTIAZIDA,Hidroclorotiazida - Valsartan,TABLETAS,CALOX INTERNATIONAL C.A.,lab_antiguo,cobeca,lab,VALSARTAN TAB 80MG X10 KMP,https://mav.farmaciasaas.com/api/images/articulos/DISTRIBUCION/53477.jpg
38931,ME44465,VALSARTAN 160 MG X 30 TABLETAS RECUBIERTAS,VALSARTAN,Valsartan,TABLETAS,JIANGSU PENGYAO PHARMACEUTICAL CO. LTD,lab_antiguo,cobeca,lab,VALSARTAN TAB REC 160MG X30 ANG/H,https://mav.farmaciasaas.com/api/images/articulos/DISTRIBUCION/52911.jpg
38932,ME37644/2,VALSARTAN 80 MG X 14 CAPSULAS,VALSARTAN,Valsartan,CAPSULAS,SM PHARMA C.A.,lab_antiguo,cobeca,lab,VALSARTAN CAP 80MG X14 LETI,https://mav.farmaciasaas.com/api/images/articulos/DISTRIBUCION/22949.jpg
38933,ME37644/3,VALSARTAN 80 MG X 30 CAPSULAS,VALSARTAN,Valsartan,CAPSULAS,SM PHARMA C.A.,lab_antiguo,cobeca,lab,VALSARTAN TAB 80MG X30 BLUE/M,https://mav.farmaciasaas.com/api/images/articulos/DISTRIBUCION/25089.jpg
38945,ME43348/3,DIOSMINA - HESPERIDINA 450 MG - 50 MG X 30 CAPSULAS BLANDAS,DIOSMINA - HESPERIDINA,Hesperidina,CAPSULAS,CALOX INTERNATIONAL C.A.,lab_antiguo,cobeca,lab,DIOSMINA/HESPER TAB 450MG/50MG X30 ANG/H,https://mav.farmaciasaas.com/api/images/articulos/DISTRIBUCION/52910.jpg
38952,ME42486,VILDAGLIPTINA 50 MG X 30 COMPRIMIDOS,VILDAGLIPTINA,Vildagliptina,COMPRIMIDOS,NOVARTIS PHARMACEUTICAL MANUFACTURING LLC.,lab_antiguo,cobeca,lab,VILDAGLIPTINA TAB 50MG X 30 MT,https://mav.farmaciasaas.com/api/images/articulos/DISTRIBUCION/30332.jpg
38981,HO33694,VORCUM 200 MG POLVO LIOFILIZADO PARA SOLUCION PARA INFUSION,VORCUM,Voriconazol,INYECTABLE,PHARMACIA & UPJOHN COMPANY LLC.,lab_antiguo,cobeca,lab,VORICONAZOL AMP 200MG X1 GLOB/C,https://mav.farmaciasaas.com/api/images/articulos/DISTRIBUCION/27731.jpg
38992,ME32695,REDOXON ZINC X 100 COMPRIMIDOS EFERVESCENTES,REDOXON ZINC X,Vitamina C - Zinc,COMPRIMIDOS,BAYER S.A.,lab_antiguo,cobeca,lab,HYDRORAL PRO + ZINC 500ML BIOF,https://mav.farmaciasaas.com/api/images/articulos/DISTRIBUCION/53564.jpg
38994,ME43669/3,VITADYN C ZINC 500 MG - 7.5 MG X 60 CAPSULAS,VITADYN C ZINC,Ascorbico Acido - Zinc Sulfato Heptahidrato,CAPSULAS,LABORATORIOS L.O. OFTALMI C.A.,lab_antiguo,cobeca,lab,HYDRORAL PRO + ZINC 500ML BIOF,https://mav.farmaciasaas.com/api/images/articulos/DISTRIBUCION/53564.jpg
39014,ME42908,ACETAMINOFEN 120 MG / 5 ML X 10 SOLUCION ORAL,ACETAMINOFEN,,SOLUCION ORAL,LABORATORIOS L.O. OFTALMI C.A.,lab_antiguo,cobeca,lab,ACETAMINOFEN SOL 120MG/5ML 120ML BIOQ,https://mav.farmaciasaas.com/api/images/articulos/DISTRIBUCION/53087.jpg
39020,ME33987,ACIDO FOLICO 10 MG / ML SOLUCION ORAL,ACIDO FOLICO,Folico Acido,SOLUCION ORAL,LABORATORIOS LETI S.A.V.,lab_antiguo,cobeca,lab,ACIDO FOLICO GTS 10MG 15ML MEY,https://mav.farmaciasaas.com/api/images/articulos/DISTRIBUCION/2643.jpg
39042,ME32836/2,AMOVIN 500 MG X 3 TABLETAS RECUBIERTAS,AMOVIN,Azitromicina,TABLETAS,LABORATORIO COFASA S.A.,lab_antiguo,cobeca,lab,AZITROMICINA TAB 500MG X3 CLX,https://mav.farmaciasaas.com/api/images/articulos/DISTRIBUCION/11009.jpg
39044,ME29931,AMOXICILINA 250 MG / 5 ML POLVO PARA SUSPENSION ORAL,AMOXICILINA,,POLVO PARA RECONSTITUCION,LABORATORIOS SPEFAR VENEZOLANOS S.A.,lab_antiguo,cobeca,lab,AMOXICILINA PVO PED 250MG/5ML 60ML CLX,https://mav.farmaciasaas.com/api/images/articulos/DISTRIBUCION/51378.jpg
39048,ME43043,AMOXIVALAC 250 MG - 62.5 MG / 5 ML POLVO PARA SUSPENSION ORAL,AMOXIVALAC,Amoxicilina - Clavulanato Potasio,POLVO PARA RECONSTITUCION,LABORATORIOS VALMOR C.A.,lab_antiguo,cobeca,lab,AMOXICILINA PVO PED 250MG/5ML 60ML CLX,https://mav.farmaciasaas.com/api/images/articulos/DISTRIBUCION/51378.jpg
39070,ME38655/2,ARANDA 5 MG - 50 MG X 10 CAPSULAS,ARANDA,Losartan,CAPSULAS,LABORATORIOS FARMA S.A.,lab_antiguo,cobeca,lab,LOSARTAN POTA COMP 50MG X10 LETI,https://mav.farmaciasaas.com/api/images/articulos/DISTRIBUCION/3399.jpg
39071,ME38655/3,ARANDA 5 MG - 50 MG X 30 CAPSULAS,ARANDA,Losartan,CAPSULAS,LABORATORIOS FARMA S.A.,lab_antiguo,cobeca,lab,LOSARTAN POTASICO TAB 50 MG X 30 DISTRIL,https://mav.farmaciasaas.com/api/images/articulos/DISTRIBUCION/29790.jpg
39084,ME43982,ATORVASTATINA - EZETIMIBA 20 MG - 10 MG COMPRIMIDOS RECUBIERTOS,ATORVASTATINA - EZETIMIBA,Atorvastatina - Ezetimiba,COMPRIMIDOS,LABORATORIOS LETI S.A.V.,lab_antiguo,cobeca,lab,ATORVASTATINA TAB 20MG X30 FMED,https://mav.farmaciasaas.com/api/images/articulos/DISTRIBUCION/53293.jpg
39086,ME42454,ATORVASTATINA 40 MG COMPRIMIDOS RECUBIERTOS,ATORVASTATINA,Atorvastatina,COMPRIMIDOS,LABORATORIOS SPEFAR VENEZOLANOS S.A.,lab_antiguo,cobeca,lab,ATORVASTATINA COMP 40MG X30 LETI,https://mav.farmaciasaas.com/api/images/articulos/DISTRIBUCION/98292.jpg
39105,ME42418,BISOPROLOL FUMARATO 1.25 MG COMPRIMIDOS RECUBIERTOS,BISOPROLOL FUMARATO,Bisoprolol,COMPRIMIDOS,LABORATORIOS SPEFAR VENEZOLANOS S.A.,lab_antiguo,cobeca,lab,"BISOPROLOL TAB 1,25MG X 30 CALOX",https://mav.farmaciasaas.com/api/images/articulos/DISTRIBUCION/97000.jpg
39107,ME42420,BISOPROLOL FUMARATO 5 MG COMPRIMIDOS RECUBIERTOS,BISOPROLOL FUMARATO,Bisoprolol,COMPRIMIDOS,LABORATORIOS SPEFAR VENEZOLANOS S.A.,lab_antiguo,cobeca,lab,BISOPROLOL FUMARATO COMP 5MG X30 LETI,https://mav.farmaciasaas.com/api/images/articulos/DISTRIBUCION/98668.jpg
39108,ME42429,BISOPROLOL FUMARATO - HIDROCLOROTIAZIDA 10 MG - 6.25 MG COMPRIMIDOS RECUBIERTOS,BISOPROLOL FUMARATO - HIDROCLOROTIAZIDA,Hidroclorotiazida,COMPRIMIDOS,LABORATORIOS SPEFAR VENEZOLANOS S.A.,lab_antiguo,farmanselmo,lab,CORENTEL H 10/6.25 BISOPROLOL+HIDROCLOROTIAZIDA 10MG+6.25MG x30 COMPRIMIDOS MEGALABS (E),https://pccentro.net.ve/img/s/8/4/0/2/4/84024-large_default.webp
39109,ME39033,BISOPROLOL FUMARATO - HIDROCLOROTIZIDA 2.5 MG - 6.25 MG COMPRIMIDOS RECUBIERTOS,BISOPROLOL FUMARATO - HIDROCLOROTIZIDA,,COMPRIMIDOS,LABORATORIOS LETI S.A.V.,lab_antiguo,cobeca,lab,"BISOPROLOL/HCT TAB 2,5/6,25MG X15 ALESS",https://mav.farmaciasaas.com/api/images/articulos/DISTRIBUCION/20507.jpg
39110,ME42419,BISOPROLOL FUMARATO 2.5 MG COMPRIMIDOS RECUBIERTOS,BISOPROLOL FUMARATO,Bisoprolol,COMPRIMIDOS,LABORATORIOS SPEFAR VENEZOLANOS S.A.,lab_antiguo,cobeca,lab,"BISOPROLOL TAB 2,5MG X 30 CALOX",https://mav.farmaciasaas.com/api/images/articulos/DISTRIBUCION/97002.jpg
39118,ME42603,BROMHEXINA CLORHIDRATO 4 MG / 5 ML JARABE,BROMHEXINA CLORHIDRATO,Bromhexina,JARABE,LABORATORIO QUIM-FAR C.A.,lab_antiguo,cobeca,lab,BROMHEXINA JBE PED4MG/5ML 120ML PHARME,https://mav.farmaciasaas.com/api/images/articulos/DISTRIBUCION/11549.jpg
39126,ME43806,CARBETAL 8 MG X 30 TABLETAS,CARBETAL,Candesartan Cilexetilo,TABLETAS,LABORATORIO COFASA S.A.,lab_antiguo,cobeca,lab,CANDESARTAN TAB 8MG X30 PHARME,https://mav.farmaciasaas.com/api/images/articulos/DISTRIBUCION/23944.jpg
39133,ME43851,CETERIX 10 MG COMPRIMIDOS,CETERIX,Cetirizina,COMPRIMIDOS,MEGALABS S.A.,lab_antiguo,cobeca,lab,CETIRIZINA COMP 10MG X10 LETI,https://mav.farmaciasaas.com/api/images/articulos/DISTRIBUCION/11497.jpg
39135,ME31589,CETIRIZINA 1 MG / ML SOLUCION ORAL,CETIRIZINA,Cetirizina,SOLUCION ORAL,LABORATORIOS LETI S.A.V.,lab_antiguo,cobeca,lab,CETIRIZINA JBE 1MG/ML 60ML KIMIC,https://mav.farmaciasaas.com/api/images/articulos/DISTRIBUCION/7587.jpg
39143,ME33398,CLARITROMICINA 500 MG COMPRIMIDOS RECUBIERTOS,CLARITROMICINA,Claritromicina,COMPRIMIDOS,LABORATORIOS SPEFAR VENEZOLANOS S.A.,lab_antiguo,cobeca,lab,CLARITROMICINA TAB 500MG X10 ANG/H,https://mav.farmaciasaas.com/api/images/articulos/DISTRIBUCION/20429.jpg
39150,HO32581,CLORURO DE POTASIO 7.5 % SOLUCION HIPERTONICA X 1 AMPOLLA,CLORURO DE POTASIO,,INYECTABLE,LABORATORIO BEHRENS C.A.,lab_antiguo,cobeca,lab,CLORURO D/MAGNES 25G FCH,https://mav.farmaciasaas.com/api/images/articulos/DISTRIBUCION/17780.jpg
39151,HO32515,CLORURO DE SODIO AL 20 % SOLUCION HIPERTONICA INYECTABLE,CLORURO DE SODIO AL,,INYECTABLE,LABORATORIO BEHRENS C.A.,lab_antiguo,cobeca,lab,CLORURO D/MAGNES 25G FCH,https://mav.farmaciasaas.com/api/images/articulos/DISTRIBUCION/17780.jpg
39154,ME44093,COFASUR 160 MG X 30 TABLETAS RECUBIERTAS,COFASUR,Valsartan,TABLETAS,LABORATORIO COFASA S.A.,lab_antiguo,cobeca,lab,VALSARTAN TAB REC 160MG X30 ANG/H,https://mav.farmaciasaas.com/api/images/articulos/DISTRIBUCION/52911.jpg
39155,ME44636,COFASUR PLUS 80 MG - 12.5 MG X 30 TABLETAS RECUBIERTAS,COFASUR PLUS,Clortalidona - Valsartan,TABLETAS,LABORATORIO COFASA S.A.,lab_antiguo,cobeca,lab,VALSARTAN TAB 80MG X30 ZUZU,https://mav.farmaciasaas.com/api/images/articulos/DISTRIBUCION/52605.jpg
39182,ME31107,DICLOFENAC DIETILAMINO 1.16 % GEL,DICLOFENAC DIETILAMINO,,GEL,LABORATORIOS SPEFAR VENEZOLANOS S.A.,lab_antiguo,cobeca,lab,"DICLOFENAC DIETILAM GEL 1,16% 30G ALESS",https://mav.farmaciasaas.com/api/images/articulos/DISTRIBUCION/51997.jpg
39194,ME30297,MATIGEL 0.5 % SOLUCION OFTALMICA,MATIGEL,Timolol,SOLUCION OFTALMICA,LABORATORIOS L.O. OFTALMI C.A.,lab_antiguo,cobeca,lab,"TIMOLOL SOL OFT 0,5% 10ML CR DIST",https://mav.farmaciasaas.com/api/images/articulos/DISTRIBUCION/22841.jpg
39207,ME44071,EVABOLIN 10 MG X 30 TABLETAS RECUBIERTAS,EVABOLIN,Empagliflozina,TABLETAS,LABORATORIO COFASA S.A.,lab_antiguo,cobeca,lab,EMPAGLIFLOZINA TAB 10MG X30 DIST,https://mav.farmaciasaas.com/api/images/articulos/DISTRIBUCION/52002.jpg
39209,ME44361,HEXANT 15 MG / 5 ML SOLUCION ORAL SABOR A FRESA,HEXANT,Ambroxol,SOLUCION ORAL,MEGALABS S.A.,lab_antiguo,cobeca,lab,AMBROXOL JBE PED 15MG/120ML KIMIC,https://mav.farmaciasaas.com/api/images/articulos/DISTRIBUCION/9120.jpg
39228,ME43741,GEMKAST 10 MG X 30 TABLETAS RECUBIERTAS,GEMKAST,Montelukast,TABLETAS,GEMA LABS C.A.,lab_antiguo,cobeca,lab,MONTELUKAST TAB 10MG X30 PLX,https://mav.farmaciasaas.com/api/images/articulos/DISTRIBUCION/27584.jpg
39245,ME42460,HIDROCLOROTIAZIDA 12.5 MG COMPRIMIDOS,HIDROCLOROTIAZIDA,Hidroclorotiazida,COMPRIMIDOS,LABORATORIOS SPEFAR VENEZOLANOS S.A.,lab_antiguo,cobeca,lab,"HIDROCLOROTIAZIDA TAB 12,5MG X30 PHARME",https://mav.farmaciasaas.com/api/images/articulos/DISTRIBUCION/53195.jpg
39248,ME39472,IBUPROFENO 400 MG-TIOCOLCHICOSIDO 4 MG COMPRIMIDOS,IBUPROFENO,,COMPRIMIDOS,LABORATORIOS SPEFAR VENEZOLANOS S.A.,lab_antiguo,cobeca,lab,IBUPROFENO TAB REC 400MG X10 PLX,https://mav.farmaciasaas.com/api/images/articulos/DISTRIBUCION/92855.jpg
39249,ME30199,IBUPROFENO 100 MG / 5 ML SUSPENSION ORAL,IBUPROFENO,Ibuprofeno,SOLUCION ORAL,LABORATORIOS SPEFAR VENEZOLANOS S.A.,lab_antiguo,cobeca,lab,IBUPROFENO SUSP 100MG/5ML 90ML LETI,https://mav.farmaciasaas.com/api/images/articulos/DISTRIBUCION/99047.jpg
39250,ME26698,IBUPROFENO 400 MG COMPRIMIDOS RECUBIERTOS,IBUPROFENO,Ibuprofeno,COMPRIMIDOS,LABORATORIOS LETI S.A.V.,lab_antiguo,cobeca,lab,IBUPROFENO TAB REC 400MG X10 PLX,https://mav.farmaciasaas.com/api/images/articulos/DISTRIBUCION/92855.jpg
39258,ME42456,IRBESARTAN 300 MG COMPRIMIDOS,IRBESARTAN,Irbesartan,COMPRIMIDOS,LABORATORIOS SPEFAR VENEZOLANOS S.A.,lab_antiguo,cobeca,lab,IRBESARTAN TAB 300 MG X 28 CLX,https://mav.farmaciasaas.com/api/images/articulos/DISTRIBUCION/28779.jpg
39270,HO30273/3,KETOPROFENO 100 MG / 2 ML X 10 AMPOLLAS,KETOPROFENO,Ketoprofeno,INYECTABLE,LABORATORIO COFASA S.A.,lab_antiguo,cobeca,lab,KETOPROFENO AMP IV/IM 100MG X10 TIAR,https://mav.farmaciasaas.com/api/images/articulos/DISTRIBUCION/26418.jpg
39287,ME29812,LORATADINA 10 MG COMPRIMIDOS,LORATADINA,Loratadina,COMPRIMIDOS,LABORATORIOS SPEFAR VENEZOLANOS S.A.,lab_antiguo,cobeca,lab,LORATADINA TAB 10MG X10 CLX,https://mav.farmaciasaas.com/api/images/articulos/DISTRIBUCION/9653.jpg
39291,ME42439,LOSARTAN POTASICO 100 MG COMPRIMIDOS RECUBIERTOS,LOSARTAN POTASICO,Losartan,COMPRIMIDOS,LABORATORIOS SPEFAR VENEZOLANOS S.A.,lab_antiguo,cobeca,lab,LOSARTAN POT TAB 100MG X 30 ANGELUS,https://mav.farmaciasaas.com/api/images/articulos/DISTRIBUCION/28528.jpg
39296,ME31259,MELOXICAM 15 MG COMPRIMIDOS,MELOXICAM,Meloxicam,COMPRIMIDOS,LABORATORIOS SPEFAR VENEZOLANOS S.A.,lab_antiguo,cobeca,lab,MELOXICAM TAB 15MG X 10 ANGELUS,https://mav.farmaciasaas.com/api/images/articulos/DISTRIBUCION/28529.jpg
39303,ME44313,MIDOL 500 MG X 10 TABLETAS,MIDOL,Acetaminofen,TABLETAS,GEMA LABS C.A.,lab_antiguo,cobeca,lab,ACETAMINOFEN COMP 500MG X10 LETI,https://mav.farmaciasaas.com/api/images/articulos/DISTRIBUCION/22931.jpg
39304,ME44314,MIDOL FORTE 650 MG X 10 TABLETAS,MIDOL FORTE,Acetaminofen,TABLETAS,GEMA LABS C.A.,lab_antiguo,cobeca,lab,ACETAMINOFEN TAB 650MG X10 PHARME,https://mav.farmaciasaas.com/api/images/articulos/DISTRIBUCION/11552.jpg
39308,ME35447,MONTELUKAST 10 MG COMPRIMIDOS RECUBIERTOS,MONTELUKAST,Montelukast,COMPRIMIDOS,LABORATORIOS LETI S.A.V.,lab_antiguo,cobeca,lab,MONTELUKAST TAB REC 10MG X10 PHARME,https://mav.farmaciasaas.com/api/images/articulos/DISTRIBUCION/18804.jpg
39315,ME42653,NEBLUM 50 MG X 30 TABLETAS RECUBIERTAS,NEBLUM,Sacubitrilo - Valsartan,TABLETAS,LABORATORIOS FARMA S.A.,lab_antiguo,cobeca,lab,SACUBITRILO/VALSA TAB REC 50MGX30 CRDIST,https://mav.farmaciasaas.com/api/images/articulos/DISTRIBUCION/53386.jpg
39328,ME30489,OMEPRAZOL 20 MG X 28 CAPSULAS,OMEPRAZOL,,CAPSULAS,LABORATORIOS SPEFAR VENEZOLANOS S.A.,lab_antiguo,cobeca,lab,OMEPRAZOL CAP 20MG X28 CLX,https://mav.farmaciasaas.com/api/images/articulos/DISTRIBUCION/8254.jpg
39341,ME21271,PINVEX 5 % - 1 % SOLUCION,PINVEX,Salicilico Acido,LOCION,LABORATORIO COFASA S.A.,lab_antiguo,cobeca,lab,SERUM VERABELL AC SALICILICO 30ML,https://mav.farmaciasaas.com/api/images/articulos/DISTRIBUCION/52918.jpg
39345,ME42605B,QUETIAPINA 100 MG COMPRIMIDOS RECUBIERTOS,QUETIAPINA,Quetiapina,COMPRIMIDOS,LABORATORIOS LETI S.A.V.,lab_antiguo,cobeca,lab,QUETIAPINA TAB 100MG X30 PHARMA,https://mav.farmaciasaas.com/api/images/articulos/DISTRIBUCION/27607.jpg
39346,ME42604,QUETIAPINA 25 MG COMPRIMIDOS RECUBIERTOS,QUETIAPINA,Quetiapina Hemifumarato,COMPRIMIDOS,LABORATORIOS LETI S.A.V.,lab_antiguo,cobeca,lab,QUETIAPINA TAB 25MG X30 PHARMA,https://mav.farmaciasaas.com/api/images/articulos/DISTRIBUCION/27606.jpg
39348,ME42526,QUETIAPINA 25 MG COMPRIMIDOS,QUETIAPINA,Quetiapina,COMPRIMIDOS,LABORATORIOS SPEFAR VENEZOLANOS S.A.,lab_antiguo,cobeca,lab,QUETIAPINA TAB 25MG X30 PHARMA,https://mav.farmaciasaas.com/api/images/articulos/DISTRIBUCION/27606.jpg
39349,ME40285,RAMIPRES HCT 2.5 MG - 12.5 MG COMPRIMIDOS,RAMIPRES HCT,Hidroclorotiazida - Ramipril,COMPRIMIDOS,MEGALABS S.A.,lab_antiguo,cobeca,lab,"HIDROCLOROTIAZIDA TAB 12,5MG X30 PHARME",https://mav.farmaciasaas.com/api/images/articulos/DISTRIBUCION/53195.jpg
39359,ME27689,SALBUROL 0.5 % SOLUCION PARA INHALACION,SALBUROL,Salbutamol,INHALACION,LABORATORIOS VALMOR C.A.,lab_antiguo,cobeca,lab,SALBUTAMOL INH 100MCG X200DOSIS CR DIST,https://mav.farmaciasaas.com/api/images/articulos/DISTRIBUCION/20949.jpg
39360,ME30996,SALBUTAMOL 0.5 % SOLUCION PARA INHALAR,SALBUTAMOL,Salbutamol,LOCION,LABORATORIOS L.O. OFTALMI C.A.,lab_antiguo,cobeca,lab,SALBUTAMOL INH 100MCG X200DOSIS CR DIST,https://mav.farmaciasaas.com/api/images/articulos/DISTRIBUCION/20949.jpg
39362,ME42517,SERTRALINA 50 MG COMPRIMIDOS,SERTRALINA,Sertralina,COMPRIMIDOS,LABORATORIOS SPEFAR VENEZOLANOS S.A.,lab_antiguo,cobeca,lab,SERTRALINA TAB 50MG X30 CLEO,https://mav.farmaciasaas.com/api/images/articulos/DISTRIBUCION/25669.jpg
39366,ME40535,SITAGLIS MET 50 MG - 850 MG COMPRIMIDOS RECUBIERTOS,SITAGLIS MET,Metformina - Sitagliptina,COMPRIMIDOS,LABORATORIOS LETI S.A.V.,lab_antiguo,cobeca,lab,METFORMINA CLORHIDRATO TAB 850MG X30 PLX,https://mav.farmaciasaas.com/api/images/articulos/DISTRIBUCION/53284.jpg
39369,ME44642,SUEROLITO ZINC 75 MEQ / L SOLUCION ELECTROLITICA USO ORAL SABOR A CHICLE,SUEROLITO ZINC,Dextrosa - Zinc,SOLUCION ORAL,LABORATORIOS BALKER C.A.,lab_antiguo,cobeca,lab,SERUM DERNIER NIACINAMIDA/ZINC X 30G,https://mav.farmaciasaas.com/api/images/articulos/DISTRIBUCION/28492.jpg
39370,ME44638,SUEROLITO ZINC 75 MEQL / L SOLUCION ELECTROLITICA USO ORAL SABOR A COCO,SUEROLITO ZINC,Dextrosa - Zinc,SOLUCION ORAL,LABORATORIOS BALKER C.A.,lab_antiguo,cobeca,lab,SERUM DERNIER NIACINAMIDA/ZINC X 30G,https://mav.farmaciasaas.com/api/images/articulos/DISTRIBUCION/28492.jpg
39371,ME44639,SUEROLITO ZINC 75 MEQ / L SOLUCION ELECTROLITICA USO ORAL SABOR A FRESA,SUEROLITO ZINC,Dextrosa - Zinc,SOLUCION ORAL,LABORATORIOS BALKER C.A.,lab_antiguo,cobeca,lab,SERUM DERNIER NIACINAMIDA/ZINC X 30G,https://mav.farmaciasaas.com/api/images/articulos/DISTRIBUCION/28492.jpg
39372,ME44641,SUEROLITO ZINC 75 MEQ / L SOLUCION ELECTROLITICA USO ORAL SABOR A MANDARINA,SUEROLITO ZINC,Dextrosa - Zinc,SOLUCION ORAL,LABORATORIOS BALKER C.A.,lab_antiguo,cobeca,lab,SERUM DERNIER NIACINAMIDA/ZINC X 30G,https://mav.farmaciasaas.com/api/images/articulos/DISTRIBUCION/28492.jpg
39373,ME44640,SUEROLITO ZINC 75 MEQ / L SOLUCION ELECTROLITICA USO ORAL SABOR A UVA,SUEROLITO ZINC,Dextrosa - Zinc,SOLUCION ORAL,LABORATORIOS BALKER C.A.,lab_antiguo,cobeca,lab,SERUM DERNIER NIACINAMIDA/ZINC X 30G,https://mav.farmaciasaas.com/api/images/articulos/DISTRIBUCION/28492.jpg
39374,ME44643,SUEROLITO ZINC 75 MEQ / L SOLUCION ELECTROLITICA USO ORAL SABOR A MANZANA,SUEROLITO ZINC,Dextrosa - Zinc,SOLUCION ORAL,LABORATORIOS BALKER C.A.,lab_antiguo,cobeca,lab,SERUM DERNIER NIACINAMIDA/ZINC X 30G,https://mav.farmaciasaas.com/api/images/articulos/DISTRIBUCION/28492.jpg
39376,ME32130,SULTAMICILINA 750 MG COMPRIMIDOS RECUBIERTOS,SULTAMICILINA,,COMPRIMIDOS,LABORATORIOS SPEFAR VENEZOLANOS S.A.,lab_antiguo,cobeca,lab,SULTAMICILINA TAB 750MG X10 CR DAC,https://mav.farmaciasaas.com/api/images/articulos/DISTRIBUCION/20939.jpg
39384,ME44195/2,TARVINA 20 MG X 10 TABLETAS RECUBIERTAS,TARVINA,Atorvastatina,TABLETAS,GEMA LABS C.A.,lab_antiguo,cobeca,lab,ATORVASTATINA COMP 20MG X10 LETI,https://mav.farmaciasaas.com/api/images/articulos/DISTRIBUCION/4070.jpg
39385,ME44195/3,TARVINA 20 MG X 30 TABLETAS RECUBIERTAS,TARVINA,Atorvastatina,TABLETAS,GEMA LABS C.A.,lab_antiguo,cobeca,lab,ATORVASTATINA TAB REC 20MG X30 PHARME,https://mav.farmaciasaas.com/api/images/articulos/DISTRIBUCION/22227.jpg
39402,ME38569,VALSARTAN 160 MG CAPSULAS,VALSARTAN,Valsartan,CAPSULAS,LABORATORIOS KIMICEG C.A.,lab_antiguo,cobeca,lab,VALSARTAN TAB 160MG X10 ANG/H,https://mav.farmaciasaas.com/api/images/articulos/DISTRIBUCION/21372.jpg
39403,ME36230,VALSARTAN-HIDROCLOROTIAZIDA 160 MG-12.5 MG X 30 COMPRIMIDOS RECUBIERTOS,VALSARTAN-HIDROCLOROTIAZIDA,,COMPRIMIDOS,LABORATORIOS LETI S.A.V.,lab_antiguo,cobeca,lab,VALSARTAN TAB REC 160MG X30 ANG/H,https://mav.farmaciasaas.com/api/images/articulos/DISTRIBUCION/52911.jpg
39414,ME28666,YONAL 15 MG / 5 ML SOLUCION ORAL,YONAL,Dextrometorfano,SOLUCION ORAL,BIOTECH LABORATORIOS C.A.,lab_antiguo,cobeca,lab,DEXTROMETORFANO JBE 15MG/5ML 120ML BIOQ,https://mav.farmaciasaas.com/api/images/articulos/DISTRIBUCION/26399.jpg
39419,ME43846,ALBENDAZOL 100 MG / 5 ML SUSPENSION ORAL,ALBENDAZOL,Albendazol,SOLUCION ORAL,MOREPEN LABORATORIES LIMITED,lab_antiguo,cobeca,lab,ALBENDAZOL SUSP 100MG/5ML 20ML PORTU,https://mav.farmaciasaas.com/api/images/articulos/DISTRIBUCION/25009.jpg
39420,ME35027,ALBENDAZOL 200 MG TABLETAS RECUBIERTAS MASTICABLES,ALBENDAZOL,Albendazol,TABLETAS,BIOTECH LABORATORIOS C.A.,lab_antiguo,cobeca,lab,ALBENDAZOL TAB 200MG X6 PHARME,https://mav.farmaciasaas.com/api/images/articulos/DISTRIBUCION/1526.jpg
39422,ME34071,ALERVAX 120 MG X 10 TABLETAS RECUBIERTAS,ALERVAX,Fexofenadina,TABLETAS,PROCAPS S.A.,lab_antiguo,cobeca,lab,FEXOFENADINA TAB 120MG X10 CLX,https://mav.farmaciasaas.com/api/images/articulos/DISTRIBUCION/92005.jpg
39424,ME34809,ANALPERNAX 250 MG X 10 CAPSULAS,ANALPERNAX,Naproxeno,CAPSULAS,LABORATORIO LA SANTE C.A.,lab_antiguo,cobeca,lab,NAPROXENO COMP 250MG X10 CCM,https://mav.farmaciasaas.com/api/images/articulos/DISTRIBUCION/53117.jpg
39426,ME1482,ANGIOFLUX (SULODEXIDA) 250 LSU X 25 CAPSULAS BLANDAS,ANGIOFLUX (SULODEXIDA),Sulodexida,CAPSULAS,CATALENT ITALY S.P.A,lab_antiguo,cobeca,lab,ANGIOFLUX CAP BLD 250LSU X25 LETI,https://mav.farmaciasaas.com/api/images/articulos/DISTRIBUCION/52055.jpg
39431,ME34821,ULTRAFEN FORTE 650 MG X 10 CAPSULAS BLANDAS,ULTRAFEN FORTE,Acetaminofen,CAPSULAS,INDUSTRIAS INTERCAPS DE VENEZUELA C.A.,lab_antiguo,cobeca,lab,ACETAMINOFEN TAB 650MG X10 PHARME,https://mav.farmaciasaas.com/api/images/articulos/DISTRIBUCION/11552.jpg
39434,ME44711,ATAPEC 25 MG X 30 COMPRIMIDOS RECUBIERTOS,ATAPEC,Quetiapina,COMPRIMIDOS,VICENTE SCAVONE & CIA. S.A.E. - LABORATORIOS LASCA,lab_antiguo,cobeca,lab,ATAPEC COMP REC 25MG X30 FC,https://mav.farmaciasaas.com/api/images/articulos/DISTRIBUCION/53750.jpg
39437,ME36689,AZITROMICINA 500 MG X 3 TABLETA RECUBIERTA,AZITROMICINA,Azitromicina,TABLETAS,CORPORACION INFARMASA S.A.,lab_antiguo,cobeca,lab,AZITROMICINA TAB 500MG X3 CLX,https://mav.farmaciasaas.com/api/images/articulos/DISTRIBUCION/11009.jpg
39441,ME31588,OTALEX 0.2 % - 1 % SUSPENSION OTICA,OTALEX,Ciprofloxacino - Hidrocortisona,SUSPENSION ORAL,MEGALABS S.A.,lab_antiguo,cobeca,lab,HIDROCORTISONA SOL IM/IV 500MG X1 ADN,https://mav.farmaciasaas.com/api/images/articulos/DISTRIBUCION/53234.jpg
39448,ME32411,BUDESONIDA 50 MCG / DOSIS SUSPENSION PARA INHALACION ORAL,BUDESONIDA,Budesonida,SUSPENSION ORAL,LABORATORIO ALDO UNION S.L.,lab_antiguo,cobeca,lab,BUDESONIDA INH PED 50MCG X200DOSIS MDF,https://mav.farmaciasaas.com/api/images/articulos/DISTRIBUCION/4804.jpg
39449,ME43037,HIOSCINA N-BUTILBROMURO 10 MG X 10 TABLETAS RECUBIERTAS,HIOSCINA N-BUTILBROMURO,,TABLETAS,JIANGXI XIER KANGTAI PHARMACEUTICAL CO. LTD,lab_antiguo,cobeca,lab,BUTILBROM D/HIOSCINA TAB 10MGX10 BLUE/M,https://mav.farmaciasaas.com/api/images/articulos/DISTRIBUCION/23872.jpg
39450,ME44027,NAFAZOLINA CLORHIDRATO 0.012 % SOLUCION OFTALMICA,NAFAZOLINA CLORHIDRATO,Nafazolina,SOLUCION OFTALMICA,INDIANA OPHTHALMICS,lab_antiguo,cobeca,lab,"NAFAZOLINA HCL SOL/OFT 0,12MG/ML X 15ML",https://mav.farmaciasaas.com/api/images/articulos/DISTRIBUCION/29413.jpg
39454,ME38185,CILOSTAL 100 MG X 30 TABLETAS,CILOSTAL,Cilostazol,TABLETAS,ALTEA FARMACEUTICA S.A.,lab_antiguo,cobeca,lab,CILOSTAZOL TAB REC 100MG X30 CLEO,https://mav.farmaciasaas.com/api/images/articulos/DISTRIBUCION/52907.jpg
39457,ME44393,DOLMOBROX 15 MG / 5 ML SOLUCION ORAL,DOLMOBROX,Dextrometorfano,SOLUCION ORAL,MEGALABS S.A.,lab_antiguo,cobeca,lab,DEXTROMETORFANO JBE 15MG/5ML 120ML BIOQ,https://mav.farmaciasaas.com/api/images/articulos/DISTRIBUCION/26399.jpg
39458,ME42403,CLINDAMICINA 1 % GEL TOPICO,CLINDAMICINA,Clindamicina,GEL,LABORATORIOS SPEFAR VENEZOLANOS S.A.,lab_antiguo,cobeca,lab,CLINDAMICINA GEL TOP 1% 15G CR ZUK,https://mav.farmaciasaas.com/api/images/articulos/DISTRIBUCION/23694.jpg
39459,ME44198,CLOBETASOL PROPIONATO 0.05 % CREMA,CLOBETASOL PROPIONATO,Clobetasol Propionato,CREMA,FAREVA VILLA RICA S.A.S.,lab_antiguo,cobeca,lab,"CLOBETASOL PROPIONAT CREM 0,05% 20G CLX",https://mav.farmaciasaas.com/api/images/articulos/DISTRIBUCION/90441.jpg
39460,ME43843,CLORDITAN 12.5 MG X 30 TABLETAS,CLORDITAN,Clortalidona,TABLETAS,SYNOKEM PHARMACEUTICALS LIMITED,lab_antiguo,cobeca,lab,"CLORTALIDONA TAB 12,5MG X30 CR MT",https://mav.farmaciasaas.com/api/images/articulos/DISTRIBUCION/50972.jpg
39462,ME35192,CLOTRIMAZOL 2 % CREMA VAGINAL,CLOTRIMAZOL,Clotrimazol,CREMA,LABORATORIOS KIMICEG C.A.,lab_antiguo,cobeca,lab,CLOTRIMAZOL CREM VAG 2% 20G LETI,https://mav.farmaciasaas.com/api/images/articulos/DISTRIBUCION/51265.jpg
39469,ME44385,DUNIXI 10 MG X 30 COMPRIMIDOS RECUBIERTOS,DUNIXI,Dapagliflozina,COMPRIMIDOS,MALVIYA CHEMICALS & PHARMACEUTICALS (P) LTD,lab_antiguo,cobeca,lab,DAPAGLIFLOZINA TAB 10MG X30 CR MT,https://mav.farmaciasaas.com/api/images/articulos/DISTRIBUCION/53037.jpg
39471,ME37218,MEDIGRIP DIA 500 MG - 2 MG - 3 MG X 10 COMPRIMIDOS,MEDIGRIP DIA,Acetaminofen - Cafeina - Clorfeniramina,COMPRIMIDOS,SM PHARMA C.A.,lab_antiguo,cobeca,lab,ACETAMINOFEN TAB 500MG X10 KMP,https://mav.farmaciasaas.com/api/images/articulos/DISTRIBUCION/53478.jpg
39472,ME37301,DICLOFENAC SODICO 1 % GEL,DICLOFENAC SODICO,Diclofenaco,GEL,LABORATORIOS VARGAS S.A.,lab_antiguo,cobeca,lab,DICLOFENAC SOD GEL 1% 50G SGG,https://mav.farmaciasaas.com/api/images/articulos/DISTRIBUCION/24336.jpg
39475,HO26290,DEXAMETASONA 21-FOLATO 4 MG / ML X 10 AMPOLLAS,DEXAMETASONA,Dexametasona,INYECTABLE,LABORATORIO FARMACO FARMAHECO S.P.A,lab_antiguo,cobeca,lab,DEXAMETASONA F/SOD SOL INY 4MG/1MLX10 DT,https://mav.farmaciasaas.com/api/images/articulos/DISTRIBUCION/23086.jpg
39479,ME42667,SITAGLIPTINA - METFORMINA CLORHIDRATO 50 MG - 500 MG TABLETAS RECUBIERTAS,SITAGLIPTINA - METFORMINA CLORHIDRATO,Metformina - Sitagliptina,TABLETAS,THEON PHARMACEUTICALS LTD,lab_antiguo,cobeca,lab,SITAGLIPTINA METF TAB 50/500MG X30 ANG/H,https://mav.farmaciasaas.com/api/images/articulos/DISTRIBUCION/23675.jpg
39485,ME36125,CLOTRIMAZOL - NEOMICINA - DEXAMETASONA 1 % - 0.5 % - 0.04 % X 1 CREMA,CLOTRIMAZOL - NEOMICINA - DEXAMETASONA,Clotrimazol - Dexametasona,CREMA,LABORATORIO LA SANTE C.A.,lab_antiguo,cobeca,lab,CLOTRIMAZOL CREM TOP 1% 20G ALESS,https://mav.farmaciasaas.com/api/images/articulos/DISTRIBUCION/51996.jpg
39506,ME37839,TERBINAFINA CLORHIDRATO 1 % CREMA,TERBINAFINA CLORHIDRATO,Terbinafina,CREMA,CALOX INTERNATIONAL C.A.,lab_antiguo,cobeca,lab,TERBINAFINA CREM 1% 15G KIMIC,https://mav.farmaciasaas.com/api/images/articulos/DISTRIBUCION/96827.jpg
39510,HO43429,FLUCONAZOL 200 MG / 100 ML SOLUCION PARA INFUSION,FLUCONAZOL,Fluconazol,INYECTABLE,HEBEI TIANCHENG PHARMACEUTICALS CO. LTD,lab_antiguo,cobeca,lab,FLUCONAZOL SOL INY 200MG/100ML BLUE,https://mav.farmaciasaas.com/api/images/articulos/DISTRIBUCION/29940.jpg
39513,ME35723,GABICTAL 300 MG X 30 COMPRIMIDOS RECUBIERTOS,GABICTAL,Gabapentina,COMPRIMIDOS,MONTE VERDE S.A.,lab_antiguo,cobeca,lab,GABAPENTINA TAB 300MG X30 ANG/H,https://mav.farmaciasaas.com/api/images/articulos/DISTRIBUCION/20432.jpg
39520,ME42581,PEDIALYTE ZINC 60 MEQ SOLUCION ELECTROLITICA DE USO ORAL SABOR A UVA X 60 SOLUCION ORAL,PEDIALYTE ZINC,Glucosa - Zinc,SOLUCION ORAL,ABBOTT LABORATORIES DE MEXICO S.A. DE C.V,lab_antiguo,cobeca,lab,HYDRORAL PRO + ZINC 500ML BIOF,https://mav.farmaciasaas.com/api/images/articulos/DISTRIBUCION/53564.jpg
39522,HO41500/3,GLUTANIL AL 20 % X 60 AMPOLLAS,GLUTANIL AL,Glutamina,INYECTABLE,LABORATORIO BEHRENS C.A.,lab_antiguo,cobeca,lab,L-GLUTAMINA/VIT B12 X 60 HERBAPLANT,https://mav.farmaciasaas.com/api/images/articulos/DISTRIBUCION/28485.jpg
39523,HO34920,HIDROCORTISONA 100 MG X 10 AMPOLLAS,HIDROCORTISONA,Hidrocortisona,INYECTABLE,VITROFARMA S.A.,lab_antiguo,cobeca,lab,HIDROCORTISONA PVO P/SOL 100MG DISTRILAB,https://mav.farmaciasaas.com/api/images/articulos/DISTRIBUCION/28788.jpg
39524,HO44584,BIOCORTIN 500 MG X 1 AMPOLLA,BIOCORTIN,Hidrocortisona,INYECTABLE,SUNLIFE PHARMA SERVICES - NIXI LABORATORIES PVT. LTD.,lab_antiguo,cobeca,lab,HIDROCORTISONA SOL IM/IV 500MG X1 ADN,https://mav.farmaciasaas.com/api/images/articulos/DISTRIBUCION/53234.jpg
39530,ME37978,KEPPRA 100 MG / ML SOLUCION ORAL,KEPPRA,Levetiracetam,SOLUCION ORAL,NEXTPHARMA SAS,lab_antiguo,cobeca,lab,KEPPRA SOL/ORAL 100MG/MG X 300ML,https://mav.farmaciasaas.com/api/images/articulos/DISTRIBUCION/28896.jpg
39532,ME35431,BIOKETOF 2.5 % GEL PARA USO T,BIOKETOF,Ketoprofeno,GEL,LABORATORIO BIOGALENIC C.A.,lab_antiguo,cobeca,lab,"KETOPROFENO GEL 2,5% 50G DIST",https://mav.farmaciasaas.com/api/images/articulos/DISTRIBUCION/52479.jpg
39542,ME43601,MINOXIDIL FORTE 5 % SOLUCION TOPICA,MINOXIDIL FORTE,Minoxidil,SOLUCION TOPICA,LABORATORIO LA SANTE C.A.,lab_antiguo,cobeca,lab,MINOXIDIL SOL TOP 5% X 60 ML LA SANTE,https://mav.farmaciasaas.com/api/images/articulos/DISTRIBUCION/28505.jpg
39545,ME43010,DESLORATADINA - MONTELUKAST 5 MG - 10 MG X 30 TABLETAS RECUBIERTAS,DESLORATADINA - MONTELUKAST,Desloratadina - Montelukast,TABLETAS,MASCOT HEALTH SERIES PVT. LTD.,lab_antiguo,farmanselmo,lab,AIRCOF PLUS MONTELUKAST+DESLORATADINA 10MG+5MG x30 TABLETAS COFASA (E),https://pccentro.net.ve/img/s/8/1/9/4/8/81948-large_default.webp
39556,ME44095,OPRABLU 20 MG X 30 CAPSULAS,OPRABLU,Omeprazol,CAPSULAS,OLON S.P.A,lab_antiguo,cobeca,lab,OMEPRAZOL CAP/MICRO G 20MG X 30 GENVEN,https://mav.farmaciasaas.com/api/images/articulos/DISTRIBUCION/29950.jpg
39557,HO44280,OLXAC 40 MG X 1 AMPOLLA,OLXAC,Omeprazol,INYECTABLE,SHANDONG YUXIN PHARMACEUTICAL CO. LTD,lab_antiguo,cobeca,lab,OMEPRAZOL PVO P/SOL INY 40MG X1 CR DIST,https://mav.farmaciasaas.com/api/images/articulos/DISTRIBUCION/51351.jpg
39558,ME43540,PARACETAMOL 120 MG / 5 ML SOLUCION ORAL,PARACETAMOL,Paracetamol,SOLUCION ORAL,MOREPEN LABORATORIES LIMITED,lab_antiguo,cobeca,lab,PARACETAMOL JBE 120MG/5ML 120ML PORTU,https://mav.farmaciasaas.com/api/images/articulos/DISTRIBUCION/23734.jpg
39562,ME34155,PENTOXIFILINA 400 MG X 30 TABLETAS RECUBIERTAS DE LIBERACION PROLONGADA,PENTOXIFILINA,Pentoxifilina,TABLETAS,EMPRESA LABORATORIOS MEDSOL,lab_antiguo,cobeca,lab,PENTOXIFILINA TAB 400MG X30 CR CCM,https://mav.farmaciasaas.com/api/images/articulos/DISTRIBUCION/21851.jpg
39566,ME43937,PREDNISONA 5 MG / 5 ML SOLUCION ORAL,PREDNISONA,Prednisona,SOLUCION ORAL,MOREPEN LABORATORIES LIMITED,lab_antiguo,cobeca,lab,PREDNISONA SUSP 5MG/5ML 60ML PORTU,https://mav.farmaciasaas.com/api/images/articulos/DISTRIBUCION/25016.jpg
39567,ME44199,PREGATAN 75 MG X 30 CAPSULAS,PREGATAN,Pregabalina,CAPSULAS,REMUS PHARMACEUTICALS PVT. LTD.,lab_antiguo,cobeca,lab,PREGATAN TAB 75MG X30 ZORIAK,https://mav.farmaciasaas.com/api/images/articulos/DISTRIBUCION/21971.jpg
39569,ME40781,RANITIDINA 150 MG / 10 ML X 10 SOLUCION ORAL,RANITIDINA,Ranitidina,SOLUCION ORAL,SM PHARMA C.A.,lab_antiguo,cobeca,lab,RANITIDINA SOL ORAL 150MG/10ML BIOQ,https://mav.farmaciasaas.com/api/images/articulos/DISTRIBUCION/53151.jpg
39575,HO42230,CLORURO DE SODIO 0.9 % - GLUCOSA 5 % X 10 AMPOLLAS,CLORURO DE SODIO,Glucosa,INYECTABLE,SHIYAO YINHU PHARMACEUTICAL CO. LTD,lab_antiguo,cobeca,lab,CLORURO D/MAGNE SOL FRAMB 240ML RECETT,https://mav.farmaciasaas.com/api/images/articulos/DISTRIBUCION/52787.jpg
39593,ME43940,TOMYCIN DEX 0.3 % - 0.1 % SUSPENSION OFTALMICA,TOMYCIN DEX,Dexametasona - Tobramicina,SOLUCION OFTALMICA,THE IBN SINA PHARMACEUTICAL INDUSTRY LTD,lab_antiguo,cobeca,lab,"TOMYCIN SOL OFT 0,3% 5ML CAPSUV",https://mav.farmaciasaas.com/api/images/articulos/DISTRIBUCION/23365.jpg
39598,ME44209,VERICOLAN 450 MG - 50 MG X 30 TABLETAS RECUBIERTAS,VERICOLAN,Diosmina - Hesperidina,TABLETAS,LABORATORIO COFASA S.A.,lab_antiguo,cobeca,lab,DIOSMINA/HESPER TAB 450/50MG X30 CR DIST,https://mav.farmaciasaas.com/api/images/articulos/DISTRIBUCION/24807.jpg
39602,ME35193,GYNOCLOCIM 2 % CREMA VAGINAL,GYNOCLOCIM,Clotrimazol,CREMA,LABORATORIOS KIMICEG C.A.,lab_antiguo,cobeca,lab,CLOTRIMAZOL CREM VAG 2% 20G LETI,https://mav.farmaciasaas.com/api/images/articulos/DISTRIBUCION/51265.jpg