producto_id,sku,nombre_comercial,nucleo,molecula,forma,laboratorio,categoria,fuente,gates,url_en_ledger,desc_candidata,foto_candidata,sigla,clave_real,lab_real,lab_nuevo,nota
37296,ME4629/2,ACIDO FOLICO 5 MG X 10 COMPRIMIDOS,ACIDO FOLICO,Folico Acido,COMPRIMIDOS,MEGALABS S.A.,generico_otro_lab,cobeca,lab_generico,,ACIDO FOLICO TAB 5MG X10 MEY,https://mav.farmaciasaas.com/api/images/articulos/DISTRIBUCION/20331.jpg,MEY,MEY,"LABORATORIOS SIEGFRIED, S.A.",no,
37302,ME43094,ACIDO IBANDRONICO 150 MG X 1 TABLETA RECUBIERTA,ACIDO IBANDRONICO,Acido Ibandronico Sodio Monohidrato,TABLETAS,MASCOT HEALTH SERIES PVT. LTD.,generico_otro_lab,cobeca,lab_generico,,AC IBANDRONICO TAB 150MG X1 ZUZU,https://mav.farmaciasaas.com/api/images/articulos/DISTRIBUCION/52763.jpg,ZUZU,ZUZU,"LABORATORIOS ZUZU, C.A.",si,
37303,ME43992,ACIDO TRANEXAMICO 500 MG X 10 TABLETAS RECUBIERTAS,ACIDO TRANEXAMICO,Tranexamico Acido,TABLETAS,SHILPA PHARMA LIFESCIENCES LIMITED,generico_otro_lab,cobeca,lab_generico,,AC TRANEXAMICO TAB 500MG X10 KMP,https://mav.farmaciasaas.com/api/images/articulos/DISTRIBUCION/53498.jpg,KMP,KMP,"KMPLUS PHARMACEUTICALS, C.A.",si,
37306,ME42665,ACECLOFENACO 100 MG X 10 TABLETAS RECUBIERTAS,ACECLOFENACO,Aceclofenaco,TABLETAS,THEON PHARMACEUTICALS LTD,generico_otro_lab,cobeca,lab_generico,,ACECLOFENACO TAB DISP 100MG X10 CR MT,https://mav.farmaciasaas.com/api/images/articulos/DISTRIBUCION/53399.jpg,CR MT,CR MT,"CASA DE REPRESENTACION MT GLOBAL CARE, C.A.",si,
37311,ME43639/4,ACETAMINOFEN 650 MG X 30 TABLETAS,ACETAMINOFEN,Acetaminofen,TABLETAS,LABORATORIOS L.O. OFTALMI C.A.,generico_otro_lab,cobeca,lab_generico,,ACETAMINOFEN COMP 650MG X30 LETI,https://mav.farmaciasaas.com/api/images/articulos/DISTRIBUCION/15591.jpg,LETI,LETI,"LABORATORIOS LETI, S.A.V.",no,
37312,ME43707,ACETAMINOFEN 150 MG / 5 ML JARABE,ACETAMINOFEN,Acetaminofen,JARABE,AARTI PHARMALABS LIMITED,generico_otro_lab,farmanselmo,lab_generico,,ACETAMINOFEN JARABE 150MG/5ML x120ML LA SANTE (E),https://pccentro.net.ve/img/s/1/8/1/9/5/18195-large_default.webp,LA SANTE,LA SANTE,"LABORATORIO LA SANTE, C.A.",no,
37313,ME40083,ACETAMINOFEN 120 MG / 5 ML SOLUCION ORAL,ACETAMINOFEN,Acetaminofen,SOLUCION ORAL,SM PHARMA C.A.,generico_otro_lab,cobeca,lab_generico,,ACETAMINOFEN SOL 120MG/5ML 120ML BIOQ,https://mav.farmaciasaas.com/api/images/articulos/DISTRIBUCION/53087.jpg,BIOQ,BIOQ,"BIOQUIMICA INTERNACIONAL, C.A.",si,
37314,ME40084,ACETAMINOFEN 180 MG / 5 ML SOLUCION ORAL,ACETAMINOFEN,Acetaminofen,SOLUCION ORAL,SM PHARMA C.A.,generico_otro_lab,cobeca,lab_generico,,ACETAMINOFEN SOL 180MG/5ML 120ML LETI,https://mav.farmaciasaas.com/api/images/articulos/DISTRIBUCION/51788.jpg,LETI,LETI,"LABORATORIOS LETI, S.A.V.",no,
37316,ME25466/2,ACETAMINOFEN 500 MG X 10 COMPRIMIDOS,ACETAMINOFEN,Acetaminofen,COMPRIMIDOS,LABORATORIOS SPEFAR VENEZOLANOS S.A.,generico_otro_lab,cobeca,lab_generico,,ACETAMINOFEN COMP 500MG X10 LETI,https://mav.farmaciasaas.com/api/images/articulos/DISTRIBUCION/22931.jpg,LETI,LETI,"LABORATORIOS LETI, S.A.V.",no,
37317,ME25466/3,ACETAMINOFEN 500 MG X 30 COMPRIMIDOS,ACETAMINOFEN,Acetaminofen,COMPRIMIDOS,LABORATORIOS SPEFAR VENEZOLANOS S.A.,generico_otro_lab,farmanselmo,lab_generico,,ACETAMINOFEN 500MG x30 TABLETAS OFTALMI (E),https://pccentro.net.ve/img/s/8/7/8/2/6/87826-large_default.webp,OFTALMI,OFTALMI,"LABORATORIOS L.O. OFTALMI, C.A.",no,
37319,ME23275/2,ACETAMINOFEN 500 MG X 10 TABLETAS,ACETAMINOFEN,Acetaminofen,TABLETAS,LABORATORIO PLUSANDEX DE FARMACEUTICOS UNIDOS PLUSANDEX C.A.,generico_otro_lab,cobeca,lab_generico,,ACETAMINOFEN COMP 500MG X10 LETI,https://mav.farmaciasaas.com/api/images/articulos/DISTRIBUCION/22931.jpg,LETI,LETI,"LABORATORIOS LETI, S.A.V.",no,
37320,ME23275/3,ACETAMINOFEN 500 MG X 12 TABLETAS,ACETAMINOFEN,Acetaminofen,TABLETAS,LABORATORIO PLUSANDEX DE FARMACEUTICOS UNIDOS PLUSANDEX C.A.,generico_otro_lab,cobeca,lab_generico,,ACETAMINOFEN TAB 500MG X12 BIOQ,https://mav.farmaciasaas.com/api/images/articulos/DISTRIBUCION/22400.jpg,BIOQ,BIOQ,"BIOQUIMICA INTERNACIONAL, C.A.",si,
37321,ME23275/4,ACETAMINOFEN 500 MG X 24 TABLETAS,ACETAMINOFEN,Acetaminofen,TABLETAS,LABORATORIO PLUSANDEX DE FARMACEUTICOS UNIDOS PLUSANDEX C.A.,generico_otro_lab,cobeca,lab_generico,,ACETAMINOFEN TAB 500MG X24 BIOQ,https://mav.farmaciasaas.com/api/images/articulos/DISTRIBUCION/22401.jpg,BIOQ,BIOQ,"BIOQUIMICA INTERNACIONAL, C.A.",si,
37324,ME37095,ACETAMINOFEN 500 MG X 20 TABLETAS,ACETAMINOFEN,Acetaminofen,TABLETAS,SM PHARMA C.A.,generico_otro_lab,cobeca,lab_generico,,ACETAMINOFEN TAB 500MG X20 PHARME,https://mav.farmaciasaas.com/api/images/articulos/DISTRIBUCION/7537.jpg,PHARME,PHARME,"LABORATORIO LA SANTE, C.A.",no,
37327,ME34148/3,ACETAZOLAMIDA 250 MG X 20 TABLETAS,ACETAZOLAMIDA,Acetazolamida,TABLETAS,EMPRESA LABORATORIOS MEDSOL,generico_otro_lab,cobeca,lab_generico,,ACETAZOLAMIDA TAB 250MG X20 KMP,https://mav.farmaciasaas.com/api/images/articulos/DISTRIBUCION/53492.jpg,KMP,KMP,"KMPLUS PHARMACEUTICALS, C.A.",si,
37328,ME34148/2,ACETAZOLAMIDA 250 MG X 10 TABLETAS,ACETAZOLAMIDA,Acetazolamida,TABLETAS,EMPRESA LABORATORIOS MEDSOL,generico_otro_lab,cobeca,lab_generico,,ACETAZOLAMIDA TAB 250MG X10 CR MT,https://mav.farmaciasaas.com/api/images/articulos/DISTRIBUCION/53177.jpg,CR MT,CR MT,"CASA DE REPRESENTACION MT GLOBAL CARE, C.A.",si,
37336,HO40581,ACICLOVIR 250 MG POLVO LIOFILIZADO PARA SOLUCION INYECTABLE PARA INFUSION INTRAVENOSA,ACICLOVIR,Aciclovir,INYECTABLE,VITALIS S.A.C.I.,generico_otro_lab,cobeca,lab_generico,,ACICLOVIR PVO SOL INY 250MG VIAL X1 DIST,https://mav.farmaciasaas.com/api/images/articulos/DISTRIBUCION/51935.jpg,DIST,DIST,"CASA DE REPRESENTACION DISTRILAB, C.A.",si,
37339,ME26178/3,ACICLOVIR 200 MG X 20 TABLETAS,ACICLOVIR,Aciclovir,TABLETAS,LABORATORIO PIFANO C.A.,generico_otro_lab,cobeca,lab_generico,,ACICLOVIR TAB 200MG X 20 POLINAC,https://mav.farmaciasaas.com/api/images/articulos/DISTRIBUCION/29551.jpg,POLINAC,POLINAC,"LABORATORIOS POLINAC, C.A.",no,
37341,ME26178/4,ACICLOVIR 200 MG X 24 TABLETAS,ACICLOVIR,Aciclovir,TABLETAS,LABORATORIO PIFANO C.A.,generico_otro_lab,cobeca,lab_generico,,ACICLOVIR TAB 200MG X24 PHARME,https://mav.farmaciasaas.com/api/images/articulos/DISTRIBUCION/7859.jpg,PHARME,PHARME,"LABORATORIO LA SANTE, C.A.",no,
37347,HO44464,ACIDO ASCORBICO 500 MG / 5 ML SOLUCION INYECTABLE,ACIDO ASCORBICO,Ascorbico Acido,INYECTABLE,GUIZHOU TIANDI PHARMACEUTICAL CO. LTD,generico_otro_lab,cobeca,lab_generico,,ACIDO ASCORBICO AMP 500MG/5MLX10 CR DIST,https://mav.farmaciasaas.com/api/images/articulos/DISTRIBUCION/23088.jpg,CR DIST,CR DIST,"CASA DE REPRESENTACION DISTRILAB, C.A.",si,
37350,HO3187/3,ACIDO FOLICO 10 MG / ML X 10 AMPOLLAS,ACIDO FOLICO,Folico Acido,INYECTABLE,MEGALABS S.A.,generico_otro_lab,cobeca,lab_generico,,ACIDO FOLICO AMP 10MG/2ML X10 CR DIST,https://mav.farmaciasaas.com/api/images/articulos/DISTRIBUCION/22846.jpg,CR DIST,CR DIST,"CASA DE REPRESENTACION DISTRILAB, C.A.",si,
37356,ME4630/2,ACIDO FOLICO 10 MG X 10 COMPRIMIDOS,ACIDO FOLICO,Folico Acido,COMPRIMIDOS,MEGALABS S.A.,generico_otro_lab,cobeca,lab_generico,,ACIDO FOLICO TAB 10MG X10 MEY,https://mav.farmaciasaas.com/api/images/articulos/DISTRIBUCION/20330.jpg,MEY,MEY,"LABORATORIOS SIEGFRIED, S.A.",no,
37368,ME43334,ADAPALENO - CLINDAMICINA 0.1 % - 1 % GEL,ADAPALENO - CLINDAMICINA,Adapaleno,GEL,LABORATORIOS SPEFAR VENEZOLANOS S.A.,generico_otro_lab,cobeca,lab_generico,,"ADAPALENO GEL TOP 0,1% 15G HM",https://mav.farmaciasaas.com/api/images/articulos/DISTRIBUCION/52420.jpg,HM,HM,"CASA DE REPRESENTACION H&M MEDICAL GROUP, C.A.",si,
37369,HO34745,ADRENALINA 1 MG / ML X 5 AMPOLLAS,ADRENALINA,Adrenalina,INYECTABLE,LABORATORIO BIOSANO S.A.,generico_otro_lab,cobeca,lab_generico,,ADRENALINA SOL INY 1MG/ML X5 DIST,https://mav.farmaciasaas.com/api/images/articulos/DISTRIBUCION/52500.jpg,DIST,DIST,"CASA DE REPRESENTACION DISTRILAB, C.A.",si,
37374,HO32804,AGUA BIDESTILADA INYECTABLE,AGUA BIDESTILADA INYECTABLE,,INYECTABLE,LABORATORIO COFASA S.A.,generico_otro_lab,cobeca,lab_generico,,AGUA OXIG ALVA AL 3% 1L,https://mav.farmaciasaas.com/api/images/articulos/DISTRIBUCION/28584.jpg,(override),(override),"ALCOHOLES VALENCIA, C.A.",si,agua_oxig_alva
37375,HO1694,AGUA DESTILADA ESTERIL SOLUCION INYECTABLE,AGUA DESTILADA ESTERIL SOLUCION INYECTABLE,,INYECTABLE,LABORATORIOS VALMOR C.A.,generico_otro_lab,cobeca,lab_generico,,AGUA OXIG ALVA AL 3% 1L,https://mav.farmaciasaas.com/api/images/articulos/DISTRIBUCION/28584.jpg,(override),(override),"ALCOHOLES VALENCIA, C.A.",si,agua_oxig_alva
37381,ME43288,ALBENDAZOL 400 MG X 10 TABLETAS MASTICABLES,ALBENDAZOL,Albendazol,TABLETAS,CORAL LABORATORIES LTD,generico_otro_lab,cobeca,lab_generico,,ALBENDAZOL 400MG TAB MAST X10 ZUZU,https://mav.farmaciasaas.com/api/images/articulos/DISTRIBUCION/52550.jpg,ZUZU,ZUZU,"LABORATORIOS ZUZU, C.A.",si,
37383,ME40605/2,ALBENDAZOL 200 MG X 2 COMPRIMIDOS,ALBENDAZOL,Albendazol,COMPRIMIDOS,SM PHARMA C.A.,generico_otro_lab,cobeca,lab_generico,,ALBENDAZOL TAB 200MG X2 PLX,https://mav.farmaciasaas.com/api/images/articulos/DISTRIBUCION/17968.jpg,PLX,PLX,"LABORATORIO PLUSANDEX DE FARMACEUTICOS UNIDOS, PLUSANDEX, C.A.",no,
37384,ME40605/3,ALBENDAZOL 200 MG X 6 COMPRIMIDOS,ALBENDAZOL,Albendazol,COMPRIMIDOS,SM PHARMA C.A.,generico_otro_lab,cobeca,lab_generico,,ALBENDAZOL TAB 200MG X6 PHARME,https://mav.farmaciasaas.com/api/images/articulos/DISTRIBUCION/1526.jpg,PHARME,PHARME,"LABORATORIO LA SANTE, C.A.",no,
37391,ME32131,ALENDRONATO SODICO 70 MG X 4 COMPRIMIDOS,ALENDRONATO SODICO,Alendronico Acido,COMPRIMIDOS,LABORATORIOS LETI S.A.V.,generico_otro_lab,cobeca,lab_generico,,ALENDRONATO SOD TAB 70MG X 4 ZUZU,https://mav.farmaciasaas.com/api/images/articulos/DISTRIBUCION/50383.jpg,ZUZU,ZUZU,"LABORATORIOS ZUZU, C.A.",si,
37418,HO23247,AMIKACINA 500 MG / 2 ML X 1 AMPOLLA,AMIKACINA,Amikacina,INYECTABLE,C.A. PRODUCTOS RONAVA,generico_otro_lab,cobeca,lab_generico,,AMIKACINA AMP 500MG/2ML X1 ADN,https://mav.farmaciasaas.com/api/images/articulos/DISTRIBUCION/27450.jpg,ADN,ADN,"CASA DE REPRESENTACION ADN MEDICAL, C.A.",si,
37419,HO24946,AMIKACINA 500 MG / 2 ML X 1 AMPOLLA,AMIKACINA,Amikacina,INYECTABLE,LABORATORIOS VALMOR C.A.,generico_otro_lab,cobeca,lab_generico,,AMIKACINA AMP 500MG/2ML X1 ADN,https://mav.farmaciasaas.com/api/images/articulos/DISTRIBUCION/27450.jpg,ADN,ADN,"CASA DE REPRESENTACION ADN MEDICAL, C.A.",si,
37420,HO26424,AMIKACINA 100 MG / 2 ML X 10 AMPOLLAS,AMIKACINA,,INYECTABLE,LABORATORIOS VALMOR C.A.,generico_otro_lab,cobeca,lab_generico,,AMIKACINA INY IM/IV 100MG/2ML X10 KMP,https://mav.farmaciasaas.com/api/images/articulos/DISTRIBUCION/53493.jpg,KMP,KMP,"KMPLUS PHARMACEUTICALS, C.A.",si,
37424,ME30206/4,AMLODIPINA 10 MG X 60 COMPRIMIDOS,AMLODIPINA,Amlodipino,COMPRIMIDOS,LABORATORIOS LETI S.A.V.,generico_otro_lab,cobeca,lab_generico,,AMLODIPINA COMP 10MG X60 DORO,https://mav.farmaciasaas.com/api/images/articulos/DISTRIBUCION/20112.jpg,DORO,DORO,"CASA DE REPRESENTACION DOROPHARMA, C.A.",si,
37425,ME30206/2,AMLODIPINA 10 MG X 10 COMPRIMIDOS,AMLODIPINA,Amlodipino,COMPRIMIDOS,LABORATORIOS LETI S.A.V.,generico_otro_lab,cobeca,lab_generico,,AMLODIPINA TAB 10MG X10 PHARME,https://mav.farmaciasaas.com/api/images/articulos/DISTRIBUCION/2419.jpg,PHARME,PHARME,"LABORATORIO LA SANTE, C.A.",no,
37429,ME39126/2,AMLODIPINA 10 MG X 20 TABLETAS,AMLODIPINA,,TABLETAS,CALOX INTERNATIONAL C.A.,generico_otro_lab,cobeca,lab_generico,,AMLODIPINA TAB 10MG X20 KIMIC,https://mav.farmaciasaas.com/api/images/articulos/DISTRIBUCION/92638.jpg,KIMIC,KIMIC,"LABORATORIOS KIMICEG, C.A.",no,
37433,ME31230,AMLODIPINA 5 MG X 30 TABLETAS,AMLODIPINA,,TABLETAS,LABORATORIO COFASA S.A.,generico_otro_lab,cobeca,lab_generico,,AMLODIPINA TAB 5MG X30 PHARME,https://mav.farmaciasaas.com/api/images/articulos/DISTRIBUCION/99081.jpg,PHARME,PHARME,"LABORATORIO LA SANTE, C.A.",no,
37438,ME43040,AMOXICILINA 500 MG X 10 CAPSULAS,AMOXICILINA,,CAPSULAS,JIANGXI XIER KANGTAI PHARMACEUTICAL CO. LTD,generico_otro_lab,cobeca,lab_generico,,AMOXICILINA CAP 500MG X 10 DISTR,https://mav.farmaciasaas.com/api/images/articulos/DISTRIBUCION/30058.jpg,DISTR,DIST,"CASA DE REPRESENTACION DISTRILAB, C.A.",si,
37440,ME20340/3,AMOXICILINA 500 MG X 10 CAPSULAS,AMOXICILINA,Amoxicilina,CAPSULAS,CALOX INTERNATIONAL C.A.,generico_otro_lab,cobeca,lab_generico,,AMOXICILINA CAP 500MG X 10 DISTR,https://mav.farmaciasaas.com/api/images/articulos/DISTRIBUCION/30058.jpg,DISTR,DIST,"CASA DE REPRESENTACION DISTRILAB, C.A.",si,
37441,ME20340/4,AMOXICILINA 500 MG X 12 CAPSULAS,AMOXICILINA,Amoxicilina,CAPSULAS,CALOX INTERNATIONAL C.A.,generico_otro_lab,cobeca,lab_generico,,AMOXICILINA CAP 500MG X12 LETI,https://mav.farmaciasaas.com/api/images/articulos/DISTRIBUCION/25978.jpg,LETI,LETI,"LABORATORIOS LETI, S.A.V.",no,
37442,ME20340/2,AMOXICILINA 500 MG X 6 CAPSULAS,AMOXICILINA,Amoxicilina,CAPSULAS,CALOX INTERNATIONAL C.A.,generico_otro_lab,cobeca,lab_generico,,AMOXICILINA CAP 500MG X6 PHARME,https://mav.farmaciasaas.com/api/images/articulos/DISTRIBUCION/5265.jpg,PHARME,PHARME,"LABORATORIO LA SANTE, C.A.",no,
37446,ME23745,AMOXICILINA 125 MG / 5 ML SUSPENSION,AMOXICILINA,,SUSPENSION ORAL,SM PHARMA C.A.,generico_otro_lab,cobeca,lab_generico,,AMOXICILINA SUSP 125MG/5ML BIU,https://mav.farmaciasaas.com/api/images/articulos/DISTRIBUCION/26127.jpg,BIU,BIU,"CASA DE REPRESENTACION BIUMAK PHARMACEUTICALS, C.A.",si,
37447,ME25639,AMOXICILINA 250 MG / 5 ML POLVO PARA SUSPENSION,AMOXICILINA,Amoxicilina,POLVO PARA RECONSTITUCION,SYNTOFARMA S.A.,generico_otro_lab,cobeca,lab_generico,,AMOXICILINA PVO PED 250MG/5ML 60ML CLX,https://mav.farmaciasaas.com/api/images/articulos/DISTRIBUCION/51378.jpg,CLX,CLX,"CALOX INTERNATIONAL, C.A.",no,
37452,ME22089,AMOXIVAL 250 MG / 5 ML POLVO PARA SUSPENSION ORAL,AMOXIVAL,Amoxicilina,POLVO PARA RECONSTITUCION,LABORATORIOS VALMOR C.A.,generico_otro_lab,cobeca,lab_generico,,AMOXICILINA PVO PED 250MG/5ML 60ML CLX,https://mav.farmaciasaas.com/api/images/articulos/DISTRIBUCION/51378.jpg,CLX,CLX,"CALOX INTERNATIONAL, C.A.",no,
37463,ME42609,ANASTROZOL 1 MG X 30 TABLETAS RECUBIERTAS,ANASTROZOL,Anastrozol,TABLETAS,SALUTAS PHARMA GMBH.,generico_otro_lab,cobeca,lab_generico,,ANASTROZOL TAB 1MG X30 CR MT,https://mav.farmaciasaas.com/api/images/articulos/DISTRIBUCION/26476.jpg,CR MT,CR MT,"CASA DE REPRESENTACION MT GLOBAL CARE, C.A.",si,
37480,ME44489,APITENA 2.5 MG X 30 COMPRIMIDOS RECUBIERTOS,APITENA,Apixaban,COMPRIMIDOS,FARMACEUTICA PARAGUAYA S.A.,generico_otro_lab,cobeca,lab_generico,,APIXABAN TAB/REC 2.5MG X 30 MT,https://mav.farmaciasaas.com/api/images/articulos/DISTRIBUCION/30329.jpg,MT,MT,"CASA DE REPRESENTACION MT GLOBAL CARE, C.A.",si,
37510,ME43445,ATAPEC 100 MG X 30 TABLETAS RECUBIERTAS,ATAPEC,,TABLETAS,TITAN LABORATORIES PVT. LTD.,generico_otro_lab,cobeca,lab_generico,,ATAPEC TAB 100MG X30 FC,https://mav.farmaciasaas.com/api/images/articulos/DISTRIBUCION/25050.jpg,FC,FC,"LABORATORIOS FC PHARMA, C.A.",si,
37512,ME25816,ATENOLOL 100 MG X 30 TABLETAS,ATENOLOL,Atenolol,TABLETAS,CALOX INTERNATIONAL C.A.,generico_otro_lab,cobeca,lab_generico,,ATENOLOL TAB 100MG X30 PHARME,https://mav.farmaciasaas.com/api/images/articulos/DISTRIBUCION/7789.jpg,PHARME,PHARME,"LABORATORIO LA SANTE, C.A.",no,
37513,ME25817,ATENOLOL 50 MG X 30 TABLETAS,ATENOLOL,Atenolol,TABLETAS,CALOX INTERNATIONAL C.A.,generico_otro_lab,cobeca,lab_generico,,ATENOLOL TAB 50MG X30 BUKA,https://mav.farmaciasaas.com/api/images/articulos/DISTRIBUCION/23700.jpg,BUKA,BUKA,"LABORATORIOS BUKA, C.A.",si,
37514,ME25982,ATENOLOL 50 MG X 30 COMPRIMIDOS,ATENOLOL,Atenolol,COMPRIMIDOS,LABORATORIOS LETI S.A.V.,generico_otro_lab,cobeca,lab_generico,,ATENOLOL TAB 50MG X30 BUKA,https://mav.farmaciasaas.com/api/images/articulos/DISTRIBUCION/23700.jpg,BUKA,BUKA,"LABORATORIOS BUKA, C.A.",si,
37516,ME39468/3,ATORVACOF 20 MG X 30 TABLETAS RECUBIERTAS,ATORVACOF,Atorvastatina,TABLETAS,LABORATORIO COFASA S.A.,generico_otro_lab,cobeca,lab_generico,,ATORVASTATINA TAB REC 20MG X30 PHARME,https://mav.farmaciasaas.com/api/images/articulos/DISTRIBUCION/22227.jpg,PHARME,PHARME,"LABORATORIO LA SANTE, C.A.",no,
37518,ME32690/3,ATORVASTATINA 20 MG X 14 COMPRIMIDOS RECUBIERTOS,ATORVASTATINA,Atorvastatina,COMPRIMIDOS,LABORATORIOS LETI S.A.V.,generico_otro_lab,cobeca,lab_generico,,ATORVASTATINA TAB 20MG X14 PHARME,https://mav.farmaciasaas.com/api/images/articulos/DISTRIBUCION/11565.jpg,PHARME,PHARME,"LABORATORIO LA SANTE, C.A.",no,
37522,ME37775,ATORVASTATINA 20 MG X 30 TABLETAS RECUBIERTAS,ATORVASTATINA,,TABLETAS,EMPRESA LABORATORIOS MEDSOL,generico_otro_lab,cobeca,lab_generico,,ATORVASTATINA TAB REC 20MG X30 PHARME,https://mav.farmaciasaas.com/api/images/articulos/DISTRIBUCION/22227.jpg,PHARME,PHARME,"LABORATORIO LA SANTE, C.A.",no,
37523,ME35340/3,ATORVASTATINA 40 MG X 30 TABLETAS RECUBIERTAS,ATORVASTATINA,Atorvastatina,TABLETAS,LABORATORIOS FARMA S.A.,generico_otro_lab,cobeca,lab_generico,,ATORVASTATINA COMP 40MG X30 LETI,https://mav.farmaciasaas.com/api/images/articulos/DISTRIBUCION/98292.jpg,LETI,LETI,"LABORATORIOS LETI, S.A.V.",no,
37524,ME35340/2,ATORVASTATINA 40 MG X 14 TABLETAS RECUBIERTAS,ATORVASTATINA,Atorvastatina,TABLETAS,LABORATORIOS FARMA S.A.,generico_otro_lab,cobeca,lab_generico,,ATORVASTATINA TAB REC 40MG X14 PHARME,https://mav.farmaciasaas.com/api/images/articulos/DISTRIBUCION/91726.jpg,PHARME,PHARME,"LABORATORIO LA SANTE, C.A.",no,
37532,ME29902,AUGMENTIN BID 875 MG - 125 MG TABLETAS RECUBIERTAS,AUGMENTIN BID,Amoxicilina - Clavulanico Acido,TABLETAS,SMITHKLINE BEECHAM LIMITED,generico_otro_lab,cobeca,lab_generico,,AUGMENTIN TAB 875MG/125MG X 14 GSK,https://mav.farmaciasaas.com/api/images/articulos/DISTRIBUCION/92934.jpg,GSK,GSK,"GLAXOSMITHKLINE VENEZUELA, C.A.",si,
37544,ME31564/3,AZITROMICINA 500 MG X 5 COMPRIMIDOS RECUBIERTOS,AZITROMICINA,Azitromicina,COMPRIMIDOS,LABORATORIOS SPEFAR VENEZOLANOS S.A.,generico_otro_lab,cobeca,lab_generico,,AZITROMICINA COMP 500MG X5 LETI,https://mav.farmaciasaas.com/api/images/articulos/DISTRIBUCION/6090.jpg,LETI,LETI,"LABORATORIOS LETI, S.A.V.",no,
37545,ME31564/2,AZITROMICINA 500 MG X 3 COMPRIMIDOS RECUBIERTOS,AZITROMICINA,Azitromicina,COMPRIMIDOS,LABORATORIOS SPEFAR VENEZOLANOS S.A.,generico_otro_lab,cobeca,lab_generico,,AZITROMICINA TAB 500MG X3 CLX,https://mav.farmaciasaas.com/api/images/articulos/DISTRIBUCION/11009.jpg,CLX,CLX,"CALOX INTERNATIONAL, C.A.",no,
37546,ME42509,AZITROMICINA 200 MG / 5 ML SUSPENSION ORAL,AZITROMICINA,Azitromicina,SUSPENSION ORAL,COOPER PHARMA LTD,generico_otro_lab,cobeca,lab_generico,,AZITROMICINA SUSP 200MG/5ML 15ML CR DIST,https://mav.farmaciasaas.com/api/images/articulos/DISTRIBUCION/21793.jpg,CR DIST,CR DIST,"CASA DE REPRESENTACION DISTRILAB, C.A.",si,
37547,ME42465,AZITROMICINA 500 MG X 5 TABLETAS RECUBIERTAS,AZITROMICINA,,TABLETAS,COOPER PHARMA LTD,generico_otro_lab,cobeca,lab_generico,,AZITROMICINA COMP 500MG X5 LETI,https://mav.farmaciasaas.com/api/images/articulos/DISTRIBUCION/6090.jpg,LETI,LETI,"LABORATORIOS LETI, S.A.V.",no,
37550,ME20140,BACITRACINA 500 UI - G UNGUENTO,BACITRACINA,Bacitracina,UNGUENTO,C.A. PRODUCTOS RONAVA,generico_otro_lab,cobeca,lab_generico,,BACITRACINA UNG 500UI/G X 20G DISTRILAB,https://mav.farmaciasaas.com/api/images/articulos/DISTRIBUCION/29019.jpg,DISTRILAB,DIST,"CASA DE REPRESENTACION DISTRILAB, C.A.",si,
37573,HO36271/2,BETAMETASONA 4 MG / ML X 1 AMPOLLA,BETAMETASONA,Betametasona,INYECTABLE,PHARMAYECT S.A.,generico_otro_lab,cobeca,lab_generico,,BETAMETASONA INY 4MG/1ML X1 VLM,https://mav.farmaciasaas.com/api/images/articulos/DISTRIBUCION/2117.jpg,VLM,VLM,"LABORATORIOS VALMOR, C.A.",no,
37587,ME43626,BISACODILO 5 MG X 10 TABLETAS GASTRORRESISTENTES,BISACODILO,Bisacodilo,TABLETAS,SG HEALTHCARE PVT. LTD.,generico_otro_lab,cobeca,lab_generico,,BISACODILO TAB 5MG X 10 FM,https://mav.farmaciasaas.com/api/images/articulos/DISTRIBUCION/28708.jpg,FM,FM,"CASA DE REPRESENTACION FARMACOS MEDIORIENTE, C.A.",si,
37591,ME36891,BISOPROLOL FUMARATO - HIDROCLOROTIAZIDA 5 MG - 6.25 MG X 30 TABLETAS,BISOPROLOL FUMARATO - HIDROCLOROTIAZIDA,Bisoprolol - Hidroclorotiazida,TABLETAS,CALOX INTERNATIONAL C.A.,generico_otro_lab,farmanselmo,lab_generico,,BIOTALOL HCT BISOPROLOL FUMARATO+HIDROCLOROTIAZIDA 5MG+6.25MG x30 COMPRIMIDOS LETI (E),https://pccentro.net.ve/img/s/6/8/7/3/8/68738-large_default.webp,LETI,LETI,"LABORATORIOS LETI, S.A.V.",no,
37592,ME42421,BISOPROLOL FUMARATO 10 MG X 30 COMPRIMIDOS RECUBIERTOS,BISOPROLOL FUMARATO,Bisoprolol,COMPRIMIDOS,LABORATORIOS SPEFAR VENEZOLANOS S.A.,generico_otro_lab,cobeca,lab_generico,,BISOPROLOL TAB 10MG X30 ANG/H,https://mav.farmaciasaas.com/api/images/articulos/DISTRIBUCION/21371.jpg,ANG/H,ANG/H,"INVERSIONES ANGELUS HEALTH, C.A.",si,
37594,ME44328,BISOPROLOL FUMARATO 5 MG X 30 TABLETAS RECUBIERTAS,BISOPROLOL FUMARATO,Bisoprolol,TABLETAS,RONALD PHARMACEUTICALS PVT. LTD.,generico_otro_lab,cobeca,lab_generico,,BISOPROLOL FUMARATO COMP 5MG X30 LETI,https://mav.farmaciasaas.com/api/images/articulos/DISTRIBUCION/98668.jpg,LETI,LETI,"LABORATORIOS LETI, S.A.V.",no,
37604,ME35864,BRASARTAN 160 MG X 30 TABLETAS RECUBIERTAS,BRASARTAN,Valsartan,TABLETAS,LABORATORIOS FARMA S.A.,generico_otro_lab,cobeca,lab_generico,,VALSARTAN TAB REC 160MG X30 ANG/H,https://mav.farmaciasaas.com/api/images/articulos/DISTRIBUCION/52911.jpg,ANG/H,ANG/H,"INVERSIONES ANGELUS HEALTH, C.A.",si,
37614,ME26069,CLORHIDRATO DE BROMEXINA 8 MG / 5 ML JARABE.,CLORHIDRATO DE BROMEXINA,Bromhexina,JARABE,LABORATORIOS SPEFAR VENEZOLANOS S.A.,generico_otro_lab,cobeca,lab_generico,,BROMEXINA JBE 8MG/5ML 120ML ADN,https://mav.farmaciasaas.com/api/images/articulos/DISTRIBUCION/27452.jpg,ADN,ADN,"CASA DE REPRESENTACION ADN MEDICAL, C.A.",si,
37615,ME40260,BROMEXINA CLORHIDRATO 4 MG / 5 ML JARABE,BROMEXINA CLORHIDRATO,,JARABE,SM PHARMA C.A.,generico_otro_lab,cobeca,lab_generico,,BROMEXINA JBE 4MG/5ML 120ML BIOQ,https://mav.farmaciasaas.com/api/images/articulos/DISTRIBUCION/14190.jpg,BIOQ,BIOQ,"BIOQUIMICA INTERNACIONAL, C.A.",si,
37616,ME35158,BROMHEXINA CLORHIDRATO 8 MG / 5 ML JARABE,BROMHEXINA CLORHIDRATO,,JARABE,LABORATORIOS SPEFAR VENEZOLANOS S.A.,generico_otro_lab,cobeca,lab_generico,,BROMHEXINA JBE PED4MG/5ML 120ML PHARME,https://mav.farmaciasaas.com/api/images/articulos/DISTRIBUCION/11549.jpg,PHARME,PHARME,"LABORATORIO LA SANTE, C.A.",no,
37617,ME36318,BROMHEXINA CLORHIDRATO 8 MG / 5 ML JARABE,BROMHEXINA CLORHIDRATO,,JARABE,LABORATORIO BIOGALENIC C.A.,generico_otro_lab,cobeca,lab_generico,,BROMHEXINA JBE PED4MG/5ML 120ML PHARME,https://mav.farmaciasaas.com/api/images/articulos/DISTRIBUCION/11549.jpg,PHARME,PHARME,"LABORATORIO LA SANTE, C.A.",no,
37663,ME37841,CANDESARTAN 8 MG X 30 TABLETAS,CANDESARTAN,,TABLETAS,LABORATORIO LA SANTE C.A.,generico_otro_lab,cobeca,lab_generico,,CANDESARTAN TAB 8MG X30 PHARME,https://mav.farmaciasaas.com/api/images/articulos/DISTRIBUCION/23944.jpg,PHARME,PHARME,"LABORATORIO LA SANTE, C.A.",no,
37670,ME25978/2,CAPTOPRIL 25 MG X 20 COMPRIMIDOS,CAPTOPRIL,Captopril,COMPRIMIDOS,LABORATORIOS LETI S.A.V.,generico_otro_lab,cobeca,lab_generico,,CAPTOPRIL TAB 25MG X20 KIMIC,https://mav.farmaciasaas.com/api/images/articulos/DISTRIBUCION/3029.jpg,KIMIC,KIMIC,"LABORATORIOS KIMICEG, C.A.",no,
37671,ME25738/2,CAPTOPRIL 25 MG X 20 TABLETAS,CAPTOPRIL,Captopril,TABLETAS,CALOX INTERNATIONAL C.A.,generico_otro_lab,cobeca,lab_generico,,CAPTOPRIL TAB 25MG X20 KIMIC,https://mav.farmaciasaas.com/api/images/articulos/DISTRIBUCION/3029.jpg,KIMIC,KIMIC,"LABORATORIOS KIMICEG, C.A.",no,
37676,ME24815/2,CARBAMAZEPINA 200 MG X 10 COMPRIMIDOS,CARBAMAZEPINA,Carbamazepina,COMPRIMIDOS,LABORATORIOS VALMOR C.A.,generico_otro_lab,cobeca,lab_generico,,CARBAMAZEPINA TAB 200MG X10 ZUZU,https://mav.farmaciasaas.com/api/images/articulos/DISTRIBUCION/52560.jpg,ZUZU,ZUZU,"LABORATORIOS ZUZU, C.A.",si,
37677,ME24815/3,CARBAMAZEPINA 200 MG X 20 COMPRIMIDOS,CARBAMAZEPINA,Carbamazepina,COMPRIMIDOS,LABORATORIOS VALMOR C.A.,generico_otro_lab,cobeca,lab_generico,,CARBAMAZEPINA TAB 200MG X20 CR DAC,https://mav.farmaciasaas.com/api/images/articulos/DISTRIBUCION/20947.jpg,CR DAC,CR DAC,"CASA DE REPRESENTACION DAC55, C.A.",no,
37678,ME28957,CARBAMAZEPINA 200 MG X 30 TABLETAS,CARBAMAZEPINA,Carbamazepina,TABLETAS,ESPROMED BIO C.A.,generico_otro_lab,cobeca,lab_generico,,CARBAMAZEPINA TAB 200MG X30 ANG/H,https://mav.farmaciasaas.com/api/images/articulos/DISTRIBUCION/23677.jpg,ANG/H,ANG/H,"INVERSIONES ANGELUS HEALTH, C.A.",si,
37679,ME43783,CARBAMAZEPINA 200 MG X 30 TABLETAS,CARBAMAZEPINA,Carbamazepina,TABLETAS,JIANGXI SYNERGY PHARMACEUTICAL CO. LTD,generico_otro_lab,cobeca,lab_generico,,CARBAMAZEPINA TAB 200MG X30 ANG/H,https://mav.farmaciasaas.com/api/images/articulos/DISTRIBUCION/23677.jpg,ANG/H,ANG/H,"INVERSIONES ANGELUS HEALTH, C.A.",si,
37680,ME43998,CARBAMAZEPINA 400 MG X 30 TABLETAS,CARBAMAZEPINA,Carbamazepina,TABLETAS,BRAWN LABORATORIES LIMITED,generico_otro_lab,cobeca,lab_generico,,CARBAMAZEPINA TAB 400MG X 30 ANGELUS,https://mav.farmaciasaas.com/api/images/articulos/DISTRIBUCION/28515.jpg,ANGELUS,ANGELUS,"INVERSIONES ANGELUS HEALTH, C.A.",si,
37685,ME1642,CARBONATO DE LITIO 300 MG X 20 CAPSULAS,CARBONATO DE LITIO,Litio,CAPSULAS,INDUSTRIAS DE MEDICAMENTOS GENERICOS R.X. C.A.,generico_otro_lab,cobeca,lab_generico,,CARBONATO D/LITIO CAP 300MG X20 BIOTECH,https://mav.farmaciasaas.com/api/images/articulos/DISTRIBUCION/4553.jpg,BIOTECH,BIOTECH,"BIOTECH LABORATORIOS, C.A.",no,
37704,ME30368,CEFADROXILO 500 MG X 10 CAPSULAS,CEFADROXILO,,CAPSULAS,FARMACOOP LTDA.,generico_otro_lab,cobeca,lab_generico,,CEFADROXILO CAP 500MG X10 LETI,https://mav.farmaciasaas.com/api/images/articulos/DISTRIBUCION/22822.jpg,LETI,LETI,"LABORATORIOS LETI, S.A.V.",no,
37705,ME27532,CEFADROXILO 500 MG X 10 CAPSULAS,CEFADROXILO,Cefadroxilo,CAPSULAS,SYNTOFARMA S.A.,generico_otro_lab,cobeca,lab_generico,,CEFADROXILO CAP 500MG X10 LETI,https://mav.farmaciasaas.com/api/images/articulos/DISTRIBUCION/22822.jpg,LETI,LETI,"LABORATORIOS LETI, S.A.V.",no,
37708,ME42857,CEFADROXILO 500 MG X 10 TABLETAS,CEFADROXILO,Cefadroxilo,TABLETAS,MARS REMEDIES PVT. LTD.,generico_otro_lab,cobeca,lab_generico,,CEFADROXILO CAP 500MG X10 LETI,https://mav.farmaciasaas.com/api/images/articulos/DISTRIBUCION/22822.jpg,LETI,LETI,"LABORATORIOS LETI, S.A.V.",no,
37711,HO44435,CEFAZOLINA 1 G X 10 AMPOLLAS,CEFAZOLINA,Cefazolina,INYECTABLE,FARMALOGICA S.A.,generico_otro_lab,cobeca,lab_generico,,CEFAZOLINA SOD PVO SOL INY 1G X10 DIST,https://mav.farmaciasaas.com/api/images/articulos/DISTRIBUCION/51988.jpg,DIST,DIST,"CASA DE REPRESENTACION DISTRILAB, C.A.",si,
37714,ME44329,CEFIXIMA 400 MG X 5 TABLETAS RECUBIERTAS,CEFIXIMA,Cefixima,TABLETAS,CALOX INTERNATIONAL C.A.,generico_otro_lab,cobeca,lab_generico,,CEFIXIMA CAP 400MG X5 LETI,https://mav.farmaciasaas.com/api/images/articulos/DISTRIBUCION/29896.jpg,LETI,LETI,"LABORATORIOS LETI, S.A.V.",no,
37719,HO33864,CEFTRIAXONA 1 G X 1 AMPOLLA,CEFTRIAXONA,,INYECTABLE,VITALIS S.A.C.I.,generico_otro_lab,cobeca,lab_generico,,CEFTRIAXONA AMP IM/IV 1G X1 CR GM,https://mav.farmaciasaas.com/api/images/articulos/DISTRIBUCION/51473.jpg,CR GM,CR GM,"CASA DE REPRESENTACION GLOBAL MEDIC, C.A.",si,
37720,HO29420,CEFTRIAXONA 1 G POLVO PARA SOLUCION INYECTABLE,CEFTRIAXONA,Ceftriaxona,INYECTABLE,"EMPRESA FARMACEUTICA ""8 DE MARZO""",generico_otro_lab,cobeca,lab_generico,,CEFTRIAXONA AMP IM/IV 1G X1 CR GM,https://mav.farmaciasaas.com/api/images/articulos/DISTRIBUCION/51473.jpg,CR GM,CR GM,"CASA DE REPRESENTACION GLOBAL MEDIC, C.A.",si,
37727,ME42717,CETIRIZINA CLORHIDRATO 10 MG X 10 TABLETAS RECUBIERTAS,CETIRIZINA CLORHIDRATO,Cetirizina,TABLETAS,CADILA PHARMACEUTICALS LIMITED,generico_otro_lab,cobeca,lab_generico,,CETIRIZINA COMP 10MG X10 LETI,https://mav.farmaciasaas.com/api/images/articulos/DISTRIBUCION/11497.jpg,LETI,LETI,"LABORATORIOS LETI, S.A.V.",no,
37730,ME44603,CETIRIZINA 5 MG / 5 ML SOLUCION ORAL,CETIRIZINA,Cetirizina,SOLUCION ORAL,ANTILA LIFESCIENCES PVT. LTD. (GANDHINAGAR),generico_otro_lab,cobeca,lab_generico,,CETIRIZINA SOL ORAL 5MG/5ML 60ML PHARME,https://mav.farmaciasaas.com/api/images/articulos/DISTRIBUCION/2328.jpg,PHARME,PHARME,"LABORATORIO LA SANTE, C.A.",no,
37744,ME43391,CILOSTAZOL 50 MG X 30 TABLETAS RECUBIERTAS,CILOSTAZOL,Cilostazol,TABLETAS,RONALD PHARMACEUTICALS PVT. LTD.,generico_otro_lab,cobeca,lab_generico,,CILOSTAZOL TAB 50MG X30 CLEO,https://mav.farmaciasaas.com/api/images/articulos/DISTRIBUCION/25678.jpg,CLEO,CLEO,"CORPORACION CLEOPHARMA, C.A.",si,
37745,ME42967,CILOSTAZOL 100 MG X 30 TABLETAS,CILOSTAZOL,Cilostazol,TABLETAS,WEST-COAST PHARMACEUTICAL WORKS LTD,generico_otro_lab,cobeca,lab_generico,,CILOSTAZOL TAB REC 100MG X30 CLEO,https://mav.farmaciasaas.com/api/images/articulos/DISTRIBUCION/52907.jpg,CLEO,CLEO,"CORPORACION CLEOPHARMA, C.A.",si,
37751,ME28283/3,CIPROFLOXACINA 500 MG X 14 TABLETAS RECUBIERTAS,CIPROFLOXACINA,,TABLETAS,LABORATORIO LA SANTE C.A.,generico_otro_lab,cobeca,lab_generico,,CIPROFLOXACINA COMP REC 500 X14 LETI,https://mav.farmaciasaas.com/api/images/articulos/DISTRIBUCION/51885.jpg,LETI,LETI,"LABORATORIOS LETI, S.A.V.",no,
37752,ME28283/2,CIPROFLOXACINA 500 MG X 6 TABLETAS RECUBIERTAS,CIPROFLOXACINA,,TABLETAS,LABORATORIO LA SANTE C.A.,generico_otro_lab,cobeca,lab_generico,,CIPROFLOXACINA TAB 500MG X6 ALESS,https://mav.farmaciasaas.com/api/images/articulos/DISTRIBUCION/20511.jpg,ALESS,ALESS,"ALESS PHARMACEUTICALS, C.A.",si,
37753,HO44719,CIPROFLOXACINA 200 MG / 100 ML SOLUCION INYECTABLE,CIPROFLOXACINA,,INYECTABLE,SHIJIAZHUANG NO 4 PHARMACEUTICAL CO. LTD,generico_otro_lab,cobeca,lab_generico,,CIPROFLOXACINA INF INY200MG/100ML CRDIST,https://mav.farmaciasaas.com/api/images/articulos/DISTRIBUCION/21337.jpg,CRDIST,CRDIST,"CASA DE REPRESENTACION DISTRILAB, C.A.",si,
37754,HO44679,CIPROFLOXACINA INFUSION 0.2 G / 100 ML SOLUCION PARA INFUSION INTRAVENOSA,CIPROFLOXACINA INFUSION,Ciprofloxacino,INYECTABLE,U SQUARE LIFESCIENCE PVT. LTD.,generico_otro_lab,cobeca,lab_generico,,CIPROFLOXACINA INF INY200MG/100ML CRDIST,https://mav.farmaciasaas.com/api/images/articulos/DISTRIBUCION/21337.jpg,CRDIST,CRDIST,"CASA DE REPRESENTACION DISTRILAB, C.A.",si,
37755,ME27827/4,CIPROFLOXACINA 500 MG X 10 TABLETAS RECUBIERTAS,CIPROFLOXACINA,,TABLETAS,CALOX INTERNATIONAL C.A.,generico_otro_lab,cobeca,lab_generico,,CIPROFLOXACINA TAB 500MG X10 CR DAC,https://mav.farmaciasaas.com/api/images/articulos/DISTRIBUCION/20945.jpg,CR DAC,CR DAC,"CASA DE REPRESENTACION DAC55, C.A.",no,
37756,ME27827/3,CIPROFLOXACINA 500 MG X 6 TABLETAS RECUBIERTAS,CIPROFLOXACINA,,TABLETAS,CALOX INTERNATIONAL C.A.,generico_otro_lab,cobeca,lab_generico,,CIPROFLOXACINA TAB 500MG X6 ALESS,https://mav.farmaciasaas.com/api/images/articulos/DISTRIBUCION/20511.jpg,ALESS,ALESS,"ALESS PHARMACEUTICALS, C.A.",si,
37759,ME26487/3,CIPROFLOXACINA 500 MG X 10 COMPRIMIDOS RECUBIERTOS,CIPROFLOXACINA,,COMPRIMIDOS,LABORATORIOS LETI S.A.V.,generico_otro_lab,cobeca,lab_generico,,CIPROFLOXACINA TAB 500MG X10 CR DAC,https://mav.farmaciasaas.com/api/images/articulos/DISTRIBUCION/20945.jpg,CR DAC,CR DAC,"CASA DE REPRESENTACION DAC55, C.A.",no,
37760,ME26487/2,CIPROFLOXACINA 500 MG X 6 COMPRIMIDOS RECUBIERTOS,CIPROFLOXACINA,,COMPRIMIDOS,LABORATORIOS LETI S.A.V.,generico_otro_lab,cobeca,lab_generico,,CIPROFLOXACINA TAB 500MG X6 ALESS,https://mav.farmaciasaas.com/api/images/articulos/DISTRIBUCION/20511.jpg,ALESS,ALESS,"ALESS PHARMACEUTICALS, C.A.",si,
37761,ME42422,CIPROFLOXACINO 500 MG X 10 TABLETAS RECUBIERTAS,CIPROFLOXACINO,Ciprofloxacino,TABLETAS,SWISS PARENTERALS LTD,generico_otro_lab,cobeca,lab_generico,,CIPROFLOXACINO TAB REC 500MG X10 BLUE,https://mav.farmaciasaas.com/api/images/articulos/DISTRIBUCION/50785.jpg,BLUE,BLUE,"BLUE MEDICAL PHARMACEUTICAL, C.A.",si,
37763,ME35266,CITALOPRAM 40 MG X 10 TABLETAS RECUBIERTAS,CITALOPRAM,Citalopram,TABLETAS,CALOX INTERNATIONAL C.A.,generico_otro_lab,cobeca,lab_generico,,CITALOPRAM TAB  40MG X10 CR MT,https://mav.farmaciasaas.com/api/images/articulos/DISTRIBUCION/53032.jpg,CR MT,CR MT,"CASA DE REPRESENTACION MT GLOBAL CARE, C.A.",si,
37767,ME36822/2,CITRATO DE CALCIO 1190 MG X 30 TABLETAS MASTICABLES SABOR A MANDARINA,CITRATO DE CALCIO,,TABLETAS,CALOX INTERNATIONAL C.A.,generico_otro_lab,cobeca,lab_generico,,CITRATO D/CA + VIT D3 TAB X30 G PHAR,https://mav.farmaciasaas.com/api/images/articulos/DISTRIBUCION/23439.jpg,PHAR,PHAR,PHARMATECH USA CORP,si,
37788,ME42956,CLOMIFENO CITRATO 50 MG X 30 TABLETAS,CLOMIFENO CITRATO,Clomifeno,TABLETAS,WEST-COAST PHARMACEUTICAL WORKS LTD,generico_otro_lab,cobeca,lab_generico,,CLOMIFENO TAB 50MG X 30 FM,https://mav.farmaciasaas.com/api/images/articulos/DISTRIBUCION/28709.jpg,FM,FM,"CASA DE REPRESENTACION FARMACOS MEDIORIENTE, C.A.",si,
37802,ME34084/3,CLOPIDOGREL 75 MG X 20 COMPRIMIDOS RECUBIERTOS,CLOPIDOGREL,Clopidogrel,COMPRIMIDOS,LABORATORIOS LETI S.A.V.,generico_otro_lab,cobeca,lab_generico,,CLOPIDOGREL TAB 75MG X20 FMED,https://mav.farmaciasaas.com/api/images/articulos/DISTRIBUCION/51767.jpg,FMED,FMED,"CASA DE REPRESENTACION FARMACOS MEDIORIENTE, C.A.",si,
37803,ME34084/4,CLOPIDOGREL 75 MG X 30 COMPRIMIDOS RECUBIERTOS,CLOPIDOGREL,Clopidogrel,COMPRIMIDOS,LABORATORIOS LETI S.A.V.,generico_otro_lab,cobeca,lab_generico,,CLOPIDOGREL TAB 75MG X30 ALESS,https://mav.farmaciasaas.com/api/images/articulos/DISTRIBUCION/22848.jpg,ALESS,ALESS,"ALESS PHARMACEUTICALS, C.A.",si,
37805,ME37534,CLOPIDOGREL 75 MG X 30 TABLETAS RECUBIERTAS,CLOPIDOGREL,,TABLETAS,EMPRESA LABORATORIOS MEDSOL,generico_otro_lab,cobeca,lab_generico,,CLOPIDOGREL TAB 75MG X30 ALESS,https://mav.farmaciasaas.com/api/images/articulos/DISTRIBUCION/22848.jpg,ALESS,ALESS,"ALESS PHARMACEUTICALS, C.A.",si,
37806,ME43375,CLOPIDOGREL 75 MG X 30 TABLETAS RECUBIERTAS,CLOPIDOGREL,Clopidogrel,TABLETAS,JIANGXI XIER KANGTAI PHARMACEUTICAL CO. LTD,generico_otro_lab,cobeca,lab_generico,,CLOPIDOGREL TAB 75MG X30 ALESS,https://mav.farmaciasaas.com/api/images/articulos/DISTRIBUCION/22848.jpg,ALESS,ALESS,"ALESS PHARMACEUTICALS, C.A.",si,
37814,ME43585/4,DOPALEN 200 MG X 30 CAPSULAS DE LIBERACION PROLONGADA,DOPALEN,Mebeverina,CAPSULAS,BIOTECH LABORATORIOS C.A.,generico_otro_lab,cobeca,lab_generico,,CLORHID D/MEBEVERINA CAP 200MG X30 CR MT,https://mav.farmaciasaas.com/api/images/articulos/DISTRIBUCION/54229.jpg,CR MT,CR MT,"CASA DE REPRESENTACION MT GLOBAL CARE, C.A.",si,
37818,HO37055,CLORURO DE POTASIO 2 MEQ / ML SOLUCION INYECTABLE,CLORURO DE POTASIO,,INYECTABLE,CORPAUL COLOMBIA,generico_otro_lab,cobeca,lab_generico,,"CLORURO D/SOD SOL INY 0,9% 100ML IPS",https://mav.farmaciasaas.com/api/images/articulos/DISTRIBUCION/21357.jpg,IPS,IPS,"IPS DE VENEZUELA, C.A.",si,
37820,ME32566,CLORURO DE SODIO 0.9 % SOLUCION ISOTONICA PARA IRRIGACION ESTERIL,CLORURO DE SODIO,,LOCION,LABORATORIO BEHRENS C.A.,generico_otro_lab,cobeca,lab_generico,,CLORURO D/MAGNES 25G FCH,https://mav.farmaciasaas.com/api/images/articulos/DISTRIBUCION/17780.jpg,FCH,FCH,"LABORATORIO FINE CHEMICALS C.F.C., C.A.",si,
37823,ME43751,CLOTRIMAZOL 100 MG X 6 OVULOS VAGINALES,CLOTRIMAZOL,Clotrimazol,OVULOS,LABORATORIOS FARMACEUTICOS LAFAR S.A. (CIUDAD DE EL ALTO),generico_otro_lab,cobeca,lab_generico,,CLOTRIMAZOL OVUL 100MG X6 TIAR,https://mav.farmaciasaas.com/api/images/articulos/DISTRIBUCION/26419.jpg,TIAR,TIAR,"TIARES, C.A.",si,
37824,ME39062,CLOTRIMAZOL 500 MG X 1 OVULO VAGINAL,CLOTRIMAZOL,Clotrimazol,OVULOS,LABORATORIOS ALFA C X A,generico_otro_lab,cobeca,lab_generico,,CLOTRIMAZOL OVUL 500MG X1 TIAR,https://mav.farmaciasaas.com/api/images/articulos/DISTRIBUCION/26410.jpg,TIAR,TIAR,"TIARES, C.A.",si,
37835,HO1587,COMPLEJO DE VITAMINA B X 3 AMPOLLAS,COMPLEJO DE VITAMINA B X,,INYECTABLE,PRODUCTOS LISTER FENIX C.A.,generico_otro_lab,cobeca,lab_generico,,COMPLEJO B AMP 2 ML X3 VIV,https://mav.farmaciasaas.com/api/images/articulos/DISTRIBUCION/5118.jpg,VIV,VIV,"CALOX INTERNATIONAL, C.A.",no,
37864,ME30715/4,DALTAZEN 60 MG X 30 COMPRIMIDOS,DALTAZEN,Diltiazem,COMPRIMIDOS,MEGALABS S.A.,generico_otro_lab,cobeca,lab_generico,,DILTIAZEM TAB 60MG X 30 ANGELUS,https://mav.farmaciasaas.com/api/images/articulos/DISTRIBUCION/28519.jpg,ANGELUS,ANGELUS,"INVERSIONES ANGELUS HEALTH, C.A.",si,
37874,ME32194/2,DEFLAZACORT 6 MG X 10 COMPRIMIDOS,DEFLAZACORT,Deflazacort,COMPRIMIDOS,LABORATORIOS LETI S.A.V.,generico_otro_lab,cobeca,lab_generico,,DEFLAZACORT TAB 6MG X10 CLX,https://mav.farmaciasaas.com/api/images/articulos/DISTRIBUCION/91527.jpg,CLX,CLX,"CALOX INTERNATIONAL, C.A.",no,
37901,HO42510,DEXAMETASONA FOSFATO SODICO 4 MG / ML SOLUCION INYECTABLE,DEXAMETASONA FOSFATO SODICO,,INYECTABLE,CAPLIN POINT LABORATORIES LIMITED,generico_otro_lab,cobeca,lab_generico,,DEXAMETASONA F/SOD SOL INY 4MG/1MLX10 DT,https://mav.farmaciasaas.com/api/images/articulos/DISTRIBUCION/23086.jpg,DT,DT,"CASA DE REPRESENTACION DISTRILAB, C.A.",si,
37902,HO42502,DEXAMETASONA FOSFATO SODICO 8 MG / 2 ML SOLUCION INYECTABLE,DEXAMETASONA FOSFATO SODICO,,INYECTABLE,DEUTSCHE LABS. INC.,generico_otro_lab,cobeca,lab_generico,,DEXAMETASONA F/SOD SOL INY 8MG/2MLX10 DT,https://mav.farmaciasaas.com/api/images/articulos/DISTRIBUCION/23087.jpg,DT,DT,"CASA DE REPRESENTACION DISTRILAB, C.A.",si,
37904,HO42601,DEXAMETASONA 8 MG / 2 ML X 10 AMPOLLAS,DEXAMETASONA,Dexametasona,INYECTABLE,LABORATORIO BIOSANO S.A.,generico_otro_lab,cobeca,lab_generico,,DEXAMETASONA F/SOD SOL INY 8MG/2MLX10 DT,https://mav.farmaciasaas.com/api/images/articulos/DISTRIBUCION/23087.jpg,DT,DT,"CASA DE REPRESENTACION DISTRILAB, C.A.",si,
37913,ME43584,DIACEREINA 50 MG X 10 CAPSULAS,DIACEREINA,Diacereina,CAPSULAS,RONALD PHARMACEUTICALS PVT. LTD.,generico_otro_lab,cobeca,lab_generico,,DIACEREINA CAP 50MG X 10 MT,https://mav.farmaciasaas.com/api/images/articulos/DISTRIBUCION/50231.jpg,MT,MT,"CASA DE REPRESENTACION MT GLOBAL CARE, C.A.",si,
37921,ME44533,DICARVEX 25 MG X 30 TABLETAS,DICARVEX,Carvedilol,TABLETAS,LABORATORIO PLUSANDEX DE FARMACEUTICOS UNIDOS PLUSANDEX C.A.,generico_otro_lab,cobeca,lab_generico,,CARVEDILOL TAB REC 25MG X30 KIMIC,https://mav.farmaciasaas.com/api/images/articulos/DISTRIBUCION/54225.jpg,KIMIC,KIMIC,"LABORATORIOS KIMICEG, C.A.",no,
37929,ME43045/2,DICLOFENACO POTASICO 50 MG X 10 TABLETAS RECUBIERTAS,DICLOFENACO POTASICO,Diclofenaco,TABLETAS,JIANGXI XIER KANGTAI PHARMACEUTICAL CO. LTD,generico_otro_lab,cobeca,lab_generico,,DICLOFENACO POT TAB REC 50MG X10 BLUE/M,https://mav.farmaciasaas.com/api/images/articulos/DISTRIBUCION/54424.jpg,BLUE/M,BLUE,"BLUE MEDICAL PHARMACEUTICAL, C.A.",si,
37931,ME43045/3,DICLOFENACO POTASICO 50 MG X 20 TABLETAS RECUBIERTAS,DICLOFENACO POTASICO,Diclofenaco,TABLETAS,JIANGXI XIER KANGTAI PHARMACEUTICAL CO. LTD,generico_otro_lab,cobeca,lab_generico,,DICLOFENACO POTA TAB 50MG X20 KIMIC,https://mav.farmaciasaas.com/api/images/articulos/DISTRIBUCION/55.jpg,KIMIC,KIMIC,"LABORATORIOS KIMICEG, C.A.",no,
37932,ME28851,DICLOFENAC SODICO 50 MG X 20 TABLETAS CON RECUBRIMIENTO ENTERICO,DICLOFENAC SODICO,,TABLETAS,LABORATORIO LA SANTE C.A.,generico_otro_lab,cobeca,lab_generico,,DICLOFENAC POTA TAB 50MG X20 CR DAC,https://mav.farmaciasaas.com/api/images/articulos/DISTRIBUCION/23145.jpg,CR DAC,CR DAC,"CASA DE REPRESENTACION DAC55, C.A.",no,
37934,ME43099,DICLOFENACO POTASICO 50 MG X 20 TABLETAS CON RECUBRIMIENTO ENTERICO,DICLOFENACO POTASICO,,TABLETAS,VIDA LABORATORIES (P) LIMITED,generico_otro_lab,cobeca,lab_generico,,DICLOFENACO POTA TAB 50MG X20 KIMIC,https://mav.farmaciasaas.com/api/images/articulos/DISTRIBUCION/55.jpg,KIMIC,KIMIC,"LABORATORIOS KIMICEG, C.A.",no,
37955,ME38177/4,DIOSMINA 600 MG X 30 TABLETAS RECUBIERTAS,DIOSMINA,Diosmina,TABLETAS,CALOX INTERNATIONAL C.A.,generico_otro_lab,cobeca,lab_generico,,DIOSMINA TAB REC 600MG X30 DAC,https://mav.farmaciasaas.com/api/images/articulos/DISTRIBUCION/53521.jpg,DAC,DAC,"CASA DE REPRESENTACION DAC55, C.A.",no,
37956,ME36420,DIOSMINA - HESPERIDINA 450 MG - 50 MG X 30 TABLETAS RECUBIERTAS,DIOSMINA - HESPERIDINA,Diosmina - Hesperidina,TABLETAS,CALOX INTERNATIONAL C.A.,generico_otro_lab,cobeca,lab_generico,,DIOSMINA/HESPER TAB 450MG/50MG X30 ANG/H,https://mav.farmaciasaas.com/api/images/articulos/DISTRIBUCION/52910.jpg,ANG/H,ANG/H,"INVERSIONES ANGELUS HEALTH, C.A.",si,
37957,ME40371,DIOSMINA-HESPERIDINA 450 MG-50 MG COMPRIMIDOS RECUBIERTOS,DIOSMINA-HESPERIDINA,,COMPRIMIDOS,LABORATORIO ELEA PHOENIX S.A.,generico_otro_lab,cobeca,lab_generico,,DIOSMINA/HESPER TAB 450MG/50MG X30 ANG/H,https://mav.farmaciasaas.com/api/images/articulos/DISTRIBUCION/52910.jpg,ANG/H,ANG/H,"INVERSIONES ANGELUS HEALTH, C.A.",si,
37974,ME44581/2,DOMPERIDONA 10 MG X 10 TABLETAS,DOMPERIDONA,Domperidona,TABLETAS,ANMOL HEALTHCARE LABORATORY PVT LTD,generico_otro_lab,cobeca,lab_generico,,DOMPERIDONA TAB 10MG X10 KMP,https://mav.farmaciasaas.com/api/images/articulos/DISTRIBUCION/53481.jpg,KMP,KMP,"KMPLUS PHARMACEUTICALS, C.A.",si,
37975,ME44581/3,DOMPERIDONA 10 MG X 15 TABLETAS,DOMPERIDONA,Domperidona,TABLETAS,ANMOL HEALTHCARE LABORATORY PVT LTD,generico_otro_lab,cobeca,lab_generico,,DOMPERIDONA TAB 10MG X15 CLX,https://mav.farmaciasaas.com/api/images/articulos/DISTRIBUCION/11636.jpg,CLX,CLX,"CALOX INTERNATIONAL, C.A.",no,
37976,ME44581/4,DOMPERIDONA 10 MG X 30 TABLETAS,DOMPERIDONA,Domperidona,TABLETAS,ANMOL HEALTHCARE LABORATORY PVT LTD,generico_otro_lab,cobeca,lab_generico,,DOMPERIDONA TAB 10MG X30 ANG/H,https://mav.farmaciasaas.com/api/images/articulos/DISTRIBUCION/21373.jpg,ANG/H,ANG/H,"INVERSIONES ANGELUS HEALTH, C.A.",si,
37984,ME43060,DOXICICLINA 100 MG X 10 CAPSULAS,DOXICICLINA,Doxiciclina Hiclato,CAPSULAS,FLAMINGO PHARMACEUTICALS LTD,generico_otro_lab,cobeca,lab_generico,,DOXICICLINA CAP 100MG X 10 ANGELUS,https://mav.farmaciasaas.com/api/images/articulos/DISTRIBUCION/28543.jpg,ANGELUS,ANGELUS,"INVERSIONES ANGELUS HEALTH, C.A.",si,
37985,ME20337,DOXICICLINA 100 MG X 10 CAPSULAS,DOXICICLINA,Doxiciclina,CAPSULAS,CALOX INTERNATIONAL C.A.,generico_otro_lab,cobeca,lab_generico,,DOXICICLINA CAP 100MG X 10 ANGELUS,https://mav.farmaciasaas.com/api/images/articulos/DISTRIBUCION/28543.jpg,ANGELUS,ANGELUS,"INVERSIONES ANGELUS HEALTH, C.A.",si,
38004,ME26416/2,ENALAPRIL 20 MG X 20 TABLETAS,ENALAPRIL,Enalapril,TABLETAS,CALOX INTERNATIONAL C.A.,generico_otro_lab,cobeca,lab_generico,,ENALAPRIL TAB 20MG X20 PHARME,https://mav.farmaciasaas.com/api/images/articulos/DISTRIBUCION/7965.jpg,PHARME,PHARME,"LABORATORIO LA SANTE, C.A.",no,
38007,ME44613,ENALAPRIL MALEATO - HIDROCLOROTIAZIDA 20 MG - 12.5 MG TABLETAS,ENALAPRIL MALEATO - HIDROCLOROTIAZIDA,Enalapril - Hidroclorotiazida,TABLETAS,LABORATORIOS KIMICEG C.A.,generico_otro_lab,cobeca,lab_generico,,"ENALAPRIL/HIDROCL TAB 20MG/12,5MG CR MT",https://mav.farmaciasaas.com/api/images/articulos/DISTRIBUCION/54045.jpg,CR MT,CR MT,"CASA DE REPRESENTACION MT GLOBAL CARE, C.A.",si,
38014,ME37000,ERITROMICINA 500 MG X 10 TABLETAS RECUBIERTAS,ERITROMICINA,Eritromicina,TABLETAS,GENFAR S.A.,generico_otro_lab,cobeca,lab_generico,,ERITROMICINA TAB 500MG X10 ZUZU,https://mav.farmaciasaas.com/api/images/articulos/DISTRIBUCION/52542.jpg,ZUZU,ZUZU,"LABORATORIOS ZUZU, C.A.",si,
38015,ME40959/4,ESCITALOPRAM 10 MG X 56 COMPRIMIDOS RECUBIERTOS,ESCITALOPRAM,Escitalopram,COMPRIMIDOS,MEGALABS S.A.,generico_otro_lab,cobeca,lab_generico,,ESCITALOPRAM COMP 10MG X56 DORO,https://mav.farmaciasaas.com/api/images/articulos/DISTRIBUCION/22243.jpg,DORO,DORO,"CASA DE REPRESENTACION DOROPHARMA, C.A.",si,
38016,ME40959/2,ESCITALOPRAM 10 MG X 14 COMPRIMIDOS RECUBIERTOS,ESCITALOPRAM,Escitalopram,COMPRIMIDOS,MEGALABS S.A.,generico_otro_lab,cobeca,lab_generico,,ESCITALOPRAM TAB 10MG X14 CR LATT,https://mav.farmaciasaas.com/api/images/articulos/DISTRIBUCION/23490.jpg,CR LATT,CR LATT,"CASA DE REPRESENTACION LATTAN MEDIC, C.A.",si,
38019,ME40960/2,ESCITALOPRAM 20 MG X 28 COMPRIMIDOS RECUBIERTOS,ESCITALOPRAM,Escitalopram,COMPRIMIDOS,MEGALABS S.A.,generico_otro_lab,cobeca,lab_generico,,ESCITALOPRAM TAB 20MG X28 CLX,https://mav.farmaciasaas.com/api/images/articulos/DISTRIBUCION/53635.jpg,CLX,CLX,"CALOX INTERNATIONAL, C.A.",no,
38021,ME38504/3,ESCITALOPRAM 10 MG X 30 TABLETAS RECUBIERTAS,ESCITALOPRAM,,TABLETAS,CALOX INTERNATIONAL C.A.,generico_otro_lab,cobeca,lab_generico,,ESCITALOPRAM TAB 10MG X30 CLEO,https://mav.farmaciasaas.com/api/images/articulos/DISTRIBUCION/25666.jpg,CLEO,CLEO,"CORPORACION CLEOPHARMA, C.A.",si,
38023,ME41771/3,ESCITALOPRAM 20 MG X 30 TABLETAS RECUBIERTAS,ESCITALOPRAM,Escitalopram,TABLETAS,CALOX INTERNATIONAL C.A.,generico_otro_lab,cobeca,lab_generico,,ESCITALOPRAM TAB 20MG X 30 LA SANTE,https://mav.farmaciasaas.com/api/images/articulos/DISTRIBUCION/50533.jpg,LA SANTE,LA SANTE,"LABORATORIO LA SANTE, C.A.",no,
38025,ME43340,ESCITALOPRAM 5 MG X 30 TABLETAS RECUBIERTAS,ESCITALOPRAM,,TABLETAS,RONALD PHARMACEUTICALS PVT. LTD.,generico_otro_lab,cobeca,lab_generico,,ESCITALOPRAM TAB 5MG X30 CLEO,https://mav.farmaciasaas.com/api/images/articulos/DISTRIBUCION/25665.jpg,CLEO,CLEO,"CORPORACION CLEOPHARMA, C.A.",si,
38026,ME43163,ESCITALOPRAM 10 MG X 28 TABLETAS RECUBIERTAS,ESCITALOPRAM,Escitalopram,TABLETAS,RONALD PHARMACEUTICALS PVT. LTD.,generico_otro_lab,cobeca,lab_generico,,ESCITALOPRAM TAB REC 10MG X28 CLX,https://mav.farmaciasaas.com/api/images/articulos/DISTRIBUCION/22208.jpg,CLX,CLX,"CALOX INTERNATIONAL, C.A.",no,
38045,ME33352/2,ESPIRONOLACTONA 25 MG X 10 TABLETAS,ESPIRONOLACTONA,Espironolactona,TABLETAS,LABORATORIOS SIEGFRIED S.A.,generico_otro_lab,farmanselmo,lab_generico,,ESPIRONOLACTONA 25 MG 20 TABLETAS MEYER (E),https://pccentro.net.ve/img/s/2/4/9/9/8/24998-large_default.webp,MEYER,MEY,"LABORATORIOS SIEGFRIED, S.A.",no,
38088,ME36163,FEXOFENADINA CLORHIDRATO 180 MG X 10 TABLETAS RECUBIERTAS,FEXOFENADINA CLORHIDRATO,Fexofenadina,TABLETAS,CALOX INTERNATIONAL C.A.,generico_otro_lab,cobeca,lab_generico,,FEXOFENADINA CLORHID TAB 180MG X 10 FMED,https://mav.farmaciasaas.com/api/images/articulos/DISTRIBUCION/28713.jpg,FMED,FMED,"CASA DE REPRESENTACION FARMACOS MEDIORIENTE, C.A.",si,
38103,ME44088,FLAVOXATO 200 MG X 30 TABLETAS RECUBIERTAS,FLAVOXATO,Flavoxato,TABLETAS,JIANGXI SYNERGY PHARMACEUTICAL CO. LTD,generico_otro_lab,cobeca,lab_generico,,FLAVOXATO TAB 200MG X30 ANG/H,https://mav.farmaciasaas.com/api/images/articulos/DISTRIBUCION/23673.jpg,ANG/H,ANG/H,"INVERSIONES ANGELUS HEALTH, C.A.",si,
38104,ME41029,FLAVOXATO CLORHIDRATO 200 MG X 10 TABLETAS RECUBIERTAS,FLAVOXATO CLORHIDRATO,Flavoxato,TABLETAS,LABORATORIO LA SANTE C.A.,generico_otro_lab,cobeca,lab_generico,,FLAVOXATO TAB 200MG X10 CLX,https://mav.farmaciasaas.com/api/images/articulos/DISTRIBUCION/99485.jpg,CLX,CLX,"CALOX INTERNATIONAL, C.A.",no,
38112,ME41686,FLUCON 200 MG X 4 CAPSULAS,FLUCON,Fluconazol,CAPSULAS,MEGALABS S.A.,generico_otro_lab,cobeca,lab_generico,,FLUCONAZOL CAP 200MG X 4 GENFAR,https://mav.farmaciasaas.com/api/images/articulos/DISTRIBUCION/50070.jpg,GENFAR,GENFAR,"GENFAR, S.A.",no,
38113,HO36216,EXOMAX 200 MG / 100 ML X 1 AMPOLLA,EXOMAX,Fluconazol,INYECTABLE,BAXTER PHARMACEUTICALS INDIA PRIVATE LIMITED,generico_otro_lab,cobeca,lab_generico,,FLUCONAZOL SOL INY 200MG/100ML BLUE,https://mav.farmaciasaas.com/api/images/articulos/DISTRIBUCION/29940.jpg,BLUE,BLUE,"BLUE MEDICAL PHARMACEUTICAL, C.A.",si,
38118,ME43904,FLUCONAZOL 200 MG TABLETAS RECUBIERTAS,FLUCONAZOL,Fluconazol,TABLETAS,BOEHRINGER INGELHEIM PHARMA GMBH & CO. KG.,generico_otro_lab,cobeca,lab_generico,,FLUCONAZOL CAP 200MG X 4 GENFAR,https://mav.farmaciasaas.com/api/images/articulos/DISTRIBUCION/50070.jpg,GENFAR,GENFAR,"GENFAR, S.A.",no,
38119,HO40840,FLUCONAZOL 200 MG / 100 ML SOLUCION INYECTABLE INTRAVENOSA,FLUCONAZOL,Fluconazol,INYECTABLE,VITALIS S.A.C.I.,generico_otro_lab,cobeca,lab_generico,,FLUCONAZOL SOL INY 200MG/100ML BLUE,https://mav.farmaciasaas.com/api/images/articulos/DISTRIBUCION/29940.jpg,BLUE,BLUE,"BLUE MEDICAL PHARMACEUTICAL, C.A.",si,
38120,ME42709/2,FLUCONAZOL 150 MG X 2 TABLETAS,FLUCONAZOL,Fluconazol,TABLETAS,MASCOT HEALTH SERIES PVT. LTD.,generico_otro_lab,cobeca,lab_generico,,FLUCONAZOL CAP 150MG X2 LETI,https://mav.farmaciasaas.com/api/images/articulos/DISTRIBUCION/4546.jpg,LETI,LETI,"LABORATORIOS LETI, S.A.V.",no,
38121,ME42709/3,FLUCONAZOL 150 MG X 4 TABLETAS,FLUCONAZOL,Fluconazol,TABLETAS,MASCOT HEALTH SERIES PVT. LTD.,generico_otro_lab,cobeca,lab_generico,,FLUCONAZOL TAB 150MG X4 ZUZU,https://mav.farmaciasaas.com/api/images/articulos/DISTRIBUCION/52581.jpg,ZUZU,ZUZU,"LABORATORIOS ZUZU, C.A.",si,
38126,ME31214,FLUOXETINA 20 MG X 14 CAPSULAS,FLUOXETINA,,CAPSULAS,LABORATORIO LA SANTE C.A.,generico_otro_lab,cobeca,lab_generico,,FLUOXETINA CAP 20MG X14 BIOTECH,https://mav.farmaciasaas.com/api/images/articulos/DISTRIBUCION/3221.jpg,BIOTECH,BIOTECH,"BIOTECH LABORATORIOS, C.A.",no,
38128,ME28948,FLUOXETINA 20 MG X 28 CAPSULAS,FLUOXETINA,Fluoxetina,CAPSULAS,CALOX INTERNATIONAL C.A.,generico_otro_lab,cobeca,lab_generico,,FLUOXETINA CAP 20MG X28 PHARME,https://mav.farmaciasaas.com/api/images/articulos/DISTRIBUCION/50927.jpg,PHARME,PHARME,"LABORATORIO LA SANTE, C.A.",no,
38139,HO32365,FUROSEMIDA 20 MG / 2 ML X 3 AMPOLLAS,FUROSEMIDA,Furosemida,INYECTABLE,LABORATORIOS VALMOR C.A.,generico_otro_lab,cobeca,lab_generico,,FUROSEMIDA AMP 20MG/2ML X 3 DISTRILAB,https://mav.farmaciasaas.com/api/images/articulos/DISTRIBUCION/28787.jpg,DISTRILAB,DIST,"CASA DE REPRESENTACION DISTRILAB, C.A.",si,
38145,ME21300,FUROSEMIDA 40 MG X 24 TABLETAS,FUROSEMIDA,Furosemida,TABLETAS,PRODUCTOS FARMACEUTICOS PARA EL VIVIR VIVIENDO C.A. (PROFARMACOS C.A.),generico_otro_lab,cobeca,lab_generico,,FUROSEMIDA TAB 40MG X24 MEY,https://mav.farmaciasaas.com/api/images/articulos/DISTRIBUCION/5296.jpg,MEY,MEY,"LABORATORIOS SIEGFRIED, S.A.",no,
38154,HO36306/3,GENTAMICINA 160 MG / 2 ML X 10 AMPOLLAS,GENTAMICINA,Gentamicina,INYECTABLE,VITALIS S.A.C.I.,generico_otro_lab,cobeca,lab_generico,,GENTAMICINA AMP 160MG/2ML X 10 BLUE/M,https://mav.farmaciasaas.com/api/images/articulos/DISTRIBUCION/30124.jpg,BLUE/M,BLUE,"BLUE MEDICAL PHARMACEUTICAL, C.A.",si,
38155,HO36306/2,GENTAMICINA 160 MG / 2 ML X 5 AMPOLLAS,GENTAMICINA,Gentamicina,INYECTABLE,VITALIS S.A.C.I.,generico_otro_lab,cobeca,lab_generico,,GENTAMICINA SOL INY 160MG/2ML X5 DIST,https://mav.farmaciasaas.com/api/images/articulos/DISTRIBUCION/52502.jpg,DIST,DIST,"CASA DE REPRESENTACION DISTRILAB, C.A.",si,
38158,ME33501,GLIBENCLAMIDA 5 MG X 10 COMPRIMIDOS,GLIBENCLAMIDA,Glibenclamida,COMPRIMIDOS,LABORATORIOS ELMOR S.A.,generico_otro_lab,farmanselmo,lab_generico,,GLIBENCLAMIDA 5 MG X 10 TABLETAS KMPLUS (E),https://pccentro.net.ve/img/s/4/1/1/3/7/41137-large_default.webp,KMPLUS,KMP,"KMPLUS PHARMACEUTICALS, C.A.",si,
38159,ME26275,GLIBENCLAMIDA 5 MG X 30 TABLETAS,GLIBENCLAMIDA,Glibenclamida,TABLETAS,LABORATORIOS VARGAS S.A.,generico_otro_lab,cobeca,lab_generico,,GLIBENCLAMIDA TAB 5MG X 30 ANGELUS,https://mav.farmaciasaas.com/api/images/articulos/DISTRIBUCION/28525.jpg,ANGELUS,ANGELUS,"INVERSIONES ANGELUS HEALTH, C.A.",si,
38168,ME32878,GLIMEPIRIDA 4 MG TABLETAS,GLIMEPIRIDA,Glimepirida,TABLETAS,LABORATORIO LA SANTE C.A.,generico_otro_lab,cobeca,lab_generico,,GLIMEPIRIDA COMP 4MG X15 LETI,https://mav.farmaciasaas.com/api/images/articulos/DISTRIBUCION/52338.jpg,LETI,LETI,"LABORATORIOS LETI, S.A.V.",no,
38169,ME32727,GLIMERID 2 MG X 30 TABLETAS,GLIMERID,Glimepirida,TABLETAS,LABORATORIO LA SANTE C.A.,generico_otro_lab,cobeca,lab_generico,,GLIMEPIRIDA TAB 2MG X30 ANG/H,https://mav.farmaciasaas.com/api/images/articulos/DISTRIBUCION/21362.jpg,ANG/H,ANG/H,"INVERSIONES ANGELUS HEALTH, C.A.",si,
38191,ME35183/2,LOSARTAN POTASICO - HIDROCLOROTIAZIDA 100 MG - 25 MG X 10 COMPRIMIDOS RECUBIERTOS,LOSARTAN POTASICO - HIDROCLOROTIAZIDA,Hidroclorotiazida - Losartan,COMPRIMIDOS,LABORATORIOS LETI S.A.V.,generico_otro_lab,cobeca,lab_generico,,LOSARTAN/HCT TAB REC 100/25MG X10 PHARME,https://mav.farmaciasaas.com/api/images/articulos/DISTRIBUCION/22228.jpg,PHARME,PHARME,"LABORATORIO LA SANTE, C.A.",no,
38195,ME36980/2,LOSARTAN POTASICO - HIDROCLOROTIAZIDA 100 MG - 25 MG X 10 COMPRIMIDOS RECUB,LOSARTAN POTASICO - HIDROCLOROTIAZIDA,,COMPRIMIDOS,LABORATORIOS VARGAS S.A.,generico_otro_lab,cobeca,lab_generico,,LOSARTAN/HCT TAB REC 100/25MG X10 PHARME,https://mav.farmaciasaas.com/api/images/articulos/DISTRIBUCION/22228.jpg,PHARME,PHARME,"LABORATORIO LA SANTE, C.A.",no,
38196,ME36980/3,LOSARTAN POTASICO - HIDROCLOROTIAZIDA 100 MG - 25 MG X 30 COMPRIMIDOS RECUB,LOSARTAN POTASICO - HIDROCLOROTIAZIDA,,COMPRIMIDOS,LABORATORIOS VARGAS S.A.,generico_otro_lab,cobeca,lab_generico,,LOSARTAN HCT TAB REC 100/25MGX30 PHARME,https://mav.farmaciasaas.com/api/images/articulos/DISTRIBUCION/99859.jpg,PHARME,PHARME,"LABORATORIO LA SANTE, C.A.",no,
38216,ME34468,IBUPROFENO 100 MG / 5 ML SUSPENSION,IBUPROFENO,Ibuprofeno,SUSPENSION ORAL,SM PHARMA C.A.,generico_otro_lab,cobeca,lab_generico,,IBUPROFENO SUSP 100MG/5ML 90ML LETI,https://mav.farmaciasaas.com/api/images/articulos/DISTRIBUCION/99047.jpg,LETI,LETI,"LABORATORIOS LETI, S.A.V.",no,
38253,ME36068/3,IRBESARTAN 150 MG X 28 TABLETAS,IRBESARTAN,Irbesartan,TABLETAS,SM PHARMA C.A.,generico_otro_lab,cobeca,lab_generico,,IRBESARTAN TAB 150 MG X 28 CLX,https://mav.farmaciasaas.com/api/images/articulos/DISTRIBUCION/28781.jpg,CLX,CLX,"CALOX INTERNATIONAL, C.A.",no,
38254,ME36068/2,IRBESARTAN 150 MG X 10 TABLETAS,IRBESARTAN,Irbesartan,TABLETAS,SM PHARMA C.A.,generico_otro_lab,cobeca,lab_generico,,IRBESARTAN TAB 150MG X10 PHARME,https://mav.farmaciasaas.com/api/images/articulos/DISTRIBUCION/94012.jpg,PHARME,PHARME,"LABORATORIO LA SANTE, C.A.",no,
38257,ME35908/2,IRBESARTAN 300 MG X 10 TABLETAS,IRBESARTAN,Irbesartan,TABLETAS,CALOX INTERNATIONAL C.A.,generico_otro_lab,cobeca,lab_generico,,IRBESARTAN TAB 300MG X10 PHARME,https://mav.farmaciasaas.com/api/images/articulos/DISTRIBUCION/50766.jpg,PHARME,PHARME,"LABORATORIO LA SANTE, C.A.",no,
38261,ME43740,ITRACONAZOL 100 MG X 10 CAPSULAS,ITRACONAZOL,Itraconazol,CAPSULAS,K.A. MALLE PHARMACEUTICALS LTD,generico_otro_lab,cobeca,lab_generico,,ITRACONAZOL CAP 100MG X10 ALESS,https://mav.farmaciasaas.com/api/images/articulos/DISTRIBUCION/53012.jpg,ALESS,ALESS,"ALESS PHARMACEUTICALS, C.A.",si,
38285,HO35019/3,KETOPROFENO 100 MG / 2 ML X 2 AMPOLLAS,KETOPROFENO,Ketoprofeno,INYECTABLE,CALOX INTERNATIONAL C.A.,generico_otro_lab,cobeca,lab_generico,,KETOPROFENO AMP 100MG/2ML X2 LETI,https://mav.farmaciasaas.com/api/images/articulos/DISTRIBUCION/5201.jpg,LETI,LETI,"LABORATORIOS LETI, S.A.V.",no,
38286,HO35019/4,KETOPROFENO 100 MG / 2 ML X 10 AMPOLLAS,KETOPROFENO,Ketoprofeno,INYECTABLE,CALOX INTERNATIONAL C.A.,generico_otro_lab,cobeca,lab_generico,,KETOPROFENO AMP IV/IM 100MG X10 TIAR,https://mav.farmaciasaas.com/api/images/articulos/DISTRIBUCION/26418.jpg,TIAR,TIAR,"TIARES, C.A.",si,
38296,HO42668/3,KETOROLACO TROMETAMOL 30 MG / ML X 10 AMPOLLAS,KETOROLACO TROMETAMOL,Ketorolaco,INYECTABLE,LABORATORIO BIOSANO S.A.,generico_otro_lab,cobeca,lab_generico,,KETOROLACO AMP 30MG/1ML X 10 CR GM,https://mav.farmaciasaas.com/api/images/articulos/DISTRIBUCION/29479.jpg,CR GM,CR GM,"CASA DE REPRESENTACION GLOBAL MEDIC, C.A.",si,
38298,HO42686,KETOROLACO TROMETAMINA 30 MG / ML X 3 AMPOLLAS,KETOROLACO TROMETAMINA,,INYECTABLE,CADILA PHARMACEUTICALS LIMITED,generico_otro_lab,cobeca,lab_generico,,KETOROLACO SOL INY 30MG/ML X3 CR CCM,https://mav.farmaciasaas.com/api/images/articulos/DISTRIBUCION/27131.jpg,CR CCM,CR CCM,"CASA DE REPRESENTACION FARMACEUTICAS CCM, C.A.",si,
38299,ME36886,KETOROLAC TROMETAMINA 20 MG X 10 COMPRIMIDOS,KETOROLAC TROMETAMINA,,COMPRIMIDOS,LABORATORIOS SPEFAR VENEZOLANOS S.A.,generico_otro_lab,cobeca,lab_generico,,KETOROLACO TROMETAMINA TAB 20MG X10 FMED,https://mav.farmaciasaas.com/api/images/articulos/DISTRIBUCION/51770.jpg,FMED,FMED,"CASA DE REPRESENTACION FARMACOS MEDIORIENTE, C.A.",si,
38311,ME42689,LAMOTRIGINA 100 MG X 30 TABLETAS RECUBIERTAS,LAMOTRIGINA,Lamotrigina,TABLETAS,COOPER PHARMA LTD,generico_otro_lab,cobeca,lab_generico,,LAMOTRIGINA TAB 100MG X30 CR LATT,https://mav.farmaciasaas.com/api/images/articulos/DISTRIBUCION/23029.jpg,CR LATT,CR LATT,"CASA DE REPRESENTACION LATTAN MEDIC, C.A.",si,
38312,ME44647,LAMOTRIGINA 100 MG X 28 TABLETAS DE LIBERACION PROLONGADA,LAMOTRIGINA,Lamotrigina,TABLETAS,ZYDUS LIFESCIENCIES LIMITED,generico_otro_lab,cobeca,lab_generico,,LAMOTRIGINA TAB AD 100MG X28 CR CCM,https://mav.farmaciasaas.com/api/images/articulos/DISTRIBUCION/20096.jpg,CR CCM,CR CCM,"CASA DE REPRESENTACION FARMACEUTICAS CCM, C.A.",si,
38324,ME44311,LERCANIDIPNO 20 MG X 30 TABLETAS RECUBIERTAS,LERCANIDIPNO,Lercanidipino,TABLETAS,AXA PARENTERALS LTD,generico_otro_lab,cobeca,lab_generico,,LERCANIDIPINO TAB REC 20MG X30 CLX,https://mav.farmaciasaas.com/api/images/articulos/DISTRIBUCION/51324.jpg,CLX,CLX,"CALOX INTERNATIONAL, C.A.",no,
38328,ME37661,LETROZOL 2.5 MG X 30 TABLETAS RECUBIERTAS,LETROZOL,Letrozol,TABLETAS,INTAS PHARMACEUTICAS LTD. INDIA,generico_otro_lab,cobeca,lab_generico,,"LETROZOL TAB REC 2,5MG X30 CR MT",https://mav.farmaciasaas.com/api/images/articulos/DISTRIBUCION/53401.jpg,CR MT,CR MT,"CASA DE REPRESENTACION MT GLOBAL CARE, C.A.",si,
38331,ME43729,LEVETIRACETAM 500 MG X 30 TABLETAS RECUBIERTAS,LEVETIRACETAM,Levetiracetam,TABLETAS,SG HEALTHCARE PVT. LTD.,generico_otro_lab,cobeca,lab_generico,,LEVETIRACETAM TAB REC 500MG X30 CLEO,https://mav.farmaciasaas.com/api/images/articulos/DISTRIBUCION/25661.jpg,CLEO,CLEO,"CORPORACION CLEOPHARMA, C.A.",si,
38332,HO37449,LEVOFLOXACINA 500 MG / 100 ML SOLUCION PARA INFUSION INTRAVENOSA,LEVOFLOXACINA,Levofloxacino,INYECTABLE,EUROFARMA LABORATORIOS S.A.,generico_otro_lab,cobeca,lab_generico,,LEVOFLOXACINA INF INY 500MG/100ML CRDIST,https://mav.farmaciasaas.com/api/images/articulos/DISTRIBUCION/21338.jpg,CRDIST,CRDIST,"CASA DE REPRESENTACION DISTRILAB, C.A.",si,
38335,ME43531/2,LEVOFLOXACINA 750 MG X 5 TABLETAS RECUBIERTAS,LEVOFLOXACINA,Levofloxacino,TABLETAS,ANG LIFESCIENCES INDIA LTD,generico_otro_lab,cobeca,lab_generico,,LEVOFLOXACINA TAB 750MG X5 CLX,https://mav.farmaciasaas.com/api/images/articulos/DISTRIBUCION/19718.jpg,CLX,CLX,"CALOX INTERNATIONAL, C.A.",no,
38337,ME43531/4,LEVOFLOXACINA 750 MG X 10 TABLETAS RECUBIERTAS,LEVOFLOXACINA,Levofloxacino,TABLETAS,ANG LIFESCIENCES INDIA LTD,generico_otro_lab,cobeca,lab_generico,,LEVOFLOXACINA TAB REC 750MG X10 CR DIST,https://mav.farmaciasaas.com/api/images/articulos/DISTRIBUCION/24415.jpg,CR DIST,CR DIST,"CASA DE REPRESENTACION DISTRILAB, C.A.",si,
38338,ME35920/3,LEVOFLOXACINA 500 MG X 10 TABLETAS RECUBIERTAS,LEVOFLOXACINA,Levofloxacino,TABLETAS,PROCAPS S.A.,generico_otro_lab,cobeca,lab_generico,,LEVOFLOXACINA TAB REC 500MG X10 BIU,https://mav.farmaciasaas.com/api/images/articulos/DISTRIBUCION/26132.jpg,BIU,BIU,"CASA DE REPRESENTACION BIUMAK PHARMACEUTICALS, C.A.",si,
38339,ME35920/2,LEVOFLOXACINA 500 MG X 7 TABLETAS RECUBIERTAS,LEVOFLOXACINA,Levofloxacino,TABLETAS,PROCAPS S.A.,generico_otro_lab,cobeca,lab_generico,,LEVOFLOXACINA TAB REC 500MG X7 PHARME,https://mav.farmaciasaas.com/api/images/articulos/DISTRIBUCION/24405.jpg,PHARME,PHARME,"LABORATORIO LA SANTE, C.A.",no,
38340,ME38925/3,LEVOFLOXACINO 500 MG X 7 TABLETAS RECUBIERTAS,LEVOFLOXACINO,Levofloxacino,TABLETAS,LABORATORIOS KIMICEG C.A.,generico_otro_lab,cobeca,lab_generico,,LEVOFLOXACINO TAB 500MG X7 CR CCM,https://mav.farmaciasaas.com/api/images/articulos/DISTRIBUCION/20100.jpg,CR CCM,CR CCM,"CASA DE REPRESENTACION FARMACEUTICAS CCM, C.A.",si,
38342,ME38925/2,LEVOFLOXACINO 500 MG X 5 TABLETAS RECUBIERTAS,LEVOFLOXACINO,Levofloxacino,TABLETAS,LABORATORIOS KIMICEG C.A.,generico_otro_lab,cobeca,lab_generico,,LEVOFLOXACINO TAB REC 500MG X5 ADN,https://mav.farmaciasaas.com/api/images/articulos/DISTRIBUCION/53252.jpg,ADN,ADN,"CASA DE REPRESENTACION ADN MEDICAL, C.A.",si,
38343,ME38926,LEVOFLOXACINO 750 MG X 5 TABLETAS RECUBIERTAS,LEVOFLOXACINO,Levofloxacino,TABLETAS,LABORATORIOS KIMICEG C.A.,generico_otro_lab,cobeca,lab_generico,,LEVOFLOXACINO TAB REC 750MG X5 ADN,https://mav.farmaciasaas.com/api/images/articulos/DISTRIBUCION/53251.jpg,ADN,ADN,"CASA DE REPRESENTACION ADN MEDICAL, C.A.",si,
38349,ME42576/2,LEVOTIROXINA SODICA 100 MCG X 10 TABLETAS,LEVOTIROXINA SODICA,Levotiroxina,TABLETAS,MACLEODS PHARMACEUTICALS LTD,generico_otro_lab,cobeca,lab_generico,,LEVOTIROXINA SOD TAB 100MCG X10 CR DIST,https://mav.farmaciasaas.com/api/images/articulos/DISTRIBUCION/22840.jpg,CR DIST,CR DIST,"CASA DE REPRESENTACION DISTRILAB, C.A.",si,
38350,ME42576/3,LEVOTIROXINA SODICA 100 MCG X 50 TABLETAS,LEVOTIROXINA SODICA,Levotiroxina,TABLETAS,MACLEODS PHARMACEUTICALS LTD,generico_otro_lab,cobeca,lab_generico,,LEVOTIROXINA SOD TAB 100MCG X50 CR DIST,https://mav.farmaciasaas.com/api/images/articulos/DISTRIBUCION/54490.jpg,CR DIST,CR DIST,"CASA DE REPRESENTACION DISTRILAB, C.A.",si,
38351,ME43141,LEVOTIROXINA SODICA 50 MCG X 50 TABLETAS,LEVOTIROXINA SODICA,Levotiroxina,TABLETAS,HIRAL LABS LIMITED,generico_otro_lab,cobeca,lab_generico,,LEVOTIROXINA SOD TAB 50MCG X50 ALESS,https://mav.farmaciasaas.com/api/images/articulos/DISTRIBUCION/21408.jpg,ALESS,ALESS,"ALESS PHARMACEUTICALS, C.A.",si,
38382,ME30034,LORATADINA 1 MG / ML JARABE,LORATADINA,Loratadina,JARABE,LABORATORIOS SPEFAR VENEZOLANOS S.A.,generico_otro_lab,cobeca,lab_generico,,LORATADINA SOL ORAL PED 1MG/ML 60ML L.O,https://mav.farmaciasaas.com/api/images/articulos/DISTRIBUCION/51011.jpg,L.O,OFTALMI,"LABORATORIOS L.O. OFTALMI, C.A.",no,
38384,ME27529/3,LORATADINA 10 MG X 20 TABLETAS,LORATADINA,Loratadina,TABLETAS,CALOX INTERNATIONAL C.A.,generico_otro_lab,cobeca,lab_generico,,LORATADINA TAB 10MG X20 PHARME,https://mav.farmaciasaas.com/api/images/articulos/DISTRIBUCION/99082.jpg,PHARME,PHARME,"LABORATORIO LA SANTE, C.A.",no,
38386,ME28201,LORATADINA 5 MG / 5 ML JARABE,LORATADINA,Loratadina,JARABE,GENVEN GENERICOS VENEZOLANOS S.A.,generico_otro_lab,cobeca,lab_generico,,LORATADINA SUSP 5MG/5ML 60ML BUKA,https://mav.farmaciasaas.com/api/images/articulos/DISTRIBUCION/23709.jpg,BUKA,BUKA,"LABORATORIOS BUKA, C.A.",si,
38388,ME39177,LORATADINA 10 MG X 10 TABLETAS,LORATADINA,,TABLETAS,LABORATORIOS ALFA C X A,generico_otro_lab,cobeca,lab_generico,,LORATADINA TAB 10MG X10 CLX,https://mav.farmaciasaas.com/api/images/articulos/DISTRIBUCION/9653.jpg,CLX,CLX,"CALOX INTERNATIONAL, C.A.",no,
38397,ME29469/3,LOSARTAN POTASICO 50 MG X 20 COMPRIMIDOS RECUBIERTOS,LOSARTAN POTASICO,Losartan,COMPRIMIDOS,LABORATORIOS LETI S.A.V.,generico_otro_lab,cobeca,lab_generico,,LOSARTAN POTA TAB REC 50MG X20 KIMIC,https://mav.farmaciasaas.com/api/images/articulos/DISTRIBUCION/92637.jpg,KIMIC,KIMIC,"LABORATORIOS KIMICEG, C.A.",no,
38398,ME36979,LOSARTAN POTASICO - HIDROCLOROTIAZIDA 50 MG - 12.5 MG COMPRIMIDOS RECU,LOSARTAN POTASICO - HIDROCLOROTIAZIDA,,COMPRIMIDOS,LABORATORIOS VARGAS S.A.,generico_otro_lab,cobeca,lab_generico,,"LOSARTAN/HCT TAB 50MG/12,5MG X30 ANG/H",https://mav.farmaciasaas.com/api/images/articulos/DISTRIBUCION/20434.jpg,ANG/H,ANG/H,"INVERSIONES ANGELUS HEALTH, C.A.",si,
38399,ME37542/2,LOSARTAN POTASICO - HIDROCLOROTIAZIDA 100 MG - 25 MG X 10 TABLETAS RECUBIERTAS,LOSARTAN POTASICO - HIDROCLOROTIAZIDA,Hidroclorotiazida - Losartan,TABLETAS,LABORATORIO LA SANTE C.A.,generico_otro_lab,cobeca,lab_generico,,LOSARTAN/HCT TAB REC 100/25MG X10 PHARME,https://mav.farmaciasaas.com/api/images/articulos/DISTRIBUCION/22228.jpg,PHARME,PHARME,"LABORATORIO LA SANTE, C.A.",no,
38402,ME35402/3,LOSARTAN POTASICO - HIDROCLOROTIAZIDA 50 MG - 12.5 MG X 30 COMPRIMIDOS RECU,LOSARTAN POTASICO - HIDROCLOROTIAZIDA,,COMPRIMIDOS,LABORATORIO CHILE S.A.,generico_otro_lab,cobeca,lab_generico,,"LOSARTAN/HCT TAB 50MG/12,5MG X30 ANG/H",https://mav.farmaciasaas.com/api/images/articulos/DISTRIBUCION/20434.jpg,ANG/H,ANG/H,"INVERSIONES ANGELUS HEALTH, C.A.",si,
38403,ME35402/2,LOSARTAN POTASICO - HIDROCLOROTIAZIDA 50 MG - 12.5 MG X 15 COMPRIMIDOS RECU,LOSARTAN POTASICO - HIDROCLOROTIAZIDA,,COMPRIMIDOS,LABORATORIO CHILE S.A.,generico_otro_lab,cobeca,lab_generico,,"LOSARTAN/HCT TAB 50/12,5MG X15 PHARME",https://mav.farmaciasaas.com/api/images/articulos/DISTRIBUCION/90067.jpg,PHARME,PHARME,"LABORATORIO LA SANTE, C.A.",no,
38405,ME36110/2,LOSARTAN POTASICO - HIDROCLOROTIZADA 100 MG - 25 MG X 10 TABLETAS RECUBIERTAS,LOSARTAN POTASICO - HIDROCLOROTIZADA,Hidroclorotiazida - Losartan,TABLETAS,CALOX INTERNATIONAL C.A.,generico_otro_lab,cobeca,lab_generico,,LOSARTAN/HCT TAB REC 100/25MG X10 PHARME,https://mav.farmaciasaas.com/api/images/articulos/DISTRIBUCION/22228.jpg,PHARME,PHARME,"LABORATORIO LA SANTE, C.A.",no,
38407,ME31205/2,LOSARTAN POTASICO 50 MG X 10 TABLETAS RECUBIERTAS,LOSARTAN POTASICO,Losartan,TABLETAS,LABORATORIOS KIMICEG C.A.,generico_otro_lab,cobeca,lab_generico,,LOSARTAN POTA COMP 50MG X10 LETI,https://mav.farmaciasaas.com/api/images/articulos/DISTRIBUCION/3399.jpg,LETI,LETI,"LABORATORIOS LETI, S.A.V.",no,
38434,ME43537/2,MEDROXIPROGESTERONA 10 MG X 10 TABLETAS,MEDROXIPROGESTERONA,Medroxiprogesterona,TABLETAS,ACCENT PHARMACEUTICALS & DIAGNOSTICS,generico_otro_lab,cobeca,lab_generico,,MEDROXIPROGESTERONA TAB 10MG X10 KMP,https://mav.farmaciasaas.com/api/images/articulos/DISTRIBUCION/53471.jpg,KMP,KMP,"KMPLUS PHARMACEUTICALS, C.A.",si,
38438,ME33048,MELOXICAM 15 MG X 10 TABLETAS,MELOXICAM,Meloxicam,TABLETAS,CALOX INTERNATIONAL C.A.,generico_otro_lab,cobeca,lab_generico,,MELOXICAM TAB 15MG X 10 ANGELUS,https://mav.farmaciasaas.com/api/images/articulos/DISTRIBUCION/28529.jpg,ANGELUS,ANGELUS,"INVERSIONES ANGELUS HEALTH, C.A.",si,
38441,ME30976,MELOXICAM 7.5 MG X 10 TABLETAS,MELOXICAM,Meloxicam,TABLETAS,LABORATORIOS KIMICEG C.A.,generico_otro_lab,cobeca,lab_generico,,"MELOXICAM TAB 7,5MG X10 PHARME",https://mav.farmaciasaas.com/api/images/articulos/DISTRIBUCION/1986.jpg,PHARME,PHARME,"LABORATORIO LA SANTE, C.A.",no,
38442,ME43017/2,MEMANTINA CLORHIDRATO 10 MG X 10 TABLETAS RECUBIERTAS,MEMANTINA CLORHIDRATO,Memantina,TABLETAS,MACLEODS PHARMACEUTICALS LTD,generico_otro_lab,cobeca,lab_generico,,MEMANTINA TAB 10MG X10 FMED,https://mav.farmaciasaas.com/api/images/articulos/DISTRIBUCION/50985.jpg,FMED,FMED,"CASA DE REPRESENTACION FARMACOS MEDIORIENTE, C.A.",si,
38443,ME43017/4,MEMANTINA CLORHIDRATO 10 MG X 28 TABLETAS RECUBIERTAS,MEMANTINA CLORHIDRATO,Memantina,TABLETAS,MACLEODS PHARMACEUTICALS LTD,generico_otro_lab,cobeca,lab_generico,,MEMANTINA TAB 10MG X28 CR CCM,https://mav.farmaciasaas.com/api/images/articulos/DISTRIBUCION/22396.jpg,CR CCM,CR CCM,"CASA DE REPRESENTACION FARMACEUTICAS CCM, C.A.",si,
38444,ME43017/3,MEMANTINA CLORHIDRATO 10 MG X 14 TABLETAS RECUBIERTAS,MEMANTINA CLORHIDRATO,Memantina,TABLETAS,MACLEODS PHARMACEUTICALS LTD,generico_otro_lab,cobeca,lab_generico,,MEMANTINA TAB REC 10MG X14 BIU,https://mav.farmaciasaas.com/api/images/articulos/DISTRIBUCION/26136.jpg,BIU,BIU,"CASA DE REPRESENTACION BIUMAK PHARMACEUTICALS, C.A.",si,
38447,HO34365,MEROPENEM 1 G X 10 AMPOLLAS,MEROPENEM,Meropenem,INYECTABLE,VITALIS S.A.C.I.,generico_otro_lab,cobeca,lab_generico,,MEROPENEM AMP 1G X10 CR DIST,https://mav.farmaciasaas.com/api/images/articulos/DISTRIBUCION/26005.jpg,CR DIST,CR DIST,"CASA DE REPRESENTACION DISTRILAB, C.A.",si,
38452,ME37735,CLORHIDRATO DE METFORMINA 500 MG X 30 TABLETAS RECUBIERTAS,CLORHIDRATO DE METFORMINA,Metformina,TABLETAS,EMPRESA LABORATORIOS MEDSOL,generico_otro_lab,cobeca,lab_generico,,METFORMINA TAB 500MG X30 ANG/H,https://mav.farmaciasaas.com/api/images/articulos/DISTRIBUCION/20433.jpg,ANG/H,ANG/H,"INVERSIONES ANGELUS HEALTH, C.A.",si,
38456,ME42410,METFORMINA CLORHIDRATO 1000 MG X 30 TABLETAS RECUBIERTAS,METFORMINA CLORHIDRATO,Metformina,TABLETAS,LEK PHARMACEUTICALS D.D,generico_otro_lab,cobeca,lab_generico,,METFORMINA TAB LP 1000MG X30 CR LATT,https://mav.farmaciasaas.com/api/images/articulos/DISTRIBUCION/52951.jpg,CR LATT,CR LATT,"CASA DE REPRESENTACION LATTAN MEDIC, C.A.",si,
38458,ME36815,METFORMINA 500 MG X 30 TABLETAS RECUBIERTAS,METFORMINA,,TABLETAS,AUROBINDO PHARMA LIMITED,generico_otro_lab,cobeca,lab_generico,,METFORMINA TAB 500MG X30 ANG/H,https://mav.farmaciasaas.com/api/images/articulos/DISTRIBUCION/20433.jpg,ANG/H,ANG/H,"INVERSIONES ANGELUS HEALTH, C.A.",si,
38460,ME37538,METFORMINA CLORHIDRATO 500 MG X 30 TABLETAS RECUBIERTAS,METFORMINA CLORHIDRATO,Metformina,TABLETAS,BAROQUE PHARMACEUTICALS PVT. LTD.,generico_otro_lab,cobeca,lab_generico,,METFORMINA TAB 500MG X30 ANG/H,https://mav.farmaciasaas.com/api/images/articulos/DISTRIBUCION/20433.jpg,ANG/H,ANG/H,"INVERSIONES ANGELUS HEALTH, C.A.",si,
38461,ME32508/3,METFORMINA CLORHIDRATO 850 MG X 30 TABLETAS,METFORMINA CLORHIDRATO,,TABLETAS,CALOX INTERNATIONAL C.A.,generico_otro_lab,cobeca,lab_generico,,METFORMINA TAB 850MG X 30 ANGELUS,https://mav.farmaciasaas.com/api/images/articulos/DISTRIBUCION/28530.jpg,ANGELUS,ANGELUS,"INVERSIONES ANGELUS HEALTH, C.A.",si,
38464,ME42625,METFORMINA CLORHIDRATO 1000 MG X 30 TABLETAS RECUBIERTAS,METFORMINA CLORHIDRATO,,TABLETAS,FLAMINGO PHARMACEUTICALS LTD,generico_otro_lab,cobeca,lab_generico,,METFORMINA TAB LP 1000MG X30 CR LATT,https://mav.farmaciasaas.com/api/images/articulos/DISTRIBUCION/52951.jpg,CR LATT,CR LATT,"CASA DE REPRESENTACION LATTAN MEDIC, C.A.",si,
38467,HO44684,METOCLOPRAMIDA 10 MG / 2 ML X 3 AMPOLLAS,METOCLOPRAMIDA,Metoclopramida,INYECTABLE,CASA DE REPRESENTACIONES JMW C.A.,generico_otro_lab,cobeca,lab_generico,,METOCLOPRAMIDA AMP 10MG/2ML X3 DISTRILAB,https://mav.farmaciasaas.com/api/images/articulos/DISTRIBUCION/28789.jpg,DISTRILAB,DIST,"CASA DE REPRESENTACION DISTRILAB, C.A.",si,
38476,HO42390,METRONIDAZOL 500 MG / 100 ML SOLUCION PARA INFUSION.,METRONIDAZOL,,INYECTABLE,SHANDONG SHENGLU PHARMACEUTICAL CO. LTD,generico_otro_lab,cobeca,lab_generico,,METRONIDAZOL SOL INY 500MG/100ML IPS,https://mav.farmaciasaas.com/api/images/articulos/DISTRIBUCION/21360.jpg,IPS,IPS,"IPS DE VENEZUELA, C.A.",si,
38477,ME42530,METRONIDAZOL 500 MG X 10 OVULOS VAGINALES,METRONIDAZOL,Metronidazol,OVULOS,BLISS GVS PHARMA LTD,generico_otro_lab,cobeca,lab_generico,,METRONIDAZOL OVU 500MG X10 ALESS,https://mav.farmaciasaas.com/api/images/articulos/DISTRIBUCION/21032.jpg,ALESS,ALESS,"ALESS PHARMACEUTICALS, C.A.",si,
38478,HO33361,METRONIDAZOL 500 MG / 100 ML SOLUCION PARA INFUSION INTRAVENOSA,METRONIDAZOL,Metronidazol,INYECTABLE,LABORATORIO BIOGALENIC C.A.,generico_otro_lab,cobeca,lab_generico,,METRONIDAZOL SOL INY 500MG/100ML IPS,https://mav.farmaciasaas.com/api/images/articulos/DISTRIBUCION/21360.jpg,IPS,IPS,"IPS DE VENEZUELA, C.A.",si,
38482,ME28549/3,METRONIDAZOL 500 MG X 30 TABLETAS,METRONIDAZOL,Metronidazol,TABLETAS,LABORATORIO LA SANTE C.A.,generico_otro_lab,cobeca,lab_generico,,METRONIDAZOL TAB 500MG X30 ANG/H,https://mav.farmaciasaas.com/api/images/articulos/DISTRIBUCION/21370.jpg,ANG/H,ANG/H,"INVERSIONES ANGELUS HEALTH, C.A.",si,
38483,ME43038,METRONIDAZOL 500 MG X 30 TABLETAS,METRONIDAZOL,Metronidazol,TABLETAS,JIANGXI XIER KANGTAI PHARMACEUTICAL CO. LTD,generico_otro_lab,cobeca,lab_generico,,METRONIDAZOL TAB 500MG X30 ANG/H,https://mav.farmaciasaas.com/api/images/articulos/DISTRIBUCION/21370.jpg,ANG/H,ANG/H,"INVERSIONES ANGELUS HEALTH, C.A.",si,
38487,ME34758,MICROSER 16 MG X 20 TABLETAS,MICROSER,Betahistina,TABLETAS,TECNANDINA S.A.,generico_otro_lab,cobeca,lab_generico,,BETAHISTINA TAB 16MG X20 FMED,https://mav.farmaciasaas.com/api/images/articulos/DISTRIBUCION/51762.jpg,FMED,FMED,"CASA DE REPRESENTACION FARMACOS MEDIORIENTE, C.A.",si,
38497,ME43809,VERNATE 0.05 % CREMA,VERNATE,Clobetasol Propionato,CREMA,BIOTECH LABORATORIOS C.A.,generico_otro_lab,cobeca,lab_generico,,"CLOBETASOL PROPIONAT CREM 0,05% 20G CLX",https://mav.farmaciasaas.com/api/images/articulos/DISTRIBUCION/90441.jpg,CLX,CLX,"CALOX INTERNATIONAL, C.A.",no,
38498,ME43124,MIRTAZAPINA 15 MG X 30 TABLETAS RECUBIERTAS,MIRTAZAPINA,Mirtazapina,TABLETAS,RONALD PHARMACEUTICALS PVT. LTD.,generico_otro_lab,cobeca,lab_generico,,MIRTAZAPINA TAB 15MG X30 CLEO,https://mav.farmaciasaas.com/api/images/articulos/DISTRIBUCION/25667.jpg,CLEO,CLEO,"CORPORACION CLEOPHARMA, C.A.",si,
38499,ME37308,MIRTAZAPINA 30 MG X 30 TABLETAS RECUBIERTAS,MIRTAZAPINA,Mirtazapina,TABLETAS,NOVARTIS LIMITED . BANGLADESH,generico_otro_lab,cobeca,lab_generico,,MIRTAZAPINA TAB 30MG X30 CLX,https://mav.farmaciasaas.com/api/images/articulos/DISTRIBUCION/51322.jpg,CLX,CLX,"CALOX INTERNATIONAL, C.A.",no,
38506,ME35286,MONTELUKAST 5 MG X 30 TABLETAS MASTICABLES,MONTELUKAST,Montelukast,TABLETAS,CALOX INTERNATIONAL C.A.,generico_otro_lab,cobeca,lab_generico,,MONTELUKAST TAB MAST PED 5MG X30 L.O,https://mav.farmaciasaas.com/api/images/articulos/DISTRIBUCION/92814.jpg,L.O,OFTALMI,"LABORATORIOS L.O. OFTALMI, C.A.",no,
38516,ME37148,MOXIFLOXACINA 400 MG X 7 TABLETAS RECUBIERTAS,MOXIFLOXACINA,Moxifloxacino,TABLETAS,LABORATORIO LA SANTE C.A.,generico_otro_lab,cobeca,lab_generico,,MOXIFLOXACINA TAB REC 400MG X7 PHARME,https://mav.farmaciasaas.com/api/images/articulos/DISTRIBUCION/90066.jpg,PHARME,PHARME,"LABORATORIO LA SANTE, C.A.",no,
38534,ME31384/5,NEFROTAL H 50 MG - 12.5 MG X 30 COMPRIMIDOS RECUBIERTOS,NEFROTAL H,Hidroclorotiazida - Losartan,COMPRIMIDOS,MEGALABS S.A.,generico_otro_lab,cobeca,lab_generico,,LOSARTAN/HCT TABR 50MG/12.5MG X30 LA SAN,https://mav.farmaciasaas.com/api/images/articulos/DISTRIBUCION/28636.jpg,LA SAN,LA SANTE,"LABORATORIO LA SANTE, C.A.",no,
38535,ME31384/4,NEFROTAL H 50 MG - 12.5 MG X 15 COMPRIMIDOS RECUBIERTOS,NEFROTAL H,Hidroclorotiazida - Losartan,COMPRIMIDOS,MEGALABS S.A.,generico_otro_lab,cobeca,lab_generico,,"LOSARTAN/HCT TAB 50/12,5MG X15 PHARME",https://mav.farmaciasaas.com/api/images/articulos/DISTRIBUCION/90067.jpg,PHARME,PHARME,"LABORATORIO LA SANTE, C.A.",no,
38536,ME31384/2,NEFROTAL H 50 MG - 12.5 MG X 10 COMPRIMIDOS RECUBIERTOS,NEFROTAL H,Hidroclorotiazida - Losartan,COMPRIMIDOS,MEGALABS S.A.,generico_otro_lab,cobeca,lab_generico,,"LOSARTAN POTA/HCT 50/12,5MG X10 KIMIC",https://mav.farmaciasaas.com/api/images/articulos/DISTRIBUCION/93777.jpg,KIMIC,KIMIC,"LABORATORIOS KIMICEG, C.A.",no,
38552,ME28779,NIFEDIPINA 10 MG X 14 CAPSULAS,NIFEDIPINA,Nifedipino,CAPSULAS,LABORATORIO LA SANTE C.A.,generico_otro_lab,cobeca,lab_generico,,NIFEDIPINA CAP 10MG X14 PHARME,https://mav.farmaciasaas.com/api/images/articulos/DISTRIBUCION/27546.jpg,PHARME,PHARME,"LABORATORIO LA SANTE, C.A.",no,
38563,ME43051/2,NITROFURANTOINA 100 MG X 10 TABLETAS RECUBIERTAS,NITROFURANTOINA,Nitrofurantoina,TABLETAS,RONALD PHARMACEUTICALS PVT. LTD.,generico_otro_lab,cobeca,lab_generico,,NITROFURANTOINA TAB 100MG X10 CLEO,https://mav.farmaciasaas.com/api/images/articulos/DISTRIBUCION/25663.jpg,CLEO,CLEO,"CORPORACION CLEOPHARMA, C.A.",si,
38564,ME44220/2,NITROFURANTOINA 50 MG X 10 TABLETAS RECUBIERTAS,NITROFURANTOINA,,TABLETAS,CALOX INTERNATIONAL C.A.,generico_otro_lab,cobeca,lab_generico,,NITROFURANTOINA TAB 50MG X10 KMP,https://mav.farmaciasaas.com/api/images/articulos/DISTRIBUCION/53552.jpg,KMP,KMP,"KMPLUS PHARMACEUTICALS, C.A.",si,
38566,ME34437,NITROFURAZONA 0.2 % CREMA,NITROFURAZONA,Nitrofurazona,CREMA,EMPRESA LABORATORIO FARMACEUTICO ROBERTO ESCUDERO UNIDAD EMPRESARIAL DE BASE (UEB) PRODUCCION DE SEMISOLIDOS,generico_otro_lab,cobeca,lab_generico,,"NITROFURAZONA UNG 0,2MG 30G HM",https://mav.farmaciasaas.com/api/images/articulos/DISTRIBUCION/52434.jpg,HM,HM,"CASA DE REPRESENTACION H&M MEDICAL GROUP, C.A.",si,
38581,ME43411,PREDNISOLONA ACETATO 1 % SUSPENSION OFTALMICA,PREDNISOLONA ACETATO,,SUSPENSION ORAL,LABORATORIOS L.O. OFTALMI C.A.,generico_otro_lab,cobeca,lab_generico,,PREDNISOLONA SOL ORAL 3MG/ML 60ML DAC,https://mav.farmaciasaas.com/api/images/articulos/DISTRIBUCION/53054.jpg,DAC,DAC,"CASA DE REPRESENTACION DAC55, C.A.",no,
38586,ME42964,OLANZAPINA 5 MG X 30 TABLETAS ORODISPERSABLES,OLANZAPINA,Olanzapina,TABLETAS,PSICOFARMA S.A. DE C.V,generico_otro_lab,cobeca,lab_generico,,OLANZAPINA TAB 5MG X30 CLEO,https://mav.farmaciasaas.com/api/images/articulos/DISTRIBUCION/25670.jpg,CLEO,CLEO,"CORPORACION CLEOPHARMA, C.A.",si,
38589,ME40904,OLMESARTAN MEDOXOMIL 40 MG - HIDROLOCOTIAZIDA 12.5 MG X 30 TABLETAS RECUBIERTAS,OLMESARTAN MEDOXOMIL,,TABLETAS,LABORATORIO LA SANTE C.A.,generico_otro_lab,cobeca,lab_generico,,OLMESARTAN MEDOXOMIL COMP/REC 40MG X 30,https://mav.farmaciasaas.com/api/images/articulos/DISTRIBUCION/99045.jpg,(override),(override),"LABORATORIOS LETI, S.A.V.",no,olmesartan_x30_leti
38590,ME42752/2,OLMESARTAN MEDOXOMILO 20 MG X 10 TABLETAS RECUBIERTAS,OLMESARTAN MEDOXOMILO,Olmesartan Medoxomilo,TABLETAS,SYNOKEM PHARMACEUTICALS LIMITED,generico_otro_lab,cobeca,lab_generico,,OLMESARTAN MEDO TAB 20MG X10 PHARME,https://mav.farmaciasaas.com/api/images/articulos/DISTRIBUCION/18568.jpg,PHARME,PHARME,"LABORATORIO LA SANTE, C.A.",no,
38591,ME42752/3,OLMESARTAN MEDOXOMILO 20 MG X 30 TABLETAS RECUBIERTAS,OLMESARTAN MEDOXOMILO,Olmesartan Medoxomilo,TABLETAS,SYNOKEM PHARMACEUTICALS LIMITED,generico_otro_lab,cobeca,lab_generico,,OLMESARTAN MEDOXOMIL COM/REC 20MG X 30,https://mav.farmaciasaas.com/api/images/articulos/DISTRIBUCION/99097.jpg,(override),(override),"LABORATORIOS LETI, S.A.V.",no,olmesartan_x30_leti
38592,ME40779,OLMESARTAN MEDOXOMIL 20 MG X 30 TABLETAS RECUBIERTAS,OLMESARTAN MEDOXOMIL,,TABLETAS,LABORATORIO LA SANTE C.A.,generico_otro_lab,cobeca,lab_generico,,OLMESARTAN MEDOXOMIL COM/REC 20MG X 30,https://mav.farmaciasaas.com/api/images/articulos/DISTRIBUCION/99097.jpg,(override),(override),"LABORATORIOS LETI, S.A.V.",no,olmesartan_x30_leti
38593,ME42751/2,OLMESARTAN MEDOXOMILO 40 MG X 10 TABLETAS RECUBIERTAS,OLMESARTAN MEDOXOMILO,Olmesartan Medoxomilo,TABLETAS,SYNOKEM PHARMACEUTICALS LIMITED,generico_otro_lab,cobeca,lab_generico,,OLMESARTAN MEDO TAB 40MG X10 PHARME,https://mav.farmaciasaas.com/api/images/articulos/DISTRIBUCION/18584.jpg,PHARME,PHARME,"LABORATORIO LA SANTE, C.A.",no,
38594,ME42751/3,OLMESARTAN MEDOXOMILO 40 MG X 30 TABLETAS RECUBIERTAS,OLMESARTAN MEDOXOMILO,Olmesartan Medoxomilo,TABLETAS,SYNOKEM PHARMACEUTICALS LIMITED,generico_otro_lab,cobeca,lab_generico,,OLMESARTAN MEDOXOMIL COMP/REC 40MG X 30,https://mav.farmaciasaas.com/api/images/articulos/DISTRIBUCION/99045.jpg,(override),(override),"LABORATORIOS LETI, S.A.V.",no,olmesartan_x30_leti
38596,ME27785/3,OMEPRAZOL 20 MG X 10 CAPSULAS CON MICROGRANULOS ENTERICOS,OMEPRAZOL,,CAPSULAS,CALOX INTERNATIONAL C.A.,generico_otro_lab,cobeca,lab_generico,,OMEPRAZOL CAP 20MG X10 FMED,https://mav.farmaciasaas.com/api/images/articulos/DISTRIBUCION/53303.jpg,FMED,FMED,"CASA DE REPRESENTACION FARMACOS MEDIORIENTE, C.A.",si,
38599,ME27785/6,OMEPRAZOL 20 MG X 30 CAPSULAS CON MICROGRANULOS ENTERICOS,OMEPRAZOL,,CAPSULAS,CALOX INTERNATIONAL C.A.,generico_otro_lab,cobeca,lab_generico,,OMEPRAZOL CAP/MICRO G 20MG X 30 GENVEN,https://mav.farmaciasaas.com/api/images/articulos/DISTRIBUCION/29950.jpg,GENVEN,GENVEN,"LABORATORIOS LETI, S.A.V.",no,
38600,ME27785/2,OMEPRAZOL 20 MG X 7 CAPSULAS CON MICROGRANULOS ENTERICOS,OMEPRAZOL,,CAPSULAS,CALOX INTERNATIONAL C.A.,generico_otro_lab,cobeca,lab_generico,,OMEPRAZOL CAP 20MG X7 VARG,https://mav.farmaciasaas.com/api/images/articulos/DISTRIBUCION/20777.jpg,VARG,VARG,"LABORATORIOS VARGAS, S.A.",no,
38608,ME42404/3,OMEPRAZOL 40 MG X 30 CAPSULAS CON MICROGRANULOS GASTRORRESISTENTES,OMEPRAZOL,,CAPSULAS,LABORATORIO LA SANTE C.A.,generico_otro_lab,cobeca,lab_generico,,OMEPRAZOL CAP 40MG X 30 OFTALMI,https://mav.farmaciasaas.com/api/images/articulos/DISTRIBUCION/50576.jpg,OFTALMI,OFTALMI,"LABORATORIOS L.O. OFTALMI, C.A.",no,
38609,ME42404/2,OMEPRAZOL 40 MG X 7 CAPSULAS CON MICROGRANULOS GASTRORRESISTENTES,OMEPRAZOL,,CAPSULAS,LABORATORIO LA SANTE C.A.,generico_otro_lab,cobeca,lab_generico,,OMEPRAZOL CAP 40MG X 7 OFTALMI,https://mav.farmaciasaas.com/api/images/articulos/DISTRIBUCION/29583.jpg,OFTALMI,OFTALMI,"LABORATORIOS L.O. OFTALMI, C.A.",no,
38610,ME41965/3,OMEPRAZOL 40 MG X 30 CAPSULAS GASTRORRESISTENTES,OMEPRAZOL,,CAPSULAS,LABORATORIOS LETI S.A.V.,generico_otro_lab,cobeca,lab_generico,,OMEPRAZOL CAP 40MG X 30 OFTALMI,https://mav.farmaciasaas.com/api/images/articulos/DISTRIBUCION/50576.jpg,OFTALMI,OFTALMI,"LABORATORIOS L.O. OFTALMI, C.A.",no,
38613,HO33836,OMEPRAZOL 40 MG X 1 AMPOLLA,OMEPRAZOL,Omeprazol,INYECTABLE,VITALIS S.A.C.I.,generico_otro_lab,cobeca,lab_generico,,OMEPRAZOL PVO P/SOL INY 40MG X1 CR DIST,https://mav.farmaciasaas.com/api/images/articulos/DISTRIBUCION/51351.jpg,CR DIST,CR DIST,"CASA DE REPRESENTACION DISTRILAB, C.A.",si,
38614,ME1221,OMMUNAL (LISADO BACTERIANO) 7 MG X 10 CAPSULAS,OMMUNAL (LISADO BACTERIANO),,CAPSULAS,OM PHARMA SA,generico_otro_lab,cobeca,lab_generico,,OMMUNAL CAP 7MG X10 LETI,https://mav.farmaciasaas.com/api/images/articulos/DISTRIBUCION/6053.jpg,LETI,LETI,"LABORATORIOS LETI, S.A.V.",no,
38617,HO37763/2,ONDANSETRON 8 MG / 4 ML X 1 AMPOLLA,ONDANSETRON,,INYECTABLE,EMPRESA LABORATORIOS AICA,generico_otro_lab,cobeca,lab_generico,,ONDANSETRON SOL INY IM/IV 8MG/4ML X1 ADN,https://mav.farmaciasaas.com/api/images/articulos/DISTRIBUCION/53239.jpg,ADN,ADN,"CASA DE REPRESENTACION ADN MEDICAL, C.A.",si,
38618,HO37763/3,ONDANSETRON 8 MG / 4 ML X 5 AMPOLLAS,ONDANSETRON,,INYECTABLE,EMPRESA LABORATORIOS AICA,generico_otro_lab,cobeca,lab_generico,,ONDANSETRON INY IV/IM 8MG/4ML X5 DIST,https://mav.farmaciasaas.com/api/images/articulos/DISTRIBUCION/52480.jpg,DIST,DIST,"CASA DE REPRESENTACION DISTRILAB, C.A.",si,
38629,ME43862,OXCARBAZEPINA 300 MG X 30 TABLETAS RECUBIERTAS,OXCARBAZEPINA,Oxcarbazepina,TABLETAS,JIANGXI SYNERGY PHARMACEUTICAL CO. LTD,generico_otro_lab,cobeca,lab_generico,,OXCARBAZEPINA TAB 300MG X30 CLEO,https://mav.farmaciasaas.com/api/images/articulos/DISTRIBUCION/25662.jpg,CLEO,CLEO,"CORPORACION CLEOPHARMA, C.A.",si,
38631,ME25936,OXOLAMINA JARABE,OXOLAMINA JARABE,,JARABE,LABORATORIOS ELMOR S.A.,generico_otro_lab,cobeca,lab_generico,,OXOLAMINA JBE PED 120ML VLM,https://mav.farmaciasaas.com/api/images/articulos/DISTRIBUCION/2771.jpg,VLM,VLM,"LABORATORIOS VALMOR, C.A.",no,
38636,ME43468,PANTOPRAZOL 40 MG X 7 TABLETAS DE LIBERACION RETARDADA,PANTOPRAZOL,,TABLETAS,REMUS PHARMACEUTICALS PVT. LTD.,generico_otro_lab,cobeca,lab_generico,,PANTOPRAZOL TAB 40MG X7 ALESS,https://mav.farmaciasaas.com/api/images/articulos/DISTRIBUCION/20517.jpg,ALESS,ALESS,"ALESS PHARMACEUTICALS, C.A.",si,
38638,HO44116,PARACETAMOL 1 G / 100 ML SOLUCION PARA INFUSION,PARACETAMOL,Paracetamol,INYECTABLE,SHIJIAZHUANG NO 4 PHARMACEUTICAL CO. LTD,generico_otro_lab,cobeca,lab_generico,,PARACETAMOL INF INY 1G/100ML CR DIST,https://mav.farmaciasaas.com/api/images/articulos/DISTRIBUCION/21339.jpg,CR DIST,CR DIST,"CASA DE REPRESENTACION DISTRILAB, C.A.",si,
38639,ME37850,PAROXETINA 20 MG X 30 COMPRIMIDOS RECUBIERTAS,PAROXETINA,Paroxetina,COMPRIMIDOS,KERN PHARMA S.L.,generico_otro_lab,cobeca,lab_generico,,PAROXETINA TAB 20MG X30 CLEO,https://mav.farmaciasaas.com/api/images/articulos/DISTRIBUCION/25668.jpg,CLEO,CLEO,"CORPORACION CLEOPHARMA, C.A.",si,
38647,ME39670/3,PEGYT 150 MG X 30 CAPSULAS,PEGYT,Pregabalina,CAPSULAS,LABORATORIOS LETI S.A.V.,generico_otro_lab,cobeca,lab_generico,,PREGABALINA CAP 150MG X30 ALESS,https://mav.farmaciasaas.com/api/images/articulos/DISTRIBUCION/52772.jpg,ALESS,ALESS,"ALESS PHARMACEUTICALS, C.A.",si,
38651,ME27020,PENTOXIFILINA 400 MG X 30 COMPRIMIDOS RECUBIERTOS DE ACCION PROLONGADA,PENTOXIFILINA,Pentoxifilina,COMPRIMIDOS,LABORATORIOS LETI S.A.V.,generico_otro_lab,cobeca,lab_generico,,PENTOXIFILINA TAB 400MG X30 CR CCM,https://mav.farmaciasaas.com/api/images/articulos/DISTRIBUCION/21851.jpg,CR CCM,CR CCM,"CASA DE REPRESENTACION FARMACEUTICAS CCM, C.A.",si,
38668,ME34513,BREINOX 400 MG X 30 TABLETAS,BREINOX,Piracetam,TABLETAS,LABORATORIOS FARMA S.A.,generico_otro_lab,cobeca,lab_generico,,PIRACETAM TAB 400MG X30 CR MT,https://mav.farmaciasaas.com/api/images/articulos/DISTRIBUCION/50807.jpg,CR MT,CR MT,"CASA DE REPRESENTACION MT GLOBAL CARE, C.A.",si,
38669,ME23852,PIROXICAM 20 MG X 10 CAPSULAS,PIROXICAM,Piroxicam,CAPSULAS,LABORATORIO LA SANTE C.A.,generico_otro_lab,cobeca,lab_generico,,PIROXICAM CAP 20MG X10 PHARME,https://mav.farmaciasaas.com/api/images/articulos/DISTRIBUCION/10007.jpg,PHARME,PHARME,"LABORATORIO LA SANTE, C.A.",no,
38682,ME44096,PRENIL 3 MG / 1 ML SOLUCION ORAL,PRENIL,Prednisolona,SOLUCION ORAL,LABORATORIOS LEGRAND S.A.,generico_otro_lab,cobeca,lab_generico,,PREDNISOLONA SOL ORAL 3MG/ML 60ML DAC,https://mav.farmaciasaas.com/api/images/articulos/DISTRIBUCION/53054.jpg,DAC,DAC,"CASA DE REPRESENTACION DAC55, C.A.",no,
38683,ME43177,PREDNISOLONA ACETATO 1 % SUSPENSION OFTALMICA,PREDNISOLONA ACETATO,Prednisolona,SOLUCION OFTALMICA,INDIANA OPHTHALMICS,generico_otro_lab,cobeca,lab_generico,,PREDNISOLONA SUSP/OFT 1% X 5ML OFTALMI,https://mav.farmaciasaas.com/api/images/articulos/DISTRIBUCION/29565.jpg,OFTALMI,OFTALMI,"LABORATORIOS L.O. OFTALMI, C.A.",no,
38684,ME43039/2,PREDNISOLONA 5 MG X 10 TABLETAS,PREDNISOLONA,,TABLETAS,JIANGXI XIER KANGTAI PHARMACEUTICAL CO. LTD,generico_otro_lab,cobeca,lab_generico,,PREDNISOLONA TAB 5 MG X 10 KMPLUS,https://mav.farmaciasaas.com/api/images/articulos/23776.jpg,KMPLUS,KMP,"KMPLUS PHARMACEUTICALS, C.A.",si,
38685,ME43039/3,PREDNISOLONA 5 MG X 30 TABLETAS,PREDNISOLONA,,TABLETAS,JIANGXI XIER KANGTAI PHARMACEUTICAL CO. LTD,generico_otro_lab,cobeca,lab_generico,,PREDNISOLONA TAB 5MG X30 ANG/H,https://mav.farmaciasaas.com/api/images/articulos/DISTRIBUCION/21369.jpg,ANG/H,ANG/H,"INVERSIONES ANGELUS HEALTH, C.A.",si,
38686,ME42866/2,PREDNISOLONA 5 MG X 10 TABLETAS,PREDNISOLONA,Prednisolona,TABLETAS,RONALD PHARMACEUTICALS PVT. LTD.,generico_otro_lab,cobeca,lab_generico,,PREDNISOLONA TAB 5 MG X 10 KMPLUS,https://mav.farmaciasaas.com/api/images/articulos/23776.jpg,KMPLUS,KMP,"KMPLUS PHARMACEUTICALS, C.A.",si,
38687,ME42866/3,PREDNISOLONA 5 MG X 30 TABLETAS,PREDNISOLONA,Prednisolona,TABLETAS,RONALD PHARMACEUTICALS PVT. LTD.,generico_otro_lab,cobeca,lab_generico,,PREDNISOLONA TAB 5MG X30 ANG/H,https://mav.farmaciasaas.com/api/images/articulos/DISTRIBUCION/21369.jpg,ANG/H,ANG/H,"INVERSIONES ANGELUS HEALTH, C.A.",si,
38691,ME12419/4,PREDNISONA 5 MG X 100 TABLETAS,PREDNISONA,Prednisona,TABLETAS,CALOX INTERNATIONAL C.A.,generico_otro_lab,cobeca,lab_generico,,PREDNISONA TAB 5MG X100 CR DIST,https://mav.farmaciasaas.com/api/images/articulos/DISTRIBUCION/22275.jpg,CR DIST,CR DIST,"CASA DE REPRESENTACION DISTRILAB, C.A.",si,
38694,ME42570/3,PREGABALINA 150 MG X 30 CAPSULAS,PREGABALINA,Pregabalina,CAPSULAS,REMUS PHARMACEUTICALS PVT. LTD.,generico_otro_lab,cobeca,lab_generico,,PREGABALINA CAP 150MG X30 ALESS,https://mav.farmaciasaas.com/api/images/articulos/DISTRIBUCION/52772.jpg,ALESS,ALESS,"ALESS PHARMACEUTICALS, C.A.",si,
38696,ME44579/3,PREGALIS 75 MG X 30 CAPSULAS,PREGALIS,Pregabalina,CAPSULAS,PINNACLE LIFE SCIENCE PVT. LTD.,generico_otro_lab,cobeca,lab_generico,,PREGABALINA CAP 75MG X30 PHARMA,https://mav.farmaciasaas.com/api/images/articulos/DISTRIBUCION/27604.jpg,PHARMA,PHARMA,"LABORATORIOS PHARMARIS DE VENEZUELA, C.A.",no,
38701,ME14671,PREVERAL CON CODEINA JARABE,PREVERAL CON CODEINA JARABE,,JARABE,LABORATORIOS WYETH S.A.,generico_otro_lab,cobeca,lab_generico,,PREVERAL C/DEXTRO JBE REFORM 120ML VARG,https://mav.farmaciasaas.com/api/images/articulos/DISTRIBUCION/99589.jpg,VARG,VARG,"LABORATORIOS VARGAS, S.A.",no,
38709,ME43431/3,QUETIAPINA 100 MG X 30 TABLETAS RECUBIERTAS,QUETIAPINA,,TABLETAS,PINNACLE LIFE SCIENCE PVT. LTD.,generico_otro_lab,cobeca,lab_generico,,QUETIAPINA TAB 100MG X30 PHARMA,https://mav.farmaciasaas.com/api/images/articulos/DISTRIBUCION/27607.jpg,PHARMA,PHARMA,"LABORATORIOS PHARMARIS DE VENEZUELA, C.A.",no,
38710,ME43426,QUETIAPINA 25 MG X 30 TABLETAS RECUBIERTAS,QUETIAPINA,,TABLETAS,PINNACLE LIFE SCIENCE PVT. LTD.,generico_otro_lab,cobeca,lab_generico,,QUETIAPINA TAB 25MG X30 PHARMA,https://mav.farmaciasaas.com/api/images/articulos/DISTRIBUCION/27606.jpg,PHARMA,PHARMA,"LABORATORIOS PHARMARIS DE VENEZUELA, C.A.",no,
38711,ME39822,QUETIAZIC 300 MG X 30 COMPRIMIDOS RECUBIERTOS,QUETIAZIC,Quetiapina,COMPRIMIDOS,MONTE VERDE S.A.,generico_otro_lab,cobeca,lab_generico,,QUETIAPINA TAB 300MG X30 CR MT,https://mav.farmaciasaas.com/api/images/articulos/DISTRIBUCION/51310.jpg,CR MT,CR MT,"CASA DE REPRESENTACION MT GLOBAL CARE, C.A.",si,
38719,HO30929,RANITIDINA 50 MG / 2 ML X 10 AMPOLLAS,RANITIDINA,Ranitidina,INYECTABLE,LABORATORIO COFASA S.A.,generico_otro_lab,cobeca,lab_generico,,RANITIDINA AMP 50MG/2ML X10 BLUE/M,https://mav.farmaciasaas.com/api/images/articulos/DISTRIBUCION/23534.jpg,BLUE/M,BLUE,"BLUE MEDICAL PHARMACEUTICAL, C.A.",si,
38720,ME26538,RANITIDINA 150 MG X 10 COMPRIMIDOS RECUBIERTOS,RANITIDINA,Ranitidina,COMPRIMIDOS,LABORATORIOS LETI S.A.V.,generico_otro_lab,cobeca,lab_generico,,RANITIDINA TAB 150MG X10 MT GLOB,https://mav.farmaciasaas.com/api/images/articulos/DISTRIBUCION/54366.jpg,MT GLOB,MT,"CASA DE REPRESENTACION MT GLOBAL CARE, C.A.",si,
38721,ME31884,RANITIDINA 300 MG X 10 TABLETAS,RANITIDINA,Ranitidina,TABLETAS,CALOX INTERNATIONAL C.A.,generico_otro_lab,cobeca,lab_generico,,RANITIDINA TAB 300MG X10 MT GLOB,https://mav.farmaciasaas.com/api/images/articulos/DISTRIBUCION/54367.jpg,MT GLOB,MT,"CASA DE REPRESENTACION MT GLOBAL CARE, C.A.",si,
38724,ME44650,REUMAQUINE 200 MG X 20 TABLETAS RECUBIERTAS,REUMAQUINE,Hidroxicloroquina,TABLETAS,NEEL NAYAN PHARMA PVT. LTD.,generico_otro_lab,cobeca,lab_generico,,HIDROXICLOROQUINA TAB 200MG X20 CR MT,https://mav.farmaciasaas.com/api/images/articulos/DISTRIBUCION/27621.jpg,CR MT,CR MT,"CASA DE REPRESENTACION MT GLOBAL CARE, C.A.",si,
38733,ME43791,RINIFLU 2.5 MG / 5 ML JARABE,RINIFLU,Desloratadina,JARABE,BIOTECH LABORATORIOS C.A.,generico_otro_lab,cobeca,lab_generico,,"DESLORATADINA JBE PED 2,5/5ML60ML PHARME",https://mav.farmaciasaas.com/api/images/articulos/DISTRIBUCION/11665.jpg,PHARME,PHARME,"LABORATORIO LA SANTE, C.A.",no,
38744,ME42922,RIVAROXABAN 15 MG X 30 TABLETAS RECUBIERTAS,RIVAROXABAN,Rivaroxaban,TABLETAS,WEST-COAST PHARMACEUTICAL WORKS LTD,generico_otro_lab,cobeca,lab_generico,,RIVAROXABAN TAB 15MG X30 CR DIST,https://mav.farmaciasaas.com/api/images/articulos/DISTRIBUCION/24319.jpg,CR DIST,CR DIST,"CASA DE REPRESENTACION DISTRILAB, C.A.",si,
38746,ME42923/3,RIVAROXABAN 20 MG X 14 TABLETAS RECUBIERTAS,RIVAROXABAN,Rivaroxaban,TABLETAS,WEST-COAST PHARMACEUTICAL WORKS LTD,generico_otro_lab,cobeca,lab_generico,,RIVAROXABAN TAB REC 20MG X14 KMP,https://mav.farmaciasaas.com/api/images/articulos/DISTRIBUCION/54217.jpg,KMP,KMP,"KMPLUS PHARMACEUTICALS, C.A.",si,
38748,ME44475,ROSUTAN 10 MG X 30 TABLETAS RECUBIERTAS,ROSUTAN,Rosuvastatina,TABLETAS,MACLEODS PHARMACEUTICALS LTD,generico_otro_lab,cobeca,lab_generico,,ROSUVASTATINA TAB/REC 10MG X 30 LA SANT,https://mav.farmaciasaas.com/api/images/articulos/DISTRIBUCION/29584.jpg,LA SANT,LA SANT,"LABORATORIO LA SANTE, C.A.",no,
38750,ME42632/2,ROSUVASTATINA 20 MG X 10 TABLETAS RECUBIERTAS,ROSUVASTATINA,Rosuvastatina,TABLETAS,WEST-COAST PHARMACEUTICAL WORKS LTD,generico_otro_lab,cobeca,lab_generico,,ROSUVASTATINA TAB REC 20MG X10 PHARME,https://mav.farmaciasaas.com/api/images/articulos/DISTRIBUCION/24316.jpg,PHARME,PHARME,"LABORATORIO LA SANTE, C.A.",no,
38751,ME42632/3,ROSUVASTATINA 20 MG X 30 TABLETAS RECUBIERTAS,ROSUVASTATINA,Rosuvastatina,TABLETAS,WEST-COAST PHARMACEUTICAL WORKS LTD,generico_otro_lab,cobeca,lab_generico,,ROSUVASTATINA TAB 20MG X30 ANG/H,https://mav.farmaciasaas.com/api/images/articulos/DISTRIBUCION/21364.jpg,ANG/H,ANG/H,"INVERSIONES ANGELUS HEALTH, C.A.",si,
38752,ME42676,ROSUVASTATINA 10 MG X 30 TABLETAS RECUBIERTAS,ROSUVASTATINA,Rosuvastatina,TABLETAS,HIRAL LABS LIMITED,generico_otro_lab,cobeca,lab_generico,,ROSUVASTATINA TAB/REC 10MG X 30 LA SANT,https://mav.farmaciasaas.com/api/images/articulos/DISTRIBUCION/29584.jpg,LA SANT,LA SANT,"LABORATORIO LA SANTE, C.A.",no,
38770,ME31560,SECNIDAZOL 1 G X 2 TABLETAS RECUBIERTAS,SECNIDAZOL,Secnidazol Anhidro,TABLETAS,LABORATORIOS KIMICEG C.A.,generico_otro_lab,cobeca,lab_generico,,SECNIDAZOL TAB 1G X2 VIV,https://mav.farmaciasaas.com/api/images/articulos/DISTRIBUCION/8585.jpg,VIV,VIV,"CALOX INTERNATIONAL, C.A.",no,
38779,ME30171/3,SERLINE 50 MG X 30 COMPRIMIDOS,SERLINE,Sertralina,COMPRIMIDOS,MEGALABS S.A.,generico_otro_lab,cobeca,lab_generico,,SERTRALINA TAB 50MG X30 CLEO,https://mav.farmaciasaas.com/api/images/articulos/DISTRIBUCION/25669.jpg,CLEO,CLEO,"CORPORACION CLEOPHARMA, C.A.",si,
38781,ME32466/4,SERTRALINA 50 MG X 56 TABLETAS,SERTRALINA,Sertralina,TABLETAS,LABORATORIO LA SANTE C.A.,generico_otro_lab,cobeca,lab_generico,,SERTRALINA COMP REC 50MG X56 DORO,https://mav.farmaciasaas.com/api/images/articulos/DISTRIBUCION/53165.jpg,DORO,DORO,"CASA DE REPRESENTACION DOROPHARMA, C.A.",si,
38784,ME31067/3,SERTRALINA 50 MG X 14 COMPRIMIDOS RECUBIERTOS,SERTRALINA,Sertralina,COMPRIMIDOS,LABORATORIOS LETI S.A.V.,generico_otro_lab,cobeca,lab_generico,,SERTRALINA TAB 50MG X14 CR CCM,https://mav.farmaciasaas.com/api/images/articulos/DISTRIBUCION/22393.jpg,CR CCM,CR CCM,"CASA DE REPRESENTACION FARMACEUTICAS CCM, C.A.",si,
38786,ME43842,SERTRALINA 50 MG X 14 TABLETAS RECUBIERTAS,SERTRALINA,Sertralina,TABLETAS,HIRAL LABS LIMITED,generico_otro_lab,cobeca,lab_generico,,SERTRALINA TAB 50MG X14 CR CCM,https://mav.farmaciasaas.com/api/images/articulos/DISTRIBUCION/22393.jpg,CR CCM,CR CCM,"CASA DE REPRESENTACION FARMACEUTICAS CCM, C.A.",si,
38807,ME43073/3,SUCRALFATO 1 G X 20 TABLETAS,SUCRALFATO,,TABLETAS,RONALD PHARMACEUTICALS PVT. LTD.,generico_otro_lab,cobeca,lab_generico,,SUCRALFATO TAB 1G X20 KMP,https://mav.farmaciasaas.com/api/images/articulos/DISTRIBUCION/54219.jpg,KMP,KMP,"KMPLUS PHARMACEUTICALS, C.A.",si,
38808,ME43073/2,SUCRALFATO 1 G X 10 TABLETAS,SUCRALFATO,,TABLETAS,RONALD PHARMACEUTICALS PVT. LTD.,generico_otro_lab,cobeca,lab_generico,,SUCRALFATO TAB 1G X10 CLEO,https://mav.farmaciasaas.com/api/images/articulos/DISTRIBUCION/25675.jpg,CLEO,CLEO,"CORPORACION CLEOPHARMA, C.A.",si,
38823,ME44534,TACROLIMUS 0.03 % UNGUENTO,TACROLIMUS,Tacrolimus,UNGUENTO,HIRAL LABS LIMITED,generico_otro_lab,cobeca,lab_generico,,"TACROLIMUS UNG 0,03% 15G BIU",https://mav.farmaciasaas.com/api/images/articulos/DISTRIBUCION/50903.jpg,BIU,BIU,"CASA DE REPRESENTACION BIUMAK PHARMACEUTICALS, C.A.",si,
38834,ME41156/3,TALYSTO 5 MG X 30 TABLETAS MASTICABLES,TALYSTO,Tadalafilo,TABLETAS,MANUFACTURERA MUNDIAL FARMACEUTICA M.M.F. C.A.,generico_otro_lab,cobeca,lab_generico,,TADALAFILO COM/REC 5MG X 30 LETI,https://mav.farmaciasaas.com/api/images/articulos/DISTRIBUCION/50485.jpg,LETI,LETI,"LABORATORIOS LETI, S.A.V.",no,
38842,ME36676/3,TAMSULOSINA HCL 0.4 MG CAPSULAS DE LIBERACION PROGRAMADA X 30 CAPSULAS,TAMSULOSINA HCL,Tamsulosina,CAPSULAS,ESPECIALIDADES DOLLDER C.A.,generico_otro_lab,cobeca,lab_generico,,"TAMSULOSINA CAP 0,4MG X30 ALESS",https://mav.farmaciasaas.com/api/images/articulos/DISTRIBUCION/24279.jpg,ALESS,ALESS,"ALESS PHARMACEUTICALS, C.A.",si,
38843,ME36676/2,TAMSULOSINA HCL 0.4 MG CAPSULAS DE LIBERACION PROGRAMADA X 10 CAPSULAS,TAMSULOSINA HCL,Tamsulosina,CAPSULAS,ESPECIALIDADES DOLLDER C.A.,generico_otro_lab,cobeca,lab_generico,,"TAMSULOSINA TAMSUHEM CAP 0,4MG X10 ADN",https://mav.farmaciasaas.com/api/images/articulos/DISTRIBUCION/53254.jpg,ADN,ADN,"CASA DE REPRESENTACION ADN MEDICAL, C.A.",si,
38844,ME42589,TAMSULOSINA CLORHIDRATO 0.4 MG X 30 CAPSULAS DE LIBERACION PROLONGADA,TAMSULOSINA CLORHIDRATO,Tamsulosina,CAPSULAS,LABORATORIOS SPEFAR VENEZOLANOS S.A.,generico_otro_lab,cobeca,lab_generico,,"TAMSULOSINA CAP 0,4MG X30 ALESS",https://mav.farmaciasaas.com/api/images/articulos/DISTRIBUCION/24279.jpg,ALESS,ALESS,"ALESS PHARMACEUTICALS, C.A.",si,
38856,ME36877,TERBINAFINA CLORHIDRATO 1 % CREMA TOPICA,TERBINAFINA CLORHIDRATO,,CREMA,MEYER PRODUCTOS TERAPEUTICOS S.A.,generico_otro_lab,cobeca,lab_generico,,TERBINAFINA CREM 1% 15G KIMIC,https://mav.farmaciasaas.com/api/images/articulos/DISTRIBUCION/96827.jpg,KIMIC,KIMIC,"LABORATORIOS KIMICEG, C.A.",no,
38863,ME42959,TIMOLOL 0.5 % SOLUCION OFTALMICA,TIMOLOL,Timolol,SOLUCION OFTALMICA,CADILA PHARMACEUTICALS LIMITED,generico_otro_lab,cobeca,lab_generico,,"TIMOLOL SOL OFT 0,5% 10ML CR DIST",https://mav.farmaciasaas.com/api/images/articulos/DISTRIBUCION/22841.jpg,CR DIST,CR DIST,"CASA DE REPRESENTACION DISTRILAB, C.A.",si,
38868,HO27849/2,TIOCOLCHICOSIDO 4 MG / 2 ML X 1 AMPOLLA,TIOCOLCHICOSIDO,Tiocolchicosido,INYECTABLE,LABORATORIOS LETI S.A.V.,generico_otro_lab,cobeca,lab_generico,,TIOCOLCHICOSIDO AMP 4MG/2ML X1 CR GM,https://mav.farmaciasaas.com/api/images/articulos/DISTRIBUCION/51472.jpg,CR GM,CR GM,"CASA DE REPRESENTACION GLOBAL MEDIC, C.A.",si,
38869,HO27849/4,TIOCOLCHICOSIDO 4 MG / 2 ML X 50 AMPOLLAS,TIOCOLCHICOSIDO,Tiocolchicosido,INYECTABLE,LABORATORIOS LETI S.A.V.,generico_otro_lab,cobeca,lab_generico,,TIOCOLCHICOSIDO AMP 4MG/2ML X50 ALESS,https://mav.farmaciasaas.com/api/images/articulos/DISTRIBUCION/20404.jpg,ALESS,ALESS,"ALESS PHARMACEUTICALS, C.A.",si,
38870,HO27849/3,TIOCOLCHICOSIDO 4 MG / 2 ML X 2 AMPOLLAS,TIOCOLCHICOSIDO,Tiocolchicosido,INYECTABLE,LABORATORIOS LETI S.A.V.,generico_otro_lab,cobeca,lab_generico,,TIOCOLCHICOSIDO AMP IMP 4MG/2ML X2 ALESS,https://mav.farmaciasaas.com/api/images/articulos/DISTRIBUCION/20405.jpg,ALESS,ALESS,"ALESS PHARMACEUTICALS, C.A.",si,
38875,ME43629,TIZANIDINA 2 MG X 10 TABLETAS,TIZANIDINA,Tizanidina,TABLETAS,RECKON ORGANICS PVT. LTD.,generico_otro_lab,cobeca,lab_generico,,TIZANIDINA TAB 2MG X 10 ANGELUS,https://mav.farmaciasaas.com/api/images/articulos/DISTRIBUCION/28534.jpg,ANGELUS,ANGELUS,"INVERSIONES ANGELUS HEALTH, C.A.",si,
38893,ME28553/2,TRIMEBUTINA MALEATO 200 MG X 10 TABLETAS,TRIMEBUTINA MALEATO,,TABLETAS,LABORATORIO LA SANTE C.A.,generico_otro_lab,cobeca,lab_generico,,TRIMEBUTINA TAB 200MG X10 CLEO,https://mav.farmaciasaas.com/api/images/articulos/DISTRIBUCION/25677.jpg,CLEO,CLEO,"CORPORACION CLEOPHARMA, C.A.",si,
38894,ME28553/3,TRIMEBUTINA MALEATO 200 MG X 30 TABLETAS,TRIMEBUTINA MALEATO,,TABLETAS,LABORATORIO LA SANTE C.A.,generico_otro_lab,cobeca,lab_generico,,TRIMEBUTINA TAB 200MG X30 PHARME,https://mav.farmaciasaas.com/api/images/articulos/DISTRIBUCION/26921.jpg,PHARME,PHARME,"LABORATORIO LA SANTE, C.A.",no,
38913,ME44208/2,VALSARTAN 160 MG X 10 COMPRIMIDOS RECUBIERTOS,VALSARTAN,Valsartan,COMPRIMIDOS,LABORATORIOS VARGAS S.A.,generico_otro_lab,cobeca,lab_generico,,VALSARTAN TAB 160MG X10 ANG/H,https://mav.farmaciasaas.com/api/images/articulos/DISTRIBUCION/21372.jpg,ANG/H,ANG/H,"INVERSIONES ANGELUS HEALTH, C.A.",si,
38915,ME44208/4,VALSARTAN 160 MG X 30 COMPRIMIDOS RECUBIERTOS,VALSARTAN,Valsartan,COMPRIMIDOS,LABORATORIOS VARGAS S.A.,generico_otro_lab,cobeca,lab_generico,,VALSARTAN TAB REC 160MG X30 ANG/H,https://mav.farmaciasaas.com/api/images/articulos/DISTRIBUCION/52911.jpg,ANG/H,ANG/H,"INVERSIONES ANGELUS HEALTH, C.A.",si,
38923,ME35562/5,VALSARTAN - HIDROCLOROTIAZIDA 80 MG - 12.5 MG X 30 TABLETAS RECUBIERTAS,VALSARTAN - HIDROCLOROTIAZIDA,,TABLETAS,CALOX INTERNATIONAL C.A.,generico_otro_lab,cobeca,lab_generico,,"VALSARTAN/HCT TABREC 80/12,5MGX30 PHARME",https://mav.farmaciasaas.com/api/images/articulos/DISTRIBUCION/22214.jpg,PHARME,PHARME,"LABORATORIO LA SANTE, C.A.",no,
38926,ME38613,VALSARTAN - HIDROCLOROTIAZIDA 80 MG - 12.5 MG X 30 TABLETAS RECUBIERTAS,VALSARTAN - HIDROCLOROTIAZIDA,Hidroclorotiazida - Valsartan,TABLETAS,LABORATORIOS VALMOR C.A.,generico_otro_lab,cobeca,lab_generico,,"VALSARTAN/HCT TABREC 80/12,5MGX30 PHARME",https://mav.farmaciasaas.com/api/images/articulos/DISTRIBUCION/22214.jpg,PHARME,PHARME,"LABORATORIO LA SANTE, C.A.",no,
38927,ME33646/2,VASATEN HCT 80 MG - 12.5 MG X 10 COMPRIMIDOS RECUBIERTOS,VASATEN HCT,Hidroclorotiazida - Valsartan,COMPRIMIDOS,LABORATORIOS LETI S.A.V.,generico_otro_lab,cobeca,lab_generico,,VALSARTAN HCT TAB/REC 80/12.5MG X10 VARG,https://mav.farmaciasaas.com/api/images/articulos/DISTRIBUCION/50173.jpg,VARG,VARG,"LABORATORIOS VARGAS, S.A.",no,
38928,ME33646/3,VASATEN HCT 80 MG - 12.5 MG X 14 COMPRIMIDOS RECUBIERTOS,VASATEN HCT,Hidroclorotiazida - Valsartan,COMPRIMIDOS,LABORATORIOS LETI S.A.V.,generico_otro_lab,cobeca,lab_generico,,"VALSARTAN/HCT TAB REC 80/12,5MG X14 CLX",https://mav.farmaciasaas.com/api/images/articulos/DISTRIBUCION/9838.jpg,CLX,CLX,"CALOX INTERNATIONAL, C.A.",no,
38929,ME35526/2,VALSARTAN - HIDROCLOROTIAZIDA 80 MG - 12.5 MG X 10 TABLETAS RECUBIERTAS,VALSARTAN - HIDROCLOROTIAZIDA,Hidroclorotiazida - Valsartan,TABLETAS,CALOX INTERNATIONAL C.A.,generico_otro_lab,cobeca,lab_generico,,VALSARTAN HCT TAB/REC 80/12.5MG X10 VARG,https://mav.farmaciasaas.com/api/images/articulos/DISTRIBUCION/50173.jpg,VARG,VARG,"LABORATORIOS VARGAS, S.A.",no,
38931,ME44465,VALSARTAN 160 MG X 30 TABLETAS RECUBIERTAS,VALSARTAN,Valsartan,TABLETAS,JIANGSU PENGYAO PHARMACEUTICAL CO. LTD,generico_otro_lab,cobeca,lab_generico,,VALSARTAN TAB REC 160MG X30 ANG/H,https://mav.farmaciasaas.com/api/images/articulos/DISTRIBUCION/52911.jpg,ANG/H,ANG/H,"INVERSIONES ANGELUS HEALTH, C.A.",si,
38932,ME37644/2,VALSARTAN 80 MG X 14 CAPSULAS,VALSARTAN,Valsartan,CAPSULAS,SM PHARMA C.A.,generico_otro_lab,cobeca,lab_generico,,VALSARTAN CAP 80MG X14 LETI,https://mav.farmaciasaas.com/api/images/articulos/DISTRIBUCION/22949.jpg,LETI,LETI,"LABORATORIOS LETI, S.A.V.",no,
38933,ME37644/3,VALSARTAN 80 MG X 30 CAPSULAS,VALSARTAN,Valsartan,CAPSULAS,SM PHARMA C.A.,generico_otro_lab,cobeca,lab_generico,,VALSARTAN CAP 80MG X30 GNV LETI,https://mav.farmaciasaas.com/api/images/articulos/DISTRIBUCION/99797.jpg,LETI,LETI,"LABORATORIOS LETI, S.A.V.",no,
38952,ME42486,VILDAGLIPTINA 50 MG X 30 COMPRIMIDOS,VILDAGLIPTINA,Vildagliptina,COMPRIMIDOS,NOVARTIS PHARMACEUTICAL MANUFACTURING LLC.,generico_otro_lab,cobeca,lab_generico,,VILDAGLIPTINA TAB 50MG X 30 MT,https://mav.farmaciasaas.com/api/images/articulos/DISTRIBUCION/30332.jpg,MT,MT,"CASA DE REPRESENTACION MT GLOBAL CARE, C.A.",si,
38963,ME44099/3,VITAMINA C 500 MG X 15 TABLETAS MASTICABLES SABOR A NARANJA,VITAMINA C,Vitamina C,TABLETAS,HIRAL LABS LIMITED,generico_otro_lab,farmanselmo,lab_generico,,VITAMINA C (ACIDO ASCORBICO) 500MG SABOR A NARANJA TIRA xTABLETAS MASTICABLES LA SANTE (E),https://pccentro.net.ve/img/s/4/3/6/0/1/43601-large_default.webp,LA SANTE,LA SANTE,"LABORATORIO LA SANTE, C.A.",no,
38965,ME44099/2,VITAMINA C 500 MG X 10 TABLETAS MASTICABLES SABOR A NARANJA,VITAMINA C,Vitamina C,TABLETAS,HIRAL LABS LIMITED,generico_otro_lab,farmanselmo,lab_generico,,VITAMINA C 500MG MANDARINA TIRA TABLETA MASTICABLE x10 UNIDADES LA SANTE (E),https://pccentro.net.ve/img/s/7/4/6/6/8/74668-large_default.webp,LA SANTE,LA SANTE,"LABORATORIO LA SANTE, C.A.",no,
39014,ME42908,ACETAMINOFEN 120 MG / 5 ML X 10 SOLUCION ORAL,ACETAMINOFEN,,SOLUCION ORAL,LABORATORIOS L.O. OFTALMI C.A.,generico_otro_lab,cobeca,lab_generico,,ACETAMINOFEN SOL 120MG/5ML 120ML BIOQ,https://mav.farmaciasaas.com/api/images/articulos/DISTRIBUCION/53087.jpg,BIOQ,BIOQ,"BIOQUIMICA INTERNACIONAL, C.A.",si,
39020,ME33987,ACIDO FOLICO 10 MG / ML SOLUCION ORAL,ACIDO FOLICO,Folico Acido,SOLUCION ORAL,LABORATORIOS LETI S.A.V.,generico_otro_lab,cobeca,lab_generico,,ACIDO FOLICO GTS 10MG 15ML MEY,https://mav.farmaciasaas.com/api/images/articulos/DISTRIBUCION/2643.jpg,MEY,MEY,"LABORATORIOS SIEGFRIED, S.A.",no,
39042,ME32836/2,AMOVIN 500 MG X 3 TABLETAS RECUBIERTAS,AMOVIN,Azitromicina,TABLETAS,LABORATORIO COFASA S.A.,generico_otro_lab,cobeca,lab_generico,,AZITROMICINA TAB 500MG X3 CLX,https://mav.farmaciasaas.com/api/images/articulos/DISTRIBUCION/11009.jpg,CLX,CLX,"CALOX INTERNATIONAL, C.A.",no,
39044,ME29931,AMOXICILINA 250 MG / 5 ML POLVO PARA SUSPENSION ORAL,AMOXICILINA,,POLVO PARA RECONSTITUCION,LABORATORIOS SPEFAR VENEZOLANOS S.A.,generico_otro_lab,cobeca,lab_generico,,AMOXICILINA PVO PED 250MG/5ML 60ML CLX,https://mav.farmaciasaas.com/api/images/articulos/DISTRIBUCION/51378.jpg,CLX,CLX,"CALOX INTERNATIONAL, C.A.",no,
39086,ME42454,ATORVASTATINA 40 MG COMPRIMIDOS RECUBIERTOS,ATORVASTATINA,Atorvastatina,COMPRIMIDOS,LABORATORIOS SPEFAR VENEZOLANOS S.A.,generico_otro_lab,cobeca,lab_generico,,ATORVASTATINA COMP 40MG X30 LETI,https://mav.farmaciasaas.com/api/images/articulos/DISTRIBUCION/98292.jpg,LETI,LETI,"LABORATORIOS LETI, S.A.V.",no,
39105,ME42418,BISOPROLOL FUMARATO 1.25 MG COMPRIMIDOS RECUBIERTOS,BISOPROLOL FUMARATO,Bisoprolol,COMPRIMIDOS,LABORATORIOS SPEFAR VENEZOLANOS S.A.,generico_otro_lab,cobeca,lab_generico,,"BISOPROLOL TAB 1,25MG X 30 CALOX",https://mav.farmaciasaas.com/api/images/articulos/DISTRIBUCION/97000.jpg,CALOX,CLX,"CALOX INTERNATIONAL, C.A.",no,
39107,ME42420,BISOPROLOL FUMARATO 5 MG COMPRIMIDOS RECUBIERTOS,BISOPROLOL FUMARATO,Bisoprolol,COMPRIMIDOS,LABORATORIOS SPEFAR VENEZOLANOS S.A.,generico_otro_lab,cobeca,lab_generico,,BISOPROLOL FUMARATO COMP 5MG X30 LETI,https://mav.farmaciasaas.com/api/images/articulos/DISTRIBUCION/98668.jpg,LETI,LETI,"LABORATORIOS LETI, S.A.V.",no,
39108,ME42429,BISOPROLOL FUMARATO - HIDROCLOROTIAZIDA 10 MG - 6.25 MG COMPRIMIDOS RECUBIERTOS,BISOPROLOL FUMARATO - HIDROCLOROTIAZIDA,Hidroclorotiazida,COMPRIMIDOS,LABORATORIOS SPEFAR VENEZOLANOS S.A.,generico_otro_lab,farmanselmo,lab_generico,,BIOTALOL HCT BISOPROLOL FUMARATO+HIDROCLOROTIAZIDA 10 MG+6.25 MG COMPRIMIDOS LETI (E),https://pccentro.net.ve/img/s/6/9/8/7/9/69879-large_default.webp,LETI,LETI,"LABORATORIOS LETI, S.A.V.",no,
39109,ME39033,BISOPROLOL FUMARATO - HIDROCLOROTIZIDA 2.5 MG - 6.25 MG COMPRIMIDOS RECUBIERTOS,BISOPROLOL FUMARATO - HIDROCLOROTIZIDA,,COMPRIMIDOS,LABORATORIOS LETI S.A.V.,generico_otro_lab,cobeca,lab_generico,,"BISOPROLOL/HCT TAB 2,5/6,25MG X15 ALESS",https://mav.farmaciasaas.com/api/images/articulos/DISTRIBUCION/20507.jpg,ALESS,ALESS,"ALESS PHARMACEUTICALS, C.A.",si,
39110,ME42419,BISOPROLOL FUMARATO 2.5 MG COMPRIMIDOS RECUBIERTOS,BISOPROLOL FUMARATO,Bisoprolol,COMPRIMIDOS,LABORATORIOS SPEFAR VENEZOLANOS S.A.,generico_otro_lab,cobeca,lab_generico,,"BISOPROLOL TAB 2,5MG X 30 CALOX",https://mav.farmaciasaas.com/api/images/articulos/DISTRIBUCION/97002.jpg,CALOX,CLX,"CALOX INTERNATIONAL, C.A.",no,
39118,ME42603,BROMHEXINA CLORHIDRATO 4 MG / 5 ML JARABE,BROMHEXINA CLORHIDRATO,Bromhexina,JARABE,LABORATORIO QUIM-FAR C.A.,generico_otro_lab,cobeca,lab_generico,,BROMHEXINA JBE PED4MG/5ML 120ML PHARME,https://mav.farmaciasaas.com/api/images/articulos/DISTRIBUCION/11549.jpg,PHARME,PHARME,"LABORATORIO LA SANTE, C.A.",no,
39121,ME42750,CANDESARTAN CILEXETILO 8 MG COMPRIMIDOS,CANDESARTAN CILEXETILO,Candesartan,COMPRIMIDOS,LABORATORIOS SPEFAR VENEZOLANOS S.A.,generico_otro_lab,cobeca,lab_generico,,CANDESARTAN TAB 8MG X30 PHARME,https://mav.farmaciasaas.com/api/images/articulos/DISTRIBUCION/23944.jpg,PHARME,PHARME,"LABORATORIO LA SANTE, C.A.",no,
39126,ME43806,CARBETAL 8 MG X 30 TABLETAS,CARBETAL,Candesartan Cilexetilo,TABLETAS,LABORATORIO COFASA S.A.,generico_otro_lab,cobeca,lab_generico,,CANDESARTAN TAB 8MG X30 PHARME,https://mav.farmaciasaas.com/api/images/articulos/DISTRIBUCION/23944.jpg,PHARME,PHARME,"LABORATORIO LA SANTE, C.A.",no,
39133,ME43851,CETERIX 10 MG COMPRIMIDOS,CETERIX,Cetirizina,COMPRIMIDOS,MEGALABS S.A.,generico_otro_lab,cobeca,lab_generico,,CETIRIZINA COMP 10MG X10 LETI,https://mav.farmaciasaas.com/api/images/articulos/DISTRIBUCION/11497.jpg,LETI,LETI,"LABORATORIOS LETI, S.A.V.",no,
39135,ME31589,CETIRIZINA 1 MG / ML SOLUCION ORAL,CETIRIZINA,Cetirizina,SOLUCION ORAL,LABORATORIOS LETI S.A.V.,generico_otro_lab,farmanselmo,lab_generico,,ZYRTEC DICLORHIDRATO DE CETIRIZINA 1MG/1ML SOLUCION ORAL x60ML GSK FARMA (E),https://pccentro.net.ve/img/s/8/0/1/1/4/80114-large_default.webp,GSK FARMA,GSK,"GLAXOSMITHKLINE VENEZUELA, C.A.",si,
39143,ME33398,CLARITROMICINA 500 MG COMPRIMIDOS RECUBIERTOS,CLARITROMICINA,Claritromicina,COMPRIMIDOS,LABORATORIOS SPEFAR VENEZOLANOS S.A.,generico_otro_lab,cobeca,lab_generico,,CLARITROMICINA TAB 500MG X10 ANG/H,https://mav.farmaciasaas.com/api/images/articulos/DISTRIBUCION/20429.jpg,ANG/H,ANG/H,"INVERSIONES ANGELUS HEALTH, C.A.",si,
39150,HO32581,CLORURO DE POTASIO 7.5 % SOLUCION HIPERTONICA X 1 AMPOLLA,CLORURO DE POTASIO,,INYECTABLE,LABORATORIO BEHRENS C.A.,generico_otro_lab,cobeca,lab_generico,,CLORURO D/MAGNES 25G FCH,https://mav.farmaciasaas.com/api/images/articulos/DISTRIBUCION/17780.jpg,FCH,FCH,"LABORATORIO FINE CHEMICALS C.F.C., C.A.",si,
39151,HO32515,CLORURO DE SODIO AL 20 % SOLUCION HIPERTONICA INYECTABLE,CLORURO DE SODIO AL,,INYECTABLE,LABORATORIO BEHRENS C.A.,generico_otro_lab,cobeca,lab_generico,,CLORURO D/MAGNES 25G FCH,https://mav.farmaciasaas.com/api/images/articulos/DISTRIBUCION/17780.jpg,FCH,FCH,"LABORATORIO FINE CHEMICALS C.F.C., C.A.",si,
39154,ME44093,COFASUR 160 MG X 30 TABLETAS RECUBIERTAS,COFASUR,Valsartan,TABLETAS,LABORATORIO COFASA S.A.,generico_otro_lab,cobeca,lab_generico,,VALSARTAN TAB REC 160MG X30 ANG/H,https://mav.farmaciasaas.com/api/images/articulos/DISTRIBUCION/52911.jpg,ANG/H,ANG/H,"INVERSIONES ANGELUS HEALTH, C.A.",si,
39179,ME43570,DESLORATADINA - MONTELUKAST 5 MG - 10 MG COMPRIMIDOS RECUBIERTOS,DESLORATADINA - MONTELUKAST,Desloratadina - Montelukast,COMPRIMIDOS,LABORATORIOS LETI S.A.V.,generico_otro_lab,farmanselmo,lab_generico,,AIRON DUO MONTELUKAST+DESLORATADINA 10MG+5MG x10 TABLETAS OFTALMI (E),https://pccentro.net.ve/img/s/7/2/5/2/6/72526-large_default.webp,OFTALMI,OFTALMI,"LABORATORIOS L.O. OFTALMI, C.A.",no,
39182,ME31107,DICLOFENAC DIETILAMINO 1.16 % GEL,DICLOFENAC DIETILAMINO,,GEL,LABORATORIOS SPEFAR VENEZOLANOS S.A.,generico_otro_lab,cobeca,lab_generico,,"DICLOFENAC DIETILAM GEL 1,16% 30G ALESS",https://mav.farmaciasaas.com/api/images/articulos/DISTRIBUCION/51997.jpg,ALESS,ALESS,"ALESS PHARMACEUTICALS, C.A.",si,
39194,ME30297,MATIGEL 0.5 % SOLUCION OFTALMICA,MATIGEL,Timolol,SOLUCION OFTALMICA,LABORATORIOS L.O. OFTALMI C.A.,generico_otro_lab,cobeca,lab_generico,,"TIMOLOL SOL OFT 0,5% 10ML CR DIST",https://mav.farmaciasaas.com/api/images/articulos/DISTRIBUCION/22841.jpg,CR DIST,CR DIST,"CASA DE REPRESENTACION DISTRILAB, C.A.",si,
39207,ME44071,EVABOLIN 10 MG X 30 TABLETAS RECUBIERTAS,EVABOLIN,Empagliflozina,TABLETAS,LABORATORIO COFASA S.A.,generico_otro_lab,cobeca,lab_generico,,EMPAGLIFLOZINA TAB 10MG X30 DIST,https://mav.farmaciasaas.com/api/images/articulos/DISTRIBUCION/52002.jpg,DIST,DIST,"CASA DE REPRESENTACION DISTRILAB, C.A.",si,
39228,ME43741,GEMKAST 10 MG X 30 TABLETAS RECUBIERTAS,GEMKAST,Montelukast,TABLETAS,GEMA LABS C.A.,generico_otro_lab,cobeca,lab_generico,,MONTELUKAST TAB 10MG X30 PLX,https://mav.farmaciasaas.com/api/images/articulos/DISTRIBUCION/27584.jpg,PLX,PLX,"LABORATORIO PLUSANDEX DE FARMACEUTICOS UNIDOS, PLUSANDEX, C.A.",no,
39245,ME42460,HIDROCLOROTIAZIDA 12.5 MG COMPRIMIDOS,HIDROCLOROTIAZIDA,Hidroclorotiazida,COMPRIMIDOS,LABORATORIOS SPEFAR VENEZOLANOS S.A.,generico_otro_lab,cobeca,lab_generico,,"HIDROCLOROTIAZIDA TAB 12,5MG X30 PHARME",https://mav.farmaciasaas.com/api/images/articulos/DISTRIBUCION/53195.jpg,PHARME,PHARME,"LABORATORIO LA SANTE, C.A.",no,
39248,ME39472,IBUPROFENO 400 MG-TIOCOLCHICOSIDO 4 MG COMPRIMIDOS,IBUPROFENO,,COMPRIMIDOS,LABORATORIOS SPEFAR VENEZOLANOS S.A.,generico_otro_lab,cobeca,lab_generico,,IBUPROFENO TAB REC 400MG X10 PLX,https://mav.farmaciasaas.com/api/images/articulos/DISTRIBUCION/92855.jpg,PLX,PLX,"LABORATORIO PLUSANDEX DE FARMACEUTICOS UNIDOS, PLUSANDEX, C.A.",no,
39250,ME26698,IBUPROFENO 400 MG COMPRIMIDOS RECUBIERTOS,IBUPROFENO,Ibuprofeno,COMPRIMIDOS,LABORATORIOS LETI S.A.V.,generico_otro_lab,cobeca,lab_generico,,IBUPROFENO TAB REC 400MG X10 PLX,https://mav.farmaciasaas.com/api/images/articulos/DISTRIBUCION/92855.jpg,PLX,PLX,"LABORATORIO PLUSANDEX DE FARMACEUTICOS UNIDOS, PLUSANDEX, C.A.",no,
39258,ME42456,IRBESARTAN 300 MG COMPRIMIDOS,IRBESARTAN,Irbesartan,COMPRIMIDOS,LABORATORIOS SPEFAR VENEZOLANOS S.A.,generico_otro_lab,cobeca,lab_generico,,IRBESARTAN TAB 300 MG X 28 CLX,https://mav.farmaciasaas.com/api/images/articulos/DISTRIBUCION/28779.jpg,CLX,CLX,"CALOX INTERNATIONAL, C.A.",no,
39270,HO30273/3,KETOPROFENO 100 MG / 2 ML X 10 AMPOLLAS,KETOPROFENO,Ketoprofeno,INYECTABLE,LABORATORIO COFASA S.A.,generico_otro_lab,cobeca,lab_generico,,KETOPROFENO AMP IV/IM 100MG X10 TIAR,https://mav.farmaciasaas.com/api/images/articulos/DISTRIBUCION/26418.jpg,TIAR,TIAR,"TIARES, C.A.",si,
39287,ME29812,LORATADINA 10 MG COMPRIMIDOS,LORATADINA,Loratadina,COMPRIMIDOS,LABORATORIOS SPEFAR VENEZOLANOS S.A.,generico_otro_lab,cobeca,lab_generico,,LORATADINA TAB 10MG X10 CLX,https://mav.farmaciasaas.com/api/images/articulos/DISTRIBUCION/9653.jpg,CLX,CLX,"CALOX INTERNATIONAL, C.A.",no,
39291,ME42439,LOSARTAN POTASICO 100 MG COMPRIMIDOS RECUBIERTOS,LOSARTAN POTASICO,Losartan,COMPRIMIDOS,LABORATORIOS SPEFAR VENEZOLANOS S.A.,generico_otro_lab,cobeca,lab_generico,,LOSARTAN POT TAB 100MG X 30 ANGELUS,https://mav.farmaciasaas.com/api/images/articulos/DISTRIBUCION/28528.jpg,ANGELUS,ANGELUS,"INVERSIONES ANGELUS HEALTH, C.A.",si,
39296,ME31259,MELOXICAM 15 MG COMPRIMIDOS,MELOXICAM,Meloxicam,COMPRIMIDOS,LABORATORIOS SPEFAR VENEZOLANOS S.A.,generico_otro_lab,cobeca,lab_generico,,MELOXICAM TAB 15MG X 10 ANGELUS,https://mav.farmaciasaas.com/api/images/articulos/DISTRIBUCION/28529.jpg,ANGELUS,ANGELUS,"INVERSIONES ANGELUS HEALTH, C.A.",si,
39299,ME37492,METFORMINA CLORHIDRATO 850 MG COMPRIMIDOS,METFORMINA CLORHIDRATO,Metformina,COMPRIMIDOS,LABORATORIOS SPEFAR VENEZOLANOS S.A.,generico_otro_lab,cobeca,lab_generico,,METFORMINA TAB 850MG X 30 ANGELUS,https://mav.farmaciasaas.com/api/images/articulos/DISTRIBUCION/28530.jpg,ANGELUS,ANGELUS,"INVERSIONES ANGELUS HEALTH, C.A.",si,
39303,ME44313,MIDOL 500 MG X 10 TABLETAS,MIDOL,Acetaminofen,TABLETAS,GEMA LABS C.A.,generico_otro_lab,cobeca,lab_generico,,ACETAMINOFEN COMP 500MG X10 LETI,https://mav.farmaciasaas.com/api/images/articulos/DISTRIBUCION/22931.jpg,LETI,LETI,"LABORATORIOS LETI, S.A.V.",no,
39304,ME44314,MIDOL FORTE 650 MG X 10 TABLETAS,MIDOL FORTE,Acetaminofen,TABLETAS,GEMA LABS C.A.,generico_otro_lab,cobeca,lab_generico,,ACETAMINOFEN TAB 650MG X10 PHARME,https://mav.farmaciasaas.com/api/images/articulos/DISTRIBUCION/11552.jpg,PHARME,PHARME,"LABORATORIO LA SANTE, C.A.",no,
39308,ME35447,MONTELUKAST 10 MG COMPRIMIDOS RECUBIERTOS,MONTELUKAST,Montelukast,COMPRIMIDOS,LABORATORIOS LETI S.A.V.,generico_otro_lab,cobeca,lab_generico,,MONTELUKAST TAB REC 10MG X10 PHARME,https://mav.farmaciasaas.com/api/images/articulos/DISTRIBUCION/18804.jpg,PHARME,PHARME,"LABORATORIO LA SANTE, C.A.",no,
39328,ME30489,OMEPRAZOL 20 MG X 28 CAPSULAS,OMEPRAZOL,,CAPSULAS,LABORATORIOS SPEFAR VENEZOLANOS S.A.,generico_otro_lab,cobeca,lab_generico,,OMEPRAZOL CAP 20MG X28 CLX,https://mav.farmaciasaas.com/api/images/articulos/DISTRIBUCION/8254.jpg,CLX,CLX,"CALOX INTERNATIONAL, C.A.",no,
39345,ME42605B,QUETIAPINA 100 MG COMPRIMIDOS RECUBIERTOS,QUETIAPINA,Quetiapina,COMPRIMIDOS,LABORATORIOS LETI S.A.V.,generico_otro_lab,cobeca,lab_generico,,QUETIAPINA TAB 100MG X30 PHARMA,https://mav.farmaciasaas.com/api/images/articulos/DISTRIBUCION/27607.jpg,PHARMA,PHARMA,"LABORATORIOS PHARMARIS DE VENEZUELA, C.A.",no,
39346,ME42604,QUETIAPINA 25 MG COMPRIMIDOS RECUBIERTOS,QUETIAPINA,Quetiapina Hemifumarato,COMPRIMIDOS,LABORATORIOS LETI S.A.V.,generico_otro_lab,cobeca,lab_generico,,QUETIAPINA TAB 25MG X30 PHARMA,https://mav.farmaciasaas.com/api/images/articulos/DISTRIBUCION/27606.jpg,PHARMA,PHARMA,"LABORATORIOS PHARMARIS DE VENEZUELA, C.A.",no,
39348,ME42526,QUETIAPINA 25 MG COMPRIMIDOS,QUETIAPINA,Quetiapina,COMPRIMIDOS,LABORATORIOS SPEFAR VENEZOLANOS S.A.,generico_otro_lab,cobeca,lab_generico,,QUETIAPINA TAB 25MG X30 PHARMA,https://mav.farmaciasaas.com/api/images/articulos/DISTRIBUCION/27606.jpg,PHARMA,PHARMA,"LABORATORIOS PHARMARIS DE VENEZUELA, C.A.",no,
39358,ME36523,SIMVASTATINA 20 MG COMPRIMIDOS RECUBIERTOS,SIMVASTATINA,Simvastatina,COMPRIMIDOS,LABORATORIOS SPEFAR VENEZOLANOS S.A.,generico_otro_lab,farmanselmo,lab_generico,,CYNT SIMVASTATINA 20 MG x20 COMPRIMIDOS DOLLDER (E),https://pccentro.net.ve/img/s/7/8/3/5/3/78353-large_default.webp,DOLLDER,DOLLDER,"LABORATORIOS DOLLDER, C.A.",no,
39359,ME27689,SALBUROL 0.5 % SOLUCION PARA INHALACION,SALBUROL,Salbutamol,INHALACION,LABORATORIOS VALMOR C.A.,generico_otro_lab,cobeca,lab_generico,,SALBUTAMOL INH 100MCG X200DOSIS CR DIST,https://mav.farmaciasaas.com/api/images/articulos/DISTRIBUCION/20949.jpg,CR DIST,CR DIST,"CASA DE REPRESENTACION DISTRILAB, C.A.",si,
39360,ME30996,SALBUTAMOL 0.5 % SOLUCION PARA INHALAR,SALBUTAMOL,Salbutamol,LOCION,LABORATORIOS L.O. OFTALMI C.A.,generico_otro_lab,cobeca,lab_generico,,SALBUTAMOL INH 100MCG X200DOSIS CR DIST,https://mav.farmaciasaas.com/api/images/articulos/DISTRIBUCION/20949.jpg,CR DIST,CR DIST,"CASA DE REPRESENTACION DISTRILAB, C.A.",si,
39361,ME42518,SERTRALINA 100 MG COMPRIMIDOS,SERTRALINA,Sertralina,COMPRIMIDOS,LABORATORIOS SPEFAR VENEZOLANOS S.A.,generico_otro_lab,farmanselmo,lab_generico,,TIALIN SERTRALINA 100MG x10 COMPRIMIDOS MEGALABS (E),https://pccentro.net.ve/img/s/8/4/0/2/8/84028-large_default.webp,MEGALABS,MEGALABS,"MEGALABS, S.A.",no,
39362,ME42517,SERTRALINA 50 MG COMPRIMIDOS,SERTRALINA,Sertralina,COMPRIMIDOS,LABORATORIOS SPEFAR VENEZOLANOS S.A.,generico_otro_lab,cobeca,lab_generico,,SERTRALINA TAB 50MG X30 CLEO,https://mav.farmaciasaas.com/api/images/articulos/DISTRIBUCION/25669.jpg,CLEO,CLEO,"CORPORACION CLEOPHARMA, C.A.",si,
39376,ME32130,SULTAMICILINA 750 MG COMPRIMIDOS RECUBIERTOS,SULTAMICILINA,,COMPRIMIDOS,LABORATORIOS SPEFAR VENEZOLANOS S.A.,generico_otro_lab,cobeca,lab_generico,,SULTAMICILINA TAB 750MG X10 CR DAC,https://mav.farmaciasaas.com/api/images/articulos/DISTRIBUCION/20939.jpg,CR DAC,CR DAC,"CASA DE REPRESENTACION DAC55, C.A.",no,
39384,ME44195/2,TARVINA 20 MG X 10 TABLETAS RECUBIERTAS,TARVINA,Atorvastatina,TABLETAS,GEMA LABS C.A.,generico_otro_lab,cobeca,lab_generico,,ATORVASTATINA COMP 20MG X10 LETI,https://mav.farmaciasaas.com/api/images/articulos/DISTRIBUCION/4070.jpg,LETI,LETI,"LABORATORIOS LETI, S.A.V.",no,
39385,ME44195/3,TARVINA 20 MG X 30 TABLETAS RECUBIERTAS,TARVINA,Atorvastatina,TABLETAS,GEMA LABS C.A.,generico_otro_lab,cobeca,lab_generico,,ATORVASTATINA TAB REC 20MG X30 PHARME,https://mav.farmaciasaas.com/api/images/articulos/DISTRIBUCION/22227.jpg,PHARME,PHARME,"LABORATORIO LA SANTE, C.A.",no,
39402,ME38569,VALSARTAN 160 MG CAPSULAS,VALSARTAN,Valsartan,CAPSULAS,LABORATORIOS KIMICEG C.A.,generico_otro_lab,cobeca,lab_generico,,VALSARTAN CAP 160MG X7 LETI,https://mav.farmaciasaas.com/api/images/articulos/DISTRIBUCION/2620.jpg,LETI,LETI,"LABORATORIOS LETI, S.A.V.",no,
39420,ME35027,ALBENDAZOL 200 MG TABLETAS RECUBIERTAS MASTICABLES,ALBENDAZOL,Albendazol,TABLETAS,BIOTECH LABORATORIOS C.A.,generico_otro_lab,cobeca,lab_generico,,ALBENDAZOL TAB 200MG X6 PHARME,https://mav.farmaciasaas.com/api/images/articulos/DISTRIBUCION/1526.jpg,PHARME,PHARME,"LABORATORIO LA SANTE, C.A.",no,
39422,ME34071,ALERVAX 120 MG X 10 TABLETAS RECUBIERTAS,ALERVAX,Fexofenadina,TABLETAS,PROCAPS S.A.,generico_otro_lab,cobeca,lab_generico,,FEXOFENADINA TAB 120MG X10 CLX,https://mav.farmaciasaas.com/api/images/articulos/DISTRIBUCION/92005.jpg,CLX,CLX,"CALOX INTERNATIONAL, C.A.",no,
39426,ME1482,ANGIOFLUX (SULODEXIDA) 250 LSU X 25 CAPSULAS BLANDAS,ANGIOFLUX (SULODEXIDA),Sulodexida,CAPSULAS,CATALENT ITALY S.P.A,generico_otro_lab,cobeca,lab_generico,,ANGIOFLUX CAP BLD 250LSU X25 LETI,https://mav.farmaciasaas.com/api/images/articulos/DISTRIBUCION/52055.jpg,LETI,LETI,"LABORATORIOS LETI, S.A.V.",no,
39437,ME36689,AZITROMICINA 500 MG X 3 TABLETA RECUBIERTA,AZITROMICINA,Azitromicina,TABLETAS,CORPORACION INFARMASA S.A.,generico_otro_lab,cobeca,lab_generico,,AZITROMICINA TAB 500MG X3 CLX,https://mav.farmaciasaas.com/api/images/articulos/DISTRIBUCION/11009.jpg,CLX,CLX,"CALOX INTERNATIONAL, C.A.",no,
39449,ME43037,HIOSCINA N-BUTILBROMURO 10 MG X 10 TABLETAS RECUBIERTAS,HIOSCINA N-BUTILBROMURO,,TABLETAS,JIANGXI XIER KANGTAI PHARMACEUTICAL CO. LTD,generico_otro_lab,cobeca,lab_generico,,BUTILBROM D/HIOSCINA TAB 10MGX10 BLUE/M,https://mav.farmaciasaas.com/api/images/articulos/DISTRIBUCION/23872.jpg,BLUE/M,BLUE,"BLUE MEDICAL PHARMACEUTICAL, C.A.",si,
39454,ME38185,CILOSTAL 100 MG X 30 TABLETAS,CILOSTAL,Cilostazol,TABLETAS,ALTEA FARMACEUTICA S.A.,generico_otro_lab,cobeca,lab_generico,,CILOSTAZOL TAB REC 100MG X30 CLEO,https://mav.farmaciasaas.com/api/images/articulos/DISTRIBUCION/52907.jpg,CLEO,CLEO,"CORPORACION CLEOPHARMA, C.A.",si,
39459,ME44198,CLOBETASOL PROPIONATO 0.05 % CREMA,CLOBETASOL PROPIONATO,Clobetasol Propionato,CREMA,FAREVA VILLA RICA S.A.S.,generico_otro_lab,cobeca,lab_generico,,"CLOBETASOL PROPIONAT CREM 0,05% 20G CLX",https://mav.farmaciasaas.com/api/images/articulos/DISTRIBUCION/90441.jpg,CLX,CLX,"CALOX INTERNATIONAL, C.A.",no,
39460,ME43843,CLORDITAN 12.5 MG X 30 TABLETAS,CLORDITAN,Clortalidona,TABLETAS,SYNOKEM PHARMACEUTICALS LIMITED,generico_otro_lab,cobeca,lab_generico,,"CLORTALIDONA TAB 12,5MG X30 CR MT",https://mav.farmaciasaas.com/api/images/articulos/DISTRIBUCION/50972.jpg,CR MT,CR MT,"CASA DE REPRESENTACION MT GLOBAL CARE, C.A.",si,
39462,ME35192,CLOTRIMAZOL 2 % CREMA VAGINAL,CLOTRIMAZOL,Clotrimazol,CREMA,LABORATORIOS KIMICEG C.A.,generico_otro_lab,cobeca,lab_generico,,CLOTRIMAZOL CREM VAG 2% 20G LETI,https://mav.farmaciasaas.com/api/images/articulos/DISTRIBUCION/51265.jpg,LETI,LETI,"LABORATORIOS LETI, S.A.V.",no,
39469,ME44385,DUNIXI 10 MG X 30 COMPRIMIDOS RECUBIERTOS,DUNIXI,Dapagliflozina,COMPRIMIDOS,MALVIYA CHEMICALS & PHARMACEUTICALS (P) LTD,generico_otro_lab,cobeca,lab_generico,,DAPAGLIFLOZINA TAB 10MG X30 CR MT,https://mav.farmaciasaas.com/api/images/articulos/DISTRIBUCION/53037.jpg,CR MT,CR MT,"CASA DE REPRESENTACION MT GLOBAL CARE, C.A.",si,
39475,HO26290,DEXAMETASONA 21-FOLATO 4 MG / ML X 10 AMPOLLAS,DEXAMETASONA,Dexametasona,INYECTABLE,LABORATORIO FARMACO FARMAHECO S.P.A,generico_otro_lab,cobeca,lab_generico,,DEXAMETASONA F/SOD SOL INY 4MG/1MLX10 DT,https://mav.farmaciasaas.com/api/images/articulos/DISTRIBUCION/23086.jpg,DT,DT,"CASA DE REPRESENTACION DISTRILAB, C.A.",si,
39497,ME42647,CLOTRIMAZOL 200 MG X 3 OVULOS VAGINALES,CLOTRIMAZOL,Clotrimazol,OVULOS,BLISS GVS PHARMA LTD,generico_otro_lab,farmanselmo,lab_generico,,DYMAZOL (CLOTRIMAZOL) 200MG X 3 OVULOS VAGINAL DISTRILAB (E),https://pccentro.net.ve/img/s/6/0/7/4/2/60742-large_default.webp,DISTRILAB,DIST,"CASA DE REPRESENTACION DISTRILAB, C.A.",si,
39506,ME37839,TERBINAFINA CLORHIDRATO 1 % CREMA,TERBINAFINA CLORHIDRATO,Terbinafina,CREMA,CALOX INTERNATIONAL C.A.,generico_otro_lab,cobeca,lab_generico,,TERBINAFINA CREM 1% 15G KIMIC,https://mav.farmaciasaas.com/api/images/articulos/DISTRIBUCION/96827.jpg,KIMIC,KIMIC,"LABORATORIOS KIMICEG, C.A.",no,
39510,HO43429,FLUCONAZOL 200 MG / 100 ML SOLUCION PARA INFUSION,FLUCONAZOL,Fluconazol,INYECTABLE,HEBEI TIANCHENG PHARMACEUTICALS CO. LTD,generico_otro_lab,cobeca,lab_generico,,FLUCONAZOL SOL INY 200MG/100ML BLUE,https://mav.farmaciasaas.com/api/images/articulos/DISTRIBUCION/29940.jpg,BLUE,BLUE,"BLUE MEDICAL PHARMACEUTICAL, C.A.",si,
39513,ME35723,GABICTAL 300 MG X 30 COMPRIMIDOS RECUBIERTOS,GABICTAL,Gabapentina,COMPRIMIDOS,MONTE VERDE S.A.,generico_otro_lab,cobeca,lab_generico,,GABAPENTINA TAB 300MG X30 ANG/H,https://mav.farmaciasaas.com/api/images/articulos/DISTRIBUCION/20432.jpg,ANG/H,ANG/H,"INVERSIONES ANGELUS HEALTH, C.A.",si,
39517,ME32507,GLICLAZIDA 80 MG X 20 TABLETAS,GLICLAZIDA,Gliclazida,TABLETAS,CALOX INTERNATIONAL C.A.,generico_otro_lab,farmanselmo,lab_generico,,GLIDAN GLICLAZIDA 80 MG x20 TABLETAS MEGALABS (E),https://pccentro.net.ve/img/s/8/4/0/3/8/84038-large_default.webp,MEGALABS,MEGALABS,"MEGALABS, S.A.",no,
39524,HO44584,BIOCORTIN 500 MG X 1 AMPOLLA,BIOCORTIN,Hidrocortisona,INYECTABLE,SUNLIFE PHARMA SERVICES - NIXI LABORATORIES PVT. LTD.,generico_otro_lab,cobeca,lab_generico,,HIDROCORTISONA SOD PVO INY 500MG CR DIST,https://mav.farmaciasaas.com/api/images/articulos/DISTRIBUCION/23085.jpg,CR DIST,CR DIST,"CASA DE REPRESENTACION DISTRILAB, C.A.",si,
39532,ME35431,BIOKETOF 2.5 % GEL PARA USO T,BIOKETOF,Ketoprofeno,GEL,LABORATORIO BIOGALENIC C.A.,generico_otro_lab,cobeca,lab_generico,,"KETOPROFENO GEL 2,5% 50G DIST",https://mav.farmaciasaas.com/api/images/articulos/DISTRIBUCION/52479.jpg,DIST,DIST,"CASA DE REPRESENTACION DISTRILAB, C.A.",si,
39542,ME43601,MINOXIDIL FORTE 5 % SOLUCION TOPICA,MINOXIDIL FORTE,Minoxidil,SOLUCION TOPICA,LABORATORIO LA SANTE C.A.,generico_otro_lab,cobeca,lab_generico,,MINOXIDIL SOL TOP 5% X 60 ML LA SANTE,https://mav.farmaciasaas.com/api/images/articulos/DISTRIBUCION/28505.jpg,LA SANTE,LA SANTE,"LABORATORIO LA SANTE, C.A.",no,
39546,ME43731,MUPIROCINA 2 % UNGUENTO,MUPIROCINA,Mupirocina,UNGUENTO,OHAD PHARMACEUTICALS PVT. LTD.,generico_otro_lab,farmanselmo,lab_generico,,DALCITRIN MUPIROCINA 2% UNGÜENTO x15GR DOLLDER (E),https://pccentro.net.ve/img/s/5/3/2/6/2/53262-large_default.webp,DOLLDER,DOLLDER,"LABORATORIOS DOLLDER, C.A.",no,
39556,ME44095,OPRABLU 20 MG X 30 CAPSULAS,OPRABLU,Omeprazol,CAPSULAS,OLON S.P.A,generico_otro_lab,cobeca,lab_generico,,OMEPRAZOL CAP/MICRO G 20MG X 30 GENVEN,https://mav.farmaciasaas.com/api/images/articulos/DISTRIBUCION/29950.jpg,GENVEN,GENVEN,"LABORATORIOS LETI, S.A.V.",no,
39557,HO44280,OLXAC 40 MG X 1 AMPOLLA,OLXAC,Omeprazol,INYECTABLE,SHANDONG YUXIN PHARMACEUTICAL CO. LTD,generico_otro_lab,cobeca,lab_generico,,OMEPRAZOL PVO P/SOL INY 40MG X1 CR DIST,https://mav.farmaciasaas.com/api/images/articulos/DISTRIBUCION/51351.jpg,CR DIST,CR DIST,"CASA DE REPRESENTACION DISTRILAB, C.A.",si,
39562,ME34155,PENTOXIFILINA 400 MG X 30 TABLETAS RECUBIERTAS DE LIBERACION PROLONGADA,PENTOXIFILINA,Pentoxifilina,TABLETAS,EMPRESA LABORATORIOS MEDSOL,generico_otro_lab,cobeca,lab_generico,,PENTOXIFILINA TAB 400MG X30 CR CCM,https://mav.farmaciasaas.com/api/images/articulos/DISTRIBUCION/21851.jpg,CR CCM,CR CCM,"CASA DE REPRESENTACION FARMACEUTICAS CCM, C.A.",si,
39567,ME44199,PREGATAN 75 MG X 30 CAPSULAS,PREGATAN,Pregabalina,CAPSULAS,REMUS PHARMACEUTICALS PVT. LTD.,generico_otro_lab,cobeca,lab_generico,,PREGABALINA CAP 75MG X30 PHARMA,https://mav.farmaciasaas.com/api/images/articulos/DISTRIBUCION/27604.jpg,PHARMA,PHARMA,"LABORATORIOS PHARMARIS DE VENEZUELA, C.A.",no,
39569,ME40781,RANITIDINA 150 MG / 10 ML X 10 SOLUCION ORAL,RANITIDINA,Ranitidina,SOLUCION ORAL,SM PHARMA C.A.,generico_otro_lab,cobeca,lab_generico,,RANITIDINA SOL ORAL 150MG/10ML BIOQ,https://mav.farmaciasaas.com/api/images/articulos/DISTRIBUCION/53151.jpg,BIOQ,BIOQ,"BIOQUIMICA INTERNACIONAL, C.A.",si,
39598,ME44209,VERICOLAN 450 MG - 50 MG X 30 TABLETAS RECUBIERTAS,VERICOLAN,Diosmina - Hesperidina,TABLETAS,LABORATORIO COFASA S.A.,generico_otro_lab,cobeca,lab_generico,,DIOSMINA/HESPER TAB 450MG/50MG X30 ANG/H,https://mav.farmaciasaas.com/api/images/articulos/DISTRIBUCION/52910.jpg,ANG/H,ANG/H,"INVERSIONES ANGELUS HEALTH, C.A.",si,
39602,ME35193,GYNOCLOCIM 2 % CREMA VAGINAL,GYNOCLOCIM,Clotrimazol,CREMA,LABORATORIOS KIMICEG C.A.,generico_otro_lab,cobeca,lab_generico,,CLOTRIMAZOL CREM VAG 2% 20G LETI,https://mav.farmaciasaas.com/api/images/articulos/DISTRIBUCION/51265.jpg,LETI,LETI,"LABORATORIOS LETI, S.A.V.",no,