id,nombre_comercial,url_anterior,url_nueva,bytes_origen,bytes_destino,variante_logo,estado,error
37291,ABRETIA 10 MG X 10 CAPSULAS,https://mav.farmaciasaas.com/api/images/articulos/DISTRIBUCION/17769.jpg,https://fqeshthtycmzgyibiurq.supabase.co/storage/v1/object/public/crsnimages/catalogo/1aa293b6-d131-446a-9384-fe39463bbfdd.jpg,53719,24703,blanco,ok,
37297,ACIDO FOLICO 10 MG X 10 TABLETAS,https://mav.farmaciasaas.com/api/images/articulos/DISTRIBUCION/53282.jpg,https://fqeshthtycmzgyibiurq.supabase.co/storage/v1/object/public/crsnimages/catalogo/429abe4d-f303-462e-b222-baedf623cf6f.jpg,56169,24611,blanco,ok,
37295,ACIDO FOLICO 5 MG X 30 COMPRIMIDOS,https://mav.farmaciasaas.com/api/images/articulos/DISTRIBUCION/92955.jpg,https://fqeshthtycmzgyibiurq.supabase.co/storage/v1/object/public/crsnimages/catalogo/74dfa5ac-e286-44eb-a84b-fb07a25f317a.jpg,68970,34993,blanco,ok,
37294,ACIDO FOLICO 5 MG X 20 COMPRIMIDOS,https://mav.farmaciasaas.com/api/images/articulos/DISTRIBUCION/23.jpg,https://fqeshthtycmzgyibiurq.supabase.co/storage/v1/object/public/crsnimages/catalogo/fec237e1-4ada-41e7-996a-b18de0a34b95.jpg,68806,35210,blanco,ok,
37293,ABRETIA 25 MG X 20 CAPSULAS,https://mav.farmaciasaas.com/api/images/articulos/DISTRIBUCION/17768.jpg,https://fqeshthtycmzgyibiurq.supabase.co/storage/v1/object/public/crsnimages/catalogo/804d9f25-7e72-4d76-92fd-1fc39428a5a4.jpg,54861,25780,blanco,ok,
37292,ABRETIA 18 MG X 10 CAPSULAS,https://mav.farmaciasaas.com/api/images/articulos/DISTRIBUCION/17770.jpg,https://fqeshthtycmzgyibiurq.supabase.co/storage/v1/object/public/crsnimages/catalogo/2592dd7a-7bee-4a59-8871-dcee5a7c9f80.jpg,55368,25509,blanco,ok,
37298,ACIDO FOLICO 10 MG X 10 TABLETAS,https://mav.farmaciasaas.com/api/images/articulos/DISTRIBUCION/53779.jpg,https://fqeshthtycmzgyibiurq.supabase.co/storage/v1/object/public/crsnimages/catalogo/cabb55b1-5a2d-4af2-8258-7497806d4b62.jpg,54449,24112,blanco,ok,
37299,ACIDO FOLICO 10 MG X 20 TABLETAS,https://mav.farmaciasaas.com/api/images/articulos/DISTRIBUCION/92858.jpg,https://fqeshthtycmzgyibiurq.supabase.co/storage/v1/object/public/crsnimages/catalogo/079f78e6-3a57-4c8b-8e8c-d09b6daca127.jpg,68333,33479,blanco,ok,
37300,ACIDO FOLICO 10 MG X 30 TABLETAS,https://mav.farmaciasaas.com/api/images/articulos/DISTRIBUCION/92857.jpg,https://fqeshthtycmzgyibiurq.supabase.co/storage/v1/object/public/crsnimages/catalogo/31c92115-e66c-4e51-9265-fe7da93696a1.jpg,468820,46035,blanco,ok,
37301,ACIDO FOLICO 5 MG X 10 TABLETAS,https://mav.farmaciasaas.com/api/images/articulos/DISTRIBUCION/53280.jpg,https://fqeshthtycmzgyibiurq.supabase.co/storage/v1/object/public/crsnimages/catalogo/d05217f1-fb5e-4af8-a098-1b1b0dda3b53.jpg,56363,25370,blanco,ok,
37304,ACIDO VALPROICO 250 MG / 5 ML JARABE,https://pccentro.net.ve/img/s/7/2/3/0/6/72306-large_default.webp,https://fqeshthtycmzgyibiurq.supabase.co/storage/v1/object/public/crsnimages/catalogo/c7baa69d-f61f-4157-898b-c4b27b0073ce.jpg,15784,34021,blanco,ok,
37307,ACETAB 250 MG X 20 TABLETAS,https://mav.farmaciasaas.com/api/images/articulos/DISTRIBUCION/90118.jpg,https://fqeshthtycmzgyibiurq.supabase.co/storage/v1/object/public/crsnimages/catalogo/b7525fa8-0b26-4b9e-99c8-58901708ab1a.jpg,54682,21336,blanco,ok,
37308,ACETAMINOFEN 500 X 10 COMPRIMIDOS,https://mav.farmaciasaas.com/api/images/articulos/DISTRIBUCION/22931.jpg,https://fqeshthtycmzgyibiurq.supabase.co/storage/v1/object/public/crsnimages/catalogo/fa577408-210f-4fa6-91e2-9d181ac05b35.jpg,59585,28579,blanco,ok,
37309,ACETAMINOFEN 650 MG X 10 TABLETAS,https://mav.farmaciasaas.com/api/images/articulos/DISTRIBUCION/52390.jpg,https://fqeshthtycmzgyibiurq.supabase.co/storage/v1/object/public/crsnimages/catalogo/a3f457de-98c5-4c58-b89a-9d562e2c2818.jpg,88285,39265,blanco,ok,
37310,ACETAMINOFEN 650 MG X 20 TABLETAS,https://pccentro.net.ve/img/s/9/6/2/1/4/96214-large_default.webp,https://fqeshthtycmzgyibiurq.supabase.co/storage/v1/object/public/crsnimages/catalogo/52e1b2db-1e61-4f68-a52a-71d22d5a3c2e.jpg,51528,30328,blanco,ok,
37318,ACETAMINOFEN 500 MG X 10 TABLETAS,https://mav.farmaciasaas.com/api/images/articulos/DISTRIBUCION/2337.jpg,https://fqeshthtycmzgyibiurq.supabase.co/storage/v1/object/public/crsnimages/catalogo/7322699a-f0a7-488d-90b9-6f37eb6595e6.jpg,27333,18490,blanco,ok,
37315,ACETAMINOFEN 180 MG / 5 ML SOLUCION ORAL,https://mav.farmaciasaas.com/api/images/articulos/DISTRIBUCION/51788.jpg,https://fqeshthtycmzgyibiurq.supabase.co/storage/v1/object/public/crsnimages/catalogo/4b96312c-4644-4f74-8a0c-643a7b9253de.jpg,50282,20910,blanco,ok,
37322,ACETAMINOFEN - HIOSCINA N BUTIL BROMURO 500 MG-10 MG X 20 TABLETAS RE,https://mav.farmaciasaas.com/api/images/articulos/DISTRIBUCION/7537.jpg,https://fqeshthtycmzgyibiurq.supabase.co/storage/v1/object/public/crsnimages/catalogo/37c64db9-ac58-4f3f-aaa7-7c9a53adc991.jpg,63786,29861,blanco,ok,
37305,ACALIX 60 MG X 30 TABLETAS,https://mav.farmaciasaas.com/api/images/articulos/DISTRIBUCION/4986.jpg,https://fqeshthtycmzgyibiurq.supabase.co/storage/v1/object/public/crsnimages/catalogo/180536a9-de0c-46e7-a167-12178e31205a.jpg,57966,25448,blanco,ok,
37329,ACEVAL 100 MG / ML SOLUCION ORAL EN GOTAS,https://mav.farmaciasaas.com/api/images/articulos/DISTRIBUCION/4669.jpg,https://fqeshthtycmzgyibiurq.supabase.co/storage/v1/object/public/crsnimages/catalogo/1b3df2ba-7750-4c08-a5b9-d31c0d382849.jpg,1230912,24308,blanco,ok,
37330,ACEVAL 180 MG / 5 ML SOLUCION ORAL,https://mav.farmaciasaas.com/api/images/articulos/DISTRIBUCION/22391.jpg,https://fqeshthtycmzgyibiurq.supabase.co/storage/v1/object/public/crsnimages/catalogo/178b8c4b-9f11-4923-9935-734c51e537f7.jpg,1185892,21253,blanco,ok,
37331,ACEVAL 650 MG X 10 TABLETAS,https://mav.farmaciasaas.com/api/images/articulos/DISTRIBUCION/646.jpg,https://fqeshthtycmzgyibiurq.supabase.co/storage/v1/object/public/crsnimages/catalogo/baec9851-9c18-473b-b86b-2ac149ef3c06.jpg,234829,34126,blanco,ok,
37332,ACEVAL 650 MG X 50 TABLETAS,https://mav.farmaciasaas.com/api/images/articulos/DISTRIBUCION/24308.jpg,https://fqeshthtycmzgyibiurq.supabase.co/storage/v1/object/public/crsnimages/catalogo/073f2947-808d-46df-87f9-50c344f85771.jpg,53039,22521,blanco,ok,
37334,ACICLOR 5 % CREMA,https://mav.farmaciasaas.com/api/images/articulos/DISTRIBUCION/8876.jpg,https://fqeshthtycmzgyibiurq.supabase.co/storage/v1/object/public/crsnimages/catalogo/bffcba2b-7cd2-4b9e-aeb6-0de3687b11ad.jpg,96965,28471,blanco,ok,
37342,ACICLOVIR 200 MG X 25 TABLETAS,https://mav.farmaciasaas.com/api/images/articulos/DISTRIBUCION/11560.jpg,https://fqeshthtycmzgyibiurq.supabase.co/storage/v1/object/public/crsnimages/catalogo/d47df832-a04c-4a2d-9323-c3e1ec6191e5.jpg,25284,16547,blanco,ok,
37333,ACICLOR 1 G X 10 COMPRIMIDOS A.P.,https://mav.farmaciasaas.com/api/images/articulos/DISTRIBUCION/3203.jpg,https://fqeshthtycmzgyibiurq.supabase.co/storage/v1/object/public/crsnimages/catalogo/c748216a-26c2-47f9-bf52-97055e97934b.jpg,112905,34714,blanco,ok,
37345,ACIDO ACETILSALICILICO 81 MG X 24 TABLETAS CON CUBIERTA ENTERICA,https://mav.farmaciasaas.com/api/images/articulos/DISTRIBUCION/7271.jpg,https://fqeshthtycmzgyibiurq.supabase.co/storage/v1/object/public/crsnimages/catalogo/12a7ec2a-860e-45b5-9543-5fddcbcd19b9.jpg,104893,45445,blanco,ok,
37351,ACIDO FOLICO 10 MG / ML X 3 AMPOLLAS,https://mav.farmaciasaas.com/api/images/articulos/DISTRIBUCION/20.jpg,https://fqeshthtycmzgyibiurq.supabase.co/storage/v1/object/public/crsnimages/catalogo/7e4024d7-b50f-491a-9ef8-13f9b90afd24.jpg,74440,38622,blanco,ok,
37348,ACIDO ASCORBICO 100 MG / ML SOLUCION ORAL,https://mav.farmaciasaas.com/api/images/articulos/DISTRIBUCION/29208.jpg,https://fqeshthtycmzgyibiurq.supabase.co/storage/v1/object/public/crsnimages/catalogo/d2fe7c8c-fb6b-4a0f-9336-170273fda511.jpg,65727,30111,blanco,ok,
37354,ACIDO FOLICO 10 MG X 20 COMPRIMIDOS,https://mav.farmaciasaas.com/api/images/articulos/DISTRIBUCION/24.jpg,https://fqeshthtycmzgyibiurq.supabase.co/storage/v1/object/public/crsnimages/catalogo/0d54af8d-5031-4920-9013-39bf7ce6a3e0.jpg,68650,35150,blanco,ok,
37355,ACIDO FOLICO 10 MG X 30 COMPRIMIDOS,https://mav.farmaciasaas.com/api/images/articulos/DISTRIBUCION/90738.jpg,https://fqeshthtycmzgyibiurq.supabase.co/storage/v1/object/public/crsnimages/catalogo/c71dbce6-7591-45f4-87f3-147555fdda45.jpg,69389,35410,blanco,ok,
37357,ACIDO FOLICO 10 MG X 30 COMPRIMIDOS,https://mav.farmaciasaas.com/api/images/articulos/DISTRIBUCION/98454.jpg,https://fqeshthtycmzgyibiurq.supabase.co/storage/v1/object/public/crsnimages/catalogo/64e0daec-bc6b-48a6-8985-9734330a825f.jpg,60865,27640,blanco,ok,
37353,ACIDO FOLICO 10 MG COMPRIMIDOS,https://mav.farmaciasaas.com/api/images/articulos/DISTRIBUCION/4100.jpg,https://fqeshthtycmzgyibiurq.supabase.co/storage/v1/object/public/crsnimages/catalogo/17384d8d-e18f-432a-bec6-977b73a17700.jpg,47443,20627,blanco,ok,
37359,ACIDO FOLICO 10 MG X 30 TABLETAS,https://mav.farmaciasaas.com/api/images/articulos/DISTRIBUCION/29544.jpg,https://fqeshthtycmzgyibiurq.supabase.co/storage/v1/object/public/crsnimages/catalogo/08259a8e-6a20-49ad-bd4a-6d87488682ec.jpg,25279,16384,blanco,ok,
37360,ACIDO FOLICO 5 MG X 30 TABLETAS,https://mav.farmaciasaas.com/api/images/articulos/DISTRIBUCION/23782.jpg,https://fqeshthtycmzgyibiurq.supabase.co/storage/v1/object/public/crsnimages/catalogo/2016101e-ce48-47c4-bd97-5e4700df6962.jpg,398120,39416,blanco,ok,
37362,ACIDO MEFENAMICO 500 MG X 10 TABLETAS,https://mav.farmaciasaas.com/api/images/articulos/DISTRIBUCION/28706.jpg,https://fqeshthtycmzgyibiurq.supabase.co/storage/v1/object/public/crsnimages/catalogo/ca00dc03-c605-43fd-8b33-48d99e529cb0.jpg,67173,31238,blanco,ok,
37364,VALPRON 500 MG X 30 TABLETAS,https://mav.farmaciasaas.com/api/images/articulos/DISTRIBUCION/5235.jpg,https://fqeshthtycmzgyibiurq.supabase.co/storage/v1/object/public/crsnimages/catalogo/02ed5333-3f36-493c-b050-32e6f81b501d.jpg,49581,20464,blanco,ok,
37365,VALPRON 500 MG X 60 TABLETAS,https://pccentro.net.ve/img/s/7/1/4/2/5/71425-large_default.webp,https://fqeshthtycmzgyibiurq.supabase.co/storage/v1/object/public/crsnimages/catalogo/f51bc7d8-cd2d-465c-b3dc-95cde3eca1d8.jpg,14364,27633,blanco,ok,
37370,AFLAMAX 50 MG X 10 TABLETAS RECUBIERTAS,https://mav.farmaciasaas.com/api/images/articulos/DISTRIBUCION/19583.jpg,https://fqeshthtycmzgyibiurq.supabase.co/storage/v1/object/public/crsnimages/catalogo/f5d4f087-64b0-467e-ae6b-85c4932e92d7.jpg,47357,21583,blanco,ok,
37371,AFLAMAX 50 MG X 20 TABLETAS RECUBIERTAS,https://mav.farmaciasaas.com/api/images/articulos/DISTRIBUCION/92341.jpg,https://fqeshthtycmzgyibiurq.supabase.co/storage/v1/object/public/crsnimages/catalogo/41311cb9-43d8-4541-a5bd-0ab5f8dfb7b6.jpg,68816,29004,blanco,ok,
37358,ACIDO FOLICO 10 MG / ML SOLUCION ORAL,https://pccentro.net.ve/img/s/8/2/1/5/8/82158-large_default.webp,https://fqeshthtycmzgyibiurq.supabase.co/storage/v1/object/public/crsnimages/catalogo/689c308a-d1a0-44a6-ba6d-f20400e488ec.jpg,44956,27361,blanco,ok,
37373,AFOKLIN 10 MG / ML SOLUCION ORAL,https://mav.farmaciasaas.com/api/images/articulos/DISTRIBUCION/779.jpg,https://fqeshthtycmzgyibiurq.supabase.co/storage/v1/object/public/crsnimages/catalogo/22ed260b-0c22-4f27-8d02-aa14a00b8144.jpg,73793,37467,blanco,ok,
37372,AFOKLIN 5 MG X 20 COMPRIMIDOS,https://mav.farmaciasaas.com/api/images/articulos/DISTRIBUCION/778.jpg,https://fqeshthtycmzgyibiurq.supabase.co/storage/v1/object/public/crsnimages/catalogo/f2180271-2f29-4b28-a335-15f61dc2070b.jpg,57465,27513,blanco,ok,
37376,AIRCOF PLUS 5 MG - 2.5 MG X 30 TABLETAS MASTICABLES,https://mav.farmaciasaas.com/api/images/articulos/DISTRIBUCION/53225.jpg,https://fqeshthtycmzgyibiurq.supabase.co/storage/v1/object/public/crsnimages/catalogo/b1a2a6ba-d174-4e62-8373-12208f4e8275.jpg,76175,36813,blanco,ok,
37377,AIRCOF 10 MG X 30 TABLETAS MASTICABLES,https://mav.farmaciasaas.com/api/images/articulos/DISTRIBUCION/53060.jpg,https://fqeshthtycmzgyibiurq.supabase.co/storage/v1/object/public/crsnimages/catalogo/155b2d12-2d1c-4efe-b1a7-d7719da3799b.jpg,69095,31981,blanco,ok,
37378,AIRFEN 0.05 % SOLUCION NASAL,https://mav.farmaciasaas.com/api/images/articulos/DISTRIBUCION/4340.jpg,https://fqeshthtycmzgyibiurq.supabase.co/storage/v1/object/public/crsnimages/catalogo/b2b07cc6-1b0a-48f4-a18e-0a7cc305a53e.jpg,97609,51239,blanco,ok,
37379,AIRON 10 MG X 30 TABLETAS RECUBIERTAS,https://mav.farmaciasaas.com/api/images/articulos/DISTRIBUCION/5930.jpg,https://fqeshthtycmzgyibiurq.supabase.co/storage/v1/object/public/crsnimages/catalogo/d0844880-f525-4e84-b4d7-c122ae3537a3.jpg,87907,34924,blanco,ok,
37380,AIRON 10 MG X 10 TABLETAS RECUBIERTAS,https://pccentro.net.ve/img/s/1/8/2/0/6/18206-large_default.webp,https://fqeshthtycmzgyibiurq.supabase.co/storage/v1/object/public/crsnimages/catalogo/ddb840c8-8436-4b47-8ca9-f747391686d6.jpg,17296,24319,blanco,ok,
37385,ALBENDAZOL 200 MG X 2 TABLETAS,https://mav.farmaciasaas.com/api/images/articulos/DISTRIBUCION/17968.jpg,https://fqeshthtycmzgyibiurq.supabase.co/storage/v1/object/public/crsnimages/catalogo/9c67178b-dcbe-465f-822c-7c627bf3d441.jpg,467394,45661,blanco,ok,
37386,ALBENDAZOL 200 MG X 6 TABLETAS,https://mav.farmaciasaas.com/api/images/articulos/DISTRIBUCION/20302.jpg,https://fqeshthtycmzgyibiurq.supabase.co/storage/v1/object/public/crsnimages/catalogo/a81fef33-b0ae-42d5-9f42-49c071885eb5.jpg,466367,45904,blanco,ok,
37387,ALBENDAZOL 200 MG X 6 TABLETAS MASTICABLES,https://mav.farmaciasaas.com/api/images/articulos/DISTRIBUCION/94917.jpg,https://fqeshthtycmzgyibiurq.supabase.co/storage/v1/object/public/crsnimages/catalogo/66b92f9a-2f73-45f5-a239-0ea4ae19b338.jpg,63783,28802,blanco,ok,
37389,ALBICAR 200 MG X 2 TABLETAS,https://mav.farmaciasaas.com/api/images/articulos/DISTRIBUCION/9807.jpg,https://fqeshthtycmzgyibiurq.supabase.co/storage/v1/object/public/crsnimages/catalogo/1b3acd70-be10-44c1-85b4-4645cc1eaa04.jpg,46100,18198,blanco,ok,
37388,ALBICAR 400 MG / 10 ML SUSPENSION,https://mav.farmaciasaas.com/api/images/articulos/DISTRIBUCION/9806.jpg,https://fqeshthtycmzgyibiurq.supabase.co/storage/v1/object/public/crsnimages/catalogo/0b198644-bef2-466e-abfc-686c69c91b3c.jpg,45383,18736,blanco,ok,
37390,ALBICAR 200 MG X 6 TABLETAS,https://mav.farmaciasaas.com/api/images/articulos/DISTRIBUCION/9782.jpg,https://fqeshthtycmzgyibiurq.supabase.co/storage/v1/object/public/crsnimages/catalogo/69917a9d-46c1-476a-9387-c6e145f44d42.jpg,40893,14536,blanco,ok,
37392,ALENTIK 70 MG X 4 TABLETAS,https://mav.farmaciasaas.com/api/images/articulos/DISTRIBUCION/50731.jpg,https://fqeshthtycmzgyibiurq.supabase.co/storage/v1/object/public/crsnimages/catalogo/dddcb049-c7a9-4989-ab9e-7449d9220482.jpg,46369,19537,blanco,ok,
37393,ALERGOT 0.05 % SOLUCION OFTALMICA,https://mav.farmaciasaas.com/api/images/articulos/DISTRIBUCION/5332.jpg,https://fqeshthtycmzgyibiurq.supabase.co/storage/v1/object/public/crsnimages/catalogo/7172da0f-1b5b-437e-bfdc-89eecc72599b.jpg,52299,19003,blanco,ok,
37394,ALFADYN 0.2 % SOLUCION OFTALMICA,https://mav.farmaciasaas.com/api/images/articulos/DISTRIBUCION/8457.jpg,https://fqeshthtycmzgyibiurq.supabase.co/storage/v1/object/public/crsnimages/catalogo/8becce42-13a0-4ac8-bec7-bd4b30c8df24.jpg,49624,19347,blanco,ok,
37395,ALGIOL 5 MG X 30 COMPRIMIDOS RECUBIERTOS,https://mav.farmaciasaas.com/api/images/articulos/DISTRIBUCION/23948.jpg,https://fqeshthtycmzgyibiurq.supabase.co/storage/v1/object/public/crsnimages/catalogo/f36ebc61-f2a5-4576-a5ea-1d1d6caedbd8.jpg,58048,16688,blanco,ok,
37396,ALGOREN 10 MG X 20 TABLETAS,https://mav.farmaciasaas.com/api/images/articulos/DISTRIBUCION/104.jpg,https://fqeshthtycmzgyibiurq.supabase.co/storage/v1/object/public/crsnimages/catalogo/44182274-5e2a-42a5-a57c-52a15cb2c101.jpg,67266,33434,blanco,ok,
37397,ALIPAL FORTE DIA 650 MG - 32 MG - 4 MG X 12 CAPSULAS,https://mav.farmaciasaas.com/api/images/articulos/DISTRIBUCION/53530.jpg,https://fqeshthtycmzgyibiurq.supabase.co/storage/v1/object/public/crsnimages/catalogo/e78f6951-ae7a-42fc-8c7d-643de969ca8b.jpg,95617,52498,blanco,ok,
37400,ALOPURINOL 100 MG X 30 TABLETAS,https://pccentro.net.ve/img/s/3/1/9/2/3/31923-large_default.webp,,0,0,blanco,error,HTTP 404
37398,AMITAFEN FORTE 650 MG X 10 TABLETAS,https://mav.farmaciasaas.com/api/images/articulos/DISTRIBUCION/6236.jpg,https://fqeshthtycmzgyibiurq.supabase.co/storage/v1/object/public/crsnimages/catalogo/494971cc-0fa8-41d6-9277-2fb665a783bc.jpg,27687,18687,blanco,ok,
37401,ALPRAM 0.5 MG X 30 TABLETAS,https://mav.farmaciasaas.com/api/images/articulos/DISTRIBUCION/5177.jpg,https://fqeshthtycmzgyibiurq.supabase.co/storage/v1/object/public/crsnimages/catalogo/f7841eb9-02c9-422f-a5e5-38bdcc0d24e7.jpg,264192,34898,blanco,ok,
37402,ALPRAM 1 MG X 30 TABLETAS,https://mav.farmaciasaas.com/api/images/articulos/DISTRIBUCION/5184.jpg,https://fqeshthtycmzgyibiurq.supabase.co/storage/v1/object/public/crsnimages/catalogo/e183e0f9-2535-41e3-b3e7-75f260b64c14.jpg,260492,35148,blanco,ok,
37404,ALPRAZOLAM 0.5 MG X 30 TABLETAS,https://mav.farmaciasaas.com/api/images/articulos/DISTRIBUCION/10378.jpg,https://fqeshthtycmzgyibiurq.supabase.co/storage/v1/object/public/crsnimages/catalogo/b7f81613-f127-449e-8938-d97e830ab72f.jpg,25477,16815,blanco,ok,
37405,ALPRAZOLAM 1 MG X 30 TABLETAS,https://mav.farmaciasaas.com/api/images/articulos/DISTRIBUCION/10377.jpg,https://fqeshthtycmzgyibiurq.supabase.co/storage/v1/object/public/crsnimages/catalogo/ca302342-af9f-4cf0-8085-d044f2e617f0.jpg,25273,16665,blanco,ok,
37406,ALPRAZOLAM 2 MG X 30 TABLETAS,https://mav.farmaciasaas.com/api/images/articulos/DISTRIBUCION/97351.jpg,https://fqeshthtycmzgyibiurq.supabase.co/storage/v1/object/public/crsnimages/catalogo/a7620fa9-9774-4926-9170-5bc547da676f.jpg,26012,18154,blanco,ok,
37403,ALPRAM 2 MG X 30 TABLETAS,https://mav.farmaciasaas.com/api/images/articulos/DISTRIBUCION/5185.jpg,https://fqeshthtycmzgyibiurq.supabase.co/storage/v1/object/public/crsnimages/catalogo/ab2b979c-0edb-4502-9115-99c4661ff435.jpg,268169,35361,blanco,ok,
37407,ALSART 160 MG X 10 CAPSULAS,https://mav.farmaciasaas.com/api/images/articulos/DISTRIBUCION/20787.jpg,https://fqeshthtycmzgyibiurq.supabase.co/storage/v1/object/public/crsnimages/catalogo/6419eee7-b6ad-4ab7-944a-a2491fada5c9.jpg,55857,23545,blanco,ok,
37408,ALSART 160 MG X 30 CAPSULAS,https://pccentro.net.ve/img/s/3/5/0/4/0/35040-large_default.webp,https://fqeshthtycmzgyibiurq.supabase.co/storage/v1/object/public/crsnimages/catalogo/e7819bd5-1500-4e63-bd4e-7fc55f242970.jpg,7368,17818,blanco,ok,
37409,ALSART 80 MG X 10 CAPSULAS,https://mav.farmaciasaas.com/api/images/articulos/DISTRIBUCION/20332.jpg,https://fqeshthtycmzgyibiurq.supabase.co/storage/v1/object/public/crsnimages/catalogo/dc27ff2f-b630-40ab-83b1-9d11baf857ab.jpg,48463,19513,blanco,ok,
37410,ALSART 80 MG X 30 CAPSULAS,https://mav.farmaciasaas.com/api/images/articulos/DISTRIBUCION/20333.jpg,https://fqeshthtycmzgyibiurq.supabase.co/storage/v1/object/public/crsnimages/catalogo/2e8e0ac8-8e71-45f2-a148-076b6df46d3e.jpg,47599,20065,blanco,ok,
37411,ALURON 300 MG X 20 COMPRIMIDOS,https://mav.farmaciasaas.com/api/images/articulos/DISTRIBUCION/13540.jpg,https://fqeshthtycmzgyibiurq.supabase.co/storage/v1/object/public/crsnimages/catalogo/9ac8e658-9d04-40fc-ad44-730089c66107.jpg,77953,40873,blanco,ok,
37412,ALURON 100 MG X 30 TABLETAS,https://mav.farmaciasaas.com/api/images/articulos/DISTRIBUCION/119.jpg,https://fqeshthtycmzgyibiurq.supabase.co/storage/v1/object/public/crsnimages/catalogo/2979cd86-690e-462a-8de7-f49814d271cc.jpg,73724,38385,blanco,ok,
37413,AMANIRIS 81 MG X 30 COMPRIMIDOS CON CUBIERTA ENTERICA,https://mav.farmaciasaas.com/api/images/articulos/DISTRIBUCION/29745.jpg,https://fqeshthtycmzgyibiurq.supabase.co/storage/v1/object/public/crsnimages/catalogo/52a0c75d-d2de-4355-9e7d-994635d03ae4.jpg,17201,9651,blanco,ok,
37417,AMBROXOL CLORHIDRATO - LORATADINA 30 MG - 5 MG / 5 ML JARABE,https://pccentro.net.ve/img/s/8/0/1/5/3/80153-large_default.webp,https://fqeshthtycmzgyibiurq.supabase.co/storage/v1/object/public/crsnimages/catalogo/6181d027-7cfa-4f17-ab71-459db553787f.jpg,90030,52243,blanco,ok,
37421,AMIODARONA CLORHIDRATO 200 MG X 10 COMPRIMIDOS,https://mav.farmaciasaas.com/api/images/articulos/DISTRIBUCION/3505.jpg,https://fqeshthtycmzgyibiurq.supabase.co/storage/v1/object/public/crsnimages/catalogo/1483cc0b-9e33-42fa-b002-c84c7cf1b38d.jpg,266153,39643,blanco,ok,
37422,AMIODARONA CLORHIDRATO 200 MG X 10 TABLETAS,https://mav.farmaciasaas.com/api/images/articulos/DISTRIBUCION/4602.jpg,https://fqeshthtycmzgyibiurq.supabase.co/storage/v1/object/public/crsnimages/catalogo/2800bbae-6b31-49f3-9426-41d07e4d36df.jpg,173847,37943,blanco,ok,
37423,AMLODIPINA 10 MG X 30 COMPRIMIDOS,https://mav.farmaciasaas.com/api/images/articulos/DISTRIBUCION/97973.jpg,https://fqeshthtycmzgyibiurq.supabase.co/storage/v1/object/public/crsnimages/catalogo/92c1666e-dfaf-4938-8fc4-f32cdf7f47f6.jpg,53223,24277,blanco,ok,
37427,AMLODIPINA 10 MG X 10 TABLETAS,https://pccentro.net.ve/img/s/8/3/7/7/1/83771-large_default.webp,https://fqeshthtycmzgyibiurq.supabase.co/storage/v1/object/public/crsnimages/catalogo/165f809f-4823-4e66-b94c-a27efb625fa2.jpg,39320,27354,blanco,ok,
37428,AMLODIPINA 10 MG X 30 TABLETAS,https://mav.farmaciasaas.com/api/images/articulos/DISTRIBUCION/12054.jpg,https://fqeshthtycmzgyibiurq.supabase.co/storage/v1/object/public/crsnimages/catalogo/1085aa83-5565-4035-ba20-a97197a6aa20.jpg,25399,16476,blanco,ok,
37426,AMLODIPINA 5 MG X 30 COMPRIMIDOS,https://mav.farmaciasaas.com/api/images/articulos/DISTRIBUCION/9206.jpg,https://fqeshthtycmzgyibiurq.supabase.co/storage/v1/object/public/crsnimages/catalogo/3ca4d92c-9f5c-44ee-a5bc-824c3837e4fd.jpg,59928,27789,blanco,ok,
37431,AMLODIPINA 5 MG X 10 TABLETAS,https://pccentro.net.ve/img/s/8/3/7/7/2/83772-large_default.webp,https://fqeshthtycmzgyibiurq.supabase.co/storage/v1/object/public/crsnimages/catalogo/a17cb579-070f-421e-afb6-cb1ae6396ee4.jpg,37298,26565,blanco,ok,
37432,AMLODIPINA 5 MG X 30 TABLETAS,https://mav.farmaciasaas.com/api/images/articulos/DISTRIBUCION/10982.jpg,https://fqeshthtycmzgyibiurq.supabase.co/storage/v1/object/public/crsnimages/catalogo/802e6451-2a05-4f7e-9e39-9bc1ca869532.jpg,24451,15866,blanco,ok,
37444,AMOXICILINA 250 MG / 5 ML POLVO PARA SUSPENSION ORAL,https://mav.farmaciasaas.com/api/images/articulos/DISTRIBUCION/51378.jpg,https://fqeshthtycmzgyibiurq.supabase.co/storage/v1/object/public/crsnimages/catalogo/b4d57c96-9f1b-4724-bf9c-845eaa3bfc0e.jpg,24227,15801,blanco,ok,
37448,AMOXICILINA - ACIDO CLAVULANICO 875 MG - 125 MG COMPRIMIDOS,https://pccentro.net.ve/img/s/7/5/0/2/1/75021-large_default.webp,https://fqeshthtycmzgyibiurq.supabase.co/storage/v1/object/public/crsnimages/catalogo/8c88ef1c-503c-43a3-bd12-b408a2e80923.jpg,14454,32128,blanco,ok,
37443,AMOXICILINA 500 MG X 12 CAPSULAS,https://mav.farmaciasaas.com/api/images/articulos/DISTRIBUCION/25978.jpg,https://fqeshthtycmzgyibiurq.supabase.co/storage/v1/object/public/crsnimages/catalogo/dbadc67c-efed-4e6a-a58f-ec35f48d002e.jpg,52364,24121,blanco,ok,
37450,AMOXIVAL 500 MG X 12 CAPSULAS,https://mav.farmaciasaas.com/api/images/articulos/DISTRIBUCION/5739.jpg,https://fqeshthtycmzgyibiurq.supabase.co/storage/v1/object/public/crsnimages/catalogo/d1a02899-b67e-4d98-9e78-216066b4a8ce.jpg,179427,27760,blanco,ok,
37453,AMOXIVAL 875 MG X 20 TABLETAS RECUBIERTAS,https://mav.farmaciasaas.com/api/images/articulos/DISTRIBUCION/98747.jpg,https://fqeshthtycmzgyibiurq.supabase.co/storage/v1/object/public/crsnimages/catalogo/a1cb34ec-0104-40eb-a5ee-2ede0a276328.jpg,162981,25781,blanco,ok,
37449,AMOXIDUO 875 MG X 14 COMPRIMIDOS RECUBIERTOS,https://mav.farmaciasaas.com/api/images/articulos/DISTRIBUCION/1481.jpg,https://fqeshthtycmzgyibiurq.supabase.co/storage/v1/object/public/crsnimages/catalogo/b86d79a4-d36c-460a-9052-2625f7f1d5be.jpg,65661,33596,blanco,ok,
37455,AMPLIDER 50 MG X 10 CAPSULAS BLANDAS,https://mav.farmaciasaas.com/api/images/articulos/DISTRIBUCION/28394.jpg,https://fqeshthtycmzgyibiurq.supabase.co/storage/v1/object/public/crsnimages/catalogo/4504a402-cc26-4c6c-8f81-f8b9d2a41113.jpg,80432,41543,blanco,ok,
37456,ANALPER PLUS 500 MG - 10 MG X 10 TABLETAS RECUBIERTAS,https://mav.farmaciasaas.com/api/images/articulos/DISTRIBUCION/7690.jpg,https://fqeshthtycmzgyibiurq.supabase.co/storage/v1/object/public/crsnimages/catalogo/0a8b9b98-843e-41d8-9154-6ed76e48273a.jpg,80764,38950,blanco,ok,
37457,ANANTY FORTE 160 MG / 5 ML SUSPENSION,https://mav.farmaciasaas.com/api/images/articulos/DISTRIBUCION/13266.jpg,https://fqeshthtycmzgyibiurq.supabase.co/storage/v1/object/public/crsnimages/catalogo/3c6ea279-e36e-4c25-9fee-e5f010c2d0b2.jpg,614563,63370,blanco,ok,
37458,ANANTY 120 MG / 5 ML SUSPENSION,https://mav.farmaciasaas.com/api/images/articulos/DISTRIBUCION/6865.jpg,https://fqeshthtycmzgyibiurq.supabase.co/storage/v1/object/public/crsnimages/catalogo/508d000b-38c5-45e9-a7a4-bfe5e0d23365.jpg,60717,28913,blanco,ok,
37459,ANANTY 650 MG X 10 TABLETAS,https://mav.farmaciasaas.com/api/images/articulos/DISTRIBUCION/6868.jpg,https://fqeshthtycmzgyibiurq.supabase.co/storage/v1/object/public/crsnimages/catalogo/6c0708cf-9748-4871-a1ec-1b73a0a34073.jpg,71637,33339,blanco,ok,
37461,ANASMOL 5 MG X 10 COMPRIMIDOS,https://pccentro.net.ve/img/s/7/5/7/4/9/75749-large_default.webp,https://fqeshthtycmzgyibiurq.supabase.co/storage/v1/object/public/crsnimages/catalogo/0d582abf-44c1-4465-86d8-921447bd72bf.jpg,9468,22276,blanco,ok,
37460,ANAPIRFLEX 600 MG – 4 MG X 10 TABLETAS RECUBIERTAS,https://mav.farmaciasaas.com/api/images/articulos/DISTRIBUCION/29669.jpg,https://fqeshthtycmzgyibiurq.supabase.co/storage/v1/object/public/crsnimages/catalogo/bceac4f6-ea44-486b-a345-5d4ac1e7b8a2.jpg,69894,34439,blanco,ok,
37462,ANASMOL 5 MG X 30 COMPRIMIDOS,https://mav.farmaciasaas.com/api/images/articulos/DISTRIBUCION/95473.jpg,https://fqeshthtycmzgyibiurq.supabase.co/storage/v1/object/public/crsnimages/catalogo/6db6a578-a24f-4317-8590-7ce0fe20fadc.jpg,49148,20980,blanco,ok,
37464,ANGRIP X 8 COMPRIMIDOS,https://mav.farmaciasaas.com/api/images/articulos/DISTRIBUCION/22591.jpg,https://fqeshthtycmzgyibiurq.supabase.co/storage/v1/object/public/crsnimages/catalogo/c347be26-cc3f-4b92-945a-8e16047d5c82.jpg,79190,41950,blanco,ok,
37465,ANGRIP X 4 COMPRIMIDOS,https://mav.farmaciasaas.com/api/images/articulos/DISTRIBUCION/23940.jpg,https://fqeshthtycmzgyibiurq.supabase.co/storage/v1/object/public/crsnimages/catalogo/e4c503ee-ab6a-41db-93de-690731cc271b.jpg,69157,34383,blanco,ok,
37466,ANGRIP X 15 COMPRIMIDOS,https://mav.farmaciasaas.com/api/images/articulos/DISTRIBUCION/51261.jpg,https://fqeshthtycmzgyibiurq.supabase.co/storage/v1/object/public/crsnimages/catalogo/705bfdf0-06bc-43b6-8a42-455249da7cbe.jpg,75448,37760,blanco,ok,
37467,ANSILAN 0.5 MG X 30 COMPRIMIDOS RECUBIERTOS,https://mav.farmaciasaas.com/api/images/articulos/DISTRIBUCION/1297.jpg,https://fqeshthtycmzgyibiurq.supabase.co/storage/v1/object/public/crsnimages/catalogo/d83cc26d-a48a-4b28-8342-27e5a4893cd0.jpg,66974,29789,blanco,ok,
37468,ANSILAN 1 MG X 30 COMPRIMIDOS RECUBIERTOS,https://mav.farmaciasaas.com/api/images/articulos/DISTRIBUCION/1298.jpg,https://fqeshthtycmzgyibiurq.supabase.co/storage/v1/object/public/crsnimages/catalogo/34c529d0-c49a-47f5-b99d-9d21829fe313.jpg,66158,29048,blanco,ok,
37469,ANSILAN 2 MG X 30 COMPRIMIDOS RECUBIERTOS,https://mav.farmaciasaas.com/api/images/articulos/DISTRIBUCION/16881.jpg,https://fqeshthtycmzgyibiurq.supabase.co/storage/v1/object/public/crsnimages/catalogo/7a265d5f-f4b5-425d-a18a-6240912454db.jpg,68045,30615,blanco,ok,
37470,ANTAAR 1.25 MG X 30 TABLETAS RECUBIERTAS,https://mav.farmaciasaas.com/api/images/articulos/DISTRIBUCION/29562.jpg,https://fqeshthtycmzgyibiurq.supabase.co/storage/v1/object/public/crsnimages/catalogo/f29730d0-a784-4745-b922-7d9b81d9ae87.jpg,63276,28774,blanco,ok,
37472,ANTAAR 10 MG X 30 TABLETAS RECUBIERTAS,https://mav.farmaciasaas.com/api/images/articulos/DISTRIBUCION/17094.jpg,https://fqeshthtycmzgyibiurq.supabase.co/storage/v1/object/public/crsnimages/catalogo/7bb474b4-4886-42a6-89ac-0c584f530b0c.jpg,22912,15089,blanco,ok,
37473,ANTIFOM 160 MG X 10 COMPRIMIDOS RECUBIERTOS,https://mav.farmaciasaas.com/api/images/articulos/DISTRIBUCION/23430.jpg,https://fqeshthtycmzgyibiurq.supabase.co/storage/v1/object/public/crsnimages/catalogo/23a94f7e-8201-47e0-9205-2abcd954a619.jpg,72990,33466,blanco,ok,
37475,APIRET FORTE 650 MG X 10 TABLETAS,https://mav.farmaciasaas.com/api/images/articulos/DISTRIBUCION/50410.jpg,https://fqeshthtycmzgyibiurq.supabase.co/storage/v1/object/public/crsnimages/catalogo/812b1ff1-b3e2-4530-82e7-5208e4266748.jpg,93060,35813,blanco,ok,
37478,APIRET 500 MG X 10 TABLETAS,https://mav.farmaciasaas.com/api/images/articulos/DISTRIBUCION/28791.jpg,https://fqeshthtycmzgyibiurq.supabase.co/storage/v1/object/public/crsnimages/catalogo/cf77d67c-e59e-4e85-9570-46914ac0a6bd.jpg,108051,37755,blanco,ok,
37482,APLACAL 750 MG X 80 TABLETAS MASTICABLES SABOR A BANANA,https://mav.farmaciasaas.com/api/images/articulos/DISTRIBUCION/52504.jpg,https://fqeshthtycmzgyibiurq.supabase.co/storage/v1/object/public/crsnimages/catalogo/283fb422-9486-44c9-bbbc-9d77778f6468.jpg,82448,40979,blanco,ok,
37483,APLACAL 750 MG X 10 TABLETAS MASTICABLES SABOR A BANANA,https://mav.farmaciasaas.com/api/images/articulos/DISTRIBUCION/21600.jpg,https://fqeshthtycmzgyibiurq.supabase.co/storage/v1/object/public/crsnimages/catalogo/46482853-9fc1-4775-bf0a-45b59ca7cef1.jpg,64003,29741,blanco,ok,
37486,ARANDA 2.5 MG - 50 MG X 30 CAPSULAS,https://pccentro.net.ve/img/s/1/8/5/4/6/18546-large_default.webp,,0,0,blanco,error,HTTP 404
37484,APLEXIL 550 MG X 10 TABLETAS RECUBIERTAS,https://mav.farmaciasaas.com/api/images/articulos/DISTRIBUCION/53335.jpg,https://fqeshthtycmzgyibiurq.supabase.co/storage/v1/object/public/crsnimages/catalogo/a422e188-09fd-419e-9a9a-747d1ed377d5.jpg,73922,32858,blanco,ok,
37485,ARANDA 2.5 MG - 50 MG X 10 CAPSULAS,https://pccentro.net.ve/img/s/7/5/0/7/6/75076-large_default.webp,https://fqeshthtycmzgyibiurq.supabase.co/storage/v1/object/public/crsnimages/catalogo/a9586062-5190-4d38-9c46-95d6ca18a5b8.jpg,12340,25439,blanco,ok,
37487,ARANDA 5 MG - 100 MG X 10 CAPSULAS,https://pccentro.net.ve/img/s/7/5/0/6/8/75068-large_default.webp,https://fqeshthtycmzgyibiurq.supabase.co/storage/v1/object/public/crsnimages/catalogo/d7bd9781-aad4-4c6b-8c92-efb607fb194e.jpg,10090,23517,blanco,ok,
37488,ARCOVAL 60 MG X 10 TABLETAS RECUBIERTAS,https://mav.farmaciasaas.com/api/images/articulos/DISTRIBUCION/52031.jpg,https://fqeshthtycmzgyibiurq.supabase.co/storage/v1/object/public/crsnimages/catalogo/1a3deff1-0f6e-4b57-926b-791c22ca41ff.jpg,185522,32707,blanco,ok,
37489,ARCOVAL 90 MG X 10 TABLETAS RECUBIERTAS,https://mav.farmaciasaas.com/api/images/articulos/DISTRIBUCION/52032.jpg,https://fqeshthtycmzgyibiurq.supabase.co/storage/v1/object/public/crsnimages/catalogo/57ff4d6b-18ff-4041-8b33-3e9e22e1997e.jpg,197605,34470,blanco,ok,
37491,ARESAN 20 MG X 10 TABLETAS RECUBIERTAS,https://mav.farmaciasaas.com/api/images/articulos/DISTRIBUCION/51009.jpg,https://fqeshthtycmzgyibiurq.supabase.co/storage/v1/object/public/crsnimages/catalogo/5b4db0c5-0382-42a4-96b6-6a2c269d08e6.jpg,170544,34552,blanco,ok,
37492,ARTENOLOL 100 MG X 30 TABLETAS,https://mav.farmaciasaas.com/api/images/articulos/DISTRIBUCION/19753.jpg,https://fqeshthtycmzgyibiurq.supabase.co/storage/v1/object/public/crsnimages/catalogo/66c10ef6-6e79-442e-983c-d04f30b54ed4.jpg,71150,36683,blanco,ok,
37494,ARUDIL 15 MG X 30 TABLETAS RECUBIERTAS,https://mav.farmaciasaas.com/api/images/articulos/DISTRIBUCION/19966.jpg,https://fqeshthtycmzgyibiurq.supabase.co/storage/v1/object/public/crsnimages/catalogo/3fc12439-db9b-4323-8b1a-c5a1d71d1a95.jpg,51409,21772,blanco,ok,
37495,ARUDIL 20 MG X 10 TABLETAS RECUBIERTAS,https://mav.farmaciasaas.com/api/images/articulos/DISTRIBUCION/19058.jpg,https://fqeshthtycmzgyibiurq.supabase.co/storage/v1/object/public/crsnimages/catalogo/8e2714c0-bbf8-49b2-9075-aed259efa277.jpg,52198,22708,blanco,ok,
37493,ARUDIL 15 MG X 10 TABLETAS RECUBIERTAS,https://mav.farmaciasaas.com/api/images/articulos/DISTRIBUCION/19965.jpg,https://fqeshthtycmzgyibiurq.supabase.co/storage/v1/object/public/crsnimages/catalogo/b951229f-1580-4eeb-8da3-b43d79af8cf3.jpg,50348,20917,blanco,ok,
37496,ARUDIL 20 MG X 30 TABLETAS RECUBIERTAS,https://mav.farmaciasaas.com/api/images/articulos/DISTRIBUCION/19059.jpg,https://fqeshthtycmzgyibiurq.supabase.co/storage/v1/object/public/crsnimages/catalogo/df80d8d0-9d27-43b4-b0bf-8e235a712d1b.jpg,60839,26883,blanco,ok,
37490,ARESAN 20 MG X 30 TABLETAS RECUBIERTAS,https://mav.farmaciasaas.com/api/images/articulos/DISTRIBUCION/22093.jpg,https://fqeshthtycmzgyibiurq.supabase.co/storage/v1/object/public/crsnimages/catalogo/fa5937ca-e9b3-4abb-ac35-b6375ff2125c.jpg,180322,39421,blanco,ok,
37497,ASAPROL 81 MG X 100 COMPRIMIDOS ENTERICOS,https://mav.farmaciasaas.com/api/images/articulos/DISTRIBUCION/9092.jpg,https://fqeshthtycmzgyibiurq.supabase.co/storage/v1/object/public/crsnimages/catalogo/97bec11b-dcd4-4273-830b-881a719f5fe3.jpg,62054,29427,blanco,ok,
37499,ASARAP 10 MG X 30 COMPRIMIDOS RECUBIERTOS,https://mav.farmaciasaas.com/api/images/articulos/DISTRIBUCION/30076.jpg,https://fqeshthtycmzgyibiurq.supabase.co/storage/v1/object/public/crsnimages/catalogo/3eb7fe34-3825-41e8-9207-568d6d76891d.jpg,60990,28343,blanco,ok,
37500,ASARAP 15 MG X 30 COMPRIMIDOS RECUBIERTOS,https://mav.farmaciasaas.com/api/images/articulos/DISTRIBUCION/30307.jpg,https://fqeshthtycmzgyibiurq.supabase.co/storage/v1/object/public/crsnimages/catalogo/67c4079a-c52a-4d1a-941a-fb712e682e15.jpg,17423,17943,blanco,ok,
37498,ASAPROL 81 MG X 40 COMPRIMIDOS ENTERICOS,https://mav.farmaciasaas.com/api/images/articulos/DISTRIBUCION/99232.jpg,https://fqeshthtycmzgyibiurq.supabase.co/storage/v1/object/public/crsnimages/catalogo/59fdf4bc-25d1-425b-bc2d-0a11d3934a2f.jpg,62894,30207,blanco,ok,
37501,ASARAP 20 MG X 30 COMPRIMIDOS RECUBIERTOS,https://mav.farmaciasaas.com/api/images/articulos/DISTRIBUCION/50067.jpg,https://fqeshthtycmzgyibiurq.supabase.co/storage/v1/object/public/crsnimages/catalogo/be24c562-4612-4b96-8968-8527af6bf484.jpg,64980,30395,blanco,ok,
37504,ASPRINIL 81 MG X 40 TABLETAS CON RECUBRIMIENTO ENTERICO,https://mav.farmaciasaas.com/api/images/articulos/DISTRIBUCION/53383.jpg,https://fqeshthtycmzgyibiurq.supabase.co/storage/v1/object/public/crsnimages/catalogo/79323952-fd34-4d8c-bdb3-1f4e1a6c66e8.jpg,89554,43461,blanco,ok,
37505,ASPRINIL 81 MG X 100 TABLETAS CON RECUBRIMIENTO ENTERICO,https://mav.farmaciasaas.com/api/images/articulos/DISTRIBUCION/51425.jpg,https://fqeshthtycmzgyibiurq.supabase.co/storage/v1/object/public/crsnimages/catalogo/d898b9d1-4809-4eff-ab78-77e1381ed4bf.jpg,238813,39036,blanco,ok,
37506,ASTRIMOL 2.5 MG X 30 TABLETAS RECUBIERTAS,https://mav.farmaciasaas.com/api/images/articulos/DISTRIBUCION/53167.jpg,https://fqeshthtycmzgyibiurq.supabase.co/storage/v1/object/public/crsnimages/catalogo/fc1bb62b-3279-4667-826b-19de7c95990b.jpg,53150,21902,blanco,ok,
37507,ATAMEL FORTE 650 MG X 10 TABLETAS,https://mav.farmaciasaas.com/api/images/articulos/DISTRIBUCION/3689.jpg,https://fqeshthtycmzgyibiurq.supabase.co/storage/v1/object/public/crsnimages/catalogo/57304026-bb06-4ac2-b32b-0c716f007426.jpg,25228,17066,blanco,ok,
37509,ATAMEL 500 MG X 20 TABLETAS,https://mav.farmaciasaas.com/api/images/articulos/DISTRIBUCION/3692.jpg,https://fqeshthtycmzgyibiurq.supabase.co/storage/v1/object/public/crsnimages/catalogo/c5c8f556-2897-4dc7-8239-2e591a7edf80.jpg,23098,15263,blanco,ok,
37511,ATENOLOL 100 MG X 30 COMPRIMIDOS,https://pccentro.net.ve/img/s/5/5/5/2/8/55528-large_default.webp,https://fqeshthtycmzgyibiurq.supabase.co/storage/v1/object/public/crsnimages/catalogo/33bf867c-5c67-42d4-bed3-4ab3259c2cae.jpg,9488,22214,blanco,ok,
37508,ATAMEL 500 MG X 10 TABLETAS,https://mav.farmaciasaas.com/api/images/articulos/DISTRIBUCION/2337.jpg,https://fqeshthtycmzgyibiurq.supabase.co/storage/v1/object/public/crsnimages/catalogo/bb2dfb09-a4ca-4178-a2de-a01539d7e3a1.jpg,27333,18490,blanco,ok,
37515,ATORVACOF 20 MG X 14 TABLETAS RECUBIERTAS,https://mav.farmaciasaas.com/api/images/articulos/DISTRIBUCION/98600.jpg,https://fqeshthtycmzgyibiurq.supabase.co/storage/v1/object/public/crsnimages/catalogo/a71b7f2b-d82a-42d4-b7a0-d00317491144.jpg,71312,34959,blanco,ok,
37517,ATORVASTATINA 20 MG X 10 COMPRIMIDOS RECUBIERTOS,https://mav.farmaciasaas.com/api/images/articulos/DISTRIBUCION/4070.jpg,https://fqeshthtycmzgyibiurq.supabase.co/storage/v1/object/public/crsnimages/catalogo/a22db056-fe5d-481c-80ca-0a5a79f9df80.jpg,48942,22561,blanco,ok,
37519,ATORVASTATINA 20 MG X 30 COMPRIMIDOS RECUBIERTOS,https://mav.farmaciasaas.com/api/images/articulos/DISTRIBUCION/97977.jpg,https://fqeshthtycmzgyibiurq.supabase.co/storage/v1/object/public/crsnimages/catalogo/9f13be7e-9542-4e8a-b61f-47aee9c0e932.jpg,61821,28416,blanco,ok,
37520,ATORVASTATINA 40 MG X 30 COMPRIMIDOS RECUBIERTOS,https://mav.farmaciasaas.com/api/images/articulos/DISTRIBUCION/98292.jpg,https://fqeshthtycmzgyibiurq.supabase.co/storage/v1/object/public/crsnimages/catalogo/11325660-4ce0-4d4e-ae87-94ca43c6f69a.jpg,64093,31250,blanco,ok,
37521,ATORVASTATINA 20 MG X 30 TABLETAS RECUBIERTAS,https://mav.farmaciasaas.com/api/images/articulos/DISTRIBUCION/51293.jpg,https://fqeshthtycmzgyibiurq.supabase.co/storage/v1/object/public/crsnimages/catalogo/72d35a6a-4de7-4c7f-a8f2-97d09523cd33.jpg,235459,33973,blanco,ok,
37525,ATORVASTATINA 20 MG X 30 TABLETAS RECUBIERTAS,https://pccentro.net.ve/img/s/9/5/9/8/6/95986-large_default.webp,https://fqeshthtycmzgyibiurq.supabase.co/storage/v1/object/public/crsnimages/catalogo/ee2fb6bd-295e-4b69-acd8-c880b943064d.jpg,60484,30298,blanco,ok,
37527,ATROBEL 10 MG / ML SOLUCION GOTAS REFORMULADO,https://mav.farmaciasaas.com/api/images/articulos/DISTRIBUCION/22695.jpg,https://fqeshthtycmzgyibiurq.supabase.co/storage/v1/object/public/crsnimages/catalogo/a8439626-2412-4e5f-83ec-a2c658f8d443.jpg,85649,41991,blanco,ok,
37526,ATRIMON 10 MG X 10 COMPRIMIDOS,https://mav.farmaciasaas.com/api/images/articulos/DISTRIBUCION/527.jpg,https://fqeshthtycmzgyibiurq.supabase.co/storage/v1/object/public/crsnimages/catalogo/74d7b142-3770-47a0-8430-2d6610c0b98a.jpg,49511,21373,blanco,ok,
37528,ATROPINA SULFATO 1 MG / ML X 10 AMPOLLAS,https://mav.farmaciasaas.com/api/images/articulos/DISTRIBUCION/50775.jpg,https://fqeshthtycmzgyibiurq.supabase.co/storage/v1/object/public/crsnimages/catalogo/4eea6675-1530-4b34-bd43-d3af3bed4e45.jpg,16987,9963,blanco,ok,
37529,ATROVERAN 10 MG / ML X 10 SOLUCION GOTAS,https://mav.farmaciasaas.com/api/images/articulos/DISTRIBUCION/25310.jpg,https://fqeshthtycmzgyibiurq.supabase.co/storage/v1/object/public/crsnimages/catalogo/f8414be6-620d-406e-9880-d2f7d2e1cda4.jpg,100158,48352,blanco,ok,
37530,ATROVERAN FEM 10 MG-200 MG X 10 COMPRIMIDOS RECUBIERTOS,https://mav.farmaciasaas.com/api/images/articulos/DISTRIBUCION/54524.jpg,https://fqeshthtycmzgyibiurq.supabase.co/storage/v1/object/public/crsnimages/catalogo/a1914631-9d9a-4a15-9525-d1f97e9fa686.jpg,27608,19311,blanco,ok,
37531,AUGMENTIN 500 MG - 125 MG TABLETAS RECUBIERTAS,https://mav.farmaciasaas.com/api/images/articulos/DISTRIBUCION/9781.jpg,https://fqeshthtycmzgyibiurq.supabase.co/storage/v1/object/public/crsnimages/catalogo/e830963a-bb31-41c4-b50a-11d920c529f9.jpg,53785,23796,blanco,ok,
37533,AUPREL 90 MG X 20 COMPRIMIDOS RECUBIERTOS,https://mav.farmaciasaas.com/api/images/articulos/DISTRIBUCION/28697.jpg,https://fqeshthtycmzgyibiurq.supabase.co/storage/v1/object/public/crsnimages/catalogo/6378e9c4-87cf-48ce-a63d-30d2301bdc23.jpg,55674,24516,blanco,ok,
37534,AVELOX 400 MG X 5 COMPRIMIDOS RECUBIERTOS,https://mav.farmaciasaas.com/api/images/articulos/DISTRIBUCION/11301.jpg,https://fqeshthtycmzgyibiurq.supabase.co/storage/v1/object/public/crsnimages/catalogo/f7f3c211-40ba-4b81-b669-07bcfe669972.jpg,14349,14722,blanco,ok,
37535,AVODART 0.5 MG CAPSULAS BLANDAS,https://mav.farmaciasaas.com/api/images/articulos/DISTRIBUCION/10278.jpg,https://fqeshthtycmzgyibiurq.supabase.co/storage/v1/object/public/crsnimages/catalogo/1442b92b-b919-4b34-a72a-c057691f2331.jpg,349498,43164,blanco,ok,
37536,AXOKINE 400 MG X 5 COMPRIMIDOS RECUBIERTOS,https://mav.farmaciasaas.com/api/images/articulos/DISTRIBUCION/90556.jpg,https://fqeshthtycmzgyibiurq.supabase.co/storage/v1/object/public/crsnimages/catalogo/268b7fe6-5600-460f-a7a8-3cded54273d9.jpg,85401,41834,blanco,ok,
37537,AZACARD 81 MG X 30 TABLETAS CON CUBIERTA ENTERICA,https://mav.farmaciasaas.com/api/images/articulos/DISTRIBUCION/4756.jpg,https://fqeshthtycmzgyibiurq.supabase.co/storage/v1/object/public/crsnimages/catalogo/ad90ac72-144f-4078-866a-eed0d13b7f07.jpg,98235,39586,blanco,ok,
37538,AZACARD 81 MG X 60 TABLETAS CON CUBIERTA ENTERICA,https://mav.farmaciasaas.com/api/images/articulos/DISTRIBUCION/4694.jpg,https://fqeshthtycmzgyibiurq.supabase.co/storage/v1/object/public/crsnimages/catalogo/f0bf6dc7-fb65-4bc9-875e-3c6b13c20e07.jpg,88379,37773,blanco,ok,
37539,AZACARD 81 MG X 100 TABLETAS CON CUBIERTA ENTERICA,https://mav.farmaciasaas.com/api/images/articulos/DISTRIBUCION/53427.jpg,https://fqeshthtycmzgyibiurq.supabase.co/storage/v1/object/public/crsnimages/catalogo/5aa78317-f0dd-4739-a868-3bdfb04f0192.jpg,67423,30031,blanco,ok,
37540,AZIMAKROL 1 G X 2 COMPRIMIDOS RECUBIERTOS,https://mav.farmaciasaas.com/api/images/articulos/DISTRIBUCION/91098.jpg,https://fqeshthtycmzgyibiurq.supabase.co/storage/v1/object/public/crsnimages/catalogo/9e861b5a-99fe-494f-af07-6b016b0c5597.jpg,46405,18956,blanco,ok,
37541,AZIMAKROL 1 G X 5 COMPRIMIDOS RECUBIERTOS,https://mav.farmaciasaas.com/api/images/articulos/DISTRIBUCION/54042.jpg,https://fqeshthtycmzgyibiurq.supabase.co/storage/v1/object/public/crsnimages/catalogo/76b8dab0-233e-411f-a7de-14b538e71d16.jpg,48443,19617,blanco,ok,
37542,AZITRODEX 500 MG X 3 TABLETAS RECUBIERTAS,https://mav.farmaciasaas.com/api/images/articulos/DISTRIBUCION/92796.jpg,https://fqeshthtycmzgyibiurq.supabase.co/storage/v1/object/public/crsnimages/catalogo/cd925c1f-a1d8-48fa-aeca-08818fca98a5.jpg,500345,50371,blanco,ok,
37543,AZITRODEX 500 MG X 5 TABLETAS RECUBIERTAS,https://mav.farmaciasaas.com/api/images/articulos/DISTRIBUCION/94416.jpg,https://fqeshthtycmzgyibiurq.supabase.co/storage/v1/object/public/crsnimages/catalogo/b145e105-3eb2-454e-a4db-f698c4109cfb.jpg,491549,49750,blanco,ok,
37548,AZITROMICINA 500 MG X 5 TABLETAS RECUBIERTAS,https://mav.farmaciasaas.com/api/images/articulos/DISTRIBUCION/92571.jpg,https://fqeshthtycmzgyibiurq.supabase.co/storage/v1/object/public/crsnimages/catalogo/4a15f60a-e0e5-4b4e-b7f7-3a357a3187b6.jpg,277373,38250,blanco,ok,
37552,BACTRON FORTE 160 MG - 800 MG X 10 TABLETAS,https://mav.farmaciasaas.com/api/images/articulos/DISTRIBUCION/9770.jpg,https://fqeshthtycmzgyibiurq.supabase.co/storage/v1/object/public/crsnimages/catalogo/9fa06907-3968-41b1-81e2-407fb9c7f3ca.jpg,68521,36496,blanco,ok,
37551,BACTEVAL 250 MG - 50 MG X 24 CAPSULAS,https://mav.farmaciasaas.com/api/images/articulos/DISTRIBUCION/8557.jpg,https://fqeshthtycmzgyibiurq.supabase.co/storage/v1/object/public/crsnimages/catalogo/51a24644-af25-4291-b423-1469bea04ef8.jpg,206311,29978,blanco,ok,
37553,BACTRIZOL 5 MG / ML SOLUCION INYECTABLE PARA INFUSION INTRAVENOSA,https://mav.farmaciasaas.com/api/images/articulos/DISTRIBUCION/7496.jpg,https://fqeshthtycmzgyibiurq.supabase.co/storage/v1/object/public/crsnimages/catalogo/51028744-4041-4bac-8b46-6d985c7d6a78.jpg,47846,20143,blanco,ok,
37554,BACTRON 80 MG - 400 MG X 20 TABLETAS,https://mav.farmaciasaas.com/api/images/articulos/DISTRIBUCION/345.jpg,https://fqeshthtycmzgyibiurq.supabase.co/storage/v1/object/public/crsnimages/catalogo/9b2c4a9b-2e47-4703-a962-b2fe46434d4b.jpg,77030,39830,blanco,ok,
37555,BARGONIL 2 % UNGUENTO,https://mav.farmaciasaas.com/api/images/articulos/DISTRIBUCION/9756.jpg,https://fqeshthtycmzgyibiurq.supabase.co/storage/v1/object/public/crsnimages/catalogo/7ee9fb48-5639-4252-a702-697c070d3d20.jpg,70932,28762,blanco,ok,
37556,BEHKACIN 500 MG / 2 ML X 1 AMPOLLA,https://mav.farmaciasaas.com/api/images/articulos/DISTRIBUCION/52498.jpg,https://fqeshthtycmzgyibiurq.supabase.co/storage/v1/object/public/crsnimages/catalogo/65905964-df29-466b-8996-21b75b16ef53.jpg,52365,23180,blanco,ok,
37557,BENCIDAMINA CLORHIDRATO 0.15 % SOLUCION TOPICA BUCAL,https://mav.farmaciasaas.com/api/images/articulos/DISTRIBUCION/13344.jpg,https://fqeshthtycmzgyibiurq.supabase.co/storage/v1/object/public/crsnimages/catalogo/a575b3dd-9e7e-43f7-b9e7-be95a4c21261.jpg,59445,28700,blanco,ok,
37558,BENDAMEN 100 MG / 5 ML SUSPENSION,https://mav.farmaciasaas.com/api/images/articulos/DISTRIBUCION/4846.jpg,https://fqeshthtycmzgyibiurq.supabase.co/storage/v1/object/public/crsnimages/catalogo/702b3050-d711-4e34-b0ea-2eb89bdf9b98.jpg,50082,22059,blanco,ok,
37559,BENDAMEN 100 MG X 6 TABLETAS,https://mav.farmaciasaas.com/api/images/articulos/DISTRIBUCION/4845.jpg,https://fqeshthtycmzgyibiurq.supabase.co/storage/v1/object/public/crsnimages/catalogo/f6611cbc-3e87-4d0d-af46-1da8fd7252b1.jpg,50424,21351,blanco,ok,
37560,BENFLUX 30 MG X 20 TABLETAS,https://mav.farmaciasaas.com/api/images/articulos/DISTRIBUCION/7033.jpg,https://fqeshthtycmzgyibiurq.supabase.co/storage/v1/object/public/crsnimages/catalogo/2053fd27-9bf8-4035-b6ca-8d933e867f7a.jpg,98015,38033,blanco,ok,
37561,BENZODIAZOL 0.25 MG - 5 MG X 16 PASTILLAS SABOR A LIMON - MIEL,https://mav.farmaciasaas.com/api/images/articulos/DISTRIBUCION/97346.jpg,https://fqeshthtycmzgyibiurq.supabase.co/storage/v1/object/public/crsnimages/catalogo/8b002779-4ae4-46cf-bf51-51b5dbc10d89.jpg,73979,37750,blanco,ok,
37562,BENZODIAZOL 0.25 MG - 5 MG X 16 PASTILLAS SABOR A MENTA,https://mav.farmaciasaas.com/api/images/articulos/DISTRIBUCION/97346.jpg,https://fqeshthtycmzgyibiurq.supabase.co/storage/v1/object/public/crsnimages/catalogo/d36486d5-abf3-4a2d-aada-adf51a8be63b.jpg,73979,37750,blanco,ok,
37564,BENZODIAZOL 0.25 MG - 5 MG X 16 PASTILLAS SABOR A TUTTI FRUTTI,https://mav.farmaciasaas.com/api/images/articulos/DISTRIBUCION/97346.jpg,https://fqeshthtycmzgyibiurq.supabase.co/storage/v1/object/public/crsnimages/catalogo/075dada9-cd4a-4354-a508-47c77734182b.jpg,73979,37750,blanco,ok,
37568,BETAGEN 4 MG / ML X 1 AMPOLLA,https://mav.farmaciasaas.com/api/images/articulos/DISTRIBUCION/4359.jpg,https://fqeshthtycmzgyibiurq.supabase.co/storage/v1/object/public/crsnimages/catalogo/29751586-ff37-4636-a631-e157f97d6791.jpg,193693,35640,blanco,ok,
37565,BEPRODERM 0.05 % - 0.1 % CREMA,https://mav.farmaciasaas.com/api/images/articulos/DISTRIBUCION/94044.jpg,https://fqeshthtycmzgyibiurq.supabase.co/storage/v1/object/public/crsnimages/catalogo/64fa0112-509d-41c5-bb04-e35ce9026e83.jpg,220424,42966,blanco,ok,
37569,BETAGEN 12 MG / 3 ML X 1 AMPOLLA,https://mav.farmaciasaas.com/api/images/articulos/DISTRIBUCION/13138.jpg,https://fqeshthtycmzgyibiurq.supabase.co/storage/v1/object/public/crsnimages/catalogo/4142f45f-bc72-4f5c-b649-2d1700df598a.jpg,191224,37013,blanco,ok,
37571,BETAHISTINA 16 MG X 20 TABLETAS RECUBIERTAS,https://pccentro.net.ve/img/s/1/9/3/6/0/19360-large_default.webp,https://fqeshthtycmzgyibiurq.supabase.co/storage/v1/object/public/crsnimages/catalogo/4850b125-7b13-41eb-96c8-5c7128edda6e.jpg,23792,28651,blanco,ok,
37577,BIOCOR AMLO 20 MG - 5 MG X 30 TABLETAS RECUBIERTAS,https://mav.farmaciasaas.com/api/images/articulos/DISTRIBUCION/17705.jpg,https://fqeshthtycmzgyibiurq.supabase.co/storage/v1/object/public/crsnimages/catalogo/e7e6f9ca-84a4-402c-b8f1-af395da3d8d5.jpg,66153,31179,blanco,ok,
37572,BETAMETASONA - GENTAMICINA - CLOTRIMAZOL 0.5 MG - 1 MG - 10 MG CREMA,https://pccentro.net.ve/img/s/7/3/4/0/9/73409-large_default.webp,https://fqeshthtycmzgyibiurq.supabase.co/storage/v1/object/public/crsnimages/catalogo/d1f6aee6-92fa-4fd9-a235-ce7c796b42b1.jpg,10442,21982,blanco,ok,
37579,BIOCOR 40 MG X 30 TABLETAS RECUBIERTAS,https://mav.farmaciasaas.com/api/images/articulos/DISTRIBUCION/15628.jpg,https://fqeshthtycmzgyibiurq.supabase.co/storage/v1/object/public/crsnimages/catalogo/336055e9-b710-4346-afa9-d262d0496074.jpg,64602,29122,blanco,ok,
37578,BIOCOR AMLO 40 MG - 5 MG X 30 TABLETAS RECUBIERTAS,https://mav.farmaciasaas.com/api/images/articulos/DISTRIBUCION/17706.jpg,https://fqeshthtycmzgyibiurq.supabase.co/storage/v1/object/public/crsnimages/catalogo/fec999b4-e8e4-4e37-96c8-dffe3a1659b8.jpg,23088,15147,blanco,ok,
37580,BIOTALOL 2.5 MG X 10 COMPRIMIDOS RECUBIERTOS,https://mav.farmaciasaas.com/api/images/articulos/DISTRIBUCION/30302.jpg,https://fqeshthtycmzgyibiurq.supabase.co/storage/v1/object/public/crsnimages/catalogo/89e0c94f-667f-489f-ae57-7b0e0f4e0890.jpg,62027,28578,blanco,ok,
37581,BIOTALOL 2.5 MG X 30 COMPRIMIDOS RECUBIERTOS,https://mav.farmaciasaas.com/api/images/articulos/DISTRIBUCION/98616.jpg,https://fqeshthtycmzgyibiurq.supabase.co/storage/v1/object/public/crsnimages/catalogo/9627b714-8944-4ef9-9bf1-21d70a2f1574.jpg,67127,31908,blanco,ok,
37583,BIOTALOL 10 MG X 30 COMPRIMIDOS RECUBIERTOS,https://mav.farmaciasaas.com/api/images/articulos/DISTRIBUCION/98614.jpg,https://fqeshthtycmzgyibiurq.supabase.co/storage/v1/object/public/crsnimages/catalogo/195d2be2-324a-4c32-adb2-a45cc80f6fcc.jpg,63955,27153,blanco,ok,
37582,BIOTALOL 1.25 MG X 30 COMPRIMIDOS RECUBIERTOS,https://mav.farmaciasaas.com/api/images/articulos/DISTRIBUCION/26929.jpg,https://fqeshthtycmzgyibiurq.supabase.co/storage/v1/object/public/crsnimages/catalogo/6066162f-d200-4015-9114-a4dbda4bf1c5.jpg,65188,31127,blanco,ok,
37584,BIPRIN 300 MG X 10 CAPSULAS BLANDAS,https://mav.farmaciasaas.com/api/images/articulos/DISTRIBUCION/9940.jpg,https://fqeshthtycmzgyibiurq.supabase.co/storage/v1/object/public/crsnimages/catalogo/45a29604-3ee6-4ab3-a3f3-f1d01b9a7ab5.jpg,43936,17223,blanco,ok,
37585,BIPROLIL HCT 5 MG - 6.25 MG X 30 COMPRIMIDOS RECUBIERTOS,https://mav.farmaciasaas.com/api/images/articulos/DISTRIBUCION/54525.jpg,https://fqeshthtycmzgyibiurq.supabase.co/storage/v1/object/public/crsnimages/catalogo/3e85029f-7725-4002-ba7b-2cd576587e7c.jpg,15775,8753,blanco,ok,
37588,BISOBLOC H 5 MG - 6.25 MG TABLETAS RECUBIERTAS,https://mav.farmaciasaas.com/api/images/articulos/DISTRIBUCION/19057.jpg,https://fqeshthtycmzgyibiurq.supabase.co/storage/v1/object/public/crsnimages/catalogo/a7eda19e-2a8b-4d67-9b30-dfc173d830a9.jpg,48425,19619,blanco,ok,
37589,BISOPROLOL FUMARATO 5 MG X 30 TABLETAS RECUBIERTAS,https://mav.farmaciasaas.com/api/images/articulos/DISTRIBUCION/97001.jpg,https://fqeshthtycmzgyibiurq.supabase.co/storage/v1/object/public/crsnimages/catalogo/36b8a0b5-75e7-4492-a694-b0a5cef901ce.jpg,26156,17223,blanco,ok,
37590,BISOPROLOL FUMARATO 2.5 MG X 30 COMPRIMIDOS RECUBIERTOS,https://mav.farmaciasaas.com/api/images/articulos/DISTRIBUCION/98667.jpg,https://fqeshthtycmzgyibiurq.supabase.co/storage/v1/object/public/crsnimages/catalogo/e7369f49-ec69-48f0-adad-a466c875fc0b.jpg,68406,34961,blanco,ok,
37593,BISOPROLOL FUMARATO 10 MG X 30 TABLETAS RECUBIERTAS,https://mav.farmaciasaas.com/api/images/articulos/DISTRIBUCION/53140.jpg,https://fqeshthtycmzgyibiurq.supabase.co/storage/v1/object/public/crsnimages/catalogo/865e6cde-300d-40bf-b663-27139b452bc7.jpg,25730,16844,blanco,ok,
37596,BLOCAX PLUS 16 MG - 12.5 MG X 10 TABLETAS,https://mav.farmaciasaas.com/api/images/articulos/DISTRIBUCION/99775.jpg,https://fqeshthtycmzgyibiurq.supabase.co/storage/v1/object/public/crsnimages/catalogo/6df3cae9-8753-421d-bd1c-f33bb73c8164.jpg,186600,37534,blanco,ok,
37597,BLOCAX PLUS 16 MG - 12.5 MG X 30 TABLETAS,https://mav.farmaciasaas.com/api/images/articulos/DISTRIBUCION/19969.jpg,https://fqeshthtycmzgyibiurq.supabase.co/storage/v1/object/public/crsnimages/catalogo/76d1a7bb-fb37-4cd2-95c1-fd1c2d3e823f.jpg,206313,40401,blanco,ok,
37598,BLOCAX 8 MG X 10 TABLETAS,https://mav.farmaciasaas.com/api/images/articulos/DISTRIBUCION/13408.jpg,https://fqeshthtycmzgyibiurq.supabase.co/storage/v1/object/public/crsnimages/catalogo/a5e2fa6c-2843-4bcb-b3ce-b4da672c0829.jpg,203521,40720,blanco,ok,
37599,BLOCAX 8 MG X 30 TABLETAS,https://mav.farmaciasaas.com/api/images/articulos/DISTRIBUCION/15065.jpg,https://fqeshthtycmzgyibiurq.supabase.co/storage/v1/object/public/crsnimages/catalogo/67d53c09-2b6d-496a-a1b9-e2192e7f21de.jpg,188626,37643,blanco,ok,
37602,BRASARTAN CTDN 80 MG - 12.5 MG X 10 TABLETAS RECUBIERTAS,https://pccentro.net.ve/img/s/2/3/8/4/3/23843-large_default.webp,,0,0,blanco,error,HTTP 404
37600,BLOKIUM 100 MG X 30 COMPRIMIDOS,https://mav.farmaciasaas.com/api/images/articulos/DISTRIBUCION/4312.jpg,https://fqeshthtycmzgyibiurq.supabase.co/storage/v1/object/public/crsnimages/catalogo/3f3a036e-1315-453b-bd6c-1d14a5d8c50f.jpg,99299,31234,blanco,ok,
37601,BRASARTAN 80 MG X 30 TABLETAS RECUBIERTAS,https://mav.farmaciasaas.com/api/images/articulos/DISTRIBUCION/19231.jpg,https://fqeshthtycmzgyibiurq.supabase.co/storage/v1/object/public/crsnimages/catalogo/2aaf0a80-b726-4b73-9fe5-d25c487eb53f.jpg,51739,21616,blanco,ok,
37603,BRASARTAN CTDN 80 MG - 12.5 MG X 30 TABLETAS RECUBIERTAS,https://mav.farmaciasaas.com/api/images/articulos/DISTRIBUCION/22884.jpg,https://fqeshthtycmzgyibiurq.supabase.co/storage/v1/object/public/crsnimages/catalogo/58905fb1-8ba0-40e1-a8c2-a52d2b9dd6d4.jpg,62780,28427,blanco,ok,
37606,BRESIS 600 MG X 20 COMPRIMIDOS RECUBIERTOS,https://mav.farmaciasaas.com/api/images/articulos/DISTRIBUCION/54187.jpg,https://fqeshthtycmzgyibiurq.supabase.co/storage/v1/object/public/crsnimages/catalogo/edd0783b-71ba-4540-ac89-158f7712345d.jpg,58704,26903,blanco,ok,
37607,BRESIS 600 MG X 30 COMPRIMIDOS RECUBIERTOS,https://mav.farmaciasaas.com/api/images/articulos/DISTRIBUCION/53310.jpg,https://fqeshthtycmzgyibiurq.supabase.co/storage/v1/object/public/crsnimages/catalogo/ec308768-f214-4921-bbe5-1b9db43046dd.jpg,53547,24591,blanco,ok,
37608,BREXIN 100 MG / ML SOLUCION ORAL,https://mav.farmaciasaas.com/api/images/articulos/DISTRIBUCION/4861.jpg,https://fqeshthtycmzgyibiurq.supabase.co/storage/v1/object/public/crsnimages/catalogo/153721f7-cc4f-4750-9a9f-f1380005745d.jpg,78776,37112,blanco,ok,
37605,BREINOX 800 MG X 30 TABLETAS,https://mav.farmaciasaas.com/api/images/articulos/DISTRIBUCION/4274.jpg,https://fqeshthtycmzgyibiurq.supabase.co/storage/v1/object/public/crsnimages/catalogo/3bb3284d-5792-403c-910c-bb494a1a34e7.jpg,86305,40951,blanco,ok,
37609,BROFLEMA 8 MG / 5 ML SOLUCION ORAL,https://mav.farmaciasaas.com/api/images/articulos/DISTRIBUCION/94046.jpg,https://fqeshthtycmzgyibiurq.supabase.co/storage/v1/object/public/crsnimages/catalogo/c1eb8e2e-d0b6-4185-b2ce-1ed79f8e735e.jpg,141416,23838,blanco,ok,
37610,BROFLEMA 4 MG - 5 ML JARABE,https://mav.farmaciasaas.com/api/images/articulos/DISTRIBUCION/52164.jpg,https://fqeshthtycmzgyibiurq.supabase.co/storage/v1/object/public/crsnimages/catalogo/3554f41c-d95e-4ecb-8e62-ad42199fac9d.jpg,128217,23432,blanco,ok,
37611,BROLAT 5 MG - 30 MG X 10 TABLETAS,https://mav.farmaciasaas.com/api/images/articulos/DISTRIBUCION/98629.jpg,https://fqeshthtycmzgyibiurq.supabase.co/storage/v1/object/public/crsnimages/catalogo/29d0269d-f3e1-4979-8b37-7cabe6237908.jpg,75415,37946,blanco,ok,
37612,BROMAZEPAM 3 MG X 30 COMPRIMIDOS,https://mav.farmaciasaas.com/api/images/articulos/DISTRIBUCION/1301.jpg,https://fqeshthtycmzgyibiurq.supabase.co/storage/v1/object/public/crsnimages/catalogo/868b8d39-b3f9-41b0-9b07-e3b0e69f535b.jpg,45279,17947,blanco,ok,
37613,BROMAZEPAM 6 MG X 30 COMPRIMIDOS,https://mav.farmaciasaas.com/api/images/articulos/DISTRIBUCION/1302.jpg,https://fqeshthtycmzgyibiurq.supabase.co/storage/v1/object/public/crsnimages/catalogo/e1276ba9-1bf8-460a-a8a7-3ccf3a37d497.jpg,47134,19203,blanco,ok,
37618,BROMURO DE IPRATROPIO 20 MCG / DOSIS SOLUCION PARA INHALACION ORAL,https://pccentro.net.ve/img/s/8/0/3/3/1/80331-large_default.webp,https://fqeshthtycmzgyibiurq.supabase.co/storage/v1/object/public/crsnimages/catalogo/d8c90559-6ba3-4c74-b67d-d0c46eb62a4b.jpg,28652,19639,blanco,ok,
37619,BRUDOL 200 MG - 65 MG X 20 COMPRIMIDOS RECUBIERTOS,https://mav.farmaciasaas.com/api/images/articulos/DISTRIBUCION/16419.jpg,https://fqeshthtycmzgyibiurq.supabase.co/storage/v1/object/public/crsnimages/catalogo/9f9dd859-6590-41dd-9c65-f7e610e958c6.jpg,57406,26026,blanco,ok,
37620,BRUDOL 400 MG - 65 MG X 20 COMPRIMIDOS RECUBIERTOS,https://mav.farmaciasaas.com/api/images/articulos/DISTRIBUCION/16420.jpg,https://fqeshthtycmzgyibiurq.supabase.co/storage/v1/object/public/crsnimages/catalogo/b351688f-38d0-40a8-b435-ed8363b2ef74.jpg,41750,16051,blanco,ok,
37621,BRUGESIC 400 MG X 10 COMPRIMIDOS,https://mav.farmaciasaas.com/api/images/articulos/DISTRIBUCION/22102.jpg,https://fqeshthtycmzgyibiurq.supabase.co/storage/v1/object/public/crsnimages/catalogo/c28627a4-cedf-4a31-bd7b-69b70101279d.jpg,37749,13238,blanco,ok,
37622,BRUGESIC FORTE 200 MG / 5 ML X 10 SUSPENSION ORAL,https://pccentro.net.ve/img/s/1/9/4/2/2/19422-large_default.webp,https://fqeshthtycmzgyibiurq.supabase.co/storage/v1/object/public/crsnimages/catalogo/6f57d29a-0969-4b58-930f-debd0d3eb8e0.jpg,25088,36115,blanco,ok,
37623,BRUGESIC FORTE 800 MG X 10 COMPRIMIDOS,https://mav.farmaciasaas.com/api/images/articulos/DISTRIBUCION/27805.jpg,https://fqeshthtycmzgyibiurq.supabase.co/storage/v1/object/public/crsnimages/catalogo/e8b018cc-fb04-4f88-b4ee-3b723f99bc1e.jpg,41334,15172,blanco,ok,
37625,BUCOXOLGAR 3 MG - 1 MG X 12 TABLETAS MASTICABLES SABOR A MIEL LIMON,https://mav.farmaciasaas.com/api/images/articulos/DISTRIBUCION/19870.jpg,https://fqeshthtycmzgyibiurq.supabase.co/storage/v1/object/public/crsnimages/catalogo/b82ff707-9e05-4cb5-937a-9a3429c37c31.jpg,237027,39994,blanco,ok,
37627,BUDEQUIT 1 MG / ML SUSPENSION PARA INHALACION ORAL,https://mav.farmaciasaas.com/api/images/articulos/DISTRIBUCION/54403.jpg,https://fqeshthtycmzgyibiurq.supabase.co/storage/v1/object/public/crsnimages/catalogo/fe421b4d-e65d-4833-ac50-cc55db1d2a4c.jpg,107298,25731,blanco,ok,
37626,BUDECORT 1 MG / ML SUSPENSION PARA INHALAR,https://mav.farmaciasaas.com/api/images/articulos/DISTRIBUCION/30268.jpg,https://fqeshthtycmzgyibiurq.supabase.co/storage/v1/object/public/crsnimages/catalogo/09e29bee-cded-47d9-a63b-9f1eddd2b7c4.jpg,97766,35735,blanco,ok,
37628,BUMELEX 0.5 MG / 2 ML X 3 AMPOLLAS,https://mav.farmaciasaas.com/api/images/articulos/DISTRIBUCION/6678.jpg,https://fqeshthtycmzgyibiurq.supabase.co/storage/v1/object/public/crsnimages/catalogo/666e70d9-fa2b-4ec3-bc8a-7ff767d87d9f.jpg,89372,44128,blanco,ok,
37630,BUMELEX 1 MG X 16 COMPRIMIDOS,https://mav.farmaciasaas.com/api/images/articulos/DISTRIBUCION/1999.jpg,https://fqeshthtycmzgyibiurq.supabase.co/storage/v1/object/public/crsnimages/catalogo/9d459e08-76ae-4cd8-8ed9-895fe4e4e773.jpg,81983,38017,blanco,ok,
37629,BUMELEX 1 MG X 30 COMPRIMIDOS,https://mav.farmaciasaas.com/api/images/articulos/DISTRIBUCION/50048.jpg,https://fqeshthtycmzgyibiurq.supabase.co/storage/v1/object/public/crsnimages/catalogo/0274139d-feb7-4215-8511-e187240363f8.jpg,51495,21728,blanco,ok,
37631,BUMETIN RETARD 300 MG X 20 TABLETAS DE LIBERACION PROLONGADA,https://mav.farmaciasaas.com/api/images/articulos/DISTRIBUCION/8304.jpg,https://fqeshthtycmzgyibiurq.supabase.co/storage/v1/object/public/crsnimages/catalogo/58fb0174-e767-4c0f-8040-c8f1b7b08d3d.jpg,71113,32857,blanco,ok,
37633,BUTAL 8 MG X 20 TABLETAS RECUBIERTAS,https://mav.farmaciasaas.com/api/images/articulos/DISTRIBUCION/52802.jpg,https://fqeshthtycmzgyibiurq.supabase.co/storage/v1/object/public/crsnimages/catalogo/0494fcf1-4329-4c5f-87a9-445f224d1c85.jpg,58068,26433,blanco,ok,
37635,BUTILAMINA COMPUESTA 10 MG - 250 MG X 20 TABLETAS RECUBIERTAS,https://pccentro.net.ve/img/s/7/8/7/1/6/78716-large_default.webp,https://fqeshthtycmzgyibiurq.supabase.co/storage/v1/object/public/crsnimages/catalogo/f116afa8-151b-4470-b8ca-d21cacd5deec.jpg,59310,31180,blanco,ok,
37636,CABERTRIX 0.5 MG X 4 COMPRIMIDOS,https://mav.farmaciasaas.com/api/images/articulos/DISTRIBUCION/29371.jpg,https://fqeshthtycmzgyibiurq.supabase.co/storage/v1/object/public/crsnimages/catalogo/cb80a44c-0246-41c4-92b9-e678ef505bd6.jpg,73111,35533,blanco,ok,
37641,CALCITREX D3 950 MG - 200 UI X 30 TABLETAS,https://mav.farmaciasaas.com/api/images/articulos/DISTRIBUCION/5529.jpg,https://fqeshthtycmzgyibiurq.supabase.co/storage/v1/object/public/crsnimages/catalogo/bada3cb2-6bfb-4c90-81ab-439b9804a1ee.jpg,89177,35390,blanco,ok,
37642,CALMOX 15 MG X 10 TABLETAS,https://mav.farmaciasaas.com/api/images/articulos/DISTRIBUCION/644.jpg,https://fqeshthtycmzgyibiurq.supabase.co/storage/v1/object/public/crsnimages/catalogo/0369966a-8788-4541-a650-d050a6d20a9d.jpg,62520,25194,blanco,ok,
37643,CALMOX 15 MG X 20 TABLETAS,https://mav.farmaciasaas.com/api/images/articulos/DISTRIBUCION/24411.jpg,https://fqeshthtycmzgyibiurq.supabase.co/storage/v1/object/public/crsnimages/catalogo/6e7f6391-35fe-4b61-aa9b-c32aa7e58b3a.jpg,62522,25194,blanco,ok,
37644,CALMOX 7.5 MG X 10 TABLETAS,https://mav.farmaciasaas.com/api/images/articulos/DISTRIBUCION/643.jpg,https://fqeshthtycmzgyibiurq.supabase.co/storage/v1/object/public/crsnimages/catalogo/f09c4c7c-5c4f-45bc-8598-f4be905ba5b9.jpg,62520,25194,blanco,ok,
37645,CALOXPIRINA 81 MG X 30 TABLETAS ENTERICAS,https://mav.farmaciasaas.com/api/images/articulos/DISTRIBUCION/92195.jpg,https://fqeshthtycmzgyibiurq.supabase.co/storage/v1/object/public/crsnimages/catalogo/6891d313-1f5d-487a-8763-68f31b1a6da5.jpg,80072,41781,blanco,ok,
37646,CALOXPIRINA 81 MG X 100 TABLETAS ENTERICAS,https://mav.farmaciasaas.com/api/images/articulos/DISTRIBUCION/29545.jpg,https://fqeshthtycmzgyibiurq.supabase.co/storage/v1/object/public/crsnimages/catalogo/4228227f-f2de-4fac-beeb-3cf1d9284c2f.jpg,86469,43546,blanco,ok,
37647,CAMPAL 1 % GEL,https://mav.farmaciasaas.com/api/images/articulos/DISTRIBUCION/53178.jpg,https://fqeshthtycmzgyibiurq.supabase.co/storage/v1/object/public/crsnimages/catalogo/88d6ac31-135c-4e18-aa98-b57584a7098e.jpg,64754,31877,blanco,ok,
37649,CANDER HCT 16 MG - 12.5 MG X 30 TABLETAS,https://mav.farmaciasaas.com/api/images/articulos/DISTRIBUCION/99153.jpg,https://fqeshthtycmzgyibiurq.supabase.co/storage/v1/object/public/crsnimages/catalogo/50789635-a61b-4cf9-8e7c-ca78719badb3.jpg,57183,25453,blanco,ok,
37651,CANDER 32 MG X 30 TABLETAS,https://mav.farmaciasaas.com/api/images/articulos/DISTRIBUCION/14972.jpg,https://fqeshthtycmzgyibiurq.supabase.co/storage/v1/object/public/crsnimages/catalogo/dd8a009f-e90a-4f30-ae46-33a31aa05d63.jpg,183212,28471,blanco,ok,
37654,CANDER 8 MG X 30 TABLETAS,https://pccentro.net.ve/img/s/2/4/0/1/6/24016-large_default.webp,https://fqeshthtycmzgyibiurq.supabase.co/storage/v1/object/public/crsnimages/catalogo/74b99a83-c642-4b39-bcf5-2ac2d5e3fd1f.jpg,12922,22192,blanco,ok,
37653,CANDER 8 MG X 10 TABLETAS,https://mav.farmaciasaas.com/api/images/articulos/DISTRIBUCION/50515.jpg,https://fqeshthtycmzgyibiurq.supabase.co/storage/v1/object/public/crsnimages/catalogo/94e57841-3f22-4ad8-a509-7fc79a5c0ada.jpg,178674,29104,blanco,ok,
37656,CANDESARTAN CILEXETILO 16 MG X 10 COMPRIMIDOS,https://mav.farmaciasaas.com/api/images/articulos/DISTRIBUCION/53047.jpg,https://fqeshthtycmzgyibiurq.supabase.co/storage/v1/object/public/crsnimages/catalogo/d1ee3ba2-b5cc-44b7-80f4-10fb9c6dd052.jpg,62219,30285,blanco,ok,
37657,CANDESARTAN 8 MG X 10 COMPRIMIDOS,https://mav.farmaciasaas.com/api/images/articulos/DISTRIBUCION/51789.jpg,https://fqeshthtycmzgyibiurq.supabase.co/storage/v1/object/public/crsnimages/catalogo/0860953f-b6f7-4aee-8bed-75ab6ffd416c.jpg,59175,28784,blanco,ok,
37652,CANDER 32 MG X 15 TABLETAS,https://mav.farmaciasaas.com/api/images/articulos/DISTRIBUCION/51481.jpg,https://fqeshthtycmzgyibiurq.supabase.co/storage/v1/object/public/crsnimages/catalogo/b56a8f91-da44-443c-9776-6dd1733a7bd5.jpg,182236,29628,blanco,ok,
37658,CANDESARTAN 8 MG X 30 COMPRIMIDOS,https://mav.farmaciasaas.com/api/images/articulos/DISTRIBUCION/14216.jpg,https://fqeshthtycmzgyibiurq.supabase.co/storage/v1/object/public/crsnimages/catalogo/df0353e7-bafc-4a4d-8a56-bda8e647be40.jpg,60351,29004,blanco,ok,
37659,CANDESARTAN CILEXETIL 16 MG X 28 TABLETAS,https://mav.farmaciasaas.com/api/images/articulos/DISTRIBUCION/50190.jpg,https://fqeshthtycmzgyibiurq.supabase.co/storage/v1/object/public/crsnimages/catalogo/a437e71c-b4d5-468f-a7a6-a861508980c5.jpg,2165113,37981,blanco,ok,
37663,CANDESARTAN 8 MG X 30 TABLETAS,https://mav.farmaciasaas.com/api/images/articulos/DISTRIBUCION/23944.jpg,https://fqeshthtycmzgyibiurq.supabase.co/storage/v1/object/public/crsnimages/catalogo/bdd9447d-9c89-4db4-b810-83c81617c616.jpg,77044,36271,blanco,ok,
37661,CANDESARTAN CILEXETIL 16 MG X 30 TABLETAS,https://mav.farmaciasaas.com/api/images/articulos/DISTRIBUCION/50190.jpg,https://fqeshthtycmzgyibiurq.supabase.co/storage/v1/object/public/crsnimages/catalogo/605f88f8-bf85-44fc-8f09-96d746819033.jpg,2165113,37981,blanco,ok,
37664,CANDETIQUE 16 MG X 30 TABLETAS,https://mav.farmaciasaas.com/api/images/articulos/DISTRIBUCION/27011.jpg,https://fqeshthtycmzgyibiurq.supabase.co/storage/v1/object/public/crsnimages/catalogo/320bf69a-d30f-490b-a1c8-ae9cd1dba991.jpg,56009,25709,blanco,ok,
37660,CANDESARTAN CILEXETIL 16 MG X 10 TABLETAS,https://mav.farmaciasaas.com/api/images/articulos/DISTRIBUCION/50190.jpg,https://fqeshthtycmzgyibiurq.supabase.co/storage/v1/object/public/crsnimages/catalogo/22d275b3-9528-468e-b893-f7a21115144d.jpg,2165113,37981,blanco,ok,
37666,CANTIP 16 MG X 30 COMPRIMIDOS,https://mav.farmaciasaas.com/api/images/articulos/DISTRIBUCION/29751.jpg,https://fqeshthtycmzgyibiurq.supabase.co/storage/v1/object/public/crsnimages/catalogo/88061eef-b8d0-4f6f-999e-d3f9961ba9f6.jpg,53128,21661,blanco,ok,
37662,CANDESARTAN CILEXETIL 8 MG X 28 TABLETAS,https://mav.farmaciasaas.com/api/images/articulos/DISTRIBUCION/94869.jpg,https://fqeshthtycmzgyibiurq.supabase.co/storage/v1/object/public/crsnimages/catalogo/4c9b2429-4c2d-4661-892b-59d569c87828.jpg,1971403,37641,blanco,ok,
37667,CANTIP 8 MG X 30 COMPRIMIDOS,https://pccentro.net.ve/img/s/6/8/9/0/5/68905-large_default.webp,https://fqeshthtycmzgyibiurq.supabase.co/storage/v1/object/public/crsnimages/catalogo/5e8f9e01-5318-46c0-aad0-392cda3cbdce.jpg,14552,30095,blanco,ok,
37669,CAPTOPRIL 25 MG X 30 COMPRIMIDOS,https://mav.farmaciasaas.com/api/images/articulos/DISTRIBUCION/97972.jpg,https://fqeshthtycmzgyibiurq.supabase.co/storage/v1/object/public/crsnimages/catalogo/c6d65385-f606-4647-a156-7101a7ba87b3.jpg,55100,25300,blanco,ok,
37672,CAPTOPRIL 25 MG X 30 TABLETAS,https://mav.farmaciasaas.com/api/images/articulos/DISTRIBUCION/99739.jpg,https://fqeshthtycmzgyibiurq.supabase.co/storage/v1/object/public/crsnimages/catalogo/b4e16577-184d-4722-95a2-844dc80619c6.jpg,24203,15705,blanco,ok,
37673,CAPTOPRIL 50 MG X 30 TABLETAS,https://mav.farmaciasaas.com/api/images/articulos/DISTRIBUCION/99741.jpg,https://fqeshthtycmzgyibiurq.supabase.co/storage/v1/object/public/crsnimages/catalogo/109516e1-4197-4369-aa13-4beb8a98ee64.jpg,24239,15728,blanco,ok,
37674,CARBAMAZEPINA 200 MG X 30 COMPRIMIDOS,https://mav.farmaciasaas.com/api/images/articulos/DISTRIBUCION/99338.jpg,https://fqeshthtycmzgyibiurq.supabase.co/storage/v1/object/public/crsnimages/catalogo/12757681-4636-4402-ac68-bbd7a0a9ecc5.jpg,59574,28911,blanco,ok,
37675,CARBAMAZEPINA 200 MG X 30 COMPRIMIDOS,https://mav.farmaciasaas.com/api/images/articulos/DISTRIBUCION/51392.jpg,https://fqeshthtycmzgyibiurq.supabase.co/storage/v1/object/public/crsnimages/catalogo/ac94c120-eb22-472e-8160-4d8507431ef7.jpg,249929,35715,blanco,ok,
37681,CARBATIL 12.5 MG X 30 TABLETAS,https://mav.farmaciasaas.com/api/images/articulos/DISTRIBUCION/6143.jpg,https://fqeshthtycmzgyibiurq.supabase.co/storage/v1/object/public/crsnimages/catalogo/519665f8-b34c-4717-a071-0014dbafc291.jpg,179375,35633,blanco,ok,
37683,CARBATIL 6.25 MG X 30 TABLETAS,https://mav.farmaciasaas.com/api/images/articulos/DISTRIBUCION/6142.jpg,https://fqeshthtycmzgyibiurq.supabase.co/storage/v1/object/public/crsnimages/catalogo/540366c9-fd92-45a7-b00f-32e08882552a.jpg,138053,28823,blanco,ok,
37684,CARBONATO DE LITIO 300 MG X 20 CAPSULAS,https://mav.farmaciasaas.com/api/images/articulos/DISTRIBUCION/4553.jpg,https://fqeshthtycmzgyibiurq.supabase.co/storage/v1/object/public/crsnimages/catalogo/37ba554c-11d9-49ad-bd69-0d4f06e1702c.jpg,155467,31323,blanco,ok,
37686,CARDIPIRINA 80 MG X 30 CAPSULAS CON MICROGRANULOS CON CUBIERTA ENTERICA,https://mav.farmaciasaas.com/api/images/articulos/DISTRIBUCION/4758.jpg,https://fqeshthtycmzgyibiurq.supabase.co/storage/v1/object/public/crsnimages/catalogo/fe936a11-c66e-46d0-8df0-1fc21bda8437.jpg,62932,30475,blanco,ok,
37687,CARIBAN 10 MG-10 MG X 30 COMPRIMIDOS ENTERICOS,https://mav.farmaciasaas.com/api/images/articulos/DISTRIBUCION/99559.jpg,https://fqeshthtycmzgyibiurq.supabase.co/storage/v1/object/public/crsnimages/catalogo/4a738102-58d6-454d-8917-a12f3baf72ed.jpg,58130,27043,blanco,ok,
37688,CARNISIN 1 G / 10 ML SOLUCION ORAL LIBRE DE AZUCAR,https://mav.farmaciasaas.com/api/images/articulos/DISTRIBUCION/50337.jpg,https://fqeshthtycmzgyibiurq.supabase.co/storage/v1/object/public/crsnimages/catalogo/9daae648-d590-4a6a-b8a9-bafa1ca75eb8.jpg,119024,62290,blanco,ok,
37689,CARVEDIL 12.5 MG X 30 TABLETAS RECUBIERTAS,https://mav.farmaciasaas.com/api/images/articulos/DISTRIBUCION/94090.jpg,https://fqeshthtycmzgyibiurq.supabase.co/storage/v1/object/public/crsnimages/catalogo/577df116-b177-46cc-a406-bcfed8f323a1.jpg,43504,17370,blanco,ok,
37690,CARVEDIL 6.25 MG X 30 TABLETAS RECUBIERTAS,https://pccentro.net.ve/img/s/5/6/2/6/1/56261-large_default.webp,https://fqeshthtycmzgyibiurq.supabase.co/storage/v1/object/public/crsnimages/catalogo/24208e39-36e5-4acd-b4dc-422864092afd.jpg,26446,52095,blanco,ok,
37691,CARVEDILOL 12.5 MG X 30 COMPRIMIDOS,https://mav.farmaciasaas.com/api/images/articulos/DISTRIBUCION/99061.jpg,https://fqeshthtycmzgyibiurq.supabase.co/storage/v1/object/public/crsnimages/catalogo/d51d0fff-b58b-4e16-aea0-bba30c1142bc.jpg,23792,16105,blanco,ok,
37697,CARVEDILOL 25 MG X 30 COMPRIMIDOS,https://pccentro.net.ve/img/s/4/0/4/7/4/40474-large_default.webp,https://fqeshthtycmzgyibiurq.supabase.co/storage/v1/object/public/crsnimages/catalogo/fe03d4ac-7e91-432d-8f47-fc95656dc9c6.jpg,7850,20527,blanco,ok,
37699,CARVEDILOL 6.25 MG X 30 TABLETAS RECUBIERTAS,https://mav.farmaciasaas.com/api/images/articulos/DISTRIBUCION/54223.jpg,https://fqeshthtycmzgyibiurq.supabase.co/storage/v1/object/public/crsnimages/catalogo/3dbecf18-0d0b-4094-8e8a-568d49a00b34.jpg,62780,17690,blanco,ok,
37700,CARVEDILOL 6.25 MG X 20 TABLETAS RECUBIERTAS,https://mav.farmaciasaas.com/api/images/articulos/DISTRIBUCION/9486.jpg,https://fqeshthtycmzgyibiurq.supabase.co/storage/v1/object/public/crsnimages/catalogo/a3edb310-b943-479d-90be-41c2bee67e83.jpg,50965,21602,blanco,ok,
37701,CARVEDILOL 25 MG X 14 TABLETAS RECUBIERTAS,https://pccentro.net.ve/img/s/8/3/8/7/1/83871-large_default.webp,https://fqeshthtycmzgyibiurq.supabase.co/storage/v1/object/public/crsnimages/catalogo/08dc23a4-6f78-4789-827a-d81100e241c6.jpg,40548,28189,blanco,ok,
37702,CARVEDILOL 25 MG X 28 TABLETAS RECUBIERTAS,https://mav.farmaciasaas.com/api/images/articulos/DISTRIBUCION/30061.jpg,https://fqeshthtycmzgyibiurq.supabase.co/storage/v1/object/public/crsnimages/catalogo/61218108-d5ac-4be2-9148-d161df87d317.jpg,25325,16586,blanco,ok,
37706,CEFADROXILO 500 MG X 10 CAPSULAS,https://mav.farmaciasaas.com/api/images/articulos/DISTRIBUCION/22822.jpg,https://fqeshthtycmzgyibiurq.supabase.co/storage/v1/object/public/crsnimages/catalogo/21bc770e-c4c5-4714-b123-eeafcfb2eb65.jpg,60006,29447,blanco,ok,
37703,CEBION 1 G X 10 TABLETAS EFERVESCENTES SABOR A NARANJA,https://mav.farmaciasaas.com/api/images/articulos/DISTRIBUCION/5017.jpg,https://fqeshthtycmzgyibiurq.supabase.co/storage/v1/object/public/crsnimages/catalogo/df0d0c43-0da8-4b0b-a8f4-e79dafe1fa80.jpg,86729,43046,blanco,ok,
37710,CEFALOTINA 1 G X 10 AMPOLLAS,https://mav.farmaciasaas.com/api/images/articulos/DISTRIBUCION/51987.jpg,https://fqeshthtycmzgyibiurq.supabase.co/storage/v1/object/public/crsnimages/catalogo/5cc48a20-7ad4-4802-98ea-16139afebafb.jpg,51842,21088,blanco,ok,
37712,CEFIXIMA 400 MG X 5 CAPSULAS,https://mav.farmaciasaas.com/api/images/articulos/DISTRIBUCION/29896.jpg,https://fqeshthtycmzgyibiurq.supabase.co/storage/v1/object/public/crsnimages/catalogo/2c8e8fff-f25e-4132-8446-ea8bb3fa69d4.jpg,53202,24763,blanco,ok,
37716,CEFONAX 500 MG X 16 CAPSULAS,https://mav.farmaciasaas.com/api/images/articulos/DISTRIBUCION/11648.jpg,https://fqeshthtycmzgyibiurq.supabase.co/storage/v1/object/public/crsnimages/catalogo/02bb730b-ff20-4beb-9973-ca1dae60dc94.jpg,41450,15930,blanco,ok,
37721,CELAY 5 MG / 5 ML SOLUCION ORAL,https://mav.farmaciasaas.com/api/images/articulos/DISTRIBUCION/96253.jpg,https://fqeshthtycmzgyibiurq.supabase.co/storage/v1/object/public/crsnimages/catalogo/dc4f7cab-3929-48eb-9cea-107220b150a0.jpg,21874,14813,blanco,ok,
37723,CELESTREN 0.075 MG X 28 TABLETAS RECUBIERTAS,https://mav.farmaciasaas.com/api/images/articulos/DISTRIBUCION/50668.jpg,https://fqeshthtycmzgyibiurq.supabase.co/storage/v1/object/public/crsnimages/catalogo/3f23fb16-74e3-4642-b91e-27cca20f99e7.jpg,70082,30832,blanco,ok,
37724,CETERIX 5 MG / 5 ML SOLUCION ORAL,https://mav.farmaciasaas.com/api/images/articulos/DISTRIBUCION/53603.jpg,https://fqeshthtycmzgyibiurq.supabase.co/storage/v1/object/public/crsnimages/catalogo/912934ba-cf05-4bc5-9a9e-ed2ba733b013.jpg,59721,26533,blanco,ok,
37725,CETIDEX 5 MG / 5 ML SOLUCION ORAL,https://mav.farmaciasaas.com/api/images/articulos/DISTRIBUCION/54330.jpg,https://fqeshthtycmzgyibiurq.supabase.co/storage/v1/object/public/crsnimages/catalogo/b7bc63d4-aa55-400f-93d9-b94b2ef312b4.jpg,526233,51717,blanco,ok,
37728,CETIRIZINA 10 MG X 10 COMPRIMIDOS RECUBIERTOS,https://mav.farmaciasaas.com/api/images/articulos/DISTRIBUCION/11497.jpg,https://fqeshthtycmzgyibiurq.supabase.co/storage/v1/object/public/crsnimages/catalogo/7983e780-6f2e-4bd0-9586-958e69d41919.jpg,69494,32128,blanco,ok,
37726,CETIRIZINA DICLORHIDRATO 10 MG X 10 TABLETAS RECUBIERTAS,https://mav.farmaciasaas.com/api/images/articulos/DISTRIBUCION/1505.jpg,https://fqeshthtycmzgyibiurq.supabase.co/storage/v1/object/public/crsnimages/catalogo/74010e60-4e52-4fe8-90fb-d7423a116d5f.jpg,21606,13221,blanco,ok,
37729,CETIRIZINA 1 MG / ML SOLUCION ORAL,https://mav.farmaciasaas.com/api/images/articulos/DISTRIBUCION/7587.jpg,https://fqeshthtycmzgyibiurq.supabase.co/storage/v1/object/public/crsnimages/catalogo/7e6bb275-9beb-4903-92db-5161ce2c6d2c.jpg,71372,32854,blanco,ok,
37732,CETRAL 10 MG / ML SOLUCION ORAL,https://mav.farmaciasaas.com/api/images/articulos/DISTRIBUCION/645.jpg,https://fqeshthtycmzgyibiurq.supabase.co/storage/v1/object/public/crsnimages/catalogo/649f1364-ca86-4180-a50b-b03dda24cac6.jpg,56929,23311,blanco,ok,
37733,CETRAL 10 MG X 10 TABLETAS,https://mav.farmaciasaas.com/api/images/articulos/DISTRIBUCION/626.jpg,https://fqeshthtycmzgyibiurq.supabase.co/storage/v1/object/public/crsnimages/catalogo/86023c16-0b2b-4b49-a9b7-46721b976125.jpg,48435,20284,blanco,ok,
37731,CETRAL D 5 MG - 60 MG / 5 ML SOLUCION ORAL,https://mav.farmaciasaas.com/api/images/articulos/DISTRIBUCION/91326.jpg,https://fqeshthtycmzgyibiurq.supabase.co/storage/v1/object/public/crsnimages/catalogo/63f09991-47cd-41fc-bf0b-c7d345b1bc22.jpg,68266,33155,blanco,ok,
37736,CIALIS 20 MG X 1 COMPRIMIDO RECUBIERTO,https://mav.farmaciasaas.com/api/images/articulos/DISTRIBUCION/3344.jpg,https://fqeshthtycmzgyibiurq.supabase.co/storage/v1/object/public/crsnimages/catalogo/3f36b93e-e7af-4eb5-b30c-ab449feb99a9.jpg,68216,30625,blanco,ok,
37737,CIATAL 500 MG / 2 ML X 1 AMPOLLA,https://mav.farmaciasaas.com/api/images/articulos/DISTRIBUCION/51327.jpg,https://fqeshthtycmzgyibiurq.supabase.co/storage/v1/object/public/crsnimages/catalogo/a4be28e9-946c-4213-8ad5-df10f242dba5.jpg,55307,23401,blanco,ok,
37738,CIATAL 500 MG / 2 ML X 9 AMPOLLAS,https://mav.farmaciasaas.com/api/images/articulos/DISTRIBUCION/25233.jpg,https://fqeshthtycmzgyibiurq.supabase.co/storage/v1/object/public/crsnimages/catalogo/be1c589b-8c2f-4f34-b63b-52e90b44101f.jpg,53829,22602,blanco,ok,
37739,CICLOFTAL1 % SOLUCION OFTALMICA,https://mav.farmaciasaas.com/api/images/articulos/DISTRIBUCION/9675.jpg,https://fqeshthtycmzgyibiurq.supabase.co/storage/v1/object/public/crsnimages/catalogo/c65fd195-c73f-4a56-a95b-059afa91eebd.jpg,85943,31051,blanco,ok,
37740,CICLOKAN 500 MG / 5 ML X 1 AMPOLLA,https://mav.farmaciasaas.com/api/images/articulos/DISTRIBUCION/94107.jpg,https://fqeshthtycmzgyibiurq.supabase.co/storage/v1/object/public/crsnimages/catalogo/fd9990da-8459-4002-992c-f524564db215.jpg,49881,21630,blanco,ok,
37741,CICLOKAN 500 MG X 21 COMPRIMIDOS RECUBIERTOS,https://mav.farmaciasaas.com/api/images/articulos/DISTRIBUCION/16882.jpg,https://fqeshthtycmzgyibiurq.supabase.co/storage/v1/object/public/crsnimages/catalogo/36b966cd-e9ae-45f0-8e8b-d7a4a855f7b2.jpg,47364,19215,blanco,ok,
37746,CINAREN 75 MG X 20 CAPSULAS,https://mav.farmaciasaas.com/api/images/articulos/DISTRIBUCION/7434.jpg,https://fqeshthtycmzgyibiurq.supabase.co/storage/v1/object/public/crsnimages/catalogo/8263a9aa-5a3c-42c7-a162-f55075f0fd53.jpg,50864,21626,blanco,ok,
37743,CIFARCAINA AL 1 % SOLUCION INYECTABLE,https://mav.farmaciasaas.com/api/images/articulos/DISTRIBUCION/836.jpg,https://fqeshthtycmzgyibiurq.supabase.co/storage/v1/object/public/crsnimages/catalogo/52338877-e6b4-41b9-a84b-1fe9439b9538.jpg,59937,27994,blanco,ok,
37747,CINAREN 25 MG X 30 COMPRIMIDOS,https://mav.farmaciasaas.com/api/images/articulos/DISTRIBUCION/28507.jpg,https://fqeshthtycmzgyibiurq.supabase.co/storage/v1/object/public/crsnimages/catalogo/99657721-1156-48a9-a637-43f2be04100b.jpg,55631,16724,blanco,ok,
37750,CIPROFLOX 500 MG X 12 TABLETAS RECUBIERTAS,https://mav.farmaciasaas.com/api/images/articulos/DISTRIBUCION/91927.jpg,https://fqeshthtycmzgyibiurq.supabase.co/storage/v1/object/public/crsnimages/catalogo/dfdaeb9b-a457-450f-8326-74e495843e72.jpg,39234,14200,blanco,ok,
37748,CINNARIZINA 75 MG X 10 CAPSULAS,https://mav.farmaciasaas.com/api/images/articulos/DISTRIBUCION/90809.jpg,https://fqeshthtycmzgyibiurq.supabase.co/storage/v1/object/public/crsnimages/catalogo/7e366fa5-4f23-44ad-9843-be7b1e825781.jpg,24696,16012,blanco,ok,
37757,CIPROFLOXACINA 500 MG X 14 TABLETAS RECUBIERTAS,https://mav.farmaciasaas.com/api/images/articulos/DISTRIBUCION/12057.jpg,https://fqeshthtycmzgyibiurq.supabase.co/storage/v1/object/public/crsnimages/catalogo/8accb4aa-f1ae-4472-aee3-412f297ab358.jpg,73300,36053,blanco,ok,
37762,CIPROFLOXACINO 500 MG X 14 TABLETAS RECUBIERTAS,https://mav.farmaciasaas.com/api/images/articulos/DISTRIBUCION/54467.jpg,https://fqeshthtycmzgyibiurq.supabase.co/storage/v1/object/public/crsnimages/catalogo/95b04993-f513-4704-9e34-bebeee802f46.jpg,29843,20912,blanco,ok,
37764,CITICOLINA 500 MG X 10 TABLETAS RECUBIERTAS,https://mav.farmaciasaas.com/api/images/articulos/DISTRIBUCION/9109.jpg,https://fqeshthtycmzgyibiurq.supabase.co/storage/v1/object/public/crsnimages/catalogo/782f52d8-6dbd-487b-af8d-f94070901e9b.jpg,24871,16222,blanco,ok,
37765,CITICOLINA 500 MG X 30 TABLETAS RECUBIERTAS,https://mav.farmaciasaas.com/api/images/articulos/DISTRIBUCION/22770.jpg,https://fqeshthtycmzgyibiurq.supabase.co/storage/v1/object/public/crsnimages/catalogo/11496d4d-a478-43ef-a236-9cd39c3484fc.jpg,25215,16300,blanco,ok,
37770,CLARITROMICINA 500 MG X 10 TABLETAS RECUBIERTAS,https://mav.farmaciasaas.com/api/images/articulos/DISTRIBUCION/1501.jpg,https://fqeshthtycmzgyibiurq.supabase.co/storage/v1/object/public/crsnimages/catalogo/2f319ad7-b4f3-4250-8acb-9f1ccdfa99b8.jpg,26019,17204,blanco,ok,
37772,CLENBUNAL 0.020 MG X 10 COMPRIMIDOS,https://mav.farmaciasaas.com/api/images/articulos/DISTRIBUCION/7942.jpg,https://fqeshthtycmzgyibiurq.supabase.co/storage/v1/object/public/crsnimages/catalogo/a3b9c7c5-a5ea-4403-b63f-42b3cc698679.jpg,82949,37325,blanco,ok,
37773,CLENBUNAL 0.020 MG X 20 COMPRIMIDOS,https://mav.farmaciasaas.com/api/images/articulos/DISTRIBUCION/5981.jpg,https://fqeshthtycmzgyibiurq.supabase.co/storage/v1/object/public/crsnimages/catalogo/84c6bd40-975d-428a-9870-951aa486bff9.jpg,82509,37166,blanco,ok,
37776,CLENBUTEROL CLORHIDRATO 10 MCG / 5 ML JARABE,https://mav.farmaciasaas.com/api/images/articulos/DISTRIBUCION/54332.jpg,https://fqeshthtycmzgyibiurq.supabase.co/storage/v1/object/public/crsnimages/catalogo/963d787e-f862-47fd-b2fc-a08267a4d4e3.jpg,382653,39991,blanco,ok,
37779,CLENBUNAL 0.01 MG / 5 ML JARABE,https://mav.farmaciasaas.com/api/images/articulos/DISTRIBUCION/7209.jpg,https://fqeshthtycmzgyibiurq.supabase.co/storage/v1/object/public/crsnimages/catalogo/8563a030-d4f4-4729-aede-7c1b66245cec.jpg,54368,23214,blanco,ok,
37780,CLENOSAN 90 MG X 30 COMPRIMIDOS RECUBIERTOS,https://mav.farmaciasaas.com/api/images/articulos/DISTRIBUCION/52057.jpg,https://fqeshthtycmzgyibiurq.supabase.co/storage/v1/object/public/crsnimages/catalogo/af02a4dc-949d-4b94-9632-e872153a6015.jpg,69149,34405,blanco,ok,
37781,CLINAC 1 % - 5 % GEL,https://mav.farmaciasaas.com/api/images/articulos/DISTRIBUCION/14908.jpg,https://fqeshthtycmzgyibiurq.supabase.co/storage/v1/object/public/crsnimages/catalogo/10be4188-6aad-4772-b6a6-cd80228a084c.jpg,66806,32172,blanco,ok,
37785,CLODOXIN 10 MG - 100 MG X 10 COMPRIMIDOS RECUBIERTOS,https://mav.farmaciasaas.com/api/images/articulos/DISTRIBUCION/29066.jpg,https://fqeshthtycmzgyibiurq.supabase.co/storage/v1/object/public/crsnimages/catalogo/a50d409e-8767-4349-9b3e-585107f1c6cf.jpg,493947,49293,blanco,ok,
37782,CLINDAMICINA 600 MG / 4 ML X 1 AMPOLLA,https://mav.farmaciasaas.com/api/images/articulos/DISTRIBUCION/5821.jpg,https://fqeshthtycmzgyibiurq.supabase.co/storage/v1/object/public/crsnimages/catalogo/9dff5c82-d477-4f88-9608-33373dbe6dd4.jpg,115999,36799,blanco,ok,
37786,CLOFEN 100 MG X 10 CAPSULAS DE ACCION PROLONGADA,https://mav.farmaciasaas.com/api/images/articulos/DISTRIBUCION/433.jpg,https://fqeshthtycmzgyibiurq.supabase.co/storage/v1/object/public/crsnimages/catalogo/ef2582e2-9396-4906-a466-5cb5c742a953.jpg,20276,12840,blanco,ok,
37790,CLONATRIL 1 MG X 30 COMPRIMIDOS,https://mav.farmaciasaas.com/api/images/articulos/DISTRIBUCION/20153.jpg,https://fqeshthtycmzgyibiurq.supabase.co/storage/v1/object/public/crsnimages/catalogo/e83f6ddc-bc65-49b6-bc58-bdae107aae12.jpg,63766,27619,blanco,ok,
37789,CLONATRIL 0.5 MG X 30 COMPRIMIDOS,https://pccentro.net.ve/img/s/2/4/1/6/2/24162-large_default.webp,https://fqeshthtycmzgyibiurq.supabase.co/storage/v1/object/public/crsnimages/catalogo/96934edd-9ec7-47be-8f88-5bc06317e640.jpg,11892,21121,blanco,ok,
37791,CLONATRIL 2 MG X 30 COMPRIMIDOS,https://mav.farmaciasaas.com/api/images/articulos/DISTRIBUCION/6642.jpg,https://fqeshthtycmzgyibiurq.supabase.co/storage/v1/object/public/crsnimages/catalogo/1737539c-6a07-4fb0-a481-f5e0ecf0ecd6.jpg,63199,27877,blanco,ok,
37794,CLONIDINA CLORHIDRATO 0.150 MG / ML X 2 AMPOLLAS,https://mav.farmaciasaas.com/api/images/articulos/DISTRIBUCION/2086.jpg,https://fqeshthtycmzgyibiurq.supabase.co/storage/v1/object/public/crsnimages/catalogo/f9e8cc2f-60a0-407d-a490-97c294fa95e0.jpg,209041,32186,blanco,ok,
37796,CLONIPRES 0.150 MG X 20 COMPRIMIDOS,https://mav.farmaciasaas.com/api/images/articulos/DISTRIBUCION/8267.jpg,https://fqeshthtycmzgyibiurq.supabase.co/storage/v1/object/public/crsnimages/catalogo/0ab094d7-f3a2-41f9-b6e3-f6fe275b261a.jpg,58080,26939,blanco,ok,
37797,CLONIPRES 0.150 MG / ML X 3 AMPOLLAS,https://pccentro.net.ve/img/s/7/4/6/6/6/74666-large_default.webp,https://fqeshthtycmzgyibiurq.supabase.co/storage/v1/object/public/crsnimages/catalogo/dc5a2645-eaee-4369-9e34-6d13b188b442.jpg,8794,20664,blanco,ok,
37799,CLONZEP 2 MG X 30 TABLETAS,https://mav.farmaciasaas.com/api/images/articulos/DISTRIBUCION/13115.jpg,https://fqeshthtycmzgyibiurq.supabase.co/storage/v1/object/public/crsnimages/catalogo/a9f6c8e0-32a1-4759-976f-a130f803cbb2.jpg,175579,27558,blanco,ok,
37800,CLOPIDEX 75 MG X 30 TABLETAS RECUBIERTAS,https://mav.farmaciasaas.com/api/images/articulos/DISTRIBUCION/94886.jpg,https://fqeshthtycmzgyibiurq.supabase.co/storage/v1/object/public/crsnimages/catalogo/be061f5d-2c66-43ef-b0c2-4b9aca86fef6.jpg,450130,41975,blanco,ok,
37798,CLONZEP 0.5 MG X 30 TABLETAS,https://mav.farmaciasaas.com/api/images/articulos/DISTRIBUCION/13114.jpg,https://fqeshthtycmzgyibiurq.supabase.co/storage/v1/object/public/crsnimages/catalogo/f27e8b64-0dfd-4114-ab88-ded0b722e255.jpg,176384,28210,blanco,ok,
37801,CLOPIDOGREL 75 MG X 14 COMPRIMIDOS RECUBIERTOS,https://mav.farmaciasaas.com/api/images/articulos/DISTRIBUCION/52340.jpg,https://fqeshthtycmzgyibiurq.supabase.co/storage/v1/object/public/crsnimages/catalogo/03a07a03-e13e-4914-b981-8fe6b8b9a913.jpg,47464,19352,blanco,ok,
37804,CLOPIDOGREL 75 MG X 14 TABLETAS RECUBIERTAS,https://mav.farmaciasaas.com/api/images/articulos/DISTRIBUCION/96822.jpg,https://fqeshthtycmzgyibiurq.supabase.co/storage/v1/object/public/crsnimages/catalogo/217fd827-8a6b-4ef5-a273-a6c77e2d548f.jpg,24311,16026,blanco,ok,
37808,CLOPIVAL 75 MG X 30 TABLETAS RECUBIERTAS,https://mav.farmaciasaas.com/api/images/articulos/DISTRIBUCION/11595.jpg,https://fqeshthtycmzgyibiurq.supabase.co/storage/v1/object/public/crsnimages/catalogo/7658335b-fadf-4a8e-8e77-758e58f0649b.jpg,202204,32476,blanco,ok,
37809,CLOPTAN 75 MG X 30 TABLETAS RECUBIERTAS,https://mav.farmaciasaas.com/api/images/articulos/DISTRIBUCION/20161.jpg,https://fqeshthtycmzgyibiurq.supabase.co/storage/v1/object/public/crsnimages/catalogo/11a99888-1986-4bf4-8859-d3db62bb06f6.jpg,56563,25156,blanco,ok,
37811,CLORACE 500 MG - 4 MG X 20 TABLETAS,https://mav.farmaciasaas.com/api/images/articulos/DISTRIBUCION/97306.jpg,https://fqeshthtycmzgyibiurq.supabase.co/storage/v1/object/public/crsnimages/catalogo/815a2978-99fd-4f3a-8bf4-f47543b5a2e8.jpg,93937,41845,blanco,ok,
37812,CLORACE 500 MG - 4 MG X 10 TABLETAS,https://mav.farmaciasaas.com/api/images/articulos/DISTRIBUCION/9598.jpg,https://fqeshthtycmzgyibiurq.supabase.co/storage/v1/object/public/crsnimages/catalogo/5dfdd939-a32e-451b-8e6a-89be6ea1671a.jpg,91034,47033,blanco,ok,
37813,CLORACOLD 30 MG - 5 MG / 5 ML SOLUCION ORAL,https://mav.farmaciasaas.com/api/images/articulos/DISTRIBUCION/53063.jpg,https://fqeshthtycmzgyibiurq.supabase.co/storage/v1/object/public/crsnimages/catalogo/c67afdc0-1896-4fa1-be5c-d3313a2086a0.jpg,67031,32311,blanco,ok,
37815,DOPALEN 200 MG X 10 CAPSULAS DE LIBERACION PROLONGADA,https://mav.farmaciasaas.com/api/images/articulos/DISTRIBUCION/28633.jpg,https://fqeshthtycmzgyibiurq.supabase.co/storage/v1/object/public/crsnimages/catalogo/6232df9b-fa0e-411a-aa0c-7513f720bd50.jpg,59221,25664,blanco,ok,
37822,CLOTRIMAZOL 10 % CREMA VAGINAL,https://mav.farmaciasaas.com/api/images/articulos/DISTRIBUCION/15301.jpg,https://fqeshthtycmzgyibiurq.supabase.co/storage/v1/object/public/crsnimages/catalogo/20cfc950-0cea-4360-b5af-2ca6e9f1a154.jpg,57165,25396,blanco,ok,
37826,CODEBROMIL PLUS 15 MG - 3 MG / 15 ML JARABE,https://mav.farmaciasaas.com/api/images/articulos/DISTRIBUCION/19724.jpg,https://fqeshthtycmzgyibiurq.supabase.co/storage/v1/object/public/crsnimages/catalogo/afaa0f75-d3ed-42c1-854d-4866570339a5.jpg,69745,33207,blanco,ok,
37828,COLFENE 400 MG - 4 MG X 10 COMPRIMIDOS RECUBIERTOS,https://mav.farmaciasaas.com/api/images/articulos/DISTRIBUCION/6165.jpg,https://fqeshthtycmzgyibiurq.supabase.co/storage/v1/object/public/crsnimages/catalogo/0c11c5c7-69e6-4869-a49e-1deaa288d91a.jpg,49433,20502,blanco,ok,
37829,COLFENE 600 MG - 4 MG X 15 COMPRIMIDOS RECUBIERTOS,https://mav.farmaciasaas.com/api/images/articulos/DISTRIBUCION/97446.jpg,https://fqeshthtycmzgyibiurq.supabase.co/storage/v1/object/public/crsnimages/catalogo/c2e82026-c3d9-4c51-aad1-ce6068c1945b.jpg,39901,15594,blanco,ok,
37833,COLVAL 4 MG X 12 COMPRIMIDOS,https://mav.farmaciasaas.com/api/images/articulos/DISTRIBUCION/8062.jpg,https://fqeshthtycmzgyibiurq.supabase.co/storage/v1/object/public/crsnimages/catalogo/1679bbf8-dfb3-45e5-b5bc-0869fc077fae.jpg,161678,24630,blanco,ok,
37834,COLYPAN 200 MG X 10 TABLETAS,https://mav.farmaciasaas.com/api/images/articulos/DISTRIBUCION/16762.jpg,https://fqeshthtycmzgyibiurq.supabase.co/storage/v1/object/public/crsnimages/catalogo/a4c03dab-acff-4648-9ad3-76b9813a9408.jpg,47127,18646,blanco,ok,
37836,CONEXINE 50 MG X 30 COMPRIMIDOS RECUBIERTOS,https://mav.farmaciasaas.com/api/images/articulos/DISTRIBUCION/29374.jpg,https://fqeshthtycmzgyibiurq.supabase.co/storage/v1/object/public/crsnimages/catalogo/8df6a558-c605-4c3c-bcb5-bba3b95c96c8.jpg,51111,20562,blanco,ok,
37837,CONTRADOL 100 MG / ML SOLUCION ORAL,https://mav.farmaciasaas.com/api/images/articulos/DISTRIBUCION/50553.jpg,https://fqeshthtycmzgyibiurq.supabase.co/storage/v1/object/public/crsnimages/catalogo/e3fbad39-1cdf-4f34-bfd0-d591482d7593.jpg,123262,16906,blanco,ok,
37838,CORAZEM 60 MG X 20 TABLETAS RECUBIERTAS,https://mav.farmaciasaas.com/api/images/articulos/DISTRIBUCION/10134.jpg,https://fqeshthtycmzgyibiurq.supabase.co/storage/v1/object/public/crsnimages/catalogo/391b904e-728a-4f91-9041-8a21b35866ca.jpg,69149,31533,blanco,ok,
37839,CORBIS 10 MG X 30 COMPRIMIDOS RECUBIERTOS,https://mav.farmaciasaas.com/api/images/articulos/DISTRIBUCION/23009.jpg,https://fqeshthtycmzgyibiurq.supabase.co/storage/v1/object/public/crsnimages/catalogo/a913c3f0-3110-4dbd-be29-293ce3cee284.jpg,49637,19428,blanco,ok,
37840,CORBIS 5 MG X 30 COMPRIMIDOS RECUBIERTOS,https://mav.farmaciasaas.com/api/images/articulos/DISTRIBUCION/23008.jpg,https://fqeshthtycmzgyibiurq.supabase.co/storage/v1/object/public/crsnimages/catalogo/2ef4d6d3-ded7-4800-b6b8-dfd3a3bc6ef0.jpg,50108,21758,blanco,ok,
37843,CORENTEL 1.25 MG X 10 COMPRIMIDOS RECUBIERTOS,https://mav.farmaciasaas.com/api/images/articulos/DISTRIBUCION/28209.jpg,https://fqeshthtycmzgyibiurq.supabase.co/storage/v1/object/public/crsnimages/catalogo/01a8158c-61be-4b9e-a671-86a4a7946e38.jpg,66805,33825,blanco,ok,
37845,CORENTEL 5 MG X 30 COMPRIMIDOS RECUBIERTOS,https://mav.farmaciasaas.com/api/images/articulos/DISTRIBUCION/10042.jpg,https://fqeshthtycmzgyibiurq.supabase.co/storage/v1/object/public/crsnimages/catalogo/eb39cc22-999d-48a2-b10b-648621eb8668.jpg,64438,32390,blanco,ok,
37846,CORENTEL 5 MG X 10 COMPRIMIDOS RECUBIERTOS,https://mav.farmaciasaas.com/api/images/articulos/DISTRIBUCION/10024.jpg,https://fqeshthtycmzgyibiurq.supabase.co/storage/v1/object/public/crsnimages/catalogo/ed8c741b-93d7-4567-b02c-1563da0dfeee.jpg,64331,32315,blanco,ok,
37847,COROPRES HCT 16 MG - 12.5 MG X 10 COMPRIMIDOS,https://mav.farmaciasaas.com/api/images/articulos/DISTRIBUCION/28208.jpg,https://fqeshthtycmzgyibiurq.supabase.co/storage/v1/object/public/crsnimages/catalogo/2c5915fe-ff5c-4465-85b2-babda96ac391.jpg,75582,40155,blanco,ok,
37848,COROPRES HCT 16 MG - 12.5 MG X 30 COMPRIMIDOS,https://mav.farmaciasaas.com/api/images/articulos/DISTRIBUCION/96010.jpg,https://fqeshthtycmzgyibiurq.supabase.co/storage/v1/object/public/crsnimages/catalogo/b170b035-3b08-4f45-a0cc-b1ef62ea20a1.jpg,74423,38590,blanco,ok,
37849,COROPRES 8 MG X 30 COMPRIMIDOS,https://mav.farmaciasaas.com/api/images/articulos/DISTRIBUCION/98452.jpg,https://fqeshthtycmzgyibiurq.supabase.co/storage/v1/object/public/crsnimages/catalogo/fe5d5d31-23f8-44a2-ad95-33b726697bfc.jpg,65850,33544,blanco,ok,
37851,COVENTROL 6.25 MG X 30 COMPRIMIDOS,https://mav.farmaciasaas.com/api/images/articulos/DISTRIBUCION/99167.jpg,https://fqeshthtycmzgyibiurq.supabase.co/storage/v1/object/public/crsnimages/catalogo/a08838fb-86f5-4a89-a743-ed8f7c5b714f.jpg,62337,28375,blanco,ok,
37852,CRISOMET 50 MG - 500 MG X 10 TABLETAS RECUBIERTAS,https://mav.farmaciasaas.com/api/images/articulos/DISTRIBUCION/16905.jpg,https://fqeshthtycmzgyibiurq.supabase.co/storage/v1/object/public/crsnimages/catalogo/1df0b79f-c253-4a5d-b50b-e9ff277fd774.jpg,55792,24914,blanco,ok,
37853,CRISOMET 50 MG - 500 MG X 30 TABLETAS RECUBIERTAS,https://mav.farmaciasaas.com/api/images/articulos/DISTRIBUCION/19232.jpg,https://fqeshthtycmzgyibiurq.supabase.co/storage/v1/object/public/crsnimages/catalogo/0240a495-bb53-4e8c-ae8e-92df19524cc3.jpg,65639,30434,blanco,ok,
37854,CRISPLUS 120 MG X 30 CAPSULAS,https://mav.farmaciasaas.com/api/images/articulos/DISTRIBUCION/28167.jpg,https://fqeshthtycmzgyibiurq.supabase.co/storage/v1/object/public/crsnimages/catalogo/72be684c-0e49-4129-8cba-0685f87291e5.jpg,56857,25360,blanco,ok,
37855,CURPINOL 6.25 MG X 10 COMPRIMIDOS,https://mav.farmaciasaas.com/api/images/articulos/DISTRIBUCION/26063.jpg,https://fqeshthtycmzgyibiurq.supabase.co/storage/v1/object/public/crsnimages/catalogo/daa97246-1a7f-4a7f-989b-f4cbf5d219af.jpg,55065,24070,blanco,ok,
37856,CURPINOL 6.25 MG X 30 COMPRIMIDOS,https://mav.farmaciasaas.com/api/images/articulos/DISTRIBUCION/92400.jpg,https://fqeshthtycmzgyibiurq.supabase.co/storage/v1/object/public/crsnimages/catalogo/c0bde325-3dce-451e-8b28-adf163eb3efe.jpg,47219,20169,blanco,ok,
37857,CYPRAL 500 MG X 14 TABLETAS RECUBIERTAS,https://mav.farmaciasaas.com/api/images/articulos/DISTRIBUCION/3660.jpg,https://fqeshthtycmzgyibiurq.supabase.co/storage/v1/object/public/crsnimages/catalogo/09ed6a5f-b8f7-4c1b-8adf-3087c1eabf4e.jpg,48616,20451,blanco,ok,
37858,CYPRAL 500 MG X 20 TABLETAS RECUBIERTAS,https://mav.farmaciasaas.com/api/images/articulos/DISTRIBUCION/92798.jpg,https://fqeshthtycmzgyibiurq.supabase.co/storage/v1/object/public/crsnimages/catalogo/5ba8af73-60e5-48a2-a00f-d26f8e41822a.jpg,55137,25501,blanco,ok,
37859,CYPRAL 750 MG X 6 TABLETAS RECUBIERTAS,https://mav.farmaciasaas.com/api/images/articulos/DISTRIBUCION/11353.jpg,https://fqeshthtycmzgyibiurq.supabase.co/storage/v1/object/public/crsnimages/catalogo/ae1c610c-34ea-44dc-a34e-21f05ef8fbc4.jpg,50627,22451,blanco,ok,
37860,DALCITRIN 2 % UNGUENTO,https://mav.farmaciasaas.com/api/images/articulos/DISTRIBUCION/28692.jpg,https://fqeshthtycmzgyibiurq.supabase.co/storage/v1/object/public/crsnimages/catalogo/66bf5dc8-1156-4b4d-9ce1-7e53edeeac61.jpg,42116,16542,blanco,ok,
37862,DALTAZEN 60 MG X 10 COMPRIMIDOS,https://mav.farmaciasaas.com/api/images/articulos/DISTRIBUCION/28478.jpg,https://fqeshthtycmzgyibiurq.supabase.co/storage/v1/object/public/crsnimages/catalogo/8ca03d63-930f-4e50-b196-dfe3a0be9a2f.jpg,60952,30271,blanco,ok,
37863,DALTAZEN 60 MG X 20 COMPRIMIDOS,https://mav.farmaciasaas.com/api/images/articulos/DISTRIBUCION/1303.jpg,https://fqeshthtycmzgyibiurq.supabase.co/storage/v1/object/public/crsnimages/catalogo/a4118522-ed35-43f6-bd57-89577b6e37f0.jpg,64636,32614,blanco,ok,
37867,DECOBEL 0.5 MG X 10 TABLETAS,https://pccentro.net.ve/img/s/5/3/5/8/5/53585-large_default.webp,https://fqeshthtycmzgyibiurq.supabase.co/storage/v1/object/public/crsnimages/catalogo/5a18f2cb-1503-464e-8718-35c6f9c76f14.jpg,17312,39239,blanco,ok,
37868,DECOBEL 0.5 MG X 30 TABLETAS,https://mav.farmaciasaas.com/api/images/articulos/DISTRIBUCION/22694.jpg,https://fqeshthtycmzgyibiurq.supabase.co/storage/v1/object/public/crsnimages/catalogo/3d1894f0-32d6-4b9b-857e-8a1c2a4ab4c7.jpg,79090,40874,blanco,ok,
37870,DEFLARIN 6 MG X 10 COMPRIMIDOS,https://mav.farmaciasaas.com/api/images/articulos/DISTRIBUCION/21048.jpg,https://fqeshthtycmzgyibiurq.supabase.co/storage/v1/object/public/crsnimages/catalogo/14dc1f04-625a-4458-ae65-2332eb0bfd3e.jpg,59938,28967,blanco,ok,
37869,DECOBEL 8 MG / 2 ML SOLUCION INYECTABLE,https://mav.farmaciasaas.com/api/images/articulos/DISTRIBUCION/94637.jpg,https://fqeshthtycmzgyibiurq.supabase.co/storage/v1/object/public/crsnimages/catalogo/9597ef0e-d258-4ac7-85df-4df62fe7c8a5.jpg,56256,24858,blanco,ok,
37861,DALPAS 5 MG X 30 TABLETAS,https://mav.farmaciasaas.com/api/images/articulos/DISTRIBUCION/6617.jpg,https://fqeshthtycmzgyibiurq.supabase.co/storage/v1/object/public/crsnimages/catalogo/de7e0def-486d-40f3-b7f6-5f8a2673d561.jpg,38725,13902,blanco,ok,
37865,DECA LENTERMINA COMPLEX SOLUCION INYECTABLE,https://mav.farmaciasaas.com/api/images/articulos/DISTRIBUCION/24816.jpg,https://fqeshthtycmzgyibiurq.supabase.co/storage/v1/object/public/crsnimages/catalogo/3e1a90c8-4834-4f26-8bd5-ef15bcf11a84.jpg,81990,26958,blanco,ok,
37871,DEFLAZACORT 30 MG X 10 TABLETAS,https://mav.farmaciasaas.com/api/images/articulos/DISTRIBUCION/22262.jpg,https://fqeshthtycmzgyibiurq.supabase.co/storage/v1/object/public/crsnimages/catalogo/47e0e55f-e5bb-4f05-b6f3-351d92342dd8.jpg,24600,15941,blanco,ok,
37872,DEFLAZACORT 30 MG X 30 TABLETAS,https://mav.farmaciasaas.com/api/images/articulos/DISTRIBUCION/91498.jpg,https://fqeshthtycmzgyibiurq.supabase.co/storage/v1/object/public/crsnimages/catalogo/fc9dd966-0994-4c31-84fd-f2a490e6c262.jpg,25360,16453,blanco,ok,
37873,DEFLAZACORT 6 MG X 10 TABLETAS,https://mav.farmaciasaas.com/api/images/articulos/DISTRIBUCION/91527.jpg,https://fqeshthtycmzgyibiurq.supabase.co/storage/v1/object/public/crsnimages/catalogo/88b3de31-a8bf-4273-b7e5-e8ed4ab1fbd9.jpg,24374,15770,blanco,ok,
37876,DENCOFEN 1.16 % CREMA EN BASE GEL,https://mav.farmaciasaas.com/api/images/articulos/DISTRIBUCION/90093.jpg,https://fqeshthtycmzgyibiurq.supabase.co/storage/v1/object/public/crsnimages/catalogo/98530a6e-3010-4c60-ae21-fc641afb07d3.jpg,52240,23999,blanco,ok,
37877,DENCORUB CREMA,https://mav.farmaciasaas.com/api/images/articulos/DISTRIBUCION/3455.jpg,https://fqeshthtycmzgyibiurq.supabase.co/storage/v1/object/public/crsnimages/catalogo/994ff667-2cae-4d9f-af2b-307a4d488ef8.jpg,84827,42198,blanco,ok,
37878,DENUAL 150 MG X 1 COMPRIMIDO RECUBIERTO,https://mav.farmaciasaas.com/api/images/articulos/DISTRIBUCION/94853.jpg,https://fqeshthtycmzgyibiurq.supabase.co/storage/v1/object/public/crsnimages/catalogo/50929853-5974-4057-a0d3-61223ec1ad27.jpg,52738,21769,blanco,ok,
37879,DEPOFEM 150MGML X 1 AMPOLLA,https://mav.farmaciasaas.com/api/images/articulos/DISTRIBUCION/28729.jpg,https://fqeshthtycmzgyibiurq.supabase.co/storage/v1/object/public/crsnimages/catalogo/a3b3f85a-8754-4520-ab96-a724ad4a9dc9.jpg,74301,35585,blanco,ok,
37880,DERAIN 15 % CREMA,https://mav.farmaciasaas.com/api/images/articulos/DISTRIBUCION/8275.jpg,https://fqeshthtycmzgyibiurq.supabase.co/storage/v1/object/public/crsnimages/catalogo/46b1473c-c7e2-4840-86a7-588398995763.jpg,77408,38556,blanco,ok,
37881,DERMACORTINE 0.1 % CREMA,https://mav.farmaciasaas.com/api/images/articulos/DISTRIBUCION/91421.jpg,https://fqeshthtycmzgyibiurq.supabase.co/storage/v1/object/public/crsnimages/catalogo/0431e2cc-60d6-44e4-a4b6-a942d76b9961.jpg,48448,21181,blanco,ok,
37883,DERMAZOL 0.05 % LOCION CAPILAR,https://mav.farmaciasaas.com/api/images/articulos/DISTRIBUCION/99591.jpg,https://fqeshthtycmzgyibiurq.supabase.co/storage/v1/object/public/crsnimages/catalogo/1b36e755-9f55-445f-8b67-4095ae8d337d.jpg,44281,18426,blanco,ok,
37884,DERMOSUPRIL C 0.1 % - 3 % CREMA TOPICA,https://mav.farmaciasaas.com/api/images/articulos/DISTRIBUCION/24079.jpg,https://fqeshthtycmzgyibiurq.supabase.co/storage/v1/object/public/crsnimages/catalogo/dad68dd3-6e4e-4e6c-b706-d57912c93599.jpg,54030,25775,blanco,ok,
37885,DERMOVATE 0.05 % CREMA,https://mav.farmaciasaas.com/api/images/articulos/DISTRIBUCION/28893.jpg,https://fqeshthtycmzgyibiurq.supabase.co/storage/v1/object/public/crsnimages/catalogo/507dadc6-df24-4ef1-a807-c748855ee7fd.jpg,36375,12212,blanco,ok,
37886,DEROVIT 1000 UI X 30 CAPSULAS BLANDAS,https://mav.farmaciasaas.com/api/images/articulos/DISTRIBUCION/25518.jpg,https://fqeshthtycmzgyibiurq.supabase.co/storage/v1/object/public/crsnimages/catalogo/93c3da1b-cfe7-457c-96f7-33f701a7b005.jpg,25493,17924,blanco,ok,
37887,DESKEFLAS 50 MG / 2 ML X 3 AMPOLLAS,https://mav.farmaciasaas.com/api/images/articulos/DISTRIBUCION/53176.jpg,https://fqeshthtycmzgyibiurq.supabase.co/storage/v1/object/public/crsnimages/catalogo/5c32c132-151c-4a9d-808c-78c6eec84268.jpg,64703,30602,blanco,ok,
37888,DESKEFLAS 25 MG X 10 TABLETAS RECUBIERTAS,https://mav.farmaciasaas.com/api/images/articulos/DISTRIBUCION/52476.jpg,https://fqeshthtycmzgyibiurq.supabase.co/storage/v1/object/public/crsnimages/catalogo/01d4f8d6-94b1-4ba6-9744-6962ac998d7f.jpg,56382,25263,blanco,ok,
37889,DESLER 5 MG X 10 TABLETAS RECUBIERTAS,https://mav.farmaciasaas.com/api/images/articulos/DISTRIBUCION/18806.jpg,https://fqeshthtycmzgyibiurq.supabase.co/storage/v1/object/public/crsnimages/catalogo/6599eeee-6ec3-4b2d-973e-39598b425cf3.jpg,57913,28394,blanco,ok,
37890,DESLORAT 5 MG X 10 TABLETAS RECUBIERTAS,https://mav.farmaciasaas.com/api/images/articulos/DISTRIBUCION/90319.jpg,https://fqeshthtycmzgyibiurq.supabase.co/storage/v1/object/public/crsnimages/catalogo/efbf714c-0767-4bef-b415-a403fccd0021.jpg,76555,27918,blanco,ok,
37891,DESLORAT 5 MG X 20 TABLETAS RECUBIERTAS,https://mav.farmaciasaas.com/api/images/articulos/DISTRIBUCION/90319.jpg,https://fqeshthtycmzgyibiurq.supabase.co/storage/v1/object/public/crsnimages/catalogo/a3fa3615-93ce-46a3-84df-63b31a1c6e73.jpg,76555,27918,blanco,ok,
37893,DESLORATADINA 2.5 MG / 5 ML JARABE,https://pccentro.net.ve/img/s/7/4/5/1/9/74519-large_default.webp,https://fqeshthtycmzgyibiurq.supabase.co/storage/v1/object/public/crsnimages/catalogo/b7b03272-3b79-4e28-b0ec-a093d3db0ad9.jpg,13482,26472,blanco,ok,
37894,DESLORATADINA 5 MG X 10 TABLETAS RECUBIERTAS,https://mav.farmaciasaas.com/api/images/articulos/DISTRIBUCION/97003.jpg,https://fqeshthtycmzgyibiurq.supabase.co/storage/v1/object/public/crsnimages/catalogo/1fa333bc-a020-4fd0-b38b-13525eb957dc.jpg,25218,16526,blanco,ok,
37892,DESLORATADINA 2.5 MG / 5 ML X 10 JARABE,https://mav.farmaciasaas.com/api/images/articulos/DISTRIBUCION/9955.jpg,https://fqeshthtycmzgyibiurq.supabase.co/storage/v1/object/public/crsnimages/catalogo/1e3842f2-2ec2-4db7-a240-a6d68743f083.jpg,66499,29914,blanco,ok,
37896,MONTELUKAST - DESLORATADINA 10 MG - 5 MG X 10 TABLETAS RECUBIERTAS,https://pccentro.net.ve/img/s/7/2/5/2/6/72526-large_default.webp,https://fqeshthtycmzgyibiurq.supabase.co/storage/v1/object/public/crsnimages/catalogo/5f7f808c-0330-4eb0-a947-a69005ea7f40.jpg,10606,27294,blanco,ok,
37895,DESLORATADINA 5 MG X 10 COMPRIMIDOS RECUBIERTOS,https://mav.farmaciasaas.com/api/images/articulos/DISTRIBUCION/8560.jpg,https://fqeshthtycmzgyibiurq.supabase.co/storage/v1/object/public/crsnimages/catalogo/e224cf27-26ca-46ef-a696-1aa5489270c2.jpg,62676,30057,blanco,ok,
37897,DESONIDA 0.1 % CREMA,https://mav.farmaciasaas.com/api/images/articulos/DISTRIBUCION/23011.jpg,https://fqeshthtycmzgyibiurq.supabase.co/storage/v1/object/public/crsnimages/catalogo/95b65d86-1364-4845-a09d-7becb5d6c509.jpg,37867,12662,blanco,ok,
37898,DESTREL 75 MCG X 28 COMPRIMIDOS RECUBIERTOS,https://mav.farmaciasaas.com/api/images/articulos/DISTRIBUCION/50861.jpg,https://fqeshthtycmzgyibiurq.supabase.co/storage/v1/object/public/crsnimages/catalogo/a6f44401-2e8f-462a-aed2-fbb89aa426d3.jpg,65368,31416,blanco,ok,
37899,DEXAMETASONA 4 MG X 10 COMPRIMIDOS,https://pccentro.net.ve/img/s/7/6/8/5/4/76854-large_default.webp,https://fqeshthtycmzgyibiurq.supabase.co/storage/v1/object/public/crsnimages/catalogo/01e4aa02-9c17-44dd-be14-9326b9c727b2.jpg,37312,21586,blanco,ok,
37903,DEXAMETASONA FOSFATO 8 MG / 2 ML X 1 AMPOLLA,https://mav.farmaciasaas.com/api/images/articulos/DISTRIBUCION/53308.jpg,https://fqeshthtycmzgyibiurq.supabase.co/storage/v1/object/public/crsnimages/catalogo/9a17ff52-2d79-402c-a613-20ee80240574.jpg,80593,36692,blanco,ok,
37905,DEXAMETASONA 0.5 MG X 30 TABLETAS,https://mav.farmaciasaas.com/api/images/articulos/DISTRIBUCION/54029.jpg,https://fqeshthtycmzgyibiurq.supabase.co/storage/v1/object/public/crsnimages/catalogo/a7ead63b-949a-4fb6-a085-e43c65563562.jpg,52181,22643,blanco,ok,
37909,DEXTROMETORFANO 15 MG / 5 ML JARABE,https://mav.farmaciasaas.com/api/images/articulos/DISTRIBUCION/26399.jpg,https://fqeshthtycmzgyibiurq.supabase.co/storage/v1/object/public/crsnimages/catalogo/4c288f80-d80f-4b77-91a5-330597faaacd.jpg,58746,27506,blanco,ok,
37911,DEXTROSA 50 % SOLUCION INYECTABLE IV,https://mav.farmaciasaas.com/api/images/articulos/DISTRIBUCION/1131.jpg,https://fqeshthtycmzgyibiurq.supabase.co/storage/v1/object/public/crsnimages/catalogo/093025ab-0032-4e22-a916-383f2985a086.jpg,51305,22280,blanco,ok,
37915,DIAFORMINA 500 MG X 30 COMPRIMIDOS RECUBIERTOS,https://mav.farmaciasaas.com/api/images/articulos/DISTRIBUCION/50991.jpg,https://fqeshthtycmzgyibiurq.supabase.co/storage/v1/object/public/crsnimages/catalogo/159ec62f-c8b4-4829-afdf-3b4b80337e2c.jpg,52712,24008,blanco,ok,
37914,DIAFORMINA 1000 MG X 30 COMPRIMIDOS RECUBIERTOS,https://mav.farmaciasaas.com/api/images/articulos/DISTRIBUCION/95456.jpg,https://fqeshthtycmzgyibiurq.supabase.co/storage/v1/object/public/crsnimages/catalogo/b82bf172-b743-4f5b-9480-53f1c97bfd18.jpg,64045,32260,blanco,ok,
37916,DIAGESIC 75 MG / 3 ML X 1 AMPOLLA,https://mav.farmaciasaas.com/api/images/articulos/DISTRIBUCION/51210.jpg,https://fqeshthtycmzgyibiurq.supabase.co/storage/v1/object/public/crsnimages/catalogo/c2f18300-1e34-4fbd-be44-3153815333dc.jpg,65682,30523,blanco,ok,
37920,DIARONA 200 MG X 10 TABLETAS,https://mav.farmaciasaas.com/api/images/articulos/DISTRIBUCION/7335.jpg,https://fqeshthtycmzgyibiurq.supabase.co/storage/v1/object/public/crsnimages/catalogo/273d6a4d-76ba-4c21-b9b3-6c51ba71edb7.jpg,44271,17250,blanco,ok,
37923,DICLODEX 50 MG X 20 TABLETAS RECUBIERTAS,https://mav.farmaciasaas.com/api/images/articulos/DISTRIBUCION/90913.jpg,https://fqeshthtycmzgyibiurq.supabase.co/storage/v1/object/public/crsnimages/catalogo/e8c885ba-5547-449a-b3b7-a09a6c91e21c.jpg,553616,52385,blanco,ok,
37933,DICLOFENAC SODICO 50 MG TABLETAS RECUBIERTAS,https://mav.farmaciasaas.com/api/images/articulos/DISTRIBUCION/55.jpg,https://fqeshthtycmzgyibiurq.supabase.co/storage/v1/object/public/crsnimages/catalogo/118851dd-dc07-469e-8aa7-b11d151b0b4d.jpg,75288,33940,blanco,ok,
37917,DIAGESIC 75 MG / 3 ML X 2 AMPOLLAS,https://mav.farmaciasaas.com/api/images/articulos/DISTRIBUCION/6136.jpg,https://fqeshthtycmzgyibiurq.supabase.co/storage/v1/object/public/crsnimages/catalogo/ddce8db7-6291-4fa8-b8c9-1b361e09c61b.jpg,183574,37624,blanco,ok,
37937,DIECAPS 60 MG X 30 CAPSULAS,https://mav.farmaciasaas.com/api/images/articulos/DISTRIBUCION/17245.jpg,https://fqeshthtycmzgyibiurq.supabase.co/storage/v1/object/public/crsnimages/catalogo/21d45be6-0da0-4f54-afba-a4eb73dc81ec.jpg,49704,20804,blanco,ok,
37936,DIECAPS 120 MG X 30 CAPSULAS,https://mav.farmaciasaas.com/api/images/articulos/DISTRIBUCION/94852.jpg,https://fqeshthtycmzgyibiurq.supabase.co/storage/v1/object/public/crsnimages/catalogo/60b8693c-1b93-4271-9eef-ea885c20cfa3.jpg,52928,22889,blanco,ok,
37938,DIFEN X 10 TABLETAS RECUBIERTAS,https://pccentro.net.ve/img/s/7/4/6/0/5/74605-large_default.webp,https://fqeshthtycmzgyibiurq.supabase.co/storage/v1/object/public/crsnimages/catalogo/577cf88c-f9a6-47db-ac49-fc1251a1af79.jpg,15938,35046,blanco,ok,
37939,DIFEN X 20 TABLETAS RECUBIERTAS,https://pccentro.net.ve/img/s/7/1/7/8/4/71784-large_default.webp,https://fqeshthtycmzgyibiurq.supabase.co/storage/v1/object/public/crsnimages/catalogo/b8a23232-a81b-4ed1-83e9-bf53b857eda3.jpg,15186,31950,blanco,ok,
37940,DIFENAC 1 % GEL,https://mav.farmaciasaas.com/api/images/articulos/DISTRIBUCION/8417.jpg,https://fqeshthtycmzgyibiurq.supabase.co/storage/v1/object/public/crsnimages/catalogo/b9609a65-5461-424b-891f-148d8cd916c4.jpg,46800,19429,blanco,ok,
37941,DIGLET 1000 U.I. X 30 COMPRIMIDOS ORODISPERSABLES,https://mav.farmaciasaas.com/api/images/articulos/DISTRIBUCION/28637.jpg,https://fqeshthtycmzgyibiurq.supabase.co/storage/v1/object/public/crsnimages/catalogo/3fef8329-97ca-414f-9b57-8b2cb3158fb7.jpg,67064,32904,blanco,ok,
37943,DIGLET 200 UI SOLUCION ORAL,https://mav.farmaciasaas.com/api/images/articulos/DISTRIBUCION/52147.jpg,https://fqeshthtycmzgyibiurq.supabase.co/storage/v1/object/public/crsnimages/catalogo/0c176ea6-18ba-4042-98d5-678eb1160d45.jpg,113283,60574,blanco,ok,
37944,DIKLASON 100 MG X 20 COMPRIMIDOS DE ACCION PROLONGADA,https://mav.farmaciasaas.com/api/images/articulos/DISTRIBUCION/13042.jpg,https://fqeshthtycmzgyibiurq.supabase.co/storage/v1/object/public/crsnimages/catalogo/69d515b0-f948-4489-aba6-639d30b97a13.jpg,75479,36802,blanco,ok,
37942,DIGLET 5000 U.I. X 10 COMPRIMIDOS RECUBIERTOS,https://mav.farmaciasaas.com/api/images/articulos/DISTRIBUCION/52638.jpg,https://fqeshthtycmzgyibiurq.supabase.co/storage/v1/object/public/crsnimages/catalogo/4e749bf5-c5e1-40b8-b309-a31422a707fd.jpg,79094,41748,blanco,ok,
37945,DIKLASON BI 150 MG X 10 COMPRIMIDOS DE LIBERACION CONTROLADA,https://mav.farmaciasaas.com/api/images/articulos/DISTRIBUCION/50303.jpg,https://fqeshthtycmzgyibiurq.supabase.co/storage/v1/object/public/crsnimages/catalogo/5cc0f50c-014f-4786-bd24-f5abba6ebec9.jpg,64369,31401,blanco,ok,
37947,DILOTEX 5 MG X 30 COMPRIMIDOS,https://mav.farmaciasaas.com/api/images/articulos/DISTRIBUCION/50518.jpg,https://fqeshthtycmzgyibiurq.supabase.co/storage/v1/object/public/crsnimages/catalogo/41df1d29-6dbb-428e-b792-30e63b6b2bb0.jpg,52636,23498,blanco,ok,
37948,DILOTEX 10 MG X 10 COMPRIMIDOS,https://mav.farmaciasaas.com/api/images/articulos/DISTRIBUCION/9889.jpg,https://fqeshthtycmzgyibiurq.supabase.co/storage/v1/object/public/crsnimages/catalogo/21f0cf6c-b2e2-4e70-974f-4de9df7aa533.jpg,49116,20590,blanco,ok,
37946,DIKLASON 1.8 MG / ML SUSPENSION ORAL,https://pccentro.net.ve/img/s/8/0/5/5/1/80551-large_default.webp,https://fqeshthtycmzgyibiurq.supabase.co/storage/v1/object/public/crsnimages/catalogo/fc6fc719-52a2-44fc-8000-acd9a4f6636b.jpg,48316,29647,blanco,ok,
37950,DIOSMINA 600 MG X 30 COMPRIMIDOS RECUBIERTOS,https://mav.farmaciasaas.com/api/images/articulos/DISTRIBUCION/53053.jpg,https://fqeshthtycmzgyibiurq.supabase.co/storage/v1/object/public/crsnimages/catalogo/f0e64cc8-a2b2-44f9-92ca-d3bf6d8ac78b.jpg,64457,30751,blanco,ok,
37952,DIOSMINA 600 MG X 15 COMPRIMIDOS RECUBIERTOS,https://pccentro.net.ve/img/s/3/7/6/5/4/37654-large_default.webp,,0,0,blanco,error,HTTP 404
37951,VEDINOR 600 MG X 15 COMPRIMIDOS RECUBIERTOS,https://mav.farmaciasaas.com/api/images/articulos/DISTRIBUCION/24175.jpg,https://fqeshthtycmzgyibiurq.supabase.co/storage/v1/object/public/crsnimages/catalogo/63c79df3-5ec8-4e65-8061-ac81117dba40.jpg,53966,23594,blanco,ok,
37949,DILUXEN 60 MG X 20 TABLETAS,https://pccentro.net.ve/img/s/2/4/5/9/9/24599-large_default.webp,https://fqeshthtycmzgyibiurq.supabase.co/storage/v1/object/public/crsnimages/catalogo/5bafae56-5c95-4d98-bac8-8e52b2df49dc.jpg,14150,21130,blanco,ok,
37953,DIOSMINA 600 MG X 28 TABLETAS RECUBIERTAS,https://mav.farmaciasaas.com/api/images/articulos/DISTRIBUCION/29796.jpg,https://fqeshthtycmzgyibiurq.supabase.co/storage/v1/object/public/crsnimages/catalogo/91ce1999-3bf1-42bc-9521-e5aa2e029e32.jpg,26402,17654,blanco,ok,
37954,DIOSMINA 600 MG X 14 TABLETAS RECUBIERTAS,https://mav.farmaciasaas.com/api/images/articulos/DISTRIBUCION/97147.jpg,https://fqeshthtycmzgyibiurq.supabase.co/storage/v1/object/public/crsnimages/catalogo/b95a03cb-4252-4868-b134-941216e8a67c.jpg,25088,16459,blanco,ok,
37958,DIPIDOL 500 MG / ML X 3 AMPOLLAS,https://mav.farmaciasaas.com/api/images/articulos/DISTRIBUCION/52497.jpg,https://fqeshthtycmzgyibiurq.supabase.co/storage/v1/object/public/crsnimages/catalogo/6acfb2ec-3064-4f29-8e2a-39f6e76a37f1.jpg,62540,29229,blanco,ok,
37959,DIPLOZ 1 MG X 30 TABLETAS RECUBIERTAS,https://mav.farmaciasaas.com/api/images/articulos/DISTRIBUCION/22057.jpg,https://fqeshthtycmzgyibiurq.supabase.co/storage/v1/object/public/crsnimages/catalogo/9f37aca7-bb12-4d5e-a21d-abe581f9eb2a.jpg,22124,14243,blanco,ok,
37961,DOBET 2 % - 0.5 % SOLUCION OFTALMICA,https://mav.farmaciasaas.com/api/images/articulos/DISTRIBUCION/843.jpg,https://fqeshthtycmzgyibiurq.supabase.co/storage/v1/object/public/crsnimages/catalogo/0b0e7c00-10ca-4a9f-93f7-dafa3bedb8d5.jpg,47649,17792,blanco,ok,
37962,DOBRACID 300 MG X 30 COMPRIMIDOS RECUBIERTOS DE LIBERACION PROLONGADA,https://mav.farmaciasaas.com/api/images/articulos/DISTRIBUCION/16483.jpg,https://fqeshthtycmzgyibiurq.supabase.co/storage/v1/object/public/crsnimages/catalogo/d61c17a9-4278-43fc-b744-bbfa601061f5.jpg,60254,27636,blanco,ok,
37963,DOBRACID 300 MG X 10 COMPRIMIDOS RECUBIERTOS DE LIBERACION PROLONGADA,https://mav.farmaciasaas.com/api/images/articulos/DISTRIBUCION/50498.jpg,https://fqeshthtycmzgyibiurq.supabase.co/storage/v1/object/public/crsnimages/catalogo/7c24bbe2-7646-4ec9-b49d-17c9630db6c7.jpg,76749,38853,blanco,ok,
37965,DOL X 10 TABLETAS RECUBIERTAS,https://pccentro.net.ve/img/s/8/4/2/9/4/84294-large_default.webp,https://fqeshthtycmzgyibiurq.supabase.co/storage/v1/object/public/crsnimages/catalogo/d8f80b67-fea6-46ff-b70b-3de2926c6611.jpg,81080,46680,blanco,ok,
37966,DOL X 20 TABLETAS RECUBIERTAS,https://pccentro.net.ve/img/s/8/4/2/7/9/84279-large_default.webp,https://fqeshthtycmzgyibiurq.supabase.co/storage/v1/object/public/crsnimages/catalogo/571b0436-4c80-4790-834a-3c46e5ab2924.jpg,101168,54949,blanco,ok,
37968,DOLAK 10 MG X 20 COMPRIMIDOS,https://mav.farmaciasaas.com/api/images/articulos/DISTRIBUCION/2586.jpg,https://fqeshthtycmzgyibiurq.supabase.co/storage/v1/object/public/crsnimages/catalogo/002ac240-69d4-4b9f-819c-efe1bb77e08c.jpg,51985,23147,blanco,ok,
37969,DOLAK 10 MG X 10 COMPRIMIDOS,https://mav.farmaciasaas.com/api/images/articulos/DISTRIBUCION/2349.jpg,https://fqeshthtycmzgyibiurq.supabase.co/storage/v1/object/public/crsnimages/catalogo/e64a37c2-b9d6-4360-9f3d-2e8b493b6398.jpg,76360,29850,blanco,ok,
37970,DOLAK 20 MG X 10 COMPRIMIDOS RECUBIERTOS,https://mav.farmaciasaas.com/api/images/articulos/DISTRIBUCION/10812.jpg,https://fqeshthtycmzgyibiurq.supabase.co/storage/v1/object/public/crsnimages/catalogo/89f2808f-d4de-456b-9e2c-fdc7cc1a05e7.jpg,96950,25016,blanco,ok,
37972,DOLKIDS 160 MG X 20 TABLETAS MASTICABLES,https://mav.farmaciasaas.com/api/images/articulos/DISTRIBUCION/5370.jpg,https://fqeshthtycmzgyibiurq.supabase.co/storage/v1/object/public/crsnimages/catalogo/2f7443fc-7913-418c-876f-ecc0b97b959e.jpg,72059,36124,blanco,ok,
37973,DOLNIX 150 MG X 20 CAPSULAS,https://mav.farmaciasaas.com/api/images/articulos/DISTRIBUCION/51126.jpg,https://fqeshthtycmzgyibiurq.supabase.co/storage/v1/object/public/crsnimages/catalogo/dfa010d7-b90d-4aac-9585-cbc7545835e8.jpg,44419,17434,blanco,ok,
37977,DOMPESIN 10 MG X 30 COMPRIMIDOS,https://mav.farmaciasaas.com/api/images/articulos/DISTRIBUCION/11584.jpg,https://fqeshthtycmzgyibiurq.supabase.co/storage/v1/object/public/crsnimages/catalogo/09b97bef-84c9-46eb-ab52-d78dabbb5fee.jpg,68449,19609,blanco,ok,
37978,DOMPESIN 1 MG / ML SUSPENSION,https://mav.farmaciasaas.com/api/images/articulos/DISTRIBUCION/94774.jpg,https://fqeshthtycmzgyibiurq.supabase.co/storage/v1/object/public/crsnimages/catalogo/1c81fb53-f330-430a-9fd3-d843e0268bd5.jpg,57697,26221,blanco,ok,
37981,DORIXINA FLEX 125 MG - 5 MG X 20 COMPRIMIDOS RECUBIERTOS,https://mav.farmaciasaas.com/api/images/articulos/DISTRIBUCION/50180.jpg,https://fqeshthtycmzgyibiurq.supabase.co/storage/v1/object/public/crsnimages/catalogo/69ca7671-85d0-4898-bdc6-990b28e45aba.jpg,74814,37783,blanco,ok,
37982,DORIXINA FLEX 125 MG - 5 MG X 5 COMPRIMIDOS RECUBIERTOS,https://mav.farmaciasaas.com/api/images/articulos/DISTRIBUCION/29269.jpg,https://fqeshthtycmzgyibiurq.supabase.co/storage/v1/object/public/crsnimages/catalogo/12d4c73f-0705-45bc-bd00-b8aa7868ec09.jpg,72243,35057,blanco,ok,
37986,DOXIUM 500 MG X 30 CAPSULAS,https://mav.farmaciasaas.com/api/images/articulos/DISTRIBUCION/52056.jpg,https://fqeshthtycmzgyibiurq.supabase.co/storage/v1/object/public/crsnimages/catalogo/80fc364a-045b-4d2d-8d75-82ff210be0fe.jpg,70368,34424,blanco,ok,
37988,DUROVAL 50 MG X 2 TABLETAS RECUBIERTAS,https://mav.farmaciasaas.com/api/images/articulos/DISTRIBUCION/22796.jpg,https://fqeshthtycmzgyibiurq.supabase.co/storage/v1/object/public/crsnimages/catalogo/2a35f202-9bd3-422a-9755-7e4a01539607.jpg,214562,29468,blanco,ok,
37990,DUROVAL 50 MG X 3 TABLETAS RECUBIERTAS,https://mav.farmaciasaas.com/api/images/articulos/DISTRIBUCION/2821.jpg,https://fqeshthtycmzgyibiurq.supabase.co/storage/v1/object/public/crsnimages/catalogo/20cc0e92-707c-4703-8410-b9f693d9e751.jpg,212334,30150,blanco,ok,
37989,DUROVAL 50 MG X 1 TABLETA RECUBIERTA,https://mav.farmaciasaas.com/api/images/articulos/DISTRIBUCION/2798.jpg,https://fqeshthtycmzgyibiurq.supabase.co/storage/v1/object/public/crsnimages/catalogo/87755027-8559-4e83-b71d-ff90e46571aa.jpg,213442,29431,blanco,ok,
37994,DUVADILAN 10 MG X 30 COMPRIMIDOS,https://mav.farmaciasaas.com/api/images/articulos/DISTRIBUCION/1300.jpg,https://fqeshthtycmzgyibiurq.supabase.co/storage/v1/object/public/crsnimages/catalogo/82134481-5169-476d-bcdb-7713451d5251.jpg,52051,22218,blanco,ok,
37996,EDAGAN 25 MG X 30 COMPRIMIDOS RECUBIERTOS,https://mav.farmaciasaas.com/api/images/articulos/DISTRIBUCION/90687.jpg,https://fqeshthtycmzgyibiurq.supabase.co/storage/v1/object/public/crsnimages/catalogo/de7f7840-6161-48b4-a422-0039c13b8b45.jpg,55799,26600,blanco,ok,
37995,EDAGAN 200 MG X 30 COMPRIMIDOS RECUBIERTOS,https://mav.farmaciasaas.com/api/images/articulos/DISTRIBUCION/90689.jpg,https://fqeshthtycmzgyibiurq.supabase.co/storage/v1/object/public/crsnimages/catalogo/81eae27f-fc4e-4607-85c5-92e99c21815b.jpg,53731,25342,blanco,ok,
37997,EDEMID 10 MG / ML X 5 AMPOLLAS,https://mav.farmaciasaas.com/api/images/articulos/DISTRIBUCION/2361.jpg,https://fqeshthtycmzgyibiurq.supabase.co/storage/v1/object/public/crsnimages/catalogo/ab7a20ec-981c-40f5-a551-c624620928ad.jpg,38762,14460,blanco,ok,
38000,ENALAPRIL MALEATO 10 MG X 30 COMPRIMIDOS RECUBIERTOS,https://mav.farmaciasaas.com/api/images/articulos/DISTRIBUCION/30351.jpg,https://fqeshthtycmzgyibiurq.supabase.co/storage/v1/object/public/crsnimages/catalogo/bf335f8d-01fe-4deb-98be-6a8a0a94ed7b.jpg,50289,21520,blanco,ok,
38001,LERCANIDIPINA CLORHIDRATO – ENALAPRIL MALEATO 10 MG – 20 MG X 30 COMPRIMIDOS RECUBIERTOS,https://mav.farmaciasaas.com/api/images/articulos/DISTRIBUCION/52341.jpg,https://fqeshthtycmzgyibiurq.supabase.co/storage/v1/object/public/crsnimages/catalogo/6ba33b9a-3484-4ffd-8c98-1d2309ce174f.jpg,70045,34309,blanco,ok,
38003,ENALAPRIL MALEATO 10 MG X 30 TABLETAS,https://mav.farmaciasaas.com/api/images/articulos/DISTRIBUCION/26952.jpg,https://fqeshthtycmzgyibiurq.supabase.co/storage/v1/object/public/crsnimages/catalogo/67d96383-1b4b-46a0-ac91-6e7804f9d20f.jpg,488160,44499,blanco,ok,
38005,ENALAPRIL 20 MG X 30 TABLETAS,https://mav.farmaciasaas.com/api/images/articulos/DISTRIBUCION/99636.jpg,https://fqeshthtycmzgyibiurq.supabase.co/storage/v1/object/public/crsnimages/catalogo/3dce440d-29b6-417b-ad8c-6b59b5121a3d.jpg,24653,15991,blanco,ok,
38006,ENALAPRIL MALEATO 20 MG X 30 TABLETAS,https://mav.farmaciasaas.com/api/images/articulos/DISTRIBUCION/13265.jpg,https://fqeshthtycmzgyibiurq.supabase.co/storage/v1/object/public/crsnimages/catalogo/33c27fa5-0dbb-44a8-8046-cae568e49d01.jpg,502602,51546,blanco,ok,
38008,ENTEROGERMINA (ESPORAS DE BACILLUS CLAUSII) 2 MILLARDOS / 5 ML X 10 SUSPENSION ORAL,https://mav.farmaciasaas.com/api/images/articulos/DISTRIBUCION/52162.jpg,https://fqeshthtycmzgyibiurq.supabase.co/storage/v1/object/public/crsnimages/catalogo/d3b9468c-3422-48b8-b1d8-6461b4ed1b7d.jpg,27072,19928,blanco,ok,
38009,EPITRAL 25 MG X 30 TABLETAS,https://mav.farmaciasaas.com/api/images/articulos/DISTRIBUCION/52494.jpg,https://fqeshthtycmzgyibiurq.supabase.co/storage/v1/object/public/crsnimages/catalogo/fb6b4d14-ff6b-46a7-9ac1-222b87f2a3bd.jpg,69949,32171,blanco,ok,
38010,EPITRAL 100 MG X 30 TABLETAS,https://mav.farmaciasaas.com/api/images/articulos/DISTRIBUCION/20035.jpg,https://fqeshthtycmzgyibiurq.supabase.co/storage/v1/object/public/crsnimages/catalogo/47f46a58-c24a-4443-b86d-21c247285d71.jpg,206124,29311,blanco,ok,
38011,EPITRAL 50 MG X 30 TABLETAS,https://mav.farmaciasaas.com/api/images/articulos/DISTRIBUCION/20036.jpg,https://fqeshthtycmzgyibiurq.supabase.co/storage/v1/object/public/crsnimages/catalogo/42904b58-c080-4109-8bcf-da2f40e80627.jpg,217066,29724,blanco,ok,
37983,DORIXINA FLEX 125 MG - 5 MG X 10 COMPRIMIDOS RECUBIERTOS,https://pccentro.net.ve/img/s/7/1/3/9/5/71395-large_default.webp,https://fqeshthtycmzgyibiurq.supabase.co/storage/v1/object/public/crsnimages/catalogo/d1d16f9f-3ff3-40b5-88ad-f9d127edc82e.jpg,13306,28648,blanco,ok,
38017,ESCITALOPRAM 10 MG X 30 COMPRIMIDOS RECUBIERTOS,https://pccentro.net.ve/img/s/7/2/4/9/3/72493-large_default.webp,https://fqeshthtycmzgyibiurq.supabase.co/storage/v1/object/public/crsnimages/catalogo/b06e1760-b060-40f9-9654-59e41a933738.jpg,9980,22644,blanco,ok,
38013,ERILON 0.05 % CREMA,https://mav.farmaciasaas.com/api/images/articulos/DISTRIBUCION/5842.jpg,https://fqeshthtycmzgyibiurq.supabase.co/storage/v1/object/public/crsnimages/catalogo/975deb8c-490b-45be-adbc-f689e8d2686e.jpg,145114,29058,blanco,ok,
38018,ESCITALOPRAM 20 MG X 30 COMPRIMIDOS RECUBIERTOS,https://pccentro.net.ve/img/s/2/4/7/2/5/24725-large_default.webp,https://fqeshthtycmzgyibiurq.supabase.co/storage/v1/object/public/crsnimages/catalogo/36b695c5-ab76-4b33-884d-8a0a040fecb5.jpg,20188,26269,blanco,ok,
38022,ESCITALOPRAM 10 MG X 28 TABLETAS RECUBIERTAS,https://mav.farmaciasaas.com/api/images/articulos/DISTRIBUCION/22208.jpg,https://fqeshthtycmzgyibiurq.supabase.co/storage/v1/object/public/crsnimages/catalogo/a6763e20-b286-44ec-86d6-77d4a10ff67f.jpg,25879,16851,blanco,ok,
38020,ESCITALOPRAM 1 MG / ML SOLUCION ORAL,https://mav.farmaciasaas.com/api/images/articulos/DISTRIBUCION/19850.jpg,https://fqeshthtycmzgyibiurq.supabase.co/storage/v1/object/public/crsnimages/catalogo/e171142f-d9d6-4ad2-9ed1-f5b8740693df.jpg,47415,18951,blanco,ok,
38024,ESCITALOPRAM 20 MG X 14 TABLETAS RECUBIERTAS,https://mav.farmaciasaas.com/api/images/articulos/DISTRIBUCION/29792.jpg,https://fqeshthtycmzgyibiurq.supabase.co/storage/v1/object/public/crsnimages/catalogo/80451bfa-5e1f-48ca-96c6-56793ee612eb.jpg,24975,16184,blanco,ok,
38027,ESMIRTAL 20 MG X 30 COMPRIMIDOS RECUBIERTOS,https://mav.farmaciasaas.com/api/images/articulos/DISTRIBUCION/54449.jpg,https://fqeshthtycmzgyibiurq.supabase.co/storage/v1/object/public/crsnimages/catalogo/91bcd406-d918-46c4-9db5-de412ce88e34.jpg,20229,12764,blanco,ok,
38028,ESOCOF 10 MG X 30 TABLETAS RECUBIERTAS,https://mav.farmaciasaas.com/api/images/articulos/DISTRIBUCION/54292.jpg,https://fqeshthtycmzgyibiurq.supabase.co/storage/v1/object/public/crsnimages/catalogo/d723d6b8-3006-4dca-b5de-0b6ea3719985.jpg,24229,16985,blanco,ok,
38030,ESOMEPRAZOL 40 MG X 20 TABLETAS RECUBIERTAS,https://pccentro.net.ve/img/s/2/5/0/2/2/25022-large_default.webp,https://fqeshthtycmzgyibiurq.supabase.co/storage/v1/object/public/crsnimages/catalogo/f1721932-b1a6-446a-91dc-4076e220f3af.jpg,15686,18764,blanco,ok,
38029,ESOMEPRAZOL 40 MG X 10 TABLETAS RECUBIERTAS,https://pccentro.net.ve/img/s/2/5/0/2/2/25022-large_default.webp,https://fqeshthtycmzgyibiurq.supabase.co/storage/v1/object/public/crsnimages/catalogo/17e6d188-fa29-458d-aac1-24ed53550a9c.jpg,15686,18764,blanco,ok,
38033,ESOMEPRAZOL 20 MG X 16 CAPSULAS CON MICROGRANULOS DE LIBERACION ENTERICA,https://mav.farmaciasaas.com/api/images/articulos/DISTRIBUCION/52348.jpg,https://fqeshthtycmzgyibiurq.supabase.co/storage/v1/object/public/crsnimages/catalogo/bf010f10-0e46-4dc2-b3ea-abf6c68772fd.jpg,71470,37528,blanco,ok,
38031,ESOMEPRAZOL 40 MG X 16 TABLETAS RECUBIERTAS,https://pccentro.net.ve/img/s/3/0/7/3/7/30737-large_default.webp,https://fqeshthtycmzgyibiurq.supabase.co/storage/v1/object/public/crsnimages/catalogo/594b788a-2fc3-4732-9938-4ce9d9991699.jpg,14368,31325,blanco,ok,
38034,ESOMEPRAZOL 20 MG X 28 CAPSULAS CON MICROGRANULOS DE LIBERACION ENTERICA,https://mav.farmaciasaas.com/api/images/articulos/DISTRIBUCION/52332.jpg,https://fqeshthtycmzgyibiurq.supabase.co/storage/v1/object/public/crsnimages/catalogo/e7114664-97fb-4f89-a735-414ef1d50769.jpg,76244,39156,blanco,ok,
38032,ESOMEPRAZOL 40 MG X 14 TABLETAS RECUBIERTAS,https://pccentro.net.ve/img/s/8/5/5/7/0/85570-large_default.webp,https://fqeshthtycmzgyibiurq.supabase.co/storage/v1/object/public/crsnimages/catalogo/f75109ff-e072-4415-953c-00bdd02e0d96.jpg,38564,24735,blanco,ok,
38035,ESOMEPRAZOL 20 MG X 20 TABLETAS CON CUBIERTA ENTERICA,https://mav.farmaciasaas.com/api/images/articulos/DISTRIBUCION/96831.jpg,https://fqeshthtycmzgyibiurq.supabase.co/storage/v1/object/public/crsnimages/catalogo/dbcc51db-eb72-46da-b4f0-879f6b8a2726.jpg,44213,17652,blanco,ok,
38036,ESOMEPRAZOL 20 MG X 20 TABLETAS RECUBIERTAS,https://mav.farmaciasaas.com/api/images/articulos/DISTRIBUCION/96831.jpg,https://fqeshthtycmzgyibiurq.supabase.co/storage/v1/object/public/crsnimages/catalogo/01ee48f6-2a14-48c6-8f93-21eb6106b9dd.jpg,44213,17652,blanco,ok,
38037,ESOMEPRAZOL 20 MG X 14 TABLETAS RECUBIERTAS,https://mav.farmaciasaas.com/api/images/articulos/DISTRIBUCION/21060.jpg,https://fqeshthtycmzgyibiurq.supabase.co/storage/v1/object/public/crsnimages/catalogo/33929d18-c313-4107-96f1-37e953689db2.jpg,24817,16184,blanco,ok,
38038,ESOZ 20 MG X 14 TABLETAS RECUBIERTAS,https://mav.farmaciasaas.com/api/images/articulos/DISTRIBUCION/98439/98439.jpg,https://fqeshthtycmzgyibiurq.supabase.co/storage/v1/object/public/crsnimages/catalogo/da56c650-270d-4e15-a254-aa0014ebd0f6.jpg,51901,22998,blanco,ok,
38040,ESOZ 20 MG X 7 TABLETAS RECUBIERTAS,https://mav.farmaciasaas.com/api/images/articulos/DISTRIBUCION/18359.jpg,https://fqeshthtycmzgyibiurq.supabase.co/storage/v1/object/public/crsnimages/catalogo/242a843d-211a-4912-a398-3ac3d5b8c0c7.jpg,129842,21398,blanco,ok,
38039,ESOZ 20 MG X 28 TABLETAS RECUBIERTAS,https://mav.farmaciasaas.com/api/images/articulos/DISTRIBUCION/98438/98438.jpg,https://fqeshthtycmzgyibiurq.supabase.co/storage/v1/object/public/crsnimages/catalogo/4df23f65-2d97-47f8-a159-987c7e6f153e.jpg,55356,24917,blanco,ok,
38041,ESOZ 40 MG X 14 TABLETAS RECUBIERTAS DE LIBERACION RETARDADA,https://mav.farmaciasaas.com/api/images/articulos/DISTRIBUCION/97637/97637.jpg,https://fqeshthtycmzgyibiurq.supabase.co/storage/v1/object/public/crsnimages/catalogo/b0cafeaf-30ff-4543-9e80-087e425cb1f4.jpg,51627,22722,blanco,ok,
38042,ESOZ 40 MG X 28 TABLETAS RECUBIERTAS DE LIBERACION RETARDADA,https://mav.farmaciasaas.com/api/images/articulos/DISTRIBUCION/97588/97588.jpg,https://fqeshthtycmzgyibiurq.supabase.co/storage/v1/object/public/crsnimages/catalogo/354e0b9b-f967-4fea-bc5a-d000c151ad82.jpg,55643,25173,blanco,ok,
38043,ESOZ 40 MG X 7 TABLETAS RECUBIERTAS DE LIBERACION RETARDADA,https://mav.farmaciasaas.com/api/images/articulos/DISTRIBUCION/18360.jpg,https://fqeshthtycmzgyibiurq.supabase.co/storage/v1/object/public/crsnimages/catalogo/cc2853f2-9e9d-4938-bd5b-93676dd3509c.jpg,49559,21580,blanco,ok,
38046,ESPIRONOLACTONA 25 MG X 30 TABLETAS,https://mav.farmaciasaas.com/api/images/articulos/DISTRIBUCION/51325.jpg,https://fqeshthtycmzgyibiurq.supabase.co/storage/v1/object/public/crsnimages/catalogo/c019f62a-fada-45a2-a573-83a8fac66f49.jpg,64245,31141,blanco,ok,
38047,ESPIRONOLACTONA 25 MG X 20 TABLETAS,https://mav.farmaciasaas.com/api/images/articulos/DISTRIBUCION/5474.jpg,https://fqeshthtycmzgyibiurq.supabase.co/storage/v1/object/public/crsnimages/catalogo/9cc06c80-15f5-464b-a711-72b00942b014.jpg,59736,28051,blanco,ok,
38049,ESQUIDONE 2 MG X 30 TABLETAS RECUBIERTAS,https://mav.farmaciasaas.com/api/images/articulos/DISTRIBUCION/98680.jpg,https://fqeshthtycmzgyibiurq.supabase.co/storage/v1/object/public/crsnimages/catalogo/1da6b760-8dcd-45ba-a40d-c5762406f102.jpg,182469,27579,blanco,ok,
38050,ESQUIDONE 3 MG X 30 TABLETAS RECUBIERTAS,https://mav.farmaciasaas.com/api/images/articulos/DISTRIBUCION/98681.jpg,https://fqeshthtycmzgyibiurq.supabase.co/storage/v1/object/public/crsnimages/catalogo/69cfe0a5-3003-4b81-9879-82be359a53e7.jpg,177414,27377,blanco,ok,
38052,ETORICOXIB 90 MG X 10 TABLETAS RECUBIERTAS,https://mav.farmaciasaas.com/api/images/articulos/DISTRIBUCION/18572.jpg,https://fqeshthtycmzgyibiurq.supabase.co/storage/v1/object/public/crsnimages/catalogo/34eb69e1-c1c4-4774-b137-28a97092f184.jpg,24539,15875,blanco,ok,
38053,EUKENE 40 MG X 30 COMPRIMIDOS RECUBIERTOS,https://mav.farmaciasaas.com/api/images/articulos/DISTRIBUCION/27093.jpg,https://fqeshthtycmzgyibiurq.supabase.co/storage/v1/object/public/crsnimages/catalogo/d61daae6-1556-4c61-9cdf-08c53b7bcfd2.jpg,64865,32570,blanco,ok,
38051,ETORICOXIB 60 MG X 10 TABLETAS RECUBIERTAS,https://mav.farmaciasaas.com/api/images/articulos/DISTRIBUCION/18990.jpg,https://fqeshthtycmzgyibiurq.supabase.co/storage/v1/object/public/crsnimages/catalogo/2061b7e6-b842-4cab-9835-f0bdf326edac.jpg,24527,15889,blanco,ok,
38054,EUKENE HCT 40 MG - 12.5 MG X 30 COMPRIMIDOS RECUBIERTOS,https://mav.farmaciasaas.com/api/images/articulos/DISTRIBUCION/26422.jpg,https://fqeshthtycmzgyibiurq.supabase.co/storage/v1/object/public/crsnimages/catalogo/7e185470-7b0a-4b91-aeec-14988ccbef55.jpg,73523,37937,blanco,ok,
38055,EUKENE HCT 40 MG - 25 MG X 30 COMPRIMIDOS RECUBIERTOS,https://mav.farmaciasaas.com/api/images/articulos/DISTRIBUCION/26420.jpg,https://fqeshthtycmzgyibiurq.supabase.co/storage/v1/object/public/crsnimages/catalogo/2ddae2dc-968b-43b6-9a8f-66b1805b3567.jpg,74073,38573,blanco,ok,
38056,EUSILEN 4 MG X 15 COMPRIMIDOS,https://mav.farmaciasaas.com/api/images/articulos/DISTRIBUCION/97144.jpg,https://fqeshthtycmzgyibiurq.supabase.co/storage/v1/object/public/crsnimages/catalogo/557e1f33-17d9-4f7c-b34d-c89fbc9a2aa9.jpg,59278,24617,blanco,ok,
38057,EUSILEN 4 MG X 8 COMPRIMIDOS,https://mav.farmaciasaas.com/api/images/articulos/DISTRIBUCION/8831.jpg,https://fqeshthtycmzgyibiurq.supabase.co/storage/v1/object/public/crsnimages/catalogo/2b72bae9-2851-4a05-9eef-6652a2ea53f3.jpg,66535,32204,blanco,ok,
38058,EUTEBROL 20 MG X 30 COMPRIMIDOS,https://mav.farmaciasaas.com/api/images/articulos/DISTRIBUCION/28314.jpg,https://fqeshthtycmzgyibiurq.supabase.co/storage/v1/object/public/crsnimages/catalogo/00a7eab1-bbe0-419d-92e3-9eb0cceeb6c6.jpg,111033,33241,blanco,ok,
38059,EVABOLIN 25 MG X 30 TABLETAS RECUBIERTAS,https://mav.farmaciasaas.com/api/images/articulos/DISTRIBUCION/53346.jpg,https://fqeshthtycmzgyibiurq.supabase.co/storage/v1/object/public/crsnimages/catalogo/faf36586-1a4e-41e4-9509-bb1aa9b25872.jpg,74749,34758,blanco,ok,
38060,EXOM 20 MG X 14 CAPSULAS CON MICROGRANULOS GASTRORRESISTENTES,https://mav.farmaciasaas.com/api/images/articulos/DISTRIBUCION/24978.jpg,https://fqeshthtycmzgyibiurq.supabase.co/storage/v1/object/public/crsnimages/catalogo/e44389be-7d75-42f7-83f4-a63c4c72f331.jpg,76040,34951,blanco,ok,
38061,EXOVIS DUO 875 MG - 125 MG X 14 TABLETAS RECUBIERTAS,https://mav.farmaciasaas.com/api/images/articulos/DISTRIBUCION/22553.jpg,https://fqeshthtycmzgyibiurq.supabase.co/storage/v1/object/public/crsnimages/catalogo/041b3ff4-39ff-46f5-a6cb-675841b16028.jpg,46431,18218,blanco,ok,
38062,EZOLIUM 20 MG X 30 CAPSULAS,https://mav.farmaciasaas.com/api/images/articulos/DISTRIBUCION/93948.jpg,https://fqeshthtycmzgyibiurq.supabase.co/storage/v1/object/public/crsnimages/catalogo/92c475b0-df00-426b-8515-892d972b86b0.jpg,82791,35759,blanco,ok,
38064,FAMULCER 40 MG X 10 TABLETAS,https://mav.farmaciasaas.com/api/images/articulos/DISTRIBUCION/6884.jpg,https://fqeshthtycmzgyibiurq.supabase.co/storage/v1/object/public/crsnimages/catalogo/e9013e67-54ae-43f7-b6e0-fa1a65fe4ded.jpg,78064,35505,blanco,ok,
38063,EZOLIUM 40 MG X 30 CAPSULAS,https://mav.farmaciasaas.com/api/images/articulos/DISTRIBUCION/93949.jpg,https://fqeshthtycmzgyibiurq.supabase.co/storage/v1/object/public/crsnimages/catalogo/bfa112fd-6bb3-45f4-94c4-9d3c049b79d6.jpg,125770,60899,blanco,ok,
38065,FARBICIL 1 % CREMA,https://mav.farmaciasaas.com/api/images/articulos/DISTRIBUCION/91417.jpg,https://fqeshthtycmzgyibiurq.supabase.co/storage/v1/object/public/crsnimages/catalogo/221a2ee2-fc9d-4018-9b8c-b1f8fd7b8b64.jpg,44183,17716,blanco,ok,
38067,FEBRILIX 120 MG / 5 ML SOLUCION ORAL,https://mav.farmaciasaas.com/api/images/articulos/DISTRIBUCION/8453.jpg,https://fqeshthtycmzgyibiurq.supabase.co/storage/v1/object/public/crsnimages/catalogo/13077e35-b354-4e8d-b1b4-2130fc33f624.jpg,84938,41398,blanco,ok,
38068,FEBRILIX 500 MG X 20 TABLETAS,https://mav.farmaciasaas.com/api/images/articulos/DISTRIBUCION/7037.jpg,https://fqeshthtycmzgyibiurq.supabase.co/storage/v1/object/public/crsnimages/catalogo/81fef9e3-8194-4790-a4f1-b74ecec91429.jpg,93592,47298,blanco,ok,
38069,FEBRIP 500 MG X 20 COMPRIMIDOS,https://mav.farmaciasaas.com/api/images/articulos/DISTRIBUCION/54399.jpg,https://fqeshthtycmzgyibiurq.supabase.co/storage/v1/object/public/crsnimages/catalogo/edd3eded-427a-45df-bcba-5e5c51697eff.jpg,22464,14600,blanco,ok,
38076,FERGANIC 40 MG X 24 CAPSULAS,https://mav.farmaciasaas.com/api/images/articulos/DISTRIBUCION/8790.jpg,https://fqeshthtycmzgyibiurq.supabase.co/storage/v1/object/public/crsnimages/catalogo/d9ae5694-aff9-4a9e-b7ae-ae1eff5398c5.jpg,70093,30907,blanco,ok,
38071,FEMMEXTRA 200 MG - 10 MG X 10 CAPSULAS,https://pccentro.net.ve/img/s/3/0/7/4/8/30748-large_default.webp,https://fqeshthtycmzgyibiurq.supabase.co/storage/v1/object/public/crsnimages/catalogo/78f07249-9516-48ea-b7af-a7da4d9b1aca.jpg,31960,59784,blanco,ok,
38070,FEBRIP 180 MG / 5 ML SOLUCION ORAL,https://mav.farmaciasaas.com/api/images/articulos/DISTRIBUCION/27532.jpg,https://fqeshthtycmzgyibiurq.supabase.co/storage/v1/object/public/crsnimages/catalogo/a6553cc5-17ff-41ac-8383-3786657f9e3f.jpg,76216,39921,blanco,ok,
38077,FERGANIC 40 MG X 30 CAPSULAS,https://mav.farmaciasaas.com/api/images/articulos/DISTRIBUCION/53159.jpg,https://fqeshthtycmzgyibiurq.supabase.co/storage/v1/object/public/crsnimages/catalogo/fbe8aa8a-03f3-4274-9474-44ef32e4f6d6.jpg,47743,19908,blanco,ok,
38079,FERGANIC FOLIC 40 MG - 360 MCG / 15 ML X 20 JARABE,https://mav.farmaciasaas.com/api/images/articulos/DISTRIBUCION/52465.jpg,https://fqeshthtycmzgyibiurq.supabase.co/storage/v1/object/public/crsnimages/catalogo/483130a5-9e36-4822-bfc8-76181549d988.jpg,65852,32272,blanco,ok,
38080,FERGANIC FOLIC 40 MG - 360 MCG / 15 ML X 1 JARABE,https://mav.farmaciasaas.com/api/images/articulos/DISTRIBUCION/52465.jpg,https://fqeshthtycmzgyibiurq.supabase.co/storage/v1/object/public/crsnimages/catalogo/f8d92606-0351-4b5c-931e-90de420fe13f.jpg,65852,32272,blanco,ok,
38081,FERGANIC FOLIC 40 MG - 360 MCG / 15 ML X 30 JARABE,https://mav.farmaciasaas.com/api/images/articulos/DISTRIBUCION/52465.jpg,https://fqeshthtycmzgyibiurq.supabase.co/storage/v1/object/public/crsnimages/catalogo/a452f774-312d-475d-84c8-280071dba6ba.jpg,65852,32272,blanco,ok,
38082,FERGANIC 40 MG / 15 ML SOLUCION ORAL,https://mav.farmaciasaas.com/api/images/articulos/DISTRIBUCION/8791.jpg,https://fqeshthtycmzgyibiurq.supabase.co/storage/v1/object/public/crsnimages/catalogo/02011f08-8219-423a-9c4e-f45d1ee801ea.jpg,61648,28497,blanco,ok,
38083,FERGANIC 100 MG / 5 ML X 1 AMPOLLA,https://mav.farmaciasaas.com/api/images/articulos/DISTRIBUCION/52639.jpg,https://fqeshthtycmzgyibiurq.supabase.co/storage/v1/object/public/crsnimages/catalogo/64a03f2c-7935-479c-aa47-98bd86c291a7.jpg,71479,32147,blanco,ok,
38084,FERROCE 300 MG - 50 MG X 30 TABLETAS ENTERICAS,https://pccentro.net.ve/img/s/7/5/8/1/6/75816-large_default.webp,https://fqeshthtycmzgyibiurq.supabase.co/storage/v1/object/public/crsnimages/catalogo/2a1af9ab-bae3-4d0b-a0f9-2eac3f77b41e.jpg,12456,15602,blanco,ok,
38085,FERROCE CON B12 JARABE,https://pccentro.net.ve/img/s/7/5/8/1/8/75818-large_default.webp,https://fqeshthtycmzgyibiurq.supabase.co/storage/v1/object/public/crsnimages/catalogo/9571c76f-00be-4cdd-8bdb-3c96603691d7.jpg,12272,16559,blanco,ok,
38089,FEXOFENADINA CLORHIDRATO 120 MG X 10 TABLETAS RECUBIERTAS,https://pccentro.net.ve/img/s/8/3/9/6/9/83969-large_default.webp,https://fqeshthtycmzgyibiurq.supabase.co/storage/v1/object/public/crsnimages/catalogo/4c9ce35b-0b56-4e03-b8fb-19e43262dedc.jpg,53822,33481,blanco,ok,
38091,FINASTERIDE 5 MG X 30 TABLETAS RECUBIERTAS,https://mav.farmaciasaas.com/api/images/articulos/DISTRIBUCION/12033.jpg,https://fqeshthtycmzgyibiurq.supabase.co/storage/v1/object/public/crsnimages/catalogo/88a4858b-94ed-43f0-9739-340bd92d3829.jpg,24796,16180,blanco,ok,
38094,FISIOLIN 0.65 % SOLUCION NASAL,https://mav.farmaciasaas.com/api/images/articulos/DISTRIBUCION/23647.jpg,https://fqeshthtycmzgyibiurq.supabase.co/storage/v1/object/public/crsnimages/catalogo/5a211ede-3c22-4652-989f-2d7408922a73.jpg,54113,20156,blanco,ok,
38095,FITEX 20 MG X 1 TABLETA,https://mav.farmaciasaas.com/api/images/articulos/DISTRIBUCION/99114.jpg,https://fqeshthtycmzgyibiurq.supabase.co/storage/v1/object/public/crsnimages/catalogo/9ececc5b-f01f-4821-9eb2-e6b8b2cb9ca1.jpg,73381,36217,blanco,ok,
38096,FITEX 20 MG X 2 TABLETAS,https://mav.farmaciasaas.com/api/images/articulos/DISTRIBUCION/99115.jpg,https://fqeshthtycmzgyibiurq.supabase.co/storage/v1/object/public/crsnimages/catalogo/3f262ea6-f7ce-4e21-bf23-16996911d26b.jpg,81504,42536,blanco,ok,
38097,FITEX 5 MG X 10 TABLETAS,https://mav.farmaciasaas.com/api/images/articulos/DISTRIBUCION/20284.jpg,https://fqeshthtycmzgyibiurq.supabase.co/storage/v1/object/public/crsnimages/catalogo/c28935ee-98cd-4ceb-95a2-5f6b8b006c1b.jpg,53925,24613,blanco,ok,
38098,FITEX 5 MG X 30 TABLETAS,https://pccentro.net.ve/img/s/3/0/8/7/0/30870-large_default.webp,https://fqeshthtycmzgyibiurq.supabase.co/storage/v1/object/public/crsnimages/catalogo/c6964e0e-1feb-4347-ac6a-ccba3179a0d2.jpg,11192,26643,blanco,ok,
38090,FEXORAT 30 MG / 5 ML SUSPENSION ORAL,https://mav.farmaciasaas.com/api/images/articulos/DISTRIBUCION/53627.jpg,https://fqeshthtycmzgyibiurq.supabase.co/storage/v1/object/public/crsnimages/catalogo/0baea055-b33f-488b-83f5-1dc799c9f5f5.jpg,76881,36039,blanco,ok,
38100,FLAVOL 300 MG X 20 CAPSULAS,https://mav.farmaciasaas.com/api/images/articulos/DISTRIBUCION/4190.jpg,https://fqeshthtycmzgyibiurq.supabase.co/storage/v1/object/public/crsnimages/catalogo/e8a0bb70-f97d-4780-a4b4-910190a8aaab.jpg,81824,44376,blanco,ok,
38101,GENLET 200 MG X 10 COMPRIMIDOS RECUBIERTOS,https://mav.farmaciasaas.com/api/images/articulos/DISTRIBUCION/50060.jpg,https://fqeshthtycmzgyibiurq.supabase.co/storage/v1/object/public/crsnimages/catalogo/66fb61c0-a808-4323-a0e4-144ff3c22897.jpg,48195,21899,blanco,ok,
38105,FLEMIBAR 20 MG - 2500 MG / 5 ML X 3 AMPOLLAS,https://mav.farmaciasaas.com/api/images/articulos/DISTRIBUCION/29271.jpg,https://fqeshthtycmzgyibiurq.supabase.co/storage/v1/object/public/crsnimages/catalogo/3fdd85c4-4b85-4318-a190-a914d6159136.jpg,60236,27469,blanco,ok,
38106,FLEMIBAR 10 MG - 250 MG X 10 COMPRIMIDOS RECUBIERTOS,https://mav.farmaciasaas.com/api/images/articulos/DISTRIBUCION/28552.jpg,https://fqeshthtycmzgyibiurq.supabase.co/storage/v1/object/public/crsnimages/catalogo/62005af2-d5e7-4db0-9166-fd0dc9afe5e6.jpg,61118,26503,blanco,ok,
38107,FLENOX 15 MG / 5 ML SOLUCION ORAL,https://mav.farmaciasaas.com/api/images/articulos/DISTRIBUCION/50900.jpg,https://fqeshthtycmzgyibiurq.supabase.co/storage/v1/object/public/crsnimages/catalogo/94da0ffb-d445-47e2-b09e-8effb68aa54d.jpg,59195,28180,blanco,ok,
38108,FLINAS 0.05 % X 140 SUSPENSION NASAL PARA NEBULIZAR,https://mav.farmaciasaas.com/api/images/articulos/DISTRIBUCION/91716.jpg,https://fqeshthtycmzgyibiurq.supabase.co/storage/v1/object/public/crsnimages/catalogo/a4e7e620-0d78-429a-94ec-51d4a2ec09f3.jpg,40264,15786,blanco,ok,
38109,FLODONT 0.15 % ENJUAGUE BUCAL,https://mav.farmaciasaas.com/api/images/articulos/DISTRIBUCION/10367.jpg,https://fqeshthtycmzgyibiurq.supabase.co/storage/v1/object/public/crsnimages/catalogo/29407dd6-28e8-4f57-a520-429abf1a5416.jpg,54598,26113,blanco,ok,
38110,FLOMED 0.15 % - 0.25 % SOLUCION TOPICA BUCAL ATOMIZADORA,https://mav.farmaciasaas.com/api/images/articulos/DISTRIBUCION/16421.jpg,https://fqeshthtycmzgyibiurq.supabase.co/storage/v1/object/public/crsnimages/catalogo/9ebc7b5e-00a4-4b1c-b397-821b610a5a08.jpg,41649,16411,blanco,ok,
38111,FLUCON 150 MG X 2 CAPSULAS,https://mav.farmaciasaas.com/api/images/articulos/DISTRIBUCION/9690.jpg,https://fqeshthtycmzgyibiurq.supabase.co/storage/v1/object/public/crsnimages/catalogo/0b8cf70e-af11-49f2-b0bf-ccf46337fd70.jpg,89400,40327,blanco,ok,
38114,FLUCONAZOL 150 MG X 2 CAPSULAS,https://mav.farmaciasaas.com/api/images/articulos/DISTRIBUCION/9668.jpg,https://fqeshthtycmzgyibiurq.supabase.co/storage/v1/object/public/crsnimages/catalogo/a255297f-b71e-4055-82cf-a4a5f8fa855e.jpg,25513,16638,blanco,ok,
38116,FLUCONAZOL 150 MG X 2 CAPSULAS,https://mav.farmaciasaas.com/api/images/articulos/DISTRIBUCION/4546.jpg,https://fqeshthtycmzgyibiurq.supabase.co/storage/v1/object/public/crsnimages/catalogo/77dc5946-c8e9-47ae-a63c-4f2fb1afad1a.jpg,56324,26153,blanco,ok,
38117,FLUCONAZOL 150 MG X 2 CAPSULAS,https://mav.farmaciasaas.com/api/images/articulos/DISTRIBUCION/8645.jpg,https://fqeshthtycmzgyibiurq.supabase.co/storage/v1/object/public/crsnimages/catalogo/c2f82725-5e96-44b5-b6fb-119cacc9df1b.jpg,250411,35255,blanco,ok,
38122,FLUDIL 10 MG X 20 TABLETAS,https://mav.farmaciasaas.com/api/images/articulos/DISTRIBUCION/1790.jpg,https://fqeshthtycmzgyibiurq.supabase.co/storage/v1/object/public/crsnimages/catalogo/a79a7478-1c9b-4921-bfca-402d0a778baf.jpg,52357,23016,blanco,ok,
38123,FLUDIL 10 MG X 40 TABLETAS,https://mav.farmaciasaas.com/api/images/articulos/DISTRIBUCION/95624.jpg,https://fqeshthtycmzgyibiurq.supabase.co/storage/v1/object/public/crsnimages/catalogo/0c17b316-123a-4394-b6ae-86f04e3df1e7.jpg,42402,16348,blanco,ok,
38124,FLUMAZENIL 0.5 MG / 5 ML X 1 AMPOLLA,https://mav.farmaciasaas.com/api/images/articulos/DISTRIBUCION/53237.jpg,https://fqeshthtycmzgyibiurq.supabase.co/storage/v1/object/public/crsnimages/catalogo/408d16bd-37a1-453c-98e8-ab2332692a33.jpg,39707,14084,blanco,ok,
38127,FLUOXETINA 20 MG X 14 CAPSULAS,https://mav.farmaciasaas.com/api/images/articulos/DISTRIBUCION/3221.jpg,https://fqeshthtycmzgyibiurq.supabase.co/storage/v1/object/public/crsnimages/catalogo/ef3a632d-2e67-4c12-ab7c-bc7047548f8a.jpg,120724,26630,blanco,ok,
38130,FOLIFER B-12 X 30 TABLETAS,https://mav.farmaciasaas.com/api/images/articulos/DISTRIBUCION/5344.jpg,https://fqeshthtycmzgyibiurq.supabase.co/storage/v1/object/public/crsnimages/catalogo/3fecb87f-fad5-45bd-9e19-f65c79b7eb47.jpg,74533,38769,blanco,ok,
38129,FLUOXETINA 20 MG X 30 TABLETAS RECUBIERTAS,https://pccentro.net.ve/img/s/8/5/3/1/1/85311-large_default.webp,https://fqeshthtycmzgyibiurq.supabase.co/storage/v1/object/public/crsnimages/catalogo/0574bab8-ac86-4981-b138-ea7061a5e986.jpg,65598,38197,blanco,ok,
38132,FOSFATO DE POTASIO MONOBASICO 1 MEQ / ML SOLUCION INYECTABLE I.V.,https://mav.farmaciasaas.com/api/images/articulos/DISTRIBUCION/28881.jpg,https://fqeshthtycmzgyibiurq.supabase.co/storage/v1/object/public/crsnimages/catalogo/78d65776-2db6-4f91-a914-3b920826a124.jpg,51319,21983,blanco,ok,
38133,FOSFOLIT 21.6 G - 8.1 G / 45 ML SOLUCION ORAL,https://mav.farmaciasaas.com/api/images/articulos/DISTRIBUCION/17761.jpg,https://fqeshthtycmzgyibiurq.supabase.co/storage/v1/object/public/crsnimages/catalogo/15ddf37c-be1f-4799-99ee-7cf06710b944.jpg,41665,16901,blanco,ok,
38135,FUGOLIN 1 % SOLUCION,https://mav.farmaciasaas.com/api/images/articulos/DISTRIBUCION/2986.jpg,https://fqeshthtycmzgyibiurq.supabase.co/storage/v1/object/public/crsnimages/catalogo/5f6bad38-786c-473b-9367-06f1caf6bf38.jpg,84766,42195,blanco,ok,
38131,TIMOLOL - DORZOLAMIDA 0.5 % - 2 % X 28 SOLUCION OFTALMICA,https://pccentro.net.ve/img/s/7/5/6/4/0/75640-large_default.webp,https://fqeshthtycmzgyibiurq.supabase.co/storage/v1/object/public/crsnimages/catalogo/6ee2ca24-9dba-44c6-ac20-829c0e53ed06.jpg,10784,25760,blanco,ok,
38136,FULGRAM 875 MG - 125 MG X 16 COMPRIMIDOS RECUBIERTOS,https://mav.farmaciasaas.com/api/images/articulos/DISTRIBUCION/17884.jpg,https://fqeshthtycmzgyibiurq.supabase.co/storage/v1/object/public/crsnimages/catalogo/4a05d458-824b-4611-bc3e-db4e56656123.jpg,68577,33231,blanco,ok,
38138,FUNTRAZOL 100 MG X 10 CAPSULAS,https://mav.farmaciasaas.com/api/images/articulos/DISTRIBUCION/21367.jpg,https://fqeshthtycmzgyibiurq.supabase.co/storage/v1/object/public/crsnimages/catalogo/7091a0e8-42a8-4064-8bdb-0a3ccc5fcada.jpg,55610,24701,blanco,ok,
38140,FUROSEMIDA 20 MG X 12 TABLETAS,https://mav.farmaciasaas.com/api/images/articulos/DISTRIBUCION/5054.jpg,https://fqeshthtycmzgyibiurq.supabase.co/storage/v1/object/public/crsnimages/catalogo/29bfcb51-b7a3-4775-8b9b-192954b8b368.jpg,47022,20543,blanco,ok,
38141,FUROSEMIDA 20 MG X 24 TABLETAS,https://mav.farmaciasaas.com/api/images/articulos/DISTRIBUCION/54373.jpg,https://fqeshthtycmzgyibiurq.supabase.co/storage/v1/object/public/crsnimages/catalogo/76bea5b9-4f76-48f9-b9f9-59031541033e.jpg,21763,14784,blanco,ok,
38143,FUROSEMIDA 40 MG X 12 TABLETAS,https://mav.farmaciasaas.com/api/images/articulos/DISTRIBUCION/51326.jpg,https://fqeshthtycmzgyibiurq.supabase.co/storage/v1/object/public/crsnimages/catalogo/04cb10f3-86a6-4595-b18d-8b059512e3e2.jpg,54100,25342,blanco,ok,
38142,FUROSEMIDA 40 MG X 12 COMPRIMIDOS,https://mav.farmaciasaas.com/api/images/articulos/DISTRIBUCION/23177.jpg,https://fqeshthtycmzgyibiurq.supabase.co/storage/v1/object/public/crsnimages/catalogo/6364731a-f8dc-46b4-9cdc-30e3a6c337e8.jpg,473220,46423,blanco,ok,
38144,FUROSEMIDA 40 MG X 24 TABLETAS,https://mav.farmaciasaas.com/api/images/articulos/DISTRIBUCION/5296.jpg,https://fqeshthtycmzgyibiurq.supabase.co/storage/v1/object/public/crsnimages/catalogo/8dd87882-1877-4c67-ad33-ccff41e24f68.jpg,55548,26056,blanco,ok,
38146,GABAPANTINA 300 MG X 20 CAPSULAS,https://mav.farmaciasaas.com/api/images/articulos/DISTRIBUCION/97483.jpg,https://fqeshthtycmzgyibiurq.supabase.co/storage/v1/object/public/crsnimages/catalogo/9f19b078-7726-41cf-a952-9cdf4806d98a.jpg,25365,16496,blanco,ok,
38149,GABOX 200 MG X 20 COMPRIMIDOS,https://mav.farmaciasaas.com/api/images/articulos/DISTRIBUCION/6134.jpg,https://fqeshthtycmzgyibiurq.supabase.co/storage/v1/object/public/crsnimages/catalogo/d5bedf95-7832-4e30-9ac7-8fa53ef665fc.jpg,71745,34566,blanco,ok,
38150,GARABET 0.3 % - 0.1 % SOLUCION OFTALMICA,https://mav.farmaciasaas.com/api/images/articulos/DISTRIBUCION/7339.jpg,https://fqeshthtycmzgyibiurq.supabase.co/storage/v1/object/public/crsnimages/catalogo/dac567e4-3a45-4645-8a9a-5418e1251d77.jpg,62369,23993,blanco,ok,
38151,GARDENAL 100 MG X 30 COMPRIMIDOS,https://mav.farmaciasaas.com/api/images/articulos/DISTRIBUCION/1477.jpg,https://fqeshthtycmzgyibiurq.supabase.co/storage/v1/object/public/crsnimages/catalogo/3f7820d1-cf88-4cc6-9e6a-15c646c8c1f0.jpg,23151,15231,blanco,ok,
38152,GENESA 3 MG-20 MCG X 28 COMPRIMIDOS RECUBIERTOS,https://mav.farmaciasaas.com/api/images/articulos/DISTRIBUCION/13744.jpg,https://fqeshthtycmzgyibiurq.supabase.co/storage/v1/object/public/crsnimages/catalogo/4800d2e8-7261-4b85-a66a-f0f741b2f49c.jpg,66330,31698,blanco,ok,
38156,GENTAMICINA 0.3 % SOLUCION OFTALMICA,https://mav.farmaciasaas.com/api/images/articulos/DISTRIBUCION/5334.jpg,https://fqeshthtycmzgyibiurq.supabase.co/storage/v1/object/public/crsnimages/catalogo/6a6354db-086c-4585-bc88-2d6ef903b41b.jpg,74529,29770,blanco,ok,
38161,GLICAZET 500 MG / 5 MG TABLETAS RECUBIERTAS,https://mav.farmaciasaas.com/api/images/articulos/DISTRIBUCION/26018.jpg,https://fqeshthtycmzgyibiurq.supabase.co/storage/v1/object/public/crsnimages/catalogo/2ade4c28-f0da-4969-ab9a-c43cf0b000e7.jpg,46504,20003,blanco,ok,
38162,GLICERINA 2.44 G X 6 SUPOSITORIOS,https://mav.farmaciasaas.com/api/images/articulos/DISTRIBUCION/53074.jpg,https://fqeshthtycmzgyibiurq.supabase.co/storage/v1/object/public/crsnimages/catalogo/c32f20d4-5b33-4f4d-8eb0-b2af0030cece.jpg,69906,32217,blanco,ok,
38163,GLIDAN 80 MG X 20 TABLETAS,https://mav.farmaciasaas.com/api/images/articulos/DISTRIBUCION/9706.jpg,https://fqeshthtycmzgyibiurq.supabase.co/storage/v1/object/public/crsnimages/catalogo/ddf7e061-10fe-4488-9aa4-a4979dbb4489.jpg,61686,29711,blanco,ok,
38164,GLIFORMIN 1000 MG X 30 TABLETAS RECUBIERTAS,https://mav.farmaciasaas.com/api/images/articulos/DISTRIBUCION/22351.jpg,https://fqeshthtycmzgyibiurq.supabase.co/storage/v1/object/public/crsnimages/catalogo/704a8858-48a0-499e-bd31-3071ce681c33.jpg,54448,22666,blanco,ok,
38165,GLIFORMIN 850 MG X 30 TABLETAS RECUBIERTAS,https://mav.farmaciasaas.com/api/images/articulos/DISTRIBUCION/23014.jpg,https://fqeshthtycmzgyibiurq.supabase.co/storage/v1/object/public/crsnimages/catalogo/9e1b8b3a-16f4-4773-b0a4-b69c9ed0c646.jpg,63386,28273,blanco,ok,
38166,GLIMEPIRIDA 2 MG X 30 COMPRIMIDOS,https://mav.farmaciasaas.com/api/images/articulos/DISTRIBUCION/52337.jpg,https://fqeshthtycmzgyibiurq.supabase.co/storage/v1/object/public/crsnimages/catalogo/d865d076-b4ee-4fbd-81fa-e6f22df1bb6b.jpg,41988,16432,blanco,ok,
38167,GLIMEPIRIDA 4 MG X 15 COMPRIMIDOS,https://mav.farmaciasaas.com/api/images/articulos/DISTRIBUCION/52338.jpg,https://fqeshthtycmzgyibiurq.supabase.co/storage/v1/object/public/crsnimages/catalogo/fe1351b8-adeb-494a-a7cb-2389f7a44a35.jpg,58972,28243,blanco,ok,
38170,GLIPTIN 500 MG - 50 MG X 10 COMPRIMIDOS RECUBIERTOS,https://mav.farmaciasaas.com/api/images/articulos/DISTRIBUCION/26771.jpg,https://fqeshthtycmzgyibiurq.supabase.co/storage/v1/object/public/crsnimages/catalogo/a52e9ead-bc07-4447-9339-3e5d2420684c.jpg,53138,22499,blanco,ok,
38171,GLIPTIN 500 MG - 50 MG X 30 COMPRIMIDOS RECUBIERTOS,https://mav.farmaciasaas.com/api/images/articulos/DISTRIBUCION/28336.jpg,https://fqeshthtycmzgyibiurq.supabase.co/storage/v1/object/public/crsnimages/catalogo/8d061cf4-f316-44ac-9c71-829ba990c15d.jpg,48758,20509,blanco,ok,
38173,GLUCONATO FERROSO (50 MG / 15 ML DE HIERRO ELEMENTAL) SOLUCION ORAL,https://mav.farmaciasaas.com/api/images/articulos/DISTRIBUCION/98394/98394.jpg,https://fqeshthtycmzgyibiurq.supabase.co/storage/v1/object/public/crsnimages/catalogo/255435a3-23e9-4c3a-b046-3b95973f35e6.jpg,59364,28363,blanco,ok,
38174,GLUCOVAL 10 MG X 30 TABLETAS RECUBIERTAS,https://mav.farmaciasaas.com/api/images/articulos/DISTRIBUCION/53623.jpg,https://fqeshthtycmzgyibiurq.supabase.co/storage/v1/object/public/crsnimages/catalogo/d0be256b-b07b-442a-b8e8-5ab71b5a14e7.jpg,76808,34742,blanco,ok,
38175,GLUCOVAL 25 MG X 30 TABLETAS RECUBIERTAS,https://mav.farmaciasaas.com/api/images/articulos/DISTRIBUCION/53624.jpg,https://fqeshthtycmzgyibiurq.supabase.co/storage/v1/object/public/crsnimages/catalogo/612b12c8-34c4-4818-963f-223ec25c3408.jpg,69794,29607,blanco,ok,
38176,GLYMAR 2 MG X 20 TABLETAS,https://mav.farmaciasaas.com/api/images/articulos/DISTRIBUCION/9455.jpg,https://fqeshthtycmzgyibiurq.supabase.co/storage/v1/object/public/crsnimages/catalogo/13a5fac6-3658-431e-8aa4-0251e4f0549f.jpg,46353,18583,blanco,ok,
38178,GRATIO 500 MG X 10 TABLETAS RECUBIERTAS,https://mav.farmaciasaas.com/api/images/articulos/DISTRIBUCION/93745.jpg,https://fqeshthtycmzgyibiurq.supabase.co/storage/v1/object/public/crsnimages/catalogo/20900503-f16a-437b-a8da-dc280c65a746.jpg,65675,34148,blanco,ok,
38180,GULAPER 250 MG / 5 ML SOLUCION ORAL,https://mav.farmaciasaas.com/api/images/articulos/DISTRIBUCION/53409.jpg,https://fqeshthtycmzgyibiurq.supabase.co/storage/v1/object/public/crsnimages/catalogo/efdaed67-fe0f-4412-9707-45ae3d1cdd80.jpg,91375,48005,blanco,ok,
38181,GULAPER 250 MG / 5 ML SOLUCION ORAL SABOR A MENTA,https://mav.farmaciasaas.com/api/images/articulos/DISTRIBUCION/53409.jpg,https://fqeshthtycmzgyibiurq.supabase.co/storage/v1/object/public/crsnimages/catalogo/db2f0758-31a3-4332-96e6-e5194b59cfc4.jpg,91375,48005,blanco,ok,
38182,GULAPER 100 MG / 5 ML ORAL,https://mav.farmaciasaas.com/api/images/articulos/DISTRIBUCION/8704.jpg,https://fqeshthtycmzgyibiurq.supabase.co/storage/v1/object/public/crsnimages/catalogo/2d14d553-caf5-4585-aa10-8dc6d6115196.jpg,87929,47898,blanco,ok,
38183,GYNODERAIN 0.6 G X 6 OVULOS,https://mav.farmaciasaas.com/api/images/articulos/DISTRIBUCION/8278.jpg,https://fqeshthtycmzgyibiurq.supabase.co/storage/v1/object/public/crsnimages/catalogo/92813fec-252b-4e17-acdc-aeeed5ba97ca.jpg,20173,13172,blanco,ok,
38184,GYNOMET 750 MG - 200 MG X 7 OVULOS,https://mav.farmaciasaas.com/api/images/articulos/DISTRIBUCION/53056.jpg,https://fqeshthtycmzgyibiurq.supabase.co/storage/v1/object/public/crsnimages/catalogo/666ee617-605c-4ca5-b884-00f6eaa3000f.jpg,68350,34339,blanco,ok,
38186,HELAL 200 MG X 2 COMPRIMIDOS,https://mav.farmaciasaas.com/api/images/articulos/DISTRIBUCION/6546.jpg,https://fqeshthtycmzgyibiurq.supabase.co/storage/v1/object/public/crsnimages/catalogo/7f01f415-cd76-4f11-9d9f-7e7080f5bacd.jpg,69012,35678,blanco,ok,
38187,HEPAFOL B12 X 30 TABLETAS RECUBIERTAS,https://mav.farmaciasaas.com/api/images/articulos/DISTRIBUCION/1766.jpg,https://fqeshthtycmzgyibiurq.supabase.co/storage/v1/object/public/crsnimages/catalogo/b1ac3c47-33ce-46f5-9174-7893f2d7f7fa.jpg,56044,24314,blanco,ok,
38188,HEPROX 0.4 MG X 30 CAPSULAS DE LIBERACION PROLONGADA,https://mav.farmaciasaas.com/api/images/articulos/DISTRIBUCION/91510.jpg,https://fqeshthtycmzgyibiurq.supabase.co/storage/v1/object/public/crsnimages/catalogo/21100538-4954-48c2-a85b-d6b12a2e2e81.jpg,48506,19708,blanco,ok,
38189,HEXANTFLEM 250 MG / 5 ML SOLUCION ORAL,https://mav.farmaciasaas.com/api/images/articulos/DISTRIBUCION/53268.jpg,https://fqeshthtycmzgyibiurq.supabase.co/storage/v1/object/public/crsnimages/catalogo/b9552133-6a97-4dd4-ac99-de51a4a1e545.jpg,67030,31396,blanco,ok,
38190,LOSARTAN POTASICO - HIDROCLOROTIAZIDA 100 MG - 25 MG X 30 COMPRIMIDOS RECUBIERTOS,https://mav.farmaciasaas.com/api/images/articulos/DISTRIBUCION/54300.jpg,https://fqeshthtycmzgyibiurq.supabase.co/storage/v1/object/public/crsnimages/catalogo/d77c784a-5578-4c23-b60f-f40c0bb91fc9.jpg,21927,14676,blanco,ok,
38193,LOSARTAN POTASICO - HIDROCLOROTIAZIDA 50 MG -12.5 MG X 30 TABLETAS RECUBIERTAS,https://mav.farmaciasaas.com/api/images/articulos/DISTRIBUCION/53797.jpg,https://fqeshthtycmzgyibiurq.supabase.co/storage/v1/object/public/crsnimages/catalogo/76bcacd5-1267-4cff-a424-ad84fdf95c32.jpg,82257,38994,blanco,ok,
38194,LOSARTAN POTASICO - HIDROCLOROTIAZIDA 50 MG -12.5 MG X 10 TABLETAS RECUBIERTAS,https://mav.farmaciasaas.com/api/images/articulos/DISTRIBUCION/93777.jpg,https://fqeshthtycmzgyibiurq.supabase.co/storage/v1/object/public/crsnimages/catalogo/f4f03a4e-6ddf-4dd8-aae2-db7ecb1f8033.jpg,84526,38877,blanco,ok,
38199,PASIM FEM 20 MG - 400 MG X 10 COMPRIMIDOS RECUBIERTOS,https://mav.farmaciasaas.com/api/images/articulos/DISTRIBUCION/54299.jpg,https://fqeshthtycmzgyibiurq.supabase.co/storage/v1/object/public/crsnimages/catalogo/17d53383-0055-40b5-90de-f51849f3dfd7.jpg,19335,11792,blanco,ok,
38197,HIDROTEN 12.5 MG X 30 TABLETAS,https://mav.farmaciasaas.com/api/images/articulos/DISTRIBUCION/96218.jpg,https://fqeshthtycmzgyibiurq.supabase.co/storage/v1/object/public/crsnimages/catalogo/86163f11-4497-417b-8a45-9b050971f780.jpg,50334,21743,blanco,ok,
38203,HISTIVERT 24 MG X 30 COMPRIMIDOS,https://mav.farmaciasaas.com/api/images/articulos/DISTRIBUCION/16044.jpg,https://fqeshthtycmzgyibiurq.supabase.co/storage/v1/object/public/crsnimages/catalogo/672a52af-629b-49e4-aefa-a7b49eee7e12.jpg,43761,18164,blanco,ok,
38201,HISTALER 5 MG X 10 TABLETAS RECUBIERTAS,https://mav.farmaciasaas.com/api/images/articulos/DISTRIBUCION/30267.jpg,https://fqeshthtycmzgyibiurq.supabase.co/storage/v1/object/public/crsnimages/catalogo/d232c201-dfd8-4bd7-b2dd-dc4fa9bdc93e.jpg,208325,28374,blanco,ok,
38204,IBANDROMET 150 MG X 1 TABLETA RECUBIERTA,https://mav.farmaciasaas.com/api/images/articulos/DISTRIBUCION/97785.jpg,https://fqeshthtycmzgyibiurq.supabase.co/storage/v1/object/public/crsnimages/catalogo/8ca78028-1c13-469f-9584-d3c875fddb54.jpg,57173,26363,blanco,ok,
38205,IBECAR 150 MG X 30 TABLETAS RECUBIERTAS,https://mav.farmaciasaas.com/api/images/articulos/DISTRIBUCION/27009.jpg,https://fqeshthtycmzgyibiurq.supabase.co/storage/v1/object/public/crsnimages/catalogo/173035d3-ca9f-4628-afdb-0487ef2146b0.jpg,168477,27634,blanco,ok,
38206,IBECAR 300 MG X 30 TABLETAS RECUBIERTAS,https://mav.farmaciasaas.com/api/images/articulos/DISTRIBUCION/27010.jpg,https://fqeshthtycmzgyibiurq.supabase.co/storage/v1/object/public/crsnimages/catalogo/26c3b5b5-dc59-41df-a1ff-7979b2e50eda.jpg,172301,27498,blanco,ok,
38208,IBUCOLVAL 600 MG - 4 MG X 10 TABLETAS RECUBIERTAS,https://mav.farmaciasaas.com/api/images/articulos/DISTRIBUCION/50513.jpg,https://fqeshthtycmzgyibiurq.supabase.co/storage/v1/object/public/crsnimages/catalogo/894d6a69-d59a-49f4-95e0-97796eb98e3e.jpg,307416,35646,blanco,ok,
38209,IBUCOLVAL 600 MG - 4 MG X 20 TABLETAS RECUBIERTAS,https://mav.farmaciasaas.com/api/images/articulos/DISTRIBUCION/94906.jpg,https://fqeshthtycmzgyibiurq.supabase.co/storage/v1/object/public/crsnimages/catalogo/1a1fbe64-ca10-4903-ae71-da6df21d72d1.jpg,223921,34014,blanco,ok,
38207,IBLUFEN 800 MG X 10 TABLETAS,https://mav.farmaciasaas.com/api/images/articulos/DISTRIBUCION/23883.jpg,https://fqeshthtycmzgyibiurq.supabase.co/storage/v1/object/public/crsnimages/catalogo/6f7fccb1-caeb-425c-a555-4dcace23cb89.jpg,111015,46140,blanco,ok,
38210,IBUFENAC 400 MG X 20 CAPSULAS,https://mav.farmaciasaas.com/api/images/articulos/DISTRIBUCION/23089.jpg,https://fqeshthtycmzgyibiurq.supabase.co/storage/v1/object/public/crsnimages/catalogo/a42fb88e-fd17-4a49-8107-0cc696a121d1.jpg,48644,21572,blanco,ok,
38211,IBUMAX 100 MG / 5 ML SUSPENSION ORAL,https://mav.farmaciasaas.com/api/images/articulos/DISTRIBUCION/50304.jpg,https://fqeshthtycmzgyibiurq.supabase.co/storage/v1/object/public/crsnimages/catalogo/3300ffd2-0536-45ee-b3fa-ce75565fce1f.jpg,60721,27608,blanco,ok,
38212,IBUN 600 MG X 10 TABLETAS RECUBIERTAS,https://mav.farmaciasaas.com/api/images/articulos/DISTRIBUCION/26152.jpg,https://fqeshthtycmzgyibiurq.supabase.co/storage/v1/object/public/crsnimages/catalogo/61c49fe5-488b-4d7b-a5b8-1c0e3ad4d4ee.jpg,61652,30120,blanco,ok,
38213,IBUN 800 MG X 10 TABLETAS RECUBIERTAS,https://mav.farmaciasaas.com/api/images/articulos/DISTRIBUCION/53061.jpg,https://fqeshthtycmzgyibiurq.supabase.co/storage/v1/object/public/crsnimages/catalogo/0868f61a-6304-43b2-84bd-7fcc74421c07.jpg,76324,37767,blanco,ok,
38214,IBUPROFENO 600 MG X 10 COMPRIMIDOS RECUBIERTOS,https://mav.farmaciasaas.com/api/images/articulos/DISTRIBUCION/3823.jpg,https://fqeshthtycmzgyibiurq.supabase.co/storage/v1/object/public/crsnimages/catalogo/0dba4281-192a-4781-823f-4020e19e936e.jpg,64028,33438,blanco,ok,
38215,IBUPROFENO 800 MG X 10 COMPRIMIDOS,https://mav.farmaciasaas.com/api/images/articulos/DISTRIBUCION/50176.jpg,https://fqeshthtycmzgyibiurq.supabase.co/storage/v1/object/public/crsnimages/catalogo/846181b9-cc93-4012-bd7b-89e0c7511452.jpg,53708,24885,blanco,ok,
38217,IBUPROFENO 100 MG / 5 ML SUSPENSION ORAL,https://mav.farmaciasaas.com/api/images/articulos/DISTRIBUCION/99047.jpg,https://fqeshthtycmzgyibiurq.supabase.co/storage/v1/object/public/crsnimages/catalogo/529e3891-4c5c-4ef2-9847-8f78603d13a9.jpg,82719,41056,blanco,ok,
38218,IBUPROFENO 400 MG X 20 TABLETAS,https://mav.farmaciasaas.com/api/images/articulos/DISTRIBUCION/24334.jpg,https://fqeshthtycmzgyibiurq.supabase.co/storage/v1/object/public/crsnimages/catalogo/2f1d03dc-5fcf-49f4-a47e-a5395b065203.jpg,65333,31154,blanco,ok,
38220,IBUPROFENO 800 MG X 10 TABLETAS RECUBIERTAS,https://pccentro.net.ve/img/s/8/9/7/4/5/89745-large_default.webp,https://fqeshthtycmzgyibiurq.supabase.co/storage/v1/object/public/crsnimages/catalogo/ab76b671-9f1a-40b6-9f71-17cb77b9e836.jpg,38200,28775,blanco,ok,
38221,IBUPROFENO - TIOCOLCHICOSIDO 400 MG - 4 MG X 10 TABLETAS RECUBIERTAS,https://mav.farmaciasaas.com/api/images/articulos/DISTRIBUCION/94963.jpg,https://fqeshthtycmzgyibiurq.supabase.co/storage/v1/object/public/crsnimages/catalogo/2a73f883-1313-446d-8204-e8535140e79a.jpg,64990,31568,blanco,ok,
38219,IBUPROFENO 600 MG X 10 TABLETAS,https://mav.farmaciasaas.com/api/images/articulos/DISTRIBUCION/29649.jpg,https://fqeshthtycmzgyibiurq.supabase.co/storage/v1/object/public/crsnimages/catalogo/4659e8f5-2484-410e-a720-37cc072155b2.jpg,56761,27982,blanco,ok,
38222,IBUPROFENO 400 MG X 10 TABLETAS RECUBIERTAS,https://mav.farmaciasaas.com/api/images/articulos/DISTRIBUCION/10070.jpg,https://fqeshthtycmzgyibiurq.supabase.co/storage/v1/object/public/crsnimages/catalogo/c12c2fa2-5977-4812-b6c3-c66fb148c7a6.jpg,74704,34542,blanco,ok,
38223,IBUPROFENO 400 MG X 20 TABLETAS RECUBIERTAS,https://pccentro.net.ve/img/s/8/4/0/1/1/84011-large_default.webp,https://fqeshthtycmzgyibiurq.supabase.co/storage/v1/object/public/crsnimages/catalogo/44881572-9dbe-4e01-8ea5-104afd4ac4c4.jpg,41392,27961,blanco,ok,
38224,IBUPROFENO 400 MG X 10 TABLETAS RECUBIERTAS ENTERICAS,https://mav.farmaciasaas.com/api/images/articulos/DISTRIBUCION/92855.jpg,https://fqeshthtycmzgyibiurq.supabase.co/storage/v1/object/public/crsnimages/catalogo/d0a22acd-9702-487b-a541-0b7c8a1a4ed8.jpg,417539,43995,blanco,ok,
38225,IBUPROFENO 600 MG X 10 TABLETAS RECUBIERTAS,https://mav.farmaciasaas.com/api/images/articulos/DISTRIBUCION/10263.jpg,https://fqeshthtycmzgyibiurq.supabase.co/storage/v1/object/public/crsnimages/catalogo/d84670b3-c1d0-4c16-ae56-1af5f78bde35.jpg,24954,16303,blanco,ok,
38226,IBUTAN 100 MG / 5 ML SUSPENSION,https://mav.farmaciasaas.com/api/images/articulos/DISTRIBUCION/8970.jpg,https://fqeshthtycmzgyibiurq.supabase.co/storage/v1/object/public/crsnimages/catalogo/64d90324-1c7b-4525-93bc-893f291ff5f8.jpg,45570,18338,blanco,ok,
38227,IBUTAN 200 MG / 5 ML SUSPENSION,https://mav.farmaciasaas.com/api/images/articulos/DISTRIBUCION/94585.jpg,https://fqeshthtycmzgyibiurq.supabase.co/storage/v1/object/public/crsnimages/catalogo/e4b7d8db-3244-4a89-a0c7-87d272428876.jpg,73735,36258,blanco,ok,
38228,IBUTAN 200 MG X 10 TABLETAS,https://mav.farmaciasaas.com/api/images/articulos/DISTRIBUCION/4835.jpg,https://fqeshthtycmzgyibiurq.supabase.co/storage/v1/object/public/crsnimages/catalogo/aae94aa6-eddc-4656-8a73-d4d4e79ef729.jpg,60347,28546,blanco,ok,
38229,IBUTAN 400 MG X 10 TABLETAS,https://mav.farmaciasaas.com/api/images/articulos/DISTRIBUCION/8969.jpg,https://fqeshthtycmzgyibiurq.supabase.co/storage/v1/object/public/crsnimages/catalogo/1364a6b9-3a54-4655-b35d-901086f10e21.jpg,49780,19606,blanco,ok,
38230,IBUTAN 400 MG X 20 TABLETAS,https://mav.farmaciasaas.com/api/images/articulos/DISTRIBUCION/92332.jpg,https://fqeshthtycmzgyibiurq.supabase.co/storage/v1/object/public/crsnimages/catalogo/4a2f8ed9-edb5-4d30-8ce1-387390a60be1.jpg,59899,27920,blanco,ok,
38232,IBUTANCOL 400 MG - 4 MG X 10 TABLETAS,https://mav.farmaciasaas.com/api/images/articulos/DISTRIBUCION/14204.jpg,https://fqeshthtycmzgyibiurq.supabase.co/storage/v1/object/public/crsnimages/catalogo/792d5fda-ee6b-4e91-b429-00848c1fb03d.jpg,70461,34522,blanco,ok,
38231,IBUTAN 600 MG X 10 TABLETAS,https://mav.farmaciasaas.com/api/images/articulos/DISTRIBUCION/127.jpg,https://fqeshthtycmzgyibiurq.supabase.co/storage/v1/object/public/crsnimages/catalogo/ccfb0a1e-abba-4dc3-a305-65273decaba2.jpg,56445,24267,blanco,ok,
38233,IBUTANCOL 400 MG - 4 MG X 20 TABLETAS,https://mav.farmaciasaas.com/api/images/articulos/DISTRIBUCION/14205.jpg,https://fqeshthtycmzgyibiurq.supabase.co/storage/v1/object/public/crsnimages/catalogo/ce73eb45-e554-46d1-9a9d-f424cd11d21a.jpg,57017,26177,blanco,ok,
38234,IBUTANCOL 600 MG - 4 MG X 10 TABLETAS,https://mav.farmaciasaas.com/api/images/articulos/DISTRIBUCION/95589.jpg,https://fqeshthtycmzgyibiurq.supabase.co/storage/v1/object/public/crsnimages/catalogo/7bd93a0a-fe93-4df8-a6a2-38a67ca36bce.jpg,56529,25385,blanco,ok,
38235,IBUTANCOL 600 MG - 4 MG X 20 TABLETAS,https://mav.farmaciasaas.com/api/images/articulos/DISTRIBUCION/95590.jpg,https://fqeshthtycmzgyibiurq.supabase.co/storage/v1/object/public/crsnimages/catalogo/a48426f2-fc80-4717-9421-7582d7d95347.jpg,53430,23857,blanco,ok,
38236,IBUTANFEM 400 MG - 20 MG X 20 TABLETAS RECUBIERTAS,https://mav.farmaciasaas.com/api/images/articulos/DISTRIBUCION/25251.jpg,https://fqeshthtycmzgyibiurq.supabase.co/storage/v1/object/public/crsnimages/catalogo/6a228a22-b997-4737-b9d4-a7c63707c591.jpg,58049,26924,blanco,ok,
38237,IBUTANFEM 400 MG - 20 MG X 30 TABLETAS RECUBIERTAS,https://mav.farmaciasaas.com/api/images/articulos/DISTRIBUCION/25252.jpg,https://fqeshthtycmzgyibiurq.supabase.co/storage/v1/object/public/crsnimages/catalogo/9c27339d-2142-4a54-b3cb-65d09ee27c8f.jpg,58049,26924,blanco,ok,
38238,IDOXEN 75 MG X 30 CAPSULAS DE LIBERACION PROLONGADA,https://mav.farmaciasaas.com/api/images/articulos/DISTRIBUCION/29527.jpg,https://fqeshthtycmzgyibiurq.supabase.co/storage/v1/object/public/crsnimages/catalogo/0c006f06-92e9-4209-bb80-a3b125b58163.jpg,55313,24832,blanco,ok,
38239,IDOXEN 150 MG X 10 CAPSULAS DE LIBERACION PROLONGADA,https://mav.farmaciasaas.com/api/images/articulos/DISTRIBUCION/5699.jpg,https://fqeshthtycmzgyibiurq.supabase.co/storage/v1/object/public/crsnimages/catalogo/d0fb11cd-189d-4084-8acd-7eb736ac1d2b.jpg,41778,16539,blanco,ok,
38241,ILTUX 20 MG X 28 COMPRIMIDOS RECUBIERTOS,https://mav.farmaciasaas.com/api/images/articulos/DISTRIBUCION/93907.jpg,https://fqeshthtycmzgyibiurq.supabase.co/storage/v1/object/public/crsnimages/catalogo/b11fda3f-88ec-472c-b3b4-c51722895299.jpg,21912,13987,blanco,ok,
38242,IMAZOL DUAL 500 MG CAPSULA BLANDA VAGINAL + 1 % X 1 CREMA VAGINAL,https://mav.farmaciasaas.com/api/images/articulos/DISTRIBUCION/8397.jpg,https://fqeshthtycmzgyibiurq.supabase.co/storage/v1/object/public/crsnimages/catalogo/9c3f8e05-6a2e-404b-9f87-0ac0405e7a0d.jpg,59845,28168,blanco,ok,
38243,IMAZOL 1 % POLVO,https://mav.farmaciasaas.com/api/images/articulos/DISTRIBUCION/11071.jpg,https://fqeshthtycmzgyibiurq.supabase.co/storage/v1/object/public/crsnimages/catalogo/d1944afc-463d-4618-9e35-5c98e90b8c37.jpg,43547,17485,blanco,ok,
38244,IMAZOL 1 % SOLUCION TOPICA ATOMIZADOR,https://mav.farmaciasaas.com/api/images/articulos/DISTRIBUCION/1853.jpg,https://fqeshthtycmzgyibiurq.supabase.co/storage/v1/object/public/crsnimages/catalogo/bd3e606f-cae3-4541-ab32-4523adec2163.jpg,55748,25348,blanco,ok,
38246,INIBIL 20 MG X 14 COMPRIMIDOS CON CUBIERTA ENTERICA,https://mav.farmaciasaas.com/api/images/articulos/DISTRIBUCION/13662.jpg,https://fqeshthtycmzgyibiurq.supabase.co/storage/v1/object/public/crsnimages/catalogo/82f9bc5c-fa84-4089-be7a-98cd20530e93.jpg,63201,18337,blanco,ok,
38247,INIBIL 40 MG X 14 COMPRIMIDOS CON CUBIERTA ENTERICA,https://mav.farmaciasaas.com/api/images/articulos/DISTRIBUCION/13661.jpg,https://fqeshthtycmzgyibiurq.supabase.co/storage/v1/object/public/crsnimages/catalogo/56ceb705-b782-476d-bc03-3174ecc23020.jpg,60424,17924,blanco,ok,
38248,IPALAT 1 % CREMA,https://mav.farmaciasaas.com/api/images/articulos/DISTRIBUCION/10960.jpg,https://fqeshthtycmzgyibiurq.supabase.co/storage/v1/object/public/crsnimages/catalogo/dfaea86a-e878-43a8-afda-6e566c94d17e.jpg,64214,28870,blanco,ok,
38245,IMAZOL 100 MG X 6 TABLETAS VAGINALES,https://mav.farmaciasaas.com/api/images/articulos/DISTRIBUCION/1854.jpg,https://fqeshthtycmzgyibiurq.supabase.co/storage/v1/object/public/crsnimages/catalogo/8dd6e9be-f5ec-4591-b1dc-6ef8a9d09dfc.jpg,63323,31285,blanco,ok,
38251,IPROXIN 500 MG X 12 TABLETAS RECUBIERTAS,https://mav.farmaciasaas.com/api/images/articulos/DISTRIBUCION/91152.jpg,https://fqeshthtycmzgyibiurq.supabase.co/storage/v1/object/public/crsnimages/catalogo/d1806740-f337-46fa-956b-9507d4d6ed01.jpg,462038,43357,blanco,ok,
38250,IPORET 40 MG / ML SUSPENSION ORAL GOTAS,https://mav.farmaciasaas.com/api/images/articulos/DISTRIBUCION/96800.jpg,https://fqeshthtycmzgyibiurq.supabase.co/storage/v1/object/public/crsnimages/catalogo/98311395-b717-40f8-826d-2f1ae699da86.jpg,70213,29233,blanco,ok,
38252,IPROXIN 750 MG X 10 TABLETAS RECUBIERTAS,https://mav.farmaciasaas.com/api/images/articulos/DISTRIBUCION/54333.jpg,https://fqeshthtycmzgyibiurq.supabase.co/storage/v1/object/public/crsnimages/catalogo/0a1baaf3-ba89-4de4-b6bc-39249d395708.jpg,492925,46039,blanco,ok,
38256,IRBESARTAN 300 MG X 28 TABLETAS,https://mav.farmaciasaas.com/api/images/articulos/DISTRIBUCION/28779.jpg,https://fqeshthtycmzgyibiurq.supabase.co/storage/v1/object/public/crsnimages/catalogo/7c2ab825-7dad-4812-8a6a-2492d270e12d.jpg,59200,26370,blanco,ok,
38264,IZABAN 10 MG X 30 COMPRIMIDOS RECUBIERTOS,https://mav.farmaciasaas.com/api/images/articulos/DISTRIBUCION/29953.jpg,https://fqeshthtycmzgyibiurq.supabase.co/storage/v1/object/public/crsnimages/catalogo/cf3373bd-fc04-4c18-a4d4-1786588caaf7.jpg,58995,27248,blanco,ok,
38260,ISBELA 2 MG - 0.035 MG X 21 TABLETAS RECUBIERTAS,https://mav.farmaciasaas.com/api/images/articulos/DISTRIBUCION/25187.jpg,https://fqeshthtycmzgyibiurq.supabase.co/storage/v1/object/public/crsnimages/catalogo/5b33aa95-e29f-42d8-b8e0-3e918c2ad968.jpg,64958,31483,blanco,ok,
38266,KAPET 75 MG X 14 TABLETAS RECUBIERTAS,https://mav.farmaciasaas.com/api/images/articulos/DISTRIBUCION/7826.jpg,https://fqeshthtycmzgyibiurq.supabase.co/storage/v1/object/public/crsnimages/catalogo/078105c7-3362-424f-b2cc-d84af16e3720.jpg,42487,16214,blanco,ok,
38263,IVERMECTINA 6 MG X 4 TABLETAS,https://mav.farmaciasaas.com/api/images/articulos/DISTRIBUCION/38094.jpg,https://fqeshthtycmzgyibiurq.supabase.co/storage/v1/object/public/crsnimages/catalogo/eb8848f8-76fe-42de-931c-079e89c24818.jpg,25447,16546,blanco,ok,
38265,IZABAN DPP 25 MG - 5 MG X 30 COMPRIMIDOS RECUBIERTOS,https://mav.farmaciasaas.com/api/images/articulos/DISTRIBUCION/54207.jpg,https://fqeshthtycmzgyibiurq.supabase.co/storage/v1/object/public/crsnimages/catalogo/597ffb00-25bd-4f92-ba50-ad8007436d95.jpg,68754,33679,blanco,ok,
38268,KATRIN 30 MG / ML X 1 AMPOLLA,https://mav.farmaciasaas.com/api/images/articulos/DISTRIBUCION/50006.jpg,https://fqeshthtycmzgyibiurq.supabase.co/storage/v1/object/public/crsnimages/catalogo/3f1bbab6-6d51-48a3-8320-a59cec1ec0e5.jpg,55743,25367,blanco,ok,
38267,KAPET 75 MG X 30 TABLETAS RECUBIERTAS,https://pccentro.net.ve/img/s/3/5/6/5/7/35657-large_default.webp,https://fqeshthtycmzgyibiurq.supabase.co/storage/v1/object/public/crsnimages/catalogo/16750648-0e15-4aec-80bb-d3980831aa47.jpg,8084,19027,blanco,ok,
38269,KAYIVIS 10 % SOLUCION TOPICA,https://mav.farmaciasaas.com/api/images/articulos/DISTRIBUCION/6514.jpg,https://fqeshthtycmzgyibiurq.supabase.co/storage/v1/object/public/crsnimages/catalogo/0657bd42-b1d4-4884-a434-cabafa1f14e1.jpg,90018,46265,blanco,ok,
38270,KELAC 30 MG / ML X 1 AMPOLLA,https://mav.farmaciasaas.com/api/images/articulos/DISTRIBUCION/8261.jpg,https://fqeshthtycmzgyibiurq.supabase.co/storage/v1/object/public/crsnimages/catalogo/7b3d3769-a320-4fa2-b405-3c99569f1b48.jpg,60593,29855,blanco,ok,
38271,KELAC 30 MG / ML X 3 AMPOLLAS,https://mav.farmaciasaas.com/api/images/articulos/DISTRIBUCION/95398.jpg,https://fqeshthtycmzgyibiurq.supabase.co/storage/v1/object/public/crsnimages/catalogo/f9217c9a-9a32-4d57-b7c5-ba3d5fb5f97c.jpg,50039,20245,blanco,ok,
38273,KELAC 30 MG X 4 TABLETAS SUBLINGUALES.,https://mav.farmaciasaas.com/api/images/articulos/DISTRIBUCION/27471.jpg,https://fqeshthtycmzgyibiurq.supabase.co/storage/v1/object/public/crsnimages/catalogo/76c3f820-bb1c-4730-be0b-dde794332568.jpg,47970,21120,blanco,ok,
38274,KELFEN 50 MG X 10 CAPSULAS,https://mav.farmaciasaas.com/api/images/articulos/DISTRIBUCION/1518.jpg,https://fqeshthtycmzgyibiurq.supabase.co/storage/v1/object/public/crsnimages/catalogo/c6c3a176-5b12-4235-9d5c-d2fd4b52308c.jpg,65631,31701,blanco,ok,
38275,KELFEN 100 MG X 20 COMPRIMIDOS CON CUBIERTA ENTERICA,https://mav.farmaciasaas.com/api/images/articulos/DISTRIBUCION/11061.jpg,https://fqeshthtycmzgyibiurq.supabase.co/storage/v1/object/public/crsnimages/catalogo/699e67b9-5a97-4757-bc37-dd31fc8eb5e2.jpg,50486,22636,blanco,ok,
38276,KEPPRA 1000 MG X 30 TABLETAS RECUBIERTAS,https://mav.farmaciasaas.com/api/images/articulos/DISTRIBUCION/28898.jpg,https://fqeshthtycmzgyibiurq.supabase.co/storage/v1/object/public/crsnimages/catalogo/3f39bd19-2f31-4196-8030-770197c3503f.jpg,43444,17261,blanco,ok,
38277,KEPPRA 500 MG X 30 TABLETAS RECUBIERTAS,https://mav.farmaciasaas.com/api/images/articulos/DISTRIBUCION/28897.jpg,https://fqeshthtycmzgyibiurq.supabase.co/storage/v1/object/public/crsnimages/catalogo/649ce337-7bc6-4de1-b791-915073783f9e.jpg,47124,19693,blanco,ok,
38278,KEPRORET 1 MG / ML SOLUCION ORAL,https://mav.farmaciasaas.com/api/images/articulos/DISTRIBUCION/26611.jpg,https://fqeshthtycmzgyibiurq.supabase.co/storage/v1/object/public/crsnimages/catalogo/584325b2-b1eb-4707-8516-f62d6a0f5d04.jpg,70082,28556,blanco,ok,
38279,KETAZOL 2 % CHAMPU,https://mav.farmaciasaas.com/api/images/articulos/DISTRIBUCION/7281.jpg,https://fqeshthtycmzgyibiurq.supabase.co/storage/v1/object/public/crsnimages/catalogo/1de057e2-61b4-406f-9996-30df3137903e.jpg,70321,35464,blanco,ok,
38280,KETAZOL 2 % CREMA,https://mav.farmaciasaas.com/api/images/articulos/DISTRIBUCION/6552.jpg,https://fqeshthtycmzgyibiurq.supabase.co/storage/v1/object/public/crsnimages/catalogo/5bb1ddb0-7141-4746-89e9-49e4bea0ead5.jpg,54816,24913,blanco,ok,
38281,KETAZOL 400 MG X 3 OVULOS,https://mav.farmaciasaas.com/api/images/articulos/DISTRIBUCION/7624.jpg,https://fqeshthtycmzgyibiurq.supabase.co/storage/v1/object/public/crsnimages/catalogo/e8e246e5-ab49-49b6-9008-e13f3a2f6ea7.jpg,84121,38502,blanco,ok,
38283,KETODEX 100 MG X 10 TABLETAS CON RECUBRIMIENTO ENTERICO,https://mav.farmaciasaas.com/api/images/articulos/DISTRIBUCION/28361.jpg,https://fqeshthtycmzgyibiurq.supabase.co/storage/v1/object/public/crsnimages/catalogo/72334523-ba20-4e54-bc99-c3197275fb99.jpg,456944,41874,blanco,ok,
38282,CLINDAMICINA - KETOCONAZOL 100 MG - 400 MG OVULOS VAGINALES,https://pccentro.net.ve/img/s/8/5/3/0/4/85304-large_default.webp,https://fqeshthtycmzgyibiurq.supabase.co/storage/v1/object/public/crsnimages/catalogo/2aee62aa-fca1-4d50-a244-8ac935b7001f.jpg,35614,25099,blanco,ok,
38288,KETOPROFENO 100 MG X 10 CAPSULAS,https://pccentro.net.ve/img/s/8/4/0/5/2/84052-large_default.webp,https://fqeshthtycmzgyibiurq.supabase.co/storage/v1/object/public/crsnimages/catalogo/d1970a97-6b1c-440c-8839-fe895c340313.jpg,41000,28513,blanco,ok,
38289,KETOPROFENO 100 MG X 20 CAPSULAS,https://pccentro.net.ve/img/s/8/4/0/5/1/84051-large_default.webp,https://fqeshthtycmzgyibiurq.supabase.co/storage/v1/object/public/crsnimages/catalogo/7bd9e3b5-ba1e-4fe8-9ac1-b81d21ce2add.jpg,41608,28673,blanco,ok,
38291,KETOPROFENO 100 MG X 20 CAPSULAS,https://mav.farmaciasaas.com/api/images/articulos/DISTRIBUCION/2408.jpg,https://fqeshthtycmzgyibiurq.supabase.co/storage/v1/object/public/crsnimages/catalogo/89a9b2eb-4d90-47f3-b06b-32d40f0d6bf3.jpg,25062,16331,blanco,ok,
38290,KETOPROFENO 100 MG X 10 CAPSULAS,https://mav.farmaciasaas.com/api/images/articulos/DISTRIBUCION/21061.jpg,https://fqeshthtycmzgyibiurq.supabase.co/storage/v1/object/public/crsnimages/catalogo/1f4ed262-bd17-4c44-8fa2-51a8fc636af0.jpg,25010,16284,blanco,ok,
38292,KETOPROFENO 100 MG X 10 CAPSULAS,https://mav.farmaciasaas.com/api/images/articulos/DISTRIBUCION/54274.jpg,https://fqeshthtycmzgyibiurq.supabase.co/storage/v1/object/public/crsnimages/catalogo/4a512dae-ccf4-4a13-ae5d-54cd4838b3ef.jpg,60305,27056,blanco,ok,
38293,KETOPROFENO 100 MG X 20 CAPSULAS,https://mav.farmaciasaas.com/api/images/articulos/DISTRIBUCION/8408.jpg,https://fqeshthtycmzgyibiurq.supabase.co/storage/v1/object/public/crsnimages/catalogo/2c041451-2177-4dbb-9d45-521b2ae47b91.jpg,63248,29354,blanco,ok,
38295,KETOREL 30 MG X 4 COMPRIMIDOS ORODISPERSABLE,https://mav.farmaciasaas.com/api/images/articulos/DISTRIBUCION/29434.jpg,https://fqeshthtycmzgyibiurq.supabase.co/storage/v1/object/public/crsnimages/catalogo/b435ad57-c8dd-476d-902e-e2adbd713a98.jpg,75242,37473,blanco,ok,
38300,KEYDOL 400 MG - 4 MG X 10 COMPRIMIDOS RECUBIERTOS,https://mav.farmaciasaas.com/api/images/articulos/DISTRIBUCION/54359.jpg,https://fqeshthtycmzgyibiurq.supabase.co/storage/v1/object/public/crsnimages/catalogo/38bb67aa-4589-46d5-8316-e44cd7ff0e69.jpg,50659,21193,blanco,ok,
38301,KEYDOL 400 MG - 4 MG X 20 COMPRIMIDOS RECUBIERTOS,https://mav.farmaciasaas.com/api/images/articulos/DISTRIBUCION/54358.jpg,https://fqeshthtycmzgyibiurq.supabase.co/storage/v1/object/public/crsnimages/catalogo/c8ded18f-05bf-467e-b224-db3db6a3f7d1.jpg,50794,21246,blanco,ok,
38302,KEYDOL 600 MG - 4 MG X 10 COMPRIMIDOS RECUBIERTOS,https://mav.farmaciasaas.com/api/images/articulos/DISTRIBUCION/54360.jpg,https://fqeshthtycmzgyibiurq.supabase.co/storage/v1/object/public/crsnimages/catalogo/ed39b334-a372-4638-bce1-b26538179f31.jpg,50806,20702,blanco,ok,
38303,KEYDOL 600 MG - 4 MG X 20 COMPRIMIDOS RECUBIERTOS,https://mav.farmaciasaas.com/api/images/articulos/DISTRIBUCION/54361.jpg,https://fqeshthtycmzgyibiurq.supabase.co/storage/v1/object/public/crsnimages/catalogo/322b628d-0d29-4a41-b56b-69b0878d73e3.jpg,46758,19003,blanco,ok,
38304,KLAS 100 MG X 20 CAPSULAS,https://mav.farmaciasaas.com/api/images/articulos/DISTRIBUCION/6615.jpg,https://fqeshthtycmzgyibiurq.supabase.co/storage/v1/object/public/crsnimages/catalogo/48c98554-c69c-44af-9274-de6a3f226666.jpg,61106,27114,blanco,ok,
38305,L - CARNITINA 1 G / 10 ML SOLUCION ORAL,https://mav.farmaciasaas.com/api/images/articulos/DISTRIBUCION/20545.jpg,https://fqeshthtycmzgyibiurq.supabase.co/storage/v1/object/public/crsnimages/catalogo/46c31724-d796-43ce-ae24-9aab2b6061ad.jpg,71211,36828,blanco,ok,
38306,LACTBET 3000 U X 10 CAPSULAS,https://mav.farmaciasaas.com/api/images/articulos/DISTRIBUCION/52649.jpg,https://fqeshthtycmzgyibiurq.supabase.co/storage/v1/object/public/crsnimages/catalogo/0bc941a0-9a82-4fe2-a495-953068134c78.jpg,61730,29317,blanco,ok,
38308,LARFACAINA 2 MG - 1.5 MG X 16 PASTILLAS SABOR A TUTTI - FRUTTI,https://mav.farmaciasaas.com/api/images/articulos/DISTRIBUCION/8848.jpg,https://fqeshthtycmzgyibiurq.supabase.co/storage/v1/object/public/crsnimages/catalogo/f56d59b4-cc5a-4063-8ace-49681060cece.jpg,63442,30160,blanco,ok,
38309,VITAMINA C 500 MG X 16 TABLETAS MASTICABLES SABOR A TUTTI FRUTTI,https://pccentro.net.ve/img/s/4/3/6/0/1/43601-large_default.webp,https://fqeshthtycmzgyibiurq.supabase.co/storage/v1/object/public/crsnimages/catalogo/abe2a72b-6630-4539-a6f5-0aadc580cfa5.jpg,12930,29758,blanco,ok,
38310,LAMICTAL 25 MG X 30 TABLETAS DISPERSABLES-MASTICABLES,https://mav.farmaciasaas.com/api/images/articulos/DISTRIBUCION/11119.jpg,https://fqeshthtycmzgyibiurq.supabase.co/storage/v1/object/public/crsnimages/catalogo/0d841a8c-7146-4756-936b-878133155d89.jpg,42834,15968,blanco,ok,
38315,LECHE DE MAGNESIA 8.5 % SUSPENSION SABOR ORIGINAL,https://pccentro.net.ve/img/s/3/0/8/6/3/30863-large_default.webp,,0,0,blanco,error,HTTP 404
38313,LAMPRAL 4 MG / 2 ML X 2 AMPOLLAS,https://mav.farmaciasaas.com/api/images/articulos/DISTRIBUCION/54482.jpg,https://fqeshthtycmzgyibiurq.supabase.co/storage/v1/object/public/crsnimages/catalogo/08d05163-c49d-4352-81d6-36e88fea4bcc.jpg,24234,15894,blanco,ok,
38314,LANSOPRAZOL 30 MG X 28 CAPSULAS,https://mav.farmaciasaas.com/api/images/articulos/DISTRIBUCION/10462.jpg,https://fqeshthtycmzgyibiurq.supabase.co/storage/v1/object/public/crsnimages/catalogo/67b41731-4da5-4b78-87ba-c99cc2b13920.jpg,25279,16412,blanco,ok,
38316,ARAVA 20 MG X 30 TABLETAS RECUBIERTAS,https://pccentro.net.ve/img/s/7/6/7/2/7/76727-large_default.webp,https://fqeshthtycmzgyibiurq.supabase.co/storage/v1/object/public/crsnimages/catalogo/62c2367c-57ba-427c-a62b-cbb893edb834.jpg,32638,20319,blanco,ok,
38317,LENTOCILIN 6.3.3 X 1 AMPOLLA,https://mav.farmaciasaas.com/api/images/articulos/DISTRIBUCION/51060.jpg,https://fqeshthtycmzgyibiurq.supabase.co/storage/v1/object/public/crsnimages/catalogo/44f32530-f647-4232-ae93-014ed61fd93a.jpg,45277,18415,blanco,ok,
38318,LEPRIT 25 MG X 30 TABLETAS,https://mav.farmaciasaas.com/api/images/articulos/DISTRIBUCION/11553.jpg,https://fqeshthtycmzgyibiurq.supabase.co/storage/v1/object/public/crsnimages/catalogo/6298ae80-1fb5-4d29-9ce9-c82e0bc50a78.jpg,57709,26197,blanco,ok,
38319,LEPTAZINE 10 MG X 24 COMPRIMIDOS,https://mav.farmaciasaas.com/api/images/articulos/DISTRIBUCION/5079.jpg,https://fqeshthtycmzgyibiurq.supabase.co/storage/v1/object/public/crsnimages/catalogo/e9fec387-64ea-41e3-9913-93ab4ebb853b.jpg,74702,33449,blanco,ok,
38321,DIHIDROLIP 20 MG X 10 COMPRIMIDOS RECUBIERTOS,https://mav.farmaciasaas.com/api/images/articulos/DISTRIBUCION/23436.jpg,https://fqeshthtycmzgyibiurq.supabase.co/storage/v1/object/public/crsnimages/catalogo/73f05e9c-5066-42fb-9731-90b7bd254447.jpg,57716,24784,blanco,ok,
38322,LERCANIDIPINO 20 MG X 30 COMPRIMIDOS RECUBIERTOS,https://mav.farmaciasaas.com/api/images/articulos/DISTRIBUCION/53052.jpg,https://fqeshthtycmzgyibiurq.supabase.co/storage/v1/object/public/crsnimages/catalogo/2ac2394b-fc43-40e4-b600-66f2f33d83e7.jpg,68589,32771,blanco,ok,
38320,LEPTAZINE 5 MG X 30 COMPRIMIDOS,https://mav.farmaciasaas.com/api/images/articulos/DISTRIBUCION/5080.jpg,https://fqeshthtycmzgyibiurq.supabase.co/storage/v1/object/public/crsnimages/catalogo/0acd3367-b177-476e-bad5-3f7dbe09143e.jpg,73641,33060,blanco,ok,
38325,LESTECOL 20 MG X 30 TABLETAS RECUBIERTAS,https://mav.farmaciasaas.com/api/images/articulos/DISTRIBUCION/91318.jpg,https://fqeshthtycmzgyibiurq.supabase.co/storage/v1/object/public/crsnimages/catalogo/261058a6-33ff-4868-aafc-b0ceb2e06d6e.jpg,151818,30433,blanco,ok,
38326,LETISAN 500 MG X 10 COMPRIMIDOS RECUBIERTOS DE ACCION PROLONGADA,https://mav.farmaciasaas.com/api/images/articulos/DISTRIBUCION/50523.jpg,https://fqeshthtycmzgyibiurq.supabase.co/storage/v1/object/public/crsnimages/catalogo/c42d3c6b-a37b-409d-b968-d62a6d7a3f79.jpg,77339,40552,blanco,ok,
38329,LEVAMOX 750 MG X 10 TABLETAS RECUBIERTAS,https://mav.farmaciasaas.com/api/images/articulos/DISTRIBUCION/20350.jpg,https://fqeshthtycmzgyibiurq.supabase.co/storage/v1/object/public/crsnimages/catalogo/d29e1a4a-6ab4-4d13-aebe-43860b1c19df.jpg,51200,22019,blanco,ok,
38327,LETISAN 500 MG X 30 COMPRIMIDOS RECUBIERTOS DE ACCION PROLONGADA,https://mav.farmaciasaas.com/api/images/articulos/DISTRIBUCION/99231.jpg,https://fqeshthtycmzgyibiurq.supabase.co/storage/v1/object/public/crsnimages/catalogo/bcd834d7-42d3-4200-8ca6-4acbb6c38b4e.jpg,54342,25361,blanco,ok,
38334,LEVOFLOXACINA 500 MG X 10 COMPRIMIDOS RECUBIERTOS,https://mav.farmaciasaas.com/api/images/articulos/DISTRIBUCION/52744.jpg,https://fqeshthtycmzgyibiurq.supabase.co/storage/v1/object/public/crsnimages/catalogo/c2fea78f-519d-454c-a4ef-ca7c94922fdc.jpg,66999,34428,blanco,ok,
38345,LEVOPRIDE 25 MG X 30 COMPRIMIDOS,https://mav.farmaciasaas.com/api/images/articulos/DISTRIBUCION/29747.jpg,https://fqeshthtycmzgyibiurq.supabase.co/storage/v1/object/public/crsnimages/catalogo/748b0203-de07-4f87-8d44-d9e87f604f8c.jpg,45456,18611,blanco,ok,
38346,LEVORAT 5 MG / ML X 10 SOLUCION ORAL,https://mav.farmaciasaas.com/api/images/articulos/DISTRIBUCION/28338.jpg,https://fqeshthtycmzgyibiurq.supabase.co/storage/v1/object/public/crsnimages/catalogo/5c621748-3e82-4231-b8dd-53f8bfa05cc7.jpg,52439,20828,blanco,ok,
38347,LEVOSULPIRIDA 25 MG X 30 TABLETAS,https://mav.farmaciasaas.com/api/images/articulos/DISTRIBUCION/53039.jpg,https://fqeshthtycmzgyibiurq.supabase.co/storage/v1/object/public/crsnimages/catalogo/0a4d4f52-8ed7-4af2-8083-70a55240b141.jpg,25571,16694,blanco,ok,
38348,LEVOSULPIRIDE 25 MG X 30 TABLETAS,https://mav.farmaciasaas.com/api/images/articulos/DISTRIBUCION/23223.jpg,https://fqeshthtycmzgyibiurq.supabase.co/storage/v1/object/public/crsnimages/catalogo/6135c723-3a2a-482b-a96b-7dc679e33bb2.jpg,58449,26736,blanco,ok,
38352,LIBERDUX 5 MG X 10 TABLETAS RECUBIERTAS,https://mav.farmaciasaas.com/api/images/articulos/DISTRIBUCION/28647.jpg,https://fqeshthtycmzgyibiurq.supabase.co/storage/v1/object/public/crsnimages/catalogo/0b7ef49b-7043-4f3c-a6e9-44725bcbc6e7.jpg,63076,28171,blanco,ok,
38354,LIDOCAINA 2 % CON ADRENALINA 1: 80.000 SOLUCION INYECTABLE,https://mav.farmaciasaas.com/api/images/articulos/DISTRIBUCION/29478.jpg,https://fqeshthtycmzgyibiurq.supabase.co/storage/v1/object/public/crsnimages/catalogo/a750a0c1-bc20-43de-aab4-96e6169a328f.jpg,10667,10654,blanco,ok,
38357,LIOLACTIL (LACTOBACILOS RHAMNOSUS) 1.5 G X 6 POLVO PARA SUSPENSION ORAL SOBRES,https://mav.farmaciasaas.com/api/images/articulos/DISTRIBUCION/2161.jpg,https://fqeshthtycmzgyibiurq.supabase.co/storage/v1/object/public/crsnimages/catalogo/c0f81c9a-afe0-44ce-bca1-66c83b4b044b.jpg,561406,26271,blanco,ok,
38360,LIPEND 20 MG X 30 COMPRIMIDOS RECUBIERTOS,https://mav.farmaciasaas.com/api/images/articulos/DISTRIBUCION/52072.jpg,https://fqeshthtycmzgyibiurq.supabase.co/storage/v1/object/public/crsnimages/catalogo/3b90c004-fc66-4e72-b26f-9aafe5717f5f.jpg,19002,11311,blanco,ok,
38361,LIPONTAL 900 MG X 10 TABLETAS,https://mav.farmaciasaas.com/api/images/articulos/DISTRIBUCION/10400.jpg,https://fqeshthtycmzgyibiurq.supabase.co/storage/v1/object/public/crsnimages/catalogo/66acfd5b-e533-4a6d-981b-754a310cf660.jpg,45324,18409,blanco,ok,
38362,LISILET 10 MG X 30 COMPRIMIDOS,https://mav.farmaciasaas.com/api/images/articulos/DISTRIBUCION/99130.jpg,https://fqeshthtycmzgyibiurq.supabase.co/storage/v1/object/public/crsnimages/catalogo/649bc429-62c1-4fdb-aad9-793ee2fbd7f1.jpg,45342,19134,blanco,ok,
38363,LISILETIC 20 MG -12.5 MG X 30 COMPRIMIDOS,https://mav.farmaciasaas.com/api/images/articulos/DISTRIBUCION/1677.jpg,https://fqeshthtycmzgyibiurq.supabase.co/storage/v1/object/public/crsnimages/catalogo/7fb1c897-dcb9-4b42-8f13-6735e15864f1.jpg,68181,34216,blanco,ok,
38364,LISOMUCIN 4 MG / 5 ML JARABE,https://mav.farmaciasaas.com/api/images/articulos/DISTRIBUCION/2178.jpg,https://fqeshthtycmzgyibiurq.supabase.co/storage/v1/object/public/crsnimages/catalogo/c244dac4-b150-427b-a642-68e60d07b7af.jpg,63359,25652,blanco,ok,
38359,LIPEND 10 MG X 30 COMPRIMIDOS RECUBIERTOS,https://mav.farmaciasaas.com/api/images/articulos/DISTRIBUCION/52071.jpg,https://fqeshthtycmzgyibiurq.supabase.co/storage/v1/object/public/crsnimages/catalogo/649fb2a2-fb93-428d-8702-f11ca2c6d892.jpg,16699,9161,blanco,ok,
38366,LODESTAR 100 MG X 30 TABLETAS RECUBIERTAS,https://mav.farmaciasaas.com/api/images/articulos/DISTRIBUCION/52796.jpg,https://fqeshthtycmzgyibiurq.supabase.co/storage/v1/object/public/crsnimages/catalogo/0c823858-f957-4830-8926-d349415cb2d1.jpg,76124,34587,blanco,ok,
38367,LODESTAR HCT 50 MG - 12.5 MG X 30 TABLETAS RECUBIERTAS,https://mav.farmaciasaas.com/api/images/articulos/DISTRIBUCION/17318.jpg,https://fqeshthtycmzgyibiurq.supabase.co/storage/v1/object/public/crsnimages/catalogo/9fb27a6f-e791-4f86-b1c8-7cd95969afd1.jpg,194309,29779,blanco,ok,
38368,LODIPIN 10 MG X 10 COMPRIMIDOS,https://mav.farmaciasaas.com/api/images/articulos/DISTRIBUCION/16508.jpg,https://fqeshthtycmzgyibiurq.supabase.co/storage/v1/object/public/crsnimages/catalogo/da31c009-bd85-469c-94e2-65f6a5553537.jpg,61453,30475,blanco,ok,
38372,LOGANIL 100 MG / 5 ML JARABE,https://mav.farmaciasaas.com/api/images/articulos/DISTRIBUCION/51207.jpg,https://fqeshthtycmzgyibiurq.supabase.co/storage/v1/object/public/crsnimages/catalogo/ac454e70-a849-4e93-85a7-a4a12c0cd119.jpg,139564,23807,blanco,ok,
38373,LOKARIN 5 MG - 60 MG / 5 ML JARABE,https://mav.farmaciasaas.com/api/images/articulos/DISTRIBUCION/11306.jpg,https://fqeshthtycmzgyibiurq.supabase.co/storage/v1/object/public/crsnimages/catalogo/7327af9e-d56b-4f1c-8611-4c99d752b0e5.jpg,62049,28944,blanco,ok,
38374,LONGACEF 400 MG X 5 CAPSULAS,https://mav.farmaciasaas.com/api/images/articulos/DISTRIBUCION/98377.jpg,https://fqeshthtycmzgyibiurq.supabase.co/storage/v1/object/public/crsnimages/catalogo/f0ed8815-b255-4f4f-8d5f-713e7d52fba2.jpg,61880,29452,blanco,ok,
38376,LOPERAM 2 MG X 4 TABLETAS,https://mav.farmaciasaas.com/api/images/articulos/DISTRIBUCION/5224.jpg,https://fqeshthtycmzgyibiurq.supabase.co/storage/v1/object/public/crsnimages/catalogo/c7dc4958-bb36-47d0-b65b-bba7d35de758.jpg,45445,16709,blanco,ok,
38377,LOPERAM 2 MG X 10 TABLETAS,https://mav.farmaciasaas.com/api/images/articulos/DISTRIBUCION/18988.jpg,https://fqeshthtycmzgyibiurq.supabase.co/storage/v1/object/public/crsnimages/catalogo/2c37d16e-43a1-4532-a4b1-2879cd63955e.jpg,59773,27649,blanco,ok,
38380,LORADEX 10 MG X 10 TABLETAS,https://mav.farmaciasaas.com/api/images/articulos/DISTRIBUCION/92795.jpg,https://fqeshthtycmzgyibiurq.supabase.co/storage/v1/object/public/crsnimages/catalogo/5ae3e73e-829d-426d-8c50-0a89e05e12bd.jpg,469025,47376,blanco,ok,
38381,LORATADINA 10 MG X 10 COMPRIMIDOS,https://mav.farmaciasaas.com/api/images/articulos/DISTRIBUCION/3401.jpg,https://fqeshthtycmzgyibiurq.supabase.co/storage/v1/object/public/crsnimages/catalogo/14f91979-da67-4980-9adc-dc3357c0b3c4.jpg,64158,30628,blanco,ok,
38383,LORATADINA 10 MG X 10 TABLETAS,https://mav.farmaciasaas.com/api/images/articulos/DISTRIBUCION/9653.jpg,https://fqeshthtycmzgyibiurq.supabase.co/storage/v1/object/public/crsnimages/catalogo/11baec8e-7799-4c58-a41b-c37137ba06d2.jpg,24897,16406,blanco,ok,
38385,LORATADINA - AMBROXOL CLORHIDRATO 5 MG - 30 MG / 5 ML SOLUCION ORAL,https://mav.farmaciasaas.com/api/images/articulos/DISTRIBUCION/98664.jpg,https://fqeshthtycmzgyibiurq.supabase.co/storage/v1/object/public/crsnimages/catalogo/a897d6d2-2017-4159-8d7e-43d5f1833df6.jpg,67802,30748,blanco,ok,
38387,LORATADINA 10 MG X 10 TABLETAS,https://mav.farmaciasaas.com/api/images/articulos/DISTRIBUCION/24536.jpg,https://fqeshthtycmzgyibiurq.supabase.co/storage/v1/object/public/crsnimages/catalogo/652dc8db-0ceb-4439-ae9a-51ddfe1b1d30.jpg,61546,28583,blanco,ok,
38389,LORATADINA - AMBROXOL CLORHIDRATO 5 MG - 30 MG X 10 TABLETAS,https://pccentro.net.ve/img/s/2/3/7/9/4/23794-large_default.webp,https://fqeshthtycmzgyibiurq.supabase.co/storage/v1/object/public/crsnimages/catalogo/9973fd77-a191-4464-baa5-9920f7be3f26.jpg,34222,46926,blanco,ok,
38391,LORAVAL 5 MG / 5 ML JARABE,https://mav.farmaciasaas.com/api/images/articulos/DISTRIBUCION/9150.jpg,https://fqeshthtycmzgyibiurq.supabase.co/storage/v1/object/public/crsnimages/catalogo/a81f7562-5264-4ff4-9588-1ed00093bd42.jpg,176536,25920,blanco,ok,
38392,LORAVAL 10 MG X 10 TABLETAS,https://mav.farmaciasaas.com/api/images/articulos/DISTRIBUCION/9147.jpg,https://fqeshthtycmzgyibiurq.supabase.co/storage/v1/object/public/crsnimages/catalogo/58596b22-2a53-4c05-b8f8-33955a969b31.jpg,185275,27969,blanco,ok,
38395,LOSARTAN POTASICO 50 MG X 30 COMPRIMIDOS RECUBIERTOS,https://mav.farmaciasaas.com/api/images/articulos/DISTRIBUCION/97621.jpg,https://fqeshthtycmzgyibiurq.supabase.co/storage/v1/object/public/crsnimages/catalogo/c61e2c46-88cc-46de-9034-889011016715.jpg,60078,27580,blanco,ok,
38396,LOSARTAN POTASICO 50 MG X 10 COMPRIMIDOS RECUBIERTOS,https://mav.farmaciasaas.com/api/images/articulos/DISTRIBUCION/3399.jpg,https://fqeshthtycmzgyibiurq.supabase.co/storage/v1/object/public/crsnimages/catalogo/3bdd5096-4603-4a9a-a62e-279139b9811c.jpg,66829,32379,blanco,ok,
38394,LOREX 1 MG / ML JARABE,https://pccentro.net.ve/img/s/7/5/4/0/7/75407-large_default.webp,https://fqeshthtycmzgyibiurq.supabase.co/storage/v1/object/public/crsnimages/catalogo/e9795554-a14a-43b3-9789-04fde415f470.jpg,14888,30276,blanco,ok,
38401,LOSARTAN POTASICO 50 MG X 30 TABLETAS RECUBIERTAS,https://mav.farmaciasaas.com/api/images/articulos/DISTRIBUCION/20271.jpg,https://fqeshthtycmzgyibiurq.supabase.co/storage/v1/object/public/crsnimages/catalogo/5b728e37-59d7-4f0b-8d90-a1b3b950a38f.jpg,230941,33679,blanco,ok,
38400,LOSARTAN POTASICO - HIDROCLOROTIAZIDA 100 MG - 25 MG X 30 TABLETAS RECUBIERTAS,https://pccentro.net.ve/img/s/2/3/6/7/7/23677-large_default.webp,https://fqeshthtycmzgyibiurq.supabase.co/storage/v1/object/public/crsnimages/catalogo/a0fd16e2-7f66-4e6f-b790-503538894176.jpg,24742,33765,blanco,ok,
38404,LOSARTAN POTASICO 50 MG X 30 TABLETAS RECUBIERTAS,https://mav.farmaciasaas.com/api/images/articulos/DISTRIBUCION/27329.jpg,https://fqeshthtycmzgyibiurq.supabase.co/storage/v1/object/public/crsnimages/catalogo/3ab9e52b-8a5e-4b92-bf68-c66029796f19.jpg,187912,37384,blanco,ok,
38406,LOSARTAN POTASICO - HIDROCLOROTIZADA 100 MG - 25 MG X 30 TABLETAS RECUBIERTAS,https://mav.farmaciasaas.com/api/images/articulos/DISTRIBUCION/53633.jpg,https://fqeshthtycmzgyibiurq.supabase.co/storage/v1/object/public/crsnimages/catalogo/30feac4c-18df-4a34-9a2a-865b791fac8c.jpg,68490,31401,blanco,ok,
38408,LOSARTAN POTASICO 50 MG X 30 TABLETAS RECUBIERTAS,https://mav.farmaciasaas.com/api/images/articulos/DISTRIBUCION/53797.jpg,https://fqeshthtycmzgyibiurq.supabase.co/storage/v1/object/public/crsnimages/catalogo/a6f79bdf-b1d7-4980-9d41-e811298f4225.jpg,82257,38994,blanco,ok,
38409,LOSARTAN POTASICO 50 MG X 20 TABLETAS RECUBIERTAS,https://mav.farmaciasaas.com/api/images/articulos/DISTRIBUCION/92637.jpg,https://fqeshthtycmzgyibiurq.supabase.co/storage/v1/object/public/crsnimages/catalogo/5b958c3a-351a-44c9-afbe-8954803d8fc5.jpg,75335,35160,blanco,ok,
38410,LOSARTAN POTASICO 50 MG X 30 TABLETAS RECUBIERTAS,https://mav.farmaciasaas.com/api/images/articulos/DISTRIBUCION/99640.jpg,https://fqeshthtycmzgyibiurq.supabase.co/storage/v1/object/public/crsnimages/catalogo/8f2fed97-41a2-4323-9ee6-bc00cdca7685.jpg,27447,18246,blanco,ok,
38411,LOSARTAN POTASICO 100 MG X 30 COMPRIMIDOS RECUBIERTOS,https://mav.farmaciasaas.com/api/images/articulos/DISTRIBUCION/27782.jpg,https://fqeshthtycmzgyibiurq.supabase.co/storage/v1/object/public/crsnimages/catalogo/e32b29b9-bf6f-4b3d-8042-2749e5cec9ba.jpg,62397,32047,blanco,ok,
38412,LOTEMICIN 0.5 % - 0.3 % SUSPENSION OFTALMICA,https://mav.farmaciasaas.com/api/images/articulos/DISTRIBUCION/93654.jpg,https://fqeshthtycmzgyibiurq.supabase.co/storage/v1/object/public/crsnimages/catalogo/3c84d7a1-a47a-40a3-a463-71f04ecf7831.jpg,70523,34940,blanco,ok,
38414,LUDROX 75 MG X 30 TABLETAS RECUBIERTAS,https://mav.farmaciasaas.com/api/images/articulos/DISTRIBUCION/26078.jpg,https://fqeshthtycmzgyibiurq.supabase.co/storage/v1/object/public/crsnimages/catalogo/71cca7cd-9ff4-4111-8fe2-937acf50f5dc.jpg,45655,18280,blanco,ok,
38413,LOWPRES 150 MCG / ML X 5 AMPOLLAS,https://mav.farmaciasaas.com/api/images/articulos/DISTRIBUCION/25380.jpg,https://fqeshthtycmzgyibiurq.supabase.co/storage/v1/object/public/crsnimages/catalogo/e5ee8a2f-08f0-409d-bcd6-855f84d1305e.jpg,67070,31134,blanco,ok,
38416,LUMBAX 400 MG X 10 TABLETAS,https://mav.farmaciasaas.com/api/images/articulos/DISTRIBUCION/20349.jpg,https://fqeshthtycmzgyibiurq.supabase.co/storage/v1/object/public/crsnimages/catalogo/f731d81a-3797-44ed-89f8-c95ef5b3c896.jpg,68873,35702,blanco,ok,
38417,LUMBAX 600 MG X 10 TABLETAS,https://mav.farmaciasaas.com/api/images/articulos/DISTRIBUCION/20720.jpg,https://fqeshthtycmzgyibiurq.supabase.co/storage/v1/object/public/crsnimages/catalogo/fa49a520-d7b2-4ec4-a60d-c336bf9524fe.jpg,51185,21865,blanco,ok,
38418,LUMBAX 800 MG X 6 COMPRIMIDOS RECUBIERTOS,https://mav.farmaciasaas.com/api/images/articulos/DISTRIBUCION/20721.jpg,https://fqeshthtycmzgyibiurq.supabase.co/storage/v1/object/public/crsnimages/catalogo/a4ce2ffe-2e1a-4d00-9815-04e12cd36ccb.jpg,47627,18678,blanco,ok,
38419,MACRODANTINA 50 MG X 30 CAPSULAS,https://mav.farmaciasaas.com/api/images/articulos/DISTRIBUCION/2247.jpg,https://fqeshthtycmzgyibiurq.supabase.co/storage/v1/object/public/crsnimages/catalogo/1e040c54-81f0-4b19-b32b-e098d5ed69b5.jpg,75564,37058,blanco,ok,
38420,MADECASSOL 1 % UNGUENTO,https://mav.farmaciasaas.com/api/images/articulos/DISTRIBUCION/16764.jpg,https://fqeshthtycmzgyibiurq.supabase.co/storage/v1/object/public/crsnimages/catalogo/d5a47668-a028-4549-a383-e79c2c1cb1a8.jpg,44700,17223,blanco,ok,
38423,MAILEN 5 MG X 10 COMPRIMIDOS RECUBIERTOS,https://mav.farmaciasaas.com/api/images/articulos/DISTRIBUCION/7557.jpg,https://fqeshthtycmzgyibiurq.supabase.co/storage/v1/object/public/crsnimages/catalogo/cc2a415d-bbd5-4521-afdf-06e797f96b21.jpg,57813,27606,blanco,ok,
38415,LUMBAX 200 MG X 10 TABLETAS,https://mav.farmaciasaas.com/api/images/articulos/DISTRIBUCION/29648.jpg,https://fqeshthtycmzgyibiurq.supabase.co/storage/v1/object/public/crsnimages/catalogo/74d3c52d-40fb-40ae-8406-e8df56fc2af9.jpg,80444,38388,blanco,ok,
38424,MAILEN 5 MG X 30 COMPRIMIDOS RECUBIERTOS,https://mav.farmaciasaas.com/api/images/articulos/DISTRIBUCION/95984.jpg,https://fqeshthtycmzgyibiurq.supabase.co/storage/v1/object/public/crsnimages/catalogo/346ed436-a31f-4e14-88d2-29fac394ed63.jpg,48187,20979,blanco,ok,
38425,MAILEN 2.5 MG / 5 ML JARABE,https://mav.farmaciasaas.com/api/images/articulos/DISTRIBUCION/7559.jpg,https://fqeshthtycmzgyibiurq.supabase.co/storage/v1/object/public/crsnimages/catalogo/eadbfa89-921d-4601-a3bb-68d2537dc415.jpg,73337,33171,blanco,ok,
38426,MANITOL AL 18 % SOLUCION INYECTABLE INTRAVENOSA,https://mav.farmaciasaas.com/api/images/articulos/DISTRIBUCION/5408.jpg,https://fqeshthtycmzgyibiurq.supabase.co/storage/v1/object/public/crsnimages/catalogo/76b477c9-3162-45ae-b532-bdc398fc53c5.jpg,50250,20416,blanco,ok,
38427,MARTESIA 25 MG X 30 CAPSULAS,https://mav.farmaciasaas.com/api/images/articulos/DISTRIBUCION/17771.jpg,https://fqeshthtycmzgyibiurq.supabase.co/storage/v1/object/public/crsnimages/catalogo/31036d75-b790-47e2-a1a7-a2771339606b.jpg,50803,22673,blanco,ok,
38428,MARTESIA 300 MG X 14 CAPSULAS,https://mav.farmaciasaas.com/api/images/articulos/DISTRIBUCION/95724.jpg,https://fqeshthtycmzgyibiurq.supabase.co/storage/v1/object/public/crsnimages/catalogo/9e1f5353-fbe2-48df-bed9-beb342d6f2d0.jpg,51900,23355,blanco,ok,
38429,MARTESIA 75 MG X 14 CAPSULAS,https://mav.farmaciasaas.com/api/images/articulos/DISTRIBUCION/95844.jpg,https://fqeshthtycmzgyibiurq.supabase.co/storage/v1/object/public/crsnimages/catalogo/0348ce06-dc10-433d-82ce-8f343f1263b8.jpg,58782,28452,blanco,ok,
38430,MATERNAVIT X 30 CAPSULAS BLANDAS,https://mav.farmaciasaas.com/api/images/articulos/DISTRIBUCION/13652.jpg,https://fqeshthtycmzgyibiurq.supabase.co/storage/v1/object/public/crsnimages/catalogo/62bd786d-6aac-415f-a250-2d3fd2d5afe5.jpg,50060,22366,blanco,ok,
38431,MATILOL 0.5 % SOLUCION OFTALMICA,https://mav.farmaciasaas.com/api/images/articulos/DISTRIBUCION/2972.jpg,https://fqeshthtycmzgyibiurq.supabase.co/storage/v1/object/public/crsnimages/catalogo/93f64224-6e83-402d-83a0-0dcf35c04263.jpg,58589,22951,blanco,ok,
38436,MELIF 50 MG - 500 MG X 30 COMPRIMIDOS RECUBIERTOS,https://mav.farmaciasaas.com/api/images/articulos/DISTRIBUCION/52755.jpg,https://fqeshthtycmzgyibiurq.supabase.co/storage/v1/object/public/crsnimages/catalogo/80b2c442-d741-42ad-83e1-492b9e3b0de2.jpg,51610,20780,blanco,ok,
38437,MELIGEN 10 MG X 30 TABLETAS RECUBIERTAS,https://mav.farmaciasaas.com/api/images/articulos/DISTRIBUCION/22554.jpg,https://fqeshthtycmzgyibiurq.supabase.co/storage/v1/object/public/crsnimages/catalogo/a048c55a-85fc-49ba-a237-de80bd461e3f.jpg,43854,17192,blanco,ok,
38439,MELOXICAM 15 MG X 10 TABLETAS,https://mav.farmaciasaas.com/api/images/articulos/DISTRIBUCION/662.jpg,https://fqeshthtycmzgyibiurq.supabase.co/storage/v1/object/public/crsnimages/catalogo/9b246e21-b1ed-4a8e-8791-91457d96dd9b.jpg,68622,31535,blanco,ok,
38432,MAXIFUR 50 MG X 30 CAPSULAS,https://mav.farmaciasaas.com/api/images/articulos/DISTRIBUCION/30340.jpg,https://fqeshthtycmzgyibiurq.supabase.co/storage/v1/object/public/crsnimages/catalogo/cf8edea8-52bb-404a-b078-1d7d735a49d3.jpg,51471,22917,blanco,ok,
38440,MELOXICAM 15 MG X 10 COMPRIMIDOS,https://mav.farmaciasaas.com/api/images/articulos/DISTRIBUCION/7370.jpg,https://fqeshthtycmzgyibiurq.supabase.co/storage/v1/object/public/crsnimages/catalogo/a979e660-788c-475d-a905-e54f8857b516.jpg,60544,26681,blanco,ok,
38450,DIPIRONA 1 G / 2 ML X 3 AMPOLLAS,https://mav.farmaciasaas.com/api/images/articulos/DISTRIBUCION/29164.jpg,https://fqeshthtycmzgyibiurq.supabase.co/storage/v1/object/public/crsnimages/catalogo/c898129d-0587-40a5-a734-6e8bac47ae57.jpg,50198,21371,blanco,ok,
38449,MESPEN 500 MG X 1 AMPOLLA,https://mav.farmaciasaas.com/api/images/articulos/DISTRIBUCION/20400.jpg,https://fqeshthtycmzgyibiurq.supabase.co/storage/v1/object/public/crsnimages/catalogo/2fc28936-6f3d-431b-a289-4e59411da9cd.jpg,223429,31157,blanco,ok,
38445,MENTOL DAVIS UNGUENTO,https://pccentro.net.ve/img/s/2/3/4/3/2/23432-large_default.webp,https://fqeshthtycmzgyibiurq.supabase.co/storage/v1/object/public/crsnimages/catalogo/f4a97a63-a7f9-4748-bcfb-fb23079500b2.jpg,15740,23345,blanco,ok,
38453,METFORMINA CLORHIDRATO 850 MG X 30 TABLETAS RECUBIERTAS,https://mav.farmaciasaas.com/api/images/articulos/DISTRIBUCION/53284.jpg,https://fqeshthtycmzgyibiurq.supabase.co/storage/v1/object/public/crsnimages/catalogo/765fae14-ff6c-465e-a651-5857200065c8.jpg,409726,39875,blanco,ok,
38457,METFORMINA CLORHIDRATO 500 MG X 28 TABLETAS,https://mav.farmaciasaas.com/api/images/articulos/DISTRIBUCION/5582.jpg,https://fqeshthtycmzgyibiurq.supabase.co/storage/v1/object/public/crsnimages/catalogo/167c1d3e-f101-4556-9616-3a92824884d5.jpg,26505,17641,blanco,ok,
38462,METFORMINA CLORHIDRATO 850 MG X 28 TABLETAS,https://mav.farmaciasaas.com/api/images/articulos/DISTRIBUCION/3913.jpg,https://fqeshthtycmzgyibiurq.supabase.co/storage/v1/object/public/crsnimages/catalogo/fc43c176-ab78-488e-9885-6b96059d580d.jpg,27452,18362,blanco,ok,
38466,METILPREDNISOLONA 125 MG X 1 AMPOLLA,https://mav.farmaciasaas.com/api/images/articulos/DISTRIBUCION/27445.jpg,https://fqeshthtycmzgyibiurq.supabase.co/storage/v1/object/public/crsnimages/catalogo/95e913b8-f24a-4035-a3fb-914c9fd22a37.jpg,49482,20608,blanco,ok,
38459,METFORMINA 500 MG X 30 TABLETAS RECUBIERTAS,https://pccentro.net.ve/img/s/7/9/6/1/2/79612-large_default.webp,https://fqeshthtycmzgyibiurq.supabase.co/storage/v1/object/public/crsnimages/catalogo/60b202ff-bd8a-4bf7-ab2e-d74ca2feeff6.jpg,31820,19829,blanco,ok,
38468,METOCLOPRAMIDA 10 MG / 2 ML X 6 AMPOLLAS,https://mav.farmaciasaas.com/api/images/articulos/DISTRIBUCION/7763.jpg,https://fqeshthtycmzgyibiurq.supabase.co/storage/v1/object/public/crsnimages/catalogo/a08b17b6-5105-4371-95da-cb909f706202.jpg,24199,15865,blanco,ok,
38471,METREN 500 MG X 10 CAPSULAS BLANDAS VAGINALES,https://mav.farmaciasaas.com/api/images/articulos/DISTRIBUCION/6011.jpg,https://fqeshthtycmzgyibiurq.supabase.co/storage/v1/object/public/crsnimages/catalogo/86a65e1c-34ab-431c-85bb-c0f6684a7c24.jpg,53239,23256,blanco,ok,
38473,METREN 250 MG / 5 ML SUSPENSION,https://mav.farmaciasaas.com/api/images/articulos/DISTRIBUCION/6010.jpg,https://fqeshthtycmzgyibiurq.supabase.co/storage/v1/object/public/crsnimages/catalogo/e16bf9f1-0ae2-4b29-9117-383a7cef05d5.jpg,49125,19386,blanco,ok,
38474,METREN 500 MG X 10 TABLETAS,https://mav.farmaciasaas.com/api/images/articulos/DISTRIBUCION/6005.jpg,https://fqeshthtycmzgyibiurq.supabase.co/storage/v1/object/public/crsnimages/catalogo/fdf0561d-d105-4676-9ff9-dce5735a7f5d.jpg,51050,20810,blanco,ok,
38479,METRONIDAZOL BENZOIL 125 MG / 5 ML SUSPENSION ORAL,https://mav.farmaciasaas.com/api/images/articulos/DISTRIBUCION/1774.jpg,https://fqeshthtycmzgyibiurq.supabase.co/storage/v1/object/public/crsnimages/catalogo/1c5c9a6c-b41f-4fe8-b658-37849b674910.jpg,62161,27469,blanco,ok,
38481,METRONIDAZOL 500 MG X 10 TABLETAS,https://pccentro.net.ve/img/s/7/6/2/9/7/76297-large_default.webp,https://fqeshthtycmzgyibiurq.supabase.co/storage/v1/object/public/crsnimages/catalogo/ee37bcab-35cd-4d51-a7cc-141ca83c20ee.jpg,18312,19642,blanco,ok,
38485,METSIGLIN 500 MG - 50 MG X 30 COMPRIMIDOS RECUBIERTOS,https://mav.farmaciasaas.com/api/images/articulos/DISTRIBUCION/30362.jpg,https://fqeshthtycmzgyibiurq.supabase.co/storage/v1/object/public/crsnimages/catalogo/f5ed2a36-5fa6-4f31-a627-9b447a14da41.jpg,67809,35233,blanco,ok,
38480,METRONIDAZOL BENZOIL 250 MG / 5 ML SUSPENSION ORAL,https://mav.farmaciasaas.com/api/images/articulos/DISTRIBUCION/1773.jpg,https://fqeshthtycmzgyibiurq.supabase.co/storage/v1/object/public/crsnimages/catalogo/e787464a-c6fa-4099-999c-2bf03c49eeb2.jpg,72180,33794,blanco,ok,
38486,MICONAX 15 % - 4 % CREMA VAGINAL,https://mav.farmaciasaas.com/api/images/articulos/DISTRIBUCION/99630.jpg,https://fqeshthtycmzgyibiurq.supabase.co/storage/v1/object/public/crsnimages/catalogo/01f5c3a8-73e2-41e4-9fe6-b19bd18a7139.jpg,42093,16310,blanco,ok,
38488,MIGRAVAL 100 MG X 2 COMPRIMIDOS RECUBIERTOS,https://mav.farmaciasaas.com/api/images/articulos/DISTRIBUCION/1945.jpg,https://fqeshthtycmzgyibiurq.supabase.co/storage/v1/object/public/crsnimages/catalogo/a592b7be-7a77-41af-9857-b04a23f91729.jpg,76156,32046,blanco,ok,
38489,MIGRAVAL 100 MG X 4 COMPRIMIDOS RECUBIERTOS,https://mav.farmaciasaas.com/api/images/articulos/DISTRIBUCION/19846.jpg,https://fqeshthtycmzgyibiurq.supabase.co/storage/v1/object/public/crsnimages/catalogo/ed1c69d3-717d-43a0-8d24-374d615796fc.jpg,46477,18130,blanco,ok,
38490,MIGRAVAL 100 MG X 8 COMPRIMIDOS RECUBIERTOS,https://mav.farmaciasaas.com/api/images/articulos/DISTRIBUCION/19847.jpg,https://fqeshthtycmzgyibiurq.supabase.co/storage/v1/object/public/crsnimages/catalogo/c2bce255-415d-4d7f-a225-3a78170e37c1.jpg,50947,20412,blanco,ok,
38491,MILAX 50 % X 20 SOLUCION ORAL,https://mav.farmaciasaas.com/api/images/articulos/DISTRIBUCION/7357.jpg,https://fqeshthtycmzgyibiurq.supabase.co/storage/v1/object/public/crsnimages/catalogo/f61afcfb-ef5b-40fc-a0ce-34e02ea01785.jpg,57614,25323,blanco,ok,
38492,MIOVIT COMPOSITUM CON LIDOCAINA X 3 AMPOLLAS,https://mav.farmaciasaas.com/api/images/articulos/DISTRIBUCION/5514.jpg,https://fqeshthtycmzgyibiurq.supabase.co/storage/v1/object/public/crsnimages/catalogo/ccbeedeb-0a82-45d1-b470-fdba0d6ca584.jpg,100389,48172,blanco,ok,
38494,MIOVIT COMPOSITUM CON LIDOCAINA X 6 AMPOLLAS,https://mav.farmaciasaas.com/api/images/articulos/DISTRIBUCION/97516.jpg,https://fqeshthtycmzgyibiurq.supabase.co/storage/v1/object/public/crsnimages/catalogo/e9c49672-5bf7-4031-915f-377ff8b1a63d.jpg,69066,33175,blanco,ok,
38493,MIOVIT COMPOSITUM CON LIDOCAINA X 1 AMPOLLA,https://mav.farmaciasaas.com/api/images/articulos/DISTRIBUCION/53224.jpg,https://fqeshthtycmzgyibiurq.supabase.co/storage/v1/object/public/crsnimages/catalogo/30dbb77b-e527-4731-9d97-f09704b7ce20.jpg,56928,25481,blanco,ok,
38504,MONTELUKAST 10 MG X 10 TABLETAS RECUBIERTAS,https://mav.farmaciasaas.com/api/images/articulos/DISTRIBUCION/52391.jpg,https://fqeshthtycmzgyibiurq.supabase.co/storage/v1/object/public/crsnimages/catalogo/152da558-216c-4f40-9e3a-ff3d446bc296.jpg,77630,38292,blanco,ok,
38502,MISULVAN 30 MG / 5 ML JARABE,https://mav.farmaciasaas.com/api/images/articulos/DISTRIBUCION/26235.jpg,https://fqeshthtycmzgyibiurq.supabase.co/storage/v1/object/public/crsnimages/catalogo/8ddd584f-8761-4302-895c-4a71dd981521.jpg,703957,69781,blanco,ok,
38500,MIRTAZAVAL 15 MG X 30 TABLETAS RECUBIERTAS,https://mav.farmaciasaas.com/api/images/articulos/DISTRIBUCION/52793.jpg,https://fqeshthtycmzgyibiurq.supabase.co/storage/v1/object/public/crsnimages/catalogo/8fe7bc8e-5853-4eb9-a646-6b0bb7eeb98b.jpg,66754,30361,blanco,ok,
38505,MONTELUKAST 10 MG X 30 TABLETAS RECUBIERTAS,https://mav.farmaciasaas.com/api/images/articulos/DISTRIBUCION/23966.jpg,https://fqeshthtycmzgyibiurq.supabase.co/storage/v1/object/public/crsnimages/catalogo/073a520c-22d5-45e1-b580-05c5dfc90e48.jpg,92169,37538,blanco,ok,
38507,MONTRAX 10 MG X 10 TABLETAS,https://mav.farmaciasaas.com/api/images/articulos/DISTRIBUCION/27191.jpg,https://fqeshthtycmzgyibiurq.supabase.co/storage/v1/object/public/crsnimages/catalogo/d78862c2-200c-4e54-a6b0-1cef522932cc.jpg,48562,20225,blanco,ok,
38508,MONTRAX 10 MG X 30 TABLETAS,https://mav.farmaciasaas.com/api/images/articulos/DISTRIBUCION/96585.jpg,https://fqeshthtycmzgyibiurq.supabase.co/storage/v1/object/public/crsnimages/catalogo/0f4326b4-09ca-4fd7-a28a-8f2255b10f2a.jpg,146670,29443,blanco,ok,
38510,MONTRAX 5 MG X 10 TABLETAS MASTICABLES,https://mav.farmaciasaas.com/api/images/articulos/DISTRIBUCION/27038.jpg,https://fqeshthtycmzgyibiurq.supabase.co/storage/v1/object/public/crsnimages/catalogo/02bc7f0e-e343-4e83-a936-4ed39ccc4ae1.jpg,179512,34827,blanco,ok,
38511,MONTRAX 5 MG X 30 TABLETAS MASTICABLES,https://mav.farmaciasaas.com/api/images/articulos/DISTRIBUCION/96583.jpg,https://fqeshthtycmzgyibiurq.supabase.co/storage/v1/object/public/crsnimages/catalogo/6d1c0a1a-c829-449f-a8a8-cf3f152f290c.jpg,179878,34910,blanco,ok,
38512,MONUKAST 5 MG X 30 TABLETAS MASTICABLES,https://mav.farmaciasaas.com/api/images/articulos/DISTRIBUCION/50733.jpg,https://fqeshthtycmzgyibiurq.supabase.co/storage/v1/object/public/crsnimages/catalogo/de5eebd3-3218-48ca-8232-25fe2b8d749d.jpg,157077,25823,blanco,ok,
38513,MOPERID 10 MG X 20 TABLETAS,https://mav.farmaciasaas.com/api/images/articulos/DISTRIBUCION/20367.jpg,https://fqeshthtycmzgyibiurq.supabase.co/storage/v1/object/public/crsnimages/catalogo/e9923e15-bd9c-4ed9-af08-25a148f55e0e.jpg,65457,29261,blanco,ok,
38514,MOVIMEX 15 MG X 10 TABLETAS,https://mav.farmaciasaas.com/api/images/articulos/DISTRIBUCION/90529.jpg,https://fqeshthtycmzgyibiurq.supabase.co/storage/v1/object/public/crsnimages/catalogo/7b9447e2-28b5-40b2-a93f-6c0eaff48812.jpg,56578,27209,blanco,ok,
38515,MOXIDEX 0.5 -0.1 % SOLUCION OFTALMICA ESTERIL,https://mav.farmaciasaas.com/api/images/articulos/DISTRIBUCION/17364/17364.jpg,https://fqeshthtycmzgyibiurq.supabase.co/storage/v1/object/public/crsnimages/catalogo/2b6be236-093c-4d4a-9eb3-d0531dd3df90.jpg,81755,29089,blanco,ok,
38516,MOXIFLOXACINA 400 MG X 7 TABLETAS RECUBIERTAS,https://mav.farmaciasaas.com/api/images/articulos/DISTRIBUCION/90066.jpg,https://fqeshthtycmzgyibiurq.supabase.co/storage/v1/object/public/crsnimages/catalogo/66cda21b-e4aa-4dca-906a-59f888bc0510.jpg,60661,28948,blanco,ok,
38518,MOXIFLOXACINA 400 MG X 5 TABLETAS RECUBIERTAS,https://mav.farmaciasaas.com/api/images/articulos/DISTRIBUCION/92489.jpg,https://fqeshthtycmzgyibiurq.supabase.co/storage/v1/object/public/crsnimages/catalogo/aba8ecdb-f6e8-40aa-bf2c-080c54098942.jpg,26100,17184,blanco,ok,
38519,MUCLAR 30 MG - 5 MG X 10 COMPRIMIDOS,https://mav.farmaciasaas.com/api/images/articulos/DISTRIBUCION/98656.jpg,https://fqeshthtycmzgyibiurq.supabase.co/storage/v1/object/public/crsnimages/catalogo/5668da26-c4e1-4c2c-95fa-7d71630384e4.jpg,58751,28558,blanco,ok,
38522,MUCOXOL 30 MG / 5 ML JARABE,https://mav.farmaciasaas.com/api/images/articulos/DISTRIBUCION/30075.jpg,https://fqeshthtycmzgyibiurq.supabase.co/storage/v1/object/public/crsnimages/catalogo/a850fad6-72af-46b3-b274-fd3da0e4a2bd.jpg,61419,24666,blanco,ok,
38521,MUCOMAX 15 MG / 5 ML SOLUCION ORAL USO PEDIATRICO,https://mav.farmaciasaas.com/api/images/articulos/DISTRIBUCION/14193.jpg,https://fqeshthtycmzgyibiurq.supabase.co/storage/v1/object/public/crsnimages/catalogo/036d88cc-8d4f-4dea-b702-521e202c794f.jpg,84770,43167,blanco,ok,
38523,MULTIDERM 2 % UNGUENTO,https://mav.farmaciasaas.com/api/images/articulos/DISTRIBUCION/98294.jpg,https://fqeshthtycmzgyibiurq.supabase.co/storage/v1/object/public/crsnimages/catalogo/2c0dae11-ff23-45b5-a68d-f1a0cd229edb.jpg,167134,32736,blanco,ok,
38525,MUPIROCIN 2 % UNGUENTO,https://mav.farmaciasaas.com/api/images/articulos/DISTRIBUCION/28580.jpg,https://fqeshthtycmzgyibiurq.supabase.co/storage/v1/object/public/crsnimages/catalogo/def44ce3-ce9f-43e5-bab0-2f597d23f4e8.jpg,40221,14926,blanco,ok,
38526,MUVETT 300 MG X 20 TABLETAS RECUBIERTAS DE LIBERACION PROLONGADA,https://mav.farmaciasaas.com/api/images/articulos/DISTRIBUCION/50344.jpg,https://fqeshthtycmzgyibiurq.supabase.co/storage/v1/object/public/crsnimages/catalogo/0e98bb90-6759-447a-8816-bac53928a581.jpg,61957,29852,blanco,ok,
38524,MULTIVIRAL X 30 CAPSULAS,https://mav.farmaciasaas.com/api/images/articulos/DISTRIBUCION/2470.jpg,https://fqeshthtycmzgyibiurq.supabase.co/storage/v1/object/public/crsnimages/catalogo/c8d4366f-0b33-4be9-a84c-580ef4bfc97d.jpg,58978,28135,blanco,ok,
38527,MYCOFENTIN 2 % CREMA,https://mav.farmaciasaas.com/api/images/articulos/DISTRIBUCION/7183.jpg,https://fqeshthtycmzgyibiurq.supabase.co/storage/v1/object/public/crsnimages/catalogo/c4ef4399-a5b0-40cb-bc8c-8371bcbfcc16.jpg,43198,17139,blanco,ok,
38529,NACLODIN 0.150 MG X 30 TABLETAS,https://mav.farmaciasaas.com/api/images/articulos/DISTRIBUCION/30060.jpg,https://fqeshthtycmzgyibiurq.supabase.co/storage/v1/object/public/crsnimages/catalogo/adddf3fb-b08b-4abd-91ba-7e4c1b933421.jpg,191647,32177,blanco,ok,
38530,NAFINA 1 % CREMA,https://mav.farmaciasaas.com/api/images/articulos/DISTRIBUCION/4092.jpg,https://fqeshthtycmzgyibiurq.supabase.co/storage/v1/object/public/crsnimages/catalogo/0feeb55d-fda0-4614-9ff7-92a28b397f3e.jpg,64275,30448,blanco,ok,
38533,NEFROTAL AMLO 50 MG - 5 MG X 30 COMPRIMIDOS,https://mav.farmaciasaas.com/api/images/articulos/DISTRIBUCION/20154.jpg,https://fqeshthtycmzgyibiurq.supabase.co/storage/v1/object/public/crsnimages/catalogo/edad3dea-89ea-4191-8f0e-9d340880ae60.jpg,56126,24459,blanco,ok,
38537,NEFROTAL H 50 MG - 12.5 MG X 14 COMPRIMIDOS RECUBIERTOS,https://mav.farmaciasaas.com/api/images/articulos/DISTRIBUCION/1511.jpg,https://fqeshthtycmzgyibiurq.supabase.co/storage/v1/object/public/crsnimages/catalogo/2a852807-0463-452e-b153-25ea7dbe6c11.jpg,72064,32480,blanco,ok,
38538,NEFROTAL 100 MG X 30 COMPRIMIDOS RECUBIERTOS,https://mav.farmaciasaas.com/api/images/articulos/DISTRIBUCION/25248.jpg,https://fqeshthtycmzgyibiurq.supabase.co/storage/v1/object/public/crsnimages/catalogo/0addead7-0b1d-4066-b950-a843bdc29bfe.jpg,59572,26589,blanco,ok,
38540,NEFROTAL 100 MG X 14 COMPRIMIDOS RECUBIERTOS,https://mav.farmaciasaas.com/api/images/articulos/DISTRIBUCION/8487.jpg,https://fqeshthtycmzgyibiurq.supabase.co/storage/v1/object/public/crsnimages/catalogo/884df92e-dd20-43e6-b3bf-33b8059c2a9b.jpg,74165,35738,blanco,ok,
38541,NEFROTAL H 100 MG - 25 MG X 10 COMPRIMIDOS RECUBIERTOS,https://mav.farmaciasaas.com/api/images/articulos/DISTRIBUCION/25321.jpg,https://fqeshthtycmzgyibiurq.supabase.co/storage/v1/object/public/crsnimages/catalogo/3b07464b-b5e5-4ce8-9636-8bfec444d50e.jpg,59423,24835,blanco,ok,
38539,NEFROTAL 100 MG X 10 COMPRIMIDOS RECUBIERTOS,https://mav.farmaciasaas.com/api/images/articulos/DISTRIBUCION/25320.jpg,https://fqeshthtycmzgyibiurq.supabase.co/storage/v1/object/public/crsnimages/catalogo/ae0b6b9e-1076-46e4-8dd8-f73518aa8e9d.jpg,60481,26936,blanco,ok,
38545,NEULEVAL 500 MG X 10 TABLETAS RECUBIERTAS,https://mav.farmaciasaas.com/api/images/articulos/DISTRIBUCION/22859.jpg,https://fqeshthtycmzgyibiurq.supabase.co/storage/v1/object/public/crsnimages/catalogo/889b77a2-2962-4c58-bbc4-17541afcf93e.jpg,209431,31480,blanco,ok,
38546,NEULEVAL 750 MG X 5 TABLETAS RECUBIERTAS,https://mav.farmaciasaas.com/api/images/articulos/DISTRIBUCION/22860.jpg,https://fqeshthtycmzgyibiurq.supabase.co/storage/v1/object/public/crsnimages/catalogo/3b76e4c0-41d1-47ab-bfa3-7699d892f26b.jpg,207827,31147,blanco,ok,
38547,NEURIXA 150 MG X 14 CAPSULAS,https://mav.farmaciasaas.com/api/images/articulos/DISTRIBUCION/93669.jpg,https://fqeshthtycmzgyibiurq.supabase.co/storage/v1/object/public/crsnimages/catalogo/874d165c-b29e-4631-992a-e7f6905a8ac1.jpg,46192,19164,blanco,ok,
38548,NEURIXA 75 MG X 14 CAPSULAS,https://mav.farmaciasaas.com/api/images/articulos/DISTRIBUCION/93668.jpg,https://fqeshthtycmzgyibiurq.supabase.co/storage/v1/object/public/crsnimages/catalogo/977d4ff8-83f1-4b26-847f-2fc4663ee4a6.jpg,45706,19321,blanco,ok,
38552,NIFEDIPINA 10 MG X 14 CAPSULAS,https://mav.farmaciasaas.com/api/images/articulos/DISTRIBUCION/27546.jpg,https://fqeshthtycmzgyibiurq.supabase.co/storage/v1/object/public/crsnimages/catalogo/c3fc9c36-8a78-4f8b-8a75-3cf1fb72817d.jpg,53986,24125,blanco,ok,
38553,NIFEDIPINA 10 MG X 30 COMPRIMIDOS DISPERSABLES,https://mav.farmaciasaas.com/api/images/articulos/DISTRIBUCION/51432.jpg,https://fqeshthtycmzgyibiurq.supabase.co/storage/v1/object/public/crsnimages/catalogo/abeb08f2-99de-49ef-9950-a69cb8669257.jpg,51786,22762,blanco,ok,
38556,NIMODIPINA 30 MG X 30 COMPRIMIDOS,https://mav.farmaciasaas.com/api/images/articulos/DISTRIBUCION/23674.jpg,https://fqeshthtycmzgyibiurq.supabase.co/storage/v1/object/public/crsnimages/catalogo/633dcf88-10c4-4795-ad14-6ecb3faf440c.jpg,59569,27312,blanco,ok,
38560,NITAX 500 MG X 6 TABLETAS RECUBIERTAS,https://mav.farmaciasaas.com/api/images/articulos/DISTRIBUCION/24328.jpg,https://fqeshthtycmzgyibiurq.supabase.co/storage/v1/object/public/crsnimages/catalogo/ee893948-365a-45e8-9bf2-507c1060102b.jpg,60401,28225,blanco,ok,
38557,NIPE PLUS GRANULADO PARA SUSPENSION SABOR A FRUTAS TROPICALES,https://mav.farmaciasaas.com/api/images/articulos/DISTRIBUCION/8637.jpg,https://fqeshthtycmzgyibiurq.supabase.co/storage/v1/object/public/crsnimages/catalogo/84ba72e3-17bc-4b80-b983-1525c7f24f98.jpg,134336,66756,blanco,ok,
38565,NITROFURANTOINA 50 MG X 30 TABLETAS RECUBIERTAS,https://mav.farmaciasaas.com/api/images/articulos/DISTRIBUCION/29107.jpg,https://fqeshthtycmzgyibiurq.supabase.co/storage/v1/object/public/crsnimages/catalogo/0f04a3d4-85f0-4298-b053-6aa4082e7e5d.jpg,27052,17924,blanco,ok,
38567,NONAFOL 10 MG X 10 TABLETAS,https://mav.farmaciasaas.com/api/images/articulos/DISTRIBUCION/23015.jpg,https://fqeshthtycmzgyibiurq.supabase.co/storage/v1/object/public/crsnimages/catalogo/0c38bb92-a743-41a5-a821-ebc6a8293390.jpg,44468,18064,blanco,ok,
38568,NONAFOL 10 MG X 20 TABLETAS,https://mav.farmaciasaas.com/api/images/articulos/DISTRIBUCION/25245.jpg,https://fqeshthtycmzgyibiurq.supabase.co/storage/v1/object/public/crsnimages/catalogo/929044fe-5385-45c4-acb4-61b83def12a1.jpg,57341,22385,blanco,ok,
38569,NONAFOL 10 MG X 30 TABLETAS,https://mav.farmaciasaas.com/api/images/articulos/DISTRIBUCION/23016.jpg,https://fqeshthtycmzgyibiurq.supabase.co/storage/v1/object/public/crsnimages/catalogo/457b3ca5-9401-4fa7-a72a-d8831cbf3496.jpg,48124,20449,blanco,ok,
38570,NONAFOL 5 MG X 10 TABLETAS,https://mav.farmaciasaas.com/api/images/articulos/DISTRIBUCION/23099.jpg,https://fqeshthtycmzgyibiurq.supabase.co/storage/v1/object/public/crsnimages/catalogo/d36bc004-adc4-4035-8fbc-e3ce6404dd01.jpg,45351,18076,blanco,ok,
38571,NONAFOL 5 MG X 20 TABLETAS,https://mav.farmaciasaas.com/api/images/articulos/DISTRIBUCION/21982.jpg,https://fqeshthtycmzgyibiurq.supabase.co/storage/v1/object/public/crsnimages/catalogo/1cbe4b8b-6b20-4610-abcd-06f404378e93.jpg,50985,21320,blanco,ok,
38572,NONAFOL 5 MG X 30 TABLETAS,https://mav.farmaciasaas.com/api/images/articulos/DISTRIBUCION/21983.jpg,https://fqeshthtycmzgyibiurq.supabase.co/storage/v1/object/public/crsnimages/catalogo/3e1eaeea-5c87-4066-b841-74b1911ea4ee.jpg,63799,26433,blanco,ok,
38574,NORSINA 500 MG - 10 MG X 12 TABLETAS,https://mav.farmaciasaas.com/api/images/articulos/DISTRIBUCION/97499.jpg,https://fqeshthtycmzgyibiurq.supabase.co/storage/v1/object/public/crsnimages/catalogo/2eb3f484-d404-4e1a-9421-e6f978b812fb.jpg,270097,38442,blanco,ok,
38575,NORTRICOL 200 MG X 20 CAPSULAS,https://mav.farmaciasaas.com/api/images/articulos/DISTRIBUCION/25240.jpg,https://fqeshthtycmzgyibiurq.supabase.co/storage/v1/object/public/crsnimages/catalogo/09d244b0-c2e2-4561-a462-46467a6838f7.jpg,66418,32387,blanco,ok,
38573,NORMIX 200 MG X 12 TABLETAS RECUBIERTAS,https://pccentro.net.ve/img/s/7/2/2/3/1/72231-large_default.webp,https://fqeshthtycmzgyibiurq.supabase.co/storage/v1/object/public/crsnimages/catalogo/7caf4f27-ed0a-4996-b85d-f079de971e95.jpg,14596,29991,blanco,ok,
38576,NOTOLAC 20 MG X 10 TABLETAS,https://mav.farmaciasaas.com/api/images/articulos/DISTRIBUCION/1531.jpg,https://fqeshthtycmzgyibiurq.supabase.co/storage/v1/object/public/crsnimages/catalogo/4e7fded2-cf6f-43bd-8b3d-57a165033f6f.jpg,51853,21675,blanco,ok,
38578,NOVARONA 200 MG X 10 COMPRIMIDOS,https://mav.farmaciasaas.com/api/images/articulos/DISTRIBUCION/8426.jpg,https://fqeshthtycmzgyibiurq.supabase.co/storage/v1/object/public/crsnimages/catalogo/32531461-0df3-4394-a7ff-f6cc65f792be.jpg,61875,28156,blanco,ok,
38579,NOXPIRIN GRIP X 12 TABLETAS,https://mav.farmaciasaas.com/api/images/articulos/DISTRIBUCION/27797.jpg,https://fqeshthtycmzgyibiurq.supabase.co/storage/v1/object/public/crsnimages/catalogo/360b2f0b-5243-4914-b750-782569565e84.jpg,107927,59313,blanco,ok,
38582,OFAFLAN 50 MG X 10 COMPRIMIDOS CON CUBIERTA ENTERICA,https://mav.farmaciasaas.com/api/images/articulos/DISTRIBUCION/95750.jpg,https://fqeshthtycmzgyibiurq.supabase.co/storage/v1/object/public/crsnimages/catalogo/d1f4fe2c-51a3-482b-8001-3c4d74f5d97c.jpg,41705,16597,blanco,ok,
38584,OFAFLAN 2 MG / ML SUSPENSION ORAL,https://mav.farmaciasaas.com/api/images/articulos/DISTRIBUCION/99845.jpg,https://fqeshthtycmzgyibiurq.supabase.co/storage/v1/object/public/crsnimages/catalogo/9787b622-978f-4238-b03e-e8c179021c94.jpg,52284,22939,blanco,ok,
38583,DICLOFENAC POTASICO 15 MG / ML SUSPENSION ORAL,https://pccentro.net.ve/img/s/8/0/5/5/6/80556-large_default.webp,https://fqeshthtycmzgyibiurq.supabase.co/storage/v1/object/public/crsnimages/catalogo/1b54c948-1dc9-499c-bbb3-a51f2edb2e9c.jpg,37620,24350,blanco,ok,
38588,OLMECAR 40 MG X 30 COMPRIMIDOS RECUBIERTOS,https://mav.farmaciasaas.com/api/images/articulos/DISTRIBUCION/20723.jpg,https://fqeshthtycmzgyibiurq.supabase.co/storage/v1/object/public/crsnimages/catalogo/d6a792a7-d3bb-4a8b-baa9-edb18bac6fec.jpg,65488,30931,blanco,ok,
38587,OLMECAR 20 MG X 30 COMPRIMIDOS RECUBIERTOS,https://mav.farmaciasaas.com/api/images/articulos/DISTRIBUCION/18030.jpg,https://fqeshthtycmzgyibiurq.supabase.co/storage/v1/object/public/crsnimages/catalogo/fe54faab-0c91-4eb7-8a7c-1162cd386a42.jpg,75595,37251,blanco,ok,
38595,OLMETIQUE 20 MG X 30 TABLETAS RECUBIERTAS,https://mav.farmaciasaas.com/api/images/articulos/DISTRIBUCION/27013.jpg,https://fqeshthtycmzgyibiurq.supabase.co/storage/v1/object/public/crsnimages/catalogo/23171002-1e87-4d89-9268-eb76a002afb4.jpg,63306,30368,blanco,ok,
38597,OMEPRAZOL 20 MG X 14 CAPSULAS CON MICROGRANULOS ENTERICOS,https://mav.farmaciasaas.com/api/images/articulos/DISTRIBUCION/21060.jpg,https://fqeshthtycmzgyibiurq.supabase.co/storage/v1/object/public/crsnimages/catalogo/51f4663c-cca7-4652-a8e7-01049b2ebf95.jpg,24817,16184,blanco,ok,
38598,OMEPRAZOL 20 MG X 28 CAPSULAS CON MICROGRANULOS ENTERICOS,https://mav.farmaciasaas.com/api/images/articulos/DISTRIBUCION/8254.jpg,https://fqeshthtycmzgyibiurq.supabase.co/storage/v1/object/public/crsnimages/catalogo/722ad45b-445f-46f6-97f4-49b892f02a7f.jpg,25624,16655,blanco,ok,
38601,OMEPRAZOL 20 MG X 30 CAPSULAS CON MICROGRANULOS CON CUBIERTA ENTERICA,https://mav.farmaciasaas.com/api/images/articulos/DISTRIBUCION/29950.jpg,https://fqeshthtycmzgyibiurq.supabase.co/storage/v1/object/public/crsnimages/catalogo/f2607e0d-2e9b-4b07-8d6c-b46cd856b9ce.jpg,41105,16207,blanco,ok,
38602,OMEPRAZOL 20 MG X 8 CAPSULAS CON MICROGRANULOS CON CUBIERTA ENTERICA,https://mav.farmaciasaas.com/api/images/articulos/DISTRIBUCION/6497.jpg,https://fqeshthtycmzgyibiurq.supabase.co/storage/v1/object/public/crsnimages/catalogo/b565d8c7-5a22-4359-9742-3579b55d768b.jpg,64263,29756,blanco,ok,
38611,OMEPRAZOL 40 MG X 10 CAPSULAS GASTRORRESISTENTES,https://mav.farmaciasaas.com/api/images/articulos/DISTRIBUCION/16765.jpg,https://fqeshthtycmzgyibiurq.supabase.co/storage/v1/object/public/crsnimages/catalogo/39ecee2c-26a5-4db6-a931-0e9d8f245323.jpg,70474,35458,blanco,ok,
38612,JUVILOC 20 MG X 20 TABLETAS GASTRORRESISTENTE,https://mav.farmaciasaas.com/api/images/articulos/DISTRIBUCION/53250.jpg,https://fqeshthtycmzgyibiurq.supabase.co/storage/v1/object/public/crsnimages/catalogo/b6e44ae5-cfca-4b8e-9971-8c9ddb24d05e.jpg,43728,17507,blanco,ok,
38614,OMMUNAL (LISADO BACTERIANO) 7 MG X 10 CAPSULAS,https://mav.farmaciasaas.com/api/images/articulos/DISTRIBUCION/6053.jpg,https://fqeshthtycmzgyibiurq.supabase.co/storage/v1/object/public/crsnimages/catalogo/f0231e28-1243-4b2d-bed4-3723204d5494.jpg,54718,24785,blanco,ok,
38615,ONDANSETRON 4 MG X 10 COMPRIMIDOS,https://mav.farmaciasaas.com/api/images/articulos/DISTRIBUCION/1107.jpg,https://fqeshthtycmzgyibiurq.supabase.co/storage/v1/object/public/crsnimages/catalogo/fa2c4823-7114-455b-9f4f-6b3ee00f28b2.jpg,62678,31164,blanco,ok,
38616,ONDANSETRON 8 MG X 10 COMPRIMIDOS,https://mav.farmaciasaas.com/api/images/articulos/DISTRIBUCION/1108.jpg,https://fqeshthtycmzgyibiurq.supabase.co/storage/v1/object/public/crsnimages/catalogo/9271e84f-ddec-47a6-a9aa-e946f41b6b1c.jpg,62634,31138,blanco,ok,
38619,ONDANSETRON 2 MG / ML X 1 AMPOLLA,https://mav.farmaciasaas.com/api/images/articulos/DISTRIBUCION/1111.jpg,https://fqeshthtycmzgyibiurq.supabase.co/storage/v1/object/public/crsnimages/catalogo/6f62a11d-d780-47a3-91fd-a9ed78e44c8c.jpg,68028,31971,blanco,ok,
38620,ONDANSETRON 4 MG / 5 ML SOLUCION ORAL,https://mav.farmaciasaas.com/api/images/articulos/DISTRIBUCION/23942.jpg,https://fqeshthtycmzgyibiurq.supabase.co/storage/v1/object/public/crsnimages/catalogo/cb697247-c600-4fa4-bf5f-1e0162d1e0f1.jpg,66262,31874,blanco,ok,
38621,ONDATRIN 2 MG / ML X 1 AMPOLLA,https://mav.farmaciasaas.com/api/images/articulos/DISTRIBUCION/13380.jpg,https://fqeshthtycmzgyibiurq.supabase.co/storage/v1/object/public/crsnimages/catalogo/aecc50ca-2bc9-46c5-9646-940093cfec44.jpg,50863,21523,blanco,ok,
38624,ORALZINC SALES DE REHIDRATACION X 1 POLVO PARA SOLUCION ORAL SABOR A COCO,https://mav.farmaciasaas.com/api/images/articulos/DISTRIBUCION/51830.jpg,https://fqeshthtycmzgyibiurq.supabase.co/storage/v1/object/public/crsnimages/catalogo/81b0bd51-b93d-4f99-a9e7-0e8386f246d6.jpg,77488,36239,blanco,ok,
38625,ORLIDIET 120 MG X 30 CAPSULAS,https://mav.farmaciasaas.com/api/images/articulos/DISTRIBUCION/94356.jpg,https://fqeshthtycmzgyibiurq.supabase.co/storage/v1/object/public/crsnimages/catalogo/e0e3a6fa-217f-48b5-b55b-458e9a1c3182.jpg,62058,30701,blanco,ok,
38626,ORLIDIET 60 MG X 30 CAPSULAS,https://mav.farmaciasaas.com/api/images/articulos/DISTRIBUCION/99789.jpg,https://fqeshthtycmzgyibiurq.supabase.co/storage/v1/object/public/crsnimages/catalogo/30a27386-77b6-4940-8f7a-3cfb0b60dbac.jpg,58927,28645,blanco,ok,
38630,OXIDREN 150 MG X 1 COMPRIMIDO RECUBIERTO,https://mav.farmaciasaas.com/api/images/articulos/DISTRIBUCION/94330.jpg,https://fqeshthtycmzgyibiurq.supabase.co/storage/v1/object/public/crsnimages/catalogo/c3202742-e4ae-4b83-8dc8-8ef7fbb9e3ec.jpg,70079,33104,blanco,ok,
38634,PANTOPRAZOL 40 MG X 10 COMPRIMIDOS CON CUBIERTA DE LIBERACION ENTERICA,https://mav.farmaciasaas.com/api/images/articulos/DISTRIBUCION/98455.jpg,https://fqeshthtycmzgyibiurq.supabase.co/storage/v1/object/public/crsnimages/catalogo/5714acf7-0f5f-4ff1-a8db-53920795ac30.jpg,66706,32155,blanco,ok,
38640,PASIM PLUS 10 MG - 500 MG X 10 COMPRIMIDOS RECUBIERTOS,https://mav.farmaciasaas.com/api/images/articulos/DISTRIBUCION/53745.jpg,https://fqeshthtycmzgyibiurq.supabase.co/storage/v1/object/public/crsnimages/catalogo/db770b15-6c82-4bb9-9768-905294b37317.jpg,62086,27337,blanco,ok,
38641,PASIM PLUS 2 MG - 100 MG / ML SOLUCION ORAL,https://mav.farmaciasaas.com/api/images/articulos/DISTRIBUCION/53746.jpg,https://fqeshthtycmzgyibiurq.supabase.co/storage/v1/object/public/crsnimages/catalogo/c79a2e4b-8eb7-419e-964f-34b7c5f1ec8c.jpg,100758,51486,blanco,ok,
38642,PASIM 10 MG / ML SOLUCION ORAL,https://mav.farmaciasaas.com/api/images/articulos/DISTRIBUCION/17394.jpg,https://fqeshthtycmzgyibiurq.supabase.co/storage/v1/object/public/crsnimages/catalogo/103f5edd-c7c4-4d1d-8db7-eeaa306e14ae.jpg,58396,26502,blanco,ok,
38645,PEDIACORT 3 MG / ML SOLUCION ORAL,https://mav.farmaciasaas.com/api/images/articulos/DISTRIBUCION/16975.jpg,https://fqeshthtycmzgyibiurq.supabase.co/storage/v1/object/public/crsnimages/catalogo/72079a92-8898-402d-9acb-6ad87b3c290f.jpg,70957,29095,blanco,ok,
38646,PEGYT 150 MG X 20 CAPSULAS,https://mav.farmaciasaas.com/api/images/articulos/DISTRIBUCION/21676.jpg,https://fqeshthtycmzgyibiurq.supabase.co/storage/v1/object/public/crsnimages/catalogo/87840265-e86c-4a32-9d60-81f2820b0851.jpg,57479,27196,blanco,ok,
38648,PEGYT 25 MG X 30 CAPSULAS,https://mav.farmaciasaas.com/api/images/articulos/DISTRIBUCION/52624.jpg,https://fqeshthtycmzgyibiurq.supabase.co/storage/v1/object/public/crsnimages/catalogo/95a7f66b-7c49-412e-ac40-6f3e49e6f714.jpg,67514,31284,blanco,ok,
38649,PEGYT 75 MG X 20 CAPSULAS,https://mav.farmaciasaas.com/api/images/articulos/DISTRIBUCION/99406.jpg,https://fqeshthtycmzgyibiurq.supabase.co/storage/v1/object/public/crsnimages/catalogo/9c8d3d39-3cf9-4668-8c86-42827df6b02a.jpg,60633,27503,blanco,ok,
38655,PERIDONT 0.12 % SOLUCION TOPICA BUCAL,https://mav.farmaciasaas.com/api/images/articulos/DISTRIBUCION/18615.jpg,https://fqeshthtycmzgyibiurq.supabase.co/storage/v1/object/public/crsnimages/catalogo/6b247f99-9efe-427d-bcc5-76fe13a2da63.jpg,43757,17775,blanco,ok,
38657,PERTEN 1 % SOLUCION TOPICA,https://mav.farmaciasaas.com/api/images/articulos/DISTRIBUCION/20023.jpg,https://fqeshthtycmzgyibiurq.supabase.co/storage/v1/object/public/crsnimages/catalogo/6b6e0671-f429-4980-bb05-b4f763ded951.jpg,69743,32007,blanco,ok,
38658,PERTEN 1 % GEL TOPICO,https://mav.farmaciasaas.com/api/images/articulos/DISTRIBUCION/20023.jpg,https://fqeshthtycmzgyibiurq.supabase.co/storage/v1/object/public/crsnimages/catalogo/3486f802-2e52-45b4-9829-772e525ee889.jpg,69743,32007,blanco,ok,
38659,PERTEN 1 % SOLUCION ATOMIZADORA PARA USO TOPICO,https://mav.farmaciasaas.com/api/images/articulos/DISTRIBUCION/20023.jpg,https://fqeshthtycmzgyibiurq.supabase.co/storage/v1/object/public/crsnimages/catalogo/afc8cb0a-5727-45f1-8fe4-528f43ce7cb7.jpg,69743,32007,blanco,ok,
38660,PERTEN 250 MG X 20 TABLETAS,https://mav.farmaciasaas.com/api/images/articulos/DISTRIBUCION/18905.jpg,https://fqeshthtycmzgyibiurq.supabase.co/storage/v1/object/public/crsnimages/catalogo/c884ad68-0dd7-41f4-ae46-eb17f2904350.jpg,58427,25219,blanco,ok,
38661,PIGRAL 75 MG X 14 COMPRIMIDOS RECUBIERTOS,https://mav.farmaciasaas.com/api/images/articulos/DISTRIBUCION/24140.jpg,https://fqeshthtycmzgyibiurq.supabase.co/storage/v1/object/public/crsnimages/catalogo/fadb4f17-2b50-4ae9-a1ec-72cb06eed02b.jpg,71095,34678,blanco,ok,
38662,PIMADOL 10 MG X 10 TABLETAS RECUBIERTAS,https://mav.farmaciasaas.com/api/images/articulos/DISTRIBUCION/28531.jpg,https://fqeshthtycmzgyibiurq.supabase.co/storage/v1/object/public/crsnimages/catalogo/7962c6e5-4fc1-4e3b-9ea6-af4deda7c097.jpg,58099,27464,blanco,ok,
38665,PINAVIX 100 MG X 30 COMPRIMIDOS RECUBIERTOS,https://mav.farmaciasaas.com/api/images/articulos/DISTRIBUCION/13663.jpg,https://fqeshthtycmzgyibiurq.supabase.co/storage/v1/object/public/crsnimages/catalogo/4f30c281-d2f2-4445-a709-33ef012a3585.jpg,53698,22032,blanco,ok,
38666,PINAVIX 100 MG X 20 COMPRIMIDOS RECUBIERTOS,https://mav.farmaciasaas.com/api/images/articulos/DISTRIBUCION/50990.jpg,https://fqeshthtycmzgyibiurq.supabase.co/storage/v1/object/public/crsnimages/catalogo/4a794a28-b020-403a-9089-f42d0013f377.jpg,71955,32606,blanco,ok,
38669,PIROXICAM 20 MG X 10 CAPSULAS,https://mav.farmaciasaas.com/api/images/articulos/DISTRIBUCION/10007.jpg,https://fqeshthtycmzgyibiurq.supabase.co/storage/v1/object/public/crsnimages/catalogo/5cc6746e-c74c-445d-b3f5-b85ff7c000e2.jpg,43831,17149,blanco,ok,
38670,PLAVIX 75 MG X 14 COMPRIMIDOS RECUBIERTOS,https://mav.farmaciasaas.com/api/images/articulos/DISTRIBUCION/11151.jpg,https://fqeshthtycmzgyibiurq.supabase.co/storage/v1/object/public/crsnimages/catalogo/f7e9c50d-8835-4ca4-95f7-fe6fef200ecd.jpg,59796,28662,blanco,ok,
38667,PIPERAZINA 500 MG / 5 ML JARABE,https://mav.farmaciasaas.com/api/images/articulos/DISTRIBUCION/22406.jpg,https://fqeshthtycmzgyibiurq.supabase.co/storage/v1/object/public/crsnimages/catalogo/51ae45fa-eba6-415c-ac7c-730244a39072.jpg,51791,23396,blanco,ok,
38672,PLIDAN COMPUESTO 15 MG / 2 ML - 100 MG / 2 ML X 1 AMPOLLA,https://mav.farmaciasaas.com/api/images/articulos/DISTRIBUCION/4114.jpg,https://fqeshthtycmzgyibiurq.supabase.co/storage/v1/object/public/crsnimages/catalogo/171cdca8-3b16-4fe3-b6c5-8934322a8bcb.jpg,90540,48044,blanco,ok,
38671,PLIDAN COMPUESTO 10 MG / 125 MG X 10 COMPRIMIDOS RECUBIERTOS,https://mav.farmaciasaas.com/api/images/articulos/DISTRIBUCION/54271.jpg,https://fqeshthtycmzgyibiurq.supabase.co/storage/v1/object/public/crsnimages/catalogo/c6f480fa-5c2d-4a0c-8846-d678d4cce394.jpg,62048,28852,blanco,ok,
38675,POLIAMIN 10 % (AMINOACIDOS CRISTALINOS) SOLUCION INYECTABLE INTRAVENOSA,https://mav.farmaciasaas.com/api/images/articulos/DISTRIBUCION/11096.jpg,https://fqeshthtycmzgyibiurq.supabase.co/storage/v1/object/public/crsnimages/catalogo/57d08652-c8a1-487c-839a-71bc22189ce3.jpg,49824,20480,blanco,ok,
38673,PLIDAN COMPUESTO 15 MG / 2 ML - 100 MG / 2 ML X 2 AMPOLLAS,https://pccentro.net.ve/img/s/8/4/0/4/6/84046-large_default.webp,https://fqeshthtycmzgyibiurq.supabase.co/storage/v1/object/public/crsnimages/catalogo/880d15c3-6188-456f-9ce8-5ca0765b57e2.jpg,85970,47721,blanco,ok,
38676,POSTINOR 2 0.75 MG X 2 COMPRIMIDOS,https://mav.farmaciasaas.com/api/images/articulos/DISTRIBUCION/11368.jpg,https://fqeshthtycmzgyibiurq.supabase.co/storage/v1/object/public/crsnimages/catalogo/9c708424-eb1c-45ba-b2d2-7425ad30d336.jpg,57258,22234,blanco,ok,
38677,POTAX 10 MEQ X 100 TABLETAS DE LIBERACION PROLONGADA,https://mav.farmaciasaas.com/api/images/articulos/DISTRIBUCION/26061.jpg,https://fqeshthtycmzgyibiurq.supabase.co/storage/v1/object/public/crsnimages/catalogo/e883f13b-abe1-437b-9517-36a9b6e05a21.jpg,54996,25007,blanco,ok,
38678,PRALINA 75 MG X 14 CAPSULAS,https://mav.farmaciasaas.com/api/images/articulos/DISTRIBUCION/17014.jpg,https://fqeshthtycmzgyibiurq.supabase.co/storage/v1/object/public/crsnimages/catalogo/537e46ec-74a0-4d04-90e0-f641bf3e6446.jpg,148972,29770,blanco,ok,
38679,PRAXONA 150 MG X 10 COMPRIMIDOS,https://mav.farmaciasaas.com/api/images/articulos/DISTRIBUCION/2991.jpg,https://fqeshthtycmzgyibiurq.supabase.co/storage/v1/object/public/crsnimages/catalogo/d9e161f5-02c8-461e-8dff-bba3487a9140.jpg,69726,30172,blanco,ok,
38680,PRAXONA 150 MG X 24 COMPRIMIDOS,https://mav.farmaciasaas.com/api/images/articulos/DISTRIBUCION/2992.jpg,https://fqeshthtycmzgyibiurq.supabase.co/storage/v1/object/public/crsnimages/catalogo/f4dcb2eb-eb28-4c87-bd8d-181846881111.jpg,69501,30646,blanco,ok,
38681,PREDNA 15 MG / 5 ML SOLUCION ORAL,https://mav.farmaciasaas.com/api/images/articulos/DISTRIBUCION/90974.jpg,https://fqeshthtycmzgyibiurq.supabase.co/storage/v1/object/public/crsnimages/catalogo/7a1df401-cdd9-4087-a9e2-fcf52955a7d1.jpg,93150,47631,blanco,ok,
38688,PREDNISONA 50 MG X 10 TABLETAS,https://mav.farmaciasaas.com/api/images/articulos/DISTRIBUCION/10937.jpg,https://fqeshthtycmzgyibiurq.supabase.co/storage/v1/object/public/crsnimages/catalogo/2aeddf5b-6ba5-4e44-84ba-7dbac43966a1.jpg,64607,30023,blanco,ok,
38689,PREDNISONA 50 MG X 10 TABLETAS.,https://mav.farmaciasaas.com/api/images/articulos/DISTRIBUCION/7835.jpg,https://fqeshthtycmzgyibiurq.supabase.co/storage/v1/object/public/crsnimages/catalogo/abf6897c-f421-41b2-aff5-b042e7631664.jpg,210677,31911,blanco,ok,
38692,PREDNISONA 5 MG X 30 TABLETAS,https://mav.farmaciasaas.com/api/images/articulos/DISTRIBUCION/10460.jpg,https://fqeshthtycmzgyibiurq.supabase.co/storage/v1/object/public/crsnimages/catalogo/8315bb27-93e4-4bc0-83bf-5d52577e2c9c.jpg,24670,15995,blanco,ok,
38690,PREDNISONA 5 MG X 10 TABLETAS,https://mav.farmaciasaas.com/api/images/articulos/DISTRIBUCION/2998.jpg,https://fqeshthtycmzgyibiurq.supabase.co/storage/v1/object/public/crsnimages/catalogo/201d0c17-85ed-48b7-bbfd-acc6fddeebe8.jpg,24500,15845,blanco,ok,
38693,PREDNISONA 5 MG X 10 TABLETAS,https://mav.farmaciasaas.com/api/images/articulos/DISTRIBUCION/3927.jpg,https://fqeshthtycmzgyibiurq.supabase.co/storage/v1/object/public/crsnimages/catalogo/f2a90324-cb3e-4f0e-bdd2-f7c33622b6f0.jpg,213205,31154,blanco,ok,
38698,PRELIVAL 150 MG X 20 CAPSULAS,https://mav.farmaciasaas.com/api/images/articulos/DISTRIBUCION/22390.jpg,https://fqeshthtycmzgyibiurq.supabase.co/storage/v1/object/public/crsnimages/catalogo/7e712fe4-bf8c-4941-9517-771dab39c0fc.jpg,58809,27617,blanco,ok,
38699,PRELIVAL 75 MG X 20 CAPSULAS,https://mav.farmaciasaas.com/api/images/articulos/DISTRIBUCION/22389.jpg,https://fqeshthtycmzgyibiurq.supabase.co/storage/v1/object/public/crsnimages/catalogo/b971f25b-c269-4990-8423-0e3f93c2752c.jpg,213632,31503,blanco,ok,
38700,PRESIDERM 2 % UNGUENTO,https://mav.farmaciasaas.com/api/images/articulos/DISTRIBUCION/11580.jpg,https://fqeshthtycmzgyibiurq.supabase.co/storage/v1/object/public/crsnimages/catalogo/4d3ef39a-7897-4268-843e-c7e0de7007b8.jpg,38212,14073,blanco,ok,
38704,PROTOSULFIL 1 % CREMA,https://mav.farmaciasaas.com/api/images/articulos/DISTRIBUCION/5047.jpg,https://fqeshthtycmzgyibiurq.supabase.co/storage/v1/object/public/crsnimages/catalogo/e4dd67ac-b7d6-47f8-af94-331a10371c5e.jpg,64842,27888,blanco,ok,
38703,PROPRANOLOL 10 MG X 20 TABLETAS,https://mav.farmaciasaas.com/api/images/articulos/DISTRIBUCION/7637.jpg,https://fqeshthtycmzgyibiurq.supabase.co/storage/v1/object/public/crsnimages/catalogo/03f93720-9395-446b-9afc-3bba59ae5e30.jpg,43324,15499,blanco,ok,
38706,PROXIME 750 MG X 5 COMPRIMIDOS RECUBIERTOS,https://mav.farmaciasaas.com/api/images/articulos/DISTRIBUCION/8044.jpg,https://fqeshthtycmzgyibiurq.supabase.co/storage/v1/object/public/crsnimages/catalogo/307d5426-8be9-4378-bdb9-5c8773d9054c.jpg,113693,35918,blanco,ok,
38707,PULMOLET 1 MG / ML SUSPENSION PARA NEBULIZAR,https://mav.farmaciasaas.com/api/images/articulos/DISTRIBUCION/91027.jpg,https://fqeshthtycmzgyibiurq.supabase.co/storage/v1/object/public/crsnimages/catalogo/dbbb555c-f24e-4c1f-9328-03fcf386f8e8.jpg,73770,37432,blanco,ok,
38712,QUETIVAL 100 MG X 30 TABLETAS RECUBIERTAS,https://mav.farmaciasaas.com/api/images/articulos/DISTRIBUCION/27422.jpg,https://fqeshthtycmzgyibiurq.supabase.co/storage/v1/object/public/crsnimages/catalogo/bd72629d-f51e-4808-ae45-8ddb4384109d.jpg,192777,28832,blanco,ok,
38713,QUETIVAL 200 MG X 30 TABLETAS RECUBIERTAS,https://mav.farmaciasaas.com/api/images/articulos/DISTRIBUCION/52493.jpg,https://fqeshthtycmzgyibiurq.supabase.co/storage/v1/object/public/crsnimages/catalogo/3a048ab8-2ea7-434d-900b-70215f06e4f7.jpg,65588,28994,blanco,ok,
38714,QUETIVAL 25 MG X 30 TABLETAS RECUBIERTAS,https://mav.farmaciasaas.com/api/images/articulos/DISTRIBUCION/27421.jpg,https://fqeshthtycmzgyibiurq.supabase.co/storage/v1/object/public/crsnimages/catalogo/fc13ca01-128a-418e-bf20-8e4c1fddcce4.jpg,193374,28524,blanco,ok,
38715,QUINOMAX 0.5 % SOLUCION OFTALMICA,https://mav.farmaciasaas.com/api/images/articulos/DISTRIBUCION/8458.jpg,https://fqeshthtycmzgyibiurq.supabase.co/storage/v1/object/public/crsnimages/catalogo/5b8f8e46-1ade-4020-ab45-1819bf41b3ff.jpg,68060,26654,blanco,ok,
38717,RAMIPRES 5 MG X 30 COMPRIMIDOS,https://mav.farmaciasaas.com/api/images/articulos/DISTRIBUCION/18617.jpg,https://fqeshthtycmzgyibiurq.supabase.co/storage/v1/object/public/crsnimages/catalogo/372c720a-fb52-46cc-bd89-9a79173903f0.jpg,61269,30315,blanco,ok,
38722,REGULIP 20 MG X 30 TABLETAS,https://mav.farmaciasaas.com/api/images/articulos/DISTRIBUCION/95311.jpg,https://fqeshthtycmzgyibiurq.supabase.co/storage/v1/object/public/crsnimages/catalogo/d00fdccd-93aa-4aa3-a1c8-b650567c72e4.jpg,73007,36354,blanco,ok,
38725,RIDAL 2 MG X 20 COMPRIMIDOS RECUBIERTOS,https://mav.farmaciasaas.com/api/images/articulos/DISTRIBUCION/11398.jpg,https://fqeshthtycmzgyibiurq.supabase.co/storage/v1/object/public/crsnimages/catalogo/fc151c24-28a7-4c49-a851-c20450564108.jpg,40619,14957,blanco,ok,
38726,RIDAL 3 MG X 20 COMPRIMIDOS RECUBIERTOS,https://mav.farmaciasaas.com/api/images/articulos/DISTRIBUCION/11399.jpg,https://fqeshthtycmzgyibiurq.supabase.co/storage/v1/object/public/crsnimages/catalogo/84636383-4195-4c04-a53b-2a2b2f561a90.jpg,39545,14247,blanco,ok,
38727,RIDAL 1 MG X 20 COMPRIMIDOS RECUBIERTOS,https://mav.farmaciasaas.com/api/images/articulos/DISTRIBUCION/90076.jpg,https://fqeshthtycmzgyibiurq.supabase.co/storage/v1/object/public/crsnimages/catalogo/b2d59763-fb54-45b1-a97a-204164b9f530.jpg,44779,17975,blanco,ok,
38729,RIFAMIX 200 MG X 12 COMPRIMIDOS RECUBIERTOS,https://mav.farmaciasaas.com/api/images/articulos/DISTRIBUCION/99098.jpg,https://fqeshthtycmzgyibiurq.supabase.co/storage/v1/object/public/crsnimages/catalogo/cbc47891-a07b-494f-979f-58ab82e00736.jpg,67768,32184,blanco,ok,
38734,RINOLAST 120 MG X 10 TABLETAS RECUBIERTAS,https://mav.farmaciasaas.com/api/images/articulos/DISTRIBUCION/6448.jpg,https://fqeshthtycmzgyibiurq.supabase.co/storage/v1/object/public/crsnimages/catalogo/ab443b3b-1f74-4dd9-932f-a28945d93e07.jpg,55864,23903,blanco,ok,
38735,RINOMAX 0.25 % - 0.125 % - 0.25 % SOLUCION NASAL,https://mav.farmaciasaas.com/api/images/articulos/DISTRIBUCION/2250.jpg,https://fqeshthtycmzgyibiurq.supabase.co/storage/v1/object/public/crsnimages/catalogo/e7925fb2-6e51-40b1-9745-70666629a264.jpg,47992,17559,blanco,ok,
38728,RIDAL 1 MG / ML SOLUCION ORAL,https://mav.farmaciasaas.com/api/images/articulos/DISTRIBUCION/96311.jpg,https://fqeshthtycmzgyibiurq.supabase.co/storage/v1/object/public/crsnimages/catalogo/a47fa926-06a2-4009-9a54-5c580a1a6eca.jpg,53138,23415,blanco,ok,
38736,RISPERID 2 MG X 30 COMPRIMIDOS RECUBIERTOS,https://mav.farmaciasaas.com/api/images/articulos/DISTRIBUCION/94360.jpg,https://fqeshthtycmzgyibiurq.supabase.co/storage/v1/object/public/crsnimages/catalogo/8c24f3f0-f4e8-43e5-a23a-3e7069ae3e58.jpg,65740,33516,blanco,ok,
38737,RISPERID 3 MG X 30 COMPRIMIDOS RECUBIERTOS,https://mav.farmaciasaas.com/api/images/articulos/DISTRIBUCION/94359.jpg,https://fqeshthtycmzgyibiurq.supabase.co/storage/v1/object/public/crsnimages/catalogo/c4d90d7e-b3c7-4a19-b414-ae234dc33c59.jpg,45196,18721,blanco,ok,
38738,RISPERID 1 MG / ML X 30 SOLUCION ORAL,https://mav.farmaciasaas.com/api/images/articulos/DISTRIBUCION/90686.jpg,https://fqeshthtycmzgyibiurq.supabase.co/storage/v1/object/public/crsnimages/catalogo/11e6042d-7ad2-432b-9f1c-be0ca6c75e6d.jpg,67153,33684,blanco,ok,
38740,RISPERIDONA 2 MG X 20 TABLETAS RECUBIERTAS,https://mav.farmaciasaas.com/api/images/articulos/DISTRIBUCION/97451.jpg,https://fqeshthtycmzgyibiurq.supabase.co/storage/v1/object/public/crsnimages/catalogo/37c98769-21a8-4ffc-bc7f-e77d77e360f0.jpg,24890,16311,blanco,ok,
38739,RISPERID 1 MG X 30 COMPRIMIDOS RECUBIERTOS,https://mav.farmaciasaas.com/api/images/articulos/DISTRIBUCION/95023.jpg,https://fqeshthtycmzgyibiurq.supabase.co/storage/v1/object/public/crsnimages/catalogo/d6b7c8ba-7de0-44e8-80b6-1c30853a1386.jpg,71082,37732,blanco,ok,
38741,RISTONEL 100 MG X 30 COMPRIMIDOS RECUBIERTOS,https://mav.farmaciasaas.com/api/images/articulos/DISTRIBUCION/53559.jpg,https://fqeshthtycmzgyibiurq.supabase.co/storage/v1/object/public/crsnimages/catalogo/004fd52d-842e-46b6-9e6a-5160d8fd0d9c.jpg,46750,19081,blanco,ok,
38742,RISTONEL 50 MG X 30 COMPRIMIDOS RECUBIERTOS,https://mav.farmaciasaas.com/api/images/articulos/DISTRIBUCION/53558.jpg,https://fqeshthtycmzgyibiurq.supabase.co/storage/v1/object/public/crsnimages/catalogo/a07b6f08-52ed-4640-8a5b-9f0db1a88120.jpg,19409,12083,blanco,ok,
38747,RONARES 500 MG - 4 MG X 10 COMPRIMIDOS,https://mav.farmaciasaas.com/api/images/articulos/DISTRIBUCION/53742.jpg,https://fqeshthtycmzgyibiurq.supabase.co/storage/v1/object/public/crsnimages/catalogo/f91ac44f-b69b-4f8a-839e-c53740abde05.jpg,89780,49357,blanco,ok,
38743,RITROMI 500 MG X 10 TABLETAS RECUBIERTAS,https://mav.farmaciasaas.com/api/images/articulos/DISTRIBUCION/29497.jpg,https://fqeshthtycmzgyibiurq.supabase.co/storage/v1/object/public/crsnimages/catalogo/958a5326-9b7c-4db4-b807-7220c05e7182.jpg,46199,19937,blanco,ok,
38753,ROVARTAL 10 MG X 30 COMPRIMIDOS RECUBIERTOS,https://mav.farmaciasaas.com/api/images/articulos/DISTRIBUCION/9989.jpg,https://fqeshthtycmzgyibiurq.supabase.co/storage/v1/object/public/crsnimages/catalogo/f6dd8f8d-26c8-442c-89d3-9e1c8d796971.jpg,64717,33080,blanco,ok,
38754,ROVARTAL 40 MG X 30 COMPRIMIDOS RECUBIERTOS,https://mav.farmaciasaas.com/api/images/articulos/DISTRIBUCION/94461.jpg,https://fqeshthtycmzgyibiurq.supabase.co/storage/v1/object/public/crsnimages/catalogo/b10155e0-c885-4cf9-8c2c-dcc4759711b0.jpg,61745,30569,blanco,ok,
38755,ROWELUK 5 MG X 10 COMPRIMIDOS MASTICABLES,https://mav.farmaciasaas.com/api/images/articulos/DISTRIBUCION/26093.jpg,https://fqeshthtycmzgyibiurq.supabase.co/storage/v1/object/public/crsnimages/catalogo/33a4fb4b-a57c-4bd6-87a8-25124c5d21cc.jpg,56363,25207,blanco,ok,
38756,ROWELUK 5 MG X 30 COMPRIMIDOS MASTICABLES,https://mav.farmaciasaas.com/api/images/articulos/DISTRIBUCION/92735.jpg,https://fqeshthtycmzgyibiurq.supabase.co/storage/v1/object/public/crsnimages/catalogo/b4c24c07-abe6-4e11-985b-cc4c39b1be75.jpg,65759,30789,blanco,ok,
38758,ROWELUK 4 MG X 30 COMPRIMIDOS MASTICABLES,https://mav.farmaciasaas.com/api/images/articulos/DISTRIBUCION/92735.jpg,https://fqeshthtycmzgyibiurq.supabase.co/storage/v1/object/public/crsnimages/catalogo/4541c357-92a4-4b34-bf1e-7d293ff36761.jpg,65759,30789,blanco,ok,
38760,RUBIZON 20 MG X 35 TABLETAS RECUBIERTAS,https://mav.farmaciasaas.com/api/images/articulos/DISTRIBUCION/54290.jpg,https://fqeshthtycmzgyibiurq.supabase.co/storage/v1/object/public/crsnimages/catalogo/4e708b96-d472-45a3-8328-ee02259237d3.jpg,26764,19469,blanco,ok,
38759,ROWELUK 4 MG X 10 COMPRIMIDOS MASTICABLES,https://mav.farmaciasaas.com/api/images/articulos/DISTRIBUCION/25403.jpg,https://fqeshthtycmzgyibiurq.supabase.co/storage/v1/object/public/crsnimages/catalogo/6e314036-e6e8-4c3a-aa92-da71a93c766a.jpg,57266,24472,blanco,ok,
38761,SADOXOL 50 MG X 30 TABLETAS,https://mav.farmaciasaas.com/api/images/articulos/DISTRIBUCION/54369.jpg,https://fqeshthtycmzgyibiurq.supabase.co/storage/v1/object/public/crsnimages/catalogo/64d54b90-c629-44a6-9856-8328dae59b07.jpg,13593,6797,blanco,ok,
38749,ROSUVASTATINA 20 MG X 30 COMPRIMIDOS RECUBIERTOS,https://mav.farmaciasaas.com/api/images/articulos/DISTRIBUCION/99560.jpg,https://fqeshthtycmzgyibiurq.supabase.co/storage/v1/object/public/crsnimages/catalogo/05c89a71-0067-4cee-8699-18eeac2f3232.jpg,71181,36655,blanco,ok,
38766,SAVER 500 MG X 5 COMPRIMIDOS RECUBIERTOS,https://mav.farmaciasaas.com/api/images/articulos/DISTRIBUCION/207.jpg,https://fqeshthtycmzgyibiurq.supabase.co/storage/v1/object/public/crsnimages/catalogo/86b0e16c-5737-468c-a0a4-d748b3c90aba.jpg,48656,20636,blanco,ok,
38757,ROWELUK 10 MG X 10 COMPRIMIDOS RECUBIERTOS,https://pccentro.net.ve/img/s/5/6/3/8/8/56388-large_default.webp,https://fqeshthtycmzgyibiurq.supabase.co/storage/v1/object/public/crsnimages/catalogo/722f46cd-113b-415a-8c72-7597aea7885b.jpg,13536,30153,blanco,ok,
38767,SECNIDAZOL 500 MG X 4 TABLETAS RECUBIERTAS,https://mav.farmaciasaas.com/api/images/articulos/DISTRIBUCION/3004.jpg,https://fqeshthtycmzgyibiurq.supabase.co/storage/v1/object/public/crsnimages/catalogo/9eb9bad7-6eab-4517-a807-1738096f7c13.jpg,87232,42292,blanco,ok,
38768,SECNIDAZOL 1 G COMPRIMIDOS RECUBIERTOS,https://mav.farmaciasaas.com/api/images/articulos/DISTRIBUCION/52517.jpg,https://fqeshthtycmzgyibiurq.supabase.co/storage/v1/object/public/crsnimages/catalogo/a20f8532-400f-4a44-93bf-e0fb69f7db25.jpg,51681,23057,blanco,ok,
38769,SECNIDAZOL 1 G X 2 TABLETAS RECUBIERTAS,https://mav.farmaciasaas.com/api/images/articulos/DISTRIBUCION/8585.jpg,https://fqeshthtycmzgyibiurq.supabase.co/storage/v1/object/public/crsnimages/catalogo/b6e98ae7-ec85-4709-a0f1-1df7555c6abd.jpg,62559,26457,blanco,ok,
38771,SECNIDAZOL 500 MG X 4 COMPRIMIDOS,https://pccentro.net.ve/img/s/7/6/1/1/8/76118-large_default.webp,https://fqeshthtycmzgyibiurq.supabase.co/storage/v1/object/public/crsnimages/catalogo/1d5e9728-5505-4a28-a365-6590eb7f4df2.jpg,16726,16313,blanco,ok,
38772,SECNIDAZOL 1 G X 2 TABLETAS RECUBIERTAS,https://mav.farmaciasaas.com/api/images/articulos/DISTRIBUCION/92494.jpg,https://fqeshthtycmzgyibiurq.supabase.co/storage/v1/object/public/crsnimages/catalogo/ad02080a-9e49-405e-88a7-7ae8d9b3b054.jpg,245068,33276,blanco,ok,
38774,SELENE 400 UI - 70 MCG X 30 CAPSULAS BLANDAS,https://mav.farmaciasaas.com/api/images/articulos/DISTRIBUCION/4898.jpg,https://fqeshthtycmzgyibiurq.supabase.co/storage/v1/object/public/crsnimages/catalogo/e63376ab-469f-4231-8cbf-ba01cd26b0fb.jpg,80274,39446,blanco,ok,
38773,SECNIDEX 500 MG X 4 TABLETAS RECUBIERTAS,https://mav.farmaciasaas.com/api/images/articulos/DISTRIBUCION/92854.jpg,https://fqeshthtycmzgyibiurq.supabase.co/storage/v1/object/public/crsnimages/catalogo/ffba5729-5869-420f-8384-ce3debbddf84.jpg,430598,43793,blanco,ok,
38776,SERETIDE 25 MCG - 50 MCG DOSIS X 120 SUSPENSION PARA INHALACION ORAL,https://mav.farmaciasaas.com/api/images/articulos/DISTRIBUCION/50864.jpg,https://fqeshthtycmzgyibiurq.supabase.co/storage/v1/object/public/crsnimages/catalogo/fa74c0c4-f387-449b-8cdd-16bb21548b88.jpg,66322,28101,blanco,ok,
38777,SERLINE 100 MG X 10 COMPRIMIDOS,https://mav.farmaciasaas.com/api/images/articulos/DISTRIBUCION/3699.jpg,https://fqeshthtycmzgyibiurq.supabase.co/storage/v1/object/public/crsnimages/catalogo/e9f6f93e-d3f4-46c0-af39-8ca7e9d85acf.jpg,55472,23781,blanco,ok,
38778,SERLINE 50 MG X 10 COMPRIMIDOS,https://mav.farmaciasaas.com/api/images/articulos/DISTRIBUCION/11400.jpg,https://fqeshthtycmzgyibiurq.supabase.co/storage/v1/object/public/crsnimages/catalogo/6ee2347e-523d-4864-82f5-d09a37e17e20.jpg,39295,14720,blanco,ok,
38780,SERTRALINA 50 MG X 30 TABLETAS,https://pccentro.net.ve/img/s/8/4/0/3/2/84032-large_default.webp,https://fqeshthtycmzgyibiurq.supabase.co/storage/v1/object/public/crsnimages/catalogo/38b06688-a2b3-428d-b724-3d1352ed6052.jpg,77126,39194,blanco,ok,
38782,SERTRALINA 50 MG X 10 TABLETAS,https://pccentro.net.ve/img/s/2/3/0/1/3/23013-large_default.webp,https://fqeshthtycmzgyibiurq.supabase.co/storage/v1/object/public/crsnimages/catalogo/cbc02e4c-ff8e-42bd-9745-12254b5f1284.jpg,19318,24749,blanco,ok,
38783,SERTRALINA 50 MG X 10 COMPRIMIDOS RECUBIERTOS,https://mav.farmaciasaas.com/api/images/articulos/DISTRIBUCION/2558.jpg,https://fqeshthtycmzgyibiurq.supabase.co/storage/v1/object/public/crsnimages/catalogo/3c57d913-ce80-4b20-a4ae-1de8234b1ecc.jpg,60531,28947,blanco,ok,
38785,SERTRALINA 50 MG X 30 COMPRIMIDOS RECUBIERTOS,https://mav.farmaciasaas.com/api/images/articulos/DISTRIBUCION/51984.jpg,https://fqeshthtycmzgyibiurq.supabase.co/storage/v1/object/public/crsnimages/catalogo/df960486-816e-4f2a-ad79-a73d40e31e2d.jpg,51682,22842,blanco,ok,
38787,SESAREN XR 150 MG X 15 CAPSULAS CON MICROGRANULOS DE LIBERACION PROLONGADA,https://mav.farmaciasaas.com/api/images/articulos/DISTRIBUCION/8574.jpg,https://fqeshthtycmzgyibiurq.supabase.co/storage/v1/object/public/crsnimages/catalogo/c94ad15c-4fe3-4761-b54f-a753efe35a64.jpg,61518,29966,blanco,ok,
38788,SIDAZOL 100 MG X 30 TABLETAS,https://mav.farmaciasaas.com/api/images/articulos/DISTRIBUCION/53221.jpg,https://fqeshthtycmzgyibiurq.supabase.co/storage/v1/object/public/crsnimages/catalogo/3d663c18-12cd-4834-9a8e-8a348f789c64.jpg,70301,32156,blanco,ok,
38789,SIDAZOL 50 MG X 30 TABLETAS,https://mav.farmaciasaas.com/api/images/articulos/DISTRIBUCION/53222.jpg,https://fqeshthtycmzgyibiurq.supabase.co/storage/v1/object/public/crsnimages/catalogo/8b35960f-c7b4-4c38-8be7-c942b12ca795.jpg,69959,32004,blanco,ok,
38790,SIGLUTAN 50 MG-500 MG X 30 TABLETAS RECUBIERTAS,https://mav.farmaciasaas.com/api/images/articulos/DISTRIBUCION/22555.jpg,https://fqeshthtycmzgyibiurq.supabase.co/storage/v1/object/public/crsnimages/catalogo/85df9e07-b3a8-432e-bebb-8ab0e1cdb0d4.jpg,62208,28701,blanco,ok,
38791,SILDENAFILO 50 MG X 1 TABLETA RECUBIERTA,https://mav.farmaciasaas.com/api/images/articulos/DISTRIBUCION/53621.jpg,https://fqeshthtycmzgyibiurq.supabase.co/storage/v1/object/public/crsnimages/catalogo/dc18db37-4310-41fa-b560-33627030f635.jpg,40105,15540,blanco,ok,
38792,SILDENAFILO 50 MG X 2 TABLETAS RECUBIERTAS,https://mav.farmaciasaas.com/api/images/articulos/DISTRIBUCION/53622.jpg,https://fqeshthtycmzgyibiurq.supabase.co/storage/v1/object/public/crsnimages/catalogo/4639aa3e-53d5-4f40-a03e-715c688cd089.jpg,46876,21891,blanco,ok,
38795,SILDEX 100 MG X 2 TABLETAS RECUBIERTAS,https://mav.farmaciasaas.com/api/images/articulos/DISTRIBUCION/23469.jpg,https://fqeshthtycmzgyibiurq.supabase.co/storage/v1/object/public/crsnimages/catalogo/764ec733-023a-4fdb-8799-eee061ecc9d0.jpg,660591,56889,blanco,ok,
38796,SILDEX 50 MG X 1 TABLETA RECUBIERTA,https://mav.farmaciasaas.com/api/images/articulos/DISTRIBUCION/90912.jpg,https://fqeshthtycmzgyibiurq.supabase.co/storage/v1/object/public/crsnimages/catalogo/3e6dca20-77f8-410b-9f46-e0e237049bba.jpg,615525,52501,blanco,ok,
38797,SILDEX 50 MG X 2 TABLETAS RECUBIERTAS,https://mav.farmaciasaas.com/api/images/articulos/DISTRIBUCION/94885.jpg,https://fqeshthtycmzgyibiurq.supabase.co/storage/v1/object/public/crsnimages/catalogo/366d2280-759d-4f2b-8b20-d57d30ee792f.jpg,548362,48566,blanco,ok,
38803,SITAGLIS MET 50 MG-1000 MG X 28 COMPRIMIDOS RECUBIERTOS,https://mav.farmaciasaas.com/api/images/articulos/DISTRIBUCION/26930.jpg,https://fqeshthtycmzgyibiurq.supabase.co/storage/v1/object/public/crsnimages/catalogo/5577ae63-efc2-49b4-8c51-c663072f9471.jpg,72601,35666,blanco,ok,
38798,SINUTIL 80 MG - 0.5 MG / ML SOLUCION ORAL,https://mav.farmaciasaas.com/api/images/articulos/DISTRIBUCION/19538.jpg,https://fqeshthtycmzgyibiurq.supabase.co/storage/v1/object/public/crsnimages/catalogo/ee7bd866-9d4a-4a6e-a4f7-70aca4f4ac93.jpg,75719,37012,blanco,ok,
38794,SILDEX 100 MG X 1 TABLETA RECUBIERTA,https://mav.farmaciasaas.com/api/images/articulos/DISTRIBUCION/23468.jpg,https://fqeshthtycmzgyibiurq.supabase.co/storage/v1/object/public/crsnimages/catalogo/f76f5c55-951b-40d1-b8e2-a379fbeeefc3.jpg,607712,51081,blanco,ok,
38804,SOMAZINA 500 MG X 30 COMPRIMIDOS RECUBIERTOS,https://mav.farmaciasaas.com/api/images/articulos/DISTRIBUCION/1568.jpg,https://fqeshthtycmzgyibiurq.supabase.co/storage/v1/object/public/crsnimages/catalogo/f1c3e733-bab8-4761-bde7-1c6a1797e24d.jpg,56818,24535,blanco,ok,
38805,SOMAZINA 1000 MG / 4 ML X 5 AMPOLLAS,https://pccentro.net.ve/img/s/6/9/8/8/3/69883-large_default.webp,https://fqeshthtycmzgyibiurq.supabase.co/storage/v1/object/public/crsnimages/catalogo/bdfd183f-048e-44a9-ab63-a1c9aff436b8.jpg,11578,26887,blanco,ok,
38809,SULFADIAZINA DE PLATA 1 % CREMA,https://mav.farmaciasaas.com/api/images/articulos/DISTRIBUCION/23082.jpg,https://fqeshthtycmzgyibiurq.supabase.co/storage/v1/object/public/crsnimages/catalogo/838be389-4bbe-4636-9d61-0c4c52a7fcfd.jpg,59993,25165,blanco,ok,
38811,SULIXTRA 0.4 MG X 30 CAPSULAS DE LIBERACION PROLONGADA,https://mav.farmaciasaas.com/api/images/articulos/DISTRIBUCION/21026.jpg,https://fqeshthtycmzgyibiurq.supabase.co/storage/v1/object/public/crsnimages/catalogo/17cc4630-d614-4f1e-8bc5-5c3900936ccc.jpg,67726,32701,blanco,ok,
38812,SULIXTRA DUO 0.4 MG - 0.5 MG X 10 CAPSULAS DE LIBERACION PROLONGADA,https://mav.farmaciasaas.com/api/images/articulos/DISTRIBUCION/21023.jpg,https://fqeshthtycmzgyibiurq.supabase.co/storage/v1/object/public/crsnimages/catalogo/6f1ca633-51d6-4189-8813-66e5ad59a03d.jpg,78580,37532,blanco,ok,
38813,SULIXTRA DUO 0.4 MG - 0.5 MG X 30 CAPSULAS DE LIBERACION PROLONGADA,https://mav.farmaciasaas.com/api/images/articulos/DISTRIBUCION/21024.jpg,https://fqeshthtycmzgyibiurq.supabase.co/storage/v1/object/public/crsnimages/catalogo/26253c81-ea23-4dfa-a2f4-25aff4a601f4.jpg,78730,37626,blanco,ok,
38814,SULPIR 25 MG X 30 COMPRIMIDOS,https://mav.farmaciasaas.com/api/images/articulos/DISTRIBUCION/52407.jpg,https://fqeshthtycmzgyibiurq.supabase.co/storage/v1/object/public/crsnimages/catalogo/48c78aa3-959a-4f93-beae-96fa12b6d2c8.jpg,70571,30926,blanco,ok,
38815,SULTAMICILINA 750 MG X 12 TABLETAS RECUBIERTAS,https://mav.farmaciasaas.com/api/images/articulos/DISTRIBUCION/50175.jpg,https://fqeshthtycmzgyibiurq.supabase.co/storage/v1/object/public/crsnimages/catalogo/e4ec1acc-d525-4041-b2ed-bf07d8836688.jpg,58207,26582,blanco,ok,
38816,SULTRIM 400 MG – 80 MG X 20 TABLETAS,https://mav.farmaciasaas.com/api/images/articulos/DISTRIBUCION/52000.jpg,https://fqeshthtycmzgyibiurq.supabase.co/storage/v1/object/public/crsnimages/catalogo/e1587862-4d26-481b-97f8-2ef1e459cb2c.jpg,44970,18442,blanco,ok,
38817,SUPRAMYCINA FORTE 200 MG X 10 TABLETAS,https://mav.farmaciasaas.com/api/images/articulos/DISTRIBUCION/52474.jpg,https://fqeshthtycmzgyibiurq.supabase.co/storage/v1/object/public/crsnimages/catalogo/839012cc-fb58-473f-831f-2cb757b430f6.jpg,46544,18305,blanco,ok,
38818,SUPRAMYCINA 100 MG X 10 TABLETAS,https://mav.farmaciasaas.com/api/images/articulos/DISTRIBUCION/52475.jpg,https://fqeshthtycmzgyibiurq.supabase.co/storage/v1/object/public/crsnimages/catalogo/b9106ce7-64dd-4f8e-a086-8616cbbec9ce.jpg,50571,19615,blanco,ok,
38820,TACHIFORTE 1 G X 20 TABLETAS,https://mav.farmaciasaas.com/api/images/articulos/DISTRIBUCION/13061.jpg,https://fqeshthtycmzgyibiurq.supabase.co/storage/v1/object/public/crsnimages/catalogo/6297696b-fe1f-49b2-b695-633d3bd85ba0.jpg,62050,28929,blanco,ok,
38819,SURIDE 25 MG X 30 COMPRIMIDOS RECUBIERTOS,https://mav.farmaciasaas.com/api/images/articulos/DISTRIBUCION/98364.jpg,https://fqeshthtycmzgyibiurq.supabase.co/storage/v1/object/public/crsnimages/catalogo/ef8c3ba2-a555-41f2-9a2b-2b7548c1cd42.jpg,179400,36350,blanco,ok,
38821,TACHIFORTE 650 MG X 10 TABLETAS,https://mav.farmaciasaas.com/api/images/articulos/DISTRIBUCION/93366.jpg,https://fqeshthtycmzgyibiurq.supabase.co/storage/v1/object/public/crsnimages/catalogo/dbb668fd-c54e-4eff-90a4-cb8ec1398870.jpg,49517,20906,blanco,ok,
38822,TACHIPIRIN 125 MG X 6 SUPOSITORIOS,https://mav.farmaciasaas.com/api/images/articulos/DISTRIBUCION/5253.jpg,https://fqeshthtycmzgyibiurq.supabase.co/storage/v1/object/public/crsnimages/catalogo/63b34c38-86a3-44f5-ae8b-cdb90f045419.jpg,66754,30234,blanco,ok,
38824,TADAFOX 20 MG X 1 TABLETA RECUBIERTA,https://mav.farmaciasaas.com/api/images/articulos/DISTRIBUCION/99317.jpg,https://fqeshthtycmzgyibiurq.supabase.co/storage/v1/object/public/crsnimages/catalogo/698bc7d2-d17f-49b7-8566-e14db3fb4666.jpg,158470,24429,blanco,ok,
38825,TADAFOX 20 MG X 2 TABLETAS RECUBIERTAS,https://mav.farmaciasaas.com/api/images/articulos/DISTRIBUCION/99316.jpg,https://fqeshthtycmzgyibiurq.supabase.co/storage/v1/object/public/crsnimages/catalogo/99f43a24-0ae3-4905-9619-eef31aa96e6c.jpg,53561,22998,blanco,ok,
38826,TADALAFILO 20 MG X 1 TABLETA RECUBIERTA,https://mav.farmaciasaas.com/api/images/articulos/DISTRIBUCION/97341.jpg,https://fqeshthtycmzgyibiurq.supabase.co/storage/v1/object/public/crsnimages/catalogo/36a3966f-7394-4352-96d4-f759e3b9a096.jpg,69295,34112,blanco,ok,
38829,TADIFIL 5 MG X 30 COMPRIMIDOS RECUBIERTOS,https://mav.farmaciasaas.com/api/images/articulos/DISTRIBUCION/16883.jpg,https://fqeshthtycmzgyibiurq.supabase.co/storage/v1/object/public/crsnimages/catalogo/462ff0bb-2b77-410b-ba54-45020e1d304d.jpg,48085,21089,blanco,ok,
38827,TADALAFILO 20 MG X 2 TABLETAS RECUBIERTAS,https://pccentro.net.ve/img/s/8/4/1/1/3/84113-large_default.webp,https://fqeshthtycmzgyibiurq.supabase.co/storage/v1/object/public/crsnimages/catalogo/56b8a2b9-f49d-4db6-a99b-348e0a98fc6a.jpg,44126,30894,blanco,ok,
38828,TADALAFILO 5 MG X 30 TABLETAS RECUBIERTAS,https://pccentro.net.ve/img/s/7/0/1/7/7/70177-large_default.webp,https://fqeshthtycmzgyibiurq.supabase.co/storage/v1/object/public/crsnimages/catalogo/abe2b8b0-dc93-4cb9-9676-1c5d11686036.jpg,12640,25784,blanco,ok,
38831,TADIFIL 20 MG X 2 COMPRIMIDOS RECUBIERTOS,https://mav.farmaciasaas.com/api/images/articulos/DISTRIBUCION/99199.jpg,https://fqeshthtycmzgyibiurq.supabase.co/storage/v1/object/public/crsnimages/catalogo/72281f27-9364-4d83-b365-903b26e2d058.jpg,47989,21003,blanco,ok,
38830,TADIFIL 20 MG X 1 COMPRIMIDO RECUBIERTO,https://mav.farmaciasaas.com/api/images/articulos/DISTRIBUCION/99201.jpg,https://fqeshthtycmzgyibiurq.supabase.co/storage/v1/object/public/crsnimages/catalogo/d0505dfb-25e4-4859-8509-3b5fd6675d4b.jpg,49227,22081,blanco,ok,
38832,TALERC 10 MG X 10 COMPRIMIDOS,https://mav.farmaciasaas.com/api/images/articulos/DISTRIBUCION/8473.jpg,https://fqeshthtycmzgyibiurq.supabase.co/storage/v1/object/public/crsnimages/catalogo/3b53e290-071b-48f5-9822-d094060e7a35.jpg,49288,20953,blanco,ok,
38835,TALZIC 10 MG X 10 COMPRIMIDOS RECUBIERTOS,https://mav.farmaciasaas.com/api/images/articulos/DISTRIBUCION/10310.jpg,https://fqeshthtycmzgyibiurq.supabase.co/storage/v1/object/public/crsnimages/catalogo/4d9b327e-3528-4e94-afa4-f4d5a898b9fa.jpg,37213,12857,blanco,ok,
38836,TALZIC 10 MG / ML SOLUCION ORAL,https://mav.farmaciasaas.com/api/images/articulos/DISTRIBUCION/10891.jpg,https://fqeshthtycmzgyibiurq.supabase.co/storage/v1/object/public/crsnimages/catalogo/f1b91fb5-e843-4ab2-a471-186d2b1db1a2.jpg,608942,26732,blanco,ok,
38837,TALZIC 1 MG / ML SOLUCION ORAL,https://mav.farmaciasaas.com/api/images/articulos/DISTRIBUCION/3978.jpg,https://fqeshthtycmzgyibiurq.supabase.co/storage/v1/object/public/crsnimages/catalogo/34845113-8ae7-4d06-91d2-dd76327413f1.jpg,49318,20114,blanco,ok,
38839,TAMOSTIN 0.4 MG X 30 CAPSULAS DE LIBERACION PROLONGADA,https://mav.farmaciasaas.com/api/images/articulos/DISTRIBUCION/54206.jpg,https://fqeshthtycmzgyibiurq.supabase.co/storage/v1/object/public/crsnimages/catalogo/8600695f-1096-4bc1-83f4-557604f6681f.jpg,60872,28124,blanco,ok,
38845,TANTUN 0.1 % SOLUCION DUCHA VAGINAL,https://mav.farmaciasaas.com/api/images/articulos/DISTRIBUCION/8116.jpg,https://fqeshthtycmzgyibiurq.supabase.co/storage/v1/object/public/crsnimages/catalogo/288b6ddd-cff4-453e-b69f-3043ffd0a71c.jpg,57762,26264,blanco,ok,
38840,TAMOSTIN 0.4 MG X 20 CAPSULAS DE LIBERACION PROLONGADA,https://pccentro.net.ve/img/s/5/4/8/7/7/54877-large_default.webp,https://fqeshthtycmzgyibiurq.supabase.co/storage/v1/object/public/crsnimages/catalogo/e290538e-9de5-438f-a2ad-ed8c49a5e08e.jpg,15900,34052,blanco,ok,
38846,TAPAZOL 5 MG X 60 TABLETAS,https://pccentro.net.ve/img/s/9/4/8/3/1/94831-large_default.webp,https://fqeshthtycmzgyibiurq.supabase.co/storage/v1/object/public/crsnimages/catalogo/4664c8ef-a21a-4dab-8182-9abd8a64dc52.jpg,55914,28727,blanco,ok,
38847,TEKRON 200 MG X 10 COMPRIMIDOS RECUBIERTOS,https://pccentro.net.ve/img/s/7/8/8/6/8/78868-large_default.webp,https://fqeshthtycmzgyibiurq.supabase.co/storage/v1/object/public/crsnimages/catalogo/f0f3a403-b454-439f-9429-82e7ae18c22b.jpg,34420,22376,blanco,ok,
38848,TEKRON 200 MG X 30 COMPRIMIDOS RECUBIERTOS,https://mav.farmaciasaas.com/api/images/articulos/DISTRIBUCION/90990.jpg,https://fqeshthtycmzgyibiurq.supabase.co/storage/v1/object/public/crsnimages/catalogo/267bef54-b603-4651-8e7d-cdf237f5fd62.jpg,66706,30602,blanco,ok,
38849,TENSOMAX 30 MG X 30 CAPSULAS DE LIBERACION PROLONGADA,https://mav.farmaciasaas.com/api/images/articulos/DISTRIBUCION/30143.jpg,https://fqeshthtycmzgyibiurq.supabase.co/storage/v1/object/public/crsnimages/catalogo/d8dc8ec0-0488-4dbb-881a-084671e25a9a.jpg,69308,34680,blanco,ok,
38851,TENSOPIN 20 MG / ML SOLUCION ORAL,https://mav.farmaciasaas.com/api/images/articulos/DISTRIBUCION/6991.jpg,https://fqeshthtycmzgyibiurq.supabase.co/storage/v1/object/public/crsnimages/catalogo/80e600aa-fe31-48a5-ae4c-2f5a648bafbb.jpg,77157,38703,blanco,ok,
38853,TERAGRIPFORTE 650 MG-20 MG-2 MG X 6 GRANULADO PARA SOLUCION ORAL,https://mav.farmaciasaas.com/api/images/articulos/DISTRIBUCION/92190.jpg,https://fqeshthtycmzgyibiurq.supabase.co/storage/v1/object/public/crsnimages/catalogo/8cb31b61-e55c-4ec9-9099-953c04fe6278.jpg,80936,39028,blanco,ok,
38850,TENSOMAX 30 MG X 10 CAPSULAS DE LIBERACION PROLONGADA,https://pccentro.net.ve/img/s/5/4/9/6/3/54963-large_default.webp,https://fqeshthtycmzgyibiurq.supabase.co/storage/v1/object/public/crsnimages/catalogo/560757ad-6730-466b-9150-0e42106a95c7.jpg,26864,49195,blanco,ok,
38858,TIALIN 50 MG X 10 COMPRIMIDOS,https://mav.farmaciasaas.com/api/images/articulos/DISTRIBUCION/10964.jpg,https://fqeshthtycmzgyibiurq.supabase.co/storage/v1/object/public/crsnimages/catalogo/387f01cc-5514-4481-9acc-e27976ba8ea4.jpg,39498,15132,blanco,ok,
38854,TERAGRIPFORTE 650 MG-20 MG-2 MG X 10 GRANULADO PARA SOLUCION ORAL,https://mav.farmaciasaas.com/api/images/articulos/DISTRIBUCION/92190.jpg,https://fqeshthtycmzgyibiurq.supabase.co/storage/v1/object/public/crsnimages/catalogo/f621bb3c-c9cf-4bd7-85ef-18860f1468b1.jpg,80936,39028,blanco,ok,
38857,TIALIN 100 MG X 10 COMPRIMIDOS,https://mav.farmaciasaas.com/api/images/articulos/DISTRIBUCION/13811.jpg,https://fqeshthtycmzgyibiurq.supabase.co/storage/v1/object/public/crsnimages/catalogo/b95308c8-62a4-461c-a2fc-701e6cb6d097.jpg,51092,22390,blanco,ok,
38859,TIALIN 50 MG X 30 COMPRIMIDOS,https://mav.farmaciasaas.com/api/images/articulos/DISTRIBUCION/1374.jpg,https://fqeshthtycmzgyibiurq.supabase.co/storage/v1/object/public/crsnimages/catalogo/68e68f2a-479b-4ff3-9790-376b43b1b452.jpg,51717,24167,blanco,ok,
38860,TIDOR 2 % - 0.5 % SOLUCION OFTALMICA,https://mav.farmaciasaas.com/api/images/articulos/DISTRIBUCION/25402.jpg,https://fqeshthtycmzgyibiurq.supabase.co/storage/v1/object/public/crsnimages/catalogo/d0170017-1e98-41c8-8fda-b4e71f604517.jpg,47411,19505,blanco,ok,
38864,TINIDAZOL 500 MG X 4 TABLETAS RECUBIERTAS,https://mav.farmaciasaas.com/api/images/articulos/DISTRIBUCION/29067.jpg,https://fqeshthtycmzgyibiurq.supabase.co/storage/v1/object/public/crsnimages/catalogo/40a8e09c-e699-499f-9d03-9ed938d239f0.jpg,475827,47722,blanco,ok,
38865,TIOCHAX PLUS 400 MG - 4 MG X 10 TABLETAS RECUBIERTAS,https://mav.farmaciasaas.com/api/images/articulos/DISTRIBUCION/26615.jpg,https://fqeshthtycmzgyibiurq.supabase.co/storage/v1/object/public/crsnimages/catalogo/881ca66d-29ad-4379-98a1-51a097c744f8.jpg,427240,43505,blanco,ok,
38867,TIOCOL 8 MG X 10 TABLETAS RECUBIERTAS,https://mav.farmaciasaas.com/api/images/articulos/DISTRIBUCION/26009.jpg,https://fqeshthtycmzgyibiurq.supabase.co/storage/v1/object/public/crsnimages/catalogo/faf16d48-4fe2-43f0-86ed-520d61db687b.jpg,56696,25844,blanco,ok,
38866,TIOCHAX 4 MG X 12 COMPRIMIDOS,https://mav.farmaciasaas.com/api/images/articulos/DISTRIBUCION/91151.jpg,https://fqeshthtycmzgyibiurq.supabase.co/storage/v1/object/public/crsnimages/catalogo/4d359a9b-eaa1-44f0-98e1-0431b681f9cc.jpg,465217,45182,blanco,ok,
38872,TIOCOLCHICOSIDO 4 MG X 12 TABLETAS,https://mav.farmaciasaas.com/api/images/articulos/DISTRIBUCION/6808.jpg,https://fqeshthtycmzgyibiurq.supabase.co/storage/v1/object/public/crsnimages/catalogo/4dc4cfd3-787f-4f17-a542-63fb32a2c101.jpg,174996,34811,blanco,ok,
38871,TIOCOLCHICOSIDO 4 MG X 10 COMPRIMIDOS,https://mav.farmaciasaas.com/api/images/articulos/DISTRIBUCION/26050.jpg,https://fqeshthtycmzgyibiurq.supabase.co/storage/v1/object/public/crsnimages/catalogo/cae2252e-3df7-4d50-8d55-62c09ce4e7f9.jpg,61445,29270,blanco,ok,
38873,TIOCOLCHICOSIDO 4 MG X 12 TABLETAS,https://pccentro.net.ve/img/s/8/4/1/7/0/84170-large_default.webp,https://fqeshthtycmzgyibiurq.supabase.co/storage/v1/object/public/crsnimages/catalogo/628a3148-48f9-431a-ab91-5ed54bc3d10f.jpg,40454,28954,blanco,ok,
38874,TIOCOLFEN 600 MG - 4 MG X 10 TABLETAS RECUBIERTAS,https://pccentro.net.ve/img/s/8/1/0/1/6/81016-large_default.webp,https://fqeshthtycmzgyibiurq.supabase.co/storage/v1/object/public/crsnimages/catalogo/f33806bd-c6a6-4342-aa57-a919500bfc1e.jpg,52862,29082,blanco,ok,
38877,TOBRASOL 0.3 % SOLUCION OFTALMICA,https://mav.farmaciasaas.com/api/images/articulos/DISTRIBUCION/8684.jpg,https://fqeshthtycmzgyibiurq.supabase.co/storage/v1/object/public/crsnimages/catalogo/eb5a1931-65d7-4933-98db-136ad5520481.jpg,53873,21494,blanco,ok,
38878,TODENAC 0.3 % - 0.1 % SOLUCION OFTALMICA,https://mav.farmaciasaas.com/api/images/articulos/DISTRIBUCION/5780.jpg,https://fqeshthtycmzgyibiurq.supabase.co/storage/v1/object/public/crsnimages/catalogo/f46573b4-1001-4871-aa1e-84843f0679c6.jpg,71200,27207,blanco,ok,
38879,TOLNAFTAN 1 % SOLUCION,https://mav.farmaciasaas.com/api/images/articulos/DISTRIBUCION/3539.jpg,https://fqeshthtycmzgyibiurq.supabase.co/storage/v1/object/public/crsnimages/catalogo/c55a11ce-0230-4f94-8c3a-7b10624925b2.jpg,66666,30808,blanco,ok,
38881,TONUM 1 MG / ML SUSPENSION ORAL,https://mav.farmaciasaas.com/api/images/articulos/DISTRIBUCION/9640.jpg,https://fqeshthtycmzgyibiurq.supabase.co/storage/v1/object/public/crsnimages/catalogo/0fda2910-043f-49d8-8326-dbce442e884b.jpg,40682,14184,blanco,ok,
38882,TONUM 10 MG X 30 TABLETAS,https://mav.farmaciasaas.com/api/images/articulos/DISTRIBUCION/95057.jpg,https://fqeshthtycmzgyibiurq.supabase.co/storage/v1/object/public/crsnimages/catalogo/c3a1b524-073b-44ca-b4e5-cbcb92afd9bd.jpg,176977,34272,blanco,ok,
38883,TORIVAS 50 MG X 30 TABLETAS RECUBIERTAS,https://mav.farmaciasaas.com/api/images/articulos/DISTRIBUCION/15607.jpg,https://fqeshthtycmzgyibiurq.supabase.co/storage/v1/object/public/crsnimages/catalogo/add2b5d4-02f9-47ee-94c0-0f00c5235511.jpg,21828,14009,blanco,ok,
38885,TRACEVAL 325 MG - 37.5 MG X 20 TABLETAS RECUBIERTAS,https://mav.farmaciasaas.com/api/images/articulos/DISTRIBUCION/99313.jpg,https://fqeshthtycmzgyibiurq.supabase.co/storage/v1/object/public/crsnimages/catalogo/25ee2049-3d80-4ed2-9e5d-281450f3ee9d.jpg,244547,36034,blanco,ok,
38886,TRACTIL FORTE 8 MG X 10 COMPRIMIDOS,https://mav.farmaciasaas.com/api/images/articulos/DISTRIBUCION/28504.jpg,https://fqeshthtycmzgyibiurq.supabase.co/storage/v1/object/public/crsnimages/catalogo/735c45b7-3f0c-41ee-a099-7948f8e644fb.jpg,86333,44391,blanco,ok,
38887,TRACTIL 4 MG X 12 COMPRIMIDOS,https://mav.farmaciasaas.com/api/images/articulos/DISTRIBUCION/4638.jpg,https://fqeshthtycmzgyibiurq.supabase.co/storage/v1/object/public/crsnimages/catalogo/0dd4beb6-3daa-44fb-ad08-4ebce5a16e83.jpg,74381,37441,blanco,ok,
38888,TRALIX 50 MG X 30 TABLETAS,https://mav.farmaciasaas.com/api/images/articulos/DISTRIBUCION/50749.jpg,https://fqeshthtycmzgyibiurq.supabase.co/storage/v1/object/public/crsnimages/catalogo/58e8c32c-4f5f-4dc4-91dc-354af8bf2fa7.jpg,44797,18598,blanco,ok,
38890,TRAMAL 100 MG / ML SOLUCION ORAL,https://pccentro.net.ve/img/s/7/4/5/9/5/74595-large_default.webp,https://fqeshthtycmzgyibiurq.supabase.co/storage/v1/object/public/crsnimages/catalogo/af282c8b-b726-444f-b666-54dd74026051.jpg,24100,45279,blanco,ok,
38891,TRICOX 60 MG X 14 TABLETAS RECUBIERTAS,https://mav.farmaciasaas.com/api/images/articulos/DISTRIBUCION/50716.jpg,https://fqeshthtycmzgyibiurq.supabase.co/storage/v1/object/public/crsnimages/catalogo/65f83659-9f83-490c-aea1-ea84fa893302.jpg,69575,33326,blanco,ok,
38892,TRIMBUTOP 200 MG X 10 COMPRIMIDOS,https://mav.farmaciasaas.com/api/images/articulos/DISTRIBUCION/54049.jpg,https://fqeshthtycmzgyibiurq.supabase.co/storage/v1/object/public/crsnimages/catalogo/c7c2765a-5166-4ccd-a708-97ea3261cc83.jpg,49419,21385,blanco,ok,
38894,TRIMEBUTINA MALEATO 200 MG X 30 TABLETAS,https://mav.farmaciasaas.com/api/images/articulos/DISTRIBUCION/26921.jpg,https://fqeshthtycmzgyibiurq.supabase.co/storage/v1/object/public/crsnimages/catalogo/97d38aee-5074-4906-92cf-da4ccdb9931b.jpg,70385,33871,blanco,ok,
38895,TRIMEBUTINA 300 MG X 10 COMPRIMIDOS RECUBIERTOS DE LIBERACION PROLONGADA,https://pccentro.net.ve/img/s/6/3/8/3/8/63838-large_default.webp,https://fqeshthtycmzgyibiurq.supabase.co/storage/v1/object/public/crsnimages/catalogo/d6fe21c9-7031-4598-a68b-5181d2c7f5fe.jpg,18838,37758,blanco,ok,
38897,TRIPUR 80 MG - 400 MG X 20 COMPRIMIDOS,https://mav.farmaciasaas.com/api/images/articulos/DISTRIBUCION/6516.jpg,https://fqeshthtycmzgyibiurq.supabase.co/storage/v1/object/public/crsnimages/catalogo/e8028511-a9e8-48f5-a2cb-ad7955b6227a.jpg,51285,21707,blanco,ok,
38898,TRITTICO 100 MG X 30 TABLETAS,https://mav.farmaciasaas.com/api/images/articulos/DISTRIBUCION/4228.jpg,https://fqeshthtycmzgyibiurq.supabase.co/storage/v1/object/public/crsnimages/catalogo/b483f935-2cb9-4fd3-99de-99af20804c0f.jpg,43084,16261,blanco,ok,
38901,ULCENOL 40 MG X 20 TABLETAS,https://mav.farmaciasaas.com/api/images/articulos/DISTRIBUCION/92083.jpg,https://fqeshthtycmzgyibiurq.supabase.co/storage/v1/object/public/crsnimages/catalogo/a0aafe95-f714-4b03-8c7e-70c3998dd4ea.jpg,48501,19580,blanco,ok,
38900,ULCENOL 20 MG X 10 TABLETAS,https://mav.farmaciasaas.com/api/images/articulos/DISTRIBUCION/2298.jpg,https://fqeshthtycmzgyibiurq.supabase.co/storage/v1/object/public/crsnimages/catalogo/e01f84df-3203-47c9-9737-80f3566aaa1a.jpg,43370,17679,blanco,ok,
38902,ULCON 1 G X 20 TABLETAS,https://mav.farmaciasaas.com/api/images/articulos/DISTRIBUCION/16823.jpg,https://fqeshthtycmzgyibiurq.supabase.co/storage/v1/object/public/crsnimages/catalogo/014d5fed-c75b-4435-afa6-915b894cff7a.jpg,48486,19955,blanco,ok,
38903,ULCRAF 1 G / 5 ML SUSPENSION ORAL,https://mav.farmaciasaas.com/api/images/articulos/DISTRIBUCION/50165.jpg,https://fqeshthtycmzgyibiurq.supabase.co/storage/v1/object/public/crsnimages/catalogo/5a99314c-a442-40da-b57d-21833aebdd8f.jpg,90742,46300,blanco,ok,
38904,ULGARIN 20 MG X 16 CAPSULAS,https://mav.farmaciasaas.com/api/images/articulos/DISTRIBUCION/23023.jpg,https://fqeshthtycmzgyibiurq.supabase.co/storage/v1/object/public/crsnimages/catalogo/c4536bbe-6e52-41d6-855c-cc944e39322b.jpg,56694,24313,blanco,ok,
38905,ULGARIN 20 MG X 28 CAPSULAS,https://mav.farmaciasaas.com/api/images/articulos/DISTRIBUCION/13252.jpg,https://fqeshthtycmzgyibiurq.supabase.co/storage/v1/object/public/crsnimages/catalogo/cc634f8d-352d-4e40-a06a-9cef411f7aae.jpg,49932,21160,blanco,ok,
38906,ULGARIN 40 MG X 16 CAPSULAS,https://mav.farmaciasaas.com/api/images/articulos/DISTRIBUCION/23886.jpg,https://fqeshthtycmzgyibiurq.supabase.co/storage/v1/object/public/crsnimages/catalogo/b93c0c89-13e4-4c1f-8727-fb39d629b3cc.jpg,66255,32981,blanco,ok,
38907,ULGARIN 40 MG X 32 CAPSULAS,https://mav.farmaciasaas.com/api/images/articulos/DISTRIBUCION/13323.jpg,https://fqeshthtycmzgyibiurq.supabase.co/storage/v1/object/public/crsnimages/catalogo/3bd51e4d-98c1-427d-a5eb-d83d37694480.jpg,67928,32870,blanco,ok,
38908,ULTAMYN 750 MG X 10 TABLETAS RECUBIERTAS,https://mav.farmaciasaas.com/api/images/articulos/DISTRIBUCION/27001.jpg,https://fqeshthtycmzgyibiurq.supabase.co/storage/v1/object/public/crsnimages/catalogo/64b91ffa-98dd-41a4-8201-5e2edb728be1.jpg,63870,30131,blanco,ok,
38909,URODUTAN 200 MG X 10 TABLETAS RECUBIERTAS,https://mav.farmaciasaas.com/api/images/articulos/DISTRIBUCION/22852.jpg,https://fqeshthtycmzgyibiurq.supabase.co/storage/v1/object/public/crsnimages/catalogo/800d9631-0a81-418c-99cd-929e63212e93.jpg,44143,17273,blanco,ok,
38899,TRITTICO 50 MG X 30 TABLETAS,https://mav.farmaciasaas.com/api/images/articulos/DISTRIBUCION/4227.jpg,https://fqeshthtycmzgyibiurq.supabase.co/storage/v1/object/public/crsnimages/catalogo/b05c7897-152e-4a31-8e06-4880495b2364.jpg,46293,18785,blanco,ok,
38911,VALACICLOVIR 500 MG X 10 TABLETAS RECUBIERTAS,https://mav.farmaciasaas.com/api/images/articulos/DISTRIBUCION/24670.jpg,https://fqeshthtycmzgyibiurq.supabase.co/storage/v1/object/public/crsnimages/catalogo/c71a7707-299a-443d-a84d-3fec179a8f17.jpg,54273,24019,blanco,ok,
38914,VALSARTAN 160 MG X 28 COMPRIMIDOS RECUBIERTOS,https://mav.farmaciasaas.com/api/images/articulos/DISTRIBUCION/54193.jpg,https://fqeshthtycmzgyibiurq.supabase.co/storage/v1/object/public/crsnimages/catalogo/5b821960-e6f1-479c-a47c-58b46586cd75.jpg,70316,34214,blanco,ok,
38917,VALSARTAN 160 MG X 7 CAPSULAS,https://mav.farmaciasaas.com/api/images/articulos/DISTRIBUCION/2620.jpg,https://fqeshthtycmzgyibiurq.supabase.co/storage/v1/object/public/crsnimages/catalogo/5067947d-5ff1-4fa0-aae6-c9d1313ce08c.jpg,58153,27296,blanco,ok,
38918,VALSARTAN - HIDROCLOROTIAZIDA 160 MG - 12.5 MG X 30 TABLETAS RECUBIERTAS,https://mav.farmaciasaas.com/api/images/articulos/DISTRIBUCION/54468.jpg,https://fqeshthtycmzgyibiurq.supabase.co/storage/v1/object/public/crsnimages/catalogo/bf5bf343-a86b-46cc-bf88-9bbc37e5ccae.jpg,28294,20230,blanco,ok,
38919,VALSARTAN - HIDROCLOROTIAZIDA 160 MG - 12.5 MG X 14 TABLETAS RECUBIERTAS,https://mav.farmaciasaas.com/api/images/articulos/DISTRIBUCION/96316.jpg,https://fqeshthtycmzgyibiurq.supabase.co/storage/v1/object/public/crsnimages/catalogo/c5f596b9-68a0-4eb1-ae70-0b543b26b6b2.jpg,72902,36432,blanco,ok,
38920,VALSARTAN 80 MG X 14 CAPSULAS,https://mav.farmaciasaas.com/api/images/articulos/DISTRIBUCION/22949.jpg,https://fqeshthtycmzgyibiurq.supabase.co/storage/v1/object/public/crsnimages/catalogo/221fa702-e6bc-4ff2-b8ca-9582a850332e.jpg,65959,31441,blanco,ok,
38921,VALSARTAN 80 MG X 30 CAPSULAS,https://mav.farmaciasaas.com/api/images/articulos/DISTRIBUCION/99797.jpg,https://fqeshthtycmzgyibiurq.supabase.co/storage/v1/object/public/crsnimages/catalogo/6803dabd-af4d-4842-8fe4-b384160868ba.jpg,66468,29427,blanco,ok,
38924,VALSARTAN - HIDROCLOROTIAZIDA 80 MG - 12.5 MG X 28 TABLETAS RECUBIERTAS,https://mav.farmaciasaas.com/api/images/articulos/DISTRIBUCION/54281.jpg,https://fqeshthtycmzgyibiurq.supabase.co/storage/v1/object/public/crsnimages/catalogo/6b25488d-ff35-4736-9923-850bad2fcf9a.jpg,70901,31227,blanco,ok,
38925,VALSARTAN - HIDROCLOROTIAZIDA 80 MG - 12.5 MG X 14 TABLETAS RECUBIERTAS,https://mav.farmaciasaas.com/api/images/articulos/DISTRIBUCION/9838.jpg,https://fqeshthtycmzgyibiurq.supabase.co/storage/v1/object/public/crsnimages/catalogo/1cbf3553-f445-4341-8d02-91333885188c.jpg,26351,17559,blanco,ok,
38934,VASPITOR 20 MG X 30 COMPRIMIDOS RECUBIERTOS,https://mav.farmaciasaas.com/api/images/articulos/DISTRIBUCION/50578.jpg,https://fqeshthtycmzgyibiurq.supabase.co/storage/v1/object/public/crsnimages/catalogo/2f3b6b19-ed72-4273-880f-7e9ca4e850d7.jpg,74177,34080,blanco,ok,
38935,VASPITOR 20 MG X 10 COMPRIMIDOS RECUBIERTOS,https://mav.farmaciasaas.com/api/images/articulos/DISTRIBUCION/52641.jpg,https://fqeshthtycmzgyibiurq.supabase.co/storage/v1/object/public/crsnimages/catalogo/b7188162-7dbb-4f9d-8fa2-bd75fe19c9ea.jpg,78981,37308,blanco,ok,
38936,VASPITOR 40 MG X 30 COMPRIMIDOS RECUBIERTOS,https://mav.farmaciasaas.com/api/images/articulos/DISTRIBUCION/50530.jpg,https://fqeshthtycmzgyibiurq.supabase.co/storage/v1/object/public/crsnimages/catalogo/11e3e22d-24bb-4d7e-a989-62d1dc681388.jpg,75598,34828,blanco,ok,
38937,VASPITOR 40 MG X 10 COMPRIMIDOS RECUBIERTOS,https://mav.farmaciasaas.com/api/images/articulos/DISTRIBUCION/52642.jpg,https://fqeshthtycmzgyibiurq.supabase.co/storage/v1/object/public/crsnimages/catalogo/a91d51ed-7a12-407b-9197-90d068475aa7.jpg,77047,33770,blanco,ok,
38938,VASSLUTEN HCT 300 MG - 12.5 MG TABLETAS,https://mav.farmaciasaas.com/api/images/articulos/DISTRIBUCION/26022.jpg,https://fqeshthtycmzgyibiurq.supabase.co/storage/v1/object/public/crsnimages/catalogo/0910206e-2ebd-48bc-bf25-d0749fb9f25e.jpg,53992,24956,blanco,ok,
38939,VASSLUTEN HCT 150 MG - 12.5 MG TABLETAS,https://mav.farmaciasaas.com/api/images/articulos/DISTRIBUCION/15696.jpg,https://fqeshthtycmzgyibiurq.supabase.co/storage/v1/object/public/crsnimages/catalogo/c4077ab7-45a5-43c2-b249-27cccd6b649f.jpg,46068,17961,blanco,ok,
38940,VECTUS 20 MG X 1 TABLETA RECUBIERTA,https://mav.farmaciasaas.com/api/images/articulos/DISTRIBUCION/29011.jpg,https://fqeshthtycmzgyibiurq.supabase.co/storage/v1/object/public/crsnimages/catalogo/eea53988-0758-4f09-9087-b00a349b9b05.jpg,69680,32286,blanco,ok,
38941,VECTUS 20 MG X 2 TABLETAS RECUBIERTAS,https://mav.farmaciasaas.com/api/images/articulos/DISTRIBUCION/29012.jpg,https://fqeshthtycmzgyibiurq.supabase.co/storage/v1/object/public/crsnimages/catalogo/353b90e7-47a0-45c3-95b0-f6fd2ac3859d.jpg,43698,17513,blanco,ok,
38942,VECTUS 5 MG X 10 TABLETAS RECUBIERTAS,https://mav.farmaciasaas.com/api/images/articulos/DISTRIBUCION/30204.jpg,https://fqeshthtycmzgyibiurq.supabase.co/storage/v1/object/public/crsnimages/catalogo/14b0b80c-7310-48d9-a3ea-15f21358a738.jpg,46604,19051,blanco,ok,
38943,VECTUS 5 MG X 20 TABLETAS RECUBIERTAS,https://mav.farmaciasaas.com/api/images/articulos/DISTRIBUCION/30212.jpg,https://fqeshthtycmzgyibiurq.supabase.co/storage/v1/object/public/crsnimages/catalogo/74e67a0c-f733-4ba1-9fa6-e1fea1e16cdb.jpg,69680,32286,blanco,ok,
38944,VECTUS 5 MG X 30 TABLETAS RECUBIERTAS,https://mav.farmaciasaas.com/api/images/articulos/DISTRIBUCION/30213.jpg,https://fqeshthtycmzgyibiurq.supabase.co/storage/v1/object/public/crsnimages/catalogo/f84d7d57-2c21-4558-9786-bf908586db8f.jpg,57846,24668,blanco,ok,
38947,VESTAX 650 MG X 10 TABLETAS,https://mav.farmaciasaas.com/api/images/articulos/DISTRIBUCION/9373.jpg,https://fqeshthtycmzgyibiurq.supabase.co/storage/v1/object/public/crsnimages/catalogo/df900167-1be6-4f7f-837a-b8747245c989.jpg,69761,33495,blanco,ok,
38948,VIAJESAN 50 MG X 10 TABLETAS RECUBIERTAS,https://mav.farmaciasaas.com/api/images/articulos/DISTRIBUCION/3034.jpg,https://fqeshthtycmzgyibiurq.supabase.co/storage/v1/object/public/crsnimages/catalogo/742cbe86-ee8e-45f3-bfcf-42e09b40b3c8.jpg,22530,15196,blanco,ok,
38946,DIOSMINA - HESPERIDINA 450 MG - 50 MG X 10 CAPSULAS BLANDAS,https://pccentro.net.ve/img/s/8/5/8/3/1/85831-large_default.webp,https://fqeshthtycmzgyibiurq.supabase.co/storage/v1/object/public/crsnimages/catalogo/8f4d9c80-9f28-4497-8c05-8f260986daad.jpg,40294,26652,blanco,ok,
38949,VIASEK 50 MG X 2 COMPRIMIDOS RECUBIERTOS,https://mav.farmaciasaas.com/api/images/articulos/DISTRIBUCION/2929.jpg,https://fqeshthtycmzgyibiurq.supabase.co/storage/v1/object/public/crsnimages/catalogo/50566a40-e0a3-4146-8ac4-5f96015744f1.jpg,79253,41717,blanco,ok,
38950,VIASEK 50 MG X 1 COMPRIMIDO RECUBIERTO,https://mav.farmaciasaas.com/api/images/articulos/DISTRIBUCION/5327.jpg,https://fqeshthtycmzgyibiurq.supabase.co/storage/v1/object/public/crsnimages/catalogo/7abdf933-412e-41ca-b963-ebdb6fd85039.jpg,27190,19616,blanco,ok,
38953,VIROSUPRIL 5 % CREMA,https://mav.farmaciasaas.com/api/images/articulos/DISTRIBUCION/90463.jpg,https://fqeshthtycmzgyibiurq.supabase.co/storage/v1/object/public/crsnimages/catalogo/1838d82d-9b3f-4a90-b7a1-2c258abedffd.jpg,42203,16749,blanco,ok,
38951,VIGRASOL 50 MG X 1 COMPRIMIDO RECUBIERTO,https://mav.farmaciasaas.com/api/images/articulos/DISTRIBUCION/7331.jpg,https://fqeshthtycmzgyibiurq.supabase.co/storage/v1/object/public/crsnimages/catalogo/d0b2a7b8-d6f6-4e4b-b745-42f62dc912f0.jpg,32246,23168,blanco,ok,
38957,FARMAD 1000 UI X 30 TABLETAS RECUBIERTAS,https://mav.farmaciasaas.com/api/images/articulos/DISTRIBUCION/96976.jpg,https://fqeshthtycmzgyibiurq.supabase.co/storage/v1/object/public/crsnimages/catalogo/8ac31126-734a-4894-82bd-e667edde94e4.jpg,73611,36215,blanco,ok,
38968,VITAMINA E 400 UI X 30 CAPSULAS BLANDAS,https://pccentro.net.ve/img/s/7/7/8/5/8/77858-large_default.webp,https://fqeshthtycmzgyibiurq.supabase.co/storage/v1/object/public/crsnimages/catalogo/678c3003-eaf0-451f-bf54-23bbf456197c.jpg,78250,44230,blanco,ok,
38971,VITADYN C 500 MG TABLETAS MASTICABLES SABOR A FRUTAS TROPICALES X 10 TABLETAS,https://mav.farmaciasaas.com/api/images/articulos/DISTRIBUCION/11403.jpg,https://fqeshthtycmzgyibiurq.supabase.co/storage/v1/object/public/crsnimages/catalogo/97269910-03d9-4835-8080-099ba2bb8426.jpg,53763,20573,blanco,ok,
38972,VITADYN C 500 MG TABLETAS MASTICABLES SABOR A FRUTAS TROPICALES X 30 TABLETAS,https://mav.farmaciasaas.com/api/images/articulos/DISTRIBUCION/30132.jpg,https://fqeshthtycmzgyibiurq.supabase.co/storage/v1/object/public/crsnimages/catalogo/29952e2e-5fba-4433-8f33-2193111fbb28.jpg,92170,33885,blanco,ok,
38976,VIZERUL 75 MG X 10 COMPRIMIDOS RECUBIERTOS,https://mav.farmaciasaas.com/api/images/articulos/DISTRIBUCION/111.jpg,https://fqeshthtycmzgyibiurq.supabase.co/storage/v1/object/public/crsnimages/catalogo/6d8f6a50-a634-49c8-baa6-c880ba0db18c.jpg,82065,22856,blanco,ok,
38977,VIZERUL 75 MG X 20 COMPRIMIDOS RECUBIERTOS,https://mav.farmaciasaas.com/api/images/articulos/DISTRIBUCION/24115.jpg,https://fqeshthtycmzgyibiurq.supabase.co/storage/v1/object/public/crsnimages/catalogo/b8f1b59e-e982-441d-88d2-d0d3c7ef1b73.jpg,108862,30822,blanco,ok,
38978,VIZERUL 150 MG / 10 ML X 10 SOLUCION ORAL,https://mav.farmaciasaas.com/api/images/articulos/DISTRIBUCION/93730.jpg,https://fqeshthtycmzgyibiurq.supabase.co/storage/v1/object/public/crsnimages/catalogo/1aedfd12-c8e2-445a-badd-3636a0083f47.jpg,68315,33804,blanco,ok,
38980,VONAU FLASH 4 MG TABLETAS DE DESINTEGRACION ORAL X 10 TABLETAS,https://mav.farmaciasaas.com/api/images/articulos/DISTRIBUCION/52415.jpg,https://fqeshthtycmzgyibiurq.supabase.co/storage/v1/object/public/crsnimages/catalogo/671253d2-e4fb-4af0-a9de-4efc53357514.jpg,48363,20758,blanco,ok,
38979,VOLCOFEN 75 MG / 3 ML X 1 AMPOLLA,https://mav.farmaciasaas.com/api/images/articulos/DISTRIBUCION/28883.jpg,https://fqeshthtycmzgyibiurq.supabase.co/storage/v1/object/public/crsnimages/catalogo/0d470112-74c5-4950-95e2-00e2a3f0b2a8.jpg,61971,28736,blanco,ok,
38975,VITENOL CREMA,https://mav.farmaciasaas.com/api/images/articulos/DISTRIBUCION/3832.jpg,https://fqeshthtycmzgyibiurq.supabase.co/storage/v1/object/public/crsnimages/catalogo/fd69942b-8f78-4777-9102-d1fef4ec5c17.jpg,49347,19963,blanco,ok,
38969,VITAMINA E 400 UI X 50 CAPSULAS BLANDAS,https://pccentro.net.ve/img/s/8/2/7/4/6/82746-large_default.webp,https://fqeshthtycmzgyibiurq.supabase.co/storage/v1/object/public/crsnimages/catalogo/175a71ad-a2cb-48ad-bc0a-7eb910f41750.jpg,73314,41968,blanco,ok,
38984,XAROX 10 MG X 30 TABLETAS RECUBIERTAS.,https://mav.farmaciasaas.com/api/images/articulos/DISTRIBUCION/52153.jpg,https://fqeshthtycmzgyibiurq.supabase.co/storage/v1/object/public/crsnimages/catalogo/14a929a5-6957-4ec6-a42e-73d06c2ff2de.jpg,51656,21626,blanco,ok,
38982,XANEXTRA 500 MG / 5 ML X 1 AMPOLLA,https://pccentro.net.ve/img/s/3/0/6/1/1/30611-large_default.webp,https://fqeshthtycmzgyibiurq.supabase.co/storage/v1/object/public/crsnimages/catalogo/1d34f2fe-fdf1-40e4-bbf9-64be637a2784.jpg,12550,26530,blanco,ok,
38985,XAROX 15 MG X 30 TABLETAS RECUBIERTAS,https://mav.farmaciasaas.com/api/images/articulos/DISTRIBUCION/52924.jpg,https://fqeshthtycmzgyibiurq.supabase.co/storage/v1/object/public/crsnimages/catalogo/2d30e084-efb2-4453-83d0-6cad1edd33bd.jpg,54504,23250,blanco,ok,
38986,XAROX 20 MG X 30 TABLETAS RECUBIERTAS,https://mav.farmaciasaas.com/api/images/articulos/DISTRIBUCION/52925.jpg,https://fqeshthtycmzgyibiurq.supabase.co/storage/v1/object/public/crsnimages/catalogo/c9491fc2-3c81-4031-bec6-a62b6f29e62f.jpg,51680,22012,blanco,ok,
38987,XEROGRAX 120 MG X 60 CAPSULAS,https://mav.farmaciasaas.com/api/images/articulos/DISTRIBUCION/91024.jpg,https://fqeshthtycmzgyibiurq.supabase.co/storage/v1/object/public/crsnimages/catalogo/c97a9d5f-36ed-4332-bb69-88a38911628d.jpg,51177,22980,blanco,ok,
38989,YONALIN 4 MG / ML SOLUCION ORAL GOTAS,https://mav.farmaciasaas.com/api/images/articulos/DISTRIBUCION/53336.jpg,https://fqeshthtycmzgyibiurq.supabase.co/storage/v1/object/public/crsnimages/catalogo/2954d227-dd98-4454-9f40-beeb9c7b8033.jpg,82251,43191,blanco,ok,
38990,ZALDIAR 37.5 MG - 325 MG X 20 COMPRIMIDOS RECUBIERTOS,https://mav.farmaciasaas.com/api/images/articulos/DISTRIBUCION/4263.jpg,https://fqeshthtycmzgyibiurq.supabase.co/storage/v1/object/public/crsnimages/catalogo/0ae49c64-41f9-44fd-aecc-5f1981966f76.jpg,83205,41972,blanco,ok,
38993,VITADYN C ZINC 500 MG - 7.5 MG X 30 CAPSULAS,https://mav.farmaciasaas.com/api/images/articulos/DISTRIBUCION/53166.jpg,https://fqeshthtycmzgyibiurq.supabase.co/storage/v1/object/public/crsnimages/catalogo/c1d3267d-5671-4bd5-8b82-2be5bdb8e104.jpg,107941,45095,blanco,ok,
38996,ZOLPIDEX 10 MG X 10 COMPRIMIDOS RECUBIERTOS,https://mav.farmaciasaas.com/api/images/articulos/DISTRIBUCION/6549.jpg,https://fqeshthtycmzgyibiurq.supabase.co/storage/v1/object/public/crsnimages/catalogo/88e99ccf-414d-4dae-8542-3454a497c193.jpg,46283,18988,blanco,ok,
38997,ZOLPIDEX 10 MG X 20 COMPRIMIDOS RECUBIERTOS,https://mav.farmaciasaas.com/api/images/articulos/DISTRIBUCION/6547.jpg,https://fqeshthtycmzgyibiurq.supabase.co/storage/v1/object/public/crsnimages/catalogo/c24ff890-80f3-445b-94e4-2e8a177cd12e.jpg,80018,31139,blanco,ok,
38998,ZONIUM 20 MG X 14 CAPSULAS CON MICROGRANULOS ENTERICOS,https://mav.farmaciasaas.com/api/images/articulos/DISTRIBUCION/22055.jpg,https://fqeshthtycmzgyibiurq.supabase.co/storage/v1/object/public/crsnimages/catalogo/1e770827-3afb-48e9-9254-8076032a28ba.jpg,57450,25026,blanco,ok,
38999,ZONIUM 40 MG X 14 CAPSULAS CON MICROGRANULOS ENTERICOS,https://mav.farmaciasaas.com/api/images/articulos/DISTRIBUCION/22056.jpg,https://fqeshthtycmzgyibiurq.supabase.co/storage/v1/object/public/crsnimages/catalogo/fa977d69-fdd2-4b4b-97bd-664ac211b3a0.jpg,151903,29885,blanco,ok,
39001,ZOPICLONA 7.5 MG X 10 TABLETAS RECUBIERTAS,https://pccentro.net.ve/img/s/5/2/7/1/0/52710-large_default.webp,https://fqeshthtycmzgyibiurq.supabase.co/storage/v1/object/public/crsnimages/catalogo/57e93272-bcfb-4edd-94f1-41a742e9858b.jpg,10814,22283,blanco,ok,
38991,ZILDON 10 MG X 30 TABLETAS RECUBIERTAS,https://mav.farmaciasaas.com/api/images/articulos/DISTRIBUCION/53121.jpg,https://fqeshthtycmzgyibiurq.supabase.co/storage/v1/object/public/crsnimages/catalogo/e0ae33a3-41c6-4c34-9ba1-59d4c2ccf7a8.jpg,77502,36533,blanco,ok,
39002,ZOST 50 MG X 1 COMPRIMIDO,https://mav.farmaciasaas.com/api/images/articulos/DISTRIBUCION/91511.jpg,https://fqeshthtycmzgyibiurq.supabase.co/storage/v1/object/public/crsnimages/catalogo/0b531622-46a6-4d11-9b26-f734401c9491.jpg,47093,18859,blanco,ok,
39003,ZOST 50 MG X 2 COMPRIMIDOS,https://mav.farmaciasaas.com/api/images/articulos/DISTRIBUCION/91227.jpg,https://fqeshthtycmzgyibiurq.supabase.co/storage/v1/object/public/crsnimages/catalogo/f247f3d0-156e-4258-ba95-08ad09060a77.jpg,43574,16799,blanco,ok,
39004,ZOST 50 MG X 4 COMPRIMIDOS,https://mav.farmaciasaas.com/api/images/articulos/DISTRIBUCION/91228.jpg,https://fqeshthtycmzgyibiurq.supabase.co/storage/v1/object/public/crsnimages/catalogo/955db6d5-1cb0-442e-9004-6d3ddd7c85c4.jpg,42554,16018,blanco,ok,
39005,ZUDENINA 0.1 % CREMA,https://mav.farmaciasaas.com/api/images/articulos/DISTRIBUCION/9694.jpg,https://fqeshthtycmzgyibiurq.supabase.co/storage/v1/object/public/crsnimages/catalogo/f309ab34-b8a0-425f-aefa-1af74ca7160a.jpg,38641,14361,blanco,ok,
39006,ZYRTEC 10 MG X 20 COMPRIMIDOS RECUBIERTOS,https://mav.farmaciasaas.com/api/images/articulos/DISTRIBUCION/28894.jpg,https://fqeshthtycmzgyibiurq.supabase.co/storage/v1/object/public/crsnimages/catalogo/0b7951de-a9ca-4b6c-93b8-d6522d44331f.jpg,55254,25096,blanco,ok,
39008,ACETAMINOFEN 120 MG / 5 ML JARABE,https://mav.farmaciasaas.com/api/images/articulos/DISTRIBUCION/1978.jpg,https://fqeshthtycmzgyibiurq.supabase.co/storage/v1/object/public/crsnimages/catalogo/657ccb9d-8a4e-4f0d-8b75-43459f10dd20.jpg,62155,29530,blanco,ok,
39007,ACETAMINOFEN 1000 MG COMPRIMIDOS,https://pccentro.net.ve/img/s/3/5/1/8/6/35186-large_default.webp,https://fqeshthtycmzgyibiurq.supabase.co/storage/v1/object/public/crsnimages/catalogo/77f3207e-e1b7-4754-95de-765342bcf387.jpg,10592,23876,blanco,ok,
39009,ACETAMINOFEN 125 MG SUPOSITORIOS,https://mav.farmaciasaas.com/api/images/articulos/DISTRIBUCION/53592.jpg,https://fqeshthtycmzgyibiurq.supabase.co/storage/v1/object/public/crsnimages/catalogo/5c0d441b-53e3-4ad9-bc73-350cb025b986.jpg,78957,40000,blanco,ok,
39010,ACETAMINOFEN 650 MG X 10 TABLETAS,https://mav.farmaciasaas.com/api/images/articulos/DISTRIBUCION/6236.jpg,https://fqeshthtycmzgyibiurq.supabase.co/storage/v1/object/public/crsnimages/catalogo/e16756a5-56b9-4973-b7a9-8cd6c1988263.jpg,27687,18687,blanco,ok,
39011,ACETAMINOFEN 500 MG X 10 TABLETAS,https://pccentro.net.ve/img/s/8/3/7/6/2/83762-large_default.webp,https://fqeshthtycmzgyibiurq.supabase.co/storage/v1/object/public/crsnimages/catalogo/6b339571-0bd6-4a51-82fd-08db2fe67ef5.jpg,52030,32947,blanco,ok,
39012,ACETAMINOFEN 500 MG X 30 TABLETAS,https://pccentro.net.ve/img/s/8/7/8/2/6/87826-large_default.webp,https://fqeshthtycmzgyibiurq.supabase.co/storage/v1/object/public/crsnimages/catalogo/408089a4-809f-43cc-8382-bc36a374150d.jpg,44364,25478,blanco,ok,
39013,ACETAMINOFEN 650 MG X 10 COMPRIMIDOS,https://mav.farmaciasaas.com/api/images/articulos/DISTRIBUCION/21858.jpg,https://fqeshthtycmzgyibiurq.supabase.co/storage/v1/object/public/crsnimages/catalogo/a802ca66-1c77-4fda-826f-3c2d24076ae9.jpg,66535,32515,blanco,ok,
39018,ACIDO FOLICO 10 MG X 20 TABLETAS,https://mav.farmaciasaas.com/api/images/articulos/DISTRIBUCION/10752.jpg,https://fqeshthtycmzgyibiurq.supabase.co/storage/v1/object/public/crsnimages/catalogo/18f63205-3944-4329-b22a-4effbab8b047.jpg,51691,22234,blanco,ok,
39021,ACIDO FOLICO 10 MG COMPRIMIDOS,https://pccentro.net.ve/img/s/2/3/7/0/5/23705-large_default.webp,https://fqeshthtycmzgyibiurq.supabase.co/storage/v1/object/public/crsnimages/catalogo/d112d997-e604-4b63-bd36-b8a8af239532.jpg,31874,35323,blanco,ok,
39019,ACIDO FOLICO 10 MG X 30 TABLETAS,https://mav.farmaciasaas.com/api/images/articulos/DISTRIBUCION/91658.jpg,https://fqeshthtycmzgyibiurq.supabase.co/storage/v1/object/public/crsnimages/catalogo/3edbc3f4-7505-4252-a66c-faed5619e6c9.jpg,46262,19267,blanco,ok,
39022,ACIDO FOLICO 5 MG X 30 TABLETAS,https://mav.farmaciasaas.com/api/images/articulos/DISTRIBUCION/21981.jpg,https://fqeshthtycmzgyibiurq.supabase.co/storage/v1/object/public/crsnimages/catalogo/fdf4150a-111c-4b86-8a84-8bcc5221cf50.jpg,58611,28158,blanco,ok,
39023,ACIDO FOLICO 10 MG / ML SOLUCION ORAL,https://mav.farmaciasaas.com/api/images/articulos/DISTRIBUCION/2643.jpg,https://fqeshthtycmzgyibiurq.supabase.co/storage/v1/object/public/crsnimages/catalogo/db1bcbd9-578c-43f0-b2dd-f4cb63b3065b.jpg,42640,17179,blanco,ok,
39024,DEXTROSA AL 5 % EN AGUA DESTILADA SOLUCION INYECTABLE,https://mav.farmaciasaas.com/api/images/articulos/DISTRIBUCION/1133.jpg,https://fqeshthtycmzgyibiurq.supabase.co/storage/v1/object/public/crsnimages/catalogo/932e497a-0e18-4834-b7cc-9c6a4b337974.jpg,51889,22415,blanco,ok,
39025,AIREX 0.05 % SOLUCION NASAL,https://mav.farmaciasaas.com/api/images/articulos/DISTRIBUCION/27095.jpg,https://fqeshthtycmzgyibiurq.supabase.co/storage/v1/object/public/crsnimages/catalogo/ee02eb4a-2043-4ecf-afa1-60258de2eb4b.jpg,57114,26105,blanco,ok,
39028,AIRON 5 MG X 30 TABLETAS MASTICABLES,https://mav.farmaciasaas.com/api/images/articulos/DISTRIBUCION/5931.jpg,https://fqeshthtycmzgyibiurq.supabase.co/storage/v1/object/public/crsnimages/catalogo/f5a78405-cc57-4748-af5b-e827f10208a3.jpg,72579,33006,blanco,ok,
39029,ALBENDAZOL 200 MG X 2 TABLETAS MASTICABLES SABOR A BANANA,https://mav.farmaciasaas.com/api/images/articulos/DISTRIBUCION/13063.jpg,https://fqeshthtycmzgyibiurq.supabase.co/storage/v1/object/public/crsnimages/catalogo/65060ab2-3884-4695-b0f3-3cad27273429.jpg,28212,19009,blanco,ok,
39030,ALBENDAZOL 200 MG X 6 TABLETAS MASTICABLES SABOR A BANANA,https://mav.farmaciasaas.com/api/images/articulos/DISTRIBUCION/94917.jpg,https://fqeshthtycmzgyibiurq.supabase.co/storage/v1/object/public/crsnimages/catalogo/767e37ac-c277-4796-9344-1e00f28d32d2.jpg,63783,28802,blanco,ok,
39033,ALIVETNOC 500 MG - 3 MG GRANULADO SABOR LIMON - MIEL,https://mav.farmaciasaas.com/api/images/articulos/DISTRIBUCION/91845.jpg,https://fqeshthtycmzgyibiurq.supabase.co/storage/v1/object/public/crsnimages/catalogo/5280e501-7037-401e-ba61-9fe599370df7.jpg,80307,40163,blanco,ok,
39031,SECNIDAZOL - ITRACONAZOL 166.66 MG - 33.33 MG X 12 CAPSULAS,https://pccentro.net.ve/img/s/1/8/2/1/3/18213-large_default.webp,https://fqeshthtycmzgyibiurq.supabase.co/storage/v1/object/public/crsnimages/catalogo/e3c3e014-eee0-4897-9def-1ca8d6450557.jpg,13712,21959,blanco,ok,
39034,ALIVET PLUS COMPRIMIDOS RECUBIERTOS,https://mav.farmaciasaas.com/api/images/articulos/DISTRIBUCION/51787.jpg,https://fqeshthtycmzgyibiurq.supabase.co/storage/v1/object/public/crsnimages/catalogo/0375288f-ced9-4fea-b1e9-693dc4e4695b.jpg,92529,51083,blanco,ok,
39035,AMLODIPINA 10 MG X 20 TABLETAS,https://mav.farmaciasaas.com/api/images/articulos/DISTRIBUCION/92638.jpg,https://fqeshthtycmzgyibiurq.supabase.co/storage/v1/object/public/crsnimages/catalogo/b6c89cd7-1379-41e5-ad99-88b8b8f7847b.jpg,58376,25979,blanco,ok,
39036,AMLODIPINA 10 MG X 30 TABLETAS,https://mav.farmaciasaas.com/api/images/articulos/DISTRIBUCION/53795.jpg,https://fqeshthtycmzgyibiurq.supabase.co/storage/v1/object/public/crsnimages/catalogo/af03f395-53ed-4460-90ee-050a06a97ff2.jpg,52299,21655,blanco,ok,
39038,AMLODIPINA - VALSARTAN 10 MG - 160 MG COMPRIMIDOS RECUBIERTOS,https://pccentro.net.ve/img/s/7/8/4/7/9/78479-large_default.webp,https://fqeshthtycmzgyibiurq.supabase.co/storage/v1/object/public/crsnimages/catalogo/2a310d92-0e9b-4ae0-8074-c522ceadaa88.jpg,46926,27474,blanco,ok,
39041,AMLODIPINA 5 MG X 30 TABLETAS,https://mav.farmaciasaas.com/api/images/articulos/DISTRIBUCION/12027.jpg,https://fqeshthtycmzgyibiurq.supabase.co/storage/v1/object/public/crsnimages/catalogo/3ad603df-fffa-4303-aab1-2905a10952f0.jpg,72913,33208,blanco,ok,
39043,AMOVIN 500 MG X 6 TABLETAS RECUBIERTAS,https://mav.farmaciasaas.com/api/images/articulos/DISTRIBUCION/92490.jpg,https://fqeshthtycmzgyibiurq.supabase.co/storage/v1/object/public/crsnimages/catalogo/ddf1bd41-3d6d-462b-a2fd-2dc877c2c0eb.jpg,64774,31309,blanco,ok,
39045,AMOXICILINA 500 MG X 12 CAPSULAS,https://mav.farmaciasaas.com/api/images/articulos/DISTRIBUCION/96769.jpg,https://fqeshthtycmzgyibiurq.supabase.co/storage/v1/object/public/crsnimages/catalogo/8d424a62-e6bb-4902-874a-59831a406fce.jpg,235993,34553,blanco,ok,
39047,AMOXICILINA - ACIDO CLAVULANICO 400 MG - 57 MG / 5 ML POLVO PARA SUSPENSION ORAL,https://mav.farmaciasaas.com/api/images/articulos/DISTRIBUCION/13416.jpg,https://fqeshthtycmzgyibiurq.supabase.co/storage/v1/object/public/crsnimages/catalogo/8c3c9c38-9985-4197-8280-fa08328340b8.jpg,61912,31331,blanco,ok,
39051,ANASMOL 2.5 MG COMPRIMIDOS,https://mav.farmaciasaas.com/api/images/articulos/DISTRIBUCION/1878.jpg,https://fqeshthtycmzgyibiurq.supabase.co/storage/v1/object/public/crsnimages/catalogo/3487ef25-e65d-41ed-b9fa-84dddddd3160.jpg,83635,39274,blanco,ok,
39052,ANGRIP FORTE DIA 650 MG - 2 MG - 20 MG COMPRIMIDOS RECUBIERTOS,https://mav.farmaciasaas.com/api/images/articulos/DISTRIBUCION/30055.jpg,https://fqeshthtycmzgyibiurq.supabase.co/storage/v1/object/public/crsnimages/catalogo/53d9b8a4-67c3-44a5-be83-04ebedf4fbaa.jpg,60385,29075,blanco,ok,
39053,ANGRIP FORTE NOCHE 650 MG - 4 MG COMPRIMIDOS RECUBIERTOS,https://mav.farmaciasaas.com/api/images/articulos/DISTRIBUCION/30054.jpg,https://fqeshthtycmzgyibiurq.supabase.co/storage/v1/object/public/crsnimages/catalogo/ce0f91aa-148a-4e61-bbad-a4ee7e717c94.jpg,74476,37055,blanco,ok,
39054,ANTAAR 2.5 MG X 30 TABLETAS RECUBIERTAS,https://mav.farmaciasaas.com/api/images/articulos/DISTRIBUCION/15626.jpg,https://fqeshthtycmzgyibiurq.supabase.co/storage/v1/object/public/crsnimages/catalogo/ca0f3b1d-6622-43f7-8983-738a49e9b5a4.jpg,64706,28990,blanco,ok,
39055,ANTAAR 2.5 MG X 10 TABLETAS RECUBIERTAS,https://mav.farmaciasaas.com/api/images/articulos/DISTRIBUCION/21066.jpg,https://fqeshthtycmzgyibiurq.supabase.co/storage/v1/object/public/crsnimages/catalogo/346ba588-4c34-4fcf-a6e4-7a75c0133434.jpg,23100,15219,blanco,ok,
39056,ANTAAR 5 MG X 30 TABLETAS RECUBIERTAS,https://mav.farmaciasaas.com/api/images/articulos/DISTRIBUCION/16094.jpg,https://fqeshthtycmzgyibiurq.supabase.co/storage/v1/object/public/crsnimages/catalogo/dc756fe1-0076-4ceb-9b41-993a31a3da3b.jpg,22684,14901,blanco,ok,
39060,ANTILAX 2 MG X 10 TABLETAS,https://mav.farmaciasaas.com/api/images/articulos/DISTRIBUCION/93277.jpg,https://fqeshthtycmzgyibiurq.supabase.co/storage/v1/object/public/crsnimages/catalogo/9c20b22f-3e85-4e17-9a3a-c6573454383e.jpg,80889,41456,blanco,ok,
39058,ANTIFOM 125 MG X 10 TABLETAS MASTICABLES,https://pccentro.net.ve/img/s/7/4/2/0/8/74208-large_default.webp,https://fqeshthtycmzgyibiurq.supabase.co/storage/v1/object/public/crsnimages/catalogo/f418ecb3-a079-4521-a298-7c72f5852e28.jpg,16726,36820,blanco,ok,
39062,APIRET 180 MG / 5 ML SOLUCION ORAL,https://mav.farmaciasaas.com/api/images/articulos/DISTRIBUCION/99842.jpg,https://fqeshthtycmzgyibiurq.supabase.co/storage/v1/object/public/crsnimages/catalogo/a9502a45-5e41-4460-aff6-d24d29de9027.jpg,98553,39705,blanco,ok,
39063,APIRET 250 MG SUPOSITORIOS,https://mav.farmaciasaas.com/api/images/articulos/DISTRIBUCION/22131.jpg,https://fqeshthtycmzgyibiurq.supabase.co/storage/v1/object/public/crsnimages/catalogo/28bcdb8d-d347-4d75-a020-c071cfabfce5.jpg,46483,20509,blanco,ok,
39059,ANTIFOM 80 MG / ML SUSPENSION ORAL,https://pccentro.net.ve/img/s/7/6/7/6/3/76763-large_default.webp,https://fqeshthtycmzgyibiurq.supabase.co/storage/v1/object/public/crsnimages/catalogo/36a11882-799f-44a6-9d99-ec01526afece.jpg,87494,44291,blanco,ok,
39061,APIRET 125 MG SUPOSITORIOS,https://mav.farmaciasaas.com/api/images/articulos/DISTRIBUCION/26389.jpg,https://fqeshthtycmzgyibiurq.supabase.co/storage/v1/object/public/crsnimages/catalogo/f0f5ea98-bc44-41ac-a54f-af011abd4672.jpg,79993,32869,blanco,ok,
39064,APLACAL 750 MG TABLETAS MASTICABLES SABOR A FRAMBUESA X 10 TABLETAS,https://mav.farmaciasaas.com/api/images/articulos/DISTRIBUCION/21600.jpg,https://fqeshthtycmzgyibiurq.supabase.co/storage/v1/object/public/crsnimages/catalogo/61525dfe-a654-4555-9853-dee3ca56bd32.jpg,64003,29741,blanco,ok,
39065,APLACAL 750 MG TABLETAS MASTICABLES SABOR A FRAMBUESA X 80 TABLETAS,https://mav.farmaciasaas.com/api/images/articulos/DISTRIBUCION/52504.jpg,https://fqeshthtycmzgyibiurq.supabase.co/storage/v1/object/public/crsnimages/catalogo/c3ed3530-1d62-4735-9160-93815a4d265f.jpg,82448,40979,blanco,ok,
39066,APLACAL 750 MG X 10 TABLETAS MASTICABLES SABOR A MENTA,https://mav.farmaciasaas.com/api/images/articulos/DISTRIBUCION/21600.jpg,https://fqeshthtycmzgyibiurq.supabase.co/storage/v1/object/public/crsnimages/catalogo/9e7ffa5c-1ac2-4cef-893a-5afb9753d802.jpg,64003,29741,blanco,ok,
39067,APLACAL 750 MG X 120 TABLETAS MASTICABLES SABOR A MENTA,https://mav.farmaciasaas.com/api/images/articulos/DISTRIBUCION/21595.jpg,https://fqeshthtycmzgyibiurq.supabase.co/storage/v1/object/public/crsnimages/catalogo/1fd50ea2-8a45-4392-9489-36bf3094897c.jpg,92874,48767,blanco,ok,
39068,APLACAL 750 MG X 80 TABLETAS MASTICABLES SABOR A MENTA,https://mav.farmaciasaas.com/api/images/articulos/DISTRIBUCION/52504.jpg,https://fqeshthtycmzgyibiurq.supabase.co/storage/v1/object/public/crsnimages/catalogo/bc57f690-b322-4366-b605-119a9a60ef9a.jpg,82448,40979,blanco,ok,
39069,APLACAL 750 MG X 80 TABLETAS MASTICABLES SABOR A MANDARINA,https://mav.farmaciasaas.com/api/images/articulos/DISTRIBUCION/52504.jpg,https://fqeshthtycmzgyibiurq.supabase.co/storage/v1/object/public/crsnimages/catalogo/6c2f7c33-2459-4c5d-a475-3f9689bd03b8.jpg,82448,40979,blanco,ok,
39072,ARBIXIL 15 MG - 10 MCG / 5 ML JARABE,https://pccentro.net.ve/img/s/1/8/2/1/8/18218-large_default.webp,https://fqeshthtycmzgyibiurq.supabase.co/storage/v1/object/public/crsnimages/catalogo/f28f6a65-7683-4555-b0a3-919265411207.jpg,12294,20238,blanco,ok,
39073,ARBIXIL 7.5 MG - 5 MCG / 5 ML JARABE,https://pccentro.net.ve/img/s/1/8/1/9/8/18198-large_default.webp,https://fqeshthtycmzgyibiurq.supabase.co/storage/v1/object/public/crsnimages/catalogo/413dcb36-d85f-46fc-a99c-aa5cc8bb3d03.jpg,15670,24232,blanco,ok,
39079,ASTRIMOL 5 MG X 30 TABLETAS RECUBIERTAS,https://mav.farmaciasaas.com/api/images/articulos/DISTRIBUCION/53175.jpg,https://fqeshthtycmzgyibiurq.supabase.co/storage/v1/object/public/crsnimages/catalogo/595f0a58-0019-4f3f-880a-d16d6dc5162c.jpg,52900,21784,blanco,ok,
39081,ATAMEL PLUS 500 MG - 32 MG X 10 TABLETAS,https://mav.farmaciasaas.com/api/images/articulos/DISTRIBUCION/15413.jpg,https://fqeshthtycmzgyibiurq.supabase.co/storage/v1/object/public/crsnimages/catalogo/5c1db096-3423-4b71-96ff-5b5802d53a2a.jpg,25655,17604,blanco,ok,
39074,ARBIXIL 7.5 MG - 5 MCG / ML SOLUCION ORAL,https://mav.farmaciasaas.com/api/images/articulos/DISTRIBUCION/3798.jpg,https://fqeshthtycmzgyibiurq.supabase.co/storage/v1/object/public/crsnimages/catalogo/60cf1729-4b82-4b02-9f21-55de90abbb68.jpg,61148,28245,blanco,ok,
39082,ATENOLOL 100 MG COMPRIMIDOS,https://mav.farmaciasaas.com/api/images/articulos/DISTRIBUCION/3271.jpg,https://fqeshthtycmzgyibiurq.supabase.co/storage/v1/object/public/crsnimages/catalogo/980ef903-927a-429d-8e6b-f29a77bf17e7.jpg,95598,30622,blanco,ok,
39083,ATENOLOL 50 MG X 30 COMPRIMIDOS,https://mav.farmaciasaas.com/api/images/articulos/DISTRIBUCION/3028.jpg,https://fqeshthtycmzgyibiurq.supabase.co/storage/v1/object/public/crsnimages/catalogo/496ebeb8-5340-46cc-9a9e-b686dbfa576f.jpg,67870,30998,blanco,ok,
39085,ATORVASTATINA 20 MG COMPRIMIDOS RECUBIERTOS,https://pccentro.net.ve/img/s/1/9/1/1/5/19115-large_default.webp,https://fqeshthtycmzgyibiurq.supabase.co/storage/v1/object/public/crsnimages/catalogo/7fbb229a-3806-40c8-9c47-8eac2c4c2e6c.jpg,17306,24310,blanco,ok,
39087,ATORVASTATINA 40 MG X 30 TABLETAS RECUBIERTAS,https://mav.farmaciasaas.com/api/images/articulos/DISTRIBUCION/51294.jpg,https://fqeshthtycmzgyibiurq.supabase.co/storage/v1/object/public/crsnimages/catalogo/c728bbd3-b286-4091-8bb1-866cfb72f18e.jpg,233310,34162,blanco,ok,
39088,ATROVERAN 10 MG X 10 TABLETAS RECUBIERTAS,https://mav.farmaciasaas.com/api/images/articulos/DISTRIBUCION/25527.jpg,https://fqeshthtycmzgyibiurq.supabase.co/storage/v1/object/public/crsnimages/catalogo/877a4221-8d8c-4d47-988c-faaf175afa4e.jpg,61785,24448,blanco,ok,
39090,AZITROMICINA 500 MG COMPRIMIDOS RECUBIERTOS,https://mav.farmaciasaas.com/api/images/articulos/DISTRIBUCION/6090.jpg,https://fqeshthtycmzgyibiurq.supabase.co/storage/v1/object/public/crsnimages/catalogo/fe6859da-c672-4978-ae1f-39d3c1844426.jpg,65194,32062,blanco,ok,
39091,AZUTAN 0.15 % COLUTORIO,https://mav.farmaciasaas.com/api/images/articulos/DISTRIBUCION/15068.jpg,https://fqeshthtycmzgyibiurq.supabase.co/storage/v1/object/public/crsnimages/catalogo/15445bd4-e220-4a9f-b2b4-43cc4f8dc343.jpg,173084,28010,blanco,ok,
39092,BACITRACINA 500 UI / G UNGUENTO,https://pccentro.net.ve/img/s/1/9/2/7/1/19271-large_default.webp,https://fqeshthtycmzgyibiurq.supabase.co/storage/v1/object/public/crsnimages/catalogo/3c880a55-7edf-4696-b725-f00667fb46c1.jpg,17302,23818,blanco,ok,
39093,BALSADER POMADA,https://pccentro.net.ve/img/s/3/2/3/4/5/32345-large_default.webp,https://fqeshthtycmzgyibiurq.supabase.co/storage/v1/object/public/crsnimages/catalogo/36685b23-2896-4fc3-a018-dd9b565668c8.jpg,12306,26727,blanco,ok,
39094,BETADERM 0.05 % CREMA,https://mav.farmaciasaas.com/api/images/articulos/DISTRIBUCION/4155.jpg,https://fqeshthtycmzgyibiurq.supabase.co/storage/v1/object/public/crsnimages/catalogo/93dad460-3e10-4182-af2e-961973df8da9.jpg,155806,31511,blanco,ok,
39096,BETAMETASONA 4 MG / ML X 1 AMPOLLA,https://mav.farmaciasaas.com/api/images/articulos/DISTRIBUCION/2117.jpg,https://fqeshthtycmzgyibiurq.supabase.co/storage/v1/object/public/crsnimages/catalogo/56cca8f7-284e-4dfc-9c0c-836b36217a0a.jpg,185325,27776,blanco,ok,
39097,BICARBONATO DE SODIO AL 5 % X 1 AMPOLLA,https://mav.farmaciasaas.com/api/images/articulos/DISTRIBUCION/4842.jpg,https://fqeshthtycmzgyibiurq.supabase.co/storage/v1/object/public/crsnimages/catalogo/3af19b81-6be9-4274-aa1e-38283790cc8c.jpg,44849,21124,blanco,ok,
39098,BIOCOR 20 MG X 30 TABLETAS RECUBIERTAS,https://mav.farmaciasaas.com/api/images/articulos/DISTRIBUCION/15627.jpg,https://fqeshthtycmzgyibiurq.supabase.co/storage/v1/object/public/crsnimages/catalogo/914f4fea-6329-44d2-a687-2e111d63c253.jpg,23058,15282,blanco,ok,
39099,OLMESARTAN MEDOXOMILO 40 MG X 30 TABLETAS RECUBIERTAS,https://mav.farmaciasaas.com/api/images/articulos/DISTRIBUCION/13812.jpg,https://fqeshthtycmzgyibiurq.supabase.co/storage/v1/object/public/crsnimages/catalogo/dbbbedb7-c272-4382-abe4-3ead2dd693d7.jpg,77044,37287,blanco,ok,
39104,BIPROLIL 2.5 MG COMPRIMIDOS RECUBIERTOS,https://mav.farmaciasaas.com/api/images/articulos/DISTRIBUCION/27780.jpg,https://fqeshthtycmzgyibiurq.supabase.co/storage/v1/object/public/crsnimages/catalogo/dfa5f6bd-c7d6-40cd-bf7c-a0d9483b424b.jpg,52140,22890,blanco,ok,
39102,BIOTALOL HCT 2.5 MG - 6.25 MG COMPRIMIDOS RECUBIERTOS,https://mav.farmaciasaas.com/api/images/articulos/DISTRIBUCION/53196.jpg,https://fqeshthtycmzgyibiurq.supabase.co/storage/v1/object/public/crsnimages/catalogo/25437b62-691b-4195-8002-eb154619570c.jpg,68182,33049,blanco,ok,
39106,BISOPROLOL FUMARATO 2.5 MG X 30 TABLETAS RECUBIERTAS,https://mav.farmaciasaas.com/api/images/articulos/DISTRIBUCION/97002.jpg,https://fqeshthtycmzgyibiurq.supabase.co/storage/v1/object/public/crsnimages/catalogo/e22fd223-080d-4be4-97c1-7af6daa328a9.jpg,26521,17582,blanco,ok,
39111,BISOPROLOL FUMARATO - HIDROCLOROTIAZIDA 5 MG - 6.25 MG COMPRIMIDOS RECUBIERTOS,https://pccentro.net.ve/img/s/6/8/7/3/8/68738-large_default.webp,https://fqeshthtycmzgyibiurq.supabase.co/storage/v1/object/public/crsnimages/catalogo/f6554e37-345e-4e85-9a3b-2d67babe2d48.jpg,20506,41098,blanco,ok,
39112,BONAMES 150 MG X 1 TABLETA RECUBIERTA,https://mav.farmaciasaas.com/api/images/articulos/DISTRIBUCION/99210.jpg,https://fqeshthtycmzgyibiurq.supabase.co/storage/v1/object/public/crsnimages/catalogo/a128370b-7050-4c97-adfb-617b7d4906d4.jpg,45753,19028,blanco,ok,
39115,BRASARTAN 80 MG X 30 CAPSULAS,https://mav.farmaciasaas.com/api/images/articulos/DISTRIBUCION/19231.jpg,https://fqeshthtycmzgyibiurq.supabase.co/storage/v1/object/public/crsnimages/catalogo/b6f9e9b3-5d67-4f89-84a0-6e2c8a7b8fa2.jpg,51739,21616,blanco,ok,
39116,BRASARTAN CTDN 160 MG - 12.5 MG X 30 TABLETAS RECUBIERTAS,https://pccentro.net.ve/img/s/5/2/4/9/8/52498-large_default.webp,https://fqeshthtycmzgyibiurq.supabase.co/storage/v1/object/public/crsnimages/catalogo/c907e34c-99a7-4d13-af3e-7f49d7535350.jpg,26236,48193,blanco,ok,
39117,BROLAT 5 MG - 30 MG / 5 ML X 10 SOLUCION ORAL,https://pccentro.net.ve/img/s/2/3/7/9/3/23793-large_default.webp,https://fqeshthtycmzgyibiurq.supabase.co/storage/v1/object/public/crsnimages/catalogo/8b96109a-fca4-4e7b-8006-38e2d8c9c324.jpg,35454,52039,blanco,ok,
39122,CAPTOPRIL 25 MG X 30 TABLETAS,https://mav.farmaciasaas.com/api/images/articulos/DISTRIBUCION/53796.jpg,https://fqeshthtycmzgyibiurq.supabase.co/storage/v1/object/public/crsnimages/catalogo/438284fe-644f-48ed-af3b-f651b272b4b5.jpg,73343,33939,blanco,ok,
39123,CAPTOPRIL 25 MG X 20 TABLETAS,https://mav.farmaciasaas.com/api/images/articulos/DISTRIBUCION/3029.jpg,https://fqeshthtycmzgyibiurq.supabase.co/storage/v1/object/public/crsnimages/catalogo/a8cbe51b-b214-4692-9228-0cbe5542f4a0.jpg,75025,33923,blanco,ok,
39124,CARBAMAZEPINA 200 MG COMPRIMIDOS RECUBIERTOS DE LIBERACION CONTROLADA,https://mav.farmaciasaas.com/api/images/articulos/DISTRIBUCION/99338.jpg,https://fqeshthtycmzgyibiurq.supabase.co/storage/v1/object/public/crsnimages/catalogo/141e3113-f13c-48b7-a8ab-bbc0ccdaabe9.jpg,59574,28911,blanco,ok,
39125,CARBETAL 16 MG X 30 TABLETAS,https://mav.farmaciasaas.com/api/images/articulos/DISTRIBUCION/54310.jpg,https://fqeshthtycmzgyibiurq.supabase.co/storage/v1/object/public/crsnimages/catalogo/27810f8c-132b-44bb-a9d8-464d474d952c.jpg,24793,17561,blanco,ok,
39128,CARVEDILOL 12.5 MG X 20 TABLETAS RECUBIERTAS,https://mav.farmaciasaas.com/api/images/articulos/DISTRIBUCION/24435.jpg,https://fqeshthtycmzgyibiurq.supabase.co/storage/v1/object/public/crsnimages/catalogo/81794c05-e980-4c93-90d5-45d046d1c11f.jpg,77857,36527,blanco,ok,
39129,CARVEDILOL 12.5 MG X 30 TABLETAS RECUBIERTAS,https://mav.farmaciasaas.com/api/images/articulos/DISTRIBUCION/54224.jpg,https://fqeshthtycmzgyibiurq.supabase.co/storage/v1/object/public/crsnimages/catalogo/7567b290-c3f2-4de2-b18f-6dcc0037d3df.jpg,42197,15768,blanco,ok,
39130,CARVEDILOL 25 MG X 20 TABLETAS RECUBIERTAS,https://mav.farmaciasaas.com/api/images/articulos/DISTRIBUCION/24436.jpg,https://fqeshthtycmzgyibiurq.supabase.co/storage/v1/object/public/crsnimages/catalogo/ca138cbd-b58a-4eb3-b955-356ca32b2844.jpg,81238,38509,blanco,ok,
39131,CARVEDILOL 6.25 MG COMPRIMIDOS,https://mav.farmaciasaas.com/api/images/articulos/DISTRIBUCION/98456.jpg,https://fqeshthtycmzgyibiurq.supabase.co/storage/v1/object/public/crsnimages/catalogo/3616d0e4-20aa-40cf-a9dc-20af937252ab.jpg,62337,28375,blanco,ok,
39137,CETRAL 5 MG / 5 ML SOLUCION ORAL,https://mav.farmaciasaas.com/api/images/articulos/DISTRIBUCION/3876.jpg,https://fqeshthtycmzgyibiurq.supabase.co/storage/v1/object/public/crsnimages/catalogo/3c6aede5-1895-4870-a0b1-87afbea57c5c.jpg,62027,27582,blanco,ok,
39132,CARVEDILOL 6.25 MG COMPRIMIDOS,https://pccentro.net.ve/img/s/3/3/1/0/4/33104-large_default.webp,https://fqeshthtycmzgyibiurq.supabase.co/storage/v1/object/public/crsnimages/catalogo/a72758ad-e27c-4beb-9519-ab23e95f5f20.jpg,7880,20436,blanco,ok,
39138,CIFARCAINA HIPERBARA AL 5 % X 2 AMPOLLAS,https://mav.farmaciasaas.com/api/images/articulos/DISTRIBUCION/53832.jpg,https://fqeshthtycmzgyibiurq.supabase.co/storage/v1/object/public/crsnimages/catalogo/447b8881-8e67-4bde-bb15-ffce17940051.jpg,57148,26139,blanco,ok,
39139,CIPROFLOXACINA 500 MG COMPRIMIDOS RECUBIERTOS,https://mav.farmaciasaas.com/api/images/articulos/DISTRIBUCION/53267.jpg,https://fqeshthtycmzgyibiurq.supabase.co/storage/v1/object/public/crsnimages/catalogo/9e3c4746-ca78-4af4-a80f-594067afe7cc.jpg,66914,30800,blanco,ok,
39140,CIPROFLOXACINA 500 MG COMPRIMIDOS RECUBIERTOS DE LIBERACION PROGRAMADA,https://mav.farmaciasaas.com/api/images/articulos/DISTRIBUCION/51885.jpg,https://fqeshthtycmzgyibiurq.supabase.co/storage/v1/object/public/crsnimages/catalogo/0362760b-0679-4b5d-8ecb-e76b7356916c.jpg,55774,25651,blanco,ok,
39141,CIPROFLOXACINA 500 MG X 6 TABLETAS RECUBIERTAS,https://mav.farmaciasaas.com/api/images/articulos/DISTRIBUCION/1615.jpg,https://fqeshthtycmzgyibiurq.supabase.co/storage/v1/object/public/crsnimages/catalogo/48414c57-3733-4cd4-a0f1-7562f4c10c3b.jpg,71294,32433,blanco,ok,
39146,GYNO CLOCIM 1 % CREMA VAGINAL,https://mav.farmaciasaas.com/api/images/articulos/DISTRIBUCION/9819.jpg,https://fqeshthtycmzgyibiurq.supabase.co/storage/v1/object/public/crsnimages/catalogo/9fee5d75-5ac3-4ed9-8171-7ae83659ca76.jpg,24156,15222,blanco,ok,
39147,CLOPIDOGREL 75 MG COMPRIMIDOS RECUBIERTOS,https://pccentro.net.ve/img/s/7/6/0/5/6/76056-large_default.webp,https://fqeshthtycmzgyibiurq.supabase.co/storage/v1/object/public/crsnimages/catalogo/c737dad2-6f17-4703-a8f5-88f62e8a6968.jpg,17386,17255,blanco,ok,
39152,CLOTRIMAZOL 1 % CREMA VAGINAL,https://mav.farmaciasaas.com/api/images/articulos/DISTRIBUCION/9819.jpg,https://fqeshthtycmzgyibiurq.supabase.co/storage/v1/object/public/crsnimages/catalogo/e126d856-4da8-4f78-8265-e7b0edbd0abb.jpg,24156,15222,blanco,ok,
39153,CLOTRIMAZOL 1 % CREMA,https://mav.farmaciasaas.com/api/images/articulos/DISTRIBUCION/5596.jpg,https://fqeshthtycmzgyibiurq.supabase.co/storage/v1/object/public/crsnimages/catalogo/b4ff3536-5479-4ef4-8431-57e1e19ebb5a.jpg,60102,26984,blanco,ok,
39160,CORENTEL H 10 MG - 6.25 MG COMPRIMIDOS RECUBIERTOS,https://mav.farmaciasaas.com/api/images/articulos/DISTRIBUCION/94357.jpg,https://fqeshthtycmzgyibiurq.supabase.co/storage/v1/object/public/crsnimages/catalogo/6731ea4e-aab5-4dad-b0dc-7049869bd1b3.jpg,71756,36557,blanco,ok,
39156,COLVAL 4 MG / 2 ML X 2 AMPOLLAS,https://mav.farmaciasaas.com/api/images/articulos/DISTRIBUCION/8563.jpg,https://fqeshthtycmzgyibiurq.supabase.co/storage/v1/object/public/crsnimages/catalogo/43f0f4d8-43b6-4cf7-a622-713326eea7ef.jpg,151946,23214,blanco,ok,
39161,CORENTEL H 5 MG - 6.25 MG COMPRIMIDOS RECUBIERTOS,https://mav.farmaciasaas.com/api/images/articulos/DISTRIBUCION/94358.jpg,https://fqeshthtycmzgyibiurq.supabase.co/storage/v1/object/public/crsnimages/catalogo/a7afe0df-8443-4acd-a2b4-8a5a20d7a194.jpg,73802,36762,blanco,ok,
39162,COROPRES 16 MG COMPRIMIDOS,https://mav.farmaciasaas.com/api/images/articulos/DISTRIBUCION/98453.jpg,https://fqeshthtycmzgyibiurq.supabase.co/storage/v1/object/public/crsnimages/catalogo/4545c0ff-3291-47a0-9ad9-d3e50d775737.jpg,66812,33555,blanco,ok,
39163,COROPRES HCT 32 MG - 12.5 MG COMPRIMIDOS,https://mav.farmaciasaas.com/api/images/articulos/DISTRIBUCION/28480.jpg,https://fqeshthtycmzgyibiurq.supabase.co/storage/v1/object/public/crsnimages/catalogo/d4e57a0b-a3af-4bf5-a276-97f31efc37d7.jpg,72314,37539,blanco,ok,
39164,COVENTROL 12.5 MG COMPRIMIDOS,https://pccentro.net.ve/img/s/2/3/9/3/5/23935-large_default.webp,https://fqeshthtycmzgyibiurq.supabase.co/storage/v1/object/public/crsnimages/catalogo/2b3c48b1-6319-4d19-b508-51ad6b624379.jpg,16584,22447,blanco,ok,
39165,CRISOMET 50 MG - 850 MG X 10 TABLETAS RECUBIERTAS,https://mav.farmaciasaas.com/api/images/articulos/DISTRIBUCION/17016.jpg,https://fqeshthtycmzgyibiurq.supabase.co/storage/v1/object/public/crsnimages/catalogo/c65789e5-6a92-41b9-8061-e4287c751d9e.jpg,73587,36150,blanco,ok,
39166,CRISOMET 50 MG - 850 MG X 30 TABLETAS RECUBIERTAS,https://mav.farmaciasaas.com/api/images/articulos/DISTRIBUCION/19233.jpg,https://fqeshthtycmzgyibiurq.supabase.co/storage/v1/object/public/crsnimages/catalogo/fe9dc483-e467-48ab-b180-1272a9ae25a6.jpg,53180,22369,blanco,ok,
39167,CURPINOL 12.5 MG COMPRIMIDOS,https://mav.farmaciasaas.com/api/images/articulos/DISTRIBUCION/92399.jpg,https://fqeshthtycmzgyibiurq.supabase.co/storage/v1/object/public/crsnimages/catalogo/ef68cee5-4a04-45f5-87db-faeb987fdf5e.jpg,63857,30206,blanco,ok,
39168,CURPINOL 25 MG COMPRIMIDOS,https://mav.farmaciasaas.com/api/images/articulos/DISTRIBUCION/92398.jpg,https://fqeshthtycmzgyibiurq.supabase.co/storage/v1/object/public/crsnimages/catalogo/2ab5b147-889b-4739-88c5-014361391229.jpg,50426,21172,blanco,ok,
39173,ZARCOT 6 MG X 10 TABLETAS,https://mav.farmaciasaas.com/api/images/articulos/DISTRIBUCION/91527.jpg,https://fqeshthtycmzgyibiurq.supabase.co/storage/v1/object/public/crsnimages/catalogo/5bf99a27-559a-43ee-96a0-b58da12842b0.jpg,24374,15770,blanco,ok,
39171,DAYZOL 600 MG - 4 MG COMPRIMIDOS RECUBIERTOS,https://mav.farmaciasaas.com/api/images/articulos/DISTRIBUCION/50522.jpg,https://fqeshthtycmzgyibiurq.supabase.co/storage/v1/object/public/crsnimages/catalogo/cefb4b8b-e6ab-4500-9ec7-c8305de2139a.jpg,77258,39176,blanco,ok,
39174,DERMAZOL 0.05 % UNGUENTO,https://mav.farmaciasaas.com/api/images/articulos/DISTRIBUCION/99591.jpg,https://fqeshthtycmzgyibiurq.supabase.co/storage/v1/object/public/crsnimages/catalogo/79ed07a4-5435-4549-9880-15114885f185.jpg,44281,18426,blanco,ok,
39175,DERMAZOL 0.05 % CREMA,https://mav.farmaciasaas.com/api/images/articulos/DISTRIBUCION/99591.jpg,https://fqeshthtycmzgyibiurq.supabase.co/storage/v1/object/public/crsnimages/catalogo/b34ea0c8-58a0-4433-8621-c91cdae18fdd.jpg,44281,18426,blanco,ok,
39172,DEFLAZACORT 6 MG COMPRIMIDOS,https://pccentro.net.ve/img/s/5/5/5/6/1/55561-large_default.webp,https://fqeshthtycmzgyibiurq.supabase.co/storage/v1/object/public/crsnimages/catalogo/cbb198c9-7840-49d4-af20-3471b6f5e1f5.jpg,7340,17984,blanco,ok,
39177,DESLORATADINA 2.5 MG / 5 ML JARABE,https://mav.farmaciasaas.com/api/images/articulos/DISTRIBUCION/24255.jpg,https://fqeshthtycmzgyibiurq.supabase.co/storage/v1/object/public/crsnimages/catalogo/8702ddb3-9597-4904-b96c-0172aec029c7.jpg,47509,20994,blanco,ok,
39178,DESLORATADINA 2.5 MG / 5 ML SOLUCION ORAL,https://mav.farmaciasaas.com/api/images/articulos/DISTRIBUCION/27626.jpg,https://fqeshthtycmzgyibiurq.supabase.co/storage/v1/object/public/crsnimages/catalogo/b8586491-d040-4d54-83e3-a5ae8e2decdb.jpg,54462,25160,blanco,ok,
39180,DESLORATADINA 5 MG X 10 TABLETAS RECUBIERTAS,https://mav.farmaciasaas.com/api/images/articulos/DISTRIBUCION/9951.jpg,https://fqeshthtycmzgyibiurq.supabase.co/storage/v1/object/public/crsnimages/catalogo/da68668a-c7cc-4f06-b86a-72af27f83ca2.jpg,80780,36781,blanco,ok,
39181,DESLORATADINA 5 MG X 10 TABLETAS RECUBIERTAS,https://mav.farmaciasaas.com/api/images/articulos/DISTRIBUCION/29006.jpg,https://fqeshthtycmzgyibiurq.supabase.co/storage/v1/object/public/crsnimages/catalogo/79f637cf-5db8-466f-bd77-f9228460a908.jpg,44234,18769,blanco,ok,
39183,DICLOFENAC POTASICO 50 MG X 10 TABLETAS RECUBIERTAS,https://mav.farmaciasaas.com/api/images/articulos/DISTRIBUCION/19601.jpg,https://fqeshthtycmzgyibiurq.supabase.co/storage/v1/object/public/crsnimages/catalogo/9b4ef878-8c00-4397-920a-d6ad8aeb57ad.jpg,48274,20565,blanco,ok,
39184,DICLOFENAC POTASICO 50 MG X 30 TABLETAS RECUBIERTAS,https://mav.farmaciasaas.com/api/images/articulos/DISTRIBUCION/26049.jpg,https://fqeshthtycmzgyibiurq.supabase.co/storage/v1/object/public/crsnimages/catalogo/9f788ab9-74c4-4ee0-af30-42e36d5affb6.jpg,86982,33940,blanco,ok,
39185,DICLOFENACO POTASICO 50 MG X 20 TABLETAS RECUBIERTAS,https://mav.farmaciasaas.com/api/images/articulos/DISTRIBUCION/55.jpg,https://fqeshthtycmzgyibiurq.supabase.co/storage/v1/object/public/crsnimages/catalogo/e958aea8-7462-479c-9ab3-4ea4476c1711.jpg,75288,33940,blanco,ok,
39186,DICLOFENAC POTASICO 50 MG COMPRIMIDOS RECUBIERTOS,https://mav.farmaciasaas.com/api/images/articulos/DISTRIBUCION/8409.jpg,https://fqeshthtycmzgyibiurq.supabase.co/storage/v1/object/public/crsnimages/catalogo/24b413f1-6b9d-4eb4-8708-564c10d468f3.jpg,22848,15564,blanco,ok,
39187,DICLOFENAC POTASICO 50 MG X 20 COMPRIMIDOS RECUBIERTOS,https://pccentro.net.ve/img/s/2/4/5/7/0/24570-large_default.webp,https://fqeshthtycmzgyibiurq.supabase.co/storage/v1/object/public/crsnimages/catalogo/7a59d260-b828-472c-9bc7-661712f3b16f.jpg,19696,27096,blanco,ok,
39188,DICLOFENACO SODICO 50 MG SUPOSITORIOS,https://mav.farmaciasaas.com/api/images/articulos/DISTRIBUCION/53593.jpg,https://fqeshthtycmzgyibiurq.supabase.co/storage/v1/object/public/crsnimages/catalogo/eaa0e3ef-6aa3-448a-b60e-268379e8b127.jpg,49546,21254,blanco,ok,
39189,DIFEN PLUS X 10 TABLETAS,https://pccentro.net.ve/img/s/7/4/6/0/5/74605-large_default.webp,https://fqeshthtycmzgyibiurq.supabase.co/storage/v1/object/public/crsnimages/catalogo/82d73293-812e-44ac-8423-6ce8f3fbd005.jpg,15938,35046,blanco,ok,
39191,DIKLASON 50 MG COMPRIMIDOS RECUBIERTOS,https://pccentro.net.ve/img/s/5/3/8/4/4/53844-large_default.webp,https://fqeshthtycmzgyibiurq.supabase.co/storage/v1/object/public/crsnimages/catalogo/439ea157-6197-444d-becf-b549dbc2a775.jpg,18930,36263,blanco,ok,
39199,ENALAPRIL MALEATO 20 MG COMPRIMIDOS RECUBIERTOS,https://mav.farmaciasaas.com/api/images/articulos/DISTRIBUCION/98889.jpg,https://fqeshthtycmzgyibiurq.supabase.co/storage/v1/object/public/crsnimages/catalogo/f581ab19-d9cf-43e6-b92e-ba743bbaf374.jpg,62981,30678,blanco,ok,
39192,DIKLASON 75 MG / 3 ML X 1 AMPOLLA,https://pccentro.net.ve/img/s/8/0/5/2/8/80528-large_default.webp,https://fqeshthtycmzgyibiurq.supabase.co/storage/v1/object/public/crsnimages/catalogo/c9486d45-bad4-4285-95b6-90034225cf44.jpg,40856,23804,blanco,ok,
39200,ENALAPRIL MALEATO 20 MG X 30 TABLETAS,https://mav.farmaciasaas.com/api/images/articulos/DISTRIBUCION/7971.jpg,https://fqeshthtycmzgyibiurq.supabase.co/storage/v1/object/public/crsnimages/catalogo/724d873c-3719-4a1a-9d9d-82cfcbbd2b45.jpg,64474,28608,blanco,ok,
39196,DOMPERIDONA 10 MG COMPRIMIDOS,https://pccentro.net.ve/img/s/2/4/5/0/9/24509-large_default.webp,https://fqeshthtycmzgyibiurq.supabase.co/storage/v1/object/public/crsnimages/catalogo/c796e0ed-5f7e-4e46-8e52-a58fdb2b396c.jpg,16928,24224,blanco,ok,
39201,ERILON 0.1 % CREMA,https://mav.farmaciasaas.com/api/images/articulos/DISTRIBUCION/5842.jpg,https://fqeshthtycmzgyibiurq.supabase.co/storage/v1/object/public/crsnimages/catalogo/ffc6d281-b815-4bae-a2f7-6343943a4fba.jpg,145114,29058,blanco,ok,
39202,ESOMEPRAZOL 40 MG X 16 CAPSULAS CON MICROGRANULOS DE LIBERACION ENTERICA.,https://mav.farmaciasaas.com/api/images/articulos/DISTRIBUCION/52333.jpg,https://fqeshthtycmzgyibiurq.supabase.co/storage/v1/object/public/crsnimages/catalogo/2564f868-78fd-40bf-8717-8eb0fe783c9a.jpg,58349,27102,blanco,ok,
39204,EUKENE 20 MG COMPRIMIDOS RECUBIERTOS,https://mav.farmaciasaas.com/api/images/articulos/DISTRIBUCION/15025.jpg,https://fqeshthtycmzgyibiurq.supabase.co/storage/v1/object/public/crsnimages/catalogo/d1e901b9-d55c-4c63-a523-17697f946824.jpg,63277,31303,blanco,ok,
39203,DESLORATADINA 5 MG COMPRIMIDOS RECUBIERTOS,https://pccentro.net.ve/img/s/2/5/0/1/7/25017-large_default.webp,https://fqeshthtycmzgyibiurq.supabase.co/storage/v1/object/public/crsnimages/catalogo/5d25fe0f-9439-49d9-b6d9-2209b9ba72a5.jpg,18944,28557,blanco,ok,
39205,EUSILEN 4 MG / 2 ML X 1 AMPOLLA,https://mav.farmaciasaas.com/api/images/articulos/DISTRIBUCION/9602.jpg,https://fqeshthtycmzgyibiurq.supabase.co/storage/v1/object/public/crsnimages/catalogo/1436192b-b8a0-47f3-9b99-af630b43c0e1.jpg,113634,44976,blanco,ok,
39206,EUSILEN 4 MG / 2 ML X 2 AMPOLLAS,https://mav.farmaciasaas.com/api/images/articulos/DISTRIBUCION/5513.jpg,https://fqeshthtycmzgyibiurq.supabase.co/storage/v1/object/public/crsnimages/catalogo/5054104a-ad8f-49b1-bd9a-9d38a1dd1f85.jpg,79643,40928,blanco,ok,
39213,FEBRATIC 10 MG / 5 ML SUSPENSION ORAL,https://mav.farmaciasaas.com/api/images/articulos/DISTRIBUCION/95717.jpg,https://fqeshthtycmzgyibiurq.supabase.co/storage/v1/object/public/crsnimages/catalogo/1b3eaef8-27cc-4359-ac0e-240b4b29b42b.jpg,72893,35658,blanco,ok,
39208,FAMOTIDINA 40 MG X 10 COMPRIMIDOS,https://pccentro.net.ve/img/s/7/4/1/8/8/74188-large_default.webp,https://fqeshthtycmzgyibiurq.supabase.co/storage/v1/object/public/crsnimages/catalogo/db5d8a38-52cb-4ac1-89c8-bb48b9706b8f.jpg,19492,37019,blanco,ok,
39214,FEM DUCHA VAGINAL,https://mav.farmaciasaas.com/api/images/articulos/DISTRIBUCION/10354.jpg,https://fqeshthtycmzgyibiurq.supabase.co/storage/v1/object/public/crsnimages/catalogo/26b48d87-ff70-4ad5-8e3e-4f4aa23cb604.jpg,260795,36346,blanco,ok,
39218,FERGANIC FOLIC 40 MG - 350 MCG X 30 TABLETAS MASTICABLES,https://mav.farmaciasaas.com/api/images/articulos/DISTRIBUCION/90601.jpg,https://fqeshthtycmzgyibiurq.supabase.co/storage/v1/object/public/crsnimages/catalogo/8ddb5a67-93f5-4b07-8ef6-1611c4be5639.jpg,50583,20762,blanco,ok,
39215,FEMIZOL 750 MG - 200 MG OVULOS.,https://pccentro.net.ve/img/s/4/1/3/1/4/41314-large_default.webp,https://fqeshthtycmzgyibiurq.supabase.co/storage/v1/object/public/crsnimages/catalogo/22ab7d02-2784-4522-9bb0-8d3a684f71dc.jpg,7874,18757,blanco,ok,
39219,FERGANIC FOLIC 40 MG - 350 MCG X 20 TABLETAS MASTICABLES,https://mav.farmaciasaas.com/api/images/articulos/DISTRIBUCION/3971.jpg,https://fqeshthtycmzgyibiurq.supabase.co/storage/v1/object/public/crsnimages/catalogo/f0c4a2fa-f082-4c51-8dbe-bf1608df659a.jpg,79726,34209,blanco,ok,
39221,FLODONT EN FILMORASE UNGUENTO BUCAL,https://mav.farmaciasaas.com/api/images/articulos/DISTRIBUCION/6926.jpg,https://fqeshthtycmzgyibiurq.supabase.co/storage/v1/object/public/crsnimages/catalogo/402fb5d5-f80a-40a6-b49a-748dbe287a08.jpg,55298,22810,blanco,ok,
39222,FLOMED 0.15 % - 0.25 % SOLUCION TOPICA BUCAL,https://mav.farmaciasaas.com/api/images/articulos/DISTRIBUCION/16421.jpg,https://fqeshthtycmzgyibiurq.supabase.co/storage/v1/object/public/crsnimages/catalogo/2953043b-2fbe-4ac6-945b-526980cecd47.jpg,41649,16411,blanco,ok,
39223,FLUCONAZOL 150 MG X 2 CAPSULAS,https://mav.farmaciasaas.com/api/images/articulos/DISTRIBUCION/10287.jpg,https://fqeshthtycmzgyibiurq.supabase.co/storage/v1/object/public/crsnimages/catalogo/2b6e7c3b-009b-4134-950a-d23b71d8c672.jpg,66662,30217,blanco,ok,
39224,FRIXONIL SOLUCION,https://mav.farmaciasaas.com/api/images/articulos/DISTRIBUCION/97975.jpg,https://fqeshthtycmzgyibiurq.supabase.co/storage/v1/object/public/crsnimages/catalogo/1d51e07d-758c-4304-9b03-3109b01d48fb.jpg,49796,20634,blanco,ok,
39226,GABAPENTINA 300 MG X 20 CAPSULAS,https://pccentro.net.ve/img/s/3/0/6/8/1/30681-large_default.webp,https://fqeshthtycmzgyibiurq.supabase.co/storage/v1/object/public/crsnimages/catalogo/09a37998-8922-49f6-9ebd-9206fb7ed2bd.jpg,9064,21265,blanco,ok,
39225,FURFURIL 0.2 % APOSITO SOLUBLE,https://mav.farmaciasaas.com/api/images/articulos/DISTRIBUCION/1622.jpg,https://fqeshthtycmzgyibiurq.supabase.co/storage/v1/object/public/crsnimages/catalogo/2279505b-5b1e-4f96-9a3f-21153919a680.jpg,58488,26905,blanco,ok,
39230,GEMKAST 4 MG X 30 TABLETAS MASTICABLES,https://mav.farmaciasaas.com/api/images/articulos/DISTRIBUCION/53002.jpg,https://fqeshthtycmzgyibiurq.supabase.co/storage/v1/object/public/crsnimages/catalogo/34da4f9d-8bfa-44ab-8363-460f1cd72f94.jpg,79073,38116,blanco,ok,
39231,GEMKAST 5 MG X 30 TABLETAS MASTICABLES,https://mav.farmaciasaas.com/api/images/articulos/DISTRIBUCION/53004.jpg,https://fqeshthtycmzgyibiurq.supabase.co/storage/v1/object/public/crsnimages/catalogo/3cccfc2b-0511-443c-a838-af18c12700b9.jpg,78605,37762,blanco,ok,
39229,GEMKAST 4 MG X 10 TABLETAS MASTICABLES,https://mav.farmaciasaas.com/api/images/articulos/DISTRIBUCION/53002.jpg,https://fqeshthtycmzgyibiurq.supabase.co/storage/v1/object/public/crsnimages/catalogo/4b42e0e3-736c-41a8-8448-01d4beb6087d.jpg,79073,38116,blanco,ok,
39232,GEMKAST 5 MG X 10 TABLETAS MASTICABLES,https://mav.farmaciasaas.com/api/images/articulos/DISTRIBUCION/53004.jpg,https://fqeshthtycmzgyibiurq.supabase.co/storage/v1/object/public/crsnimages/catalogo/766ab92c-9ebc-4419-b771-504f6a3f5a54.jpg,78605,37762,blanco,ok,
39233,GENCICOF 0.15 % - 0.15 % SOLUCION TOPICA BUCAL,https://mav.farmaciasaas.com/api/images/articulos/DISTRIBUCION/54312.jpg,https://fqeshthtycmzgyibiurq.supabase.co/storage/v1/object/public/crsnimages/catalogo/e483aa55-28e4-4d09-8bd2-bbd269afd9f2.jpg,20611,13758,blanco,ok,
39234,GLICILAX 1.72 G SUPOSITORIOS,https://mav.farmaciasaas.com/api/images/articulos/DISTRIBUCION/51145.jpg,https://fqeshthtycmzgyibiurq.supabase.co/storage/v1/object/public/crsnimages/catalogo/abe67e9c-ac02-4553-b506-0e127cd45ff3.jpg,74872,37932,blanco,ok,
39235,GLICILAX 0.86 G SUPOSITORIOS,https://mav.farmaciasaas.com/api/images/articulos/DISTRIBUCION/51144.jpg,https://fqeshthtycmzgyibiurq.supabase.co/storage/v1/object/public/crsnimages/catalogo/6777d624-c03c-4996-98c5-bc16d3abcbcd.jpg,66135,32083,blanco,ok,
39237,GLICERINA 2.88 G SUPOSITORIOS,https://mav.farmaciasaas.com/api/images/articulos/DISTRIBUCION/97222.jpg,https://fqeshthtycmzgyibiurq.supabase.co/storage/v1/object/public/crsnimages/catalogo/45918b45-7c7d-46b9-9d1c-bb2206cf77ab.jpg,46754,20901,blanco,ok,
39238,GLUCONATO DE CALCIO AL 10 % SOLUCION INYECTABLE,https://mav.farmaciasaas.com/api/images/articulos/DISTRIBUCION/99310.jpg,https://fqeshthtycmzgyibiurq.supabase.co/storage/v1/object/public/crsnimages/catalogo/008a364d-02c2-41fc-9696-34902bab1880.jpg,45239,18386,blanco,ok,
39239,GLUTAPTIN MET 50 MG - 500 MG X 30 TABLETAS RECUBIERTAS,https://mav.farmaciasaas.com/api/images/articulos/DISTRIBUCION/27355.jpg,https://fqeshthtycmzgyibiurq.supabase.co/storage/v1/object/public/crsnimages/catalogo/9e2612bc-f92d-4a9f-815b-0d0482f80762.jpg,24321,15945,blanco,ok,
39236,GLICERINA 1.68 G SUPOSITORIOS,https://mav.farmaciasaas.com/api/images/articulos/DISTRIBUCION/97577.jpg,https://fqeshthtycmzgyibiurq.supabase.co/storage/v1/object/public/crsnimages/catalogo/ba7cd96f-39cb-4e68-9a86-d4e5a64d56b5.jpg,71465,35811,blanco,ok,
39240,GLYMAR 4 MG X 20 TABLETAS,https://mav.farmaciasaas.com/api/images/articulos/DISTRIBUCION/9456.jpg,https://fqeshthtycmzgyibiurq.supabase.co/storage/v1/object/public/crsnimages/catalogo/238434e6-b4e7-44c5-bcfb-67d0b338c3f9.jpg,53524,22837,blanco,ok,
39243,HEXANTFLEM 100 MG - 5 ML SOLUCION ORAL,https://mav.farmaciasaas.com/api/images/articulos/DISTRIBUCION/53269.jpg,https://fqeshthtycmzgyibiurq.supabase.co/storage/v1/object/public/crsnimages/catalogo/55f44207-d2a8-4014-a119-bf4828477a1e.jpg,69133,32518,blanco,ok,
39246,HIDROCLOROTIAZIDA 12.5 MG COMPRIMIDOS,https://mav.farmaciasaas.com/api/images/articulos/DISTRIBUCION/17795.jpg,https://fqeshthtycmzgyibiurq.supabase.co/storage/v1/object/public/crsnimages/catalogo/342d59c1-d631-4ef4-a2f9-9e39266d0e1a.jpg,67600,31179,blanco,ok,
39241,GULAPER 100 MG / 5 ML SOLUCION ORAL SABOR CHICLE,https://mav.farmaciasaas.com/api/images/articulos/DISTRIBUCION/8704.jpg,https://fqeshthtycmzgyibiurq.supabase.co/storage/v1/object/public/crsnimages/catalogo/d4517344-dc7a-4183-acb5-0f4c2380cb85.jpg,87929,47898,blanco,ok,
39251,IBUPROFENO 400 MG X 10 TABLETAS RECUBIERTAS,https://mav.farmaciasaas.com/api/images/articulos/DISTRIBUCION/10908.jpg,https://fqeshthtycmzgyibiurq.supabase.co/storage/v1/object/public/crsnimages/catalogo/b64c9203-d276-4aed-ad9d-f02192c7a750.jpg,68439,30938,blanco,ok,
39252,IBUPROFENO 100 MG / 5 ML SUSPENSION ORAL,https://mav.farmaciasaas.com/api/images/articulos/DISTRIBUCION/5567.jpg,https://fqeshthtycmzgyibiurq.supabase.co/storage/v1/object/public/crsnimages/catalogo/ac8170ce-4713-491c-b3be-585a6ff756c5.jpg,71512,33247,blanco,ok,
39253,IBUPROFENO - TIOCOLCHICOSIDO 600 MG - 4 MG COMPRIMIDOS RECUBIERTOS,https://mav.farmaciasaas.com/api/images/articulos/DISTRIBUCION/29650.jpg,https://fqeshthtycmzgyibiurq.supabase.co/storage/v1/object/public/crsnimages/catalogo/e566719d-519d-46ed-a0f4-e8ef260a705d.jpg,63021,31502,blanco,ok,
39256,IMAZOL 1 % SOLUCION,https://mav.farmaciasaas.com/api/images/articulos/DISTRIBUCION/1852.jpg,https://fqeshthtycmzgyibiurq.supabase.co/storage/v1/object/public/crsnimages/catalogo/6d1c2b3b-5ad0-45e7-bc07-7bbfcd146012.jpg,45815,19221,blanco,ok,
39257,IRBESARTAN 150 MG X 28 TABLETAS,https://mav.farmaciasaas.com/api/images/articulos/DISTRIBUCION/28781.jpg,https://fqeshthtycmzgyibiurq.supabase.co/storage/v1/object/public/crsnimages/catalogo/6268097a-6daf-404e-9c63-723da640ca34.jpg,19484,12313,blanco,ok,
39259,IRBETIAZID 300 MG - 12.5 MG X 28 TABLETAS,https://mav.farmaciasaas.com/api/images/articulos/DISTRIBUCION/25237.jpg,https://fqeshthtycmzgyibiurq.supabase.co/storage/v1/object/public/crsnimages/catalogo/46dcdad7-28e2-468e-abc7-088828c52677.jpg,69844,32426,blanco,ok,
39261,IRGEM 300 MG X 10 TABLETAS,https://mav.farmaciasaas.com/api/images/articulos/DISTRIBUCION/52652.jpg,https://fqeshthtycmzgyibiurq.supabase.co/storage/v1/object/public/crsnimages/catalogo/3398a236-afaf-46ae-a64c-2cac5b0b48b1.jpg,53020,24384,blanco,ok,
39262,IRGEM 300 MG X 30 TABLETAS,https://mav.farmaciasaas.com/api/images/articulos/DISTRIBUCION/52652.jpg,https://fqeshthtycmzgyibiurq.supabase.co/storage/v1/object/public/crsnimages/catalogo/1b7cf477-744a-4707-a296-e24ecb5f0ea4.jpg,53020,24384,blanco,ok,
39263,IRGEM PLUS 300 MG - 12.5 MG X 30 TABLETAS,https://mav.farmaciasaas.com/api/images/articulos/DISTRIBUCION/52661.jpg,https://fqeshthtycmzgyibiurq.supabase.co/storage/v1/object/public/crsnimages/catalogo/5afeacf8-2a10-4591-9991-0084a2b860b4.jpg,63186,29752,blanco,ok,
39264,ISOSPRAY PLUS 0.15 % - 0.25 % SOLUCION,https://mav.farmaciasaas.com/api/images/articulos/DISTRIBUCION/99601.jpg,https://fqeshthtycmzgyibiurq.supabase.co/storage/v1/object/public/crsnimages/catalogo/c5bcce68-8015-4b93-9f03-d9ee1f283cc0.jpg,134279,22555,blanco,ok,
39267,KETOPROFENO 100 MG / 2 ML X 10 AMPOLLAS,https://mav.farmaciasaas.com/api/images/articulos/DISTRIBUCION/5201.jpg,https://fqeshthtycmzgyibiurq.supabase.co/storage/v1/object/public/crsnimages/catalogo/ad1a8bbd-1585-4467-bacf-ba359d30b467.jpg,105413,34821,blanco,ok,
39268,KETOPROFENO 100 MG / 2 ML X 20 AMPOLLAS,https://mav.farmaciasaas.com/api/images/articulos/DISTRIBUCION/5201.jpg,https://fqeshthtycmzgyibiurq.supabase.co/storage/v1/object/public/crsnimages/catalogo/73d3dee8-2112-4c75-a314-dba50767f5cf.jpg,105413,34821,blanco,ok,
39269,KETOPROFENO 100 MG COMPRIMIDOS ENTERICOS,https://pccentro.net.ve/img/s/2/5/2/5/2/25252-large_default.webp,https://fqeshthtycmzgyibiurq.supabase.co/storage/v1/object/public/crsnimages/catalogo/70d32ce9-5ad7-4c2f-85fe-f943c182e273.jpg,22818,31348,blanco,ok,
39271,KETOPROFENO 100 MG / 2 ML X 1 AMPOLLA,https://mav.farmaciasaas.com/api/images/articulos/DISTRIBUCION/521.jpg,https://fqeshthtycmzgyibiurq.supabase.co/storage/v1/object/public/crsnimages/catalogo/dccf6392-88a6-498b-9e75-a35a478f4846.jpg,55472,22044,blanco,ok,
39272,KETOROLAC 10 MG COMPRIMIDOS,https://pccentro.net.ve/img/s/2/4/4/8/9/24489-large_default.webp,https://fqeshthtycmzgyibiurq.supabase.co/storage/v1/object/public/crsnimages/catalogo/f14c862b-6084-43a6-b0cd-df152c9cb96c.jpg,11034,16199,blanco,ok,
39273,KLINCOSAL 262 MG - 100 MG X 30 TABLETAS MASTICABLES SABOR A UVA,https://mav.farmaciasaas.com/api/images/articulos/DISTRIBUCION/28870.jpg,https://fqeshthtycmzgyibiurq.supabase.co/storage/v1/object/public/crsnimages/catalogo/862675c8-e7f5-4cae-b5b7-b6c83e3aa43e.jpg,49513,22069,blanco,ok,
39276,LAGEMIN 25 MG X 30 TABLETAS DISPERSABLES,https://mav.farmaciasaas.com/api/images/articulos/DISTRIBUCION/52653.jpg,https://fqeshthtycmzgyibiurq.supabase.co/storage/v1/object/public/crsnimages/catalogo/faf46765-a67e-4b60-a587-82f3d469f03e.jpg,66650,30765,blanco,ok,
39277,LAGEMIN 50 MG X 30 TABLETAS DISPERSABLES,https://mav.farmaciasaas.com/api/images/articulos/DISTRIBUCION/52656.jpg,https://fqeshthtycmzgyibiurq.supabase.co/storage/v1/object/public/crsnimages/catalogo/da95071e-0f16-47f9-9d16-8e4a0bc7a10c.jpg,70710,33015,blanco,ok,
39278,LAGEMIN 50 MG X 10 TABLETAS DISPERSABLES,https://mav.farmaciasaas.com/api/images/articulos/DISTRIBUCION/52656.jpg,https://fqeshthtycmzgyibiurq.supabase.co/storage/v1/object/public/crsnimages/catalogo/0704db7e-44ad-40b7-8c51-1bd75639bfbc.jpg,70710,33015,blanco,ok,
39279,LAGEMIN 100 MG X 10 TABLETAS DISPERSABLES,https://mav.farmaciasaas.com/api/images/articulos/DISTRIBUCION/52657.jpg,https://fqeshthtycmzgyibiurq.supabase.co/storage/v1/object/public/crsnimages/catalogo/ca7f8369-368c-4665-bffa-3adc165561b3.jpg,65689,29913,blanco,ok,
39280,LAGEMIN 100 MG X 30 TABLETAS DISPERSABLES,https://mav.farmaciasaas.com/api/images/articulos/DISTRIBUCION/52657.jpg,https://fqeshthtycmzgyibiurq.supabase.co/storage/v1/object/public/crsnimages/catalogo/0d2c4c9b-f305-477c-ae41-45551073d735.jpg,65689,29913,blanco,ok,
39281,LANOLZINC 15 % - 11 % POMADA,https://mav.farmaciasaas.com/api/images/articulos/DISTRIBUCION/4414.jpg,https://fqeshthtycmzgyibiurq.supabase.co/storage/v1/object/public/crsnimages/catalogo/1b858fb7-ad6b-4c1d-9eb2-1d98d8abf025.jpg,148354,21078,blanco,ok,
39282,LASIX 20 MG COMPRIMIDOS,https://mav.farmaciasaas.com/api/images/articulos/DISTRIBUCION/6018.jpg,https://fqeshthtycmzgyibiurq.supabase.co/storage/v1/object/public/crsnimages/catalogo/2b14215a-d972-493c-920f-b0f7ace54771.jpg,20837,13150,blanco,ok,
39283,LECART 1 G / 10 ML SOLUCION ORAL,https://mav.farmaciasaas.com/api/images/articulos/DISTRIBUCION/13056.jpg,https://fqeshthtycmzgyibiurq.supabase.co/storage/v1/object/public/crsnimages/catalogo/35d76f42-b061-4eb1-ae22-7a9a5e06f324.jpg,46993,18741,blanco,ok,
39284,LETISAN 500 MG X 10 TABLETAS MASTICABLES SABOR UVA,https://mav.farmaciasaas.com/api/images/articulos/DISTRIBUCION/50523.jpg,https://fqeshthtycmzgyibiurq.supabase.co/storage/v1/object/public/crsnimages/catalogo/aeda42b8-11eb-44f1-b319-ffcb7bf1172f.jpg,77339,40552,blanco,ok,
39285,LEVOTEC 500 MG SOLUCION INYECTABLE PARA INFUSION INTRAVENOSA,https://mav.farmaciasaas.com/api/images/articulos/DISTRIBUCION/8827.jpg,https://fqeshthtycmzgyibiurq.supabase.co/storage/v1/object/public/crsnimages/catalogo/fced9861-1b1c-46a3-8b4a-65302b84a89a.jpg,54201,24863,blanco,ok,
39288,LORATADINA 1 MG / ML SOLUCION ORAL,https://mav.farmaciasaas.com/api/images/articulos/DISTRIBUCION/51011.jpg,https://fqeshthtycmzgyibiurq.supabase.co/storage/v1/object/public/crsnimages/catalogo/0cda6e9a-0d2c-4f32-8b38-de3d5bc312d3.jpg,59291,24815,blanco,ok,
39290,LOSARTAN POTASICO 100 MG X 10 TABLETAS RECUBIERTAS,https://mav.farmaciasaas.com/api/images/articulos/DISTRIBUCION/93419.jpg,https://fqeshthtycmzgyibiurq.supabase.co/storage/v1/object/public/crsnimages/catalogo/8c9a4899-3cde-41fd-b15f-322588ebcc74.jpg,71166,32091,blanco,ok,
39289,LOSARTAN POTASICO 50 MG X 14 TABLETAS RECUBIERTAS,https://pccentro.net.ve/img/s/8/0/7/3/5/80735-large_default.webp,https://fqeshthtycmzgyibiurq.supabase.co/storage/v1/object/public/crsnimages/catalogo/7fcc0e56-67c1-424c-a15f-3b2723695bd1.jpg,52072,29812,blanco,ok,
39294,MAXOTEN 50 MG COMPRIMIDOS RECUBIERTOS,https://mav.farmaciasaas.com/api/images/articulos/DISTRIBUCION/50705.jpg,https://fqeshthtycmzgyibiurq.supabase.co/storage/v1/object/public/crsnimages/catalogo/57d9207d-ec25-466e-a8e0-1b9a08990eab.jpg,68278,32139,blanco,ok,
39295,MELOXICAM 7.5 MG X 10 TABLETAS,https://mav.farmaciasaas.com/api/images/articulos/DISTRIBUCION/4936.jpg,https://fqeshthtycmzgyibiurq.supabase.co/storage/v1/object/public/crsnimages/catalogo/c14cba30-9985-4ba9-8c7b-449b069f86e0.jpg,61430,29778,blanco,ok,
39293,ROWELUK PLUS 5 MG - 2.5 MG X 10 COMPRIMIDOS MASTICABLES,https://pccentro.net.ve/img/s/8/0/8/7/2/80872-large_default.webp,https://fqeshthtycmzgyibiurq.supabase.co/storage/v1/object/public/crsnimages/catalogo/0d5ab696-b8f0-4f98-82f5-31970b5ee441.jpg,57836,33399,blanco,ok,
39297,METFORMINA CLORHIDRATO 1000 MG COMPRIMIDOS,https://pccentro.net.ve/img/s/7/6/7/8/1/76781-large_default.webp,https://fqeshthtycmzgyibiurq.supabase.co/storage/v1/object/public/crsnimages/catalogo/f02ef80c-79c8-49de-ba86-bed22f819852.jpg,35102,19989,blanco,ok,
39300,METFORMINA CLORHIDRATO 500 MG X 30 TABLETAS,https://mav.farmaciasaas.com/api/images/articulos/DISTRIBUCION/27232.jpg,https://fqeshthtycmzgyibiurq.supabase.co/storage/v1/object/public/crsnimages/catalogo/a2b243c8-3854-4485-9610-8e42a0d05af9.jpg,58410,25165,blanco,ok,
39301,METRONIDAZOL 500 MG COMPRIMIDOS,https://pccentro.net.ve/img/s/7/5/0/9/4/75094-large_default.webp,https://fqeshthtycmzgyibiurq.supabase.co/storage/v1/object/public/crsnimages/catalogo/74cc40f9-012c-4cb6-842d-797a61a18d6a.jpg,12636,26307,blanco,ok,
39305,MIGRADORIXINA 125 MG - 1 MG COMPRIMIDOS RECUBIERTOS,https://mav.farmaciasaas.com/api/images/articulos/DISTRIBUCION/30067.jpg,https://fqeshthtycmzgyibiurq.supabase.co/storage/v1/object/public/crsnimages/catalogo/b2949a2d-9d4d-4841-90d6-5e6e07f085b5.jpg,74484,37509,blanco,ok,
39298,METFORMINA CLORHIDRATO 500 MG COMPRIMIDOS,https://pccentro.net.ve/img/s/3/0/6/7/5/30675-large_default.webp,https://fqeshthtycmzgyibiurq.supabase.co/storage/v1/object/public/crsnimages/catalogo/d65724fe-9517-4fc8-b33c-05a0d8eb4e4c.jpg,19242,25846,blanco,ok,
39306,MISELLIM 10 MG COMPRIMIDOS RECUBIERTOS,https://mav.farmaciasaas.com/api/images/articulos/DISTRIBUCION/91349.jpg,https://fqeshthtycmzgyibiurq.supabase.co/storage/v1/object/public/crsnimages/catalogo/3b1b8eb9-ba0f-4be1-bc38-0dd8bfe8d893.jpg,46418,18649,blanco,ok,
39309,MONTELUKAST 10 MG X 10 TABLETAS RECUBIERTAS,https://pccentro.net.ve/img/s/3/5/5/2/1/35521-large_default.webp,https://fqeshthtycmzgyibiurq.supabase.co/storage/v1/object/public/crsnimages/catalogo/fe9a44a2-b5b6-40cd-b6af-3a5de9081b99.jpg,8528,18916,blanco,ok,
39310,MONTELUKAST 5 MG X 30 TABLETAS MASTICABLES,https://mav.farmaciasaas.com/api/images/articulos/DISTRIBUCION/92814.jpg,https://fqeshthtycmzgyibiurq.supabase.co/storage/v1/object/public/crsnimages/catalogo/f3f81bb8-58a4-4d93-bbf7-cc021bc9789b.jpg,88872,36468,blanco,ok,
39311,OTOCORT 1 MG - 5 MG - 5000 UI / ML SUSPENSION OTICA,https://mav.farmaciasaas.com/api/images/articulos/DISTRIBUCION/52903.jpg,https://fqeshthtycmzgyibiurq.supabase.co/storage/v1/object/public/crsnimages/catalogo/f346f042-b7fe-4c4a-98f4-928ad5270c46.jpg,64555,27637,blanco,ok,
39318,NEUROMIX COMPRIMIDOS RECUBIERTOS,https://mav.farmaciasaas.com/api/images/articulos/DISTRIBUCION/23206.jpg,https://fqeshthtycmzgyibiurq.supabase.co/storage/v1/object/public/crsnimages/catalogo/f209ba11-2357-4ec0-8cdc-7e88d2620085.jpg,46345,19639,blanco,ok,
39319,NONAFOL 10 MG / ML X 10 SOLUCION ORAL,https://mav.farmaciasaas.com/api/images/articulos/DISTRIBUCION/18358.jpg,https://fqeshthtycmzgyibiurq.supabase.co/storage/v1/object/public/crsnimages/catalogo/9a7b8003-2a51-4b44-ae49-da52ca809a9c.jpg,48432,19916,blanco,ok,
39314,NAPROXENO SODICO 275 MG COMPRIMIDOS RECUBIERTOS,https://pccentro.net.ve/img/s/7/0/9/2/3/70923-large_default.webp,https://fqeshthtycmzgyibiurq.supabase.co/storage/v1/object/public/crsnimages/catalogo/b22767b1-5a4e-435c-be3f-6b09881961c0.jpg,15146,30387,blanco,ok,
39321,NOXPIRIN 125 MG - 0.5 MG / 5 ML SOLUCION ORAL,https://mav.farmaciasaas.com/api/images/articulos/DISTRIBUCION/24256.jpg,https://fqeshthtycmzgyibiurq.supabase.co/storage/v1/object/public/crsnimages/catalogo/41fa9a5d-30c7-469f-80a8-cc61a86c2e87.jpg,68486,34040,blanco,ok,
39322,NOXPIRIN 325 MG - 1.25 MG / 5 ML SOLUCION ORAL,https://mav.farmaciasaas.com/api/images/articulos/DISTRIBUCION/24257.jpg,https://fqeshthtycmzgyibiurq.supabase.co/storage/v1/object/public/crsnimages/catalogo/12d0cd6d-9e47-4b87-969a-8b2eb747f7c0.jpg,60800,27260,blanco,ok,
39323,OLMESARTAN MEDOXOMIL - HIDROCLOROTIAZIDA 40 MG - 12.5 MG COMPRIMIDOS RECUBIERTOS,https://mav.farmaciasaas.com/api/images/articulos/DISTRIBUCION/17795.jpg,https://fqeshthtycmzgyibiurq.supabase.co/storage/v1/object/public/crsnimages/catalogo/461de4d4-8b47-416e-8cb4-ca99d7d1491a.jpg,67600,31179,blanco,ok,
39316,NEFROTAL H 100 MG - 12.5 MG COMPRIMIDOS RECUBIERTOS,https://mav.farmaciasaas.com/api/images/articulos/DISTRIBUCION/25632.jpg,https://fqeshthtycmzgyibiurq.supabase.co/storage/v1/object/public/crsnimages/catalogo/62d2f89e-eaf9-4248-9e5c-caa567cab6a9.jpg,67330,30876,blanco,ok,
39324,OLMESARTAN MEDOXOMIL 20 MG COMPRIMIDOS RECUBIERTOS,https://mav.farmaciasaas.com/api/images/articulos/DISTRIBUCION/25976.jpg,https://fqeshthtycmzgyibiurq.supabase.co/storage/v1/object/public/crsnimages/catalogo/a995ee5a-4845-47f5-9552-6adda5600cb4.jpg,56173,25547,blanco,ok,
39325,OLMESARTAN MEDOXOMILO 20 MG X 30 TABLETAS RECUBIERTAS,https://mav.farmaciasaas.com/api/images/articulos/DISTRIBUCION/13813.jpg,https://fqeshthtycmzgyibiurq.supabase.co/storage/v1/object/public/crsnimages/catalogo/47a75c61-6833-4801-b37e-59b976630893.jpg,25952,16993,blanco,ok,
39326,OMEPRAZOL 40 MG X 7 CAPSULAS GASTRORRESISTENTES,https://mav.farmaciasaas.com/api/images/articulos/DISTRIBUCION/29583.jpg,https://fqeshthtycmzgyibiurq.supabase.co/storage/v1/object/public/crsnimages/catalogo/ebc8050a-6b15-4b13-af23-37d7026b6fbd.jpg,78940,39728,blanco,ok,
39327,OMEPRAZOL 40 MG X 30 CAPSULAS GASTRORRESISTENTES,https://mav.farmaciasaas.com/api/images/articulos/DISTRIBUCION/50576.jpg,https://fqeshthtycmzgyibiurq.supabase.co/storage/v1/object/public/crsnimages/catalogo/0596c127-3faa-4c6e-b9a0-466a7c81c712.jpg,79752,33781,blanco,ok,
39329,OMEPRAZOL 20 MG X 30 CAPSULAS,https://mav.farmaciasaas.com/api/images/articulos/DISTRIBUCION/24329.jpg,https://fqeshthtycmzgyibiurq.supabase.co/storage/v1/object/public/crsnimages/catalogo/5c67942c-cb96-4612-85fc-3655cae1f348.jpg,86377,35971,blanco,ok,
39330,OMEPRAZOL 20 MG X 7 CAPSULAS,https://mav.farmaciasaas.com/api/images/articulos/DISTRIBUCION/9745.jpg,https://fqeshthtycmzgyibiurq.supabase.co/storage/v1/object/public/crsnimages/catalogo/71551b00-085a-4afa-9fc4-e89fb3f3fef0.jpg,77247,32713,blanco,ok,
39331,ORALZINC SALES DE REHIDRATACION POLVO PARA SOLUCION ORAL SABOR A MANDARINA,https://mav.farmaciasaas.com/api/images/articulos/DISTRIBUCION/51830.jpg,https://fqeshthtycmzgyibiurq.supabase.co/storage/v1/object/public/crsnimages/catalogo/b433a6a6-5266-406f-a96a-61db1f68d9fb.jpg,77488,36239,blanco,ok,
39333,OTAN 0.1 % - 4.0 % SOLUCION OTICA,https://mav.farmaciasaas.com/api/images/articulos/DISTRIBUCION/97545.jpg,https://fqeshthtycmzgyibiurq.supabase.co/storage/v1/object/public/crsnimages/catalogo/99e4d8bb-9532-4978-a2b3-480c74f899cd.jpg,74587,35711,blanco,ok,
39338,PEGYT 50 MG X 30 CAPSULAS,https://mav.farmaciasaas.com/api/images/articulos/DISTRIBUCION/52625.jpg,https://fqeshthtycmzgyibiurq.supabase.co/storage/v1/object/public/crsnimages/catalogo/065f9e60-6026-43ae-92d2-b35b22211430.jpg,67186,31310,blanco,ok,
39340,PERTEN 1 % CREMA,https://mav.farmaciasaas.com/api/images/articulos/DISTRIBUCION/20023.jpg,https://fqeshthtycmzgyibiurq.supabase.co/storage/v1/object/public/crsnimages/catalogo/b590ee11-6bc4-43ec-8a3b-f45d668c53c0.jpg,69743,32007,blanco,ok,
39332,OROFENO 150 MG COMPRIMIDOS DE LIBERACION CONTROLADA,https://pccentro.net.ve/img/s/5/5/0/6/3/55063-large_default.webp,https://fqeshthtycmzgyibiurq.supabase.co/storage/v1/object/public/crsnimages/catalogo/20c99400-9529-420e-bd6c-5e0df7e0730b.jpg,16982,34569,blanco,ok,
39342,PREDNISONA 5 MG COMPRIMIDOS,https://pccentro.net.ve/img/s/8/7/8/2/8/87828-large_default.webp,https://fqeshthtycmzgyibiurq.supabase.co/storage/v1/object/public/crsnimages/catalogo/37dd8b24-4d8b-48c9-8897-53f1a5140e6c.jpg,45222,27301,blanco,ok,
39347,QUETIAPINA 100 MG COMPRIMIDOS,https://pccentro.net.ve/img/s/5/6/4/3/0/56430-large_default.webp,https://fqeshthtycmzgyibiurq.supabase.co/storage/v1/object/public/crsnimages/catalogo/07eb4dbf-6a13-4016-b12a-be69d4f35eb3.jpg,15862,31588,blanco,ok,
39353,REHIDROSOL 45 MEQ / L SOLUCION ELECTROLITICA USO ORAL SABOR A UVA,https://mav.farmaciasaas.com/api/images/articulos/DISTRIBUCION/15335.jpg,https://fqeshthtycmzgyibiurq.supabase.co/storage/v1/object/public/crsnimages/catalogo/f0c512c3-2ddc-4ccb-8dc2-d77234d7eb6d.jpg,56337,25206,blanco,ok,
39355,RINARIS 5 MG - 60 MG X 10 TABLETAS RECUBIERTAS,https://mav.farmaciasaas.com/api/images/articulos/DISTRIBUCION/16753.jpg,https://fqeshthtycmzgyibiurq.supabase.co/storage/v1/object/public/crsnimages/catalogo/3aa7612f-a30f-4e17-aab7-416932408bb2.jpg,47486,19188,blanco,ok,
39351,REGULIP 10 MG X 30 TABLETAS,https://pccentro.net.ve/img/s/3/5/6/2/9/35629-large_default.webp,https://fqeshthtycmzgyibiurq.supabase.co/storage/v1/object/public/crsnimages/catalogo/682a912d-6add-4aa4-a08d-8099fdbae430.jpg,11432,27448,blanco,ok,
39357,RINOLAST D 30 MG - 30 MG / 5 ML SUSPENSION ORAL,https://pccentro.net.ve/img/s/2/2/9/0/0/22900-large_default.webp,https://fqeshthtycmzgyibiurq.supabase.co/storage/v1/object/public/crsnimages/catalogo/4b1a9f4b-aab7-4a48-84be-b3d596232325.jpg,26602,37665,blanco,ok,
39363,SILDENAFIL 50 MG X 2 TABLETAS RECUBIERTAS,https://mav.farmaciasaas.com/api/images/articulos/DISTRIBUCION/99404.jpg,https://fqeshthtycmzgyibiurq.supabase.co/storage/v1/object/public/crsnimages/catalogo/4929e343-c742-4394-92b4-8bd26f2d6803.jpg,80042,37847,blanco,ok,
39364,SILDENAFIL 50 MG X 4 TABLETAS RECUBIERTAS,https://mav.farmaciasaas.com/api/images/articulos/DISTRIBUCION/20786.jpg,https://fqeshthtycmzgyibiurq.supabase.co/storage/v1/object/public/crsnimages/catalogo/9f655d51-4532-4e5d-96d4-12c9464824d8.jpg,48915,21405,blanco,ok,
39365,SITALUX 100 MG X 30 TABLETAS RECUBIERTAS,https://mav.farmaciasaas.com/api/images/articulos/DISTRIBUCION/28533.jpg,https://fqeshthtycmzgyibiurq.supabase.co/storage/v1/object/public/crsnimages/catalogo/b1578b0e-1888-4a6d-ae0d-123470c8615a.jpg,50651,21484,blanco,ok,
39367,DEXTROSA AL 5 % EN SOLUCION FISIOLOGICA ISOTONICA DE CLORURO DE SODIO I,https://mav.farmaciasaas.com/api/images/articulos/DISTRIBUCION/1133.jpg,https://fqeshthtycmzgyibiurq.supabase.co/storage/v1/object/public/crsnimages/catalogo/1f1abebf-175b-4fdd-8f51-310eefa2023a.jpg,51889,22415,blanco,ok,
39368,STAMYLFORTE 300 MG - 100 MG X 20 TABLETAS RECUBIERTAS,https://mav.farmaciasaas.com/api/images/articulos/DISTRIBUCION/13272.jpg,https://fqeshthtycmzgyibiurq.supabase.co/storage/v1/object/public/crsnimages/catalogo/352a2d3f-2617-4408-a272-25cf4a5116cd.jpg,60273,29553,blanco,ok,
39378,TACHIPIRIN 100 MG / ML SOLUCION ORAL,https://pccentro.net.ve/img/s/2/2/6/9/4/22694-large_default.webp,https://fqeshthtycmzgyibiurq.supabase.co/storage/v1/object/public/crsnimages/catalogo/72e5cb96-3984-4af7-a8a9-86725c51fc33.jpg,21074,28584,blanco,ok,
39381,TACHIPIRIN FORTE 160 MG / 5 ML SUSPENSION ORAL,https://pccentro.net.ve/img/s/2/5/9/6/4/25964-large_default.webp,https://fqeshthtycmzgyibiurq.supabase.co/storage/v1/object/public/crsnimages/catalogo/20359be5-2950-4def-8d03-b54f980c0802.jpg,31518,43005,blanco,ok,
39380,TACHIPIRIN 500 MG X 20 TABLETAS,https://pccentro.net.ve/img/s/5/4/8/7/6/54876-large_default.webp,https://fqeshthtycmzgyibiurq.supabase.co/storage/v1/object/public/crsnimages/catalogo/9859ca94-00ef-461f-a00b-6130308265d8.jpg,21738,40753,blanco,ok,
39382,TADALAFILO 5 MG COMPRIMIDOS RECUBIERTOS,https://mav.farmaciasaas.com/api/images/articulos/DISTRIBUCION/50485.jpg,https://fqeshthtycmzgyibiurq.supabase.co/storage/v1/object/public/crsnimages/catalogo/ca5b767b-997c-4504-87fa-cc7006c3ac7b.jpg,40887,16633,blanco,ok,
39379,ACETAMINOFEN 250 MG SUPOSITORIOS,https://pccentro.net.ve/img/s/7/2/0/9/9/72099-large_default.webp,https://fqeshthtycmzgyibiurq.supabase.co/storage/v1/object/public/crsnimages/catalogo/d39b8fdf-d7df-4480-8dfa-c52d5e5bb714.jpg,13852,29259,blanco,ok,
39377,TACHIGRIP FORTE X 6 POLVO PARA SOLUCION ORAL,https://pccentro.net.ve/img/s/7/6/9/9/0/76990-large_default.webp,https://fqeshthtycmzgyibiurq.supabase.co/storage/v1/object/public/crsnimages/catalogo/0b51d1f6-c52c-41e8-86ae-116b433272f0.jpg,84582,47442,blanco,ok,
39383,TAMOA 250 MG COMPRIMIDOS MASTICABLES,https://mav.farmaciasaas.com/api/images/articulos/DISTRIBUCION/95723.jpg,https://fqeshthtycmzgyibiurq.supabase.co/storage/v1/object/public/crsnimages/catalogo/a179a5c0-1f3d-446a-a30e-03e8cbd6595d.jpg,150554,29923,blanco,ok,
39387,TENSOMAX 60 MG X 10 CAPSULAS DE LIBERACION PROLONGADA,https://pccentro.net.ve/img/s/7/4/4/6/7/74467-large_default.webp,https://fqeshthtycmzgyibiurq.supabase.co/storage/v1/object/public/crsnimages/catalogo/73b490ac-506b-4cd0-8309-68a4459dcf53.jpg,9142,22200,blanco,ok,
39391,TERAGRIPSUPRA X 10 TABLETAS RECUBIERTAS,https://mav.farmaciasaas.com/api/images/articulos/DISTRIBUCION/96315.jpg,https://fqeshthtycmzgyibiurq.supabase.co/storage/v1/object/public/crsnimages/catalogo/1e3928c7-42f0-444f-a615-784f4e11440d.jpg,84879,42526,blanco,ok,
39389,TERAGRIPFORTE NOCHE 650 MG - 4 MG X 4 TABLETAS RECUBIERTAS,https://mav.farmaciasaas.com/api/images/articulos/DISTRIBUCION/51036.jpg,https://fqeshthtycmzgyibiurq.supabase.co/storage/v1/object/public/crsnimages/catalogo/5df6e558-8d9f-47da-b4e2-967d8da4ffd5.jpg,85639,43214,blanco,ok,
39392,TERBINAFINA 1 % CREMA,https://mav.farmaciasaas.com/api/images/articulos/DISTRIBUCION/96827.jpg,https://fqeshthtycmzgyibiurq.supabase.co/storage/v1/object/public/crsnimages/catalogo/db01baea-a695-406b-beec-160f1fb34f59.jpg,79556,36472,blanco,ok,
39395,TOBRAMICINA 0.3 % SOLUCION OFTALMICA,https://mav.farmaciasaas.com/api/images/articulos/DISTRIBUCION/28243.jpg,https://fqeshthtycmzgyibiurq.supabase.co/storage/v1/object/public/crsnimages/catalogo/5329f9d2-a8bc-4cc2-875d-93112aca54dd.jpg,60068,22756,blanco,ok,
39398,VALGEM PLUS 160 MG-12.5 MG X 10 TABLETAS RECUBIERTAS,https://mav.farmaciasaas.com/api/images/articulos/DISTRIBUCION/52665.jpg,https://fqeshthtycmzgyibiurq.supabase.co/storage/v1/object/public/crsnimages/catalogo/d4da7824-5cc3-4b18-9783-0cf5595c8b83.jpg,70569,33351,blanco,ok,
39399,VALGEM PLUS 160 MG-12.5 MG X 30 TABLETAS RECUBIERTAS,https://mav.farmaciasaas.com/api/images/articulos/DISTRIBUCION/52665.jpg,https://fqeshthtycmzgyibiurq.supabase.co/storage/v1/object/public/crsnimages/catalogo/e69ff38a-ba77-4a4d-8540-8be62b1a2da2.jpg,70569,33351,blanco,ok,
39400,VALSARTAN 160 MG X 20 CAPSULAS,https://pccentro.net.ve/img/s/9/4/1/3/4/94134-large_default.webp,https://fqeshthtycmzgyibiurq.supabase.co/storage/v1/object/public/crsnimages/catalogo/ba65da91-237e-43e8-a4f9-925f130e9ff1.jpg,48006,26832,blanco,ok,
39401,VALSARTAN CON HIDROCLOROTIAZIDA 160 MG - 12.5 MG COMPRIMIDOS RECUBIERTOS,https://mav.farmaciasaas.com/api/images/articulos/DISTRIBUCION/54193.jpg,https://fqeshthtycmzgyibiurq.supabase.co/storage/v1/object/public/crsnimages/catalogo/72232340-0e7c-47f6-9b90-ac66982e810a.jpg,70316,34214,blanco,ok,
39404,VALSARTAN 80 MG CAPSULAS,https://mav.farmaciasaas.com/api/images/articulos/DISTRIBUCION/99610.jpg,https://fqeshthtycmzgyibiurq.supabase.co/storage/v1/object/public/crsnimages/catalogo/1d51a1b0-95ce-437e-b763-2e77f564d7ed.jpg,72708,33529,blanco,ok,
39405,VALSARTAN 80 MG COMPRIMIDOS RECUBIERTOS,https://mav.farmaciasaas.com/api/images/articulos/DISTRIBUCION/29789.jpg,https://fqeshthtycmzgyibiurq.supabase.co/storage/v1/object/public/crsnimages/catalogo/b7783211-82c2-4468-8e9c-199340e594a2.jpg,52276,23679,blanco,ok,
39408,VITAMINA C 100 MG / 5 ML JARABE,https://pccentro.net.ve/img/s/7/7/8/3/5/77835-large_default.webp,https://fqeshthtycmzgyibiurq.supabase.co/storage/v1/object/public/crsnimages/catalogo/431d8683-5a2e-4570-a45e-b7f7dd227583.jpg,105634,57338,blanco,ok,
39409,VITADYN C 1 G COMPRIMIDOS EFERVESCENTES SABOR A GRAPEFRUIT X 10 COMPRIMIDOS,https://mav.farmaciasaas.com/api/images/articulos/DISTRIBUCION/11403.jpg,https://fqeshthtycmzgyibiurq.supabase.co/storage/v1/object/public/crsnimages/catalogo/7d60dc56-0678-47d8-acf1-80e4bcd0b545.jpg,53763,20573,blanco,ok,
39406,VALSARTAN CON HIDROCLOROTIAZIDA 80 MG - 12.5 MG COMPRIMIDOS,https://pccentro.net.ve/img/s/5/6/1/6/8/56168-large_default.webp,https://fqeshthtycmzgyibiurq.supabase.co/storage/v1/object/public/crsnimages/catalogo/491ee71e-5c37-404a-b06f-a0a9bef3517d.jpg,17456,34260,blanco,ok,
39410,VITADYN C 500 MG X 30 TABLETAS MASTICABLES SABOR A FRESA,https://mav.farmaciasaas.com/api/images/articulos/DISTRIBUCION/30132.jpg,https://fqeshthtycmzgyibiurq.supabase.co/storage/v1/object/public/crsnimages/catalogo/5439f342-fc12-46a6-9b01-a221eab2f50d.jpg,92170,33885,blanco,ok,
39412,VITAMINA B12 250 MCG X 20 CAPSULAS,https://mav.farmaciasaas.com/api/images/articulos/DISTRIBUCION/3790.jpg,https://fqeshthtycmzgyibiurq.supabase.co/storage/v1/object/public/crsnimages/catalogo/4dc47fd1-b237-4e7a-8fe6-cc57f45cc2cc.jpg,52305,20727,blanco,ok,
39413,VITAMINA C 50 MG / 5 ML JARABE,https://mav.farmaciasaas.com/api/images/articulos/DISTRIBUCION/11556.jpg,https://fqeshthtycmzgyibiurq.supabase.co/storage/v1/object/public/crsnimages/catalogo/3aa80d34-0aa1-4fb1-aeac-7785eb9278e5.jpg,52101,22735,blanco,ok,
39421,ALILUB 1.4 % SOLUCION OFTALMICA,https://mav.farmaciasaas.com/api/images/articulos/DISTRIBUCION/25509.jpg,https://fqeshthtycmzgyibiurq.supabase.co/storage/v1/object/public/crsnimages/catalogo/575e8b1a-a72c-47a1-ab93-a586876d6df1.jpg,89865,46085,blanco,ok,
39425,ANAPIR 400 MG X 10 CAPSULAS BLANDAS,https://mav.farmaciasaas.com/api/images/articulos/DISTRIBUCION/17362.jpg,https://fqeshthtycmzgyibiurq.supabase.co/storage/v1/object/public/crsnimages/catalogo/daf7c7c3-5b02-4a00-b1e7-c558d72b79af.jpg,66313,29674,blanco,ok,
39428,APIRETFLU 24 HORAS X 6 GRANULADO,https://mav.farmaciasaas.com/api/images/articulos/DISTRIBUCION/51431.jpg,https://fqeshthtycmzgyibiurq.supabase.co/storage/v1/object/public/crsnimages/catalogo/910948c0-11ca-4d85-a90e-812b21e64f01.jpg,65279,33091,blanco,ok,
39429,APRIX 125 MG X 10 CAPSULAS BLANDAS,https://mav.farmaciasaas.com/api/images/articulos/DISTRIBUCION/50995.jpg,https://fqeshthtycmzgyibiurq.supabase.co/storage/v1/object/public/crsnimages/catalogo/a68bfef7-39c2-4557-afcb-ba391c92562f.jpg,60406,28638,blanco,ok,
39433,ATAMEL 120 MG / 5 ML JARABE,https://mav.farmaciasaas.com/api/images/articulos/DISTRIBUCION/50583.jpg,https://fqeshthtycmzgyibiurq.supabase.co/storage/v1/object/public/crsnimages/catalogo/2cce7cae-f3d4-4650-83be-5e123a49bcf7.jpg,79520,41886,blanco,ok,
39432,ASPIANDEX 81 MG X 30 TABLETAS CON RECUBRIMIENTO ENTERICO,https://mav.farmaciasaas.com/api/images/articulos/DISTRIBUCION/52971.jpg,https://fqeshthtycmzgyibiurq.supabase.co/storage/v1/object/public/crsnimages/catalogo/a0e69c03-5596-49ca-bc72-6b2bfbe0022a.jpg,720312,70044,blanco,ok,
39434,ATAPEC 25 MG X 30 COMPRIMIDOS RECUBIERTOS,https://mav.farmaciasaas.com/api/images/articulos/DISTRIBUCION/53750.jpg,https://fqeshthtycmzgyibiurq.supabase.co/storage/v1/object/public/crsnimages/catalogo/4855bc99-e432-42d3-a5a2-d9df66790986.jpg,54554,21890,blanco,ok,
39436,AVOST 0.004 % SOLUCION OFTALMICA,https://mav.farmaciasaas.com/api/images/articulos/DISTRIBUCION/23361.jpg,https://fqeshthtycmzgyibiurq.supabase.co/storage/v1/object/public/crsnimages/catalogo/e462cfbf-5a8a-4b13-a83b-c197282b0188.jpg,60471,28512,blanco,ok,
39438,BEDEX 0.15 % SOLUCION TOPICA BUCAL,https://mav.farmaciasaas.com/api/images/articulos/DISTRIBUCION/28364.jpg,https://fqeshthtycmzgyibiurq.supabase.co/storage/v1/object/public/crsnimages/catalogo/58bd91e8-29c9-4e06-956c-a8f47ff8e8fc.jpg,107155,50788,blanco,ok,
39439,CLOBETASOL PROPIONATO 0.05 % UNGUENTO,https://mav.farmaciasaas.com/api/images/articulos/DISTRIBUCION/90441.jpg,https://fqeshthtycmzgyibiurq.supabase.co/storage/v1/object/public/crsnimages/catalogo/ffe53fcc-e046-4812-a07b-7a5b86606970.jpg,22301,13489,blanco,ok,
39442,BIRGIT PLUS 50 MG - 850 MG X 30 COMPRIMIDOS RECUBIERTOS,https://mav.farmaciasaas.com/api/images/articulos/DISTRIBUCION/52040.jpg,https://fqeshthtycmzgyibiurq.supabase.co/storage/v1/object/public/crsnimages/catalogo/f9539d03-32bd-4a16-9f1b-d85301e583b8.jpg,61128,28206,blanco,ok,
39443,BIOTALOL HCT 10 MG - 6.25 MG COMPRIMIDOS RECUBIERTOS,https://mav.farmaciasaas.com/api/images/articulos/DISTRIBUCION/51791.jpg,https://fqeshthtycmzgyibiurq.supabase.co/storage/v1/object/public/crsnimages/catalogo/fdc4f2df-6b5b-46fe-a11c-d1e64d7f13e7.jpg,72629,35179,blanco,ok,
39444,BLOKXA 20 MG X 28 TABLETAS RECUBIERTAS,https://mav.farmaciasaas.com/api/images/articulos/DISTRIBUCION/54280.jpg,https://fqeshthtycmzgyibiurq.supabase.co/storage/v1/object/public/crsnimages/catalogo/c7c1e296-afeb-4f61-b6b3-326de48c7e17.jpg,48172,19426,blanco,ok,
39445,BONAC 4 % GEL USO TOPICO,https://mav.farmaciasaas.com/api/images/articulos/DISTRIBUCION/9545.jpg,https://fqeshthtycmzgyibiurq.supabase.co/storage/v1/object/public/crsnimages/catalogo/bfdc7fa1-c938-4b63-aa76-2b867f54724a.jpg,50043,22270,blanco,ok,
39446,BRIMOPRESS 0.2 % SOLUCION OFTALMICA,https://mav.farmaciasaas.com/api/images/articulos/DISTRIBUCION/13585.jpg,https://fqeshthtycmzgyibiurq.supabase.co/storage/v1/object/public/crsnimages/catalogo/c07f19aa-94c7-4e35-aba6-29a3b848f384.jpg,48459,20371,blanco,ok,
39447,BRIXIA 0.0 5 % SOLUCION OFTALMICA,https://mav.farmaciasaas.com/api/images/articulos/DISTRIBUCION/1989.jpg,https://fqeshthtycmzgyibiurq.supabase.co/storage/v1/object/public/crsnimages/catalogo/648fe14a-c481-4eda-a841-9b7cac965ecc.jpg,70558,33536,blanco,ok,
39451,GYNOTRAN 15 %-4 % CREMA VAGINAL,https://mav.farmaciasaas.com/api/images/articulos/DISTRIBUCION/25326.jpg,https://fqeshthtycmzgyibiurq.supabase.co/storage/v1/object/public/crsnimages/catalogo/1db0dbf6-386d-4bfb-88f0-83dd0b392401.jpg,67541,32447,blanco,ok,
39456,NASIN 0.05 % SOLUCION NASAL,https://mav.farmaciasaas.com/api/images/articulos/DISTRIBUCION/2507.jpg,https://fqeshthtycmzgyibiurq.supabase.co/storage/v1/object/public/crsnimages/catalogo/8642fe28-2973-4106-912d-ac522b30b173.jpg,69732,35133,blanco,ok,
39463,COMENTER 30 MG X 30 COMPRIMIDOS RECUBIERTOS,https://mav.farmaciasaas.com/api/images/articulos/DISTRIBUCION/29372.jpg,https://fqeshthtycmzgyibiurq.supabase.co/storage/v1/object/public/crsnimages/catalogo/a4623176-3f01-4196-921c-f9e65b1b2d47.jpg,52689,22476,blanco,ok,
39467,CYNT 20 MG X 20 COMPRIMIDOS RECUBIERTOS,https://mav.farmaciasaas.com/api/images/articulos/DISTRIBUCION/5489.jpg,https://fqeshthtycmzgyibiurq.supabase.co/storage/v1/object/public/crsnimages/catalogo/dcfd67e2-932f-4efb-b650-df760c08accf.jpg,47220,19484,blanco,ok,
39468,CYNT 40 MG COMPRIMIDOS RECIBIERTOS X 10 COMPRIMIDOS,https://mav.farmaciasaas.com/api/images/articulos/DISTRIBUCION/92664.jpg,https://fqeshthtycmzgyibiurq.supabase.co/storage/v1/object/public/crsnimages/catalogo/7c12163a-65d2-4311-861b-ddcd55b8df6d.jpg,48830,21207,blanco,ok,
39470,DAVINTEX 60 MG X 10 COMPRIMIDOS RECUBIERTOS,https://mav.farmaciasaas.com/api/images/articulos/DISTRIBUCION/27618.jpg,https://fqeshthtycmzgyibiurq.supabase.co/storage/v1/object/public/crsnimages/catalogo/dde7db74-4d0c-4503-a7dc-aa080162ab1b.jpg,49377,22025,blanco,ok,
39473,DENCORUB GEL,https://mav.farmaciasaas.com/api/images/articulos/DISTRIBUCION/52521.jpg,https://fqeshthtycmzgyibiurq.supabase.co/storage/v1/object/public/crsnimages/catalogo/e01192cc-c7ee-471e-967a-84cedf103843.jpg,78309,39557,blanco,ok,
39476,DESLER M 5 MG - 10 MG X 30 TABLETAS RECUBIERTAS,https://mav.farmaciasaas.com/api/images/articulos/DISTRIBUCION/96524/96524.jpg,https://fqeshthtycmzgyibiurq.supabase.co/storage/v1/object/public/crsnimages/catalogo/3c0deecf-d0ea-46f3-9e92-2067d65e932c.jpg,69487,36069,blanco,ok,
39477,DESLER M 5 MG - 10 MG X 10 TABLETAS RECUBIERTAS,https://mav.farmaciasaas.com/api/images/articulos/DISTRIBUCION/18361.jpg,https://fqeshthtycmzgyibiurq.supabase.co/storage/v1/object/public/crsnimages/catalogo/fbdd337e-6a4e-4d68-80c6-b6fdae4fbc3d.jpg,64325,32956,blanco,ok,
39435,ATOVAROL 20 MG X 30 CAPSULAS BLANDAS,https://pccentro.net.ve/img/s/7/4/0/1/7/74017-large_default.webp,https://fqeshthtycmzgyibiurq.supabase.co/storage/v1/object/public/crsnimages/catalogo/4fccb18a-987f-417c-8987-490f2e82e9b8.jpg,9108,23208,blanco,ok,
39483,DIFENAC 100 MG X 10 COMPRIMIDOS RECUBIERTOS,https://mav.farmaciasaas.com/api/images/articulos/DISTRIBUCION/8420.jpg,https://fqeshthtycmzgyibiurq.supabase.co/storage/v1/object/public/crsnimages/catalogo/b67f8409-b14b-4de6-83ec-45c74ec283d8.jpg,55230,24730,blanco,ok,
39465,CROMUS 0.1 % UNGUENTO,https://pccentro.net.ve/img/s/7/2/8/1/9/72819-large_default.webp,,0,0,blanco,error,HTTP 404
39489,DOLAK 30 MG X 4 COMPRIMIDOS SUBLINGUALES,https://mav.farmaciasaas.com/api/images/articulos/DISTRIBUCION/94457.jpg,https://fqeshthtycmzgyibiurq.supabase.co/storage/v1/object/public/crsnimages/catalogo/b1466989-f6a3-4b3a-bbb4-3a4dcdfae63c.jpg,58551,25889,blanco,ok,
39492,BALSADER GEL TOPICO,https://mav.farmaciasaas.com/api/images/articulos/DISTRIBUCION/2521.jpg,https://fqeshthtycmzgyibiurq.supabase.co/storage/v1/object/public/crsnimages/catalogo/5d13a6f1-8cab-48d4-9910-65a3d8355559.jpg,80639,38631,blanco,ok,
39482,DICLOFENAC DIETILAMINA 1.16 % EMULGEL,https://pccentro.net.ve/img/s/8/0/6/4/5/80645-large_default.webp,https://fqeshthtycmzgyibiurq.supabase.co/storage/v1/object/public/crsnimages/catalogo/53f0c710-7d3f-4cb1-9ade-f395019c5197.jpg,68790,37955,blanco,ok,
39455,CITICOLINA 500 MG X 30 COMPRIMIDOS RECUBIERTOS,https://pccentro.net.ve/img/s/7/1/8/0/3/71803-large_default.webp,https://fqeshthtycmzgyibiurq.supabase.co/storage/v1/object/public/crsnimages/catalogo/e33e29c3-6ccc-4cfb-906e-9922341dcc50.jpg,11378,24969,blanco,ok,
39494,DROPIL 100 MG X 40 COMPRIMIDOS RECUBIERTOS,https://mav.farmaciasaas.com/api/images/articulos/DISTRIBUCION/96830.jpg,https://fqeshthtycmzgyibiurq.supabase.co/storage/v1/object/public/crsnimages/catalogo/b984697b-6357-4009-96fc-0f117624f40e.jpg,40779,15297,blanco,ok,
39493,DOPRIL 3 MG / ML SOLUCION ORAL,https://mav.farmaciasaas.com/api/images/articulos/DISTRIBUCION/28532.jpg,https://fqeshthtycmzgyibiurq.supabase.co/storage/v1/object/public/crsnimages/catalogo/b530c178-d587-4bdc-ae0f-0c2807433b81.jpg,79350,40288,blanco,ok,
39495,DROPIL 200 MG X 40 COMPRIMIDOS RECUBIERTOS,https://mav.farmaciasaas.com/api/images/articulos/DISTRIBUCION/97140.jpg,https://fqeshthtycmzgyibiurq.supabase.co/storage/v1/object/public/crsnimages/catalogo/f83eebda-f9fb-4057-81ba-061c247d8d6e.jpg,43615,16707,blanco,ok,
39503,EVIGAX 125 MG X 20 CAPSULAS BLANDAS,https://mav.farmaciasaas.com/api/images/articulos/DISTRIBUCION/8614.jpg,https://fqeshthtycmzgyibiurq.supabase.co/storage/v1/object/public/crsnimages/catalogo/2e563a70-3abe-47e3-88bd-6dda33c9936c.jpg,75735,36738,blanco,ok,
39502,EVIGAX 125 MG X 10 CAPSULAS BLANDAS,https://mav.farmaciasaas.com/api/images/articulos/DISTRIBUCION/96795.jpg,https://fqeshthtycmzgyibiurq.supabase.co/storage/v1/object/public/crsnimages/catalogo/b239b7e2-6bfe-435b-8cf8-79c1acb38045.jpg,25400,17809,blanco,ok,
39498,ELMETACIN-IND 1 % SOLUCION TOPICA,https://pccentro.net.ve/img/s/8/9/4/4/5/89445-large_default.webp,https://fqeshthtycmzgyibiurq.supabase.co/storage/v1/object/public/crsnimages/catalogo/5ba720ff-2dbb-412a-bdbe-fffacc581d3d.jpg,47354,32124,blanco,ok,
39505,EZENTIUS 20 MG X 20 COMPRIMIDOS RECUBIERTOS,https://mav.farmaciasaas.com/api/images/articulos/DISTRIBUCION/53836.jpg,https://fqeshthtycmzgyibiurq.supabase.co/storage/v1/object/public/crsnimages/catalogo/307c680c-e399-42f4-9752-abc8e1c36f96.jpg,149446,29472,blanco,ok,
39507,DOLOGINEX 125 MG - 10 MG X 10 COMPRIMIDOS RECUBIERTOS,https://mav.farmaciasaas.com/api/images/articulos/DISTRIBUCION/54561.jpg,https://fqeshthtycmzgyibiurq.supabase.co/storage/v1/object/public/crsnimages/catalogo/59f33a91-7b6a-44ec-801e-58a849d17f2a.jpg,21862,13259,blanco,ok,
39508,FLATVIN 125 MG X 10 CAPSULAS BLANDAS,https://mav.farmaciasaas.com/api/images/articulos/DISTRIBUCION/24281.jpg,https://fqeshthtycmzgyibiurq.supabase.co/storage/v1/object/public/crsnimages/catalogo/0b02e56a-825c-4cde-b831-56cb8907ba63.jpg,71604,35126,blanco,ok,
39514,GESTAGENO 100 MG CAPSULAS DE GELATINA BLANDA X 10 CAPSULAS,https://pccentro.net.ve/img/s/3/9/7/7/1/39771-large_default.webp,https://fqeshthtycmzgyibiurq.supabase.co/storage/v1/object/public/crsnimages/catalogo/c171cc15-2998-4c52-9954-7274438d32f6.jpg,9006,25899,blanco,ok,
39515,GESTAGENO 200 MG CAPSULAS DE GELATINA BLANDA X 10 CAPSULAS,https://pccentro.net.ve/img/s/7/5/9/8/0/75980-large_default.webp,https://fqeshthtycmzgyibiurq.supabase.co/storage/v1/object/public/crsnimages/catalogo/53f4b409-f288-4751-9b93-08a8770441cc.jpg,41344,31772,blanco,ok,
39509,FLEVOMAX - D 600 MG X 15 COMPRIMIDOS RECUBIERTOS,https://mav.farmaciasaas.com/api/images/articulos/DISTRIBUCION/54226.jpg,https://fqeshthtycmzgyibiurq.supabase.co/storage/v1/object/public/crsnimages/catalogo/d0e2d587-d623-4bb0-bc21-801cc1c4b643.jpg,78835,40193,blanco,ok,
39516,GLAUCOTENSIL T 2 % - 0.5 % SOLUCION OFTALMICA,https://mav.farmaciasaas.com/api/images/articulos/DISTRIBUCION/2262.jpg,https://fqeshthtycmzgyibiurq.supabase.co/storage/v1/object/public/crsnimages/catalogo/7e6c831d-8932-4e5e-9ad0-192f18954e94.jpg,67180,32452,blanco,ok,
39519,GLIDEX 850 MG X 30 TABLETAS RECUBIERTAS,https://mav.farmaciasaas.com/api/images/articulos/DISTRIBUCION/52970.jpg,https://fqeshthtycmzgyibiurq.supabase.co/storage/v1/object/public/crsnimages/catalogo/7e61565f-7ad0-45ee-9068-58efa1b9e23d.jpg,569224,52500,blanco,ok,
39518,GLIDEX 500 MG X 30 TABLETAS RECUBIERTAS,https://mav.farmaciasaas.com/api/images/articulos/DISTRIBUCION/52469.jpg,https://fqeshthtycmzgyibiurq.supabase.co/storage/v1/object/public/crsnimages/catalogo/d508919e-072a-4ae0-9186-264b247ff38f.jpg,584661,53767,blanco,ok,
39525,IBUFEN 800 MG X 6 COMPRIMIDOS RECUBIERTOS,https://mav.farmaciasaas.com/api/images/articulos/DISTRIBUCION/54227.jpg,https://fqeshthtycmzgyibiurq.supabase.co/storage/v1/object/public/crsnimages/catalogo/30c8c16f-13a7-4704-9311-58ac700a094a.jpg,73192,35938,blanco,ok,
39526,IMOL 20 MG X 30 COMPRIMIDOS RECUBIERTOS,https://mav.farmaciasaas.com/api/images/articulos/DISTRIBUCION/52408.jpg,https://fqeshthtycmzgyibiurq.supabase.co/storage/v1/object/public/crsnimages/catalogo/404eb328-842e-4c75-a3d8-6d3138c3a2c6.jpg,45844,17852,blanco,ok,
39527,ITISONA 0.1 % CREMA,https://mav.farmaciasaas.com/api/images/articulos/DISTRIBUCION/9412.jpg,https://fqeshthtycmzgyibiurq.supabase.co/storage/v1/object/public/crsnimages/catalogo/1838767e-cec6-4306-b8c7-4c88f3fe5251.jpg,50204,22261,blanco,ok,
39530,KEPPRA 100 MG / ML SOLUCION ORAL,https://mav.farmaciasaas.com/api/images/articulos/DISTRIBUCION/28896.jpg,https://fqeshthtycmzgyibiurq.supabase.co/storage/v1/object/public/crsnimages/catalogo/67999a49-de3f-4c55-9bae-c9bb80d2ad76.jpg,63443,30597,blanco,ok,
39531,KETOCONAZOL 2 % CREMA,https://mav.farmaciasaas.com/api/images/articulos/DISTRIBUCION/8683.jpg,https://fqeshthtycmzgyibiurq.supabase.co/storage/v1/object/public/crsnimages/catalogo/4133b813-9c39-4cda-a264-24f01aea549c.jpg,69960,32015,blanco,ok,
39533,KETOMED 2 % CHAMPU,https://mav.farmaciasaas.com/api/images/articulos/DISTRIBUCION/30800.jpg,https://fqeshthtycmzgyibiurq.supabase.co/storage/v1/object/public/crsnimages/catalogo/04c86a59-762f-4dd6-826f-e89c5485453e.jpg,51259,23480,blanco,ok,
39534,KATIVIL 1 G / 10 ML X 60 SOLUCION ORAL,https://mav.farmaciasaas.com/api/images/articulos/DISTRIBUCION/51086.jpg,https://fqeshthtycmzgyibiurq.supabase.co/storage/v1/object/public/crsnimages/catalogo/4e1e50b6-d5c1-4fea-ae0b-674686193d2e.jpg,60253,28575,blanco,ok,
39536,LAMICTAL 50 MG X 30 TABLETAS DISPERSABLES - MASTICABLES,https://mav.farmaciasaas.com/api/images/articulos/DISTRIBUCION/11118.jpg,https://fqeshthtycmzgyibiurq.supabase.co/storage/v1/object/public/crsnimages/catalogo/86665bdb-4cfb-413f-9fdf-68ff4040c4a2.jpg,9736,9819,blanco,ok,
39539,MANTIXA 2.5 MG X 30 COMPRIMIDOS RECUBIERTOS,https://mav.farmaciasaas.com/api/images/articulos/DISTRIBUCION/27090.jpg,https://fqeshthtycmzgyibiurq.supabase.co/storage/v1/object/public/crsnimages/catalogo/b7bd10c4-4c3c-4804-a194-4c901b59c8f3.jpg,58131,27910,blanco,ok,
39537,LESTECOL 40 MG X 30 TABLETAS RECUBIERTAS,https://mav.farmaciasaas.com/api/images/articulos/DISTRIBUCION/91315.jpg,https://fqeshthtycmzgyibiurq.supabase.co/storage/v1/object/public/crsnimages/catalogo/814fba5f-bcec-477e-b5c5-2f83be23f49e.jpg,168393,29269,blanco,ok,
39542,MINOXIDIL FORTE 5 % SOLUCION TOPICA,https://mav.farmaciasaas.com/api/images/articulos/DISTRIBUCION/28505.jpg,https://fqeshthtycmzgyibiurq.supabase.co/storage/v1/object/public/crsnimages/catalogo/301ff6c0-4018-4cbc-bb9d-043aea3dd1ad.jpg,57717,27334,blanco,ok,
39544,MOMEQ 0.1 % CREMA,https://mav.farmaciasaas.com/api/images/articulos/DISTRIBUCION/21240.jpg,https://fqeshthtycmzgyibiurq.supabase.co/storage/v1/object/public/crsnimages/catalogo/5cac8ecf-aac8-4742-aba4-c3c1a22b79b4.jpg,51107,19786,blanco,ok,
39554,NIFEDIPINA 30 MG X 30 CAPSULAS DE LIBERACION PROLONGADA,https://pccentro.net.ve/img/s/8/5/3/8/3/85383-large_default.webp,https://fqeshthtycmzgyibiurq.supabase.co/storage/v1/object/public/crsnimages/catalogo/4e9f7d83-868c-487f-aed3-c70f6f15a416.jpg,38818,25334,blanco,ok,
39535,LAMICTAL 100 MG X 30 TABLETAS DISPERSABLES-MASTICABLES,https://mav.farmaciasaas.com/api/images/articulos/DISTRIBUCION/11117.jpg,https://fqeshthtycmzgyibiurq.supabase.co/storage/v1/object/public/crsnimages/catalogo/de0971d3-abca-4c46-a8a7-a80e0d1b7e0a.jpg,73373,37050,blanco,ok,
39560,OPAT 0.1 % SOLUCION OFTALMICA,https://mav.farmaciasaas.com/api/images/articulos/DISTRIBUCION/91031.jpg,https://fqeshthtycmzgyibiurq.supabase.co/storage/v1/object/public/crsnimages/catalogo/fc4b99cb-1a45-430c-a402-ec229054460c.jpg,57422,22207,blanco,ok,
39563,PEPSADEL 262 MG X 12 TABLETAS MASTICABLES,https://mav.farmaciasaas.com/api/images/articulos/DISTRIBUCION/26892.jpg,https://fqeshthtycmzgyibiurq.supabase.co/storage/v1/object/public/crsnimages/catalogo/036803d4-3f4d-4d82-9aa4-8edaa09ee1af.jpg,59072,26729,blanco,ok,
39568,PROFLOX 1 G / 5 ML SUSPENSION ORAL,https://mav.farmaciasaas.com/api/images/articulos/DISTRIBUCION/27740.jpg,https://fqeshthtycmzgyibiurq.supabase.co/storage/v1/object/public/crsnimages/catalogo/baa1ef37-1b94-4332-ad8b-abc7fbd38ef3.jpg,68391,35905,blanco,ok,
39570,RESECAL 10 MG X 10 POLVO PARA SUSPENSION ORAL,https://mav.farmaciasaas.com/api/images/articulos/DISTRIBUCION/54046.jpg,https://fqeshthtycmzgyibiurq.supabase.co/storage/v1/object/public/crsnimages/catalogo/6bc38231-d78d-4780-8372-0490f522c8a1.jpg,50022,22151,blanco,ok,
39572,RIVAREX 10 MG X 30 COMPRIMIDOS RECUBIERTOS,https://mav.farmaciasaas.com/api/images/articulos/DISTRIBUCION/52904.jpg,https://fqeshthtycmzgyibiurq.supabase.co/storage/v1/object/public/crsnimages/catalogo/b35d8efb-f28f-4ec6-90d8-323631133c21.jpg,66263,27467,blanco,ok,
39574,SACUMIC 50 MG X 30 COMPRIMIDOS RECUBIERTOS,https://mav.farmaciasaas.com/api/images/articulos/DISTRIBUCION/54298.jpg,https://fqeshthtycmzgyibiurq.supabase.co/storage/v1/object/public/crsnimages/catalogo/099fa193-22b3-4dca-aa89-c8a28484e541.jpg,23073,14405,blanco,ok,
39571,RIFAMIX 550 MG X 10 COMPRIMIDOS RECUBIERTOS,https://pccentro.net.ve/img/s/7/9/6/0/5/79605-large_default.webp,https://fqeshthtycmzgyibiurq.supabase.co/storage/v1/object/public/crsnimages/catalogo/1213471c-7d03-48ea-a3fa-23a698b7899e.jpg,43324,27299,blanco,ok,
39577,SILVEDERMA 1 % CREMA,https://mav.farmaciasaas.com/api/images/articulos/DISTRIBUCION/28865.jpg,https://fqeshthtycmzgyibiurq.supabase.co/storage/v1/object/public/crsnimages/catalogo/729e99e7-6ede-4ebf-b3ed-fd881dd2c4c0.jpg,49569,21067,blanco,ok,
39578,SIMULTAN DUO 50 MG - 850 MG X 30 COMPRIMIDOS RECUBIERTOS,https://mav.farmaciasaas.com/api/images/articulos/DISTRIBUCION/52757.jpg,https://fqeshthtycmzgyibiurq.supabase.co/storage/v1/object/public/crsnimages/catalogo/c424cc91-e69f-4de9-be63-818d54a9db67.jpg,74267,33928,blanco,ok,
39579,SINMEGAS 125 MG X 20 CAPSULAS BLANDAS,https://mav.farmaciasaas.com/api/images/articulos/DISTRIBUCION/53113.jpg,https://fqeshthtycmzgyibiurq.supabase.co/storage/v1/object/public/crsnimages/catalogo/bb3f41cd-d7ff-41fa-b8bf-2ec38c73a925.jpg,55715,21747,blanco,ok,
39580,SINMEGAS 125 MG X 30 CAPSULAS BLANDAS,https://mav.farmaciasaas.com/api/images/articulos/DISTRIBUCION/53114.jpg,https://fqeshthtycmzgyibiurq.supabase.co/storage/v1/object/public/crsnimages/catalogo/51745a30-0792-4829-a56e-48f430e9ece9.jpg,39511,15014,blanco,ok,
39587,TALERC 10 MG / ML SOLUCION ORAL,https://mav.farmaciasaas.com/api/images/articulos/DISTRIBUCION/8537.jpg,https://fqeshthtycmzgyibiurq.supabase.co/storage/v1/object/public/crsnimages/catalogo/dad19333-9740-4d09-a718-75f0a60321f5.jpg,70169,33067,blanco,ok,
39585,SYNARTROS 60 MG X 10 TABLETAS RECUBIERTAS,https://pccentro.net.ve/img/s/2/5/9/5/4/25954-large_default.webp,https://fqeshthtycmzgyibiurq.supabase.co/storage/v1/object/public/crsnimages/catalogo/aa041242-7d41-412e-9a05-fcf4f79624f1.jpg,13508,19375,blanco,ok,
39588,TALFIDEX 20 MG X 2 TABLETAS RECUBIERTAS,https://mav.farmaciasaas.com/api/images/articulos/DISTRIBUCION/53285.jpg,https://fqeshthtycmzgyibiurq.supabase.co/storage/v1/object/public/crsnimages/catalogo/9e1bb96e-1a31-4e0d-8577-e0185914a65a.jpg,536629,49738,blanco,ok,
39589,TALYSTOR 20 MG X 1 TABLETA MASTICABLE,https://mav.farmaciasaas.com/api/images/articulos/DISTRIBUCION/50928.jpg,https://fqeshthtycmzgyibiurq.supabase.co/storage/v1/object/public/crsnimages/catalogo/e539761f-8a01-4b57-a3b2-1383ec58d8e5.jpg,47833,22221,blanco,ok,
39590,BUCOXOLGAR 0.15 % - 0.25 % SOLUCION TOPICA BUCAL ATOMIZADORA SABOR A MENTA FRESCA,https://mav.farmaciasaas.com/api/images/articulos/DISTRIBUCION/19885.jpg,https://fqeshthtycmzgyibiurq.supabase.co/storage/v1/object/public/crsnimages/catalogo/2e57b7f0-d852-47cc-93ae-c08933180a60.jpg,169950,26849,blanco,ok,
39591,TAXUS 20 MG X 30 COMPRIMIDOS,https://mav.farmaciasaas.com/api/images/articulos/DISTRIBUCION/28335.jpg,https://fqeshthtycmzgyibiurq.supabase.co/storage/v1/object/public/crsnimages/catalogo/1753970f-d4ee-4244-b9a7-f757358c9b4a.jpg,156006,48008,blanco,ok,
39592,TERBICRYM 1 % CREMA,https://mav.farmaciasaas.com/api/images/articulos/DISTRIBUCION/21458.jpg,https://fqeshthtycmzgyibiurq.supabase.co/storage/v1/object/public/crsnimages/catalogo/be0624c2-30c1-42a7-a6a3-4ddf4cee1c63.jpg,47751,19760,blanco,ok,
39594,TOMYCIN 0.3 % SOLUCION OFTALMICA,https://mav.farmaciasaas.com/api/images/articulos/DISTRIBUCION/23365.jpg,https://fqeshthtycmzgyibiurq.supabase.co/storage/v1/object/public/crsnimages/catalogo/f998064c-1a51-46d4-b26c-4e6b57abb504.jpg,61320,29126,blanco,ok,
39595,TOPISEPT 2 % CREMA TOPICA,https://mav.farmaciasaas.com/api/images/articulos/DISTRIBUCION/26900.jpg,https://fqeshthtycmzgyibiurq.supabase.co/storage/v1/object/public/crsnimages/catalogo/777c158c-1b43-4035-a012-baab7d828c30.jpg,40891,15284,blanco,ok,
39596,TRUSOMIDA 2 % SOLUCION OFTALMICA,https://mav.farmaciasaas.com/api/images/articulos/DISTRIBUCION/52801.jpg,https://fqeshthtycmzgyibiurq.supabase.co/storage/v1/object/public/crsnimages/catalogo/27c9987e-4c45-4941-9a47-44085cac23fe.jpg,69776,32882,blanco,ok,
39597,UDOX 75 MG X 10 CAPSULAS,https://mav.farmaciasaas.com/api/images/articulos/DISTRIBUCION/97141.jpg,https://fqeshthtycmzgyibiurq.supabase.co/storage/v1/object/public/crsnimages/catalogo/1b2a9037-3bf6-4d3e-940d-4af924129cd7.jpg,48961,20699,blanco,ok,
39599,VAXIDUO 100 MG - 400 MG X 7 OVULOS VAGINALES,https://mav.farmaciasaas.com/api/images/articulos/DISTRIBUCION/25190.jpg,https://fqeshthtycmzgyibiurq.supabase.co/storage/v1/object/public/crsnimages/catalogo/bf79ae14-584b-4d35-9124-c3350d4e350e.jpg,53087,23603,blanco,ok,
39601,VIZERUL 300 MG X 10 COMPRIMIDOS,https://mav.farmaciasaas.com/api/images/articulos/DISTRIBUCION/8428.jpg,https://fqeshthtycmzgyibiurq.supabase.co/storage/v1/object/public/crsnimages/catalogo/ecab7845-f173-4cd5-93c3-8e515d7749ea.jpg,48710,20701,blanco,ok,
39604,ZOCLONAX 7.5 MG X 10 TABLETAS RECUBIERTAS,https://mav.farmaciasaas.com/api/images/articulos/DISTRIBUCION/28792.jpg,https://fqeshthtycmzgyibiurq.supabase.co/storage/v1/object/public/crsnimages/catalogo/be291b02-c34a-4122-bb71-64ced016fa2c.jpg,42182,16832,blanco,ok,
39618,ACIDO IBANDRONICO 150 MG X 1 TABLETA RECUBIERTA,https://mav.farmaciasaas.com/api/images/articulos/DISTRIBUCION/52763.jpg,https://fqeshthtycmzgyibiurq.supabase.co/storage/v1/object/public/crsnimages/catalogo/6e213349-b870-45ec-ad66-06450a065b0b.jpg,80084,31528,blanco,ok,
39603,REHIDROSOL ZINC 60 MEQ / L SOLUCION ELECTROLITICA USO ORAL SABOR A MANZANA X 30 SOLUCION ORAL,https://pccentro.net.ve/img/s/7/4/1/8/9/74189-large_default.webp,https://fqeshthtycmzgyibiurq.supabase.co/storage/v1/object/public/crsnimages/catalogo/f6754304-c394-4f6b-ab8d-51dd239ff373.jpg,9378,21475,blanco,ok,
39619,ACIDO TRANEXAMICO 500 MG X 10 TABLETAS RECUBIERTAS,https://mav.farmaciasaas.com/api/images/articulos/DISTRIBUCION/53498.jpg,https://fqeshthtycmzgyibiurq.supabase.co/storage/v1/object/public/crsnimages/catalogo/280fe266-286d-4a54-8ba6-873c2b0d9482.jpg,81422,31846,blanco,ok,
39620,ACECLOFENACO 100 MG X 10 TABLETAS RECUBIERTAS,https://mav.farmaciasaas.com/api/images/articulos/DISTRIBUCION/53399.jpg,https://fqeshthtycmzgyibiurq.supabase.co/storage/v1/object/public/crsnimages/catalogo/30d3c7db-2f04-4bf1-8c34-3ca1e4e82ac3.jpg,48078,20781,blanco,ok,
39621,ACETAMINOFEN 650 MG X 30 TABLETAS,https://mav.farmaciasaas.com/api/images/articulos/DISTRIBUCION/15591.jpg,https://fqeshthtycmzgyibiurq.supabase.co/storage/v1/object/public/crsnimages/catalogo/8136e862-eaca-4abe-8ca8-cba887b3b0bc.jpg,64814,33535,blanco,ok,
39623,ACETAMINOFEN 120 MG / 5 ML SOLUCION ORAL,https://mav.farmaciasaas.com/api/images/articulos/DISTRIBUCION/53087.jpg,https://fqeshthtycmzgyibiurq.supabase.co/storage/v1/object/public/crsnimages/catalogo/2de02858-f0cf-4cd8-9ae1-4066b5588cac.jpg,57077,24820,blanco,ok,
39624,ACETAMINOFEN 500 MG X 12 TABLETAS,https://mav.farmaciasaas.com/api/images/articulos/DISTRIBUCION/22400.jpg,https://fqeshthtycmzgyibiurq.supabase.co/storage/v1/object/public/crsnimages/catalogo/98c2ab97-540c-4582-b472-e5ad721ec47a.jpg,68321,31156,blanco,ok,
39622,ACETAMINOFEN 150 MG / 5 ML JARABE,https://pccentro.net.ve/img/s/1/8/1/9/5/18195-large_default.webp,https://fqeshthtycmzgyibiurq.supabase.co/storage/v1/object/public/crsnimages/catalogo/09d6e3f6-cd2f-48d4-8398-967c27668a91.jpg,42130,58378,blanco,ok,
39625,ACETAMINOFEN 500 MG X 24 TABLETAS,https://mav.farmaciasaas.com/api/images/articulos/DISTRIBUCION/22401.jpg,https://fqeshthtycmzgyibiurq.supabase.co/storage/v1/object/public/crsnimages/catalogo/afebc7ea-60ea-48da-b543-e9e28d2b964f.jpg,62986,29213,blanco,ok,
39626,ACETAZOLAMIDA 250 MG X 20 TABLETAS,https://mav.farmaciasaas.com/api/images/articulos/DISTRIBUCION/53492.jpg,https://fqeshthtycmzgyibiurq.supabase.co/storage/v1/object/public/crsnimages/catalogo/14f5bd49-389b-4dc8-abab-b12688c0dabb.jpg,48249,19217,blanco,ok,
39627,ACETAZOLAMIDA 250 MG X 10 TABLETAS,https://mav.farmaciasaas.com/api/images/articulos/DISTRIBUCION/53177.jpg,https://fqeshthtycmzgyibiurq.supabase.co/storage/v1/object/public/crsnimages/catalogo/1ec53012-1f97-4aaa-9faf-e8388adf4ca7.jpg,45349,18096,blanco,ok,
39628,ACICLOVIR 250 MG POLVO LIOFILIZADO PARA SOLUCION INYECTABLE PARA INFUSION INTRAVENOSA,https://mav.farmaciasaas.com/api/images/articulos/DISTRIBUCION/51935.jpg,https://fqeshthtycmzgyibiurq.supabase.co/storage/v1/object/public/crsnimages/catalogo/433d6579-883f-4971-8f92-f741dcfece10.jpg,72599,32835,blanco,ok,
39629,ACICLOVIR 200 MG X 20 TABLETAS,https://mav.farmaciasaas.com/api/images/articulos/DISTRIBUCION/29551.jpg,https://fqeshthtycmzgyibiurq.supabase.co/storage/v1/object/public/crsnimages/catalogo/6a5933f1-e97d-427c-8db5-c4d459040a44.jpg,57315,26345,blanco,ok,
39630,ACICLOVIR 200 MG X 24 TABLETAS,https://mav.farmaciasaas.com/api/images/articulos/DISTRIBUCION/7859.jpg,https://fqeshthtycmzgyibiurq.supabase.co/storage/v1/object/public/crsnimages/catalogo/aa5775e5-f9aa-4305-877e-9b2d86f7949c.jpg,52664,23431,blanco,ok,
39631,ACIDO ASCORBICO 500 MG / 5 ML SOLUCION INYECTABLE,https://mav.farmaciasaas.com/api/images/articulos/DISTRIBUCION/23088.jpg,https://fqeshthtycmzgyibiurq.supabase.co/storage/v1/object/public/crsnimages/catalogo/f43f3018-104e-4c78-9ace-657578c400b7.jpg,17468,8177,blanco,ok,
39632,ACIDO FOLICO 10 MG / 2 ML X 10 INYECTABLE,https://mav.farmaciasaas.com/api/images/articulos/DISTRIBUCION/22846.jpg,https://fqeshthtycmzgyibiurq.supabase.co/storage/v1/object/public/crsnimages/catalogo/5e4ca1b2-4828-463c-88fb-3bc35f5cced9.jpg,17026,9852,blanco,ok,
39633,ADAPALENO - CLINDAMICINA 0.1 % - 1 % GEL,https://mav.farmaciasaas.com/api/images/articulos/DISTRIBUCION/52420.jpg,https://fqeshthtycmzgyibiurq.supabase.co/storage/v1/object/public/crsnimages/catalogo/4c9e1c7a-feca-43d6-a1d7-b5ccc79abd09.jpg,61154,27259,blanco,ok,
39634,ADRENALINA 1 MG / ML X 5 AMPOLLAS,https://mav.farmaciasaas.com/api/images/articulos/DISTRIBUCION/52500.jpg,https://fqeshthtycmzgyibiurq.supabase.co/storage/v1/object/public/crsnimages/catalogo/acfdda7f-7d63-472c-ba5a-f0d9048880a7.jpg,16060,8798,blanco,ok,
39635,AGUA OXIG ALVA INYECTABLE,https://mav.farmaciasaas.com/api/images/articulos/DISTRIBUCION/28584.jpg,https://fqeshthtycmzgyibiurq.supabase.co/storage/v1/object/public/crsnimages/catalogo/21e67f60-fc5c-48ac-8ff2-194dea0f3037.jpg,106976,30615,blanco,ok,
39636,ALBENDAZOL 400 MG X 10 TABLETAS MASTICABLES,https://mav.farmaciasaas.com/api/images/articulos/DISTRIBUCION/52550.jpg,https://fqeshthtycmzgyibiurq.supabase.co/storage/v1/object/public/crsnimages/catalogo/7e314039-ef4a-41f0-a1a7-f26eb2120424.jpg,75880,31435,blanco,ok,
39637,ALBENDAZOL 200 MG X 6 COMPRIMIDOS,https://mav.farmaciasaas.com/api/images/articulos/DISTRIBUCION/1526.jpg,https://fqeshthtycmzgyibiurq.supabase.co/storage/v1/object/public/crsnimages/catalogo/52dfb7c7-e8f4-459a-aab5-692e78ebf726.jpg,46450,18744,blanco,ok,
39638,ALENDRONATO SODICO 70 MG X 4 COMPRIMIDOS,https://mav.farmaciasaas.com/api/images/articulos/DISTRIBUCION/50383.jpg,https://fqeshthtycmzgyibiurq.supabase.co/storage/v1/object/public/crsnimages/catalogo/958ad078-0110-4749-8a74-ffa947f71d8d.jpg,55150,23091,blanco,ok,
39639,AMIKACINA 500 MG / 2 ML X 1 AMPOLLA,https://mav.farmaciasaas.com/api/images/articulos/DISTRIBUCION/27450.jpg,https://fqeshthtycmzgyibiurq.supabase.co/storage/v1/object/public/crsnimages/catalogo/eb59d84a-c5c4-48e2-bd38-6b884fe1319a.jpg,43780,17466,blanco,ok,
39640,AMIKACINA 100 MG / 2 ML X 10 AMPOLLAS,https://mav.farmaciasaas.com/api/images/articulos/DISTRIBUCION/53493.jpg,https://fqeshthtycmzgyibiurq.supabase.co/storage/v1/object/public/crsnimages/catalogo/fc25c158-9773-44a0-b303-996ada83e732.jpg,42977,15815,blanco,ok,
39641,AMLODIPINA 10 MG X 60 COMPRIMIDOS,https://mav.farmaciasaas.com/api/images/articulos/DISTRIBUCION/20112.jpg,https://fqeshthtycmzgyibiurq.supabase.co/storage/v1/object/public/crsnimages/catalogo/a49fc777-1599-46a3-afc5-7fbb38777b97.jpg,70480,34361,blanco,ok,
39642,AMLODIPINA 10 MG X 10 COMPRIMIDOS,https://mav.farmaciasaas.com/api/images/articulos/DISTRIBUCION/2419.jpg,https://fqeshthtycmzgyibiurq.supabase.co/storage/v1/object/public/crsnimages/catalogo/3ff024d2-7bc5-4576-b6f5-70e66d483f38.jpg,49227,20382,blanco,ok,
39643,AMLODIPINA 5 MG X 30 TABLETAS,https://mav.farmaciasaas.com/api/images/articulos/DISTRIBUCION/99081.jpg,https://fqeshthtycmzgyibiurq.supabase.co/storage/v1/object/public/crsnimages/catalogo/6e3b6d60-9cdb-4bfb-8c19-f4f3938762c7.jpg,53938,23958,blanco,ok,
39644,AMOXICILINA 500 MG X 10 CAPSULAS,https://mav.farmaciasaas.com/api/images/articulos/DISTRIBUCION/30058.jpg,https://fqeshthtycmzgyibiurq.supabase.co/storage/v1/object/public/crsnimages/catalogo/e14db3a3-ff91-4d05-bc2e-bf136f7ec355.jpg,65780,33541,blanco,ok,
39646,AMOXICILINA 125 MG / 5 ML SUSPENSION,https://mav.farmaciasaas.com/api/images/articulos/DISTRIBUCION/26127.jpg,https://fqeshthtycmzgyibiurq.supabase.co/storage/v1/object/public/crsnimages/catalogo/25b99fac-76d7-46fe-99f7-15893c43a555.jpg,54994,25295,blanco,ok,
39647,ANASTROZOL 1 MG X 30 TABLETAS RECUBIERTAS,https://mav.farmaciasaas.com/api/images/articulos/DISTRIBUCION/26476.jpg,https://fqeshthtycmzgyibiurq.supabase.co/storage/v1/object/public/crsnimages/catalogo/01bece75-b00c-4177-8690-c4efb94a2578.jpg,43932,19761,blanco,ok,
39648,APIXABAN 2.5 MG X 30 COMPRIMIDOS,https://mav.farmaciasaas.com/api/images/articulos/DISTRIBUCION/30329.jpg,https://fqeshthtycmzgyibiurq.supabase.co/storage/v1/object/public/crsnimages/catalogo/c38ff388-99bd-4c63-944a-0d3c0da8016c.jpg,48072,19976,blanco,ok,
39649,ATAPEC 100 MG X 30 TABLETAS RECUBIERTAS,https://mav.farmaciasaas.com/api/images/articulos/DISTRIBUCION/25050.jpg,https://fqeshthtycmzgyibiurq.supabase.co/storage/v1/object/public/crsnimages/catalogo/9755c488-002f-47f8-a6a2-b5edd24f219f.jpg,35896,12683,blanco,ok,
39645,AMOXICILINA 500 MG X 6 CAPSULAS,https://mav.farmaciasaas.com/api/images/articulos/DISTRIBUCION/5265.jpg,https://fqeshthtycmzgyibiurq.supabase.co/storage/v1/object/public/crsnimages/catalogo/20f97ab9-1115-457f-98ee-42ba63f7c59f.jpg,43845,17808,blanco,ok,
39650,ATENOLOL 100 MG X 30 TABLETAS,https://mav.farmaciasaas.com/api/images/articulos/DISTRIBUCION/7789.jpg,https://fqeshthtycmzgyibiurq.supabase.co/storage/v1/object/public/crsnimages/catalogo/ef827c20-6d66-4301-8897-77dca9421213.jpg,51249,22237,blanco,ok,
39651,ATENOLOL 50 MG X 30 TABLETAS,https://mav.farmaciasaas.com/api/images/articulos/DISTRIBUCION/23700.jpg,https://fqeshthtycmzgyibiurq.supabase.co/storage/v1/object/public/crsnimages/catalogo/0e870a45-e2d5-42ef-b8e8-274d72be769a.jpg,51378,21155,blanco,ok,
39652,ATENOLOL 50 MG X 30 COMPRIMIDOS,https://mav.farmaciasaas.com/api/images/articulos/DISTRIBUCION/23700.jpg,https://fqeshthtycmzgyibiurq.supabase.co/storage/v1/object/public/crsnimages/catalogo/5390c3f5-cfa0-4d99-a63a-2f05fb8fb55a.jpg,51378,21155,blanco,ok,
39653,ATORVASTATINA 20 MG X 14 COMPRIMIDOS RECUBIERTOS,https://mav.farmaciasaas.com/api/images/articulos/DISTRIBUCION/11565.jpg,https://fqeshthtycmzgyibiurq.supabase.co/storage/v1/object/public/crsnimages/catalogo/c05cc0d9-4301-4ea2-88a4-a676a4395614.jpg,48914,20196,blanco,ok,
39654,ATORVASTATINA 40 MG X 14 TABLETAS RECUBIERTAS,https://mav.farmaciasaas.com/api/images/articulos/DISTRIBUCION/91726.jpg,https://fqeshthtycmzgyibiurq.supabase.co/storage/v1/object/public/crsnimages/catalogo/6ed5bfc7-e2f6-4db9-9571-f6a4cf9f5e4d.jpg,48435,19743,blanco,ok,
39655,AUGMENTIN BID 875 MG - 125 MG TABLETAS RECUBIERTAS,https://mav.farmaciasaas.com/api/images/articulos/DISTRIBUCION/92934.jpg,https://fqeshthtycmzgyibiurq.supabase.co/storage/v1/object/public/crsnimages/catalogo/7ef62173-46c8-483e-bbd5-1019c3a44d14.jpg,54002,23945,blanco,ok,
39656,AZITROMICINA 500 MG X 3 COMPRIMIDOS RECUBIERTOS,https://mav.farmaciasaas.com/api/images/articulos/DISTRIBUCION/11009.jpg,https://fqeshthtycmzgyibiurq.supabase.co/storage/v1/object/public/crsnimages/catalogo/19812ceb-5735-46f5-8227-408c884c14f6.jpg,26240,17251,blanco,ok,
39657,AZITROMICINA 200 MG / 5 ML SUSPENSION ORAL,https://mav.farmaciasaas.com/api/images/articulos/DISTRIBUCION/21793.jpg,https://fqeshthtycmzgyibiurq.supabase.co/storage/v1/object/public/crsnimages/catalogo/7505c4ae-5cb7-4ce1-afdf-3cab9c33b52c.jpg,55144,25071,blanco,ok,
39658,BACITRACINA 500 UI / 20 G UNGUENTO,https://mav.farmaciasaas.com/api/images/articulos/DISTRIBUCION/29019.jpg,https://fqeshthtycmzgyibiurq.supabase.co/storage/v1/object/public/crsnimages/catalogo/a366fbba-1f95-4d29-a0b1-70e3fecf2e0d.jpg,52595,22738,blanco,ok,
39660,BISOPROLOL FUMARATO 10 MG X 30 COMPRIMIDOS RECUBIERTOS,https://mav.farmaciasaas.com/api/images/articulos/DISTRIBUCION/21371.jpg,https://fqeshthtycmzgyibiurq.supabase.co/storage/v1/object/public/crsnimages/catalogo/b686525e-8592-4edf-9d2f-2168299f74c0.jpg,60446,27697,blanco,ok,
39661,BISOPROLOL FUMARATO 5 MG X 30 TABLETAS RECUBIERTAS,https://mav.farmaciasaas.com/api/images/articulos/DISTRIBUCION/98668.jpg,https://fqeshthtycmzgyibiurq.supabase.co/storage/v1/object/public/crsnimages/catalogo/e469d239-9102-44a8-88db-ded53605dafb.jpg,67018,34096,blanco,ok,
39662,VALSARTAN 160 MG X 30 TABLETAS,https://mav.farmaciasaas.com/api/images/articulos/DISTRIBUCION/52911.jpg,https://fqeshthtycmzgyibiurq.supabase.co/storage/v1/object/public/crsnimages/catalogo/76f7cc7d-661f-4078-ad95-220854b7da43.jpg,20404,13405,blanco,ok,
39659,BISACODILO 5 MG X 10 TABLETAS GASTRORRESISTENTES,https://mav.farmaciasaas.com/api/images/articulos/DISTRIBUCION/28708.jpg,https://fqeshthtycmzgyibiurq.supabase.co/storage/v1/object/public/crsnimages/catalogo/7b9b3715-8302-4b6d-8c1e-d21624e7c169.jpg,70472,32405,blanco,ok,
39664,BROMEXINA CLORHIDRATO 4 MG / 5 ML JARABE,https://mav.farmaciasaas.com/api/images/articulos/DISTRIBUCION/14190.jpg,https://fqeshthtycmzgyibiurq.supabase.co/storage/v1/object/public/crsnimages/catalogo/b1b7319a-8bd0-48f0-a9d5-653c2cd2fbf7.jpg,58533,28317,blanco,ok,
39663,CLORHIDRATO DE BROMEXINA 8 MG / 5 ML JARABE.,https://mav.farmaciasaas.com/api/images/articulos/DISTRIBUCION/27452.jpg,https://fqeshthtycmzgyibiurq.supabase.co/storage/v1/object/public/crsnimages/catalogo/cc4e2b63-0b11-4f68-94d4-d9cdb20ad836.jpg,45328,19026,blanco,ok,
39665,BROMHEXINA PED4MG 5 ML / 120 ML JARABE,https://mav.farmaciasaas.com/api/images/articulos/DISTRIBUCION/11549.jpg,https://fqeshthtycmzgyibiurq.supabase.co/storage/v1/object/public/crsnimages/catalogo/e326ea83-6042-4275-87e2-5c7dc72c1e7f.jpg,56166,24764,blanco,ok,
39666,CARBAMAZEPINA 200 MG X 10 COMPRIMIDOS,https://mav.farmaciasaas.com/api/images/articulos/DISTRIBUCION/52560.jpg,https://fqeshthtycmzgyibiurq.supabase.co/storage/v1/object/public/crsnimages/catalogo/7bdca4d7-f323-46bf-bb3e-51cd24d70b21.jpg,70420,28965,blanco,ok,
39667,CARBAMAZEPINA 200 MG X 20 COMPRIMIDOS,https://mav.farmaciasaas.com/api/images/articulos/DISTRIBUCION/20947.jpg,https://fqeshthtycmzgyibiurq.supabase.co/storage/v1/object/public/crsnimages/catalogo/14bcf2ee-2d37-4be2-ace3-84eb4fd873ff.jpg,50174,21787,blanco,ok,
39668,CARBAMAZEPINA 200 MG X 30 TABLETAS,https://mav.farmaciasaas.com/api/images/articulos/DISTRIBUCION/23677.jpg,https://fqeshthtycmzgyibiurq.supabase.co/storage/v1/object/public/crsnimages/catalogo/e6eb6ed9-4d9b-46b7-ab08-55304deba68f.jpg,53720,23747,blanco,ok,
39669,CARBAMAZEPINA 400 MG X 30 TABLETAS,https://mav.farmaciasaas.com/api/images/articulos/DISTRIBUCION/28515.jpg,https://fqeshthtycmzgyibiurq.supabase.co/storage/v1/object/public/crsnimages/catalogo/3e43d0b4-b5fe-48b0-be57-f6fbae2b8f53.jpg,44616,18700,blanco,ok,
39670,CEFAZOLINA SODICO 1 G X 10 INYECTABLE,https://mav.farmaciasaas.com/api/images/articulos/DISTRIBUCION/51988.jpg,https://fqeshthtycmzgyibiurq.supabase.co/storage/v1/object/public/crsnimages/catalogo/8813f9b6-4aab-4a5e-988c-9db3528c6db2.jpg,117872,34376,blanco,ok,
39671,CEFTRIAXONA 1 G X 1 AMPOLLA,https://mav.farmaciasaas.com/api/images/articulos/DISTRIBUCION/51473.jpg,https://fqeshthtycmzgyibiurq.supabase.co/storage/v1/object/public/crsnimages/catalogo/f7656bc9-cbb6-47d8-add9-fa76f4ab669a.jpg,49282,20453,blanco,ok,
39672,CEFTRIAXONA 1 G POLVO PARA SOLUCION INYECTABLE,https://mav.farmaciasaas.com/api/images/articulos/DISTRIBUCION/51473.jpg,https://fqeshthtycmzgyibiurq.supabase.co/storage/v1/object/public/crsnimages/catalogo/f5f9db12-d6fe-4ae6-95bd-844e053b5916.jpg,49282,20453,blanco,ok,
39673,CELECOXIB 200 MG X 10 CAPSULAS,https://mav.farmaciasaas.com/api/images/articulos/DISTRIBUCION/26739.jpg,https://fqeshthtycmzgyibiurq.supabase.co/storage/v1/object/public/crsnimages/catalogo/15aa946c-3ecd-4929-b846-7891c3753664.jpg,47115,19182,blanco,ok,
39674,CETIRIZINA 5 MG / 5 ML SOLUCION ORAL,https://mav.farmaciasaas.com/api/images/articulos/DISTRIBUCION/2328.jpg,https://fqeshthtycmzgyibiurq.supabase.co/storage/v1/object/public/crsnimages/catalogo/f3e17d6f-2525-442d-913a-2ad2a79496f9.jpg,56861,25672,blanco,ok,
39675,CILOSTAZOL 50 MG X 30 TABLETAS RECUBIERTAS,https://mav.farmaciasaas.com/api/images/articulos/DISTRIBUCION/25678.jpg,https://fqeshthtycmzgyibiurq.supabase.co/storage/v1/object/public/crsnimages/catalogo/3e2be4b6-81d7-490e-952e-0060ce871ce7.jpg,48364,20809,blanco,ok,
39676,CILOSTAZOL 100 MG X 30 TABLETAS,https://mav.farmaciasaas.com/api/images/articulos/DISTRIBUCION/52907.jpg,https://fqeshthtycmzgyibiurq.supabase.co/storage/v1/object/public/crsnimages/catalogo/2459a37d-0ef6-4343-b0df-7d5248d055f2.jpg,62352,29306,blanco,ok,
39677,CIPROFLOXACINA 500 MG X 6 TABLETAS RECUBIERTAS,https://mav.farmaciasaas.com/api/images/articulos/DISTRIBUCION/20511.jpg,https://fqeshthtycmzgyibiurq.supabase.co/storage/v1/object/public/crsnimages/catalogo/df679b48-e628-4a32-b286-f707744e24e4.jpg,255057,76797,blanco,ok,
39678,CIPROFLOXACINA INF INY200MG CRDIST 100 ML INYECTABLE,https://mav.farmaciasaas.com/api/images/articulos/DISTRIBUCION/21337.jpg,https://fqeshthtycmzgyibiurq.supabase.co/storage/v1/object/public/crsnimages/catalogo/848379a2-e92c-4c96-8e17-c56758c7dc48.jpg,58546,26503,blanco,ok,
39679,CIPROFLOXACINA 500 MG X 10 TABLETAS RECUBIERTAS,https://mav.farmaciasaas.com/api/images/articulos/DISTRIBUCION/20945.jpg,https://fqeshthtycmzgyibiurq.supabase.co/storage/v1/object/public/crsnimages/catalogo/0570af01-a725-49ee-9d56-2487ac7ae784.jpg,67880,31319,blanco,ok,
39680,CIPROFLOXACINA 500 MG X 10 COMPRIMIDOS RECUBIERTOS,https://mav.farmaciasaas.com/api/images/articulos/DISTRIBUCION/20945.jpg,https://fqeshthtycmzgyibiurq.supabase.co/storage/v1/object/public/crsnimages/catalogo/0f5a8bb5-c68f-4b4f-b890-5be086eb6471.jpg,67880,31319,blanco,ok,
39681,CIPROFLOXACINA 500 MG X 6 COMPRIMIDOS RECUBIERTOS,https://mav.farmaciasaas.com/api/images/articulos/DISTRIBUCION/20511.jpg,https://fqeshthtycmzgyibiurq.supabase.co/storage/v1/object/public/crsnimages/catalogo/c2e2ac5c-b2f7-4d74-b768-ac1757593783.jpg,255057,76797,blanco,ok,
39682,CIPROFLOXACINO 500 MG X 10 TABLETAS RECUBIERTAS,https://mav.farmaciasaas.com/api/images/articulos/DISTRIBUCION/50785.jpg,https://fqeshthtycmzgyibiurq.supabase.co/storage/v1/object/public/crsnimages/catalogo/9b89ab99-c1fd-42a2-a804-985c4ff19464.jpg,110907,49588,blanco,ok,
39683,CITALOPRAM 40 MG X 10 TABLETAS RECUBIERTAS,https://mav.farmaciasaas.com/api/images/articulos/DISTRIBUCION/53032.jpg,https://fqeshthtycmzgyibiurq.supabase.co/storage/v1/object/public/crsnimages/catalogo/2b0b6d40-2e34-4555-84e7-959ba5cd5320.jpg,40133,15113,blanco,ok,
39685,CLOMIFENO CITRATO 50 MG X 30 TABLETAS,https://mav.farmaciasaas.com/api/images/articulos/DISTRIBUCION/28709.jpg,https://fqeshthtycmzgyibiurq.supabase.co/storage/v1/object/public/crsnimages/catalogo/de7a1eca-623d-4d4a-8549-adced255c4ea.jpg,60077,26625,blanco,ok,
39684,CITRATO CA VIT D3 TABLETAS,https://mav.farmaciasaas.com/api/images/articulos/DISTRIBUCION/23439.jpg,https://fqeshthtycmzgyibiurq.supabase.co/storage/v1/object/public/crsnimages/catalogo/f3e5ed3d-228e-4141-a371-c1d69450af1e.jpg,65854,31321,blanco,ok,
39686,CLOPIDOGREL 75 MG X 20 COMPRIMIDOS RECUBIERTOS,https://mav.farmaciasaas.com/api/images/articulos/DISTRIBUCION/51767.jpg,https://fqeshthtycmzgyibiurq.supabase.co/storage/v1/object/public/crsnimages/catalogo/56a7e6b3-8b5d-47bf-9492-bb0a4e8014e7.jpg,61565,27186,blanco,ok,
39687,CLOPIDOGREL 75 MG X 30 COMPRIMIDOS RECUBIERTOS,https://mav.farmaciasaas.com/api/images/articulos/DISTRIBUCION/22848.jpg,https://fqeshthtycmzgyibiurq.supabase.co/storage/v1/object/public/crsnimages/catalogo/23a6d8af-6a96-4797-af54-bc90225c4b66.jpg,111524,35482,blanco,ok,
39688,CLOPIDOGREL 75 MG X 30 TABLETAS RECUBIERTAS,https://mav.farmaciasaas.com/api/images/articulos/DISTRIBUCION/22848.jpg,https://fqeshthtycmzgyibiurq.supabase.co/storage/v1/object/public/crsnimages/catalogo/8c559c8c-7ef5-497a-a1cb-2b24d8fb792e.jpg,111524,35482,blanco,ok,
39689,CLORHID MEBEVERINA 200 MG X 30 CAPSULAS,https://mav.farmaciasaas.com/api/images/articulos/DISTRIBUCION/54229.jpg,https://fqeshthtycmzgyibiurq.supabase.co/storage/v1/object/public/crsnimages/catalogo/7d4f0639-d34d-4c84-ac23-d71f5517f0ba.jpg,52917,23101,blanco,ok,
39690,CLORURO SODICO 0.9 % INYECTABLE,https://mav.farmaciasaas.com/api/images/articulos/DISTRIBUCION/21357.jpg,https://fqeshthtycmzgyibiurq.supabase.co/storage/v1/object/public/crsnimages/catalogo/481e2bcf-38f8-4758-be5f-cef35d4d7ff9.jpg,34886,14965,blanco,ok,
39691,CLORURO MAGNES 25 G LOCION,https://mav.farmaciasaas.com/api/images/articulos/DISTRIBUCION/17780.jpg,https://fqeshthtycmzgyibiurq.supabase.co/storage/v1/object/public/crsnimages/catalogo/54380c05-147a-4a11-b7f2-ab1dd85c4c5a.jpg,62472,27899,blanco,ok,
39693,CLOTRIMAZOL 500 MG X 1 OVULO VAGINAL,https://mav.farmaciasaas.com/api/images/articulos/DISTRIBUCION/26410.jpg,https://fqeshthtycmzgyibiurq.supabase.co/storage/v1/object/public/crsnimages/catalogo/f6a867ee-39ea-4d40-b85d-21392690bd3a.jpg,46838,19879,blanco,ok,
39692,CLOTRIMAZOL 100 MG X 6 OVULOS VAGINALES,https://mav.farmaciasaas.com/api/images/articulos/DISTRIBUCION/26419.jpg,https://fqeshthtycmzgyibiurq.supabase.co/storage/v1/object/public/crsnimages/catalogo/e016718b-22c9-48f0-8752-386cffc74e60.jpg,44651,18389,blanco,ok,
39695,DILTIAZEM 60 MG X 30 COMPRIMIDOS,https://mav.farmaciasaas.com/api/images/articulos/DISTRIBUCION/28519.jpg,https://fqeshthtycmzgyibiurq.supabase.co/storage/v1/object/public/crsnimages/catalogo/277a9142-c9c9-47a1-a40d-8ef2458ea2ce.jpg,45128,18456,blanco,ok,
39696,6 MG X 30 COMPRIMIDOS,https://mav.farmaciasaas.com/api/images/articulos/DISTRIBUCION/52860.jpg,https://fqeshthtycmzgyibiurq.supabase.co/storage/v1/object/public/crsnimages/catalogo/63db889d-3b21-4d91-862b-c0528ff3a236.jpg,43854,16730,blanco,ok,
39697,PORTU 4 MG X 100 COMPRIMIDOS,https://mav.farmaciasaas.com/api/images/articulos/DISTRIBUCION/25079.jpg,https://fqeshthtycmzgyibiurq.supabase.co/storage/v1/object/public/crsnimages/catalogo/88262bad-a16e-4da7-a3a3-e04f752f8778.jpg,46177,16744,blanco,ok,
39698,SODICO 4 MG / 1 ML X 10 INYECTABLE,https://mav.farmaciasaas.com/api/images/articulos/DISTRIBUCION/23086.jpg,https://fqeshthtycmzgyibiurq.supabase.co/storage/v1/object/public/crsnimages/catalogo/43dea096-dc12-4a85-8588-56f25c269652.jpg,56788,25534,blanco,ok,
39699,DEXAMETASONA FOSFATO SODICO 8 MG / 2 ML SOLUCION INYECTABLE,https://mav.farmaciasaas.com/api/images/articulos/DISTRIBUCION/23087.jpg,https://fqeshthtycmzgyibiurq.supabase.co/storage/v1/object/public/crsnimages/catalogo/7a715495-caa7-4170-9081-dd09e9f0fa6f.jpg,16586,9379,blanco,ok,
39700,SODICO 8 MG / 2 ML X 10 INYECTABLE,https://mav.farmaciasaas.com/api/images/articulos/DISTRIBUCION/23087.jpg,https://fqeshthtycmzgyibiurq.supabase.co/storage/v1/object/public/crsnimages/catalogo/85937ccc-5055-471a-becb-8e24c68a4feb.jpg,16586,9379,blanco,ok,
39701,DIACEREINA 50 MG X 10 CAPSULAS,https://mav.farmaciasaas.com/api/images/articulos/DISTRIBUCION/50231.jpg,https://fqeshthtycmzgyibiurq.supabase.co/storage/v1/object/public/crsnimages/catalogo/4d12386b-cf19-475d-8acc-d9b048fa4415.jpg,53296,24117,blanco,ok,
39702,CARVEDILOL 25 MG X 30 TABLETAS,https://mav.farmaciasaas.com/api/images/articulos/DISTRIBUCION/54225.jpg,https://fqeshthtycmzgyibiurq.supabase.co/storage/v1/object/public/crsnimages/catalogo/d54a821a-164e-4182-a126-95cd88e0f07b.jpg,61001,16813,blanco,ok,
39703,DICLOFENACO SODICO 75 MG / 3 ML X 10 AMPOLLAS,https://mav.farmaciasaas.com/api/images/articulos/DISTRIBUCION/53115.jpg,https://fqeshthtycmzgyibiurq.supabase.co/storage/v1/object/public/crsnimages/catalogo/4b443882-92ce-4551-9495-d888a52cfb39.jpg,72639,35430,blanco,ok,
39704,DICLOFENACO POTASICO 50 MG X 10 TABLETAS RECUBIERTAS,https://mav.farmaciasaas.com/api/images/articulos/DISTRIBUCION/54424.jpg,https://fqeshthtycmzgyibiurq.supabase.co/storage/v1/object/public/crsnimages/catalogo/a6af3dac-4f2c-4e28-88a0-10cdb1814179.jpg,18208,10875,blanco,ok,
39705,DICLOFENAC POTASICO 50 MG X 20 TABLETAS,https://mav.farmaciasaas.com/api/images/articulos/DISTRIBUCION/23145.jpg,https://fqeshthtycmzgyibiurq.supabase.co/storage/v1/object/public/crsnimages/catalogo/e0cea664-f48b-4b34-b6cb-29b8a7138a75.jpg,48439,21045,blanco,ok,
39706,DIOSMINA 600 MG X 30 TABLETAS RECUBIERTAS,https://mav.farmaciasaas.com/api/images/articulos/DISTRIBUCION/53521.jpg,https://fqeshthtycmzgyibiurq.supabase.co/storage/v1/object/public/crsnimages/catalogo/f9d90ac0-9a29-442d-ad5d-727b6bde6c07.jpg,42366,14987,blanco,ok,
39707,DIOSMINA - HESPERIDINA 450 MG - 50 MG X 30 TABLETAS RECUBIERTAS,https://mav.farmaciasaas.com/api/images/articulos/DISTRIBUCION/52910.jpg,https://fqeshthtycmzgyibiurq.supabase.co/storage/v1/object/public/crsnimages/catalogo/b97889a1-d9ec-44f2-865f-26916446ffcd.jpg,61096,26378,blanco,ok,
39708,DIOSMINA-HESPERIDINA 450 MG-50 MG COMPRIMIDOS RECUBIERTOS,https://mav.farmaciasaas.com/api/images/articulos/DISTRIBUCION/52910.jpg,https://fqeshthtycmzgyibiurq.supabase.co/storage/v1/object/public/crsnimages/catalogo/7c2d1285-e154-402c-a4f6-eebac1272c44.jpg,61096,26378,blanco,ok,
39710,DOMPERIDONA 10 MG X 10 TABLETAS,https://mav.farmaciasaas.com/api/images/articulos/DISTRIBUCION/53481.jpg,https://fqeshthtycmzgyibiurq.supabase.co/storage/v1/object/public/crsnimages/catalogo/4eff6ae2-2e0d-4ecb-84aa-9657db84f5bb.jpg,75338,28054,blanco,ok,
39711,DOMPERIDONA 10 MG X 15 TABLETAS,https://mav.farmaciasaas.com/api/images/articulos/DISTRIBUCION/11636.jpg,https://fqeshthtycmzgyibiurq.supabase.co/storage/v1/object/public/crsnimages/catalogo/7eea5ab3-ca02-4716-83f1-759f46e42484.jpg,24900,16252,blanco,ok,
39709,DOBUTAMINA 250 MG / 5 ML X 5 AMPOLLAS,https://mav.farmaciasaas.com/api/images/articulos/DISTRIBUCION/51161.jpg,https://fqeshthtycmzgyibiurq.supabase.co/storage/v1/object/public/crsnimages/catalogo/57d01e5a-8cef-4d34-b4d2-dd0db130a781.jpg,319126,33542,blanco,ok,
39712,DOMPERIDONA 10 MG X 30 TABLETAS,https://mav.farmaciasaas.com/api/images/articulos/DISTRIBUCION/21373.jpg,https://fqeshthtycmzgyibiurq.supabase.co/storage/v1/object/public/crsnimages/catalogo/d5878952-aa6e-4d5e-a8bb-df40eb4dc9ee.jpg,58704,26172,blanco,ok,
39713,DOXICICLINA 100 MG X 10 CAPSULAS,https://mav.farmaciasaas.com/api/images/articulos/DISTRIBUCION/28543.jpg,https://fqeshthtycmzgyibiurq.supabase.co/storage/v1/object/public/crsnimages/catalogo/0b04a57e-4738-4564-9b31-c9050cf6a055.jpg,40913,15680,blanco,ok,
39714,ENALAPRIL 20 MG X 20 TABLETAS,https://mav.farmaciasaas.com/api/images/articulos/DISTRIBUCION/7965.jpg,https://fqeshthtycmzgyibiurq.supabase.co/storage/v1/object/public/crsnimages/catalogo/741a5d8f-16a2-4c61-9679-ad353ea36db3.jpg,42775,16740,blanco,ok,
39715,ENALAPRIL MALEATO - HIDROCLOROTIAZIDA 20 MG - 12.5 MG TABLETAS,https://mav.farmaciasaas.com/api/images/articulos/DISTRIBUCION/54045.jpg,https://fqeshthtycmzgyibiurq.supabase.co/storage/v1/object/public/crsnimages/catalogo/90b934d2-3531-4aee-92ed-4e12fcc88c15.jpg,42955,16675,blanco,ok,
39716,ERITROMICINA 500 MG X 10 TABLETAS RECUBIERTAS,https://mav.farmaciasaas.com/api/images/articulos/DISTRIBUCION/52542.jpg,https://fqeshthtycmzgyibiurq.supabase.co/storage/v1/object/public/crsnimages/catalogo/f0bf78e9-449c-4a74-9242-fa48035fb009.jpg,248175,28803,blanco,ok,
39717,ESCITALOPRAM 10 MG X 56 COMPRIMIDOS RECUBIERTOS,https://mav.farmaciasaas.com/api/images/articulos/DISTRIBUCION/22243.jpg,https://fqeshthtycmzgyibiurq.supabase.co/storage/v1/object/public/crsnimages/catalogo/745e7157-5737-4d3b-bfc5-8a381697c0da.jpg,64566,29796,blanco,ok,
39718,ESCITALOPRAM 10 MG X 14 COMPRIMIDOS RECUBIERTOS,https://mav.farmaciasaas.com/api/images/articulos/DISTRIBUCION/23490.jpg,https://fqeshthtycmzgyibiurq.supabase.co/storage/v1/object/public/crsnimages/catalogo/466ae5bd-c572-4cc1-bd0e-cd816c063665.jpg,53014,22390,blanco,ok,
39719,ESCITALOPRAM 20 MG X 28 COMPRIMIDOS RECUBIERTOS,https://mav.farmaciasaas.com/api/images/articulos/DISTRIBUCION/53635.jpg,https://fqeshthtycmzgyibiurq.supabase.co/storage/v1/object/public/crsnimages/catalogo/c0fd8a1d-232c-43dd-a8dc-f92be4377fc3.jpg,61375,29180,blanco,ok,
39720,ESCITALOPRAM 10 MG X 30 TABLETAS RECUBIERTAS,https://mav.farmaciasaas.com/api/images/articulos/DISTRIBUCION/25666.jpg,https://fqeshthtycmzgyibiurq.supabase.co/storage/v1/object/public/crsnimages/catalogo/8447c9ad-b6cb-4cb4-8323-4246236f84ed.jpg,69886,31564,blanco,ok,
39721,ESCITALOPRAM 20 MG X 30 TABLETAS RECUBIERTAS,https://mav.farmaciasaas.com/api/images/articulos/DISTRIBUCION/50533.jpg,https://fqeshthtycmzgyibiurq.supabase.co/storage/v1/object/public/crsnimages/catalogo/e3879459-d27f-40ac-a1e8-c43800213f00.jpg,57452,27707,blanco,ok,
39722,ESCITALOPRAM 5 MG X 30 TABLETAS RECUBIERTAS,https://mav.farmaciasaas.com/api/images/articulos/DISTRIBUCION/25665.jpg,https://fqeshthtycmzgyibiurq.supabase.co/storage/v1/object/public/crsnimages/catalogo/aa694ded-f3d0-413f-8fad-87367df9e6cb.jpg,52697,23251,blanco,ok,
39723,FEXOFENADINA CLORHIDRATO 180 MG X 10 TABLETAS RECUBIERTAS,https://mav.farmaciasaas.com/api/images/articulos/DISTRIBUCION/28713.jpg,https://fqeshthtycmzgyibiurq.supabase.co/storage/v1/object/public/crsnimages/catalogo/f2b57503-b1b2-404f-abd7-c76d4ea26e62.jpg,64294,28818,blanco,ok,
39725,FLAVOXATO 200 MG X 30 TABLETAS RECUBIERTAS,https://mav.farmaciasaas.com/api/images/articulos/DISTRIBUCION/23673.jpg,https://fqeshthtycmzgyibiurq.supabase.co/storage/v1/object/public/crsnimages/catalogo/a1e3082b-5765-4331-ad83-2d469f6eef90.jpg,60594,28186,blanco,ok,
39726,FLAVOXATO CLORHIDRATO 200 MG X 10 TABLETAS RECUBIERTAS,https://mav.farmaciasaas.com/api/images/articulos/DISTRIBUCION/99485.jpg,https://fqeshthtycmzgyibiurq.supabase.co/storage/v1/object/public/crsnimages/catalogo/f6fbd36c-df01-42fd-a663-d70a2ce2b8fb.jpg,24634,16096,blanco,ok,
39727,FLUCONAZOL 200 MG CAPSULAS,https://mav.farmaciasaas.com/api/images/articulos/DISTRIBUCION/50070.jpg,https://fqeshthtycmzgyibiurq.supabase.co/storage/v1/object/public/crsnimages/catalogo/363764c8-e812-4740-8548-924a081627f8.jpg,62880,31320,blanco,ok,
39724,FLAVOXUNI FLAVOXATO 200 MG X 20 COMPRIMIDOS,https://pccentro.net.ve/img/s/9/2/2/5/5/92255-large_default.webp,https://fqeshthtycmzgyibiurq.supabase.co/storage/v1/object/public/crsnimages/catalogo/14a1f300-9c04-4c2d-98d2-e97f535bb831.jpg,47622,25062,blanco,ok,
39728,FLUCONAZOL 200 MG / 100 ML INYECTABLE,https://mav.farmaciasaas.com/api/images/articulos/DISTRIBUCION/29940.jpg,https://fqeshthtycmzgyibiurq.supabase.co/storage/v1/object/public/crsnimages/catalogo/0753203f-1dae-439f-a7ab-5c1b0184c37e.jpg,62047,28017,blanco,ok,
39730,FLUCONAZOL 200 MG / 100 ML SOLUCION INYECTABLE INTRAVENOSA,https://mav.farmaciasaas.com/api/images/articulos/DISTRIBUCION/29940.jpg,https://fqeshthtycmzgyibiurq.supabase.co/storage/v1/object/public/crsnimages/catalogo/952f7bf4-6b39-4fc3-8288-6a2ebc9d947d.jpg,62047,28017,blanco,ok,
39729,FLUCONAZOL 200 MG TABLETAS RECUBIERTAS,https://mav.farmaciasaas.com/api/images/articulos/DISTRIBUCION/50070.jpg,https://fqeshthtycmzgyibiurq.supabase.co/storage/v1/object/public/crsnimages/catalogo/274a39af-78bf-4552-88ae-dc0c373191b4.jpg,62880,31320,blanco,ok,
39731,FLUCONAZOL 150 MG X 4 TABLETAS,https://mav.farmaciasaas.com/api/images/articulos/DISTRIBUCION/52581.jpg,https://fqeshthtycmzgyibiurq.supabase.co/storage/v1/object/public/crsnimages/catalogo/355a05b3-38e8-4dd1-8367-1d3138494d0f.jpg,72230,29771,blanco,ok,
39733,FLUOXETINA 20 MG X 28 CAPSULAS,https://mav.farmaciasaas.com/api/images/articulos/DISTRIBUCION/50927.jpg,https://fqeshthtycmzgyibiurq.supabase.co/storage/v1/object/public/crsnimages/catalogo/aedf3e63-28d7-40c4-93c4-e36a359dfb60.jpg,44628,18216,blanco,ok,
39734,FUROSEMIDA 20 MG / 2 ML X 3 AMPOLLAS,https://mav.farmaciasaas.com/api/images/articulos/DISTRIBUCION/28787.jpg,https://fqeshthtycmzgyibiurq.supabase.co/storage/v1/object/public/crsnimages/catalogo/3d0a632f-9d68-404d-b02d-8ed81b6bcb43.jpg,49545,20809,blanco,ok,
39732,FLUNARIZINA 10 MG X 30 TABLETAS RECUBIERTAS,https://mav.farmaciasaas.com/api/images/articulos/DISTRIBUCION/53116.jpg,https://fqeshthtycmzgyibiurq.supabase.co/storage/v1/object/public/crsnimages/catalogo/dce785d5-134a-4c9b-8c12-eef4a894be6b.jpg,64241,31153,blanco,ok,
39736,GENTAMICINA 160 MG / 2 ML X 5 AMPOLLAS,https://mav.farmaciasaas.com/api/images/articulos/DISTRIBUCION/52502.jpg,https://fqeshthtycmzgyibiurq.supabase.co/storage/v1/object/public/crsnimages/catalogo/6a7be448-1a2b-4f99-b196-de1a4bf20a59.jpg,16189,9082,blanco,ok,
39735,GENTAMICINA 160 MG / 2 ML X 10 AMPOLLAS,https://mav.farmaciasaas.com/api/images/articulos/DISTRIBUCION/30124.jpg,https://fqeshthtycmzgyibiurq.supabase.co/storage/v1/object/public/crsnimages/catalogo/cf221f60-1e12-4a7e-be59-7e7b74e403eb.jpg,16792,9764,blanco,ok,
39738,GLIBENCLAMIDA 5 MG X 30 TABLETAS,https://mav.farmaciasaas.com/api/images/articulos/DISTRIBUCION/28525.jpg,https://fqeshthtycmzgyibiurq.supabase.co/storage/v1/object/public/crsnimages/catalogo/d20984b0-2504-4424-9386-b04a7b85c87b.jpg,54885,24981,blanco,ok,
39737,GLIBENCLAMIDA 5 MG X 10 COMPRIMIDOS,https://pccentro.net.ve/img/s/4/1/1/3/7/41137-large_default.webp,https://fqeshthtycmzgyibiurq.supabase.co/storage/v1/object/public/crsnimages/catalogo/eeb41931-1510-4286-9f30-79daa1324848.jpg,8776,22761,blanco,ok,
39739,GLIMEPIRIDA 2 MG X 30 TABLETAS,https://mav.farmaciasaas.com/api/images/articulos/DISTRIBUCION/21362.jpg,https://fqeshthtycmzgyibiurq.supabase.co/storage/v1/object/public/crsnimages/catalogo/9295cb19-51f7-4f0a-80b9-369c62d2aff5.jpg,63132,29216,blanco,ok,
39740,IRBESARTAN 150 MG X 10 TABLETAS,https://mav.farmaciasaas.com/api/images/articulos/DISTRIBUCION/94012.jpg,https://fqeshthtycmzgyibiurq.supabase.co/storage/v1/object/public/crsnimages/catalogo/b8768064-4f75-434b-a3fb-9efb59d9ad84.jpg,55812,25972,blanco,ok,
39741,IRBESARTAN 300 MG X 10 TABLETAS,https://mav.farmaciasaas.com/api/images/articulos/DISTRIBUCION/50766.jpg,https://fqeshthtycmzgyibiurq.supabase.co/storage/v1/object/public/crsnimages/catalogo/574460ed-e127-429d-8c18-24189d827134.jpg,157868,26678,blanco,ok,
39742,ITRACONAZOL 100 MG X 10 CAPSULAS,https://mav.farmaciasaas.com/api/images/articulos/DISTRIBUCION/53012.jpg,https://fqeshthtycmzgyibiurq.supabase.co/storage/v1/object/public/crsnimages/catalogo/507d72ab-b6f9-4832-86ac-754bedcc294a.jpg,53517,23950,blanco,ok,
39743,KETOPROFENO 100 MG / 2 ML X 10 AMPOLLAS,https://mav.farmaciasaas.com/api/images/articulos/DISTRIBUCION/26418.jpg,https://fqeshthtycmzgyibiurq.supabase.co/storage/v1/object/public/crsnimages/catalogo/7ada8189-5507-490c-acb3-dc1375c57d36.jpg,79620,28441,blanco,ok,
39744,KETOROLACO TROMETAMOL 30 MG / ML X 10 AMPOLLAS,https://mav.farmaciasaas.com/api/images/articulos/DISTRIBUCION/29479.jpg,https://fqeshthtycmzgyibiurq.supabase.co/storage/v1/object/public/crsnimages/catalogo/d5160bfd-2199-438c-b7f9-806b1e7eef18.jpg,20439,12738,blanco,ok,
39745,KETOROLACO TROMETAMINA 30 MG / ML X 3 AMPOLLAS,https://mav.farmaciasaas.com/api/images/articulos/DISTRIBUCION/27131.jpg,https://fqeshthtycmzgyibiurq.supabase.co/storage/v1/object/public/crsnimages/catalogo/03dc9e6c-1ffd-42e6-a9cd-cb9de05d9ac2.jpg,47722,20062,blanco,ok,
39747,LAMOTRIGINA 100 MG X 30 TABLETAS RECUBIERTAS,https://mav.farmaciasaas.com/api/images/articulos/DISTRIBUCION/23029.jpg,https://fqeshthtycmzgyibiurq.supabase.co/storage/v1/object/public/crsnimages/catalogo/1e613d68-4f1c-4a25-b139-e152479694db.jpg,40323,14871,blanco,ok,
39746,KETOROLACO TROMETAMINA 20 MG X 10 COMPRIMIDOS,https://mav.farmaciasaas.com/api/images/articulos/DISTRIBUCION/51770.jpg,https://fqeshthtycmzgyibiurq.supabase.co/storage/v1/object/public/crsnimages/catalogo/bfbd754b-27de-42ab-be43-241fbea20218.jpg,61544,27111,blanco,ok,
39749,LERCANIDIPINO 20 MG X 30 TABLETAS,https://mav.farmaciasaas.com/api/images/articulos/DISTRIBUCION/51324.jpg,https://fqeshthtycmzgyibiurq.supabase.co/storage/v1/object/public/crsnimages/catalogo/75ce9476-1199-4f47-893f-c50488ae1d71.jpg,23578,15060,blanco,ok,
39750,LETROZOL 2.5 MG X 30 TABLETAS RECUBIERTAS,https://mav.farmaciasaas.com/api/images/articulos/DISTRIBUCION/53401.jpg,https://fqeshthtycmzgyibiurq.supabase.co/storage/v1/object/public/crsnimages/catalogo/6c41ea72-9481-40e6-8a5e-0281ae908d43.jpg,101069,15893,blanco,ok,
39748,LAMOTRIGINA 100 MG X 28 TABLETAS DE LIBERACION PROLONGADA,https://mav.farmaciasaas.com/api/images/articulos/DISTRIBUCION/20096.jpg,https://fqeshthtycmzgyibiurq.supabase.co/storage/v1/object/public/crsnimages/catalogo/74ea4ac7-3ffd-4ba1-a820-bff513ba9895.jpg,66148,31114,blanco,ok,
39751,LEVETIRACETAM 500 MG X 30 TABLETAS RECUBIERTAS,https://mav.farmaciasaas.com/api/images/articulos/DISTRIBUCION/25661.jpg,https://fqeshthtycmzgyibiurq.supabase.co/storage/v1/object/public/crsnimages/catalogo/59870861-67c5-4bee-9d9c-faf2f9188139.jpg,63940,30863,blanco,ok,
39752,LEVOFLOXACINA INF CRDIST 500 MG / 100 ML INYECTABLE,https://mav.farmaciasaas.com/api/images/articulos/DISTRIBUCION/21338.jpg,https://fqeshthtycmzgyibiurq.supabase.co/storage/v1/object/public/crsnimages/catalogo/7e038fef-f43f-4a31-90af-5d0edccbcc0e.jpg,53173,22787,blanco,ok,
39753,LEVOFLOXACINA 750 MG X 5 TABLETAS RECUBIERTAS,https://mav.farmaciasaas.com/api/images/articulos/DISTRIBUCION/19718.jpg,https://fqeshthtycmzgyibiurq.supabase.co/storage/v1/object/public/crsnimages/catalogo/3d1f040d-a03a-437d-8365-56a19cf6ea16.jpg,71776,35004,blanco,ok,
39754,LEVOFLOXACINA 750 MG X 10 TABLETAS RECUBIERTAS,https://mav.farmaciasaas.com/api/images/articulos/DISTRIBUCION/24415.jpg,https://fqeshthtycmzgyibiurq.supabase.co/storage/v1/object/public/crsnimages/catalogo/608ed83a-d974-46ba-b840-af0894a6ef23.jpg,80848,40098,blanco,ok,
39755,LEVOFLOXACINA 500 MG X 10 TABLETAS RECUBIERTAS,https://mav.farmaciasaas.com/api/images/articulos/DISTRIBUCION/26132.jpg,https://fqeshthtycmzgyibiurq.supabase.co/storage/v1/object/public/crsnimages/catalogo/c099a1d5-7557-4719-8ce2-a402cd6c9321.jpg,45640,17653,blanco,ok,
39756,LEVOFLOXACINA 500 MG X 7 TABLETAS RECUBIERTAS,https://mav.farmaciasaas.com/api/images/articulos/DISTRIBUCION/24405.jpg,https://fqeshthtycmzgyibiurq.supabase.co/storage/v1/object/public/crsnimages/catalogo/83d9dba0-814e-4048-8a8e-dba38edc87c1.jpg,57101,25192,blanco,ok,
39758,LEVOFLOXACINO 500 MG X 5 TABLETAS RECUBIERTAS,https://mav.farmaciasaas.com/api/images/articulos/DISTRIBUCION/53252.jpg,https://fqeshthtycmzgyibiurq.supabase.co/storage/v1/object/public/crsnimages/catalogo/4636404c-96fb-4618-bc24-530f850ab7cb.jpg,59276,26526,blanco,ok,
39759,LEVOFLOXACINO 750 MG X 5 TABLETAS RECUBIERTAS,https://mav.farmaciasaas.com/api/images/articulos/DISTRIBUCION/53251.jpg,https://fqeshthtycmzgyibiurq.supabase.co/storage/v1/object/public/crsnimages/catalogo/6579a0c4-de10-40a4-9d1e-574dc0584b42.jpg,50986,21737,blanco,ok,
39760,LEVONORGESTREL 1.5 MG X 1 TABLETA RECUBIERTA,https://mav.farmaciasaas.com/api/images/articulos/DISTRIBUCION/50305.jpg,https://fqeshthtycmzgyibiurq.supabase.co/storage/v1/object/public/crsnimages/catalogo/5bbeeeb9-54d2-4afb-bedb-0e0c33739c6e.jpg,20093,13017,blanco,ok,
39757,LEVOFLOXACINO 500 MG X 7 TABLETAS RECUBIERTAS,https://mav.farmaciasaas.com/api/images/articulos/DISTRIBUCION/20100.jpg,https://fqeshthtycmzgyibiurq.supabase.co/storage/v1/object/public/crsnimages/catalogo/4496e23f-acb4-4d98-b742-182ecba7f033.jpg,53306,24297,blanco,ok,
39761,LEVOTIROXINA SODICO 100 MCG X 10 TABLETAS,https://mav.farmaciasaas.com/api/images/articulos/DISTRIBUCION/22840.jpg,https://fqeshthtycmzgyibiurq.supabase.co/storage/v1/object/public/crsnimages/catalogo/8ff6c141-aba5-49ab-b6e7-7e4a6c80e4c8.jpg,61499,28664,blanco,ok,
39762,LEVOTIROXINA SODICO 100 MCG X 50 TABLETAS,https://mav.farmaciasaas.com/api/images/articulos/DISTRIBUCION/54490.jpg,https://fqeshthtycmzgyibiurq.supabase.co/storage/v1/object/public/crsnimages/catalogo/db9add52-67f8-4da6-9140-c11ea7c48fab.jpg,26980,19946,blanco,ok,
39763,LEVOTIROXINA SODICO 50 MCG X 50 TABLETAS,https://mav.farmaciasaas.com/api/images/articulos/DISTRIBUCION/21408.jpg,https://fqeshthtycmzgyibiurq.supabase.co/storage/v1/object/public/crsnimages/catalogo/f2aa1e53-9a35-4d58-8b66-e514f863be74.jpg,123309,37847,blanco,ok,
39764,LOPERAMIDA 2 MG X 10 TABLETAS,https://mav.farmaciasaas.com/api/images/articulos/DISTRIBUCION/25399.jpg,https://fqeshthtycmzgyibiurq.supabase.co/storage/v1/object/public/crsnimages/catalogo/0e5b9005-63ec-49ba-84c7-6f50ab6b291a.jpg,24541,17325,blanco,ok,
39766,LORATADINA 10 MG X 20 TABLETAS,https://mav.farmaciasaas.com/api/images/articulos/DISTRIBUCION/99082.jpg,https://fqeshthtycmzgyibiurq.supabase.co/storage/v1/object/public/crsnimages/catalogo/4d236fc1-e4a0-4e31-94a4-e556f807ee3c.jpg,55810,25983,blanco,ok,
39767,LORATADINA 5 MG / 5 ML JARABE,https://mav.farmaciasaas.com/api/images/articulos/DISTRIBUCION/23709.jpg,https://fqeshthtycmzgyibiurq.supabase.co/storage/v1/object/public/crsnimages/catalogo/a3a23ccd-d7ae-4db6-bdee-201eef6d0cad.jpg,63429,30709,blanco,ok,
39768,LOSARTAN HCT 50 MG X 30 COMPRIMIDOS,https://mav.farmaciasaas.com/api/images/articulos/DISTRIBUCION/20434.jpg,https://fqeshthtycmzgyibiurq.supabase.co/storage/v1/object/public/crsnimages/catalogo/773af8a3-fbf8-45b1-92c6-11b16e6f3df5.jpg,69584,33648,blanco,ok,
39769,LOSARTAN HCT 50 MG X 15 COMPRIMIDOS,https://mav.farmaciasaas.com/api/images/articulos/DISTRIBUCION/90067.jpg,https://fqeshthtycmzgyibiurq.supabase.co/storage/v1/object/public/crsnimages/catalogo/32544e1e-8a49-4cca-8326-0b58e3f01da7.jpg,55447,25185,blanco,ok,
39770,MAGNESIO GLICINATO X 60 TABLETAS,https://mav.farmaciasaas.com/api/images/articulos/DISTRIBUCION/27004.jpg,https://fqeshthtycmzgyibiurq.supabase.co/storage/v1/object/public/crsnimages/catalogo/5a484e79-9dac-4296-b89f-2b21f5c371b7.jpg,45362,17850,blanco,ok,
39772,MEDROXIPROGESTERONA 10 MG X 10 TABLETAS,https://mav.farmaciasaas.com/api/images/articulos/DISTRIBUCION/53471.jpg,https://fqeshthtycmzgyibiurq.supabase.co/storage/v1/object/public/crsnimages/catalogo/041d875d-ff0a-415f-b637-9146cc8aaa29.jpg,65966,27240,blanco,ok,
39773,MELOXICAM 15 MG X 10 TABLETAS,https://mav.farmaciasaas.com/api/images/articulos/DISTRIBUCION/28529.jpg,https://fqeshthtycmzgyibiurq.supabase.co/storage/v1/object/public/crsnimages/catalogo/a97bca5a-f2c6-41a3-83f9-a42100bac131.jpg,44992,17959,blanco,ok,
39774,MELOXICAM 7.5 MG X 10 TABLETAS,https://mav.farmaciasaas.com/api/images/articulos/DISTRIBUCION/1986.jpg,https://fqeshthtycmzgyibiurq.supabase.co/storage/v1/object/public/crsnimages/catalogo/4c4ef34a-79fd-4f3c-9526-075f3da35bc4.jpg,48328,20670,blanco,ok,
39775,MEMANTINA CLORHIDRATO 10 MG X 10 TABLETAS RECUBIERTAS,https://mav.farmaciasaas.com/api/images/articulos/DISTRIBUCION/50985.jpg,https://fqeshthtycmzgyibiurq.supabase.co/storage/v1/object/public/crsnimages/catalogo/67a0323a-4687-4679-8650-1c74a6a2dbc0.jpg,54897,23748,blanco,ok,
39776,MEMANTINA CLORHIDRATO 10 MG X 28 TABLETAS RECUBIERTAS,https://mav.farmaciasaas.com/api/images/articulos/DISTRIBUCION/22396.jpg,https://fqeshthtycmzgyibiurq.supabase.co/storage/v1/object/public/crsnimages/catalogo/a8f39e46-6353-4bba-ae5f-1f377f3ee493.jpg,57242,24988,blanco,ok,
39765,LOPERAMIDA PORTU 2 MG X 100 COMPRIMIDOS,https://mav.farmaciasaas.com/api/images/articulos/DISTRIBUCION/25013.jpg,https://fqeshthtycmzgyibiurq.supabase.co/storage/v1/object/public/crsnimages/catalogo/088f4961-d013-4ee3-9687-d0c3e70a38b7.jpg,48816,18882,blanco,ok,
39777,MEMANTINA CLORHIDRATO 10 MG X 14 TABLETAS RECUBIERTAS,https://mav.farmaciasaas.com/api/images/articulos/DISTRIBUCION/26136.jpg,https://fqeshthtycmzgyibiurq.supabase.co/storage/v1/object/public/crsnimages/catalogo/92cb2d79-fb80-495d-8628-7ad0277c44b4.jpg,47988,18621,blanco,ok,
39778,MEROPENEM 1 G X 10 AMPOLLAS,https://mav.farmaciasaas.com/api/images/articulos/DISTRIBUCION/26005.jpg,https://fqeshthtycmzgyibiurq.supabase.co/storage/v1/object/public/crsnimages/catalogo/72a15715-97f3-4c8a-b759-378b18ac2cb2.jpg,36368,12643,blanco,ok,
39779,CLORHIDRATO DE METFORMINA 500 MG X 30 TABLETAS RECUBIERTAS,https://mav.farmaciasaas.com/api/images/articulos/DISTRIBUCION/20433.jpg,https://fqeshthtycmzgyibiurq.supabase.co/storage/v1/object/public/crsnimages/catalogo/9ca448f9-231f-49ad-ae1b-9be7838cebef.jpg,62030,30060,blanco,ok,
39780,METFORMINA LP 1000 MG X 30 TABLETAS,https://mav.farmaciasaas.com/api/images/articulos/DISTRIBUCION/52951.jpg,https://fqeshthtycmzgyibiurq.supabase.co/storage/v1/object/public/crsnimages/catalogo/839058b8-2346-4dfb-933c-b213f668c297.jpg,64759,29502,blanco,ok,
39781,METFORMINA 500 MG X 30 TABLETAS RECUBIERTAS,https://mav.farmaciasaas.com/api/images/articulos/DISTRIBUCION/20433.jpg,https://fqeshthtycmzgyibiurq.supabase.co/storage/v1/object/public/crsnimages/catalogo/9702e126-81f0-4436-ab4b-ad319dee75a5.jpg,62030,30060,blanco,ok,
39782,METFORMINA CLORHIDRATO 500 MG X 30 TABLETAS RECUBIERTAS,https://mav.farmaciasaas.com/api/images/articulos/DISTRIBUCION/20433.jpg,https://fqeshthtycmzgyibiurq.supabase.co/storage/v1/object/public/crsnimages/catalogo/71d76e3d-c66e-4699-abec-4143a38946fd.jpg,62030,30060,blanco,ok,
39783,METFORMINA CLORHIDRATO 850 MG X 30 TABLETAS,https://mav.farmaciasaas.com/api/images/articulos/DISTRIBUCION/28530.jpg,https://fqeshthtycmzgyibiurq.supabase.co/storage/v1/object/public/crsnimages/catalogo/c9281d11-bdb3-45b4-b959-32cc34f69572.jpg,59031,27497,blanco,ok,
39784,METOCLOPRAMIDA 10 MG / 2 ML X 3 AMPOLLAS,https://mav.farmaciasaas.com/api/images/articulos/DISTRIBUCION/28789.jpg,https://fqeshthtycmzgyibiurq.supabase.co/storage/v1/object/public/crsnimages/catalogo/f0960a91-6fa4-445e-a187-bfcd776ef9ff.jpg,51564,22487,blanco,ok,
39785,METOCLOPRAMIDA 10 MG X 10 TABLETAS,https://mav.farmaciasaas.com/api/images/articulos/DISTRIBUCION/26729.jpg,https://fqeshthtycmzgyibiurq.supabase.co/storage/v1/object/public/crsnimages/catalogo/76241e62-4c62-4a85-87a7-c83be1746139.jpg,41572,15606,blanco,ok,
39786,METRONIDAZOL 0.75 % GEL,https://mav.farmaciasaas.com/api/images/articulos/DISTRIBUCION/28989.jpg,https://fqeshthtycmzgyibiurq.supabase.co/storage/v1/object/public/crsnimages/catalogo/6dad7ef9-f6ba-4adf-9d13-6986bf7b3f5a.jpg,66927,31301,blanco,ok,
39787,METRONIDAZOL 500 MG / 100 ML SOLUCION PARA INFUSION.,https://mav.farmaciasaas.com/api/images/articulos/DISTRIBUCION/21360.jpg,https://fqeshthtycmzgyibiurq.supabase.co/storage/v1/object/public/crsnimages/catalogo/730de64f-a0b7-479e-a741-7ed68db02315.jpg,55400,21532,blanco,ok,
39788,METRONIDAZOL 500 MG X 10 OVULOS VAGINALES,https://mav.farmaciasaas.com/api/images/articulos/DISTRIBUCION/21032.jpg,https://fqeshthtycmzgyibiurq.supabase.co/storage/v1/object/public/crsnimages/catalogo/6752b99c-a1b0-45ae-8666-fb8a19b2bc45.jpg,124873,37866,blanco,ok,
39789,METRONIDAZOL 500 MG / 100 ML SOLUCION PARA INFUSION INTRAVENOSA,https://mav.farmaciasaas.com/api/images/articulos/DISTRIBUCION/21360.jpg,https://fqeshthtycmzgyibiurq.supabase.co/storage/v1/object/public/crsnimages/catalogo/d5cc2f1b-199c-4a4c-a766-ea2949aa6d82.jpg,55400,21532,blanco,ok,
39790,METRONIDAZOL 500 MG X 30 TABLETAS,https://mav.farmaciasaas.com/api/images/articulos/DISTRIBUCION/21370.jpg,https://fqeshthtycmzgyibiurq.supabase.co/storage/v1/object/public/crsnimages/catalogo/42d9213f-a7b9-4237-b260-988ad82c9a1a.jpg,49638,22186,blanco,ok,
39791,BETAHISTINA 16 MG X 20 TABLETAS,https://mav.farmaciasaas.com/api/images/articulos/DISTRIBUCION/51762.jpg,https://fqeshthtycmzgyibiurq.supabase.co/storage/v1/object/public/crsnimages/catalogo/fb9233b7-a408-453e-b466-c0ad9a4607d7.jpg,56731,23720,blanco,ok,
39792,MIRTAZAPINA 15 MG X 30 TABLETAS RECUBIERTAS,https://mav.farmaciasaas.com/api/images/articulos/DISTRIBUCION/25667.jpg,https://fqeshthtycmzgyibiurq.supabase.co/storage/v1/object/public/crsnimages/catalogo/cd215a1a-ca02-40ed-8733-0956ef48af4a.jpg,43529,17250,blanco,ok,
39793,MIRTAZAPINA 30 MG X 30 TABLETAS RECUBIERTAS,https://mav.farmaciasaas.com/api/images/articulos/DISTRIBUCION/51322.jpg,https://fqeshthtycmzgyibiurq.supabase.co/storage/v1/object/public/crsnimages/catalogo/080b710b-4094-40cc-a8ec-26992357f62b.jpg,23110,14716,blanco,ok,
39794,MOXIFLOXACINA 400 MG X 10 COMPRIMIDOS RECUBIERTOS,https://mav.farmaciasaas.com/api/images/articulos/DISTRIBUCION/25226.jpg,https://fqeshthtycmzgyibiurq.supabase.co/storage/v1/object/public/crsnimages/catalogo/cb54a90f-e79e-49e2-99fa-329af1c46477.jpg,46386,19002,blanco,ok,
39795,NAPROXENO 250 MG X 10 TABLETAS,https://mav.farmaciasaas.com/api/images/articulos/DISTRIBUCION/53117.jpg,https://fqeshthtycmzgyibiurq.supabase.co/storage/v1/object/public/crsnimages/catalogo/d8f3dbcb-898b-45fa-89c4-b8efa3274db5.jpg,53763,22718,blanco,ok,
39796,LOSARTAN HCT TABR 50 MG X 30 COMPRIMIDOS,https://mav.farmaciasaas.com/api/images/articulos/DISTRIBUCION/28636.jpg,https://fqeshthtycmzgyibiurq.supabase.co/storage/v1/object/public/crsnimages/catalogo/44e52295-d8cc-4d8b-9ae5-dae2c02ff3f0.jpg,49474,21237,blanco,ok,
39798,NITROFURANTOINA LAPROFF 100 MG X 300 TABLETAS,https://mav.farmaciasaas.com/api/images/articulos/DISTRIBUCION/51871.jpg,https://fqeshthtycmzgyibiurq.supabase.co/storage/v1/object/public/crsnimages/catalogo/33a758cc-a759-44d5-8e7e-4d75aaac6fb0.jpg,44900,35091,blanco,ok,
39799,NITROFURANTOINA 100 MG X 10 TABLETAS RECUBIERTAS,https://mav.farmaciasaas.com/api/images/articulos/DISTRIBUCION/25663.jpg,https://fqeshthtycmzgyibiurq.supabase.co/storage/v1/object/public/crsnimages/catalogo/e0529aee-ecd7-44e1-b4c5-dc48bac12592.jpg,53977,24417,blanco,ok,
39800,NITROFURANTOINA 50 MG X 10 TABLETAS RECUBIERTAS,https://mav.farmaciasaas.com/api/images/articulos/DISTRIBUCION/53552.jpg,https://fqeshthtycmzgyibiurq.supabase.co/storage/v1/object/public/crsnimages/catalogo/41603db2-3d8b-4eed-b280-593765a2cf45.jpg,43799,16219,blanco,ok,
39797,NIFEDIPINA 10 MG X 10 COMPRIMIDOS DISPERSABLES,https://pccentro.net.ve/img/s/5/9/8/4/5/59845-large_default.webp,https://fqeshthtycmzgyibiurq.supabase.co/storage/v1/object/public/crsnimages/catalogo/10f2a846-0b00-475a-9184-5dfb27d763f5.jpg,11398,28756,blanco,ok,
39801,NITROFURAZONA 2 MG / 30 G CREMA,https://mav.farmaciasaas.com/api/images/articulos/DISTRIBUCION/52434.jpg,https://fqeshthtycmzgyibiurq.supabase.co/storage/v1/object/public/crsnimages/catalogo/3447afaf-7248-4d03-a68d-7be28ca27c35.jpg,36032,11505,blanco,ok,
39803,OLANZAPINA 5 MG X 30 TABLETAS ORODISPERSABLES,https://mav.farmaciasaas.com/api/images/articulos/DISTRIBUCION/25670.jpg,https://fqeshthtycmzgyibiurq.supabase.co/storage/v1/object/public/crsnimages/catalogo/4d6268aa-ea94-40be-8f04-2f2035064ccd.jpg,53370,24421,blanco,ok,
39802,PREDNISOLONA 3 MG / 60 ML SUSPENSION ORAL,https://mav.farmaciasaas.com/api/images/articulos/DISTRIBUCION/53054.jpg,https://fqeshthtycmzgyibiurq.supabase.co/storage/v1/object/public/crsnimages/catalogo/a7b9de0a-cdcf-4b26-9c32-5bab86057b3a.jpg,51123,20160,blanco,ok,
39804,OLMESARTAN MEDOXOMIL 40 MG - HIDROLOCOTIAZIDA 12.5 MG X 30 TABLETAS RECUBIERTAS,https://mav.farmaciasaas.com/api/images/articulos/DISTRIBUCION/99045.jpg,https://fqeshthtycmzgyibiurq.supabase.co/storage/v1/object/public/crsnimages/catalogo/e2f5ef65-c321-4390-8c63-a58559edcb3c.jpg,41812,17786,blanco,ok,
39805,OLMESARTAN MEDOXOMILO 20 MG X 10 TABLETAS RECUBIERTAS,https://mav.farmaciasaas.com/api/images/articulos/DISTRIBUCION/18568.jpg,https://fqeshthtycmzgyibiurq.supabase.co/storage/v1/object/public/crsnimages/catalogo/5ccccc27-fb10-4a84-abcf-d1ece52afd70.jpg,69284,33870,blanco,ok,
39806,OLMESARTAN MEDOXOMILO 40 MG X 10 TABLETAS RECUBIERTAS,https://mav.farmaciasaas.com/api/images/articulos/DISTRIBUCION/18584.jpg,https://fqeshthtycmzgyibiurq.supabase.co/storage/v1/object/public/crsnimages/catalogo/7a34cd51-f2c8-41ce-bf1a-a4056626f1a1.jpg,66937,32326,blanco,ok,
39807,OLMESARTAN MEDOXOMILO 40 MG X 30 TABLETAS RECUBIERTAS,https://mav.farmaciasaas.com/api/images/articulos/DISTRIBUCION/99045.jpg,https://fqeshthtycmzgyibiurq.supabase.co/storage/v1/object/public/crsnimages/catalogo/1ccf279e-407f-44ba-b4af-1c9d73d6f18d.jpg,41812,17786,blanco,ok,
39808,OMEPRAZOL 20 MG X 10 CAPSULAS CON MICROGRANULOS ENTERICOS,https://mav.farmaciasaas.com/api/images/articulos/DISTRIBUCION/53303.jpg,https://fqeshthtycmzgyibiurq.supabase.co/storage/v1/object/public/crsnimages/catalogo/a0f7b6b5-e517-47e5-9e84-cbe5955e1611.jpg,56083,25142,blanco,ok,
39809,OMEPRAZOL 20 MG X 7 CAPSULAS CON MICROGRANULOS ENTERICOS,https://mav.farmaciasaas.com/api/images/articulos/DISTRIBUCION/20777.jpg,https://fqeshthtycmzgyibiurq.supabase.co/storage/v1/object/public/crsnimages/catalogo/ca8f4ca4-4702-44e0-9442-9d43cae5ab2b.jpg,60245,28344,blanco,ok,
39812,ONDANSETRON 8 MG / 4 ML X 1 AMPOLLA,https://mav.farmaciasaas.com/api/images/articulos/DISTRIBUCION/53239.jpg,https://fqeshthtycmzgyibiurq.supabase.co/storage/v1/object/public/crsnimages/catalogo/e8c43ae3-9994-4227-bfd5-29e3c4b61ba7.jpg,39237,14250,blanco,ok,
39813,ONDANSETRON 8 MG / 4 ML X 5 AMPOLLAS,https://mav.farmaciasaas.com/api/images/articulos/DISTRIBUCION/52480.jpg,https://fqeshthtycmzgyibiurq.supabase.co/storage/v1/object/public/crsnimages/catalogo/7baa2bc0-67a1-4499-b1da-59bf6be06ef0.jpg,14380,7415,blanco,ok,
39810,OMEPRAZOL 40 MG X 1 AMPOLLA,https://mav.farmaciasaas.com/api/images/articulos/DISTRIBUCION/51351.jpg,https://fqeshthtycmzgyibiurq.supabase.co/storage/v1/object/public/crsnimages/catalogo/f0e0e366-e89a-4b62-b8ff-e08568d8aa65.jpg,54941,24656,blanco,ok,
39815,OXCARBAZEPINA 300 MG X 30 TABLETAS RECUBIERTAS,https://mav.farmaciasaas.com/api/images/articulos/DISTRIBUCION/25662.jpg,https://fqeshthtycmzgyibiurq.supabase.co/storage/v1/object/public/crsnimages/catalogo/a2766d02-f44a-44e9-8ccb-b8e5e1ed04eb.jpg,52538,23166,blanco,ok,
39814,CRISPLUS ORLISTAT ELEA ZUOZ 120 MG X 30 CAPSULAS,https://pccentro.net.ve/img/s/7/9/3/8/1/79381-large_default.webp,https://fqeshthtycmzgyibiurq.supabase.co/storage/v1/object/public/crsnimages/catalogo/62976fe9-7b98-41bf-83ee-f5dbdc1e8de0.jpg,35300,24053,blanco,ok,
39816,OXOLAMINA 120 ML JARABE,https://mav.farmaciasaas.com/api/images/articulos/DISTRIBUCION/2771.jpg,https://fqeshthtycmzgyibiurq.supabase.co/storage/v1/object/public/crsnimages/catalogo/9dd435bd-4dd8-469b-a6fa-fe217353b3bf.jpg,277341,32750,blanco,ok,
39817,PANTOPRAZOL 40 MG X 7 TABLETAS DE LIBERACION RETARDADA,https://mav.farmaciasaas.com/api/images/articulos/DISTRIBUCION/20517.jpg,https://fqeshthtycmzgyibiurq.supabase.co/storage/v1/object/public/crsnimages/catalogo/7fb9b7f0-21ea-4ef7-923c-b1addd0b6f3c.jpg,104921,35401,blanco,ok,
39818,PARACETAMOL PORTU 100 MG / 10 ML SOLUCION ORAL,https://mav.farmaciasaas.com/api/images/articulos/DISTRIBUCION/23735.jpg,https://fqeshthtycmzgyibiurq.supabase.co/storage/v1/object/public/crsnimages/catalogo/1f5a0bb7-c4d5-46e3-9307-4b946163c996.jpg,48653,20128,blanco,ok,
39819,PARACETAMOL 1 G / 100 ML SOLUCION PARA INFUSION,https://mav.farmaciasaas.com/api/images/articulos/DISTRIBUCION/21339.jpg,https://fqeshthtycmzgyibiurq.supabase.co/storage/v1/object/public/crsnimages/catalogo/ea6793ab-81d6-480b-9434-4ed46fc431c6.jpg,51092,22497,blanco,ok,
39820,PAROXETINA 20 MG X 30 COMPRIMIDOS RECUBIERTAS,https://mav.farmaciasaas.com/api/images/articulos/DISTRIBUCION/25668.jpg,https://fqeshthtycmzgyibiurq.supabase.co/storage/v1/object/public/crsnimages/catalogo/d95f30b8-2778-4419-901b-c4464cb2b1fa.jpg,66634,32099,blanco,ok,
39821,PREGABALINA 150 MG X 30 CAPSULAS,https://mav.farmaciasaas.com/api/images/articulos/DISTRIBUCION/52772.jpg,https://fqeshthtycmzgyibiurq.supabase.co/storage/v1/object/public/crsnimages/catalogo/02cea126-3325-4475-aeba-224b7a0c3948.jpg,55191,24004,blanco,ok,
39822,PENTOXIFILINA 400 MG X 30 COMPRIMIDOS RECUBIERTOS DE ACCION PROLONGADA,https://mav.farmaciasaas.com/api/images/articulos/DISTRIBUCION/21851.jpg,https://fqeshthtycmzgyibiurq.supabase.co/storage/v1/object/public/crsnimages/catalogo/69dce33b-c8e6-494a-95eb-646801b4a7ec.jpg,59923,27012,blanco,ok,
39823,PIRACETAM 400 MG X 30 TABLETAS,https://mav.farmaciasaas.com/api/images/articulos/DISTRIBUCION/50807.jpg,https://fqeshthtycmzgyibiurq.supabase.co/storage/v1/object/public/crsnimages/catalogo/78c959f2-9342-4656-ae5a-b3dbc8028816.jpg,51152,23145,blanco,ok,
39824,PREDNISOLONA 3 MG / 60 ML SOLUCION ORAL,https://mav.farmaciasaas.com/api/images/articulos/DISTRIBUCION/53054.jpg,https://fqeshthtycmzgyibiurq.supabase.co/storage/v1/object/public/crsnimages/catalogo/6c3c7d48-4d7b-4f18-8be3-bdd4b4d4ad1e.jpg,51123,20160,blanco,ok,
39825,PREDNISOLONA 5 ML SOLUCION OFTALMICA,https://mav.farmaciasaas.com/api/images/articulos/DISTRIBUCION/29565.jpg,https://fqeshthtycmzgyibiurq.supabase.co/storage/v1/object/public/crsnimages/catalogo/1c9fe40e-56e1-4300-9727-ff622bc67ed9.jpg,47495,19029,blanco,ok,
39826,PREDNISOLONA 5 MG X 10 TABLETAS,https://mav.farmaciasaas.com/api/images/articulos/23776.jpg,https://fqeshthtycmzgyibiurq.supabase.co/storage/v1/object/public/crsnimages/catalogo/1ea20f62-48fe-451b-a531-e6a1d5f1d218.jpg,46382,18488,blanco,ok,
39827,PREDNISOLONA 5 MG X 30 TABLETAS,https://mav.farmaciasaas.com/api/images/articulos/DISTRIBUCION/21369.jpg,https://fqeshthtycmzgyibiurq.supabase.co/storage/v1/object/public/crsnimages/catalogo/1224a686-82e3-4b10-8537-a236d2c5d54b.jpg,51970,22767,blanco,ok,
39828,PREDNISONA 5 MG X 100 TABLETAS,https://mav.farmaciasaas.com/api/images/articulos/DISTRIBUCION/22275.jpg,https://fqeshthtycmzgyibiurq.supabase.co/storage/v1/object/public/crsnimages/catalogo/31e03510-20b2-4835-9223-1cbe3ab7f106.jpg,58926,26047,blanco,ok,
39829,PREGABALINA 75 MG X 30 CAPSULAS,https://mav.farmaciasaas.com/api/images/articulos/DISTRIBUCION/27604.jpg,https://fqeshthtycmzgyibiurq.supabase.co/storage/v1/object/public/crsnimages/catalogo/92ad4a6b-2a7f-4409-8150-009246eef006.jpg,48737,20448,blanco,ok,
39830,PREVERAL DEXTRO REFORM 120 ML JARABE,https://mav.farmaciasaas.com/api/images/articulos/DISTRIBUCION/99589.jpg,https://fqeshthtycmzgyibiurq.supabase.co/storage/v1/object/public/crsnimages/catalogo/ef36e3f3-146e-4bca-be60-a2534baf3f3b.jpg,54319,24853,blanco,ok,
39831,PROPRANOLOL CLORH 40 MG X 20 TABLETAS,https://mav.farmaciasaas.com/api/images/articulos/DISTRIBUCION/50368.jpg,https://fqeshthtycmzgyibiurq.supabase.co/storage/v1/object/public/crsnimages/catalogo/1efce406-dba2-4bbc-b51f-54d5eab8b787.jpg,61058,29614,blanco,ok,
39832,QUETIAPINA FARMAMED 100 MG X 10 TABLETAS,https://mav.farmaciasaas.com/api/images/articulos/DISTRIBUCION/50162.jpg,https://fqeshthtycmzgyibiurq.supabase.co/storage/v1/object/public/crsnimages/catalogo/86aad6b2-6ed9-4c07-9644-865d0e1bbedf.jpg,57093,25572,blanco,ok,
39833,QUETIAPINA 100 MG X 30 TABLETAS RECUBIERTAS,https://mav.farmaciasaas.com/api/images/articulos/DISTRIBUCION/27607.jpg,https://fqeshthtycmzgyibiurq.supabase.co/storage/v1/object/public/crsnimages/catalogo/b24424ef-36f9-4b14-b773-da82e09ed579.jpg,43106,16933,blanco,ok,
39834,QUETIAPINA 25 MG X 30 TABLETAS RECUBIERTAS,https://mav.farmaciasaas.com/api/images/articulos/DISTRIBUCION/27606.jpg,https://fqeshthtycmzgyibiurq.supabase.co/storage/v1/object/public/crsnimages/catalogo/7e6ad241-9f23-4d72-825e-99d5f8bd84ff.jpg,45216,17778,blanco,ok,
39835,QUETIAPINA 300 MG X 30 COMPRIMIDOS,https://mav.farmaciasaas.com/api/images/articulos/DISTRIBUCION/51310.jpg,https://fqeshthtycmzgyibiurq.supabase.co/storage/v1/object/public/crsnimages/catalogo/6b423a75-9701-43e9-af52-a648d3df2da9.jpg,40882,18201,blanco,ok,
39836,RANITIDINA 50 MG / 2 ML X 10 AMPOLLAS,https://mav.farmaciasaas.com/api/images/articulos/DISTRIBUCION/23534.jpg,https://fqeshthtycmzgyibiurq.supabase.co/storage/v1/object/public/crsnimages/catalogo/8126e3c0-24e4-4ca7-8ddf-340d420caee8.jpg,17013,9898,blanco,ok,
39837,RANITIDINA 150 MG X 10 COMPRIMIDOS RECUBIERTOS,https://mav.farmaciasaas.com/api/images/articulos/DISTRIBUCION/54366.jpg,https://fqeshthtycmzgyibiurq.supabase.co/storage/v1/object/public/crsnimages/catalogo/6be1af5a-1843-4749-b9d6-0db05a2d2c5b.jpg,41079,16359,blanco,ok,
39838,RANITIDINA 300 MG X 10 TABLETAS,https://mav.farmaciasaas.com/api/images/articulos/DISTRIBUCION/54367.jpg,https://fqeshthtycmzgyibiurq.supabase.co/storage/v1/object/public/crsnimages/catalogo/cf30d08d-09ab-481d-b94e-5eab6eedba5e.jpg,42009,16459,blanco,ok,
39840,RIVAROXABAN 15 MG X 30 TABLETAS RECUBIERTAS,https://mav.farmaciasaas.com/api/images/articulos/DISTRIBUCION/24319.jpg,https://fqeshthtycmzgyibiurq.supabase.co/storage/v1/object/public/crsnimages/catalogo/4854d82f-b806-403e-bf8e-81373cbdf103.jpg,80002,39960,blanco,ok,
39839,HIDROXICLOROQUINA 200 MG X 20 TABLETAS,https://mav.farmaciasaas.com/api/images/articulos/DISTRIBUCION/27621.jpg,https://fqeshthtycmzgyibiurq.supabase.co/storage/v1/object/public/crsnimages/catalogo/6cef000d-1ca9-454d-a065-6fdc9a80061e.jpg,40823,18443,blanco,ok,
39841,RIVAROXABAN 20 MG X 10 TABLETAS RECUBIERTAS,https://mav.farmaciasaas.com/api/images/articulos/DISTRIBUCION/26738.jpg,https://fqeshthtycmzgyibiurq.supabase.co/storage/v1/object/public/crsnimages/catalogo/1d2a9e38-7880-426f-96d0-946450e2772f.jpg,41235,15586,blanco,ok,
39842,RIVAROXABAN 20 MG X 14 TABLETAS RECUBIERTAS,https://mav.farmaciasaas.com/api/images/articulos/DISTRIBUCION/54217.jpg,https://fqeshthtycmzgyibiurq.supabase.co/storage/v1/object/public/crsnimages/catalogo/fa6c849c-ef89-4a46-8d5c-2bb8f106e1f8.jpg,104706,19810,blanco,ok,
39843,ROSUVASTATINA 10 MG X 30 TABLETAS,https://mav.farmaciasaas.com/api/images/articulos/DISTRIBUCION/29584.jpg,https://fqeshthtycmzgyibiurq.supabase.co/storage/v1/object/public/crsnimages/catalogo/bdb53292-ad04-4faa-b0ab-4231cfa04699.jpg,46997,18506,blanco,ok,
39844,ROSUVASTATINA 20 MG X 10 TABLETAS RECUBIERTAS,https://mav.farmaciasaas.com/api/images/articulos/DISTRIBUCION/24316.jpg,https://fqeshthtycmzgyibiurq.supabase.co/storage/v1/object/public/crsnimages/catalogo/8f4214bb-7bcd-4d75-8a1f-3f96ddb551df.jpg,48369,20612,blanco,ok,
39846,ROSUVASTATINA 10 MG X 30 TABLETAS RECUBIERTAS,https://mav.farmaciasaas.com/api/images/articulos/DISTRIBUCION/29584.jpg,https://fqeshthtycmzgyibiurq.supabase.co/storage/v1/object/public/crsnimages/catalogo/acdf1023-1988-470f-9786-9e7d209f9ace.jpg,46997,18506,blanco,ok,
39847,SERTRALINA 50 MG X 30 COMPRIMIDOS,https://mav.farmaciasaas.com/api/images/articulos/DISTRIBUCION/25669.jpg,https://fqeshthtycmzgyibiurq.supabase.co/storage/v1/object/public/crsnimages/catalogo/f03bfa5c-e7e5-4bad-914d-272c88ec02ca.jpg,59997,26593,blanco,ok,
39848,SERTRALINA 50 MG X 56 TABLETAS,https://mav.farmaciasaas.com/api/images/articulos/DISTRIBUCION/53165.jpg,https://fqeshthtycmzgyibiurq.supabase.co/storage/v1/object/public/crsnimages/catalogo/06b39461-b330-4348-a9d1-6a8d0f94659d.jpg,65945,34265,blanco,ok,
39845,ROSUVASTATINA 20 MG X 30 TABLETAS RECUBIERTAS,https://mav.farmaciasaas.com/api/images/articulos/DISTRIBUCION/21364.jpg,https://fqeshthtycmzgyibiurq.supabase.co/storage/v1/object/public/crsnimages/catalogo/b9be6a7f-0bcf-4a88-8ca8-2b819edef4f8.jpg,62025,28783,blanco,ok,
39850,SERTRALINA 50 MG X 14 TABLETAS RECUBIERTAS,https://mav.farmaciasaas.com/api/images/articulos/DISTRIBUCION/22393.jpg,https://fqeshthtycmzgyibiurq.supabase.co/storage/v1/object/public/crsnimages/catalogo/0e258cae-b822-400c-8375-1844110793cd.jpg,67441,31657,blanco,ok,
39852,SUCRALFATO 1 G X 10 TABLETAS,https://mav.farmaciasaas.com/api/images/articulos/DISTRIBUCION/25675.jpg,https://fqeshthtycmzgyibiurq.supabase.co/storage/v1/object/public/crsnimages/catalogo/fb88d817-2532-4cee-a0ea-6a77568328dd.jpg,49220,20634,blanco,ok,
39853,TACROLIMUS 0.03 % UNGUENTO,https://mav.farmaciasaas.com/api/images/articulos/DISTRIBUCION/50903.jpg,https://fqeshthtycmzgyibiurq.supabase.co/storage/v1/object/public/crsnimages/catalogo/f33fda12-2ee4-48e5-ad24-a50903e3b787.jpg,38464,14185,blanco,ok,
39849,SERTRALINA 50 MG X 14 COMPRIMIDOS RECUBIERTOS,https://mav.farmaciasaas.com/api/images/articulos/DISTRIBUCION/22393.jpg,https://fqeshthtycmzgyibiurq.supabase.co/storage/v1/object/public/crsnimages/catalogo/1a384de7-5a76-4f2e-b730-ede2bc0b0e5b.jpg,67441,31657,blanco,ok,
39854,TAMSULOSINA HCL 0.4 MG CAPSULAS DE LIBERACION PROGRAMADA X 30 CAPSULAS,https://mav.farmaciasaas.com/api/images/articulos/DISTRIBUCION/24279.jpg,https://fqeshthtycmzgyibiurq.supabase.co/storage/v1/object/public/crsnimages/catalogo/a314cc97-d712-44f2-8fb1-d022b4390c32.jpg,68167,33533,blanco,ok,
39855,TAMSULOSINA TAMSUHEM 0.4 MG X 10 CAPSULAS,https://mav.farmaciasaas.com/api/images/articulos/DISTRIBUCION/53254.jpg,https://fqeshthtycmzgyibiurq.supabase.co/storage/v1/object/public/crsnimages/catalogo/b0259c73-7cc6-4aa0-9445-c156668306d9.jpg,45930,17886,blanco,ok,
39851,SUCRALFATO 1 G X 20 TABLETAS,https://mav.farmaciasaas.com/api/images/articulos/DISTRIBUCION/54219.jpg,https://fqeshthtycmzgyibiurq.supabase.co/storage/v1/object/public/crsnimages/catalogo/ffd528d8-f786-4b46-b0c6-123e882c6cc9.jpg,91227,19210,blanco,ok,
39856,TAMSULOSINA CLORHIDRATO 0.4 MG X 30 CAPSULAS DE LIBERACION PROLONGADA,https://mav.farmaciasaas.com/api/images/articulos/DISTRIBUCION/24279.jpg,https://fqeshthtycmzgyibiurq.supabase.co/storage/v1/object/public/crsnimages/catalogo/1f4d3342-58de-49bb-bb5f-9c40e5074e6a.jpg,68167,33533,blanco,ok,
39857,TEOFILINA 80 MG / 15 ML JARABE,https://mav.farmaciasaas.com/api/images/articulos/DISTRIBUCION/53266.jpg,https://fqeshthtycmzgyibiurq.supabase.co/storage/v1/object/public/crsnimages/catalogo/4630ddbf-9ef0-4535-981d-8a6c406a4260.jpg,39913,15217,blanco,ok,
39858,TIMOLOL 0.5 % SOLUCION OFTALMICA,https://mav.farmaciasaas.com/api/images/articulos/DISTRIBUCION/22841.jpg,https://fqeshthtycmzgyibiurq.supabase.co/storage/v1/object/public/crsnimages/catalogo/61ec2730-fe67-422e-b3a8-4bcbc2c40699.jpg,44540,17749,blanco,ok,
39859,TIOCOLCHICOSIDO 4 MG / 2 ML X 1 AMPOLLA,https://mav.farmaciasaas.com/api/images/articulos/DISTRIBUCION/51472.jpg,https://fqeshthtycmzgyibiurq.supabase.co/storage/v1/object/public/crsnimages/catalogo/2c106429-c61b-43e1-897f-2391f9302af8.jpg,66989,28951,blanco,ok,
39860,TIOCOLCHICOSIDO 4 MG / 2 ML X 50 AMPOLLAS,https://mav.farmaciasaas.com/api/images/articulos/DISTRIBUCION/20404.jpg,https://fqeshthtycmzgyibiurq.supabase.co/storage/v1/object/public/crsnimages/catalogo/e458246f-2bcf-4db6-8c20-560057dc9da7.jpg,36101,12463,blanco,ok,
39861,TIOCOLCHICOSIDO IMP 4 MG / 2 ML X 2 INYECTABLE,https://mav.farmaciasaas.com/api/images/articulos/DISTRIBUCION/20405.jpg,https://fqeshthtycmzgyibiurq.supabase.co/storage/v1/object/public/crsnimages/catalogo/d7f6811b-4b31-4298-9343-fee9e3894973.jpg,121555,36579,blanco,ok,
39862,TIZANIDINA 2 MG X 10 TABLETAS,https://mav.farmaciasaas.com/api/images/articulos/DISTRIBUCION/28534.jpg,https://fqeshthtycmzgyibiurq.supabase.co/storage/v1/object/public/crsnimages/catalogo/c64fec3c-9b9c-4c3d-a9cc-8f9fdec83d49.jpg,49148,20630,blanco,ok,
39863,TRIMEBUTINA MALEATO 200 MG X 10 TABLETAS,https://mav.farmaciasaas.com/api/images/articulos/DISTRIBUCION/25677.jpg,https://fqeshthtycmzgyibiurq.supabase.co/storage/v1/object/public/crsnimages/catalogo/a6a91dc3-a400-40b1-a8d4-8076d0363d0f.jpg,68991,32563,blanco,ok,
39864,VALSARTAN 160 MG X 10 COMPRIMIDOS RECUBIERTOS,https://mav.farmaciasaas.com/api/images/articulos/DISTRIBUCION/21372.jpg,https://fqeshthtycmzgyibiurq.supabase.co/storage/v1/object/public/crsnimages/catalogo/37de8e62-bece-4107-ad55-c6c341e2f905.jpg,54212,24893,blanco,ok,
39865,VALSARTAN 160 MG X 30 COMPRIMIDOS RECUBIERTOS,https://mav.farmaciasaas.com/api/images/articulos/DISTRIBUCION/52911.jpg,https://fqeshthtycmzgyibiurq.supabase.co/storage/v1/object/public/crsnimages/catalogo/7e4698a7-8e38-4290-aa40-a8350dba89b7.jpg,20404,13405,blanco,ok,
39866,VALSARTAN HCT TABREC 80 MG X 30 TABLETAS,https://mav.farmaciasaas.com/api/images/articulos/DISTRIBUCION/22214.jpg,https://fqeshthtycmzgyibiurq.supabase.co/storage/v1/object/public/crsnimages/catalogo/d4a03399-e7fd-4668-afef-d518878ce58e.jpg,58306,26929,blanco,ok,
39867,VALSARTAN 160 MG X 30 TABLETAS RECUBIERTAS,https://mav.farmaciasaas.com/api/images/articulos/DISTRIBUCION/52911.jpg,https://fqeshthtycmzgyibiurq.supabase.co/storage/v1/object/public/crsnimages/catalogo/a878d429-7d2c-49e1-868b-dad373cea965.jpg,20404,13405,blanco,ok,
39868,VILDAGLIPTINA 50 MG X 30 COMPRIMIDOS,https://mav.farmaciasaas.com/api/images/articulos/DISTRIBUCION/30332.jpg,https://fqeshthtycmzgyibiurq.supabase.co/storage/v1/object/public/crsnimages/catalogo/f39a444d-22b6-4004-915e-44caaac539b4.jpg,39691,17607,blanco,ok,
39870,VITAMINA MANDARINA TIRA TABLETA MASTICABLE UNIDADES 500 MG X 10 TABLETAS,https://pccentro.net.ve/img/s/7/4/6/6/8/74668-large_default.webp,https://fqeshthtycmzgyibiurq.supabase.co/storage/v1/object/public/crsnimages/catalogo/77e5db37-81ec-4146-a341-5b2d3c59ad33.jpg,16528,38102,blanco,ok,
39871,VORICONAZOL 200 MG INYECTABLE,https://mav.farmaciasaas.com/api/images/articulos/DISTRIBUCION/27731.jpg,https://fqeshthtycmzgyibiurq.supabase.co/storage/v1/object/public/crsnimages/catalogo/4c4b3840-ba7c-474c-a73c-6eed933043ab.jpg,64867,29976,blanco,ok,
39872,ACETAMINOFEN 120 MG / 5 ML X 10 SOLUCION ORAL,https://mav.farmaciasaas.com/api/images/articulos/DISTRIBUCION/53087.jpg,https://fqeshthtycmzgyibiurq.supabase.co/storage/v1/object/public/crsnimages/catalogo/08ec40ef-3b26-4e50-b5ae-a1db8e9ac529.jpg,57077,24820,blanco,ok,
39869,BITEX COMPLEJO VITAMINA B1 B2 B6 B12 NATURALIFES X 30 TABLETAS,https://pccentro.net.ve/img/s/6/8/9/1/0/68910-large_default.webp,https://fqeshthtycmzgyibiurq.supabase.co/storage/v1/object/public/crsnimages/catalogo/db70dcfa-ff17-42c8-a0c5-f8167ea598bf.jpg,18134,37287,blanco,ok,
39873,AZITROMICINA 500 MG X 3 TABLETAS,https://mav.farmaciasaas.com/api/images/articulos/DISTRIBUCION/11009.jpg,https://fqeshthtycmzgyibiurq.supabase.co/storage/v1/object/public/crsnimages/catalogo/d2add5bc-8fa6-4822-8df7-f2015af85ba4.jpg,26240,17251,blanco,ok,
39874,BISOPROLOL FUMARATO 1.25 MG COMPRIMIDOS RECUBIERTOS,https://mav.farmaciasaas.com/api/images/articulos/DISTRIBUCION/97000.jpg,https://fqeshthtycmzgyibiurq.supabase.co/storage/v1/object/public/crsnimages/catalogo/ae332640-8767-4b78-b542-301a7d2d8f9e.jpg,26676,17682,blanco,ok,
39875,BISOPROLOL FUMARATO 5 MG COMPRIMIDOS RECUBIERTOS,https://mav.farmaciasaas.com/api/images/articulos/DISTRIBUCION/98668.jpg,https://fqeshthtycmzgyibiurq.supabase.co/storage/v1/object/public/crsnimages/catalogo/86703d75-2645-4133-ae98-072ac68b4cee.jpg,67018,34096,blanco,ok,
39876,BISOPROLOL HCT 2.5 MG X 15 COMPRIMIDOS,https://mav.farmaciasaas.com/api/images/articulos/DISTRIBUCION/20507.jpg,https://fqeshthtycmzgyibiurq.supabase.co/storage/v1/object/public/crsnimages/catalogo/0da50684-aa77-4617-8f67-822f0b4610d9.jpg,152398,48201,blanco,ok,
39878,CLARITROMICINA 500 MG COMPRIMIDOS RECUBIERTOS,https://mav.farmaciasaas.com/api/images/articulos/DISTRIBUCION/20429.jpg,https://fqeshthtycmzgyibiurq.supabase.co/storage/v1/object/public/crsnimages/catalogo/cf1265b2-746f-46a4-bdbd-76a07edf99f0.jpg,54153,24740,blanco,ok,
39879,CLORURO MAGNES 25 G INYECTABLE,https://mav.farmaciasaas.com/api/images/articulos/DISTRIBUCION/17780.jpg,https://fqeshthtycmzgyibiurq.supabase.co/storage/v1/object/public/crsnimages/catalogo/306ac60c-0f27-4bee-8035-433d2a1160cf.jpg,62472,27899,blanco,ok,
39877,ZYRTEC DICLORHIDRATO CETIRIZINA GSK FARMA 1 MG / 1 ML SOLUCION ORAL,https://pccentro.net.ve/img/s/8/0/1/1/4/80114-large_default.webp,https://fqeshthtycmzgyibiurq.supabase.co/storage/v1/object/public/crsnimages/catalogo/40b24c86-3729-44af-9cac-34fe1bcb76ec.jpg,46110,26816,blanco,ok,
39881,EMPAGLIFLOZINA 10 MG X 30 TABLETAS,https://mav.farmaciasaas.com/api/images/articulos/DISTRIBUCION/52002.jpg,https://fqeshthtycmzgyibiurq.supabase.co/storage/v1/object/public/crsnimages/catalogo/9e93d184-42e4-4d5d-9832-44b3fc04e4f1.jpg,29271,21680,blanco,ok,
39880,DICLOFENAC DIETILAMINO 1.16 % GEL,https://mav.farmaciasaas.com/api/images/articulos/DISTRIBUCION/51997.jpg,https://fqeshthtycmzgyibiurq.supabase.co/storage/v1/object/public/crsnimages/catalogo/47a3d428-af64-4827-86c2-1b71a1cdbcc4.jpg,48278,20216,blanco,ok,
39883,HIDROCLOROTIAZIDA 12.5 MG COMPRIMIDOS,https://mav.farmaciasaas.com/api/images/articulos/DISTRIBUCION/53195.jpg,https://fqeshthtycmzgyibiurq.supabase.co/storage/v1/object/public/crsnimages/catalogo/8e2d98dc-d521-41ad-8c30-29f67f17f513.jpg,63695,30059,blanco,ok,
39882,MONTELUKAST 10 MG X 30 TABLETAS,https://mav.farmaciasaas.com/api/images/articulos/DISTRIBUCION/27584.jpg,https://fqeshthtycmzgyibiurq.supabase.co/storage/v1/object/public/crsnimages/catalogo/77f7bc70-e707-4a12-acdf-b6ba407cfbb4.jpg,392754,40395,blanco,ok,
39884,LOSARTAN POTASICO 100 MG COMPRIMIDOS RECUBIERTOS,https://mav.farmaciasaas.com/api/images/articulos/DISTRIBUCION/28528.jpg,https://fqeshthtycmzgyibiurq.supabase.co/storage/v1/object/public/crsnimages/catalogo/5f7ee4d2-266e-41de-936a-ba12b6b93945.jpg,61534,29226,blanco,ok,
39885,MELOXICAM 15 MG COMPRIMIDOS,https://mav.farmaciasaas.com/api/images/articulos/DISTRIBUCION/28529.jpg,https://fqeshthtycmzgyibiurq.supabase.co/storage/v1/object/public/crsnimages/catalogo/fc2747c4-317c-4a38-80a7-4a3a2e447f29.jpg,44992,17959,blanco,ok,
39886,METFORMINA CLORHIDRATO 850 MG COMPRIMIDOS,https://mav.farmaciasaas.com/api/images/articulos/DISTRIBUCION/28530.jpg,https://fqeshthtycmzgyibiurq.supabase.co/storage/v1/object/public/crsnimages/catalogo/4aff38fe-0f24-4e03-9a1b-4eea3dea776c.jpg,59031,27497,blanco,ok,
39887,ACETAMINOFEN 650 MG X 10 TABLETAS,https://mav.farmaciasaas.com/api/images/articulos/DISTRIBUCION/11552.jpg,https://fqeshthtycmzgyibiurq.supabase.co/storage/v1/object/public/crsnimages/catalogo/b1c5f18d-0e54-4186-9845-e20ef9eb8886.jpg,59925,28166,blanco,ok,
39888,MONTELUKAST 10 MG COMPRIMIDOS RECUBIERTOS,https://mav.farmaciasaas.com/api/images/articulos/DISTRIBUCION/18804.jpg,https://fqeshthtycmzgyibiurq.supabase.co/storage/v1/object/public/crsnimages/catalogo/d1bb4e30-be1c-417f-a048-d8adddf06123.jpg,66417,31746,blanco,ok,
39889,QUETIAPINA 100 MG COMPRIMIDOS RECUBIERTOS,https://mav.farmaciasaas.com/api/images/articulos/DISTRIBUCION/27607.jpg,https://fqeshthtycmzgyibiurq.supabase.co/storage/v1/object/public/crsnimages/catalogo/1a900d12-adb8-4040-9aae-a6cc173750ba.jpg,43106,16933,blanco,ok,
39890,QUETIAPINA 25 MG COMPRIMIDOS RECUBIERTOS,https://mav.farmaciasaas.com/api/images/articulos/DISTRIBUCION/27606.jpg,https://fqeshthtycmzgyibiurq.supabase.co/storage/v1/object/public/crsnimages/catalogo/1a731f18-ce2f-4b3e-b4ac-7259549d9759.jpg,45216,17778,blanco,ok,
39891,QUETIAPINA 25 MG COMPRIMIDOS,https://mav.farmaciasaas.com/api/images/articulos/DISTRIBUCION/27606.jpg,https://fqeshthtycmzgyibiurq.supabase.co/storage/v1/object/public/crsnimages/catalogo/0aba9376-04fe-448c-b505-7b37217a8e40.jpg,45216,17778,blanco,ok,
39893,SALBUTAMOL INH 100 MCG INHALACION,https://mav.farmaciasaas.com/api/images/articulos/DISTRIBUCION/20949.jpg,https://fqeshthtycmzgyibiurq.supabase.co/storage/v1/object/public/crsnimages/catalogo/68e43a81-c31a-46f9-8bff-cc653775d9f0.jpg,55868,27112,blanco,ok,
39892,CYNT SIMVASTATINA 20 MG X 20 COMPRIMIDOS,https://pccentro.net.ve/img/s/7/8/3/5/3/78353-large_default.webp,https://fqeshthtycmzgyibiurq.supabase.co/storage/v1/object/public/crsnimages/catalogo/728cd734-c16d-427f-9213-6e16d4c1d5fa.jpg,46420,28337,blanco,ok,
39895,SERTRALINA 50 MG COMPRIMIDOS,https://mav.farmaciasaas.com/api/images/articulos/DISTRIBUCION/25669.jpg,https://fqeshthtycmzgyibiurq.supabase.co/storage/v1/object/public/crsnimages/catalogo/bea14df8-9529-4fea-b8aa-401d350006a3.jpg,59997,26593,blanco,ok,
39896,SULTAMICILINA 750 MG COMPRIMIDOS RECUBIERTOS,https://mav.farmaciasaas.com/api/images/articulos/DISTRIBUCION/20939.jpg,https://fqeshthtycmzgyibiurq.supabase.co/storage/v1/object/public/crsnimages/catalogo/c128fc37-1ebb-4578-9137-265c95c817d7.jpg,56894,25057,blanco,ok,
39894,SALBUTAMOL INH 100 MCG LOCION,https://mav.farmaciasaas.com/api/images/articulos/DISTRIBUCION/20949.jpg,https://fqeshthtycmzgyibiurq.supabase.co/storage/v1/object/public/crsnimages/catalogo/ad75bead-d167-4df0-9089-28983e16ec9e.jpg,55868,27112,blanco,ok,
39897,ALBENDAZOL 200 MG TABLETAS RECUBIERTAS MASTICABLES,https://mav.farmaciasaas.com/api/images/articulos/DISTRIBUCION/1526.jpg,https://fqeshthtycmzgyibiurq.supabase.co/storage/v1/object/public/crsnimages/catalogo/266bcd06-df1b-45d1-b15b-9a3203510ff7.jpg,46450,18744,blanco,ok,
39898,ANGIOFLUX 250LSU X 25 CAPSULAS,https://mav.farmaciasaas.com/api/images/articulos/DISTRIBUCION/52055.jpg,https://fqeshthtycmzgyibiurq.supabase.co/storage/v1/object/public/crsnimages/catalogo/8a282165-9347-438f-a158-fc0c9828eb62.jpg,65220,31845,blanco,ok,
39899,AZITROMICINA 500 MG X 3 TABLETA RECUBIERTA,https://mav.farmaciasaas.com/api/images/articulos/DISTRIBUCION/11009.jpg,https://fqeshthtycmzgyibiurq.supabase.co/storage/v1/object/public/crsnimages/catalogo/a59085ed-b387-4b5e-9829-ff256c5d6e1e.jpg,26240,17251,blanco,ok,
39900,BUDESONIDA 50 MCG / DOSIS SUSPENSION PARA INHALACION ORAL,https://mav.farmaciasaas.com/api/images/articulos/DISTRIBUCION/4804.jpg,https://fqeshthtycmzgyibiurq.supabase.co/storage/v1/object/public/crsnimages/catalogo/d524b22e-f940-4299-b5bb-333c59a67394.jpg,68429,34090,blanco,ok,
39902,CLINDAMICINA 15 G GEL,https://mav.farmaciasaas.com/api/images/articulos/DISTRIBUCION/23694.jpg,https://fqeshthtycmzgyibiurq.supabase.co/storage/v1/object/public/crsnimages/catalogo/a7d0e3fa-4f6f-43ea-a4f0-3862756a4b2a.jpg,68149,32816,blanco,ok,
39901,HIOSCINA N-BUTILBROMURO 10 MG X 10 TABLETAS RECUBIERTAS,https://mav.farmaciasaas.com/api/images/articulos/DISTRIBUCION/23872.jpg,https://fqeshthtycmzgyibiurq.supabase.co/storage/v1/object/public/crsnimages/catalogo/a86b6a6a-9b08-4721-96df-c71798edf5c0.jpg,52069,22705,blanco,ok,
39903,CLORTALIDONA 12.5 MG X 30 TABLETAS,https://mav.farmaciasaas.com/api/images/articulos/DISTRIBUCION/50972.jpg,https://fqeshthtycmzgyibiurq.supabase.co/storage/v1/object/public/crsnimages/catalogo/829218e5-709b-47eb-9aba-0c6da2d60893.jpg,42292,19096,blanco,ok,
39904,CLOTRIMAZOL VAG 20 G CREMA,https://mav.farmaciasaas.com/api/images/articulos/DISTRIBUCION/51265.jpg,https://fqeshthtycmzgyibiurq.supabase.co/storage/v1/object/public/crsnimages/catalogo/4be465d4-6b61-4a2f-b0c7-d0f0b3d9bb2c.jpg,51741,22333,blanco,ok,
39905,DAPAGLIFLOZINA 10 MG X 30 COMPRIMIDOS,https://mav.farmaciasaas.com/api/images/articulos/DISTRIBUCION/53037.jpg,https://fqeshthtycmzgyibiurq.supabase.co/storage/v1/object/public/crsnimages/catalogo/54e9828c-1857-492f-bc1f-4cf666fecf49.jpg,48680,21269,blanco,ok,
39906,DICLOFENAC SODICO 50 G GEL,https://mav.farmaciasaas.com/api/images/articulos/DISTRIBUCION/24336.jpg,https://fqeshthtycmzgyibiurq.supabase.co/storage/v1/object/public/crsnimages/catalogo/9603386b-6834-485b-beb5-801690ff4189.jpg,49802,22374,blanco,ok,
39907,DYMAZOL CLOTRIMAZOL OVULOS VAGINAL 200 MG X 3 OVULOS,https://pccentro.net.ve/img/s/6/0/7/4/2/60742-large_default.webp,https://fqeshthtycmzgyibiurq.supabase.co/storage/v1/object/public/crsnimages/catalogo/d8940b85-50c8-4475-b5dc-9a2841a7221f.jpg,9438,22538,blanco,ok,
39908,FLUCONAZOL 200 MG / 100 ML SOLUCION PARA INFUSION,https://mav.farmaciasaas.com/api/images/articulos/DISTRIBUCION/29940.jpg,https://fqeshthtycmzgyibiurq.supabase.co/storage/v1/object/public/crsnimages/catalogo/181d7b01-7e53-41b6-9fd2-a2959ad64e36.jpg,62047,28017,blanco,ok,
39909,GABAPENTINA 300 MG X 30 COMPRIMIDOS,https://mav.farmaciasaas.com/api/images/articulos/DISTRIBUCION/20432.jpg,https://fqeshthtycmzgyibiurq.supabase.co/storage/v1/object/public/crsnimages/catalogo/29b077e0-0941-44b0-af83-c780d9bbba36.jpg,53844,24123,blanco,ok,
39910,GLUTAMINA VIT B12 X 60 INYECTABLE,https://mav.farmaciasaas.com/api/images/articulos/DISTRIBUCION/28485.jpg,https://fqeshthtycmzgyibiurq.supabase.co/storage/v1/object/public/crsnimages/catalogo/5e8a03bc-147f-48ee-af43-a0a874d23969.jpg,65070,33269,blanco,ok,
39911,HIDROCORTISONA SODICO 500 MG INYECTABLE,https://mav.farmaciasaas.com/api/images/articulos/DISTRIBUCION/23085.jpg,https://fqeshthtycmzgyibiurq.supabase.co/storage/v1/object/public/crsnimages/catalogo/8ff6e2d5-12ec-4dac-a0d8-f9cf0426a03b.jpg,47445,19519,blanco,ok,
39912,KETOPROFENO 2.5 % GEL,https://mav.farmaciasaas.com/api/images/articulos/DISTRIBUCION/52479.jpg,https://fqeshthtycmzgyibiurq.supabase.co/storage/v1/object/public/crsnimages/catalogo/c61c28e1-4995-43ff-871c-f748e1cd0fa1.jpg,56256,22412,blanco,ok,
39913,DALCITRIN MUPIROCINA UNGUENTO,https://pccentro.net.ve/img/s/5/3/2/6/2/53262-large_default.webp,https://fqeshthtycmzgyibiurq.supabase.co/storage/v1/object/public/crsnimages/catalogo/e0d06590-44e3-48d1-83e5-acf7675d5186.jpg,15692,32693,blanco,ok,
39914,OMEPRAZOL 40 MG X 1 INYECTABLE,https://mav.farmaciasaas.com/api/images/articulos/DISTRIBUCION/51351.jpg,https://fqeshthtycmzgyibiurq.supabase.co/storage/v1/object/public/crsnimages/catalogo/85238340-4657-4ec3-8c34-d5c823d8728d.jpg,54941,24656,blanco,ok,
39915,PENTOXIFILINA 400 MG X 30 TABLETAS RECUBIERTAS DE LIBERACION PROLONGADA,https://mav.farmaciasaas.com/api/images/articulos/DISTRIBUCION/21851.jpg,https://fqeshthtycmzgyibiurq.supabase.co/storage/v1/object/public/crsnimages/catalogo/385e8403-4da8-42d2-bd0c-1ab509137732.jpg,59923,27012,blanco,ok,
39916,RANITIDINA 150 MG / 10 ML X 10 SOLUCION ORAL,https://mav.farmaciasaas.com/api/images/articulos/DISTRIBUCION/53151.jpg,https://fqeshthtycmzgyibiurq.supabase.co/storage/v1/object/public/crsnimages/catalogo/4585487f-e328-4373-9362-b934cc62f547.jpg,66375,30664,blanco,ok,
39917,DIOSMINA HESPER 450 MG X 30 TABLETAS,https://mav.farmaciasaas.com/api/images/articulos/DISTRIBUCION/52910.jpg,https://fqeshthtycmzgyibiurq.supabase.co/storage/v1/object/public/crsnimages/catalogo/8637c712-ecfb-43cc-b726-ee8df3f2ee00.jpg,61096,26378,blanco,ok,
