producto_id,sku,nombre_comercial,fuente,score,url_origen,nombre_candidato
37296,ME4629/2,ACIDO FOLICO 5 MG X 10 COMPRIMIDOS,farmadon,1.0000000000000002,https://www.farmadon.com.ve/wp-content/uploads/2025/04/Acido-Folico-5Mg-X-10-Tabletas-De-Dispensador-Drotafarma.png,Acido Folico 5Mg X 10 Tabletas De Dispensador Drotafarma
37302,ME43094,ACIDO IBANDRONICO 150 MG X 1 TABLETA RECUBIERTA,farmadon,1.0000000000000002,https://www.farmadon.com.ve/wp-content/uploads/2024/10/Amarenfem-150Mg-X-1-Capsulas-Fc-Pharma-new.png,Amarenfem Ácido Ibandrónico 150Mg X 1 Cápsulas  Fc Pharma
37303,ME43992,ACIDO TRANEXAMICO 500 MG X 10 TABLETAS RECUBIERTAS,farmatodo,1.0000000000000002,https://lh3.googleusercontent.com/xpOyk-TekP69hFcfcbFWqkiJTSHcMeJb3XjGJ9cuW71H3Ja88bGGZ9RDuoPff855eNfjDd8FMINZt4Qz6p6HHoiWFpNXJQ6VKARVIjHB6BMz8UO8,Tranexam Ácido Tranexámico 500 mg Ropsohn Caja x 10 Tabletas
37306,ME42665,ACECLOFENACO 100 MG X 10 TABLETAS RECUBIERTAS,farmatodo,1.0000000000000002,https://product-images.farmatodo.com/LhdckKWiMM7TF8js5YcnsQNT6vxuu81pZCa99G41TP-sUPeWxaXiHiJgl6xCz58QaqbXkpV9BLimCJpRbMhJhgZ-1bsIQw_YFAMBtkKcZySgA0U,Zerodol Aceclofenaco 100 mg Ipca Caja x 10 Tabletas
37311,ME43639/4,ACETAMINOFEN 650 MG X 30 TABLETAS,farmadon,1.0000000000000002,https://www.farmadon.com.ve/wp-content/uploads/2021/09/Acetaminofen-650mg-x-30-Comprimidos-Genven-1.jpg,Acetaminofén 650mg x 30 Comprimidos &#8211; Genven
37312,ME43707,ACETAMINOFEN 150 MG / 5 ML JARABE,farmadon,1.0000000000000002,https://www.farmadon.com.ve/wp-content/uploads/2024/03/Acetaminofen-Jarabe-Pediatrico-Cereza-150Mg5Ml-X-90Ml-Laproff.jpg,Acetaminofén Jarabe Pediátrico Cereza 150Mg/5Ml X 90Ml Laproff
37314,ME40084,ACETAMINOFEN 180 MG / 5 ML SOLUCION ORAL,farmago,1.0000000000000002,https://www.farmago.com.ve/web/image/product.template/53361/image_1024,[7591196002785] APIRET SOLUCIÓN ORAL (ACETAMINOFEN) 180MG-5ML X 120ML (OFTALMI)
37316,ME25466/2,ACETAMINOFEN 500 MG X 10 COMPRIMIDOS,farmatodo,1.0000000000000002,https://lh3.googleusercontent.com/1NQ49g_WJuTKzwpKKkMqQ7kAUZZIu3foWKOJuosGEYjitjcf-WRG8lD81CHlvTARCmGsQxb1OZzMXwjHSoZUHDTopa9H-X2NAkRvTTDL4YbvnSw,Acetaminofén 500 mg Genfar Fracción x 10 Tabletas
37319,ME23275/2,ACETAMINOFEN 500 MG X 10 TABLETAS,farmatodo,1.0000000000000002,https://lh3.googleusercontent.com/1NQ49g_WJuTKzwpKKkMqQ7kAUZZIu3foWKOJuosGEYjitjcf-WRG8lD81CHlvTARCmGsQxb1OZzMXwjHSoZUHDTopa9H-X2NAkRvTTDL4YbvnSw,Acetaminofén 500 mg Genfar Fracción x 10 Tabletas
37321,ME23275/4,ACETAMINOFEN 500 MG X 24 TABLETAS,farmatodo,1.0000000000000002,https://product-images.farmatodo.com/_DmcGVWwXWvimm79C0yj_CkTzXCfqFjWtlYIGFU8uZcLZAmtkEMqtYtcCDUb1Hvc6sdKA5XHwhGNfpN-6HH89t-lJTcb8PeQOk1e3Et9hff2_JE,Acetaminofén 500 mg Tecnoquimicas MK Frasco x 24 Tabletas
37324,ME37095,ACETAMINOFEN 500 MG X 20 TABLETAS,farmatodo,1.0000000000000002,https://product-images.farmatodo.com/E9v07LFcVkn4ZdHm9wZJzPXbvfzhrF4hyCTw3SPr9isulwtn9YIMvEO4c51IS6tzo4w195Acj7nOnYl4LfgQjRjiL5VZGGEJRz3Y5MlUZsWKQSdksw,Acetaminofén 500 mg Ag Caja x 20 Tabletas
37325,ME40713,ACETAMINOFEN - CLORFENIRAMINA 125 MG - 1 MG / 5 ML JARABE,farmago,0.9000000000000001,https://www.farmago.com.ve/web/image/product.template/60478/image_1024,[7591821101692] TERAGRIP JARABE PEDIATRICO (ACETAMINOFEN - CLORFENIRAMINA) 125MG-1MG-5ML X 120ML (FARMA)
37326,ME39115,ACETAMINOFEN - TRAMADOL 325 MG - 37.5 MG X 10 COMPRIMIDOS,farmago,0.9000000000000001,https://www.farmago.com.ve/web/image/product.template/52738/image_1024,[7591519008494] ACETAMINOFEN - TRAMADOL 325MG-37.5MG X 10 TABLETAS (CALOX)
37327,ME34148/3,ACETAZOLAMIDA 250 MG X 20 TABLETAS,farmadon,1.0000000000000002,https://www.farmadon.com.ve/wp-content/uploads/2025/10/Acetazolamida-250Mg-X-20Tab.-Kmplus.png,Acetazolamida 250Mg X 20 Tabletas Kmplus
37328,ME34148/2,ACETAZOLAMIDA 250 MG X 10 TABLETAS,farmatodo,1.0000000000000002,https://product-images.farmatodo.com/PGY22rPJlYFg1e8D7j8h77beJSLDj_TZc5ONDi6_k2wTL0SJCrhAZY0yL4GFxRB8ihRv7aKBWAPWA52F9Sdi0BETkIUw0PlUPE2iFNhhmy8RxfNC,Glaucomed Acetazolamida 250 mg Megalabs Caja x 10 Tabletas
37336,HO40581,ACICLOVIR 250 MG POLVO LIOFILIZADO PARA SOLUCION INYECTABLE PARA INFUSION INTRAVENOSA,farmadon,1.0000000000000002,https://www.farmadon.com.ve/wp-content/uploads/2023/06/Aciclovir-Amp.-250Mg-I.V-Vitalis.jpg,Aciclovir Ampolla 250Mg/I.V Vitalis
37340,ME26178/2,ACICLOVIR 200 MG X 10 TABLETAS,farmadon,1.0000000000000002,https://www.farmadon.com.ve/wp-content/uploads/2025/04/Aciclovir-200Mg-X-10-Tabletas-De-Dispensador-Drotafarma-new.png,Aciclovir 200Mg X 10 Tabletas De Dispensador Drotafarma
37341,ME26178/4,ACICLOVIR 200 MG X 24 TABLETAS,farmatodo,1.0000000000000002,https://product-images.farmatodo.com/iRwu1bB18ktuFcYcmrhy8e64sGdtdws9rr2b3SAvKs10NBZwI2H-235rMM1Yj1_5lQ3ROtVrkbFTXRXA3Zn6Lf3NCwmPOala2sMxDTR7FaAIElo,Aciclovir 200 mg La   Santé Caja x 24 Tabletas
37346,ME34553/3,ACIDO ACETILSALICILICO 81 MG X 30 TABLETAS CON CUBIERTA ENTERICA,farmatodo,0.9000000000000001,https://lh3.googleusercontent.com/qy3CMuQpvk0U_7BsbcyRX5fJf0IFBA8lKTPkqSppj0QgCMO6cgVfCgtL63WaqLoYt1sKHJTrpNzZpS7dXfsffZcQ_eqp7Ky-ZmeMsXNUAvch3Bk,Asa Acido   Acetilsalicilico 81mg Mk Caja x 30 Tabletas
37347,HO44464,ACIDO ASCORBICO 500 MG / 5 ML SOLUCION INYECTABLE,farmadon,1.0000000000000002,https://www.farmadon.com.ve/wp-content/uploads/2026/06/Dosvit-Vitamina-C-Ampolla-1.png,Dosvit-C Ampolla Ácido Ascórbico  500Mg/5Ml I.M/I.V 2N
37350,HO3187/3,ACIDO FOLICO 10 MG / ML X 10 AMPOLLAS,farmadon,1.0000000000000002,https://www.farmadon.com.ve/wp-content/uploads/2022/11/Acido-Folico-Ampolla-10Mg-1Ml-I.M-I.V-Bioglass-1.jpg,Biofolic Ácido Fólico Ampolla 10Mg/1Ml I.M/I.V Bioglass
37352,HO3187/4,ACIDO FOLICO 10 MG / ML X 20 AMPOLLAS,farmadon,1.0000000000000002,https://www.farmadon.com.ve/wp-content/uploads/2022/11/Acido-Folico-Ampolla-10Mg-1Ml-I.M-I.V-Bioglass-1.jpg,Biofolic Ácido Fólico Ampolla 10Mg/1Ml I.M/I.V Bioglass
37356,ME4630/2,ACIDO FOLICO 10 MG X 10 COMPRIMIDOS,farmadon,1.0000000000000002,https://www.farmadon.com.ve/wp-content/uploads/2021/10/Nonafol-Acido-Folico-10mg-x-10-Tabletas-–-Siegfried.jpg,Nonafol Ácido Fólico 10mg x 10 Tabletas &#8211; Siegfried
37366,ME38066,ACIDO IBANDRONICO 150 MG X 1 TABLETA RECUBIERTA,farmadon,0.9000000000000001,https://www.farmadon.com.ve/wp-content/uploads/2024/10/Amarenfem-150Mg-X-1-Capsulas-Fc-Pharma-new.png,Amarenfem Ácido Ibandrónico 150Mg X 1 Cápsulas  Fc Pharma
37367,ME44457,ACTUMIR DUO 12.5 MG-850 MG X 30 TABLETAS RECUBIERTAS,farmadon,1.0000000000000002,https://www.farmadon.com.ve/wp-content/uploads/2026/08/Actumir-12.5Mg-850Mg-X-30Tab.-Farma-ll.png,Actumir Duo Empagliflozina+Metformina 12.5Mg/850Mg X 30 Tabletas Farma
37368,ME43334,ADAPALENO - CLINDAMICINA 0.1 % - 1 % GEL,farmatodo,1.0000000000000002,https://lh3.googleusercontent.com/kyUf_r-A-DXECzFAo3uW-_OCaFNPFbnSwu_QCZ2IgsmhJyCQWvDnC4iXx9H5dMCJAKoYZw2y38CyNOxyGhetBM8rado1fqeKx0A,Clinacyn Gel 0.1/1% Gel   Caja X30g Gyn Adapaleno Clindamicina
37369,HO34745,ADRENALINA 1 MG / ML X 5 AMPOLLAS,farmadon,1.0000000000000002,https://www.farmadon.com.ve/wp-content/uploads/2025/11/Adrenalina-Amp.-1Mg-1Ml-I.V.-I.M-Distrilab.png,Adrenalina Ampolla 1Mg/1Ml  I.V./I.M Distrilab
37381,ME43288,ALBENDAZOL 400 MG X 10 TABLETAS MASTICABLES,farmadon,1.0000000000000002,https://www.farmadon.com.ve/wp-content/uploads/2025/07/Albendazol-Blis-400Mg-X-10Taletas-Fahd.png,Albendazol 400Mg X 10 Tabletas De Dispensador Fahd
37382,ME27081,ALBENDAZOL 400 MG / 10 ML SUSPENSION,farmatodo,1.0000000000000002,https://product-images.farmatodo.com/XFJfyZnpF4YzKJd8aZFUPyRtmbVfq6zSdtDrK-zGHrvxFKtCL_QmlidkW61PGJU4WYG8h5FZWksTqu8DXUlqzJWhtaIzL1KVau27hptO5sXVMXg,Albendazol Niños Mk 400mg Suspensión Frasco x 10ml
37383,ME40605/2,ALBENDAZOL 200 MG X 2 COMPRIMIDOS,farmatodo,1.0000000000000002,https://product-images.farmatodo.com/4F7GHguy95o5hLu2lhPCW91CvxFKNrEGTuNgBSg6XOQdr4Xvu19pKaerd24amfsSCU91FA8KLLkbzJaYNp1wZ8GShrvR_5ZJWdnw_9R6bjoZLWAq,Albendazol 200 mg MK Caja x 2 Tabletas
37384,ME40605/3,ALBENDAZOL 200 MG X 6 COMPRIMIDOS,farmadon,1.0000000000000002,https://www.farmadon.com.ve/wp-content/uploads/2026/02/Albendazol-200Mg-X-6Tab.-Calox.png,Albendazol 200Mg X 6 Tabletas Calox
37391,ME32131,ALENDRONATO SODICO 70 MG X 4 COMPRIMIDOS,farmatodo,1.0000000000000002,https://product-images.farmatodo.com/6xyS4mdWUFftd_xWd0nPJ_NIDTZMuIwWIb2-WgyyTKalHv4e0b9fPecIlvr3jAXsL06RpOda8Xsg3ZmKkOrXsR2SkdK-7xpMZDYqGKMCHU-3QB_q,Alendronato Sódico 70 mg La Santé Caja x 4 Tabletas
37414,ME28493,AMBROXOL CLORHIDRATO 30 MG / 5 ML JARABE,farmatodo,1.0000000000000002,https://lh3.googleusercontent.com/DxAbBVX6tdR8CXhXykp33SldZMUi4M9lUQAtCa5429vYwT5R7fkVbc2udm3K3E0ZrAx5eRp-75PCc7QRSE8O1XEIgChAzUYjtnDo9kCcHjgG-0_abA,Muxol Flem Ambroxol Clorhidrato 30mg/5ml Novamed Jarabe Adultos Frasco x 120 ml
37418,HO23247,AMIKACINA 500 MG / 2 ML X 1 AMPOLLA,farmatodo,1.0000000000000002,https://product-images.farmatodo.com/KYlBjsDR0iWxJljBGliHPw3Lpp_AEmW3uaf9rILz2LwXD3SHB6D3ypTS-1sjZo1jiEbTQRpNvGhVPmez0jc-wQKWCBwspwilBbPUjcSmveCe-6i5,Amikacina 500mg/2ml Vitalis Caja x 1 Ampolla
37419,HO24946,AMIKACINA 500 MG / 2 ML X 1 AMPOLLA,farmatodo,1.0000000000000002,https://product-images.farmatodo.com/KYlBjsDR0iWxJljBGliHPw3Lpp_AEmW3uaf9rILz2LwXD3SHB6D3ypTS-1sjZo1jiEbTQRpNvGhVPmez0jc-wQKWCBwspwilBbPUjcSmveCe-6i5,Amikacina 500mg/2ml Vitalis Caja x 1 Ampolla
37420,HO26424,AMIKACINA 100 MG / 2 ML X 10 AMPOLLAS,farmadon,0.9000000000000001,https://www.farmadon.com.ve/wp-content/uploads/2021/10/Amikacina-Ampolla-100mg-2ml-I.M-I.V-Biosano.jpg,Amikacina Ampolla 100mg/2ml I.M/I.V &#8211; Biosano
37425,ME30206/2,AMLODIPINA 10 MG X 10 COMPRIMIDOS,farmadon,1.0000000000000002,https://www.farmadon.com.ve/wp-content/uploads/2021/10/Dilotex-10mg-x-10-Comprimidos-Dollder.jpg,Dilotex Amlodipina 10mg x 10 Comprimidos &#8211; Dollder
37429,ME39126/2,AMLODIPINA 10 MG X 20 TABLETAS,farmadon,0.9000000000000001,https://www.farmadon.com.ve/wp-content/uploads/2021/03/Amlodipina-10mg-x-20-Tabletas-Kimiceg.jpg,Amlodipina 10mg x 20 Tabletas &#8211; Kimiceg
37433,ME31230,AMLODIPINA 5 MG X 30 TABLETAS,farmatodo,0.9000000000000001,https://lh3.googleusercontent.com/2TVepj7rnvGEU3RbcmOXk3L7SWeC2slYAkw_Buav6nyF5GaNqY3lkFG3LgVOChoeVQhh0tIGTo_RZtRvn1YSncdABGsZckU58jM,Norvas Amlodipina 5 mg Pfizer Caja x 30 Tabletas
37438,ME43040,AMOXICILINA 500 MG X 10 CAPSULAS,farmatodo,0.9000000000000001,https://lh3.googleusercontent.com/QtkgNBWxxoaKHwlJsyWmSjnr-ZgEy2MBdQxF2YdzqDu2zBWbEPhiJM0Vz3UvH3sCfYALpmUofoGGmrabPE8ZP2k6xe8fJGIaqIMJ-y__ywBoq4o,Amoxicilina MK 500 mg Fracción Blíster x 10 Cápsulas
37440,ME20340/3,AMOXICILINA 500 MG X 10 CAPSULAS,farmatodo,1.0000000000000002,https://lh3.googleusercontent.com/QtkgNBWxxoaKHwlJsyWmSjnr-ZgEy2MBdQxF2YdzqDu2zBWbEPhiJM0Vz3UvH3sCfYALpmUofoGGmrabPE8ZP2k6xe8fJGIaqIMJ-y__ywBoq4o,Amoxicilina MK 500 mg Fracción Blíster x 10 Cápsulas
37441,ME20340/4,AMOXICILINA 500 MG X 12 CAPSULAS,farmadon,1.0000000000000002,https://www.farmadon.com.ve/wp-content/uploads/2024/10/Amoxicilina-500Mg-X-12Caps.-Calox.png,Amoxicilina 500Mg X 12 Cápsulas Calox
37442,ME20340/2,AMOXICILINA 500 MG X 6 CAPSULAS,farmadon,1.0000000000000002,https://www.farmadon.com.ve/wp-content/uploads/2021/10/Amoxicilina-500mg-x-6-Capsulas-–-La-Sante.jpg,Amoxicilina 500mg x 6 Cápsulas &#8211; La Santé
37463,ME42609,ANASTROZOL 1 MG X 30 TABLETAS RECUBIERTAS,farmatodo,1.0000000000000002,https://product-images.farmatodo.com/oUoP-qCs9z21_zzfafdwh5GL_KCbmwul_KxOF_1Py7s9uDkiWKMF-N0DFl0OTpxakqrvvQTDDYGzP88E4vc9vuBbMWxUHYiAewjdiQDkZPg7n2E,Anasoma 1mg Anastrozol 1mg Caja x 30 Tabletas
37480,ME44489,APITENA 2.5 MG X 30 COMPRIMIDOS RECUBIERTOS,farmatodo,1.0000000000000002,https://product-images.farmatodo.com/OBZAgWmEfygSmY6N9ea-3gb4bt__Ryoex5ZwHHTE8IPZ9Imbg25BzIo-MCBrtv5t6qelmTAfto5br0s26CjydN1cvWVT4S3x2Rdy_C87blw_XOSN,Apitena Apixaban 2.5 Mg Adium Caja x 30 Tabletas
37512,ME25816,ATENOLOL 100 MG X 30 TABLETAS,farmadon,1.0000000000000002,https://www.farmadon.com.ve/wp-content/uploads/2025/06/Atenolol-100Mg-X-30Comp.-Genven.png,Atenolol 100Mg X 30 Comprimidos Genven
37513,ME25817,ATENOLOL 50 MG X 30 TABLETAS,farmadon,1.0000000000000002,https://www.farmadon.com.ve/wp-content/uploads/2024/04/Atenolol-50Mg-X-30-Comprimidos-Genven.jpg,Atenolol 50Mg X 30 Comprimidos Genven
37514,ME25982,ATENOLOL 50 MG X 30 COMPRIMIDOS,farmadon,1.0000000000000002,https://www.farmadon.com.ve/wp-content/uploads/2024/04/Atenolol-50Mg-X-30-Comprimidos-Genven.jpg,Atenolol 50Mg X 30 Comprimidos Genven
37518,ME32690/3,ATORVASTATINA 20 MG X 14 COMPRIMIDOS RECUBIERTOS,farmadon,1.0000000000000002,https://www.farmadon.com.ve/wp-content/uploads/2023/06/Atorvastatina-20Mg-X-14-Comprimidos-Spefar-new.png,Atorvastatina 20Mg X 14 Comprimidos Spefar
37522,ME37775,ATORVASTATINA 20 MG X 30 TABLETAS RECUBIERTAS,farmatodo,0.9000000000000001,https://product-images.farmatodo.com/ApO4U-j4dGb39Az402BfTN87IAPD-QDL9XFzXy6MY_qtIkvAmWf9bN5BoWuDhVPeABBiPUCOqbxw9YXYTnNuvAayKuIYZWD93Oc,Atorvastatina 20 mg Sandoz Caja x 30 Comprimidos
37523,ME35340/3,ATORVASTATINA 40 MG X 30 TABLETAS RECUBIERTAS,farmatodo,1.0000000000000002,https://product-images.farmatodo.com/koi1c1e_iaPa0ziW0nhu-OtRhZh4t77oxcqBMEbPev9efnSEuRqLqYWGmxjKnOJLs9YrHKMhBBTq_dYM5Rh0z47_qjgpaa5M530,Atorvastatina 40 mg Sandoz Caja x 30 Comprimidos
37524,ME35340/2,ATORVASTATINA 40 MG X 14 TABLETAS RECUBIERTAS,farmadon,1.0000000000000002,https://www.farmadon.com.ve/wp-content/uploads/2021/10/Atovarol-Atorvastatina-40mg-x-14-Capsulas-Blandas-Vivax-new.png,Atovarol Atorvastatina 40mg x 14 Cápsulas Blandas Vivax
37544,ME31564/3,AZITROMICINA 500 MG X 5 COMPRIMIDOS RECUBIERTOS,farmadon,1.0000000000000002,https://www.farmadon.com.ve/wp-content/uploads/2026/06/Azitromicina-500Mg-X-5-Tab.Distrilab-ln.png,Azitromicina 500Mg X 5 Tabletas Distrilab
37545,ME31564/2,AZITROMICINA 500 MG X 3 COMPRIMIDOS RECUBIERTOS,farmatodo,1.0000000000000002,https://product-images.farmatodo.com/cUVcDkRde1UVEyZWrCFNIYPIHEI817sqC_4yqkXTmrUZiWhm2NADfsfh_Oyo1t6zrQXJlUc4zrscNz5MfDVs6NYELxCuJFZ5RwY6bw3gtt62FlQy,Azitromicina MK 500 mg Caja x 3 Tabletas
37546,ME42509,AZITROMICINA 200 MG / 5 ML SUSPENSION ORAL,farmatodo,1.0000000000000002,https://lh3.googleusercontent.com/se8d7w_KjJrqilYNdmw33g2mE_fb7EQxBT3GFpRXQJv5jixK4Ovu8YDTpHVLm3i9DSSmmFFLZuOigGEhHiy8wIYB5vqwWek3Aug0rt1h5WjJhYgj,Azitromicina 200mg/5ml La Santé Polvo Para Suspensión Frasco x 15 ml
37547,ME42465,AZITROMICINA 500 MG X 5 TABLETAS RECUBIERTAS,farmatodo,0.9000000000000001,https://lh3.googleusercontent.com/_V9OvsMi9b-cnW-hSv1bek02PUjx1owbyJ93vqNgPw8ADm47ZjHsDDGJtDHna-aUYQRoAHSuK1atBwjMHvrdcXswDekg-LbFv0k,Azitromicina AZINOBIN 500MG CAJA X 5 CAPSULAS AZITROMICINA BIOCHEM
37550,ME20140,BACITRACINA 500 UI - G UNGUENTO,farmadon,1.0000000000000002,https://www.farmadon.com.ve/wp-content/uploads/2021/10/Bacitracina-500Ui-Unguento-x-15gr-Kimiceg-1.jpg,Bacitracina 500Ui Ungüento x 15gr -Kimiceg
37570,ME16115,BETAGEN SOLSPEN X 1 AMPOLLA,farmadon,0.6000000000000001,https://www.farmadon.com.ve/wp-content/uploads/2021/09/Betagen-Solspen-Betametasona-Ampolla-4mg-1ml-Biotech.png,Betagen Solspen Betametasona Ampolla 4mg/1ml Biotech
37573,HO36271/2,BETAMETASONA 4 MG / ML X 1 AMPOLLA,farmatodo,1.0000000000000002,https://product-images.farmatodo.com/sOOmpVCyEGTizDzbGa5Fe5lxWAk2c-xRRmuMOysWKS0NVGl7hXfc-smIqFAkwhHqUZiA32DBhw8zFI1o8dmo4QaURvVXsG3jHQny5E1A0_XcifSx,Betametasona 4mg/1ml Vitalis Caja x 1 Ampolla
37574,HO36271/3,BETAMETASONA 4 MG / ML X 10 AMPOLLAS,farmadon,1.0000000000000002,https://www.farmadon.com.ve/wp-content/uploads/2022/01/Betametasona-Ampolla-4mg1ml-I.MI_.V-–-Vitalis-new.png,Betametasona Ampolla 4mg/1ml I.M/I.V &#8211; Vitalis
37587,ME43626,BISACODILO 5 MG X 10 TABLETAS GASTRORRESISTENTES,farmatodo,1.0000000000000002,https://product-images.farmatodo.com/ldAa0IRrw7bEAcLpOAgnkvgyeFE0eQRi0oBiNHuTiDQj0SoRXlH_QFQ7HvoZELnn11h-rApjWNRtFQLpEl-L8-ZoTidcpqYhXWdAn1dFfY9xU5M,Bisacodilo 5 mg Humax Caja x 10 Tabletas
37592,ME42421,BISOPROLOL FUMARATO 10 MG X 30 COMPRIMIDOS RECUBIERTOS,farmago,1.0000000000000002,https://www.farmago.com.ve/web/image/product.template/53857/image_1024,[7591585217141] BIOTALOL (BISOPROLOL FUMARATO) 10MG X 30 COMPRIMIDOS RECUBIERTOS (LETI)
37594,ME44328,BISOPROLOL FUMARATO 5 MG X 30 TABLETAS RECUBIERTAS,farmatodo,1.0000000000000002,https://lh3.googleusercontent.com/_TrdZXNs-6hb08O7Amlg01y5s6aeVCoRzISZFKKvhWD567ZyY7NJdmKGtWGJiyDRWkWw6BCBeGhyTPb80g8reo9f1-LveOF53SsBOMfZwszXeUDnug,Concor Bisoprolol Fumarato 5mg Merck Caja x 30 Tabletas
37614,ME26069,CLORHIDRATO DE BROMEXINA 8 MG / 5 ML JARABE.,farmago,1.0000000000000002,https://www.farmago.com.ve/web/image/product.template/54020/image_1024,[7591243807370] BROFLEMA JARABE (CLORHIDRATO DE BROMEXINA) 8MG-5ML X 120ML (BIOTECH)
37632,HO43908,BUPIVACAINA 50 MG / 10 ML SOLUCION INYECTABLE,farmadon,1.0000000000000002,https://www.farmadon.com.ve/wp-content/uploads/2021/10/Bupivacaina-Ampolla-50mg10ml-Biosano.jpg,Bupivacaína Ampolla 50mg/10ml &#8211; Biosano
37665,ME40335,CANFIR 500 MG X 30 COMPRIMIDOS RECUBIERTOS DE LIBERACION PROLONGADA,farmadon,0.9000000000000001,https://www.farmadon.com.ve/wp-content/uploads/2021/10/Canfir-L.P.-Metformina-500mg-x-30-Comprimidos-Leti.jpg,Canfir L.P. Metformina 500mg x 30 Comprimidos &#8211; Leti
37668,MI1290,OXIGENO MEDICINAL,farmadon,0.4,https://www.farmadon.com.ve/wp-content/uploads/2025/07/Regulador-De-Oxigeno-Medicinal-Con-Flujometro-Y-Vaso-Bialy.png,Regulador De Oxigeno Medicinal Con Flujometro Y Vaso Bialy
37670,ME25978/2,CAPTOPRIL 25 MG X 20 COMPRIMIDOS,farmadon,1.0000000000000002,https://www.farmadon.com.ve/wp-content/uploads/2021/10/Captopril-25mg-x-20-Tabletas-Kimiceg-1.jpg,Captopril 25mg x 20 Tabletas &#8211; Kimiceg
37671,ME25738/2,CAPTOPRIL 25 MG X 20 TABLETAS,farmadon,1.0000000000000002,https://www.farmadon.com.ve/wp-content/uploads/2021/10/Captopril-25mg-x-20-Tabletas-Kimiceg-1.jpg,Captopril 25mg x 20 Tabletas &#8211; Kimiceg
37676,ME24815/2,CARBAMAZEPINA 200 MG X 10 COMPRIMIDOS,farmadon,1.0000000000000002,https://www.farmadon.com.ve/wp-content/uploads/2025/04/Carbamazepina-200Mg-X-10-Tabletas-De-Dispensador-Drotafarma.png,Carbamazepina 200Mg X 10 Tabletas De Dispensador Drotafarma
37677,ME24815/3,CARBAMAZEPINA 200 MG X 20 COMPRIMIDOS,farmadon,1.0000000000000002,https://www.farmadon.com.ve/wp-content/uploads/2024/11/Gabox-200-mg_Hero-1000x1000-1.jpeg,Gabox Carbamazepina 200mg x 20 Comprimidos &#8211; Ronava
37678,ME28957,CARBAMAZEPINA 200 MG X 30 TABLETAS,farmatodo,1.0000000000000002,https://product-images.farmatodo.com/-mXxajquv84wl0GuUFh0Rbg74s38735-18PHShA42mBt0Rb2GDk13RDvsQM67nBc5zP1KD01mrXLh3Ej8MrcWEAGJLN0BEtIIzlRecgL-239_AMb,Carbamazepina 200 mg Laproff Caja x 30 Tabletas
37679,ME43783,CARBAMAZEPINA 200 MG X 30 TABLETAS,farmatodo,1.0000000000000002,https://product-images.farmatodo.com/-mXxajquv84wl0GuUFh0Rbg74s38735-18PHShA42mBt0Rb2GDk13RDvsQM67nBc5zP1KD01mrXLh3Ej8MrcWEAGJLN0BEtIIzlRecgL-239_AMb,Carbamazepina 200 mg Laproff Caja x 30 Tabletas
37680,ME43998,CARBAMAZEPINA 400 MG X 30 TABLETAS,farmatodo,1.0000000000000002,https://lh3.googleusercontent.com/BFBw3-feSLvqn3TxIh00rK1cxgI1XiIIXFbhQAaSUv8v8IbwV1WFBVPkZkxhs1UZbmhjfzipp04JYnmD7VRfiT0JgMkJN_y-3MU,Carbamazepina 400Mg Tabletas
37682,ME33422/2,CARBATIL 12.5 MG X 10 TABLETAS,farmadon,1.0000000000000002,https://www.farmadon.com.ve/wp-content/uploads/2024/10/Biotech_Carvedilol_Carbatil_Tabletas_125mg.png,Carbatil Carvedilol 12.5Mg X 10 Tabletas Biotech
37685,ME1642,CARBONATO DE LITIO 300 MG X 20 CAPSULAS,farmadon,1.0000000000000002,https://www.farmadon.com.ve/wp-content/uploads/2025/05/Biotech_CarbonatodeLitio_Capsulas_300mg.png,Carbonato De Litio 300mg x 20 Cápsulas &#8211; Biotech
37704,ME30368,CEFADROXILO 500 MG X 10 CAPSULAS,farmatodo,0.9000000000000001,https://product-images.farmatodo.com/i7mBXG_vGDUip0R1KmvJ5LTIhX08xAmN0C9H2w7byBlUtEXdhf2QyW7nsVTLLdV1c0NdxWqBZ4Jv_7fAkORBf7XxiW21P1Z-Bg_sDbAvHGeMWG3U,Cefadroxilo Genfar 500 mg Caja x 10 Cápsulas
37705,ME27532,CEFADROXILO 500 MG X 10 CAPSULAS,farmatodo,1.0000000000000002,https://product-images.farmatodo.com/i7mBXG_vGDUip0R1KmvJ5LTIhX08xAmN0C9H2w7byBlUtEXdhf2QyW7nsVTLLdV1c0NdxWqBZ4Jv_7fAkORBf7XxiW21P1Z-Bg_sDbAvHGeMWG3U,Cefadroxilo Genfar 500 mg Caja x 10 Cápsulas
37708,ME42857,CEFADROXILO 500 MG X 10 TABLETAS,farmatodo,1.0000000000000002,https://product-images.farmatodo.com/i7mBXG_vGDUip0R1KmvJ5LTIhX08xAmN0C9H2w7byBlUtEXdhf2QyW7nsVTLLdV1c0NdxWqBZ4Jv_7fAkORBf7XxiW21P1Z-Bg_sDbAvHGeMWG3U,Cefadroxilo Genfar 500 mg Caja x 10 Cápsulas
37711,HO44435,CEFAZOLINA 1 G X 10 AMPOLLAS,farmadon,1.0000000000000002,https://www.farmadon.com.ve/wp-content/uploads/2026/07/Cefazolina-Amp.-1Gr-I.M-I.V.Distrilab-RR.png,Cefazolina Ampolla  1Gr I.M/I.V. Distrilab
37714,ME44329,CEFIXIMA 400 MG X 5 TABLETAS RECUBIERTAS,farmadon,1.0000000000000002,https://www.farmadon.com.ve/wp-content/uploads/2024/03/Cefixima-400Mg-X-5-Capsulas-Genven.jpg,Cefixima 400Mg X 5 Cápsulas Genven
37715,ME44129,CEFIXIMA 400 MG X 10 TABLETAS DISPERSABLES,farmadon,1.0000000000000002,https://www.farmadon.com.ve/wp-content/uploads/2023/06/Cefixima-400Mg-X-10-Tabletas-Dac55.jpg,Cefixima 400Mg X 10 Tabletas Dac55
37718,ME43917,CEFOTAS 500 MG X 20 CAPSULAS,farmadon,1.0000000000000002,https://www.farmadon.com.ve/wp-content/uploads/2026/03/Cefotas-500Mg-X-20Caps.Megalabs.png,Cefotas Cefadroxilo 500Mg X 20 Cápsulas Megalabs
37719,HO33864,CEFTRIAXONA 1 G X 1 AMPOLLA,farmatodo,0.9000000000000001,https://product-images.farmatodo.com/mouzv8lNo4NpPBzdvxYpp86KrD5s5GmsCjpAtp1OKnJ-DZt5v14irADC3uQ7G3vUcBWjXm07Yps3flQj6_JMdwkKRl1rqFoDD68,Ceftriaxona 1 gr Vitalis Caja x 1 Ampolla
37720,HO29420,CEFTRIAXONA 1 G POLVO PARA SOLUCION INYECTABLE,farmatodo,1.0000000000000002,https://product-images.farmatodo.com/mouzv8lNo4NpPBzdvxYpp86KrD5s5GmsCjpAtp1OKnJ-DZt5v14irADC3uQ7G3vUcBWjXm07Yps3flQj6_JMdwkKRl1rqFoDD68,Ceftriaxona 1 gr Vitalis Caja x 1 Ampolla
37722,ME41586,CELECOXIB 200 MG X 10 CAPSULAS,farmatodo,1.0000000000000002,https://product-images.farmatodo.com/hINGCFDMbGJ66TgTztHdZKLqWTyegwfIZG2Dw_yUBnp2nJ4vuZRgpNoEzxShU8H6j1mwVxcna0coCdq9KBc2Pul7QeY2Y0k-3xst,Celecoxib MK 200 mg Caja x 10 Cápsulas
37730,ME44603,CETIRIZINA 5 MG / 5 ML SOLUCION ORAL,farmago,1.0000000000000002,https://www.farmago.com.ve/web/image/product.template/54456/image_1024,[7592601100928] CETRAL (CETIRIZINA) 5MG-5ML X 60 ML SOLUCION (MEYER)
37734,ME33334/2,VITAMINA C 500 MG X 15 TABLETAS MASTICABLES SABOR A PINA,farmadon,0.9000000000000001,https://www.farmadon.com.ve/wp-content/uploads/2021/10/Cevax-Vitamina-C-500mg-x-15-Capsulas-Vivax.png,Cevax Vitamina C 500mg x 15 Cápsulas Blandas Vivax
37735,ME33334/3,VITAMINA C 500 MG X 30 TABLETAS MASTICABLES SABOR A PINA,farmadon,0.9000000000000001,https://www.farmadon.com.ve/wp-content/uploads/2024/03/vitadyn.png,Vitadyn Sin Azúcar Vitamina C 500Mg X 30 Tabletas Oftalmi
37744,ME43391,CILOSTAZOL 50 MG X 30 TABLETAS RECUBIERTAS,farmatodo,1.0000000000000002,https://product-images.farmatodo.com/OANLskJ33PgQuQYiZYXChLuza9Syyv5Z4IXP--b75BGpAQK3a-O2I_mGrjqBkFwwGSC8HJc1A_6JavWfvpBz1btnIc5CwRHk2k-Zs3LEaYzQfQVt_g,Cilostal Cilostazol 50 mg Merck Caja x 30 Tabletas
37745,ME42967,CILOSTAZOL 100 MG X 30 TABLETAS,farmatodo,1.0000000000000002,https://product-images.farmatodo.com/Iz4uNiwRjE33siNyRYxxhx61OCBqHaEVbAFRFa_gM6SyBH-24oTmT93Vwh680HDfheRxHaf6SN0ekKF5ncMaJPYNwL7ndrNydqmEtRbj5adyow8W,Cilostal Cilostazol 100 mg Merck Caja x 30 Tabletas
37751,ME28283/3,CIPROFLOXACINA 500 MG X 14 TABLETAS RECUBIERTAS,farmadon,0.9000000000000001,https://www.farmadon.com.ve/wp-content/uploads/2025/04/Ciprofloxacina-500Mg-X-14Comp.-Genven.png,Ciprofloxacina 500Mg X 14 Comprimidos Genven
37752,ME28283/2,CIPROFLOXACINA 500 MG X 6 TABLETAS RECUBIERTAS,farmadon,0.9000000000000001,https://www.farmadon.com.ve/wp-content/uploads/2022/07/Ciprofloxacina-500Mg-X-6-Tabletas-Kimiceg-1.jpg,Ciprofloxacina 500Mg X 6 Tabletas Kimiceg
37753,HO44719,CIPROFLOXACINA 200 MG / 100 ML SOLUCION INYECTABLE,farmadon,0.9000000000000001,https://www.farmadon.com.ve/wp-content/uploads/2025/07/Ciprofloxacina-Amp.-200Mg-100Ml-I.V-Alfa.png,Ciprofloxacina Ampolla 200Mg/100Ml I.V Alfa
37755,ME27827/4,CIPROFLOXACINA 500 MG X 10 TABLETAS RECUBIERTAS,farmadon,0.9000000000000001,https://www.farmadon.com.ve/wp-content/uploads/2024/07/Ciprofloxacina-500Mg-X-10-Tabletas-La-Sante.png,Ciprofloxacina 500Mg X 10 Tabletas La Santé
37756,ME27827/3,CIPROFLOXACINA 500 MG X 6 TABLETAS RECUBIERTAS,farmadon,0.9000000000000001,https://www.farmadon.com.ve/wp-content/uploads/2022/07/Ciprofloxacina-500Mg-X-6-Tabletas-Kimiceg-1.jpg,Ciprofloxacina 500Mg X 6 Tabletas Kimiceg
37759,ME26487/3,CIPROFLOXACINA 500 MG X 10 COMPRIMIDOS RECUBIERTOS,farmadon,0.9000000000000001,https://www.farmadon.com.ve/wp-content/uploads/2024/07/Ciprofloxacina-500Mg-X-10-Tabletas-La-Sante.png,Ciprofloxacina 500Mg X 10 Tabletas La Santé
37760,ME26487/2,CIPROFLOXACINA 500 MG X 6 COMPRIMIDOS RECUBIERTOS,farmadon,0.9000000000000001,https://www.farmadon.com.ve/wp-content/uploads/2022/07/Ciprofloxacina-500Mg-X-6-Tabletas-Kimiceg-1.jpg,Ciprofloxacina 500Mg X 6 Tabletas Kimiceg
37761,ME42422,CIPROFLOXACINO 500 MG X 10 TABLETAS RECUBIERTAS,farmatodo,1.0000000000000002,https://lh3.googleusercontent.com/A8RScjbykuSoJdHMb5Tgo6KZQITpi0Aq0FzN5-vPRnKamD0GnNvsH2XMSsqwjZfmeQVOzGvQ9uxWoA9xkYBLFiyrCK4JMG3E1FY,Ciprofloxacino MK 500 mg x 10 Tabletas
37775,ME29289,CLENBUNAL 0.014 MG / ML SOLUCION ORAL,farmadon,0.9000000000000001,https://www.farmadon.com.ve/wp-content/uploads/2021/02/Clenbunal-Clenbuterol-En-Gotas-Pediatrico-0.014mgml-15ml-Rowe.png,Clenbunal Clenbuterol En Gotas Pediátrico 0.014mg/ml 15ml Rowe
37783,ME44654,CLINDAMICINA 300 MG X 16 CAPSULAS,farmadon,1.0000000000000002,https://www.farmadon.com.ve/wp-content/uploads/2023/09/Clindamicina-300Mg-X-16-Capsulas-Genven.jpg,Clindamicina 300Mg X 16 Cápsulas Genven
37784,ME31466,CLINDAMICINA 300 MG X 20 CAPSULAS,farmadon,1.0000000000000002,https://www.farmadon.com.ve/wp-content/uploads/2025/10/Clindamicina-300Mg-X-20Caps.-La-Sante.png,Clindamicina 300Mg X 20 Cápsulas La Sante
37787,ME33581,CLOFEN 1.8 MG / ML SUSPENSION ORAL,farmadon,0.9000000000000001,https://www.farmadon.com.ve/wp-content/uploads/2021/09/Clofen-Diclofenac-Potasico-Suspension-Oral-1.8mgml-120ml.-Dollder.jpg,Clofen Diclofenac Potásico Suspensión Oral 1.8mg/ml 120ml. Dollder
37792,ME38584,CLONAZEPAM 0.5 MG X 30 TABLETAS,farmatodo,1.0000000000000002,https://lh3.googleusercontent.com/MLBltkukZL3tPPSmYsQYY05OnqZAioaxxcXg5hkrUcy2yAqUYrsFZzMx0r_4MeuVydgj0b85BvyDP3zai4lf-PboTvzcbSCHQw,Coquan Clonazepam 0.5 mg Siegfried Caja x 30 Tabletas
37793,ME38585,CLONAZEPAM 2 MG X 30 TABLETAS,farmatodo,1.0000000000000002,https://lh3.googleusercontent.com/E1STe3imMh8951Y5RDyibWGPCD5JuSk6VZGlpiWlCA5tNWx4NcR1mFahALu3brwLbrsYlnMqhBbonlprB2Myj2C2r2lnHe5neCWE,Coquan Clonazepam 2 mg Siegfried Caja X 30 Tabletas
37802,ME34084/3,CLOPIDOGREL 75 MG X 20 COMPRIMIDOS RECUBIERTOS,farmatodo,1.0000000000000002,https://lh3.googleusercontent.com/o0pfHeynfFqMwflKqtvDTnBaCaOTmqjvJbziiUC8J8Xh2zQ0TCaIiOlNT5lgf0Bp6dArUqrq9xiipZEda0dSb3AJX-7GnacW0S0,Clopidogrel MK 75mg Tabletas
37803,ME34084/4,CLOPIDOGREL 75 MG X 30 COMPRIMIDOS RECUBIERTOS,farmatodo,1.0000000000000002,https://product-images.farmatodo.com/XzcZaHrdNhy-0rgueLoZexkK8oUTobLEhXmlPL0_BEpyFlV_qlO-skP4MucFCrKWRGUvWcqFwkJ6ReD1QFsxo59g-6-IHLobpMJ8_Qoxbc41_Wo,Clopidogrel 75 mg MK Caja x 30 Tabletas
37805,ME37534,CLOPIDOGREL 75 MG X 30 TABLETAS RECUBIERTAS,farmatodo,0.9000000000000001,https://product-images.farmatodo.com/XzcZaHrdNhy-0rgueLoZexkK8oUTobLEhXmlPL0_BEpyFlV_qlO-skP4MucFCrKWRGUvWcqFwkJ6ReD1QFsxo59g-6-IHLobpMJ8_Qoxbc41_Wo,Clopidogrel 75 mg MK Caja x 30 Tabletas
37806,ME43375,CLOPIDOGREL 75 MG X 30 TABLETAS RECUBIERTAS,farmatodo,1.0000000000000002,https://product-images.farmatodo.com/XzcZaHrdNhy-0rgueLoZexkK8oUTobLEhXmlPL0_BEpyFlV_qlO-skP4MucFCrKWRGUvWcqFwkJ6ReD1QFsxo59g-6-IHLobpMJ8_Qoxbc41_Wo,Clopidogrel 75 mg MK Caja x 30 Tabletas
37807,ME34774,CLOPIDOGREL 75 MG X 30 TABLETAS RECUBIERTAS,farmatodo,1.0000000000000002,https://product-images.farmatodo.com/XzcZaHrdNhy-0rgueLoZexkK8oUTobLEhXmlPL0_BEpyFlV_qlO-skP4MucFCrKWRGUvWcqFwkJ6ReD1QFsxo59g-6-IHLobpMJ8_Qoxbc41_Wo,Clopidogrel 75 mg MK Caja x 30 Tabletas
37817,ME34033,CLORTALIDONA 25 MG X 30 TABLETAS,farmatodo,1.0000000000000002,https://product-images.farmatodo.com/dXHmxT6_lFwNqJF_JkUEEoJkUAOBQa4vdhIWFldOmnGfUoIfTJO2g2gthZLM7GF4mLtz65sud_NVAoGvybXNXzLzh5nHdSGecBQvt0zXbutV7tRu,Clortax Clortalidona 25 mg Megalabs Caja x 30 Tabletas
37818,HO37055,CLORURO DE POTASIO 2 MEQ / ML SOLUCION INYECTABLE,farmago,0.6000000000000001,https://www.farmago.com.ve/web/image/product.template/54860/image_1024,[7592637000339] CLORURO DE POTASIO  7.5´% X 100ML SOLUCION INYECTABLE (BEHRENS)
37823,ME43751,CLOTRIMAZOL 100 MG X 6 OVULOS VAGINALES,farmadon,1.0000000000000002,https://www.farmadon.com.ve/wp-content/uploads/2022/05/Clotrimazol-100Mg-X-6.Ov_.-Tiares.jpg,Clotrimazol 100Mg X 6 Óvulos Tiares
37842,ME35619/3,CORENTEL 10 MG X 30 COMPRIMIDOS RECUBIERTOS,farmadon,0.9000000000000001,https://www.farmadon.com.ve/wp-content/uploads/2021/03/Corentel-Bisoprolol-10mg-x-30-Comprimidos-Roemmers.png,Corentel Bisoprolol 10mg x 30 Comprimidos &#8211; Megalabs
37844,ME39494/3,CORENTEL 1.25 MG X 30 COMPRIMIDOS RECUBIERTOS,farmadon,0.9000000000000001,https://www.farmadon.com.ve/wp-content/uploads/2021/10/Corentel-Bisoprolol-1.25mg-x-30-Comprimidos-Roemmers.png,Corentel Bisoprolol 1.25mg x 30 Comprimidos &#8211; Megalabs
37874,ME32194/2,DEFLAZACORT 6 MG X 10 COMPRIMIDOS,farmatodo,1.0000000000000002,https://product-images.farmatodo.com/Q8R2kvEab4IQF1ddAbmku4OYqTrvFQySEu5YvN-pozlLlraIL8l9gUtisjRU5cpGGWwoEP4WglVbmICZm2jueSqCY_Ci2Sp8XrPaAlGXK_9RsVQ,Deflazacort MK 6 mg Caja x 10 Tabletas
37904,HO42601,DEXAMETASONA 8 MG / 2 ML X 10 AMPOLLAS,farmatodo,1.0000000000000002,https://product-images.farmatodo.com/NpAIMfM75BXIeF5uwqEn8OZg8-Ke_czCFhG9HvfdzJuxODZBGBa7lqnXsU0axkl4uarhZ7ppvUxc-gdz_m5hxyoTW2d9xjGrYwz_4Dt6_DYLr9xW,Dexametasona 8mg/2ml Vitalis Caja x 10 Ampollas 
37906,ME44066,DEXKETOPROFENO 25 MG / 10 ML X 20 SOLUCION ORAL,farmadon,1.0000000000000002,https://www.farmadon.com.ve/wp-content/uploads/2025/06/Dexketoprofeno-Sobre-Sol.Oral-25Mg10Ml-X-Unid.-Calox.png,Dexketoprofeno Sobre Solución Oral 25Mg/10Ml X Unidad Calox
37918,ME35040,DIAGESIC 1.8 MG / ML SUSPENSION ORAL,farmadon,0.9000000000000001,https://www.farmadon.com.ve/wp-content/uploads/2024/10/Diagesic-Diclofenac-Jarabe-Pediatrico-1.8Mg-Ml-X-60Ml-Biotech-new.png,Diagesic Diclofenac Jarabe Pediátrico 1.8Mg /Ml X 60Ml Biotech
37927,HO36803/2,DICLOFENACO SODICO 75 MG / 3 ML X 1 AMPOLLA,farmatodo,1.0000000000000002,https://lh3.googleusercontent.com/TgK_rrtZsfutQp0PUCePbwGrKJrBSZBVVWYR375xDiDCE_XH9Jg9Ebn-nP2vJtoHuVeyhkPWtiu5flbAcEAatc7jYKKsIDj1vxRg-ph8_dMJ2LVe,Voltaren Diclofenaco Sódico 75mg/3ml Fracción x 1 Ampolla
37928,HO36803/3,DICLOFENACO SODICO 75 MG / 3 ML X 10 AMPOLLAS,farmatodo,1.0000000000000002,https://lh3.googleusercontent.com/kEz2npdk07gQJ7KEMOn9fUY94L9-T53VZSuCdBb8cc3T6y7WSezSykHmTjc0Wd69QbRc1rMBPYC6QdpNL-ztZAa8N-COrLbNyNucRJB5RvIJD7Y,Diclofenaco Sódico Intramuscular 75mg/3ml Colmed Caja x 10 Ampollas
37932,ME28851,DICLOFENAC SODICO 50 MG X 20 TABLETAS CON RECUBRIMIENTO ENTERICO,farmago,0.9000000000000001,https://www.farmago.com.ve/web/image/product.template/55688/image_1024,[7592454139304] DICLOFENAC SODICO  50MG X 20 TABLETAS (LA SANTE)
37955,ME38177/4,DIOSMINA 600 MG X 30 TABLETAS RECUBIERTAS,farmatodo,1.0000000000000002,https://lh3.googleusercontent.com/lAZlgNyYiBYoLyTusaGgNK1qkrJTYD2ijCA7yhpi4Hkk_9X2iynpp0rleqHpaEOLUIxPu-C2HsahcVlvMiGbpJKEr77YO2WJw50,Flebodia Diosmina 600 mg Biopass Caja x 30 Cápsulas
37956,ME36420,DIOSMINA - HESPERIDINA 450 MG - 50 MG X 30 TABLETAS RECUBIERTAS,farmatodo,1.0000000000000002,https://product-images.farmatodo.com/4YZ8nNV3H_I6fvKuLVIGSqP0sburgc6YnNJ3hG4EzZ-zQfLAv_b2ntxrle-aYjeEjmd6ZKZUU640XfOXH2VUJNS4zHcPpa0E7hO471tLsoyaOcVRFw,Diosmina + Hesperidina 450mg/50mg Genfar Caja x 30 Comprimidos
37957,ME40371,DIOSMINA-HESPERIDINA 450 MG-50 MG COMPRIMIDOS RECUBIERTOS,farmago,0.9000000000000001,https://www.farmago.com.ve/web/image/product.template/56339/image_1024,[7592229002543] FLEBOSMIN (DIOSMINA - HESPERIDINA) 450MG-50MG X 30 TABLETAS (FARMA)
37967,ME26655/2,DOL X 4 TABLETAS RECUBIERTAS,farmadon,0.7000000000000001,https://www.farmadon.com.ve/wp-content/uploads/2025/07/Dol-Plus-AcetaminofenCafeinaDihidroergotamina-10-Tabletas-–-Calox-RR.png,Dol Plus Acetaminofén+Cafeína+Dihidroergotamina 10 Tabletas &#8211; Calox
37974,ME44581/2,DOMPERIDONA 10 MG X 10 TABLETAS,farmadon,1.0000000000000002,https://www.farmadon.com.ve/wp-content/uploads/2021/02/Biotech_Domperidona_Tonum_Tabletas_10mg.png,Tonum Domperidona 10 mg 30 Tabletas Biotech
37975,ME44581/3,DOMPERIDONA 10 MG X 15 TABLETAS,farmadon,1.0000000000000002,https://www.farmadon.com.ve/wp-content/uploads/2026/02/DOMPERIDONA-10MG-X-15TAB-USO-VETERINARIO.-CALOX.png,Domperidona 10Mg X 15 Tabletas (Uso Veterinario) Calox
37976,ME44581/4,DOMPERIDONA 10 MG X 30 TABLETAS,farmatodo,1.0000000000000002,https://product-images.farmatodo.com/BgBKAT1G4QnALgQLoRHItZ_u1iE_cgvX9YVPZHszLDS6pyMk6BTXwol518MDBd2sJEnRD3sGmo-VT2KxjbI8MFsxByRKqk4rHNkiEOiqxu9uyrtj,Domperix Domperidona 10 mg Eurofarma Caja x 30 Tabletas
37984,ME43060,DOXICICLINA 100 MG X 10 CAPSULAS,farmatodo,1.0000000000000002,https://product-images.farmatodo.com/VC9D0KkpBputU5B6WWBUDpfIE1Ed1MSDCsZAQQd_yLbrPSPczq0YGj2pSJi2xVcxSnq4rkBQ3OVw9T5uE03WHtjNNlG9HJy84hk,Hiclina Doxiciclina Hyclato 100 mg Pharmaderm Caja x 10 Cápsulas
37985,ME20337,DOXICICLINA 100 MG X 10 CAPSULAS,farmatodo,1.0000000000000002,https://product-images.farmatodo.com/VC9D0KkpBputU5B6WWBUDpfIE1Ed1MSDCsZAQQd_yLbrPSPczq0YGj2pSJi2xVcxSnq4rkBQ3OVw9T5uE03WHtjNNlG9HJy84hk,Hiclina Doxiciclina Hyclato 100 mg Pharmaderm Caja x 10 Cápsulas
37987,ME42749,DULOXETINA 60 MG X 28 TABLETAS GASTRORRESISTENTES,farmatodo,1.0000000000000002,https://lh3.googleusercontent.com/M25Md9LCEW_cB4bOHmpbwWPhJPswg-ldsljAfntmkyYcslaped53NugTRsCOA1BW5Qht6cWF37Ae5d_Qz4CmjB8It5mePE3vtGM9,Cymbalta Duloxetina 60 mg Lilly Caja x 28 Cápsulas
37991,ME32615/5,DUROVAL 50 MG X 10 TABLETAS RECUBIERTAS,farmadon,0.9000000000000001,https://www.farmadon.com.ve/wp-content/uploads/2021/10/Duroval-Sildenafilo-50mg-x-10Tabletas-–-Valmorca.jpg,Duroval Sildenafilo 50mg x 10 Tabletas &#8211; Valmorca
37993,ME44389/3,TAMSULON DUO 0.5 MG - 0.4 MG X 30 CAPSULAS DE LIBERACION PROLONGADA,farmatodo,1.0000000000000002,https://product-images.farmatodo.com/kM8at_lNiD6_FxYo3rTyFpUAe6EGw2PUFBWUIWRH1Mo2yV9GyNFnvw1ilZDk_CycialyeRudrj74n70GthUKSFxrvSWeYybaO5yMleD4sHQh3aNx,Tamsulon Duo Dutasterida + Tamsulosina 0.5mg/0.4mg Adium Caja x 30 Cápsulas
37998,ME44046,EMPAGLIFLOZINA - LINAGLIPTINA 10 MG - 5 MG X 30 COMPRIMIDOS RECUBIERTOS,farmatodo,1.0000000000000002,https://lh3.googleusercontent.com/rYOU3jqyGqsLlbLnBdsIDAsI_rCb2HKh553b5BgSG0BFCbrKVV3Byhm1wNMGkUBdFCSEjQzxoPW0hpa7uewF8TCdDe1RspzSrWw,Glyxambi Empagliflozina + Linagliptina 10mg/5mg Boehringer Caja x 30 Tabletas
37999,ME44045,EMPAGLIFLOZINA - LINAGLIPTINA 25 MG - 5 MG X 30 COMPRIMIDOS RECUBIERTOS,farmatodo,1.0000000000000002,https://lh3.googleusercontent.com/seIjzT8E4ZlRr74utL97SLd8zcdpMSRTjcwtDY43V3v7HwLmTCq-WzWxvGuekp8Q2PnCmX6HxOTVv0r_ae6TfvVojUTux8Hhqg,Glyxambi Empagliflozina + Linagliptina 25mg/5mg Boehringer Caja x 30 Tabletas
38004,ME26416/2,ENALAPRIL 20 MG X 20 TABLETAS,farmatodo,1.0000000000000002,https://lh3.googleusercontent.com/UHupst0eIr5cG8UXJ91FEzZRSN8wUy31zl8rNrutBGxzO38b2dd00d7nj67xZCeQWeLgktBzfUJqs8XqKQU-LsuR_xaoRby3ADY,Enalapril MK 20mg Tableta
38014,ME37000,ERITROMICINA 500 MG X 10 TABLETAS RECUBIERTAS,farmatodo,1.0000000000000002,https://lh3.googleusercontent.com/ojpjAzty9uI2APJ6jdIfzxrv0YqpUcRoX3wAYF2RlMkmt-Hs0bb_SYoKz4L5jueQB7Rr3Y29kODRbREhwMmpnU6W1V4Gg0WSCiknMiqQXxpA08c,Eritromicina MK 500 mg Fracció Blíster x 10 Tabletas
38016,ME40959/2,ESCITALOPRAM 10 MG X 14 COMPRIMIDOS RECUBIERTOS,farmatodo,1.0000000000000002,https://lh3.googleusercontent.com/JdthEttRQ_ghs0dOAlPLEcoghJJS6F9GqQ0oie55t7spD7k0qeOUyQ40P80ZTsydqVbAGx-PYjVFSwvK-xy-75nRk70EEye_CNMnxnR27FMkdpc,Lexapro Escitalopram 10 mg Suiphar Caja x 14 Comprimidos
38019,ME40960/2,ESCITALOPRAM 20 MG X 28 COMPRIMIDOS RECUBIERTOS,farmatodo,1.0000000000000002,https://product-images.farmatodo.com/fAPGUvCNHgJvnD3YhkLX1KovP2sToB-UiPGES73-hRnRtReEfWkrCf2M2YgvzlPmhpJqrMq4owaRVCDE9CmH7lEk8yFUZTwQA323iqxX_2fTPfvU,Escitalopram Sandoz 20 mg Caja x 28 Tabletas
38021,ME38504/3,ESCITALOPRAM 10 MG X 30 TABLETAS RECUBIERTAS,farmatodo,0.9000000000000001,https://product-images.farmatodo.com/DDVZgPY7KYgyYqtnSOPZyR_zLoHOAHYgsSDMZKSmtlv7XbnCyx_XAm5pC9dhZZFklLcduDW2JrfW5vACsiImAruqTfM28MrjSPoOh-_frld3aG0,Escitalopram 10 mg MK Caja x 30 Tabletas
38023,ME41771/3,ESCITALOPRAM 20 MG X 30 TABLETAS RECUBIERTAS,farmatodo,1.0000000000000002,https://lh3.googleusercontent.com/ONCshQWenoy5vsyyGmbuVZzOX5Rxj9Zt2w_PWsdkmeHl3mDWKxnDz-FwaQF59CSALGZl5ckZaw5jLKPZ_bUTpg2sb3xyiVln6A,Escitalopram Genfar 20 mg Caja x 30 Comprimidos
38025,ME43340,ESCITALOPRAM 5 MG X 30 TABLETAS RECUBIERTAS,farmadon,0.9000000000000001,https://www.farmadon.com.ve/wp-content/uploads/2022/04/Escitalopram-5mg-x-30-Comprimidos-Cleo-Pharma-NEW.png,Escitalopram 5mg x 30 Comprimidos Cleo Pharma
38026,ME43163,ESCITALOPRAM 10 MG X 28 TABLETAS RECUBIERTAS,farmatodo,1.0000000000000002,https://product-images.farmatodo.com/UNdDXf4CuhhFxncz_Zs83rPDe5ji1tvXtmBEP8yRDe__surVsx7Q1eNjsZA8A6TewrteDvgG3V6l6CBFezsbiOZICIE2Z2rSVeiGj9u7ph-cIbj8,Escitalopram Genfar 10 mg Caja x 28 Comprimidos
38045,ME33352/2,ESPIRONOLACTONA 25 MG X 10 TABLETAS,farmadon,1.0000000000000002,https://www.farmadon.com.ve/wp-content/uploads/2026/05/Espironolactona-25Mg-X-10Tab.-Hym-ll.png,Espironolactona 25Mg X 10 Tabletas  Hym
38073,HO35889/3,FENITOINA SODICA 250 MG / 5 ML X 30 AMPOLLAS,farmadon,1.0000000000000002,https://www.farmadon.com.ve/wp-content/uploads/2021/10/Fenitoina-Sodica-Ampolla-250mg-5ml-I.M-I.V-Vitalis.jpg,Fenitoína Sódica Ampolla 250mg/5ml I.M/I.V &#8211; Vitalis
38074,HO35889/2,FENITOINA SODICA 250 MG / 5 ML X 10 AMPOLLAS,farmadon,1.0000000000000002,https://www.farmadon.com.ve/wp-content/uploads/2021/10/Fenitoina-Sodica-Ampolla-250mg-5ml-I.M-I.V-Vitalis.jpg,Fenitoína Sódica Ampolla 250mg/5ml I.M/I.V &#8211; Vitalis
38075,ME27405/2,FERGANIC 40 MG X 14 CAPSULAS,farmadon,0.9000000000000001,https://www.farmadon.com.ve/wp-content/uploads/2021/03/Ferganic-Hierro-40mg-x-14-Tabletas-–-Rowe-1.png,Ferganic Hierro 40mg x 14 Cápsulas &#8211; Rowe
38078,ME27552,FERGANIC 20 MG / ML SOLUCION ORAL,farmago,0.9000000000000001,https://www.farmago.com.ve/web/image/product.template/56295/image_1024,[7591955003077] FERGANIC FOLIC SOLUCION GOTAS PEDIATRICO (HIERRO - ACIDO FOLICO) 20MG-80MCG-ML X 30ML (MEGALABS)
38088,ME36163,FEXOFENADINA CLORHIDRATO 180 MG X 10 TABLETAS RECUBIERTAS,farmatodo,1.0000000000000002,https://lh3.googleusercontent.com/NNS2VS3xIkHhK0BBMoFPxouYU-R8uIyjOON8W2IuzuZ-j19poGzLZhPj3FYvpEoTETyu205uYEphvvKVj1XKnZbi7nSWHEoNmkrZmg1BF6vi05k,Fexofenadina Clorhidrato 180 mg Colmed x10 Tabletas
38093,ME13715,MONOSULPA X 260 SOLUCION NASAL,farmago,0.6000000000000001,https://www.farmago.com.ve/web/image/product.template/58593/image_1024,[7591585110923] MONOSULPA SOLUCION NASAL (CLORFENIRAMINA - FENILEFRINA - KANAMICINA)  X 15ML (LETI)
38099,ME35935,FLATORIL 80 MG / ML SUSPENSION GOTAS,farmago,1.0000000000000002,https://www.farmago.com.ve/web/image/product.template/56330/image_1024,[7591062166191] FLATORIL SUSPENSION GOTAS (SIMETICONA) 80MG-ML X 20ML (ELMOR)
38102,ME40011/3,FLAVOXATO 200 MG X 20 COMPRIMIDOS RECUBIERTOS,farmadon,1.0000000000000002,https://www.farmadon.com.ve/wp-content/uploads/2024/06/Flavoxato-200Mg-X-20-Tabletas-Dac55.png,Flavoxato 200Mg X 20 Tabletas Dac55
38103,ME44088,FLAVOXATO 200 MG X 30 TABLETAS RECUBIERTAS,farmadon,1.0000000000000002,https://www.farmadon.com.ve/wp-content/uploads/2025/01/FLAVOXATO-.png,Flavoxato 200mg x 30 Tabletas &#8211; Angelus
38104,ME41029,FLAVOXATO CLORHIDRATO 200 MG X 10 TABLETAS RECUBIERTAS,farmago,1.0000000000000002,https://www.farmago.com.ve/web/image/product.template/56337/image_1024,[7703763671984] FLAVOXATO CLORHIDRATO  200MG X 10 TABLETAS (LA SANTE)
38112,ME41686,FLUCON 200 MG X 4 CAPSULAS,farmadon,1.0000000000000002,https://www.farmadon.com.ve/wp-content/uploads/2021/10/Flucon-200mg-x-4-Capsulas-Rowe.jpg,Flucon Fluconazol 200mg x 4 Cápsulas &#8211; Rowe
38118,ME43904,FLUCONAZOL 200 MG TABLETAS RECUBIERTAS,farmatodo,1.0000000000000002,https://product-images.farmatodo.com/uuQjSv0X239_d-h72TJkT8yJ6lIJ5M7TLXxFxR8A0fpHOo_xJCvpV4eKRyNFZ38BkpD0SbCfAuGYO2PULSQLe9Qo7QGiXsPw8g,Fluconazol MK 200 mg Caja x 4 Cápsulas
38119,HO40840,FLUCONAZOL 200 MG / 100 ML SOLUCION INYECTABLE INTRAVENOSA,farmadon,1.0000000000000002,https://www.farmadon.com.ve/wp-content/uploads/2026/08/Fluconazol-Amp.-200Mg-100Ml-I.V-Ips-SM.png,Fluconazol Ampolla 200Mg/100Ml I.V Ips
38120,ME42709/2,FLUCONAZOL 150 MG X 2 TABLETAS,farmatodo,1.0000000000000002,https://product-images.farmatodo.com/JAeebDUO_-roSl6tyFqJlpFG_3SHdNLhl3pRk-sD3JqTV3cqsCLSzFQ3OB3jDpeyZzPHMbTISkV1FGVDxBWRgzB8SIyeUhXsIPemXsyYmWMnzODS,Fluconazol Genfar 150 mg Caja x 2 Cápsulas
38125,ME43024,FLUNARIZINA 10 MG X 30 TABLETAS RECUBIERTAS,farmatodo,1.0000000000000002,https://product-images.farmatodo.com/FpjpGhi3vo_jsmHvKFdj9n6uyDpoDixF4UMJ3CAK2AlCRK5mETNt92s-1_Qi19dSl_KR8WPokVqvLTmVemHAVLXSGd2ymH3BliF5zvuHPzPCjYBdJA,Flunarizina 10 mg MK Caja x 30 Tabletas
38126,ME31214,FLUOXETINA 20 MG X 14 CAPSULAS,farmadon,0.9000000000000001,https://www.farmadon.com.ve/wp-content/uploads/2025/04/Fluoxetina-20Mg-X-14-Capsulas-La-Sante.png,Fluoxetina 20Mg X 14 Cápsulas  La Sante
38128,ME28948,FLUOXETINA 20 MG X 28 CAPSULAS,farmatodo,1.0000000000000002,https://lh3.googleusercontent.com/TnSonvium1r0o4_vbbUNndxINQkYDjFcZiS9eXofblxekZV3tu2jtx1033N6-WRb78xDGUTrrdnU9GD16jJ-aY5XM9S-cHtxNes,Prozac Fluoxetina 20 mg Caja x 28 Cápsulas
38139,HO32365,FUROSEMIDA 20 MG / 2 ML X 3 AMPOLLAS,farmadon,1.0000000000000002,https://www.farmadon.com.ve/wp-content/uploads/2024/07/Furosemida-Amp.-20Mg2Ml-I.VI_.M-Drotafarma.png,Furosemida Ampolla 20Mg/2Ml I.V/I.M Drotafarma
38145,ME21300,FUROSEMIDA 40 MG X 24 TABLETAS,farmatodo,1.0000000000000002,https://lh3.googleusercontent.com/vQFyn7_C5EYG85tOO7PZrOaaywu0ybxAbX6qgUKoHYEhCiPKp9kVV04uWkAMi_A4DP_kgtPqls0ooE5xAl463c3UZMFBzstzQR2z_eWl2wcw2sjr,Furosemida 40mg  12 Comprimidos Plusandex
38147,ME34981/2,GABAPENTINA 300 MG X 14 CAPSULAS,farmadon,1.0000000000000002,https://www.farmadon.com.ve/wp-content/uploads/2024/03/Gabapentina-300Mg-X-14-Capsulas-Lattan-Medic.jpg,Gabapentina 300Mg X 14 Cápsulas Lattan Medic
38148,ME34981/3,GABAPENTINA 300 MG X 30 CAPSULAS,farmatodo,1.0000000000000002,https://lh3.googleusercontent.com/cC2lNiW3CT31sjN-SuL_70IFc7As783B4CQxEvbFxKkUMqwB2xy-kn4xyMmRKD8omW5OxCRdabkD5DlmY283FxDGe8OIToFwzijbTDU3eo7USyM,Neurontin Gabapentina 300 mg Pfizer Caja x 30 Cápsulas
38154,HO36306/3,GENTAMICINA 160 MG / 2 ML X 10 AMPOLLAS,farmatodo,1.0000000000000002,https://lh3.googleusercontent.com/FdqyDK_-cSFfc_DW9RdPOvl3JY_IJbLRSV6ZUFtV9FIoCFjK53sCqXUPTQwaghcDWAnliZYGIkzJT0_KHhEZXoMgFLyvd5aTNzu0vAwenVknjNA,Gentamicina Genfar 160mg/2ml Caja x 10 Ampollas
38157,ME24164,GENURIN 200 MG X 10 COMPRIMIDOS RECUBIERTOS,farmadon,0.9000000000000001,https://www.farmadon.com.ve/wp-content/uploads/2021/10/Genurin-200mg-x-10-Tabletas-Elmor.jpg,Genurin Flavoxato 200mg x 10 Tabletas &#8211; Elmor
38158,ME33501,GLIBENCLAMIDA 5 MG X 10 COMPRIMIDOS,farmadon,1.0000000000000002,https://www.farmadon.com.ve/wp-content/uploads/2025/02/Glibenclamida-5Mg-X-10Tab.-Vincenti.png,Glibenclamida 5Mg X 10 Tabletas Vincenti
38159,ME26275,GLIBENCLAMIDA 5 MG X 30 TABLETAS,farmatodo,1.0000000000000002,https://lh3.googleusercontent.com/vBDP5hR8pF6zWdDJB8LmHr3aEifOtoA469OhObh-PCjo-2J4hSLNagGB0SjjIbMfqg_olHXHg7epv9yfoRvrww8L2LGK19ydgJA,Glibenclamida MK 5 mg Caja x 30 Tabletas
38168,ME32878,GLIMEPIRIDA 4 MG TABLETAS,farmatodo,1.0000000000000002,https://lh3.googleusercontent.com/2HRhlvlFsRAKk4c8p-JDZURr5ScJnJbECf6cIY-YEkyB1GBrzxocRncSI46xLT6u8YdAB2RdNOAImahQ4syiU3oJNg_D-KYg-h3fnSIs4iWocRNl,Amaryl Glimepirida 4 mg Sanofi Caja x 15 Tabletas
38177,ME35616,GLYMAR 4 MG X 20 TABLETAS,farmadon,1.0000000000000002,https://www.farmadon.com.ve/wp-content/uploads/2021/10/KAPET-4.png,Glymar Glimepiride 4mg x 20 Tabletas &#8211; Siegfried
38185,HO32537,HALOPERIDOL 5 MG / ML X 30 AMPOLLAS,farmadon,1.0000000000000002,https://www.farmadon.com.ve/wp-content/uploads/2021/10/Haloperidol-Ampolla-5mg1ml-I.MI_.V-Biosano.jpg,Haloperidol Ampolla 5mg/1ml I.M/I.V &#8211; Biosano
38191,ME35183/2,LOSARTAN POTASICO - HIDROCLOROTIAZIDA 100 MG - 25 MG X 10 COMPRIMIDOS RECUBIERTOS,farmago,1.0000000000000002,https://www.farmago.com.ve/web/image/product.template/58078/image_1024,[7592454003308] LOSARTAN POTASICO - HIDROCLOROTIAZIDA  100MG-25MG X 10 TABLETAS (LA SANTE)
38195,ME36980/2,LOSARTAN POTASICO - HIDROCLOROTIAZIDA 100 MG - 25 MG X 10 COMPRIMIDOS RECUB,farmago,0.9000000000000001,https://www.farmago.com.ve/web/image/product.template/58078/image_1024,[7592454003308] LOSARTAN POTASICO - HIDROCLOROTIAZIDA  100MG-25MG X 10 TABLETAS (LA SANTE)
38196,ME36980/3,LOSARTAN POTASICO - HIDROCLOROTIAZIDA 100 MG - 25 MG X 30 COMPRIMIDOS RECUB,farmago,0.9000000000000001,https://www.farmago.com.ve/web/image/product.template/58079/image_1024,[7592454889728] LOSARTAN POTASICO - HIDROCLOROTIAZIDA  100MG-25MG X 30 TABLETAS (LA SANTE)
38198,HO35867,BUTILBROMURO DE HIOSCINA 20 MG / ML SOLUCION INYECTABLE,farmadon,0.9000000000000001,https://www.farmadon.com.ve/wp-content/uploads/2022/03/N-BUTILBROMURO-D.-HIOSCINADIPIRONA-AMP.20MG-2.5G-5ML-I.M-I.V-VITALIS.jpg,N-Butilbromuro De Hioscina+Dipirona Ampolla 20mg-25G/5ml IM/IV Vitalis
38202,ME41648,HISTIVERT 16 MG X 30 COMPRIMIDOS,farmatodo,1.0000000000000002,https://product-images.farmatodo.com/8_7r_M1NDAMQwAQb0DoVEY-CYHH2b8nwSdVp6thoSALG9HhhL5BJNi4fm5ifl8KuAWkuJv508p0XEuJkjDgjj_--7nh3Km8xX-EPW2dpeFMYnOfW,Histivert Betahistina 16 mg Eurofarma Caja x 30 Tabletas
38216,ME34468,IBUPROFENO 100 MG / 5 ML SUSPENSION,farmadon,1.0000000000000002,https://www.farmadon.com.ve/wp-content/uploads/2023/10/Ibuprofeno-Jarabe-Peditrico-100Mg-5Ml-X-90Ml-Genven.jpg,Ibuprofeno Jarabe Pediatríco 100Mg/5Ml X 90Ml Genven
38240,ME37122,ILANA 600 MG X 1 CAPSULA BLANDA VAGINAL,farmadon,0.9000000000000001,https://www.farmadon.com.ve/wp-content/uploads/2021/10/Ilana-Isoconazol-600mg-x-1-Capsula-Vaginal-–-Vivax.png,Ilana Isoconazol 600mg x 1 Cápsula Blanda Vaginal &#8211; Vivax
38253,ME36068/3,IRBESARTAN 150 MG X 28 TABLETAS,farmadon,1.0000000000000002,https://www.farmadon.com.ve/wp-content/uploads/2024/01/Irbesartan-150Mg-X-28-Tabletas-Calox.jpg,Irbesartan 150Mg X 28 Tabletas Calox
38254,ME36068/2,IRBESARTAN 150 MG X 10 TABLETAS,farmadon,1.0000000000000002,https://www.farmadon.com.ve/wp-content/uploads/2021/10/Irbesartan-150mg-x-10-Tabletas-La-Sante.jpg,Irbesartán 150mg x 10 Tabletas &#8211; La Santé
38255,ME36068/4,IRBESARTAN 150 MG X 30 TABLETAS,farmatodo,1.0000000000000002,https://lh3.googleusercontent.com/i9XosF1MkwRvD4ZtOoAaDNOci8tPE4kgrU0SYMls69x06KOwEQga-olPdI1ALS2gl6ME3HY6wpwVemWX_ZOnhjXX2d9rH545K0HWRZpQqjzvIWc3,Irbesartan La Santé 150 mg x 30 Tabletas
38257,ME35908/2,IRBESARTAN 300 MG X 10 TABLETAS,farmadon,1.0000000000000002,https://www.farmadon.com.ve/wp-content/uploads/2025/10/Irbesartan-300Mg-X-10Tab.-La-Sante.png,Irbesartán 300Mg X 10 Tabletas La Santé
38261,ME43740,ITRACONAZOL 100 MG X 10 CAPSULAS,farmadon,1.0000000000000002,https://www.farmadon.com.ve/wp-content/uploads/2025/04/Itraconazol-100-Mg-X10-Capsulas-De-Dispensador-Drotafarma-new.png,Itraconazol 100 Mg X10 Cápsulas De Dispensador Drotafarma
38262,ME44504,ITRASEC 33.33 MG – 166.66 MG X 12 CAPSULAS,farmadon,1.0000000000000002,https://www.farmadon.com.ve/wp-content/uploads/2025/03/Itrasec-Secnidazol-Itraconazol-33.33Mg166.66Mg-X-12-Capsulas-Tiares.png,Itrasec Secnidazol + Itraconazol 33.33Mg+166.66Mg X 12 Cápsulas Tiares
38284,HO35019/2,KETOPROFENO 100 MG / 2 ML X 1 AMPOLLA,farmadon,1.0000000000000002,https://www.farmadon.com.ve/wp-content/uploads/2022/05/Ketoprofeno-Ampolla-100Mg-2Ml-I.V.-I.M-Tiares.jpg,Ketoprofeno Ampolla 100Mg/2Ml I.V/I.M Tiares
38285,HO35019/3,KETOPROFENO 100 MG / 2 ML X 2 AMPOLLAS,farmatodo,1.0000000000000002,https://product-images.farmatodo.com/YLRv4H1XPndPIilIv5320jT63jOzThB9GPIxfH85gTp53hoMZkq3XdVHuBgRt0VmDIWYM-Q2j96bqZDBm3aBU3aRwBJ7FuAvLBRzLH4rabNeEm6X,Profenid Ketoprofeno 100mg/2ml Sanofi Fracción Ampolla x 2 ml
38286,HO35019/4,KETOPROFENO 100 MG / 2 ML X 10 AMPOLLAS,farmadon,1.0000000000000002,https://www.farmadon.com.ve/wp-content/uploads/2022/05/Ketoprofeno-Ampolla-100Mg-2Ml-I.V.-I.M-Tiares.jpg,Ketoprofeno Ampolla 100Mg/2Ml I.V/I.M Tiares
38287,HO35019/5,KETOPROFENO 100 MG / 2 ML X 20 AMPOLLAS,farmadon,1.0000000000000002,https://www.farmadon.com.ve/wp-content/uploads/2022/05/Ketoprofeno-Ampolla-100Mg-2Ml-I.V.-I.M-Tiares.jpg,Ketoprofeno Ampolla 100Mg/2Ml I.V/I.M Tiares
38299,ME36886,KETOROLAC TROMETAMINA 20 MG X 10 COMPRIMIDOS,farmago,0.9000000000000001,https://www.farmago.com.ve/web/image/product.template/55805/image_1024,[7592803000460] DOLAK (KETOROLAC TROMETAMINA) 20MG X 10 COMPRIMIDOS (DOLLDER)
38307,ME36925/3,LACTBET 3000 U X 20 CAPSULAS,farmadon,0.6000000000000001,https://www.farmadon.com.ve/wp-content/uploads/2025/06/Biotech_Lactasa_Lactbet_Capsulas_3000u.png,Lactbet Lactasa 3000 Ui X 20 Capsulas Biotech
38311,ME42689,LAMOTRIGINA 100 MG X 30 TABLETAS RECUBIERTAS,farmatodo,1.0000000000000002,https://lh3.googleusercontent.com/bbaKUkksR1gpXH80Y5cCSNw7C-WzY-vRViYJMKSjmBEBPksujV_a_4lmPQH8DhUqVaNjpSPGvM-fkGR7lTLbvYFNCqXSJdG923z4,Lamotrigina 100 mg Humax Caja x 30 Tabletas
38328,ME37661,LETROZOL 2.5 MG X 30 TABLETAS RECUBIERTAS,farmatodo,1.0000000000000002,https://lh3.googleusercontent.com/ox5OlcTqZ25z9218krb2-H2e_h83gFULQmDjucgByyeNFeXKmkj9_Sq-OUeL_dwjdNyhgrYcI0F463dyDdxPN0vqsEsEZfzQxEBB_33VmBedmeyH5w,Letrozol 2.5 mg Caja x 30 Tabletas
38331,ME43729,LEVETIRACETAM 500 MG X 30 TABLETAS RECUBIERTAS,farmatodo,1.0000000000000002,https://product-images.farmatodo.com/mVg8whzW4JSVbocqvVwh-GpPHgs8g0zabJ8p_-Thr_wavD4taqMocDUmpPuXiSZhQFy7ZO9AN3mG6mnvlaH5P-zNuIMyTCZAmdF94kdxE5ecAUo,Levetiracetam 500 mg MK Caja x 30 Tabletas
38332,HO37449,LEVOFLOXACINA 500 MG / 100 ML SOLUCION PARA INFUSION INTRAVENOSA,farmadon,1.0000000000000002,https://www.farmadon.com.ve/wp-content/uploads/2025/03/Levofloxacina-Amp.-500Mg100Ml-I.V-Distrilab.png,Levofloxacina Ampolla 500Mg/100Ml I.V Distrilab
38333,ME43817,LEVOFLOXACINO 500 MG X 10 TABLETAS RECUBIERTAS,farmadon,1.0000000000000002,https://www.farmadon.com.ve/wp-content/uploads/2026/03/Levofloxacino-500Mg-X-10Tab.-Calox.png,Levofloxacino 500Mg X 10 Tableta Calox
38335,ME43531/2,LEVOFLOXACINA 750 MG X 5 TABLETAS RECUBIERTAS,farmatodo,1.0000000000000002,https://product-images.farmatodo.com/uWFbO72PhVwnfr6yGL2wP0TvRO-NdBVkmH8PRPkucyPYjaIsroUdBcDZGJi-vf6vHmWmQYy77a-8YPiYUuq3ZU2jMOehVcMji_I2yDmEWfMTLXs,Levofloxacina 750 mg MK Caja x 5 Tabletas
38337,ME43531/4,LEVOFLOXACINA 750 MG X 10 TABLETAS RECUBIERTAS,farmadon,1.0000000000000002,https://www.farmadon.com.ve/wp-content/uploads/2021/10/Levamox-Levofloxacina-750mg-x-10-Tabletas-–-Fc-Pharma-new.png,Levamox Levofloxacina 750mg x 10 Tabletas &#8211; Fc Pharma
38338,ME35920/3,LEVOFLOXACINA 500 MG X 10 TABLETAS RECUBIERTAS,farmatodo,1.0000000000000002,https://product-images.farmatodo.com/KAM9z5MUZ6RkVdtnmXlR_V2stnMxuBdPI3kRQnEIRfndG_oYfHyTs39zh747XViK7j5_uG9q6xyBIqIlkm2tkV-5tckVVbtIky6sCgmIbLDuqpQw1w,Levofloxacina 500 mg Colmed Caja x 10 Tabletas
38339,ME35920/2,LEVOFLOXACINA 500 MG X 7 TABLETAS RECUBIERTAS,farmatodo,1.0000000000000002,https://lh3.googleusercontent.com/p3belQ9vpmoKz-ijQxmCfftDW83nuei1PDxRToH-Y9lGwzTmdn4SfA1I_7iEqLeSa561wcjXgLeAZMOHGCpqF4SYdKxH0WKIR7E1QRENdtPDF_Q,Levofloxacina MK 500 mg Caja x 7 Tabletas
38340,ME38925/3,LEVOFLOXACINO 500 MG X 7 TABLETAS RECUBIERTAS,farmatodo,1.0000000000000002,https://lh3.googleusercontent.com/DSIry9qRILb7DCPPgC85K32D2lXzFaMgJrPsrOraVQNzrPVNY45vgRk1PX5Ptgn4eb_Kqc4MzXlbiEAF2zPadlmhmJMqadYzBGE,Levofloxacino Genfar 500mg Caja x 7 Tabletas
38341,ME38925/4,LEVOFLOXACINO 500 MG X 10 TABLETAS RECUBIERTAS,farmadon,1.0000000000000002,https://www.farmadon.com.ve/wp-content/uploads/2026/03/Levofloxacino-500Mg-X-10Tab.-Calox.png,Levofloxacino 500Mg X 10 Tableta Calox
38342,ME38925/2,LEVOFLOXACINO 500 MG X 5 TABLETAS RECUBIERTAS,farmadon,1.0000000000000002,https://www.farmadon.com.ve/wp-content/uploads/2022/01/Levofloxacino-500mg-x-5-Tabletas-Calox.jpg,Levofloxacino 500mg x 5 Tabletas &#8211; Calox
38343,ME38926,LEVOFLOXACINO 750 MG X 5 TABLETAS RECUBIERTAS,farmatodo,1.0000000000000002,https://lh3.googleusercontent.com/9KilTpotdP1eNjQqPFkjH4Fj0ZRy-q-iMdU383LrwVm7pWALxiZAeiCI8bvm2SueLPviAKZNWuS_JBAIUy4hCcBo6mlbcIAdZDwQMlyneibzDPgd,Levofloxacino Genfar 750 mg Caja x 5 Tabletas
38344,ME43297,LEVONORGESTREL 1.5 MG X 1 TABLETA RECUBIERTA,farmatodo,1.0000000000000002,https://product-images.farmatodo.com/gPV24p6liHDsm6Hc0qFJNEyj_b9J_PSSOABppv5pM1GEnltl9f2NyIH5-VUyuswGkp3jn-90IRKEs4cKmZg2ip77yXNSIJVDROQA1YbYyaIC_wP41w,Postday Levonorgestrel 1.5 mg Abbott Caja x 1 Tableta
38349,ME42576/2,LEVOTIROXINA SODICA 100 MCG X 10 TABLETAS,farmadon,1.0000000000000002,https://www.farmadon.com.ve/wp-content/uploads/2024/08/Levotiroxina-Sod.-100Mcg-X-10-Tabletas-Distrilab.png,Levotiroxina Sódica 100Mcg X 10 Tabletas Distrilab
38350,ME42576/3,LEVOTIROXINA SODICA 100 MCG X 50 TABLETAS,farmatodo,1.0000000000000002,https://lh3.googleusercontent.com/UxIk0bFPVZkFEkKzg1N-9M7Tn5JvEaZX6G46MfuQh1sWSmPBygqAXLHrDuD5Dv2ijX5v93gMZlD-P_nPeog_TaN9J6-g76dpJ-diPK2g3SO1GnXk,Eutirox Levotiroxina Sódica 100 mcg Merck Caja x 50 Tabletas
38351,ME43141,LEVOTIROXINA SODICA 50 MCG X 50 TABLETAS,farmatodo,1.0000000000000002,https://product-images.farmatodo.com/lKmw61nC2JzF0NTVV-K9PLtUQlXdm3rzIumArRJEJQYTevsqamuVJc0YaYQ2WUCpOOgnL5Lu7MN7gi8gP4XJjq8CqMTbT6YLGndKTGRhnuxfhaM,Eutirox Levotiroxina Sódica 50 mcg Merck Caja x 50 Tabletas
38355,HO40559,LINEZID 2 MG / ML SOLUCION INYECTABLE PARA INFUSION IV,farmadon,0.9000000000000001,https://www.farmadon.com.ve/wp-content/uploads/2021/09/Linezid-Linezolid-Ampolla-2mg300ml-IV-Behrens.jpg-new.jpg,Linezid Linezolid Ampolla 2mg/300ml IV Behrens
38370,ME28967,LOFLOX 400 MG X 10 TABLETAS RECUBIERTAS,farmadon,0.9000000000000001,https://www.farmadon.com.ve/wp-content/uploads/2021/10/Loflox-400mg-x-10-Tabletas-Siegfried.jpg,Loflox Lomefloxacina 400mg x 10 Tabletas &#8211; Siegfried
38371,ME22858,LOGANIL 250 MG / 5 ML JARABE,farmadon,0.9000000000000001,https://www.farmadon.com.ve/wp-content/uploads/2022/01/Biotech_S-Carboximetilcisteina_Loganil_Jarabe_250mg5ml.png,Loganil Carboximetilcisteína Jarabe Adulto 250mg/5ml x 120ml &#8211; Biotech
38378,ME40887,LOPERAMIDA 2 MG X 10 TABLETAS,farmadon,1.0000000000000002,https://www.farmadon.com.ve/wp-content/uploads/2025/10/LOPERAMIDE-HCI-2MG-12TABLETAS-HEALTHA2Z.png,Loperamida Hci 2Mg 12 Tabletas Healtha2Z
38379,ME43709,LOPERAMIDA 2 MG X 100 COMPRIMIDOS,farmadon,1.0000000000000002,https://www.farmadon.com.ve/wp-content/uploads/2025/10/LOPERAMIDE-HCI-2MG-12TABLETAS-HEALTHA2Z.png,Loperamida Hci 2Mg 12 Tabletas Healtha2Z
38382,ME30034,LORATADINA 1 MG / ML JARABE,farmatodo,1.0000000000000002,https://lh3.googleusercontent.com/6Yg51rIJ1SKo3pAcbwJEAfqg-6bwmjTfDR8req5b7w9XoDY0MeWzEIuF15Zo9ZUHVziSBb6BvYWC9XUuO-yKIn3t6sht_F_jqZwrl22fV6hYX8gZ,Loratadina Niños MK 1 mg Jarabe Frasco x 100 ml
38384,ME27529/3,LORATADINA 10 MG X 20 TABLETAS,farmatodo,1.0000000000000002,https://lh3.googleusercontent.com/ChhJbUq8G02gYMmZLf3t39fslO8vLweqSMIMIyc_MRhpb445VdqYjWijIR4y9sxJ8Cw1Wj62UOYexSLAnb_3vABHenaEFAAzFe0uo4afbXLhsCAIcQ,Loratadina AG 10 mg Caja x 20 Tabletas
38386,ME28201,LORATADINA 5 MG / 5 ML JARABE,farmatodo,1.0000000000000002,https://lh3.googleusercontent.com/08EezAj7k1pKPh8nWXxvI_hXj4twKrLRfjDRngW-dM-R6CRs9AeKT-8G_Clw7WR9PwMX3FCCLz2Ef24Gr7SKTJbBZZ-qKvXimBAoy7Sb79SIwtJdFA,Lordinex Loratadina 5mg/5ml Novamed Jarabe Frasco x 90 ml
38388,ME39177,LORATADINA 10 MG X 10 TABLETAS,farmatodo,0.9000000000000001,https://product-images.farmatodo.com/ybhWOmVOP8Zj26Z6EmhSoBEkC5VAslNeFIyfctB8BGrpAkkiRlWynyJdT2TeHdcNGRCZG-hUyBEVvq6j-xF1bpanHRoa-m3YBv9LDU6y_4fhrS3J,Loratadina MK 10 mg Caja x 10 Tabletas
38398,ME36979,LOSARTAN POTASICO - HIDROCLOROTIAZIDA 50 MG - 12.5 MG COMPRIMIDOS RECU,farmatodo,0.9000000000000001,https://product-images.farmatodo.com/p5EIsvWKXs5-7GWqu9YmOH20LIpjX484GMTP43X5GAfE16leqEMB9XFXCCQa-rempoSmgE9qBdZ7pNzu_LEpog1yeZmbvwa7D-x6A3p3APbRIN-2kg,Losartán Potásico/Hidroclorotiazida AG 50mg/12.5mg Caja x 15 Tabletas
38399,ME37542/2,LOSARTAN POTASICO - HIDROCLOROTIAZIDA 100 MG - 25 MG X 10 TABLETAS RECUBIERTAS,farmago,1.0000000000000002,https://www.farmago.com.ve/web/image/product.template/58078/image_1024,[7592454003308] LOSARTAN POTASICO - HIDROCLOROTIAZIDA  100MG-25MG X 10 TABLETAS (LA SANTE)
38402,ME35402/3,LOSARTAN POTASICO - HIDROCLOROTIAZIDA 50 MG - 12.5 MG X 30 COMPRIMIDOS RECU,farmago,0.9000000000000001,https://www.farmago.com.ve/web/image/product.template/58085/image_1024,"[7592454889612] LOSARTAN POTASICO - HIDROCLOROTIAZIDA 50 MG-12,5MG X 30 TABLETAS (LA SANTE)"
38403,ME35402/2,LOSARTAN POTASICO - HIDROCLOROTIAZIDA 50 MG - 12.5 MG X 15 COMPRIMIDOS RECU,farmatodo,0.9000000000000001,https://product-images.farmatodo.com/p5EIsvWKXs5-7GWqu9YmOH20LIpjX484GMTP43X5GAfE16leqEMB9XFXCCQa-rempoSmgE9qBdZ7pNzu_LEpog1yeZmbvwa7D-x6A3p3APbRIN-2kg,Losartán Potásico/Hidroclorotiazida AG 50mg/12.5mg Caja x 15 Tabletas
38407,ME31205/2,LOSARTAN POTASICO 50 MG X 10 TABLETAS RECUBIERTAS,farmadon,1.0000000000000002,https://www.farmadon.com.ve/wp-content/uploads/2022/07/Losartan-Potasico-50Mg-X-10Comp.-Genven.jpg,Losartán Potásico 50Mg X 10 Comprimidos Genven
38433,ME42290,MAXOTEN 25 MG X 30 COMPRIMIDOS RECUBIERTOS,farmadon,1.0000000000000002,https://www.farmadon.com.ve/wp-content/uploads/2025/04/Maxoten-Eplerenona-25Mg-X-30-Tabletas-Leti.png,Maxoten Eplerenona 25Mg X 30 Tabletas Leti
38435,ME43537/3,MEDROXIPROGESTERONA 10 MG X 28 TABLETAS,farmatodo,1.0000000000000002,https://lh3.googleusercontent.com/_cxq1r0TPHOw1AfOKDEWAijtyeVAsDad4d0m7MigWW81vR4p0abzi3u6zdbeFSX1QV4NAgcpdfiurScbs_dTZWOg-UKmuoqfSuATuO3J-CfF59ZV,Provera Medroxiprogesterona 10 mg Pfizer Caja x 28 Tabletas
38438,ME33048,MELOXICAM 15 MG X 10 TABLETAS,farmatodo,1.0000000000000002,https://product-images.farmatodo.com/04p-CYUW7iiW7Rtg20N3MEC_tF7K-sz5gkoFpiL2s9fstIeGdPNwx0cd0GtyrXDvDA6drecNFcUEcGNV-GrIJyKyAmJlt0FwTuRX,Meloxicam MK 15 mg Caja x 10 Tabletas
38441,ME30976,MELOXICAM 7.5 MG X 10 TABLETAS,farmatodo,1.0000000000000002,https://product-images.farmatodo.com/9-37Mces-d8XBfuGJkrtt-zAyvknAQCSIkLovfADSAI7Tv95II4kImedI6ZADNMFYNCH53kt6HE5uvP3_D-vHHe4G_zmCxd9Zmk,Meloxicam MK 7.5mg Caja x 10 Tabletas
38447,HO34365,MEROPENEM 1 G X 10 AMPOLLAS,farmadon,1.0000000000000002,https://www.farmadon.com.ve/wp-content/uploads/2024/03/Meropenem-Ampolla-1Gr-I.V-Drotafarma.png,Meropenem Ampolla 1Gr/I.V Drotafarma
38451,HO21983/3,DIPIRONA 1 G / 2 ML X 5 AMPOLLAS,farmadon,0.9000000000000001,https://www.farmadon.com.ve/wp-content/uploads/2024/03/Dipirona-Ampolla-1G2Ml-I.MI_.V-Drotafarma.jpg,Dipirona Ampolla 1G/2Ml I.M/I.V Drotafarma
38456,ME42410,METFORMINA CLORHIDRATO 1000 MG X 30 TABLETAS RECUBIERTAS,farmatodo,1.0000000000000002,https://product-images.farmatodo.com/F_uR_jfHYtN8NG16swCgXys7neJzqjDAOIrfVgQQs5U-e3t0vY0QEvjWViRqvk6sZeekPDIf3ZzAABJmmGag0jMGLzWfmsuIgMR3pPo1HYDLcJH5yA,Glucophage Metformina Clorhidrato 1000 mg Merck Caja x 30 Tabletas
38458,ME36815,METFORMINA 500 MG X 30 TABLETAS RECUBIERTAS,farmatodo,0.9000000000000001,https://product-images.farmatodo.com/Un8qlHj3gTobhzy2iGz0A9lkgZ2_kTvPqlwkhx8HsD_RAKWcmnZVetvew7KjBLozPvcw8eS4FTC6ALKl69hWAe2xxQNOSYgHMEC9ccBZREseco4,Metformina Genfar 500 mg Caja x 30 Tabletas
38460,ME37538,METFORMINA CLORHIDRATO 500 MG X 30 TABLETAS RECUBIERTAS,farmatodo,1.0000000000000002,https://product-images.farmatodo.com/QdKtTKEM2eHrKrqxpJiuu_6-zOHmyTK67pgjQwsAGnpac4isR7MyM6xfubWT4txtB_PJN3NWP0Ln4J2ra_FnFp1zaczPU1ksOo4NguYzeQa9UeTv,Glucophage Metformina Clorhidrato 500 mg Merck Caja x 30 Tabletas
38461,ME32508/3,METFORMINA CLORHIDRATO 850 MG X 30 TABLETAS,farmatodo,0.9000000000000001,https://lh3.googleusercontent.com/Ni416cWGoW0W7EGYUE3o91AdSjF42EWs4gPkC04lOaCUu3_jFpGkny4wViss1y-HCjTWh7vncj-80sCrW6vlZfoLibJ1qkT8wN4s,Metformina Clorhidrato 850 mg Genfar Caja x 30 Tabletas
38464,ME42625,METFORMINA CLORHIDRATO 1000 MG X 30 TABLETAS RECUBIERTAS,farmatodo,0.9000000000000001,https://product-images.farmatodo.com/F_uR_jfHYtN8NG16swCgXys7neJzqjDAOIrfVgQQs5U-e3t0vY0QEvjWViRqvk6sZeekPDIf3ZzAABJmmGag0jMGLzWfmsuIgMR3pPo1HYDLcJH5yA,Glucophage Metformina Clorhidrato 1000 mg Merck Caja x 30 Tabletas
38465,ME40568,SITAGLIPTINA -METFORMINA CLORHIDRATO 50 MG-500 MG X 30 COMPRIMIDOS,farmago,0.9000000000000001,https://www.farmago.com.ve/web/image/product.template/60153/image_1024,[7591585118066] SITAGLIS MET (METFORMINA CLORHIDRATO - SITAGLIPTINA) 500MG-50MG X 30 COMPRIMIDOS (LETI)
38467,HO44684,METOCLOPRAMIDA 10 MG / 2 ML X 3 AMPOLLAS,farmadon,1.0000000000000002,https://www.farmadon.com.ve/wp-content/uploads/2024/11/Metoclopramida-Ampolla-10Mg2Ml-I.MI_.V-Vitalis.png,Metoclopramida Ampolla  10Mg/2Ml I.M/I.V Vitalis
38469,ME36811,METOCLOPRAMIDA 10 MG X 10 TABLETAS,farmadon,1.0000000000000002,https://www.farmadon.com.ve/wp-content/uploads/2026/08/Metoclopramida-10Mg-X-10Tab.-Vincenti.png,Metoclopramida 10Mg X 10 Tabletas Vincenti
38475,ME42520,METRONIDAZOL 0.75 % GEL,farmatodo,1.0000000000000002,https://lh3.googleusercontent.com/6VIBjaxBzm7k81V4WyTb_myzB190KMZwstN5ds3ODfxTNLSWVFtK-IshtdZqlcRw6D0pwYd5-N87DiEsGT-BEI6h_5pvJ9PKDFE,Metronidazol ROZEX 0.75% Gel Tubo x30g. GALDERMA 
38476,HO42390,METRONIDAZOL 500 MG / 100 ML SOLUCION PARA INFUSION.,farmadon,0.9000000000000001,https://www.farmadon.com.ve/wp-content/uploads/2024/12/Metronidazol-Solucion-Inyectable-500Mg-100Ml-Drotafarma.png,Metronidazol Solucion Inyectable 500Mg 100Ml Drotafarma
38477,ME42530,METRONIDAZOL 500 MG X 10 OVULOS VAGINALES,farmatodo,1.0000000000000002,https://product-images.farmatodo.com/mlx6Rm3uco9hJXmZLJPUwCaRTzHtukIE3u7wChokB0Z4ALovzwl5k7jtpfkleMYaW8HYmOmqHTff3_xJLGEbqHStYQM0UlcZusjmTF8kln8OsydN,Metronidazol 500 mg MK Caja x 10 Óvulos
38478,HO33361,METRONIDAZOL 500 MG / 100 ML SOLUCION PARA INFUSION INTRAVENOSA,farmadon,1.0000000000000002,https://www.farmadon.com.ve/wp-content/uploads/2024/12/Metronidazol-Solucion-Inyectable-500Mg-100Ml-Drotafarma.png,Metronidazol Solucion Inyectable 500Mg 100Ml Drotafarma
38482,ME28549/3,METRONIDAZOL 500 MG X 30 TABLETAS,farmatodo,1.0000000000000002,https://lh3.googleusercontent.com/abrv_YniP-GAMsRHXCpwAWf-cYleAwdIw3sSs_GzCwlydj1jPnrW6Wuoz9ab4930UmEiz2_ciIWhP5ORCxaklnLlAWP6B6ftc_tkvmm1DvN2U1M,Flagyl Metronidazol 500 mg Sanofi Caja x 30 Comprimidos
38483,ME43038,METRONIDAZOL 500 MG X 30 TABLETAS,farmatodo,1.0000000000000002,https://lh3.googleusercontent.com/abrv_YniP-GAMsRHXCpwAWf-cYleAwdIw3sSs_GzCwlydj1jPnrW6Wuoz9ab4930UmEiz2_ciIWhP5ORCxaklnLlAWP6B6ftc_tkvmm1DvN2U1M,Flagyl Metronidazol 500 mg Sanofi Caja x 30 Comprimidos
38495,ME22476/2,MIOVIT X 10 COMPRIMIDOS RECUBIERTOS,farmadon,0.6000000000000001,https://www.farmadon.com.ve/wp-content/uploads/2021/06/miovit-x-30-new.jpg,Miovit Complejo B 30 Tabletas &#8211; Cofasa
38496,ME22476/3,MIOVIT X 30 COMPRIMIDOS RECUBIERTOS,farmadon,0.6000000000000001,https://www.farmadon.com.ve/wp-content/uploads/2021/06/miovit-x-30-new.jpg,Miovit Complejo B 30 Tabletas &#8211; Cofasa
38498,ME43124,MIRTAZAPINA 15 MG X 30 TABLETAS RECUBIERTAS,farmadon,1.0000000000000002,https://www.farmadon.com.ve/wp-content/uploads/2025/06/Mirtazaval-15Mg-X-30Tab.-Valmorca.png,Mirtazaval Mirtazapina 15Mg X 30 Tabletas Valmorca
38499,ME37308,MIRTAZAPINA 30 MG X 30 TABLETAS RECUBIERTAS,farmatodo,1.0000000000000002,https://product-images.farmatodo.com/3Ey4Z5ys_a7rjU3GLo5pv7aHcjlLWPPm00bIpiRsBe2DjxI-qKYRVSOoXsfB7D8bq1cKYO-YyUG0MzXa1-LB67F5YGKgTxynJVFTIg6tRVPtmJueKA,Mirtazapina 30 mg Sandoz Caja x 30 Tabletas
38506,ME35286,MONTELUKAST 5 MG X 30 TABLETAS MASTICABLES,farmatodo,1.0000000000000002,https://product-images.farmatodo.com/o7EuPFI1GzMbmUA_26k37V_TJ6-qJflUTh90Eirzb_hudoYBexh1wQg_ELUY0GRCOpNZPxx9BdHKPzeRnCZrJdD57pnrT_pou2VWQM3EA-BaoUg8,Montelukast MK 5 mg Caja x 30 Tabletas
38517,ME36486,MOXIFLOXACINA 400 MG X 10 COMPRIMIDOS RECUBIERTOS,farmadon,1.0000000000000002,https://www.farmadon.com.ve/wp-content/uploads/2026/06/Moxifloxacina-400Mg-X-10Tab.-Belmarca-RR.png,Moxifloxacina 400Mg X 10 Tabletas Belmarca
38520,ME20385,MUCOBROL 4 MG / 5 ML JARABE,farmadon,0.9000000000000001,https://www.farmadon.com.ve/wp-content/uploads/2022/01/Mucobrol-Bromhexina-Jarabe-4mg5ml-x-120ml-–-Cofasa-1.jpg,Mucobrol Bromhexina Jarabe 4mg/5ml x 120ml &#8211; Cofasa
38531,ME34793,NAPROXENO 250 MG X 10 TABLETAS,farmatodo,1.0000000000000002,https://product-images.farmatodo.com/vtqRI4TF4Y2tvqu49tBztFILwNXMfP2BIkz8UYIg_pgwFOfquAE-5aCwVOQ0YO4ABNdp49C-uK_zR4p9d7_xYtzmzSa8bBA3cNQbu1cbWOXpbsYiLQ,Naproxeno Genfar 250 mg Caja x 10 Comprimidos
38543,HO7099/2,NEOSTIGMINA 0.5 MG / ML X 3 AMPOLLAS,farmadon,0.9000000000000001,https://www.farmadon.com.ve/wp-content/uploads/2022/10/Neostigmina-0.5MgMl-I.MI_.VS_.C-X-3-Ampolla-Klinos.jpg,Neostigmina 0.5Mg/Ml I.M/I.V/S.C X 3 Ampolla Klinos
38544,HO7099/3,NEOSTIGMINA 0.5 MG / ML X 6 AMPOLLAS,farmadon,0.9000000000000001,https://www.farmadon.com.ve/wp-content/uploads/2021/10/Neostigmina-Ampolla-0.5mg-1ml-I.M-I.V-Vitalis.jpg,Neostigmina Ampolla 0.5mg/1ml I.M/I.V &#8211; Vitalis
38549,ME38421/3,NEURIXA 75 MG X 21 CAPSULAS,farmadon,1.0000000000000002,https://www.farmadon.com.ve/wp-content/uploads/2026/08/Neurixa-75Mg-X-21Caps.-Farma-ll.png,Neurixa Pregabalina 75Mg X 21 Cápsulas Farma
38551,ME42077,NEVAC 0.1 % SUSPENSION OFTALMICA,farmago,1.0000000000000002,https://www.farmago.com.ve/web/image/product.template/58757/image_1024,[7591196007254] NEVAC SUSPENSION OFTALMICA (NEPAFENAC) 0.1% X 5ML (OFTALMI)
38554,ME25984/2,NIFEDIPINA 10 MG X 10 COMPRIMIDOS DISPERSABLES,farmadon,1.0000000000000002,https://www.farmadon.com.ve/wp-content/uploads/2026/05/Nifedipina-10Mg-X-10-Tabletas-De-Dispensador-Balaxi-RR.png,Nifedipina 10Mg X 10 Tabletas De Dispensador Balaxi
38559,ME44261,NISTATINA 100.000 UI / ML SUSPENSION,farmadon,1.0000000000000002,https://www.farmadon.com.ve/wp-content/uploads/2025/11/Nistatina-Susp.-Oral-100.000Ui.-5Ml-X-30Ml-Drotafarma.png,Nistatina Suspensión Oral 100.000Ui./5Ml X 30Ml Drotafarma
38561,ME37921,NITAZOXANIDA 500 MG X 6 TABLETAS RECUBIERTAS,farmatodo,0.9000000000000001,https://product-images.farmatodo.com/lbbNfxaZbCi3btWHlQrp9bCZFC1nYEqpwJwtFSBbmktU8HZwxBsG64EYnkOvRgVCURZ7gOC1VsbKQX6CI8RhV0Gzo2AOico2whE,Nitazoxanida MK 500 mg Caja x 6 Tabletas
38563,ME43051/2,NITROFURANTOINA 100 MG X 10 TABLETAS RECUBIERTAS,farmadon,1.0000000000000002,https://www.farmadon.com.ve/wp-content/uploads/2025/04/Nitrofurantoina-100Mg-X-10-Tabletas-De-Dispensador-Drotafarma.png,Nitrofurantoina 100Mg X 10 Tabletas De Dispensador Drotafarma
38564,ME44220/2,NITROFURANTOINA 50 MG X 10 TABLETAS RECUBIERTAS,farmadon,0.9000000000000001,https://www.farmadon.com.ve/wp-content/uploads/2025/12/Nitrofurantoina-Blis-50Mg-X-10Tab.-Drotafarma.png,Nitrofurantoina  50Mg X 10 Tabletas De Dispensador Drotafarma
38566,ME34437,NITROFURAZONA 0.2 % CREMA,farmadon,1.0000000000000002,https://www.farmadon.com.ve/wp-content/uploads/2025/01/Nitrofurazona-0.2-Ung-X-30Gr.-Hym.png,Nitrofurazona 0.2% Ungüento X 30Gr. Hym
38580,ME37707,NYTAXIN 500 MG X 6 CAPSULAS BLANDAS,farmadon,0.9000000000000001,https://www.farmadon.com.ve/wp-content/uploads/2021/03/Nytaxin-Nitazoxanida-500mg-x-6-Capsulas-Vivax.png,Nytaxin Nitazoxanida 500mg x 6 Cápsulas Blandas  Vivax
38581,ME43411,PREDNISOLONA ACETATO 1 % SUSPENSION OFTALMICA,farmatodo,0.9000000000000001,https://lh3.googleusercontent.com/K7BLTnwdm-tp-hNcr3FV5CdlGUL0KLuJ3ej_qtokeBW9-uvI9FGiWJ9cd-vj3CBRUfikm5KpZAFtGMoQroVKf40JmXRX0mAkmA,Cortioftal 1% Suspensión Oftálmica Fco. X5ml Mk Acetato Prednisolona
38586,ME42964,OLANZAPINA 5 MG X 30 TABLETAS ORODISPERSABLES,farmatodo,1.0000000000000002,https://product-images.farmatodo.com/pm9uN6rvz5rBOqHHb7RstAB8GF_8YeH--fmwddPODzcHgVPHDfan3i2DZ909MmJg1IC96uxCoGPONgtFx4SrFYYVdCAYI1lZzYIjOjuyvi4Ylkwi,Olanzapina 5 mg MK Caja x 30 Tabletas
38592,ME40779,OLMESARTAN MEDOXOMIL 20 MG X 30 TABLETAS RECUBIERTAS,farmago,0.9000000000000001,https://www.farmago.com.ve/web/image/product.template/53823/image_1024,[7591519000146] BIOCOR (OLMESARTAN MEDOXOMIL) 20MG X 30 TABLETAS (CALOX)
38596,ME27785/3,OMEPRAZOL 20 MG X 10 CAPSULAS CON MICROGRANULOS ENTERICOS,farmatodo,0.9000000000000001,https://lh3.googleusercontent.com/vcJr1XQon-sjG-tX-lbpoxWZ4IocY7-aoMOmvWS_758y_KY2tZygBzue7W83ixj0OOzR9QrKroZHr1nnqDFRZ8du87BKa5B7uhA,Omeprazol Genfar 20 mg Caja x 10 Cápsulas
38599,ME27785/6,OMEPRAZOL 20 MG X 30 CAPSULAS CON MICROGRANULOS ENTERICOS,farmatodo,0.9000000000000001,https://product-images.farmatodo.com/9x8ui6JICVceU674MPEQzb10SnJzsBIoBS0r56LpU14Fw7YoVKNNPaIPIFb53pmP3f5eP1937dpmU64lhe73iJnzycNM_P6Vr5yfTZqZdALWEBIL,Omeprazol 20 mg La Santé Caja x 30 Cápsulas
38600,ME27785/2,OMEPRAZOL 20 MG X 7 CAPSULAS CON MICROGRANULOS ENTERICOS,farmadon,0.9000000000000001,https://www.farmadon.com.ve/wp-content/uploads/2024/06/Omeprazol-20Mg-X-7-Capsulas-Medigen.png,Omeprazol 20Mg X 7 Cápsulas Medigen
38608,ME42404/3,OMEPRAZOL 40 MG X 30 CAPSULAS CON MICROGRANULOS GASTRORRESISTENTES,farmatodo,0.9000000000000001,https://product-images.farmatodo.com/R3FOxj3ZavQEbH77lKprJJG1pOBpIU2UpDQMJBvG3t82YNu1LD2mKBTVaTtaO-4vjOUxtBn6IGaNFY5qNemp1acjOjidxuBxG2HADLSnYMThuoX_,Orazole 40mg x Caja 30   Cápsulas Bussié Omeprazol
38609,ME42404/2,OMEPRAZOL 40 MG X 7 CAPSULAS CON MICROGRANULOS GASTRORRESISTENTES,farmatodo,0.9000000000000001,https://product-images.farmatodo.com/R3FOxj3ZavQEbH77lKprJJG1pOBpIU2UpDQMJBvG3t82YNu1LD2mKBTVaTtaO-4vjOUxtBn6IGaNFY5qNemp1acjOjidxuBxG2HADLSnYMThuoX_,Orazole 40mg x Caja 30   Cápsulas Bussié Omeprazol
38610,ME41965/3,OMEPRAZOL 40 MG X 30 CAPSULAS GASTRORRESISTENTES,farmatodo,0.9000000000000001,https://product-images.farmatodo.com/R3FOxj3ZavQEbH77lKprJJG1pOBpIU2UpDQMJBvG3t82YNu1LD2mKBTVaTtaO-4vjOUxtBn6IGaNFY5qNemp1acjOjidxuBxG2HADLSnYMThuoX_,Orazole 40mg x Caja 30   Cápsulas Bussié Omeprazol
38613,HO33836,OMEPRAZOL 40 MG X 1 AMPOLLA,farmatodo,1.0000000000000002,https://lh3.googleusercontent.com/3-FuqOYcJoaBkeV5H8xwv74yDpUrK3UoTzV5DirM1ZjjAifXiEAWY5yUDFHtxiTnaqpzoWeyzDD9nXHM1xND2REw63t0X1CydO0LFJU8KhDVUzFF,Omeprazol x 40 mg 1 Frasco x 1 Ampolla
38617,HO37763/2,ONDANSETRON 8 MG / 4 ML X 1 AMPOLLA,farmadon,0.9000000000000001,https://www.farmadon.com.ve/wp-content/uploads/2025/06/Ondansetron-Amp.-8Mg4Ml-I.VI_.M-Distrilab.png,Ondansetron Ampolla 8Mg/4Ml I.V/I.M Distrilab
38618,HO37763/3,ONDANSETRON 8 MG / 4 ML X 5 AMPOLLAS,farmadon,0.9000000000000001,https://www.farmadon.com.ve/wp-content/uploads/2025/06/Ondansetron-Amp.-8Mg4Ml-I.VI_.M-Distrilab.png,Ondansetron Ampolla 8Mg/4Ml I.V/I.M Distrilab
38622,HO35150/3,ONDATRIN 2 MG / ML X 5 AMPOLLAS,farmadon,1.0000000000000002,https://www.farmadon.com.ve/wp-content/uploads/2022/10/Ondatrin-Amp.-2Mg-Ml-I.V-Behrens.jpg,Ondatrin Ondansetrón Ampolla 2Mg/Ml I.V Behrens
38627,ME36024,ORLISTAT 120 MG X 30 CAPSULAS,farmatodo,1.0000000000000002,https://lh3.googleusercontent.com/Z8SQjG0iDBujg34uVd3bCv_1HO_FoMxMd4vAyy2u27BgKs2iqdg3ai7xpjUylw7ZCuvKfC_WzB2sI0hok7MPXG1-3GYybuzaDhtbObt_8PJb1GI,Orlistat Colmed 120 mg Caja x 30 Cápsulas
38629,ME43862,OXCARBAZEPINA 300 MG X 30 TABLETAS RECUBIERTAS,farmatodo,1.0000000000000002,https://lh3.googleusercontent.com/fDtkNYqX7BaPxAd0jUdeAJ9Y7h7zWjIHTH6XGVwGrR51vDBO1ZhMJHWCsrMr7EaRBN9LaomcwZ984KtSDQEmBZCj05BgwZd2aEVEbHhHdLRajqRe,Trileptal Oxcarbazepina 300 mg Novartis Caja x 30 Tabletas
38631,ME25936,OXOLAMINA JARABE,farmadon,0.6000000000000001,https://www.farmadon.com.ve/wp-content/uploads/2024/12/Broxol-Tos-Jarabe-Pediatrico-Sin-Azucar-X-2-120Ml-Pharmetique.png,Broxol Tos Oxolamina Jarabe Pediátrico Sin Azúcar X 120Ml Pharmetique
38633,HO41149,PALONOSETRON 0.25 MG / 5 ML SOLUCION INYECTABLE,farmadon,1.0000000000000002,https://www.farmadon.com.ve/wp-content/uploads/2025/07/Palonosetron-Palnox-Ampolla-0.25Mg5Ml-I.V-Glenmark.png,Palonosetron-Palnox Ampolla 0.25Mg/5Ml I.V Glenmark
38638,HO44116,PARACETAMOL 1 G / 100 ML SOLUCION PARA INFUSION,farmadon,1.0000000000000002,https://www.farmadon.com.ve/wp-content/uploads/2026/09/Glassmol-Paracetamol-Amp.-1G-100Ml-I.M-I.V-Bioglass-AB.png,Glassmol Paracetamol Ampollas 1G/100Ml I.M/I.V Bioglass
38639,ME37850,PAROXETINA 20 MG X 30 COMPRIMIDOS RECUBIERTAS,farmatodo,1.0000000000000002,https://product-images.farmatodo.com/CqQhkviaH-gzLYlagIz-ONBJSvUYWiViZijb68i2fh4FXCHgfJdrHnQQgKzODd8uCavuZuRKZWey9z7-iD31Ymqn7hrTkZw0aj-dxnIw81fjD92Y,Paroxetina 20 mg Mk Caja x 30 Tabletas
38650,HO38517,PENTOXIFILINA 300 MG / 15 ML X 5 AMPOLLAS,farmadon,1.0000000000000002,https://www.farmadon.com.ve/wp-content/uploads/2023/11/PENTOXIFILINA-AMP-300MG15ML-I.V-LIVE-ALTH.jpg,Pentoxifilina Ampolla 300Mg/15Ml I.V Live Alth
38651,ME27020,PENTOXIFILINA 400 MG X 30 COMPRIMIDOS RECUBIERTOS DE ACCION PROLONGADA,farmatodo,1.0000000000000002,https://product-images.farmatodo.com/JiZJUay11jVbPJhYwQ5gD4UcsgaG3LUzcuUmXmhLlbI8v_CjZQVeXOdWnCSu6p5TIIPKiY8yqpDYl9st3rPuNlJAUTY3sMdaDt9XRTeDjQ23jrtC,Pentoxifilina Genfar 400 mg Caja x 30 Tabletas
38653,ME12460,PEREBRON 28 MG / 5 ML JARABE SABOR A FRAMBUESA,farmadon,0.9000000000000001,https://www.farmadon.com.ve/wp-content/uploads/2022/04/PEREBRON-JBE.PED_.-MIEL-LIMON-28MG-5ML-X-120ML-ELMOR.jpg,Perebron Oxolamina Jarabe Pediátrico Miel-Limón 28mg/5Ml X 120Ml Elmor
38654,ME41148,PEREBRON 28 MG / 5 ML JARABE SABOR MIEL - LIMON,farmadon,0.9000000000000001,https://www.farmadon.com.ve/wp-content/uploads/2022/04/PEREBRON-JBE.PED_.-MIEL-LIMON-28MG-5ML-X-120ML-ELMOR.jpg,Perebron Oxolamina Jarabe Pediátrico Miel-Limón 28mg/5Ml X 120Ml Elmor
38663,ME37698/2,PINAVERIUM BROMURO 100 MG X 20 TABLETAS RECUBIERTAS,farmago,0.9000000000000001,https://www.farmago.com.ve/web/image/product.template/59314/image_1024,[7591519008630] PINAVERIUM BROMURO  100MG X 20 TABLETAS (CALOX)
38664,ME37698/3,PINAVERIUM BROMURO 100 MG X 30 TABLETAS RECUBIERTAS,farmago,0.9000000000000001,https://www.farmago.com.ve/web/image/product.template/60906/image_1024,[7591519000092] TORIVAS (PINAVERIUM BROMURO) 100MG X 30 TABLETAS (CALOX)
38683,ME43177,PREDNISOLONA ACETATO 1 % SUSPENSION OFTALMICA,farmadon,1.0000000000000002,https://www.farmadon.com.ve/wp-content/uploads/2023/11/Prednisolona-Acetato-1-Solucion-Oftalmica-X-5Ml-Distrilab.jpg,Prednisolona Acetato 1% Solución Oftálmica X 5Ml Distrilab
38684,ME43039/2,PREDNISOLONA 5 MG X 10 TABLETAS,farmadon,0.9000000000000001,https://www.farmadon.com.ve/wp-content/uploads/2025/04/Prednisolona-5Mg-X-10-Tabletas-De-Dispensador-Laproff.png,Prednisolona 5Mg X 10 Tabletas De Dispensador Laproff
38685,ME43039/3,PREDNISOLONA 5 MG X 30 TABLETAS,farmatodo,0.9000000000000001,https://product-images.farmatodo.com/W-U3f1UKy_c1VVAyog-6sw9hqKQVQSHqkaUlab6do3oSdQJye5jQCs36g2BVeoqleMlH3ARAzK9KDKaNB0bAyJLzexS7UuODlz8sdnTyD9K2leBBIg,Prednisolona Genfar 5mg Caja x 30 Tabletas
38686,ME42866/2,PREDNISOLONA 5 MG X 10 TABLETAS,farmadon,1.0000000000000002,https://www.farmadon.com.ve/wp-content/uploads/2025/04/Prednisolona-5Mg-X-10-Tabletas-De-Dispensador-Laproff.png,Prednisolona 5Mg X 10 Tabletas De Dispensador Laproff
38687,ME42866/3,PREDNISOLONA 5 MG X 30 TABLETAS,farmatodo,1.0000000000000002,https://product-images.farmatodo.com/W-U3f1UKy_c1VVAyog-6sw9hqKQVQSHqkaUlab6do3oSdQJye5jQCs36g2BVeoqleMlH3ARAzK9KDKaNB0bAyJLzexS7UuODlz8sdnTyD9K2leBBIg,Prednisolona Genfar 5mg Caja x 30 Tabletas
38694,ME42570/3,PREGABALINA 150 MG X 30 CAPSULAS,farmatodo,1.0000000000000002,https://product-images.farmatodo.com/mpAsPOu9iTiXisDDbHY7zkyBVIpfPuJSe9LiaJyLNHHmh1cZ34r8ZKLJ9YN1YKD3aLbjJzZw4bHMihEbYCCPmcuG4_B2IgCz1DLi1akQpvKvkMfH,**PREGABALINA GENFAR 150MG CÁPSULAS X30CAP.                          
38695,ME42570/2,PREGABALINA 150 MG X 20 CAPSULAS,farmatodo,1.0000000000000002,https://lh3.googleusercontent.com/Ywaim0353QY-SAV9XKblmn9yNAFjd5fIhidCsrr1oXGwhg3XHt8uFVw1_AOaS5MsP-t8TI-68TZqfk227UWu8DKGmXN1gPdR5A,Pregabalina MK 150mg Cápsula
38702,ME39191,PROPRANOLOL 40 MG X 20 TABLETAS,farmatodo,0.9000000000000001,https://product-images.farmatodo.com/qPzj3ObFFGCRLBupDGYLuV7mgd9SoupONCP-nCVj8rA7lsETo4pOa4dgEO5K5vhplMALtBCMg6M4DOryx-sZj9qqe1bEQZHMQeddJ7J5B_Kj6Q9H,Propranolol Clorhidrato 40 mg Novamed Caja x 20 Tabletas
38709,ME43431/3,QUETIAPINA 100 MG X 30 TABLETAS RECUBIERTAS,farmatodo,0.9000000000000001,https://product-images.farmatodo.com/_sH0j4nv4lnhe1bct2DrraHap2gPt-_WJDjqY2kmsQsDdAlV6tcBkifryGIzRAw6aNZjqFf5UWc6bnORZ1aZBMnTTv8oXF7wXMU,Quetiapina MK 100 mg Caja x 30 Tabletas
38710,ME43426,QUETIAPINA 25 MG X 30 TABLETAS RECUBIERTAS,farmatodo,0.9000000000000001,https://lh3.googleusercontent.com/tC_h2TP_vILCGdp9obAoh0H7AgBGYL9NIBLLi1Jd1a-50iBMk66ZWMWw30Z4aeIBW1g6J_h_zlO10NXoagP7LZY9AXXUl31lQRMk0yUKyM8MXyE,Quetiapina MK 25 mg Caja x 30 Tabletas
38718,ME37058,RAMIPRIL 2.5 MG X 30 COMPRIMIDOS,farmadon,1.0000000000000002,https://www.farmadon.com.ve/wp-content/uploads/2021/10/Ramipres-Ramipril-2.5mg-x-30-Comprimidos-Megalabs.png,Ramipres Ramipril 2.5mg x 30 Comprimidos &#8211; Megalabs
38719,HO30929,RANITIDINA 50 MG / 2 ML X 10 AMPOLLAS,farmadon,1.0000000000000002,https://www.farmadon.com.ve/wp-content/uploads/2021/10/Ranitidina-Ampolla-50mg-2ml-I.M-I.V-Vitalis.jpg,Ranitidina Ampolla 50mg/2ml I.M/I.V &#8211; Vitalis
38720,ME26538,RANITIDINA 150 MG X 10 COMPRIMIDOS RECUBIERTOS,farmatodo,1.0000000000000002,https://lh3.googleusercontent.com/MHH8Xc0j_aePEmPB1VVCR95YnU4rb2EsJ3nqmDMFp7X9BgaVe8ECEVB6eEjKzDhYZ3NNOLR9Jo0-IgshQOt6ZPlDfSCW8eIuPWg,Ranitidina MK 150mg Tableta
38721,ME31884,RANITIDINA 300 MG X 10 TABLETAS,farmatodo,1.0000000000000002,https://lh3.googleusercontent.com/L4bfv4Gtcx55UeukXFzQb3y_xX62J_cCuskSlrlat5SquRi7iKs7zoT65EMMZS5p7Rl2RVHOp9ERfcUvzqxqWqnbkRp8JQWOeBNwofP363yRXpbd,Ranitidina MK 300 mg Caja x 10 Tabletas
38724,ME44650,REUMAQUINE 200 MG X 20 TABLETAS RECUBIERTAS,farmadon,1.0000000000000002,https://www.farmadon.com.ve/wp-content/uploads/2024/06/Reumaquine-200Mg-X-20-Comprimidos-Dollyfarma.png,Reumaquine Hidroxicloroquina 200Mg X 20 Comprimidos Dollyfarma
38744,ME42922,RIVAROXABAN 15 MG X 30 TABLETAS RECUBIERTAS,farmatodo,1.0000000000000002,https://product-images.farmatodo.com/j1YuEJWJEZGOX3ncQ9137c0OLPQpBfc4vHSaOSYi9ORUHgkSrnL3PQWU8Xdft1BynDt-qi6TyYsbNPRYCHSgp_28EOyvWnMu0v7KzlZjnmkocxA,Rivaroxaban 15 mg Genfar Caja x 30 Tabletas
38745,ME42923/2,RIVAROXABAN 20 MG X 10 TABLETAS RECUBIERTAS,farmadon,1.0000000000000002,https://www.farmadon.com.ve/wp-content/uploads/2021/10/Arudil-Rivaroxaban-20mg-x-10-Tabletas-Farma.png,Arudil Rivaroxaban 20mg x 10 Tabletas &#8211; Farma
38746,ME42923/3,RIVAROXABAN 20 MG X 14 TABLETAS RECUBIERTAS,farmatodo,1.0000000000000002,https://product-images.farmatodo.com/J8HRiyMGf_eowNnPHyOlZcyYOTCb8X0bQ50sejImka0xJ1t4j2PzULb1Cgth0CmbUzYMA5mWs78BaA9AfFbnRiLNWP9pPa4PmIqGBRQiXDpj3fGWLw,Xarelto Rivaroxabán 20 mg Bayer Caja x 14 Comprimidos
38750,ME42632/2,ROSUVASTATINA 20 MG X 10 TABLETAS RECUBIERTAS,farmago,1.0000000000000002,https://www.farmago.com.ve/web/image/product.template/59840/image_1024,[7703763895779] ROSUVASTATINA  20MG X 10 TABLETAS (LA SANTE)
38751,ME42632/3,ROSUVASTATINA 20 MG X 30 TABLETAS RECUBIERTAS,farmatodo,1.0000000000000002,https://product-images.farmatodo.com/Ex_RufyAmNP63in1RRu2Lj5jGJyeVt5J9TGOBAOvqRVHApnlTchBIQFfdWZJtW6XaVrMYpF4YCI6mrjBs1ThSXCCWxh7uubz1kfSk7nuL0G2FDzs,Rosuvastatina 20 mg MK Caja x 30 Tabletas
38752,ME42676,ROSUVASTATINA 10 MG X 30 TABLETAS RECUBIERTAS,farmatodo,1.0000000000000002,https://product-images.farmatodo.com/GoM5g75sEU-6v3uVdArnSFa0PkDSDPhXprlmrUvKQjNtHtd9uEpt-vOJfLXb0qp5bFiYsVID3-5i9eEpd-q8kWdOqQmCFFyDw0O8EqavH2s25AdS,Rosuvastatina Mk 10mg Caja x 30 Tabletas
38764,ME20265,SARIFAN COMPOSITUM 0.01 G - 0.25 G X 20 TABLETAS RECUBIERTAS,farmago,0.9000000000000001,https://www.farmago.com.ve/web/image/product.template/59935/image_1024,[7592806134032] SARIFAN COMPOSITUM (HIOSCINA - DIPIRONA) 0.01GR-0.25GR X 20 TABLETAS (RONAVA)
38770,ME31560,SECNIDAZOL 1 G X 2 TABLETAS RECUBIERTAS,farmatodo,1.0000000000000002,https://lh3.googleusercontent.com/dlxFYxmCkBTus9gz8-p_PBcBOPtv2tQGh1WldmMEMUQm0cJqoq04FquPjNMQ7gKIi1tbWJTEfG4CGKJTaDh3RT--ONrqm3De-l5S,Secnidazol MK 1 gr Caja x 2 Tabletas
38781,ME32466/4,SERTRALINA 50 MG X 56 TABLETAS,farmatodo,1.0000000000000002,https://lh3.googleusercontent.com/5r8Lr44TADgKOn6obDlSCcz6iVd3J7TIsQ0_eta5_Je3ZHihwFoXfULKSO9EYSYW50slHNd9iArfIvEZ-0p6ERQfddlet-h3yw,Sertralina MK 50mg Tableta
38784,ME31067/3,SERTRALINA 50 MG X 14 COMPRIMIDOS RECUBIERTOS,farmatodo,1.0000000000000002,https://lh3.googleusercontent.com/5r8Lr44TADgKOn6obDlSCcz6iVd3J7TIsQ0_eta5_Je3ZHihwFoXfULKSO9EYSYW50slHNd9iArfIvEZ-0p6ERQfddlet-h3yw,Sertralina MK 50mg Tableta
38786,ME43842,SERTRALINA 50 MG X 14 TABLETAS RECUBIERTAS,farmatodo,1.0000000000000002,https://lh3.googleusercontent.com/5r8Lr44TADgKOn6obDlSCcz6iVd3J7TIsQ0_eta5_Je3ZHihwFoXfULKSO9EYSYW50slHNd9iArfIvEZ-0p6ERQfddlet-h3yw,Sertralina MK 50mg Tableta
38793,ME43690/4,SILDENAFILO 50 MG X 4 TABLETAS RECUBIERTAS,farmatodo,1.0000000000000002,https://lh3.googleusercontent.com/OQsZgSBDV94roLo5mMiuIQ2c3Z-a6JgabbZTIL7gSzTE-Ea4vs_Jm0c0SAg37Z6_KYTj903YVk9MI7_oX2aGsvcUynEwMtcq3w,Eroxim Sildenafilo 50 mg Lafrancol Caja x 4 Tabletas
38800,ME43259/3,SITAGLIPTINA - METFORMINA CLORHIDRATO 50 MG - 500 MG X 30 TABLETAS RECUBIERTAS,farmago,1.0000000000000002,https://www.farmago.com.ve/web/image/product.template/60153/image_1024,[7591585118066] SITAGLIS MET (METFORMINA CLORHIDRATO - SITAGLIPTINA) 500MG-50MG X 30 COMPRIMIDOS (LETI)
38807,ME43073/3,SUCRALFATO 1 G X 20 TABLETAS,farmatodo,0.9000000000000001,https://lh3.googleusercontent.com/rZpuo9W7vRp2Ip9hRTgvgQg-xeZXLiwMmL6qXysArYk3eac2un6ezuxNXLCE457hwht6qbE4l-T9C0lBlQXzeKq8pH1ZgnKd7WO3mF_xwaBEq1w,Alsucral Sucralfato 1g Ropsohn Caja x 20 Tabletas
38808,ME43073/2,SUCRALFATO 1 G X 10 TABLETAS,farmadon,0.9000000000000001,https://www.farmadon.com.ve/wp-content/uploads/2026/05/Sucralfato-1Gr-X-10Tab.-Hym-ll.png,Sucralfato 1Gr X 10 Tabletas Hym
38823,ME44534,TACROLIMUS 0.03 % UNGUENTO,farmatodo,1.0000000000000002,https://product-images.farmatodo.com/IPd3gHFZi204ZiI9M6XjNJ_7RISfhevuvWT-VAck0gaeY3XBdQNI4AGGvjCPmqcB2_SFhGSOm5Aru-RqnTtwZydE-vpuJ5PwKDDFsiMzWOw9gmet,Cromus Tacrolimus 0.03% Procaps Ungüento Tubo x 15 gr
38833,ME41156/2,TALYSTO 5 MG X 10 TABLETAS MASTICABLES,farmago,1.0000000000000002,https://www.farmago.com.ve/web/image/product.template/60390/image_1024,[7592454004053] TALYSTO R (TADALAFIL) 5MG X 10 TABLETAS MASTICABLES (LA SANTE)
38838,ME18855,TAMOA 250 MG / 5 ML X 6 SUSPENSION,farmadon,0.9000000000000001,https://www.farmadon.com.ve/wp-content/uploads/2024/01/Biotech_Pirantel_Tamoa_SuspensionOral_250mg5mL.png,Tamoa Pamoato De Pirantel Suspensión 250Mg/5Ml X 15Ml Biotech
38841,ME30979,TAMSULON 0.4 MG X 30 CAPSULAS DE LIBERACION CONTROLADA,farmatodo,0.9000000000000001,https://lh3.googleusercontent.com/j0tpzx5UVfGCbjuRaNx0c2TUs8qBZFVx3gwqFcG1NH28fNLpz_dvaDxbzvmnrBnEvI9Hr1otD9flU7tV2i-SnfQUbeTMK4vOLuNnbZo2tkkuCWtqbQ,Tamsulon 0.4 mg Caja x 30 Cápsulas
38844,ME42589,TAMSULOSINA CLORHIDRATO 0.4 MG X 30 CAPSULAS DE LIBERACION PROLONGADA,farmatodo,1.0000000000000002,https://lh3.googleusercontent.com/RqfYRVxJjIRqPqQt46K_8hNJiEXyyCiT2dL0GpiHKoZ6RIszQMDDDvUOM293cbREM19D-oxGp_PJhS2lV_6USTUByycC2-ywrg,Tamsulosina Clorhidrato Genfar 0.4 mg Caja x 30 Cápsulas
38856,ME36877,TERBINAFINA CLORHIDRATO 1 % CREMA TOPICA,farmatodo,0.9000000000000001,https://lh3.googleusercontent.com/U7HNCLtn1r7FzP4e0v4x2uHKQnSzeY3UFR3GqhlO9xfh3-2aSCpoMvVVA0VzPLamcP0YgsixnuLZlYslkhgQvsejU9A55xTI-d6mGK3dGxCmUo9v,Lamisil Clorhidrato de Terbinafina 1% Haleon Crema Tubo x 15 gr
38863,ME42959,TIMOLOL 0.5 % SOLUCION OFTALMICA,farmatodo,1.0000000000000002,https://lh3.googleusercontent.com/exTrlxb4DDDXvPfaRL_RJL0cncl69eWW1vUf2J_DiIf2b7mstsK1Haj7vrfmhI7dcKUV5dsVC15tvm1llwJ_4DdNDBV8tvpP5A,"Timolol 0,5% La Santé Solución Oftálmica  Frasco x 5 ml"
38868,HO27849/2,TIOCOLCHICOSIDO 4 MG / 2 ML X 1 AMPOLLA,farmadon,1.0000000000000002,https://www.farmadon.com.ve/wp-content/uploads/2026/07/Tiocolchicosido-Ampolla-4Mg2Ml-I.M.Andilab-ll.png,Tiofercol Tiocolchicosido Ampolla  4Mg/2Ml I.M.Andilab
38869,HO27849/4,TIOCOLCHICOSIDO 4 MG / 2 ML X 50 AMPOLLAS,farmadon,1.0000000000000002,https://www.farmadon.com.ve/wp-content/uploads/2026/07/Tiocolchicosido-Ampolla-4Mg2Ml-I.M.Andilab-ll.png,Tiofercol Tiocolchicosido Ampolla  4Mg/2Ml I.M.Andilab
38870,HO27849/3,TIOCOLCHICOSIDO 4 MG / 2 ML X 2 AMPOLLAS,farmadon,1.0000000000000002,https://www.farmadon.com.ve/wp-content/uploads/2026/07/Tiocolchicosido-Ampolla-4Mg2Ml-I.M.Andilab-ll.png,Tiofercol Tiocolchicosido Ampolla  4Mg/2Ml I.M.Andilab
38875,ME43629,TIZANIDINA 2 MG X 10 TABLETAS,farmadon,1.0000000000000002,https://www.farmadon.com.ve/wp-content/uploads/2025/01/TIZANIDINA.png,Tizanidina 2Mg X 10 Tabletas Angelus
38880,ME42035,TONERVOL 5 MG X 30 TABLETAS,farmadon,0.9000000000000001,https://www.farmadon.com.ve/wp-content/uploads/2021/06/Tonervol-Nebivolol-5mg-x-10-Tabletas-Farma.png,Tonervol Nebivolol 5mg x 30 Tabletas &#8211; Farma
38884,ME40295,TRACEVAL 500 MG - 50 MG X 20 TABLETAS,farmadon,0.9000000000000001,https://www.farmadon.com.ve/wp-content/uploads/2021/11/Traceval-AcetaminofenTramadol-500mg50mg-x-20-Tabletas-Valmorca.jpg,Traceval Acetaminofén+Tramadol 500mg/50mg x 20 Tabletas &#8211; Valmorca
38912,ME23835,VALPRON 250 MG / 5 ML JARABE,farmadon,0.9000000000000001,https://www.farmadon.com.ve/wp-content/uploads/2021/05/imagen154-01.png,Valpron Ácido Valproico Jarabe 250mg/5ml 180 ml Farma
38913,ME44208/2,VALSARTAN 160 MG X 10 COMPRIMIDOS RECUBIERTOS,farmadon,1.0000000000000002,https://www.farmadon.com.ve/wp-content/uploads/2025/01/VALSARTAN.png,Valsartán 160mg x 10 Tabletas &#8211; Angelus
38915,ME44208/4,VALSARTAN 160 MG X 30 COMPRIMIDOS RECUBIERTOS,farmatodo,1.0000000000000002,https://product-images.farmatodo.com/0tBR5MBn9R9wN4wYAyAy5bD7IOoDVQxrGMnaCxAPvcjuEDbee1S9o0r9iKZDVoWERRtGFojBb7WGpddgP3h9y0M3sd4QrE6fUQ,Valsartán 160 mg MK Caja x 30 Tabletas
38923,ME35562/5,VALSARTAN - HIDROCLOROTIAZIDA 80 MG - 12.5 MG X 30 TABLETAS RECUBIERTAS,farmago,0.9000000000000001,https://www.farmago.com.ve/web/image/product.template/61075/image_1024,[7592454003292] VALSARTAN - HIDROCLOROTIAZIDA  80MG-12.5MG X 30 TABLETAS (LA SANTE)
38926,ME38613,VALSARTAN - HIDROCLOROTIAZIDA 80 MG - 12.5 MG X 30 TABLETAS RECUBIERTAS,farmago,1.0000000000000002,https://www.farmago.com.ve/web/image/product.template/61075/image_1024,[7592454003292] VALSARTAN - HIDROCLOROTIAZIDA  80MG-12.5MG X 30 TABLETAS (LA SANTE)
38931,ME44465,VALSARTAN 160 MG X 30 TABLETAS RECUBIERTAS,farmatodo,1.0000000000000002,https://product-images.farmatodo.com/0tBR5MBn9R9wN4wYAyAy5bD7IOoDVQxrGMnaCxAPvcjuEDbee1S9o0r9iKZDVoWERRtGFojBb7WGpddgP3h9y0M3sd4QrE6fUQ,Valsartán 160 mg MK Caja x 30 Tabletas
38932,ME37644/2,VALSARTAN 80 MG X 14 CAPSULAS,farmatodo,1.0000000000000002,https://lh3.googleusercontent.com/b6ynXuQS_0enNI1T1guGNlrowWBwN-CNZObPMFXW3qfFmpBT_PFAuoK52QQkj6odPWNIhXv-2YC8ICOfI41iLKzco9fAoydYZdE,Valsartán MK 80 mg Caja x 14 Cápsulas
38933,ME37644/3,VALSARTAN 80 MG X 30 CAPSULAS,farmatodo,1.0000000000000002,https://product-images.farmatodo.com/8l9kMdwpLxeJZULZ6918_xZr-szLRbuePwVFjnc9-QYZ6cxAH7Lr4SneHNgDl-8LXMvWD_Dm3JryfXa_updUv05ImCr9pTgf-Ur7ZSalZB5yW3jp,Valsartán 80 mg MK Caja x 30 Cápsulas
38945,ME43348/3,DIOSMINA - HESPERIDINA 450 MG - 50 MG X 30 CAPSULAS BLANDAS,farmadon,1.0000000000000002,https://www.farmadon.com.ve/wp-content/uploads/2025/06/Venactin-Diosmina-Hesp.-450Mg50Mg-X-30Caps.-Vivax.png,Venactin &#8211; Diosmina Hesperidina 450Mg/50Mg X 30 Cápsulas  Vivax
38952,ME42486,VILDAGLIPTINA 50 MG X 30 COMPRIMIDOS,farmatodo,1.0000000000000002,https://product-images.farmatodo.com/t5bLjF5k9rD8Y0SJd5JdcLLDs8aW0ykFVWUBSlpedoPqEV6Y-52aM8vTnxY6XYmujx6RBVftNrHkKOP_N5LXvfQjVy6wi9fHQz8aT9ylCCG5YufQhA,Vildagliptina 50 Mg MK Caja x 30 Tabletas
38960,HO27999,VITAMINA C 500 MG / 5 ML X 10 AMPOLLAS,farmadon,0.9000000000000001,https://www.farmadon.com.ve/wp-content/uploads/2026/07/VITAMINA-C-AMP.-500MG-5ML-I.M-I.V.ANDILAB.png,Vitamina C Ampolla 500Mg/5Ml I.M/I.V.Andilab
38963,ME44099/3,VITAMINA C 500 MG X 15 TABLETAS MASTICABLES SABOR A NARANJA,farmadon,1.0000000000000002,https://www.farmadon.com.ve/wp-content/uploads/2021/10/Cevax-Vitamina-C-500mg-x-15-Capsulas-Vivax.png,Cevax Vitamina C 500mg x 15 Cápsulas Blandas Vivax
38964,ME44099/4,VITAMINA C 500 MG X 30 TABLETAS MASTICABLES SABOR A NARANJA,farmadon,1.0000000000000002,https://www.farmadon.com.ve/wp-content/uploads/2024/03/vitadyn.png,Vitadyn Sin Azúcar Vitamina C 500Mg X 30 Tabletas Oftalmi
38965,ME44099/2,VITAMINA C 500 MG X 10 TABLETAS MASTICABLES SABOR A NARANJA,farmadon,1.0000000000000002,https://www.farmadon.com.ve/wp-content/uploads/2024/04/Vitamina-C-Mandarina-500Mg-X-10-Tabletas-Masticables-La-Sante.jpg,Vitamina C Mandarina 500Mg X 10 Tabletas Masticables La Santé
38970,HO16233,VITAMINA K1 10 MG / ML X 3 AMPOLLAS,farmadon,0.9000000000000001,https://www.farmadon.com.ve/wp-content/uploads/2025/07/Vitamina-K1-Ampolla-10Mg-1Ml-Im-Iv-Alfa.png,Vitamina K1 Ampolla  10Mg/1Ml Im/Iv Alfa
39020,ME33987,ACIDO FOLICO 10 MG / ML SOLUCION ORAL,farmadon,1.0000000000000002,https://www.farmadon.com.ve/wp-content/uploads/2021/09/Acido-Folico-En-Gotas-Pediatrico-10mgml-15ml-Klinos-ll.png,Ácido Fólico En Gotas Pediátrico 10mg/ml 15ml Klinos
39027,ME33777/2,AIRON 5 MG X 10 TABLETAS MASTICABLES,farmadon,1.0000000000000002,https://www.farmadon.com.ve/wp-content/uploads/2021/03/Airon-Montelukast-Pediatrico-5mg-x-10-Tabletas-Oftalmi.png,Airon Montelukast Pediátrico 5mg x 10 Tabletas &#8211; Oftalmi
39037,ME42427,AMLODIPINO 10 MG X 20 COMPRIMIDOS,farmatodo,0.9000000000000001,https://lh3.googleusercontent.com/eO54pHGaM8Kb-atmXgXlveZ7JhtVJar-XuQzdK_F5s4vi2zwrLFXVHtFrGq5aVYJ16jAL6Ci4-4FUd5soCowhJ3LvzQfr0J8mpU,Amlodipino MK 10mg Tabletas
39042,ME32836/2,AMOVIN 500 MG X 3 TABLETAS RECUBIERTAS,farmadon,1.0000000000000002,https://www.farmadon.com.ve/wp-content/uploads/2021/09/Amovin-500mg-x-3-Tabletas-Cofasa.jpg,Amovin Azitromicina 500mg x 3 Tabletas &#8211; Cofasa
39057,ME41982,ANTAAR HCT 2.5 MG - 6.25 MG X 30 TABLETAS,farmadon,1.0000000000000002,https://www.farmadon.com.ve/wp-content/uploads/2025/10/Antaar-HCT-25-mg-625-mg-x-30-Tab.jpg,Antaar Hct Bisoprolol+Hidroclorotiazida 2.5mg/6.25mg x 30 Tabletas &#8211; MCK
39076,ME31478,ARTRODAR 50 MG X 30 CAPSULAS,farmadon,1.0000000000000002,https://www.farmadon.com.ve/wp-content/uploads/2021/10/Artrodar-Diacereina-50mg-x-30-Capsulas-–-Leti.jpg,Artrodar Diacereína 50mg x 30 Cápsulas &#8211; Leti
39084,ME43982,ATORVASTATINA - EZETIMIBA 20 MG - 10 MG COMPRIMIDOS RECUBIERTOS,farmatodo,1.0000000000000002,https://lh3.googleusercontent.com/_LHwhXcCYLWT3M_A94NaSc_hOsgo_Bt-6TwL4eG6BMuf_bfBFMXkMvcYtROuiORmZYLjxyBqGubYovKHs9RvCBhRHClkAPKSob-d7BbTA871-RAzBQ,Ezetimiba/Atorvastatina MK 10/20mg Caja x 30 tabletas
39086,ME42454,ATORVASTATINA 40 MG COMPRIMIDOS RECUBIERTOS,farmatodo,1.0000000000000002,https://product-images.farmatodo.com/koi1c1e_iaPa0ziW0nhu-OtRhZh4t77oxcqBMEbPev9efnSEuRqLqYWGmxjKnOJLs9YrHKMhBBTq_dYM5Rh0z47_qjgpaa5M530,Atorvastatina 40 mg Sandoz Caja x 30 Comprimidos
39105,ME42418,BISOPROLOL FUMARATO 1.25 MG COMPRIMIDOS RECUBIERTOS,farmago,1.0000000000000002,https://www.farmago.com.ve/web/image/product.template/53856/image_1024,[7591585117137] BIOTALOL (BISOPROLOL FUMARATO) 1.25MG X 30 COMPRIMIDOS RECUBIERTOS (LETI)
39107,ME42420,BISOPROLOL FUMARATO 5 MG COMPRIMIDOS RECUBIERTOS,farmatodo,1.0000000000000002,https://lh3.googleusercontent.com/_TrdZXNs-6hb08O7Amlg01y5s6aeVCoRzISZFKKvhWD567ZyY7NJdmKGtWGJiyDRWkWw6BCBeGhyTPb80g8reo9f1-LveOF53SsBOMfZwszXeUDnug,Concor Bisoprolol Fumarato 5mg Merck Caja x 30 Tabletas
39110,ME42419,BISOPROLOL FUMARATO 2.5 MG COMPRIMIDOS RECUBIERTOS,farmatodo,1.0000000000000002,https://product-images.farmatodo.com/uj8L6usCVl42w84N9o6ukEGicUrevVminVJiGn5OWE9lYcme22JTiCV6U8r6A1mIjWC_HWuhdR-GTBgMjtsRcj6yUo1cpsMKMkU7SuW42lf_GEw_,Concor Bisoprolol Fumarato 2.5 mg Merck Caja x 30 Tabletas
39121,ME42750,CANDESARTAN CILEXETILO 8 MG COMPRIMIDOS,farmago,1.0000000000000002,https://www.farmago.com.ve/web/image/product.template/54184/image_1024,[7592454003360] CANDESARTAN CILEXETILO  8MG X 10 TABLETAS (LA SANTE)
39126,ME43806,CARBETAL 8 MG X 30 TABLETAS,farmadon,1.0000000000000002,https://www.farmadon.com.ve/wp-content/uploads/2026/06/Carbetal-8Mg-X-30Tab.-Cofasa-ll.png,Carbetal Candesartán 8Mg X 30 Tabletas Cofasa
39135,ME31589,CETIRIZINA 1 MG / ML SOLUCION ORAL,farmago,1.0000000000000002,https://www.farmago.com.ve/web/image/product.template/54451/image_1024,[7591585174598] CETIRIZINA  1MG-1ML X 60 ML SOLUCION (GENVEN)
39142,ME32032,CIPROFLOXACINA 750 MG COMPRIMIDOS RECUBIERTOS,farmadon,0.9000000000000001,https://www.farmadon.com.ve/wp-content/uploads/2021/10/Ciprofloxacina-750mg-x-6-Comprimidos-Spefar.png,Ciprofloxacina 750mg x 6 Comprimidos &#8211; Spefar
39143,ME33398,CLARITROMICINA 500 MG COMPRIMIDOS RECUBIERTOS,farmatodo,1.0000000000000002,https://product-images.farmatodo.com/qZLlHMFzMqTLcESJ66a0Fj2mioiJS5mOjHQZwST_rZ3hjJQZBzVI-z-HLMwSPFKzjlnYug4h5-5YOppu-2TYAqonhFTcI4_U9Q,**Claritromicina MK 500mg Tabletas Caja x10Tableta                      
39144,ME42557,CLINDAMICINA 300 MG X 16 CAPSULAS,farmadon,1.0000000000000002,https://www.farmadon.com.ve/wp-content/uploads/2023/09/Clindamicina-300Mg-X-16-Capsulas-Genven.jpg,Clindamicina 300Mg X 16 Cápsulas Genven
39179,ME43570,DESLORATADINA - MONTELUKAST 5 MG - 10 MG COMPRIMIDOS RECUBIERTOS,farmatodo,1.0000000000000002,https://lh3.googleusercontent.com/GP7irmzab28o_6QC9EvB9d4LnDjKx_QK_7Nf0d9Sni1BYgx2aJWbk3fp2Ke_tT-8angSnJmScS2-0jyEvJHByssq_8JsAwk1T2mTzRwHF6Q4IYX2,Deslodex Duo Desloratadina + Montelukast 5mg/10mg Novamed Caja x 30 Tabletas
39182,ME31107,DICLOFENAC DIETILAMINO 1.16 % GEL,farmadon,0.9000000000000001,https://www.farmadon.com.ve/wp-content/uploads/2025/10/Campal-Diclofenac-Dietilamino-1.16-Gel-50Gr.-Siegfried-new-ll.png,Campal Diclofenac Dietilamino 1.16% Gel 50Gr. Siegfried
39195,ME41759,DOLGRIP X 10 CAPSULAS,farmago,0.7000000000000001,https://www.farmago.com.ve/web/image/product.template/55810/image_1024,[7591519236026] DOLGRIP (ACETAMINOFEN - CLORFENIRAMINA - CAFEINA) 325MG-4MG-32MG X 10 CAPSULAS (CALOX)
39207,ME44071,EVABOLIN 10 MG X 30 TABLETAS RECUBIERTAS,farmadon,1.0000000000000002,https://www.farmadon.com.ve/wp-content/uploads/2025/11/Evabolin-Empagliflozina-10Mg-X-30Tab.-Cofasa.png,Evabolin &#8211; Empagliflozina 10Mg X 30 Tabletas Cofasa
39227,ME37521,GABAPENTINA 400 MG X 20 CAPSULAS,farmadon,1.0000000000000002,https://www.farmadon.com.ve/wp-content/uploads/2022/10/Gabapentina-400Mg-X-20-Capsulas-Spefar.png,Gabapentina 400Mg X 20 Cápsulas Spefar
39245,ME42460,HIDROCLOROTIAZIDA 12.5 MG COMPRIMIDOS,farmatodo,1.0000000000000002,https://lh3.googleusercontent.com/-oxgWcztYsYGhdpoVj1LCyT1w6mUsMQaRYEZBR5yoBTlwnmQckpWK8QPN4QuVR_DQkDN8FmyNZ8TqVEWE2_j3a0UNQr-QNB80DKy,Hidroclorotiazida MK 12.5 mg Caja x 30 Tabletas
39247,ME42590,HIDROCLOROTIAZIDA 25 MG COMPRIMIDOS,farmatodo,1.0000000000000002,https://lh3.googleusercontent.com/NeToYKwjsY3H54kUqHHO5JjFCuTronJM9rRr-aTdd9HNoIQpVRxpfkrlocWmr5U64Tb6WmlrOiVELn63pgVG56eRUxurj30Jtgf2-H-ixOcMK8Vd,Hidroclorotiazida Genfar 25 mg Caja x 30 Tabletas
39248,ME39472,IBUPROFENO 400 MG-TIOCOLCHICOSIDO 4 MG COMPRIMIDOS,farmadon,0.9000000000000001,https://www.farmadon.com.ve/wp-content/uploads/2022/11/Colfene-IbuprofenoTiocolchicosido-400Mg4Mg-X-10Tabletas-Elmor.jpg,Colfene Ibuprofeno+Tiocolchicósido 400Mg/4Mg X 10 Tabletas Elmor
39250,ME26698,IBUPROFENO 400 MG COMPRIMIDOS RECUBIERTOS,farmatodo,1.0000000000000002,https://lh3.googleusercontent.com/n7yInBhW7igpZjLelJsaca-op0sF18BFO8KLMpWMRoXyPWd5AHv8Xi3b_R5D8qnBCbAUHiMAsWTPxP2G7KNmC3p6Umy7OSTusZk,Ibuprofeno MK 400 mg Fracción Blíster x 10 Tabletas
39258,ME42456,IRBESARTAN 300 MG COMPRIMIDOS,farmatodo,1.0000000000000002,https://lh3.googleusercontent.com/PNmC7a60oz-Ghdg1y5_zcPpSW0zrehQWf-LiWTjYN9Vr8557YJz2uBJ_Rd3JPLL0_YLNqHK0oc2t3JRFY_FKoAeIRS0PmR_vP4U,Irbesartán MK 300 mg Caja x 14 Tabletas
39265,ME33620,IVAGAN FORTE X 100 TABLETAS RECUBIERTAS,farmadon,0.7000000000000001,https://www.farmadon.com.ve/wp-content/uploads/2021/10/Biotech_Acetominofen-Dihidroergotamina-Cafeina_Ivagan_TabletasRecubiertas_650mg1mg40mg.png,Ivagan Forte Acetaminofén+Cafeína+Dihidroergotamina 10 Tabletas &#8211; Biotech
39266,ME44048,IZABAN DPP 10 MG - 5 MG COMPRIMIDOS RECUBIERTOS,farmadon,1.0000000000000002,https://www.farmadon.com.ve/wp-content/uploads/2026/05/Izaban-Dpp-10Mg-5Mg-X-30Comp.Rec-Leti-ll.png,Izaban Dpp Empagliflozina+ Linagliptina  10Mg/5Mg X 30 Comprimidos Recubiertos Leti
39270,HO30273/3,KETOPROFENO 100 MG / 2 ML X 10 AMPOLLAS,farmadon,1.0000000000000002,https://www.farmadon.com.ve/wp-content/uploads/2022/05/Ketoprofeno-Ampolla-100Mg-2Ml-I.V.-I.M-Tiares.jpg,Ketoprofeno Ampolla 100Mg/2Ml I.V/I.M Tiares
39287,ME29812,LORATADINA 10 MG COMPRIMIDOS,farmatodo,1.0000000000000002,https://product-images.farmatodo.com/ybhWOmVOP8Zj26Z6EmhSoBEkC5VAslNeFIyfctB8BGrpAkkiRlWynyJdT2TeHdcNGRCZG-hUyBEVvq6j-xF1bpanHRoa-m3YBv9LDU6y_4fhrS3J,Loratadina MK 10 mg Caja x 10 Tabletas
39291,ME42439,LOSARTAN POTASICO 100 MG COMPRIMIDOS RECUBIERTOS,farmatodo,1.0000000000000002,https://product-images.farmatodo.com/sBKNncc2-i_V9Wpox3Ki6kU2ptrhaDLY3pFIK3_tEHVlUmiPESehQFeWaAjGbAtpxfuFzDbuJ3MG9Y4QiEHTTPUNWcjsUjIMXcyM8IDgTMLdY6vI,Losartan Potásico 100 Mg Bussie Caja x 30 Tabletas
39296,ME31259,MELOXICAM 15 MG COMPRIMIDOS,farmatodo,1.0000000000000002,https://product-images.farmatodo.com/04p-CYUW7iiW7Rtg20N3MEC_tF7K-sz5gkoFpiL2s9fstIeGdPNwx0cd0GtyrXDvDA6drecNFcUEcGNV-GrIJyKyAmJlt0FwTuRX,Meloxicam MK 15 mg Caja x 10 Tabletas
39299,ME37492,METFORMINA CLORHIDRATO 850 MG COMPRIMIDOS,farmatodo,1.0000000000000002,https://lh3.googleusercontent.com/Ni416cWGoW0W7EGYUE3o91AdSjF42EWs4gPkC04lOaCUu3_jFpGkny4wViss1y-HCjTWh7vncj-80sCrW6vlZfoLibJ1qkT8wN4s,Metformina Clorhidrato 850 mg Genfar Caja x 30 Tabletas
39308,ME35447,MONTELUKAST 10 MG COMPRIMIDOS RECUBIERTOS,farmatodo,1.0000000000000002,https://lh3.googleusercontent.com/5T9PHMO3H5xVSIXOq16T3XaNEtdOmN88NwlioSQHpl5BDJpOpg129a2I3BlTj2zKY1XjpLE7O3feC1JwLzsAi3dIR8w1RT0Ep3uJKdwXe61DZUdzKw,Montelukast AG 10 mg Caja x 10 Tabletas
39313,ME42756,NAFAZOLINA CLORHIDRATO 0.12 MG / ML SOLUCION OFTALMICA,farmago,0.9000000000000001,https://www.farmago.com.ve/web/image/product.template/54734/image_1024,[7591196000071] CLARASOL (CLORHIDRATO DE NAFAZOLINA) 0.12MG X 15ML GOTAS OFTALMICAS (OFTALMI)
39328,ME30489,OMEPRAZOL 20 MG X 28 CAPSULAS,farmadon,0.9000000000000001,https://www.farmadon.com.ve/wp-content/uploads/2021/10/Omeprazol-20mg-x-28-Capsulas-–-Calox.png,Omeprazol 20mg x 28 Cápsulas &#8211; Calox
39334,ME26053,OXOLAMINA 28 MG / 5 ML JARABE,farmadon,0.9000000000000001,https://www.farmadon.com.ve/wp-content/uploads/2022/04/PEREBRON-JBE.PED_.-MIEL-LIMON-28MG-5ML-X-120ML-ELMOR.jpg,Perebron Oxolamina Jarabe Pediátrico Miel-Limón 28mg/5Ml X 120Ml Elmor
39335,ME26052,OXOLAMINA 50 MG / 5 ML JARABE,farmadon,0.9000000000000001,https://www.farmadon.com.ve/wp-content/uploads/2024/08/Oxolamina-Jbe.Ped_.-50Mg5Ml-X-120Ml-Genven.png,Oxolamina Jarabe Pedriátrico 50Mg/5Ml X 120Ml Genven
39339,ME26205,OXOLAMINA 50 MG / 5 ML JARABE,farmadon,0.9000000000000001,https://www.farmadon.com.ve/wp-content/uploads/2024/08/Oxolamina-Jbe.Ped_.-50Mg5Ml-X-120Ml-Genven.png,Oxolamina Jarabe Pedriátrico 50Mg/5Ml X 120Ml Genven
39345,ME42605B,QUETIAPINA 100 MG COMPRIMIDOS RECUBIERTOS,farmatodo,1.0000000000000002,https://product-images.farmatodo.com/_sH0j4nv4lnhe1bct2DrraHap2gPt-_WJDjqY2kmsQsDdAlV6tcBkifryGIzRAw6aNZjqFf5UWc6bnORZ1aZBMnTTv8oXF7wXMU,Quetiapina MK 100 mg Caja x 30 Tabletas
39346,ME42604,QUETIAPINA 25 MG COMPRIMIDOS RECUBIERTOS,farmatodo,1.0000000000000002,https://lh3.googleusercontent.com/tC_h2TP_vILCGdp9obAoh0H7AgBGYL9NIBLLi1Jd1a-50iBMk66ZWMWw30Z4aeIBW1g6J_h_zlO10NXoagP7LZY9AXXUl31lQRMk0yUKyM8MXyE,Quetiapina MK 25 mg Caja x 30 Tabletas
39348,ME42526,QUETIAPINA 25 MG COMPRIMIDOS,farmatodo,1.0000000000000002,https://lh3.googleusercontent.com/tC_h2TP_vILCGdp9obAoh0H7AgBGYL9NIBLLi1Jd1a-50iBMk66ZWMWw30Z4aeIBW1g6J_h_zlO10NXoagP7LZY9AXXUl31lQRMk0yUKyM8MXyE,Quetiapina MK 25 mg Caja x 30 Tabletas
39352,ME42185,REHIDROSOL 45 MEQ / L SOLUCION ELECTROLITICA USO ORAL SABOR A FRAMBUESA,farmadon,0.6000000000000001,https://www.farmadon.com.ve/wp-content/uploads/2023/11/Rehidrosol-Zinc-60MeqL-S.Manzana.-Sol.-X-600Ml-Behrens.jpg,Rehidrosol Zinc 60Meq/L Sabor Manzana Solución X 600Ml Behrens
39354,ME42186,REHIDROSOL 60 MEQ / L SOLUCION ELECTROLITICA USO ORAL SABOR A MANZANA,farmadon,0.6000000000000001,https://www.farmadon.com.ve/wp-content/uploads/2023/11/Rehidrosol-Zinc-60MeqL-S.Manzana.-Sol.-X-600Ml-Behrens.jpg,Rehidrosol Zinc 60Meq/L Sabor Manzana Solución X 600Ml Behrens
39358,ME36523,SIMVASTATINA 20 MG COMPRIMIDOS RECUBIERTOS,farmatodo,1.0000000000000002,https://lh3.googleusercontent.com/uUgewxmwO4skDlkXF_okn_aafE-khRv1_Sd73U4cpcbw-s70gjraKXZD0b5Z7ZJQKe5tnV9yhtUR-rIYUT-o-saRnc4o7gX85Oo,Simvastatina MK 20 mg Caja x 10 Tabletas
39361,ME42518,SERTRALINA 100 MG COMPRIMIDOS,farmatodo,1.0000000000000002,https://lh3.googleusercontent.com/o3s0lwJK_KnJsQvX0n2e2B2mwnqcZwKeY6qjrX5lLvfBD-L7iTQqk613WBleB0YJDvomagRgXS83tsxtAqfMEwrm6tsizemPTiMebWmLI-6JP8Ly,Sertralina 100 mg Caja x 10 Tabletas
39362,ME42517,SERTRALINA 50 MG COMPRIMIDOS,farmatodo,1.0000000000000002,https://lh3.googleusercontent.com/Cla3RkJzcTBdJgULu7V-HQYriYrijIs60UCTyhoHItmI60Q9vFG5rAQOUq9EST7iL3qywGJujFM-YRJhCurb-gaYCQ3QCv8PGzpjMIupHMpkntob,Sertralina 50 mg MK Caja x 30 Tabletas
39375,ME31158,SULTAMICILINA 250 MG / 5 ML POLVO PARA SUSPENSION ORAL,farmatodo,0.9000000000000001,https://lh3.googleusercontent.com/EutZv_Y-dPceQBQB4P7pC-SWq67Z_RqWAMcVvQKblAEMT4X411He2AG6TjUgh9e1RD8AAEuV5EtgbTLCwqHiILLDVtmXF9OE4yg,//Sulamp 250Mg/5Ml. Polvo Sus. Oral Frasco x100Ml. Sultamicilina 
39376,ME32130,SULTAMICILINA 750 MG COMPRIMIDOS RECUBIERTOS,farmatodo,0.9000000000000001,https://product-images.farmatodo.com/9goXcJChymHA8SH1F5htZOUeNWvb987sOgNUZeIqGAycLF9t38ZRILyPuTaS9ZXIvYOWruNOXnGRmvm0tR0jVrrEjw6j-E6Vwa4HeURMWGM4aJo4,Sultamicilina 750 mg MK Caja x 20 Tabletas
39393,HO43730,TIOCOLCHICOSIDO 4 MG / 2 ML X 12 AMPOLLAS,farmadon,1.0000000000000002,https://www.farmadon.com.ve/wp-content/uploads/2026/07/Tiocolchicosido-Ampolla-4Mg2Ml-I.M.Andilab-ll.png,Tiofercol Tiocolchicosido Ampolla  4Mg/2Ml I.M.Andilab
39394,HO37915,TIOCOLCHICOSIDO 4 MG / 2 ML X 12 AMPOLLAS,farmadon,1.0000000000000002,https://www.farmadon.com.ve/wp-content/uploads/2026/07/Tiocolchicosido-Ampolla-4Mg2Ml-I.M.Andilab-ll.png,Tiofercol Tiocolchicosido Ampolla  4Mg/2Ml I.M.Andilab
39402,ME38569,VALSARTAN 160 MG CAPSULAS,farmadon,1.0000000000000002,https://www.farmadon.com.ve/wp-content/uploads/2026/03/Valsartan-160Mg-X-30-Capsulas-Kimiceg-RR.png,Valsartán 160Mg X 30 Cápsulas Kimiceg
39418,ME32679,ACRYLARM 0.2 % GEL OFTALMICO,farmatodo,0.9000000000000001,https://lh3.googleusercontent.com/VN1XK81jRew_uNfbPIoej8YJGbwGUStlGafi36yG4xWObnP_uCfu-WhRMEJmBBOjxSYZguEovq7k2PwaAhjI71vvwRSBP5kLkOQ,ACRYLARM PLUS 0.2% GEL
39420,ME35027,ALBENDAZOL 200 MG TABLETAS RECUBIERTAS MASTICABLES,farmatodo,1.0000000000000002,https://product-images.farmatodo.com/4F7GHguy95o5hLu2lhPCW91CvxFKNrEGTuNgBSg6XOQdr4Xvu19pKaerd24amfsSCU91FA8KLLkbzJaYNp1wZ8GShrvR_5ZJWdnw_9R6bjoZLWAq,Albendazol 200 mg MK Caja x 2 Tabletas
39426,ME1482,ANGIOFLUX (SULODEXIDA) 250 LSU X 25 CAPSULAS BLANDAS,farmadon,0.7000000000000001,https://www.farmadon.com.ve/wp-content/uploads/2025/04/Angioflux-250Lsu-X-25Caps.-Leti-1.png,Angioflux Sulodexida 250Lsu X 25 Cápsulas Leti
39427,ME43734,ARIPIPRAZOL 15 MG X 30 TABLETAS,farmatodo,1.0000000000000002,https://lh3.googleusercontent.com/gclN3UNU6Cqk-IuGsNw3jOuh1FRlsBChuuqUdoPjoxiqP_E1wqUTn5Ajw4PiG_Ovs5Y-nBHBAwGM3O7veNzuyrdiVimpjPDlzn5yE6mWJytqPsw,Ilimit Aripiprazol 15 mg Megalabs Caja x 30 Comprimidos
39437,ME36689,AZITROMICINA 500 MG X 3 TABLETA RECUBIERTA,farmatodo,1.0000000000000002,https://product-images.farmatodo.com/cUVcDkRde1UVEyZWrCFNIYPIHEI817sqC_4yqkXTmrUZiWhm2NADfsfh_Oyo1t6zrQXJlUc4zrscNz5MfDVs6NYELxCuJFZ5RwY6bw3gtt62FlQy,Azitromicina MK 500 mg Caja x 3 Tabletas
39449,ME43037,HIOSCINA N-BUTILBROMURO 10 MG X 10 TABLETAS RECUBIERTAS,farmadon,0.9000000000000001,https://www.farmadon.com.ve/wp-content/uploads/2025/04/Butilbromuro-De-Hioscina-10Mg-X-10-Tabletas-De-Dispensador-Laproff.png,Butilbromuro De Hioscina Butilbromuro De Hioscina 10Mg X 10 Tabletas De Dispensador Laproff
39454,ME38185,CILOSTAL 100 MG X 30 TABLETAS,farmatodo,1.0000000000000002,https://product-images.farmatodo.com/Iz4uNiwRjE33siNyRYxxhx61OCBqHaEVbAFRFa_gM6SyBH-24oTmT93Vwh680HDfheRxHaf6SN0ekKF5ncMaJPYNwL7ndrNydqmEtRbj5adyow8W,Cilostal Cilostazol 100 mg Merck Caja x 30 Tabletas
39458,ME42403,CLINDAMICINA 1 % GEL TOPICO,farmatodo,1.0000000000000002,https://product-images.farmatodo.com/aGfZSQhMORE2dnmYssHELDu6qAFaN9PXPEai9pNdIqiynApEE7fytyWnqBQTj7uWvWPbl-G0gvLo3rC_78YdF1GNuwAvxw-oTSj88H_EYMJFnyM,Clindamicina 1 % Genfar Solución Topica Caja x 30 ml
39459,ME44198,CLOBETASOL PROPIONATO 0.05 % CREMA,farmatodo,1.0000000000000002,https://product-images.farmatodo.com/W_ja17uRMQ-J3PfxTE3Ziq5x-hvHK1C8_ItK14qNKo_ZDJlpWcXihTnVXOKTAhac9HulyLCGeuVGhRpJRAMG6D_uRudwXoNaN6tG,Clobetasol Propionato MK 0.05% Crema Tubo x 30 gr
39462,ME35192,CLOTRIMAZOL 2 % CREMA VAGINAL,farmatodo,1.0000000000000002,https://lh3.googleusercontent.com/gmtTBUd7H_-RcUK5AOM4m4EZ-4PAznRhDsby5jMFRzAc2uHUEHspOfHVNWMmzheWuM89FOEcEcC3DGMihvGuijDEjkccpm6TIWXnVja-WmV22MnP,Clotrimazol MK 2% Crema Vaginal Tubo x 20 gr
39466,ME37545,ISOTRETINOINA 10 MG X 30 CAPSULAS BLANDAS,farmatodo,1.0000000000000002,https://product-images.farmatodo.com/D24zDoecdAWv1kam4xOrKQvPkfHUwndz4IDx9WB1Kc-8I2uf35Le1KLVZmm8kvKh6YhCbPVufLDvSWFWGGOVmSS17zajM7xNCg4WBmqoWUGAaLCMUg,Isotretinoina Colmed 10 mg Caja x 30 Cápsulas
39472,ME37301,DICLOFENAC SODICO 1 % GEL,farmatodo,1.0000000000000002,https://lh3.googleusercontent.com/zNi9Bc9nZOfIfGRO8OaMBw_rTxX8bZ0ONDxviV_qqW9Ka-x5_2XXSNxdip-7tUNx0DQV-f8jg8WrcmYxUcVhuS6dkpWC23H5BQZgbzgLbV7809M,X-Ray Gel Diclofenac Sodico 1% Genomma Tubo x 30 gr
39475,HO26290,DEXAMETASONA 21-FOLATO 4 MG / ML X 10 AMPOLLAS,farmatodo,1.0000000000000002,https://lh3.googleusercontent.com/yC6bBE9Jac0_ICLzXme4gw_ZukWrDQEgaHvQ_T2gjaGco10dYLWaY1aIDgUEVNFar9BsuMWwU8-sNmeALMNkBILX5qYIep1mxjCH5sXUlCc241vf,Dexametasona 4 mg Genfar Caja x 10 Ampollas
39479,ME42667,SITAGLIPTINA - METFORMINA CLORHIDRATO 50 MG - 500 MG TABLETAS RECUBIERTAS,farmago,1.0000000000000002,https://www.farmago.com.ve/web/image/product.template/60153/image_1024,[7591585118066] SITAGLIS MET (METFORMINA CLORHIDRATO - SITAGLIPTINA) 500MG-50MG X 30 COMPRIMIDOS (LETI)
39486,ME43831,LEVODROPROPIZINA 6 MG / ML SOLUCION ORAL,farmago,1.0000000000000002,https://www.farmago.com.ve/web/image/product.template/68393/image_1024,[7591585114709] ANTUX (LEVODROPROPIZINA) 6MG-ML SOLUCIÓN ORAL X 120 ML
39497,ME42647,CLOTRIMAZOL 200 MG X 3 OVULOS VAGINALES,farmadon,1.0000000000000002,https://www.farmadon.com.ve/wp-content/uploads/2024/09/Dymazol-Clotrimazol-200Mg-X-3-Ovulos-Distrilab.png,Dymazol Clotrimazol 200Mg X 3 Ovulos Distrilab
39500,ME36507,INSPRA 50 MG X 30 TABLETAS RECUBIERTAS,farmatodo,1.0000000000000002,https://product-images.farmatodo.com/fJ4_wNfm3wMlrP9fOFCKO3xWFPgZxUiPI0tD7hRiwRwCzQ-tYG70wjzDTWb3vBzIuNyoVoV2T2tIj0RYvad6HXhKrZ3TMCJlU-J7lL99wwFurIUGcw,Inspra Eplerenona 50 mg Aspen Caja x 30 Tabletas
39506,ME37839,TERBINAFINA CLORHIDRATO 1 % CREMA,farmatodo,1.0000000000000002,https://lh3.googleusercontent.com/U7HNCLtn1r7FzP4e0v4x2uHKQnSzeY3UFR3GqhlO9xfh3-2aSCpoMvVVA0VzPLamcP0YgsixnuLZlYslkhgQvsejU9A55xTI-d6mGK3dGxCmUo9v,Lamisil Clorhidrato de Terbinafina 1% Haleon Crema Tubo x 15 gr
39510,HO43429,FLUCONAZOL 200 MG / 100 ML SOLUCION PARA INFUSION,farmadon,1.0000000000000002,https://www.farmadon.com.ve/wp-content/uploads/2026/08/Fluconazol-Amp.-200Mg-100Ml-I.V-Ips-SM.png,Fluconazol Ampolla 200Mg/100Ml I.V Ips
39517,ME32507,GLICLAZIDA 80 MG X 20 TABLETAS,farmadon,1.0000000000000002,https://www.farmadon.com.ve/wp-content/uploads/2021/10/Glidan-Gliclazida-80mg-x-20-Tabletas-–-Megalabs-1.jpg,Glidan Gliclazida 80mg x 20 Tabletas &#8211; Megalabs
39523,HO34920,HIDROCORTISONA 100 MG X 10 AMPOLLAS,farmadon,1.0000000000000002,https://www.farmadon.com.ve/wp-content/uploads/2024/02/Cortipra-Amp.100MgMl-I.MI_.V-Adnmedical.jpg,Cortipra Hidrocortisona Ampolla 100Mg/Ml I.M/I.V Adnmedical
39528,ME44524,IVABRADINA 5 MG X 30 TABLETAS RECUBIERTAS,farmadon,1.0000000000000002,https://www.farmadon.com.ve/wp-content/uploads/2026/03/Ivaralan-5Mg-X-30Tab.Unipharma.png,Ivaralan Ivabradina 5Mg X 30 Tabletas Unipharma
39529,ME41832,JARIT 100 MG X 30 CAPSULAS BLANDAS,farmadon,1.0000000000000002,https://www.farmadon.com.ve/wp-content/uploads/2021/11/Jarit-100mg-x-30-Capsulas-Pro-Capsulas.jpg,Jarit Progesterona 100mg x 30 Cápsulas &#8211; Procaps
39545,ME43010,DESLORATADINA - MONTELUKAST 5 MG - 10 MG X 30 TABLETAS RECUBIERTAS,farmatodo,1.0000000000000002,https://lh3.googleusercontent.com/GP7irmzab28o_6QC9EvB9d4LnDjKx_QK_7Nf0d9Sni1BYgx2aJWbk3fp2Ke_tT-8angSnJmScS2-0jyEvJHByssq_8JsAwk1T2mTzRwHF6Q4IYX2,Deslodex Duo Desloratadina + Montelukast 5mg/10mg Novamed Caja x 30 Tabletas
39546,ME43731,MUPIROCINA 2 % UNGUENTO,farmatodo,1.0000000000000002,https://product-images.farmatodo.com/zQATofkVP8nf6YGNtVHLJAgzI_0fU772UssBhDCG-ZnW8AbCE2BtT4P8jKRA0WMwmD2VDFHKHQMc1LuP5n6GcYsfwutTHiJCOiTDyvXiNeLvG3MegA,Presiderm Ungüento Mupirocina 2% Megalabs Tubo x 15 gr
39555,HO44444,OMEPRAZOL 40 MG X 10 AMPOLLAS,farmadon,1.0000000000000002,https://www.farmadon.com.ve/wp-content/uploads/2026/09/Omeprazol-Ampolla-40Mg-10-Ml-I.V-Globalmedic-AB.png,Omeprazol Ampolla 40Mg/10 Ml I.V Globalmedic
39562,ME34155,PENTOXIFILINA 400 MG X 30 TABLETAS RECUBIERTAS DE LIBERACION PROLONGADA,farmatodo,1.0000000000000002,https://product-images.farmatodo.com/JiZJUay11jVbPJhYwQ5gD4UcsgaG3LUzcuUmXmhLlbI8v_CjZQVeXOdWnCSu6p5TIIPKiY8yqpDYl9st3rPuNlJAUTY3sMdaDt9XRTeDjQ23jrtC,Pentoxifilina Genfar 400 mg Caja x 30 Tabletas
39569,ME40781,RANITIDINA 150 MG / 10 ML X 10 SOLUCION ORAL,farmadon,1.0000000000000002,https://www.farmadon.com.ve/wp-content/uploads/2024/05/Dianitin-SolOral-Ped.150Mg10Ml-X-120Ml-Distrilab.jpg,Dianitin Ranitidina Solución Oral Pediátrica 150Mg/10Ml X 120Ml Distrilab
39582,ME42849,PERMETRINA 5 % LOCION,farmatodo,1.0000000000000002,https://lh3.googleusercontent.com/LsU8mm6rZ7d0O9QVIrwePHAoBjAzmWPkOu9MVs-ujnrWauI_vpaPmImnOoFG8rtxtHQvcoNCrh7TlpqA4PPCcqktMVXcG9gCV4VLXYRZbaz0J8ZCOg,Gambenceno Permetrina 5% Bussie Loción Tópica Frasco x 50 gr
39584,ME30367,SULTAMICILINA 250 MG / 5 ML POLVO PARA SUSPENSION ORAL,farmatodo,0.9000000000000001,https://lh3.googleusercontent.com/EutZv_Y-dPceQBQB4P7pC-SWq67Z_RqWAMcVvQKblAEMT4X411He2AG6TjUgh9e1RD8AAEuV5EtgbTLCwqHiILLDVtmXF9OE4yg,//Sulamp 250Mg/5Ml. Polvo Sus. Oral Frasco x100Ml. Sultamicilina 
39612,,Ketoprofeno 100mgs x Ampolla,farmatodo,0.7,https://product-images.farmatodo.com/B0PWUzxPzyXxIf4izU8HqftCx0xetqeCMVhrrpLbVkUwunXDpu9ocgft6MJJCUQmX3IZvUto6hBfv1g6rCXjDAU4T3BZbymftxkRxFEiMxCdvH0,Profenid Ketoprofeno 100 mg Sanofi Caja x 6 Ampolletas
39615,,Ondansetron 8mgs x ampolla,farmago,0.7,https://www.farmago.com.ve/web/image/product.template/53854/image_1024,[7598455000278] BIOSETRON (ONDANSETRON) 8 MG- 4 ML I.M-I.V (BIOGLASS)
39616,,Tramadol 100mgs x ampolla,farmatodo,0.7,https://lh3.googleusercontent.com/wmzXT3R0XMgRcmnRKZrpvym9RPzRgBWdyn2u6B8tRYSoLQQpUAVes3pl1MwUFaplTKB0Z4j3SHIofg3uo2vqjiGfy-PJdgQix2Qw,Tramadol Clorhidrato Genfar 100 mg Frasco x 10 ml