producto_id,sku,nombre_comercial,nucleo,foto_url,fuente,detalle
37291,ME36296,ABRETIA 10 MG X 10 CAPSULAS,ABRETIA,https://mav.farmaciasaas.com/api/images/articulos/DISTRIBUCION/17769.jpg,cobeca,ABRETIA CAP 10MG X10 MEG
37292,ME36437,ABRETIA 18 MG X 10 CAPSULAS,ABRETIA,https://mav.farmaciasaas.com/api/images/articulos/DISTRIBUCION/17770.jpg,cobeca,ABRETIA CAP 18MG X10 MEG
37293,ME36438,ABRETIA 25 MG X 20 CAPSULAS,ABRETIA,https://mav.farmaciasaas.com/api/images/articulos/DISTRIBUCION/17768.jpg,cobeca,ABRETIA CAP 25MG X20 MEG
37305,ME23534,ACALIX 60 MG X 30 TABLETAS,ACALIX,https://mav.farmaciasaas.com/api/images/articulos/DISTRIBUCION/4986.jpg,cobeca,ACALIX TAB 60MG X30 VARG
37307,ME36867,ACETAB 250 MG X 20 TABLETAS,ACETAB,https://mav.farmaciasaas.com/api/images/articulos/DISTRIBUCION/90118.jpg,cobeca,ACETAB TAB 250MG X20 L.O
37329,ME24875,ACEVAL 100 MG / ML SOLUCION ORAL EN GOTAS,ACEVAL,https://mav.farmaciasaas.com/api/images/articulos/DISTRIBUCION/4669.jpg,cobeca,ACEVAL GTS SOL 100MG/ML 30ML VLM
37330,ME42976,ACEVAL 180 MG / 5 ML SOLUCION ORAL,ACEVAL,https://mav.farmaciasaas.com/api/images/articulos/DISTRIBUCION/22391.jpg,cobeca,ACEVAL SOL PED 180MG/5ML 120ML VLM
37331,ME30496/2,ACEVAL 650 MG X 10 TABLETAS,ACEVAL,https://mav.farmaciasaas.com/api/images/articulos/DISTRIBUCION/646.jpg,cobeca,ACEVAL TAB 650MG X10 VLM
37332,ME30496/3,ACEVAL 650 MG X 50 TABLETAS,ACEVAL,https://mav.farmaciasaas.com/api/images/articulos/DISTRIBUCION/24308.jpg,cobeca,ACEVAL TAB 650MG X50 VLM
37333,ME31082,ACICLOR 1 G X 10 COMPRIMIDOS A.P.,ACICLOR,https://mav.farmaciasaas.com/api/images/articulos/DISTRIBUCION/3203.jpg,cobeca,ACICLOR AP COMP 1G X10 LETI
37334,ME24209,ACICLOR 5 % CREMA,ACICLOR,https://mav.farmaciasaas.com/api/images/articulos/DISTRIBUCION/8876.jpg,cobeca,ACICLOR CREM 5% 10G LETI
37362,ME43542,ACIDO MEFENAMICO 500 MG X 10 TABLETAS,ACIDO MEFENAMICO,https://mav.farmaciasaas.com/api/images/articulos/DISTRIBUCION/28706.jpg,cobeca,ACIDO MEFENAMICO TAB 500MG X 10 FM
37364,ME23174/3,VALPRON 500 MG X 30 TABLETAS,VALPRON,https://mav.farmaciasaas.com/api/images/articulos/DISTRIBUCION/5235.jpg,cobeca,VALPRON TAB 500MG X30 FAR
37370,ME36828/2,AFLAMAX 50 MG X 10 TABLETAS RECUBIERTAS,AFLAMAX,https://mav.farmaciasaas.com/api/images/articulos/DISTRIBUCION/19583.jpg,cobeca,AFLAMAX TAB REC 50MG X10 L.O
37371,ME36828/3,AFLAMAX 50 MG X 20 TABLETAS RECUBIERTAS,AFLAMAX,https://mav.farmaciasaas.com/api/images/articulos/DISTRIBUCION/92341.jpg,cobeca,AFLAMAX TAB REC 50MG X20 L.O
37372,ME27634,AFOKLIN 5 MG X 20 COMPRIMIDOS,AFOKLIN,https://mav.farmaciasaas.com/api/images/articulos/DISTRIBUCION/778.jpg,cobeca,AFOKLIN COMP 5MG X20 MEG
37373,ME27414,AFOKLIN 10 MG / ML SOLUCION ORAL,AFOKLIN,https://mav.farmaciasaas.com/api/images/articulos/DISTRIBUCION/779.jpg,cobeca,AFOKLIN GTS 10MG 15ML MEG
37376,ME43879,AIRCOF PLUS 5 MG - 2.5 MG X 30 TABLETAS MASTICABLES,AIRCOF PLUS,https://mav.farmaciasaas.com/api/images/articulos/DISTRIBUCION/53225.jpg,cobeca,"AIRCOF PLUS TAB MAST 5MG/2,5MG X30 COFA"
37377,ME43889,AIRCOF 10 MG X 30 TABLETAS MASTICABLES,AIRCOF,https://mav.farmaciasaas.com/api/images/articulos/DISTRIBUCION/53060.jpg,cobeca,AIRCOF TAB MAST 10MG X30 COFA
37378,ME20628,AIRFEN 0.05 % SOLUCION NASAL,AIRFEN,https://mav.farmaciasaas.com/api/images/articulos/DISTRIBUCION/4340.jpg,cobeca,AIRFEN GTS PED 15ML COFA
37379,ME33783/3,AIRON 10 MG X 30 TABLETAS RECUBIERTAS,AIRON,https://mav.farmaciasaas.com/api/images/articulos/DISTRIBUCION/5930.jpg,cobeca,AIRON TAB REC 10MG X30 L.O
39028,ME33777/3,AIRON 5 MG X 30 TABLETAS MASTICABLES,AIRON,https://mav.farmaciasaas.com/api/images/articulos/DISTRIBUCION/5931.jpg,cobeca,AIRON TAB MAST PED 5MG X30 L.O
37388,ME28826,ALBICAR 400 MG / 10 ML SUSPENSION,ALBICAR,https://mav.farmaciasaas.com/api/images/articulos/DISTRIBUCION/9806.jpg,cobeca,ALBICAR SUSP 400MG 10ML ELM
37389,ME27447/2,ALBICAR 200 MG X 2 TABLETAS,ALBICAR,https://mav.farmaciasaas.com/api/images/articulos/DISTRIBUCION/9807.jpg,cobeca,ALBICAR TAB 200MG X2 ELM
37390,ME27447/3,ALBICAR 200 MG X 6 TABLETAS,ALBICAR,https://mav.farmaciasaas.com/api/images/articulos/DISTRIBUCION/9782.jpg,cobeca,ALBICAR TAB 200MG X6 ELM
37392,ME43312,ALENTIK 70 MG X 4 TABLETAS,ALENTIK,https://mav.farmaciasaas.com/api/images/articulos/DISTRIBUCION/50731.jpg,cobeca,ALENTIK TAB 70MG X 4
37393,ME33876,ALERGOT 0.05 % SOLUCION OFTALMICA,ALERGOT,https://mav.farmaciasaas.com/api/images/articulos/DISTRIBUCION/5332.jpg,cobeca,ALERGOT SOL OFT 0.05% 5ML L.O
37394,ME35409,ALFADYN 0.2 % SOLUCION OFTALMICA,ALFADYN,https://mav.farmaciasaas.com/api/images/articulos/DISTRIBUCION/8457.jpg,cobeca,"ALFADYN SOL OFT 0,20% 5ML L.O"
37395,ME42912,ALGIOL 5 MG X 30 COMPRIMIDOS RECUBIERTOS,ALGIOL,https://mav.farmaciasaas.com/api/images/articulos/DISTRIBUCION/23948.jpg,cobeca,ALGIOL COMP 5MG X30 DLR
37396,ME16713,ALGOREN 10 MG X 20 TABLETAS,ALGOREN,https://mav.farmaciasaas.com/api/images/articulos/DISTRIBUCION/104.jpg,cobeca,ALGOREN TAB 10MG X20 RNV
37401,ME33170,ALPRAM 0.5 MG X 30 TABLETAS,ALPRAM,https://mav.farmaciasaas.com/api/images/articulos/DISTRIBUCION/5177.jpg,cobeca,"ALPRAM TAB 0,5 MG X30 VLM"
37402,ME33214,ALPRAM 1 MG X 30 TABLETAS,ALPRAM,https://mav.farmaciasaas.com/api/images/articulos/DISTRIBUCION/5184.jpg,cobeca,ALPRAM TAB 1MG X30 VLM
37403,ME33171,ALPRAM 2 MG X 30 TABLETAS,ALPRAM,https://mav.farmaciasaas.com/api/images/articulos/DISTRIBUCION/5185.jpg,cobeca,ALPRAM TAB 2MG X30 VLM
37407,ME33085/2,ALSART 160 MG X 10 CAPSULAS,ALSART,https://mav.farmaciasaas.com/api/images/articulos/DISTRIBUCION/20787.jpg,cobeca,ALSART CAP 160MG X10 MEY
37409,ME33084/2,ALSART 80 MG X 10 CAPSULAS,ALSART,https://mav.farmaciasaas.com/api/images/articulos/DISTRIBUCION/20332.jpg,cobeca,ALSART CAP 80MG X10 MEY
37410,ME33084/3,ALSART 80 MG X 30 CAPSULAS,ALSART,https://mav.farmaciasaas.com/api/images/articulos/DISTRIBUCION/20333.jpg,cobeca,ALSART CAP 80MG X30 MEY
37411,ME41242,ALURON 300 MG X 20 COMPRIMIDOS,ALURON,https://mav.farmaciasaas.com/api/images/articulos/DISTRIBUCION/13540.jpg,cobeca,ALURON COMP 300MG X20 RNV
37412,ME16002,ALURON 100 MG X 30 TABLETAS,ALURON,https://mav.farmaciasaas.com/api/images/articulos/DISTRIBUCION/119.jpg,cobeca,ALURON TAB 100MG X30 RNV
37413,ME44324,AMANIRIS 81 MG X 30 COMPRIMIDOS CON CUBIERTA ENTERICA,AMANIRIS,https://mav.farmaciasaas.com/api/images/articulos/DISTRIBUCION/29745.jpg,cobeca,AMANIRIS COMP C/ENT 81MG X 30
37449,ME31313,AMOXIDUO 875 MG X 14 COMPRIMIDOS RECUBIERTOS,AMOXIDUO,https://mav.farmaciasaas.com/api/images/articulos/DISTRIBUCION/1481.jpg,cobeca,AMOXIDUO COMP 875MG X14 MEG
37450,ME21824,AMOXIVAL 500 MG X 12 CAPSULAS,AMOXIVAL,https://mav.farmaciasaas.com/api/images/articulos/DISTRIBUCION/5739.jpg,cobeca,AMOXIVAL CAP 500MG X12 VLM
37453,ME40054,AMOXIVAL 875 MG X 20 TABLETAS RECUBIERTAS,AMOXIVAL,https://mav.farmaciasaas.com/api/images/articulos/DISTRIBUCION/98747.jpg,cobeca,AMOXIVAL TAB REC 875MG X20 VLM
37455,ME43076,AMPLIDER 50 MG X 10 CAPSULAS BLANDAS,AMPLIDER,https://mav.farmaciasaas.com/api/images/articulos/DISTRIBUCION/28394.jpg,cobeca,AMPLIDER CAP 50MG X10 VIV
37456,ME35424,ANALPER PLUS 500 MG - 10 MG X 10 TABLETAS RECUBIERTAS,ANALPER PLUS,https://mav.farmaciasaas.com/api/images/articulos/DISTRIBUCION/7690.jpg,cobeca,ANALPER PLUS TAB 500MG X10 PHARME
37457,ME40477,ANANTY FORTE 160 MG / 5 ML SUSPENSION,ANANTY FORTE,https://mav.farmaciasaas.com/api/images/articulos/DISTRIBUCION/13266.jpg,cobeca,ANANTY FORTE JBE PED 160MG/5ML 120ML PLX
37458,ME38820,ANANTY 120 MG / 5 ML SUSPENSION,ANANTY,https://mav.farmaciasaas.com/api/images/articulos/DISTRIBUCION/6865.jpg,cobeca,ANANTY SUSP 120MG/5ML 120ML PLX
37459,ME42977,ANANTY 650 MG X 10 TABLETAS,ANANTY,https://mav.farmaciasaas.com/api/images/articulos/DISTRIBUCION/6868.jpg,cobeca,ANANTY TAB 650MG X 10
37460,ME44118,ANAPIRFLEX 600 MG – 4 MG X 10 TABLETAS RECUBIERTAS,ANAPIRFLEX,https://mav.farmaciasaas.com/api/images/articulos/DISTRIBUCION/29669.jpg,cobeca,ANAPIRFLEX TAB 600MG/4MG X10 FC
37462,ME24592/3,ANASMOL 5 MG X 30 COMPRIMIDOS,ANASMOL,https://mav.farmaciasaas.com/api/images/articulos/DISTRIBUCION/95473.jpg,cobeca,ANASMOL COMP 5MG X30 MEG
39051,ME27042,ANASMOL 2.5 MG COMPRIMIDOS,ANASMOL,https://mav.farmaciasaas.com/api/images/articulos/DISTRIBUCION/1878.jpg,cobeca,"ANASMOL COMP 2,5MG X10 MEG"
37467,ME30811,ANSILAN 0.5 MG X 30 COMPRIMIDOS RECUBIERTOS,ANSILAN,https://mav.farmaciasaas.com/api/images/articulos/DISTRIBUCION/1297.jpg,cobeca,"ANSILAN COMP 0,5MG X30 MEG"
37468,ME30871,ANSILAN 1 MG X 30 COMPRIMIDOS RECUBIERTOS,ANSILAN,https://mav.farmaciasaas.com/api/images/articulos/DISTRIBUCION/1298.jpg,cobeca,ANSILAN COMP 1MG X30 MEG
37469,ME41688,ANSILAN 2 MG X 30 COMPRIMIDOS RECUBIERTOS,ANSILAN,https://mav.farmaciasaas.com/api/images/articulos/DISTRIBUCION/16881.jpg,cobeca,ANSILAN COMP 2MG X30 MEG
37470,ME43410/3,ANTAAR 1.25 MG X 30 TABLETAS RECUBIERTAS,ANTAAR,https://mav.farmaciasaas.com/api/images/articulos/DISTRIBUCION/29562.jpg,cobeca,ANTAAR TAB/REC 1.25MG X 30
37472,ME39619,ANTAAR 10 MG X 30 TABLETAS RECUBIERTAS,ANTAAR,https://mav.farmaciasaas.com/api/images/articulos/DISTRIBUCION/17094.jpg,cobeca,ANTAAR TAB REC 10MG X30 CLX
39054,ME40060/3,ANTAAR 2.5 MG X 30 TABLETAS RECUBIERTAS,ANTAAR,https://mav.farmaciasaas.com/api/images/articulos/DISTRIBUCION/15626.jpg,cobeca,"ANTAAR TAB REC 2,5MG X30 CLX"
39055,ME40060/2,ANTAAR 2.5 MG X 10 TABLETAS RECUBIERTAS,ANTAAR,https://mav.farmaciasaas.com/api/images/articulos/DISTRIBUCION/21066.jpg,cobeca,"ANTAAR TAB REC 2,5MG X10 CLX"
39056,ME40058,ANTAAR 5 MG X 30 TABLETAS RECUBIERTAS,ANTAAR,https://mav.farmaciasaas.com/api/images/articulos/DISTRIBUCION/16094.jpg,cobeca,ANTAAR TAB REC 5MG X30 CLX
37473,ME40192,ANTIFOM 160 MG X 10 COMPRIMIDOS RECUBIERTOS,ANTIFOM,https://mav.farmaciasaas.com/api/images/articulos/DISTRIBUCION/23430.jpg,cobeca,ANTIFOM FORTE COMP REC 160MG X10 VARG
37475,ME43225,APIRET FORTE 650 MG X 10 TABLETAS,APIRET FORTE,https://mav.farmaciasaas.com/api/images/articulos/DISTRIBUCION/50410.jpg,cobeca,APIRET FORTE TAB 650MG X 10
37478,ME43224,APIRET 500 MG X 10 TABLETAS,APIRET,https://mav.farmaciasaas.com/api/images/articulos/DISTRIBUCION/28791.jpg,cobeca,APIRET TAB 500 MG X 10
39061,ME42275,APIRET 125 MG SUPOSITORIOS,APIRET,https://mav.farmaciasaas.com/api/images/articulos/DISTRIBUCION/26389.jpg,cobeca,APIRET SUP 125MG X6 L.O
39062,ME34032,APIRET 180 MG / 5 ML SOLUCION ORAL,APIRET,https://mav.farmaciasaas.com/api/images/articulos/DISTRIBUCION/99842.jpg,cobeca,APIRET SOL ORAL 180MG 120ML L.O
39063,ME42141,APIRET 250 MG SUPOSITORIOS,APIRET,https://mav.farmaciasaas.com/api/images/articulos/DISTRIBUCION/22131.jpg,cobeca,APIRET SUP 250MG X6 L.O
37482,ME42366/3,APLACAL 750 MG X 80 TABLETAS MASTICABLES SABOR A BANANA,APLACAL,https://mav.farmaciasaas.com/api/images/articulos/DISTRIBUCION/52504.jpg,cobeca,APLACAL TAB MAST 750MG BAN X80 TARRO
37483,ME42366/2,APLACAL 750 MG X 10 TABLETAS MASTICABLES SABOR A BANANA,APLACAL,https://mav.farmaciasaas.com/api/images/articulos/DISTRIBUCION/21600.jpg,cobeca,APLACAL TAB MAST MENTA 750MG X10 MEY
39064,ME42368/2,APLACAL 750 MG TABLETAS MASTICABLES SABOR A FRAMBUESA X 10 TABLETAS,APLACAL,https://mav.farmaciasaas.com/api/images/articulos/DISTRIBUCION/21600.jpg,cobeca,APLACAL TAB MAST MENTA 750MG X10 MEY
39065,ME42368/3,APLACAL 750 MG TABLETAS MASTICABLES SABOR A FRAMBUESA X 80 TABLETAS,APLACAL,https://mav.farmaciasaas.com/api/images/articulos/DISTRIBUCION/52504.jpg,cobeca,APLACAL TAB MAST 750MG BAN X80 TARRO
39066,ME42365/2,APLACAL 750 MG X 10 TABLETAS MASTICABLES SABOR A MENTA,APLACAL,https://mav.farmaciasaas.com/api/images/articulos/DISTRIBUCION/21600.jpg,cobeca,APLACAL TAB MAST MENTA 750MG X10 MEY
39067,ME42365/4,APLACAL 750 MG X 120 TABLETAS MASTICABLES SABOR A MENTA,APLACAL,https://mav.farmaciasaas.com/api/images/articulos/DISTRIBUCION/21595.jpg,cobeca,APLACAL TAB MAST BAN 750MG DISP 30X4 MEY
39068,ME42365/3,APLACAL 750 MG X 80 TABLETAS MASTICABLES SABOR A MENTA,APLACAL,https://mav.farmaciasaas.com/api/images/articulos/DISTRIBUCION/52504.jpg,cobeca,APLACAL TAB MAST 750MG BAN X80 TARRO
39069,ME42367,APLACAL 750 MG X 80 TABLETAS MASTICABLES SABOR A MANDARINA,APLACAL,https://mav.farmaciasaas.com/api/images/articulos/DISTRIBUCION/52504.jpg,cobeca,APLACAL TAB MAST 750MG BAN X80 TARRO
37484,ME43975,APLEXIL 550 MG X 10 TABLETAS RECUBIERTAS,APLEXIL,https://mav.farmaciasaas.com/api/images/articulos/DISTRIBUCION/53335.jpg,cobeca,APLEXIL TAB REC 550MG X10 COFA
37488,ME41482,ARCOVAL 60 MG X 10 TABLETAS RECUBIERTAS,ARCOVAL,https://mav.farmaciasaas.com/api/images/articulos/DISTRIBUCION/52031.jpg,cobeca,ARCOVAL TAB 60MG X10 VLM
37489,ME41483,ARCOVAL 90 MG X 10 TABLETAS RECUBIERTAS,ARCOVAL,https://mav.farmaciasaas.com/api/images/articulos/DISTRIBUCION/52032.jpg,cobeca,ARCOVAL TAB 90MG X10 VLM
37490,ME40810/3,ARESAN 20 MG X 30 TABLETAS RECUBIERTAS,ARESAN,https://mav.farmaciasaas.com/api/images/articulos/DISTRIBUCION/22093.jpg,cobeca,ARESAN TAB REC 20MG X30 BIOTECH
37491,ME40810/2,ARESAN 20 MG X 10 TABLETAS RECUBIERTAS,ARESAN,https://mav.farmaciasaas.com/api/images/articulos/DISTRIBUCION/51009.jpg,cobeca,ARESAN TAB REC 20MG X10 BIOT
37492,ME23768,ARTENOLOL 100 MG X 30 TABLETAS,ARTENOLOL,https://mav.farmaciasaas.com/api/images/articulos/DISTRIBUCION/19753.jpg,cobeca,ARTENOLOL TAB 100MG X30 RNV
37493,ME41487/2,ARUDIL 15 MG X 10 TABLETAS RECUBIERTAS,ARUDIL,https://mav.farmaciasaas.com/api/images/articulos/DISTRIBUCION/19965.jpg,cobeca,ARUDIL TAB 15MG X10 FAR
37494,ME41487/3,ARUDIL 15 MG X 30 TABLETAS RECUBIERTAS,ARUDIL,https://mav.farmaciasaas.com/api/images/articulos/DISTRIBUCION/19966.jpg,cobeca,ARUDIL TAB 15MG X30 FAR
37495,ME41488/2,ARUDIL 20 MG X 10 TABLETAS RECUBIERTAS,ARUDIL,https://mav.farmaciasaas.com/api/images/articulos/DISTRIBUCION/19058.jpg,cobeca,ARUDIL TAB REC 20MG X10 FAR
37496,ME41488/3,ARUDIL 20 MG X 30 TABLETAS RECUBIERTAS,ARUDIL,https://mav.farmaciasaas.com/api/images/articulos/DISTRIBUCION/19059.jpg,cobeca,ARUDIL TAB REC 20MG X30 FAR
37497,ME32453/3,ASAPROL 81 MG X 100 COMPRIMIDOS ENTERICOS,ASAPROL,https://mav.farmaciasaas.com/api/images/articulos/DISTRIBUCION/9092.jpg,cobeca,ASAPROL COMP 81MG X100 LETI
37498,ME32453/2,ASAPROL 81 MG X 40 COMPRIMIDOS ENTERICOS,ASAPROL,https://mav.farmaciasaas.com/api/images/articulos/DISTRIBUCION/99232.jpg,cobeca,ASAPROL COMP 81MG X40 LETI
37499,ME42249,ASARAP 10 MG X 30 COMPRIMIDOS RECUBIERTOS,ASARAP,https://mav.farmaciasaas.com/api/images/articulos/DISTRIBUCION/30076.jpg,cobeca,ASARAP COM 10MG X 30
37500,ME42248,ASARAP 15 MG X 30 COMPRIMIDOS RECUBIERTOS,ASARAP,https://mav.farmaciasaas.com/api/images/articulos/DISTRIBUCION/30307.jpg,cobeca,ASARAP COMP/REC 15 MG X 30
37501,ME42294,ASARAP 20 MG X 30 COMPRIMIDOS RECUBIERTOS,ASARAP,https://mav.farmaciasaas.com/api/images/articulos/DISTRIBUCION/50067.jpg,cobeca,ASARAP COMP/REC 20 MG X 30
37504,ME38676/2,ASPRINIL 81 MG X 40 TABLETAS CON RECUBRIMIENTO ENTERICO,ASPRINIL,https://mav.farmaciasaas.com/api/images/articulos/DISTRIBUCION/53383.jpg,cobeca,ASPRINIL TAB REC 81MG X40 BIOT
37505,ME38676/3,ASPRINIL 81 MG X 100 TABLETAS CON RECUBRIMIENTO ENTERICO,ASPRINIL,https://mav.farmaciasaas.com/api/images/articulos/DISTRIBUCION/51425.jpg,cobeca,ASPRINIL TAB REC ENT 81MG X100 BIOT
37506,ME43710,ASTRIMOL 2.5 MG X 30 TABLETAS RECUBIERTAS,ASTRIMOL,https://mav.farmaciasaas.com/api/images/articulos/DISTRIBUCION/53167.jpg,cobeca,"ASTRIMOL TAB REC 2,5MG X30 BIOT"
39079,ME43853,ASTRIMOL 5 MG X 30 TABLETAS RECUBIERTAS,ASTRIMOL,https://mav.farmaciasaas.com/api/images/articulos/DISTRIBUCION/53175.jpg,cobeca,ASTRIMOL TAB REC 5MG X30 BIOT
37507,ME33008,ATAMEL FORTE 650 MG X 10 TABLETAS,ATAMEL FORTE,https://mav.farmaciasaas.com/api/images/articulos/DISTRIBUCION/3689.jpg,cobeca,ATAMEL FORTE TAB 650MG X10 CLX
37509,ME19621/3,ATAMEL 500 MG X 20 TABLETAS,ATAMEL,https://mav.farmaciasaas.com/api/images/articulos/DISTRIBUCION/3692.jpg,cobeca,ATAMEL TAB 500MG X20 CLX
39433,ME24736,ATAMEL 120 MG / 5 ML JARABE,ATAMEL,https://mav.farmaciasaas.com/api/images/articulos/DISTRIBUCION/50583.jpg,cobeca,ATAMEL JBE PED 120MG/5ML 120ML CLX
37515,ME39468/2,ATORVACOF 20 MG X 14 TABLETAS RECUBIERTAS,ATORVACOF,https://mav.farmaciasaas.com/api/images/articulos/DISTRIBUCION/98600.jpg,cobeca,ATORVACOF TAB 20MG X14 COFA
37526,ME30954,ATRIMON 10 MG X 10 COMPRIMIDOS,ATRIMON,https://mav.farmaciasaas.com/api/images/articulos/DISTRIBUCION/527.jpg,cobeca,ATRIMON COMP 10MG X10 ADIUM
37527,ME40958,ATROBEL 10 MG / ML SOLUCION GOTAS REFORMULADO,ATROBEL,https://mav.farmaciasaas.com/api/images/articulos/DISTRIBUCION/22695.jpg,cobeca,ATROBEL SOL GTS 10MG/ML 15ML RNV
37528,HO35376,ATROPINA SULFATO 1 MG / ML X 10 AMPOLLAS,ATROPINA SULFATO,https://mav.farmaciasaas.com/api/images/articulos/DISTRIBUCION/50775.jpg,cobeca,ATROPINA SULFATO AMP 1MG/1ML X10 ZUZU
37529,ME36259,ATROVERAN 10 MG / ML X 10 SOLUCION GOTAS,ATROVERAN,https://mav.farmaciasaas.com/api/images/articulos/DISTRIBUCION/25310.jpg,cobeca,ATROVERAN SOL 10MG/ML 15ML VARG
39088,ME36258,ATROVERAN 10 MG X 10 TABLETAS RECUBIERTAS,ATROVERAN,https://mav.farmaciasaas.com/api/images/articulos/DISTRIBUCION/25527.jpg,cobeca,ATROVERAN TAB REC 10MG X10 VARG
37530,ME44345,ATROVERAN FEM 10 MG-200 MG X 10 COMPRIMIDOS RECUBIERTOS,ATROVERAN FEM,https://mav.farmaciasaas.com/api/images/articulos/DISTRIBUCION/54524.jpg,cobeca,ATROVERAN FEM COMP REC 10/200MG X10 VARG
37531,ME25538,AUGMENTIN 500 MG - 125 MG TABLETAS RECUBIERTAS,AUGMENTIN,https://mav.farmaciasaas.com/api/images/articulos/DISTRIBUCION/9781.jpg,cobeca,AUGMENTIN TAB 500MG/125MG X 10 GSK
37533,ME42005,AUPREL 90 MG X 20 COMPRIMIDOS RECUBIERTOS,AUPREL,https://mav.farmaciasaas.com/api/images/articulos/DISTRIBUCION/28697.jpg,cobeca,AUPREL COMP/REC 90MG X 20
37534,ME30878,AVELOX 400 MG X 5 COMPRIMIDOS RECUBIERTOS,AVELOX,https://mav.farmaciasaas.com/api/images/articulos/DISTRIBUCION/11301.jpg,cobeca,AVELOX COM 400 MG X 5
37535,ME34732,AVODART 0.5 MG CAPSULAS BLANDAS,AVODART,https://mav.farmaciasaas.com/api/images/articulos/DISTRIBUCION/10278.jpg,cobeca,"AVODART CAP 0,5MG X30 GLAX"
37536,ME33902,AXOKINE 400 MG X 5 COMPRIMIDOS RECUBIERTOS,AXOKINE,https://mav.farmaciasaas.com/api/images/articulos/DISTRIBUCION/90556.jpg,cobeca,AXOKINE COMP REC 400G X5 LETI
37537,ME33685/2,AZACARD 81 MG X 30 TABLETAS CON CUBIERTA ENTERICA,AZACARD,https://mav.farmaciasaas.com/api/images/articulos/DISTRIBUCION/4756.jpg,cobeca,AZACARD TAB 81MG X30 L.O
37538,ME33685/3,AZACARD 81 MG X 60 TABLETAS CON CUBIERTA ENTERICA,AZACARD,https://mav.farmaciasaas.com/api/images/articulos/DISTRIBUCION/4694.jpg,cobeca,AZACARD TAB 81MG X60 L.O
37539,ME33685/4,AZACARD 81 MG X 100 TABLETAS CON CUBIERTA ENTERICA,AZACARD,https://mav.farmaciasaas.com/api/images/articulos/DISTRIBUCION/53427.jpg,cobeca,AZACARD TAB ENT 81MG X100 L.O
37540,ME36378/2,AZIMAKROL 1 G X 2 COMPRIMIDOS RECUBIERTOS,AZIMAKROL,https://mav.farmaciasaas.com/api/images/articulos/DISTRIBUCION/91098.jpg,cobeca,AZIMAKROL COMP 1G X2 MEG
37541,ME36378/3,AZIMAKROL 1 G X 5 COMPRIMIDOS RECUBIERTOS,AZIMAKROL,https://mav.farmaciasaas.com/api/images/articulos/DISTRIBUCION/54042.jpg,cobeca,AZIMAKROL COMP REC 500 X5 MEG
37542,ME36516/2,AZITRODEX 500 MG X 3 TABLETAS RECUBIERTAS,AZITRODEX,https://mav.farmaciasaas.com/api/images/articulos/DISTRIBUCION/92796.jpg,cobeca,AZITRODEX TAB REC 500MG X3 PLX
37543,ME36516/3,AZITRODEX 500 MG X 5 TABLETAS RECUBIERTAS,AZITRODEX,https://mav.farmaciasaas.com/api/images/articulos/DISTRIBUCION/94416.jpg,cobeca,AZITRODEX TAB REC 500MG X5 PLX
37551,ME14109,BACTEVAL 250 MG - 50 MG X 24 CAPSULAS,BACTEVAL,https://mav.farmaciasaas.com/api/images/articulos/DISTRIBUCION/8557.jpg,cobeca,BACTEVAL CAP 50MG/250MG X24 VLM
37552,ME35252,BACTRON FORTE 160 MG - 800 MG X 10 TABLETAS,BACTRON FORTE,https://mav.farmaciasaas.com/api/images/articulos/DISTRIBUCION/9770.jpg,cobeca,BACTRON FORTE TAB 160/800MG X10 RNV
37553,HO30851,BACTRIZOL 5 MG / ML SOLUCION INYECTABLE PARA INFUSION INTRAVENOSA,BACTRIZOL,https://mav.farmaciasaas.com/api/images/articulos/DISTRIBUCION/7496.jpg,cobeca,BACTRIZOL SOL INY 5MG/ML 100ML BHR
37554,ME18573,BACTRON 80 MG - 400 MG X 20 TABLETAS,BACTRON,https://mav.farmaciasaas.com/api/images/articulos/DISTRIBUCION/345.jpg,cobeca,BACTRON TAB 80MG X20 RNV
37555,ME27531,BARGONIL 2 % UNGUENTO,BARGONIL,https://mav.farmaciasaas.com/api/images/articulos/DISTRIBUCION/9756.jpg,cobeca,BARGONIL UNG RECTAL 10G MEG
37556,HO29957,BEHKACIN 500 MG / 2 ML X 1 AMPOLLA,BEHKACIN,https://mav.farmaciasaas.com/api/images/articulos/DISTRIBUCION/52498.jpg,cobeca,BEHKACIN SOL INY 500MG/2ML X1 BHR.
37558,ME22165,BENDAMEN 100 MG / 5 ML SUSPENSION,BENDAMEN,https://mav.farmaciasaas.com/api/images/articulos/DISTRIBUCION/4846.jpg,cobeca,BENDAMEN SUSP 100MG/5ML 30ML MEY
37559,ME21687,BENDAMEN 100 MG X 6 TABLETAS,BENDAMEN,https://mav.farmaciasaas.com/api/images/articulos/DISTRIBUCION/4845.jpg,cobeca,BENDAMEN TAB 100MG X6 MEY
37560,ME25332,BENFLUX 30 MG X 20 TABLETAS,BENFLUX,https://mav.farmaciasaas.com/api/images/articulos/DISTRIBUCION/7033.jpg,cobeca,BENFLUX TAB X20 PLN
37561,ME39719,BENZODIAZOL 0.25 MG - 5 MG X 16 PASTILLAS SABOR A LIMON - MIEL,BENZODIAZOL,https://mav.farmaciasaas.com/api/images/articulos/DISTRIBUCION/97346.jpg,cobeca,BENZODIAZOL TABMAST LIM/MIEL X16 SIEG
37562,ME16799,BENZODIAZOL 0.25 MG - 5 MG X 16 PASTILLAS SABOR A MENTA,BENZODIAZOL,https://mav.farmaciasaas.com/api/images/articulos/DISTRIBUCION/97346.jpg,cobeca,BENZODIAZOL TABMAST LIM/MIEL X16 SIEG
37564,ME33045/3,BENZODIAZOL 0.25 MG - 5 MG X 16 PASTILLAS SABOR A TUTTI FRUTTI,BENZODIAZOL,https://mav.farmaciasaas.com/api/images/articulos/DISTRIBUCION/97346.jpg,cobeca,BENZODIAZOL TABMAST LIM/MIEL X16 SIEG
37565,ME38253,BEPRODERM 0.05 % - 0.1 % CREMA,BEPRODERM,https://mav.farmaciasaas.com/api/images/articulos/DISTRIBUCION/94044.jpg,cobeca,"BEPRODERM CREM 0,05%/0,1% 15G BIOTECH"
37568,HO16114,BETAGEN 4 MG / ML X 1 AMPOLLA,BETAGEN,https://mav.farmaciasaas.com/api/images/articulos/DISTRIBUCION/4359.jpg,cobeca,BETAGEN AMP 4MG/1ML X1 BIOTECH
37569,HO34949,BETAGEN 12 MG / 3 ML X 1 AMPOLLA,BETAGEN,https://mav.farmaciasaas.com/api/images/articulos/DISTRIBUCION/13138.jpg,cobeca,BETAGEN SOL INY 12MG/3ML X1 BIOTECH
37577,ME41747,BIOCOR AMLO 20 MG - 5 MG X 30 TABLETAS RECUBIERTAS,BIOCOR AMLO,https://mav.farmaciasaas.com/api/images/articulos/DISTRIBUCION/17705.jpg,cobeca,BIOCOR AMLO TAB REC 20MG/5MG X30 CLX
37578,ME41748,BIOCOR AMLO 40 MG - 5 MG X 30 TABLETAS RECUBIERTAS,BIOCOR AMLO,https://mav.farmaciasaas.com/api/images/articulos/DISTRIBUCION/17706.jpg,cobeca,BIOCOR AMLO TAB REC 40MG/5MG X30 CLX
37579,ME41691,BIOCOR 40 MG X 30 TABLETAS RECUBIERTAS,BIOCOR,https://mav.farmaciasaas.com/api/images/articulos/DISTRIBUCION/15628.jpg,cobeca,BIOCOR TAB REC 40MG X30 CLX
39098,ME41690,BIOCOR 20 MG X 30 TABLETAS RECUBIERTAS,BIOCOR,https://mav.farmaciasaas.com/api/images/articulos/DISTRIBUCION/15627.jpg,cobeca,BIOCOR TAB REC 20MG X30 CLX
37580,ME38247/2,BIOTALOL 2.5 MG X 10 COMPRIMIDOS RECUBIERTOS,BIOTALOL,https://mav.farmaciasaas.com/api/images/articulos/DISTRIBUCION/30302.jpg,cobeca,BIOTALOL COM/REC 2.5MG X 10
37581,ME38247/3,BIOTALOL 2.5 MG X 30 COMPRIMIDOS RECUBIERTOS,BIOTALOL,https://mav.farmaciasaas.com/api/images/articulos/DISTRIBUCION/98616.jpg,cobeca,"BIOTALOL COMP REC 2,5MG X30 LETI"
37582,ME42096,BIOTALOL 1.25 MG X 30 COMPRIMIDOS RECUBIERTOS,BIOTALOL,https://mav.farmaciasaas.com/api/images/articulos/DISTRIBUCION/26929.jpg,cobeca,"BIOTALOL COMP REC 1,25MG X30 LETI"
37583,ME38403,BIOTALOL 10 MG X 30 COMPRIMIDOS RECUBIERTOS,BIOTALOL,https://mav.farmaciasaas.com/api/images/articulos/DISTRIBUCION/98614.jpg,cobeca,BIOTALOL COMP REC 10MG X30 LETI
37584,ME28126,BIPRIN 300 MG X 10 CAPSULAS BLANDAS,BIPRIN,https://mav.farmaciasaas.com/api/images/articulos/DISTRIBUCION/9940.jpg,cobeca,BIPRIN CAP BLD 300MG X10 VIV
37585,ME44259/3,BIPROLIL HCT 5 MG - 6.25 MG X 30 COMPRIMIDOS RECUBIERTOS,BIPROLIL HCT,https://mav.farmaciasaas.com/api/images/articulos/DISTRIBUCION/54525.jpg,cobeca,"BIPROLIL HCT COMP REC 5/6,25MG X30 VARG"
37596,ME40147/2,BLOCAX PLUS 16 MG - 12.5 MG X 10 TABLETAS,BLOCAX PLUS,https://mav.farmaciasaas.com/api/images/articulos/DISTRIBUCION/99775.jpg,cobeca,"BLOCAX PLUS TAB 16MG/12,5MG X10 BIOT"
37597,ME40147/3,BLOCAX PLUS 16 MG - 12.5 MG X 30 TABLETAS,BLOCAX PLUS,https://mav.farmaciasaas.com/api/images/articulos/DISTRIBUCION/19969.jpg,cobeca,"BLOCAX PLUS TAB 16MG/12,5MG X30 BIOTECH"
37598,ME41273/2,BLOCAX 8 MG X 10 TABLETAS,BLOCAX,https://mav.farmaciasaas.com/api/images/articulos/DISTRIBUCION/13408.jpg,cobeca,BLOCAX TAB 8MG X 10
37599,ME41273/3,BLOCAX 8 MG X 30 TABLETAS,BLOCAX,https://mav.farmaciasaas.com/api/images/articulos/DISTRIBUCION/15065.jpg,cobeca,BLOCAX TAB 8MG X30 BIOTECH
37600,ME22761,BLOKIUM 100 MG X 30 COMPRIMIDOS,BLOKIUM,https://mav.farmaciasaas.com/api/images/articulos/DISTRIBUCION/4312.jpg,cobeca,BLOKIUM COMP 100MG X30 LETI
37601,ME35863,BRASARTAN 80 MG X 30 TABLETAS RECUBIERTAS,BRASARTAN,https://mav.farmaciasaas.com/api/images/articulos/DISTRIBUCION/19231.jpg,cobeca,BRASARTAN CAP 80MG X30 FAR
39115,ME41912,BRASARTAN 80 MG X 30 CAPSULAS,BRASARTAN,https://mav.farmaciasaas.com/api/images/articulos/DISTRIBUCION/19231.jpg,cobeca,BRASARTAN CAP 80MG X30 FAR
37603,ME42224/3,BRASARTAN CTDN 80 MG - 12.5 MG X 30 TABLETAS RECUBIERTAS,BRASARTAN CTDN,https://mav.farmaciasaas.com/api/images/articulos/DISTRIBUCION/22884.jpg,cobeca,"BRASARTAN CTDN TAB REC 80/12,5MG X30 FAR"
37605,ME22276,BREINOX 800 MG X 30 TABLETAS,BREINOX,https://mav.farmaciasaas.com/api/images/articulos/DISTRIBUCION/4274.jpg,cobeca,BREINOX TAB 800MG X30 FAR
37606,ME43812/2,BRESIS 600 MG X 20 COMPRIMIDOS RECUBIERTOS,BRESIS,https://mav.farmaciasaas.com/api/images/articulos/DISTRIBUCION/54187.jpg,cobeca,BRESIS COMP REC 600MG X20 MEG
37607,ME43812/3,BRESIS 600 MG X 30 COMPRIMIDOS RECUBIERTOS,BRESIS,https://mav.farmaciasaas.com/api/images/articulos/DISTRIBUCION/53310.jpg,cobeca,BRESIS COMP REC 600MG X30 MEG
37608,ME21818,BREXIN 100 MG / ML SOLUCION ORAL,BREXIN,https://mav.farmaciasaas.com/api/images/articulos/DISTRIBUCION/4861.jpg,cobeca,BREXIN GTS 100MG/ML FRESA 15ML COFA
37610,ME43576,BROFLEMA 4 MG - 5 ML JARABE,BROFLEMA,https://mav.farmaciasaas.com/api/images/articulos/DISTRIBUCION/52164.jpg,cobeca,BROFLEMA SOL ORAL 4MG/5ML PED 120ML BIOT
37611,ME40082,BROLAT 5 MG - 30 MG X 10 TABLETAS,BROLAT,https://mav.farmaciasaas.com/api/images/articulos/DISTRIBUCION/98629.jpg,cobeca,BROLAT TAB 5MG/30MG X10 MEY
37619,ME41040,BRUDOL 200 MG - 65 MG X 20 COMPRIMIDOS RECUBIERTOS,BRUDOL,https://mav.farmaciasaas.com/api/images/articulos/DISTRIBUCION/16419.jpg,cobeca,BRUDOL COMP REC 200MG/65MG X20 ELM
37620,ME40856,BRUDOL 400 MG - 65 MG X 20 COMPRIMIDOS RECUBIERTOS,BRUDOL,https://mav.farmaciasaas.com/api/images/articulos/DISTRIBUCION/16420.jpg,cobeca,BRUDOL COMP REC 400MG/65MG X20 ELM
37621,ME19149,BRUGESIC 400 MG X 10 COMPRIMIDOS,BRUGESIC,https://mav.farmaciasaas.com/api/images/articulos/DISTRIBUCION/22102.jpg,cobeca,BRUGESIC COMP 400MG X10 ELM
37623,ME40290,BRUGESIC FORTE 800 MG X 10 COMPRIMIDOS,BRUGESIC FORTE,https://mav.farmaciasaas.com/api/images/articulos/DISTRIBUCION/27805.jpg,cobeca,BRUGESIC FORTE COMP 800MG X10 ELM
37625,ME41132,BUCOXOLGAR 3 MG - 1 MG X 12 TABLETAS MASTICABLES SABOR A MIEL LIMON,BUCOXOLGAR,https://mav.farmaciasaas.com/api/images/articulos/DISTRIBUCION/19870.jpg,cobeca,BUCOXOLGAR TAB MAST 3/1MG F/ROJX10PHARME
39590,ME41676,BUCOXOLGAR 0.15 % - 0.25 % SOLUCION TOPICA BUCAL ATOMIZADORA SABOR A MENTA FRESCA,BUCOXOLGAR,https://mav.farmaciasaas.com/api/images/articulos/DISTRIBUCION/19885.jpg,cobeca,"BUCOXOLGAR 0,15/0,25% F/ROJ 120ML PHARME"
37626,ME30917,BUDECORT 1 MG / ML SUSPENSION PARA INHALAR,BUDECORT,https://mav.farmaciasaas.com/api/images/articulos/DISTRIBUCION/30268.jpg,cobeca,BUDECORT SUSP P/INH 1 MG/ML X 15ML
37627,ME44539,BUDEQUIT 1 MG / ML SUSPENSION PARA INHALACION ORAL,BUDEQUIT,https://mav.farmaciasaas.com/api/images/articulos/DISTRIBUCION/54403.jpg,cobeca,BUDEQUIT SUSP INH 1MG/1ML X10ML CR 2N
37628,HO24616,BUMELEX 0.5 MG / 2 ML X 3 AMPOLLAS,BUMELEX,https://mav.farmaciasaas.com/api/images/articulos/DISTRIBUCION/6678.jpg,cobeca,BUMELEX AMP 2ML X3 MEG
37629,ME22582/3,BUMELEX 1 MG X 30 COMPRIMIDOS,BUMELEX,https://mav.farmaciasaas.com/api/images/articulos/DISTRIBUCION/50048.jpg,cobeca,BUMELEX COM 1 MG X 30
37630,ME22582/2,BUMELEX 1 MG X 16 COMPRIMIDOS,BUMELEX,https://mav.farmaciasaas.com/api/images/articulos/DISTRIBUCION/1999.jpg,cobeca,BUMELEX COMP 1MG X16 MEG
37631,ME32358,BUMETIN RETARD 300 MG X 20 TABLETAS DE LIBERACION PROLONGADA,BUMETIN RETARD,https://mav.farmaciasaas.com/api/images/articulos/DISTRIBUCION/8304.jpg,cobeca,BUMETIN RETARD TAB 300MG X20 PHARME
37633,ME43035/3,BUTAL 8 MG X 20 TABLETAS RECUBIERTAS,BUTAL,https://mav.farmaciasaas.com/api/images/articulos/DISTRIBUCION/52802.jpg,cobeca,BUTAL TAB REC 8MG X20 SIEG
37636,ME37532,CABERTRIX 0.5 MG X 4 COMPRIMIDOS,CABERTRIX,https://mav.farmaciasaas.com/api/images/articulos/DISTRIBUCION/29371.jpg,cobeca,CABERTRIX COM 0.5MG X 4
37641,ME34121,CALCITREX D3 950 MG - 200 UI X 30 TABLETAS,CALCITREX,https://mav.farmaciasaas.com/api/images/articulos/DISTRIBUCION/5529.jpg,cobeca,CALCITREX D3 TAB 950MG/200UI X30 L.O
37642,ME30823/2,CALMOX 15 MG X 10 TABLETAS,CALMOX,https://mav.farmaciasaas.com/api/images/articulos/DISTRIBUCION/644.jpg,cobeca,CALMOX TAB 15MG X10 MEY
37643,ME30823/3,CALMOX 15 MG X 20 TABLETAS,CALMOX,https://mav.farmaciasaas.com/api/images/articulos/DISTRIBUCION/24411.jpg,cobeca,CALMOX TAB 15MG X20 MEY
37644,ME30822,CALMOX 7.5 MG X 10 TABLETAS,CALMOX,https://mav.farmaciasaas.com/api/images/articulos/DISTRIBUCION/643.jpg,cobeca,"CALMOX TAB 7,5MG X10 MEY"
37645,ME36763/2,CALOXPIRINA 81 MG X 30 TABLETAS ENTERICAS,CALOXPIRINA,https://mav.farmaciasaas.com/api/images/articulos/DISTRIBUCION/92195.jpg,cobeca,CALOXPIRINA TAB 81MG X30 CLX
37646,ME36763/3,CALOXPIRINA 81 MG X 100 TABLETAS ENTERICAS,CALOXPIRINA,https://mav.farmaciasaas.com/api/images/articulos/DISTRIBUCION/29545.jpg,cobeca,CALOXPIRINA TAB ENTERICAS 81MG X100
37647,ME43646,CAMPAL 1 % GEL,CAMPAL,https://mav.farmaciasaas.com/api/images/articulos/DISTRIBUCION/53178.jpg,cobeca,"CAMPAL GEL 1,16 % 25G SIEG"
37649,ME40363/3,CANDER HCT 16 MG - 12.5 MG X 30 TABLETAS,CANDER HCT,https://mav.farmaciasaas.com/api/images/articulos/DISTRIBUCION/99153.jpg,cobeca,"CANDER HCT TAB 16MG/12,5MG X30 VLM"
37651,ME41061/3,CANDER 32 MG X 30 TABLETAS,CANDER,https://mav.farmaciasaas.com/api/images/articulos/DISTRIBUCION/14972.jpg,cobeca,CANDER TAB 32MG X 30
37652,ME41061/2,CANDER 32 MG X 15 TABLETAS,CANDER,https://mav.farmaciasaas.com/api/images/articulos/DISTRIBUCION/51481.jpg,cobeca,CANDER TAB 32MG X15 VLM
37653,ME37346/2,CANDER 8 MG X 10 TABLETAS,CANDER,https://mav.farmaciasaas.com/api/images/articulos/DISTRIBUCION/50515.jpg,cobeca,CANDER TAB 8MG X 10
37659,ME35007/3,CANDESARTAN CILEXETIL 16 MG X 28 TABLETAS,CANDESARTAN CILEXETIL,https://mav.farmaciasaas.com/api/images/articulos/DISTRIBUCION/50190.jpg,cobeca,CANDESARTAN CILEXETIL TAB 16MG X 30 GENC
37660,ME35007/2,CANDESARTAN CILEXETIL 16 MG X 10 TABLETAS,CANDESARTAN CILEXETIL,https://mav.farmaciasaas.com/api/images/articulos/DISTRIBUCION/50190.jpg,cobeca,CANDESARTAN CILEXETIL TAB 16MG X 30 GENC
37661,ME35007/4,CANDESARTAN CILEXETIL 16 MG X 30 TABLETAS,CANDESARTAN CILEXETIL,https://mav.farmaciasaas.com/api/images/articulos/DISTRIBUCION/50190.jpg,cobeca,CANDESARTAN CILEXETIL TAB 16MG X 30 GENC
37662,ME35006,CANDESARTAN CILEXETIL 8 MG X 28 TABLETAS,CANDESARTAN CILEXETIL,https://mav.farmaciasaas.com/api/images/articulos/DISTRIBUCION/94869.jpg,cobeca,CANDESARTAN CILEXETIL TAB 8MG X10 GENCER
37664,ME42861,CANDETIQUE 16 MG X 30 TABLETAS,CANDETIQUE,https://mav.farmaciasaas.com/api/images/articulos/DISTRIBUCION/27011.jpg,cobeca,CANDETIQUE TAB 16MG X30 PHARME
37666,ME43829,CANTIP 16 MG X 30 COMPRIMIDOS,CANTIP,https://mav.farmaciasaas.com/api/images/articulos/DISTRIBUCION/29751.jpg,cobeca,CANTIP COMP 16MG X 30
37681,ME33422/3,CARBATIL 12.5 MG X 30 TABLETAS,CARBATIL,https://mav.farmaciasaas.com/api/images/articulos/DISTRIBUCION/6143.jpg,cobeca,"CARBATIL TAB 12,5MG X30 BIOTECH"
37683,ME33523,CARBATIL 6.25 MG X 30 TABLETAS,CARBATIL,https://mav.farmaciasaas.com/api/images/articulos/DISTRIBUCION/6142.jpg,cobeca,"CARBATIL TAB 6,25MG X30 BIOTECH"
37686,ME31896,CARDIPIRINA 80 MG X 30 CAPSULAS CON MICROGRANULOS CON CUBIERTA ENTERICA,CARDIPIRINA,https://mav.farmaciasaas.com/api/images/articulos/DISTRIBUCION/4758.jpg,cobeca,CARDIPIRINA CAP 80MG X30 ZUO
37687,ME39963,CARIBAN 10 MG-10 MG X 30 COMPRIMIDOS ENTERICOS,CARIBAN,https://mav.farmaciasaas.com/api/images/articulos/DISTRIBUCION/99559.jpg,cobeca,CARIBAN COMP REC 10MG X30 LETI
37688,ME38877,CARNISIN 1 G / 10 ML SOLUCION ORAL LIBRE DE AZUCAR,CARNISIN,https://mav.farmaciasaas.com/api/images/articulos/DISTRIBUCION/50337.jpg,cobeca,CARNISIN SOL ORAL 1G/10ML UVA 120ML LETI
37689,ME33780,CARVEDIL 12.5 MG X 30 TABLETAS RECUBIERTAS,CARVEDIL,https://mav.farmaciasaas.com/api/images/articulos/DISTRIBUCION/94090.jpg,cobeca,"CARVEDIL TAB 12,5MG X30 BHR"
37703,ME23270,CEBION 1 G X 10 TABLETAS EFERVESCENTES SABOR A NARANJA,CEBION,https://mav.farmaciasaas.com/api/images/articulos/DISTRIBUCION/5017.jpg,cobeca,CEBION TAB EFERV NAR TUBO 1G X10 FAR
37710,HO25482,CEFALOTINA 1 G X 10 AMPOLLAS,CEFALOTINA,https://mav.farmaciasaas.com/api/images/articulos/DISTRIBUCION/51987.jpg,cobeca,CEFALOTINA PVO SOL INY 1G X10 CR DIST
37716,ME27816,CEFONAX 500 MG X 16 CAPSULAS,CEFONAX,https://mav.farmaciasaas.com/api/images/articulos/DISTRIBUCION/11648.jpg,cobeca,CEFONAX CAP 500MG X16 ELM
37721,ME38332,CELAY 5 MG / 5 ML SOLUCION ORAL,CELAY,https://mav.farmaciasaas.com/api/images/articulos/DISTRIBUCION/96253.jpg,cobeca,CELAY SOL 5MG/5ML 100ML COFA
37723,ME44307,CELESTREN 0.075 MG X 28 TABLETAS RECUBIERTAS,CELESTREN,https://mav.farmaciasaas.com/api/images/articulos/DISTRIBUCION/50668.jpg,cobeca,CELESTREN TAB 0.075MG X28 TIAR
37724,ME43858,CETERIX 5 MG / 5 ML SOLUCION ORAL,CETERIX,https://mav.farmaciasaas.com/api/images/articulos/DISTRIBUCION/53603.jpg,cobeca,CETERIX SOL ORAL PED 5MG/5ML 60ML MEG
37725,ME44376,CETIDEX 5 MG / 5 ML SOLUCION ORAL,CETIDEX,https://mav.farmaciasaas.com/api/images/articulos/DISTRIBUCION/54330.jpg,cobeca,CETIDEX SOL ORAL 5MG/5ML 120ML PLX
37731,ME37217,CETRAL D 5 MG - 60 MG / 5 ML SOLUCION ORAL,CETRAL D,https://mav.farmaciasaas.com/api/images/articulos/DISTRIBUCION/91326.jpg,cobeca,CETRAL D SOL ORAL 5MG/5ML 60ML MEY
37732,ME29123,CETRAL 10 MG / ML SOLUCION ORAL,CETRAL,https://mav.farmaciasaas.com/api/images/articulos/DISTRIBUCION/645.jpg,cobeca,CETRAL SOL GTS 10MG 10ML MEY
37733,ME29095,CETRAL 10 MG X 10 TABLETAS,CETRAL,https://mav.farmaciasaas.com/api/images/articulos/DISTRIBUCION/626.jpg,cobeca,CETRAL TAB 10MG X10 MEY
39137,ME32977,CETRAL 5 MG / 5 ML SOLUCION ORAL,CETRAL,https://mav.farmaciasaas.com/api/images/articulos/DISTRIBUCION/3876.jpg,cobeca,CETRAL SOL ORAL 5MG/5ML 60ML MEY
37736,ME33112,CIALIS 20 MG X 1 COMPRIMIDO RECUBIERTO,CIALIS,https://mav.farmaciasaas.com/api/images/articulos/DISTRIBUCION/3344.jpg,cobeca,CIALIS TAB 20MG X1 CR CCM
37737,HO41522/2,CIATAL 500 MG / 2 ML X 1 AMPOLLA,CIATAL,https://mav.farmaciasaas.com/api/images/articulos/DISTRIBUCION/51327.jpg,cobeca,CIATAL SOL INY 500MG/2ML X1 SIEG
37738,HO41522/3,CIATAL 500 MG / 2 ML X 9 AMPOLLAS,CIATAL,https://mav.farmaciasaas.com/api/images/articulos/DISTRIBUCION/25233.jpg,cobeca,CIATAL SOL INY 500MG/2ML X9 MEY
37740,HO36631,CICLOKAN 500 MG / 5 ML X 1 AMPOLLA,CICLOKAN,https://mav.farmaciasaas.com/api/images/articulos/DISTRIBUCION/94107.jpg,cobeca,CICLOKAN AMP 500MG/5ML X1
37741,ME41819,CICLOKAN 500 MG X 21 COMPRIMIDOS RECUBIERTOS,CICLOKAN,https://mav.farmaciasaas.com/api/images/articulos/DISTRIBUCION/16882.jpg,cobeca,CICLOKAN COMP REC 500MG X21 MEG
37746,ME24520,CINAREN 75 MG X 20 CAPSULAS,CINAREN,https://mav.farmaciasaas.com/api/images/articulos/DISTRIBUCION/7434.jpg,cobeca,CINAREN CAP 75MG X20 DLR
37747,ME24519,CINAREN 25 MG X 30 COMPRIMIDOS,CINAREN,https://mav.farmaciasaas.com/api/images/articulos/DISTRIBUCION/28507.jpg,cobeca,CINAREN COM 25 MG X 30
37750,ME25520,CIPROFLOX 500 MG X 12 TABLETAS RECUBIERTAS,CIPROFLOX,https://mav.farmaciasaas.com/api/images/articulos/DISTRIBUCION/91927.jpg,cobeca,CIPROFLOX TAB 500MG X12 ELM
37772,ME23978/2,CLENBUNAL 0.020 MG X 10 COMPRIMIDOS,CLENBUNAL,https://mav.farmaciasaas.com/api/images/articulos/DISTRIBUCION/7942.jpg,cobeca,"CLENBUNAL COMP 0,020MG X10 MEG"
37773,ME23978/3,CLENBUNAL 0.020 MG X 20 COMPRIMIDOS,CLENBUNAL,https://mav.farmaciasaas.com/api/images/articulos/DISTRIBUCION/5981.jpg,cobeca,CLENBUNAL COMP X20 MEG
37779,ME25351,CLENBUNAL 0.01 MG / 5 ML JARABE,CLENBUNAL,https://mav.farmaciasaas.com/api/images/articulos/DISTRIBUCION/7209.jpg,cobeca,"CLENBUNAL JBE PED 0,005MG 120ML MEG"
37780,ME42462,CLENOSAN 90 MG X 30 COMPRIMIDOS RECUBIERTOS,CLENOSAN,https://mav.farmaciasaas.com/api/images/articulos/DISTRIBUCION/52057.jpg,cobeca,CLENOSAN COMP REC 90MG X30 LETI
37781,ME41052,CLINAC 1 % - 5 % GEL,CLINAC,https://mav.farmaciasaas.com/api/images/articulos/DISTRIBUCION/14908.jpg,cobeca,CLINAC GEL 1%/5% X 30 G
37785,ME17975,CLODOXIN 10 MG - 100 MG X 10 COMPRIMIDOS RECUBIERTOS,CLODOXIN,https://mav.farmaciasaas.com/api/images/articulos/DISTRIBUCION/29066.jpg,cobeca,CLODOXIN COMP 10MG X 10
37786,ME29523,CLOFEN 100 MG X 10 CAPSULAS DE ACCION PROLONGADA,CLOFEN,https://mav.farmaciasaas.com/api/images/articulos/DISTRIBUCION/433.jpg,cobeca,CLOFEN CAP AP 100MG X10 DLR
37790,ME42084,CLONATRIL 1 MG X 30 COMPRIMIDOS,CLONATRIL,https://mav.farmaciasaas.com/api/images/articulos/DISTRIBUCION/20153.jpg,cobeca,CLONATRIL COMP 1MG X30 MEG
37791,ME33201,CLONATRIL 2 MG X 30 COMPRIMIDOS,CLONATRIL,https://mav.farmaciasaas.com/api/images/articulos/DISTRIBUCION/6642.jpg,cobeca,CLONATRIL COMP 2MG X30 MEG
37796,ME22956,CLONIPRES 0.150 MG X 20 COMPRIMIDOS,CLONIPRES,https://mav.farmaciasaas.com/api/images/articulos/DISTRIBUCION/8267.jpg,cobeca,CLONIPRES COMP X20 MEG
37798,ME40816,CLONZEP 0.5 MG X 30 TABLETAS,CLONZEP,https://mav.farmaciasaas.com/api/images/articulos/DISTRIBUCION/13114.jpg,cobeca,"CLONZEP TAB 0,5MG X30 VLM"
37799,ME40818,CLONZEP 2 MG X 30 TABLETAS,CLONZEP,https://mav.farmaciasaas.com/api/images/articulos/DISTRIBUCION/13115.jpg,cobeca,CLONZEP TAB 2MG X30 VLM
37800,ME39070,CLOPIDEX 75 MG X 30 TABLETAS RECUBIERTAS,CLOPIDEX,https://mav.farmaciasaas.com/api/images/articulos/DISTRIBUCION/94886.jpg,cobeca,CLOPIDEX TAB REC 75MG X30 PLX
37808,ME37160,CLOPIVAL 75 MG X 30 TABLETAS RECUBIERTAS,CLOPIVAL,https://mav.farmaciasaas.com/api/images/articulos/DISTRIBUCION/11595.jpg,cobeca,CLOPIVAL TAB REC 75MG X30 VLM
37809,ME43778,CLOPTAN 75 MG X 30 TABLETAS RECUBIERTAS,CLOPTAN,https://mav.farmaciasaas.com/api/images/articulos/DISTRIBUCION/20161.jpg,cobeca,CLOPTAN TAB 75MG X30 ZORIAK
37811,ME29690/3,CLORACE 500 MG - 4 MG X 20 TABLETAS,CLORACE,https://mav.farmaciasaas.com/api/images/articulos/DISTRIBUCION/97306.jpg,cobeca,CLORACE TAB 500 MG/4MG X20 COFA
37812,ME29690/2,CLORACE 500 MG - 4 MG X 10 TABLETAS,CLORACE,https://mav.farmaciasaas.com/api/images/articulos/DISTRIBUCION/9598.jpg,cobeca,CLORACE TAB 500MG/4MG X10 COFA
37813,ME43777,CLORACOLD 30 MG - 5 MG / 5 ML SOLUCION ORAL,CLORACOLD,https://mav.farmaciasaas.com/api/images/articulos/DISTRIBUCION/53063.jpg,cobeca,CLORACOLD SOL ORAL 30MG/5MG 120ML COFA
37815,ME43585/2,DOPALEN 200 MG X 10 CAPSULAS DE LIBERACION PROLONGADA,DOPALEN,https://mav.farmaciasaas.com/api/images/articulos/DISTRIBUCION/28633.jpg,cobeca,DOPALEN CAP LIB/PROL 200MG X 10
37826,ME41502,CODEBROMIL PLUS 15 MG - 3 MG / 15 ML JARABE,CODEBROMIL PLUS,https://mav.farmaciasaas.com/api/images/articulos/DISTRIBUCION/19724.jpg,cobeca,CODEBROMIL PLUS JBE 15MG/3MG 90ML VIN
37828,ME33110,COLFENE 400 MG - 4 MG X 10 COMPRIMIDOS RECUBIERTOS,COLFENE,https://mav.farmaciasaas.com/api/images/articulos/DISTRIBUCION/6165.jpg,cobeca,COLFENE COMP 400MG/4MG X10 ELM
37829,ME39320,COLFENE 600 MG - 4 MG X 15 COMPRIMIDOS RECUBIERTOS,COLFENE,https://mav.farmaciasaas.com/api/images/articulos/DISTRIBUCION/97446.jpg,cobeca,COLFENE COMP REC 600MG/4MG X15 ELM
37833,ME23524,COLVAL 4 MG X 12 COMPRIMIDOS,COLVAL,https://mav.farmaciasaas.com/api/images/articulos/DISTRIBUCION/8062.jpg,cobeca,COLVAL COMP 4MG X12 VLM
39156,HO23451,COLVAL 4 MG / 2 ML X 2 AMPOLLAS,COLVAL,https://mav.farmaciasaas.com/api/images/articulos/DISTRIBUCION/8563.jpg,cobeca,COLVAL AMP SOL INY IM/IV 2ML X2 VLM
37834,ME32060,COLYPAN 200 MG X 10 TABLETAS,COLYPAN,https://mav.farmaciasaas.com/api/images/articulos/DISTRIBUCION/16762.jpg,cobeca,COLYPAN TAB 200MG X10 FAR
37836,ME34013,CONEXINE 50 MG X 30 COMPRIMIDOS RECUBIERTOS,CONEXINE,https://mav.farmaciasaas.com/api/images/articulos/DISTRIBUCION/29374.jpg,cobeca,CONEXINE COM 50MG X 30
37837,ME43002,CONTRADOL 100 MG / ML SOLUCION ORAL,CONTRADOL,https://mav.farmaciasaas.com/api/images/articulos/DISTRIBUCION/50553.jpg,cobeca,CONTRADOL SOL/GTA 100MG 15ML
37838,ME28460,CORAZEM 60 MG X 20 TABLETAS RECUBIERTAS,CORAZEM,https://mav.farmaciasaas.com/api/images/articulos/DISTRIBUCION/10134.jpg,cobeca,CORAZEM TAB 60MG X20 FAR
37839,ME40574,CORBIS 10 MG X 30 COMPRIMIDOS RECUBIERTOS,CORBIS,https://mav.farmaciasaas.com/api/images/articulos/DISTRIBUCION/23009.jpg,cobeca,CORBIS COMP 10MG X30 MEY
37840,ME42767,CORBIS 5 MG X 30 COMPRIMIDOS RECUBIERTOS,CORBIS,https://mav.farmaciasaas.com/api/images/articulos/DISTRIBUCION/23008.jpg,cobeca,CORBIS COMP 5MG X30 MEY
37843,ME39494/2,CORENTEL 1.25 MG X 10 COMPRIMIDOS RECUBIERTOS,CORENTEL,https://mav.farmaciasaas.com/api/images/articulos/DISTRIBUCION/28209.jpg,cobeca,"CORENTEL COMP REC 1,25MG X10 MEG"
37845,ME35620/3,CORENTEL 5 MG X 30 COMPRIMIDOS RECUBIERTOS,CORENTEL,https://mav.farmaciasaas.com/api/images/articulos/DISTRIBUCION/10042.jpg,cobeca,CORENTEL COMP REC 5MG X30 MEG
37846,ME35620/2,CORENTEL 5 MG X 10 COMPRIMIDOS RECUBIERTOS,CORENTEL,https://mav.farmaciasaas.com/api/images/articulos/DISTRIBUCION/10024.jpg,cobeca,CORENTEL COMP REC 5MG X10 MEG
39163,ME42233,COROPRES HCT 32 MG - 12.5 MG COMPRIMIDOS,COROPRES HCT,https://mav.farmaciasaas.com/api/images/articulos/DISTRIBUCION/28480.jpg,cobeca,"COROPRES HCT COM 32/12,5 MG X 10"
37849,ME35926,COROPRES 8 MG X 30 COMPRIMIDOS,COROPRES,https://mav.farmaciasaas.com/api/images/articulos/DISTRIBUCION/98452.jpg,cobeca,COROPRES COMP 8MG X30 MEG
39162,ME35927,COROPRES 16 MG COMPRIMIDOS,COROPRES,https://mav.farmaciasaas.com/api/images/articulos/DISTRIBUCION/98453.jpg,cobeca,COROPRES COMP 16MG X30 MEG
37851,ME31743,COVENTROL 6.25 MG X 30 COMPRIMIDOS,COVENTROL,https://mav.farmaciasaas.com/api/images/articulos/DISTRIBUCION/99167.jpg,cobeca,"COVENTROL COMP 6,25MG X30 LETI"
37852,ME41808/2,CRISOMET 50 MG - 500 MG X 10 TABLETAS RECUBIERTAS,CRISOMET,https://mav.farmaciasaas.com/api/images/articulos/DISTRIBUCION/16905.jpg,cobeca,CRISOMET TAB REC 50MG/500MG X10 FAR
37853,ME41808/3,CRISOMET 50 MG - 500 MG X 30 TABLETAS RECUBIERTAS,CRISOMET,https://mav.farmaciasaas.com/api/images/articulos/DISTRIBUCION/19232.jpg,cobeca,CRISOMET TAB REC 50MG/500MG X30 FAR
39165,ME41809/2,CRISOMET 50 MG - 850 MG X 10 TABLETAS RECUBIERTAS,CRISOMET,https://mav.farmaciasaas.com/api/images/articulos/DISTRIBUCION/17016.jpg,cobeca,CRISOMET TAB REC 50MG/850MG X10 FAR
39166,ME41809/3,CRISOMET 50 MG - 850 MG X 30 TABLETAS RECUBIERTAS,CRISOMET,https://mav.farmaciasaas.com/api/images/articulos/DISTRIBUCION/19233.jpg,cobeca,CRISOMET TAB REC 50MG/850MG X30 FAR
37854,ME37867,CRISPLUS 120 MG X 30 CAPSULAS,CRISPLUS,https://mav.farmaciasaas.com/api/images/articulos/DISTRIBUCION/28167.jpg,cobeca,CRISPLUS CAP 120MG X30 ZUO
37855,ME35933/2,CURPINOL 6.25 MG X 10 COMPRIMIDOS,CURPINOL,https://mav.farmaciasaas.com/api/images/articulos/DISTRIBUCION/26063.jpg,cobeca,"CURPINOL COMP 6,25MG X10 MEG"
37856,ME35933/3,CURPINOL 6.25 MG X 30 COMPRIMIDOS,CURPINOL,https://mav.farmaciasaas.com/api/images/articulos/DISTRIBUCION/92400.jpg,cobeca,"CURPINOL COMP 6,25MG X30 MEG"
39167,ME36263,CURPINOL 12.5 MG COMPRIMIDOS,CURPINOL,https://mav.farmaciasaas.com/api/images/articulos/DISTRIBUCION/92399.jpg,cobeca,"CURPINOL COMP 12,5MG X30 MEG"
39168,ME36264,CURPINOL 25 MG COMPRIMIDOS,CURPINOL,https://mav.farmaciasaas.com/api/images/articulos/DISTRIBUCION/92398.jpg,cobeca,CURPINOL COMP 25MG X30 MEG
37857,ME27157/2,CYPRAL 500 MG X 14 TABLETAS RECUBIERTAS,CYPRAL,https://mav.farmaciasaas.com/api/images/articulos/DISTRIBUCION/3660.jpg,cobeca,CYPRAL TAB 500MG X14 MEY
37858,ME27157/3,CYPRAL 500 MG X 20 TABLETAS RECUBIERTAS,CYPRAL,https://mav.farmaciasaas.com/api/images/articulos/DISTRIBUCION/92798.jpg,cobeca,CYPRAL TAB REC 500MG X20 PLX
37859,ME27452,CYPRAL 750 MG X 6 TABLETAS RECUBIERTAS,CYPRAL,https://mav.farmaciasaas.com/api/images/articulos/DISTRIBUCION/11353.jpg,cobeca,CYPRAL TAB 750MG X6 MEY
37860,ME42913,DALCITRIN 2 % UNGUENTO,DALCITRIN,https://mav.farmaciasaas.com/api/images/articulos/DISTRIBUCION/28692.jpg,cobeca,DALCITRIN UNG 2% X 15G
37861,ME24979,DALPAS 5 MG X 30 TABLETAS,DALPAS,https://mav.farmaciasaas.com/api/images/articulos/DISTRIBUCION/6617.jpg,cobeca,DALPAS TAB 5MG X30 BIOTECH
37862,ME30715/2,DALTAZEN 60 MG X 10 COMPRIMIDOS,DALTAZEN,https://mav.farmaciasaas.com/api/images/articulos/DISTRIBUCION/28478.jpg,cobeca,DALTAZEN COM 60 MG X 10
37863,ME30715/3,DALTAZEN 60 MG X 20 COMPRIMIDOS,DALTAZEN,https://mav.farmaciasaas.com/api/images/articulos/DISTRIBUCION/1303.jpg,cobeca,DALTAZEN COMP 60MG X20 MEG
37868,ME21267/3,DECOBEL 0.5 MG X 30 TABLETAS,DECOBEL,https://mav.farmaciasaas.com/api/images/articulos/DISTRIBUCION/22694.jpg,cobeca,"DECOBEL TAB 0,5MG X30 RNV"
37869,HO20294,DECOBEL 8 MG / 2 ML SOLUCION INYECTABLE,DECOBEL,https://mav.farmaciasaas.com/api/images/articulos/DISTRIBUCION/94637.jpg,cobeca,DECOBEL SOL INY 8MG/2ML 2ML RNV
37870,ME42577,DEFLARIN 6 MG X 10 COMPRIMIDOS,DEFLARIN,https://mav.farmaciasaas.com/api/images/articulos/DISTRIBUCION/21048.jpg,cobeca,DEFLARIN COMP 6MG X10 CCM
37876,ME34903,DENCOFEN 1.16 % CREMA EN BASE GEL,DENCOFEN,https://mav.farmaciasaas.com/api/images/articulos/DISTRIBUCION/90093.jpg,cobeca,DENCOFEN CREM-GEL X20GR
37878,ME38371,DENUAL 150 MG X 1 COMPRIMIDO RECUBIERTO,DENUAL,https://mav.farmaciasaas.com/api/images/articulos/DISTRIBUCION/94853.jpg,cobeca,DENUAL COMP 150MG X1 MEG
37879,ME43769,DEPOFEM 150MGML X 1 AMPOLLA,DEPOFEM,https://mav.farmaciasaas.com/api/images/articulos/DISTRIBUCION/28729.jpg,cobeca,DEPOFEM SOL/INY 150MG X 1
37880,ME25685,DERAIN 15 % CREMA,DERAIN,https://mav.farmaciasaas.com/api/images/articulos/DISTRIBUCION/8275.jpg,cobeca,DERAIN GASA X10 LETI
37881,ME37124,DERMACORTINE 0.1 % CREMA,DERMACORTINE,https://mav.farmaciasaas.com/api/images/articulos/DISTRIBUCION/91421.jpg,cobeca,"DERMACORTINE CREM 0,1% 15G MEG"
37883,ME41291,DERMAZOL 0.05 % LOCION CAPILAR,DERMAZOL,https://mav.farmaciasaas.com/api/images/articulos/DISTRIBUCION/99591.jpg,cobeca,"DERMAZOL CREM 0,05% 30G MEG"
39174,ME40804,DERMAZOL 0.05 % UNGUENTO,DERMAZOL,https://mav.farmaciasaas.com/api/images/articulos/DISTRIBUCION/99591.jpg,cobeca,"DERMAZOL CREM 0,05% 30G MEG"
39175,ME40790,DERMAZOL 0.05 % CREMA,DERMAZOL,https://mav.farmaciasaas.com/api/images/articulos/DISTRIBUCION/99591.jpg,cobeca,"DERMAZOL CREM 0,05% 30G MEG"
37884,ME38114,DERMOSUPRIL C 0.1 % - 3 % CREMA TOPICA,DERMOSUPRIL C,https://mav.farmaciasaas.com/api/images/articulos/DISTRIBUCION/24079.jpg,cobeca,DERMOSUPRIL C CREM 01%/3% 15G MEG
37885,ME21432,DERMOVATE 0.05 % CREMA,DERMOVATE,https://mav.farmaciasaas.com/api/images/articulos/DISTRIBUCION/28893.jpg,cobeca,"DERMOVATE CREM 0,05% X 30G"
37886,ME41984,DEROVIT 1000 UI X 30 CAPSULAS BLANDAS,DEROVIT,https://mav.farmaciasaas.com/api/images/articulos/DISTRIBUCION/25518.jpg,cobeca,DEROVIT CAP BLD 1000UI X30 VIV
37889,ME36632,DESLER 5 MG X 10 TABLETAS RECUBIERTAS,DESLER,https://mav.farmaciasaas.com/api/images/articulos/DISTRIBUCION/18806.jpg,cobeca,DESLER TAB 5MG X10 PHARME
37890,ME34405/2,DESLORAT 5 MG X 10 TABLETAS RECUBIERTAS,DESLORAT,https://mav.farmaciasaas.com/api/images/articulos/DISTRIBUCION/90319.jpg,cobeca,"DESLORAT 0,5MG 60ML L.O"
37891,ME34405/3,DESLORAT 5 MG X 20 TABLETAS RECUBIERTAS,DESLORAT,https://mav.farmaciasaas.com/api/images/articulos/DISTRIBUCION/90319.jpg,cobeca,"DESLORAT 0,5MG 60ML L.O"
37897,ME44106,DESONIDA 0.1 % CREMA,DESONIDA,https://mav.farmaciasaas.com/api/images/articulos/DISTRIBUCION/23011.jpg,cobeca,"DESONIDA CREM 0,1% 15G MEY"
37898,ME44013,DESTREL 75 MCG X 28 COMPRIMIDOS RECUBIERTOS,DESTREL,https://mav.farmaciasaas.com/api/images/articulos/DISTRIBUCION/50861.jpg,cobeca,DESTREL COM 75MCG X 28 EURO
37909,ME42537,DEXTROMETORFANO 15 MG / 5 ML JARABE,DEXTROMETORFANO,https://mav.farmaciasaas.com/api/images/articulos/DISTRIBUCION/26399.jpg,cobeca,DEXTROMETORFANO JBE 15MG/5ML 120ML BIOQ
37911,HO39066,DEXTROSA 50 % SOLUCION INYECTABLE IV,DEXTROSA,https://mav.farmaciasaas.com/api/images/articulos/DISTRIBUCION/1131.jpg,cobeca,DEXTROSA AGUA DESTILADA #2 10% 500ML BHR
37914,ME38358,DIAFORMINA 1000 MG X 30 COMPRIMIDOS RECUBIERTOS,DIAFORMINA,https://mav.farmaciasaas.com/api/images/articulos/DISTRIBUCION/95456.jpg,cobeca,DIAFORMINA COMP REC 1000MG X30 MEG
37915,ME30872,DIAFORMINA 500 MG X 30 COMPRIMIDOS RECUBIERTOS,DIAFORMINA,https://mav.farmaciasaas.com/api/images/articulos/DISTRIBUCION/50991.jpg,cobeca,DIAFORMINA COMP REC 500MG X30 MEG
37916,HO33474/2,DIAGESIC 75 MG / 3 ML X 1 AMPOLLA,DIAGESIC,https://mav.farmaciasaas.com/api/images/articulos/DISTRIBUCION/51210.jpg,cobeca,DIAGESIC AMP 75MG/3ML X1 BIOT
37917,HO33474/3,DIAGESIC 75 MG / 3 ML X 2 AMPOLLAS,DIAGESIC,https://mav.farmaciasaas.com/api/images/articulos/DISTRIBUCION/6136.jpg,cobeca,DIAGESIC SOL INY 75MG/3ML X2 BIOTECH
37920,ME25910,DIARONA 200 MG X 10 TABLETAS,DIARONA,https://mav.farmaciasaas.com/api/images/articulos/DISTRIBUCION/7335.jpg,cobeca,DIARONA TAB 200MG X10 VIN
37923,ME36464,DICLODEX 50 MG X 20 TABLETAS RECUBIERTAS,DICLODEX,https://mav.farmaciasaas.com/api/images/articulos/DISTRIBUCION/90913.jpg,cobeca,DICLODEX TAB 50MG X20 PLX
37936,ME39086,DIECAPS 120 MG X 30 CAPSULAS,DIECAPS,https://mav.farmaciasaas.com/api/images/articulos/DISTRIBUCION/94852.jpg,cobeca,DIECAPS CAP 120MG X30 MEG
37937,ME40899,DIECAPS 60 MG X 30 CAPSULAS,DIECAPS,https://mav.farmaciasaas.com/api/images/articulos/DISTRIBUCION/17245.jpg,cobeca,DIECAPS CAP 60MG X30 MEG
37940,ME27774,DIFENAC 1 % GEL,DIFENAC,https://mav.farmaciasaas.com/api/images/articulos/DISTRIBUCION/8417.jpg,cobeca,DIFENAC GEL 30ML DLR
39483,ME24522,DIFENAC 100 MG X 10 COMPRIMIDOS RECUBIERTOS,DIFENAC,https://mav.farmaciasaas.com/api/images/articulos/DISTRIBUCION/8420.jpg,cobeca,DIFENAC FORTE COMP REC 100MG X10 DLR
37941,ME41496,DIGLET 1000 U.I. X 30 COMPRIMIDOS ORODISPERSABLES,DIGLET,https://mav.farmaciasaas.com/api/images/articulos/DISTRIBUCION/28637.jpg,cobeca,DIGLET COM 2000 UI X 30
37942,ME42648,DIGLET 5000 U.I. X 10 COMPRIMIDOS RECUBIERTOS,DIGLET,https://mav.farmaciasaas.com/api/images/articulos/DISTRIBUCION/52638.jpg,cobeca,DIGLET COMP REC 5000UI X10 LETI
37943,ME42496,DIGLET 200 UI SOLUCION ORAL,DIGLET,https://mav.farmaciasaas.com/api/images/articulos/DISTRIBUCION/52147.jpg,cobeca,DIGLET SOL ORAL GTAS 200UI 20ML LETI
37944,ME32831,DIKLASON 100 MG X 20 COMPRIMIDOS DE ACCION PROLONGADA,DIKLASON,https://mav.farmaciasaas.com/api/images/articulos/DISTRIBUCION/13042.jpg,cobeca,DIKLASON AP COMP 100MG X20 LETI
37947,ME27240,DILOTEX 5 MG X 30 COMPRIMIDOS,DILOTEX,https://mav.farmaciasaas.com/api/images/articulos/DISTRIBUCION/50518.jpg,cobeca,DILOTEX COM 5MG X 30
37948,ME27234,DILOTEX 10 MG X 10 COMPRIMIDOS,DILOTEX,https://mav.farmaciasaas.com/api/images/articulos/DISTRIBUCION/9889.jpg,cobeca,DILOTEX COMP 10MG X10 DLR
37958,HO30051,DIPIDOL 500 MG / ML X 3 AMPOLLAS,DIPIDOL,https://mav.farmaciasaas.com/api/images/articulos/DISTRIBUCION/52497.jpg,cobeca,DIPIDOL SOL INY 500MG/ML 2ML X3 BHR
37959,ME42021,DIPLOZ 1 MG X 30 TABLETAS RECUBIERTAS,DIPLOZ,https://mav.farmaciasaas.com/api/images/articulos/DISTRIBUCION/22057.jpg,cobeca,DIPLOZ TAB 1MG X30 CLX
37961,ME30873,DOBET 2 % - 0.5 % SOLUCION OFTALMICA,DOBET,https://mav.farmaciasaas.com/api/images/articulos/DISTRIBUCION/843.jpg,cobeca,DOBET SOL OFT 5ML L.O
37962,ME40299/3,DOBRACID 300 MG X 30 COMPRIMIDOS RECUBIERTOS DE LIBERACION PROLONGADA,DOBRACID,https://mav.farmaciasaas.com/api/images/articulos/DISTRIBUCION/16483.jpg,cobeca,DOBRACID COMP LP 300MG X30 LETI
37963,ME40299/2,DOBRACID 300 MG X 10 COMPRIMIDOS RECUBIERTOS DE LIBERACION PROLONGADA,DOBRACID,https://mav.farmaciasaas.com/api/images/articulos/DISTRIBUCION/50498.jpg,cobeca,DOBRACID LP COM 300MG X 10
37968,ME27426/3,DOLAK 10 MG X 20 COMPRIMIDOS,DOLAK,https://mav.farmaciasaas.com/api/images/articulos/DISTRIBUCION/2586.jpg,cobeca,DOLAK COMP 10MG X20 DLR
37969,ME27426/2,DOLAK 10 MG X 10 COMPRIMIDOS,DOLAK,https://mav.farmaciasaas.com/api/images/articulos/DISTRIBUCION/2349.jpg,cobeca,DOLAK SL COMP 10MG X10 DLR
37970,ME27438,DOLAK 20 MG X 10 COMPRIMIDOS RECUBIERTOS,DOLAK,https://mav.farmaciasaas.com/api/images/articulos/DISTRIBUCION/10812.jpg,cobeca,DOLAK COMP 20MG X10 DLR
39489,ME38932/4,DOLAK 30 MG X 4 COMPRIMIDOS SUBLINGUALES,DOLAK,https://mav.farmaciasaas.com/api/images/articulos/DISTRIBUCION/94457.jpg,cobeca,DOLAK SL COMP 30MG X4 DLR
37972,ME32091,DOLKIDS 160 MG X 20 TABLETAS MASTICABLES,DOLKIDS,https://mav.farmaciasaas.com/api/images/articulos/DISTRIBUCION/5370.jpg,cobeca,DOLKIDS TAB 160MG X20 CLX
37973,ME42184,DOLNIX 150 MG X 20 CAPSULAS,DOLNIX,https://mav.farmaciasaas.com/api/images/articulos/DISTRIBUCION/51126.jpg,cobeca,DOLNIX CAP 150MG X20 DLR
37977,ME36325,DOMPESIN 10 MG X 30 COMPRIMIDOS,DOMPESIN,https://mav.farmaciasaas.com/api/images/articulos/DISTRIBUCION/11584.jpg,cobeca,DOMPESIN COMP 10MG X30 DLR
37978,ME38983,DOMPESIN 1 MG / ML SUSPENSION,DOMPESIN,https://mav.farmaciasaas.com/api/images/articulos/DISTRIBUCION/94774.jpg,cobeca,DOMPESIN SUSP 1MG/ML 120ML DLR
37981,ME32119/4,DORIXINA FLEX 125 MG - 5 MG X 20 COMPRIMIDOS RECUBIERTOS,DORIXINA FLEX,https://mav.farmaciasaas.com/api/images/articulos/DISTRIBUCION/50180.jpg,cobeca,DORIXINA FLEX COM/REC 125MG/5MG X 20
37982,ME32119/2,DORIXINA FLEX 125 MG - 5 MG X 5 COMPRIMIDOS RECUBIERTOS,DORIXINA FLEX,https://mav.farmaciasaas.com/api/images/articulos/DISTRIBUCION/29269.jpg,cobeca,DORIXINA FLEX COM/REC 125MG/5MG X 5
37986,ME21021,DOXIUM 500 MG X 30 CAPSULAS,DOXIUM,https://mav.farmaciasaas.com/api/images/articulos/DISTRIBUCION/52056.jpg,cobeca,DOXIUM CAP 500MG X30 LETI
37988,ME32615/3,DUROVAL 50 MG X 2 TABLETAS RECUBIERTAS,DUROVAL,https://mav.farmaciasaas.com/api/images/articulos/DISTRIBUCION/22796.jpg,cobeca,DUROVAL TAB REC 50MG X2 VLM
37989,ME32615/2,DUROVAL 50 MG X 1 TABLETA RECUBIERTA,DUROVAL,https://mav.farmaciasaas.com/api/images/articulos/DISTRIBUCION/2798.jpg,cobeca,DUROVAL TAB 50MG X1 VLM
37990,ME32615/4,DUROVAL 50 MG X 3 TABLETAS RECUBIERTAS,DUROVAL,https://mav.farmaciasaas.com/api/images/articulos/DISTRIBUCION/2821.jpg,cobeca,DUROVAL TAB 50MG X3 VLM
37994,ME11176,DUVADILAN 10 MG X 30 COMPRIMIDOS,DUVADILAN,https://mav.farmaciasaas.com/api/images/articulos/DISTRIBUCION/1300.jpg,cobeca,DUVADILAN COMP 10MG X30 ZUO
37995,ME36415,EDAGAN 200 MG X 30 COMPRIMIDOS RECUBIERTOS,EDAGAN,https://mav.farmaciasaas.com/api/images/articulos/DISTRIBUCION/90689.jpg,cobeca,EDAGAN 200 COMP 200MG X30 MEG
37996,ME36330,EDAGAN 25 MG X 30 COMPRIMIDOS RECUBIERTOS,EDAGAN,https://mav.farmaciasaas.com/api/images/articulos/DISTRIBUCION/90687.jpg,cobeca,EDAGAN 25 COMP 25MG X30 MEG
37997,HO30096,EDEMID 10 MG / ML X 5 AMPOLLAS,EDEMID,https://mav.farmaciasaas.com/api/images/articulos/DISTRIBUCION/2361.jpg,cobeca,EDEMID SOL INY 10MG/2ML X 5 AMP
38009,ME43715,EPITRAL 25 MG X 30 TABLETAS,EPITRAL,https://mav.farmaciasaas.com/api/images/articulos/DISTRIBUCION/52494.jpg,cobeca,EPITRAL TAB 25MG X30 VLM
38010,ME42128,EPITRAL 100 MG X 30 TABLETAS,EPITRAL,https://mav.farmaciasaas.com/api/images/articulos/DISTRIBUCION/20035.jpg,cobeca,EPITRAL TAB REC 100MG X30 VLM
38011,ME42127,EPITRAL 50 MG X 30 TABLETAS,EPITRAL,https://mav.farmaciasaas.com/api/images/articulos/DISTRIBUCION/20036.jpg,cobeca,EPITRAL TAB REC 50MG X30 VLM
38013,ME39415,ERILON 0.05 % CREMA,ERILON,https://mav.farmaciasaas.com/api/images/articulos/DISTRIBUCION/5842.jpg,cobeca,"ERILON CREM 0,1% 15G BIOTECH"
39201,ME19270,ERILON 0.1 % CREMA,ERILON,https://mav.farmaciasaas.com/api/images/articulos/DISTRIBUCION/5842.jpg,cobeca,"ERILON CREM 0,1% 15G BIOTECH"
38027,ME40578,ESMIRTAL 20 MG X 30 COMPRIMIDOS RECUBIERTOS,ESMIRTAL,https://mav.farmaciasaas.com/api/images/articulos/DISTRIBUCION/54449.jpg,cobeca,ESMIRTAL COMP 20MG X30 MEG
38028,ME44181,ESOCOF 10 MG X 30 TABLETAS RECUBIERTAS,ESOCOF,https://mav.farmaciasaas.com/api/images/articulos/DISTRIBUCION/54292.jpg,cobeca,ESOCOF TAB REC 10MG X30 COFA
38038,ME35407/3,ESOZ 20 MG X 14 TABLETAS RECUBIERTAS,ESOZ,https://mav.farmaciasaas.com/api/images/articulos/DISTRIBUCION/98439/98439.jpg,cobeca,ESOZ CAP 20MG X14 PHARME
38039,ME35407/4,ESOZ 20 MG X 28 TABLETAS RECUBIERTAS,ESOZ,https://mav.farmaciasaas.com/api/images/articulos/DISTRIBUCION/98438/98438.jpg,cobeca,ESOZ CAP 20MG X28 PHARME
38040,ME35407/2,ESOZ 20 MG X 7 TABLETAS RECUBIERTAS,ESOZ,https://mav.farmaciasaas.com/api/images/articulos/DISTRIBUCION/18359.jpg,cobeca,ESOZ CAP 20MG X7 MMF
38041,ME34984/3,ESOZ 40 MG X 14 TABLETAS RECUBIERTAS DE LIBERACION RETARDADA,ESOZ,https://mav.farmaciasaas.com/api/images/articulos/DISTRIBUCION/97637/97637.jpg,cobeca,ESOZ CAP 40MG X14 PHARME
38042,ME34984/4,ESOZ 40 MG X 28 TABLETAS RECUBIERTAS DE LIBERACION RETARDADA,ESOZ,https://mav.farmaciasaas.com/api/images/articulos/DISTRIBUCION/97588/97588.jpg,cobeca,ESOZ CAP 40MG X28 PHARME
38043,ME34984/2,ESOZ 40 MG X 7 TABLETAS RECUBIERTAS DE LIBERACION RETARDADA,ESOZ,https://mav.farmaciasaas.com/api/images/articulos/DISTRIBUCION/18360.jpg,cobeca,ESOZ CAP 40MG X7 PHARME
38049,ME40159,ESQUIDONE 2 MG X 30 TABLETAS RECUBIERTAS,ESQUIDONE,https://mav.farmaciasaas.com/api/images/articulos/DISTRIBUCION/98680.jpg,cobeca,ESQUIDONE TAB REC 2MG X30 VLM
38050,ME39561,ESQUIDONE 3 MG X 30 TABLETAS RECUBIERTAS,ESQUIDONE,https://mav.farmaciasaas.com/api/images/articulos/DISTRIBUCION/98681.jpg,cobeca,ESQUIDONE TAB REC 3MG X30 VLM
38053,ME39929,EUKENE 40 MG X 30 COMPRIMIDOS RECUBIERTOS,EUKENE,https://mav.farmaciasaas.com/api/images/articulos/DISTRIBUCION/27093.jpg,cobeca,EUKENE COMP 40MG X30 MEG
39204,ME39326,EUKENE 20 MG COMPRIMIDOS RECUBIERTOS,EUKENE,https://mav.farmaciasaas.com/api/images/articulos/DISTRIBUCION/15025.jpg,cobeca,EUKENE COMP 20MG X30 MEG
38054,ME42010,EUKENE HCT 40 MG - 12.5 MG X 30 COMPRIMIDOS RECUBIERTOS,EUKENE HCT,https://mav.farmaciasaas.com/api/images/articulos/DISTRIBUCION/26422.jpg,cobeca,"EUKENE HCT COMP 40/12,5MG X30 MEG"
38055,ME42009,EUKENE HCT 40 MG - 25 MG X 30 COMPRIMIDOS RECUBIERTOS,EUKENE HCT,https://mav.farmaciasaas.com/api/images/articulos/DISTRIBUCION/26420.jpg,cobeca,EUKENE HCT COMP 40/25MG X30 MEG
38056,ME23115/3,EUSILEN 4 MG X 15 COMPRIMIDOS,EUSILEN,https://mav.farmaciasaas.com/api/images/articulos/DISTRIBUCION/97144.jpg,cobeca,EUSILEN COMP 4MG X15 COFA
38057,ME23115/2,EUSILEN 4 MG X 8 COMPRIMIDOS,EUSILEN,https://mav.farmaciasaas.com/api/images/articulos/DISTRIBUCION/8831.jpg,cobeca,EUSILEN COMP 4MG X8 COFA
39205,HO27693/2,EUSILEN 4 MG / 2 ML X 1 AMPOLLA,EUSILEN,https://mav.farmaciasaas.com/api/images/articulos/DISTRIBUCION/9602.jpg,cobeca,EUSILEN AMP 4MG KIT  X1 COFA
39206,HO27693/3,EUSILEN 4 MG / 2 ML X 2 AMPOLLAS,EUSILEN,https://mav.farmaciasaas.com/api/images/articulos/DISTRIBUCION/5513.jpg,cobeca,EUSILEN AMP 4MG X2 + 2COMP/ALCHO COFA
38058,ME39742,EUTEBROL 20 MG X 30 COMPRIMIDOS,EUTEBROL,https://mav.farmaciasaas.com/api/images/articulos/DISTRIBUCION/28314.jpg,cobeca,EUTEBROL COMP 20MG X30 ADIUM
38059,ME44070,EVABOLIN 25 MG X 30 TABLETAS RECUBIERTAS,EVABOLIN,https://mav.farmaciasaas.com/api/images/articulos/DISTRIBUCION/53346.jpg,cobeca,EVABOLIN TAB REC 25MG X30 COFA
38060,ME43622,EXOM 20 MG X 14 CAPSULAS CON MICROGRANULOS GASTRORRESISTENTES,EXOM,https://mav.farmaciasaas.com/api/images/articulos/DISTRIBUCION/24978.jpg,cobeca,EXOM CAP 20MG X14 DISK
38061,ME43210,EXOVIS DUO 875 MG - 125 MG X 14 TABLETAS RECUBIERTAS,EXOVIS DUO,https://mav.farmaciasaas.com/api/images/articulos/DISTRIBUCION/22553.jpg,cobeca,EXOVIS DUO TAB 875MG/125MG X14 FC
38062,ME43398,EZOLIUM 20 MG X 30 CAPSULAS,EZOLIUM,https://mav.farmaciasaas.com/api/images/articulos/DISTRIBUCION/93948.jpg,cobeca,EZOLIUM CAP 20MG X30 VIV
38063,ME43399,EZOLIUM 40 MG X 30 CAPSULAS,EZOLIUM,https://mav.farmaciasaas.com/api/images/articulos/DISTRIBUCION/93949.jpg,cobeca,EZOLIUM CAP 40MG X30 VIV
38064,ME28167,FAMULCER 40 MG X 10 TABLETAS,FAMULCER,https://mav.farmaciasaas.com/api/images/articulos/DISTRIBUCION/6884.jpg,cobeca,FAMULCER TAB 40MG X10 PLX
38065,ME37251,FARBICIL 1 % CREMA,FARBICIL,https://mav.farmaciasaas.com/api/images/articulos/DISTRIBUCION/91417.jpg,cobeca,FARBICIL CREM 1% 15G MEG
38067,ME31439,FEBRILIX 120 MG / 5 ML SOLUCION ORAL,FEBRILIX,https://mav.farmaciasaas.com/api/images/articulos/DISTRIBUCION/8453.jpg,cobeca,FEBRILIX SOL 120MG/5ML 120ML KIMIC
38068,ME32558,FEBRILIX 500 MG X 20 TABLETAS,FEBRILIX,https://mav.farmaciasaas.com/api/images/articulos/DISTRIBUCION/7037.jpg,cobeca,FEBRILIX TAB 500MG X20 KIMIC
38069,ME43813,FEBRIP 500 MG X 20 COMPRIMIDOS,FEBRIP,https://mav.farmaciasaas.com/api/images/articulos/DISTRIBUCION/54399.jpg,cobeca,FEBRIP COMP 500MG X20 MEG
38070,ME42457,FEBRIP 180 MG / 5 ML SOLUCION ORAL,FEBRIP,https://mav.farmaciasaas.com/api/images/articulos/DISTRIBUCION/27532.jpg,cobeca,FEBRIP SOL 180MG/5ML 120ML MEG
38076,ME27405/3,FERGANIC 40 MG X 24 CAPSULAS,FERGANIC,https://mav.farmaciasaas.com/api/images/articulos/DISTRIBUCION/8790.jpg,cobeca,FERGANIC CAP 40MG X24 MEG
38077,ME27405/4,FERGANIC 40 MG X 30 CAPSULAS,FERGANIC,https://mav.farmaciasaas.com/api/images/articulos/DISTRIBUCION/53159.jpg,cobeca,FERGANIC CAP 40MG X30 MEG
38082,ME27514,FERGANIC 40 MG / 15 ML SOLUCION ORAL,FERGANIC,https://mav.farmaciasaas.com/api/images/articulos/DISTRIBUCION/8791.jpg,cobeca,FERGANIC SOL GTS 15ML MEG
38083,HO43195,FERGANIC 100 MG / 5 ML X 1 AMPOLLA,FERGANIC,https://mav.farmaciasaas.com/api/images/articulos/DISTRIBUCION/52639.jpg,cobeca,FERGANIC SOL INY 100MG/5ML X1 MEG
38079,ME33240/3,FERGANIC FOLIC 40 MG - 360 MCG / 15 ML X 20 JARABE,FERGANIC FOLIC,https://mav.farmaciasaas.com/api/images/articulos/DISTRIBUCION/52465.jpg,cobeca,FERGANIC FOLIC JBE 40MG/360MCG 180ML MEG
38080,ME33240/2,FERGANIC FOLIC 40 MG - 360 MCG / 15 ML X 1 JARABE,FERGANIC FOLIC,https://mav.farmaciasaas.com/api/images/articulos/DISTRIBUCION/52465.jpg,cobeca,FERGANIC FOLIC JBE 40MG/360MCG 180ML MEG
38081,ME33240/4,FERGANIC FOLIC 40 MG - 360 MCG / 15 ML X 30 JARABE,FERGANIC FOLIC,https://mav.farmaciasaas.com/api/images/articulos/DISTRIBUCION/52465.jpg,cobeca,FERGANIC FOLIC JBE 40MG/360MCG 180ML MEG
39218,ME33238/5,FERGANIC FOLIC 40 MG - 350 MCG X 30 TABLETAS MASTICABLES,FERGANIC FOLIC,https://mav.farmaciasaas.com/api/images/articulos/DISTRIBUCION/90601.jpg,cobeca,FERGANIC FOLIC TAB MAST 40MG X30 MEG
39219,ME33238/3,FERGANIC FOLIC 40 MG - 350 MCG X 20 TABLETAS MASTICABLES,FERGANIC FOLIC,https://mav.farmaciasaas.com/api/images/articulos/DISTRIBUCION/3971.jpg,cobeca,FERGANIC FOLIC TAB MAST 40MG X20 MEG
38090,ME41359,FEXORAT 30 MG / 5 ML SUSPENSION ORAL,FEXORAT,https://mav.farmaciasaas.com/api/images/articulos/DISTRIBUCION/53627.jpg,cobeca,FEXORAT SUSP ORAL 30MG/5ML PED 120ML L.O
38091,ME30089,FINASTERIDE 5 MG X 30 TABLETAS RECUBIERTAS,FINASTERIDE,https://mav.farmaciasaas.com/api/images/articulos/DISTRIBUCION/12033.jpg,cobeca,FINASTERIDE TAB 5MG X30 CLX
38094,ME29110,FISIOLIN 0.65 % SOLUCION NASAL,FISIOLIN,https://mav.farmaciasaas.com/api/images/articulos/DISTRIBUCION/23647.jpg,cobeca,FISIOLIN SOL NASAL DOSIS 26ML X260 L.O
38095,ME38634/2,FITEX 20 MG X 1 TABLETA,FITEX,https://mav.farmaciasaas.com/api/images/articulos/DISTRIBUCION/99114.jpg,cobeca,FITEX TAB 20MG X1 FAR
38096,ME38634/3,FITEX 20 MG X 2 TABLETAS,FITEX,https://mav.farmaciasaas.com/api/images/articulos/DISTRIBUCION/99115.jpg,cobeca,FITEX TAB 20MG X2 FAR
38097,ME39597/2,FITEX 5 MG X 10 TABLETAS,FITEX,https://mav.farmaciasaas.com/api/images/articulos/DISTRIBUCION/20284.jpg,cobeca,FITEX TAB REC 5MG X10 FAR
38100,ME29074,FLAVOL 300 MG X 20 CAPSULAS,FLAVOL,https://mav.farmaciasaas.com/api/images/articulos/DISTRIBUCION/4190.jpg,cobeca,FLAVOL CAP 300MG X20 RNV
38105,HO24421,FLEMIBAR 20 MG - 2500 MG / 5 ML X 3 AMPOLLAS,FLEMIBAR,https://mav.farmaciasaas.com/api/images/articulos/DISTRIBUCION/29271.jpg,cobeca,FLEMIBAR AMP 20MG/2500MG/5ML X 3
38106,ME24420,FLEMIBAR 10 MG - 250 MG X 10 COMPRIMIDOS RECUBIERTOS,FLEMIBAR,https://mav.farmaciasaas.com/api/images/articulos/DISTRIBUCION/28552.jpg,cobeca,FLEMIBAR COM 10MG/250MG X 10
38107,ME38680,FLENOX 15 MG / 5 ML SOLUCION ORAL,FLENOX,https://mav.farmaciasaas.com/api/images/articulos/DISTRIBUCION/50900.jpg,cobeca,FLENOX SOL ORAL PED 15MG/5ML 60ML BIOT
38108,ME35680,FLINAS 0.05 % X 140 SUSPENSION NASAL PARA NEBULIZAR,FLINAS,https://mav.farmaciasaas.com/api/images/articulos/DISTRIBUCION/91716.jpg,cobeca,"FLINAS SUS P/NEB DOSIS 0,05%MCG X 140"
38109,MI27670,FLODONT 0.15 % ENJUAGUE BUCAL,FLODONT,https://mav.farmaciasaas.com/api/images/articulos/DISTRIBUCION/10367.jpg,cobeca,ENJ/BUC FLODONT 180ML
38110,ME41019,FLOMED 0.15 % - 0.25 % SOLUCION TOPICA BUCAL ATOMIZADORA,FLOMED,https://mav.farmaciasaas.com/api/images/articulos/DISTRIBUCION/16421.jpg,cobeca,"FLOMED SOL TOP BUC 0,15ML/0,25%145ML ELM"
39222,ME41147,FLOMED 0.15 % - 0.25 % SOLUCION TOPICA BUCAL,FLOMED,https://mav.farmaciasaas.com/api/images/articulos/DISTRIBUCION/16421.jpg,cobeca,"FLOMED SOL TOP BUC 0,15ML/0,25%145ML ELM"
38111,ME27243,FLUCON 150 MG X 2 CAPSULAS,FLUCON,https://mav.farmaciasaas.com/api/images/articulos/DISTRIBUCION/9690.jpg,cobeca,FLUCON CAP 150MG X2 MEG
38122,ME28326/2,FLUDIL 10 MG X 20 TABLETAS,FLUDIL,https://mav.farmaciasaas.com/api/images/articulos/DISTRIBUCION/1790.jpg,cobeca,FLUDIL TAB 10MG X20 PHARME
38123,ME28326/3,FLUDIL 10 MG X 40 TABLETAS,FLUDIL,https://mav.farmaciasaas.com/api/images/articulos/DISTRIBUCION/95624.jpg,cobeca,FLUDIL TAB 10MG X40 PHARME
38124,HO42815,FLUMAZENIL 0.5 MG / 5 ML X 1 AMPOLLA,FLUMAZENIL,https://mav.farmaciasaas.com/api/images/articulos/DISTRIBUCION/53237.jpg,cobeca,"FLUMAZENIL SOL INY 0,5MG/5ML 5ML X1 ADN"
38130,ME21985,FOLIFER B-12 X 30 TABLETAS,FOLIFER,https://mav.farmaciasaas.com/api/images/articulos/DISTRIBUCION/5344.jpg,cobeca,FOLIFER B12 TAB X30 RNV
38133,ME41993,FOSFOLIT 21.6 G - 8.1 G / 45 ML SOLUCION ORAL,FOSFOLIT,https://mav.farmaciasaas.com/api/images/articulos/DISTRIBUCION/17761.jpg,cobeca,"FOSFOLIT SOL ORAL 21,6/8,1G 45ML VARG"
38135,ME24373,FUGOLIN 1 % SOLUCION,FUGOLIN,https://mav.farmaciasaas.com/api/images/articulos/DISTRIBUCION/2986.jpg,cobeca,FUGOLIN CREM VAG 1%  50G X6 APLIC VIN
38136,ME31637,FULGRAM 875 MG - 125 MG X 16 COMPRIMIDOS RECUBIERTOS,FULGRAM,https://mav.farmaciasaas.com/api/images/articulos/DISTRIBUCION/17884.jpg,cobeca,FULGRAM COMP REC 875MG/125MG X16 LETI
38138,ME43354,FUNTRAZOL 100 MG X 10 CAPSULAS,FUNTRAZOL,https://mav.farmaciasaas.com/api/images/articulos/DISTRIBUCION/21367.jpg,cobeca,FUNTRAZOL CAP 100MG X10 ANG/H
38149,ME20787,GABOX 200 MG X 20 COMPRIMIDOS,GABOX,https://mav.farmaciasaas.com/api/images/articulos/DISTRIBUCION/6134.jpg,cobeca,GABOX TAB 200MG X20 RNV
38150,ME24868,GARABET 0.3 % - 0.1 % SOLUCION OFTALMICA,GARABET,https://mav.farmaciasaas.com/api/images/articulos/DISTRIBUCION/7339.jpg,cobeca,GARABET SOL OFT 5ML L.O
38151,ME26651,GARDENAL 100 MG X 30 COMPRIMIDOS,GARDENAL,https://mav.farmaciasaas.com/api/images/articulos/DISTRIBUCION/1477.jpg,cobeca,GARDENAL TAB 100MG X30 CLX
38152,ME39975/3,GENESA 3 MG-20 MCG X 28 COMPRIMIDOS RECUBIERTOS,GENESA,https://mav.farmaciasaas.com/api/images/articulos/DISTRIBUCION/13744.jpg,cobeca,GENESA COM/REC 3MG/20MCG X 28
38161,ME40365,GLICAZET 500 MG / 5 MG TABLETAS RECUBIERTAS,GLICAZET,https://mav.farmaciasaas.com/api/images/articulos/DISTRIBUCION/26018.jpg,cobeca,GLICAZET TAB 500MG/5MG X40 GFARM
38163,ME27630,GLIDAN 80 MG X 20 TABLETAS,GLIDAN,https://mav.farmaciasaas.com/api/images/articulos/DISTRIBUCION/9706.jpg,cobeca,GLIDAN TAB 80MG X20 MEG
38164,ME43215,GLIFORMIN 1000 MG X 30 TABLETAS RECUBIERTAS,GLIFORMIN,https://mav.farmaciasaas.com/api/images/articulos/DISTRIBUCION/22351.jpg,cobeca,GLIFORMIN TAB 1000MG X30 MEY
38165,ME43214,GLIFORMIN 850 MG X 30 TABLETAS RECUBIERTAS,GLIFORMIN,https://mav.farmaciasaas.com/api/images/articulos/DISTRIBUCION/23014.jpg,cobeca,GLIFORMIN TAB 850MG X30 MEY
38170,ME44696/2,GLIPTIN 500 MG - 50 MG X 10 COMPRIMIDOS RECUBIERTOS,GLIPTIN,https://mav.farmaciasaas.com/api/images/articulos/DISTRIBUCION/26771.jpg,cobeca,GLIPTIN-M COMP REC 500/50MG X10 ZUO
38171,ME44696/3,GLIPTIN 500 MG - 50 MG X 30 COMPRIMIDOS RECUBIERTOS,GLIPTIN,https://mav.farmaciasaas.com/api/images/articulos/DISTRIBUCION/28336.jpg,cobeca,GLIPTIN-M COMP REC 500/50MG X30 ZUO
38174,ME44000,GLUCOVAL 10 MG X 30 TABLETAS RECUBIERTAS,GLUCOVAL,https://mav.farmaciasaas.com/api/images/articulos/DISTRIBUCION/53623.jpg,cobeca,GLUCOVAL TAB REC 10MG X30 VLM
38175,ME44001,GLUCOVAL 25 MG X 30 TABLETAS RECUBIERTAS,GLUCOVAL,https://mav.farmaciasaas.com/api/images/articulos/DISTRIBUCION/53624.jpg,cobeca,GLUCOVAL TAB REC 25MG X30 VLM
38178,ME35120,GRATIO 500 MG X 10 TABLETAS RECUBIERTAS,GRATIO,https://mav.farmaciasaas.com/api/images/articulos/DISTRIBUCION/93745.jpg,cobeca,GRATIO TAB REC 500MG X10 RNV
38180,ME24672,GULAPER 250 MG / 5 ML SOLUCION ORAL,GULAPER,https://mav.farmaciasaas.com/api/images/articulos/DISTRIBUCION/53409.jpg,cobeca,GULAPER SOL ORAL 250MG/5ML 200ML MEG
38181,ME44629,GULAPER 250 MG / 5 ML SOLUCION ORAL SABOR A MENTA,GULAPER,https://mav.farmaciasaas.com/api/images/articulos/DISTRIBUCION/53409.jpg,cobeca,GULAPER SOL ORAL 250MG/5ML 200ML MEG
38183,ME25838,GYNODERAIN 0.6 G X 6 OVULOS,GYNODERAIN,https://mav.farmaciasaas.com/api/images/articulos/DISTRIBUCION/8278.jpg,cobeca,"GYNODERAIN OVU 0,6G X6 LETI"
38184,ME43566,GYNOMET 750 MG - 200 MG X 7 OVULOS,GYNOMET,https://mav.farmaciasaas.com/api/images/articulos/DISTRIBUCION/53056.jpg,cobeca,GYNOMET OVUL VAG 750MG/200MG X7 LETI
38186,ME25273,HELAL 200 MG X 2 COMPRIMIDOS,HELAL,https://mav.farmaciasaas.com/api/images/articulos/DISTRIBUCION/6546.jpg,cobeca,HELAL COMP 200MG X2 MEG
38187,ME28801,HEPAFOL B12 X 30 TABLETAS RECUBIERTAS,HEPAFOL,https://mav.farmaciasaas.com/api/images/articulos/DISTRIBUCION/1766.jpg,cobeca,HEPAFOL TAB X30 MEY
38188,ME36675,HEPROX 0.4 MG X 30 CAPSULAS DE LIBERACION PROLONGADA,HEPROX,https://mav.farmaciasaas.com/api/images/articulos/DISTRIBUCION/91510.jpg,cobeca,"HEPROX CAP 0,4MG X30 DLR"
38189,ME43345,HEXANTFLEM 250 MG / 5 ML SOLUCION ORAL,HEXANTFLEM,https://mav.farmaciasaas.com/api/images/articulos/DISTRIBUCION/53268.jpg,cobeca,HEXANTFLEM SOL ORAL 250MG/5ML 120ML MEG
39243,ME43494,HEXANTFLEM 100 MG - 5 ML SOLUCION ORAL,HEXANTFLEM,https://mav.farmaciasaas.com/api/images/articulos/DISTRIBUCION/53269.jpg,cobeca,HEXANTFLEM SOL ORAL 100MG/5ML 120ML MEG
38197,ME39520,HIDROTEN 12.5 MG X 30 TABLETAS,HIDROTEN,https://mav.farmaciasaas.com/api/images/articulos/DISTRIBUCION/96218.jpg,cobeca,"HIDROTEN TAB 12,5MG X30 FAR"
38199,ME43845,PASIM FEM 20 MG - 400 MG X 10 COMPRIMIDOS RECUBIERTOS,PASIM FEM,https://mav.farmaciasaas.com/api/images/articulos/DISTRIBUCION/54299.jpg,cobeca,PASIM FEM COMP REC 20MG/400MG X10 MEG
38201,ME39098,HISTALER 5 MG X 10 TABLETAS RECUBIERTAS,HISTALER,https://mav.farmaciasaas.com/api/images/articulos/DISTRIBUCION/30267.jpg,cobeca,HISTALER TAB/REC 5MG X 10
38203,ME41649,HISTIVERT 24 MG X 30 COMPRIMIDOS,HISTIVERT,https://mav.farmaciasaas.com/api/images/articulos/DISTRIBUCION/16044.jpg,cobeca,HISTIVERT COM 24MG X 30
38204,ME38784,IBANDROMET 150 MG X 1 TABLETA RECUBIERTA,IBANDROMET,https://mav.farmaciasaas.com/api/images/articulos/DISTRIBUCION/97785.jpg,cobeca,IBANDROMET TAB REC 150MG X1 MEY
38205,ME42272,IBECAR 150 MG X 30 TABLETAS RECUBIERTAS,IBECAR,https://mav.farmaciasaas.com/api/images/articulos/DISTRIBUCION/27009.jpg,cobeca,IBECAR TAB REC 150MG X30 VLM
38206,ME42142,IBECAR 300 MG X 30 TABLETAS RECUBIERTAS,IBECAR,https://mav.farmaciasaas.com/api/images/articulos/DISTRIBUCION/27010.jpg,cobeca,IBECAR TAB REC 300MG X30 VLM
38207,ME43775,IBLUFEN 800 MG X 10 TABLETAS,IBLUFEN,https://mav.farmaciasaas.com/api/images/articulos/DISTRIBUCION/23883.jpg,cobeca,IBLUFEN TAB 800MG X10 BLUE/M
38208,ME39249/2,IBUCOLVAL 600 MG - 4 MG X 10 TABLETAS RECUBIERTAS,IBUCOLVAL,https://mav.farmaciasaas.com/api/images/articulos/DISTRIBUCION/50513.jpg,cobeca,IBUCOLVAL TAB 600MG/4MG X 10
38209,ME39249/3,IBUCOLVAL 600 MG - 4 MG X 20 TABLETAS RECUBIERTAS,IBUCOLVAL,https://mav.farmaciasaas.com/api/images/articulos/DISTRIBUCION/94906.jpg,cobeca,IBUCOLVAL TAB REC 600MG/4MG X20 VLM
38210,ME21722,IBUFENAC 400 MG X 20 CAPSULAS,IBUFENAC,https://mav.farmaciasaas.com/api/images/articulos/DISTRIBUCION/23089.jpg,cobeca,IBUFENAC CAP 400MG X20 RNV
38211,ME43466,IBUMAX 100 MG / 5 ML SUSPENSION ORAL,IBUMAX,https://mav.farmaciasaas.com/api/images/articulos/DISTRIBUCION/50304.jpg,cobeca,IBUMAX SUSP/ORAL 100MG/5ML X 60ML
38212,ME44745,IBUN 600 MG X 10 TABLETAS RECUBIERTAS,IBUN,https://mav.farmaciasaas.com/api/images/articulos/DISTRIBUCION/26152.jpg,cobeca,IBUN TAB 600MG X10 COFA
38213,ME44025,IBUN 800 MG X 10 TABLETAS RECUBIERTAS,IBUN,https://mav.farmaciasaas.com/api/images/articulos/DISTRIBUCION/53061.jpg,cobeca,IBUN TAB REC 800MG X10 COFA
38226,ME27398,IBUTAN 100 MG / 5 ML SUSPENSION,IBUTAN,https://mav.farmaciasaas.com/api/images/articulos/DISTRIBUCION/8970.jpg,cobeca,IBUTAN SUSP 100MG/5ML 60ML MEY
38227,ME38880,IBUTAN 200 MG / 5 ML SUSPENSION,IBUTAN,https://mav.farmaciasaas.com/api/images/articulos/DISTRIBUCION/94585.jpg,cobeca,IBUTAN SUSP 200MG/5ML 60ML MEY
38228,ME42600,IBUTAN 200 MG X 10 TABLETAS,IBUTAN,https://mav.farmaciasaas.com/api/images/articulos/DISTRIBUCION/4835.jpg,cobeca,IBUTAN TAB 200MG X10 MEY
38229,ME19994/2,IBUTAN 400 MG X 10 TABLETAS,IBUTAN,https://mav.farmaciasaas.com/api/images/articulos/DISTRIBUCION/8969.jpg,cobeca,IBUTAN TAB 400MG X10 MEY
38230,ME19994/3,IBUTAN 400 MG X 20 TABLETAS,IBUTAN,https://mav.farmaciasaas.com/api/images/articulos/DISTRIBUCION/92332.jpg,cobeca,IBUTAN TAB 400MG X20 MEY
38231,ME39059,IBUTAN 600 MG X 10 TABLETAS,IBUTAN,https://mav.farmaciasaas.com/api/images/articulos/DISTRIBUCION/127.jpg,cobeca,IBUTAN TAB 600MG X10 MEY
38232,ME40927/2,IBUTANCOL 400 MG - 4 MG X 10 TABLETAS,IBUTANCOL,https://mav.farmaciasaas.com/api/images/articulos/DISTRIBUCION/14204.jpg,cobeca,IBUTANCOL TAB 400MG/4MG X10 MEY
38233,ME40927/3,IBUTANCOL 400 MG - 4 MG X 20 TABLETAS,IBUTANCOL,https://mav.farmaciasaas.com/api/images/articulos/DISTRIBUCION/14205.jpg,cobeca,IBUTANCOL TAB 400MG/4MG X20 MEY
38234,ME39405/2,IBUTANCOL 600 MG - 4 MG X 10 TABLETAS,IBUTANCOL,https://mav.farmaciasaas.com/api/images/articulos/DISTRIBUCION/95589.jpg,cobeca,IBUTANCOL TAB 600MG/4MG X10 MEY
38235,ME39405/3,IBUTANCOL 600 MG - 4 MG X 20 TABLETAS,IBUTANCOL,https://mav.farmaciasaas.com/api/images/articulos/DISTRIBUCION/95590.jpg,cobeca,IBUTANCOL TAB 600MG/4MG X20 MEY
38236,ME42479/2,IBUTANFEM 400 MG - 20 MG X 20 TABLETAS RECUBIERTAS,IBUTANFEM,https://mav.farmaciasaas.com/api/images/articulos/DISTRIBUCION/25251.jpg,cobeca,IBUTANFEM TAB 400MG/20MG X20 MEY
38237,ME42479/3,IBUTANFEM 400 MG - 20 MG X 30 TABLETAS RECUBIERTAS,IBUTANFEM,https://mav.farmaciasaas.com/api/images/articulos/DISTRIBUCION/25252.jpg,cobeca,IBUTANFEM TAB 400MG/20MG X30 MEY
38238,ME32276,IDOXEN 75 MG X 30 CAPSULAS DE LIBERACION PROLONGADA,IDOXEN,https://mav.farmaciasaas.com/api/images/articulos/DISTRIBUCION/29527.jpg,cobeca,IDOXEN CAP LIB/PRO 75MG X 30
38239,ME32277,IDOXEN 150 MG X 10 CAPSULAS DE LIBERACION PROLONGADA,IDOXEN,https://mav.farmaciasaas.com/api/images/articulos/DISTRIBUCION/5699.jpg,cobeca,IDOXEN CAP LP 150MG X10 DLR
38241,ME38150,ILTUX 20 MG X 28 COMPRIMIDOS RECUBIERTOS,ILTUX,https://mav.farmaciasaas.com/api/images/articulos/DISTRIBUCION/93907.jpg,cobeca,ILTUX COMP 20MG X28 ADIUM
38242,ME42948,IMAZOL DUAL 500 MG CAPSULA BLANDA VAGINAL + 1 % X 1 CREMA VAGINAL,IMAZOL DUAL,https://mav.farmaciasaas.com/api/images/articulos/DISTRIBUCION/8397.jpg,cobeca,IMAZOL DUAL OVU 500MG X1 + CREM 10G MEY
38243,MI30271,IMAZOL 1 % POLVO,IMAZOL,https://mav.farmaciasaas.com/api/images/articulos/DISTRIBUCION/11071.jpg,cobeca,IMAZOL SPRAY 1% 25ML MEY
38244,ME30272,IMAZOL 1 % SOLUCION TOPICA ATOMIZADOR,IMAZOL,https://mav.farmaciasaas.com/api/images/articulos/DISTRIBUCION/1853.jpg,cobeca,IMAZOL SOL 20ML MEY
38245,ME20148,IMAZOL 100 MG X 6 TABLETAS VAGINALES,IMAZOL,https://mav.farmaciasaas.com/api/images/articulos/DISTRIBUCION/1854.jpg,cobeca,IMAZOL TAB VAG X6 MEY
39256,ME20149,IMAZOL 1 % SOLUCION,IMAZOL,https://mav.farmaciasaas.com/api/images/articulos/DISTRIBUCION/1852.jpg,cobeca,IMAZOL CREM 20G MEY
38246,ME41339,INIBIL 20 MG X 14 COMPRIMIDOS CON CUBIERTA ENTERICA,INIBIL,https://mav.farmaciasaas.com/api/images/articulos/DISTRIBUCION/13662.jpg,cobeca,INIBIL COMP 20MG X14 DLR
38247,ME41338,INIBIL 40 MG X 14 COMPRIMIDOS CON CUBIERTA ENTERICA,INIBIL,https://mav.farmaciasaas.com/api/images/articulos/DISTRIBUCION/13661.jpg,cobeca,INIBIL COMP 40MG X14 DLR
38248,ME22931,IPALAT 1 % CREMA,IPALAT,https://mav.farmaciasaas.com/api/images/articulos/DISTRIBUCION/10960.jpg,cobeca,IPALAT CREM 20G COFA
38251,ME27981,IPROXIN 500 MG X 12 TABLETAS RECUBIERTAS,IPROXIN,https://mav.farmaciasaas.com/api/images/articulos/DISTRIBUCION/91152.jpg,cobeca,IPROXIN TAB 500MG X12 PLX
38252,ME44404,IPROXIN 750 MG X 10 TABLETAS RECUBIERTAS,IPROXIN,https://mav.farmaciasaas.com/api/images/articulos/DISTRIBUCION/54333.jpg,cobeca,IPROXIN TAB/REC 750MG X10 PLX
39259,ME43717,IRBETIAZID 300 MG - 12.5 MG X 28 TABLETAS,IRBETIAZID,https://mav.farmaciasaas.com/api/images/articulos/DISTRIBUCION/25237.jpg,cobeca,"IRBETIAZID TAB 300/12,5MG X28 MEY"
38260,ME42354,ISBELA 2 MG - 0.035 MG X 21 TABLETAS RECUBIERTAS,ISBELA,https://mav.farmaciasaas.com/api/images/articulos/DISTRIBUCION/25187.jpg,cobeca,"ISBELA TAB 2MG/0,035MG X21 VIV"
38264,ME43469,IZABAN 10 MG X 30 COMPRIMIDOS RECUBIERTOS,IZABAN,https://mav.farmaciasaas.com/api/images/articulos/DISTRIBUCION/29953.jpg,cobeca,IZABAN COM 10MG X 30
38265,ME44047,IZABAN DPP 25 MG - 5 MG X 30 COMPRIMIDOS RECUBIERTOS,IZABAN DPP,https://mav.farmaciasaas.com/api/images/articulos/DISTRIBUCION/54207.jpg,cobeca,IZABAN DPP COMP REC 25MG/5MG X30 LETI
38266,ME35154/2,KAPET 75 MG X 14 TABLETAS RECUBIERTAS,KAPET,https://mav.farmaciasaas.com/api/images/articulos/DISTRIBUCION/7826.jpg,cobeca,KAPET TAB REC 75MG X14 MEY
38268,HO38074,KATRIN 30 MG / ML X 1 AMPOLLA,KATRIN,https://mav.farmaciasaas.com/api/images/articulos/DISTRIBUCION/50006.jpg,cobeca,KATRIN AMP 30MG/ML X 1
38269,ME42567,KAYIVIS 10 % SOLUCION TOPICA,KAYIVIS,https://mav.farmaciasaas.com/api/images/articulos/DISTRIBUCION/6514.jpg,cobeca,KAYIVIS SOL X 10 ML
38270,HO30748/2,KELAC 30 MG / ML X 1 AMPOLLA,KELAC,https://mav.farmaciasaas.com/api/images/articulos/DISTRIBUCION/8261.jpg,cobeca,KELAC SOL INY 30MG/ML X1
38271,HO30748/3,KELAC 30 MG / ML X 3 AMPOLLAS,KELAC,https://mav.farmaciasaas.com/api/images/articulos/DISTRIBUCION/95398.jpg,cobeca,KELAC SOL INY 30MG/ML X3 MEG
38273,ME42343,KELAC 30 MG X 4 TABLETAS SUBLINGUALES.,KELAC,https://mav.farmaciasaas.com/api/images/articulos/DISTRIBUCION/27471.jpg,cobeca,KELAC TAB SL 30MG X4 MEG
38274,ME31304,KELFEN 50 MG X 10 CAPSULAS,KELFEN,https://mav.farmaciasaas.com/api/images/articulos/DISTRIBUCION/1518.jpg,cobeca,KELFEN CAP 50MG X10 MEG
38275,ME28589,KELFEN 100 MG X 20 COMPRIMIDOS CON CUBIERTA ENTERICA,KELFEN,https://mav.farmaciasaas.com/api/images/articulos/DISTRIBUCION/11061.jpg,cobeca,KELFEN COMP 100MG X20 MEG
38279,ME25621,KETAZOL 2 % CHAMPU,KETAZOL,https://mav.farmaciasaas.com/api/images/articulos/DISTRIBUCION/7281.jpg,cobeca,KETAZOL CHAMPU 60ML VARG
38280,ME25126,KETAZOL 2 % CREMA,KETAZOL,https://mav.farmaciasaas.com/api/images/articulos/DISTRIBUCION/6552.jpg,cobeca,KETAZOL CREM 15G VARG
38281,ME25867,KETAZOL 400 MG X 3 OVULOS,KETAZOL,https://mav.farmaciasaas.com/api/images/articulos/DISTRIBUCION/7624.jpg,cobeca,KETAZOL OVU VAG 400MG X3 VARG
38283,ME42916,KETODEX 100 MG X 10 TABLETAS CON RECUBRIMIENTO ENTERICO,KETODEX,https://mav.farmaciasaas.com/api/images/articulos/DISTRIBUCION/28361.jpg,cobeca,KETODEX TAB ENT 100MG X10 PLX
38295,ME42483,KETOREL 30 MG X 4 COMPRIMIDOS ORODISPERSABLE,KETOREL,https://mav.farmaciasaas.com/api/images/articulos/DISTRIBUCION/29434.jpg,cobeca,KETOREL COM/ORODISP 30MG X 4
38300,ME43754/2,KEYDOL 400 MG - 4 MG X 10 COMPRIMIDOS RECUBIERTOS,KEYDOL,https://mav.farmaciasaas.com/api/images/articulos/DISTRIBUCION/54359.jpg,cobeca,KEYDOL COMP REC 400MG/4MG X10 MEG
38301,ME43754/3,KEYDOL 400 MG - 4 MG X 20 COMPRIMIDOS RECUBIERTOS,KEYDOL,https://mav.farmaciasaas.com/api/images/articulos/DISTRIBUCION/54358.jpg,cobeca,KEYDOL COMP REC 400MG/4MG X20 MEG
38302,ME43753/2,KEYDOL 600 MG - 4 MG X 10 COMPRIMIDOS RECUBIERTOS,KEYDOL,https://mav.farmaciasaas.com/api/images/articulos/DISTRIBUCION/54360.jpg,cobeca,KEYDOL COMP REC 600MG/4MG X10 MEG
38303,ME43753/3,KEYDOL 600 MG - 4 MG X 20 COMPRIMIDOS RECUBIERTOS,KEYDOL,https://mav.farmaciasaas.com/api/images/articulos/DISTRIBUCION/54361.jpg,cobeca,KEYDOL COMP REC 600MG/4MG X20 MEG
38304,ME25409,KLAS 100 MG X 20 CAPSULAS,KLAS,https://mav.farmaciasaas.com/api/images/articulos/DISTRIBUCION/6615.jpg,cobeca,KLAS CAP 100MG X20 ELM
38305,ME35022,L - CARNITINA 1 G / 10 ML SOLUCION ORAL,L - CARNITINA,https://mav.farmaciasaas.com/api/images/articulos/DISTRIBUCION/20545.jpg,cobeca,L-CARNITINA SOL ORAL 1G/10ML 120ML FC
38306,ME36925/2,LACTBET 3000 U X 10 CAPSULAS,LACTBET,https://mav.farmaciasaas.com/api/images/articulos/DISTRIBUCION/52649.jpg,cobeca,LACTBET CAP 3000U X10 BIOT
38310,ME44410,LAMICTAL 25 MG X 30 TABLETAS DISPERSABLES-MASTICABLES,LAMICTAL,https://mav.farmaciasaas.com/api/images/articulos/DISTRIBUCION/11119.jpg,cobeca,LAMICTAL COMP 25MG X30 FAR
39535,ME44412,LAMICTAL 100 MG X 30 TABLETAS DISPERSABLES-MASTICABLES,LAMICTAL,https://mav.farmaciasaas.com/api/images/articulos/DISTRIBUCION/11117.jpg,cobeca,LAMICTAL TAB MAST 100 MG X30 FARMA
39536,ME44411,LAMICTAL 50 MG X 30 TABLETAS DISPERSABLES - MASTICABLES,LAMICTAL,https://mav.farmaciasaas.com/api/images/articulos/DISTRIBUCION/11118.jpg,cobeca,LAMICTAL TAB/MAST 50MG X 30
38313,HO44183,LAMPRAL 4 MG / 2 ML X 2 AMPOLLAS,LAMPRAL,https://mav.farmaciasaas.com/api/images/articulos/DISTRIBUCION/54482.jpg,cobeca,LAMPRAL SOL/INY 4MG/2ML X2 AMP BIOTECH
38317,ME38587,LENTOCILIN 6.3.3 X 1 AMPOLLA,LENTOCILIN,https://mav.farmaciasaas.com/api/images/articulos/DISTRIBUCION/51060.jpg,cobeca,LENTOCILIN AMP 6.3.3 X1 DORO
38318,ME37188,LEPRIT 25 MG X 30 TABLETAS,LEPRIT,https://mav.farmaciasaas.com/api/images/articulos/DISTRIBUCION/11553.jpg,cobeca,LEPRIT TAB 25MG X30 PHARME
38319,ME17826,LEPTAZINE 10 MG X 24 COMPRIMIDOS,LEPTAZINE,https://mav.farmaciasaas.com/api/images/articulos/DISTRIBUCION/5079.jpg,cobeca,LEPTAZINE COMP 10MG X24 MEG
38320,ME16386,LEPTAZINE 5 MG X 30 COMPRIMIDOS,LEPTAZINE,https://mav.farmaciasaas.com/api/images/articulos/DISTRIBUCION/5080.jpg,cobeca,LEPTAZINE COMP 5MG X30 MEG
38326,ME33641/2,LETISAN 500 MG X 10 COMPRIMIDOS RECUBIERTOS DE ACCION PROLONGADA,LETISAN,https://mav.farmaciasaas.com/api/images/articulos/DISTRIBUCION/50523.jpg,cobeca,LETISAN TAB/MAST 500MG UVA X 10
39284,ME38543,LETISAN 500 MG X 10 TABLETAS MASTICABLES SABOR UVA,LETISAN,https://mav.farmaciasaas.com/api/images/articulos/DISTRIBUCION/50523.jpg,cobeca,LETISAN TAB/MAST 500MG UVA X 10
38329,ME42905,LEVAMOX 750 MG X 10 TABLETAS RECUBIERTAS,LEVAMOX,https://mav.farmaciasaas.com/api/images/articulos/DISTRIBUCION/20350.jpg,cobeca,LEVAMOX TAB 750MG X10 FC
38345,ME43586,LEVOPRIDE 25 MG X 30 COMPRIMIDOS,LEVOPRIDE,https://mav.farmaciasaas.com/api/images/articulos/DISTRIBUCION/29747.jpg,cobeca,LEVOPRIDE COMP 25MG X 30
38346,ME42231,LEVORAT 5 MG / ML X 10 SOLUCION ORAL,LEVORAT,https://mav.farmaciasaas.com/api/images/articulos/DISTRIBUCION/28338.jpg,cobeca,LEVORAT SOL ORAL 5MG/ML 30ML L.O
38348,ME37085,LEVOSULPIRIDE 25 MG X 30 TABLETAS,LEVOSULPIRIDE,https://mav.farmaciasaas.com/api/images/articulos/DISTRIBUCION/23223.jpg,cobeca,LEVOSULPIRIDE TAB 25MG X30 PHARME
38352,ME43146,LIBERDUX 5 MG X 10 TABLETAS RECUBIERTAS,LIBERDUX,https://mav.farmaciasaas.com/api/images/articulos/DISTRIBUCION/28647.jpg,cobeca,LIBERDUX TAB 5MG X 10 MEYER
38354,HO43916,LIDOCAINA 2 % CON ADRENALINA 1: 80.000 SOLUCION INYECTABLE,LIDOCAINA,https://mav.farmaciasaas.com/api/images/articulos/DISTRIBUCION/29478.jpg,cobeca,LIDOCAINA AMP 2%/2ML INTRAD X5 GMEDIC
38359,ME44241,LIPEND 10 MG X 30 COMPRIMIDOS RECUBIERTOS,LIPEND,https://mav.farmaciasaas.com/api/images/articulos/DISTRIBUCION/52071.jpg,cobeca,LIPEND COMP 10MG X30 FC
38360,ME44242,LIPEND 20 MG X 30 COMPRIMIDOS RECUBIERTOS,LIPEND,https://mav.farmaciasaas.com/api/images/articulos/DISTRIBUCION/52072.jpg,cobeca,LIPEND COMP 20MG X30 FC
38361,ME28540,LIPONTAL 900 MG X 10 TABLETAS,LIPONTAL,https://mav.farmaciasaas.com/api/images/articulos/DISTRIBUCION/10400.jpg,cobeca,LIPONTAL TAB 900MG X10 MEY
38362,ME26675,LISILET 10 MG X 30 COMPRIMIDOS,LISILET,https://mav.farmaciasaas.com/api/images/articulos/DISTRIBUCION/99130.jpg,cobeca,LISILET COMP 10MG X30 LETI
38363,ME29414,LISILETIC 20 MG -12.5 MG X 30 COMPRIMIDOS,LISILETIC,https://mav.farmaciasaas.com/api/images/articulos/DISTRIBUCION/1677.jpg,cobeca,"LISILETIC COMP 20MG/12,5MG X30 LETI"
38364,ME17740,LISOMUCIN 4 MG / 5 ML JARABE,LISOMUCIN,https://mav.farmaciasaas.com/api/images/articulos/DISTRIBUCION/2178.jpg,cobeca,LISOMUCIN JBE 4MG X120ML PLN
38366,ME43571,LODESTAR 100 MG X 30 TABLETAS RECUBIERTAS,LODESTAR,https://mav.farmaciasaas.com/api/images/articulos/DISTRIBUCION/52796.jpg,cobeca,LODESTAR TAB REC 100MG X30 VLM
38367,ME41446,LODESTAR HCT 50 MG - 12.5 MG X 30 TABLETAS RECUBIERTAS,LODESTAR HCT,https://mav.farmaciasaas.com/api/images/articulos/DISTRIBUCION/17318.jpg,cobeca,"LODESTAR TAB REC HCT 50MG/12,5MG X30 VLM"
38368,ME41901,LODIPIN 10 MG X 10 COMPRIMIDOS,LODIPIN,https://mav.farmaciasaas.com/api/images/articulos/DISTRIBUCION/16508.jpg,cobeca,LODIPIN COMP 10MG X10 MEG
38372,ME22859,LOGANIL 100 MG / 5 ML JARABE,LOGANIL,https://mav.farmaciasaas.com/api/images/articulos/DISTRIBUCION/51207.jpg,cobeca,LOGANIL JBE PED 100MG/5ML 60ML BIOT
38373,ME30293,LOKARIN 5 MG - 60 MG / 5 ML JARABE,LOKARIN,https://mav.farmaciasaas.com/api/images/articulos/DISTRIBUCION/11306.jpg,cobeca,LOKARIN JBE 5MG/60MG/5ML 60ML BIOTECH
38374,ME39217,LONGACEF 400 MG X 5 CAPSULAS,LONGACEF,https://mav.farmaciasaas.com/api/images/articulos/DISTRIBUCION/98377.jpg,cobeca,LONGACEF CAP 400MG X5 LETI
38376,ME22142/2,LOPERAM 2 MG X 4 TABLETAS,LOPERAM,https://mav.farmaciasaas.com/api/images/articulos/DISTRIBUCION/5224.jpg,cobeca,LOPERAM TAB DISP 50 X4 VARG
38377,ME22142/3,LOPERAM 2 MG X 10 TABLETAS,LOPERAM,https://mav.farmaciasaas.com/api/images/articulos/DISTRIBUCION/18988.jpg,cobeca,LOPERAM TAB X10 VARG
38380,ME36543,LORADEX 10 MG X 10 TABLETAS,LORADEX,https://mav.farmaciasaas.com/api/images/articulos/DISTRIBUCION/92795.jpg,cobeca,LORADEX TAB 10MG X10 PLX
38391,ME29808,LORAVAL 5 MG / 5 ML JARABE,LORAVAL,https://mav.farmaciasaas.com/api/images/articulos/DISTRIBUCION/9150.jpg,cobeca,LORAVAL JBE 5MG/ML 60ML VLM
38392,ME29176,LORAVAL 10 MG X 10 TABLETAS,LORAVAL,https://mav.farmaciasaas.com/api/images/articulos/DISTRIBUCION/9147.jpg,cobeca,LORAVAL TAB 10MG X10 VLM
38412,ME38053,LOTEMICIN 0.5 % - 0.3 % SUSPENSION OFTALMICA,LOTEMICIN,https://mav.farmaciasaas.com/api/images/articulos/DISTRIBUCION/93654.jpg,cobeca,LOTEMICIN SUSP OFT 0.5%/0.3% X 5 ML
38413,HO32377,LOWPRES 150 MCG / ML X 5 AMPOLLAS,LOWPRES,https://mav.farmaciasaas.com/api/images/articulos/DISTRIBUCION/25380.jpg,cobeca,LOWPRES SOL INY 150MCG/ML X5 BHR
38414,ME42760,LUDROX 75 MG X 30 TABLETAS RECUBIERTAS,LUDROX,https://mav.farmaciasaas.com/api/images/articulos/DISTRIBUCION/26078.jpg,cobeca,LUDROX TAB REC 75MG X30 BIOTECH
38415,ME24925,LUMBAX 200 MG X 10 TABLETAS,LUMBAX,https://mav.farmaciasaas.com/api/images/articulos/DISTRIBUCION/29648.jpg,cobeca,LUMBAX TAB 200MG X 10
38416,ME29063,LUMBAX 400 MG X 10 TABLETAS,LUMBAX,https://mav.farmaciasaas.com/api/images/articulos/DISTRIBUCION/20349.jpg,cobeca,LUMBAX TAB 400MG X10 VARG
38417,ME30211,LUMBAX 600 MG X 10 TABLETAS,LUMBAX,https://mav.farmaciasaas.com/api/images/articulos/DISTRIBUCION/20720.jpg,cobeca,LUMBAX TAB 600MG X10 VARG
38418,ME37320,LUMBAX 800 MG X 6 COMPRIMIDOS RECUBIERTOS,LUMBAX,https://mav.farmaciasaas.com/api/images/articulos/DISTRIBUCION/20721.jpg,cobeca,LUMBAX TAB 800MG X6 VARG
38419,ME16065,MACRODANTINA 50 MG X 30 CAPSULAS,MACRODANTINA,https://mav.farmaciasaas.com/api/images/articulos/DISTRIBUCION/2247.jpg,cobeca,MACRODANTINA CAP 50MG X30 FAR
38420,ME14881,MADECASSOL 1 % UNGUENTO,MADECASSOL,https://mav.farmaciasaas.com/api/images/articulos/DISTRIBUCION/16764.jpg,cobeca,MADECASSOL UNG 1% 10G PLN
38423,ME34990/2,MAILEN 5 MG X 10 COMPRIMIDOS RECUBIERTOS,MAILEN,https://mav.farmaciasaas.com/api/images/articulos/DISTRIBUCION/7557.jpg,cobeca,MAILEN COMP 5MG X10 MEG
38424,ME34990/3,MAILEN 5 MG X 30 COMPRIMIDOS RECUBIERTOS,MAILEN,https://mav.farmaciasaas.com/api/images/articulos/DISTRIBUCION/95984.jpg,cobeca,MAILEN COMP 5MG X30 MEG
38425,ME34952,MAILEN 2.5 MG / 5 ML JARABE,MAILEN,https://mav.farmaciasaas.com/api/images/articulos/DISTRIBUCION/7559.jpg,cobeca,"MAILEN JBE 2,5MG/5ML 50ML MEG"
38427,ME39216,MARTESIA 25 MG X 30 CAPSULAS,MARTESIA,https://mav.farmaciasaas.com/api/images/articulos/DISTRIBUCION/17771.jpg,cobeca,MARTESIA CAP 25MG X30 MEG
38428,ME38501,MARTESIA 300 MG X 14 CAPSULAS,MARTESIA,https://mav.farmaciasaas.com/api/images/articulos/DISTRIBUCION/95724.jpg,cobeca,MARTESIA CAP 300MG X14 MEG
38429,ME38503,MARTESIA 75 MG X 14 CAPSULAS,MARTESIA,https://mav.farmaciasaas.com/api/images/articulos/DISTRIBUCION/95844.jpg,cobeca,MARTESIA CAP 75MG X14 MEG
38431,ME23582,MATILOL 0.5 % SOLUCION OFTALMICA,MATILOL,https://mav.farmaciasaas.com/api/images/articulos/DISTRIBUCION/2972.jpg,cobeca,"MATILOL SOL OFT 0,50% 6ML L.O"
38432,ME44317,MAXIFUR 50 MG X 30 CAPSULAS,MAXIFUR,https://mav.farmaciasaas.com/api/images/articulos/DISTRIBUCION/30340.jpg,cobeca,MAXIFUR CAP 50MG X 30
39294,ME42291,MAXOTEN 50 MG COMPRIMIDOS RECUBIERTOS,MAXOTEN,https://mav.farmaciasaas.com/api/images/articulos/DISTRIBUCION/50705.jpg,cobeca,MAXOTEN COM/REC 50MG X 30
38436,ME44574,MELIF 50 MG - 500 MG X 30 COMPRIMIDOS RECUBIERTOS,MELIF,https://mav.farmaciasaas.com/api/images/articulos/DISTRIBUCION/52755.jpg,cobeca,MELIF COMP REC 50MG/500MG X30 ELM
38437,ME43285,MELIGEN 10 MG X 30 TABLETAS RECUBIERTAS,MELIGEN,https://mav.farmaciasaas.com/api/images/articulos/DISTRIBUCION/22554.jpg,cobeca,MELIGEN/MEMANTINA TAB 10MG X30 FC
38449,HO41258,MESPEN 500 MG X 1 AMPOLLA,MESPEN,https://mav.farmaciasaas.com/api/images/articulos/DISTRIBUCION/20400.jpg,cobeca,MESPEN AMP 500MG X1 ALESS
38450,HO21983/2,DIPIRONA 1 G / 2 ML X 3 AMPOLLAS,DIPIRONA,https://mav.farmaciasaas.com/api/images/articulos/DISTRIBUCION/29164.jpg,cobeca,METAMIZOL/DIPIRONA AMP 1G/2ML X 3
38466,HO43316,METILPREDNISOLONA 125 MG X 1 AMPOLLA,METILPREDNISOLONA,https://mav.farmaciasaas.com/api/images/articulos/DISTRIBUCION/27445.jpg,cobeca,METILPREDNISOLONA SOD AMP 125MG X1 ADN
38471,ME29532/2,METREN 500 MG X 10 CAPSULAS BLANDAS VAGINALES,METREN,https://mav.farmaciasaas.com/api/images/articulos/DISTRIBUCION/6011.jpg,cobeca,METREN CAP BLD VAG 500MG X10 MEY
38473,ME29922,METREN 250 MG / 5 ML SUSPENSION,METREN,https://mav.farmaciasaas.com/api/images/articulos/DISTRIBUCION/6010.jpg,cobeca,METREN SUSP 250MG/5ML 120ML MEY
38474,ME28780,METREN 500 MG X 10 TABLETAS,METREN,https://mav.farmaciasaas.com/api/images/articulos/DISTRIBUCION/6005.jpg,cobeca,METREN TAB 500MG X10 MEY
38485,ME42156,METSIGLIN 500 MG - 50 MG X 30 COMPRIMIDOS RECUBIERTOS,METSIGLIN,https://mav.farmaciasaas.com/api/images/articulos/DISTRIBUCION/30362.jpg,cobeca,METSIGLIN TAB 50/500MG X 30
38486,ME40057,MICONAX 15 % - 4 % CREMA VAGINAL,MICONAX,https://mav.farmaciasaas.com/api/images/articulos/DISTRIBUCION/99630.jpg,cobeca,MICONAX CREM VAG 40G MEY
38488,ME31976/2,MIGRAVAL 100 MG X 2 COMPRIMIDOS RECUBIERTOS,MIGRAVAL,https://mav.farmaciasaas.com/api/images/articulos/DISTRIBUCION/1945.jpg,cobeca,MIGRAVAL COMP 100MG X2 MEG
38489,ME31976/3,MIGRAVAL 100 MG X 4 COMPRIMIDOS RECUBIERTOS,MIGRAVAL,https://mav.farmaciasaas.com/api/images/articulos/DISTRIBUCION/19846.jpg,cobeca,MIGRAVAL COMP 100MG X4 MEG
38490,ME31976/4,MIGRAVAL 100 MG X 8 COMPRIMIDOS RECUBIERTOS,MIGRAVAL,https://mav.farmaciasaas.com/api/images/articulos/DISTRIBUCION/19847.jpg,cobeca,MIGRAVAL COMP 100MG X8 MEG
38491,ME42475,MILAX 50 % X 20 SOLUCION ORAL,MILAX,https://mav.farmaciasaas.com/api/images/articulos/DISTRIBUCION/7357.jpg,cobeca,MILAX PVO SOL ORAL 360G RNV
38500,ME43794/3,MIRTAZAVAL 15 MG X 30 TABLETAS RECUBIERTAS,MIRTAZAVAL,https://mav.farmaciasaas.com/api/images/articulos/DISTRIBUCION/52793.jpg,cobeca,MIRTAZAVAL TAB REC 15MG X30 VLM
38502,ME28425,MISULVAN 30 MG / 5 ML JARABE,MISULVAN,https://mav.farmaciasaas.com/api/images/articulos/DISTRIBUCION/26235.jpg,cobeca,MISULVAN FORTE JBE 30MG/5MG/ML 120ML PLX
38507,ME38837/2,MONTRAX 10 MG X 10 TABLETAS,MONTRAX,https://mav.farmaciasaas.com/api/images/articulos/DISTRIBUCION/27191.jpg,cobeca,MONTRAX TAB 10MG X10 BIOTECH
38508,ME38837/3,MONTRAX 10 MG X 30 TABLETAS,MONTRAX,https://mav.farmaciasaas.com/api/images/articulos/DISTRIBUCION/96585.jpg,cobeca,MONTRAX TAB 10MG X30 BIOTECH
38510,ME39174/2,MONTRAX 5 MG X 10 TABLETAS MASTICABLES,MONTRAX,https://mav.farmaciasaas.com/api/images/articulos/DISTRIBUCION/27038.jpg,cobeca,MONTRAX TAB MAST 5MG X10 BIOTECH
38511,ME39174/3,MONTRAX 5 MG X 30 TABLETAS MASTICABLES,MONTRAX,https://mav.farmaciasaas.com/api/images/articulos/DISTRIBUCION/96583.jpg,cobeca,MONTRAX TAB MAST 5MG X30 BIOTECH
38512,ME35105,MONUKAST 5 MG X 30 TABLETAS MASTICABLES,MONUKAST,https://mav.farmaciasaas.com/api/images/articulos/DISTRIBUCION/50733.jpg,cobeca,MONUKAST TAB/MAST 5MG X 30
38513,ME43308,MOPERID 10 MG X 20 TABLETAS,MOPERID,https://mav.farmaciasaas.com/api/images/articulos/DISTRIBUCION/20367.jpg,cobeca,MOPERID TAB 10MG X20 MEY
38514,ME35996,MOVIMEX 15 MG X 10 TABLETAS,MOVIMEX,https://mav.farmaciasaas.com/api/images/articulos/DISTRIBUCION/90529.jpg,cobeca,MOVIMEX TAB 15MG X10 L.O
38515,ME40494,MOXIDEX 0.5 -0.1 % SOLUCION OFTALMICA ESTERIL,MOXIDEX,https://mav.farmaciasaas.com/api/images/articulos/DISTRIBUCION/17364/17364.jpg,cobeca,"MOXIDEX SOL OFT 0,5%/0,1% 5ML L.O"
38519,ME40642,MUCLAR 30 MG - 5 MG X 10 COMPRIMIDOS,MUCLAR,https://mav.farmaciasaas.com/api/images/articulos/DISTRIBUCION/98656.jpg,cobeca,MUCLAR COMP 30MG/5MG X10 DLR
38522,ME43440,MUCOXOL 30 MG / 5 ML JARABE,MUCOXOL,https://mav.farmaciasaas.com/api/images/articulos/DISTRIBUCION/30075.jpg,cobeca,MUCOXOL JBE 30MG/5ML X 120ML
38523,ME40019,MULTIDERM 2 % UNGUENTO,MULTIDERM,https://mav.farmaciasaas.com/api/images/articulos/DISTRIBUCION/98294.jpg,cobeca,MULTIDERM UNG 2% 15G BIOTECH
38525,ME35710,MUPIROCIN 2 % UNGUENTO,MUPIROCIN,https://mav.farmaciasaas.com/api/images/articulos/DISTRIBUCION/28580.jpg,cobeca,MUPIROCIN UNG X 30G DAC
38526,ME38101,MUVETT 300 MG X 20 TABLETAS RECUBIERTAS DE LIBERACION PROLONGADA,MUVETT,https://mav.farmaciasaas.com/api/images/articulos/DISTRIBUCION/50344.jpg,cobeca,MUVETT TAB LP 300MG X20 VIV
38527,ME28565,MYCOFENTIN 2 % CREMA,MYCOFENTIN,https://mav.farmaciasaas.com/api/images/articulos/DISTRIBUCION/7183.jpg,cobeca,MYCOFENTIN CREM VAG 2% 40G ELM
38529,ME22739,NACLODIN 0.150 MG X 30 TABLETAS,NACLODIN,https://mav.farmaciasaas.com/api/images/articulos/DISTRIBUCION/30060.jpg,cobeca,NACLODIN TAB 0.150MG X 30
38530,ME30624,NAFINA 1 % CREMA,NAFINA,https://mav.farmaciasaas.com/api/images/articulos/DISTRIBUCION/4092.jpg,cobeca,NAFINA CREM 1% 15G MEG
38533,ME41823,NEFROTAL AMLO 50 MG - 5 MG X 30 COMPRIMIDOS,NEFROTAL AMLO,https://mav.farmaciasaas.com/api/images/articulos/DISTRIBUCION/20154.jpg,cobeca,NEFROTAL AMLO COMP 50MG/5MG X30 MEG
38537,ME31384/3,NEFROTAL H 50 MG - 12.5 MG X 14 COMPRIMIDOS RECUBIERTOS,NEFROTAL H,https://mav.farmaciasaas.com/api/images/articulos/DISTRIBUCION/1511.jpg,cobeca,"NEFROTAL H COMP 50MG/12,5 X14 MEG"
38541,ME35489,NEFROTAL H 100 MG - 25 MG X 10 COMPRIMIDOS RECUBIERTOS,NEFROTAL H,https://mav.farmaciasaas.com/api/images/articulos/DISTRIBUCION/25321.jpg,cobeca,NEFROTAL H COMP 100/25MG X10 MEG
39316,ME38329,NEFROTAL H 100 MG - 12.5 MG COMPRIMIDOS RECUBIERTOS,NEFROTAL H,https://mav.farmaciasaas.com/api/images/articulos/DISTRIBUCION/25632.jpg,cobeca,"NEFROTAL H COMP 100/12,5MG X10 MEG"
38538,ME35488/4,NEFROTAL 100 MG X 30 COMPRIMIDOS RECUBIERTOS,NEFROTAL,https://mav.farmaciasaas.com/api/images/articulos/DISTRIBUCION/25248.jpg,cobeca,NEFROTAL COMP 100MG X30 MEG
38539,ME35488/2,NEFROTAL 100 MG X 10 COMPRIMIDOS RECUBIERTOS,NEFROTAL,https://mav.farmaciasaas.com/api/images/articulos/DISTRIBUCION/25320.jpg,cobeca,NEFROTAL COMP REC 100MG X10 MEG
38540,ME35488/3,NEFROTAL 100 MG X 14 COMPRIMIDOS RECUBIERTOS,NEFROTAL,https://mav.farmaciasaas.com/api/images/articulos/DISTRIBUCION/8487.jpg,cobeca,NEFROTAL COMP REC 100MG X14 MEG
38545,ME41608,NEULEVAL 500 MG X 10 TABLETAS RECUBIERTAS,NEULEVAL,https://mav.farmaciasaas.com/api/images/articulos/DISTRIBUCION/22859.jpg,cobeca,NEULEVAL TAB REC 500MG X10 VLM
38546,ME41609,NEULEVAL 750 MG X 5 TABLETAS RECUBIERTAS,NEULEVAL,https://mav.farmaciasaas.com/api/images/articulos/DISTRIBUCION/22860.jpg,cobeca,NEULEVAL TAB REC 750MG X5 VLM
38547,ME38422,NEURIXA 150 MG X 14 CAPSULAS,NEURIXA,https://mav.farmaciasaas.com/api/images/articulos/DISTRIBUCION/93669.jpg,cobeca,NEURIXA CAP 150MG X14 FAR
38548,ME38421/2,NEURIXA 75 MG X 14 CAPSULAS,NEURIXA,https://mav.farmaciasaas.com/api/images/articulos/DISTRIBUCION/93668.jpg,cobeca,NEURIXA CAP 75MG X14 FAR
38556,ME38246,NIMODIPINA 30 MG X 30 COMPRIMIDOS,NIMODIPINA,https://mav.farmaciasaas.com/api/images/articulos/DISTRIBUCION/23674.jpg,cobeca,NIMODIPINA TAB 30MG X30 ANG/H
38560,ME42837,NITAX 500 MG X 6 TABLETAS RECUBIERTAS,NITAX,https://mav.farmaciasaas.com/api/images/articulos/DISTRIBUCION/24328.jpg,cobeca,NITAX TAB REC 500MG X6 PHARME
38567,ME42319/2,NONAFOL 10 MG X 10 TABLETAS,NONAFOL,https://mav.farmaciasaas.com/api/images/articulos/DISTRIBUCION/23015.jpg,cobeca,NONAFOL TAB 10MG X10 MEY
38568,ME42319/3,NONAFOL 10 MG X 20 TABLETAS,NONAFOL,https://mav.farmaciasaas.com/api/images/articulos/DISTRIBUCION/25245.jpg,cobeca,NONAFOL TAB 10MG X20 MEY
38569,ME42319/4,NONAFOL 10 MG X 30 TABLETAS,NONAFOL,https://mav.farmaciasaas.com/api/images/articulos/DISTRIBUCION/23016.jpg,cobeca,NONAFOL TAB 10MG X30 MEY
38570,ME42320/2,NONAFOL 5 MG X 10 TABLETAS,NONAFOL,https://mav.farmaciasaas.com/api/images/articulos/DISTRIBUCION/23099.jpg,cobeca,NONAFOL TAB 5MG X10 MEY
38571,ME42320/3,NONAFOL 5 MG X 20 TABLETAS,NONAFOL,https://mav.farmaciasaas.com/api/images/articulos/DISTRIBUCION/21982.jpg,cobeca,NONAFOL TAB 5MG X20 MEY
38572,ME42320/4,NONAFOL 5 MG X 30 TABLETAS,NONAFOL,https://mav.farmaciasaas.com/api/images/articulos/DISTRIBUCION/21983.jpg,cobeca,NONAFOL TAB 5MG X30 MEY
39319,ME42092,NONAFOL 10 MG / ML X 10 SOLUCION ORAL,NONAFOL,https://mav.farmaciasaas.com/api/images/articulos/DISTRIBUCION/18358.jpg,cobeca,NONAFOL SOL GTS 10MG/ML 15ML MEY
38574,ME35872,NORSINA 500 MG - 10 MG X 12 TABLETAS,NORSINA,https://mav.farmaciasaas.com/api/images/articulos/DISTRIBUCION/97499.jpg,cobeca,NORSINA TAB 500MG/10MG X12 BIOT
38575,ME43718,NORTRICOL 200 MG X 20 CAPSULAS,NORTRICOL,https://mav.farmaciasaas.com/api/images/articulos/DISTRIBUCION/25240.jpg,cobeca,NORTRICOL CAP 200MG X20 MEY
38576,ME27271/3,NOTOLAC 20 MG X 10 TABLETAS,NOTOLAC,https://mav.farmaciasaas.com/api/images/articulos/DISTRIBUCION/1531.jpg,cobeca,NOTOLAC TAB 20MG X10 FAR
38578,ME23563,NOVARONA 200 MG X 10 COMPRIMIDOS,NOVARONA,https://mav.farmaciasaas.com/api/images/articulos/DISTRIBUCION/8426.jpg,cobeca,NOVARONA COMP 200MG X10 DLR
38582,ME38888,OFAFLAN 50 MG X 10 COMPRIMIDOS CON CUBIERTA ENTERICA,OFAFLAN,https://mav.farmaciasaas.com/api/images/articulos/DISTRIBUCION/95750.jpg,cobeca,OFAFLAN COMP 50MG X10 OFA
38584,ME38721,OFAFLAN 2 MG / ML SUSPENSION ORAL,OFAFLAN,https://mav.farmaciasaas.com/api/images/articulos/DISTRIBUCION/99845.jpg,cobeca,OFAFLAN SUSP ORAL 2MG/ML 120ML ELM
38587,ME39403,OLMECAR 20 MG X 30 COMPRIMIDOS RECUBIERTOS,OLMECAR,https://mav.farmaciasaas.com/api/images/articulos/DISTRIBUCION/18030.jpg,cobeca,OLMECAR COMP REC 20MG X30 LETI
38588,ME39297,OLMECAR 40 MG X 30 COMPRIMIDOS RECUBIERTOS,OLMECAR,https://mav.farmaciasaas.com/api/images/articulos/DISTRIBUCION/20723.jpg,cobeca,OLMECAR TAB 40MG X30 LETI
38595,ME42770,OLMETIQUE 20 MG X 30 TABLETAS RECUBIERTAS,OLMETIQUE,https://mav.farmaciasaas.com/api/images/articulos/DISTRIBUCION/27013.jpg,cobeca,OLMETIQUE TAB 20MG X30 PHARME
38612,ME44039,JUVILOC 20 MG X 20 TABLETAS GASTRORRESISTENTE,JUVILOC,https://mav.farmaciasaas.com/api/images/articulos/DISTRIBUCION/53250.jpg,cobeca,OMEPRAZOL JUVILOC TAB 20MG X20 ADN
38621,HO35150/2,ONDATRIN 2 MG / ML X 1 AMPOLLA,ONDATRIN,https://mav.farmaciasaas.com/api/images/articulos/DISTRIBUCION/13380.jpg,cobeca,ONDATRIN AMP 2MG/4ML X1 BHR
38625,ME39093,ORLIDIET 120 MG X 30 CAPSULAS,ORLIDIET,https://mav.farmaciasaas.com/api/images/articulos/DISTRIBUCION/94356.jpg,cobeca,ORLIDIET CAP 120MG X30 MEG
38626,ME40197,ORLIDIET 60 MG X 30 CAPSULAS,ORLIDIET,https://mav.farmaciasaas.com/api/images/articulos/DISTRIBUCION/99789.jpg,cobeca,ORLIDIET CAP 60MG X30 MEG
38630,ME38580,OXIDREN 150 MG X 1 COMPRIMIDO RECUBIERTO,OXIDREN,https://mav.farmaciasaas.com/api/images/articulos/DISTRIBUCION/94330.jpg,cobeca,OXIDREN COMP 150MG X1 LETI
38640,ME43713,PASIM PLUS 10 MG - 500 MG X 10 COMPRIMIDOS RECUBIERTOS,PASIM PLUS,https://mav.farmaciasaas.com/api/images/articulos/DISTRIBUCION/53745.jpg,cobeca,PASIM PLUS COMP REC 10MG/500MG X10 MEG
38641,ME43239,PASIM PLUS 2 MG - 100 MG / ML SOLUCION ORAL,PASIM PLUS,https://mav.farmaciasaas.com/api/images/articulos/DISTRIBUCION/53746.jpg,cobeca,PASIM PLUS SOL ORAL 2/100MG/ML 15ML MEG
38642,ME41590,PASIM 10 MG / ML SOLUCION ORAL,PASIM,https://mav.farmaciasaas.com/api/images/articulos/DISTRIBUCION/17394.jpg,cobeca,PASIM SOL GTS 10MG/ML 15ML MEG
38645,ME41358,PEDIACORT 3 MG / ML SOLUCION ORAL,PEDIACORT,https://mav.farmaciasaas.com/api/images/articulos/DISTRIBUCION/16975.jpg,cobeca,PEDIACORT SOL ORAL 3MG/ML 60ML L.O
38646,ME39670/2,PEGYT 150 MG X 20 CAPSULAS,PEGYT,https://mav.farmaciasaas.com/api/images/articulos/DISTRIBUCION/21676.jpg,cobeca,PEGYT CAP 150MG X20 LETI
38648,ME43568,PEGYT 25 MG X 30 CAPSULAS,PEGYT,https://mav.farmaciasaas.com/api/images/articulos/DISTRIBUCION/52624.jpg,cobeca,PEGYT CAP 25MG X30 LETI
38649,ME39669,PEGYT 75 MG X 20 CAPSULAS,PEGYT,https://mav.farmaciasaas.com/api/images/articulos/DISTRIBUCION/99406.jpg,cobeca,PEGYT CAP 75MG X20 LETI
39338,ME43569,PEGYT 50 MG X 30 CAPSULAS,PEGYT,https://mav.farmaciasaas.com/api/images/articulos/DISTRIBUCION/52625.jpg,cobeca,PEGYT CAP 50MG X30 LETI
38655,ME29292,PERIDONT 0.12 % SOLUCION TOPICA BUCAL,PERIDONT,https://mav.farmaciasaas.com/api/images/articulos/DISTRIBUCION/18615.jpg,cobeca,PERIDONT SOL TOPICA BUCAL 240ML L.O
38657,ME40348,PERTEN 1 % SOLUCION TOPICA,PERTEN,https://mav.farmaciasaas.com/api/images/articulos/DISTRIBUCION/20023.jpg,cobeca,PERTEN GEL TOPICO 1% 20G MEY
38658,ME40673,PERTEN 1 % GEL TOPICO,PERTEN,https://mav.farmaciasaas.com/api/images/articulos/DISTRIBUCION/20023.jpg,cobeca,PERTEN GEL TOPICO 1% 20G MEY
38659,ME40357,PERTEN 1 % SOLUCION ATOMIZADORA PARA USO TOPICO,PERTEN,https://mav.farmaciasaas.com/api/images/articulos/DISTRIBUCION/20023.jpg,cobeca,PERTEN GEL TOPICO 1% 20G MEY
38660,ME41064,PERTEN 250 MG X 20 TABLETAS,PERTEN,https://mav.farmaciasaas.com/api/images/articulos/DISTRIBUCION/18905.jpg,cobeca,PERTEN TAB 250MG X20 MEY
39340,ME37330,PERTEN 1 % CREMA,PERTEN,https://mav.farmaciasaas.com/api/images/articulos/DISTRIBUCION/20023.jpg,cobeca,PERTEN GEL TOPICO 1% 20G MEY
38661,ME42325,PIGRAL 75 MG X 14 COMPRIMIDOS RECUBIERTOS,PIGRAL,https://mav.farmaciasaas.com/api/images/articulos/DISTRIBUCION/24140.jpg,cobeca,PIGRAL COMP 75MG X14 MEG
38662,ME44538,PIMADOL 10 MG X 10 TABLETAS RECUBIERTAS,PIMADOL,https://mav.farmaciasaas.com/api/images/articulos/DISTRIBUCION/28531.jpg,cobeca,PIMADOL TAB 10MG X 10
38665,ME40606/3,PINAVIX 100 MG X 30 COMPRIMIDOS RECUBIERTOS,PINAVIX,https://mav.farmaciasaas.com/api/images/articulos/DISTRIBUCION/13663.jpg,cobeca,PINAVIX 100 COMP REC 100MG X30 MEG
38666,ME40606/2,PINAVIX 100 MG X 20 COMPRIMIDOS RECUBIERTOS,PINAVIX,https://mav.farmaciasaas.com/api/images/articulos/DISTRIBUCION/50990.jpg,cobeca,PINAVIX COMP REC 100MG X20 MEG
38667,ME40639,PIPERAZINA 500 MG / 5 ML JARABE,PIPERAZINA,https://mav.farmaciasaas.com/api/images/articulos/DISTRIBUCION/22406.jpg,cobeca,PIPERAZINA HEX JBE 500MG/5ML 120ML BIOQ
38670,ME30588,PLAVIX 75 MG X 14 COMPRIMIDOS RECUBIERTOS,PLAVIX,https://mav.farmaciasaas.com/api/images/articulos/DISTRIBUCION/11151.jpg,cobeca,PLAVIX TAB 75MG X14 CLX
38671,ME31051,PLIDAN COMPUESTO 10 MG / 125 MG X 10 COMPRIMIDOS RECUBIERTOS,PLIDAN COMPUESTO,https://mav.farmaciasaas.com/api/images/articulos/DISTRIBUCION/54271.jpg,cobeca,PLIDAN COMPUESTO COM REC 10/125MGX20 MEG
38672,HO31052/2,PLIDAN COMPUESTO 15 MG / 2 ML - 100 MG / 2 ML X 1 AMPOLLA,PLIDAN COMPUESTO,https://mav.farmaciasaas.com/api/images/articulos/DISTRIBUCION/4114.jpg,cobeca,PLIDAN COMPUESTO INY 100MG/2ML X1 MEG
38675,HO29980,POLIAMIN 10 % (AMINOACIDOS CRISTALINOS) SOLUCION INYECTABLE INTRAVENOSA,POLIAMIN,https://mav.farmaciasaas.com/api/images/articulos/DISTRIBUCION/11096.jpg,cobeca,POLIAMIN SOL INY 10% 500ML BHR
38676,ME30697,POSTINOR 2 0.75 MG X 2 COMPRIMIDOS,POSTINOR,https://mav.farmaciasaas.com/api/images/articulos/DISTRIBUCION/11368.jpg,cobeca,"POSTINOR COMP 0,75MG X2"
38677,ME42051,POTAX 10 MEQ X 100 TABLETAS DE LIBERACION PROLONGADA,POTAX,https://mav.farmaciasaas.com/api/images/articulos/DISTRIBUCION/26061.jpg,cobeca,POTAX TAB LP 10MG X100 MEG
38678,ME41289,PRALINA 75 MG X 14 CAPSULAS,PRALINA,https://mav.farmaciasaas.com/api/images/articulos/DISTRIBUCION/17014.jpg,cobeca,PRALINA CAP 75MG X14 BIOTECH
38679,ME15805/2,PRAXONA 150 MG X 10 COMPRIMIDOS,PRAXONA,https://mav.farmaciasaas.com/api/images/articulos/DISTRIBUCION/2991.jpg,cobeca,PRAXONA TAB X10 MEG
38680,ME15805/3,PRAXONA 150 MG X 24 COMPRIMIDOS,PRAXONA,https://mav.farmaciasaas.com/api/images/articulos/DISTRIBUCION/2992.jpg,cobeca,PRAXONA TAB X24 MEG
38681,ME37032,PREDNA 15 MG / 5 ML SOLUCION ORAL,PREDNA,https://mav.farmaciasaas.com/api/images/articulos/DISTRIBUCION/90974.jpg,cobeca,PREDNA SOL ORAL 15MG/5ML 60ML VARG
38698,ME41141,PRELIVAL 150 MG X 20 CAPSULAS,PRELIVAL,https://mav.farmaciasaas.com/api/images/articulos/DISTRIBUCION/22390.jpg,cobeca,PRELIVAL CAP 150MG X20 VLM
38699,ME41142,PRELIVAL 75 MG X 20 CAPSULAS,PRELIVAL,https://mav.farmaciasaas.com/api/images/articulos/DISTRIBUCION/22389.jpg,cobeca,PRELIVAL CAP 75MG X20 VLM
38700,ME36047,PRESIDERM 2 % UNGUENTO,PRESIDERM,https://mav.farmaciasaas.com/api/images/articulos/DISTRIBUCION/11580.jpg,cobeca,PRESIDERM UNG 2% 15G MEG
38704,ME23774,PROTOSULFIL 1 % CREMA,PROTOSULFIL,https://mav.farmaciasaas.com/api/images/articulos/DISTRIBUCION/5047.jpg,cobeca,PROTOSULFIL CREM 30G MEG
38706,ME35378,PROXIME 750 MG X 5 COMPRIMIDOS RECUBIERTOS,PROXIME,https://mav.farmaciasaas.com/api/images/articulos/DISTRIBUCION/8044.jpg,cobeca,PROXIME COMP REC 750MG X5 LETI
38707,ME37253,PULMOLET 1 MG / ML SUSPENSION PARA NEBULIZAR,PULMOLET,https://mav.farmaciasaas.com/api/images/articulos/DISTRIBUCION/91027.jpg,cobeca,PULMOLET SUSP P/NEB 1MG/ML 15ML LETI
38712,ME42736,QUETIVAL 100 MG X 30 TABLETAS RECUBIERTAS,QUETIVAL,https://mav.farmaciasaas.com/api/images/articulos/DISTRIBUCION/27422.jpg,cobeca,QUETIVAL TAB REC 100MG X30 VLM
38713,ME43563,QUETIVAL 200 MG X 30 TABLETAS RECUBIERTAS,QUETIVAL,https://mav.farmaciasaas.com/api/images/articulos/DISTRIBUCION/52493.jpg,cobeca,QUETIVAL TAB REC 200MG X30 VLM
38714,ME42737,QUETIVAL 25 MG X 30 TABLETAS RECUBIERTAS,QUETIVAL,https://mav.farmaciasaas.com/api/images/articulos/DISTRIBUCION/27421.jpg,cobeca,QUETIVAL TAB REC 25MG X30 VLM
38715,ME35503,QUINOMAX 0.5 % SOLUCION OFTALMICA,QUINOMAX,https://mav.farmaciasaas.com/api/images/articulos/DISTRIBUCION/8458.jpg,cobeca,"QUINOMAX SOL OFT 0,50% 5ML L.O"
38717,ME40243,RAMIPRES 5 MG X 30 COMPRIMIDOS,RAMIPRES,https://mav.farmaciasaas.com/api/images/articulos/DISTRIBUCION/18617.jpg,cobeca,RAMIPRES COMP 5MG X30 MEG
38722,ME39265,REGULIP 20 MG X 30 TABLETAS,REGULIP,https://mav.farmaciasaas.com/api/images/articulos/DISTRIBUCION/95311.jpg,cobeca,REGULIP TAB 20MG X30 FAR
38725,ME30106,RIDAL 2 MG X 20 COMPRIMIDOS RECUBIERTOS,RIDAL,https://mav.farmaciasaas.com/api/images/articulos/DISTRIBUCION/11398.jpg,cobeca,RIDAL COMP 2MG X20 MEG
38726,ME30105,RIDAL 3 MG X 20 COMPRIMIDOS RECUBIERTOS,RIDAL,https://mav.farmaciasaas.com/api/images/articulos/DISTRIBUCION/11399.jpg,cobeca,RIDAL COMP 3MG X20 MEG
38727,ME36450,RIDAL 1 MG X 20 COMPRIMIDOS RECUBIERTOS,RIDAL,https://mav.farmaciasaas.com/api/images/articulos/DISTRIBUCION/90076.jpg,cobeca,RIDAL COMP REC 1MG X20 MEG
38728,ME39709,RIDAL 1 MG / ML SOLUCION ORAL,RIDAL,https://mav.farmaciasaas.com/api/images/articulos/DISTRIBUCION/96311.jpg,cobeca,RIDAL GTS 1MG/ML 20ML MEG
38729,ME39775/3,RIFAMIX 200 MG X 12 COMPRIMIDOS RECUBIERTOS,RIFAMIX,https://mav.farmaciasaas.com/api/images/articulos/DISTRIBUCION/99098.jpg,cobeca,RIFAMIX COMP REC 200MG X12 LETI
39355,ME35116,RINARIS 5 MG - 60 MG X 10 TABLETAS RECUBIERTAS,RINARIS,https://mav.farmaciasaas.com/api/images/articulos/DISTRIBUCION/16753.jpg,cobeca,RINARIS TAB REC 5MG/60MG X10 FAR
38734,ME32231,RINOLAST 120 MG X 10 TABLETAS RECUBIERTAS,RINOLAST,https://mav.farmaciasaas.com/api/images/articulos/DISTRIBUCION/6448.jpg,cobeca,RINOLAST TAB 120MG X10 FAR
38735,ME30711,RINOMAX 0.25 % - 0.125 % - 0.25 % SOLUCION NASAL,RINOMAX,https://mav.farmaciasaas.com/api/images/articulos/DISTRIBUCION/2250.jpg,cobeca,RINOMAX SOL NASAL 15ML L.O
38736,ME28992,RISPERID 2 MG X 30 COMPRIMIDOS RECUBIERTOS,RISPERID,https://mav.farmaciasaas.com/api/images/articulos/DISTRIBUCION/94360.jpg,cobeca,RISPERID COMP 2MG X30 MEG
38737,ME28993,RISPERID 3 MG X 30 COMPRIMIDOS RECUBIERTOS,RISPERID,https://mav.farmaciasaas.com/api/images/articulos/DISTRIBUCION/94359.jpg,cobeca,RISPERID COMP 3MG X30 MEG
38738,ME36861,RISPERID 1 MG / ML X 30 SOLUCION ORAL,RISPERID,https://mav.farmaciasaas.com/api/images/articulos/DISTRIBUCION/90686.jpg,cobeca,RISPERID GTS 1MG/ML 20ML MEG
38741,ME44735,RISTONEL 100 MG X 30 COMPRIMIDOS RECUBIERTOS,RISTONEL,https://mav.farmaciasaas.com/api/images/articulos/DISTRIBUCION/53559.jpg,cobeca,RISTONEL COMP 100MG X30 CLX
38742,ME44734,RISTONEL 50 MG X 30 COMPRIMIDOS RECUBIERTOS,RISTONEL,https://mav.farmaciasaas.com/api/images/articulos/DISTRIBUCION/53558.jpg,cobeca,RISTONEL COMP 50MG X30 CLX
38743,ME42436,RITROMI 500 MG X 10 TABLETAS RECUBIERTAS,RITROMI,https://mav.farmaciasaas.com/api/images/articulos/DISTRIBUCION/29497.jpg,cobeca,RITROMI TAB/REC 500MG X 10
38747,ME43974,RONARES 500 MG - 4 MG X 10 COMPRIMIDOS,RONARES,https://mav.farmaciasaas.com/api/images/articulos/DISTRIBUCION/53742.jpg,cobeca,RONARES COMP 500MG/4MG X10 RNV
38753,ME35905,ROVARTAL 10 MG X 30 COMPRIMIDOS RECUBIERTOS,ROVARTAL,https://mav.farmaciasaas.com/api/images/articulos/DISTRIBUCION/9989.jpg,cobeca,ROVARTAL COMP REC 10MG X30 MEG
38754,ME38325,ROVARTAL 40 MG X 30 COMPRIMIDOS RECUBIERTOS,ROVARTAL,https://mav.farmaciasaas.com/api/images/articulos/DISTRIBUCION/94461.jpg,cobeca,ROVARTAL COMP REC 40MG X30 MEG
38755,ME37201/2,ROWELUK 5 MG X 10 COMPRIMIDOS MASTICABLES,ROWELUK,https://mav.farmaciasaas.com/api/images/articulos/DISTRIBUCION/26093.jpg,cobeca,ROWELUK COMP MAST 5MG X10 MEG
38756,ME37201/3,ROWELUK 5 MG X 30 COMPRIMIDOS MASTICABLES,ROWELUK,https://mav.farmaciasaas.com/api/images/articulos/DISTRIBUCION/92735.jpg,cobeca,ROWELUK-5 COMP MAST X30 MEG
38758,ME37200/3,ROWELUK 4 MG X 30 COMPRIMIDOS MASTICABLES,ROWELUK,https://mav.farmaciasaas.com/api/images/articulos/DISTRIBUCION/92735.jpg,cobeca,ROWELUK-5 COMP MAST X30 MEG
38759,ME37200/2,ROWELUK 4 MG X 10 COMPRIMIDOS MASTICABLES,ROWELUK,https://mav.farmaciasaas.com/api/images/articulos/DISTRIBUCION/25403.jpg,cobeca,ROWELUK-4 COMP MAST PED 4MG X10 MEG
38760,ME43848,RUBIZON 20 MG X 35 TABLETAS RECUBIERTAS,RUBIZON,https://mav.farmaciasaas.com/api/images/articulos/DISTRIBUCION/54290.jpg,cobeca,RUBIZON TAB REC 20MG X35 COFA
38761,ME43810,SADOXOL 50 MG X 30 TABLETAS,SADOXOL,https://mav.farmaciasaas.com/api/images/articulos/DISTRIBUCION/54369.jpg,cobeca,SADOXOL TAB 50MG X30 SIEG
38766,ME29493,SAVER 500 MG X 5 COMPRIMIDOS RECUBIERTOS,SAVER,https://mav.farmaciasaas.com/api/images/articulos/DISTRIBUCION/207.jpg,cobeca,SAVER COMP 500MG X5 ELM
38773,ME37680,SECNIDEX 500 MG X 4 TABLETAS RECUBIERTAS,SECNIDEX,https://mav.farmaciasaas.com/api/images/articulos/DISTRIBUCION/92854.jpg,cobeca,SECNIDEX TAB REC 500MG X4 PLX
38774,ME33722,SELENE 400 UI - 70 MCG X 30 CAPSULAS BLANDAS,SELENE,https://mav.farmaciasaas.com/api/images/articulos/DISTRIBUCION/4898.jpg,cobeca,SELENE CAP BLD 400UI/70MCG X30 VIV
38776,ME31374,SERETIDE 25 MCG - 50 MCG DOSIS X 120 SUSPENSION PARA INHALACION ORAL,SERETIDE,https://mav.farmaciasaas.com/api/images/articulos/DISTRIBUCION/50864.jpg,cobeca,SERETIDE SUSP INH 25MG/50MCG X120 DOSIS
38777,ME32712,SERLINE 100 MG X 10 COMPRIMIDOS,SERLINE,https://mav.farmaciasaas.com/api/images/articulos/DISTRIBUCION/3699.jpg,cobeca,SERLINE COMP 100MG X10 MEG
38778,ME30171/2,SERLINE 50 MG X 10 COMPRIMIDOS,SERLINE,https://mav.farmaciasaas.com/api/images/articulos/DISTRIBUCION/11400.jpg,cobeca,SERLINE COMP 50MG X10 MEG
38787,ME34530,SESAREN XR 150 MG X 15 CAPSULAS CON MICROGRANULOS DE LIBERACION PROLONGADA,SESAREN XR,https://mav.farmaciasaas.com/api/images/articulos/DISTRIBUCION/8574.jpg,cobeca,SESAREN XR CAP 150MG X15 MEG
38788,ME43900,SIDAZOL 100 MG X 30 TABLETAS,SIDAZOL,https://mav.farmaciasaas.com/api/images/articulos/DISTRIBUCION/53221.jpg,cobeca,SIDAZOL TAB 100MG X30 COFA
38789,ME43899,SIDAZOL 50 MG X 30 TABLETAS,SIDAZOL,https://mav.farmaciasaas.com/api/images/articulos/DISTRIBUCION/53222.jpg,cobeca,SIDAZOL TAB 50MG X30 COFA
38790,ME44582,SIGLUTAN 50 MG-500 MG X 30 TABLETAS RECUBIERTAS,SIGLUTAN,https://mav.farmaciasaas.com/api/images/articulos/DISTRIBUCION/22555.jpg,cobeca,SIGLUTAN TAB 50MG/500MG X30 ZORIAK
38794,ME42444/2,SILDEX 100 MG X 1 TABLETA RECUBIERTA,SILDEX,https://mav.farmaciasaas.com/api/images/articulos/DISTRIBUCION/23468.jpg,cobeca,SILDEX TAB 100MG X1 PLX
38795,ME42444/3,SILDEX 100 MG X 2 TABLETAS RECUBIERTAS,SILDEX,https://mav.farmaciasaas.com/api/images/articulos/DISTRIBUCION/23469.jpg,cobeca,SILDEX TAB 100MG X2 PLX
38796,ME37030/2,SILDEX 50 MG X 1 TABLETA RECUBIERTA,SILDEX,https://mav.farmaciasaas.com/api/images/articulos/DISTRIBUCION/90912.jpg,cobeca,SILDEX TAB 50MG X1 PLX
38797,ME37030/3,SILDEX 50 MG X 2 TABLETAS RECUBIERTAS,SILDEX,https://mav.farmaciasaas.com/api/images/articulos/DISTRIBUCION/94885.jpg,cobeca,SILDEX TAB REC 50MG X2 PLX
38798,ME41645,SINUTIL 80 MG - 0.5 MG / ML SOLUCION ORAL,SINUTIL,https://mav.farmaciasaas.com/api/images/articulos/DISTRIBUCION/19538.jpg,cobeca,"SINUTIL GTS 80/0,5 MG/ML 30ML VIN"
38803,ME40375,SITAGLIS MET 50 MG-1000 MG X 28 COMPRIMIDOS RECUBIERTOS,SITAGLIS MET,https://mav.farmaciasaas.com/api/images/articulos/DISTRIBUCION/26930.jpg,cobeca,SITAGLIS MET COMP REC 50/1000MG X28 LETI
38804,ME31026,SOMAZINA 500 MG X 30 COMPRIMIDOS RECUBIERTOS,SOMAZINA,https://mav.farmaciasaas.com/api/images/articulos/DISTRIBUCION/1568.jpg,cobeca,SOMAZINA COM 500 MG X 30
38811,ME43187,SULIXTRA 0.4 MG X 30 CAPSULAS DE LIBERACION PROLONGADA,SULIXTRA,https://mav.farmaciasaas.com/api/images/articulos/DISTRIBUCION/21026.jpg,cobeca,"SULIXTRA CAP LP 0,4MG X30 FC"
38812,ME43279/2,SULIXTRA DUO 0.4 MG - 0.5 MG X 10 CAPSULAS DE LIBERACION PROLONGADA,SULIXTRA DUO,https://mav.farmaciasaas.com/api/images/articulos/DISTRIBUCION/21023.jpg,cobeca,"SULIXTRA DUO CAP LP 0,4MG/0,5MG X10 FC"
38813,ME43279/3,SULIXTRA DUO 0.4 MG - 0.5 MG X 30 CAPSULAS DE LIBERACION PROLONGADA,SULIXTRA DUO,https://mav.farmaciasaas.com/api/images/articulos/DISTRIBUCION/21024.jpg,cobeca,"SULIXTRA DUO CAP LP 0,4MG/0,5MG X30 FC"
38814,ME44472,SULPIR 25 MG X 30 COMPRIMIDOS,SULPIR,https://mav.farmaciasaas.com/api/images/articulos/DISTRIBUCION/52407.jpg,cobeca,SULPIR COMP 25MG X30 ZUO
38816,ME44577,SULTRIM 400 MG – 80 MG X 20 TABLETAS,SULTRIM,https://mav.farmaciasaas.com/api/images/articulos/DISTRIBUCION/52000.jpg,cobeca,SULTRIM TAB 400MG/80MG X20 ALESS
38817,ME28856,SUPRAMYCINA FORTE 200 MG X 10 TABLETAS,SUPRAMYCINA FORTE,https://mav.farmaciasaas.com/api/images/articulos/DISTRIBUCION/52474.jpg,cobeca,SUPRAMYCINA FORTE TAB 200MG X10 CR CCM
38818,ME28673,SUPRAMYCINA 100 MG X 10 TABLETAS,SUPRAMYCINA,https://mav.farmaciasaas.com/api/images/articulos/DISTRIBUCION/52475.jpg,cobeca,SUPRAMYCINA TAB 100MG X10 CR CCM
38819,ME39943,SURIDE 25 MG X 30 COMPRIMIDOS RECUBIERTOS,SURIDE,https://mav.farmaciasaas.com/api/images/articulos/DISTRIBUCION/98364.jpg,cobeca,SURIDE COM 25MG X30 BIOTECH
38820,ME40210,TACHIFORTE 1 G X 20 TABLETAS,TACHIFORTE,https://mav.farmaciasaas.com/api/images/articulos/DISTRIBUCION/13061.jpg,cobeca,TACHIFORTE TAB 1G X20 ELM
38821,ME35368,TACHIFORTE 650 MG X 10 TABLETAS,TACHIFORTE,https://mav.farmaciasaas.com/api/images/articulos/DISTRIBUCION/93366.jpg,cobeca,TACHIFORTE TAB 650MG X10 ELM
38822,ME23819,TACHIPIRIN 125 MG X 6 SUPOSITORIOS,TACHIPIRIN,https://mav.farmaciasaas.com/api/images/articulos/DISTRIBUCION/5253.jpg,cobeca,TACHIPIRIN SUP PED 125MG X6 ELM
38824,ME38718/2,TADAFOX 20 MG X 1 TABLETA RECUBIERTA,TADAFOX,https://mav.farmaciasaas.com/api/images/articulos/DISTRIBUCION/99317.jpg,cobeca,TADAFOX TAB REC 20MG X1 VLM
38825,ME38718/3,TADAFOX 20 MG X 2 TABLETAS RECUBIERTAS,TADAFOX,https://mav.farmaciasaas.com/api/images/articulos/DISTRIBUCION/99316.jpg,cobeca,TADAFOX TAB REC 20MG X2 VLM
38829,ME41780,TADIFIL 5 MG X 30 COMPRIMIDOS RECUBIERTOS,TADIFIL,https://mav.farmaciasaas.com/api/images/articulos/DISTRIBUCION/16883.jpg,cobeca,TADIFIL COMP 5MG X30 MEG
38830,ME38637/2,TADIFIL 20 MG X 1 COMPRIMIDO RECUBIERTO,TADIFIL,https://mav.farmaciasaas.com/api/images/articulos/DISTRIBUCION/99201.jpg,cobeca,TADIFIL COMP REC 20MG X1 MEG
38831,ME38637/3,TADIFIL 20 MG X 2 COMPRIMIDOS RECUBIERTOS,TADIFIL,https://mav.farmaciasaas.com/api/images/articulos/DISTRIBUCION/99199.jpg,cobeca,TADIFIL COMP REC 20MG X2 MEG
38832,ME32057,TALERC 10 MG X 10 COMPRIMIDOS,TALERC,https://mav.farmaciasaas.com/api/images/articulos/DISTRIBUCION/8473.jpg,cobeca,TALERC COMP 10MG X10 DLR
39587,ME33286,TALERC 10 MG / ML SOLUCION ORAL,TALERC,https://mav.farmaciasaas.com/api/images/articulos/DISTRIBUCION/8537.jpg,cobeca,TALERC SOL GTS 10MG/ML 15ML DLR
38835,ME28274,TALZIC 10 MG X 10 COMPRIMIDOS RECUBIERTOS,TALZIC,https://mav.farmaciasaas.com/api/images/articulos/DISTRIBUCION/10310.jpg,cobeca,TALZIC COMP 10MG X10 ELM
38836,ME29348,TALZIC 10 MG / ML SOLUCION ORAL,TALZIC,https://mav.farmaciasaas.com/api/images/articulos/DISTRIBUCION/10891.jpg,cobeca,TALZIC SOL GTS 10MG/ML 20ML ELM
38837,ME32457,TALZIC 1 MG / ML SOLUCION ORAL,TALZIC,https://mav.farmaciasaas.com/api/images/articulos/DISTRIBUCION/3978.jpg,cobeca,TALZIC SOL ORAL PED 1MG/ML 120ML ELM
39383,ME39471,TAMOA 250 MG COMPRIMIDOS MASTICABLES,TAMOA,https://mav.farmaciasaas.com/api/images/articulos/DISTRIBUCION/95723.jpg,cobeca,TAMOA TAB MAST 250MG X6 BIOTECH
38839,ME42467/3,TAMOSTIN 0.4 MG X 30 CAPSULAS DE LIBERACION PROLONGADA,TAMOSTIN,https://mav.farmaciasaas.com/api/images/articulos/DISTRIBUCION/54206.jpg,cobeca,"TAMOSTIN CAP LP 0,4MG X30 LETI"
38848,ME36643/3,TEKRON 200 MG X 30 COMPRIMIDOS RECUBIERTOS,TEKRON,https://mav.farmaciasaas.com/api/images/articulos/DISTRIBUCION/90990.jpg,cobeca,TEKRON COMP REC 200MG X30 LETI
38849,ME28561/3,TENSOMAX 30 MG X 30 CAPSULAS DE LIBERACION PROLONGADA,TENSOMAX,https://mav.farmaciasaas.com/api/images/articulos/DISTRIBUCION/30143.jpg,cobeca,TENSOMAX LP CAP 30 MG X 30
38851,ME24973,TENSOPIN 20 MG / ML SOLUCION ORAL,TENSOPIN,https://mav.farmaciasaas.com/api/images/articulos/DISTRIBUCION/6991.jpg,cobeca,TENSOPIN GTS 20ML LETI
38857,ME38849,TIALIN 100 MG X 10 COMPRIMIDOS,TIALIN,https://mav.farmaciasaas.com/api/images/articulos/DISTRIBUCION/13811.jpg,cobeca,TIALIN COMP 100MG X10 MEG
38858,ME30062/2,TIALIN 50 MG X 10 COMPRIMIDOS,TIALIN,https://mav.farmaciasaas.com/api/images/articulos/DISTRIBUCION/10964.jpg,cobeca,TIALIN COMP 50MG X10 MEG
38859,ME30062/3,TIALIN 50 MG X 30 COMPRIMIDOS,TIALIN,https://mav.farmaciasaas.com/api/images/articulos/DISTRIBUCION/1374.jpg,cobeca,TIALIN COMP 50MG X30 MEG
38860,ME43421,TIDOR 2 % - 0.5 % SOLUCION OFTALMICA,TIDOR,https://mav.farmaciasaas.com/api/images/articulos/DISTRIBUCION/25402.jpg,cobeca,"TIDOR SOL OFT 2%/0,5% 5ML PHARME"
38865,ME42787,TIOCHAX PLUS 400 MG - 4 MG X 10 TABLETAS RECUBIERTAS,TIOCHAX PLUS,https://mav.farmaciasaas.com/api/images/articulos/DISTRIBUCION/26615.jpg,cobeca,TIOCHAX PLUS TAB REC 400/4MG X10 PLX
38866,ME21386,TIOCHAX 4 MG X 12 COMPRIMIDOS,TIOCHAX,https://mav.farmaciasaas.com/api/images/articulos/DISTRIBUCION/91151.jpg,cobeca,TIOCHAX TAB 4MG X12 PLX
38867,ME39852,TIOCOL 8 MG X 10 TABLETAS RECUBIERTAS,TIOCOL,https://mav.farmaciasaas.com/api/images/articulos/DISTRIBUCION/26009.jpg,cobeca,TIOCOL TAB REC 8MG X10 PHARME
38877,ME24679,TOBRASOL 0.3 % SOLUCION OFTALMICA,TOBRASOL,https://mav.farmaciasaas.com/api/images/articulos/DISTRIBUCION/8684.jpg,cobeca,"TOBRASOL SOL OFT 0,3% 5ML L.O"
38878,ME33963,TODENAC 0.3 % - 0.1 % SOLUCION OFTALMICA,TODENAC,https://mav.farmaciasaas.com/api/images/articulos/DISTRIBUCION/5780.jpg,cobeca,TODENAC SOL OFT 5ML L.O
38879,ME14318,TOLNAFTAN 1 % SOLUCION,TOLNAFTAN,https://mav.farmaciasaas.com/api/images/articulos/DISTRIBUCION/3539.jpg,cobeca,TOLNAFTAN CREM 30G MEG
38881,ME34754,TONUM 1 MG / ML SUSPENSION ORAL,TONUM,https://mav.farmaciasaas.com/api/images/articulos/DISTRIBUCION/9640.jpg,cobeca,TONUM SUSP ORAL 1MG/ML 100ML BIOTECH
38882,ME34350,TONUM 10 MG X 30 TABLETAS,TONUM,https://mav.farmaciasaas.com/api/images/articulos/DISTRIBUCION/95057.jpg,cobeca,TONUM TAB 10MG X30 BIOTECH
38883,ME41710,TORIVAS 50 MG X 30 TABLETAS RECUBIERTAS,TORIVAS,https://mav.farmaciasaas.com/api/images/articulos/DISTRIBUCION/15607.jpg,cobeca,TORIVAS TAB REC 50MG X30 CLX
38885,ME40448,TRACEVAL 325 MG - 37.5 MG X 20 TABLETAS RECUBIERTAS,TRACEVAL,https://mav.farmaciasaas.com/api/images/articulos/DISTRIBUCION/99313.jpg,cobeca,"TRACEVAL TAB REC 325MG/37,5MG X20 VLM"
38886,ME42277,TRACTIL FORTE 8 MG X 10 COMPRIMIDOS,TRACTIL FORTE,https://mav.farmaciasaas.com/api/images/articulos/DISTRIBUCION/28504.jpg,cobeca,TRACTIL FORTE COM 8 MG X 10
38887,ME20834,TRACTIL 4 MG X 12 COMPRIMIDOS,TRACTIL,https://mav.farmaciasaas.com/api/images/articulos/DISTRIBUCION/4638.jpg,cobeca,TRACTIL TAB 4MG X12 RNV
38888,ME44131,TRALIX 50 MG X 30 TABLETAS,TRALIX,https://mav.farmaciasaas.com/api/images/articulos/DISTRIBUCION/50749.jpg,cobeca,TRALIX TAB 50MG X 30
38891,ME43933,TRICOX 60 MG X 14 TABLETAS RECUBIERTAS,TRICOX,https://mav.farmaciasaas.com/api/images/articulos/DISTRIBUCION/50716.jpg,cobeca,TRICOX TAB/REC 60MG X 14
38892,ME43627,TRIMBUTOP 200 MG X 10 COMPRIMIDOS,TRIMBUTOP,https://mav.farmaciasaas.com/api/images/articulos/DISTRIBUCION/54049.jpg,cobeca,TRIMBUTOP COMP 200MG X10 DISK
38897,ME23718,TRIPUR 80 MG - 400 MG X 20 COMPRIMIDOS,TRIPUR,https://mav.farmaciasaas.com/api/images/articulos/DISTRIBUCION/6516.jpg,cobeca,TRIPUR COMP X20 PHARME
38898,ME22572,TRITTICO 100 MG X 30 TABLETAS,TRITTICO,https://mav.farmaciasaas.com/api/images/articulos/DISTRIBUCION/4228.jpg,cobeca,TRITTICO TAB 100MG X30 ELM
38899,ME22699,TRITTICO 50 MG X 30 TABLETAS,TRITTICO,https://mav.farmaciasaas.com/api/images/articulos/DISTRIBUCION/4227.jpg,cobeca,TRITTICO TAB 50MG X30 ELM
38900,ME25349,ULCENOL 20 MG X 10 TABLETAS,ULCENOL,https://mav.farmaciasaas.com/api/images/articulos/DISTRIBUCION/2298.jpg,cobeca,ULCENOL TAB 20MG X10
38901,ME25348,ULCENOL 40 MG X 20 TABLETAS,ULCENOL,https://mav.farmaciasaas.com/api/images/articulos/DISTRIBUCION/92083.jpg,cobeca,ULCENOL TAB 40MG X20 ELM
38902,ME25477,ULCON 1 G X 20 TABLETAS,ULCON,https://mav.farmaciasaas.com/api/images/articulos/DISTRIBUCION/16823.jpg,cobeca,ULCON TAB 1G X20 FAR
38903,ME43430,ULCRAF 1 G / 5 ML SUSPENSION ORAL,ULCRAF,https://mav.farmaciasaas.com/api/images/articulos/DISTRIBUCION/50165.jpg,cobeca,ULCRAF SUSP ORAL 1G/5ML S/NARANJA X200ML
38904,ME36772/2,ULGARIN 20 MG X 16 CAPSULAS,ULGARIN,https://mav.farmaciasaas.com/api/images/articulos/DISTRIBUCION/23023.jpg,cobeca,ULGARIN CAP 20MG X16 LETI
38905,ME36772/3,ULGARIN 20 MG X 28 CAPSULAS,ULGARIN,https://mav.farmaciasaas.com/api/images/articulos/DISTRIBUCION/13252.jpg,cobeca,ULGARIN CAP 20MG X28 LETI
38906,ME36645/2,ULGARIN 40 MG X 16 CAPSULAS,ULGARIN,https://mav.farmaciasaas.com/api/images/articulos/DISTRIBUCION/23886.jpg,cobeca,ULGARIN CAP 40MG X16 LETI
38907,ME36645/3,ULGARIN 40 MG X 32 CAPSULAS,ULGARIN,https://mav.farmaciasaas.com/api/images/articulos/DISTRIBUCION/13323.jpg,cobeca,ULGARIN CAP 40MG X32 LETI
38908,ME43344,ULTAMYN 750 MG X 10 TABLETAS RECUBIERTAS,ULTAMYN,https://mav.farmaciasaas.com/api/images/articulos/DISTRIBUCION/27001.jpg,cobeca,ULTAMYN TAB 750MG X10 ANG/H
38909,ME43520,URODUTAN 200 MG X 10 TABLETAS RECUBIERTAS,URODUTAN,https://mav.farmaciasaas.com/api/images/articulos/DISTRIBUCION/22852.jpg,cobeca,URODUTAN TAB 200MG X10 FC
38911,ME38639,VALACICLOVIR 500 MG X 10 TABLETAS RECUBIERTAS,VALACICLOVIR,https://mav.farmaciasaas.com/api/images/articulos/DISTRIBUCION/24670.jpg,cobeca,VALACICLOVIR TAB 500MG X10 ADN
38934,ME43273/3,VASPITOR 20 MG X 30 COMPRIMIDOS RECUBIERTOS,VASPITOR,https://mav.farmaciasaas.com/api/images/articulos/DISTRIBUCION/50578.jpg,cobeca,VASPITOR COM/REC 20MG X 30
38935,ME43273/2,VASPITOR 20 MG X 10 COMPRIMIDOS RECUBIERTOS,VASPITOR,https://mav.farmaciasaas.com/api/images/articulos/DISTRIBUCION/52641.jpg,cobeca,VASPITOR COMP REC 20MG X10 MEG
38936,ME43342/3,VASPITOR 40 MG X 30 COMPRIMIDOS RECUBIERTOS,VASPITOR,https://mav.farmaciasaas.com/api/images/articulos/DISTRIBUCION/50530.jpg,cobeca,VASPITOR COM/REC 40MG X 30
38937,ME43342/2,VASPITOR 40 MG X 10 COMPRIMIDOS RECUBIERTOS,VASPITOR,https://mav.farmaciasaas.com/api/images/articulos/DISTRIBUCION/52642.jpg,cobeca,VASPITOR COMP REC 40MG X10 MEG
38939,ME40580,VASSLUTEN HCT 150 MG - 12.5 MG TABLETAS,VASSLUTEN HCT,https://mav.farmaciasaas.com/api/images/articulos/DISTRIBUCION/15696.jpg,cobeca,"VASSLUTEN TAB HCT 150MG/12,5MG X30 GFARM"
38940,ME43211/2,VECTUS 20 MG X 1 TABLETA RECUBIERTA,VECTUS,https://mav.farmaciasaas.com/api/images/articulos/DISTRIBUCION/29011.jpg,cobeca,VECTUS TAB/REC 20MG X 1
38941,ME43211/3,VECTUS 20 MG X 2 TABLETAS RECUBIERTAS,VECTUS,https://mav.farmaciasaas.com/api/images/articulos/DISTRIBUCION/29012.jpg,cobeca,VECTUS TAB/REC 20MG X 2
38942,ME43394/2,VECTUS 5 MG X 10 TABLETAS RECUBIERTAS,VECTUS,https://mav.farmaciasaas.com/api/images/articulos/DISTRIBUCION/30204.jpg,cobeca,VECTUS TAB/REC 5MG X 10
38943,ME43394/3,VECTUS 5 MG X 20 TABLETAS RECUBIERTAS,VECTUS,https://mav.farmaciasaas.com/api/images/articulos/DISTRIBUCION/30212.jpg,cobeca,VECTUS TAB/REC 5MG X 20
38944,ME43394/4,VECTUS 5 MG X 30 TABLETAS RECUBIERTAS,VECTUS,https://mav.farmaciasaas.com/api/images/articulos/DISTRIBUCION/30213.jpg,cobeca,VECTUS TAB/REC 5MG X 30
38947,ME35075,VESTAX 650 MG X 10 TABLETAS,VESTAX,https://mav.farmaciasaas.com/api/images/articulos/DISTRIBUCION/9373.jpg,cobeca,VESTAX TAB 650MG X10 VARG
38948,ME32103,VIAJESAN 50 MG X 10 TABLETAS RECUBIERTAS,VIAJESAN,https://mav.farmaciasaas.com/api/images/articulos/DISTRIBUCION/3034.jpg,cobeca,VIAJESAN TAB 50MG X10 CLX
38949,ME32610/3,VIASEK 50 MG X 2 COMPRIMIDOS RECUBIERTOS,VIASEK,https://mav.farmaciasaas.com/api/images/articulos/DISTRIBUCION/2929.jpg,cobeca,VIASEK COMP 50MG X2 LETI
38950,ME32610/2,VIASEK 50 MG X 1 COMPRIMIDO RECUBIERTO,VIASEK,https://mav.farmaciasaas.com/api/images/articulos/DISTRIBUCION/5327.jpg,cobeca,VIASEK COMP REC 50MG X1 LETI
38951,ME32611,VIGRASOL 50 MG X 1 COMPRIMIDO RECUBIERTO,VIGRASOL,https://mav.farmaciasaas.com/api/images/articulos/DISTRIBUCION/7331.jpg,cobeca,VIGRASOL COMP 50MG X1 MEG
38953,ME37137,VIROSUPRIL 5 % CREMA,VIROSUPRIL,https://mav.farmaciasaas.com/api/images/articulos/DISTRIBUCION/90463.jpg,cobeca,VIROSUPRIL CREM 5% 5G MEG
38971,ME31004/2,VITADYN C 500 MG TABLETAS MASTICABLES SABOR A FRUTAS TROPICALES X 10 TABLETAS,VITADYN C,https://mav.farmaciasaas.com/api/images/articulos/DISTRIBUCION/11403.jpg,cobeca,VITADYN C VIT C TAB EFERV NAR X10 L.O
38972,ME31004/3,VITADYN C 500 MG TABLETAS MASTICABLES SABOR A FRUTAS TROPICALES X 30 TABLETAS,VITADYN C,https://mav.farmaciasaas.com/api/images/articulos/DISTRIBUCION/30132.jpg,cobeca,VITADYN C TAB S/AZUCAR 500MG X 30
39409,ME31438,VITADYN C 1 G COMPRIMIDOS EFERVESCENTES SABOR A GRAPEFRUIT X 10 COMPRIMIDOS,VITADYN C,https://mav.farmaciasaas.com/api/images/articulos/DISTRIBUCION/11403.jpg,cobeca,VITADYN C VIT C TAB EFERV NAR X10 L.O
39410,ME31002,VITADYN C 500 MG X 30 TABLETAS MASTICABLES SABOR A FRESA,VITADYN C,https://mav.farmaciasaas.com/api/images/articulos/DISTRIBUCION/30132.jpg,cobeca,VITADYN C TAB S/AZUCAR 500MG X 30
38976,ME30487/2,VIZERUL 75 MG X 10 COMPRIMIDOS RECUBIERTOS,VIZERUL,https://mav.farmaciasaas.com/api/images/articulos/DISTRIBUCION/111.jpg,cobeca,VIZERUL COMP 75MG X10 DLR
38977,ME30487/3,VIZERUL 75 MG X 20 COMPRIMIDOS RECUBIERTOS,VIZERUL,https://mav.farmaciasaas.com/api/images/articulos/DISTRIBUCION/24115.jpg,cobeca,VIZERUL COMP 75MG X20 DLR
39601,ME24761,VIZERUL 300 MG X 10 COMPRIMIDOS,VIZERUL,https://mav.farmaciasaas.com/api/images/articulos/DISTRIBUCION/8428.jpg,cobeca,VIZERUL COMP REC 300MG X10 DLR
38979,HO42691,VOLCOFEN 75 MG / 3 ML X 1 AMPOLLA,VOLCOFEN,https://mav.farmaciasaas.com/api/images/articulos/DISTRIBUCION/28883.jpg,cobeca,VOLCOFEN AMP 75MG/3ML X 1
38980,ME44590,VONAU FLASH 4 MG TABLETAS DE DESINTEGRACION ORAL X 10 TABLETAS,VONAU FLASH,https://mav.farmaciasaas.com/api/images/articulos/DISTRIBUCION/52415.jpg,cobeca,VONAU FLASH TAB 4MG X10 FARMA
38984,ME43896,XAROX 10 MG X 30 TABLETAS RECUBIERTAS.,XAROX,https://mav.farmaciasaas.com/api/images/articulos/DISTRIBUCION/52153.jpg,cobeca,XAROX TAB 10MG X30 PHARME
38985,ME43897,XAROX 15 MG X 30 TABLETAS RECUBIERTAS,XAROX,https://mav.farmaciasaas.com/api/images/articulos/DISTRIBUCION/52924.jpg,cobeca,XAROX TAB 15MG X30 PHARME
38986,ME43895,XAROX 20 MG X 30 TABLETAS RECUBIERTAS,XAROX,https://mav.farmaciasaas.com/api/images/articulos/DISTRIBUCION/52925.jpg,cobeca,XAROX TAB 20MG X30 PHARME
38987,ME37761,XEROGRAX 120 MG X 60 CAPSULAS,XEROGRAX,https://mav.farmaciasaas.com/api/images/articulos/DISTRIBUCION/91024.jpg,cobeca,XEROGRAX CAP 120MG X60 PHARME
38989,ME43770,YONALIN 4 MG / ML SOLUCION ORAL GOTAS,YONALIN,https://mav.farmaciasaas.com/api/images/articulos/DISTRIBUCION/53336.jpg,cobeca,YONALIN SOL ORAL 4MG/ML PED 15ML BIOT
38990,ME33445,ZALDIAR 37.5 MG - 325 MG X 20 COMPRIMIDOS RECUBIERTOS,ZALDIAR,https://mav.farmaciasaas.com/api/images/articulos/DISTRIBUCION/4263.jpg,cobeca,ZALDIAR COMP X20 CR CCM
38991,ME43300,ZILDON 10 MG X 30 TABLETAS RECUBIERTAS,ZILDON,https://mav.farmaciasaas.com/api/images/articulos/DISTRIBUCION/53121.jpg,cobeca,ZILDON TAB REC 10MG X30 PHARME
38996,ME33820/2,ZOLPIDEX 10 MG X 10 COMPRIMIDOS RECUBIERTOS,ZOLPIDEX,https://mav.farmaciasaas.com/api/images/articulos/DISTRIBUCION/6549.jpg,cobeca,ZOLPIDEX COMP 10MG X10 MEG
38997,ME33820/3,ZOLPIDEX 10 MG X 20 COMPRIMIDOS RECUBIERTOS,ZOLPIDEX,https://mav.farmaciasaas.com/api/images/articulos/DISTRIBUCION/6547.jpg,cobeca,ZOLPIDEX COMP 10MG X20 MEG
38998,ME39051,ZONIUM 20 MG X 14 CAPSULAS CON MICROGRANULOS ENTERICOS,ZONIUM,https://mav.farmaciasaas.com/api/images/articulos/DISTRIBUCION/22055.jpg,cobeca,ZONIUM CAP 20MG X14 BIOTECH
38999,ME39050,ZONIUM 40 MG X 14 CAPSULAS CON MICROGRANULOS ENTERICOS,ZONIUM,https://mav.farmaciasaas.com/api/images/articulos/DISTRIBUCION/22056.jpg,cobeca,ZONIUM CAP 40MG X14 BIOTECH
39002,ME33888/2,ZOST 50 MG X 1 COMPRIMIDO,ZOST,https://mav.farmaciasaas.com/api/images/articulos/DISTRIBUCION/91511.jpg,cobeca,ZOST COMP 50MG X1 DLR
39003,ME33888/3,ZOST 50 MG X 2 COMPRIMIDOS,ZOST,https://mav.farmaciasaas.com/api/images/articulos/DISTRIBUCION/91227.jpg,cobeca,ZOST COMP 50MG X2 DLR
39004,ME33888/4,ZOST 50 MG X 4 COMPRIMIDOS,ZOST,https://mav.farmaciasaas.com/api/images/articulos/DISTRIBUCION/91228.jpg,cobeca,ZOST COMP 50MG X4 DLR
39005,ME37539,ZUDENINA 0.1 % CREMA,ZUDENINA,https://mav.farmaciasaas.com/api/images/articulos/DISTRIBUCION/9694.jpg,cobeca,"ZUDENINA GEL TOPICO 0,1% 30G MEG"
39006,ME25566,ZYRTEC 10 MG X 20 COMPRIMIDOS RECUBIERTOS,ZYRTEC,https://mav.farmaciasaas.com/api/images/articulos/DISTRIBUCION/28894.jpg,cobeca,ZYRTEC TAB 10MG X 20
39025,ME43679,AIREX 0.05 % SOLUCION NASAL,AIREX,https://mav.farmaciasaas.com/api/images/articulos/DISTRIBUCION/27095.jpg,cobeca,"AIREX SOL NASAL 0,05% 15ML PHARME"
39033,ME32123,ALIVETNOC 500 MG - 3 MG GRANULADO SABOR LIMON - MIEL,ALIVETNOC,https://mav.farmaciasaas.com/api/images/articulos/DISTRIBUCION/91845.jpg,cobeca,ALIVETNOC FORTE SOB GRANU X6 LETI
39043,ME32836/3,AMOVIN 500 MG X 6 TABLETAS RECUBIERTAS,AMOVIN,https://mav.farmaciasaas.com/api/images/articulos/DISTRIBUCION/92490.jpg,cobeca,AMOVIN TAB 500MG X6 COFA
39052,ME42104,ANGRIP FORTE DIA 650 MG - 2 MG - 20 MG COMPRIMIDOS RECUBIERTOS,ANGRIP FORTE DIA,https://mav.farmaciasaas.com/api/images/articulos/DISTRIBUCION/30055.jpg,cobeca,ANGRIP FORTE COM/REC 650MG/20MG DIA X 10
39053,ME42001,ANGRIP FORTE NOCHE 650 MG - 4 MG COMPRIMIDOS RECUBIERTOS,ANGRIP FORTE NOCHE,https://mav.farmaciasaas.com/api/images/articulos/DISTRIBUCION/30054.jpg,cobeca,ANGRIP FORTE COM/REC 650MG/4MG NOCHE X 5
39060,ME33576,ANTILAX 2 MG X 10 TABLETAS,ANTILAX,https://mav.farmaciasaas.com/api/images/articulos/DISTRIBUCION/93277.jpg,cobeca,ANTILAX TAB 2MG X10 FAR
39074,ME31091,ARBIXIL 7.5 MG - 5 MCG / ML SOLUCION ORAL,ARBIXIL,https://mav.farmaciasaas.com/api/images/articulos/DISTRIBUCION/3798.jpg,cobeca,"ARBIXIL SOL GTS PED 7,5MG/5MCG 15ML MEY"
39081,ME33009,ATAMEL PLUS 500 MG - 32 MG X 10 TABLETAS,ATAMEL PLUS,https://mav.farmaciasaas.com/api/images/articulos/DISTRIBUCION/15413.jpg,cobeca,ATAMEL PLUS TAB 500MG/32MG X10 CLX
39091,MI19054,AZUTAN 0.15 % COLUTORIO,AZUTAN,https://mav.farmaciasaas.com/api/images/articulos/DISTRIBUCION/15068.jpg,cobeca,AZUTAN COLUT 180ML BIOTECH
39094,ME40374,BETADERM 0.05 % CREMA,BETADERM,https://mav.farmaciasaas.com/api/images/articulos/DISTRIBUCION/4155.jpg,cobeca,BETADERM GENTAMICINA CREM 15G BIOTECH
39102,ME43579,BIOTALOL HCT 2.5 MG - 6.25 MG COMPRIMIDOS RECUBIERTOS,BIOTALOL HCT,https://mav.farmaciasaas.com/api/images/articulos/DISTRIBUCION/53196.jpg,cobeca,"BIOTALOL HCT COMP REC 2,5/6,25MGX30 LETI"
39443,ME43578,BIOTALOL HCT 10 MG - 6.25 MG COMPRIMIDOS RECUBIERTOS,BIOTALOL HCT,https://mav.farmaciasaas.com/api/images/articulos/DISTRIBUCION/51791.jpg,cobeca,"BIOTALOL HCT COMP 10MG/6,25MG X30 LETI"
39104,ME41847,BIPROLIL 2.5 MG COMPRIMIDOS RECUBIERTOS,BIPROLIL,https://mav.farmaciasaas.com/api/images/articulos/DISTRIBUCION/27780.jpg,cobeca,"BIPROLIL COMP REC 2,5MG X30 VARG"
39112,ME37009,BONAMES 150 MG X 1 TABLETA RECUBIERTA,BONAMES,https://mav.farmaciasaas.com/api/images/articulos/DISTRIBUCION/99210.jpg,cobeca,BONAMES TAB REC 150MG FAR
39125,ME43807,CARBETAL 16 MG X 30 TABLETAS,CARBETAL,https://mav.farmaciasaas.com/api/images/articulos/DISTRIBUCION/54310.jpg,cobeca,CARBETAL TAB 16MG X30
39160,ME35719,CORENTEL H 10 MG - 6.25 MG COMPRIMIDOS RECUBIERTOS,CORENTEL H,https://mav.farmaciasaas.com/api/images/articulos/DISTRIBUCION/94357.jpg,cobeca,"CORENTEL H COMP REC 10/6,25MG X30 MEG"
39161,ME35718,CORENTEL H 5 MG - 6.25 MG COMPRIMIDOS RECUBIERTOS,CORENTEL H,https://mav.farmaciasaas.com/api/images/articulos/DISTRIBUCION/94358.jpg,cobeca,"CORENTEL H COMP REC 5/6,25MG X30 MEG"
39171,ME42243,DAYZOL 600 MG - 4 MG COMPRIMIDOS RECUBIERTOS,DAYZOL,https://mav.farmaciasaas.com/api/images/articulos/DISTRIBUCION/50522.jpg,cobeca,DAYZOL COMP REC 600MG/4MG X10 LETI
39225,MI8381,FURFURIL 0.2 % APOSITO SOLUBLE,FURFURIL,https://mav.farmaciasaas.com/api/images/articulos/DISTRIBUCION/1622.jpg,cobeca,FURFURIL PMDA 30G MEG
39229,ME43742/2,GEMKAST 4 MG X 10 TABLETAS MASTICABLES,GEMKAST,https://mav.farmaciasaas.com/api/images/articulos/DISTRIBUCION/53002.jpg,cobeca,GEMKAST TAB MAST 4MG X10 GEMA
39230,ME43742/3,GEMKAST 4 MG X 30 TABLETAS MASTICABLES,GEMKAST,https://mav.farmaciasaas.com/api/images/articulos/DISTRIBUCION/53002.jpg,cobeca,GEMKAST TAB MAST 4MG X10 GEMA
39231,ME43743/3,GEMKAST 5 MG X 30 TABLETAS MASTICABLES,GEMKAST,https://mav.farmaciasaas.com/api/images/articulos/DISTRIBUCION/53004.jpg,cobeca,GEMKAST TAB MAST 5MG X10 GEMA
39232,ME43743/2,GEMKAST 5 MG X 10 TABLETAS MASTICABLES,GEMKAST,https://mav.farmaciasaas.com/api/images/articulos/DISTRIBUCION/53004.jpg,cobeca,GEMKAST TAB MAST 5MG X10 GEMA
39233,ME44127,GENCICOF 0.15 % - 0.15 % SOLUCION TOPICA BUCAL,GENCICOF,https://mav.farmaciasaas.com/api/images/articulos/DISTRIBUCION/54312.jpg,cobeca,"GENCICOF SOL TOP BUCAL 0,15%-0,15% X15ML"
39239,ME42452,GLUTAPTIN MET 50 MG - 500 MG X 30 TABLETAS RECUBIERTAS,GLUTAPTIN MET,https://mav.farmaciasaas.com/api/images/articulos/DISTRIBUCION/27355.jpg,cobeca,GLUTAPTIN MET TAB 500/50MG X30 CLX
39261,ME43609/2,IRGEM 300 MG X 10 TABLETAS,IRGEM,https://mav.farmaciasaas.com/api/images/articulos/DISTRIBUCION/52652.jpg,cobeca,IRGEM TAB 300MG X30 GEMA
39262,ME43609/3,IRGEM 300 MG X 30 TABLETAS,IRGEM,https://mav.farmaciasaas.com/api/images/articulos/DISTRIBUCION/52652.jpg,cobeca,IRGEM TAB 300MG X30 GEMA
39263,ME43668,IRGEM PLUS 300 MG - 12.5 MG X 30 TABLETAS,IRGEM PLUS,https://mav.farmaciasaas.com/api/images/articulos/DISTRIBUCION/52661.jpg,cobeca,"IRGEM PLUS TAB 300MG/12,5MGg X10 GEMA"
39264,ME39925,ISOSPRAY PLUS 0.15 % - 0.25 % SOLUCION,ISOSPRAY PLUS,https://mav.farmaciasaas.com/api/images/articulos/DISTRIBUCION/99601.jpg,cobeca,"ISOSPRAY PLUS 0,15%/0,25% 180ML BIOTECH"
39273,ME40973,KLINCOSAL 262 MG - 100 MG X 30 TABLETAS MASTICABLES SABOR A UVA,KLINCOSAL,https://mav.farmaciasaas.com/api/images/articulos/DISTRIBUCION/28870.jpg,cobeca,KLINCOSAL TAB/MAST 262MG/100MG FRESA X30
39276,ME43612,LAGEMIN 25 MG X 30 TABLETAS DISPERSABLES,LAGEMIN,https://mav.farmaciasaas.com/api/images/articulos/DISTRIBUCION/52653.jpg,cobeca,LAGEMIN TAB DISPER 25MG X10 GEMA
39277,ME43611/3,LAGEMIN 50 MG X 30 TABLETAS DISPERSABLES,LAGEMIN,https://mav.farmaciasaas.com/api/images/articulos/DISTRIBUCION/52656.jpg,cobeca,LAGEMIN TAB DISPER 50MG X30 GEMA
39278,ME43611/2,LAGEMIN 50 MG X 10 TABLETAS DISPERSABLES,LAGEMIN,https://mav.farmaciasaas.com/api/images/articulos/DISTRIBUCION/52656.jpg,cobeca,LAGEMIN TAB DISPER 50MG X30 GEMA
39279,ME43637/2,LAGEMIN 100 MG X 10 TABLETAS DISPERSABLES,LAGEMIN,https://mav.farmaciasaas.com/api/images/articulos/DISTRIBUCION/52657.jpg,cobeca,LAGEMIN TAB DISPER 100MG X10 GEMA
39280,ME43637/3,LAGEMIN 100 MG X 30 TABLETAS DISPERSABLES,LAGEMIN,https://mav.farmaciasaas.com/api/images/articulos/DISTRIBUCION/52657.jpg,cobeca,LAGEMIN TAB DISPER 100MG X10 GEMA
39281,ME6400,LANOLZINC 15 % - 11 % POMADA,LANOLZINC,https://mav.farmaciasaas.com/api/images/articulos/DISTRIBUCION/4414.jpg,cobeca,LANOLZINC PMDA TUBO 60G VLM
39282,ME23146,LASIX 20 MG COMPRIMIDOS,LASIX,https://mav.farmaciasaas.com/api/images/articulos/DISTRIBUCION/6018.jpg,cobeca,LASIX COMP 20MG X24 CLX
39283,ME40013,LECART 1 G / 10 ML SOLUCION ORAL,LECART,https://mav.farmaciasaas.com/api/images/articulos/DISTRIBUCION/13056.jpg,cobeca,LECART SOL ORAL 1G/10ML 60ML MEY
39305,ME33482,MIGRADORIXINA 125 MG - 1 MG COMPRIMIDOS RECUBIERTOS,MIGRADORIXINA,https://mav.farmaciasaas.com/api/images/articulos/DISTRIBUCION/30067.jpg,cobeca,MIGRADORIXINA COM/REC 125MG/1MG X 5
39306,ME33823,MISELLIM 10 MG COMPRIMIDOS RECUBIERTOS,MISELLIM,https://mav.farmaciasaas.com/api/images/articulos/DISTRIBUCION/91349.jpg,cobeca,MISELLIM COMP REC 10MG X20 MEG
39311,ME43662,OTOCORT 1 MG - 5 MG - 5000 UI / ML SUSPENSION OTICA,OTOCORT,https://mav.farmaciasaas.com/api/images/articulos/DISTRIBUCION/52903.jpg,cobeca,OTOCORT SOL OTICA 1MG/5MG/5000UI 5ML L.O
39321,ME42484,NOXPIRIN 125 MG - 0.5 MG / 5 ML SOLUCION ORAL,NOXPIRIN,https://mav.farmaciasaas.com/api/images/articulos/DISTRIBUCION/24256.jpg,cobeca,"NOXPIRIN SOL ORAL125/0,5MG/5ML 120ML MEY"
39322,ME42453,NOXPIRIN 325 MG - 1.25 MG / 5 ML SOLUCION ORAL,NOXPIRIN,https://mav.farmaciasaas.com/api/images/articulos/DISTRIBUCION/24257.jpg,cobeca,"NOXPIRIN SOL ORAL325/1,25MG/5ML120ML MEY"
39333,ME5708,OTAN 0.1 % - 4.0 % SOLUCION OTICA,OTAN,https://mav.farmaciasaas.com/api/images/articulos/DISTRIBUCION/97545.jpg,cobeca,"OTAN GTS 0,10/4MG 5ML VIN"
39392,ME38822,TERBINAFINA 1 % CREMA,TERBINAFINA,https://mav.farmaciasaas.com/api/images/articulos/DISTRIBUCION/96827.jpg,cobeca,TERBINAFINA CREM 1% 15G KIMIC
39398,ME43779/2,VALGEM PLUS 160 MG-12.5 MG X 10 TABLETAS RECUBIERTAS,VALGEM PLUS,https://mav.farmaciasaas.com/api/images/articulos/DISTRIBUCION/52665.jpg,cobeca,"VALGEM PLUS TAB REC 160/12,5MG X10 GEMA"
39399,ME43779/3,VALGEM PLUS 160 MG-12.5 MG X 30 TABLETAS RECUBIERTAS,VALGEM PLUS,https://mav.farmaciasaas.com/api/images/articulos/DISTRIBUCION/52665.jpg,cobeca,"VALGEM PLUS TAB REC 160/12,5MG X10 GEMA"
39421,ME43324,ALILUB 1.4 % SOLUCION OFTALMICA,ALILUB,https://mav.farmaciasaas.com/api/images/articulos/DISTRIBUCION/25509.jpg,cobeca,"ALILUB SOL OFT 1,4 % 15ML PHARME"
39425,ME41681,ANAPIR 400 MG X 10 CAPSULAS BLANDAS,ANAPIR,https://mav.farmaciasaas.com/api/images/articulos/DISTRIBUCION/17362.jpg,cobeca,ANAPIR CAP BLD S/AZU 400MG X10 FC
39428,ME43632,APIRETFLU 24 HORAS X 6 GRANULADO,APIRETFLU,https://mav.farmaciasaas.com/api/images/articulos/DISTRIBUCION/51431.jpg,cobeca,APIRETFLU SOB 8G NOCH MIEL/LIMON X6 LO
39429,ME38633,APRIX 125 MG X 10 CAPSULAS BLANDAS,APRIX,https://mav.farmaciasaas.com/api/images/articulos/DISTRIBUCION/50995.jpg,cobeca,APRIX CAP BLD 125MG X10 PLN
39432,ME44038,ASPIANDEX 81 MG X 30 TABLETAS CON RECUBRIMIENTO ENTERICO,ASPIANDEX,https://mav.farmaciasaas.com/api/images/articulos/DISTRIBUCION/52971.jpg,cobeca,ASPIANDEX TAB REC 81MG X30 PLX
39436,ME43792,AVOST 0.004 % SOLUCION OFTALMICA,AVOST,https://mav.farmaciasaas.com/api/images/articulos/DISTRIBUCION/23361.jpg,cobeca,"AVOST SOL OFT 0,004% 3ML CAPSUV"
39438,ME42975,BEDEX 0.15 % SOLUCION TOPICA BUCAL,BEDEX,https://mav.farmaciasaas.com/api/images/articulos/DISTRIBUCION/28364.jpg,cobeca,"BEDEX SOL BUCAL 0,15% 120ML PLX"
39442,ME43492,BIRGIT PLUS 50 MG - 850 MG X 30 COMPRIMIDOS RECUBIERTOS,BIRGIT PLUS,https://mav.farmaciasaas.com/api/images/articulos/DISTRIBUCION/52040.jpg,cobeca,BIRGIT PLUS COMP REC 50MG/850MG X30 MEG
39444,ME42416,BLOKXA 20 MG X 28 TABLETAS RECUBIERTAS,BLOKXA,https://mav.farmaciasaas.com/api/images/articulos/DISTRIBUCION/54280.jpg,cobeca,BLOKXA TAB REC 20MG X28 CLX
39445,ME32078,BONAC 4 % GEL USO TOPICO,BONAC,https://mav.farmaciasaas.com/api/images/articulos/DISTRIBUCION/9545.jpg,cobeca,BONAC GEL 4% 30G MEG
39446,ME40814,BRIMOPRESS 0.2 % SOLUCION OFTALMICA,BRIMOPRESS,https://mav.farmaciasaas.com/api/images/articulos/DISTRIBUCION/13585.jpg,cobeca,"BRIMOPRESS SOL OFT 0,2% 5ML MEG"
39447,ME32168,BRIXIA 0.0 5 % SOLUCION OFTALMICA,BRIXIA,https://mav.farmaciasaas.com/api/images/articulos/DISTRIBUCION/1989.jpg,cobeca,BRIXIA SOL/OFT X 6ML
39451,ME36249,GYNOTRAN 15 %-4 % CREMA VAGINAL,GYNOTRAN,https://mav.farmaciasaas.com/api/images/articulos/DISTRIBUCION/25326.jpg,cobeca,GYNOTRAN CREM 15%/4% 40G CR CCM
39456,ME18142,NASIN 0.05 % SOLUCION NASAL,NASIN,https://mav.farmaciasaas.com/api/images/articulos/DISTRIBUCION/2507.jpg,cobeca,NASIN SOL NASAL AD 15ML LETI
39463,ME32823,COMENTER 30 MG X 30 COMPRIMIDOS RECUBIERTOS,COMENTER,https://mav.farmaciasaas.com/api/images/articulos/DISTRIBUCION/29372.jpg,cobeca,COMENTER COM/REC 30MG X 30
39467,ME33257,CYNT 20 MG X 20 COMPRIMIDOS RECUBIERTOS,CYNT,https://mav.farmaciasaas.com/api/images/articulos/DISTRIBUCION/5489.jpg,cobeca,CYNT COMP REC 20MG X20 DLR
39468,ME33255,CYNT 40 MG COMPRIMIDOS RECIBIERTOS X 10 COMPRIMIDOS,CYNT,https://mav.farmaciasaas.com/api/images/articulos/DISTRIBUCION/92664.jpg,cobeca,CYNT COMP REC 40MG X10 DLR
39470,ME43822,DAVINTEX 60 MG X 10 COMPRIMIDOS RECUBIERTOS,DAVINTEX,https://mav.farmaciasaas.com/api/images/articulos/DISTRIBUCION/27618.jpg,cobeca,DAVINTEX COMP REC 60MG X10 MEG
39473,ME24511,DENCORUB GEL,DENCORUB GEL,https://mav.farmaciasaas.com/api/images/articulos/DISTRIBUCION/52521.jpg,cobeca,DENCORUB GEL ICE ARNICA 40G
39476,ME39603/3,DESLER M 5 MG - 10 MG X 30 TABLETAS RECUBIERTAS,DESLER M,https://mav.farmaciasaas.com/api/images/articulos/DISTRIBUCION/96524/96524.jpg,cobeca,DESLER M TAB REC 5MG/10MG X30 PHARME
39477,ME39603/2,DESLER M 5 MG - 10 MG X 10 TABLETAS RECUBIERTAS,DESLER M,https://mav.farmaciasaas.com/api/images/articulos/DISTRIBUCION/18361.jpg,cobeca,DESLER M TAB 5MG/10MG X10 PHARME
39493,ME43652,DOPRIL 3 MG / ML SOLUCION ORAL,DOPRIL,https://mav.farmaciasaas.com/api/images/articulos/DISTRIBUCION/28532.jpg,cobeca,DOPRIL SOL ORAL 3MG/ML X 60ML PED
39494,ME39862,DROPIL 100 MG X 40 COMPRIMIDOS RECUBIERTOS,DROPIL,https://mav.farmaciasaas.com/api/images/articulos/DISTRIBUCION/96830.jpg,cobeca,DROPIL COMP REC 100MG X40 DLR
39495,ME39861,DROPIL 200 MG X 40 COMPRIMIDOS RECUBIERTOS,DROPIL,https://mav.farmaciasaas.com/api/images/articulos/DISTRIBUCION/97140.jpg,cobeca,DROPIL COMP REC 200MG X40 DLR
39502,ME35246/2,EVIGAX 125 MG X 10 CAPSULAS BLANDAS,EVIGAX,https://mav.farmaciasaas.com/api/images/articulos/DISTRIBUCION/96795.jpg,cobeca,EVIGAX CAP BLD 125MG X10 VIV
39503,ME35246/3,EVIGAX 125 MG X 20 CAPSULAS BLANDAS,EVIGAX,https://mav.farmaciasaas.com/api/images/articulos/DISTRIBUCION/8614.jpg,cobeca,EVIGAX CAP BLD 125MG X20 VIV
39505,ME42994,EZENTIUS 20 MG X 20 COMPRIMIDOS RECUBIERTOS,EZENTIUS,https://mav.farmaciasaas.com/api/images/articulos/DISTRIBUCION/53836.jpg,cobeca,EZENTIUS COMP REC 20MG X20 MEG
39507,ME31488,DOLOGINEX 125 MG - 10 MG X 10 COMPRIMIDOS RECUBIERTOS,DOLOGINEX,https://mav.farmaciasaas.com/api/images/articulos/DISTRIBUCION/54561.jpg,cobeca,DOLOGINEX COMP REC 125/10MG X10 MEG
39508,ME39967,FLATVIN 125 MG X 10 CAPSULAS BLANDAS,FLATVIN,https://mav.farmaciasaas.com/api/images/articulos/DISTRIBUCION/24281.jpg,cobeca,FLATVIN CAP BLD 125MG X10 VIN
39509,ME44069,FLEVOMAX - D 600 MG X 15 COMPRIMIDOS RECUBIERTOS,FLEVOMAX - D,https://mav.farmaciasaas.com/api/images/articulos/DISTRIBUCION/54226.jpg,cobeca,FLEVOMAX-D COMP REC 600MG X15 FAHD
39516,ME31955,GLAUCOTENSIL T 2 % - 0.5 % SOLUCION OFTALMICA,GLAUCOTENSIL T,https://mav.farmaciasaas.com/api/images/articulos/DISTRIBUCION/2262.jpg,cobeca,GLAUCOTENSIL T SOL OFT 5ML MEG
39518,ME43923,GLIDEX 500 MG X 30 TABLETAS RECUBIERTAS,GLIDEX,https://mav.farmaciasaas.com/api/images/articulos/DISTRIBUCION/52469.jpg,cobeca,GLIDEX TAB REC 500MG X30 PLX
39519,ME43924,GLIDEX 850 MG X 30 TABLETAS RECUBIERTAS,GLIDEX,https://mav.farmaciasaas.com/api/images/articulos/DISTRIBUCION/52970.jpg,cobeca,GLIDEX TAB REC 850MG X30 PLX
39525,ME44135,IBUFEN 800 MG X 6 COMPRIMIDOS RECUBIERTOS,IBUFEN,https://mav.farmaciasaas.com/api/images/articulos/DISTRIBUCION/54227.jpg,cobeca,IBUFEN COMP REC 800MG X6 FAHD
39526,ME43580,IMOL 20 MG X 30 COMPRIMIDOS RECUBIERTOS,IMOL,https://mav.farmaciasaas.com/api/images/articulos/DISTRIBUCION/52408.jpg,cobeca,IMOL COMP REC 20MG X30 DLR
39527,ME21014,ITISONA 0.1 % CREMA,ITISONA,https://mav.farmaciasaas.com/api/images/articulos/DISTRIBUCION/9412.jpg,cobeca,ITISONA CREM 30G PHARME
39533,ME28267,KETOMED 2 % CHAMPU,KETOMED,https://mav.farmaciasaas.com/api/images/articulos/DISTRIBUCION/30800.jpg,cobeca,KETOMED CHAMPU 100ML MEG
39534,ME33435,KATIVIL 1 G / 10 ML X 60 SOLUCION ORAL,KATIVIL,https://mav.farmaciasaas.com/api/images/articulos/DISTRIBUCION/51086.jpg,cobeca,KATIVIL SOL ORAL 1/10ML S/AZU 240ML COFA
39539,ME42025,MANTIXA 2.5 MG X 30 COMPRIMIDOS RECUBIERTOS,MANTIXA,https://mav.farmaciasaas.com/api/images/articulos/DISTRIBUCION/27090.jpg,cobeca,"MANTIXA COMP REC 2,5MG X30 MEG"
39544,ME38201,MOMEQ 0.1 % CREMA,MOMEQ,https://mav.farmaciasaas.com/api/images/articulos/DISTRIBUCION/21240.jpg,cobeca,"MOMEQ CREM 0,1% 15G PHARME"
39560,ME34819,OPAT 0.1 % SOLUCION OFTALMICA,OPAT,https://mav.farmaciasaas.com/api/images/articulos/DISTRIBUCION/91031.jpg,cobeca,"OPAT SOL OFT 0,1% 5ML L.O"
39563,ME44522,PEPSADEL 262 MG X 12 TABLETAS MASTICABLES,PEPSADEL,https://mav.farmaciasaas.com/api/images/articulos/DISTRIBUCION/26892.jpg,cobeca,PEPSADEL TAB MAST 262MG X12 DISK
39568,ME43545,PROFLOX 1 G / 5 ML SUSPENSION ORAL,PROFLOX,https://mav.farmaciasaas.com/api/images/articulos/DISTRIBUCION/27740.jpg,cobeca,PROFLOX SUSP PED1G/5ML MENTA 200ML ANG/H
39570,ME44237,RESECAL 10 MG X 10 POLVO PARA SUSPENSION ORAL,RESECAL,https://mav.farmaciasaas.com/api/images/articulos/DISTRIBUCION/54046.jpg,cobeca,RESECAL PVO 10MG SOB X10 DISK
39572,ME43643,RIVAREX 10 MG X 30 COMPRIMIDOS RECUBIERTOS,RIVAREX,https://mav.farmaciasaas.com/api/images/articulos/DISTRIBUCION/52904.jpg,cobeca,RIVAREX COMP REC 10MG  X30 DLR
39574,ME44529,SACUMIC 50 MG X 30 COMPRIMIDOS RECUBIERTOS,SACUMIC,https://mav.farmaciasaas.com/api/images/articulos/DISTRIBUCION/54298.jpg,cobeca,SACUMIC COMP REC 50MG X30 MEG
39577,ME30785,SILVEDERMA 1 % CREMA,SILVEDERMA,https://mav.farmaciasaas.com/api/images/articulos/DISTRIBUCION/28865.jpg,cobeca,SILVEDERMA CREM 1% X 50G
39579,ME43556/2,SINMEGAS 125 MG X 20 CAPSULAS BLANDAS,SINMEGAS,https://mav.farmaciasaas.com/api/images/articulos/DISTRIBUCION/53113.jpg,cobeca,SINMEGAS CAP BLD 125MG X20 SIEG
39580,ME43556/3,SINMEGAS 125 MG X 30 CAPSULAS BLANDAS,SINMEGAS,https://mav.farmaciasaas.com/api/images/articulos/DISTRIBUCION/53114.jpg,cobeca,SINMEGAS CAP BLD 125MG X30 SIEG
39588,ME43947,TALFIDEX 20 MG X 2 TABLETAS RECUBIERTAS,TALFIDEX,https://mav.farmaciasaas.com/api/images/articulos/DISTRIBUCION/53285.jpg,cobeca,TALFIDEX TAB REC 20MG X2 PLX
39589,ME43499,TALYSTOR 20 MG X 1 TABLETA MASTICABLE,TALYSTOR,https://mav.farmaciasaas.com/api/images/articulos/DISTRIBUCION/50928.jpg,cobeca,TALYSTOR TAB MAST 20MG X1 PHARME
39591,ME26140,TAXUS 20 MG X 30 COMPRIMIDOS,TAXUS,https://mav.farmaciasaas.com/api/images/articulos/DISTRIBUCION/28335.jpg,cobeca,TAXUS COMP 20MG X30 ADIUM
39592,ME34224,TERBICRYM 1 % CREMA,TERBICRYM,https://mav.farmaciasaas.com/api/images/articulos/DISTRIBUCION/21458.jpg,cobeca,TERBICRYM LOC 1% 30ML AV
39594,ME43863,TOMYCIN 0.3 % SOLUCION OFTALMICA,TOMYCIN,https://mav.farmaciasaas.com/api/images/articulos/DISTRIBUCION/23365.jpg,cobeca,"TOMYCIN SOL OFT 0,3% 5ML CAPSUV"
39595,ME44362,TOPISEPT 2 % CREMA TOPICA,TOPISEPT,https://mav.farmaciasaas.com/api/images/articulos/DISTRIBUCION/26900.jpg,cobeca,TOPISEPT CREM 2% 15G MEY
39596,ME44676,TRUSOMIDA 2 % SOLUCION OFTALMICA,TRUSOMIDA,https://mav.farmaciasaas.com/api/images/articulos/DISTRIBUCION/52801.jpg,cobeca,TRUSOMIDA SOL OFT 2% 5ML DIEMA
39597,ME39978,UDOX 75 MG X 10 CAPSULAS,UDOX,https://mav.farmaciasaas.com/api/images/articulos/DISTRIBUCION/97141.jpg,cobeca,UDOX CAP 75MG X10 DLR
39599,ME42255,VAXIDUO 100 MG - 400 MG X 7 OVULOS VAGINALES,VAXIDUO,https://mav.farmaciasaas.com/api/images/articulos/DISTRIBUCION/25190.jpg,cobeca,VAXIDUO OVU 100MG/400MG X7 CLX
39604,ME43206,ZOCLONAX 7.5 MG X 10 TABLETAS RECUBIERTAS,ZOCLONAX,https://mav.farmaciasaas.com/api/images/articulos/DISTRIBUCION/28792.jpg,cobeca,ZOCLONAX TAB/REC 7.5MG X 10 LA SANTE
37304,ME44030,ACIDO VALPROICO 250 MG / 5 ML JARABE,ACIDO VALPROICO,https://pccentro.net.ve/img/s/7/2/3/0/6/72306-large_default.webp,farmanselmo,DIALPRON ACIDO VALPROICO SUSPENSION 250MG/5ML x120ML DISTRILAB (E) (score=1.000)
37365,ME23174/4,VALPRON 500 MG X 60 TABLETAS,VALPRON,https://pccentro.net.ve/img/s/7/1/4/2/5/71425-large_default.webp,farmanselmo,VALPRON ACIDO VALPROICO 500 MG x60 TABLETAS FARMA (E) (score=1.000)
37380,ME33783/2,AIRON 10 MG X 10 TABLETAS RECUBIERTAS,AIRON,https://pccentro.net.ve/img/s/1/8/2/0/6/18206-large_default.webp,farmanselmo,AIRON MONTELUKAST 10MG x10 TABLETAS MASTICABLES OFTALMI (E) (score=1.000)
37408,ME33085/3,ALSART 160 MG X 30 CAPSULAS,ALSART,https://pccentro.net.ve/img/s/3/5/0/4/0/35040-large_default.webp,farmanselmo,ALSART VALSARTAN 160MG X30 CAPSULAS SIEGFRIED (E) (score=1.000)
37417,ME37587,AMBROXOL CLORHIDRATO - LORATADINA 30 MG - 5 MG / 5 ML JARABE,AMBROXOL CLORHIDRATO - LORATADINA,https://pccentro.net.ve/img/s/8/0/1/5/3/80153-large_default.webp,farmanselmo,BROXOL ALERG AMBROXOL CLORHIDRATO+LORATADINA (30MG+5MG)/5ML JARABE x100ML PHARMETIQUE (E) (score=1.000)
39038,ME40042,AMLODIPINA - VALSARTAN 10 MG - 160 MG COMPRIMIDOS RECUBIERTOS,AMLODIPINA - VALSARTAN,https://pccentro.net.ve/img/s/7/8/4/7/9/78479-large_default.webp,farmanselmo,AMSARTIQUE AMLODIPINA+VALSARTAN 160 MG+10 MG x30 TABLETAS PHARMETIQUE (E) (score=1.000)
37461,ME24592/2,ANASMOL 5 MG X 10 COMPRIMIDOS,ANASMOL,https://pccentro.net.ve/img/s/7/5/7/4/9/75749-large_default.webp,farmanselmo,ANASMOL 5 WARFARINA SODICA COMPRIMIDOS 5 MG X 10 MEGALABS (E) (score=1.000)
39058,ME36411,ANTIFOM 125 MG X 10 TABLETAS MASTICABLES,ANTIFOM,https://pccentro.net.ve/img/s/7/4/2/0/8/74208-large_default.webp,farmanselmo,ANTIFOM SIMETICONA 125MG SABOR A MANDARINA x10 TABLETA MASTICABLES VARGAS (E) (score=1.000)
39059,ME18498,ANTIFOM 80 MG / ML SUSPENSION ORAL,ANTIFOM,https://pccentro.net.ve/img/s/7/6/7/6/3/76763-large_default.webp,farmanselmo,ANTIFOM SIMETICONA SUSPENSION EN GOTAS 80MG/ML x20ML VARGAS (E) (score=1.000)
37572,ME42631,BETAMETASONA - GENTAMICINA - CLOTRIMAZOL 0.5 MG - 1 MG - 10 MG CREMA,BETAMETASONA - GENTAMICINA - CLOTRIMAZOL,https://pccentro.net.ve/img/s/7/3/4/0/9/73409-large_default.webp,farmanselmo,"CREMA TRIPLE ACCION BETAMETASONA+CLOTRIMAZOL+GENTAMICINA (0,5MG+1MG+10MG)/GR CREMA x20GR ALESS (E) (score=1.000)"
37602,ME42224/2,BRASARTAN CTDN 80 MG - 12.5 MG X 10 TABLETAS RECUBIERTAS,BRASARTAN CTDN,https://pccentro.net.ve/img/s/2/3/8/4/3/23843-large_default.webp,farmanselmo,BRASARTAN CTDN VALSARTAN+CLORTALIDONA 80MG/12.5MG x10 TABLETAS FARMA (E) (score=1.000)
39116,ME42373,BRASARTAN CTDN 160 MG - 12.5 MG X 30 TABLETAS RECUBIERTAS,BRASARTAN CTDN,https://pccentro.net.ve/img/s/5/2/4/9/8/52498-large_default.webp,farmanselmo,BRASARTAN CTDN VALSARTAN+CLORTALIDONA  160MG/12.5MG x30 TABLETAS FARMA (E) (score=1.000)
39117,ME40193,BROLAT 5 MG - 30 MG / 5 ML X 10 SOLUCION ORAL,BROLAT,https://pccentro.net.ve/img/s/2/3/7/9/3/23793-large_default.webp,farmanselmo,BROLAT LORATADINA AMBROXOL (5MG+30MG)5ML SOLUCIÓN ORAL EN JARABE x60ML SIEGFRIED (E) (score=1.000)
37618,ME44085,BROMURO DE IPRATROPIO 20 MCG / DOSIS SOLUCION PARA INHALACION ORAL,BROMURO DE IPRATROPIO,https://pccentro.net.ve/img/s/8/0/3/3/1/80331-large_default.webp,farmanselmo,BROMURO DE IPRATROPIO 20MCG INHALADOR 20MCG x200 DOSIS KMPLUS (E) (score=0.800)
37622,ME36416,BRUGESIC FORTE 200 MG / 5 ML X 10 SUSPENSION ORAL,BRUGESIC FORTE,https://pccentro.net.ve/img/s/1/9/4/2/2/19422-large_default.webp,farmanselmo,BRUGESIC FORTE IBUPROFENO SUSPENSION ORAL 200MG/5ML X 60ML ELMOR (E) (score=1.000)
37635,ME23141,BUTILAMINA COMPUESTA 10 MG - 250 MG X 20 TABLETAS RECUBIERTAS,BUTILAMINA COMPUESTA,https://pccentro.net.ve/img/s/7/8/7/1/6/78716-large_default.webp,farmanselmo,BUTILAMINA COMPUESTA HIOSCINA+METAMIZOL(DIPIRONA) 10MG+250MG x20 CAP PLUSANDEX (E) (score=0.800)
37654,ME37346/3,CANDER 8 MG X 30 TABLETAS,CANDER,https://pccentro.net.ve/img/s/2/4/0/1/6/24016-large_default.webp,farmanselmo,CANDER CANDESARTAN 8 MG x30 TABLETAS VALMORCA (E) (score=1.000)
37667,ME43828,CANTIP 8 MG X 30 COMPRIMIDOS,CANTIP,https://pccentro.net.ve/img/s/6/8/9/0/5/68905-large_default.webp,farmanselmo,CANDETIP CANDESARTAN (CANTIP) 8 MG x30 COMPRIMIDOS FC PHARMA (E) (score=1.000)
37690,ME33806,CARVEDIL 6.25 MG X 30 TABLETAS RECUBIERTAS,CARVEDIL,https://pccentro.net.ve/img/s/5/6/2/6/1/56261-large_default.webp,farmanselmo,"CARVEDIL CARVEDILOL 6,25 MG x30 TABLETAS BEHRENS (E) (score=1.000)"
37789,ME33200,CLONATRIL 0.5 MG X 30 COMPRIMIDOS,CLONATRIL,https://pccentro.net.ve/img/s/2/4/1/6/2/24162-large_default.webp,farmanselmo,"CLONATRIL CLONAZEPAM 0,5 MG x30 COMPRIMIDOS MEGALABS (E) (score=1.000)"
37797,HO23370,CLONIPRES 0.150 MG / ML X 3 AMPOLLAS,CLONIPRES,https://pccentro.net.ve/img/s/7/4/6/6/6/74666-large_default.webp,farmanselmo,"CLONIPRES CLONIDINA 0,150MG/ML I.V I.M x3 AMPOLLAS KLINOS MEGALABS (E) (score=1.000)"
39164,ME31744,COVENTROL 12.5 MG COMPRIMIDOS,COVENTROL,https://pccentro.net.ve/img/s/2/3/9/3/5/23935-large_default.webp,farmanselmo,COVENTROL CARVEDILOL 12.5 MG x30TABLETAS LETI (E) (score=0.800)
37867,ME21267/2,DECOBEL 0.5 MG X 10 TABLETAS,DECOBEL,https://pccentro.net.ve/img/s/3/0/8/5/6/30856-large_default.webp,farmanselmo,DECOBEL DEXAMETASONA 0.5MG (E) (score=0.800)
37896,ME43543,MONTELUKAST - DESLORATADINA 10 MG - 5 MG X 10 TABLETAS RECUBIERTAS,MONTELUKAST - DESLORATADINA,https://pccentro.net.ve/img/s/7/2/5/2/6/72526-large_default.webp,farmanselmo,AIRON DUO MONTELUKAST+DESLORATADINA 10MG+5MG x10 TABLETAS OFTALMI (E) (score=1.000)
37938,ME29117/2,DIFEN X 10 TABLETAS RECUBIERTAS,DIFEN X,https://pccentro.net.ve/img/s/7/4/6/0/5/74605-large_default.webp,farmanselmo,DIFEN PLUS ACETAMINOFEN+CAFEINA+DIHIDROERGOTAMINA 650MG-50MG-1MG x10 TABLETAS SIEGFRIED (E) (score=0.850)
37939,ME29117/3,DIFEN X 20 TABLETAS RECUBIERTAS,DIFEN X,https://pccentro.net.ve/img/s/7/1/7/8/4/71784-large_default.webp,farmanselmo,DIFEN PLUS ACETAMINOFEN+CAFEINA+DIHIDROERGOTAMINA 650MG+50MG+1MG x20 TABLETAS SIEGFRIED (E) (score=0.850)
37946,ME34580,DIKLASON 1.8 MG / ML SUSPENSION ORAL,DIKLASON,https://pccentro.net.ve/img/s/8/0/5/5/1/80551-large_default.webp,farmanselmo,DIKLASON DICLOFENAC POTASICO SUSPENSIÓN PEDIATRICA 1.8 MG/ML x120ML LETI (E) (score=1.000)
39191,ME27471,DIKLASON 50 MG COMPRIMIDOS RECUBIERTOS,DIKLASON,https://pccentro.net.ve/img/s/5/3/8/4/4/53844-large_default.webp,farmanselmo,DIKLASON AP (DICLOFENAC P.) 50 MG X10 COMPRIMIDOS LETI (E) (score=1.000)
39192,HO36449,DIKLASON 75 MG / 3 ML X 1 AMPOLLA,DIKLASON,https://pccentro.net.ve/img/s/8/0/5/2/8/80528-large_default.webp,farmanselmo,DIKLASON DICLOFENAC POTASICO I.M 75MG/3ML x 1 AMPOLLA LETI (E) (score=1.000)
37949,ME42159,DILUXEN 60 MG X 20 TABLETAS,DILUXEN,https://pccentro.net.ve/img/s/2/4/5/9/9/24599-large_default.webp,farmanselmo,DILUXEN BROMURO DE PIRIDOSTIGMINA 60 MG x20 TABLETAS FARMA (E) (score=1.000)
38946,ME43348/2,DIOSMINA - HESPERIDINA 450 MG - 50 MG X 10 CAPSULAS BLANDAS,DIOSMINA - HESPERIDINA,https://pccentro.net.ve/img/s/8/5/8/3/1/85831-large_default.webp,farmanselmo,VENACTIN DIOSMINA+HESPERIDINA 450MG/50MG x10 CAPSULAS VIVAX (E) (score=1.000)
37965,ME26655/3,DOL X 10 TABLETAS RECUBIERTAS,DOL X,https://pccentro.net.ve/img/s/8/4/2/9/4/84294-large_default.webp,farmanselmo,DOL GRIP ACETAMINOFEN+CAFEINA+CLORFENIR 325MG-4MG-32MG x10 CAPSULAS CALOX (E) (score=0.850)
37966,ME26655/4,DOL X 20 TABLETAS RECUBIERTAS,DOL X,https://pccentro.net.ve/img/s/8/4/2/7/9/84279-large_default.webp,farmanselmo,DOL PLUS ACETAMINOFEN+CAFEINA+DIHIDROERGOTAMINA 650MG-50MG-1MG x20 TABLETAS CALOX (E) (score=0.850)
37983,ME32119/3,DORIXINA FLEX 125 MG - 5 MG X 10 COMPRIMIDOS RECUBIERTOS,DORIXINA FLEX,https://pccentro.net.ve/img/s/7/1/3/9/5/71395-large_default.webp,farmanselmo,DORIXINA FLEX CLONIXINATO DE LISINA+CICLOBENZAPRINA CLORHIDRATO 125MG+5MG COMPRIMIDOS x10 MEGALABS (E) (score=1.000)
38071,ME39949,FEMMEXTRA 200 MG - 10 MG X 10 CAPSULAS,FEMMEXTRA,https://pccentro.net.ve/img/s/3/0/7/4/8/30748-large_default.webp,farmanselmo,FEMMEXTRA IBUPROFENO+HIOSCINA 200MG-10 MG x10 CAPSULAS FARMA (E) (score=1.000)
38084,ME14878,FERROCE 300 MG - 50 MG X 30 TABLETAS ENTERICAS,FERROCE,https://pccentro.net.ve/img/s/7/5/8/1/6/75816-large_default.webp,farmanselmo,FERROCE HIERRO ACIDO ASCORBICO 300MG/50MG x30 TABLETAS SIEGFRIED (E) (score=1.000)
38085,ME13615,FERROCE CON B12 JARABE,FERROCE CON,https://pccentro.net.ve/img/s/7/5/8/1/8/75818-large_default.webp,farmanselmo,FERROCE CON B12 HIERRO+VITAMINA B12+VITAMINA C JARABE x120ML SIEGFRIED (E) (score=0.750)
38089,ME36180,FEXOFENADINA CLORHIDRATO 120 MG X 10 TABLETAS RECUBIERTAS,FEXOFENADINA CLORHIDRATO,https://pccentro.net.ve/img/s/8/3/9/6/9/83969-large_default.webp,farmanselmo,FEXOFENADINA CLORHIDRATO 120MG x10 TABLETAS CALOX (E) (score=1.000)
38098,ME39597/3,FITEX 5 MG X 30 TABLETAS,FITEX,https://pccentro.net.ve/img/s/3/0/8/7/0/30870-large_default.webp,farmanselmo,FITEX TADALAFILO 5 MG x30 TABLETAS FARMA (E) (score=1.000)
38131,ME44703,TIMOLOL - DORZOLAMIDA 0.5 % - 2 % X 28 SOLUCION OFTALMICA,TIMOLOL - DORZOLAMIDA,https://pccentro.net.ve/img/s/7/5/6/4/0/75640-large_default.webp,farmanselmo,"COFADOR-T DORZOLAMIDA+TIMOLOL 2%-0,5% SOLUCION OFTALMICA x5ML COFASA (E) (score=0.750)"
38267,ME35154/3,KAPET 75 MG X 30 TABLETAS RECUBIERTAS,KAPET,https://pccentro.net.ve/img/s/3/5/6/5/7/35657-large_default.webp,farmanselmo,KAPET CLOPIDOGREL 75MG x30 TABLETAS SIEGFRIED (E) (score=1.000)
38282,ME43274,CLINDAMICINA - KETOCONAZOL 100 MG - 400 MG OVULOS VAGINALES,CLINDAMICINA - KETOCONAZOL,https://pccentro.net.ve/img/s/8/5/3/0/4/85304-large_default.webp,farmanselmo,VAXIDUO CLINDAMICINA+KETOCONAZOL 100MG+400MG OVULOS x7 UNIDADES VIVAX (E) (score=1.000)
38315,ME352,LECHE DE MAGNESIA 8.5 % SUSPENSION SABOR ORIGINAL,LECHE DE MAGNESIA,https://pccentro.net.ve/img/s/3/0/8/6/3/30863-large_default.webp,farmanselmo,LECHE DE MAGNESIA ORIGINAL SUSPENSIÓN ORAL 8.5 % (E) (score=0.750)
38316,ME30537,ARAVA 20 MG X 30 TABLETAS RECUBIERTAS,ARAVA,https://pccentro.net.ve/img/s/7/6/7/2/7/76727-large_default.webp,farmanselmo,ARAVA LEFLUNOMIDA 20 MG x30 TABLETAS SANOFI CALOX (E) (score=1.000)
38389,ME43383,LORATADINA - AMBROXOL CLORHIDRATO 5 MG - 30 MG X 10 TABLETAS,LORATADINA - AMBROXOL CLORHIDRATO,https://pccentro.net.ve/img/s/2/3/7/9/4/23794-large_default.webp,farmanselmo,BROLAT LORATADINA+AMBROXOL CLORHIDRATO 5MG+30MG x10 TABLETAS SIEGFRIED (E) (score=1.000)
38394,ME27541,LOREX 1 MG / ML JARABE,LOREX,https://pccentro.net.ve/img/s/7/5/4/0/7/75407-large_default.webp,farmanselmo,LOREX LORATADINA JARABE 1MG/ML x60ML DOLLDER (E) (score=1.000)
38445,ME537,MENTOL DAVIS UNGUENTO,MENTOL DAVIS UNGUENTO,https://pccentro.net.ve/img/s/2/3/4/3/2/23432-large_default.webp,farmanselmo,DAVIS MENTOL UNGÜENTO 28.35g (E) (score=0.850)
38573,ME36695,NORMIX 200 MG X 12 TABLETAS RECUBIERTAS,NORMIX,https://pccentro.net.ve/img/s/7/2/2/3/1/72231-large_default.webp,farmanselmo,NORMIX RIFAXIMINA 200MG x12 TABLETAS FARMA (E) (score=1.000)
38673,HO31052/3,PLIDAN COMPUESTO 15 MG / 2 ML - 100 MG / 2 ML X 2 AMPOLLAS,PLIDAN COMPUESTO,https://pccentro.net.ve/img/s/8/4/0/4/6/84046-large_default.webp,farmanselmo,PLIDAN COMPUESTO PROPINOX CLORHIDRATO 15MG/2ML CLONIXINATO DE LISINA 100MG/2ML (E) (score=0.800)
39351,ME39374,REGULIP 10 MG X 30 TABLETAS,REGULIP,https://pccentro.net.ve/img/s/3/5/6/2/9/35629-large_default.webp,farmanselmo,REGULIP ROSUVASTATINA 10MG x30 TABLETAS FARMA (E) (score=1.000)
39571,ME42149,RIFAMIX 550 MG X 10 COMPRIMIDOS RECUBIERTOS,RIFAMIX,https://pccentro.net.ve/img/s/7/9/6/0/5/79605-large_default.webp,farmanselmo,RIFAMIX RIFAXIMINA 550 MG X10 COMPRIMIDOS (E) (score=1.000)
38757,ME37202,ROWELUK 10 MG X 10 COMPRIMIDOS RECUBIERTOS,ROWELUK,https://pccentro.net.ve/img/s/5/6/3/8/8/56388-large_default.webp,farmanselmo,ROWELUK 10 MONTELUKAST 10 MG x10 COMPRIMIDOS MEGALABS (E) (score=1.000)
38805,HO33901,SOMAZINA 1000 MG / 4 ML X 5 AMPOLLAS,SOMAZINA,https://pccentro.net.ve/img/s/6/9/8/8/3/69883-large_default.webp,farmanselmo,"SOMAZINA CITICOLINA 1000MG/4ML I.M, I.V x5 AMPOLLA LETI (E) (score=1.000)"
39378,ME18961,TACHIPIRIN 100 MG / ML SOLUCION ORAL,TACHIPIRIN,https://pccentro.net.ve/img/s/2/2/6/9/4/22694-large_default.webp,farmanselmo,TACHIPIRIN ACETAMINOFEN 100MG/ML EN GOTAS x30ML ELMOR (E) (score=1.000)
39380,ME19288,TACHIPIRIN 500 MG X 20 TABLETAS,TACHIPIRIN,https://pccentro.net.ve/img/s/5/4/8/7/6/54876-large_default.webp,farmanselmo,TACHIPIRIN ACETAMINOFEN TACHIPIRIN 500 MG x20 TABLETAS ELMOR (E) (score=1.000)
38840,ME42467/2,TAMOSTIN 0.4 MG X 20 CAPSULAS DE LIBERACION PROLONGADA,TAMOSTIN,https://pccentro.net.ve/img/s/5/4/8/7/7/54877-large_default.webp,farmanselmo,TAMOSTIN TAMSULOSINA LP 0.4 MG x20 CAPSULAS LETI (E) (score=1.000)
38846,ME2955,TAPAZOL 5 MG X 60 TABLETAS,TAPAZOL,https://pccentro.net.ve/img/s/9/4/8/3/1/94831-large_default.webp,farmanselmo,TAPAZOL 5 MG 60 TABLETAS FARMA (E) (score=1.000)
38847,ME36643/2,TEKRON 200 MG X 10 COMPRIMIDOS RECUBIERTOS,TEKRON,https://pccentro.net.ve/img/s/7/8/8/6/8/78868-large_default.webp,farmanselmo,TEKRON SULBUTIAMINA 200 MG (E) (score=0.800)
38850,ME28561/2,TENSOMAX 30 MG X 10 CAPSULAS DE LIBERACION PROLONGADA,TENSOMAX,https://pccentro.net.ve/img/s/5/4/9/6/3/54963-large_default.webp,farmanselmo,TENSOMAX L.P. NIFEDIPINA 30MG x10 CAPSULAS LETI (E) (score=1.000)
39387,ME28562,TENSOMAX 60 MG X 10 CAPSULAS DE LIBERACION PROLONGADA,TENSOMAX,https://pccentro.net.ve/img/s/7/4/4/6/7/74467-large_default.webp,farmanselmo,TENSOMAX L.P. NIFEDIPINA 60 MG x10 CAPSULAS LETI (E) (score=1.000)
38874,ME37625,TIOCOLFEN 600 MG - 4 MG X 10 TABLETAS RECUBIERTAS,TIOCOLFEN,https://pccentro.net.ve/img/s/8/1/0/1/6/81016-large_default.webp,farmanselmo,TIOCOLFEN IBUPROFENO+TIOCOLCHICOSIDO 600MG+4MG x10 TABLETAS PHARMETIQUE (E) (score=1.000)
38890,ME23882,TRAMAL 100 MG / ML SOLUCION ORAL,TRAMAL,https://pccentro.net.ve/img/s/7/4/5/9/5/74595-large_default.webp,farmanselmo,TRAMAL TRAMADOL GOTAS 100MG/1ML x10 ML GRUNENTHAL CCM (E) (score=1.000)
38968,ME32842/2,VITAMINA E 400 UI X 30 CAPSULAS BLANDAS,VITAMINA E,https://pccentro.net.ve/img/s/7/7/8/5/8/77858-large_default.webp,farmanselmo,VITAMINA E (ALFA-TOCOFEROL) 400 UI x30 CÁPSULAS VIVAX (E) (score=1.000)
38969,ME32842/3,VITAMINA E 400 UI X 50 CAPSULAS BLANDAS,VITAMINA E,https://pccentro.net.ve/img/s/8/2/7/4/6/82746-large_default.webp,farmanselmo,VITAMINA E 400MG x50 CAPSULAS NOW (E) (score=1.000)
38982,HO41121/2,XANEXTRA 500 MG / 5 ML X 1 AMPOLLA,XANEXTRA,https://pccentro.net.ve/img/s/3/0/6/1/1/30611-large_default.webp,farmanselmo,XANEXTRA ACIDO TRANEXAMICO SOLUCIÓN INYECTABLE ALESS 500MG/5ML x1 AMPOLLA ALESS (E) (score=1.000)
39031,ME37677,SECNIDAZOL - ITRACONAZOL 166.66 MG - 33.33 MG X 12 CAPSULAS,SECNIDAZOL - ITRACONAZOL,https://pccentro.net.ve/img/s/1/8/2/1/3/18213-large_default.webp,farmanselmo,ALBISEC SECNIDAZOL+ITRACONAZOL x12 CAPSULAS VIVAX (E) (score=0.750)
39072,ME28426,ARBIXIL 15 MG - 10 MCG / 5 ML JARABE,ARBIXIL,https://pccentro.net.ve/img/s/1/8/2/1/8/18218-large_default.webp,farmanselmo,ARBIXIL AMBROXOL+CLENBUTEROL (15MG+10 MG)/5ML JARABE ADULTO x120ML SIEGFRIED (E) (score=1.000)
39073,ME28401,ARBIXIL 7.5 MG - 5 MCG / 5 ML JARABE,ARBIXIL,https://pccentro.net.ve/img/s/1/8/1/9/8/18198-large_default.webp,farmanselmo,"ARBIXIL AMBROXOL+CLENBUTEROL (7,5MG+5MCG)/5ML JARABE PEDIATRICO x120ML SIEGFRIED (E) (score=1.000)"
39093,ME19402,BALSADER POMADA,BALSADER POMADA,https://pccentro.net.ve/img/s/3/2/3/4/5/32345-large_default.webp,farmanselmo,"BALSADER POMADA SALICILATO DE METILO+ALCANFOR+MENTOL+EUCALIPTO 12%-1%-1%-0,5% x30GR KIMICEG (E) (score=0.900)"
39189,ME38307,DIFEN PLUS X 10 TABLETAS,DIFEN PLUS X,https://pccentro.net.ve/img/s/7/4/6/0/5/74605-large_default.webp,farmanselmo,DIFEN PLUS ACETAMINOFEN+CAFEINA+DIHIDROERGOTAMINA 650MG-50MG-1MG x10 TABLETAS SIEGFRIED (E) (score=0.850)
39215,ME42352,FEMIZOL 750 MG - 200 MG OVULOS.,FEMIZOL,https://pccentro.net.ve/img/s/4/1/3/1/4/41314-large_default.webp,farmanselmo,FEMIZOL METRONIDAZOL+NITRATO DE MICONAZOL 750MG-200MG x7 OVULOS VARGAS (E) (score=1.000)
39272,ME36355,KETOROLAC 10 MG COMPRIMIDOS,KETOROLAC,https://pccentro.net.ve/img/s/2/4/4/8/9/24489-large_default.webp,farmanselmo,DOLAK KETOROLAC 10MG SUBLINGUAL x10 COMPRIMIDOS DOLLDER (E) (score=1.000)
39293,ME42469,ROWELUK PLUS 5 MG - 2.5 MG X 10 COMPRIMIDOS MASTICABLES,ROWELUK PLUS,https://pccentro.net.ve/img/s/8/0/8/7/2/80872-large_default.webp,farmanselmo,ROWELUK PLUS MONTELUKAST+DESLORATADINA 5MG+2.5MG x10 COMPRIMIDOS MEGALABS (E) (score=1.000)
39314,ME40982,NAPROXENO SODICO 275 MG COMPRIMIDOS RECUBIERTOS,NAPROXENO SODICO,https://pccentro.net.ve/img/s/7/0/9/2/3/70923-large_default.webp,farmanselmo,NAPROXENO SÓDICO 275 MG  X10 COMPRIMIDOS GENVEN (E) (score=1.000)
39332,ME42182,OROFENO 150 MG COMPRIMIDOS DE LIBERACION CONTROLADA,OROFENO,https://pccentro.net.ve/img/s/5/5/0/6/3/55063-large_default.webp,farmanselmo,OROFENO(KETOPROFENO)150MG X 10 COMPRIMIDOS LETI (E) (score=1.000)
39357,ME32233,RINOLAST D 30 MG - 30 MG / 5 ML SUSPENSION ORAL,RINOLAST D,https://pccentro.net.ve/img/s/2/2/9/0/0/22900-large_default.webp,farmanselmo,RINOLAST-D FEXOFENADINA+PSEUDOEFEDRINA SUSPENSION (30MG+30MG)/5ML x120ML FARMA (E) (score=1.000)
39377,ME43593,TACHIGRIP FORTE X 6 POLVO PARA SOLUCION ORAL,TACHIGRIP FORTE X,https://pccentro.net.ve/img/s/7/6/9/9/0/76990-large_default.webp,farmanselmo,TACHIGRIP FORTE ACETAMINOFENO+DEXCLORFENIRAMINA MALEATO+CAFEINA 650MG+2MG+30MG x6 SOBRES EN CAJA ELM (E) (score=0.650)
39381,ME35671,TACHIPIRIN FORTE 160 MG / 5 ML SUSPENSION ORAL,TACHIPIRIN FORTE,https://pccentro.net.ve/img/s/2/5/9/6/4/25964-large_default.webp,farmanselmo,TACHIPIRIN ACETAMINOFEN FORTE 160MG/5ML (32MG/ML) SUSPENSION x120ML ELMOR (E) (score=1.000)
39406,ME37749,VALSARTAN CON HIDROCLOROTIAZIDA 80 MG - 12.5 MG COMPRIMIDOS,VALSARTAN CON HIDROCLOROTIAZIDA,https://pccentro.net.ve/img/s/5/6/1/6/8/56168-large_default.webp,farmanselmo,VALSARTAN CON /HIDROCLOROTIAZIDA 80MG+12.5MG X10 COMPRIMIDOS G.C VARGAS (E) (score=1.000)
39435,ME37481,ATOVAROL 20 MG X 30 CAPSULAS BLANDAS,ATOVAROL,https://pccentro.net.ve/img/s/7/4/0/1/7/74017-large_default.webp,farmanselmo,ATOVAROL ATORVASTATINA 20 MG x30 CAPSULAS VIVAX (E) (score=1.000)
39465,ME36834,CROMUS 0.1 % UNGUENTO,CROMUS,https://pccentro.net.ve/img/s/7/2/8/1/9/72819-large_default.webp,farmanselmo,CROMUS TACROLIMUS 0.1 % CREMA x15GR VIVAX (E) (score=0.850)
39482,MI37540,DICLOFENAC DIETILAMINA 1.16 % EMULGEL,DICLOFENAC DIETILAMINA,https://pccentro.net.ve/img/s/8/0/6/4/5/80645-large_default.webp,farmanselmo,DICLODAC DICLOFENAC DIETILAMINA GEL 1.16% x30GR DAC55 (E) (score=0.850)
39498,ME43797,ELMETACIN-IND 1 % SOLUCION TOPICA,ELMETACIN-IND,https://pccentro.net.ve/img/s/8/9/4/4/5/89445-large_default.webp,farmanselmo,ELMETACIN - IND 1% (INDOMETACINA) SOLUCION TOPICA 30ML (E) (score=0.750)
39514,ME43614,GESTAGENO 100 MG CAPSULAS DE GELATINA BLANDA X 10 CAPSULAS,GESTAGENO,https://pccentro.net.ve/img/s/3/9/7/7/1/39771-large_default.webp,farmanselmo,GESTAGENO (PROGESTERONA) 100 MG (E) (score=0.800)
39515,ME43613,GESTAGENO 200 MG CAPSULAS DE GELATINA BLANDA X 10 CAPSULAS,GESTAGENO,https://pccentro.net.ve/img/s/7/5/9/8/0/75980-large_default.webp,farmanselmo,GESTAGENO (PROGESTERONA) 200 MG (E) (score=0.800)
39585,ME43518,SYNARTROS 60 MG X 10 TABLETAS RECUBIERTAS,SYNARTROS,https://pccentro.net.ve/img/s/2/5/9/5/4/25954-large_default.webp,farmanselmo,SYNARTROS (ETORICOXIB) 60MG X10 TABLETAS FC PHARMA (E) (score=1.000)
39603,ME42702,REHIDROSOL ZINC 60 MEQ / L SOLUCION ELECTROLITICA USO ORAL SABOR A MANZANA X 30 SOLUCION ORAL,REHIDROSOL ZINC,https://pccentro.net.ve/img/s/7/4/1/8/9/74189-large_default.webp,farmanselmo,REHIDROSOL ZINC SOLUCION ELECTROLITICA 60MEQ/L ORAL SABOR MANZANA x600ML BEHRENS (E) (score=0.750)