producto_id,sku,nombre_comercial,foto_url,fuente,fecha
37291,ME36296,ABRETIA 10 MG X 10 CAPSULAS,https://mav.farmaciasaas.com/api/images/articulos/DISTRIBUCION/17769.jpg,cobeca,
37292,ME36437,ABRETIA 18 MG X 10 CAPSULAS,https://mav.farmaciasaas.com/api/images/articulos/DISTRIBUCION/17770.jpg,cobeca,
37293,ME36438,ABRETIA 25 MG X 20 CAPSULAS,https://mav.farmaciasaas.com/api/images/articulos/DISTRIBUCION/17768.jpg,cobeca,
37305,ME23534,ACALIX 60 MG X 30 TABLETAS,https://mav.farmaciasaas.com/api/images/articulos/DISTRIBUCION/4986.jpg,cobeca,
37307,ME36867,ACETAB 250 MG X 20 TABLETAS,https://mav.farmaciasaas.com/api/images/articulos/DISTRIBUCION/90118.jpg,cobeca,
37329,ME24875,ACEVAL 100 MG / ML SOLUCION ORAL EN GOTAS,https://mav.farmaciasaas.com/api/images/articulos/DISTRIBUCION/4669.jpg,cobeca,
37330,ME42976,ACEVAL 180 MG / 5 ML SOLUCION ORAL,https://mav.farmaciasaas.com/api/images/articulos/DISTRIBUCION/22391.jpg,cobeca,
37331,ME30496/2,ACEVAL 650 MG X 10 TABLETAS,https://mav.farmaciasaas.com/api/images/articulos/DISTRIBUCION/646.jpg,cobeca,
37332,ME30496/3,ACEVAL 650 MG X 50 TABLETAS,https://mav.farmaciasaas.com/api/images/articulos/DISTRIBUCION/24308.jpg,cobeca,
37333,ME31082,ACICLOR 1 G X 10 COMPRIMIDOS A.P.,https://mav.farmaciasaas.com/api/images/articulos/DISTRIBUCION/3203.jpg,cobeca,
37334,ME24209,ACICLOR 5 % CREMA,https://mav.farmaciasaas.com/api/images/articulos/DISTRIBUCION/8876.jpg,cobeca,
37362,ME43542,ACIDO MEFENAMICO 500 MG X 10 TABLETAS,https://mav.farmaciasaas.com/api/images/articulos/DISTRIBUCION/28706.jpg,cobeca,
37364,ME23174/3,VALPRON 500 MG X 30 TABLETAS,https://mav.farmaciasaas.com/api/images/articulos/DISTRIBUCION/5235.jpg,cobeca,
37370,ME36828/2,AFLAMAX 50 MG X 10 TABLETAS RECUBIERTAS,https://mav.farmaciasaas.com/api/images/articulos/DISTRIBUCION/19583.jpg,cobeca,
37371,ME36828/3,AFLAMAX 50 MG X 20 TABLETAS RECUBIERTAS,https://mav.farmaciasaas.com/api/images/articulos/DISTRIBUCION/92341.jpg,cobeca,
37372,ME27634,AFOKLIN 5 MG X 20 COMPRIMIDOS,https://mav.farmaciasaas.com/api/images/articulos/DISTRIBUCION/778.jpg,cobeca,
37373,ME27414,AFOKLIN 10 MG / ML SOLUCION ORAL,https://mav.farmaciasaas.com/api/images/articulos/DISTRIBUCION/779.jpg,cobeca,
37376,ME43879,AIRCOF PLUS 5 MG - 2.5 MG X 30 TABLETAS MASTICABLES,https://mav.farmaciasaas.com/api/images/articulos/DISTRIBUCION/53225.jpg,cobeca,
37377,ME43889,AIRCOF 10 MG X 30 TABLETAS MASTICABLES,https://mav.farmaciasaas.com/api/images/articulos/DISTRIBUCION/53060.jpg,cobeca,
37378,ME20628,AIRFEN 0.05 % SOLUCION NASAL,https://mav.farmaciasaas.com/api/images/articulos/DISTRIBUCION/4340.jpg,cobeca,
37379,ME33783/3,AIRON 10 MG X 30 TABLETAS RECUBIERTAS,https://mav.farmaciasaas.com/api/images/articulos/DISTRIBUCION/5930.jpg,cobeca,
39028,ME33777/3,AIRON 5 MG X 30 TABLETAS MASTICABLES,https://mav.farmaciasaas.com/api/images/articulos/DISTRIBUCION/5931.jpg,cobeca,
37388,ME28826,ALBICAR 400 MG / 10 ML SUSPENSION,https://mav.farmaciasaas.com/api/images/articulos/DISTRIBUCION/9806.jpg,cobeca,
37389,ME27447/2,ALBICAR 200 MG X 2 TABLETAS,https://mav.farmaciasaas.com/api/images/articulos/DISTRIBUCION/9807.jpg,cobeca,
37390,ME27447/3,ALBICAR 200 MG X 6 TABLETAS,https://mav.farmaciasaas.com/api/images/articulos/DISTRIBUCION/9782.jpg,cobeca,
37392,ME43312,ALENTIK 70 MG X 4 TABLETAS,https://mav.farmaciasaas.com/api/images/articulos/DISTRIBUCION/50731.jpg,cobeca,
37393,ME33876,ALERGOT 0.05 % SOLUCION OFTALMICA,https://mav.farmaciasaas.com/api/images/articulos/DISTRIBUCION/5332.jpg,cobeca,
37394,ME35409,ALFADYN 0.2 % SOLUCION OFTALMICA,https://mav.farmaciasaas.com/api/images/articulos/DISTRIBUCION/8457.jpg,cobeca,
37395,ME42912,ALGIOL 5 MG X 30 COMPRIMIDOS RECUBIERTOS,https://mav.farmaciasaas.com/api/images/articulos/DISTRIBUCION/23948.jpg,cobeca,
37396,ME16713,ALGOREN 10 MG X 20 TABLETAS,https://mav.farmaciasaas.com/api/images/articulos/DISTRIBUCION/104.jpg,cobeca,
37401,ME33170,ALPRAM 0.5 MG X 30 TABLETAS,https://mav.farmaciasaas.com/api/images/articulos/DISTRIBUCION/5177.jpg,cobeca,
37402,ME33214,ALPRAM 1 MG X 30 TABLETAS,https://mav.farmaciasaas.com/api/images/articulos/DISTRIBUCION/5184.jpg,cobeca,
37403,ME33171,ALPRAM 2 MG X 30 TABLETAS,https://mav.farmaciasaas.com/api/images/articulos/DISTRIBUCION/5185.jpg,cobeca,
37407,ME33085/2,ALSART 160 MG X 10 CAPSULAS,https://mav.farmaciasaas.com/api/images/articulos/DISTRIBUCION/20787.jpg,cobeca,
37409,ME33084/2,ALSART 80 MG X 10 CAPSULAS,https://mav.farmaciasaas.com/api/images/articulos/DISTRIBUCION/20332.jpg,cobeca,
37410,ME33084/3,ALSART 80 MG X 30 CAPSULAS,https://mav.farmaciasaas.com/api/images/articulos/DISTRIBUCION/20333.jpg,cobeca,
37411,ME41242,ALURON 300 MG X 20 COMPRIMIDOS,https://mav.farmaciasaas.com/api/images/articulos/DISTRIBUCION/13540.jpg,cobeca,
37412,ME16002,ALURON 100 MG X 30 TABLETAS,https://mav.farmaciasaas.com/api/images/articulos/DISTRIBUCION/119.jpg,cobeca,
37413,ME44324,AMANIRIS 81 MG X 30 COMPRIMIDOS CON CUBIERTA ENTERICA,https://mav.farmaciasaas.com/api/images/articulos/DISTRIBUCION/29745.jpg,cobeca,
37449,ME31313,AMOXIDUO 875 MG X 14 COMPRIMIDOS RECUBIERTOS,https://mav.farmaciasaas.com/api/images/articulos/DISTRIBUCION/1481.jpg,cobeca,
37450,ME21824,AMOXIVAL 500 MG X 12 CAPSULAS,https://mav.farmaciasaas.com/api/images/articulos/DISTRIBUCION/5739.jpg,cobeca,
37453,ME40054,AMOXIVAL 875 MG X 20 TABLETAS RECUBIERTAS,https://mav.farmaciasaas.com/api/images/articulos/DISTRIBUCION/98747.jpg,cobeca,
37455,ME43076,AMPLIDER 50 MG X 10 CAPSULAS BLANDAS,https://mav.farmaciasaas.com/api/images/articulos/DISTRIBUCION/28394.jpg,cobeca,
37456,ME35424,ANALPER PLUS 500 MG - 10 MG X 10 TABLETAS RECUBIERTAS,https://mav.farmaciasaas.com/api/images/articulos/DISTRIBUCION/7690.jpg,cobeca,
37457,ME40477,ANANTY FORTE 160 MG / 5 ML SUSPENSION,https://mav.farmaciasaas.com/api/images/articulos/DISTRIBUCION/13266.jpg,cobeca,
37458,ME38820,ANANTY 120 MG / 5 ML SUSPENSION,https://mav.farmaciasaas.com/api/images/articulos/DISTRIBUCION/6865.jpg,cobeca,
37459,ME42977,ANANTY 650 MG X 10 TABLETAS,https://mav.farmaciasaas.com/api/images/articulos/DISTRIBUCION/6868.jpg,cobeca,
37460,ME44118,ANAPIRFLEX 600 MG – 4 MG X 10 TABLETAS RECUBIERTAS,https://mav.farmaciasaas.com/api/images/articulos/DISTRIBUCION/29669.jpg,cobeca,
37462,ME24592/3,ANASMOL 5 MG X 30 COMPRIMIDOS,https://mav.farmaciasaas.com/api/images/articulos/DISTRIBUCION/95473.jpg,cobeca,
39051,ME27042,ANASMOL 2.5 MG COMPRIMIDOS,https://mav.farmaciasaas.com/api/images/articulos/DISTRIBUCION/1878.jpg,cobeca,
37467,ME30811,ANSILAN 0.5 MG X 30 COMPRIMIDOS RECUBIERTOS,https://mav.farmaciasaas.com/api/images/articulos/DISTRIBUCION/1297.jpg,cobeca,
37468,ME30871,ANSILAN 1 MG X 30 COMPRIMIDOS RECUBIERTOS,https://mav.farmaciasaas.com/api/images/articulos/DISTRIBUCION/1298.jpg,cobeca,
37469,ME41688,ANSILAN 2 MG X 30 COMPRIMIDOS RECUBIERTOS,https://mav.farmaciasaas.com/api/images/articulos/DISTRIBUCION/16881.jpg,cobeca,
37470,ME43410/3,ANTAAR 1.25 MG X 30 TABLETAS RECUBIERTAS,https://mav.farmaciasaas.com/api/images/articulos/DISTRIBUCION/29562.jpg,cobeca,
37472,ME39619,ANTAAR 10 MG X 30 TABLETAS RECUBIERTAS,https://mav.farmaciasaas.com/api/images/articulos/DISTRIBUCION/17094.jpg,cobeca,
39054,ME40060/3,ANTAAR 2.5 MG X 30 TABLETAS RECUBIERTAS,https://mav.farmaciasaas.com/api/images/articulos/DISTRIBUCION/15626.jpg,cobeca,
39055,ME40060/2,ANTAAR 2.5 MG X 10 TABLETAS RECUBIERTAS,https://mav.farmaciasaas.com/api/images/articulos/DISTRIBUCION/21066.jpg,cobeca,
39056,ME40058,ANTAAR 5 MG X 30 TABLETAS RECUBIERTAS,https://mav.farmaciasaas.com/api/images/articulos/DISTRIBUCION/16094.jpg,cobeca,
37473,ME40192,ANTIFOM 160 MG X 10 COMPRIMIDOS RECUBIERTOS,https://mav.farmaciasaas.com/api/images/articulos/DISTRIBUCION/23430.jpg,cobeca,
37475,ME43225,APIRET FORTE 650 MG X 10 TABLETAS,https://mav.farmaciasaas.com/api/images/articulos/DISTRIBUCION/50410.jpg,cobeca,
37478,ME43224,APIRET 500 MG X 10 TABLETAS,https://mav.farmaciasaas.com/api/images/articulos/DISTRIBUCION/28791.jpg,cobeca,
39061,ME42275,APIRET 125 MG SUPOSITORIOS,https://mav.farmaciasaas.com/api/images/articulos/DISTRIBUCION/26389.jpg,cobeca,
39062,ME34032,APIRET 180 MG / 5 ML SOLUCION ORAL,https://mav.farmaciasaas.com/api/images/articulos/DISTRIBUCION/99842.jpg,cobeca,
39063,ME42141,APIRET 250 MG SUPOSITORIOS,https://mav.farmaciasaas.com/api/images/articulos/DISTRIBUCION/22131.jpg,cobeca,
37482,ME42366/3,APLACAL 750 MG X 80 TABLETAS MASTICABLES SABOR A BANANA,https://mav.farmaciasaas.com/api/images/articulos/DISTRIBUCION/52504.jpg,cobeca,
37483,ME42366/2,APLACAL 750 MG X 10 TABLETAS MASTICABLES SABOR A BANANA,https://mav.farmaciasaas.com/api/images/articulos/DISTRIBUCION/21600.jpg,cobeca,
39064,ME42368/2,APLACAL 750 MG TABLETAS MASTICABLES SABOR A FRAMBUESA X 10 TABLETAS,https://mav.farmaciasaas.com/api/images/articulos/DISTRIBUCION/21600.jpg,cobeca,
39065,ME42368/3,APLACAL 750 MG TABLETAS MASTICABLES SABOR A FRAMBUESA X 80 TABLETAS,https://mav.farmaciasaas.com/api/images/articulos/DISTRIBUCION/52504.jpg,cobeca,
39066,ME42365/2,APLACAL 750 MG X 10 TABLETAS MASTICABLES SABOR A MENTA,https://mav.farmaciasaas.com/api/images/articulos/DISTRIBUCION/21600.jpg,cobeca,
39067,ME42365/4,APLACAL 750 MG X 120 TABLETAS MASTICABLES SABOR A MENTA,https://mav.farmaciasaas.com/api/images/articulos/DISTRIBUCION/21595.jpg,cobeca,
39068,ME42365/3,APLACAL 750 MG X 80 TABLETAS MASTICABLES SABOR A MENTA,https://mav.farmaciasaas.com/api/images/articulos/DISTRIBUCION/52504.jpg,cobeca,
39069,ME42367,APLACAL 750 MG X 80 TABLETAS MASTICABLES SABOR A MANDARINA,https://mav.farmaciasaas.com/api/images/articulos/DISTRIBUCION/52504.jpg,cobeca,
37484,ME43975,APLEXIL 550 MG X 10 TABLETAS RECUBIERTAS,https://mav.farmaciasaas.com/api/images/articulos/DISTRIBUCION/53335.jpg,cobeca,
37488,ME41482,ARCOVAL 60 MG X 10 TABLETAS RECUBIERTAS,https://mav.farmaciasaas.com/api/images/articulos/DISTRIBUCION/52031.jpg,cobeca,
37489,ME41483,ARCOVAL 90 MG X 10 TABLETAS RECUBIERTAS,https://mav.farmaciasaas.com/api/images/articulos/DISTRIBUCION/52032.jpg,cobeca,
37490,ME40810/3,ARESAN 20 MG X 30 TABLETAS RECUBIERTAS,https://mav.farmaciasaas.com/api/images/articulos/DISTRIBUCION/22093.jpg,cobeca,
37491,ME40810/2,ARESAN 20 MG X 10 TABLETAS RECUBIERTAS,https://mav.farmaciasaas.com/api/images/articulos/DISTRIBUCION/51009.jpg,cobeca,
37492,ME23768,ARTENOLOL 100 MG X 30 TABLETAS,https://mav.farmaciasaas.com/api/images/articulos/DISTRIBUCION/19753.jpg,cobeca,
37493,ME41487/2,ARUDIL 15 MG X 10 TABLETAS RECUBIERTAS,https://mav.farmaciasaas.com/api/images/articulos/DISTRIBUCION/19965.jpg,cobeca,
37494,ME41487/3,ARUDIL 15 MG X 30 TABLETAS RECUBIERTAS,https://mav.farmaciasaas.com/api/images/articulos/DISTRIBUCION/19966.jpg,cobeca,
37495,ME41488/2,ARUDIL 20 MG X 10 TABLETAS RECUBIERTAS,https://mav.farmaciasaas.com/api/images/articulos/DISTRIBUCION/19058.jpg,cobeca,
37496,ME41488/3,ARUDIL 20 MG X 30 TABLETAS RECUBIERTAS,https://mav.farmaciasaas.com/api/images/articulos/DISTRIBUCION/19059.jpg,cobeca,
37497,ME32453/3,ASAPROL 81 MG X 100 COMPRIMIDOS ENTERICOS,https://mav.farmaciasaas.com/api/images/articulos/DISTRIBUCION/9092.jpg,cobeca,
37498,ME32453/2,ASAPROL 81 MG X 40 COMPRIMIDOS ENTERICOS,https://mav.farmaciasaas.com/api/images/articulos/DISTRIBUCION/99232.jpg,cobeca,
37499,ME42249,ASARAP 10 MG X 30 COMPRIMIDOS RECUBIERTOS,https://mav.farmaciasaas.com/api/images/articulos/DISTRIBUCION/30076.jpg,cobeca,
37500,ME42248,ASARAP 15 MG X 30 COMPRIMIDOS RECUBIERTOS,https://mav.farmaciasaas.com/api/images/articulos/DISTRIBUCION/30307.jpg,cobeca,
37501,ME42294,ASARAP 20 MG X 30 COMPRIMIDOS RECUBIERTOS,https://mav.farmaciasaas.com/api/images/articulos/DISTRIBUCION/50067.jpg,cobeca,
37504,ME38676/2,ASPRINIL 81 MG X 40 TABLETAS CON RECUBRIMIENTO ENTERICO,https://mav.farmaciasaas.com/api/images/articulos/DISTRIBUCION/53383.jpg,cobeca,
37505,ME38676/3,ASPRINIL 81 MG X 100 TABLETAS CON RECUBRIMIENTO ENTERICO,https://mav.farmaciasaas.com/api/images/articulos/DISTRIBUCION/51425.jpg,cobeca,
37506,ME43710,ASTRIMOL 2.5 MG X 30 TABLETAS RECUBIERTAS,https://mav.farmaciasaas.com/api/images/articulos/DISTRIBUCION/53167.jpg,cobeca,
39079,ME43853,ASTRIMOL 5 MG X 30 TABLETAS RECUBIERTAS,https://mav.farmaciasaas.com/api/images/articulos/DISTRIBUCION/53175.jpg,cobeca,
37507,ME33008,ATAMEL FORTE 650 MG X 10 TABLETAS,https://mav.farmaciasaas.com/api/images/articulos/DISTRIBUCION/3689.jpg,cobeca,
37509,ME19621/3,ATAMEL 500 MG X 20 TABLETAS,https://mav.farmaciasaas.com/api/images/articulos/DISTRIBUCION/3692.jpg,cobeca,
39433,ME24736,ATAMEL 120 MG / 5 ML JARABE,https://mav.farmaciasaas.com/api/images/articulos/DISTRIBUCION/50583.jpg,cobeca,
37515,ME39468/2,ATORVACOF 20 MG X 14 TABLETAS RECUBIERTAS,https://mav.farmaciasaas.com/api/images/articulos/DISTRIBUCION/98600.jpg,cobeca,
37526,ME30954,ATRIMON 10 MG X 10 COMPRIMIDOS,https://mav.farmaciasaas.com/api/images/articulos/DISTRIBUCION/527.jpg,cobeca,
37527,ME40958,ATROBEL 10 MG / ML SOLUCION GOTAS REFORMULADO,https://mav.farmaciasaas.com/api/images/articulos/DISTRIBUCION/22695.jpg,cobeca,
37528,HO35376,ATROPINA SULFATO 1 MG / ML X 10 AMPOLLAS,https://mav.farmaciasaas.com/api/images/articulos/DISTRIBUCION/50775.jpg,cobeca,
37529,ME36259,ATROVERAN 10 MG / ML X 10 SOLUCION GOTAS,https://mav.farmaciasaas.com/api/images/articulos/DISTRIBUCION/25310.jpg,cobeca,
39088,ME36258,ATROVERAN 10 MG X 10 TABLETAS RECUBIERTAS,https://mav.farmaciasaas.com/api/images/articulos/DISTRIBUCION/25527.jpg,cobeca,
37530,ME44345,ATROVERAN FEM 10 MG-200 MG X 10 COMPRIMIDOS RECUBIERTOS,https://mav.farmaciasaas.com/api/images/articulos/DISTRIBUCION/54524.jpg,cobeca,
37531,ME25538,AUGMENTIN 500 MG - 125 MG TABLETAS RECUBIERTAS,https://mav.farmaciasaas.com/api/images/articulos/DISTRIBUCION/9781.jpg,cobeca,
37533,ME42005,AUPREL 90 MG X 20 COMPRIMIDOS RECUBIERTOS,https://mav.farmaciasaas.com/api/images/articulos/DISTRIBUCION/28697.jpg,cobeca,
37534,ME30878,AVELOX 400 MG X 5 COMPRIMIDOS RECUBIERTOS,https://mav.farmaciasaas.com/api/images/articulos/DISTRIBUCION/11301.jpg,cobeca,
37535,ME34732,AVODART 0.5 MG CAPSULAS BLANDAS,https://mav.farmaciasaas.com/api/images/articulos/DISTRIBUCION/10278.jpg,cobeca,
37536,ME33902,AXOKINE 400 MG X 5 COMPRIMIDOS RECUBIERTOS,https://mav.farmaciasaas.com/api/images/articulos/DISTRIBUCION/90556.jpg,cobeca,
37537,ME33685/2,AZACARD 81 MG X 30 TABLETAS CON CUBIERTA ENTERICA,https://mav.farmaciasaas.com/api/images/articulos/DISTRIBUCION/4756.jpg,cobeca,
37538,ME33685/3,AZACARD 81 MG X 60 TABLETAS CON CUBIERTA ENTERICA,https://mav.farmaciasaas.com/api/images/articulos/DISTRIBUCION/4694.jpg,cobeca,
37539,ME33685/4,AZACARD 81 MG X 100 TABLETAS CON CUBIERTA ENTERICA,https://mav.farmaciasaas.com/api/images/articulos/DISTRIBUCION/53427.jpg,cobeca,
37540,ME36378/2,AZIMAKROL 1 G X 2 COMPRIMIDOS RECUBIERTOS,https://mav.farmaciasaas.com/api/images/articulos/DISTRIBUCION/91098.jpg,cobeca,
37541,ME36378/3,AZIMAKROL 1 G X 5 COMPRIMIDOS RECUBIERTOS,https://mav.farmaciasaas.com/api/images/articulos/DISTRIBUCION/54042.jpg,cobeca,
37542,ME36516/2,AZITRODEX 500 MG X 3 TABLETAS RECUBIERTAS,https://mav.farmaciasaas.com/api/images/articulos/DISTRIBUCION/92796.jpg,cobeca,
37543,ME36516/3,AZITRODEX 500 MG X 5 TABLETAS RECUBIERTAS,https://mav.farmaciasaas.com/api/images/articulos/DISTRIBUCION/94416.jpg,cobeca,
37551,ME14109,BACTEVAL 250 MG - 50 MG X 24 CAPSULAS,https://mav.farmaciasaas.com/api/images/articulos/DISTRIBUCION/8557.jpg,cobeca,
37552,ME35252,BACTRON FORTE 160 MG - 800 MG X 10 TABLETAS,https://mav.farmaciasaas.com/api/images/articulos/DISTRIBUCION/9770.jpg,cobeca,
37553,HO30851,BACTRIZOL 5 MG / ML SOLUCION INYECTABLE PARA INFUSION INTRAVENOSA,https://mav.farmaciasaas.com/api/images/articulos/DISTRIBUCION/7496.jpg,cobeca,
37554,ME18573,BACTRON 80 MG - 400 MG X 20 TABLETAS,https://mav.farmaciasaas.com/api/images/articulos/DISTRIBUCION/345.jpg,cobeca,
37555,ME27531,BARGONIL 2 % UNGUENTO,https://mav.farmaciasaas.com/api/images/articulos/DISTRIBUCION/9756.jpg,cobeca,
37556,HO29957,BEHKACIN 500 MG / 2 ML X 1 AMPOLLA,https://mav.farmaciasaas.com/api/images/articulos/DISTRIBUCION/52498.jpg,cobeca,
37558,ME22165,BENDAMEN 100 MG / 5 ML SUSPENSION,https://mav.farmaciasaas.com/api/images/articulos/DISTRIBUCION/4846.jpg,cobeca,
37559,ME21687,BENDAMEN 100 MG X 6 TABLETAS,https://mav.farmaciasaas.com/api/images/articulos/DISTRIBUCION/4845.jpg,cobeca,
37560,ME25332,BENFLUX 30 MG X 20 TABLETAS,https://mav.farmaciasaas.com/api/images/articulos/DISTRIBUCION/7033.jpg,cobeca,
37561,ME39719,BENZODIAZOL 0.25 MG - 5 MG X 16 PASTILLAS SABOR A LIMON - MIEL,https://mav.farmaciasaas.com/api/images/articulos/DISTRIBUCION/97346.jpg,cobeca,
37562,ME16799,BENZODIAZOL 0.25 MG - 5 MG X 16 PASTILLAS SABOR A MENTA,https://mav.farmaciasaas.com/api/images/articulos/DISTRIBUCION/97346.jpg,cobeca,
37564,ME33045/3,BENZODIAZOL 0.25 MG - 5 MG X 16 PASTILLAS SABOR A TUTTI FRUTTI,https://mav.farmaciasaas.com/api/images/articulos/DISTRIBUCION/97346.jpg,cobeca,
37565,ME38253,BEPRODERM 0.05 % - 0.1 % CREMA,https://mav.farmaciasaas.com/api/images/articulos/DISTRIBUCION/94044.jpg,cobeca,
37568,HO16114,BETAGEN 4 MG / ML X 1 AMPOLLA,https://mav.farmaciasaas.com/api/images/articulos/DISTRIBUCION/4359.jpg,cobeca,
37569,HO34949,BETAGEN 12 MG / 3 ML X 1 AMPOLLA,https://mav.farmaciasaas.com/api/images/articulos/DISTRIBUCION/13138.jpg,cobeca,
37577,ME41747,BIOCOR AMLO 20 MG - 5 MG X 30 TABLETAS RECUBIERTAS,https://mav.farmaciasaas.com/api/images/articulos/DISTRIBUCION/17705.jpg,cobeca,
37578,ME41748,BIOCOR AMLO 40 MG - 5 MG X 30 TABLETAS RECUBIERTAS,https://mav.farmaciasaas.com/api/images/articulos/DISTRIBUCION/17706.jpg,cobeca,
37579,ME41691,BIOCOR 40 MG X 30 TABLETAS RECUBIERTAS,https://mav.farmaciasaas.com/api/images/articulos/DISTRIBUCION/15628.jpg,cobeca,
39098,ME41690,BIOCOR 20 MG X 30 TABLETAS RECUBIERTAS,https://mav.farmaciasaas.com/api/images/articulos/DISTRIBUCION/15627.jpg,cobeca,
37580,ME38247/2,BIOTALOL 2.5 MG X 10 COMPRIMIDOS RECUBIERTOS,https://mav.farmaciasaas.com/api/images/articulos/DISTRIBUCION/30302.jpg,cobeca,
37581,ME38247/3,BIOTALOL 2.5 MG X 30 COMPRIMIDOS RECUBIERTOS,https://mav.farmaciasaas.com/api/images/articulos/DISTRIBUCION/98616.jpg,cobeca,
37582,ME42096,BIOTALOL 1.25 MG X 30 COMPRIMIDOS RECUBIERTOS,https://mav.farmaciasaas.com/api/images/articulos/DISTRIBUCION/26929.jpg,cobeca,
37583,ME38403,BIOTALOL 10 MG X 30 COMPRIMIDOS RECUBIERTOS,https://mav.farmaciasaas.com/api/images/articulos/DISTRIBUCION/98614.jpg,cobeca,
37584,ME28126,BIPRIN 300 MG X 10 CAPSULAS BLANDAS,https://mav.farmaciasaas.com/api/images/articulos/DISTRIBUCION/9940.jpg,cobeca,
37585,ME44259/3,BIPROLIL HCT 5 MG - 6.25 MG X 30 COMPRIMIDOS RECUBIERTOS,https://mav.farmaciasaas.com/api/images/articulos/DISTRIBUCION/54525.jpg,cobeca,
37596,ME40147/2,BLOCAX PLUS 16 MG - 12.5 MG X 10 TABLETAS,https://mav.farmaciasaas.com/api/images/articulos/DISTRIBUCION/99775.jpg,cobeca,
37597,ME40147/3,BLOCAX PLUS 16 MG - 12.5 MG X 30 TABLETAS,https://mav.farmaciasaas.com/api/images/articulos/DISTRIBUCION/19969.jpg,cobeca,
37598,ME41273/2,BLOCAX 8 MG X 10 TABLETAS,https://mav.farmaciasaas.com/api/images/articulos/DISTRIBUCION/13408.jpg,cobeca,
37599,ME41273/3,BLOCAX 8 MG X 30 TABLETAS,https://mav.farmaciasaas.com/api/images/articulos/DISTRIBUCION/15065.jpg,cobeca,
37600,ME22761,BLOKIUM 100 MG X 30 COMPRIMIDOS,https://mav.farmaciasaas.com/api/images/articulos/DISTRIBUCION/4312.jpg,cobeca,
37601,ME35863,BRASARTAN 80 MG X 30 TABLETAS RECUBIERTAS,https://mav.farmaciasaas.com/api/images/articulos/DISTRIBUCION/19231.jpg,cobeca,
39115,ME41912,BRASARTAN 80 MG X 30 CAPSULAS,https://mav.farmaciasaas.com/api/images/articulos/DISTRIBUCION/19231.jpg,cobeca,
37603,ME42224/3,BRASARTAN CTDN 80 MG - 12.5 MG X 30 TABLETAS RECUBIERTAS,https://mav.farmaciasaas.com/api/images/articulos/DISTRIBUCION/22884.jpg,cobeca,
37605,ME22276,BREINOX 800 MG X 30 TABLETAS,https://mav.farmaciasaas.com/api/images/articulos/DISTRIBUCION/4274.jpg,cobeca,
37606,ME43812/2,BRESIS 600 MG X 20 COMPRIMIDOS RECUBIERTOS,https://mav.farmaciasaas.com/api/images/articulos/DISTRIBUCION/54187.jpg,cobeca,
37607,ME43812/3,BRESIS 600 MG X 30 COMPRIMIDOS RECUBIERTOS,https://mav.farmaciasaas.com/api/images/articulos/DISTRIBUCION/53310.jpg,cobeca,
37608,ME21818,BREXIN 100 MG / ML SOLUCION ORAL,https://mav.farmaciasaas.com/api/images/articulos/DISTRIBUCION/4861.jpg,cobeca,
37610,ME43576,BROFLEMA 4 MG - 5 ML JARABE,https://mav.farmaciasaas.com/api/images/articulos/DISTRIBUCION/52164.jpg,cobeca,
37611,ME40082,BROLAT 5 MG - 30 MG X 10 TABLETAS,https://mav.farmaciasaas.com/api/images/articulos/DISTRIBUCION/98629.jpg,cobeca,
37619,ME41040,BRUDOL 200 MG - 65 MG X 20 COMPRIMIDOS RECUBIERTOS,https://mav.farmaciasaas.com/api/images/articulos/DISTRIBUCION/16419.jpg,cobeca,
37620,ME40856,BRUDOL 400 MG - 65 MG X 20 COMPRIMIDOS RECUBIERTOS,https://mav.farmaciasaas.com/api/images/articulos/DISTRIBUCION/16420.jpg,cobeca,
37621,ME19149,BRUGESIC 400 MG X 10 COMPRIMIDOS,https://mav.farmaciasaas.com/api/images/articulos/DISTRIBUCION/22102.jpg,cobeca,
37623,ME40290,BRUGESIC FORTE 800 MG X 10 COMPRIMIDOS,https://mav.farmaciasaas.com/api/images/articulos/DISTRIBUCION/27805.jpg,cobeca,
37625,ME41132,BUCOXOLGAR 3 MG - 1 MG X 12 TABLETAS MASTICABLES SABOR A MIEL LIMON,https://mav.farmaciasaas.com/api/images/articulos/DISTRIBUCION/19870.jpg,cobeca,
39590,ME41676,BUCOXOLGAR 0.15 % - 0.25 % SOLUCION TOPICA BUCAL ATOMIZADORA SABOR A MENTA FRESCA,https://mav.farmaciasaas.com/api/images/articulos/DISTRIBUCION/19885.jpg,cobeca,
37626,ME30917,BUDECORT 1 MG / ML SUSPENSION PARA INHALAR,https://mav.farmaciasaas.com/api/images/articulos/DISTRIBUCION/30268.jpg,cobeca,
37627,ME44539,BUDEQUIT 1 MG / ML SUSPENSION PARA INHALACION ORAL,https://mav.farmaciasaas.com/api/images/articulos/DISTRIBUCION/54403.jpg,cobeca,
37628,HO24616,BUMELEX 0.5 MG / 2 ML X 3 AMPOLLAS,https://mav.farmaciasaas.com/api/images/articulos/DISTRIBUCION/6678.jpg,cobeca,
37629,ME22582/3,BUMELEX 1 MG X 30 COMPRIMIDOS,https://mav.farmaciasaas.com/api/images/articulos/DISTRIBUCION/50048.jpg,cobeca,
37630,ME22582/2,BUMELEX 1 MG X 16 COMPRIMIDOS,https://mav.farmaciasaas.com/api/images/articulos/DISTRIBUCION/1999.jpg,cobeca,
37631,ME32358,BUMETIN RETARD 300 MG X 20 TABLETAS DE LIBERACION PROLONGADA,https://mav.farmaciasaas.com/api/images/articulos/DISTRIBUCION/8304.jpg,cobeca,
37633,ME43035/3,BUTAL 8 MG X 20 TABLETAS RECUBIERTAS,https://mav.farmaciasaas.com/api/images/articulos/DISTRIBUCION/52802.jpg,cobeca,
37636,ME37532,CABERTRIX 0.5 MG X 4 COMPRIMIDOS,https://mav.farmaciasaas.com/api/images/articulos/DISTRIBUCION/29371.jpg,cobeca,
37641,ME34121,CALCITREX D3 950 MG - 200 UI X 30 TABLETAS,https://mav.farmaciasaas.com/api/images/articulos/DISTRIBUCION/5529.jpg,cobeca,
37642,ME30823/2,CALMOX 15 MG X 10 TABLETAS,https://mav.farmaciasaas.com/api/images/articulos/DISTRIBUCION/644.jpg,cobeca,
37643,ME30823/3,CALMOX 15 MG X 20 TABLETAS,https://mav.farmaciasaas.com/api/images/articulos/DISTRIBUCION/24411.jpg,cobeca,
37644,ME30822,CALMOX 7.5 MG X 10 TABLETAS,https://mav.farmaciasaas.com/api/images/articulos/DISTRIBUCION/643.jpg,cobeca,
37645,ME36763/2,CALOXPIRINA 81 MG X 30 TABLETAS ENTERICAS,https://mav.farmaciasaas.com/api/images/articulos/DISTRIBUCION/92195.jpg,cobeca,
37646,ME36763/3,CALOXPIRINA 81 MG X 100 TABLETAS ENTERICAS,https://mav.farmaciasaas.com/api/images/articulos/DISTRIBUCION/29545.jpg,cobeca,
37647,ME43646,CAMPAL 1 % GEL,https://mav.farmaciasaas.com/api/images/articulos/DISTRIBUCION/53178.jpg,cobeca,
37649,ME40363/3,CANDER HCT 16 MG - 12.5 MG X 30 TABLETAS,https://mav.farmaciasaas.com/api/images/articulos/DISTRIBUCION/99153.jpg,cobeca,
37651,ME41061/3,CANDER 32 MG X 30 TABLETAS,https://mav.farmaciasaas.com/api/images/articulos/DISTRIBUCION/14972.jpg,cobeca,
37652,ME41061/2,CANDER 32 MG X 15 TABLETAS,https://mav.farmaciasaas.com/api/images/articulos/DISTRIBUCION/51481.jpg,cobeca,
37653,ME37346/2,CANDER 8 MG X 10 TABLETAS,https://mav.farmaciasaas.com/api/images/articulos/DISTRIBUCION/50515.jpg,cobeca,
37659,ME35007/3,CANDESARTAN CILEXETIL 16 MG X 28 TABLETAS,https://mav.farmaciasaas.com/api/images/articulos/DISTRIBUCION/50190.jpg,cobeca,
37660,ME35007/2,CANDESARTAN CILEXETIL 16 MG X 10 TABLETAS,https://mav.farmaciasaas.com/api/images/articulos/DISTRIBUCION/50190.jpg,cobeca,
37661,ME35007/4,CANDESARTAN CILEXETIL 16 MG X 30 TABLETAS,https://mav.farmaciasaas.com/api/images/articulos/DISTRIBUCION/50190.jpg,cobeca,
37662,ME35006,CANDESARTAN CILEXETIL 8 MG X 28 TABLETAS,https://mav.farmaciasaas.com/api/images/articulos/DISTRIBUCION/94869.jpg,cobeca,
37664,ME42861,CANDETIQUE 16 MG X 30 TABLETAS,https://mav.farmaciasaas.com/api/images/articulos/DISTRIBUCION/27011.jpg,cobeca,
37666,ME43829,CANTIP 16 MG X 30 COMPRIMIDOS,https://mav.farmaciasaas.com/api/images/articulos/DISTRIBUCION/29751.jpg,cobeca,
37681,ME33422/3,CARBATIL 12.5 MG X 30 TABLETAS,https://mav.farmaciasaas.com/api/images/articulos/DISTRIBUCION/6143.jpg,cobeca,
37683,ME33523,CARBATIL 6.25 MG X 30 TABLETAS,https://mav.farmaciasaas.com/api/images/articulos/DISTRIBUCION/6142.jpg,cobeca,
37686,ME31896,CARDIPIRINA 80 MG X 30 CAPSULAS CON MICROGRANULOS CON CUBIERTA ENTERICA,https://mav.farmaciasaas.com/api/images/articulos/DISTRIBUCION/4758.jpg,cobeca,
37687,ME39963,CARIBAN 10 MG-10 MG X 30 COMPRIMIDOS ENTERICOS,https://mav.farmaciasaas.com/api/images/articulos/DISTRIBUCION/99559.jpg,cobeca,
37688,ME38877,CARNISIN 1 G / 10 ML SOLUCION ORAL LIBRE DE AZUCAR,https://mav.farmaciasaas.com/api/images/articulos/DISTRIBUCION/50337.jpg,cobeca,
37689,ME33780,CARVEDIL 12.5 MG X 30 TABLETAS RECUBIERTAS,https://mav.farmaciasaas.com/api/images/articulos/DISTRIBUCION/94090.jpg,cobeca,
37703,ME23270,CEBION 1 G X 10 TABLETAS EFERVESCENTES SABOR A NARANJA,https://mav.farmaciasaas.com/api/images/articulos/DISTRIBUCION/5017.jpg,cobeca,
37710,HO25482,CEFALOTINA 1 G X 10 AMPOLLAS,https://mav.farmaciasaas.com/api/images/articulos/DISTRIBUCION/51987.jpg,cobeca,
37716,ME27816,CEFONAX 500 MG X 16 CAPSULAS,https://mav.farmaciasaas.com/api/images/articulos/DISTRIBUCION/11648.jpg,cobeca,
37721,ME38332,CELAY 5 MG / 5 ML SOLUCION ORAL,https://mav.farmaciasaas.com/api/images/articulos/DISTRIBUCION/96253.jpg,cobeca,
37723,ME44307,CELESTREN 0.075 MG X 28 TABLETAS RECUBIERTAS,https://mav.farmaciasaas.com/api/images/articulos/DISTRIBUCION/50668.jpg,cobeca,
37724,ME43858,CETERIX 5 MG / 5 ML SOLUCION ORAL,https://mav.farmaciasaas.com/api/images/articulos/DISTRIBUCION/53603.jpg,cobeca,
37725,ME44376,CETIDEX 5 MG / 5 ML SOLUCION ORAL,https://mav.farmaciasaas.com/api/images/articulos/DISTRIBUCION/54330.jpg,cobeca,
37731,ME37217,CETRAL D 5 MG - 60 MG / 5 ML SOLUCION ORAL,https://mav.farmaciasaas.com/api/images/articulos/DISTRIBUCION/91326.jpg,cobeca,
37732,ME29123,CETRAL 10 MG / ML SOLUCION ORAL,https://mav.farmaciasaas.com/api/images/articulos/DISTRIBUCION/645.jpg,cobeca,
37733,ME29095,CETRAL 10 MG X 10 TABLETAS,https://mav.farmaciasaas.com/api/images/articulos/DISTRIBUCION/626.jpg,cobeca,
39137,ME32977,CETRAL 5 MG / 5 ML SOLUCION ORAL,https://mav.farmaciasaas.com/api/images/articulos/DISTRIBUCION/3876.jpg,cobeca,
37736,ME33112,CIALIS 20 MG X 1 COMPRIMIDO RECUBIERTO,https://mav.farmaciasaas.com/api/images/articulos/DISTRIBUCION/3344.jpg,cobeca,
37737,HO41522/2,CIATAL 500 MG / 2 ML X 1 AMPOLLA,https://mav.farmaciasaas.com/api/images/articulos/DISTRIBUCION/51327.jpg,cobeca,
37738,HO41522/3,CIATAL 500 MG / 2 ML X 9 AMPOLLAS,https://mav.farmaciasaas.com/api/images/articulos/DISTRIBUCION/25233.jpg,cobeca,
37740,HO36631,CICLOKAN 500 MG / 5 ML X 1 AMPOLLA,https://mav.farmaciasaas.com/api/images/articulos/DISTRIBUCION/94107.jpg,cobeca,
37741,ME41819,CICLOKAN 500 MG X 21 COMPRIMIDOS RECUBIERTOS,https://mav.farmaciasaas.com/api/images/articulos/DISTRIBUCION/16882.jpg,cobeca,
37746,ME24520,CINAREN 75 MG X 20 CAPSULAS,https://mav.farmaciasaas.com/api/images/articulos/DISTRIBUCION/7434.jpg,cobeca,
37747,ME24519,CINAREN 25 MG X 30 COMPRIMIDOS,https://mav.farmaciasaas.com/api/images/articulos/DISTRIBUCION/28507.jpg,cobeca,
37750,ME25520,CIPROFLOX 500 MG X 12 TABLETAS RECUBIERTAS,https://mav.farmaciasaas.com/api/images/articulos/DISTRIBUCION/91927.jpg,cobeca,
37772,ME23978/2,CLENBUNAL 0.020 MG X 10 COMPRIMIDOS,https://mav.farmaciasaas.com/api/images/articulos/DISTRIBUCION/7942.jpg,cobeca,
37773,ME23978/3,CLENBUNAL 0.020 MG X 20 COMPRIMIDOS,https://mav.farmaciasaas.com/api/images/articulos/DISTRIBUCION/5981.jpg,cobeca,
37779,ME25351,CLENBUNAL 0.01 MG / 5 ML JARABE,https://mav.farmaciasaas.com/api/images/articulos/DISTRIBUCION/7209.jpg,cobeca,
37780,ME42462,CLENOSAN 90 MG X 30 COMPRIMIDOS RECUBIERTOS,https://mav.farmaciasaas.com/api/images/articulos/DISTRIBUCION/52057.jpg,cobeca,
37781,ME41052,CLINAC 1 % - 5 % GEL,https://mav.farmaciasaas.com/api/images/articulos/DISTRIBUCION/14908.jpg,cobeca,
37785,ME17975,CLODOXIN 10 MG - 100 MG X 10 COMPRIMIDOS RECUBIERTOS,https://mav.farmaciasaas.com/api/images/articulos/DISTRIBUCION/29066.jpg,cobeca,
37786,ME29523,CLOFEN 100 MG X 10 CAPSULAS DE ACCION PROLONGADA,https://mav.farmaciasaas.com/api/images/articulos/DISTRIBUCION/433.jpg,cobeca,
37790,ME42084,CLONATRIL 1 MG X 30 COMPRIMIDOS,https://mav.farmaciasaas.com/api/images/articulos/DISTRIBUCION/20153.jpg,cobeca,
37791,ME33201,CLONATRIL 2 MG X 30 COMPRIMIDOS,https://mav.farmaciasaas.com/api/images/articulos/DISTRIBUCION/6642.jpg,cobeca,
37796,ME22956,CLONIPRES 0.150 MG X 20 COMPRIMIDOS,https://mav.farmaciasaas.com/api/images/articulos/DISTRIBUCION/8267.jpg,cobeca,
37798,ME40816,CLONZEP 0.5 MG X 30 TABLETAS,https://mav.farmaciasaas.com/api/images/articulos/DISTRIBUCION/13114.jpg,cobeca,
37799,ME40818,CLONZEP 2 MG X 30 TABLETAS,https://mav.farmaciasaas.com/api/images/articulos/DISTRIBUCION/13115.jpg,cobeca,
37800,ME39070,CLOPIDEX 75 MG X 30 TABLETAS RECUBIERTAS,https://mav.farmaciasaas.com/api/images/articulos/DISTRIBUCION/94886.jpg,cobeca,
37808,ME37160,CLOPIVAL 75 MG X 30 TABLETAS RECUBIERTAS,https://mav.farmaciasaas.com/api/images/articulos/DISTRIBUCION/11595.jpg,cobeca,
37809,ME43778,CLOPTAN 75 MG X 30 TABLETAS RECUBIERTAS,https://mav.farmaciasaas.com/api/images/articulos/DISTRIBUCION/20161.jpg,cobeca,
37811,ME29690/3,CLORACE 500 MG - 4 MG X 20 TABLETAS,https://mav.farmaciasaas.com/api/images/articulos/DISTRIBUCION/97306.jpg,cobeca,
37812,ME29690/2,CLORACE 500 MG - 4 MG X 10 TABLETAS,https://mav.farmaciasaas.com/api/images/articulos/DISTRIBUCION/9598.jpg,cobeca,
37813,ME43777,CLORACOLD 30 MG - 5 MG / 5 ML SOLUCION ORAL,https://mav.farmaciasaas.com/api/images/articulos/DISTRIBUCION/53063.jpg,cobeca,
37815,ME43585/2,DOPALEN 200 MG X 10 CAPSULAS DE LIBERACION PROLONGADA,https://mav.farmaciasaas.com/api/images/articulos/DISTRIBUCION/28633.jpg,cobeca,
37826,ME41502,CODEBROMIL PLUS 15 MG - 3 MG / 15 ML JARABE,https://mav.farmaciasaas.com/api/images/articulos/DISTRIBUCION/19724.jpg,cobeca,
37828,ME33110,COLFENE 400 MG - 4 MG X 10 COMPRIMIDOS RECUBIERTOS,https://mav.farmaciasaas.com/api/images/articulos/DISTRIBUCION/6165.jpg,cobeca,
37829,ME39320,COLFENE 600 MG - 4 MG X 15 COMPRIMIDOS RECUBIERTOS,https://mav.farmaciasaas.com/api/images/articulos/DISTRIBUCION/97446.jpg,cobeca,
37833,ME23524,COLVAL 4 MG X 12 COMPRIMIDOS,https://mav.farmaciasaas.com/api/images/articulos/DISTRIBUCION/8062.jpg,cobeca,
39156,HO23451,COLVAL 4 MG / 2 ML X 2 AMPOLLAS,https://mav.farmaciasaas.com/api/images/articulos/DISTRIBUCION/8563.jpg,cobeca,
37834,ME32060,COLYPAN 200 MG X 10 TABLETAS,https://mav.farmaciasaas.com/api/images/articulos/DISTRIBUCION/16762.jpg,cobeca,
37836,ME34013,CONEXINE 50 MG X 30 COMPRIMIDOS RECUBIERTOS,https://mav.farmaciasaas.com/api/images/articulos/DISTRIBUCION/29374.jpg,cobeca,
37837,ME43002,CONTRADOL 100 MG / ML SOLUCION ORAL,https://mav.farmaciasaas.com/api/images/articulos/DISTRIBUCION/50553.jpg,cobeca,
37838,ME28460,CORAZEM 60 MG X 20 TABLETAS RECUBIERTAS,https://mav.farmaciasaas.com/api/images/articulos/DISTRIBUCION/10134.jpg,cobeca,
37839,ME40574,CORBIS 10 MG X 30 COMPRIMIDOS RECUBIERTOS,https://mav.farmaciasaas.com/api/images/articulos/DISTRIBUCION/23009.jpg,cobeca,
37840,ME42767,CORBIS 5 MG X 30 COMPRIMIDOS RECUBIERTOS,https://mav.farmaciasaas.com/api/images/articulos/DISTRIBUCION/23008.jpg,cobeca,
37843,ME39494/2,CORENTEL 1.25 MG X 10 COMPRIMIDOS RECUBIERTOS,https://mav.farmaciasaas.com/api/images/articulos/DISTRIBUCION/28209.jpg,cobeca,
37845,ME35620/3,CORENTEL 5 MG X 30 COMPRIMIDOS RECUBIERTOS,https://mav.farmaciasaas.com/api/images/articulos/DISTRIBUCION/10042.jpg,cobeca,
37846,ME35620/2,CORENTEL 5 MG X 10 COMPRIMIDOS RECUBIERTOS,https://mav.farmaciasaas.com/api/images/articulos/DISTRIBUCION/10024.jpg,cobeca,
39163,ME42233,COROPRES HCT 32 MG - 12.5 MG COMPRIMIDOS,https://mav.farmaciasaas.com/api/images/articulos/DISTRIBUCION/28480.jpg,cobeca,
37849,ME35926,COROPRES 8 MG X 30 COMPRIMIDOS,https://mav.farmaciasaas.com/api/images/articulos/DISTRIBUCION/98452.jpg,cobeca,
39162,ME35927,COROPRES 16 MG COMPRIMIDOS,https://mav.farmaciasaas.com/api/images/articulos/DISTRIBUCION/98453.jpg,cobeca,
37851,ME31743,COVENTROL 6.25 MG X 30 COMPRIMIDOS,https://mav.farmaciasaas.com/api/images/articulos/DISTRIBUCION/99167.jpg,cobeca,
37852,ME41808/2,CRISOMET 50 MG - 500 MG X 10 TABLETAS RECUBIERTAS,https://mav.farmaciasaas.com/api/images/articulos/DISTRIBUCION/16905.jpg,cobeca,
37853,ME41808/3,CRISOMET 50 MG - 500 MG X 30 TABLETAS RECUBIERTAS,https://mav.farmaciasaas.com/api/images/articulos/DISTRIBUCION/19232.jpg,cobeca,
39165,ME41809/2,CRISOMET 50 MG - 850 MG X 10 TABLETAS RECUBIERTAS,https://mav.farmaciasaas.com/api/images/articulos/DISTRIBUCION/17016.jpg,cobeca,
39166,ME41809/3,CRISOMET 50 MG - 850 MG X 30 TABLETAS RECUBIERTAS,https://mav.farmaciasaas.com/api/images/articulos/DISTRIBUCION/19233.jpg,cobeca,
37854,ME37867,CRISPLUS 120 MG X 30 CAPSULAS,https://mav.farmaciasaas.com/api/images/articulos/DISTRIBUCION/28167.jpg,cobeca,
37855,ME35933/2,CURPINOL 6.25 MG X 10 COMPRIMIDOS,https://mav.farmaciasaas.com/api/images/articulos/DISTRIBUCION/26063.jpg,cobeca,
37856,ME35933/3,CURPINOL 6.25 MG X 30 COMPRIMIDOS,https://mav.farmaciasaas.com/api/images/articulos/DISTRIBUCION/92400.jpg,cobeca,
39167,ME36263,CURPINOL 12.5 MG COMPRIMIDOS,https://mav.farmaciasaas.com/api/images/articulos/DISTRIBUCION/92399.jpg,cobeca,
39168,ME36264,CURPINOL 25 MG COMPRIMIDOS,https://mav.farmaciasaas.com/api/images/articulos/DISTRIBUCION/92398.jpg,cobeca,
37857,ME27157/2,CYPRAL 500 MG X 14 TABLETAS RECUBIERTAS,https://mav.farmaciasaas.com/api/images/articulos/DISTRIBUCION/3660.jpg,cobeca,
37858,ME27157/3,CYPRAL 500 MG X 20 TABLETAS RECUBIERTAS,https://mav.farmaciasaas.com/api/images/articulos/DISTRIBUCION/92798.jpg,cobeca,
37859,ME27452,CYPRAL 750 MG X 6 TABLETAS RECUBIERTAS,https://mav.farmaciasaas.com/api/images/articulos/DISTRIBUCION/11353.jpg,cobeca,
37860,ME42913,DALCITRIN 2 % UNGUENTO,https://mav.farmaciasaas.com/api/images/articulos/DISTRIBUCION/28692.jpg,cobeca,
37861,ME24979,DALPAS 5 MG X 30 TABLETAS,https://mav.farmaciasaas.com/api/images/articulos/DISTRIBUCION/6617.jpg,cobeca,
37862,ME30715/2,DALTAZEN 60 MG X 10 COMPRIMIDOS,https://mav.farmaciasaas.com/api/images/articulos/DISTRIBUCION/28478.jpg,cobeca,
37863,ME30715/3,DALTAZEN 60 MG X 20 COMPRIMIDOS,https://mav.farmaciasaas.com/api/images/articulos/DISTRIBUCION/1303.jpg,cobeca,
37868,ME21267/3,DECOBEL 0.5 MG X 30 TABLETAS,https://mav.farmaciasaas.com/api/images/articulos/DISTRIBUCION/22694.jpg,cobeca,
37869,HO20294,DECOBEL 8 MG / 2 ML SOLUCION INYECTABLE,https://mav.farmaciasaas.com/api/images/articulos/DISTRIBUCION/94637.jpg,cobeca,
37870,ME42577,DEFLARIN 6 MG X 10 COMPRIMIDOS,https://mav.farmaciasaas.com/api/images/articulos/DISTRIBUCION/21048.jpg,cobeca,
37876,ME34903,DENCOFEN 1.16 % CREMA EN BASE GEL,https://mav.farmaciasaas.com/api/images/articulos/DISTRIBUCION/90093.jpg,cobeca,
37878,ME38371,DENUAL 150 MG X 1 COMPRIMIDO RECUBIERTO,https://mav.farmaciasaas.com/api/images/articulos/DISTRIBUCION/94853.jpg,cobeca,
37879,ME43769,DEPOFEM 150MGML X 1 AMPOLLA,https://mav.farmaciasaas.com/api/images/articulos/DISTRIBUCION/28729.jpg,cobeca,
37880,ME25685,DERAIN 15 % CREMA,https://mav.farmaciasaas.com/api/images/articulos/DISTRIBUCION/8275.jpg,cobeca,
37881,ME37124,DERMACORTINE 0.1 % CREMA,https://mav.farmaciasaas.com/api/images/articulos/DISTRIBUCION/91421.jpg,cobeca,
37883,ME41291,DERMAZOL 0.05 % LOCION CAPILAR,https://mav.farmaciasaas.com/api/images/articulos/DISTRIBUCION/99591.jpg,cobeca,
39174,ME40804,DERMAZOL 0.05 % UNGUENTO,https://mav.farmaciasaas.com/api/images/articulos/DISTRIBUCION/99591.jpg,cobeca,
39175,ME40790,DERMAZOL 0.05 % CREMA,https://mav.farmaciasaas.com/api/images/articulos/DISTRIBUCION/99591.jpg,cobeca,
37884,ME38114,DERMOSUPRIL C 0.1 % - 3 % CREMA TOPICA,https://mav.farmaciasaas.com/api/images/articulos/DISTRIBUCION/24079.jpg,cobeca,
37885,ME21432,DERMOVATE 0.05 % CREMA,https://mav.farmaciasaas.com/api/images/articulos/DISTRIBUCION/28893.jpg,cobeca,
37886,ME41984,DEROVIT 1000 UI X 30 CAPSULAS BLANDAS,https://mav.farmaciasaas.com/api/images/articulos/DISTRIBUCION/25518.jpg,cobeca,
37889,ME36632,DESLER 5 MG X 10 TABLETAS RECUBIERTAS,https://mav.farmaciasaas.com/api/images/articulos/DISTRIBUCION/18806.jpg,cobeca,
37890,ME34405/2,DESLORAT 5 MG X 10 TABLETAS RECUBIERTAS,https://mav.farmaciasaas.com/api/images/articulos/DISTRIBUCION/90319.jpg,cobeca,
37891,ME34405/3,DESLORAT 5 MG X 20 TABLETAS RECUBIERTAS,https://mav.farmaciasaas.com/api/images/articulos/DISTRIBUCION/90319.jpg,cobeca,
37897,ME44106,DESONIDA 0.1 % CREMA,https://mav.farmaciasaas.com/api/images/articulos/DISTRIBUCION/23011.jpg,cobeca,
37898,ME44013,DESTREL 75 MCG X 28 COMPRIMIDOS RECUBIERTOS,https://mav.farmaciasaas.com/api/images/articulos/DISTRIBUCION/50861.jpg,cobeca,
37909,ME42537,DEXTROMETORFANO 15 MG / 5 ML JARABE,https://mav.farmaciasaas.com/api/images/articulos/DISTRIBUCION/26399.jpg,cobeca,
37911,HO39066,DEXTROSA 50 % SOLUCION INYECTABLE IV,https://mav.farmaciasaas.com/api/images/articulos/DISTRIBUCION/1131.jpg,cobeca,
37914,ME38358,DIAFORMINA 1000 MG X 30 COMPRIMIDOS RECUBIERTOS,https://mav.farmaciasaas.com/api/images/articulos/DISTRIBUCION/95456.jpg,cobeca,
37915,ME30872,DIAFORMINA 500 MG X 30 COMPRIMIDOS RECUBIERTOS,https://mav.farmaciasaas.com/api/images/articulos/DISTRIBUCION/50991.jpg,cobeca,
37916,HO33474/2,DIAGESIC 75 MG / 3 ML X 1 AMPOLLA,https://mav.farmaciasaas.com/api/images/articulos/DISTRIBUCION/51210.jpg,cobeca,
37917,HO33474/3,DIAGESIC 75 MG / 3 ML X 2 AMPOLLAS,https://mav.farmaciasaas.com/api/images/articulos/DISTRIBUCION/6136.jpg,cobeca,
37920,ME25910,DIARONA 200 MG X 10 TABLETAS,https://mav.farmaciasaas.com/api/images/articulos/DISTRIBUCION/7335.jpg,cobeca,
37923,ME36464,DICLODEX 50 MG X 20 TABLETAS RECUBIERTAS,https://mav.farmaciasaas.com/api/images/articulos/DISTRIBUCION/90913.jpg,cobeca,
37936,ME39086,DIECAPS 120 MG X 30 CAPSULAS,https://mav.farmaciasaas.com/api/images/articulos/DISTRIBUCION/94852.jpg,cobeca,
37937,ME40899,DIECAPS 60 MG X 30 CAPSULAS,https://mav.farmaciasaas.com/api/images/articulos/DISTRIBUCION/17245.jpg,cobeca,
37940,ME27774,DIFENAC 1 % GEL,https://mav.farmaciasaas.com/api/images/articulos/DISTRIBUCION/8417.jpg,cobeca,
39483,ME24522,DIFENAC 100 MG X 10 COMPRIMIDOS RECUBIERTOS,https://mav.farmaciasaas.com/api/images/articulos/DISTRIBUCION/8420.jpg,cobeca,
37941,ME41496,DIGLET 1000 U.I. X 30 COMPRIMIDOS ORODISPERSABLES,https://mav.farmaciasaas.com/api/images/articulos/DISTRIBUCION/28637.jpg,cobeca,
37942,ME42648,DIGLET 5000 U.I. X 10 COMPRIMIDOS RECUBIERTOS,https://mav.farmaciasaas.com/api/images/articulos/DISTRIBUCION/52638.jpg,cobeca,
37943,ME42496,DIGLET 200 UI SOLUCION ORAL,https://mav.farmaciasaas.com/api/images/articulos/DISTRIBUCION/52147.jpg,cobeca,
37944,ME32831,DIKLASON 100 MG X 20 COMPRIMIDOS DE ACCION PROLONGADA,https://mav.farmaciasaas.com/api/images/articulos/DISTRIBUCION/13042.jpg,cobeca,
37947,ME27240,DILOTEX 5 MG X 30 COMPRIMIDOS,https://mav.farmaciasaas.com/api/images/articulos/DISTRIBUCION/50518.jpg,cobeca,
37948,ME27234,DILOTEX 10 MG X 10 COMPRIMIDOS,https://mav.farmaciasaas.com/api/images/articulos/DISTRIBUCION/9889.jpg,cobeca,
37958,HO30051,DIPIDOL 500 MG / ML X 3 AMPOLLAS,https://mav.farmaciasaas.com/api/images/articulos/DISTRIBUCION/52497.jpg,cobeca,
37959,ME42021,DIPLOZ 1 MG X 30 TABLETAS RECUBIERTAS,https://mav.farmaciasaas.com/api/images/articulos/DISTRIBUCION/22057.jpg,cobeca,
37961,ME30873,DOBET 2 % - 0.5 % SOLUCION OFTALMICA,https://mav.farmaciasaas.com/api/images/articulos/DISTRIBUCION/843.jpg,cobeca,
37962,ME40299/3,DOBRACID 300 MG X 30 COMPRIMIDOS RECUBIERTOS DE LIBERACION PROLONGADA,https://mav.farmaciasaas.com/api/images/articulos/DISTRIBUCION/16483.jpg,cobeca,
37963,ME40299/2,DOBRACID 300 MG X 10 COMPRIMIDOS RECUBIERTOS DE LIBERACION PROLONGADA,https://mav.farmaciasaas.com/api/images/articulos/DISTRIBUCION/50498.jpg,cobeca,
37968,ME27426/3,DOLAK 10 MG X 20 COMPRIMIDOS,https://mav.farmaciasaas.com/api/images/articulos/DISTRIBUCION/2586.jpg,cobeca,
37969,ME27426/2,DOLAK 10 MG X 10 COMPRIMIDOS,https://mav.farmaciasaas.com/api/images/articulos/DISTRIBUCION/2349.jpg,cobeca,
37970,ME27438,DOLAK 20 MG X 10 COMPRIMIDOS RECUBIERTOS,https://mav.farmaciasaas.com/api/images/articulos/DISTRIBUCION/10812.jpg,cobeca,
39489,ME38932/4,DOLAK 30 MG X 4 COMPRIMIDOS SUBLINGUALES,https://mav.farmaciasaas.com/api/images/articulos/DISTRIBUCION/94457.jpg,cobeca,
37972,ME32091,DOLKIDS 160 MG X 20 TABLETAS MASTICABLES,https://mav.farmaciasaas.com/api/images/articulos/DISTRIBUCION/5370.jpg,cobeca,
37973,ME42184,DOLNIX 150 MG X 20 CAPSULAS,https://mav.farmaciasaas.com/api/images/articulos/DISTRIBUCION/51126.jpg,cobeca,
37977,ME36325,DOMPESIN 10 MG X 30 COMPRIMIDOS,https://mav.farmaciasaas.com/api/images/articulos/DISTRIBUCION/11584.jpg,cobeca,
37978,ME38983,DOMPESIN 1 MG / ML SUSPENSION,https://mav.farmaciasaas.com/api/images/articulos/DISTRIBUCION/94774.jpg,cobeca,
37981,ME32119/4,DORIXINA FLEX 125 MG - 5 MG X 20 COMPRIMIDOS RECUBIERTOS,https://mav.farmaciasaas.com/api/images/articulos/DISTRIBUCION/50180.jpg,cobeca,
37982,ME32119/2,DORIXINA FLEX 125 MG - 5 MG X 5 COMPRIMIDOS RECUBIERTOS,https://mav.farmaciasaas.com/api/images/articulos/DISTRIBUCION/29269.jpg,cobeca,
37986,ME21021,DOXIUM 500 MG X 30 CAPSULAS,https://mav.farmaciasaas.com/api/images/articulos/DISTRIBUCION/52056.jpg,cobeca,
37988,ME32615/3,DUROVAL 50 MG X 2 TABLETAS RECUBIERTAS,https://mav.farmaciasaas.com/api/images/articulos/DISTRIBUCION/22796.jpg,cobeca,
37989,ME32615/2,DUROVAL 50 MG X 1 TABLETA RECUBIERTA,https://mav.farmaciasaas.com/api/images/articulos/DISTRIBUCION/2798.jpg,cobeca,
37990,ME32615/4,DUROVAL 50 MG X 3 TABLETAS RECUBIERTAS,https://mav.farmaciasaas.com/api/images/articulos/DISTRIBUCION/2821.jpg,cobeca,
37994,ME11176,DUVADILAN 10 MG X 30 COMPRIMIDOS,https://mav.farmaciasaas.com/api/images/articulos/DISTRIBUCION/1300.jpg,cobeca,
37995,ME36415,EDAGAN 200 MG X 30 COMPRIMIDOS RECUBIERTOS,https://mav.farmaciasaas.com/api/images/articulos/DISTRIBUCION/90689.jpg,cobeca,
37996,ME36330,EDAGAN 25 MG X 30 COMPRIMIDOS RECUBIERTOS,https://mav.farmaciasaas.com/api/images/articulos/DISTRIBUCION/90687.jpg,cobeca,
37997,HO30096,EDEMID 10 MG / ML X 5 AMPOLLAS,https://mav.farmaciasaas.com/api/images/articulos/DISTRIBUCION/2361.jpg,cobeca,
38009,ME43715,EPITRAL 25 MG X 30 TABLETAS,https://mav.farmaciasaas.com/api/images/articulos/DISTRIBUCION/52494.jpg,cobeca,
38010,ME42128,EPITRAL 100 MG X 30 TABLETAS,https://mav.farmaciasaas.com/api/images/articulos/DISTRIBUCION/20035.jpg,cobeca,
38011,ME42127,EPITRAL 50 MG X 30 TABLETAS,https://mav.farmaciasaas.com/api/images/articulos/DISTRIBUCION/20036.jpg,cobeca,
38013,ME39415,ERILON 0.05 % CREMA,https://mav.farmaciasaas.com/api/images/articulos/DISTRIBUCION/5842.jpg,cobeca,
39201,ME19270,ERILON 0.1 % CREMA,https://mav.farmaciasaas.com/api/images/articulos/DISTRIBUCION/5842.jpg,cobeca,
38027,ME40578,ESMIRTAL 20 MG X 30 COMPRIMIDOS RECUBIERTOS,https://mav.farmaciasaas.com/api/images/articulos/DISTRIBUCION/54449.jpg,cobeca,
38028,ME44181,ESOCOF 10 MG X 30 TABLETAS RECUBIERTAS,https://mav.farmaciasaas.com/api/images/articulos/DISTRIBUCION/54292.jpg,cobeca,
38038,ME35407/3,ESOZ 20 MG X 14 TABLETAS RECUBIERTAS,https://mav.farmaciasaas.com/api/images/articulos/DISTRIBUCION/98439/98439.jpg,cobeca,
38039,ME35407/4,ESOZ 20 MG X 28 TABLETAS RECUBIERTAS,https://mav.farmaciasaas.com/api/images/articulos/DISTRIBUCION/98438/98438.jpg,cobeca,
38040,ME35407/2,ESOZ 20 MG X 7 TABLETAS RECUBIERTAS,https://mav.farmaciasaas.com/api/images/articulos/DISTRIBUCION/18359.jpg,cobeca,
38041,ME34984/3,ESOZ 40 MG X 14 TABLETAS RECUBIERTAS DE LIBERACION RETARDADA,https://mav.farmaciasaas.com/api/images/articulos/DISTRIBUCION/97637/97637.jpg,cobeca,
38042,ME34984/4,ESOZ 40 MG X 28 TABLETAS RECUBIERTAS DE LIBERACION RETARDADA,https://mav.farmaciasaas.com/api/images/articulos/DISTRIBUCION/97588/97588.jpg,cobeca,
38043,ME34984/2,ESOZ 40 MG X 7 TABLETAS RECUBIERTAS DE LIBERACION RETARDADA,https://mav.farmaciasaas.com/api/images/articulos/DISTRIBUCION/18360.jpg,cobeca,
38049,ME40159,ESQUIDONE 2 MG X 30 TABLETAS RECUBIERTAS,https://mav.farmaciasaas.com/api/images/articulos/DISTRIBUCION/98680.jpg,cobeca,
38050,ME39561,ESQUIDONE 3 MG X 30 TABLETAS RECUBIERTAS,https://mav.farmaciasaas.com/api/images/articulos/DISTRIBUCION/98681.jpg,cobeca,
38053,ME39929,EUKENE 40 MG X 30 COMPRIMIDOS RECUBIERTOS,https://mav.farmaciasaas.com/api/images/articulos/DISTRIBUCION/27093.jpg,cobeca,
39204,ME39326,EUKENE 20 MG COMPRIMIDOS RECUBIERTOS,https://mav.farmaciasaas.com/api/images/articulos/DISTRIBUCION/15025.jpg,cobeca,
38054,ME42010,EUKENE HCT 40 MG - 12.5 MG X 30 COMPRIMIDOS RECUBIERTOS,https://mav.farmaciasaas.com/api/images/articulos/DISTRIBUCION/26422.jpg,cobeca,
38055,ME42009,EUKENE HCT 40 MG - 25 MG X 30 COMPRIMIDOS RECUBIERTOS,https://mav.farmaciasaas.com/api/images/articulos/DISTRIBUCION/26420.jpg,cobeca,
38056,ME23115/3,EUSILEN 4 MG X 15 COMPRIMIDOS,https://mav.farmaciasaas.com/api/images/articulos/DISTRIBUCION/97144.jpg,cobeca,
38057,ME23115/2,EUSILEN 4 MG X 8 COMPRIMIDOS,https://mav.farmaciasaas.com/api/images/articulos/DISTRIBUCION/8831.jpg,cobeca,
39205,HO27693/2,EUSILEN 4 MG / 2 ML X 1 AMPOLLA,https://mav.farmaciasaas.com/api/images/articulos/DISTRIBUCION/9602.jpg,cobeca,
39206,HO27693/3,EUSILEN 4 MG / 2 ML X 2 AMPOLLAS,https://mav.farmaciasaas.com/api/images/articulos/DISTRIBUCION/5513.jpg,cobeca,
38058,ME39742,EUTEBROL 20 MG X 30 COMPRIMIDOS,https://mav.farmaciasaas.com/api/images/articulos/DISTRIBUCION/28314.jpg,cobeca,
38059,ME44070,EVABOLIN 25 MG X 30 TABLETAS RECUBIERTAS,https://mav.farmaciasaas.com/api/images/articulos/DISTRIBUCION/53346.jpg,cobeca,
38060,ME43622,EXOM 20 MG X 14 CAPSULAS CON MICROGRANULOS GASTRORRESISTENTES,https://mav.farmaciasaas.com/api/images/articulos/DISTRIBUCION/24978.jpg,cobeca,
38061,ME43210,EXOVIS DUO 875 MG - 125 MG X 14 TABLETAS RECUBIERTAS,https://mav.farmaciasaas.com/api/images/articulos/DISTRIBUCION/22553.jpg,cobeca,
38062,ME43398,EZOLIUM 20 MG X 30 CAPSULAS,https://mav.farmaciasaas.com/api/images/articulos/DISTRIBUCION/93948.jpg,cobeca,
38063,ME43399,EZOLIUM 40 MG X 30 CAPSULAS,https://mav.farmaciasaas.com/api/images/articulos/DISTRIBUCION/93949.jpg,cobeca,
38064,ME28167,FAMULCER 40 MG X 10 TABLETAS,https://mav.farmaciasaas.com/api/images/articulos/DISTRIBUCION/6884.jpg,cobeca,
38065,ME37251,FARBICIL 1 % CREMA,https://mav.farmaciasaas.com/api/images/articulos/DISTRIBUCION/91417.jpg,cobeca,
38067,ME31439,FEBRILIX 120 MG / 5 ML SOLUCION ORAL,https://mav.farmaciasaas.com/api/images/articulos/DISTRIBUCION/8453.jpg,cobeca,
38068,ME32558,FEBRILIX 500 MG X 20 TABLETAS,https://mav.farmaciasaas.com/api/images/articulos/DISTRIBUCION/7037.jpg,cobeca,
38069,ME43813,FEBRIP 500 MG X 20 COMPRIMIDOS,https://mav.farmaciasaas.com/api/images/articulos/DISTRIBUCION/54399.jpg,cobeca,
38070,ME42457,FEBRIP 180 MG / 5 ML SOLUCION ORAL,https://mav.farmaciasaas.com/api/images/articulos/DISTRIBUCION/27532.jpg,cobeca,
38076,ME27405/3,FERGANIC 40 MG X 24 CAPSULAS,https://mav.farmaciasaas.com/api/images/articulos/DISTRIBUCION/8790.jpg,cobeca,
38077,ME27405/4,FERGANIC 40 MG X 30 CAPSULAS,https://mav.farmaciasaas.com/api/images/articulos/DISTRIBUCION/53159.jpg,cobeca,
38082,ME27514,FERGANIC 40 MG / 15 ML SOLUCION ORAL,https://mav.farmaciasaas.com/api/images/articulos/DISTRIBUCION/8791.jpg,cobeca,
38083,HO43195,FERGANIC 100 MG / 5 ML X 1 AMPOLLA,https://mav.farmaciasaas.com/api/images/articulos/DISTRIBUCION/52639.jpg,cobeca,
38079,ME33240/3,FERGANIC FOLIC 40 MG - 360 MCG / 15 ML X 20 JARABE,https://mav.farmaciasaas.com/api/images/articulos/DISTRIBUCION/52465.jpg,cobeca,
38080,ME33240/2,FERGANIC FOLIC 40 MG - 360 MCG / 15 ML X 1 JARABE,https://mav.farmaciasaas.com/api/images/articulos/DISTRIBUCION/52465.jpg,cobeca,
38081,ME33240/4,FERGANIC FOLIC 40 MG - 360 MCG / 15 ML X 30 JARABE,https://mav.farmaciasaas.com/api/images/articulos/DISTRIBUCION/52465.jpg,cobeca,
39218,ME33238/5,FERGANIC FOLIC 40 MG - 350 MCG X 30 TABLETAS MASTICABLES,https://mav.farmaciasaas.com/api/images/articulos/DISTRIBUCION/90601.jpg,cobeca,
39219,ME33238/3,FERGANIC FOLIC 40 MG - 350 MCG X 20 TABLETAS MASTICABLES,https://mav.farmaciasaas.com/api/images/articulos/DISTRIBUCION/3971.jpg,cobeca,
38090,ME41359,FEXORAT 30 MG / 5 ML SUSPENSION ORAL,https://mav.farmaciasaas.com/api/images/articulos/DISTRIBUCION/53627.jpg,cobeca,
38091,ME30089,FINASTERIDE 5 MG X 30 TABLETAS RECUBIERTAS,https://mav.farmaciasaas.com/api/images/articulos/DISTRIBUCION/12033.jpg,cobeca,
38094,ME29110,FISIOLIN 0.65 % SOLUCION NASAL,https://mav.farmaciasaas.com/api/images/articulos/DISTRIBUCION/23647.jpg,cobeca,
38095,ME38634/2,FITEX 20 MG X 1 TABLETA,https://mav.farmaciasaas.com/api/images/articulos/DISTRIBUCION/99114.jpg,cobeca,
38096,ME38634/3,FITEX 20 MG X 2 TABLETAS,https://mav.farmaciasaas.com/api/images/articulos/DISTRIBUCION/99115.jpg,cobeca,
38097,ME39597/2,FITEX 5 MG X 10 TABLETAS,https://mav.farmaciasaas.com/api/images/articulos/DISTRIBUCION/20284.jpg,cobeca,
38100,ME29074,FLAVOL 300 MG X 20 CAPSULAS,https://mav.farmaciasaas.com/api/images/articulos/DISTRIBUCION/4190.jpg,cobeca,
38105,HO24421,FLEMIBAR 20 MG - 2500 MG / 5 ML X 3 AMPOLLAS,https://mav.farmaciasaas.com/api/images/articulos/DISTRIBUCION/29271.jpg,cobeca,
38106,ME24420,FLEMIBAR 10 MG - 250 MG X 10 COMPRIMIDOS RECUBIERTOS,https://mav.farmaciasaas.com/api/images/articulos/DISTRIBUCION/28552.jpg,cobeca,
38107,ME38680,FLENOX 15 MG / 5 ML SOLUCION ORAL,https://mav.farmaciasaas.com/api/images/articulos/DISTRIBUCION/50900.jpg,cobeca,
38108,ME35680,FLINAS 0.05 % X 140 SUSPENSION NASAL PARA NEBULIZAR,https://mav.farmaciasaas.com/api/images/articulos/DISTRIBUCION/91716.jpg,cobeca,
38109,MI27670,FLODONT 0.15 % ENJUAGUE BUCAL,https://mav.farmaciasaas.com/api/images/articulos/DISTRIBUCION/10367.jpg,cobeca,
38110,ME41019,FLOMED 0.15 % - 0.25 % SOLUCION TOPICA BUCAL ATOMIZADORA,https://mav.farmaciasaas.com/api/images/articulos/DISTRIBUCION/16421.jpg,cobeca,
39222,ME41147,FLOMED 0.15 % - 0.25 % SOLUCION TOPICA BUCAL,https://mav.farmaciasaas.com/api/images/articulos/DISTRIBUCION/16421.jpg,cobeca,
38111,ME27243,FLUCON 150 MG X 2 CAPSULAS,https://mav.farmaciasaas.com/api/images/articulos/DISTRIBUCION/9690.jpg,cobeca,
38122,ME28326/2,FLUDIL 10 MG X 20 TABLETAS,https://mav.farmaciasaas.com/api/images/articulos/DISTRIBUCION/1790.jpg,cobeca,
38123,ME28326/3,FLUDIL 10 MG X 40 TABLETAS,https://mav.farmaciasaas.com/api/images/articulos/DISTRIBUCION/95624.jpg,cobeca,
38124,HO42815,FLUMAZENIL 0.5 MG / 5 ML X 1 AMPOLLA,https://mav.farmaciasaas.com/api/images/articulos/DISTRIBUCION/53237.jpg,cobeca,
38130,ME21985,FOLIFER B-12 X 30 TABLETAS,https://mav.farmaciasaas.com/api/images/articulos/DISTRIBUCION/5344.jpg,cobeca,
38133,ME41993,FOSFOLIT 21.6 G - 8.1 G / 45 ML SOLUCION ORAL,https://mav.farmaciasaas.com/api/images/articulos/DISTRIBUCION/17761.jpg,cobeca,
38135,ME24373,FUGOLIN 1 % SOLUCION,https://mav.farmaciasaas.com/api/images/articulos/DISTRIBUCION/2986.jpg,cobeca,
38136,ME31637,FULGRAM 875 MG - 125 MG X 16 COMPRIMIDOS RECUBIERTOS,https://mav.farmaciasaas.com/api/images/articulos/DISTRIBUCION/17884.jpg,cobeca,
38138,ME43354,FUNTRAZOL 100 MG X 10 CAPSULAS,https://mav.farmaciasaas.com/api/images/articulos/DISTRIBUCION/21367.jpg,cobeca,
38149,ME20787,GABOX 200 MG X 20 COMPRIMIDOS,https://mav.farmaciasaas.com/api/images/articulos/DISTRIBUCION/6134.jpg,cobeca,
38150,ME24868,GARABET 0.3 % - 0.1 % SOLUCION OFTALMICA,https://mav.farmaciasaas.com/api/images/articulos/DISTRIBUCION/7339.jpg,cobeca,
38151,ME26651,GARDENAL 100 MG X 30 COMPRIMIDOS,https://mav.farmaciasaas.com/api/images/articulos/DISTRIBUCION/1477.jpg,cobeca,
38152,ME39975/3,GENESA 3 MG-20 MCG X 28 COMPRIMIDOS RECUBIERTOS,https://mav.farmaciasaas.com/api/images/articulos/DISTRIBUCION/13744.jpg,cobeca,
38161,ME40365,GLICAZET 500 MG / 5 MG TABLETAS RECUBIERTAS,https://mav.farmaciasaas.com/api/images/articulos/DISTRIBUCION/26018.jpg,cobeca,
38163,ME27630,GLIDAN 80 MG X 20 TABLETAS,https://mav.farmaciasaas.com/api/images/articulos/DISTRIBUCION/9706.jpg,cobeca,
38164,ME43215,GLIFORMIN 1000 MG X 30 TABLETAS RECUBIERTAS,https://mav.farmaciasaas.com/api/images/articulos/DISTRIBUCION/22351.jpg,cobeca,
38165,ME43214,GLIFORMIN 850 MG X 30 TABLETAS RECUBIERTAS,https://mav.farmaciasaas.com/api/images/articulos/DISTRIBUCION/23014.jpg,cobeca,
38170,ME44696/2,GLIPTIN 500 MG - 50 MG X 10 COMPRIMIDOS RECUBIERTOS,https://mav.farmaciasaas.com/api/images/articulos/DISTRIBUCION/26771.jpg,cobeca,
38171,ME44696/3,GLIPTIN 500 MG - 50 MG X 30 COMPRIMIDOS RECUBIERTOS,https://mav.farmaciasaas.com/api/images/articulos/DISTRIBUCION/28336.jpg,cobeca,
38174,ME44000,GLUCOVAL 10 MG X 30 TABLETAS RECUBIERTAS,https://mav.farmaciasaas.com/api/images/articulos/DISTRIBUCION/53623.jpg,cobeca,
38175,ME44001,GLUCOVAL 25 MG X 30 TABLETAS RECUBIERTAS,https://mav.farmaciasaas.com/api/images/articulos/DISTRIBUCION/53624.jpg,cobeca,
38178,ME35120,GRATIO 500 MG X 10 TABLETAS RECUBIERTAS,https://mav.farmaciasaas.com/api/images/articulos/DISTRIBUCION/93745.jpg,cobeca,
38180,ME24672,GULAPER 250 MG / 5 ML SOLUCION ORAL,https://mav.farmaciasaas.com/api/images/articulos/DISTRIBUCION/53409.jpg,cobeca,
38181,ME44629,GULAPER 250 MG / 5 ML SOLUCION ORAL SABOR A MENTA,https://mav.farmaciasaas.com/api/images/articulos/DISTRIBUCION/53409.jpg,cobeca,
38183,ME25838,GYNODERAIN 0.6 G X 6 OVULOS,https://mav.farmaciasaas.com/api/images/articulos/DISTRIBUCION/8278.jpg,cobeca,
38184,ME43566,GYNOMET 750 MG - 200 MG X 7 OVULOS,https://mav.farmaciasaas.com/api/images/articulos/DISTRIBUCION/53056.jpg,cobeca,
38186,ME25273,HELAL 200 MG X 2 COMPRIMIDOS,https://mav.farmaciasaas.com/api/images/articulos/DISTRIBUCION/6546.jpg,cobeca,
38187,ME28801,HEPAFOL B12 X 30 TABLETAS RECUBIERTAS,https://mav.farmaciasaas.com/api/images/articulos/DISTRIBUCION/1766.jpg,cobeca,
38188,ME36675,HEPROX 0.4 MG X 30 CAPSULAS DE LIBERACION PROLONGADA,https://mav.farmaciasaas.com/api/images/articulos/DISTRIBUCION/91510.jpg,cobeca,
38189,ME43345,HEXANTFLEM 250 MG / 5 ML SOLUCION ORAL,https://mav.farmaciasaas.com/api/images/articulos/DISTRIBUCION/53268.jpg,cobeca,
39243,ME43494,HEXANTFLEM 100 MG - 5 ML SOLUCION ORAL,https://mav.farmaciasaas.com/api/images/articulos/DISTRIBUCION/53269.jpg,cobeca,
38197,ME39520,HIDROTEN 12.5 MG X 30 TABLETAS,https://mav.farmaciasaas.com/api/images/articulos/DISTRIBUCION/96218.jpg,cobeca,
38199,ME43845,PASIM FEM 20 MG - 400 MG X 10 COMPRIMIDOS RECUBIERTOS,https://mav.farmaciasaas.com/api/images/articulos/DISTRIBUCION/54299.jpg,cobeca,
38201,ME39098,HISTALER 5 MG X 10 TABLETAS RECUBIERTAS,https://mav.farmaciasaas.com/api/images/articulos/DISTRIBUCION/30267.jpg,cobeca,
38203,ME41649,HISTIVERT 24 MG X 30 COMPRIMIDOS,https://mav.farmaciasaas.com/api/images/articulos/DISTRIBUCION/16044.jpg,cobeca,
38204,ME38784,IBANDROMET 150 MG X 1 TABLETA RECUBIERTA,https://mav.farmaciasaas.com/api/images/articulos/DISTRIBUCION/97785.jpg,cobeca,
38205,ME42272,IBECAR 150 MG X 30 TABLETAS RECUBIERTAS,https://mav.farmaciasaas.com/api/images/articulos/DISTRIBUCION/27009.jpg,cobeca,
38206,ME42142,IBECAR 300 MG X 30 TABLETAS RECUBIERTAS,https://mav.farmaciasaas.com/api/images/articulos/DISTRIBUCION/27010.jpg,cobeca,
38207,ME43775,IBLUFEN 800 MG X 10 TABLETAS,https://mav.farmaciasaas.com/api/images/articulos/DISTRIBUCION/23883.jpg,cobeca,
38208,ME39249/2,IBUCOLVAL 600 MG - 4 MG X 10 TABLETAS RECUBIERTAS,https://mav.farmaciasaas.com/api/images/articulos/DISTRIBUCION/50513.jpg,cobeca,
38209,ME39249/3,IBUCOLVAL 600 MG - 4 MG X 20 TABLETAS RECUBIERTAS,https://mav.farmaciasaas.com/api/images/articulos/DISTRIBUCION/94906.jpg,cobeca,
38210,ME21722,IBUFENAC 400 MG X 20 CAPSULAS,https://mav.farmaciasaas.com/api/images/articulos/DISTRIBUCION/23089.jpg,cobeca,
38211,ME43466,IBUMAX 100 MG / 5 ML SUSPENSION ORAL,https://mav.farmaciasaas.com/api/images/articulos/DISTRIBUCION/50304.jpg,cobeca,
38212,ME44745,IBUN 600 MG X 10 TABLETAS RECUBIERTAS,https://mav.farmaciasaas.com/api/images/articulos/DISTRIBUCION/26152.jpg,cobeca,
38213,ME44025,IBUN 800 MG X 10 TABLETAS RECUBIERTAS,https://mav.farmaciasaas.com/api/images/articulos/DISTRIBUCION/53061.jpg,cobeca,
38226,ME27398,IBUTAN 100 MG / 5 ML SUSPENSION,https://mav.farmaciasaas.com/api/images/articulos/DISTRIBUCION/8970.jpg,cobeca,
38227,ME38880,IBUTAN 200 MG / 5 ML SUSPENSION,https://mav.farmaciasaas.com/api/images/articulos/DISTRIBUCION/94585.jpg,cobeca,
38228,ME42600,IBUTAN 200 MG X 10 TABLETAS,https://mav.farmaciasaas.com/api/images/articulos/DISTRIBUCION/4835.jpg,cobeca,
38229,ME19994/2,IBUTAN 400 MG X 10 TABLETAS,https://mav.farmaciasaas.com/api/images/articulos/DISTRIBUCION/8969.jpg,cobeca,
38230,ME19994/3,IBUTAN 400 MG X 20 TABLETAS,https://mav.farmaciasaas.com/api/images/articulos/DISTRIBUCION/92332.jpg,cobeca,
38231,ME39059,IBUTAN 600 MG X 10 TABLETAS,https://mav.farmaciasaas.com/api/images/articulos/DISTRIBUCION/127.jpg,cobeca,
38232,ME40927/2,IBUTANCOL 400 MG - 4 MG X 10 TABLETAS,https://mav.farmaciasaas.com/api/images/articulos/DISTRIBUCION/14204.jpg,cobeca,
38233,ME40927/3,IBUTANCOL 400 MG - 4 MG X 20 TABLETAS,https://mav.farmaciasaas.com/api/images/articulos/DISTRIBUCION/14205.jpg,cobeca,
38234,ME39405/2,IBUTANCOL 600 MG - 4 MG X 10 TABLETAS,https://mav.farmaciasaas.com/api/images/articulos/DISTRIBUCION/95589.jpg,cobeca,
38235,ME39405/3,IBUTANCOL 600 MG - 4 MG X 20 TABLETAS,https://mav.farmaciasaas.com/api/images/articulos/DISTRIBUCION/95590.jpg,cobeca,
38236,ME42479/2,IBUTANFEM 400 MG - 20 MG X 20 TABLETAS RECUBIERTAS,https://mav.farmaciasaas.com/api/images/articulos/DISTRIBUCION/25251.jpg,cobeca,
38237,ME42479/3,IBUTANFEM 400 MG - 20 MG X 30 TABLETAS RECUBIERTAS,https://mav.farmaciasaas.com/api/images/articulos/DISTRIBUCION/25252.jpg,cobeca,
38238,ME32276,IDOXEN 75 MG X 30 CAPSULAS DE LIBERACION PROLONGADA,https://mav.farmaciasaas.com/api/images/articulos/DISTRIBUCION/29527.jpg,cobeca,
38239,ME32277,IDOXEN 150 MG X 10 CAPSULAS DE LIBERACION PROLONGADA,https://mav.farmaciasaas.com/api/images/articulos/DISTRIBUCION/5699.jpg,cobeca,
38241,ME38150,ILTUX 20 MG X 28 COMPRIMIDOS RECUBIERTOS,https://mav.farmaciasaas.com/api/images/articulos/DISTRIBUCION/93907.jpg,cobeca,
38242,ME42948,IMAZOL DUAL 500 MG CAPSULA BLANDA VAGINAL + 1 % X 1 CREMA VAGINAL,https://mav.farmaciasaas.com/api/images/articulos/DISTRIBUCION/8397.jpg,cobeca,
38243,MI30271,IMAZOL 1 % POLVO,https://mav.farmaciasaas.com/api/images/articulos/DISTRIBUCION/11071.jpg,cobeca,
38244,ME30272,IMAZOL 1 % SOLUCION TOPICA ATOMIZADOR,https://mav.farmaciasaas.com/api/images/articulos/DISTRIBUCION/1853.jpg,cobeca,
38245,ME20148,IMAZOL 100 MG X 6 TABLETAS VAGINALES,https://mav.farmaciasaas.com/api/images/articulos/DISTRIBUCION/1854.jpg,cobeca,
39256,ME20149,IMAZOL 1 % SOLUCION,https://mav.farmaciasaas.com/api/images/articulos/DISTRIBUCION/1852.jpg,cobeca,
38246,ME41339,INIBIL 20 MG X 14 COMPRIMIDOS CON CUBIERTA ENTERICA,https://mav.farmaciasaas.com/api/images/articulos/DISTRIBUCION/13662.jpg,cobeca,
38247,ME41338,INIBIL 40 MG X 14 COMPRIMIDOS CON CUBIERTA ENTERICA,https://mav.farmaciasaas.com/api/images/articulos/DISTRIBUCION/13661.jpg,cobeca,
38248,ME22931,IPALAT 1 % CREMA,https://mav.farmaciasaas.com/api/images/articulos/DISTRIBUCION/10960.jpg,cobeca,
38251,ME27981,IPROXIN 500 MG X 12 TABLETAS RECUBIERTAS,https://mav.farmaciasaas.com/api/images/articulos/DISTRIBUCION/91152.jpg,cobeca,
38252,ME44404,IPROXIN 750 MG X 10 TABLETAS RECUBIERTAS,https://mav.farmaciasaas.com/api/images/articulos/DISTRIBUCION/54333.jpg,cobeca,
39259,ME43717,IRBETIAZID 300 MG - 12.5 MG X 28 TABLETAS,https://mav.farmaciasaas.com/api/images/articulos/DISTRIBUCION/25237.jpg,cobeca,
38260,ME42354,ISBELA 2 MG - 0.035 MG X 21 TABLETAS RECUBIERTAS,https://mav.farmaciasaas.com/api/images/articulos/DISTRIBUCION/25187.jpg,cobeca,
38264,ME43469,IZABAN 10 MG X 30 COMPRIMIDOS RECUBIERTOS,https://mav.farmaciasaas.com/api/images/articulos/DISTRIBUCION/29953.jpg,cobeca,
38265,ME44047,IZABAN DPP 25 MG - 5 MG X 30 COMPRIMIDOS RECUBIERTOS,https://mav.farmaciasaas.com/api/images/articulos/DISTRIBUCION/54207.jpg,cobeca,
38266,ME35154/2,KAPET 75 MG X 14 TABLETAS RECUBIERTAS,https://mav.farmaciasaas.com/api/images/articulos/DISTRIBUCION/7826.jpg,cobeca,
38268,HO38074,KATRIN 30 MG / ML X 1 AMPOLLA,https://mav.farmaciasaas.com/api/images/articulos/DISTRIBUCION/50006.jpg,cobeca,
38269,ME42567,KAYIVIS 10 % SOLUCION TOPICA,https://mav.farmaciasaas.com/api/images/articulos/DISTRIBUCION/6514.jpg,cobeca,
38270,HO30748/2,KELAC 30 MG / ML X 1 AMPOLLA,https://mav.farmaciasaas.com/api/images/articulos/DISTRIBUCION/8261.jpg,cobeca,
38271,HO30748/3,KELAC 30 MG / ML X 3 AMPOLLAS,https://mav.farmaciasaas.com/api/images/articulos/DISTRIBUCION/95398.jpg,cobeca,
38273,ME42343,KELAC 30 MG X 4 TABLETAS SUBLINGUALES.,https://mav.farmaciasaas.com/api/images/articulos/DISTRIBUCION/27471.jpg,cobeca,
38274,ME31304,KELFEN 50 MG X 10 CAPSULAS,https://mav.farmaciasaas.com/api/images/articulos/DISTRIBUCION/1518.jpg,cobeca,
38275,ME28589,KELFEN 100 MG X 20 COMPRIMIDOS CON CUBIERTA ENTERICA,https://mav.farmaciasaas.com/api/images/articulos/DISTRIBUCION/11061.jpg,cobeca,
38279,ME25621,KETAZOL 2 % CHAMPU,https://mav.farmaciasaas.com/api/images/articulos/DISTRIBUCION/7281.jpg,cobeca,
38280,ME25126,KETAZOL 2 % CREMA,https://mav.farmaciasaas.com/api/images/articulos/DISTRIBUCION/6552.jpg,cobeca,
38281,ME25867,KETAZOL 400 MG X 3 OVULOS,https://mav.farmaciasaas.com/api/images/articulos/DISTRIBUCION/7624.jpg,cobeca,
38283,ME42916,KETODEX 100 MG X 10 TABLETAS CON RECUBRIMIENTO ENTERICO,https://mav.farmaciasaas.com/api/images/articulos/DISTRIBUCION/28361.jpg,cobeca,
38295,ME42483,KETOREL 30 MG X 4 COMPRIMIDOS ORODISPERSABLE,https://mav.farmaciasaas.com/api/images/articulos/DISTRIBUCION/29434.jpg,cobeca,
38300,ME43754/2,KEYDOL 400 MG - 4 MG X 10 COMPRIMIDOS RECUBIERTOS,https://mav.farmaciasaas.com/api/images/articulos/DISTRIBUCION/54359.jpg,cobeca,
38301,ME43754/3,KEYDOL 400 MG - 4 MG X 20 COMPRIMIDOS RECUBIERTOS,https://mav.farmaciasaas.com/api/images/articulos/DISTRIBUCION/54358.jpg,cobeca,
38302,ME43753/2,KEYDOL 600 MG - 4 MG X 10 COMPRIMIDOS RECUBIERTOS,https://mav.farmaciasaas.com/api/images/articulos/DISTRIBUCION/54360.jpg,cobeca,
38303,ME43753/3,KEYDOL 600 MG - 4 MG X 20 COMPRIMIDOS RECUBIERTOS,https://mav.farmaciasaas.com/api/images/articulos/DISTRIBUCION/54361.jpg,cobeca,
38304,ME25409,KLAS 100 MG X 20 CAPSULAS,https://mav.farmaciasaas.com/api/images/articulos/DISTRIBUCION/6615.jpg,cobeca,
38305,ME35022,L - CARNITINA 1 G / 10 ML SOLUCION ORAL,https://mav.farmaciasaas.com/api/images/articulos/DISTRIBUCION/20545.jpg,cobeca,
38306,ME36925/2,LACTBET 3000 U X 10 CAPSULAS,https://mav.farmaciasaas.com/api/images/articulos/DISTRIBUCION/52649.jpg,cobeca,
38310,ME44410,LAMICTAL 25 MG X 30 TABLETAS DISPERSABLES-MASTICABLES,https://mav.farmaciasaas.com/api/images/articulos/DISTRIBUCION/11119.jpg,cobeca,
39535,ME44412,LAMICTAL 100 MG X 30 TABLETAS DISPERSABLES-MASTICABLES,https://mav.farmaciasaas.com/api/images/articulos/DISTRIBUCION/11117.jpg,cobeca,
39536,ME44411,LAMICTAL 50 MG X 30 TABLETAS DISPERSABLES - MASTICABLES,https://mav.farmaciasaas.com/api/images/articulos/DISTRIBUCION/11118.jpg,cobeca,
38313,HO44183,LAMPRAL 4 MG / 2 ML X 2 AMPOLLAS,https://mav.farmaciasaas.com/api/images/articulos/DISTRIBUCION/54482.jpg,cobeca,
38317,ME38587,LENTOCILIN 6.3.3 X 1 AMPOLLA,https://mav.farmaciasaas.com/api/images/articulos/DISTRIBUCION/51060.jpg,cobeca,
38318,ME37188,LEPRIT 25 MG X 30 TABLETAS,https://mav.farmaciasaas.com/api/images/articulos/DISTRIBUCION/11553.jpg,cobeca,
38319,ME17826,LEPTAZINE 10 MG X 24 COMPRIMIDOS,https://mav.farmaciasaas.com/api/images/articulos/DISTRIBUCION/5079.jpg,cobeca,
38320,ME16386,LEPTAZINE 5 MG X 30 COMPRIMIDOS,https://mav.farmaciasaas.com/api/images/articulos/DISTRIBUCION/5080.jpg,cobeca,
38326,ME33641/2,LETISAN 500 MG X 10 COMPRIMIDOS RECUBIERTOS DE ACCION PROLONGADA,https://mav.farmaciasaas.com/api/images/articulos/DISTRIBUCION/50523.jpg,cobeca,
39284,ME38543,LETISAN 500 MG X 10 TABLETAS MASTICABLES SABOR UVA,https://mav.farmaciasaas.com/api/images/articulos/DISTRIBUCION/50523.jpg,cobeca,
38329,ME42905,LEVAMOX 750 MG X 10 TABLETAS RECUBIERTAS,https://mav.farmaciasaas.com/api/images/articulos/DISTRIBUCION/20350.jpg,cobeca,
38345,ME43586,LEVOPRIDE 25 MG X 30 COMPRIMIDOS,https://mav.farmaciasaas.com/api/images/articulos/DISTRIBUCION/29747.jpg,cobeca,
38346,ME42231,LEVORAT 5 MG / ML X 10 SOLUCION ORAL,https://mav.farmaciasaas.com/api/images/articulos/DISTRIBUCION/28338.jpg,cobeca,
38348,ME37085,LEVOSULPIRIDE 25 MG X 30 TABLETAS,https://mav.farmaciasaas.com/api/images/articulos/DISTRIBUCION/23223.jpg,cobeca,
38352,ME43146,LIBERDUX 5 MG X 10 TABLETAS RECUBIERTAS,https://mav.farmaciasaas.com/api/images/articulos/DISTRIBUCION/28647.jpg,cobeca,
38354,HO43916,LIDOCAINA 2 % CON ADRENALINA 1: 80.000 SOLUCION INYECTABLE,https://mav.farmaciasaas.com/api/images/articulos/DISTRIBUCION/29478.jpg,cobeca,
38359,ME44241,LIPEND 10 MG X 30 COMPRIMIDOS RECUBIERTOS,https://mav.farmaciasaas.com/api/images/articulos/DISTRIBUCION/52071.jpg,cobeca,
38360,ME44242,LIPEND 20 MG X 30 COMPRIMIDOS RECUBIERTOS,https://mav.farmaciasaas.com/api/images/articulos/DISTRIBUCION/52072.jpg,cobeca,
38361,ME28540,LIPONTAL 900 MG X 10 TABLETAS,https://mav.farmaciasaas.com/api/images/articulos/DISTRIBUCION/10400.jpg,cobeca,
38362,ME26675,LISILET 10 MG X 30 COMPRIMIDOS,https://mav.farmaciasaas.com/api/images/articulos/DISTRIBUCION/99130.jpg,cobeca,
38363,ME29414,LISILETIC 20 MG -12.5 MG X 30 COMPRIMIDOS,https://mav.farmaciasaas.com/api/images/articulos/DISTRIBUCION/1677.jpg,cobeca,
38364,ME17740,LISOMUCIN 4 MG / 5 ML JARABE,https://mav.farmaciasaas.com/api/images/articulos/DISTRIBUCION/2178.jpg,cobeca,
38366,ME43571,LODESTAR 100 MG X 30 TABLETAS RECUBIERTAS,https://mav.farmaciasaas.com/api/images/articulos/DISTRIBUCION/52796.jpg,cobeca,
38367,ME41446,LODESTAR HCT 50 MG - 12.5 MG X 30 TABLETAS RECUBIERTAS,https://mav.farmaciasaas.com/api/images/articulos/DISTRIBUCION/17318.jpg,cobeca,
38368,ME41901,LODIPIN 10 MG X 10 COMPRIMIDOS,https://mav.farmaciasaas.com/api/images/articulos/DISTRIBUCION/16508.jpg,cobeca,
38372,ME22859,LOGANIL 100 MG / 5 ML JARABE,https://mav.farmaciasaas.com/api/images/articulos/DISTRIBUCION/51207.jpg,cobeca,
38373,ME30293,LOKARIN 5 MG - 60 MG / 5 ML JARABE,https://mav.farmaciasaas.com/api/images/articulos/DISTRIBUCION/11306.jpg,cobeca,
38374,ME39217,LONGACEF 400 MG X 5 CAPSULAS,https://mav.farmaciasaas.com/api/images/articulos/DISTRIBUCION/98377.jpg,cobeca,
38376,ME22142/2,LOPERAM 2 MG X 4 TABLETAS,https://mav.farmaciasaas.com/api/images/articulos/DISTRIBUCION/5224.jpg,cobeca,
38377,ME22142/3,LOPERAM 2 MG X 10 TABLETAS,https://mav.farmaciasaas.com/api/images/articulos/DISTRIBUCION/18988.jpg,cobeca,
38380,ME36543,LORADEX 10 MG X 10 TABLETAS,https://mav.farmaciasaas.com/api/images/articulos/DISTRIBUCION/92795.jpg,cobeca,
38391,ME29808,LORAVAL 5 MG / 5 ML JARABE,https://mav.farmaciasaas.com/api/images/articulos/DISTRIBUCION/9150.jpg,cobeca,
38392,ME29176,LORAVAL 10 MG X 10 TABLETAS,https://mav.farmaciasaas.com/api/images/articulos/DISTRIBUCION/9147.jpg,cobeca,
38412,ME38053,LOTEMICIN 0.5 % - 0.3 % SUSPENSION OFTALMICA,https://mav.farmaciasaas.com/api/images/articulos/DISTRIBUCION/93654.jpg,cobeca,
38413,HO32377,LOWPRES 150 MCG / ML X 5 AMPOLLAS,https://mav.farmaciasaas.com/api/images/articulos/DISTRIBUCION/25380.jpg,cobeca,
38414,ME42760,LUDROX 75 MG X 30 TABLETAS RECUBIERTAS,https://mav.farmaciasaas.com/api/images/articulos/DISTRIBUCION/26078.jpg,cobeca,
38415,ME24925,LUMBAX 200 MG X 10 TABLETAS,https://mav.farmaciasaas.com/api/images/articulos/DISTRIBUCION/29648.jpg,cobeca,
38416,ME29063,LUMBAX 400 MG X 10 TABLETAS,https://mav.farmaciasaas.com/api/images/articulos/DISTRIBUCION/20349.jpg,cobeca,
38417,ME30211,LUMBAX 600 MG X 10 TABLETAS,https://mav.farmaciasaas.com/api/images/articulos/DISTRIBUCION/20720.jpg,cobeca,
38418,ME37320,LUMBAX 800 MG X 6 COMPRIMIDOS RECUBIERTOS,https://mav.farmaciasaas.com/api/images/articulos/DISTRIBUCION/20721.jpg,cobeca,
38419,ME16065,MACRODANTINA 50 MG X 30 CAPSULAS,https://mav.farmaciasaas.com/api/images/articulos/DISTRIBUCION/2247.jpg,cobeca,
38420,ME14881,MADECASSOL 1 % UNGUENTO,https://mav.farmaciasaas.com/api/images/articulos/DISTRIBUCION/16764.jpg,cobeca,
38423,ME34990/2,MAILEN 5 MG X 10 COMPRIMIDOS RECUBIERTOS,https://mav.farmaciasaas.com/api/images/articulos/DISTRIBUCION/7557.jpg,cobeca,
38424,ME34990/3,MAILEN 5 MG X 30 COMPRIMIDOS RECUBIERTOS,https://mav.farmaciasaas.com/api/images/articulos/DISTRIBUCION/95984.jpg,cobeca,
38425,ME34952,MAILEN 2.5 MG / 5 ML JARABE,https://mav.farmaciasaas.com/api/images/articulos/DISTRIBUCION/7559.jpg,cobeca,
38427,ME39216,MARTESIA 25 MG X 30 CAPSULAS,https://mav.farmaciasaas.com/api/images/articulos/DISTRIBUCION/17771.jpg,cobeca,
38428,ME38501,MARTESIA 300 MG X 14 CAPSULAS,https://mav.farmaciasaas.com/api/images/articulos/DISTRIBUCION/95724.jpg,cobeca,
38429,ME38503,MARTESIA 75 MG X 14 CAPSULAS,https://mav.farmaciasaas.com/api/images/articulos/DISTRIBUCION/95844.jpg,cobeca,
38431,ME23582,MATILOL 0.5 % SOLUCION OFTALMICA,https://mav.farmaciasaas.com/api/images/articulos/DISTRIBUCION/2972.jpg,cobeca,
38432,ME44317,MAXIFUR 50 MG X 30 CAPSULAS,https://mav.farmaciasaas.com/api/images/articulos/DISTRIBUCION/30340.jpg,cobeca,
39294,ME42291,MAXOTEN 50 MG COMPRIMIDOS RECUBIERTOS,https://mav.farmaciasaas.com/api/images/articulos/DISTRIBUCION/50705.jpg,cobeca,
38436,ME44574,MELIF 50 MG - 500 MG X 30 COMPRIMIDOS RECUBIERTOS,https://mav.farmaciasaas.com/api/images/articulos/DISTRIBUCION/52755.jpg,cobeca,
38437,ME43285,MELIGEN 10 MG X 30 TABLETAS RECUBIERTAS,https://mav.farmaciasaas.com/api/images/articulos/DISTRIBUCION/22554.jpg,cobeca,
38449,HO41258,MESPEN 500 MG X 1 AMPOLLA,https://mav.farmaciasaas.com/api/images/articulos/DISTRIBUCION/20400.jpg,cobeca,
38450,HO21983/2,DIPIRONA 1 G / 2 ML X 3 AMPOLLAS,https://mav.farmaciasaas.com/api/images/articulos/DISTRIBUCION/29164.jpg,cobeca,
38466,HO43316,METILPREDNISOLONA 125 MG X 1 AMPOLLA,https://mav.farmaciasaas.com/api/images/articulos/DISTRIBUCION/27445.jpg,cobeca,
38471,ME29532/2,METREN 500 MG X 10 CAPSULAS BLANDAS VAGINALES,https://mav.farmaciasaas.com/api/images/articulos/DISTRIBUCION/6011.jpg,cobeca,
38473,ME29922,METREN 250 MG / 5 ML SUSPENSION,https://mav.farmaciasaas.com/api/images/articulos/DISTRIBUCION/6010.jpg,cobeca,
38474,ME28780,METREN 500 MG X 10 TABLETAS,https://mav.farmaciasaas.com/api/images/articulos/DISTRIBUCION/6005.jpg,cobeca,
38485,ME42156,METSIGLIN 500 MG - 50 MG X 30 COMPRIMIDOS RECUBIERTOS,https://mav.farmaciasaas.com/api/images/articulos/DISTRIBUCION/30362.jpg,cobeca,
38486,ME40057,MICONAX 15 % - 4 % CREMA VAGINAL,https://mav.farmaciasaas.com/api/images/articulos/DISTRIBUCION/99630.jpg,cobeca,
38488,ME31976/2,MIGRAVAL 100 MG X 2 COMPRIMIDOS RECUBIERTOS,https://mav.farmaciasaas.com/api/images/articulos/DISTRIBUCION/1945.jpg,cobeca,
38489,ME31976/3,MIGRAVAL 100 MG X 4 COMPRIMIDOS RECUBIERTOS,https://mav.farmaciasaas.com/api/images/articulos/DISTRIBUCION/19846.jpg,cobeca,
38490,ME31976/4,MIGRAVAL 100 MG X 8 COMPRIMIDOS RECUBIERTOS,https://mav.farmaciasaas.com/api/images/articulos/DISTRIBUCION/19847.jpg,cobeca,
38491,ME42475,MILAX 50 % X 20 SOLUCION ORAL,https://mav.farmaciasaas.com/api/images/articulos/DISTRIBUCION/7357.jpg,cobeca,
38500,ME43794/3,MIRTAZAVAL 15 MG X 30 TABLETAS RECUBIERTAS,https://mav.farmaciasaas.com/api/images/articulos/DISTRIBUCION/52793.jpg,cobeca,
38502,ME28425,MISULVAN 30 MG / 5 ML JARABE,https://mav.farmaciasaas.com/api/images/articulos/DISTRIBUCION/26235.jpg,cobeca,
38507,ME38837/2,MONTRAX 10 MG X 10 TABLETAS,https://mav.farmaciasaas.com/api/images/articulos/DISTRIBUCION/27191.jpg,cobeca,
38508,ME38837/3,MONTRAX 10 MG X 30 TABLETAS,https://mav.farmaciasaas.com/api/images/articulos/DISTRIBUCION/96585.jpg,cobeca,
38510,ME39174/2,MONTRAX 5 MG X 10 TABLETAS MASTICABLES,https://mav.farmaciasaas.com/api/images/articulos/DISTRIBUCION/27038.jpg,cobeca,
38511,ME39174/3,MONTRAX 5 MG X 30 TABLETAS MASTICABLES,https://mav.farmaciasaas.com/api/images/articulos/DISTRIBUCION/96583.jpg,cobeca,
38512,ME35105,MONUKAST 5 MG X 30 TABLETAS MASTICABLES,https://mav.farmaciasaas.com/api/images/articulos/DISTRIBUCION/50733.jpg,cobeca,
38513,ME43308,MOPERID 10 MG X 20 TABLETAS,https://mav.farmaciasaas.com/api/images/articulos/DISTRIBUCION/20367.jpg,cobeca,
38514,ME35996,MOVIMEX 15 MG X 10 TABLETAS,https://mav.farmaciasaas.com/api/images/articulos/DISTRIBUCION/90529.jpg,cobeca,
38515,ME40494,MOXIDEX 0.5 -0.1 % SOLUCION OFTALMICA ESTERIL,https://mav.farmaciasaas.com/api/images/articulos/DISTRIBUCION/17364/17364.jpg,cobeca,
38519,ME40642,MUCLAR 30 MG - 5 MG X 10 COMPRIMIDOS,https://mav.farmaciasaas.com/api/images/articulos/DISTRIBUCION/98656.jpg,cobeca,
38522,ME43440,MUCOXOL 30 MG / 5 ML JARABE,https://mav.farmaciasaas.com/api/images/articulos/DISTRIBUCION/30075.jpg,cobeca,
38523,ME40019,MULTIDERM 2 % UNGUENTO,https://mav.farmaciasaas.com/api/images/articulos/DISTRIBUCION/98294.jpg,cobeca,
38525,ME35710,MUPIROCIN 2 % UNGUENTO,https://mav.farmaciasaas.com/api/images/articulos/DISTRIBUCION/28580.jpg,cobeca,
38526,ME38101,MUVETT 300 MG X 20 TABLETAS RECUBIERTAS DE LIBERACION PROLONGADA,https://mav.farmaciasaas.com/api/images/articulos/DISTRIBUCION/50344.jpg,cobeca,
38527,ME28565,MYCOFENTIN 2 % CREMA,https://mav.farmaciasaas.com/api/images/articulos/DISTRIBUCION/7183.jpg,cobeca,
38529,ME22739,NACLODIN 0.150 MG X 30 TABLETAS,https://mav.farmaciasaas.com/api/images/articulos/DISTRIBUCION/30060.jpg,cobeca,
38530,ME30624,NAFINA 1 % CREMA,https://mav.farmaciasaas.com/api/images/articulos/DISTRIBUCION/4092.jpg,cobeca,
38533,ME41823,NEFROTAL AMLO 50 MG - 5 MG X 30 COMPRIMIDOS,https://mav.farmaciasaas.com/api/images/articulos/DISTRIBUCION/20154.jpg,cobeca,
38537,ME31384/3,NEFROTAL H 50 MG - 12.5 MG X 14 COMPRIMIDOS RECUBIERTOS,https://mav.farmaciasaas.com/api/images/articulos/DISTRIBUCION/1511.jpg,cobeca,
38541,ME35489,NEFROTAL H 100 MG - 25 MG X 10 COMPRIMIDOS RECUBIERTOS,https://mav.farmaciasaas.com/api/images/articulos/DISTRIBUCION/25321.jpg,cobeca,
39316,ME38329,NEFROTAL H 100 MG - 12.5 MG COMPRIMIDOS RECUBIERTOS,https://mav.farmaciasaas.com/api/images/articulos/DISTRIBUCION/25632.jpg,cobeca,
38538,ME35488/4,NEFROTAL 100 MG X 30 COMPRIMIDOS RECUBIERTOS,https://mav.farmaciasaas.com/api/images/articulos/DISTRIBUCION/25248.jpg,cobeca,
38539,ME35488/2,NEFROTAL 100 MG X 10 COMPRIMIDOS RECUBIERTOS,https://mav.farmaciasaas.com/api/images/articulos/DISTRIBUCION/25320.jpg,cobeca,
38540,ME35488/3,NEFROTAL 100 MG X 14 COMPRIMIDOS RECUBIERTOS,https://mav.farmaciasaas.com/api/images/articulos/DISTRIBUCION/8487.jpg,cobeca,
38545,ME41608,NEULEVAL 500 MG X 10 TABLETAS RECUBIERTAS,https://mav.farmaciasaas.com/api/images/articulos/DISTRIBUCION/22859.jpg,cobeca,
38546,ME41609,NEULEVAL 750 MG X 5 TABLETAS RECUBIERTAS,https://mav.farmaciasaas.com/api/images/articulos/DISTRIBUCION/22860.jpg,cobeca,
38547,ME38422,NEURIXA 150 MG X 14 CAPSULAS,https://mav.farmaciasaas.com/api/images/articulos/DISTRIBUCION/93669.jpg,cobeca,
38548,ME38421/2,NEURIXA 75 MG X 14 CAPSULAS,https://mav.farmaciasaas.com/api/images/articulos/DISTRIBUCION/93668.jpg,cobeca,
38556,ME38246,NIMODIPINA 30 MG X 30 COMPRIMIDOS,https://mav.farmaciasaas.com/api/images/articulos/DISTRIBUCION/23674.jpg,cobeca,
38560,ME42837,NITAX 500 MG X 6 TABLETAS RECUBIERTAS,https://mav.farmaciasaas.com/api/images/articulos/DISTRIBUCION/24328.jpg,cobeca,
38567,ME42319/2,NONAFOL 10 MG X 10 TABLETAS,https://mav.farmaciasaas.com/api/images/articulos/DISTRIBUCION/23015.jpg,cobeca,
38568,ME42319/3,NONAFOL 10 MG X 20 TABLETAS,https://mav.farmaciasaas.com/api/images/articulos/DISTRIBUCION/25245.jpg,cobeca,
38569,ME42319/4,NONAFOL 10 MG X 30 TABLETAS,https://mav.farmaciasaas.com/api/images/articulos/DISTRIBUCION/23016.jpg,cobeca,
38570,ME42320/2,NONAFOL 5 MG X 10 TABLETAS,https://mav.farmaciasaas.com/api/images/articulos/DISTRIBUCION/23099.jpg,cobeca,
38571,ME42320/3,NONAFOL 5 MG X 20 TABLETAS,https://mav.farmaciasaas.com/api/images/articulos/DISTRIBUCION/21982.jpg,cobeca,
38572,ME42320/4,NONAFOL 5 MG X 30 TABLETAS,https://mav.farmaciasaas.com/api/images/articulos/DISTRIBUCION/21983.jpg,cobeca,
39319,ME42092,NONAFOL 10 MG / ML X 10 SOLUCION ORAL,https://mav.farmaciasaas.com/api/images/articulos/DISTRIBUCION/18358.jpg,cobeca,
38574,ME35872,NORSINA 500 MG - 10 MG X 12 TABLETAS,https://mav.farmaciasaas.com/api/images/articulos/DISTRIBUCION/97499.jpg,cobeca,
38575,ME43718,NORTRICOL 200 MG X 20 CAPSULAS,https://mav.farmaciasaas.com/api/images/articulos/DISTRIBUCION/25240.jpg,cobeca,
38576,ME27271/3,NOTOLAC 20 MG X 10 TABLETAS,https://mav.farmaciasaas.com/api/images/articulos/DISTRIBUCION/1531.jpg,cobeca,
38578,ME23563,NOVARONA 200 MG X 10 COMPRIMIDOS,https://mav.farmaciasaas.com/api/images/articulos/DISTRIBUCION/8426.jpg,cobeca,
38582,ME38888,OFAFLAN 50 MG X 10 COMPRIMIDOS CON CUBIERTA ENTERICA,https://mav.farmaciasaas.com/api/images/articulos/DISTRIBUCION/95750.jpg,cobeca,
38584,ME38721,OFAFLAN 2 MG / ML SUSPENSION ORAL,https://mav.farmaciasaas.com/api/images/articulos/DISTRIBUCION/99845.jpg,cobeca,
38587,ME39403,OLMECAR 20 MG X 30 COMPRIMIDOS RECUBIERTOS,https://mav.farmaciasaas.com/api/images/articulos/DISTRIBUCION/18030.jpg,cobeca,
38588,ME39297,OLMECAR 40 MG X 30 COMPRIMIDOS RECUBIERTOS,https://mav.farmaciasaas.com/api/images/articulos/DISTRIBUCION/20723.jpg,cobeca,
38595,ME42770,OLMETIQUE 20 MG X 30 TABLETAS RECUBIERTAS,https://mav.farmaciasaas.com/api/images/articulos/DISTRIBUCION/27013.jpg,cobeca,
38612,ME44039,JUVILOC 20 MG X 20 TABLETAS GASTRORRESISTENTE,https://mav.farmaciasaas.com/api/images/articulos/DISTRIBUCION/53250.jpg,cobeca,
38621,HO35150/2,ONDATRIN 2 MG / ML X 1 AMPOLLA,https://mav.farmaciasaas.com/api/images/articulos/DISTRIBUCION/13380.jpg,cobeca,
38625,ME39093,ORLIDIET 120 MG X 30 CAPSULAS,https://mav.farmaciasaas.com/api/images/articulos/DISTRIBUCION/94356.jpg,cobeca,
38626,ME40197,ORLIDIET 60 MG X 30 CAPSULAS,https://mav.farmaciasaas.com/api/images/articulos/DISTRIBUCION/99789.jpg,cobeca,
38630,ME38580,OXIDREN 150 MG X 1 COMPRIMIDO RECUBIERTO,https://mav.farmaciasaas.com/api/images/articulos/DISTRIBUCION/94330.jpg,cobeca,
38640,ME43713,PASIM PLUS 10 MG - 500 MG X 10 COMPRIMIDOS RECUBIERTOS,https://mav.farmaciasaas.com/api/images/articulos/DISTRIBUCION/53745.jpg,cobeca,
38641,ME43239,PASIM PLUS 2 MG - 100 MG / ML SOLUCION ORAL,https://mav.farmaciasaas.com/api/images/articulos/DISTRIBUCION/53746.jpg,cobeca,
38642,ME41590,PASIM 10 MG / ML SOLUCION ORAL,https://mav.farmaciasaas.com/api/images/articulos/DISTRIBUCION/17394.jpg,cobeca,
38645,ME41358,PEDIACORT 3 MG / ML SOLUCION ORAL,https://mav.farmaciasaas.com/api/images/articulos/DISTRIBUCION/16975.jpg,cobeca,
38646,ME39670/2,PEGYT 150 MG X 20 CAPSULAS,https://mav.farmaciasaas.com/api/images/articulos/DISTRIBUCION/21676.jpg,cobeca,
38648,ME43568,PEGYT 25 MG X 30 CAPSULAS,https://mav.farmaciasaas.com/api/images/articulos/DISTRIBUCION/52624.jpg,cobeca,
38649,ME39669,PEGYT 75 MG X 20 CAPSULAS,https://mav.farmaciasaas.com/api/images/articulos/DISTRIBUCION/99406.jpg,cobeca,
39338,ME43569,PEGYT 50 MG X 30 CAPSULAS,https://mav.farmaciasaas.com/api/images/articulos/DISTRIBUCION/52625.jpg,cobeca,
38655,ME29292,PERIDONT 0.12 % SOLUCION TOPICA BUCAL,https://mav.farmaciasaas.com/api/images/articulos/DISTRIBUCION/18615.jpg,cobeca,
38657,ME40348,PERTEN 1 % SOLUCION TOPICA,https://mav.farmaciasaas.com/api/images/articulos/DISTRIBUCION/20023.jpg,cobeca,
38658,ME40673,PERTEN 1 % GEL TOPICO,https://mav.farmaciasaas.com/api/images/articulos/DISTRIBUCION/20023.jpg,cobeca,
38659,ME40357,PERTEN 1 % SOLUCION ATOMIZADORA PARA USO TOPICO,https://mav.farmaciasaas.com/api/images/articulos/DISTRIBUCION/20023.jpg,cobeca,
38660,ME41064,PERTEN 250 MG X 20 TABLETAS,https://mav.farmaciasaas.com/api/images/articulos/DISTRIBUCION/18905.jpg,cobeca,
39340,ME37330,PERTEN 1 % CREMA,https://mav.farmaciasaas.com/api/images/articulos/DISTRIBUCION/20023.jpg,cobeca,
38661,ME42325,PIGRAL 75 MG X 14 COMPRIMIDOS RECUBIERTOS,https://mav.farmaciasaas.com/api/images/articulos/DISTRIBUCION/24140.jpg,cobeca,
38662,ME44538,PIMADOL 10 MG X 10 TABLETAS RECUBIERTAS,https://mav.farmaciasaas.com/api/images/articulos/DISTRIBUCION/28531.jpg,cobeca,
38665,ME40606/3,PINAVIX 100 MG X 30 COMPRIMIDOS RECUBIERTOS,https://mav.farmaciasaas.com/api/images/articulos/DISTRIBUCION/13663.jpg,cobeca,
38666,ME40606/2,PINAVIX 100 MG X 20 COMPRIMIDOS RECUBIERTOS,https://mav.farmaciasaas.com/api/images/articulos/DISTRIBUCION/50990.jpg,cobeca,
38667,ME40639,PIPERAZINA 500 MG / 5 ML JARABE,https://mav.farmaciasaas.com/api/images/articulos/DISTRIBUCION/22406.jpg,cobeca,
38670,ME30588,PLAVIX 75 MG X 14 COMPRIMIDOS RECUBIERTOS,https://mav.farmaciasaas.com/api/images/articulos/DISTRIBUCION/11151.jpg,cobeca,
38671,ME31051,PLIDAN COMPUESTO 10 MG / 125 MG X 10 COMPRIMIDOS RECUBIERTOS,https://mav.farmaciasaas.com/api/images/articulos/DISTRIBUCION/54271.jpg,cobeca,
38672,HO31052/2,PLIDAN COMPUESTO 15 MG / 2 ML - 100 MG / 2 ML X 1 AMPOLLA,https://mav.farmaciasaas.com/api/images/articulos/DISTRIBUCION/4114.jpg,cobeca,
38675,HO29980,POLIAMIN 10 % (AMINOACIDOS CRISTALINOS) SOLUCION INYECTABLE INTRAVENOSA,https://mav.farmaciasaas.com/api/images/articulos/DISTRIBUCION/11096.jpg,cobeca,
38676,ME30697,POSTINOR 2 0.75 MG X 2 COMPRIMIDOS,https://mav.farmaciasaas.com/api/images/articulos/DISTRIBUCION/11368.jpg,cobeca,
38677,ME42051,POTAX 10 MEQ X 100 TABLETAS DE LIBERACION PROLONGADA,https://mav.farmaciasaas.com/api/images/articulos/DISTRIBUCION/26061.jpg,cobeca,
38678,ME41289,PRALINA 75 MG X 14 CAPSULAS,https://mav.farmaciasaas.com/api/images/articulos/DISTRIBUCION/17014.jpg,cobeca,
38679,ME15805/2,PRAXONA 150 MG X 10 COMPRIMIDOS,https://mav.farmaciasaas.com/api/images/articulos/DISTRIBUCION/2991.jpg,cobeca,
38680,ME15805/3,PRAXONA 150 MG X 24 COMPRIMIDOS,https://mav.farmaciasaas.com/api/images/articulos/DISTRIBUCION/2992.jpg,cobeca,
38681,ME37032,PREDNA 15 MG / 5 ML SOLUCION ORAL,https://mav.farmaciasaas.com/api/images/articulos/DISTRIBUCION/90974.jpg,cobeca,
38698,ME41141,PRELIVAL 150 MG X 20 CAPSULAS,https://mav.farmaciasaas.com/api/images/articulos/DISTRIBUCION/22390.jpg,cobeca,
38699,ME41142,PRELIVAL 75 MG X 20 CAPSULAS,https://mav.farmaciasaas.com/api/images/articulos/DISTRIBUCION/22389.jpg,cobeca,
38700,ME36047,PRESIDERM 2 % UNGUENTO,https://mav.farmaciasaas.com/api/images/articulos/DISTRIBUCION/11580.jpg,cobeca,
38704,ME23774,PROTOSULFIL 1 % CREMA,https://mav.farmaciasaas.com/api/images/articulos/DISTRIBUCION/5047.jpg,cobeca,
38706,ME35378,PROXIME 750 MG X 5 COMPRIMIDOS RECUBIERTOS,https://mav.farmaciasaas.com/api/images/articulos/DISTRIBUCION/8044.jpg,cobeca,
38707,ME37253,PULMOLET 1 MG / ML SUSPENSION PARA NEBULIZAR,https://mav.farmaciasaas.com/api/images/articulos/DISTRIBUCION/91027.jpg,cobeca,
38712,ME42736,QUETIVAL 100 MG X 30 TABLETAS RECUBIERTAS,https://mav.farmaciasaas.com/api/images/articulos/DISTRIBUCION/27422.jpg,cobeca,
38713,ME43563,QUETIVAL 200 MG X 30 TABLETAS RECUBIERTAS,https://mav.farmaciasaas.com/api/images/articulos/DISTRIBUCION/52493.jpg,cobeca,
38714,ME42737,QUETIVAL 25 MG X 30 TABLETAS RECUBIERTAS,https://mav.farmaciasaas.com/api/images/articulos/DISTRIBUCION/27421.jpg,cobeca,
38715,ME35503,QUINOMAX 0.5 % SOLUCION OFTALMICA,https://mav.farmaciasaas.com/api/images/articulos/DISTRIBUCION/8458.jpg,cobeca,
38717,ME40243,RAMIPRES 5 MG X 30 COMPRIMIDOS,https://mav.farmaciasaas.com/api/images/articulos/DISTRIBUCION/18617.jpg,cobeca,
38722,ME39265,REGULIP 20 MG X 30 TABLETAS,https://mav.farmaciasaas.com/api/images/articulos/DISTRIBUCION/95311.jpg,cobeca,
38725,ME30106,RIDAL 2 MG X 20 COMPRIMIDOS RECUBIERTOS,https://mav.farmaciasaas.com/api/images/articulos/DISTRIBUCION/11398.jpg,cobeca,
38726,ME30105,RIDAL 3 MG X 20 COMPRIMIDOS RECUBIERTOS,https://mav.farmaciasaas.com/api/images/articulos/DISTRIBUCION/11399.jpg,cobeca,
38727,ME36450,RIDAL 1 MG X 20 COMPRIMIDOS RECUBIERTOS,https://mav.farmaciasaas.com/api/images/articulos/DISTRIBUCION/90076.jpg,cobeca,
38728,ME39709,RIDAL 1 MG / ML SOLUCION ORAL,https://mav.farmaciasaas.com/api/images/articulos/DISTRIBUCION/96311.jpg,cobeca,
38729,ME39775/3,RIFAMIX 200 MG X 12 COMPRIMIDOS RECUBIERTOS,https://mav.farmaciasaas.com/api/images/articulos/DISTRIBUCION/99098.jpg,cobeca,
39355,ME35116,RINARIS 5 MG - 60 MG X 10 TABLETAS RECUBIERTAS,https://mav.farmaciasaas.com/api/images/articulos/DISTRIBUCION/16753.jpg,cobeca,
38734,ME32231,RINOLAST 120 MG X 10 TABLETAS RECUBIERTAS,https://mav.farmaciasaas.com/api/images/articulos/DISTRIBUCION/6448.jpg,cobeca,
38735,ME30711,RINOMAX 0.25 % - 0.125 % - 0.25 % SOLUCION NASAL,https://mav.farmaciasaas.com/api/images/articulos/DISTRIBUCION/2250.jpg,cobeca,
38736,ME28992,RISPERID 2 MG X 30 COMPRIMIDOS RECUBIERTOS,https://mav.farmaciasaas.com/api/images/articulos/DISTRIBUCION/94360.jpg,cobeca,
38737,ME28993,RISPERID 3 MG X 30 COMPRIMIDOS RECUBIERTOS,https://mav.farmaciasaas.com/api/images/articulos/DISTRIBUCION/94359.jpg,cobeca,
38738,ME36861,RISPERID 1 MG / ML X 30 SOLUCION ORAL,https://mav.farmaciasaas.com/api/images/articulos/DISTRIBUCION/90686.jpg,cobeca,
38741,ME44735,RISTONEL 100 MG X 30 COMPRIMIDOS RECUBIERTOS,https://mav.farmaciasaas.com/api/images/articulos/DISTRIBUCION/53559.jpg,cobeca,
38742,ME44734,RISTONEL 50 MG X 30 COMPRIMIDOS RECUBIERTOS,https://mav.farmaciasaas.com/api/images/articulos/DISTRIBUCION/53558.jpg,cobeca,
38743,ME42436,RITROMI 500 MG X 10 TABLETAS RECUBIERTAS,https://mav.farmaciasaas.com/api/images/articulos/DISTRIBUCION/29497.jpg,cobeca,
38747,ME43974,RONARES 500 MG - 4 MG X 10 COMPRIMIDOS,https://mav.farmaciasaas.com/api/images/articulos/DISTRIBUCION/53742.jpg,cobeca,
38753,ME35905,ROVARTAL 10 MG X 30 COMPRIMIDOS RECUBIERTOS,https://mav.farmaciasaas.com/api/images/articulos/DISTRIBUCION/9989.jpg,cobeca,
38754,ME38325,ROVARTAL 40 MG X 30 COMPRIMIDOS RECUBIERTOS,https://mav.farmaciasaas.com/api/images/articulos/DISTRIBUCION/94461.jpg,cobeca,
38755,ME37201/2,ROWELUK 5 MG X 10 COMPRIMIDOS MASTICABLES,https://mav.farmaciasaas.com/api/images/articulos/DISTRIBUCION/26093.jpg,cobeca,
38756,ME37201/3,ROWELUK 5 MG X 30 COMPRIMIDOS MASTICABLES,https://mav.farmaciasaas.com/api/images/articulos/DISTRIBUCION/92735.jpg,cobeca,
38758,ME37200/3,ROWELUK 4 MG X 30 COMPRIMIDOS MASTICABLES,https://mav.farmaciasaas.com/api/images/articulos/DISTRIBUCION/92735.jpg,cobeca,
38759,ME37200/2,ROWELUK 4 MG X 10 COMPRIMIDOS MASTICABLES,https://mav.farmaciasaas.com/api/images/articulos/DISTRIBUCION/25403.jpg,cobeca,
38760,ME43848,RUBIZON 20 MG X 35 TABLETAS RECUBIERTAS,https://mav.farmaciasaas.com/api/images/articulos/DISTRIBUCION/54290.jpg,cobeca,
38761,ME43810,SADOXOL 50 MG X 30 TABLETAS,https://mav.farmaciasaas.com/api/images/articulos/DISTRIBUCION/54369.jpg,cobeca,
38766,ME29493,SAVER 500 MG X 5 COMPRIMIDOS RECUBIERTOS,https://mav.farmaciasaas.com/api/images/articulos/DISTRIBUCION/207.jpg,cobeca,
38773,ME37680,SECNIDEX 500 MG X 4 TABLETAS RECUBIERTAS,https://mav.farmaciasaas.com/api/images/articulos/DISTRIBUCION/92854.jpg,cobeca,
38774,ME33722,SELENE 400 UI - 70 MCG X 30 CAPSULAS BLANDAS,https://mav.farmaciasaas.com/api/images/articulos/DISTRIBUCION/4898.jpg,cobeca,
38776,ME31374,SERETIDE 25 MCG - 50 MCG DOSIS X 120 SUSPENSION PARA INHALACION ORAL,https://mav.farmaciasaas.com/api/images/articulos/DISTRIBUCION/50864.jpg,cobeca,
38777,ME32712,SERLINE 100 MG X 10 COMPRIMIDOS,https://mav.farmaciasaas.com/api/images/articulos/DISTRIBUCION/3699.jpg,cobeca,
38778,ME30171/2,SERLINE 50 MG X 10 COMPRIMIDOS,https://mav.farmaciasaas.com/api/images/articulos/DISTRIBUCION/11400.jpg,cobeca,
38787,ME34530,SESAREN XR 150 MG X 15 CAPSULAS CON MICROGRANULOS DE LIBERACION PROLONGADA,https://mav.farmaciasaas.com/api/images/articulos/DISTRIBUCION/8574.jpg,cobeca,
38788,ME43900,SIDAZOL 100 MG X 30 TABLETAS,https://mav.farmaciasaas.com/api/images/articulos/DISTRIBUCION/53221.jpg,cobeca,
38789,ME43899,SIDAZOL 50 MG X 30 TABLETAS,https://mav.farmaciasaas.com/api/images/articulos/DISTRIBUCION/53222.jpg,cobeca,
38790,ME44582,SIGLUTAN 50 MG-500 MG X 30 TABLETAS RECUBIERTAS,https://mav.farmaciasaas.com/api/images/articulos/DISTRIBUCION/22555.jpg,cobeca,
38794,ME42444/2,SILDEX 100 MG X 1 TABLETA RECUBIERTA,https://mav.farmaciasaas.com/api/images/articulos/DISTRIBUCION/23468.jpg,cobeca,
38795,ME42444/3,SILDEX 100 MG X 2 TABLETAS RECUBIERTAS,https://mav.farmaciasaas.com/api/images/articulos/DISTRIBUCION/23469.jpg,cobeca,
38796,ME37030/2,SILDEX 50 MG X 1 TABLETA RECUBIERTA,https://mav.farmaciasaas.com/api/images/articulos/DISTRIBUCION/90912.jpg,cobeca,
38797,ME37030/3,SILDEX 50 MG X 2 TABLETAS RECUBIERTAS,https://mav.farmaciasaas.com/api/images/articulos/DISTRIBUCION/94885.jpg,cobeca,
38798,ME41645,SINUTIL 80 MG - 0.5 MG / ML SOLUCION ORAL,https://mav.farmaciasaas.com/api/images/articulos/DISTRIBUCION/19538.jpg,cobeca,
38803,ME40375,SITAGLIS MET 50 MG-1000 MG X 28 COMPRIMIDOS RECUBIERTOS,https://mav.farmaciasaas.com/api/images/articulos/DISTRIBUCION/26930.jpg,cobeca,
38804,ME31026,SOMAZINA 500 MG X 30 COMPRIMIDOS RECUBIERTOS,https://mav.farmaciasaas.com/api/images/articulos/DISTRIBUCION/1568.jpg,cobeca,
38811,ME43187,SULIXTRA 0.4 MG X 30 CAPSULAS DE LIBERACION PROLONGADA,https://mav.farmaciasaas.com/api/images/articulos/DISTRIBUCION/21026.jpg,cobeca,
38812,ME43279/2,SULIXTRA DUO 0.4 MG - 0.5 MG X 10 CAPSULAS DE LIBERACION PROLONGADA,https://mav.farmaciasaas.com/api/images/articulos/DISTRIBUCION/21023.jpg,cobeca,
38813,ME43279/3,SULIXTRA DUO 0.4 MG - 0.5 MG X 30 CAPSULAS DE LIBERACION PROLONGADA,https://mav.farmaciasaas.com/api/images/articulos/DISTRIBUCION/21024.jpg,cobeca,
38814,ME44472,SULPIR 25 MG X 30 COMPRIMIDOS,https://mav.farmaciasaas.com/api/images/articulos/DISTRIBUCION/52407.jpg,cobeca,
38816,ME44577,SULTRIM 400 MG – 80 MG X 20 TABLETAS,https://mav.farmaciasaas.com/api/images/articulos/DISTRIBUCION/52000.jpg,cobeca,
38817,ME28856,SUPRAMYCINA FORTE 200 MG X 10 TABLETAS,https://mav.farmaciasaas.com/api/images/articulos/DISTRIBUCION/52474.jpg,cobeca,
38818,ME28673,SUPRAMYCINA 100 MG X 10 TABLETAS,https://mav.farmaciasaas.com/api/images/articulos/DISTRIBUCION/52475.jpg,cobeca,
38819,ME39943,SURIDE 25 MG X 30 COMPRIMIDOS RECUBIERTOS,https://mav.farmaciasaas.com/api/images/articulos/DISTRIBUCION/98364.jpg,cobeca,
38820,ME40210,TACHIFORTE 1 G X 20 TABLETAS,https://mav.farmaciasaas.com/api/images/articulos/DISTRIBUCION/13061.jpg,cobeca,
38821,ME35368,TACHIFORTE 650 MG X 10 TABLETAS,https://mav.farmaciasaas.com/api/images/articulos/DISTRIBUCION/93366.jpg,cobeca,
38822,ME23819,TACHIPIRIN 125 MG X 6 SUPOSITORIOS,https://mav.farmaciasaas.com/api/images/articulos/DISTRIBUCION/5253.jpg,cobeca,
38824,ME38718/2,TADAFOX 20 MG X 1 TABLETA RECUBIERTA,https://mav.farmaciasaas.com/api/images/articulos/DISTRIBUCION/99317.jpg,cobeca,
38825,ME38718/3,TADAFOX 20 MG X 2 TABLETAS RECUBIERTAS,https://mav.farmaciasaas.com/api/images/articulos/DISTRIBUCION/99316.jpg,cobeca,
38829,ME41780,TADIFIL 5 MG X 30 COMPRIMIDOS RECUBIERTOS,https://mav.farmaciasaas.com/api/images/articulos/DISTRIBUCION/16883.jpg,cobeca,
38830,ME38637/2,TADIFIL 20 MG X 1 COMPRIMIDO RECUBIERTO,https://mav.farmaciasaas.com/api/images/articulos/DISTRIBUCION/99201.jpg,cobeca,
38831,ME38637/3,TADIFIL 20 MG X 2 COMPRIMIDOS RECUBIERTOS,https://mav.farmaciasaas.com/api/images/articulos/DISTRIBUCION/99199.jpg,cobeca,
38832,ME32057,TALERC 10 MG X 10 COMPRIMIDOS,https://mav.farmaciasaas.com/api/images/articulos/DISTRIBUCION/8473.jpg,cobeca,
39587,ME33286,TALERC 10 MG / ML SOLUCION ORAL,https://mav.farmaciasaas.com/api/images/articulos/DISTRIBUCION/8537.jpg,cobeca,
38835,ME28274,TALZIC 10 MG X 10 COMPRIMIDOS RECUBIERTOS,https://mav.farmaciasaas.com/api/images/articulos/DISTRIBUCION/10310.jpg,cobeca,
38836,ME29348,TALZIC 10 MG / ML SOLUCION ORAL,https://mav.farmaciasaas.com/api/images/articulos/DISTRIBUCION/10891.jpg,cobeca,
38837,ME32457,TALZIC 1 MG / ML SOLUCION ORAL,https://mav.farmaciasaas.com/api/images/articulos/DISTRIBUCION/3978.jpg,cobeca,
39383,ME39471,TAMOA 250 MG COMPRIMIDOS MASTICABLES,https://mav.farmaciasaas.com/api/images/articulos/DISTRIBUCION/95723.jpg,cobeca,
38839,ME42467/3,TAMOSTIN 0.4 MG X 30 CAPSULAS DE LIBERACION PROLONGADA,https://mav.farmaciasaas.com/api/images/articulos/DISTRIBUCION/54206.jpg,cobeca,
38848,ME36643/3,TEKRON 200 MG X 30 COMPRIMIDOS RECUBIERTOS,https://mav.farmaciasaas.com/api/images/articulos/DISTRIBUCION/90990.jpg,cobeca,
38849,ME28561/3,TENSOMAX 30 MG X 30 CAPSULAS DE LIBERACION PROLONGADA,https://mav.farmaciasaas.com/api/images/articulos/DISTRIBUCION/30143.jpg,cobeca,
38851,ME24973,TENSOPIN 20 MG / ML SOLUCION ORAL,https://mav.farmaciasaas.com/api/images/articulos/DISTRIBUCION/6991.jpg,cobeca,
38857,ME38849,TIALIN 100 MG X 10 COMPRIMIDOS,https://mav.farmaciasaas.com/api/images/articulos/DISTRIBUCION/13811.jpg,cobeca,
38858,ME30062/2,TIALIN 50 MG X 10 COMPRIMIDOS,https://mav.farmaciasaas.com/api/images/articulos/DISTRIBUCION/10964.jpg,cobeca,
38859,ME30062/3,TIALIN 50 MG X 30 COMPRIMIDOS,https://mav.farmaciasaas.com/api/images/articulos/DISTRIBUCION/1374.jpg,cobeca,
38860,ME43421,TIDOR 2 % - 0.5 % SOLUCION OFTALMICA,https://mav.farmaciasaas.com/api/images/articulos/DISTRIBUCION/25402.jpg,cobeca,
38865,ME42787,TIOCHAX PLUS 400 MG - 4 MG X 10 TABLETAS RECUBIERTAS,https://mav.farmaciasaas.com/api/images/articulos/DISTRIBUCION/26615.jpg,cobeca,
38866,ME21386,TIOCHAX 4 MG X 12 COMPRIMIDOS,https://mav.farmaciasaas.com/api/images/articulos/DISTRIBUCION/91151.jpg,cobeca,
38867,ME39852,TIOCOL 8 MG X 10 TABLETAS RECUBIERTAS,https://mav.farmaciasaas.com/api/images/articulos/DISTRIBUCION/26009.jpg,cobeca,
38877,ME24679,TOBRASOL 0.3 % SOLUCION OFTALMICA,https://mav.farmaciasaas.com/api/images/articulos/DISTRIBUCION/8684.jpg,cobeca,
38878,ME33963,TODENAC 0.3 % - 0.1 % SOLUCION OFTALMICA,https://mav.farmaciasaas.com/api/images/articulos/DISTRIBUCION/5780.jpg,cobeca,
38879,ME14318,TOLNAFTAN 1 % SOLUCION,https://mav.farmaciasaas.com/api/images/articulos/DISTRIBUCION/3539.jpg,cobeca,
38881,ME34754,TONUM 1 MG / ML SUSPENSION ORAL,https://mav.farmaciasaas.com/api/images/articulos/DISTRIBUCION/9640.jpg,cobeca,
38882,ME34350,TONUM 10 MG X 30 TABLETAS,https://mav.farmaciasaas.com/api/images/articulos/DISTRIBUCION/95057.jpg,cobeca,
38883,ME41710,TORIVAS 50 MG X 30 TABLETAS RECUBIERTAS,https://mav.farmaciasaas.com/api/images/articulos/DISTRIBUCION/15607.jpg,cobeca,
38885,ME40448,TRACEVAL 325 MG - 37.5 MG X 20 TABLETAS RECUBIERTAS,https://mav.farmaciasaas.com/api/images/articulos/DISTRIBUCION/99313.jpg,cobeca,
38886,ME42277,TRACTIL FORTE 8 MG X 10 COMPRIMIDOS,https://mav.farmaciasaas.com/api/images/articulos/DISTRIBUCION/28504.jpg,cobeca,
38887,ME20834,TRACTIL 4 MG X 12 COMPRIMIDOS,https://mav.farmaciasaas.com/api/images/articulos/DISTRIBUCION/4638.jpg,cobeca,
38888,ME44131,TRALIX 50 MG X 30 TABLETAS,https://mav.farmaciasaas.com/api/images/articulos/DISTRIBUCION/50749.jpg,cobeca,
38891,ME43933,TRICOX 60 MG X 14 TABLETAS RECUBIERTAS,https://mav.farmaciasaas.com/api/images/articulos/DISTRIBUCION/50716.jpg,cobeca,
38892,ME43627,TRIMBUTOP 200 MG X 10 COMPRIMIDOS,https://mav.farmaciasaas.com/api/images/articulos/DISTRIBUCION/54049.jpg,cobeca,
38897,ME23718,TRIPUR 80 MG - 400 MG X 20 COMPRIMIDOS,https://mav.farmaciasaas.com/api/images/articulos/DISTRIBUCION/6516.jpg,cobeca,
38898,ME22572,TRITTICO 100 MG X 30 TABLETAS,https://mav.farmaciasaas.com/api/images/articulos/DISTRIBUCION/4228.jpg,cobeca,
38899,ME22699,TRITTICO 50 MG X 30 TABLETAS,https://mav.farmaciasaas.com/api/images/articulos/DISTRIBUCION/4227.jpg,cobeca,
38900,ME25349,ULCENOL 20 MG X 10 TABLETAS,https://mav.farmaciasaas.com/api/images/articulos/DISTRIBUCION/2298.jpg,cobeca,
38901,ME25348,ULCENOL 40 MG X 20 TABLETAS,https://mav.farmaciasaas.com/api/images/articulos/DISTRIBUCION/92083.jpg,cobeca,
38902,ME25477,ULCON 1 G X 20 TABLETAS,https://mav.farmaciasaas.com/api/images/articulos/DISTRIBUCION/16823.jpg,cobeca,
38903,ME43430,ULCRAF 1 G / 5 ML SUSPENSION ORAL,https://mav.farmaciasaas.com/api/images/articulos/DISTRIBUCION/50165.jpg,cobeca,
38904,ME36772/2,ULGARIN 20 MG X 16 CAPSULAS,https://mav.farmaciasaas.com/api/images/articulos/DISTRIBUCION/23023.jpg,cobeca,
38905,ME36772/3,ULGARIN 20 MG X 28 CAPSULAS,https://mav.farmaciasaas.com/api/images/articulos/DISTRIBUCION/13252.jpg,cobeca,
38906,ME36645/2,ULGARIN 40 MG X 16 CAPSULAS,https://mav.farmaciasaas.com/api/images/articulos/DISTRIBUCION/23886.jpg,cobeca,
38907,ME36645/3,ULGARIN 40 MG X 32 CAPSULAS,https://mav.farmaciasaas.com/api/images/articulos/DISTRIBUCION/13323.jpg,cobeca,
38908,ME43344,ULTAMYN 750 MG X 10 TABLETAS RECUBIERTAS,https://mav.farmaciasaas.com/api/images/articulos/DISTRIBUCION/27001.jpg,cobeca,
38909,ME43520,URODUTAN 200 MG X 10 TABLETAS RECUBIERTAS,https://mav.farmaciasaas.com/api/images/articulos/DISTRIBUCION/22852.jpg,cobeca,
38911,ME38639,VALACICLOVIR 500 MG X 10 TABLETAS RECUBIERTAS,https://mav.farmaciasaas.com/api/images/articulos/DISTRIBUCION/24670.jpg,cobeca,
38934,ME43273/3,VASPITOR 20 MG X 30 COMPRIMIDOS RECUBIERTOS,https://mav.farmaciasaas.com/api/images/articulos/DISTRIBUCION/50578.jpg,cobeca,
38935,ME43273/2,VASPITOR 20 MG X 10 COMPRIMIDOS RECUBIERTOS,https://mav.farmaciasaas.com/api/images/articulos/DISTRIBUCION/52641.jpg,cobeca,
38936,ME43342/3,VASPITOR 40 MG X 30 COMPRIMIDOS RECUBIERTOS,https://mav.farmaciasaas.com/api/images/articulos/DISTRIBUCION/50530.jpg,cobeca,
38937,ME43342/2,VASPITOR 40 MG X 10 COMPRIMIDOS RECUBIERTOS,https://mav.farmaciasaas.com/api/images/articulos/DISTRIBUCION/52642.jpg,cobeca,
38939,ME40580,VASSLUTEN HCT 150 MG - 12.5 MG TABLETAS,https://mav.farmaciasaas.com/api/images/articulos/DISTRIBUCION/15696.jpg,cobeca,
38940,ME43211/2,VECTUS 20 MG X 1 TABLETA RECUBIERTA,https://mav.farmaciasaas.com/api/images/articulos/DISTRIBUCION/29011.jpg,cobeca,
38941,ME43211/3,VECTUS 20 MG X 2 TABLETAS RECUBIERTAS,https://mav.farmaciasaas.com/api/images/articulos/DISTRIBUCION/29012.jpg,cobeca,
38942,ME43394/2,VECTUS 5 MG X 10 TABLETAS RECUBIERTAS,https://mav.farmaciasaas.com/api/images/articulos/DISTRIBUCION/30204.jpg,cobeca,
38943,ME43394/3,VECTUS 5 MG X 20 TABLETAS RECUBIERTAS,https://mav.farmaciasaas.com/api/images/articulos/DISTRIBUCION/30212.jpg,cobeca,
38944,ME43394/4,VECTUS 5 MG X 30 TABLETAS RECUBIERTAS,https://mav.farmaciasaas.com/api/images/articulos/DISTRIBUCION/30213.jpg,cobeca,
38947,ME35075,VESTAX 650 MG X 10 TABLETAS,https://mav.farmaciasaas.com/api/images/articulos/DISTRIBUCION/9373.jpg,cobeca,
38948,ME32103,VIAJESAN 50 MG X 10 TABLETAS RECUBIERTAS,https://mav.farmaciasaas.com/api/images/articulos/DISTRIBUCION/3034.jpg,cobeca,
38949,ME32610/3,VIASEK 50 MG X 2 COMPRIMIDOS RECUBIERTOS,https://mav.farmaciasaas.com/api/images/articulos/DISTRIBUCION/2929.jpg,cobeca,
38950,ME32610/2,VIASEK 50 MG X 1 COMPRIMIDO RECUBIERTO,https://mav.farmaciasaas.com/api/images/articulos/DISTRIBUCION/5327.jpg,cobeca,
38951,ME32611,VIGRASOL 50 MG X 1 COMPRIMIDO RECUBIERTO,https://mav.farmaciasaas.com/api/images/articulos/DISTRIBUCION/7331.jpg,cobeca,
38953,ME37137,VIROSUPRIL 5 % CREMA,https://mav.farmaciasaas.com/api/images/articulos/DISTRIBUCION/90463.jpg,cobeca,
38971,ME31004/2,VITADYN C 500 MG TABLETAS MASTICABLES SABOR A FRUTAS TROPICALES X 10 TABLETAS,https://mav.farmaciasaas.com/api/images/articulos/DISTRIBUCION/11403.jpg,cobeca,
38972,ME31004/3,VITADYN C 500 MG TABLETAS MASTICABLES SABOR A FRUTAS TROPICALES X 30 TABLETAS,https://mav.farmaciasaas.com/api/images/articulos/DISTRIBUCION/30132.jpg,cobeca,
39409,ME31438,VITADYN C 1 G COMPRIMIDOS EFERVESCENTES SABOR A GRAPEFRUIT X 10 COMPRIMIDOS,https://mav.farmaciasaas.com/api/images/articulos/DISTRIBUCION/11403.jpg,cobeca,
39410,ME31002,VITADYN C 500 MG X 30 TABLETAS MASTICABLES SABOR A FRESA,https://mav.farmaciasaas.com/api/images/articulos/DISTRIBUCION/30132.jpg,cobeca,
38976,ME30487/2,VIZERUL 75 MG X 10 COMPRIMIDOS RECUBIERTOS,https://mav.farmaciasaas.com/api/images/articulos/DISTRIBUCION/111.jpg,cobeca,
38977,ME30487/3,VIZERUL 75 MG X 20 COMPRIMIDOS RECUBIERTOS,https://mav.farmaciasaas.com/api/images/articulos/DISTRIBUCION/24115.jpg,cobeca,
39601,ME24761,VIZERUL 300 MG X 10 COMPRIMIDOS,https://mav.farmaciasaas.com/api/images/articulos/DISTRIBUCION/8428.jpg,cobeca,
38979,HO42691,VOLCOFEN 75 MG / 3 ML X 1 AMPOLLA,https://mav.farmaciasaas.com/api/images/articulos/DISTRIBUCION/28883.jpg,cobeca,
38980,ME44590,VONAU FLASH 4 MG TABLETAS DE DESINTEGRACION ORAL X 10 TABLETAS,https://mav.farmaciasaas.com/api/images/articulos/DISTRIBUCION/52415.jpg,cobeca,
38984,ME43896,XAROX 10 MG X 30 TABLETAS RECUBIERTAS.,https://mav.farmaciasaas.com/api/images/articulos/DISTRIBUCION/52153.jpg,cobeca,
38985,ME43897,XAROX 15 MG X 30 TABLETAS RECUBIERTAS,https://mav.farmaciasaas.com/api/images/articulos/DISTRIBUCION/52924.jpg,cobeca,
38986,ME43895,XAROX 20 MG X 30 TABLETAS RECUBIERTAS,https://mav.farmaciasaas.com/api/images/articulos/DISTRIBUCION/52925.jpg,cobeca,
38987,ME37761,XEROGRAX 120 MG X 60 CAPSULAS,https://mav.farmaciasaas.com/api/images/articulos/DISTRIBUCION/91024.jpg,cobeca,
38989,ME43770,YONALIN 4 MG / ML SOLUCION ORAL GOTAS,https://mav.farmaciasaas.com/api/images/articulos/DISTRIBUCION/53336.jpg,cobeca,
38990,ME33445,ZALDIAR 37.5 MG - 325 MG X 20 COMPRIMIDOS RECUBIERTOS,https://mav.farmaciasaas.com/api/images/articulos/DISTRIBUCION/4263.jpg,cobeca,
38991,ME43300,ZILDON 10 MG X 30 TABLETAS RECUBIERTAS,https://mav.farmaciasaas.com/api/images/articulos/DISTRIBUCION/53121.jpg,cobeca,
38996,ME33820/2,ZOLPIDEX 10 MG X 10 COMPRIMIDOS RECUBIERTOS,https://mav.farmaciasaas.com/api/images/articulos/DISTRIBUCION/6549.jpg,cobeca,
38997,ME33820/3,ZOLPIDEX 10 MG X 20 COMPRIMIDOS RECUBIERTOS,https://mav.farmaciasaas.com/api/images/articulos/DISTRIBUCION/6547.jpg,cobeca,
38998,ME39051,ZONIUM 20 MG X 14 CAPSULAS CON MICROGRANULOS ENTERICOS,https://mav.farmaciasaas.com/api/images/articulos/DISTRIBUCION/22055.jpg,cobeca,
38999,ME39050,ZONIUM 40 MG X 14 CAPSULAS CON MICROGRANULOS ENTERICOS,https://mav.farmaciasaas.com/api/images/articulos/DISTRIBUCION/22056.jpg,cobeca,
39002,ME33888/2,ZOST 50 MG X 1 COMPRIMIDO,https://mav.farmaciasaas.com/api/images/articulos/DISTRIBUCION/91511.jpg,cobeca,
39003,ME33888/3,ZOST 50 MG X 2 COMPRIMIDOS,https://mav.farmaciasaas.com/api/images/articulos/DISTRIBUCION/91227.jpg,cobeca,
39004,ME33888/4,ZOST 50 MG X 4 COMPRIMIDOS,https://mav.farmaciasaas.com/api/images/articulos/DISTRIBUCION/91228.jpg,cobeca,
39005,ME37539,ZUDENINA 0.1 % CREMA,https://mav.farmaciasaas.com/api/images/articulos/DISTRIBUCION/9694.jpg,cobeca,
39006,ME25566,ZYRTEC 10 MG X 20 COMPRIMIDOS RECUBIERTOS,https://mav.farmaciasaas.com/api/images/articulos/DISTRIBUCION/28894.jpg,cobeca,
39025,ME43679,AIREX 0.05 % SOLUCION NASAL,https://mav.farmaciasaas.com/api/images/articulos/DISTRIBUCION/27095.jpg,cobeca,
39033,ME32123,ALIVETNOC 500 MG - 3 MG GRANULADO SABOR LIMON - MIEL,https://mav.farmaciasaas.com/api/images/articulos/DISTRIBUCION/91845.jpg,cobeca,
39043,ME32836/3,AMOVIN 500 MG X 6 TABLETAS RECUBIERTAS,https://mav.farmaciasaas.com/api/images/articulos/DISTRIBUCION/92490.jpg,cobeca,
39052,ME42104,ANGRIP FORTE DIA 650 MG - 2 MG - 20 MG COMPRIMIDOS RECUBIERTOS,https://mav.farmaciasaas.com/api/images/articulos/DISTRIBUCION/30055.jpg,cobeca,
39053,ME42001,ANGRIP FORTE NOCHE 650 MG - 4 MG COMPRIMIDOS RECUBIERTOS,https://mav.farmaciasaas.com/api/images/articulos/DISTRIBUCION/30054.jpg,cobeca,
39060,ME33576,ANTILAX 2 MG X 10 TABLETAS,https://mav.farmaciasaas.com/api/images/articulos/DISTRIBUCION/93277.jpg,cobeca,
39074,ME31091,ARBIXIL 7.5 MG - 5 MCG / ML SOLUCION ORAL,https://mav.farmaciasaas.com/api/images/articulos/DISTRIBUCION/3798.jpg,cobeca,
39081,ME33009,ATAMEL PLUS 500 MG - 32 MG X 10 TABLETAS,https://mav.farmaciasaas.com/api/images/articulos/DISTRIBUCION/15413.jpg,cobeca,
39091,MI19054,AZUTAN 0.15 % COLUTORIO,https://mav.farmaciasaas.com/api/images/articulos/DISTRIBUCION/15068.jpg,cobeca,
39094,ME40374,BETADERM 0.05 % CREMA,https://mav.farmaciasaas.com/api/images/articulos/DISTRIBUCION/4155.jpg,cobeca,
39102,ME43579,BIOTALOL HCT 2.5 MG - 6.25 MG COMPRIMIDOS RECUBIERTOS,https://mav.farmaciasaas.com/api/images/articulos/DISTRIBUCION/53196.jpg,cobeca,
39443,ME43578,BIOTALOL HCT 10 MG - 6.25 MG COMPRIMIDOS RECUBIERTOS,https://mav.farmaciasaas.com/api/images/articulos/DISTRIBUCION/51791.jpg,cobeca,
39104,ME41847,BIPROLIL 2.5 MG COMPRIMIDOS RECUBIERTOS,https://mav.farmaciasaas.com/api/images/articulos/DISTRIBUCION/27780.jpg,cobeca,
39112,ME37009,BONAMES 150 MG X 1 TABLETA RECUBIERTA,https://mav.farmaciasaas.com/api/images/articulos/DISTRIBUCION/99210.jpg,cobeca,
39125,ME43807,CARBETAL 16 MG X 30 TABLETAS,https://mav.farmaciasaas.com/api/images/articulos/DISTRIBUCION/54310.jpg,cobeca,
39160,ME35719,CORENTEL H 10 MG - 6.25 MG COMPRIMIDOS RECUBIERTOS,https://mav.farmaciasaas.com/api/images/articulos/DISTRIBUCION/94357.jpg,cobeca,
39161,ME35718,CORENTEL H 5 MG - 6.25 MG COMPRIMIDOS RECUBIERTOS,https://mav.farmaciasaas.com/api/images/articulos/DISTRIBUCION/94358.jpg,cobeca,
39171,ME42243,DAYZOL 600 MG - 4 MG COMPRIMIDOS RECUBIERTOS,https://mav.farmaciasaas.com/api/images/articulos/DISTRIBUCION/50522.jpg,cobeca,
39225,MI8381,FURFURIL 0.2 % APOSITO SOLUBLE,https://mav.farmaciasaas.com/api/images/articulos/DISTRIBUCION/1622.jpg,cobeca,
39229,ME43742/2,GEMKAST 4 MG X 10 TABLETAS MASTICABLES,https://mav.farmaciasaas.com/api/images/articulos/DISTRIBUCION/53002.jpg,cobeca,
39230,ME43742/3,GEMKAST 4 MG X 30 TABLETAS MASTICABLES,https://mav.farmaciasaas.com/api/images/articulos/DISTRIBUCION/53002.jpg,cobeca,
39231,ME43743/3,GEMKAST 5 MG X 30 TABLETAS MASTICABLES,https://mav.farmaciasaas.com/api/images/articulos/DISTRIBUCION/53004.jpg,cobeca,
39232,ME43743/2,GEMKAST 5 MG X 10 TABLETAS MASTICABLES,https://mav.farmaciasaas.com/api/images/articulos/DISTRIBUCION/53004.jpg,cobeca,
39233,ME44127,GENCICOF 0.15 % - 0.15 % SOLUCION TOPICA BUCAL,https://mav.farmaciasaas.com/api/images/articulos/DISTRIBUCION/54312.jpg,cobeca,
39239,ME42452,GLUTAPTIN MET 50 MG - 500 MG X 30 TABLETAS RECUBIERTAS,https://mav.farmaciasaas.com/api/images/articulos/DISTRIBUCION/27355.jpg,cobeca,
39261,ME43609/2,IRGEM 300 MG X 10 TABLETAS,https://mav.farmaciasaas.com/api/images/articulos/DISTRIBUCION/52652.jpg,cobeca,
39262,ME43609/3,IRGEM 300 MG X 30 TABLETAS,https://mav.farmaciasaas.com/api/images/articulos/DISTRIBUCION/52652.jpg,cobeca,
39263,ME43668,IRGEM PLUS 300 MG - 12.5 MG X 30 TABLETAS,https://mav.farmaciasaas.com/api/images/articulos/DISTRIBUCION/52661.jpg,cobeca,
39264,ME39925,ISOSPRAY PLUS 0.15 % - 0.25 % SOLUCION,https://mav.farmaciasaas.com/api/images/articulos/DISTRIBUCION/99601.jpg,cobeca,
39273,ME40973,KLINCOSAL 262 MG - 100 MG X 30 TABLETAS MASTICABLES SABOR A UVA,https://mav.farmaciasaas.com/api/images/articulos/DISTRIBUCION/28870.jpg,cobeca,
39276,ME43612,LAGEMIN 25 MG X 30 TABLETAS DISPERSABLES,https://mav.farmaciasaas.com/api/images/articulos/DISTRIBUCION/52653.jpg,cobeca,
39277,ME43611/3,LAGEMIN 50 MG X 30 TABLETAS DISPERSABLES,https://mav.farmaciasaas.com/api/images/articulos/DISTRIBUCION/52656.jpg,cobeca,
39278,ME43611/2,LAGEMIN 50 MG X 10 TABLETAS DISPERSABLES,https://mav.farmaciasaas.com/api/images/articulos/DISTRIBUCION/52656.jpg,cobeca,
39279,ME43637/2,LAGEMIN 100 MG X 10 TABLETAS DISPERSABLES,https://mav.farmaciasaas.com/api/images/articulos/DISTRIBUCION/52657.jpg,cobeca,
39280,ME43637/3,LAGEMIN 100 MG X 30 TABLETAS DISPERSABLES,https://mav.farmaciasaas.com/api/images/articulos/DISTRIBUCION/52657.jpg,cobeca,
39281,ME6400,LANOLZINC 15 % - 11 % POMADA,https://mav.farmaciasaas.com/api/images/articulos/DISTRIBUCION/4414.jpg,cobeca,
39282,ME23146,LASIX 20 MG COMPRIMIDOS,https://mav.farmaciasaas.com/api/images/articulos/DISTRIBUCION/6018.jpg,cobeca,
39283,ME40013,LECART 1 G / 10 ML SOLUCION ORAL,https://mav.farmaciasaas.com/api/images/articulos/DISTRIBUCION/13056.jpg,cobeca,
39305,ME33482,MIGRADORIXINA 125 MG - 1 MG COMPRIMIDOS RECUBIERTOS,https://mav.farmaciasaas.com/api/images/articulos/DISTRIBUCION/30067.jpg,cobeca,
39306,ME33823,MISELLIM 10 MG COMPRIMIDOS RECUBIERTOS,https://mav.farmaciasaas.com/api/images/articulos/DISTRIBUCION/91349.jpg,cobeca,
39311,ME43662,OTOCORT 1 MG - 5 MG - 5000 UI / ML SUSPENSION OTICA,https://mav.farmaciasaas.com/api/images/articulos/DISTRIBUCION/52903.jpg,cobeca,
39321,ME42484,NOXPIRIN 125 MG - 0.5 MG / 5 ML SOLUCION ORAL,https://mav.farmaciasaas.com/api/images/articulos/DISTRIBUCION/24256.jpg,cobeca,
39322,ME42453,NOXPIRIN 325 MG - 1.25 MG / 5 ML SOLUCION ORAL,https://mav.farmaciasaas.com/api/images/articulos/DISTRIBUCION/24257.jpg,cobeca,
39333,ME5708,OTAN 0.1 % - 4.0 % SOLUCION OTICA,https://mav.farmaciasaas.com/api/images/articulos/DISTRIBUCION/97545.jpg,cobeca,
39392,ME38822,TERBINAFINA 1 % CREMA,https://mav.farmaciasaas.com/api/images/articulos/DISTRIBUCION/96827.jpg,cobeca,
39398,ME43779/2,VALGEM PLUS 160 MG-12.5 MG X 10 TABLETAS RECUBIERTAS,https://mav.farmaciasaas.com/api/images/articulos/DISTRIBUCION/52665.jpg,cobeca,
39399,ME43779/3,VALGEM PLUS 160 MG-12.5 MG X 30 TABLETAS RECUBIERTAS,https://mav.farmaciasaas.com/api/images/articulos/DISTRIBUCION/52665.jpg,cobeca,
39421,ME43324,ALILUB 1.4 % SOLUCION OFTALMICA,https://mav.farmaciasaas.com/api/images/articulos/DISTRIBUCION/25509.jpg,cobeca,
39425,ME41681,ANAPIR 400 MG X 10 CAPSULAS BLANDAS,https://mav.farmaciasaas.com/api/images/articulos/DISTRIBUCION/17362.jpg,cobeca,
39428,ME43632,APIRETFLU 24 HORAS X 6 GRANULADO,https://mav.farmaciasaas.com/api/images/articulos/DISTRIBUCION/51431.jpg,cobeca,
39429,ME38633,APRIX 125 MG X 10 CAPSULAS BLANDAS,https://mav.farmaciasaas.com/api/images/articulos/DISTRIBUCION/50995.jpg,cobeca,
39432,ME44038,ASPIANDEX 81 MG X 30 TABLETAS CON RECUBRIMIENTO ENTERICO,https://mav.farmaciasaas.com/api/images/articulos/DISTRIBUCION/52971.jpg,cobeca,
39436,ME43792,AVOST 0.004 % SOLUCION OFTALMICA,https://mav.farmaciasaas.com/api/images/articulos/DISTRIBUCION/23361.jpg,cobeca,
39438,ME42975,BEDEX 0.15 % SOLUCION TOPICA BUCAL,https://mav.farmaciasaas.com/api/images/articulos/DISTRIBUCION/28364.jpg,cobeca,
39442,ME43492,BIRGIT PLUS 50 MG - 850 MG X 30 COMPRIMIDOS RECUBIERTOS,https://mav.farmaciasaas.com/api/images/articulos/DISTRIBUCION/52040.jpg,cobeca,
39444,ME42416,BLOKXA 20 MG X 28 TABLETAS RECUBIERTAS,https://mav.farmaciasaas.com/api/images/articulos/DISTRIBUCION/54280.jpg,cobeca,
39445,ME32078,BONAC 4 % GEL USO TOPICO,https://mav.farmaciasaas.com/api/images/articulos/DISTRIBUCION/9545.jpg,cobeca,
39446,ME40814,BRIMOPRESS 0.2 % SOLUCION OFTALMICA,https://mav.farmaciasaas.com/api/images/articulos/DISTRIBUCION/13585.jpg,cobeca,
39447,ME32168,BRIXIA 0.0 5 % SOLUCION OFTALMICA,https://mav.farmaciasaas.com/api/images/articulos/DISTRIBUCION/1989.jpg,cobeca,
39451,ME36249,GYNOTRAN 15 %-4 % CREMA VAGINAL,https://mav.farmaciasaas.com/api/images/articulos/DISTRIBUCION/25326.jpg,cobeca,
39456,ME18142,NASIN 0.05 % SOLUCION NASAL,https://mav.farmaciasaas.com/api/images/articulos/DISTRIBUCION/2507.jpg,cobeca,
39463,ME32823,COMENTER 30 MG X 30 COMPRIMIDOS RECUBIERTOS,https://mav.farmaciasaas.com/api/images/articulos/DISTRIBUCION/29372.jpg,cobeca,
39467,ME33257,CYNT 20 MG X 20 COMPRIMIDOS RECUBIERTOS,https://mav.farmaciasaas.com/api/images/articulos/DISTRIBUCION/5489.jpg,cobeca,
39468,ME33255,CYNT 40 MG COMPRIMIDOS RECIBIERTOS X 10 COMPRIMIDOS,https://mav.farmaciasaas.com/api/images/articulos/DISTRIBUCION/92664.jpg,cobeca,
39470,ME43822,DAVINTEX 60 MG X 10 COMPRIMIDOS RECUBIERTOS,https://mav.farmaciasaas.com/api/images/articulos/DISTRIBUCION/27618.jpg,cobeca,
39473,ME24511,DENCORUB GEL,https://mav.farmaciasaas.com/api/images/articulos/DISTRIBUCION/52521.jpg,cobeca,
39476,ME39603/3,DESLER M 5 MG - 10 MG X 30 TABLETAS RECUBIERTAS,https://mav.farmaciasaas.com/api/images/articulos/DISTRIBUCION/96524/96524.jpg,cobeca,
39477,ME39603/2,DESLER M 5 MG - 10 MG X 10 TABLETAS RECUBIERTAS,https://mav.farmaciasaas.com/api/images/articulos/DISTRIBUCION/18361.jpg,cobeca,
39493,ME43652,DOPRIL 3 MG / ML SOLUCION ORAL,https://mav.farmaciasaas.com/api/images/articulos/DISTRIBUCION/28532.jpg,cobeca,
39494,ME39862,DROPIL 100 MG X 40 COMPRIMIDOS RECUBIERTOS,https://mav.farmaciasaas.com/api/images/articulos/DISTRIBUCION/96830.jpg,cobeca,
39495,ME39861,DROPIL 200 MG X 40 COMPRIMIDOS RECUBIERTOS,https://mav.farmaciasaas.com/api/images/articulos/DISTRIBUCION/97140.jpg,cobeca,
39502,ME35246/2,EVIGAX 125 MG X 10 CAPSULAS BLANDAS,https://mav.farmaciasaas.com/api/images/articulos/DISTRIBUCION/96795.jpg,cobeca,
39503,ME35246/3,EVIGAX 125 MG X 20 CAPSULAS BLANDAS,https://mav.farmaciasaas.com/api/images/articulos/DISTRIBUCION/8614.jpg,cobeca,
39505,ME42994,EZENTIUS 20 MG X 20 COMPRIMIDOS RECUBIERTOS,https://mav.farmaciasaas.com/api/images/articulos/DISTRIBUCION/53836.jpg,cobeca,
39507,ME31488,DOLOGINEX 125 MG - 10 MG X 10 COMPRIMIDOS RECUBIERTOS,https://mav.farmaciasaas.com/api/images/articulos/DISTRIBUCION/54561.jpg,cobeca,
39508,ME39967,FLATVIN 125 MG X 10 CAPSULAS BLANDAS,https://mav.farmaciasaas.com/api/images/articulos/DISTRIBUCION/24281.jpg,cobeca,
39509,ME44069,FLEVOMAX - D 600 MG X 15 COMPRIMIDOS RECUBIERTOS,https://mav.farmaciasaas.com/api/images/articulos/DISTRIBUCION/54226.jpg,cobeca,
39516,ME31955,GLAUCOTENSIL T 2 % - 0.5 % SOLUCION OFTALMICA,https://mav.farmaciasaas.com/api/images/articulos/DISTRIBUCION/2262.jpg,cobeca,
39518,ME43923,GLIDEX 500 MG X 30 TABLETAS RECUBIERTAS,https://mav.farmaciasaas.com/api/images/articulos/DISTRIBUCION/52469.jpg,cobeca,
39519,ME43924,GLIDEX 850 MG X 30 TABLETAS RECUBIERTAS,https://mav.farmaciasaas.com/api/images/articulos/DISTRIBUCION/52970.jpg,cobeca,
39525,ME44135,IBUFEN 800 MG X 6 COMPRIMIDOS RECUBIERTOS,https://mav.farmaciasaas.com/api/images/articulos/DISTRIBUCION/54227.jpg,cobeca,
39526,ME43580,IMOL 20 MG X 30 COMPRIMIDOS RECUBIERTOS,https://mav.farmaciasaas.com/api/images/articulos/DISTRIBUCION/52408.jpg,cobeca,
39527,ME21014,ITISONA 0.1 % CREMA,https://mav.farmaciasaas.com/api/images/articulos/DISTRIBUCION/9412.jpg,cobeca,
39533,ME28267,KETOMED 2 % CHAMPU,https://mav.farmaciasaas.com/api/images/articulos/DISTRIBUCION/30800.jpg,cobeca,
39534,ME33435,KATIVIL 1 G / 10 ML X 60 SOLUCION ORAL,https://mav.farmaciasaas.com/api/images/articulos/DISTRIBUCION/51086.jpg,cobeca,
39539,ME42025,MANTIXA 2.5 MG X 30 COMPRIMIDOS RECUBIERTOS,https://mav.farmaciasaas.com/api/images/articulos/DISTRIBUCION/27090.jpg,cobeca,
39544,ME38201,MOMEQ 0.1 % CREMA,https://mav.farmaciasaas.com/api/images/articulos/DISTRIBUCION/21240.jpg,cobeca,
39560,ME34819,OPAT 0.1 % SOLUCION OFTALMICA,https://mav.farmaciasaas.com/api/images/articulos/DISTRIBUCION/91031.jpg,cobeca,
39563,ME44522,PEPSADEL 262 MG X 12 TABLETAS MASTICABLES,https://mav.farmaciasaas.com/api/images/articulos/DISTRIBUCION/26892.jpg,cobeca,
39568,ME43545,PROFLOX 1 G / 5 ML SUSPENSION ORAL,https://mav.farmaciasaas.com/api/images/articulos/DISTRIBUCION/27740.jpg,cobeca,
39570,ME44237,RESECAL 10 MG X 10 POLVO PARA SUSPENSION ORAL,https://mav.farmaciasaas.com/api/images/articulos/DISTRIBUCION/54046.jpg,cobeca,
39572,ME43643,RIVAREX 10 MG X 30 COMPRIMIDOS RECUBIERTOS,https://mav.farmaciasaas.com/api/images/articulos/DISTRIBUCION/52904.jpg,cobeca,
39574,ME44529,SACUMIC 50 MG X 30 COMPRIMIDOS RECUBIERTOS,https://mav.farmaciasaas.com/api/images/articulos/DISTRIBUCION/54298.jpg,cobeca,
39577,ME30785,SILVEDERMA 1 % CREMA,https://mav.farmaciasaas.com/api/images/articulos/DISTRIBUCION/28865.jpg,cobeca,
39579,ME43556/2,SINMEGAS 125 MG X 20 CAPSULAS BLANDAS,https://mav.farmaciasaas.com/api/images/articulos/DISTRIBUCION/53113.jpg,cobeca,
39580,ME43556/3,SINMEGAS 125 MG X 30 CAPSULAS BLANDAS,https://mav.farmaciasaas.com/api/images/articulos/DISTRIBUCION/53114.jpg,cobeca,
39588,ME43947,TALFIDEX 20 MG X 2 TABLETAS RECUBIERTAS,https://mav.farmaciasaas.com/api/images/articulos/DISTRIBUCION/53285.jpg,cobeca,
39589,ME43499,TALYSTOR 20 MG X 1 TABLETA MASTICABLE,https://mav.farmaciasaas.com/api/images/articulos/DISTRIBUCION/50928.jpg,cobeca,
39591,ME26140,TAXUS 20 MG X 30 COMPRIMIDOS,https://mav.farmaciasaas.com/api/images/articulos/DISTRIBUCION/28335.jpg,cobeca,
39592,ME34224,TERBICRYM 1 % CREMA,https://mav.farmaciasaas.com/api/images/articulos/DISTRIBUCION/21458.jpg,cobeca,
39594,ME43863,TOMYCIN 0.3 % SOLUCION OFTALMICA,https://mav.farmaciasaas.com/api/images/articulos/DISTRIBUCION/23365.jpg,cobeca,
39595,ME44362,TOPISEPT 2 % CREMA TOPICA,https://mav.farmaciasaas.com/api/images/articulos/DISTRIBUCION/26900.jpg,cobeca,
39596,ME44676,TRUSOMIDA 2 % SOLUCION OFTALMICA,https://mav.farmaciasaas.com/api/images/articulos/DISTRIBUCION/52801.jpg,cobeca,
39597,ME39978,UDOX 75 MG X 10 CAPSULAS,https://mav.farmaciasaas.com/api/images/articulos/DISTRIBUCION/97141.jpg,cobeca,
39599,ME42255,VAXIDUO 100 MG - 400 MG X 7 OVULOS VAGINALES,https://mav.farmaciasaas.com/api/images/articulos/DISTRIBUCION/25190.jpg,cobeca,
39604,ME43206,ZOCLONAX 7.5 MG X 10 TABLETAS RECUBIERTAS,https://mav.farmaciasaas.com/api/images/articulos/DISTRIBUCION/28792.jpg,cobeca,
37304,ME44030,ACIDO VALPROICO 250 MG / 5 ML JARABE,https://pccentro.net.ve/img/s/7/2/3/0/6/72306-large_default.webp,farmanselmo,
37365,ME23174/4,VALPRON 500 MG X 60 TABLETAS,https://pccentro.net.ve/img/s/7/1/4/2/5/71425-large_default.webp,farmanselmo,
37380,ME33783/2,AIRON 10 MG X 10 TABLETAS RECUBIERTAS,https://pccentro.net.ve/img/s/1/8/2/0/6/18206-large_default.webp,farmanselmo,
37408,ME33085/3,ALSART 160 MG X 30 CAPSULAS,https://pccentro.net.ve/img/s/3/5/0/4/0/35040-large_default.webp,farmanselmo,
37417,ME37587,AMBROXOL CLORHIDRATO - LORATADINA 30 MG - 5 MG / 5 ML JARABE,https://pccentro.net.ve/img/s/8/0/1/5/3/80153-large_default.webp,farmanselmo,
39038,ME40042,AMLODIPINA - VALSARTAN 10 MG - 160 MG COMPRIMIDOS RECUBIERTOS,https://pccentro.net.ve/img/s/7/8/4/7/9/78479-large_default.webp,farmanselmo,
37461,ME24592/2,ANASMOL 5 MG X 10 COMPRIMIDOS,https://pccentro.net.ve/img/s/7/5/7/4/9/75749-large_default.webp,farmanselmo,
39058,ME36411,ANTIFOM 125 MG X 10 TABLETAS MASTICABLES,https://pccentro.net.ve/img/s/7/4/2/0/8/74208-large_default.webp,farmanselmo,
39059,ME18498,ANTIFOM 80 MG / ML SUSPENSION ORAL,https://pccentro.net.ve/img/s/7/6/7/6/3/76763-large_default.webp,farmanselmo,
37572,ME42631,BETAMETASONA - GENTAMICINA - CLOTRIMAZOL 0.5 MG - 1 MG - 10 MG CREMA,https://pccentro.net.ve/img/s/7/3/4/0/9/73409-large_default.webp,farmanselmo,
37602,ME42224/2,BRASARTAN CTDN 80 MG - 12.5 MG X 10 TABLETAS RECUBIERTAS,https://pccentro.net.ve/img/s/2/3/8/4/3/23843-large_default.webp,farmanselmo,
39116,ME42373,BRASARTAN CTDN 160 MG - 12.5 MG X 30 TABLETAS RECUBIERTAS,https://pccentro.net.ve/img/s/5/2/4/9/8/52498-large_default.webp,farmanselmo,
39117,ME40193,BROLAT 5 MG - 30 MG / 5 ML X 10 SOLUCION ORAL,https://pccentro.net.ve/img/s/2/3/7/9/3/23793-large_default.webp,farmanselmo,
37618,ME44085,BROMURO DE IPRATROPIO 20 MCG / DOSIS SOLUCION PARA INHALACION ORAL,https://pccentro.net.ve/img/s/8/0/3/3/1/80331-large_default.webp,farmanselmo,
37622,ME36416,BRUGESIC FORTE 200 MG / 5 ML X 10 SUSPENSION ORAL,https://pccentro.net.ve/img/s/1/9/4/2/2/19422-large_default.webp,farmanselmo,
37635,ME23141,BUTILAMINA COMPUESTA 10 MG - 250 MG X 20 TABLETAS RECUBIERTAS,https://pccentro.net.ve/img/s/7/8/7/1/6/78716-large_default.webp,farmanselmo,
37654,ME37346/3,CANDER 8 MG X 30 TABLETAS,https://pccentro.net.ve/img/s/2/4/0/1/6/24016-large_default.webp,farmanselmo,
37667,ME43828,CANTIP 8 MG X 30 COMPRIMIDOS,https://pccentro.net.ve/img/s/6/8/9/0/5/68905-large_default.webp,farmanselmo,
37690,ME33806,CARVEDIL 6.25 MG X 30 TABLETAS RECUBIERTAS,https://pccentro.net.ve/img/s/5/6/2/6/1/56261-large_default.webp,farmanselmo,
37789,ME33200,CLONATRIL 0.5 MG X 30 COMPRIMIDOS,https://pccentro.net.ve/img/s/2/4/1/6/2/24162-large_default.webp,farmanselmo,
37797,HO23370,CLONIPRES 0.150 MG / ML X 3 AMPOLLAS,https://pccentro.net.ve/img/s/7/4/6/6/6/74666-large_default.webp,farmanselmo,
39164,ME31744,COVENTROL 12.5 MG COMPRIMIDOS,https://pccentro.net.ve/img/s/2/3/9/3/5/23935-large_default.webp,farmanselmo,
37867,ME21267/2,DECOBEL 0.5 MG X 10 TABLETAS,https://pccentro.net.ve/img/s/3/0/8/5/6/30856-large_default.webp,farmanselmo,
37896,ME43543,MONTELUKAST - DESLORATADINA 10 MG - 5 MG X 10 TABLETAS RECUBIERTAS,https://pccentro.net.ve/img/s/7/2/5/2/6/72526-large_default.webp,farmanselmo,
37938,ME29117/2,DIFEN X 10 TABLETAS RECUBIERTAS,https://pccentro.net.ve/img/s/7/4/6/0/5/74605-large_default.webp,farmanselmo,
37939,ME29117/3,DIFEN X 20 TABLETAS RECUBIERTAS,https://pccentro.net.ve/img/s/7/1/7/8/4/71784-large_default.webp,farmanselmo,
37946,ME34580,DIKLASON 1.8 MG / ML SUSPENSION ORAL,https://pccentro.net.ve/img/s/8/0/5/5/1/80551-large_default.webp,farmanselmo,
39191,ME27471,DIKLASON 50 MG COMPRIMIDOS RECUBIERTOS,https://pccentro.net.ve/img/s/5/3/8/4/4/53844-large_default.webp,farmanselmo,
39192,HO36449,DIKLASON 75 MG / 3 ML X 1 AMPOLLA,https://pccentro.net.ve/img/s/8/0/5/2/8/80528-large_default.webp,farmanselmo,
37949,ME42159,DILUXEN 60 MG X 20 TABLETAS,https://pccentro.net.ve/img/s/2/4/5/9/9/24599-large_default.webp,farmanselmo,
38946,ME43348/2,DIOSMINA - HESPERIDINA 450 MG - 50 MG X 10 CAPSULAS BLANDAS,https://pccentro.net.ve/img/s/8/5/8/3/1/85831-large_default.webp,farmanselmo,
37965,ME26655/3,DOL X 10 TABLETAS RECUBIERTAS,https://pccentro.net.ve/img/s/8/4/2/9/4/84294-large_default.webp,farmanselmo,
37966,ME26655/4,DOL X 20 TABLETAS RECUBIERTAS,https://pccentro.net.ve/img/s/8/4/2/7/9/84279-large_default.webp,farmanselmo,
37983,ME32119/3,DORIXINA FLEX 125 MG - 5 MG X 10 COMPRIMIDOS RECUBIERTOS,https://pccentro.net.ve/img/s/7/1/3/9/5/71395-large_default.webp,farmanselmo,
38071,ME39949,FEMMEXTRA 200 MG - 10 MG X 10 CAPSULAS,https://pccentro.net.ve/img/s/3/0/7/4/8/30748-large_default.webp,farmanselmo,
38084,ME14878,FERROCE 300 MG - 50 MG X 30 TABLETAS ENTERICAS,https://pccentro.net.ve/img/s/7/5/8/1/6/75816-large_default.webp,farmanselmo,
38085,ME13615,FERROCE CON B12 JARABE,https://pccentro.net.ve/img/s/7/5/8/1/8/75818-large_default.webp,farmanselmo,
38089,ME36180,FEXOFENADINA CLORHIDRATO 120 MG X 10 TABLETAS RECUBIERTAS,https://pccentro.net.ve/img/s/8/3/9/6/9/83969-large_default.webp,farmanselmo,
38098,ME39597/3,FITEX 5 MG X 30 TABLETAS,https://pccentro.net.ve/img/s/3/0/8/7/0/30870-large_default.webp,farmanselmo,
38131,ME44703,TIMOLOL - DORZOLAMIDA 0.5 % - 2 % X 28 SOLUCION OFTALMICA,https://pccentro.net.ve/img/s/7/5/6/4/0/75640-large_default.webp,farmanselmo,
38267,ME35154/3,KAPET 75 MG X 30 TABLETAS RECUBIERTAS,https://pccentro.net.ve/img/s/3/5/6/5/7/35657-large_default.webp,farmanselmo,
38282,ME43274,CLINDAMICINA - KETOCONAZOL 100 MG - 400 MG OVULOS VAGINALES,https://pccentro.net.ve/img/s/8/5/3/0/4/85304-large_default.webp,farmanselmo,
38315,ME352,LECHE DE MAGNESIA 8.5 % SUSPENSION SABOR ORIGINAL,https://pccentro.net.ve/img/s/3/0/8/6/3/30863-large_default.webp,farmanselmo,
38316,ME30537,ARAVA 20 MG X 30 TABLETAS RECUBIERTAS,https://pccentro.net.ve/img/s/7/6/7/2/7/76727-large_default.webp,farmanselmo,
38389,ME43383,LORATADINA - AMBROXOL CLORHIDRATO 5 MG - 30 MG X 10 TABLETAS,https://pccentro.net.ve/img/s/2/3/7/9/4/23794-large_default.webp,farmanselmo,
38394,ME27541,LOREX 1 MG / ML JARABE,https://pccentro.net.ve/img/s/7/5/4/0/7/75407-large_default.webp,farmanselmo,
38445,ME537,MENTOL DAVIS UNGUENTO,https://pccentro.net.ve/img/s/2/3/4/3/2/23432-large_default.webp,farmanselmo,
38573,ME36695,NORMIX 200 MG X 12 TABLETAS RECUBIERTAS,https://pccentro.net.ve/img/s/7/2/2/3/1/72231-large_default.webp,farmanselmo,
38673,HO31052/3,PLIDAN COMPUESTO 15 MG / 2 ML - 100 MG / 2 ML X 2 AMPOLLAS,https://pccentro.net.ve/img/s/8/4/0/4/6/84046-large_default.webp,farmanselmo,
39351,ME39374,REGULIP 10 MG X 30 TABLETAS,https://pccentro.net.ve/img/s/3/5/6/2/9/35629-large_default.webp,farmanselmo,
39571,ME42149,RIFAMIX 550 MG X 10 COMPRIMIDOS RECUBIERTOS,https://pccentro.net.ve/img/s/7/9/6/0/5/79605-large_default.webp,farmanselmo,
38757,ME37202,ROWELUK 10 MG X 10 COMPRIMIDOS RECUBIERTOS,https://pccentro.net.ve/img/s/5/6/3/8/8/56388-large_default.webp,farmanselmo,
38805,HO33901,SOMAZINA 1000 MG / 4 ML X 5 AMPOLLAS,https://pccentro.net.ve/img/s/6/9/8/8/3/69883-large_default.webp,farmanselmo,
39378,ME18961,TACHIPIRIN 100 MG / ML SOLUCION ORAL,https://pccentro.net.ve/img/s/2/2/6/9/4/22694-large_default.webp,farmanselmo,
39380,ME19288,TACHIPIRIN 500 MG X 20 TABLETAS,https://pccentro.net.ve/img/s/5/4/8/7/6/54876-large_default.webp,farmanselmo,
38840,ME42467/2,TAMOSTIN 0.4 MG X 20 CAPSULAS DE LIBERACION PROLONGADA,https://pccentro.net.ve/img/s/5/4/8/7/7/54877-large_default.webp,farmanselmo,
38846,ME2955,TAPAZOL 5 MG X 60 TABLETAS,https://pccentro.net.ve/img/s/9/4/8/3/1/94831-large_default.webp,farmanselmo,
38847,ME36643/2,TEKRON 200 MG X 10 COMPRIMIDOS RECUBIERTOS,https://pccentro.net.ve/img/s/7/8/8/6/8/78868-large_default.webp,farmanselmo,
38850,ME28561/2,TENSOMAX 30 MG X 10 CAPSULAS DE LIBERACION PROLONGADA,https://pccentro.net.ve/img/s/5/4/9/6/3/54963-large_default.webp,farmanselmo,
39387,ME28562,TENSOMAX 60 MG X 10 CAPSULAS DE LIBERACION PROLONGADA,https://pccentro.net.ve/img/s/7/4/4/6/7/74467-large_default.webp,farmanselmo,
38874,ME37625,TIOCOLFEN 600 MG - 4 MG X 10 TABLETAS RECUBIERTAS,https://pccentro.net.ve/img/s/8/1/0/1/6/81016-large_default.webp,farmanselmo,
38890,ME23882,TRAMAL 100 MG / ML SOLUCION ORAL,https://pccentro.net.ve/img/s/7/4/5/9/5/74595-large_default.webp,farmanselmo,
38968,ME32842/2,VITAMINA E 400 UI X 30 CAPSULAS BLANDAS,https://pccentro.net.ve/img/s/7/7/8/5/8/77858-large_default.webp,farmanselmo,
38969,ME32842/3,VITAMINA E 400 UI X 50 CAPSULAS BLANDAS,https://pccentro.net.ve/img/s/8/2/7/4/6/82746-large_default.webp,farmanselmo,
38982,HO41121/2,XANEXTRA 500 MG / 5 ML X 1 AMPOLLA,https://pccentro.net.ve/img/s/3/0/6/1/1/30611-large_default.webp,farmanselmo,
39031,ME37677,SECNIDAZOL - ITRACONAZOL 166.66 MG - 33.33 MG X 12 CAPSULAS,https://pccentro.net.ve/img/s/1/8/2/1/3/18213-large_default.webp,farmanselmo,
39072,ME28426,ARBIXIL 15 MG - 10 MCG / 5 ML JARABE,https://pccentro.net.ve/img/s/1/8/2/1/8/18218-large_default.webp,farmanselmo,
39073,ME28401,ARBIXIL 7.5 MG - 5 MCG / 5 ML JARABE,https://pccentro.net.ve/img/s/1/8/1/9/8/18198-large_default.webp,farmanselmo,
39093,ME19402,BALSADER POMADA,https://pccentro.net.ve/img/s/3/2/3/4/5/32345-large_default.webp,farmanselmo,
39189,ME38307,DIFEN PLUS X 10 TABLETAS,https://pccentro.net.ve/img/s/7/4/6/0/5/74605-large_default.webp,farmanselmo,
39215,ME42352,FEMIZOL 750 MG - 200 MG OVULOS.,https://pccentro.net.ve/img/s/4/1/3/1/4/41314-large_default.webp,farmanselmo,
39272,ME36355,KETOROLAC 10 MG COMPRIMIDOS,https://pccentro.net.ve/img/s/2/4/4/8/9/24489-large_default.webp,farmanselmo,
39293,ME42469,ROWELUK PLUS 5 MG - 2.5 MG X 10 COMPRIMIDOS MASTICABLES,https://pccentro.net.ve/img/s/8/0/8/7/2/80872-large_default.webp,farmanselmo,
39314,ME40982,NAPROXENO SODICO 275 MG COMPRIMIDOS RECUBIERTOS,https://pccentro.net.ve/img/s/7/0/9/2/3/70923-large_default.webp,farmanselmo,
39332,ME42182,OROFENO 150 MG COMPRIMIDOS DE LIBERACION CONTROLADA,https://pccentro.net.ve/img/s/5/5/0/6/3/55063-large_default.webp,farmanselmo,
39357,ME32233,RINOLAST D 30 MG - 30 MG / 5 ML SUSPENSION ORAL,https://pccentro.net.ve/img/s/2/2/9/0/0/22900-large_default.webp,farmanselmo,
39377,ME43593,TACHIGRIP FORTE X 6 POLVO PARA SOLUCION ORAL,https://pccentro.net.ve/img/s/7/6/9/9/0/76990-large_default.webp,farmanselmo,
39381,ME35671,TACHIPIRIN FORTE 160 MG / 5 ML SUSPENSION ORAL,https://pccentro.net.ve/img/s/2/5/9/6/4/25964-large_default.webp,farmanselmo,
39406,ME37749,VALSARTAN CON HIDROCLOROTIAZIDA 80 MG - 12.5 MG COMPRIMIDOS,https://pccentro.net.ve/img/s/5/6/1/6/8/56168-large_default.webp,farmanselmo,
39435,ME37481,ATOVAROL 20 MG X 30 CAPSULAS BLANDAS,https://pccentro.net.ve/img/s/7/4/0/1/7/74017-large_default.webp,farmanselmo,
39465,ME36834,CROMUS 0.1 % UNGUENTO,https://pccentro.net.ve/img/s/7/2/8/1/9/72819-large_default.webp,farmanselmo,
39482,MI37540,DICLOFENAC DIETILAMINA 1.16 % EMULGEL,https://pccentro.net.ve/img/s/8/0/6/4/5/80645-large_default.webp,farmanselmo,
39498,ME43797,ELMETACIN-IND 1 % SOLUCION TOPICA,https://pccentro.net.ve/img/s/8/9/4/4/5/89445-large_default.webp,farmanselmo,
39514,ME43614,GESTAGENO 100 MG CAPSULAS DE GELATINA BLANDA X 10 CAPSULAS,https://pccentro.net.ve/img/s/3/9/7/7/1/39771-large_default.webp,farmanselmo,
39515,ME43613,GESTAGENO 200 MG CAPSULAS DE GELATINA BLANDA X 10 CAPSULAS,https://pccentro.net.ve/img/s/7/5/9/8/0/75980-large_default.webp,farmanselmo,
39585,ME43518,SYNARTROS 60 MG X 10 TABLETAS RECUBIERTAS,https://pccentro.net.ve/img/s/2/5/9/5/4/25954-large_default.webp,farmanselmo,
39603,ME42702,REHIDROSOL ZINC 60 MEQ / L SOLUCION ELECTROLITICA USO ORAL SABOR A MANZANA X 30 SOLUCION ORAL,https://pccentro.net.ve/img/s/7/4/1/8/9/74189-large_default.webp,farmanselmo,