clave_nombre,id,sku,nombre_comercial,molecula,forma,laboratorio,foto_url,total_grupo,lab_distintos
ACIDO FOLICO 5 MG,37294,ME4629/3,ACIDO FOLICO 5 mg X 20 COMPRIMIDOS,Folico Acido,COMPRIMIDOS,MEGALABS S.A.,https://mav.farmaciasaas.com/api/images/articulos/DISTRIBUCION/10751.jpg,6,4
ACIDO FOLICO 5 MG,37295,ME4629/4,ACIDO FOLICO 5 mg X 30 COMPRIMIDOS,Folico Acido,COMPRIMIDOS,MEGALABS S.A.,https://mav.farmaciasaas.com/api/images/articulos/DISTRIBUCION/92955.jpg,6,4
ACIDO FOLICO 5 MG,37296,ME4629/2,ACIDO FOLICO 5 mg X 10 COMPRIMIDOS,Folico Acido,COMPRIMIDOS,MEGALABS S.A.,https://mav.farmaciasaas.com/api/images/articulos/DISTRIBUCION/20331.jpg,6,4
ACIDO FOLICO 5 MG,37301,ME43836,ACIDO FOLICO 5 mg X 10 TABLETAS,Folico Acido,TABLETAS,"BIOQUIMICA INTERNACIONAL, C.A.",https://mav.farmaciasaas.com/api/images/articulos/DISTRIBUCION/53280.jpg,6,4
ACIDO FOLICO 5 MG,37360,ME36039,ACIDO FOLICO 5 mg X 30 TABLETAS,Folico Acido,TABLETAS,"LABORATORIO PLUSANDEX DE FARMACEUTICOS UNIDOS, PLUSANDEX, C.A.",https://mav.farmaciasaas.com/api/images/articulos/DISTRIBUCION/23782.jpg,6,4
ACIDO FOLICO 5 MG,39022,ME29912,ACIDO FOLICO 5 mg X 30 TABLETAS,Folico Acido,TABLETAS,LABORATORIOS SIEGFRIED S.A.,https://pccentro.net.ve/img/s/7/6/0/1/2/76012-large_default.webp,6,4
ACIDO FOLICO 10 MG,37297,ME43837,ACIDO FOLICO 10 mg X 10 TABLETAS,Folico Acido,TABLETAS,"BIOQUIMICA INTERNACIONAL, C.A.",https://mav.farmaciasaas.com/api/images/articulos/DISTRIBUCION/20330.jpg,11,6
ACIDO FOLICO 10 MG,37298,ME36224/2,ACIDO FOLICO 10 mg X 10 TABLETAS,Folico Acido,TABLETAS,"LABORATORIO PLUSANDEX DE FARMACEUTICOS UNIDOS, PLUSANDEX, C.A.",https://mav.farmaciasaas.com/api/images/articulos/DISTRIBUCION/53779.jpg,11,6
ACIDO FOLICO 10 MG,37299,ME36224/3,ACIDO FOLICO 10 mg X 20 TABLETAS,Folico Acido,TABLETAS,"LABORATORIO PLUSANDEX DE FARMACEUTICOS UNIDOS, PLUSANDEX, C.A.",https://mav.farmaciasaas.com/api/images/articulos/DISTRIBUCION/92858.jpg,11,6
ACIDO FOLICO 10 MG,37300,ME36224/4,ACIDO FOLICO 10 mg X 30 TABLETAS,Folico Acido,TABLETAS,"LABORATORIO PLUSANDEX DE FARMACEUTICOS UNIDOS, PLUSANDEX, C.A.",https://mav.farmaciasaas.com/api/images/articulos/DISTRIBUCION/92857.jpg,11,6
ACIDO FOLICO 10 MG,37354,ME4630/3,ACIDO FOLICO 10 mg X 20 COMPRIMIDOS,Folico Acido,COMPRIMIDOS,MEGALABS S.A.,https://mav.farmaciasaas.com/api/images/articulos/DISTRIBUCION/24.jpg,11,6
ACIDO FOLICO 10 MG,37355,ME4630/4,ACIDO FOLICO 10 mg X 30 COMPRIMIDOS,Folico Acido,COMPRIMIDOS,MEGALABS S.A.,https://mav.farmaciasaas.com/api/images/articulos/DISTRIBUCION/90738.jpg,11,6
ACIDO FOLICO 10 MG,37356,ME4630/2,ACIDO FOLICO 10 mg X 10 COMPRIMIDOS,Folico Acido,COMPRIMIDOS,MEGALABS S.A.,https://pccentro.net.ve/img/s/9/6/0/9/0/96090-large_default.webp,11,6
ACIDO FOLICO 10 MG,37357,ME38298,ACIDO FOLICO 10 mg X 30 COMPRIMIDOS,Folico Acido,COMPRIMIDOS,"LABORATORIOS LETI, S.A.V.",https://mav.farmaciasaas.com/api/images/articulos/DISTRIBUCION/98454.jpg,11,6
ACIDO FOLICO 10 MG,37359,ME33559,ACIDO FOLICO 10 mg X 30 TABLETAS,Folico Acido,TABLETAS,"CALOX INTERNATIONAL, C.A.",https://mav.farmaciasaas.com/api/images/articulos/DISTRIBUCION/29544.jpg,11,6
ACIDO FOLICO 10 MG,39018,ME29911/2,ACIDO FOLICO 10 mg X 20 TABLETAS,Folico Acido,TABLETAS,LABORATORIOS SIEGFRIED S.A.,https://mav.farmaciasaas.com/api/images/articulos/DISTRIBUCION/4100.jpg,11,6
ACIDO FOLICO 10 MG,39019,ME29911/3,ACIDO FOLICO 10 mg X 30 TABLETAS,Folico Acido,TABLETAS,LABORATORIOS SIEGFRIED S.A.,https://pccentro.net.ve/img/s/9/6/0/9/0/96090-large_default.webp,11,6
ACIDO IBANDRONICO 150 MG,37302,ME43094,ACIDO IBANDRONICO 150 mg X 1 TABLETAS RECUBIERTAS,Acido Ibandronico Sodio Monohidrato,TABLETAS,MASCOT HEALTH SERIES PVT. LTD.,https://mav.farmaciasaas.com/api/images/articulos/DISTRIBUCION/52763.jpg,2,2
ACIDO IBANDRONICO 150 MG,37366,ME38066,ACIDO IBANDRONICO 150 mg X 1 TABLETAS RECUBIERTAS,,TABLETAS,"CALOX INTERNATIONAL, C.A.",,2,2
ACETAMINOFEN 650MG,37309,ME43639/2,ACETAMINOFEN 650mg X 10 TABLETAS,Acetaminofen,TABLETAS,"LABORATORIOS L.O. OFTALMI, C.A.",https://mav.farmaciasaas.com/api/images/articulos/DISTRIBUCION/11552.jpg,3,1
ACETAMINOFEN 650MG,37310,ME43639/3,ACETAMINOFEN 650mg X 20 TABLETAS,Acetaminofen,TABLETAS,"LABORATORIOS L.O. OFTALMI, C.A.",https://mav.farmaciasaas.com/api/images/articulos/DISTRIBUCION/22403.jpg,3,1
ACETAMINOFEN 650MG,37311,ME43639/4,ACETAMINOFEN 650mg X 30 TABLETAS,Acetaminofen,TABLETAS,"LABORATORIOS L.O. OFTALMI, C.A.",https://mav.farmaciasaas.com/api/images/articulos/DISTRIBUCION/15591.jpg,3,1
ACETAMINOFEN 500 MG,37316,ME25466/2,ACETAMINOFEN 500 mg X 10 COMPRIMIDOS,Acetaminofen,COMPRIMIDOS,"LABORATORIOS SPEFAR VENEZOLANOS, S.A.",https://mav.farmaciasaas.com/api/images/articulos/DISTRIBUCION/53478.jpg,9,5
ACETAMINOFEN 500 MG,37317,ME25466/3,ACETAMINOFEN 500 mg X 30 COMPRIMIDOS,Acetaminofen,COMPRIMIDOS,"LABORATORIOS SPEFAR VENEZOLANOS, S.A.",https://mav.farmaciasaas.com/api/images/articulos/DISTRIBUCION/30141.jpg,9,5
ACETAMINOFEN 500 MG,37318,ME31234,ACETAMINOFEN 500 mg X 10 TABLETAS,Acetaminofen,TABLETAS,"CALOX INTERNATIONAL, C.A.",https://mav.farmaciasaas.com/api/images/articulos/DISTRIBUCION/2337.jpg,9,5
ACETAMINOFEN 500 MG,37319,ME23275/2,ACETAMINOFEN 500 mg X 10 TABLETAS,Acetaminofen,TABLETAS,"LABORATORIO PLUSANDEX DE FARMACEUTICOS UNIDOS, PLUSANDEX, C.A.",https://pccentro.net.ve/img/s/8/7/8/2/6/87826-large_default.webp,9,5
ACETAMINOFEN 500 MG,37320,ME23275/3,ACETAMINOFEN 500 mg X 12 TABLETAS,Acetaminofen,TABLETAS,"LABORATORIO PLUSANDEX DE FARMACEUTICOS UNIDOS, PLUSANDEX, C.A.",https://mav.farmaciasaas.com/api/images/articulos/DISTRIBUCION/22400.jpg,9,5
ACETAMINOFEN 500 MG,37321,ME23275/4,ACETAMINOFEN 500 mg X 24 TABLETAS,Acetaminofen,TABLETAS,"LABORATORIO PLUSANDEX DE FARMACEUTICOS UNIDOS, PLUSANDEX, C.A.",https://mav.farmaciasaas.com/api/images/articulos/DISTRIBUCION/22401.jpg,9,5
ACETAMINOFEN 500 MG,37324,ME37095,ACETAMINOFEN 500 mg X 20 TABLETAS,Acetaminofen,TABLETAS,"SM PHARMA, C.A.",https://mav.farmaciasaas.com/api/images/articulos/DISTRIBUCION/7537.jpg,9,5
ACETAMINOFEN 500 MG,39011,ME43427/2,ACETAMINOFEN 500 mg X 10 TABLETAS,Acetaminofen,TABLETAS,"LABORATORIOS L.O. OFTALMI, C.A.",https://mav.farmaciasaas.com/api/images/articulos/DISTRIBUCION/22931.jpg,9,5
ACETAMINOFEN 500 MG,39012,ME43427/3,ACETAMINOFEN 500 mg X 30 TABLETAS,Acetaminofen,TABLETAS,"LABORATORIOS L.O. OFTALMI, C.A.",https://pccentro.net.ve/img/s/8/7/8/2/6/87826-large_default.webp,9,5
ACETAMINOFEN - HIOSCINA N BUTIL BROMURO 500 MG-10MG,37322,ME37101/3,ACETAMINOFEN - HIOSCINA N BUTIL BROMURO 500 mg-10mg X 20 TABLETAS RE,,TABLETAS,"LABORATORIO LA SANTE, C.A.",,2,1
ACETAMINOFEN - HIOSCINA N BUTIL BROMURO 500 MG-10MG,37323,ME37101/2,ACETAMINOFEN - HIOSCINA N BUTIL BROMURO 500 mg-10mg X 10 TABLETAS RE,,TABLETAS,"LABORATORIO LA SANTE, C.A.",https://mav.farmaciasaas.com/api/images/articulos/DISTRIBUCION/52423.jpg,2,1
ACETAZOLAMIDA 250 MG,37327,ME34148/3,ACETAZOLAMIDA 250 mg X 20 TABLETAS,Acetazolamida,TABLETAS,EMPRESA LABORATORIOS MEDSOL,https://mav.farmaciasaas.com/api/images/articulos/DISTRIBUCION/53492.jpg,2,1
ACETAZOLAMIDA 250 MG,37328,ME34148/2,ACETAZOLAMIDA 250 mg X 10 TABLETAS,Acetazolamida,TABLETAS,EMPRESA LABORATORIOS MEDSOL,https://mav.farmaciasaas.com/api/images/articulos/DISTRIBUCION/53177.jpg,2,1
ACEVAL 650 MG,37331,ME30496/2,ACEVAL 650 mg X 10 TABLETAS,Acetaminofen,TABLETAS,"LABORATORIOS VALMOR, C.A.",https://mav.farmaciasaas.com/api/images/articulos/DISTRIBUCION/646.jpg,2,1
ACEVAL 650 MG,37332,ME30496/3,ACEVAL 650 mg X 50 TABLETAS,Acetaminofen,TABLETAS,"LABORATORIOS VALMOR, C.A.",https://mav.farmaciasaas.com/api/images/articulos/DISTRIBUCION/24308.jpg,2,1
ACICLOVIR 200 MG,37339,ME26178/3,ACICLOVIR 200 mg X 20 TABLETAS,Aciclovir,TABLETAS,LABORATORIO PIFANO C.A.,https://mav.farmaciasaas.com/api/images/articulos/DISTRIBUCION/29551.jpg,4,2
ACICLOVIR 200 MG,37340,ME26178/2,ACICLOVIR 200 mg X 10 TABLETAS,Aciclovir,TABLETAS,LABORATORIO PIFANO C.A.,https://pccentro.net.ve/img/s/8/3/7/6/5/83765-large_default.webp,4,2
ACICLOVIR 200 MG,37341,ME26178/4,ACICLOVIR 200 mg X 24 TABLETAS,Aciclovir,TABLETAS,LABORATORIO PIFANO C.A.,https://mav.farmaciasaas.com/api/images/articulos/DISTRIBUCION/7859.jpg,4,2
ACICLOVIR 200 MG,37342,ME31108,ACICLOVIR 200 mg X 25 TABLETAS,Aciclovir,TABLETAS,"CALOX INTERNATIONAL, C.A.",https://mav.farmaciasaas.com/api/images/articulos/DISTRIBUCION/11560.jpg,4,2
ACIDO ACETILSALICILICO 81 MG,37345,ME34553/2,ACIDO ACETILSALICILICO 81 mg X 24 TABLETAS CON CUBIERTA ENTERICA,,TABLETAS,"LABORATORIOS L.O. OFTALMI, C.A.",https://mav.farmaciasaas.com/api/images/articulos/DISTRIBUCION/7271.jpg,2,1
ACIDO ACETILSALICILICO 81 MG,37346,ME34553/3,ACIDO ACETILSALICILICO 81 mg X 30 TABLETAS CON CUBIERTA ENTERICA,,TABLETAS,"LABORATORIOS L.O. OFTALMI, C.A.",,2,1
ACIDO FOLICO 10 MG / ML,37350,HO3187/3,ACIDO FOLICO 10 mg / mL X 10 AMPOLLAS,Folico Acido,INYECTABLE,MEGALABS S.A.,https://mav.farmaciasaas.com/api/images/articulos/DISTRIBUCION/22846.jpg,3,1
ACIDO FOLICO 10 MG / ML,37351,HO3187/2,ACIDO FOLICO 10 mg / mL X 3 AMPOLLAS,Folico Acido,INYECTABLE,MEGALABS S.A.,https://mav.farmaciasaas.com/api/images/articulos/DISTRIBUCION/20.jpg,3,1
ACIDO FOLICO 10 MG / ML,37352,HO3187/4,ACIDO FOLICO 10 mg / mL X 20 AMPOLLAS,Folico Acido,INYECTABLE,MEGALABS S.A.,https://pccentro.net.ve/img/s/7/7/6/9/5/77695-large_default.webp,3,1
ACIDO FOLICO 10 MG COMPRIMIDOS,37353,ME33347,ACIDO FOLICO 10 mg COMPRIMIDOS,Folico Acido,COMPRIMIDOS,"LABORATORIOS VARGAS, S.A.",https://pccentro.net.ve/img/s/9/6/0/9/0/96090-large_default.webp,2,2
ACIDO FOLICO 10 MG COMPRIMIDOS,39021,ME22033,ACIDO FOLICO 10 mg COMPRIMIDOS,Folico Acido,COMPRIMIDOS,"LABORATORIOS VALMOR, C.A.",https://pccentro.net.ve/img/s/9/6/0/9/0/96090-large_default.webp,2,2
ACIDO FOLICO 10 MG / ML SOLUCION ORAL,37358,ME4631,ACIDO FOLICO 10 mg / mL SOLUCION ORAL,Folico Acido,SOLUCION ORAL,MEGALABS S.A.,https://mav.farmaciasaas.com/api/images/articulos/DISTRIBUCION/25.jpg,3,3
ACIDO FOLICO 10 MG / ML SOLUCION ORAL,39020,ME33987,ACIDO FOLICO 10 mg / mL SOLUCION ORAL,Folico Acido,SOLUCION ORAL,"LABORATORIOS LETI, S.A.V.",https://pccentro.net.ve/img/s/7/6/7/7/5/76775-large_default.webp,3,3
ACIDO FOLICO 10 MG / ML SOLUCION ORAL,39023,ME31178,ACIDO FOLICO 10 mg / mL SOLUCION ORAL,Folico Acido,SOLUCION ORAL,LABORATORIOS SIEGFRIED S.A.,https://pccentro.net.ve/img/s/7/6/7/7/5/76775-large_default.webp,3,3
VALPRON 500 MG,37363,ME23174/2,VALPRON 500 mg X 10 TABLETAS,Valproico Acido,TABLETAS,LABORATORIOS FARMA S.A.,https://mav.farmaciasaas.com/api/images/articulos/DISTRIBUCION/51480.jpg,3,1
VALPRON 500 MG,37364,ME23174/3,VALPRON 500 mg X 30 TABLETAS,Valproico Acido,TABLETAS,LABORATORIOS FARMA S.A.,https://mav.farmaciasaas.com/api/images/articulos/DISTRIBUCION/5235.jpg,3,1
VALPRON 500 MG,37365,ME23174/4,VALPRON 500 mg X 60 TABLETAS,Valproico Acido,TABLETAS,LABORATORIOS FARMA S.A.,https://pccentro.net.ve/img/s/7/1/6/1/7/71617-large_default.webp,3,1
AFLAMAX 50 MG,37370,ME36828/2,AFLAMAX 50 mg X 10 TABLETAS RECUBIERTAS,Diclofenaco,TABLETAS,"LABORATORIOS L.O. OFTALMI, C.A.",https://mav.farmaciasaas.com/api/images/articulos/DISTRIBUCION/19583.jpg,2,1
AFLAMAX 50 MG,37371,ME36828/3,AFLAMAX 50 mg X 20 TABLETAS RECUBIERTAS,Diclofenaco,TABLETAS,"LABORATORIOS L.O. OFTALMI, C.A.",https://mav.farmaciasaas.com/api/images/articulos/DISTRIBUCION/92341.jpg,2,1
AIRON 10 MG,37379,ME33783/3,AIRON 10 mg X 30 TABLETAS RECUBIERTAS,Montelukast,TABLETAS,"LABORATORIOS L.O. OFTALMI, C.A.",https://mav.farmaciasaas.com/api/images/articulos/DISTRIBUCION/5930.jpg,2,1
AIRON 10 MG,37380,ME33783/2,AIRON 10 mg X 10 TABLETAS RECUBIERTAS,Montelukast,TABLETAS,"LABORATORIOS L.O. OFTALMI, C.A.",https://pccentro.net.ve/img/s/7/5/8/6/9/75869-large_default.webp,2,1
ALBENDAZOL 200 MG,37383,ME40605/2,ALBENDAZOL 200 mg X 2 COMPRIMIDOS,Albendazol,COMPRIMIDOS,"SM PHARMA, C.A.",https://mav.farmaciasaas.com/api/images/articulos/DISTRIBUCION/9575.jpg,7,3
ALBENDAZOL 200 MG,37384,ME40605/3,ALBENDAZOL 200 mg X 6 COMPRIMIDOS,Albendazol,COMPRIMIDOS,"SM PHARMA, C.A.",https://mav.farmaciasaas.com/api/images/articulos/DISTRIBUCION/1526.jpg,7,3
ALBENDAZOL 200 MG,37385,ME34122/2,ALBENDAZOL 200 mg X 2 TABLETAS,Albendazol,TABLETAS,"LABORATORIO PLUSANDEX DE FARMACEUTICOS UNIDOS, PLUSANDEX, C.A.",https://mav.farmaciasaas.com/api/images/articulos/DISTRIBUCION/17968.jpg,7,3
ALBENDAZOL 200 MG,37386,ME34122/3,ALBENDAZOL 200 mg X 6 TABLETAS,Albendazol,TABLETAS,"LABORATORIO PLUSANDEX DE FARMACEUTICOS UNIDOS, PLUSANDEX, C.A.",https://mav.farmaciasaas.com/api/images/articulos/DISTRIBUCION/20302.jpg,7,3
ALBENDAZOL 200 MG,37387,ME35827,ALBENDAZOL 200 mg X 6 TABLETAS MASTICABLES,Albendazol,TABLETAS,"CALOX INTERNATIONAL, C.A.",https://mav.farmaciasaas.com/api/images/articulos/DISTRIBUCION/94917.jpg,7,3
ALBENDAZOL 200 MG,39029,ME39048/2,ALBENDAZOL 200 mg X 2 TABLETAS MASTICABLES SABOR A BANANA,Albendazol,TABLETAS,"CALOX INTERNATIONAL, C.A.",https://pccentro.net.ve/img/s/1/8/1/8/6/18186-large_default.webp,7,3
ALBENDAZOL 200 MG,39030,ME39048/3,ALBENDAZOL 200 mg X 6 TABLETAS MASTICABLES SABOR A BANANA,Albendazol,TABLETAS,"CALOX INTERNATIONAL, C.A.",https://pccentro.net.ve/img/s/1/8/1/8/6/18186-large_default.webp,7,3
ALBICAR 200 MG,37389,ME27447/2,ALBICAR 200 mg X 2 TABLETAS,Albendazol,TABLETAS,"LABORATORIOS ELMOR, S.A.",https://mav.farmaciasaas.com/api/images/articulos/DISTRIBUCION/9807.jpg,2,1
ALBICAR 200 MG,37390,ME27447/3,ALBICAR 200 mg X 6 TABLETAS,Albendazol,TABLETAS,"LABORATORIOS ELMOR, S.A.",https://mav.farmaciasaas.com/api/images/articulos/DISTRIBUCION/9782.jpg,2,1
ALSART 160 MG,37407,ME33085/2,ALSART 160 mg X 10 CAPSULAS,Valsartan,CAPSULAS,LABORATORIOS SIEGFRIED S.A.,https://mav.farmaciasaas.com/api/images/articulos/DISTRIBUCION/20787.jpg,2,1
ALSART 160 MG,37408,ME33085/3,ALSART 160 mg X 30 CAPSULAS,Valsartan,CAPSULAS,LABORATORIOS SIEGFRIED S.A.,https://pccentro.net.ve/img/s/5/4/4/8/8/54488-large_default.webp,2,1
ALSART 80 MG,37409,ME33084/2,ALSART 80 mg X 10 CAPSULAS,Valsartan,CAPSULAS,LABORATORIOS SIEGFRIED S.A.,https://mav.farmaciasaas.com/api/images/articulos/DISTRIBUCION/20332.jpg,2,1
ALSART 80 MG,37410,ME33084/3,ALSART 80 mg X 30 CAPSULAS,Valsartan,CAPSULAS,LABORATORIOS SIEGFRIED S.A.,https://mav.farmaciasaas.com/api/images/articulos/DISTRIBUCION/20333.jpg,2,1
AMIODARONA CLORHIDRATO 200 MG,37421,ME31452,AMIODARONA CLORHIDRATO 200 mg X 10 COMPRIMIDOS,Amiodarona,COMPRIMIDOS,"LABORATORIOS VALMOR, C.A.",https://mav.farmaciasaas.com/api/images/articulos/DISTRIBUCION/3505.jpg,2,2
AMIODARONA CLORHIDRATO 200 MG,37422,ME32403,AMIODARONA CLORHIDRATO 200 mg X 10 TABLETAS,Amiodarona,TABLETAS,"BIOTECH LABORATORIOS, C.A.",https://mav.farmaciasaas.com/api/images/articulos/DISTRIBUCION/4602.jpg,2,2
AMLODIPINA 10 MG,37423,ME30206/3,AMLODIPINA 10 mg X 30 COMPRIMIDOS,Amlodipino,COMPRIMIDOS,"LABORATORIOS LETI, S.A.V.",https://mav.farmaciasaas.com/api/images/articulos/DISTRIBUCION/97973.jpg,9,3
AMLODIPINA 10 MG,37424,ME30206/4,AMLODIPINA 10 mg X 60 COMPRIMIDOS,Amlodipino,COMPRIMIDOS,"LABORATORIOS LETI, S.A.V.",https://mav.farmaciasaas.com/api/images/articulos/DISTRIBUCION/20112.jpg,9,3
AMLODIPINA 10 MG,37425,ME30206/2,AMLODIPINA 10 mg X 10 COMPRIMIDOS,Amlodipino,COMPRIMIDOS,"LABORATORIOS LETI, S.A.V.",https://mav.farmaciasaas.com/api/images/articulos/DISTRIBUCION/2419.jpg,9,3
AMLODIPINA 10 MG,37427,ME32016/2,AMLODIPINA 10 mg X 10 TABLETAS,Amlodipino,TABLETAS,"CALOX INTERNATIONAL, C.A.",https://pccentro.net.ve/img/s/1/8/1/9/3/18193-large_default.webp,9,3
AMLODIPINA 10 MG,37428,ME32016/3,AMLODIPINA 10 mg X 30 TABLETAS,Amlodipino,TABLETAS,"CALOX INTERNATIONAL, C.A.",https://mav.farmaciasaas.com/api/images/articulos/DISTRIBUCION/12054.jpg,9,3
AMLODIPINA 10 MG,37429,ME39126/2,AMLODIPINA 10 mg X 20 TABLETAS,,TABLETAS,"CALOX INTERNATIONAL, C.A.",https://mav.farmaciasaas.com/api/images/articulos/DISTRIBUCION/92638.jpg,9,3
AMLODIPINA 10 MG,37430,ME39126/3,AMLODIPINA 10 mg X 30 TABLETAS,,TABLETAS,"CALOX INTERNATIONAL, C.A.",https://mav.farmaciasaas.com/api/images/articulos/DISTRIBUCION/53795.jpg,9,3
AMLODIPINA 10 MG,39035,ME30270/2,AMLODIPINA 10 mg X 20 TABLETAS,Amlodipino,TABLETAS,"LABORATORIOS KIMICEG, C.A.",https://pccentro.net.ve/img/s/1/8/1/9/3/18193-large_default.webp,9,3
AMLODIPINA 10 MG,39036,ME30270/3,AMLODIPINA 10 mg X 30 TABLETAS,Amlodipino,TABLETAS,"LABORATORIOS KIMICEG, C.A.",https://pccentro.net.ve/img/s/1/8/1/9/3/18193-large_default.webp,9,3
AMLODIPINA 5 MG,37426,ME38145,AMLODIPINA 5 mg X 30 COMPRIMIDOS,Amlodipino,COMPRIMIDOS,"LABORATORIOS LETI, S.A.V.",https://mav.farmaciasaas.com/api/images/articulos/DISTRIBUCION/9206.jpg,5,4
AMLODIPINA 5 MG,37431,ME28705/2,AMLODIPINA 5 mg X 10 TABLETAS,Amlodipino,TABLETAS,"CALOX INTERNATIONAL, C.A.",https://mav.farmaciasaas.com/api/images/articulos/DISTRIBUCION/2417.jpg,5,4
AMLODIPINA 5 MG,37432,ME28705/3,AMLODIPINA 5 mg X 30 TABLETAS,Amlodipino,TABLETAS,"CALOX INTERNATIONAL, C.A.",https://mav.farmaciasaas.com/api/images/articulos/DISTRIBUCION/10982.jpg,5,4
AMLODIPINA 5 MG,37433,ME31230,AMLODIPINA 5 mg X 30 TABLETAS,,TABLETAS,"LABORATORIO COFASA, S.A.",https://mav.farmaciasaas.com/api/images/articulos/DISTRIBUCION/12027.jpg,5,4
AMLODIPINA 5 MG,39041,ME30269,AMLODIPINA 5 mg X 30 TABLETAS,Amlodipino,TABLETAS,"LABORATORIOS KIMICEG, C.A.",https://pccentro.net.ve/img/s/7/8/3/5/9/78359-large_default.webp,5,4
AMOXICILINA 500 MG,37438,ME43040,AMOXICILINA 500 mg X 10 CAPSULAS,,CAPSULAS,"JIANGXI XIER KANGTAI PHARMACEUTICAL CO., LTD",https://mav.farmaciasaas.com/api/images/articulos/DISTRIBUCION/53253.jpg,6,4
AMOXICILINA 500 MG,37440,ME20340/3,AMOXICILINA 500 mg X 10 CAPSULAS,Amoxicilina,CAPSULAS,"CALOX INTERNATIONAL, C.A.",https://mav.farmaciasaas.com/api/images/articulos/DISTRIBUCION/52727.jpg,6,4
AMOXICILINA 500 MG,37441,ME20340/4,AMOXICILINA 500 mg X 12 CAPSULAS,Amoxicilina,CAPSULAS,"CALOX INTERNATIONAL, C.A.",https://pccentro.net.ve/img/s/8/0/3/7/3/80373-large_default.webp,6,4
AMOXICILINA 500 MG,37442,ME20340/2,AMOXICILINA 500 mg X 6 CAPSULAS,Amoxicilina,CAPSULAS,"CALOX INTERNATIONAL, C.A.",https://mav.farmaciasaas.com/api/images/articulos/DISTRIBUCION/5265.jpg,6,4
AMOXICILINA 500 MG,37443,ME26817,AMOXICILINA 500 mg X 12 CAPSULAS,Amoxicilina,CAPSULAS,"LABORATORIOS LETI, S.A.V.",https://mav.farmaciasaas.com/api/images/articulos/DISTRIBUCION/25978.jpg,6,4
AMOXICILINA 500 MG,39045,ME35012,AMOXICILINA 500 mg X 12 CAPSULAS,Amoxicilina,CAPSULAS,"LABORATORIOS VALMOR, C.A.",https://pccentro.net.ve/img/s/8/0/3/7/3/80373-large_default.webp,6,4
AMOXICILINA 250 MG / 5 ML POLVO PARA SUSPENSION ORAL,37444,ME35002,AMOXICILINA 250 mg / 5 ml POLVO PARA SUSPENSION ORAL,Amoxicilina,POLVO PARA RECONSTITUCION,"CALOX INTERNATIONAL, C.A.",https://mav.farmaciasaas.com/api/images/articulos/DISTRIBUCION/51378.jpg,2,2
AMOXICILINA 250 MG / 5 ML POLVO PARA SUSPENSION ORAL,39044,ME29931,AMOXICILINA 250 mg / 5 mL POLVO PARA SUSPENSION ORAL,,POLVO PARA RECONSTITUCION,"LABORATORIOS SPEFAR VENEZOLANOS, S.A.",,2,2
ANASMOL 5 MG,37461,ME24592/2,ANASMOL 5 mg X 10 COMPRIMIDOS,Warfarina,COMPRIMIDOS,MEGALABS S.A.,https://pccentro.net.ve/img/s/1/8/6/5/4/18654-large_default.webp,2,1
ANASMOL 5 MG,37462,ME24592/3,ANASMOL 5 mg X 30 COMPRIMIDOS,Warfarina,COMPRIMIDOS,MEGALABS S.A.,https://mav.farmaciasaas.com/api/images/articulos/DISTRIBUCION/95473.jpg,2,1
ANGRIP,37464,ME31329/3,ANGRIP X 8 COMPRIMIDOS,,COMPRIMIDOS,MEGALABS S.A.,https://mav.farmaciasaas.com/api/images/articulos/DISTRIBUCION/22591.jpg,3,1
ANGRIP,37465,ME31329/2,ANGRIP X 4 COMPRIMIDOS,,COMPRIMIDOS,MEGALABS S.A.,https://mav.farmaciasaas.com/api/images/articulos/DISTRIBUCION/23940.jpg,3,1
ANGRIP,37466,ME31329/4,ANGRIP X 15 COMPRIMIDOS,,COMPRIMIDOS,MEGALABS S.A.,,3,1
"ANTAAR 1,25 MG",37470,ME43410/3,"ANTAAR 1,25 mg X 30 TABLETAS RECUBIERTAS",,TABLETAS,"CALOX INTERNATIONAL, C.A.",https://mav.farmaciasaas.com/api/images/articulos/DISTRIBUCION/29562.jpg,2,1
"ANTAAR 1,25 MG",37471,ME43410/2,"ANTAAR 1,25 mg X 10 TABLETAS RECUBIERTAS",,TABLETAS,"CALOX INTERNATIONAL, C.A.",,2,1
APLACAL 750 MG,37482,ME42366/3,APLACAL 750 mg X 80 TABLETAS MASTICABLES SABOR A BANANA,,TABLETAS,LABORATORIOS SIEGFRIED S.A.,https://mav.farmaciasaas.com/api/images/articulos/DISTRIBUCION/53180.jpg,6,1
APLACAL 750 MG,37483,ME42366/2,APLACAL 750 mg X 10 TABLETAS MASTICABLES SABOR A BANANA,,TABLETAS,LABORATORIOS SIEGFRIED S.A.,https://mav.farmaciasaas.com/api/images/articulos/DISTRIBUCION/21594.jpg,6,1
APLACAL 750 MG,39066,ME42365/2,APLACAL 750 mg X 10 TABLETAS MASTICABLES SABOR A MENTA,,TABLETAS,LABORATORIOS SIEGFRIED S.A.,https://mav.farmaciasaas.com/api/images/articulos/DISTRIBUCION/21600.jpg,6,1
APLACAL 750 MG,39067,ME42365/4,APLACAL 750 mg X 120 TABLETAS MASTICABLES SABOR A MENTA,,TABLETAS,LABORATORIOS SIEGFRIED S.A.,https://mav.farmaciasaas.com/api/images/articulos/DISTRIBUCION/21601.jpg,6,1
APLACAL 750 MG,39068,ME42365/3,APLACAL 750 mg X 80 TABLETAS MASTICABLES SABOR A MENTA,,TABLETAS,LABORATORIOS SIEGFRIED S.A.,https://mav.farmaciasaas.com/api/images/articulos/DISTRIBUCION/52503.jpg,6,1
APLACAL 750 MG,39069,ME42367,APLACAL 750 mg X 80 TABLETAS MASTICABLES SABOR A MANDARINA,,TABLETAS,LABORATORIOS SIEGFRIED S.A.,,6,1
"ARANDA 2,5 MG - 50 MG",37485,ME37211/2,"ARANDA 2,5 mg - 50 mg X 10 CAPSULAS",Losartan,CAPSULAS,ACHE LABORATORIOS FARMACEUTICOS S.A.,https://mav.farmaciasaas.com/api/images/articulos/DISTRIBUCION/27227.jpg,2,1
"ARANDA 2,5 MG - 50 MG",37486,ME37211/3,"ARANDA 2,5 mg - 50 mg X 30 CAPSULAS",Losartan,CAPSULAS,ACHE LABORATORIOS FARMACEUTICOS S.A.,https://pccentro.net.ve/img/s/7/5/0/7/6/75076-large_default.webp,2,1
ARESAN 20 MG,37490,ME40810/3,ARESAN 20 mg X 30 TABLETAS RECUBIERTAS,,TABLETAS,"BIOTECH LABORATORIOS, C.A.",https://mav.farmaciasaas.com/api/images/articulos/DISTRIBUCION/22093.jpg,2,1
ARESAN 20 MG,37491,ME40810/2,ARESAN 20 mg X 10 TABLETAS RECUBIERTAS,,TABLETAS,"BIOTECH LABORATORIOS, C.A.",https://mav.farmaciasaas.com/api/images/articulos/DISTRIBUCION/51009.jpg,2,1
ARUDIL 15 MG,37493,ME41487/2,ARUDIL 15 mg X 10 TABLETAS RECUBIERTAS,Rivaroxaban,TABLETAS,LABORATORIOS FARMA S.A.,https://mav.farmaciasaas.com/api/images/articulos/DISTRIBUCION/19965.jpg,2,1
ARUDIL 15 MG,37494,ME41487/3,ARUDIL 15 mg X 30 TABLETAS RECUBIERTAS,Rivaroxaban,TABLETAS,LABORATORIOS FARMA S.A.,https://mav.farmaciasaas.com/api/images/articulos/DISTRIBUCION/19966.jpg,2,1
ARUDIL 20 MG,37495,ME41488/2,ARUDIL 20 mg X 10 TABLETAS RECUBIERTAS,Rivaroxaban,TABLETAS,LABORATORIOS FARMA S.A.,https://mav.farmaciasaas.com/api/images/articulos/DISTRIBUCION/19058.jpg,2,1
ARUDIL 20 MG,37496,ME41488/3,ARUDIL 20 mg X 30 TABLETAS RECUBIERTAS,Rivaroxaban,TABLETAS,LABORATORIOS FARMA S.A.,https://mav.farmaciasaas.com/api/images/articulos/DISTRIBUCION/19059.jpg,2,1
ASAPROL 81 MG,37497,ME32453/3,ASAPROL 81 mg X 100 COMPRIMIDOS ENTERICOS,,COMPRIMIDOS,"LABORATORIOS LETI, S.A.V.",https://mav.farmaciasaas.com/api/images/articulos/DISTRIBUCION/9092.jpg,2,1
ASAPROL 81 MG,37498,ME32453/2,ASAPROL 81 mg X 40 COMPRIMIDOS ENTERICOS,,COMPRIMIDOS,"LABORATORIOS LETI, S.A.V.",https://mav.farmaciasaas.com/api/images/articulos/DISTRIBUCION/99232.jpg,2,1
ASPRINIL 81 MG,37504,ME38676/2,ASPRINIL 81 mg X 40 TABLETAS CON RECUBRIMIENTO ENTERICO,,TABLETAS,"BIOTECH LABORATORIOS, C.A.",https://mav.farmaciasaas.com/api/images/articulos/DISTRIBUCION/53383.jpg,2,1
ASPRINIL 81 MG,37505,ME38676/3,ASPRINIL 81 mg X 100 TABLETAS CON RECUBRIMIENTO ENTERICO,,TABLETAS,"BIOTECH LABORATORIOS, C.A.",https://mav.farmaciasaas.com/api/images/articulos/DISTRIBUCION/51425.jpg,2,1
ATAMEL 500 MG,37508,ME19621/2,ATAMEL 500 mg X 10 TABLETAS,Acetaminofen,TABLETAS,"CALOX INTERNATIONAL, C.A.",https://pccentro.net.ve/img/s/8/7/8/2/6/87826-large_default.webp,2,1
ATAMEL 500 MG,37509,ME19621/3,ATAMEL 500 mg X 20 TABLETAS,Acetaminofen,TABLETAS,"CALOX INTERNATIONAL, C.A.",https://mav.farmaciasaas.com/api/images/articulos/DISTRIBUCION/3692.jpg,2,1
ATENOLOL 100 MG,37511,ME42297,ATENOLOL 100 mg X 30 COMPRIMIDOS,Atenolol,COMPRIMIDOS,"BLUEPHARMA - INDUSTRIA FARMACEUTICA, S.A.",https://mav.farmaciasaas.com/api/images/articulos/DISTRIBUCION/25093.jpg,2,2
ATENOLOL 100 MG,37512,ME25816,ATENOLOL 100 mg X 30 TABLETAS,Atenolol,TABLETAS,"CALOX INTERNATIONAL, C.A.",https://pccentro.net.ve/img/s/2/3/7/6/5/23765-large_default.webp,2,2
ATENOLOL 50 MG,37513,ME25817,ATENOLOL 50 mg X 30 TABLETAS,Atenolol,TABLETAS,"CALOX INTERNATIONAL, C.A.",https://mav.farmaciasaas.com/api/images/articulos/DISTRIBUCION/23700.jpg,3,3
ATENOLOL 50 MG,37514,ME25982,ATENOLOL 50 mg X 30 COMPRIMIDOS,Atenolol,COMPRIMIDOS,"LABORATORIOS LETI, S.A.V.",https://mav.farmaciasaas.com/api/images/articulos/DISTRIBUCION/3028.jpg,3,3
ATENOLOL 50 MG,39083,ME27910,ATENOLOL 50 mg X 30 COMPRIMIDOS,Atenolol,COMPRIMIDOS,"LABORATORIOS KIMICEG, C.A.",https://pccentro.net.ve/img/s/9/5/1/1/6/95116-large_default.webp,3,3
ATORVACOF 20 MG,37515,ME39468/2,ATORVACOF 20 mg X 14 TABLETAS RECUBIERTAS,Atorvastatina,TABLETAS,"LABORATORIO COFASA, S.A.",https://mav.farmaciasaas.com/api/images/articulos/DISTRIBUCION/98600.jpg,2,1
ATORVACOF 20 MG,37516,ME39468/3,ATORVACOF 20 mg X 30 TABLETAS RECUBIERTAS,Atorvastatina,TABLETAS,"LABORATORIO COFASA, S.A.",https://pccentro.net.ve/img/s/3/4/7/9/7/34797-large_default.webp,2,1
ATORVASTATINA 20 MG,37517,ME32690/2,ATORVASTATINA 20 mg X 10 COMPRIMIDOS RECUBIERTOS,Atorvastatina,COMPRIMIDOS,"LABORATORIOS LETI, S.A.V.",https://mav.farmaciasaas.com/api/images/articulos/DISTRIBUCION/4070.jpg,6,4
ATORVASTATINA 20 MG,37518,ME32690/3,ATORVASTATINA 20 mg X 14 COMPRIMIDOS RECUBIERTOS,Atorvastatina,COMPRIMIDOS,"LABORATORIOS LETI, S.A.V.",https://mav.farmaciasaas.com/api/images/articulos/DISTRIBUCION/11565.jpg,6,4
ATORVASTATINA 20 MG,37519,ME32690/4,ATORVASTATINA 20 mg X 30 COMPRIMIDOS RECUBIERTOS,Atorvastatina,COMPRIMIDOS,"LABORATORIOS LETI, S.A.V.",https://mav.farmaciasaas.com/api/images/articulos/DISTRIBUCION/97977.jpg,6,4
ATORVASTATINA 20 MG,37521,ME36444,ATORVASTATINA 20 mg X 30 TABLETAS RECUBIERTAS,Atorvastatina,TABLETAS,"LABORATORIOS VALMOR, C.A.",https://mav.farmaciasaas.com/api/images/articulos/DISTRIBUCION/51293.jpg,6,4
ATORVASTATINA 20 MG,37522,ME37775,ATORVASTATINA 20 mg X 30 TABLETAS RECUBIERTAS,,TABLETAS,EMPRESA LABORATORIOS MEDSOL,https://mav.farmaciasaas.com/api/images/articulos/DISTRIBUCION/23795.jpg,6,4
ATORVASTATINA 20 MG,37525,ME32812,ATORVASTATINA 20 mg X 30 TABLETAS RECUBIERTAS,Atorvastatina,TABLETAS,"LABORATORIO LA SANTE, C.A.",https://pccentro.net.ve/img/s/3/4/7/9/7/34797-large_default.webp,6,4
ATORVASTATINA 40 MG,37520,ME35911,ATORVASTATINA 40 mg X 30 COMPRIMIDOS RECUBIERTOS,Atorvastatina,COMPRIMIDOS,"LABORATORIOS LETI, S.A.V.",https://mav.farmaciasaas.com/api/images/articulos/DISTRIBUCION/98292.jpg,4,3
ATORVASTATINA 40 MG,37523,ME35340/3,ATORVASTATINA 40 mg X 30 TABLETAS RECUBIERTAS,Atorvastatina,TABLETAS,LABORATORIOS FARMA S.A.,https://pccentro.net.ve/img/s/2/3/7/2/1/23721-large_default.webp,4,3
ATORVASTATINA 40 MG,37524,ME35340/2,ATORVASTATINA 40 mg X 14 TABLETAS RECUBIERTAS,Atorvastatina,TABLETAS,LABORATORIOS FARMA S.A.,https://mav.farmaciasaas.com/api/images/articulos/DISTRIBUCION/91726.jpg,4,3
ATORVASTATINA 40 MG,39087,ME39007,ATORVASTATINA 40 mg X 30 TABLETAS RECUBIERTAS,,TABLETAS,"LABORATORIOS VALMOR, C.A.",https://mav.farmaciasaas.com/api/images/articulos/DISTRIBUCION/51294.jpg,4,3
AZACARD 81 MG,37537,ME33685/2,AZACARD 81 mg X 30 TABLETAS CON CUBIERTA ENTERICA,,TABLETAS,"LABORATORIOS L.O. OFTALMI, C.A.",https://mav.farmaciasaas.com/api/images/articulos/DISTRIBUCION/4756.jpg,3,1
AZACARD 81 MG,37538,ME33685/3,AZACARD 81 mg X 60 TABLETAS CON CUBIERTA ENTERICA,,TABLETAS,"LABORATORIOS L.O. OFTALMI, C.A.",https://mav.farmaciasaas.com/api/images/articulos/DISTRIBUCION/4694.jpg,3,1
AZACARD 81 MG,37539,ME33685/4,AZACARD 81 mg X 100 TABLETAS CON CUBIERTA ENTERICA,,TABLETAS,"LABORATORIOS L.O. OFTALMI, C.A.",https://mav.farmaciasaas.com/api/images/articulos/DISTRIBUCION/53427.jpg,3,1
AZIMAKROL 1 G,37540,ME36378/2,AZIMAKROL 1 g X 2 COMPRIMIDOS RECUBIERTOS,Azitromicina,COMPRIMIDOS,MEGALABS S.A.,https://mav.farmaciasaas.com/api/images/articulos/DISTRIBUCION/91098.jpg,2,1
AZIMAKROL 1 G,37541,ME36378/3,AZIMAKROL 1 g X 5 COMPRIMIDOS RECUBIERTOS,Azitromicina,COMPRIMIDOS,MEGALABS S.A.,https://mav.farmaciasaas.com/api/images/articulos/DISTRIBUCION/54042.jpg,2,1
AZITRODEX 500 MG,37542,ME36516/2,AZITRODEX 500 mg X 3 TABLETAS RECUBIERTAS,Azitromicina,TABLETAS,"LABORATORIO PLUSANDEX DE FARMACEUTICOS UNIDOS, PLUSANDEX, C.A.",https://mav.farmaciasaas.com/api/images/articulos/DISTRIBUCION/92796.jpg,2,1
AZITRODEX 500 MG,37543,ME36516/3,AZITRODEX 500 mg X 5 TABLETAS RECUBIERTAS,Azitromicina,TABLETAS,"LABORATORIO PLUSANDEX DE FARMACEUTICOS UNIDOS, PLUSANDEX, C.A.",https://mav.farmaciasaas.com/api/images/articulos/DISTRIBUCION/94416.jpg,2,1
AZITROMICINA 500MG,37544,ME31564/3,AZITROMICINA 500mg X 5 COMPRIMIDOS RECUBIERTOS,Azitromicina,COMPRIMIDOS,"LABORATORIOS SPEFAR VENEZOLANOS, S.A.",https://mav.farmaciasaas.com/api/images/articulos/DISTRIBUCION/6090.jpg,2,1
AZITROMICINA 500MG,37545,ME31564/2,AZITROMICINA 500mg X 3 COMPRIMIDOS RECUBIERTOS,Azitromicina,COMPRIMIDOS,"LABORATORIOS SPEFAR VENEZOLANOS, S.A.",https://mav.farmaciasaas.com/api/images/articulos/DISTRIBUCION/11009.jpg,2,1
AZITROMICINA 500 MG,37547,ME42465,AZITROMICINA 500 mg X 5 TABLETAS RECUBIERTAS,,TABLETAS,COOPER PHARMA LTD,https://mav.farmaciasaas.com/api/images/articulos/DISTRIBUCION/20504.jpg,3,3
AZITROMICINA 500 MG,37548,ME34643,AZITROMICINA 500 mg X 5 TABLETAS RECUBIERTAS,Azitromicina,TABLETAS,"LABORATORIOS VALMOR, C.A.",,3,3
AZITROMICINA 500 MG,39437,ME36689,AZITROMICINA 500 mg X 3 TABLETA RECUBIERTA,Azitromicina,TABLETAS,"CORPORACION INFARMASA, S.A.",,3,3
"BENZODIAZOL 0,25 MG - 5 MG",37562,ME16799,"BENZODIAZOL 0,25 mg - 5 mg X 16 PASTILLAS SABOR A MENTA",Decualinio - Lidocaina,PASTILLA,LABORATORIOS SIEGFRIED S.A.,,3,1
"BENZODIAZOL 0,25 MG - 5 MG",37563,ME33045/2,"BENZODIAZOL 0,25 mg - 5 mg X 4 PASTILLAS SABOR A TUTTI FRUTTI",,PASTILLA,LABORATORIOS SIEGFRIED S.A.,,3,1
"BENZODIAZOL 0,25 MG - 5 MG",37564,ME33045/3,"BENZODIAZOL 0,25 mg - 5 mg X 16 PASTILLAS SABOR A TUTTI FRUTTI",,PASTILLA,LABORATORIOS SIEGFRIED S.A.,,3,1
BETAMETASONA 4MG/ML,37573,HO36271/2,BETAMETASONA 4mg/mL X 1 AMPOLLAS,Betametasona,INYECTABLE,"PHARMAYECT, S.A.",https://mav.farmaciasaas.com/api/images/articulos/DISTRIBUCION/2117.jpg,2,1
BETAMETASONA 4MG/ML,37574,HO36271/3,BETAMETASONA 4mg/mL X 10 AMPOLLAS,Betametasona,INYECTABLE,"PHARMAYECT, S.A.",https://pccentro.net.ve/img/s/8/9/7/6/7/89767-large_default.webp,2,1
"BIOTALOL 2,5 MG",37580,ME38247/2,"BIOTALOL 2,5 mg X 10 COMPRIMIDOS RECUBIERTOS",,COMPRIMIDOS,"LABORATORIOS LETI, S.A.V.",https://mav.farmaciasaas.com/api/images/articulos/DISTRIBUCION/30302.jpg,2,1
"BIOTALOL 2,5 MG",37581,ME38247/3,"BIOTALOL 2,5 mg X 30 COMPRIMIDOS RECUBIERTOS",,COMPRIMIDOS,"LABORATORIOS LETI, S.A.V.",https://mav.farmaciasaas.com/api/images/articulos/DISTRIBUCION/98616.jpg,2,1
"BIPROLIL HCT 5 MG - 6,25 MG",37585,ME44259/3,"BIPROLIL HCT 5 mg - 6,25 mg X 30 COMPRIMIDOS RECUBIERTOS",Bisoprolol - Hidroclorotiazida,COMPRIMIDOS,"LABORATORIOS VARGAS, S.A.",https://mav.farmaciasaas.com/api/images/articulos/DISTRIBUCION/54525.jpg,2,1
"BIPROLIL HCT 5 MG - 6,25 MG",37586,ME44259/2,"BIPROLIL HCT 5 mg - 6,25 mg X 15 COMPRIMIDOS RECUBIERTOS",Bisoprolol - Hidroclorotiazida,COMPRIMIDOS,"LABORATORIOS VARGAS, S.A.",,2,1
"BISOPROLOL FUMARATO 2,5 MG",37590,ME39140,"BISOPROLOL FUMARATO 2,5 mg X 30 COMPRIMIDOS RECUBIERTOS",Bisoprolol,COMPRIMIDOS,"LABORATORIOS LETI, S.A.V.",https://mav.farmaciasaas.com/api/images/articulos/DISTRIBUCION/98667.jpg,2,2
"BISOPROLOL FUMARATO 2,5 MG",39106,ME39139,"BISOPROLOL FUMARATO 2,5 mg X 30 TABLETAS RECUBIERTAS",Bisoprolol,TABLETAS,"CALOX INTERNATIONAL, C.A.",https://mav.farmaciasaas.com/api/images/articulos/DISTRIBUCION/97002.jpg,2,2
BISOPROLOL FUMARATO 10 MG,37592,ME42421,BISOPROLOL FUMARATO 10 mg X 30 COMPRIMIDOS RECUBIERTOS,Bisoprolol,COMPRIMIDOS,"LABORATORIOS SPEFAR VENEZOLANOS, S.A.",https://mav.farmaciasaas.com/api/images/articulos/DISTRIBUCION/21371.jpg,2,2
BISOPROLOL FUMARATO 10 MG,37593,ME43801,BISOPROLOL FUMARATO 10 mg X 30 TABLETAS RECUBIERTAS,Bisoprolol,TABLETAS,"CALOX INTERNATIONAL, C.A.",https://mav.farmaciasaas.com/api/images/articulos/DISTRIBUCION/53140.jpg,2,2
"BLOCAX PLUS 16 MG - 12,5 MG",37596,ME40147/2,"BLOCAX PLUS 16 mg - 12,5 mg X 10 TABLETAS",Candesartan Cilexetilo - Hidroclorotiazida,TABLETAS,"BIOTECH LABORATORIOS, C.A.",https://mav.farmaciasaas.com/api/images/articulos/DISTRIBUCION/99775.jpg,2,1
"BLOCAX PLUS 16 MG - 12,5 MG",37597,ME40147/3,"BLOCAX PLUS 16 mg - 12,5 mg X 30 TABLETAS",Candesartan Cilexetilo - Hidroclorotiazida,TABLETAS,"BIOTECH LABORATORIOS, C.A.",https://mav.farmaciasaas.com/api/images/articulos/DISTRIBUCION/19969.jpg,2,1
BLOCAX 8 MG,37598,ME41273/2,BLOCAX 8 mg X 10 TABLETAS,Candesartan Cilexetilo,TABLETAS,"BIOTECH LABORATORIOS, C.A.",https://mav.farmaciasaas.com/api/images/articulos/DISTRIBUCION/13408.jpg,2,1
BLOCAX 8 MG,37599,ME41273/3,BLOCAX 8 mg X 30 TABLETAS,Candesartan Cilexetilo,TABLETAS,"BIOTECH LABORATORIOS, C.A.",https://mav.farmaciasaas.com/api/images/articulos/DISTRIBUCION/15065.jpg,2,1
BRASARTAN 80 MG,37601,ME35863,BRASARTAN 80 mg X 30 TABLETAS RECUBIERTAS,Valsartan,TABLETAS,LABORATORIOS FARMA S.A.,https://mav.farmaciasaas.com/api/images/articulos/DISTRIBUCION/19231.jpg,2,1
BRASARTAN 80 MG,39115,ME41912,BRASARTAN 80 mg X 30 CAPSULAS,Valsartan,CAPSULAS,LABORATORIOS FARMA S.A.,https://pccentro.net.ve/img/s/7/4/7/5/8/74758-large_default.webp,2,1
"BRASARTAN CTDN 80 MG - 12,5 MG",37602,ME42224/2,"BRASARTAN CTDN 80 mg - 12,5 mg X 10 TABLETAS RECUBIERTAS",Clortalidona - Valsartan,TABLETAS,LABORATORIOS FARMA S.A.,https://pccentro.net.ve/img/s/2/3/8/4/2/23842-large_default.webp,2,1
"BRASARTAN CTDN 80 MG - 12,5 MG",37603,ME42224/3,"BRASARTAN CTDN 80 mg - 12,5 mg X 30 TABLETAS RECUBIERTAS",Clortalidona - Valsartan,TABLETAS,LABORATORIOS FARMA S.A.,https://mav.farmaciasaas.com/api/images/articulos/DISTRIBUCION/22884.jpg,2,1
BRESIS 600 MG,37606,ME43812/2,BRESIS 600 mg X 20 COMPRIMIDOS RECUBIERTOS,Diosmina,COMPRIMIDOS,MEGALABS S.A.,https://mav.farmaciasaas.com/api/images/articulos/DISTRIBUCION/54187.jpg,2,1
BRESIS 600 MG,37607,ME43812/3,BRESIS 600 mg X 30 COMPRIMIDOS RECUBIERTOS,Diosmina,COMPRIMIDOS,MEGALABS S.A.,https://mav.farmaciasaas.com/api/images/articulos/DISTRIBUCION/53310.jpg,2,1
BUMELEX 1 MG,37629,ME22582/3,BUMELEX 1 mg X 30 COMPRIMIDOS,Bumetanida,COMPRIMIDOS,MEGALABS S.A.,https://mav.farmaciasaas.com/api/images/articulos/DISTRIBUCION/50048.jpg,2,1
BUMELEX 1 MG,37630,ME22582/2,BUMELEX 1 mg X 16 COMPRIMIDOS,Bumetanida,COMPRIMIDOS,MEGALABS S.A.,https://mav.farmaciasaas.com/api/images/articulos/DISTRIBUCION/1999.jpg,2,1
BUTAL 8 MG,37633,ME43035/3,BUTAL 8 mg X 20 TABLETAS RECUBIERTAS,Betahistina,TABLETAS,LABORATORIOS SIEGFRIED S.A.,https://mav.farmaciasaas.com/api/images/articulos/DISTRIBUCION/52802.jpg,2,1
BUTAL 8 MG,37634,ME43035/2,BUTAL 8 mg X 10 TABLETAS RECUBIERTAS,Betahistina,TABLETAS,LABORATORIOS SIEGFRIED S.A.,https://pccentro.net.ve/img/s/5/7/7/1/1/57711-large_default.webp,2,1
VITAMINA C - ZINC 500 MG - 15 MG,37638,ME42932/4,VITAMINA C - ZINC 500 mg - 15 mg X 60 TABLETAS MASTICABLES SABOR A MANDARINA,Ascorbico Acido - Zinc,TABLETAS,BIONUTREC S.A.S.,,3,1
VITAMINA C - ZINC 500 MG - 15 MG,37639,ME42932/3,VITAMINA C - ZINC 500 mg - 15 mg X 30 TABLETAS MASTICABLES SABOR A MANDARINA,Ascorbico Acido - Zinc,TABLETAS,BIONUTREC S.A.S.,,3,1
VITAMINA C - ZINC 500 MG - 15 MG,37640,ME42932/2,VITAMINA C - ZINC 500 mg - 15 mg X 10 TABLETAS MASTICABLES SABOR A MANDARINA,Ascorbico Acido - Zinc,TABLETAS,BIONUTREC S.A.S.,https://mav.farmaciasaas.com/api/images/articulos/DISTRIBUCION/52152.jpg,3,1
CALMOX 15 MG,37642,ME30823/2,CALMOX 15 mg X 10 TABLETAS,Meloxicam,TABLETAS,LABORATORIOS SIEGFRIED S.A.,https://mav.farmaciasaas.com/api/images/articulos/DISTRIBUCION/644.jpg,2,1
CALMOX 15 MG,37643,ME30823/3,CALMOX 15 mg X 20 TABLETAS,Meloxicam,TABLETAS,LABORATORIOS SIEGFRIED S.A.,https://mav.farmaciasaas.com/api/images/articulos/DISTRIBUCION/24411.jpg,2,1
CALOXPIRINA 81 MG,37645,ME36763/2,CALOXPIRINA 81 mg X 30 TABLETAS ENTERICAS,,TABLETAS,"CALOX INTERNATIONAL, C.A.",https://mav.farmaciasaas.com/api/images/articulos/DISTRIBUCION/92195.jpg,2,1
CALOXPIRINA 81 MG,37646,ME36763/3,CALOXPIRINA 81 mg X 100 TABLETAS ENTERICAS,,TABLETAS,"CALOX INTERNATIONAL, C.A.",https://mav.farmaciasaas.com/api/images/articulos/DISTRIBUCION/29545.jpg,2,1
"CANDER HCT 16 MG - 12,5 MG",37649,ME40363/3,"CANDER HCT 16 mg - 12,5 mg X 30 TABLETAS",,TABLETAS,"LABORATORIOS VALMOR, C.A.",https://mav.farmaciasaas.com/api/images/articulos/DISTRIBUCION/99153.jpg,2,1
"CANDER HCT 16 MG - 12,5 MG",37650,ME40363/2,"CANDER HCT 16 mg - 12,5 mg X 10 TABLETAS",,TABLETAS,"LABORATORIOS VALMOR, C.A.",,2,1
CANDER 32 MG,37651,ME41061/3,CANDER 32 mg X 30 TABLETAS,Candesartan,TABLETAS,"LABORATORIOS VALMOR, C.A.",https://mav.farmaciasaas.com/api/images/articulos/DISTRIBUCION/14972.jpg,2,1
CANDER 32 MG,37652,ME41061/2,CANDER 32 mg X 15 TABLETAS,Candesartan,TABLETAS,"LABORATORIOS VALMOR, C.A.",https://mav.farmaciasaas.com/api/images/articulos/DISTRIBUCION/51481.jpg,2,1
CANDER 8 MG,37653,ME37346/2,CANDER 8 mg X 10 TABLETAS,Candesartan,TABLETAS,"LABORATORIOS VALMOR, C.A.",https://mav.farmaciasaas.com/api/images/articulos/DISTRIBUCION/50515.jpg,2,1
CANDER 8 MG,37654,ME37346/3,CANDER 8 mg X 30 TABLETAS,Candesartan,TABLETAS,"LABORATORIOS VALMOR, C.A.",https://pccentro.net.ve/img/s/8/3/8/3/5/83835-large_default.webp,2,1
CANDESARTAN 8 MG,37657,ME32214/2,CANDESARTAN 8 mg X 10 COMPRIMIDOS,Candesartan,COMPRIMIDOS,"LABORATORIOS LETI, S.A.V.",https://mav.farmaciasaas.com/api/images/articulos/DISTRIBUCION/51789.jpg,3,2
CANDESARTAN 8 MG,37658,ME32214/3,CANDESARTAN 8 mg X 30 COMPRIMIDOS,Candesartan,COMPRIMIDOS,"LABORATORIOS LETI, S.A.V.",https://mav.farmaciasaas.com/api/images/articulos/DISTRIBUCION/14216.jpg,3,2
CANDESARTAN 8 MG,37663,ME37841,CANDESARTAN 8 mg X 30 TABLETAS,,TABLETAS,"LABORATORIO LA SANTE, C.A.",https://mav.farmaciasaas.com/api/images/articulos/DISTRIBUCION/28516.jpg,3,2
CANDESARTAN CILEXETIL 16 MG,37659,ME35007/3,CANDESARTAN CILEXETIL 16 mg X 28 TABLETAS,Candesartan,TABLETAS,"LABORATORIOS VALMOR, C.A.",https://mav.farmaciasaas.com/api/images/articulos/DISTRIBUCION/53248.jpg,3,1
CANDESARTAN CILEXETIL 16 MG,37660,ME35007/2,CANDESARTAN CILEXETIL 16 mg X 10 TABLETAS,Candesartan,TABLETAS,"LABORATORIOS VALMOR, C.A.",https://pccentro.net.ve/img/s/2/4/1/9/0/24190-large_default.webp,3,1
CANDESARTAN CILEXETIL 16 MG,37661,ME35007/4,CANDESARTAN CILEXETIL 16 mg X 30 TABLETAS,Candesartan,TABLETAS,"LABORATORIOS VALMOR, C.A.",https://mav.farmaciasaas.com/api/images/articulos/DISTRIBUCION/51918.jpg,3,1
CAPTOPRIL 25 MG,37669,ME25978/3,CAPTOPRIL 25 mg X 30 COMPRIMIDOS,Captopril,COMPRIMIDOS,"LABORATORIOS LETI, S.A.V.",https://mav.farmaciasaas.com/api/images/articulos/DISTRIBUCION/97972.jpg,6,3
CAPTOPRIL 25 MG,37670,ME25978/2,CAPTOPRIL 25 mg X 20 COMPRIMIDOS,Captopril,COMPRIMIDOS,"LABORATORIOS LETI, S.A.V.",https://mav.farmaciasaas.com/api/images/articulos/DISTRIBUCION/2719.jpg,6,3
CAPTOPRIL 25 MG,37671,ME25738/2,CAPTOPRIL 25 mg X 20 TABLETAS,Captopril,TABLETAS,"CALOX INTERNATIONAL, C.A.",https://pccentro.net.ve/img/s/5/2/6/4/3/52643-large_default.webp,6,3
CAPTOPRIL 25 MG,37672,ME25738/3,CAPTOPRIL 25 mg X 30 TABLETAS,Captopril,TABLETAS,"CALOX INTERNATIONAL, C.A.",https://mav.farmaciasaas.com/api/images/articulos/DISTRIBUCION/99739.jpg,6,3
CAPTOPRIL 25 MG,39122,ME28953/3,CAPTOPRIL 25 mg X 30 TABLETAS,Captopril,TABLETAS,"LABORATORIOS KIMICEG, C.A.",https://pccentro.net.ve/img/s/5/2/6/4/3/52643-large_default.webp,6,3
CAPTOPRIL 25 MG,39123,ME28953/2,CAPTOPRIL 25 mg X 20 TABLETAS,Captopril,TABLETAS,"LABORATORIOS KIMICEG, C.A.",https://pccentro.net.ve/img/s/5/2/6/4/3/52643-large_default.webp,6,3
CARBAMAZEPINA 200 MG,37674,ME27075,CARBAMAZEPINA 200 mg X 30 COMPRIMIDOS,Carbamazepina,COMPRIMIDOS,"LABORATORIOS LETI, S.A.V.",https://mav.farmaciasaas.com/api/images/articulos/DISTRIBUCION/99338.jpg,6,4
CARBAMAZEPINA 200 MG,37675,ME24815/4,CARBAMAZEPINA 200 mg X 30 COMPRIMIDOS,Carbamazepina,COMPRIMIDOS,"LABORATORIOS VALMOR, C.A.",https://mav.farmaciasaas.com/api/images/articulos/DISTRIBUCION/51392.jpg,6,4
CARBAMAZEPINA 200 MG,37676,ME24815/2,CARBAMAZEPINA 200 mg X 10 COMPRIMIDOS,Carbamazepina,COMPRIMIDOS,"LABORATORIOS VALMOR, C.A.",https://mav.farmaciasaas.com/api/images/articulos/DISTRIBUCION/52560.jpg,6,4
CARBAMAZEPINA 200 MG,37677,ME24815/3,CARBAMAZEPINA 200 mg X 20 COMPRIMIDOS,Carbamazepina,COMPRIMIDOS,"LABORATORIOS VALMOR, C.A.",https://mav.farmaciasaas.com/api/images/articulos/DISTRIBUCION/20947.jpg,6,4
CARBAMAZEPINA 200 MG,37678,ME28957,CARBAMAZEPINA 200 mg X 30 TABLETAS,Carbamazepina,TABLETAS,ESPROMED BIO C.A.,https://mav.farmaciasaas.com/api/images/articulos/DISTRIBUCION/20705.jpg,6,4
CARBAMAZEPINA 200 MG,37679,ME43783,CARBAMAZEPINA 200 mg X 30 TABLETAS,Carbamazepina,TABLETAS,"JIANGXI SYNERGY PHARMACEUTICAL CO., LTD",https://pccentro.net.ve/img/s/7/8/6/4/2/78642-large_default.webp,6,4
"CARBATIL 12,5 MG",37681,ME33422/3,"CARBATIL 12,5 mg X 30 TABLETAS",Carvedilol,TABLETAS,"BIOTECH LABORATORIOS, C.A.",https://mav.farmaciasaas.com/api/images/articulos/DISTRIBUCION/6143.jpg,2,1
"CARBATIL 12,5 MG",37682,ME33422/2,"CARBATIL 12,5 mg X 10 TABLETAS",Carvedilol,TABLETAS,"BIOTECH LABORATORIOS, C.A.",https://pccentro.net.ve/img/s/8/3/8/7/5/83875-large_default.webp,2,1
CARBONATO DE LITIO 300 MG,37684,ME32430,CARBONATO DE LITIO 300 mg X 20 CAPSULAS,Litio,CAPSULAS,"BIOTECH LABORATORIOS, C.A.",https://mav.farmaciasaas.com/api/images/articulos/DISTRIBUCION/4553.jpg,2,2
CARBONATO DE LITIO 300 MG,37685,ME1642,CARBONATO DE LITIO 300 mg X 20 CAPSULAS,Litio,CAPSULAS,"INDUSTRIAS DE MEDICAMENTOS GENERICOS R.X., C.A.",https://pccentro.net.ve/img/s/7/2/5/9/3/72593-large_default.webp,2,2
"CARVEDILOL 12,5 MG",37691,ME31747,"CARVEDILOL 12,5 mg X 30 COMPRIMIDOS",Carvedilol,COMPRIMIDOS,"LABORATORIOS LETI, S.A.V.",https://mav.farmaciasaas.com/api/images/articulos/DISTRIBUCION/24421.jpg,3,2
"CARVEDILOL 12,5 MG",39128,ME35571/2,"CARVEDILOL 12,5 mg X 20 TABLETAS RECUBIERTAS",Carvedilol,TABLETAS,"LABORATORIOS KIMICEG, C.A.",https://mav.farmaciasaas.com/api/images/articulos/DISTRIBUCION/24657.jpg,3,2
"CARVEDILOL 12,5 MG",39129,ME35571/3,"CARVEDILOL 12,5 mg X 30 TABLETAS RECUBIERTAS",Carvedilol,TABLETAS,"LABORATORIOS KIMICEG, C.A.",https://pccentro.net.ve/img/s/8/3/8/7/5/83875-large_default.webp,3,2
"CARVEDILOL 6,5MG",37692,ME38916/3,"CARVEDILOL 6,5mg X 15 TABLETAS",Carvedilol,TABLETAS,"OKASA PHARMA,PVT,LTDA.",,5,1
"CARVEDILOL 6,5MG",37693,ME38916/6,"CARVEDILOL 6,5mg X 30 TABLETAS",Carvedilol,TABLETAS,"OKASA PHARMA,PVT,LTDA.",,5,1
"CARVEDILOL 6,5MG",37694,ME38916/4,"CARVEDILOL 6,5mg X 20 TABLETAS",Carvedilol,TABLETAS,"OKASA PHARMA,PVT,LTDA.",,5,1
"CARVEDILOL 6,5MG",37695,ME38916/2,"CARVEDILOL 6,5mg X 14 TABLETAS",Carvedilol,TABLETAS,"OKASA PHARMA,PVT,LTDA.",,5,1
"CARVEDILOL 6,5MG",37696,ME38916/5,"CARVEDILOL 6,5mg X 28 TABLETAS",Carvedilol,TABLETAS,"OKASA PHARMA,PVT,LTDA.",,5,1
CARVEDILOL 25 MG,37697,ME31748/3,CARVEDILOL 25 mg X 30 COMPRIMIDOS,Carvedilol,COMPRIMIDOS,"LABORATORIOS LETI, S.A.V.",https://mav.farmaciasaas.com/api/images/articulos/DISTRIBUCION/53573.jpg,5,3
CARVEDILOL 25 MG,37698,ME31748/2,CARVEDILOL 25 mg X 15 COMPRIMIDOS,Carvedilol,COMPRIMIDOS,"LABORATORIOS LETI, S.A.V.",https://pccentro.net.ve/img/s/8/3/8/7/9/83879-large_default.webp,5,3
CARVEDILOL 25 MG,37701,ME36321/2,CARVEDILOL 25 mg X 14 TABLETAS RECUBIERTAS,Carvedilol,TABLETAS,"CALOX INTERNATIONAL, C.A.",https://pccentro.net.ve/img/s/8/3/8/7/9/83879-large_default.webp,5,3
CARVEDILOL 25 MG,37702,ME36321/3,CARVEDILOL 25 mg X 28 TABLETAS RECUBIERTAS,Carvedilol,TABLETAS,"CALOX INTERNATIONAL, C.A.",https://mav.farmaciasaas.com/api/images/articulos/DISTRIBUCION/30061.jpg,5,3
CARVEDILOL 25 MG,39130,ME40369,CARVEDILOL 25 mg X 20 TABLETAS RECUBIERTAS,Carvedilol,TABLETAS,"LABORATORIOS KIMICEG, C.A.",https://mav.farmaciasaas.com/api/images/articulos/DISTRIBUCION/24436.jpg,5,3
"CARVEDILOL 6,25 MG",37699,ME35572/3,"CARVEDILOL 6,25 mg X 30 TABLETAS RECUBIERTAS",Carvedilol,TABLETAS,"LABORATORIOS KIMICEG, C.A.",https://mav.farmaciasaas.com/api/images/articulos/DISTRIBUCION/98456.jpg,2,1
"CARVEDILOL 6,25 MG",37700,ME35572/2,"CARVEDILOL 6,25 mg X 20 TABLETAS RECUBIERTAS",Carvedilol,TABLETAS,"LABORATORIOS KIMICEG, C.A.",https://mav.farmaciasaas.com/api/images/articulos/DISTRIBUCION/9486.jpg,2,1
CEFADROXILO 500 MG,37704,ME30368,CEFADROXILO 500 mg X 10 CAPSULAS,,CAPSULAS,FARMACOOP LTDA.,https://mav.farmaciasaas.com/api/images/articulos/DISTRIBUCION/28517.jpg,4,4
CEFADROXILO 500 MG,37705,ME27532,CEFADROXILO 500 mg X 10 CAPSULAS,Cefadroxilo,CAPSULAS,SYNTOFARMA S.A.,https://mav.farmaciasaas.com/api/images/articulos/DISTRIBUCION/23703.jpg,4,4
CEFADROXILO 500 MG,37706,ME28103,CEFADROXILO 500 mg X 10 CAPSULAS,Cefadroxilo,CAPSULAS,"LABORATORIOS LETI, S.A.V.",https://mav.farmaciasaas.com/api/images/articulos/DISTRIBUCION/22822.jpg,4,4
CEFADROXILO 500 MG,37708,ME42857,CEFADROXILO 500 mg X 10 TABLETAS,Cefadroxilo,TABLETAS,MARS REMEDIES PVT. LTD.,https://mav.farmaciasaas.com/api/images/articulos/DISTRIBUCION/53295.jpg,4,4
CEFIXIMA 400 MG,37712,ME40533,CEFIXIMA 400 mg X 5 CAPSULAS,Cefixima,CAPSULAS,"LABORATORIOS LETI, S.A.V.",https://mav.farmaciasaas.com/api/images/articulos/DISTRIBUCION/29896.jpg,3,3
CEFIXIMA 400 MG,37714,ME44329,CEFIXIMA 400 mg X 5 TABLETAS RECUBIERTAS,Cefixima,TABLETAS,"CALOX INTERNATIONAL, C.A.",,3,3
CEFIXIMA 400 MG,37715,ME44129,CEFIXIMA 400 mg X 10 TABLETAS DISPERSABLES,Cefixima,TABLETAS,BAROQUE PHARMACEUTICALS PVT. LTD.,,3,3
CETIRIZINA 1 MG / ML SOLUCION ORAL,37729,ME32490,CETIRIZINA 1 mg / mL SOLUCION ORAL,Cetirizina,SOLUCION ORAL,"LABORATORIOS KIMICEG, C.A.",https://pccentro.net.ve/img/s/8/0/1/1/4/80114-large_default.webp,2,2
CETIRIZINA 1 MG / ML SOLUCION ORAL,39135,ME31589,CETIRIZINA 1 mg / mL SOLUCION ORAL,Cetirizina,SOLUCION ORAL,"LABORATORIOS LETI, S.A.V.",https://mav.farmaciasaas.com/api/images/articulos/DISTRIBUCION/1861.jpg,2,2
CIATAL 500 MG / 2 ML,37737,HO41522/2,CIATAL 500 mg / 2 mL X 1 AMPOLLAS,Citicolina,INYECTABLE,ROEMMERS S.A.I.C.F,https://mav.farmaciasaas.com/api/images/articulos/DISTRIBUCION/51327.jpg,2,1
CIATAL 500 MG / 2 ML,37738,HO41522/3,CIATAL 500 mg / 2 mL X 9 AMPOLLAS,Citicolina,INYECTABLE,ROEMMERS S.A.I.C.F,https://mav.farmaciasaas.com/api/images/articulos/DISTRIBUCION/25233.jpg,2,1
CIPROFLOXACINA 500 MG,37751,ME28283/3,CIPROFLOXACINA 500 mg X 14 TABLETAS RECUBIERTAS,,TABLETAS,"LABORATORIO LA SANTE, C.A.",,9,4
CIPROFLOXACINA 500 MG,37752,ME28283/2,CIPROFLOXACINA 500 mg X 6 TABLETAS RECUBIERTAS,,TABLETAS,"LABORATORIO LA SANTE, C.A.",https://mav.farmaciasaas.com/api/images/articulos/DISTRIBUCION/24680.jpg,9,4
CIPROFLOXACINA 500 MG,37755,ME27827/4,CIPROFLOXACINA 500 mg X 10 TABLETAS RECUBIERTAS,,TABLETAS,"CALOX INTERNATIONAL, C.A.",https://mav.farmaciasaas.com/api/images/articulos/DISTRIBUCION/20945.jpg,9,4
CIPROFLOXACINA 500 MG,37756,ME27827/3,CIPROFLOXACINA 500 mg X 6 TABLETAS RECUBIERTAS,,TABLETAS,"CALOX INTERNATIONAL, C.A.",,9,4
CIPROFLOXACINA 500 MG,37757,ME27827/5,CIPROFLOXACINA 500 mg X 14 TABLETAS RECUBIERTAS,,TABLETAS,"CALOX INTERNATIONAL, C.A.",https://mav.farmaciasaas.com/api/images/articulos/DISTRIBUCION/12057.jpg,9,4
CIPROFLOXACINA 500 MG,37758,ME27827/2,CIPROFLOXACINA 500 mg X 5 TABLETAS RECUBIERTAS,,TABLETAS,"CALOX INTERNATIONAL, C.A.",,9,4
CIPROFLOXACINA 500 MG,37759,ME26487/3,CIPROFLOXACINA 500 mg X 10 COMPRIMIDOS RECUBIERTOS,,COMPRIMIDOS,"LABORATORIOS LETI, S.A.V.",,9,4
CIPROFLOXACINA 500 MG,37760,ME26487/2,CIPROFLOXACINA 500 mg X 6 COMPRIMIDOS RECUBIERTOS,,COMPRIMIDOS,"LABORATORIOS LETI, S.A.V.",https://mav.farmaciasaas.com/api/images/articulos/DISTRIBUCION/1615.jpg,9,4
CIPROFLOXACINA 500 MG,39141,ME30837,CIPROFLOXACINA 500 mg X 6 TABLETAS RECUBIERTAS,,TABLETAS,"LABORATORIOS KIMICEG, C.A.",,9,4
CIPROFLOXACINO 500 MG,37761,ME42422,CIPROFLOXACINO 500 mg X 10 TABLETAS RECUBIERTAS,Ciprofloxacino,TABLETAS,SWISS PARENTERALS LTD,https://mav.farmaciasaas.com/api/images/articulos/DISTRIBUCION/50785.jpg,2,2
CIPROFLOXACINO 500 MG,37762,ME30890,CIPROFLOXACINO 500 mg X 14 TABLETAS RECUBIERTAS,,TABLETAS,"LABORATORIOS VALMOR, C.A.",https://mav.farmaciasaas.com/api/images/articulos/DISTRIBUCION/54467.jpg,2,2
CITICOLINA 500 MG,37764,ME41565/2,CITICOLINA 500 mg X 10 TABLETAS RECUBIERTAS,Citicolina,TABLETAS,"CALOX INTERNATIONAL, C.A.",https://mav.farmaciasaas.com/api/images/articulos/DISTRIBUCION/9109.jpg,3,2
CITICOLINA 500 MG,37765,ME41565/3,CITICOLINA 500 mg X 30 TABLETAS RECUBIERTAS,Citicolina,TABLETAS,"CALOX INTERNATIONAL, C.A.",https://mav.farmaciasaas.com/api/images/articulos/DISTRIBUCION/22770.jpg,3,2
CITICOLINA 500 MG,39455,ME40067,CITICOLINA 500 mg X 30 COMPRIMIDOS RECUBIERTOS,Citicolina,COMPRIMIDOS,"LABORATORIOS LETI, S.A.V.",https://mav.farmaciasaas.com/api/images/articulos/DISTRIBUCION/53594.jpg,3,2
CITRATO DE CALCIO 1190 MG,37766,ME36822/3,CITRATO DE CALCIO 1190 mg X 60 TABLETAS MASTICABLES SABOR A MANDARINA,,TABLETAS,"CALOX INTERNATIONAL, C.A.",https://mav.farmaciasaas.com/api/images/articulos/DISTRIBUCION/23439.jpg,2,1
CITRATO DE CALCIO 1190 MG,37767,ME36822/2,CITRATO DE CALCIO 1190 mg X 30 TABLETAS MASTICABLES SABOR A MANDARINA,,TABLETAS,"CALOX INTERNATIONAL, C.A.",,2,1
"CLENBUNAL 0,020 MG",37772,ME23978/2,"CLENBUNAL 0,020 mg X 10 COMPRIMIDOS",,COMPRIMIDOS,MEGALABS S.A.,https://mav.farmaciasaas.com/api/images/articulos/DISTRIBUCION/7942.jpg,2,1
"CLENBUNAL 0,020 MG",37773,ME23978/3,"CLENBUNAL 0,020 mg X 20 COMPRIMIDOS",,COMPRIMIDOS,MEGALABS S.A.,https://mav.farmaciasaas.com/api/images/articulos/DISTRIBUCION/5981.jpg,2,1
CLINDAMICINA 300 MG,37783,ME44654,CLINDAMICINA 300 mg X 16 CAPSULAS,Clindamicina,CAPSULAS,"ANMOL HEALTHCARE LABORATORY PVT, LTD",,3,3
CLINDAMICINA 300 MG,37784,ME31466,CLINDAMICINA 300 mg X 20 CAPSULAS,Clindamicina,CAPSULAS,"LABORATORIO LA SANTE, C.A.",,3,3
CLINDAMICINA 300 MG,39144,ME42557,CLINDAMICINA 300 mg X 16 CAPSULAS,Clindamicina,CAPSULAS,"LABORATORIOS SPEFAR VENEZOLANOS, S.A.",,3,3
"CLONIDINA CLORHIDRATO 0,150 MG / ML",37794,HO31483/2,"CLONIDINA CLORHIDRATO 0,150 mg / mL X 2 AMPOLLAS",,INYECTABLE,"LABORATORIOS VALMOR, C.A.",https://mav.farmaciasaas.com/api/images/articulos/DISTRIBUCION/2086.jpg,2,1
"CLONIDINA CLORHIDRATO 0,150 MG / ML",37795,HO31483/3,"CLONIDINA CLORHIDRATO 0,150 mg / mL X 30 AMPOLLAS",,INYECTABLE,"LABORATORIOS VALMOR, C.A.",,2,1
CLOPIDOGREL 75 MG,37801,ME34084/2,CLOPIDOGREL 75 mg X 14 COMPRIMIDOS RECUBIERTOS,Clopidogrel,COMPRIMIDOS,"LABORATORIOS LETI, S.A.V.",https://mav.farmaciasaas.com/api/images/articulos/DISTRIBUCION/52340.jpg,7,5
CLOPIDOGREL 75 MG,37802,ME34084/3,CLOPIDOGREL 75 mg X 20 COMPRIMIDOS RECUBIERTOS,Clopidogrel,COMPRIMIDOS,"LABORATORIOS LETI, S.A.V.",https://mav.farmaciasaas.com/api/images/articulos/DISTRIBUCION/51767.jpg,7,5
CLOPIDOGREL 75 MG,37803,ME34084/4,CLOPIDOGREL 75 mg X 30 COMPRIMIDOS RECUBIERTOS,Clopidogrel,COMPRIMIDOS,"LABORATORIOS LETI, S.A.V.",https://mav.farmaciasaas.com/api/images/articulos/DISTRIBUCION/99858.jpg,7,5
CLOPIDOGREL 75 MG,37804,ME36122,CLOPIDOGREL 75 mg X 14 TABLETAS RECUBIERTAS,Clopidogrel,TABLETAS,"LABORATORIOS VALMOR, C.A.",https://pccentro.net.ve/img/s/7/6/0/5/6/76056-large_default.webp,7,5
CLOPIDOGREL 75 MG,37805,ME37534,CLOPIDOGREL 75 mg X 30 TABLETAS RECUBIERTAS,,TABLETAS,EMPRESA LABORATORIOS MEDSOL,https://mav.farmaciasaas.com/api/images/articulos/DISTRIBUCION/22848.jpg,7,5
CLOPIDOGREL 75 MG,37806,ME43375,CLOPIDOGREL 75 mg X 30 TABLETAS RECUBIERTAS,Clopidogrel,TABLETAS,"JIANGXI XIER KANGTAI PHARMACEUTICAL CO., LTD",https://mav.farmaciasaas.com/api/images/articulos/DISTRIBUCION/20426.jpg,7,5
CLOPIDOGREL 75 MG,37807,ME34774,CLOPIDOGREL 75 mg X 30 TABLETAS RECUBIERTAS,Clopidogrel,TABLETAS,LABORATORIOS SIEGFRIED S.A.,https://pccentro.net.ve/img/s/7/6/0/5/6/76056-large_default.webp,7,5
CLORACE 500 MG - 4 MG,37811,ME29690/3,CLORACE 500 mg - 4 mg X 20 TABLETAS,,TABLETAS,"LABORATORIO COFASA, S.A.",https://mav.farmaciasaas.com/api/images/articulos/DISTRIBUCION/97306.jpg,2,1
CLORACE 500 MG - 4 MG,37812,ME29690/2,CLORACE 500 mg - 4 mg X 10 TABLETAS,,TABLETAS,"LABORATORIO COFASA, S.A.",https://mav.farmaciasaas.com/api/images/articulos/DISTRIBUCION/9598.jpg,2,1
COMPLEJO DE VITAMINA B,37835,HO1587,COMPLEJO DE VITAMINA B X 3 AMPOLLAS,,INYECTABLE,PRODUCTOS LISTER FENIX C.A.,https://mav.farmaciasaas.com/api/images/articulos/DISTRIBUCION/5118.jpg,2,2
COMPLEJO DE VITAMINA B,39158,ME1412,COMPLEJO DE VITAMINA B X 20 TABLETAS,,TABLETAS,"LABORATORIOS SPEFAR VENEZOLANOS, S.A.",,2,2
CORENTEL 10 MG,37841,ME35619/2,CORENTEL 10 mg X 10 COMPRIMIDOS RECUBIERTOS,,COMPRIMIDOS,MEGALABS S.A.,,2,1
CORENTEL 10 MG,37842,ME35619/3,CORENTEL 10 mg X 30 COMPRIMIDOS RECUBIERTOS,,COMPRIMIDOS,MEGALABS S.A.,,2,1
"CORENTEL 1,25 MG",37843,ME39494/2,"CORENTEL 1,25 mg X 10 COMPRIMIDOS RECUBIERTOS",,COMPRIMIDOS,MEGALABS S.A.,https://mav.farmaciasaas.com/api/images/articulos/DISTRIBUCION/28209.jpg,2,1
"CORENTEL 1,25 MG",37844,ME39494/3,"CORENTEL 1,25 mg X 30 COMPRIMIDOS RECUBIERTOS",,COMPRIMIDOS,MEGALABS S.A.,,2,1
CORENTEL 5 MG,37845,ME35620/3,CORENTEL 5 mg X 30 COMPRIMIDOS RECUBIERTOS,,COMPRIMIDOS,MEGALABS S.A.,https://mav.farmaciasaas.com/api/images/articulos/DISTRIBUCION/10042.jpg,2,1
CORENTEL 5 MG,37846,ME35620/2,CORENTEL 5 mg X 10 COMPRIMIDOS RECUBIERTOS,,COMPRIMIDOS,MEGALABS S.A.,https://mav.farmaciasaas.com/api/images/articulos/DISTRIBUCION/10024.jpg,2,1
"COROPRES HCT 16 MG - 12,5 MG",37847,ME38312/2,"COROPRES HCT 16 mg - 12,5 mg X 10 COMPRIMIDOS",Candesartan Cilexetilo - Hidroclorotiazida,COMPRIMIDOS,MEGALABS S.A.,https://mav.farmaciasaas.com/api/images/articulos/DISTRIBUCION/28208.jpg,2,1
"COROPRES HCT 16 MG - 12,5 MG",37848,ME38312/3,"COROPRES HCT 16 mg - 12,5 mg X 30 COMPRIMIDOS",Candesartan Cilexetilo - Hidroclorotiazida,COMPRIMIDOS,MEGALABS S.A.,https://mav.farmaciasaas.com/api/images/articulos/DISTRIBUCION/96010.jpg,2,1
CRISOMET 50 MG - 500 MG,37852,ME41808/2,CRISOMET 50 mg - 500 mg X 10 TABLETAS RECUBIERTAS,Metformina - Sitagliptina,TABLETAS,LABORATORIOS FARMA S.A.,https://mav.farmaciasaas.com/api/images/articulos/DISTRIBUCION/16905.jpg,2,1
CRISOMET 50 MG - 500 MG,37853,ME41808/3,CRISOMET 50 mg - 500 mg X 30 TABLETAS RECUBIERTAS,Metformina - Sitagliptina,TABLETAS,LABORATORIOS FARMA S.A.,https://mav.farmaciasaas.com/api/images/articulos/DISTRIBUCION/19232.jpg,2,1
"CURPINOL 6,25 MG",37855,ME35933/2,"CURPINOL 6,25 mg X 10 COMPRIMIDOS",Carvedilol,COMPRIMIDOS,MEGALABS S.A.,https://mav.farmaciasaas.com/api/images/articulos/DISTRIBUCION/26063.jpg,2,1
"CURPINOL 6,25 MG",37856,ME35933/3,"CURPINOL 6,25 mg X 30 COMPRIMIDOS",Carvedilol,COMPRIMIDOS,MEGALABS S.A.,https://mav.farmaciasaas.com/api/images/articulos/DISTRIBUCION/92400.jpg,2,1
CYPRAL 500 MG,37857,ME27157/2,CYPRAL 500 mg X 14 TABLETAS RECUBIERTAS,Ciprofloxacino,TABLETAS,LABORATORIOS SIEGFRIED S.A.,https://mav.farmaciasaas.com/api/images/articulos/DISTRIBUCION/3660.jpg,2,1
CYPRAL 500 MG,37858,ME27157/3,CYPRAL 500 mg X 20 TABLETAS RECUBIERTAS,Ciprofloxacino,TABLETAS,LABORATORIOS SIEGFRIED S.A.,https://mav.farmaciasaas.com/api/images/articulos/DISTRIBUCION/92798.jpg,2,1
DALTAZEN 60 MG,37862,ME30715/2,DALTAZEN 60 mg X 10 COMPRIMIDOS,Diltiazem,COMPRIMIDOS,MEGALABS S.A.,https://mav.farmaciasaas.com/api/images/articulos/DISTRIBUCION/28478.jpg,3,1
DALTAZEN 60 MG,37863,ME30715/3,DALTAZEN 60 mg X 20 COMPRIMIDOS,Diltiazem,COMPRIMIDOS,MEGALABS S.A.,https://mav.farmaciasaas.com/api/images/articulos/DISTRIBUCION/1303.jpg,3,1
DALTAZEN 60 MG,37864,ME30715/4,DALTAZEN 60 mg X 30 COMPRIMIDOS,Diltiazem,COMPRIMIDOS,MEGALABS S.A.,https://mav.farmaciasaas.com/api/images/articulos/DISTRIBUCION/52575.jpg,3,1
"DECOBEL 0,5 MG",37867,ME21267/2,"DECOBEL 0,5 mg X 10 TABLETAS",Dexametasona,TABLETAS,C.A. PRODUCTOS RONAVA,https://pccentro.net.ve/img/s/3/0/8/5/6/30856-large_default.webp,2,1
"DECOBEL 0,5 MG",37868,ME21267/3,"DECOBEL 0,5 mg X 30 TABLETAS",Dexametasona,TABLETAS,C.A. PRODUCTOS RONAVA,https://mav.farmaciasaas.com/api/images/articulos/DISTRIBUCION/22694.jpg,2,1
DEFLAZACORT 30 MG,37871,ME37306/2,DEFLAZACORT 30 mg X 10 TABLETAS,Deflazacort,TABLETAS,"CALOX INTERNATIONAL, C.A.",https://mav.farmaciasaas.com/api/images/articulos/DISTRIBUCION/22262.jpg,2,1
DEFLAZACORT 30 MG,37872,ME37306/3,DEFLAZACORT 30 mg X 30 TABLETAS,Deflazacort,TABLETAS,"CALOX INTERNATIONAL, C.A.",https://mav.farmaciasaas.com/api/images/articulos/DISTRIBUCION/91498.jpg,2,1
DEFLAZACORT 6 MG,37873,ME37255,DEFLAZACORT 6 mg X 10 TABLETAS,Deflazacort,TABLETAS,"CALOX INTERNATIONAL, C.A.",https://mav.farmaciasaas.com/api/images/articulos/DISTRIBUCION/91527.jpg,3,2
DEFLAZACORT 6 MG,37874,ME32194/2,DEFLAZACORT 6 mg X 10 COMPRIMIDOS,Deflazacort,COMPRIMIDOS,"LABORATORIOS LETI, S.A.V.",https://pccentro.net.ve/img/s/8/9/7/4/3/89743-large_default.webp,3,2
DEFLAZACORT 6 MG,37875,ME32194/3,DEFLAZACORT 6 mg X 30 COMPRIMIDOS,Deflazacort,COMPRIMIDOS,"LABORATORIOS LETI, S.A.V.",https://mav.farmaciasaas.com/api/images/articulos/DISTRIBUCION/52860.jpg,3,2
DESLORAT 5 MG,37890,ME34405/2,DESLORAT 5 mg X 10 TABLETAS RECUBIERTAS,Desloratadina,TABLETAS,"LABORATORIOS L.O. OFTALMI, C.A.",https://mav.farmaciasaas.com/api/images/articulos/DISTRIBUCION/7176.jpg,2,1
DESLORAT 5 MG,37891,ME34405/3,DESLORAT 5 mg X 20 TABLETAS RECUBIERTAS,Desloratadina,TABLETAS,"LABORATORIOS L.O. OFTALMI, C.A.",https://mav.farmaciasaas.com/api/images/articulos/DISTRIBUCION/8041.jpg,2,1
"DESLORATADINA 2,5 MG / 5 ML JARABE",37893,ME36998,"DESLORATADINA 2,5 mg / 5 mL JARABE",Desloratadina,JARABE,"LABORATORIO LA SANTE, C.A.",https://pccentro.net.ve/img/s/7/4/5/1/9/74519-large_default.webp,2,2
"DESLORATADINA 2,5 MG / 5 ML JARABE",39177,ME42524,"DESLORATADINA 2,5 mg / 5 mL JARABE",Desloratadina,JARABE,LABORATORIOS SIEGFRIED S.A.,https://pccentro.net.ve/img/s/7/4/5/1/9/74519-large_default.webp,2,2
DESLORATADINA 5 MG,37894,ME37996,DESLORATADINA 5 mg X 10 TABLETAS RECUBIERTAS,Desloratadina,TABLETAS,"CALOX INTERNATIONAL, C.A.",https://mav.farmaciasaas.com/api/images/articulos/DISTRIBUCION/97003.jpg,4,4
DESLORATADINA 5 MG,37895,ME35486,DESLORATADINA 5 mg X 10 COMPRIMIDOS RECUBIERTOS,Desloratadina,COMPRIMIDOS,"LABORATORIOS LETI, S.A.V.",https://mav.farmaciasaas.com/api/images/articulos/DISTRIBUCION/8560.jpg,4,4
DESLORATADINA 5 MG,39180,ME36359,DESLORATADINA 5 mg X 10 TABLETAS RECUBIERTAS,Desloratadina,TABLETAS,"LABORATORIOS KIMICEG, C.A.",https://pccentro.net.ve/img/s/7/7/0/0/2/77002-large_default.webp,4,4
DESLORATADINA 5 MG,39181,ME43091,DESLORATADINA 5 mg X 10 TABLETAS RECUBIERTAS,Desloratadina,TABLETAS,LABORATORIOS SIEGFRIED S.A.,https://pccentro.net.ve/img/s/7/7/0/0/2/77002-large_default.webp,4,4
DEXAMETASONA 4 MG,37899,ME42492/2,DEXAMETASONA 4 mg X 10 COMPRIMIDOS,Dexametasona,COMPRIMIDOS,"LABORATORIOS SPEFAR VENEZOLANOS, S.A.",https://mav.farmaciasaas.com/api/images/articulos/DISTRIBUCION/53504.jpg,2,1
DEXAMETASONA 4 MG,37900,ME42492/3,DEXAMETASONA 4 mg X 100 COMPRIMIDOS,Dexametasona,COMPRIMIDOS,"LABORATORIOS SPEFAR VENEZOLANOS, S.A.",https://mav.farmaciasaas.com/api/images/articulos/DISTRIBUCION/25079.jpg,2,1
DIAGESIC 75 MG / 3 ML,37916,HO33474/2,DIAGESIC 75 mg / 3 mL X 1 AMPOLLAS,Diclofenaco,INYECTABLE,"BIOTECH LABORATORIOS, C.A.",https://mav.farmaciasaas.com/api/images/articulos/DISTRIBUCION/51210.jpg,2,1
DIAGESIC 75 MG / 3 ML,37917,HO33474/3,DIAGESIC 75 mg / 3 mL X 2 AMPOLLAS,Diclofenaco,INYECTABLE,"BIOTECH LABORATORIOS, C.A.",https://mav.farmaciasaas.com/api/images/articulos/DISTRIBUCION/6136.jpg,2,1
DICLOFENAC POT,37924,MI35435/2,DICLOFENAC POT X 6 UNIDADES,Diclofenaco,,LABORATORIO CHILE S.A.,https://pccentro.net.ve/img/s/8/0/5/8/7/80587-large_default.webp,3,1
DICLOFENAC POT,37925,MI35435/3,DICLOFENAC POT X 10 UNIDADES,Diclofenaco,,LABORATORIO CHILE S.A.,https://pccentro.net.ve/img/s/8/0/5/8/7/80587-large_default.webp,3,1
DICLOFENAC POT,37926,MI35435/4,DICLOFENAC POT X 30 UNIDADES,Diclofenaco,,LABORATORIO CHILE S.A.,https://pccentro.net.ve/img/s/8/0/5/8/7/80587-large_default.webp,3,1
DICLOFENACO SODICO 75MG/3ML,37927,HO36803/2,DICLOFENACO SODICO 75mg/3ml X 1 AMPOLLAS,Diclofenaco,INYECTABLE,"FARMIONNI SCALPI,S.A.",https://pccentro.net.ve/img/s/9/5/7/9/2/95792-large_default.webp,2,1
DICLOFENACO SODICO 75MG/3ML,37928,HO36803/3,DICLOFENACO SODICO 75mg/3ml X 10 AMPOLLAS,Diclofenaco,INYECTABLE,"FARMIONNI SCALPI,S.A.",https://mav.farmaciasaas.com/api/images/articulos/DISTRIBUCION/53115.jpg,2,1
DICLOFENACO POTASICO 50 MG,37929,ME43045/2,DICLOFENACO POTASICO 50 mg X 10 TABLETAS RECUBIERTAS,Diclofenaco,TABLETAS,"JIANGXI XIER KANGTAI PHARMACEUTICAL CO., LTD",https://mav.farmaciasaas.com/api/images/articulos/DISTRIBUCION/54424.jpg,5,3
DICLOFENACO POTASICO 50 MG,37930,ME43045/4,DICLOFENACO POTASICO 50 mg X 30 TABLETAS RECUBIERTAS,Diclofenaco,TABLETAS,"JIANGXI XIER KANGTAI PHARMACEUTICAL CO., LTD",https://pccentro.net.ve/img/s/5/2/9/3/1/52931-large_default.webp,5,3
DICLOFENACO POTASICO 50 MG,37931,ME43045/3,DICLOFENACO POTASICO 50 mg X 20 TABLETAS RECUBIERTAS,Diclofenaco,TABLETAS,"JIANGXI XIER KANGTAI PHARMACEUTICAL CO., LTD",https://pccentro.net.ve/img/s/5/2/9/3/1/52931-large_default.webp,5,3
DICLOFENACO POTASICO 50 MG,37934,ME43099,DICLOFENACO POTASICO 50 mg X 20 TABLETAS CON RECUBRIMIENTO ENTERICO,,TABLETAS,VIDA LABORATORIES (P) LIMITED,https://mav.farmaciasaas.com/api/images/articulos/DISTRIBUCION/20512.jpg,5,3
DICLOFENACO POTASICO 50 MG,39185,ME30174,DICLOFENACO POTASICO 50 mg X 20 TABLETAS RECUBIERTAS,Diclofenaco,TABLETAS,"LABORATORIOS KIMICEG, C.A.",https://pccentro.net.ve/img/s/5/2/9/3/1/52931-large_default.webp,5,3
DIFEN,37938,ME29117/2,DIFEN X 10 TABLETAS RECUBIERTAS,Acetaminofen - Cafeina,TABLETAS,LABORATORIOS SIEGFRIED S.A.,https://pccentro.net.ve/img/s/2/1/1/0/1/21101-large_default.webp,2,1
DIFEN,37939,ME29117/3,DIFEN X 20 TABLETAS RECUBIERTAS,Acetaminofen - Cafeina,TABLETAS,LABORATORIOS SIEGFRIED S.A.,https://pccentro.net.ve/img/s/2/1/1/0/1/21101-large_default.webp,2,1
DIOSMINA 600 MG,37950,ME43969/4,DIOSMINA 600 mg X 30 COMPRIMIDOS RECUBIERTOS,Diosmina,COMPRIMIDOS,"LABORATORIOS VARGAS, S.A.",https://mav.farmaciasaas.com/api/images/articulos/DISTRIBUCION/53053.jpg,6,2
DIOSMINA 600 MG,37951,ME43969/2,DIOSMINA 600 mg X 10 COMPRIMIDOS RECUBIERTOS,Diosmina,COMPRIMIDOS,"LABORATORIOS VARGAS, S.A.",https://mav.farmaciasaas.com/api/images/articulos/DISTRIBUCION/50161.jpg,6,2
DIOSMINA 600 MG,37952,ME43969/3,DIOSMINA 600 mg X 15 COMPRIMIDOS RECUBIERTOS,Diosmina,COMPRIMIDOS,"LABORATORIOS VARGAS, S.A.",https://pccentro.net.ve/img/s/8/3/9/3/8/83938-large_default.webp,6,2
DIOSMINA 600 MG,37953,ME38177/3,DIOSMINA 600 mg X 28 TABLETAS RECUBIERTAS,Diosmina,TABLETAS,"CALOX INTERNATIONAL, C.A.",https://mav.farmaciasaas.com/api/images/articulos/DISTRIBUCION/29796.jpg,6,2
DIOSMINA 600 MG,37954,ME38177/2,DIOSMINA 600 mg X 14 TABLETAS RECUBIERTAS,Diosmina,TABLETAS,"CALOX INTERNATIONAL, C.A.",https://mav.farmaciasaas.com/api/images/articulos/DISTRIBUCION/97147.jpg,6,2
DIOSMINA 600 MG,37955,ME38177/4,DIOSMINA 600 mg X 30 TABLETAS RECUBIERTAS,Diosmina,TABLETAS,"CALOX INTERNATIONAL, C.A.",https://pccentro.net.ve/img/s/8/3/9/3/8/83938-large_default.webp,6,2
DIOSMINA - HESPERIDINA 450 MG - 50 MG,37956,ME36420,DIOSMINA - HESPERIDINA 450 mg - 50 mg X 30 TABLETAS RECUBIERTAS,Diosmina - Hesperidina,TABLETAS,"CALOX INTERNATIONAL, C.A.",https://mav.farmaciasaas.com/api/images/articulos/DISTRIBUCION/24807.jpg,3,1
DIOSMINA - HESPERIDINA 450 MG - 50 MG,38945,ME43348/3,DIOSMINA - HESPERIDINA 450 mg - 50 mg X 30 CAPSULAS BLANDAS,Hesperidina,CAPSULAS,"CALOX INTERNATIONAL, C.A.",https://pccentro.net.ve/img/s/8/5/8/3/1/85831-large_default.webp,3,1
DIOSMINA - HESPERIDINA 450 MG - 50 MG,38946,ME43348/2,DIOSMINA - HESPERIDINA 450 mg - 50 mg X 10 CAPSULAS BLANDAS,Hesperidina,CAPSULAS,"CALOX INTERNATIONAL, C.A.",https://pccentro.net.ve/img/s/8/5/8/3/1/85831-large_default.webp,3,1
DOBRACID 300 MG,37962,ME40299/3,DOBRACID 300 mg X 30 COMPRIMIDOS RECUBIERTOS DE LIBERACION PROLONGADA,,COMPRIMIDOS,"LABORATORIOS LETI, S.A.V.",https://mav.farmaciasaas.com/api/images/articulos/DISTRIBUCION/16483.jpg,2,1
DOBRACID 300 MG,37963,ME40299/2,DOBRACID 300 mg X 10 COMPRIMIDOS RECUBIERTOS DE LIBERACION PROLONGADA,,COMPRIMIDOS,"LABORATORIOS LETI, S.A.V.",https://mav.farmaciasaas.com/api/images/articulos/DISTRIBUCION/50498.jpg,2,1
DOL,37965,ME26655/3,DOL X 10 TABLETAS RECUBIERTAS,Acetaminofen - Cafeina,TABLETAS,"CALOX INTERNATIONAL, C.A.",https://pccentro.net.ve/img/s/2/1/1/0/1/21101-large_default.webp,3,1
DOL,37966,ME26655/4,DOL X 20 TABLETAS RECUBIERTAS,Acetaminofen - Cafeina,TABLETAS,"CALOX INTERNATIONAL, C.A.",https://pccentro.net.ve/img/s/2/1/1/0/1/21101-large_default.webp,3,1
DOL,37967,ME26655/2,DOL X 4 TABLETAS RECUBIERTAS,Acetaminofen - Cafeina,TABLETAS,"CALOX INTERNATIONAL, C.A.",https://pccentro.net.ve/img/s/2/1/1/0/1/21101-large_default.webp,3,1
DOLAK 10 MG,37968,ME27426/3,DOLAK 10 mg X 20 COMPRIMIDOS,,COMPRIMIDOS,"ESPECIALIDADES DOLLDER, C.A.",https://mav.farmaciasaas.com/api/images/articulos/DISTRIBUCION/2586.jpg,2,1
DOLAK 10 MG,37969,ME27426/2,DOLAK 10 mg X 10 COMPRIMIDOS,,COMPRIMIDOS,"ESPECIALIDADES DOLLDER, C.A.",https://mav.farmaciasaas.com/api/images/articulos/DISTRIBUCION/2349.jpg,2,1
DOMPERIDONA 10MG,37974,ME44581/2,Domperidona 10mg X 10 Tabletas,Domperidona,TABLETAS,"ANMOL HEALTHCARE LABORATORY PVT, LTD",https://mav.farmaciasaas.com/api/images/articulos/DISTRIBUCION/53481.jpg,3,1
DOMPERIDONA 10MG,37975,ME44581/3,Domperidona 10mg X 15 Tabletas,Domperidona,TABLETAS,"ANMOL HEALTHCARE LABORATORY PVT, LTD",https://mav.farmaciasaas.com/api/images/articulos/DISTRIBUCION/11636.jpg,3,1
DOMPERIDONA 10MG,37976,ME44581/4,Domperidona 10mg X 30 Tabletas,Domperidona,TABLETAS,"ANMOL HEALTHCARE LABORATORY PVT, LTD",https://mav.farmaciasaas.com/api/images/articulos/DISTRIBUCION/99579/99579.jpg,3,1
DORIXINA FLEX 125 MG - 5 MG,37981,ME32119/4,DORIXINA FLEX 125 mg - 5 mg X 20 COMPRIMIDOS RECUBIERTOS,Ciclobenzaprina - Clonixino Lisina,COMPRIMIDOS,MEGALABS S.A.,https://mav.farmaciasaas.com/api/images/articulos/DISTRIBUCION/50180.jpg,3,1
DORIXINA FLEX 125 MG - 5 MG,37982,ME32119/2,DORIXINA FLEX 125 mg - 5 mg X 5 COMPRIMIDOS RECUBIERTOS,Ciclobenzaprina - Clonixino Lisina,COMPRIMIDOS,MEGALABS S.A.,https://mav.farmaciasaas.com/api/images/articulos/DISTRIBUCION/29269.jpg,3,1
DORIXINA FLEX 125 MG - 5 MG,37983,ME32119/3,DORIXINA FLEX 125 mg - 5 mg X 10 COMPRIMIDOS RECUBIERTOS,Ciclobenzaprina - Clonixino Lisina,COMPRIMIDOS,MEGALABS S.A.,https://mav.farmaciasaas.com/api/images/articulos/DISTRIBUCION/4116.jpg,3,1
DOXICICLINA 100 MG,37984,ME43060,DOXICICLINA 100 mg X 10 CAPSULAS,Doxiciclina Hiclato,CAPSULAS,FLAMINGO PHARMACEUTICALS LTD,https://mav.farmaciasaas.com/api/images/articulos/DISTRIBUCION/27620.jpg,2,2
DOXICICLINA 100 MG,37985,ME20337,DOXICICLINA 100 mg X 10 CAPSULAS,Doxiciclina,CAPSULAS,"CALOX INTERNATIONAL, C.A.",,2,2
DUROVAL 50 MG,37988,ME32615/3,DUROVAL 50 mg X 2 TABLETAS RECUBIERTAS,,TABLETAS,"LABORATORIOS VALMOR, C.A.",https://mav.farmaciasaas.com/api/images/articulos/DISTRIBUCION/22796.jpg,4,1
DUROVAL 50 MG,37989,ME32615/2,DUROVAL 50 mg X 1 TABLETAS RECUBIERTAS,,TABLETAS,"LABORATORIOS VALMOR, C.A.",https://mav.farmaciasaas.com/api/images/articulos/DISTRIBUCION/2798.jpg,4,1
DUROVAL 50 MG,37990,ME32615/4,DUROVAL 50 mg X 3 TABLETAS RECUBIERTAS,,TABLETAS,"LABORATORIOS VALMOR, C.A.",https://mav.farmaciasaas.com/api/images/articulos/DISTRIBUCION/2821.jpg,4,1
DUROVAL 50 MG,37991,ME32615/5,DUROVAL 50 mg X 10 TABLETAS RECUBIERTAS,,TABLETAS,"LABORATORIOS VALMOR, C.A.",,4,1
ENALAPRIL MALEATO 10 MG,38000,ME26688,ENALAPRIL MALEATO 10 mg X 20 COMPRIMIDOS RECUBIERTOS,Enalapril,COMPRIMIDOS,"LABORATORIOS LETI, S.A.V.",https://mav.farmaciasaas.com/api/images/articulos/DISTRIBUCION/23682.jpg,2,2
ENALAPRIL MALEATO 10 MG,38003,ME34887,ENALAPRIL MALEATO 10 mg X 30 TABLETAS,,TABLETAS,"LABORATORIO PLUSANDEX DE FARMACEUTICOS UNIDOS, PLUSANDEX, C.A.",https://mav.farmaciasaas.com/api/images/articulos/DISTRIBUCION/26952.jpg,2,2
ENALAPRIL 20 MG,38004,ME26416/2,ENALAPRIL 20 mg X 20 TABLETAS,Enalapril,TABLETAS,"CALOX INTERNATIONAL, C.A.",https://mav.farmaciasaas.com/api/images/articulos/DISTRIBUCION/7965.jpg,2,1
ENALAPRIL 20 MG,38005,ME26416/3,ENALAPRIL 20 mg X 30 TABLETAS,Enalapril,TABLETAS,"CALOX INTERNATIONAL, C.A.",https://mav.farmaciasaas.com/api/images/articulos/DISTRIBUCION/99636.jpg,2,1
ENALAPRIL MALEATO 20 MG,38006,ME34824,ENALAPRIL MALEATO 20 mg X 30 TABLETAS,Enalapril,TABLETAS,"LABORATORIO PLUSANDEX DE FARMACEUTICOS UNIDOS, PLUSANDEX, C.A.",https://mav.farmaciasaas.com/api/images/articulos/DISTRIBUCION/13265.jpg,2,2
ENALAPRIL MALEATO 20 MG,39200,ME27590,ENALAPRIL MALEATO 20 mg X 30 TABLETAS,Enalapril,TABLETAS,"LABORATORIOS KIMICEG, C.A.",https://mav.farmaciasaas.com/api/images/articulos/DISTRIBUCION/98889.jpg,2,2
ESCITALOPRAM 10 MG,38015,ME40959/4,ESCITALOPRAM 10 mg X 56 COMPRIMIDOS RECUBIERTOS,Escitalopram,COMPRIMIDOS,MEGALABS S.A.,https://mav.farmaciasaas.com/api/images/articulos/DISTRIBUCION/22243.jpg,6,3
ESCITALOPRAM 10 MG,38016,ME40959/2,ESCITALOPRAM 10 mg X 14 COMPRIMIDOS RECUBIERTOS,Escitalopram,COMPRIMIDOS,MEGALABS S.A.,https://mav.farmaciasaas.com/api/images/articulos/DISTRIBUCION/23490.jpg,6,3
ESCITALOPRAM 10 MG,38017,ME40959/3,ESCITALOPRAM 10 mg X 30 COMPRIMIDOS RECUBIERTOS,Escitalopram,COMPRIMIDOS,MEGALABS S.A.,https://mav.farmaciasaas.com/api/images/articulos/DISTRIBUCION/25666.jpg,6,3
ESCITALOPRAM 10 MG,38021,ME38504/3,ESCITALOPRAM 10 mg X 30 TABLETAS RECUBIERTAS,,TABLETAS,"CALOX INTERNATIONAL, C.A.",https://mav.farmaciasaas.com/api/images/articulos/DISTRIBUCION/50532.jpg,6,3
ESCITALOPRAM 10 MG,38022,ME38504/2,ESCITALOPRAM 10 mg X 28 TABLETAS RECUBIERTAS,,TABLETAS,"CALOX INTERNATIONAL, C.A.",https://mav.farmaciasaas.com/api/images/articulos/DISTRIBUCION/22208.jpg,6,3
ESCITALOPRAM 10 MG,38026,ME43163,ESCITALOPRAM 10 mg X 28 TABLETAS RECUBIERTAS,Escitalopram,TABLETAS,RONALD PHARMACEUTICALS PVT. LTD.,https://pccentro.net.ve/img/s/7/2/4/9/3/72493-large_default.webp,6,3
ESCITALOPRAM 20 MG,38018,ME40960/3,ESCITALOPRAM 20 mg X 30 COMPRIMIDOS RECUBIERTOS,Escitalopram,COMPRIMIDOS,MEGALABS S.A.,https://pccentro.net.ve/img/s/2/4/7/2/5/24725-large_default.webp,4,2
ESCITALOPRAM 20 MG,38019,ME40960/2,ESCITALOPRAM 20 mg X 28 COMPRIMIDOS RECUBIERTOS,Escitalopram,COMPRIMIDOS,MEGALABS S.A.,https://mav.farmaciasaas.com/api/images/articulos/DISTRIBUCION/53635.jpg,4,2
ESCITALOPRAM 20 MG,38023,ME41771/3,ESCITALOPRAM 20 mg X 30 TABLETAS RECUBIERTAS,Escitalopram,TABLETAS,"CALOX INTERNATIONAL, C.A.",https://mav.farmaciasaas.com/api/images/articulos/DISTRIBUCION/50533.jpg,4,2
ESCITALOPRAM 20 MG,38024,ME41771/2,ESCITALOPRAM 20 mg X 14 TABLETAS RECUBIERTAS,Escitalopram,TABLETAS,"CALOX INTERNATIONAL, C.A.",https://mav.farmaciasaas.com/api/images/articulos/DISTRIBUCION/29792.jpg,4,2
ESOMEPRAZOL 40MG,38029,ME35847/2,ESOMEPRAZOL 40mg X 10 TABLETAS RECUBIERTAS,Esomeprazol Magnesico,TABLETAS,"LABORATORIO LA SANTE, C.A.",https://mav.farmaciasaas.com/api/images/articulos/DISTRIBUCION/53297.jpg,4,1
ESOMEPRAZOL 40MG,38030,ME35847/5,ESOMEPRAZOL 40mg X 20 TABLETAS RECUBIERTAS,Esomeprazol Magnesico,TABLETAS,"LABORATORIO LA SANTE, C.A.",https://mav.farmaciasaas.com/api/images/articulos/DISTRIBUCION/52764.jpg,4,1
ESOMEPRAZOL 40MG,38031,ME35847/4,ESOMEPRAZOL 40mg X 16 TABLETAS RECUBIERTAS,Esomeprazol Magnesico,TABLETAS,"LABORATORIO LA SANTE, C.A.",https://mav.farmaciasaas.com/api/images/articulos/DISTRIBUCION/52333.jpg,4,1
ESOMEPRAZOL 40MG,38032,ME35847/3,ESOMEPRAZOL 40mg X 14 TABLETAS RECUBIERTAS,Esomeprazol Magnesico,TABLETAS,"LABORATORIO LA SANTE, C.A.",https://mav.farmaciasaas.com/api/images/articulos/DISTRIBUCION/24174.jpg,4,1
ESOMEPRAZOL 20 MG,38033,ME37458/2,ESOMEPRAZOL 20 mg X 16 CAPSULAS CON MICROGRANULOS DE LIBERACION ENTERICA,Esomeprazol Magnesico,CAPSULAS,"LABORATORIOS LETI, S.A.V.",https://mav.farmaciasaas.com/api/images/articulos/DISTRIBUCION/52348.jpg,5,2
ESOMEPRAZOL 20 MG,38034,ME37458/3,ESOMEPRAZOL 20 mg X 28 CAPSULAS CON MICROGRANULOS DE LIBERACION ENTERICA,Esomeprazol Magnesico,CAPSULAS,"LABORATORIOS LETI, S.A.V.",https://mav.farmaciasaas.com/api/images/articulos/DISTRIBUCION/52332.jpg,5,2
ESOMEPRAZOL 20 MG,38035,ME38579,ESOMEPRAZOL 20 mg X 20 TABLETAS CON CUBIERTA ENTERICA,,TABLETAS,"CALOX INTERNATIONAL, C.A.",https://mav.farmaciasaas.com/api/images/articulos/DISTRIBUCION/52580.jpg,5,2
ESOMEPRAZOL 20 MG,38036,ME35130/3,ESOMEPRAZOL 20 mg X 20 TABLETAS RECUBIERTAS,Esomeprazol Magnesico,TABLETAS,"CALOX INTERNATIONAL, C.A.",https://mav.farmaciasaas.com/api/images/articulos/DISTRIBUCION/96831.jpg,5,2
ESOMEPRAZOL 20 MG,38037,ME35130/2,ESOMEPRAZOL 20 mg X 14 TABLETAS RECUBIERTAS,Esomeprazol Magnesico,TABLETAS,"CALOX INTERNATIONAL, C.A.",https://mav.farmaciasaas.com/api/images/articulos/DISTRIBUCION/24141.jpg,5,2
ESOZ 20 MG,38038,ME35407/3,ESOZ 20 mg X 14 TABLETAS RECUBIERTAS,Esomeprazol Magnesico,TABLETAS,"LABORATORIO LA SANTE, C.A.",https://mav.farmaciasaas.com/api/images/articulos/DISTRIBUCION/98439/98439.jpg,3,1
ESOZ 20 MG,38039,ME35407/4,ESOZ 20 mg X 28 TABLETAS RECUBIERTAS,Esomeprazol Magnesico,TABLETAS,"LABORATORIO LA SANTE, C.A.",https://mav.farmaciasaas.com/api/images/articulos/DISTRIBUCION/98438/98438.jpg,3,1
ESOZ 20 MG,38040,ME35407/2,ESOZ 20 mg X 7 TABLETAS RECUBIERTAS,Esomeprazol Magnesico,TABLETAS,"LABORATORIO LA SANTE, C.A.",https://mav.farmaciasaas.com/api/images/articulos/DISTRIBUCION/18359.jpg,3,1
ESOZ 40 MG,38041,ME34984/3,ESOZ 40 mg X 14 TABLETAS RECUBIERTAS DE LIBERACION RETARDADA,Esomeprazol Magnesico,TABLETAS,"LABORATORIO LA SANTE, C.A.",https://mav.farmaciasaas.com/api/images/articulos/DISTRIBUCION/97637/97637.jpg,3,1
ESOZ 40 MG,38042,ME34984/4,ESOZ 40 mg X 28 TABLETAS RECUBIERTAS DE LIBERACION RETARDADA,Esomeprazol Magnesico,TABLETAS,"LABORATORIO LA SANTE, C.A.",https://mav.farmaciasaas.com/api/images/articulos/DISTRIBUCION/97588/97588.jpg,3,1
ESOZ 40 MG,38043,ME34984/2,ESOZ 40 mg X 7 TABLETAS RECUBIERTAS DE LIBERACION RETARDADA,Esomeprazol Magnesico,TABLETAS,"LABORATORIO LA SANTE, C.A.",https://mav.farmaciasaas.com/api/images/articulos/DISTRIBUCION/18360.jpg,3,1
ESPIRONOLACTONA 25 MG,38045,ME33352/2,ESPIRONOLACTONA 25 mg X 10 TABLETAS,Espironolactona,TABLETAS,LABORATORIOS SIEGFRIED S.A.,https://mav.farmaciasaas.com/api/images/articulos/DISTRIBUCION/50567.jpg,3,1
ESPIRONOLACTONA 25 MG,38046,ME33352/4,ESPIRONOLACTONA 25 mg X 30 TABLETAS,Espironolactona,TABLETAS,LABORATORIOS SIEGFRIED S.A.,https://mav.farmaciasaas.com/api/images/articulos/DISTRIBUCION/51325.jpg,3,1
ESPIRONOLACTONA 25 MG,38047,ME33352/3,ESPIRONOLACTONA 25 mg X 20 TABLETAS,Espironolactona,TABLETAS,LABORATORIOS SIEGFRIED S.A.,https://mav.farmaciasaas.com/api/images/articulos/DISTRIBUCION/5474.jpg,3,1
EUSILEN 4 MG,38056,ME23115/3,EUSILEN 4 mg X 15 COMPRIMIDOS,Tiocolchicosido,COMPRIMIDOS,"LABORATORIO COFASA, S.A.",https://mav.farmaciasaas.com/api/images/articulos/DISTRIBUCION/97144.jpg,2,1
EUSILEN 4 MG,38057,ME23115/2,EUSILEN 4 mg X 8 COMPRIMIDOS,Tiocolchicosido,COMPRIMIDOS,"LABORATORIO COFASA, S.A.",https://mav.farmaciasaas.com/api/images/articulos/DISTRIBUCION/8831.jpg,2,1
FENITOINA SODICA 250 MG / 5 ML,38073,HO35889/3,FENITOINA SODICA 250 mg / 5 mL X 30 AMPOLLAS,Fenitoina,INYECTABLE,"LABORATORIO BIOSANO, S.A.",https://mav.farmaciasaas.com/api/images/articulos/DISTRIBUCION/53246.jpg,2,1
FENITOINA SODICA 250 MG / 5 ML,38074,HO35889/2,FENITOINA SODICA 250 mg / 5 mL X 10 AMPOLLAS,Fenitoina,INYECTABLE,"LABORATORIO BIOSANO, S.A.",https://pccentro.net.ve/img/s/7/2/5/4/7/72547-large_default.webp,2,1
FERGANIC 40 MG,38075,ME27405/2,FERGANIC 40 mg X 14 CAPSULAS,,CAPSULAS,MEGALABS S.A.,,3,1
FERGANIC 40 MG,38076,ME27405/3,FERGANIC 40 mg X 24 CAPSULAS,,CAPSULAS,MEGALABS S.A.,https://mav.farmaciasaas.com/api/images/articulos/DISTRIBUCION/8790.jpg,3,1
FERGANIC 40 MG,38077,ME27405/4,FERGANIC 40 mg X 30 CAPSULAS,,CAPSULAS,MEGALABS S.A.,https://mav.farmaciasaas.com/api/images/articulos/DISTRIBUCION/53159.jpg,3,1
FERGANIC FOLIC 40 MG - 360 MCG / 15 ML,38079,ME33240/3,FERGANIC FOLIC 40 mg - 360 mcg / 15 mL X 20 JARABE,Folico Acido,JARABE,MEGALABS S.A.,https://mav.farmaciasaas.com/api/images/articulos/DISTRIBUCION/52465.jpg,3,1
FERGANIC FOLIC 40 MG - 360 MCG / 15 ML,38080,ME33240/2,FERGANIC FOLIC 40 mg - 360 mcg / 15 mL X 1 JARABE,Folico Acido,JARABE,MEGALABS S.A.,https://mav.farmaciasaas.com/api/images/articulos/DISTRIBUCION/3970.jpg,3,1
FERGANIC FOLIC 40 MG - 360 MCG / 15 ML,38081,ME33240/4,FERGANIC FOLIC 40 mg - 360 mcg / 15 mL X 30 JARABE,Folico Acido,JARABE,MEGALABS S.A.,https://pccentro.net.ve/img/s/7/5/7/3/4/75734-large_default.webp,3,1
FESTAL (PANCREATINA DE ORIGEN PORCINO),38086,ME1319/2,FESTAL (PANCREATINA DE ORIGEN PORCINO) X 10 GRAGEAS,,GRAGEAS,"CALOX INTERNATIONAL, C.A.",https://mav.farmaciasaas.com/api/images/articulos/DISTRIBUCION/90997.jpg,2,1
FESTAL (PANCREATINA DE ORIGEN PORCINO),38087,ME1319/3,FESTAL (PANCREATINA DE ORIGEN PORCINO) X 20 GRAGEAS,,GRAGEAS,"CALOX INTERNATIONAL, C.A.",https://mav.farmaciasaas.com/api/images/articulos/DISTRIBUCION/1515.jpg,2,1
FITEX 20 MG,38095,ME38634/2,FITEX 20 mg X 1 TABLETAS,Tadalafilo,TABLETAS,LABORATORIOS FARMA S.A.,https://mav.farmaciasaas.com/api/images/articulos/DISTRIBUCION/99114.jpg,2,1
FITEX 20 MG,38096,ME38634/3,FITEX 20 mg X 2 TABLETAS,Tadalafilo,TABLETAS,LABORATORIOS FARMA S.A.,https://mav.farmaciasaas.com/api/images/articulos/DISTRIBUCION/99115.jpg,2,1
FITEX 5 MG,38097,ME39597/2,FITEX 5 mg X 10 TABLETAS,Tadalafilo,TABLETAS,LABORATORIOS FARMA S.A.,https://mav.farmaciasaas.com/api/images/articulos/DISTRIBUCION/20284.jpg,2,1
FITEX 5 MG,38098,ME39597/3,FITEX 5 mg X 30 TABLETAS,Tadalafilo,TABLETAS,LABORATORIOS FARMA S.A.,https://pccentro.net.ve/img/s/2/2/8/1/2/22812-large_default.webp,2,1
FLAVOXATO 200 MG,38101,ME40011/2,FLAVOXATO 200 mG X 10 COMPRIMIDOS RECUBIERTOS,Flavoxato,COMPRIMIDOS,"LABORATORIOS LETI, S.A.V.",https://mav.farmaciasaas.com/api/images/articulos/DISTRIBUCION/99485.jpg,3,2
FLAVOXATO 200 MG,38102,ME40011/3,FLAVOXATO 200 mG X 20 COMPRIMIDOS RECUBIERTOS,Flavoxato,COMPRIMIDOS,"LABORATORIOS LETI, S.A.V.",https://pccentro.net.ve/img/s/9/6/2/2/4/96224-large_default.webp,3,2
FLAVOXATO 200 MG,38103,ME44088,FLAVOXATO 200 mg X 30 TABLETAS RECUBIERTAS,Flavoxato,TABLETAS,"JIANGXI SYNERGY PHARMACEUTICAL CO., LTD",https://mav.farmaciasaas.com/api/images/articulos/DISTRIBUCION/23673.jpg,3,2
FLUCONAZOL 150 MG,38114,ME27527,FLUCONAZOL 150 mg X 2 CAPSULAS,Fluconazol,CAPSULAS,"CALOX INTERNATIONAL, C.A.",https://mav.farmaciasaas.com/api/images/articulos/DISTRIBUCION/9668.jpg,7,6
FLUCONAZOL 150 MG,38115,ME43733,FLUCONAZOL 150 mg X 2 CAPSULAS,Fluconazol - Gelatina,CAPSULAS,"JIANGXI SYNERGY PHARMACEUTICAL CO., LTD",,7,6
FLUCONAZOL 150 MG,38116,ME28339,FLUCONAZOL 150 mg X 2 CAPSULAS,Fluconazol,CAPSULAS,"LABORATORIOS LETI, S.A.V.",https://mav.farmaciasaas.com/api/images/articulos/DISTRIBUCION/4546.jpg,7,6
FLUCONAZOL 150 MG,38117,ME34692,FLUCONAZOL 150 mg X 2 CAPSULAS,Fluconazol,CAPSULAS,"LABORATORIOS VALMOR, C.A.",https://mav.farmaciasaas.com/api/images/articulos/DISTRIBUCION/8645.jpg,7,6
FLUCONAZOL 150 MG,38120,ME42709/2,FLUCONAZOL 150 mg X 2 TABLETAS,Fluconazol,TABLETAS,MASCOT HEALTH SERIES PVT. LTD.,https://mav.farmaciasaas.com/api/images/articulos/DISTRIBUCION/23767.jpg,7,6
FLUCONAZOL 150 MG,38121,ME42709/3,FLUCONAZOL 150 mg X 4 TABLETAS,Fluconazol,TABLETAS,MASCOT HEALTH SERIES PVT. LTD.,https://mav.farmaciasaas.com/api/images/articulos/DISTRIBUCION/52581.jpg,7,6
FLUCONAZOL 150 MG,39223,ME28575,FLUCONAZOL 150 mg X 2 CAPSULAS,Fluconazol,CAPSULAS,"LABORATORIOS KIMICEG, C.A.",,7,6
FLUDIL 10 MG,38122,ME28326/2,FLUDIL 10 mg X 20 TABLETAS,Flunarizina,TABLETAS,"LABORATORIO LA SANTE, C.A.",https://mav.farmaciasaas.com/api/images/articulos/DISTRIBUCION/1790.jpg,2,1
FLUDIL 10 MG,38123,ME28326/3,FLUDIL 10 mg X 40 TABLETAS,Flunarizina,TABLETAS,"LABORATORIO LA SANTE, C.A.",https://mav.farmaciasaas.com/api/images/articulos/DISTRIBUCION/95624.jpg,2,1
FLUOXETINA 20 MG,38126,ME31214,FLUOXETINA 20 mg X 14 CAPSULAS,,CAPSULAS,"LABORATORIO LA SANTE, C.A.",https://mav.farmaciasaas.com/api/images/articulos/DISTRIBUCION/29459.jpg,4,4
FLUOXETINA 20 MG,38127,ME28981,FLUOXETINA 20 mg X 14 CAPSULAS,Fluoxetina,CAPSULAS,"BIOTECH LABORATORIOS, C.A.",https://mav.farmaciasaas.com/api/images/articulos/DISTRIBUCION/3221.jpg,4,4
FLUOXETINA 20 MG,38128,ME28948,FLUOXETINA 20 mg X 28 CAPSULAS,Fluoxetina,CAPSULAS,"CALOX INTERNATIONAL, C.A.",https://mav.farmaciasaas.com/api/images/articulos/DISTRIBUCION/50927.jpg,4,4
FLUOXETINA 20 MG,38129,ME43528,FLUOXETINA 20 mg X 30 TABLETAS RECUBIERTAS,Fluoxetina,TABLETAS,ANG LIFESCIENCES INDIA LTD,https://mav.farmaciasaas.com/api/images/articulos/DISTRIBUCION/21365.jpg,4,4
FUROSEMIDA 20 MG,38140,ME33438/2,FUROSEMIDA 20 mg X 12 TABLETAS,Furosemida,TABLETAS,LABORATORIOS SIEGFRIED S.A.,https://mav.farmaciasaas.com/api/images/articulos/DISTRIBUCION/5054.jpg,2,1
FUROSEMIDA 20 MG,38141,ME33438/3,FUROSEMIDA 20 mg X 24 TABLETAS,Furosemida,TABLETAS,LABORATORIOS SIEGFRIED S.A.,https://mav.farmaciasaas.com/api/images/articulos/DISTRIBUCION/54373.jpg,2,1
FUROSEMIDA 40 MG,38142,ME23618,FUROSEMIDA 40 mg X 12 COMPRIMIDOS,Furosemida,COMPRIMIDOS,"LABORATORIO PLUSANDEX DE FARMACEUTICOS UNIDOS, PLUSANDEX, C.A.",https://mav.farmaciasaas.com/api/images/articulos/DISTRIBUCION/23177.jpg,4,3
FUROSEMIDA 40 MG,38143,ME33388/2,FUROSEMIDA 40 mg X 12 TABLETAS,Furosemida,TABLETAS,LABORATORIOS SIEGFRIED S.A.,https://mav.farmaciasaas.com/api/images/articulos/DISTRIBUCION/51326.jpg,4,3
FUROSEMIDA 40 MG,38144,ME33388/3,FUROSEMIDA 40 mg X 24 TABLETAS,Furosemida,TABLETAS,LABORATORIOS SIEGFRIED S.A.,https://mav.farmaciasaas.com/api/images/articulos/DISTRIBUCION/5296.jpg,4,3
FUROSEMIDA 40 MG,38145,ME21300,FUROSEMIDA 40 mg X 24 TABLETAS,Furosemida,TABLETAS,"PRODUCTOS FARMACEUTICOS PARA EL VIVIR VIVIENDO, C.A. (PROFARMACOS, C.A.)",https://pccentro.net.ve/img/s/3/0/8/1/2/30812-large_default.webp,4,3
GABAPENTINA 300 MG,38147,ME34981/2,GABAPENTINA 300 mg X 14 CAPSULAS,Gabapentina,CAPSULAS,KERN PHARMA S.L.,https://mav.farmaciasaas.com/api/images/articulos/DISTRIBUCION/23487.jpg,3,2
GABAPENTINA 300 MG,38148,ME34981/3,GABAPENTINA 300 mg X 30 CAPSULAS,Gabapentina,CAPSULAS,KERN PHARMA S.L.,https://pccentro.net.ve/img/s/8/4/0/0/6/84006-large_default.webp,3,2
GABAPENTINA 300 MG,39226,ME37496,GABAPENTINA 300 mg X 20 CAPSULAS,Gabapentina,CAPSULAS,"LABORATORIOS SPEFAR VENEZOLANOS, S.A.",https://pccentro.net.ve/img/s/8/4/0/0/6/84006-large_default.webp,3,2
GENESA 3MG-20 MCG,38152,ME39975/3,GENESA 3mg-20 mcg X 28 COMPRIMIDOS RECUBIERTOS,,COMPRIMIDOS,"LABORATORIOS LEON FARMA, S.A.",https://mav.farmaciasaas.com/api/images/articulos/DISTRIBUCION/13744.jpg,2,1
GENESA 3MG-20 MCG,38153,ME39975/2,GENESA 3mg-20 mcg X 21 COMPRIMIDOS RECUBIERTOS,,COMPRIMIDOS,"LABORATORIOS LEON FARMA, S.A.",https://mav.farmaciasaas.com/api/images/articulos/DISTRIBUCION/11639.jpg,2,1
GENTAMICINA 160MG / 2ML,38154,HO36306/3,GENTAMICINA 160mg / 2mL X 10 AMPOLLAS,Gentamicina,INYECTABLE,VITALIS S.A.C.I.,https://mav.farmaciasaas.com/api/images/articulos/DISTRIBUCION/30124.jpg,2,1
GENTAMICINA 160MG / 2ML,38155,HO36306/2,GENTAMICINA 160mg / 2mL X 5 AMPOLLAS,Gentamicina,INYECTABLE,VITALIS S.A.C.I.,https://mav.farmaciasaas.com/api/images/articulos/DISTRIBUCION/52502.jpg,2,1
GLIBENCLAMIDA 5 MG,38158,ME33501,GLIBENCLAMIDA 5 mg X 10 COMPRIMIDOS,Glibenclamida,COMPRIMIDOS,"LABORATORIOS ELMOR, S.A.",https://pccentro.net.ve/img/s/7/9/4/3/3/79433-large_default.webp,2,2
GLIBENCLAMIDA 5 MG,38159,ME26275,GLIBENCLAMIDA 5 mg X 30 TABLETAS,Glibenclamida,TABLETAS,"LABORATORIOS VARGAS, S.A.",https://mav.farmaciasaas.com/api/images/articulos/DISTRIBUCION/50984.jpg,2,2
GLIPTIN 500 MG - 50 MG,38170,ME44696/2,GLIPTIN 500 mg - 50 mg X 10 COMPRIMIDOS RECUBIERTOS,Metformina - Sitagliptina,COMPRIMIDOS,"LABORATORIOS VALMOR, C.A.",https://mav.farmaciasaas.com/api/images/articulos/DISTRIBUCION/26771.jpg,2,1
GLIPTIN 500 MG - 50 MG,38171,ME44696/3,GLIPTIN 500 mg - 50 mg X 30 COMPRIMIDOS RECUBIERTOS,Metformina - Sitagliptina,COMPRIMIDOS,"LABORATORIOS VALMOR, C.A.",https://mav.farmaciasaas.com/api/images/articulos/DISTRIBUCION/28336.jpg,2,1
GLYMAR 4 MG,38177,ME35616,GLYMAR 4 mg X 20 TABLETAS,Glimepirida,TABLETAS,MEYER PRODUCTOS TERAPEUTICOS S.A.,https://mav.farmaciasaas.com/api/images/articulos/DISTRIBUCION/9456.jpg,2,2
GLYMAR 4 MG,39240,ME37715,GLYMAR 4 mg X 20 TABLETAS,Glimepirida,TABLETAS,LABORATORIOS SIEGFRIED S.A.,https://pccentro.net.ve/img/s/2/2/8/8/2/22882-large_default.webp,2,2
LOSARTAN POTASICO - HIDROCLOROTIAZIDA 100 MG - 25 MG,38190,ME35183/3,LOSARTAN POTASICO - HIDROCLOROTIAZIDA 100 mg - 25 mg X 30 COMPRIMIDOS RECUBIERTOS,Hidroclorotiazida - Losartan,COMPRIMIDOS,"LABORATORIOS LETI, S.A.V.",https://pccentro.net.ve/img/s/2/3/6/7/7/23677-large_default.webp,6,3
LOSARTAN POTASICO - HIDROCLOROTIAZIDA 100 MG - 25 MG,38191,ME35183/2,LOSARTAN POTASICO - HIDROCLOROTIAZIDA 100 mg - 25 mg X 10 COMPRIMIDOS RECUBIERTOS,Hidroclorotiazida - Losartan,COMPRIMIDOS,"LABORATORIOS LETI, S.A.V.",https://pccentro.net.ve/img/s/2/3/6/7/7/23677-large_default.webp,6,3
LOSARTAN POTASICO - HIDROCLOROTIAZIDA 100 MG - 25 MG,38195,ME36980/2,LOSARTAN POTASICO - HIDROCLOROTIAZIDA 100 mg - 25 mg X 10 COMPRIMIDOS RECUB,,COMPRIMIDOS,"LABORATORIOS VARGAS, S.A.",https://mav.farmaciasaas.com/api/images/articulos/DISTRIBUCION/22228.jpg,6,3
LOSARTAN POTASICO - HIDROCLOROTIAZIDA 100 MG - 25 MG,38196,ME36980/3,LOSARTAN POTASICO - HIDROCLOROTIAZIDA 100 mg - 25 mg X 30 COMPRIMIDOS RECUB,,COMPRIMIDOS,"LABORATORIOS VARGAS, S.A.",https://mav.farmaciasaas.com/api/images/articulos/DISTRIBUCION/22234.jpg,6,3
LOSARTAN POTASICO - HIDROCLOROTIAZIDA 100 MG - 25 MG,38399,ME37542/2,LOSARTAN POTASICO - HIDROCLOROTIAZIDA 100 mg - 25 mg X 10 TABLETAS RECUBIERTAS,Hidroclorotiazida - Losartan,TABLETAS,"LABORATORIO LA SANTE, C.A.",https://pccentro.net.ve/img/s/2/3/6/7/7/23677-large_default.webp,6,3
LOSARTAN POTASICO - HIDROCLOROTIAZIDA 100 MG - 25 MG,38400,ME37542/3,LOSARTAN POTASICO - HIDROCLOROTIAZIDA 100 mg - 25 mg X 30 TABLETAS RECUBIERTAS,Hidroclorotiazida - Losartan,TABLETAS,"LABORATORIO LA SANTE, C.A.",https://pccentro.net.ve/img/s/2/3/6/7/7/23677-large_default.webp,6,3
"LOSARTAN POTASICO - HIDROCLOROTIAZIDA 50 MG -12,5 MG",38193,ME31250/3,"LOSARTAN POTASICO - HIDROCLOROTIAZIDA 50 mg -12,5 mg X 30 TABLETAS RECUBIERTAS",Hidroclorotiazida - Losartan,TABLETAS,"LABORATORIOS KIMICEG, C.A.",https://mav.farmaciasaas.com/api/images/articulos/DISTRIBUCION/25140.jpg,2,1
"LOSARTAN POTASICO - HIDROCLOROTIAZIDA 50 MG -12,5 MG",38194,ME31250/2,"LOSARTAN POTASICO - HIDROCLOROTIAZIDA 50 mg -12,5 mg X 10 TABLETAS RECUBIERTAS",Hidroclorotiazida - Losartan,TABLETAS,"LABORATORIOS KIMICEG, C.A.",https://pccentro.net.ve/img/s/7/6/9/5/6/76956-large_default.webp,2,1
IBUCOLVAL 600 MG - 4 MG,38208,ME39249/2,IBUCOLVAL 600 mg - 4 mg X 10 TABLETAS RECUBIERTAS,Ibuprofeno - Tiocolchicosido,TABLETAS,"LABORATORIOS VALMOR, C.A.",https://mav.farmaciasaas.com/api/images/articulos/DISTRIBUCION/50513.jpg,2,1
IBUCOLVAL 600 MG - 4 MG,38209,ME39249/3,IBUCOLVAL 600 mg - 4 mg X 20 TABLETAS RECUBIERTAS,Ibuprofeno - Tiocolchicosido,TABLETAS,"LABORATORIOS VALMOR, C.A.",https://mav.farmaciasaas.com/api/images/articulos/DISTRIBUCION/94906.jpg,2,1
IBUPROFENO 600 MG,38214,ME26800,IBUPROFENO 600 mg X 10 COMPRIMIDOS RECUBIERTOS,Ibuprofeno,COMPRIMIDOS,"LABORATORIOS LETI, S.A.V.",https://mav.farmaciasaas.com/api/images/articulos/DISTRIBUCION/3823.jpg,3,3
IBUPROFENO 600 MG,38219,ME30509,IBUPROFENO 600 mg X 10 TABLETAS,Ibuprofeno,TABLETAS,"LABORATORIOS VARGAS, S.A.",https://mav.farmaciasaas.com/api/images/articulos/DISTRIBUCION/29649.jpg,3,3
IBUPROFENO 600 MG,38225,ME35615,IBUPROFENO 600 mg X 10 TABLETAS RECUBIERTAS,Ibuprofeno,TABLETAS,"CALOX INTERNATIONAL, C.A.",https://mav.farmaciasaas.com/api/images/articulos/DISTRIBUCION/10263.jpg,3,3
IBUPROFENO 800 MG,38215,ME40877,IBUPROFENO 800 mg X 10 COMPRIMIDOS,Ibuprofeno,COMPRIMIDOS,"LABORATORIOS LETI, S.A.V.",https://mav.farmaciasaas.com/api/images/articulos/DISTRIBUCION/50176.jpg,2,2
IBUPROFENO 800 MG,38220,ME31850,IBUPROFENO 800 mg X 10 TABLETAS RECUBIERTAS,Ibuprofeno,TABLETAS,"LABORATORIO LA SANTE, C.A.",https://pccentro.net.ve/img/s/8/9/7/4/5/89745-large_default.webp,2,2
IBUPROFENO 100 MG / 5 ML SUSPENSION ORAL,38217,ME32828,IBUPROFENO 100 mg / 5 mL SUSPENSION ORAL,Ibuprofeno,SUSPENSION ORAL,"LABORATORIOS LETI, S.A.V.",https://mav.farmaciasaas.com/api/images/articulos/DISTRIBUCION/99047.jpg,3,3
IBUPROFENO 100 MG / 5 ML SUSPENSION ORAL,39249,ME30199,IBUPROFENO 100 mg / 5 mL SUSPENSION ORAL,Ibuprofeno,SOLUCION ORAL,"LABORATORIOS SPEFAR VENEZOLANOS, S.A.",,3,3
IBUPROFENO 100 MG / 5 ML SUSPENSION ORAL,39252,ME30286,IBUPROFENO 100 mg / 5 mL SUSPENSION ORAL,Ibuprofeno,SOLUCION ORAL,"LABORATORIOS KIMICEG, C.A.",,3,3
IBUPROFENO 400 MG,38218,ME38405,IBUPROFENO 400 mg X 20 TABLETAS,Ibuprofeno,TABLETAS,"BIOQUIMICA INTERNACIONAL, C.A.",https://mav.farmaciasaas.com/api/images/articulos/DISTRIBUCION/24334.jpg,5,4
IBUPROFENO 400 MG,38222,ME27688/2,IBUPROFENO 400 mg X 10 TABLETAS RECUBIERTAS,Ibuprofeno,TABLETAS,"CALOX INTERNATIONAL, C.A.",https://mav.farmaciasaas.com/api/images/articulos/DISTRIBUCION/10070.jpg,5,4
IBUPROFENO 400 MG,38223,ME27688/3,IBUPROFENO 400 mg X 20 TABLETAS RECUBIERTAS,Ibuprofeno,TABLETAS,"CALOX INTERNATIONAL, C.A.",https://pccentro.net.ve/img/s/3/4/0/7/2/34072-large_default.webp,5,4
IBUPROFENO 400 MG,38224,ME33973,IBUPROFENO 400 mg X 10 TABLETAS RECUBIERTAS ENTERICAS,Ibuprofeno,TABLETAS,"LABORATORIO PLUSANDEX DE FARMACEUTICOS UNIDOS, PLUSANDEX, C.A.",https://mav.farmaciasaas.com/api/images/articulos/DISTRIBUCION/92855.jpg,5,4
IBUPROFENO 400 MG,39251,ME30069,IBUPROFENO 400 mg X 10 TABLETAS RECUBIERTAS,Ibuprofeno,TABLETAS,"LABORATORIOS KIMICEG, C.A.",https://pccentro.net.ve/img/s/3/4/0/7/2/34072-large_default.webp,5,4
IBUTAN 400 MG,38229,ME19994/2,IBUTAN 400 mg X 10 TABLETAS,Ibuprofeno,TABLETAS,LABORATORIOS SIEGFRIED S.A.,https://mav.farmaciasaas.com/api/images/articulos/DISTRIBUCION/8969.jpg,2,1
IBUTAN 400 MG,38230,ME19994/3,IBUTAN 400 mg X 20 TABLETAS,Ibuprofeno,TABLETAS,LABORATORIOS SIEGFRIED S.A.,https://mav.farmaciasaas.com/api/images/articulos/DISTRIBUCION/92332.jpg,2,1
IBUTANCOL 400 MG - 4 MG,38232,ME40927/2,IBUTANCOL 400 mg - 4 mg X 10 TABLETAS,Ibuprofeno - Tiocolchicosido,TABLETAS,LABORATORIOS SIEGFRIED S.A.,https://mav.farmaciasaas.com/api/images/articulos/DISTRIBUCION/14204.jpg,2,1
IBUTANCOL 400 MG - 4 MG,38233,ME40927/3,IBUTANCOL 400 mg - 4 mg X 20 TABLETAS,Ibuprofeno - Tiocolchicosido,TABLETAS,LABORATORIOS SIEGFRIED S.A.,https://mav.farmaciasaas.com/api/images/articulos/DISTRIBUCION/14205.jpg,2,1
IBUTANCOL 600 MG - 4 MG,38234,ME39405/2,IBUTANCOL 600 mg - 4 mg X 10 TABLETAS,Ibuprofeno - Tiocolchicosido,TABLETAS,LABORATORIOS SIEGFRIED S.A.,https://mav.farmaciasaas.com/api/images/articulos/DISTRIBUCION/95589.jpg,2,1
IBUTANCOL 600 MG - 4 MG,38235,ME39405/3,IBUTANCOL 600 mg - 4 mg X 20 TABLETAS,Ibuprofeno - Tiocolchicosido,TABLETAS,LABORATORIOS SIEGFRIED S.A.,https://mav.farmaciasaas.com/api/images/articulos/DISTRIBUCION/95590.jpg,2,1
IBUTANFEM 400 MG - 20 MG,38236,ME42479/2,IBUTANFEM 400 mg - 20 mg X 20 TABLETAS RECUBIERTAS,Ibuprofeno,TABLETAS,LABORATORIOS SIEGFRIED S.A.,https://mav.farmaciasaas.com/api/images/articulos/DISTRIBUCION/25251.jpg,2,1
IBUTANFEM 400 MG - 20 MG,38237,ME42479/3,IBUTANFEM 400 mg - 20 mg X 30 TABLETAS RECUBIERTAS,Ibuprofeno,TABLETAS,LABORATORIOS SIEGFRIED S.A.,https://mav.farmaciasaas.com/api/images/articulos/DISTRIBUCION/25252.jpg,2,1
IRBESARTAN 150 MG,38253,ME36068/3,IRBESARTAN 150 mg X 28 TABLETAS,Irbesartan,TABLETAS,"SM PHARMA, C.A.",https://mav.farmaciasaas.com/api/images/articulos/DISTRIBUCION/24260.jpg,4,2
IRBESARTAN 150 MG,38254,ME36068/2,IRBESARTAN 150 mg X 10 TABLETAS,Irbesartan,TABLETAS,"SM PHARMA, C.A.",https://mav.farmaciasaas.com/api/images/articulos/DISTRIBUCION/94012.jpg,4,2
IRBESARTAN 150 MG,38255,ME36068/4,IRBESARTAN 150 mg X 30 TABLETAS,Irbesartan,TABLETAS,"SM PHARMA, C.A.",https://pccentro.net.ve/img/s/5/5/0/4/9/55049-large_default.webp,4,2
IRBESARTAN 150 MG,39257,ME36204,IRBESARTAN 150 mg X 28 TABLETAS,Irbesartan,TABLETAS,"CALOX INTERNATIONAL, C.A.",https://mav.farmaciasaas.com/api/images/articulos/DISTRIBUCION/28781.jpg,4,2
IRBESARTAN 300 MG,38256,ME35908/3,IRBESARTAN 300 mg X 28 TABLETAS,Irbesartan,TABLETAS,"CALOX INTERNATIONAL, C.A.",https://mav.farmaciasaas.com/api/images/articulos/DISTRIBUCION/28779.jpg,2,1
IRBESARTAN 300 MG,38257,ME35908/2,IRBESARTAN 300 mg X 10 TABLETAS,Irbesartan,TABLETAS,"CALOX INTERNATIONAL, C.A.",https://mav.farmaciasaas.com/api/images/articulos/DISTRIBUCION/50766.jpg,2,1
KAPET 75 MG,38266,ME35154/2,KAPET 75 mg X 14 TABLETAS RECUBIERTAS,Clopidogrel,TABLETAS,LABORATORIOS SIEGFRIED S.A.,https://mav.farmaciasaas.com/api/images/articulos/DISTRIBUCION/7826.jpg,2,1
KAPET 75 MG,38267,ME35154/3,KAPET 75 mg X 30 TABLETAS RECUBIERTAS,Clopidogrel,TABLETAS,LABORATORIOS SIEGFRIED S.A.,https://pccentro.net.ve/img/s/7/6/0/5/6/76056-large_default.webp,2,1
KELAC 30 MG / ML,38270,HO30748/2,KELAC 30 mg / mL X 1 AMPOLLAS,,INYECTABLE,MEGALABS S.A.,https://mav.farmaciasaas.com/api/images/articulos/DISTRIBUCION/8261.jpg,3,1
KELAC 30 MG / ML,38271,HO30748/3,KELAC 30 mg / mL X 3 AMPOLLAS,,INYECTABLE,MEGALABS S.A.,https://mav.farmaciasaas.com/api/images/articulos/DISTRIBUCION/95398.jpg,3,1
KELAC 30 MG / ML,38272,HO30748/4,KELAC 30 mg / mL X 4 AMPOLLAS,,INYECTABLE,MEGALABS S.A.,,3,1
KETOPROFENO 100MG / 2 ML,38284,HO35019/2,KETOPROFENO 100mg / 2 mL X 1 AMPOLLAS,Ketoprofeno,INYECTABLE,"CALOX INTERNATIONAL, C.A.",https://mav.farmaciasaas.com/api/images/articulos/DISTRIBUCION/521.jpg,4,1
KETOPROFENO 100MG / 2 ML,38285,HO35019/3,KETOPROFENO 100mg / 2 mL X 2 AMPOLLAS,Ketoprofeno,INYECTABLE,"CALOX INTERNATIONAL, C.A.",https://mav.farmaciasaas.com/api/images/articulos/DISTRIBUCION/5201.jpg,4,1
KETOPROFENO 100MG / 2 ML,38286,HO35019/4,KETOPROFENO 100mg / 2 mL X 10 AMPOLLAS,Ketoprofeno,INYECTABLE,"CALOX INTERNATIONAL, C.A.",https://mav.farmaciasaas.com/api/images/articulos/DISTRIBUCION/26418.jpg,4,1
KETOPROFENO 100MG / 2 ML,38287,HO35019/5,KETOPROFENO 100mg / 2 mL X 20 AMPOLLAS,Ketoprofeno,INYECTABLE,"CALOX INTERNATIONAL, C.A.",https://pccentro.net.ve/img/s/7/7/7/0/1/77701-large_default.webp,4,1
KETOPROFENO 100 MG,38288,ME29236/2,KETOPROFENO 100 mg X 10 CAPSULAS,Ketoprofeno,CAPSULAS,"LABORATORIO LA SANTE, C.A.",https://mav.farmaciasaas.com/api/images/articulos/DISTRIBUCION/51778.jpg,6,3
KETOPROFENO 100 MG,38289,ME29236/3,KETOPROFENO 100 mg X 20 CAPSULAS,Ketoprofeno,CAPSULAS,"LABORATORIO LA SANTE, C.A.",https://mav.farmaciasaas.com/api/images/articulos/DISTRIBUCION/4040.jpg,6,3
KETOPROFENO 100 MG,38290,ME41682/2,KETOPROFENO 100 mg X 10 CAPSULAS,Ketoprofeno,CAPSULAS,"CALOX INTERNATIONAL, C.A.",https://mav.farmaciasaas.com/api/images/articulos/DISTRIBUCION/21061.jpg,6,3
KETOPROFENO 100 MG,38291,ME41682/3,KETOPROFENO 100 mg X 20 CAPSULAS,Ketoprofeno,CAPSULAS,"CALOX INTERNATIONAL, C.A.",https://mav.farmaciasaas.com/api/images/articulos/DISTRIBUCION/2408.jpg,6,3
KETOPROFENO 100 MG,38292,ME35351/2,KETOPROFENO 100 mg X 10 CAPSULAS,Ketoprofeno,CAPSULAS,"LABORATORIOS LETI, S.A.V.",https://mav.farmaciasaas.com/api/images/articulos/DISTRIBUCION/54274.jpg,6,3
KETOPROFENO 100 MG,38293,ME35351/3,KETOPROFENO 100 mg X 20 CAPSULAS,Ketoprofeno,CAPSULAS,"LABORATORIOS LETI, S.A.V.",https://mav.farmaciasaas.com/api/images/articulos/DISTRIBUCION/8408.jpg,6,3
KETOROLACO TROMETAMOL 30 MG / ML,38296,HO42668/3,KETOROLACO TROMETAMOL 30 mg / mL X 10 AMPOLLAS,Ketorolaco,INYECTABLE,"LABORATORIO BIOSANO, S.A.",https://mav.farmaciasaas.com/api/images/articulos/DISTRIBUCION/29479.jpg,2,1
KETOROLACO TROMETAMOL 30 MG / ML,38297,HO42668/2,KETOROLACO TROMETAMOL 30 mg / mL X 8 AMPOLLAS,Ketorolaco,INYECTABLE,"LABORATORIO BIOSANO, S.A.",https://pccentro.net.ve/img/s/8/6/0/2/2/86022-large_default.webp,2,1
KEYDOL 400 MG - 4 MG,38300,ME43754/2,KEYDOL 400 mg - 4 mg X 10 COMPRIMIDOS RECUBIERTOS,Ibuprofeno - Tiocolchicosido,COMPRIMIDOS,MEGALABS S.A.,https://mav.farmaciasaas.com/api/images/articulos/DISTRIBUCION/54359.jpg,2,1
KEYDOL 400 MG - 4 MG,38301,ME43754/3,KEYDOL 400 mg - 4 mg X 20 COMPRIMIDOS RECUBIERTOS,Ibuprofeno - Tiocolchicosido,COMPRIMIDOS,MEGALABS S.A.,https://mav.farmaciasaas.com/api/images/articulos/DISTRIBUCION/54358.jpg,2,1
KEYDOL 600 MG - 4 MG,38302,ME43753/2,KEYDOL 600 mg - 4 mg X 10 COMPRIMIDOS RECUBIERTOS,Ibuprofeno - Tiocolchicosido,COMPRIMIDOS,MEGALABS S.A.,https://mav.farmaciasaas.com/api/images/articulos/DISTRIBUCION/54360.jpg,2,1
KEYDOL 600 MG - 4 MG,38303,ME43753/3,KEYDOL 600 mg - 4 mg X 20 COMPRIMIDOS RECUBIERTOS,Ibuprofeno - Tiocolchicosido,COMPRIMIDOS,MEGALABS S.A.,https://mav.farmaciasaas.com/api/images/articulos/DISTRIBUCION/54361.jpg,2,1
LACTBET 3000 U,38306,ME36925/2,LACTBET 3000 U X 10 CAPSULAS,,CAPSULAS,"BIOTECH LABORATORIOS, C.A.",https://mav.farmaciasaas.com/api/images/articulos/DISTRIBUCION/52649.jpg,2,1
LACTBET 3000 U,38307,ME36925/3,LACTBET 3000 U X 20 CAPSULAS,,CAPSULAS,"BIOTECH LABORATORIOS, C.A.",,2,1
VITAMINA C 500 MG,38309,ME42656,VITAMINA C 500 mg X 16 TABLETAS MASTICABLES SABOR A TUTTI FRUTTI,Ascorbico Acido,TABLETAS,"LABORATORIO LA SANTE, C.A.",https://mav.farmaciasaas.com/api/images/articulos/DISTRIBUCION/1397.jpg,4,2
VITAMINA C 500 MG,38963,ME44099/3,VITAMINA C 500 mg X 15 TABLETAS MASTICABLES SABOR A NARANJA,Vitamina C,TABLETAS,HIRAL LABS LIMITED,https://mav.farmaciasaas.com/api/images/articulos/DISTRIBUCION/23924.jpg,4,2
VITAMINA C 500 MG,38964,ME44099/4,VITAMINA C 500 mg X 30 TABLETAS MASTICABLES SABOR A NARANJA,Vitamina C,TABLETAS,HIRAL LABS LIMITED,https://mav.farmaciasaas.com/api/images/articulos/DISTRIBUCION/27114.jpg,4,2
VITAMINA C 500 MG,38965,ME44099/2,VITAMINA C 500 mg X 10 TABLETAS MASTICABLES SABOR A NARANJA,Vitamina C,TABLETAS,HIRAL LABS LIMITED,https://mav.farmaciasaas.com/api/images/articulos/DISTRIBUCION/20327.jpg,4,2
LAMOTRIGINA 100 MG,38311,ME42689,LAMOTRIGINA 100 mg X 30 TABLETAS RECUBIERTAS,Lamotrigina,TABLETAS,COOPER PHARMA LTD,https://mav.farmaciasaas.com/api/images/articulos/DISTRIBUCION/23029.jpg,2,2
LAMOTRIGINA 100 MG,38312,ME44647,LAMOTRIGINA 100 mg X 28 TABLETAS DE LIBERACION PROLONGADA,Lamotrigina,TABLETAS,ZYDUS LIFESCIENCIES LIMITED,https://mav.farmaciasaas.com/api/images/articulos/DISTRIBUCION/20096.jpg,2,2
LERCANIDIPINO 20 MG,38321,ME44041/2,LERCANIDIPINO 20 mg X 10 COMPRIMIDOS RECUBIERTOS,Lercanidipino,COMPRIMIDOS,"LABORATORIOS VARGAS, S.A.",https://pccentro.net.ve/img/s/8/4/0/5/5/84055-large_default.webp,2,1
LERCANIDIPINO 20 MG,38322,ME44041/3,LERCANIDIPINO 20 mg X 30 COMPRIMIDOS RECUBIERTOS,Lercanidipino,COMPRIMIDOS,"LABORATORIOS VARGAS, S.A.",https://mav.farmaciasaas.com/api/images/articulos/DISTRIBUCION/51324.jpg,2,1
LETISAN 500 MG,38326,ME33641/2,LETISAN 500 mg X 10 COMPRIMIDOS RECUBIERTOS DE ACCION PROLONGADA,,COMPRIMIDOS,"LABORATORIOS LETI, S.A.V.",https://mav.farmaciasaas.com/api/images/articulos/DISTRIBUCION/50523.jpg,3,1
LETISAN 500 MG,38327,ME33641/3,LETISAN 500 mg X 30 COMPRIMIDOS RECUBIERTOS DE ACCION PROLONGADA,,COMPRIMIDOS,"LABORATORIOS LETI, S.A.V.",https://mav.farmaciasaas.com/api/images/articulos/DISTRIBUCION/99231.jpg,3,1
LETISAN 500 MG,39284,ME38543,LETISAN 500 mg X 10 TABLETAS MASTICABLES SABOR UVA,Ascorbico Acido,TABLETAS,"LABORATORIOS LETI, S.A.V.",https://mav.farmaciasaas.com/api/images/articulos/DISTRIBUCION/19532.jpg,3,1
LEVOFLOXACINO 500 MG,38333,ME43817,LEVOFLOXACINO 500 mg X 10 TABLETAS RECUBIERTAS,Levofloxacino,TABLETAS,"JIANGXI SYNERGY PHARMACEUTICAL CO., LTD",,4,2
LEVOFLOXACINO 500 MG,38340,ME38925/3,LEVOFLOXACINO 500 mg X 7 TABLETAS RECUBIERTAS,Levofloxacino,TABLETAS,"LABORATORIOS KIMICEG, C.A.",https://mav.farmaciasaas.com/api/images/articulos/DISTRIBUCION/20100.jpg,4,2
LEVOFLOXACINO 500 MG,38341,ME38925/4,LEVOFLOXACINO 500 mg X 10 TABLETAS RECUBIERTAS,Levofloxacino,TABLETAS,"LABORATORIOS KIMICEG, C.A.",,4,2
LEVOFLOXACINO 500 MG,38342,ME38925/2,LEVOFLOXACINO 500 mg X 5 TABLETAS RECUBIERTAS,Levofloxacino,TABLETAS,"LABORATORIOS KIMICEG, C.A.",https://mav.farmaciasaas.com/api/images/articulos/DISTRIBUCION/53252.jpg,4,2
LEVOFLOXACINA 500 MG,38334,ME32188,LEVOFLOXACINA 500 mg X 10 COMPRIMIDOS RECUBIERTOS,Levofloxacino,COMPRIMIDOS,"LABORATORIOS LETI, S.A.V.",https://mav.farmaciasaas.com/api/images/articulos/DISTRIBUCION/26132.jpg,3,2
LEVOFLOXACINA 500 MG,38338,ME35920/3,LEVOFLOXACINA 500 mg X 10 TABLETAS RECUBIERTAS,Levofloxacino,TABLETAS,"PROCAPS, S.A.",,3,2
LEVOFLOXACINA 500 MG,38339,ME35920/2,LEVOFLOXACINA 500 mg X 7 TABLETAS RECUBIERTAS,Levofloxacino,TABLETAS,"PROCAPS, S.A.",https://mav.farmaciasaas.com/api/images/articulos/DISTRIBUCION/24405.jpg,3,2
LEVOFLOXACINA 750 MG,38335,ME43531/2,LEVOFLOXACINA 750 mg X 5 TABLETAS RECUBIERTAS,Levofloxacino,TABLETAS,ANG LIFESCIENCES INDIA LTD,https://mav.farmaciasaas.com/api/images/articulos/DISTRIBUCION/19718.jpg,3,1
LEVOFLOXACINA 750 MG,38336,ME43531/3,LEVOFLOXACINA 750 mg X 7 TABLETAS RECUBIERTAS,Levofloxacino,TABLETAS,ANG LIFESCIENCES INDIA LTD,,3,1
LEVOFLOXACINA 750 MG,38337,ME43531/4,LEVOFLOXACINA 750 mg X 10 TABLETAS RECUBIERTAS,Levofloxacino,TABLETAS,ANG LIFESCIENCES INDIA LTD,https://mav.farmaciasaas.com/api/images/articulos/DISTRIBUCION/24415.jpg,3,1
LEVOTIROXINA SODICA 100 MCG,38349,ME42576/2,LEVOTIROXINA SODICA 100 mcg X 10 TABLETAS,Levotiroxina,TABLETAS,MACLEODS PHARMACEUTICALS LTD,https://mav.farmaciasaas.com/api/images/articulos/DISTRIBUCION/22840.jpg,2,1
LEVOTIROXINA SODICA 100 MCG,38350,ME42576/3,LEVOTIROXINA SODICA 100 mcg X 50 TABLETAS,Levotiroxina,TABLETAS,MACLEODS PHARMACEUTICALS LTD,https://mav.farmaciasaas.com/api/images/articulos/DISTRIBUCION/20026.jpg,2,1
LOPERAM 2 MG,38376,ME22142/2,LOPERAM 2 mg X 4 TABLETAS,Loperamida,TABLETAS,"LABORATORIOS VARGAS, S.A.",https://mav.farmaciasaas.com/api/images/articulos/DISTRIBUCION/5224.jpg,2,1
LOPERAM 2 MG,38377,ME22142/3,LOPERAM 2 mg X 10 TABLETAS,Loperamida,TABLETAS,"LABORATORIOS VARGAS, S.A.",https://mav.farmaciasaas.com/api/images/articulos/DISTRIBUCION/18988.jpg,2,1
LOPERAMIDA 2 MG,38378,ME40887,LOPERAMIDA 2 mg X 10 TABLETAS,Loperamida,TABLETAS,"SM PHARMA, C.A.",https://mav.farmaciasaas.com/api/images/articulos/DISTRIBUCION/53152.jpg,2,2
LOPERAMIDA 2 MG,38379,ME43709,LOPERAMIDA 2 mg X 100 COMPRIMIDOS,Loperamida,COMPRIMIDOS,"LABORATORIOS SPEFAR VENEZOLANOS, S.A.",https://mav.farmaciasaas.com/api/images/articulos/DISTRIBUCION/25013.jpg,2,2
LORATADINA 10 MG,38381,ME28127,LORATADINA 10 mg X 10 COMPRIMIDOS,Loratadina,COMPRIMIDOS,"LABORATORIOS LETI, S.A.V.",https://mav.farmaciasaas.com/api/images/articulos/DISTRIBUCION/3401.jpg,5,4
LORATADINA 10 MG,38383,ME27529/2,LORATADINA 10 mg X 10 TABLETAS,Loratadina,TABLETAS,"CALOX INTERNATIONAL, C.A.",https://mav.farmaciasaas.com/api/images/articulos/DISTRIBUCION/9653.jpg,5,4
LORATADINA 10 MG,38384,ME27529/3,LORATADINA 10 mg X 20 TABLETAS,Loratadina,TABLETAS,"CALOX INTERNATIONAL, C.A.",https://mav.farmaciasaas.com/api/images/articulos/DISTRIBUCION/99082.jpg,5,4
LORATADINA 10 MG,38387,ME39257,LORATADINA 10 mg X 10 TABLETAS,Loratadina,TABLETAS,"BIOQUIMICA INTERNACIONAL, C.A.",https://mav.farmaciasaas.com/api/images/articulos/DISTRIBUCION/24536.jpg,5,4
LORATADINA 10 MG,38388,ME39177,LORATADINA 10 mg X 10 TABLETAS,,TABLETAS,LABORATORIOS ALFA C X A,https://mav.farmaciasaas.com/api/images/articulos/DISTRIBUCION/53261.jpg,5,4
LOSARTAN POTASICO 50 MG,38395,ME29469/4,LOSARTAN POTASICO 50 mg X 30 COMPRIMIDOS RECUBIERTOS,Losartan,COMPRIMIDOS,"LABORATORIOS LETI, S.A.V.",https://mav.farmaciasaas.com/api/images/articulos/DISTRIBUCION/97621.jpg,10,6
LOSARTAN POTASICO 50 MG,38396,ME29469/2,LOSARTAN POTASICO 50 mg X 10 COMPRIMIDOS RECUBIERTOS,Losartan,COMPRIMIDOS,"LABORATORIOS LETI, S.A.V.",https://mav.farmaciasaas.com/api/images/articulos/DISTRIBUCION/54209.jpg,10,6
LOSARTAN POTASICO 50 MG,38397,ME29469/3,LOSARTAN POTASICO 50 mg X 20 COMPRIMIDOS RECUBIERTOS,Losartan,COMPRIMIDOS,"LABORATORIOS LETI, S.A.V.",https://mav.farmaciasaas.com/api/images/articulos/DISTRIBUCION/92637.jpg,10,6
LOSARTAN POTASICO 50 MG,38401,ME35008,LOSARTAN POTASICO 50 mg X 30 TABLETAS RECUBIERTAS,Losartan,TABLETAS,"LABORATORIOS VALMOR, C.A.",https://mav.farmaciasaas.com/api/images/articulos/DISTRIBUCION/20271.jpg,10,6
LOSARTAN POTASICO 50 MG,38404,ME42945,LOSARTAN POTASICO 50 mg X 30 TABLETAS RECUBIERTAS,Losartan,TABLETAS,"BIOTECH LABORATORIOS, C.A.",https://mav.farmaciasaas.com/api/images/articulos/DISTRIBUCION/27329.jpg,10,6
LOSARTAN POTASICO 50 MG,38407,ME31205/2,LOSARTAN POTASICO 50 mg X 10 TABLETAS RECUBIERTAS,Losartan,TABLETAS,"LABORATORIOS KIMICEG, C.A.",https://pccentro.net.ve/img/s/8/0/7/1/4/80714-large_default.webp,10,6
LOSARTAN POTASICO 50 MG,38408,ME31205/4,LOSARTAN POTASICO 50 mg X 30 TABLETAS RECUBIERTAS,Losartan,TABLETAS,"LABORATORIOS KIMICEG, C.A.",https://pccentro.net.ve/img/s/8/0/7/1/4/80714-large_default.webp,10,6
LOSARTAN POTASICO 50 MG,38409,ME31205/3,LOSARTAN POTASICO 50 mg X 20 TABLETAS RECUBIERTAS,Losartan,TABLETAS,"LABORATORIOS KIMICEG, C.A.",https://pccentro.net.ve/img/s/8/0/7/1/4/80714-large_default.webp,10,6
LOSARTAN POTASICO 50 MG,38410,ME34265,LOSARTAN POTASICO 50 mg X 30 TABLETAS RECUBIERTAS,Losartan,TABLETAS,"CALOX INTERNATIONAL, C.A.",https://mav.farmaciasaas.com/api/images/articulos/DISTRIBUCION/99640.jpg,10,6
LOSARTAN POTASICO 50 MG,39289,ME36662,LOSARTAN POTASICO 50 mg X 14 TABLETAS RECUBIERTAS,Losartan,TABLETAS,"LABORATORIOS SPEFAR VENEZOLANOS, S.A.",https://pccentro.net.ve/img/s/8/0/7/1/4/80714-large_default.webp,10,6
"LOSARTAN POTASICO - HIDROCLOROTIAZIDA 50 MG - 12,5 MG",38402,ME35402/3,"LOSARTAN POTASICO - HIDROCLOROTIAZIDA 50 mg - 12,5 mg X 30 COMPRIMIDOS RECU",,COMPRIMIDOS,LABORATORIO CHILE S.A.,https://mav.farmaciasaas.com/api/images/articulos/DISTRIBUCION/20434.jpg,2,1
"LOSARTAN POTASICO - HIDROCLOROTIAZIDA 50 MG - 12,5 MG",38403,ME35402/2,"LOSARTAN POTASICO - HIDROCLOROTIAZIDA 50 mg - 12,5 mg X 15 COMPRIMIDOS RECU",,COMPRIMIDOS,LABORATORIO CHILE S.A.,https://mav.farmaciasaas.com/api/images/articulos/DISTRIBUCION/90067.jpg,2,1
LOSARTAN POTASICO - HIDROCLOROTIZADA 100 MG - 25 MG,38405,ME36110/2,LOSARTAN POTASICO - HIDROCLOROTIZADA 100 mg - 25 mg X 10 TABLETAS RECUBIERTAS,Hidroclorotiazida - Losartan,TABLETAS,"CALOX INTERNATIONAL, C.A.",https://pccentro.net.ve/img/s/2/3/6/7/7/23677-large_default.webp,2,1
LOSARTAN POTASICO - HIDROCLOROTIZADA 100 MG - 25 MG,38406,ME36110/3,LOSARTAN POTASICO - HIDROCLOROTIZADA 100 mg - 25 mg X 30 TABLETAS RECUBIERTAS,Hidroclorotiazida - Losartan,TABLETAS,"CALOX INTERNATIONAL, C.A.",https://pccentro.net.ve/img/s/2/3/6/7/7/23677-large_default.webp,2,1
LOSARTAN POTASICO 100 MG,38411,ME34979,LOSARTAN POTASICO 100 mg X 30 COMPRIMIDOS RECUBIERTOS,Losartan,COMPRIMIDOS,"LABORATORIOS VARGAS, S.A.",https://mav.farmaciasaas.com/api/images/articulos/DISTRIBUCION/52471.jpg,2,2
LOSARTAN POTASICO 100 MG,39290,ME36589,LOSARTAN POTASICO 100 mg X 10 TABLETAS RECUBIERTAS,Losartan,TABLETAS,"LABORATORIOS KIMICEG, C.A.",https://mav.farmaciasaas.com/api/images/articulos/DISTRIBUCION/23432.jpg,2,2
MAILEN 5 MG,38423,ME34990/2,MAILEN 5 mg X 10 COMPRIMIDOS RECUBIERTOS,Desloratadina,COMPRIMIDOS,MEGALABS S.A.,https://mav.farmaciasaas.com/api/images/articulos/DISTRIBUCION/7557.jpg,2,1
MAILEN 5 MG,38424,ME34990/3,MAILEN 5 mg X 30 COMPRIMIDOS RECUBIERTOS,Desloratadina,COMPRIMIDOS,MEGALABS S.A.,https://mav.farmaciasaas.com/api/images/articulos/DISTRIBUCION/95984.jpg,2,1
MEDROXIPROGESTERONA 10MG,38434,ME43537/2,Medroxiprogesterona 10mg X 10 Tabletas,Medroxiprogesterona,TABLETAS,ACCENT PHARMACEUTICALS & DIAGNOSTICS,https://mav.farmaciasaas.com/api/images/articulos/DISTRIBUCION/53471.jpg,2,1
MEDROXIPROGESTERONA 10MG,38435,ME43537/3,Medroxiprogesterona 10mg X 28 Tabletas,Medroxiprogesterona,TABLETAS,ACCENT PHARMACEUTICALS & DIAGNOSTICS,,2,1
MELOXICAM 15 MG,38438,ME33048,MELOXICAM 15 mg X 10 TABLETAS,Meloxicam,TABLETAS,"CALOX INTERNATIONAL, C.A.",https://mav.farmaciasaas.com/api/images/articulos/DISTRIBUCION/23028.jpg,3,3
MELOXICAM 15 MG,38439,ME30977,MELOXICAM 15 mg X 10 TABLETAS,Meloxicam,TABLETAS,"LABORATORIOS KIMICEG, C.A.",https://pccentro.net.ve/img/s/2/5/4/9/8/25498-large_default.webp,3,3
MELOXICAM 15 MG,38440,ME30530,MELOXICAM 15 mg X 10 COMPRIMIDOS,Meloxicam,COMPRIMIDOS,"LABORATORIOS LETI, S.A.V.",https://mav.farmaciasaas.com/api/images/articulos/DISTRIBUCION/7370.jpg,3,3
"MELOXICAM 7,5 MG",38441,ME30976,"MELOXICAM 7,5 mg X 10 TABLETAS",Meloxicam,TABLETAS,"LABORATORIOS KIMICEG, C.A.",https://mav.farmaciasaas.com/api/images/articulos/DISTRIBUCION/1986.jpg,2,2
"MELOXICAM 7,5 MG",39295,ME42819,"MELOXICAM 7,5 mg X 10 TABLETAS",Meloxicam,TABLETAS,"LABORATORIOS L.O. OFTALMI, C.A.",https://pccentro.net.ve/img/s/8/5/3/0/8/85308-large_default.webp,2,2
MEMANTINA CLORHIDRATO 10 MG,38442,ME43017/2,MEMANTINA CLORHIDRATO 10 mg X 10 TABLETAS RECUBIERTAS,Memantina,TABLETAS,MACLEODS PHARMACEUTICALS LTD,https://mav.farmaciasaas.com/api/images/articulos/DISTRIBUCION/50985.jpg,3,1
MEMANTINA CLORHIDRATO 10 MG,38443,ME43017/4,MEMANTINA CLORHIDRATO 10 mg X 28 TABLETAS RECUBIERTAS,Memantina,TABLETAS,MACLEODS PHARMACEUTICALS LTD,https://mav.farmaciasaas.com/api/images/articulos/DISTRIBUCION/22396.jpg,3,1
MEMANTINA CLORHIDRATO 10 MG,38444,ME43017/3,MEMANTINA CLORHIDRATO 10 mg X 14 TABLETAS RECUBIERTAS,Memantina,TABLETAS,MACLEODS PHARMACEUTICALS LTD,https://mav.farmaciasaas.com/api/images/articulos/DISTRIBUCION/26136.jpg,3,1
DIPIRONA 1 G / 2 ML,38450,HO21983/2,DIPIRONA 1 g / 2 mL X 3 AMPOLLAS,,INYECTABLE,"LABORATORIOS VALMOR, C.A.",https://mav.farmaciasaas.com/api/images/articulos/DISTRIBUCION/29164.jpg,2,1
DIPIRONA 1 G / 2 ML,38451,HO21983/3,DIPIRONA 1 g / 2 mL X 5 AMPOLLAS,,INYECTABLE,"LABORATORIOS VALMOR, C.A.",,2,1
METFORMINA CLORHIDRATO 850MG,38453,ME43925/4,Metformina Clorhidrato 850mg X 30 Tabletas Recubiertas,(+)-tetrabenazina - Metformina,TABLETAS,"LABORATORIO PLUSANDEX DE FARMACEUTICOS UNIDOS, PLUSANDEX, C.A.",,3,1
METFORMINA CLORHIDRATO 850MG,38454,ME43925/2,Metformina Clorhidrato 850mg X 14 Tabletas Recubiertas,(+)-tetrabenazina - Metformina,TABLETAS,"LABORATORIO PLUSANDEX DE FARMACEUTICOS UNIDOS, PLUSANDEX, C.A.",,3,1
METFORMINA CLORHIDRATO 850MG,38455,ME43925/3,Metformina Clorhidrato 850mg X 28 Tabletas Recubiertas,(+)-tetrabenazina - Metformina,TABLETAS,"LABORATORIO PLUSANDEX DE FARMACEUTICOS UNIDOS, PLUSANDEX, C.A.",,3,1
METFORMINA CLORHIDRATO 1000 MG,38456,ME42410,METFORMINA CLORHIDRATO 1000 mg X 30 TABLETAS RECUBIERTAS,Metformina,TABLETAS,LEK PHARMACEUTICALS D.D,https://pccentro.net.ve/img/s/8/4/0/4/3/84043-large_default.webp,2,2
METFORMINA CLORHIDRATO 1000 MG,38464,ME42625,METFORMINA CLORHIDRATO 1000 mg X 30 TABLETAS RECUBIERTAS,,TABLETAS,FLAMINGO PHARMACEUTICALS LTD,https://mav.farmaciasaas.com/api/images/articulos/DISTRIBUCION/52951.jpg,2,2
METFORMINA CLORHIDRATO 500 MG,38457,ME42358,METFORMINA CLORHIDRATO 500 mg X 28 TABLETAS,,TABLETAS,"CALOX INTERNATIONAL, C.A.",https://mav.farmaciasaas.com/api/images/articulos/DISTRIBUCION/5582.jpg,3,3
METFORMINA CLORHIDRATO 500 MG,38460,ME37538,METFORMINA CLORHIDRATO 500 mg X 30 TABLETAS RECUBIERTAS,Metformina,TABLETAS,BAROQUE PHARMACEUTICALS PVT. LTD.,https://pccentro.net.ve/img/s/8/0/4/9/6/80496-large_default.webp,3,3
METFORMINA CLORHIDRATO 500 MG,39300,ME42761,METFORMINA CLORHIDRATO 500 mg X 30 TABLETAS,Metformina,TABLETAS,"BIOTECH LABORATORIOS, C.A.",https://mav.farmaciasaas.com/api/images/articulos/DISTRIBUCION/27232.jpg,3,3
METFORMINA 500 MG,38458,ME36815,METFORMINA 500 mg X 30 TABLETAS RECUBIERTAS,,TABLETAS,AUROBINDO PHARMA LIMITED,https://mav.farmaciasaas.com/api/images/articulos/DISTRIBUCION/20704.jpg,2,2
METFORMINA 500 MG,38459,ME44619,METFORMINA 500 mg X 30 TABLETAS RECUBIERTAS,Metformina,TABLETAS,ANG LIFESCIENCES INDIA LTD,https://pccentro.net.ve/img/s/8/0/4/9/6/80496-large_default.webp,2,2
METFORMINA CLORHIDRATO 850 MG,38461,ME32508/3,METFORMINA CLORHIDRATO 850 mg X 30 TABLETAS,,TABLETAS,"CALOX INTERNATIONAL, C.A.",https://mav.farmaciasaas.com/api/images/articulos/DISTRIBUCION/53284.jpg,2,1
METFORMINA CLORHIDRATO 850 MG,38462,ME32508/2,METFORMINA CLORHIDRATO 850 mg X 28 TABLETAS,,TABLETAS,"CALOX INTERNATIONAL, C.A.",https://mav.farmaciasaas.com/api/images/articulos/DISTRIBUCION/3913.jpg,2,1
METOCLOPRAMIDA 10 MG / 2 ML,38467,HO44684,METOCLOPRAMIDA 10 mg / 2 mL X 3 AMPOLLAS,Metoclopramida,INYECTABLE,"CASA DE REPRESENTACIONES JMW, C.A.",https://mav.farmaciasaas.com/api/images/articulos/DISTRIBUCION/28789.jpg,2,2
METOCLOPRAMIDA 10 MG / 2 ML,38468,HO26028,METOCLOPRAMIDA 10 mg / 2 mL X 6 AMPOLLAS,Metoclopramida,INYECTABLE,"LABORATORIOS VALMOR, C.A.",https://mav.farmaciasaas.com/api/images/articulos/DISTRIBUCION/7763.jpg,2,2
METREN 500 MG,38471,ME29532/2,METREN 500 mg X 10 CAPSULAS BLANDAS VAGINALES,Metronidazol,CAPSULAS,LABORATORIOS SIEGFRIED S.A.,https://mav.farmaciasaas.com/api/images/articulos/DISTRIBUCION/6011.jpg,3,1
METREN 500 MG,38472,ME29532/3,METREN 500 mg X 15 CAPSULAS BLANDAS VAGINALES,Metronidazol,CAPSULAS,LABORATORIOS SIEGFRIED S.A.,https://pccentro.net.ve/img/s/5/6/9/0/0/56900-large_default.webp,3,1
METREN 500 MG,38474,ME28780,METREN 500 mg X 10 TABLETAS,Metronidazol,TABLETAS,LABORATORIOS SIEGFRIED S.A.,https://mav.farmaciasaas.com/api/images/articulos/DISTRIBUCION/6005.jpg,3,1
METRONIDAZOL 500 MG,38477,ME42530,METRONIDAZOL 500 mg X 10 OVULOS VAGINALES,Metronidazol,OVULOS,BLISS GVS PHARMA LTD,https://mav.farmaciasaas.com/api/images/articulos/DISTRIBUCION/21032.jpg,4,3
METRONIDAZOL 500 MG,38481,ME28549/2,METRONIDAZOL 500 mg X 10 TABLETAS,Metronidazol,TABLETAS,"LABORATORIO LA SANTE, C.A.",https://mav.farmaciasaas.com/api/images/articulos/DISTRIBUCION/51052.jpg,4,3
METRONIDAZOL 500 MG,38482,ME28549/3,METRONIDAZOL 500 mg X 30 TABLETAS,Metronidazol,TABLETAS,"LABORATORIO LA SANTE, C.A.",https://mav.farmaciasaas.com/api/images/articulos/DISTRIBUCION/20526.jpg,4,3
METRONIDAZOL 500 MG,38483,ME43038,METRONIDAZOL 500 mg X 30 TABLETAS,Metronidazol,TABLETAS,"JIANGXI XIER KANGTAI PHARMACEUTICAL CO., LTD",https://pccentro.net.ve/img/s/7/6/2/9/7/76297-large_default.webp,4,3
MIGRAVAL 100 MG,38488,ME31976/2,MIGRAVAL 100 mg X 2 COMPRIMIDOS RECUBIERTOS,Sumatriptan,COMPRIMIDOS,MEGALABS S.A.,https://mav.farmaciasaas.com/api/images/articulos/DISTRIBUCION/1945.jpg,3,1
MIGRAVAL 100 MG,38489,ME31976/3,MIGRAVAL 100 mg X 4 COMPRIMIDOS RECUBIERTOS,Sumatriptan,COMPRIMIDOS,MEGALABS S.A.,https://mav.farmaciasaas.com/api/images/articulos/DISTRIBUCION/19846.jpg,3,1
MIGRAVAL 100 MG,38490,ME31976/4,MIGRAVAL 100 mg X 8 COMPRIMIDOS RECUBIERTOS,Sumatriptan,COMPRIMIDOS,MEGALABS S.A.,https://mav.farmaciasaas.com/api/images/articulos/DISTRIBUCION/19847.jpg,3,1
MIOVIT COMPOSITUM CON LIDOCAINA,38492,HO23464/3,MIOVIT COMPOSITUM CON LIDOCAINA X 3 AMPOLLAS,,INYECTABLE,"LABORATORIO COFASA, S.A.",https://mav.farmaciasaas.com/api/images/articulos/DISTRIBUCION/5514.jpg,3,1
MIOVIT COMPOSITUM CON LIDOCAINA,38493,HO23464/2,MIOVIT COMPOSITUM CON LIDOCAINA X 1 AMPOLLAS,,INYECTABLE,"LABORATORIO COFASA, S.A.",https://mav.farmaciasaas.com/api/images/articulos/DISTRIBUCION/3015.jpg,3,1
MIOVIT COMPOSITUM CON LIDOCAINA,38494,HO23464/4,MIOVIT COMPOSITUM CON LIDOCAINA X 6 AMPOLLAS,,INYECTABLE,"LABORATORIO COFASA, S.A.",https://mav.farmaciasaas.com/api/images/articulos/DISTRIBUCION/97516.jpg,3,1
MIOVIT,38495,ME22476/2,MIOVIT X 10 COMPRIMIDOS RECUBIERTOS,,COMPRIMIDOS,"LABORATORIO COFASA, S.A.",https://mav.farmaciasaas.com/api/images/articulos/DISTRIBUCION/6960.jpg,2,1
MIOVIT,38496,ME22476/3,MIOVIT X 30 COMPRIMIDOS RECUBIERTOS,,COMPRIMIDOS,"LABORATORIO COFASA, S.A.",https://mav.farmaciasaas.com/api/images/articulos/DISTRIBUCION/5087.jpg,2,1
MIRTAZAVAL 15 MG,38500,ME43794/3,MIRTAZAVAL 15 mg X 30 TABLETAS RECUBIERTAS,Mirtazapina,TABLETAS,"LABORATORIOS VALMOR, C.A.",https://mav.farmaciasaas.com/api/images/articulos/DISTRIBUCION/52793.jpg,2,1
MIRTAZAVAL 15 MG,38501,ME43794/2,MIRTAZAVAL 15 mg X 10 TABLETAS RECUBIERTAS,Mirtazapina,TABLETAS,"LABORATORIOS VALMOR, C.A.",https://pccentro.net.ve/img/s/5/2/3/9/1/52391-large_default.webp,2,1
MONTELUKAST 10 MG,38504,ME33690/2,MONTELUKAST 10 mg X 10 TABLETAS RECUBIERTAS,Montelukast,TABLETAS,"LABORATORIOS L.O. OFTALMI, C.A.",https://mav.farmaciasaas.com/api/images/articulos/DISTRIBUCION/18804.jpg,3,2
MONTELUKAST 10 MG,38505,ME33690/3,MONTELUKAST 10 mg X 30 TABLETAS RECUBIERTAS,Montelukast,TABLETAS,"LABORATORIOS L.O. OFTALMI, C.A.",https://mav.farmaciasaas.com/api/images/articulos/DISTRIBUCION/27584.jpg,3,2
MONTELUKAST 10 MG,39309,ME37063,MONTELUKAST 10 mg X 10 TABLETAS RECUBIERTAS,Montelukast,TABLETAS,"LABORATORIOS SPEFAR VENEZOLANOS, S.A.",https://pccentro.net.ve/img/s/7/5/8/6/9/75869-large_default.webp,3,2
MONTELUKAST 5 MG,38506,ME35286,MONTELUKAST 5 mg X 30 TABLETAS MASTICABLES,Montelukast,TABLETAS,"CALOX INTERNATIONAL, C.A.",https://mav.farmaciasaas.com/api/images/articulos/DISTRIBUCION/92814.jpg,2,2
MONTELUKAST 5 MG,39310,ME42894,MONTELUKAST 5 mg X 30 TABLETAS MASTICABLES,Montelukast,TABLETAS,"LABORATORIOS L.O. OFTALMI, C.A.",https://pccentro.net.ve/img/s/5/8/2/0/8/58208-large_default.webp,2,2
MONTRAX 10 MG,38507,ME38837/2,MONTRAX 10 mg X 10 TABLETAS,,TABLETAS,"BIOTECH LABORATORIOS, C.A.",https://mav.farmaciasaas.com/api/images/articulos/DISTRIBUCION/27191.jpg,2,1
MONTRAX 10 MG,38508,ME38837/3,MONTRAX 10 mg X 30 TABLETAS,,TABLETAS,"BIOTECH LABORATORIOS, C.A.",https://mav.farmaciasaas.com/api/images/articulos/DISTRIBUCION/96585.jpg,2,1
MONTRAX 5 MG,38510,ME39174/2,MONTRAX 5 mg X 10 TABLETAS MASTICABLES,,TABLETAS,"BIOTECH LABORATORIOS, C.A.",https://mav.farmaciasaas.com/api/images/articulos/DISTRIBUCION/27038.jpg,2,1
MONTRAX 5 MG,38511,ME39174/3,MONTRAX 5 mg X 30 TABLETAS MASTICABLES,,TABLETAS,"BIOTECH LABORATORIOS, C.A.",https://mav.farmaciasaas.com/api/images/articulos/DISTRIBUCION/96583.jpg,2,1
MOXIFLOXACINA 400 MG,38516,ME37148,MOXIFLOXACINA 400 mg X 7 TABLETAS RECUBIERTAS,Moxifloxacino,TABLETAS,"LABORATORIO LA SANTE, C.A.",https://mav.farmaciasaas.com/api/images/articulos/DISTRIBUCION/90066.jpg,3,3
MOXIFLOXACINA 400 MG,38517,ME36486,MOXIFLOXACINA 400 mg X 10 COMPRIMIDOS RECUBIERTOS,Moxifloxacino,COMPRIMIDOS,"SM PHARMA, C.A.",https://mav.farmaciasaas.com/api/images/articulos/DISTRIBUCION/25226.jpg,3,3
MOXIFLOXACINA 400 MG,38518,ME37302,MOXIFLOXACINA 400 mg X 5 TABLETAS RECUBIERTAS,Moxifloxacino,TABLETAS,"CALOX INTERNATIONAL, C.A.",https://mav.farmaciasaas.com/api/images/articulos/DISTRIBUCION/92489.jpg,3,3
"NEFROTAL H 50 MG - 12,5 MG",38534,ME31384/5,"NEFROTAL H 50 mg - 12,5 mg X 30 COMPRIMIDOS RECUBIERTOS",Hidroclorotiazida - Losartan,COMPRIMIDOS,MEGALABS S.A.,https://pccentro.net.ve/img/s/2/2/8/8/8/22888-large_default.webp,4,1
"NEFROTAL H 50 MG - 12,5 MG",38535,ME31384/4,"NEFROTAL H 50 mg - 12,5 mg X 15 COMPRIMIDOS RECUBIERTOS",Hidroclorotiazida - Losartan,COMPRIMIDOS,MEGALABS S.A.,https://pccentro.net.ve/img/s/2/2/8/8/8/22888-large_default.webp,4,1
"NEFROTAL H 50 MG - 12,5 MG",38536,ME31384/2,"NEFROTAL H 50 mg - 12,5 mg X 10 COMPRIMIDOS RECUBIERTOS",Hidroclorotiazida - Losartan,COMPRIMIDOS,MEGALABS S.A.,https://pccentro.net.ve/img/s/2/2/8/8/8/22888-large_default.webp,4,1
"NEFROTAL H 50 MG - 12,5 MG",38537,ME31384/3,"NEFROTAL H 50 mg - 12,5 mg X 14 COMPRIMIDOS RECUBIERTOS",Hidroclorotiazida - Losartan,COMPRIMIDOS,MEGALABS S.A.,https://mav.farmaciasaas.com/api/images/articulos/DISTRIBUCION/1511.jpg,4,1
NEFROTAL 100 MG,38538,ME35488/4,NEFROTAL 100 mg X 30 COMPRIMIDOS RECUBIERTOS,Losartan,COMPRIMIDOS,MEGALABS S.A.,https://mav.farmaciasaas.com/api/images/articulos/DISTRIBUCION/25248.jpg,3,1
NEFROTAL 100 MG,38539,ME35488/2,NEFROTAL 100 mg X 10 COMPRIMIDOS RECUBIERTOS,Losartan,COMPRIMIDOS,MEGALABS S.A.,https://mav.farmaciasaas.com/api/images/articulos/DISTRIBUCION/25320.jpg,3,1
NEFROTAL 100 MG,38540,ME35488/3,NEFROTAL 100 mg X 14 COMPRIMIDOS RECUBIERTOS,Losartan,COMPRIMIDOS,MEGALABS S.A.,https://mav.farmaciasaas.com/api/images/articulos/DISTRIBUCION/8487.jpg,3,1
"NEOSTIGMINA 0,5 MG / ML",38543,HO7099/2,"NEOSTIGMINA 0,5 mg / mL X 3 AMPOLLAS",,INYECTABLE,MEGALABS S.A.,,2,1
"NEOSTIGMINA 0,5 MG / ML",38544,HO7099/3,"NEOSTIGMINA 0,5 mg / mL X 6 AMPOLLAS",,INYECTABLE,MEGALABS S.A.,,2,1
NEURIXA 75 MG,38548,ME38421/2,NEURIXA 75 mg X 14 CAPSULAS,Pregabalina,CAPSULAS,LABORATORIOS FARMA S.A.,https://mav.farmaciasaas.com/api/images/articulos/DISTRIBUCION/93668.jpg,2,1
NEURIXA 75 MG,38549,ME38421/3,NEURIXA 75 mg X 21 CAPSULAS,Pregabalina,CAPSULAS,LABORATORIOS FARMA S.A.,https://pccentro.net.ve/img/s/2/5/8/0/6/25806-large_default.webp,2,1
NIFEDIPINA 10 MG,38552,ME28779,NIFEDIPINA 10 mg X 14 CAPSULAS,Nifedipino,CAPSULAS,"LABORATORIO LA SANTE, C.A.",https://mav.farmaciasaas.com/api/images/articulos/DISTRIBUCION/27546.jpg,3,2
NIFEDIPINA 10 MG,38553,ME25984/3,NIFEDIPINA 10 mg X 30 COMPRIMIDOS DISPERSABLES,Nifedipino,COMPRIMIDOS,"LABORATORIOS LETI, S.A.V.",https://mav.farmaciasaas.com/api/images/articulos/DISTRIBUCION/51432.jpg,3,2
NIFEDIPINA 10 MG,38554,ME25984/2,NIFEDIPINA 10 mg X 10 COMPRIMIDOS DISPERSABLES,Nifedipino,COMPRIMIDOS,"LABORATORIOS LETI, S.A.V.",,3,2
NITROFURANTOINA 100 MG,38562,ME43051/3,NITROFURANTOINA 100 mg X 300 TABLETAS RECUBIERTAS,Nitrofurantoina,TABLETAS,RONALD PHARMACEUTICALS PVT. LTD.,https://mav.farmaciasaas.com/api/images/articulos/DISTRIBUCION/51871.jpg,2,1
NITROFURANTOINA 100 MG,38563,ME43051/2,NITROFURANTOINA 100 mg X 10 TABLETAS RECUBIERTAS,Nitrofurantoina,TABLETAS,RONALD PHARMACEUTICALS PVT. LTD.,https://mav.farmaciasaas.com/api/images/articulos/DISTRIBUCION/25663.jpg,2,1
NITROFURANTOINA 50 MG,38564,ME44220/2,NITROFURANTOINA 50 mg X 10 TABLETAS RECUBIERTAS,,TABLETAS,"CALOX INTERNATIONAL, C.A.",https://mav.farmaciasaas.com/api/images/articulos/DISTRIBUCION/53552.jpg,2,1
NITROFURANTOINA 50 MG,38565,ME44220/3,NITROFURANTOINA 50 mg X 30 TABLETAS RECUBIERTAS,,TABLETAS,"CALOX INTERNATIONAL, C.A.",https://mav.farmaciasaas.com/api/images/articulos/DISTRIBUCION/29107.jpg,2,1
NONAFOL 10 MG,38567,ME42319/2,NONAFOL 10 mg X 10 TABLETAS,Folico Acido,TABLETAS,LABORATORIOS SIEGFRIED S.A.,https://mav.farmaciasaas.com/api/images/articulos/DISTRIBUCION/23015.jpg,3,1
NONAFOL 10 MG,38568,ME42319/3,NONAFOL 10 mg X 20 TABLETAS,Folico Acido,TABLETAS,LABORATORIOS SIEGFRIED S.A.,https://mav.farmaciasaas.com/api/images/articulos/DISTRIBUCION/25245.jpg,3,1
NONAFOL 10 MG,38569,ME42319/4,NONAFOL 10 mg X 30 TABLETAS,Folico Acido,TABLETAS,LABORATORIOS SIEGFRIED S.A.,https://mav.farmaciasaas.com/api/images/articulos/DISTRIBUCION/23016.jpg,3,1
NONAFOL 5 MG,38570,ME42320/2,NONAFOL 5 mg X 10 TABLETAS,Folico Acido,TABLETAS,LABORATORIOS SIEGFRIED S.A.,https://mav.farmaciasaas.com/api/images/articulos/DISTRIBUCION/23099.jpg,3,1
NONAFOL 5 MG,38571,ME42320/3,NONAFOL 5 mg X 20 TABLETAS,Folico Acido,TABLETAS,LABORATORIOS SIEGFRIED S.A.,https://mav.farmaciasaas.com/api/images/articulos/DISTRIBUCION/21982.jpg,3,1
NONAFOL 5 MG,38572,ME42320/4,NONAFOL 5 mg X 30 TABLETAS,Folico Acido,TABLETAS,LABORATORIOS SIEGFRIED S.A.,https://mav.farmaciasaas.com/api/images/articulos/DISTRIBUCION/21983.jpg,3,1
NOTOLAC 20 MG,38576,ME27271/3,NOTOLAC 20 mg X 10 TABLETAS,,TABLETAS,LABORATORIOS FARMA S.A.,https://mav.farmaciasaas.com/api/images/articulos/DISTRIBUCION/1531.jpg,2,1
NOTOLAC 20 MG,38577,ME27271/2,NOTOLAC 20 mg X 4 TABLETAS,,TABLETAS,LABORATORIOS FARMA S.A.,,2,1
PREDNISOLONA ACETATO 1 % SUSPENSION OFTALMICA,38581,ME43411,PREDNISOLONA ACETATO 1 % SUSPENSION OFTALMICA,,SUSPENSION ORAL,"LABORATORIOS L.O. OFTALMI, C.A.",,2,2
PREDNISOLONA ACETATO 1 % SUSPENSION OFTALMICA,38683,ME43177,PREDNISOLONA ACETATO 1 % SUSPENSION OFTALMICA,Prednisolona,SOLUCION OFTALMICA,INDIANA OPHTHALMICS,https://mav.farmaciasaas.com/api/images/articulos/DISTRIBUCION/28303.jpg,2,2
OLMESARTAN MEDOXOMILO 20 MG,38590,ME42752/2,OLMESARTAN MEDOXOMILO 20 mg X 10 TABLETAS RECUBIERTAS,Olmesartan Medoxomilo,TABLETAS,SYNOKEM PHARMACEUTICALS LIMITED,https://mav.farmaciasaas.com/api/images/articulos/DISTRIBUCION/18568.jpg,3,2
OLMESARTAN MEDOXOMILO 20 MG,38591,ME42752/3,OLMESARTAN MEDOXOMILO 20 mg X 30 TABLETAS RECUBIERTAS,Olmesartan Medoxomilo,TABLETAS,SYNOKEM PHARMACEUTICALS LIMITED,https://mav.farmaciasaas.com/api/images/articulos/DISTRIBUCION/99097.jpg,3,2
OLMESARTAN MEDOXOMILO 20 MG,39325,ME38415,OLMESARTAN MEDOXOMILO 20 mg X 30 TABLETAS RECUBIERTAS,,TABLETAS,"CALOX INTERNATIONAL, C.A.",,3,2
OLMESARTAN MEDOXOMILO 40 MG,38593,ME42751/2,OLMESARTAN MEDOXOMILO 40 mg X 10 TABLETAS RECUBIERTAS,Olmesartan Medoxomilo,TABLETAS,SYNOKEM PHARMACEUTICALS LIMITED,https://mav.farmaciasaas.com/api/images/articulos/DISTRIBUCION/18584.jpg,3,2
OLMESARTAN MEDOXOMILO 40 MG,38594,ME42751/3,OLMESARTAN MEDOXOMILO 40 mg X 30 TABLETAS RECUBIERTAS,Olmesartan Medoxomilo,TABLETAS,SYNOKEM PHARMACEUTICALS LIMITED,https://mav.farmaciasaas.com/api/images/articulos/DISTRIBUCION/99045.jpg,3,2
OLMESARTAN MEDOXOMILO 40 MG,39099,ME38313,OLMESARTAN MEDOXOMILO 40 mg X 30 TABLETAS RECUBIERTAS,,TABLETAS,"CALOX INTERNATIONAL, C.A.",,3,2
OMEPRAZOL 20 MG,38596,ME27785/3,OMEPRAZOL 20 mg X 10 CAPSULAS CON MICROGRANULOS ENTERICOS,,CAPSULAS,"CALOX INTERNATIONAL, C.A.",https://mav.farmaciasaas.com/api/images/articulos/DISTRIBUCION/53303.jpg,15,5
OMEPRAZOL 20 MG,38597,ME27785/4,OMEPRAZOL 20 mg X 14 CAPSULAS CON MICROGRANULOS ENTERICOS,,CAPSULAS,"CALOX INTERNATIONAL, C.A.",https://mav.farmaciasaas.com/api/images/articulos/DISTRIBUCION/21060.jpg,15,5
OMEPRAZOL 20 MG,38598,ME27785/5,OMEPRAZOL 20 mg X 28 CAPSULAS CON MICROGRANULOS ENTERICOS,,CAPSULAS,"CALOX INTERNATIONAL, C.A.",https://mav.farmaciasaas.com/api/images/articulos/DISTRIBUCION/8254.jpg,15,5
OMEPRAZOL 20 MG,38599,ME27785/6,OMEPRAZOL 20 mg X 30 CAPSULAS CON MICROGRANULOS ENTERICOS,,CAPSULAS,"CALOX INTERNATIONAL, C.A.",https://mav.farmaciasaas.com/api/images/articulos/DISTRIBUCION/24329.jpg,15,5
OMEPRAZOL 20 MG,38600,ME27785/2,OMEPRAZOL 20 mg X 7 CAPSULAS CON MICROGRANULOS ENTERICOS,,CAPSULAS,"CALOX INTERNATIONAL, C.A.",https://mav.farmaciasaas.com/api/images/articulos/DISTRIBUCION/20777.jpg,15,5
OMEPRAZOL 20 MG,38601,ME28613/3,OMEPRAZOL 20 mg X 30 CAPSULAS CON MICROGRANULOS CON CUBIERTA ENTERICA,,CAPSULAS,"LABORATORIOS LETI, S.A.V.",https://mav.farmaciasaas.com/api/images/articulos/DISTRIBUCION/98882.jpg,15,5
OMEPRAZOL 20 MG,38602,ME28613/2,OMEPRAZOL 20 mg X 8 CAPSULAS CON MICROGRANULOS CON CUBIERTA ENTERICA,,CAPSULAS,"LABORATORIOS LETI, S.A.V.",https://mav.farmaciasaas.com/api/images/articulos/DISTRIBUCION/6497.jpg,15,5
OMEPRAZOL 20 MG,38603,ME43675/4,OMEPRAZOL 20 mg X 10 CAPSULAS GASTRORRESISTENTES,(+)-tetrabenazina - Omeprazol,CAPSULAS,K.A. MALLE PHARMACEUTICALS LTD,,15,5
OMEPRAZOL 20 MG,38604,ME43675/5,OMEPRAZOL 20 mg X 20 CAPSULAS GASTRORRESISTENTES,(+)-tetrabenazina - Omeprazol,CAPSULAS,K.A. MALLE PHARMACEUTICALS LTD,,15,5
OMEPRAZOL 20 MG,38605,ME43675/6,OMEPRAZOL 20 mg X 30 CAPSULAS GASTRORRESISTENTES,(+)-tetrabenazina - Omeprazol,CAPSULAS,K.A. MALLE PHARMACEUTICALS LTD,,15,5
OMEPRAZOL 20 MG,38606,ME43675/2,OMEPRAZOL 20 mg X 7 CAPSULAS GASTRORRESISTENTES,(+)-tetrabenazina - Omeprazol,CAPSULAS,K.A. MALLE PHARMACEUTICALS LTD,,15,5
OMEPRAZOL 20 MG,38607,ME43675/3,OMEPRAZOL 20 mg X 8 CAPSULAS GASTRORRESISTENTES,(+)-tetrabenazina - Omeprazol,CAPSULAS,K.A. MALLE PHARMACEUTICALS LTD,,15,5
OMEPRAZOL 20 MG,39328,ME30489,OMEPRAZOL 20 mg X 28 CAPSULAS,,CAPSULAS,"LABORATORIOS SPEFAR VENEZOLANOS, S.A.",,15,5
OMEPRAZOL 20 MG,39329,ME35417/3,OMEPRAZOL 20 mg X 30 CAPSULAS,,CAPSULAS,"LABORATORIOS L.O. OFTALMI, C.A.",,15,5
OMEPRAZOL 20 MG,39330,ME35417/2,OMEPRAZOL 20 mg X 7 CAPSULAS,,CAPSULAS,"LABORATORIOS L.O. OFTALMI, C.A.",,15,5
OMEPRAZOL 40 MG,38608,ME42404/3,OMEPRAZOL 40 mg X 30 CAPSULAS CON MICROGRANULOS GASTRORRESISTENTES,,CAPSULAS,"LABORATORIO LA SANTE, C.A.",https://mav.farmaciasaas.com/api/images/articulos/DISTRIBUCION/23870.jpg,8,5
OMEPRAZOL 40 MG,38609,ME42404/2,OMEPRAZOL 40 mg X 7 CAPSULAS CON MICROGRANULOS GASTRORRESISTENTES,,CAPSULAS,"LABORATORIO LA SANTE, C.A.",https://mav.farmaciasaas.com/api/images/articulos/DISTRIBUCION/29583.jpg,8,5
OMEPRAZOL 40 MG,38610,ME41965/3,OMEPRAZOL 40 mg X 30 CAPSULAS GASTRORRESISTENTES,,CAPSULAS,"LABORATORIOS LETI, S.A.V.",,8,5
OMEPRAZOL 40 MG,38611,ME41965/2,OMEPRAZOL 40 mg X 10 CAPSULAS GASTRORRESISTENTES,,CAPSULAS,"LABORATORIOS LETI, S.A.V.",https://mav.farmaciasaas.com/api/images/articulos/DISTRIBUCION/16765.jpg,8,5
OMEPRAZOL 40 MG,38613,HO33836,OMEPRAZOL 40 mg X 1 AMPOLLAS,Omeprazol,INYECTABLE,VITALIS S.A.C.I.,https://mav.farmaciasaas.com/api/images/articulos/DISTRIBUCION/51351.jpg,8,5
OMEPRAZOL 40 MG,39326,ME43452/2,OMEPRAZOL 40 mg X 7 CAPSULAS GASTRORRESISTENTES,,CAPSULAS,"LABORATORIOS L.O. OFTALMI, C.A.",,8,5
OMEPRAZOL 40 MG,39327,ME43452/3,OMEPRAZOL 40 mg X 30 CAPSULAS GASTRORRESISTENTES,,CAPSULAS,"LABORATORIOS L.O. OFTALMI, C.A.",,8,5
OMEPRAZOL 40 MG,39555,HO44444,OMEPRAZOL 40 mg X 10 AMPOLLAS,Omeprazol,INYECTABLE,"ZHEJIANG XIANJU PHARMACEUTICAL CO., LTD. (TAIZHOU)",https://pccentro.net.ve/img/s/7/7/8/8/6/77886-large_default.webp,8,5
ONDANSETRON 8 MG / 4 ML,38617,HO37763/2,ONDANSETRON 8 mg / 4 mL X 1 AMPOLLAS,,INYECTABLE,EMPRESA LABORATORIOS AICA,https://mav.farmaciasaas.com/api/images/articulos/DISTRIBUCION/53239.jpg,2,1
ONDANSETRON 8 MG / 4 ML,38618,HO37763/3,ONDANSETRON 8 mg / 4 mL X 5 AMPOLLAS,,INYECTABLE,EMPRESA LABORATORIOS AICA,https://mav.farmaciasaas.com/api/images/articulos/DISTRIBUCION/52480.jpg,2,1
ONDATRIN 2 MG / ML,38621,HO35150/2,ONDATRIN 2 mg / mL X 1 AMPOLLAS,Ondansetron,INYECTABLE,"LABORATORIO BEHRENS, C.A.",https://mav.farmaciasaas.com/api/images/articulos/DISTRIBUCION/13380.jpg,2,1
ONDATRIN 2 MG / ML,38622,HO35150/3,ONDATRIN 2 mg / mL X 5 AMPOLLAS,Ondansetron,INYECTABLE,"LABORATORIO BEHRENS, C.A.",https://pccentro.net.ve/img/s/6/8/7/8/0/68780-large_default.webp,2,1
OXOLAMINA CITRATO 50 MG / 5 ML JARABE,38632,ME26219,OXOLAMINA CITRATO 50 mg / 5 mL JARABE,,JARABE,"LABORATORIOS SPEFAR VENEZOLANOS, S.A.",https://mav.farmaciasaas.com/api/images/articulos/DISTRIBUCION/28837.jpg,2,2
OXOLAMINA CITRATO 50 MG / 5 ML JARABE,39336,ME35922,OXOLAMINA CITRATO 50 mg / 5 mL JARABE,,JARABE,"LABORATORIOS LETI, S.A.V.",https://mav.farmaciasaas.com/api/images/articulos/DISTRIBUCION/11513.jpg,2,2
PANTOPRAZOL 40 MG,38634,ME37274,PANTOPRAZOL 40 mg X 10 COMPRIMIDOS CON CUBIERTA DE LIBERACION ENTERICA,Pantoprazol,COMPRIMIDOS,"LABORATORIOS LETI, S.A.V.",https://mav.farmaciasaas.com/api/images/articulos/DISTRIBUCION/98455.jpg,3,3
PANTOPRAZOL 40 MG,38635,HO39516,PANTOPRAZOL 40 mg X 1 AMPOLLAS,,INYECTABLE,WEXFORD LABORATORIES PVT. LTD.,,3,3
PANTOPRAZOL 40 MG,38636,ME43468,PANTOPRAZOL 40 mg X 7 TABLETAS DE LIBERACION RETARDADA,,TABLETAS,REMUS PHARMACEUTICALS PVT. LTD.,https://mav.farmaciasaas.com/api/images/articulos/DISTRIBUCION/20517.jpg,3,3
PEGYT 150 MG,38646,ME39670/2,PEGYT 150 mg X 20 CAPSULAS,Pregabalina,CAPSULAS,"LABORATORIOS LETI, S.A.V.",https://mav.farmaciasaas.com/api/images/articulos/DISTRIBUCION/21676.jpg,2,1
PEGYT 150 MG,38647,ME39670/3,PEGYT 150 mg X 30 CAPSULAS,Pregabalina,CAPSULAS,"LABORATORIOS LETI, S.A.V.",https://pccentro.net.ve/img/s/8/4/1/0/5/84105-large_default.webp,2,1
PENTOXIFILINA 400 MG,38651,ME27020,PENTOXIFILINA 400 mg X 30 COMPRIMIDOS RECUBIERTOS DE ACCION PROLONGADA,Pentoxifilina,COMPRIMIDOS,"LABORATORIOS LETI, S.A.V.",https://mav.farmaciasaas.com/api/images/articulos/DISTRIBUCION/21851.jpg,2,2
PENTOXIFILINA 400 MG,39562,ME34155,PENTOXIFILINA 400 mg X 30 TABLETAS RECUBIERTAS DE LIBERACION PROLONGADA,Pentoxifilina,TABLETAS,EMPRESA LABORATORIOS MEDSOL,https://mav.farmaciasaas.com/api/images/articulos/DISTRIBUCION/28576.jpg,2,2
PINAVERIUM BROMURO 100 MG,38663,ME37698/2,PINAVERIUM BROMURO 100 mg X 20 TABLETAS RECUBIERTAS,,TABLETAS,"CALOX INTERNATIONAL, C.A.",,2,1
PINAVERIUM BROMURO 100 MG,38664,ME37698/3,PINAVERIUM BROMURO 100 mg X 30 TABLETAS RECUBIERTAS,,TABLETAS,"CALOX INTERNATIONAL, C.A.",,2,1
PINAVIX 100 MG,38665,ME40606/3,PINAVIX 100 mg X 30 COMPRIMIDOS RECUBIERTOS,Pinaverio,COMPRIMIDOS,MEGALABS S.A.,https://mav.farmaciasaas.com/api/images/articulos/DISTRIBUCION/13663.jpg,2,1
PINAVIX 100 MG,38666,ME40606/2,PINAVIX 100 mg X 20 COMPRIMIDOS RECUBIERTOS,Pinaverio,COMPRIMIDOS,MEGALABS S.A.,https://mav.farmaciasaas.com/api/images/articulos/DISTRIBUCION/50990.jpg,2,1
PLIDAN COMPUESTO 15 MG / 2 ML - 100 MG / 2 ML,38672,HO31052/2,PLIDAN COMPUESTO 15 mg / 2 mL - 100 mg / 2 mL X 1 AMPOLLAS,Clonixino Lisina,INYECTABLE,MEGALABS S.A.,https://mav.farmaciasaas.com/api/images/articulos/DISTRIBUCION/4114.jpg,2,1
PLIDAN COMPUESTO 15 MG / 2 ML - 100 MG / 2 ML,38673,HO31052/3,PLIDAN COMPUESTO 15 mg / 2 mL - 100 mg / 2 mL X 2 AMPOLLAS,Clonixino Lisina,INYECTABLE,MEGALABS S.A.,https://pccentro.net.ve/img/s/8/4/0/4/6/84046-large_default.webp,2,1
PRAXONA 150 MG,38679,ME15805/2,PRAXONA 150 mg X 10 COMPRIMIDOS,Dipirona - Salicilamida,COMPRIMIDOS,MEGALABS S.A.,,2,1
PRAXONA 150 MG,38680,ME15805/3,PRAXONA 150 mg X 24 COMPRIMIDOS,Dipirona - Salicilamida,COMPRIMIDOS,MEGALABS S.A.,,2,1
PREDNISOLONA 5 MG,38684,ME43039/2,PREDNISOLONA 5 mg X 10 TABLETAS,,TABLETAS,"JIANGXI XIER KANGTAI PHARMACEUTICAL CO., LTD",https://mav.farmaciasaas.com/api/images/articulos/23776.jpg,4,2
PREDNISOLONA 5 MG,38685,ME43039/3,PREDNISOLONA 5 mg X 30 TABLETAS,,TABLETAS,"JIANGXI XIER KANGTAI PHARMACEUTICAL CO., LTD",https://mav.farmaciasaas.com/api/images/articulos/DISTRIBUCION/21369.jpg,4,2
PREDNISOLONA 5 MG,38686,ME42866/2,PREDNISOLONA 5 mg X 10 TABLETAS,Prednisolona,TABLETAS,RONALD PHARMACEUTICALS PVT. LTD.,https://mav.farmaciasaas.com/api/images/articulos/DISTRIBUCION/54512.jpg,4,2
PREDNISOLONA 5 MG,38687,ME42866/3,PREDNISOLONA 5 mg X 30 TABLETAS,Prednisolona,TABLETAS,RONALD PHARMACEUTICALS PVT. LTD.,https://mav.farmaciasaas.com/api/images/articulos/DISTRIBUCION/23882.jpg,4,2
PREDNISONA 50 MG,38688,ME27150,PREDNISONA 50 mg X 10 TABLETAS,Prednisona,TABLETAS,"CALOX INTERNATIONAL, C.A.",https://mav.farmaciasaas.com/api/images/articulos/DISTRIBUCION/10937.jpg,2,2
PREDNISONA 50 MG,38689,ME34836,PREDNISONA 50 mg X 10 TABLETAS.,Prednisona,TABLETAS,"LABORATORIOS VALMOR, C.A.",https://mav.farmaciasaas.com/api/images/articulos/DISTRIBUCION/7835.jpg,2,2
PREDNISONA 5 MG,38690,ME12419/2,PREDNISONA 5 mg X 10 TABLETAS,Prednisona,TABLETAS,"CALOX INTERNATIONAL, C.A.",https://mav.farmaciasaas.com/api/images/articulos/DISTRIBUCION/2998.jpg,4,2
PREDNISONA 5 MG,38691,ME12419/4,PREDNISONA 5 mg X 100 TABLETAS,Prednisona,TABLETAS,"CALOX INTERNATIONAL, C.A.",https://mav.farmaciasaas.com/api/images/articulos/DISTRIBUCION/22275.jpg,4,2
PREDNISONA 5 MG,38692,ME12419/3,PREDNISONA 5 mg X 30 TABLETAS,Prednisona,TABLETAS,"CALOX INTERNATIONAL, C.A.",https://mav.farmaciasaas.com/api/images/articulos/DISTRIBUCION/10460.jpg,4,2
PREDNISONA 5 MG,38693,ME32934,PREDNISONA 5 mg X 10 TABLETAS,Prednisona,TABLETAS,"LABORATORIOS VALMOR, C.A.",https://mav.farmaciasaas.com/api/images/articulos/DISTRIBUCION/3927.jpg,4,2
PREGABALINA 150 MG,38694,ME42570/3,PREGABALINA 150 mg X 30 CAPSULAS,Pregabalina,CAPSULAS,REMUS PHARMACEUTICALS PVT. LTD.,https://mav.farmaciasaas.com/api/images/articulos/DISTRIBUCION/27605.jpg,2,1
PREGABALINA 150 MG,38695,ME42570/2,PREGABALINA 150 mg X 20 CAPSULAS,Pregabalina,CAPSULAS,REMUS PHARMACEUTICALS PVT. LTD.,https://pccentro.net.ve/img/s/8/4/1/0/5/84105-large_default.webp,2,1
PREGALIS 75MG,38696,ME44579/3,PREGALIS 75MG X 30 CAPSULAS,Pregabalina,CAPSULAS,PINNACLE LIFE SCIENCE PVT. LTD.,https://mav.farmaciasaas.com/api/images/articulos/DISTRIBUCION/51773.jpg,2,1
PREGALIS 75MG,38697,ME44579/2,PREGALIS 75MG X 14 CAPSULAS,Pregabalina,CAPSULAS,PINNACLE LIFE SCIENCE PVT. LTD.,https://mav.farmaciasaas.com/api/images/articulos/DISTRIBUCION/23488.jpg,2,1
QUETIAPINA 100 MG,38708,ME43431/2,QUETIAPINA 100 mg X 10 TABLETAS RECUBIERTAS,,TABLETAS,PINNACLE LIFE SCIENCE PVT. LTD.,https://mav.farmaciasaas.com/api/images/articulos/DISTRIBUCION/50162.jpg,2,1
QUETIAPINA 100 MG,38709,ME43431/3,QUETIAPINA 100 mg X 30 TABLETAS RECUBIERTAS,,TABLETAS,PINNACLE LIFE SCIENCE PVT. LTD.,https://mav.farmaciasaas.com/api/images/articulos/DISTRIBUCION/27607.jpg,2,1
RIFAMIX 200 MG,38729,ME39775/3,RIFAMIX 200 mg X 12 COMPRIMIDOS RECUBIERTOS,Rifaximina,COMPRIMIDOS,"LABORATORIOS LETI, S.A.V.",https://mav.farmaciasaas.com/api/images/articulos/DISTRIBUCION/99098.jpg,2,1
RIFAMIX 200 MG,38730,ME39775/2,RIFAMIX 200 mg X 10 COMPRIMIDOS RECUBIERTOS,Rifaximina,COMPRIMIDOS,"LABORATORIOS LETI, S.A.V.",https://pccentro.net.ve/img/s/7/8/8/9/3/78893-large_default.webp,2,1
RIVAROXABAN 20 MG,38745,ME42923/2,RIVAROXABAN 20 mg X 10 TABLETAS RECUBIERTAS,Rivaroxaban,TABLETAS,WEST-COAST PHARMACEUTICAL WORKS LTD,https://mav.farmaciasaas.com/api/images/articulos/DISTRIBUCION/26738.jpg,2,1
RIVAROXABAN 20 MG,38746,ME42923/3,RIVAROXABAN 20 mg X 14 TABLETAS RECUBIERTAS,Rivaroxaban,TABLETAS,WEST-COAST PHARMACEUTICAL WORKS LTD,https://mav.farmaciasaas.com/api/images/articulos/DISTRIBUCION/54217.jpg,2,1
ROSUVASTATINA 20 MG,38749,ME37264,ROSUVASTATINA 20 mg X 30 COMPRIMIDOS RECUBIERTOS,Rosuvastatina,COMPRIMIDOS,"LABORATORIOS LETI, S.A.V.",https://mav.farmaciasaas.com/api/images/articulos/DISTRIBUCION/21364.jpg,3,2
ROSUVASTATINA 20 MG,38750,ME42632/2,ROSUVASTATINA 20 mg X 10 TABLETAS RECUBIERTAS,Rosuvastatina,TABLETAS,WEST-COAST PHARMACEUTICAL WORKS LTD,https://mav.farmaciasaas.com/api/images/articulos/DISTRIBUCION/24316.jpg,3,2
ROSUVASTATINA 20 MG,38751,ME42632/3,ROSUVASTATINA 20 mg X 30 TABLETAS RECUBIERTAS,Rosuvastatina,TABLETAS,WEST-COAST PHARMACEUTICAL WORKS LTD,https://pccentro.net.ve/img/s/8/3/9/9/8/83998-large_default.webp,3,2
ROWELUK 5 MG,38755,ME37201/2,ROWELUK 5 mg X 10 COMPRIMIDOS MASTICABLES,Montelukast,COMPRIMIDOS,MEGALABS S.A.,https://mav.farmaciasaas.com/api/images/articulos/DISTRIBUCION/26093.jpg,2,1
ROWELUK 5 MG,38756,ME37201/3,ROWELUK 5 mg X 30 COMPRIMIDOS MASTICABLES,Montelukast,COMPRIMIDOS,MEGALABS S.A.,https://mav.farmaciasaas.com/api/images/articulos/DISTRIBUCION/92735.jpg,2,1
ROWELUK 4 MG,38758,ME37200/3,ROWELUK 4 mg X 30 COMPRIMIDOS MASTICABLES,Montelukast,COMPRIMIDOS,MEGALABS S.A.,https://pccentro.net.ve/img/s/5/6/7/8/9/56789-large_default.webp,2,1
ROWELUK 4 MG,38759,ME37200/2,ROWELUK 4 mg X 10 COMPRIMIDOS MASTICABLES,Montelukast,COMPRIMIDOS,MEGALABS S.A.,https://mav.farmaciasaas.com/api/images/articulos/DISTRIBUCION/25403.jpg,2,1
SECNIDAZOL 500 MG,38767,ME30953,SECNIDAZOL 500 mg X 4 TABLETAS RECUBIERTAS,Secnidazol Anhidro,TABLETAS,"LABORATORIOS KIMICEG, C.A.",https://mav.farmaciasaas.com/api/images/articulos/DISTRIBUCION/52731.jpg,3,3
SECNIDAZOL 500 MG,38771,ME37852,SECNIDAZOL 500 mg X 4 COMPRIMIDOS,Secnidazol Anhidro,COMPRIMIDOS,"LABORATORIOS SPEFAR VENEZOLANOS, S.A.",https://mav.farmaciasaas.com/api/images/articulos/DISTRIBUCION/3004.jpg,3,3
SECNIDAZOL 500 MG,39302,ME32763,SECNIDAZOL 500 mg X 10 TABLETAS,Secnidazol Anhidro,TABLETAS,"CALOX INTERNATIONAL, C.A.",https://pccentro.net.ve/img/s/2/2/9/8/0/22980-large_default.webp,3,3
SECNIDAZOL 1 G,38769,ME37061,SECNIDAZOL 1 g X 2 TABLETAS RECUBIERTAS,Secnidazol Anhidro,TABLETAS,"CALOX INTERNATIONAL, C.A.",https://mav.farmaciasaas.com/api/images/articulos/DISTRIBUCION/8585.jpg,3,3
SECNIDAZOL 1 G,38770,ME31560,SECNIDAZOL 1 g X 2 TABLETAS RECUBIERTAS,Secnidazol Anhidro,TABLETAS,"LABORATORIOS KIMICEG, C.A.",https://pccentro.net.ve/img/s/5/8/7/0/2/58702-large_default.webp,3,3
SECNIDAZOL 1 G,38772,ME37617,SECNIDAZOL 1 g X 2 TABLETAS RECUBIERTAS,Secnidazol Anhidro,TABLETAS,"LABORATORIOS VALMOR, C.A.",https://mav.farmaciasaas.com/api/images/articulos/DISTRIBUCION/92494.jpg,3,3
SERLINE 50 MG,38778,ME30171/2,SERLINE 50 mg X 10 COMPRIMIDOS,Sertralina,COMPRIMIDOS,MEGALABS S.A.,https://mav.farmaciasaas.com/api/images/articulos/DISTRIBUCION/11400.jpg,2,1
SERLINE 50 MG,38779,ME30171/3,SERLINE 50 mg X 30 COMPRIMIDOS,Sertralina,COMPRIMIDOS,MEGALABS S.A.,https://pccentro.net.ve/img/s/8/4/1/1/0/84110-large_default.webp,2,1
SERTRALINA 50 MG,38780,ME32466/3,SERTRALINA 50 mg X 30 TABLETAS,Sertralina,TABLETAS,"LABORATORIO LA SANTE, C.A.",https://mav.farmaciasaas.com/api/images/articulos/DISTRIBUCION/25669.jpg,7,3
SERTRALINA 50 MG,38781,ME32466/4,SERTRALINA 50 mg X 56 TABLETAS,Sertralina,TABLETAS,"LABORATORIO LA SANTE, C.A.",https://mav.farmaciasaas.com/api/images/articulos/DISTRIBUCION/53165.jpg,7,3
SERTRALINA 50 MG,38782,ME32466/2,SERTRALINA 50 mg X 10 TABLETAS,Sertralina,TABLETAS,"LABORATORIO LA SANTE, C.A.",https://mav.farmaciasaas.com/api/images/articulos/DISTRIBUCION/2960.jpg,7,3
SERTRALINA 50 MG,38783,ME31067/2,SERTRALINA 50 mg X 10 COMPRIMIDOS RECUBIERTOS,Sertralina,COMPRIMIDOS,"LABORATORIOS LETI, S.A.V.",https://pccentro.net.ve/img/s/8/4/1/1/0/84110-large_default.webp,7,3
SERTRALINA 50 MG,38784,ME31067/3,SERTRALINA 50 mg X 14 COMPRIMIDOS RECUBIERTOS,Sertralina,COMPRIMIDOS,"LABORATORIOS LETI, S.A.V.",https://mav.farmaciasaas.com/api/images/articulos/DISTRIBUCION/22393.jpg,7,3
SERTRALINA 50 MG,38785,ME31067/4,SERTRALINA 50 mg X 30 COMPRIMIDOS RECUBIERTOS,Sertralina,COMPRIMIDOS,"LABORATORIOS LETI, S.A.V.",https://mav.farmaciasaas.com/api/images/articulos/DISTRIBUCION/51984.jpg,7,3
SERTRALINA 50 MG,38786,ME43842,Sertralina 50 mg X 14 Tabletas Recubiertas,Sertralina,TABLETAS,HIRAL LABS LIMITED,https://pccentro.net.ve/img/s/8/4/1/1/0/84110-large_default.webp,7,3
SILDENAFILO 50MG,38791,ME43690/2,SILDENAFILO 50mg X 1 TABLETAS RECUBIERTAS,Sildenafilo,TABLETAS,"LABORATORIOS L.O. OFTALMI, C.A.",https://mav.farmaciasaas.com/api/images/articulos/DISTRIBUCION/53621.jpg,3,1
SILDENAFILO 50MG,38792,ME43690/3,SILDENAFILO 50mg X 2 TABLETAS RECUBIERTAS,Sildenafilo,TABLETAS,"LABORATORIOS L.O. OFTALMI, C.A.",https://mav.farmaciasaas.com/api/images/articulos/DISTRIBUCION/53622.jpg,3,1
SILDENAFILO 50MG,38793,ME43690/4,SILDENAFILO 50mg X 4 TABLETAS RECUBIERTAS,Sildenafilo,TABLETAS,"LABORATORIOS L.O. OFTALMI, C.A.",https://pccentro.net.ve/img/s/2/4/5/1/0/24510-large_default.webp,3,1
SILDEX 100 MG,38794,ME42444/2,SILDEX 100 mg X 1 TABLETAS RECUBIERTAS,,TABLETAS,"LABORATORIO PLUSANDEX DE FARMACEUTICOS UNIDOS, PLUSANDEX, C.A.",https://mav.farmaciasaas.com/api/images/articulos/DISTRIBUCION/23468.jpg,2,1
SILDEX 100 MG,38795,ME42444/3,SILDEX 100 mg X 2 TABLETAS RECUBIERTAS,,TABLETAS,"LABORATORIO PLUSANDEX DE FARMACEUTICOS UNIDOS, PLUSANDEX, C.A.",https://mav.farmaciasaas.com/api/images/articulos/DISTRIBUCION/23469.jpg,2,1
SILDEX 50 MG,38796,ME37030/2,SILDEX 50 mg X 1 TABLETAS RECUBIERTAS,Sildenafilo,TABLETAS,"LABORATORIO PLUSANDEX DE FARMACEUTICOS UNIDOS, PLUSANDEX, C.A.",https://mav.farmaciasaas.com/api/images/articulos/DISTRIBUCION/90912.jpg,2,1
SILDEX 50 MG,38797,ME37030/3,SILDEX 50 mg X 2 TABLETAS RECUBIERTAS,Sildenafilo,TABLETAS,"LABORATORIO PLUSANDEX DE FARMACEUTICOS UNIDOS, PLUSANDEX, C.A.",https://mav.farmaciasaas.com/api/images/articulos/DISTRIBUCION/94885.jpg,2,1
SITAGLIPTINA - METFORMINA CLORHIDRATO 50 MG - 500 MG,38800,ME43259/3,SITAGLIPTINA - METFORMINA CLORHIDRATO 50 mg - 500 mg X 30 TABLETAS RECUBIERTAS,Metformina - Sitagliptina,TABLETAS,REMUS PHARMACEUTICALS PVT. LTD.,https://pccentro.net.ve/img/s/2/4/4/5/6/24456-large_default.webp,2,1
SITAGLIPTINA - METFORMINA CLORHIDRATO 50 MG - 500 MG,38801,ME43259/2,SITAGLIPTINA - METFORMINA CLORHIDRATO 50 mg - 500 mg X 10 TABLETAS RECUBIERTAS,Metformina - Sitagliptina,TABLETAS,REMUS PHARMACEUTICALS PVT. LTD.,https://mav.farmaciasaas.com/api/images/articulos/DISTRIBUCION/54216.jpg,2,1
SUCRALFATO 1 G,38807,ME43073/3,SUCRALFATO 1 g X 20 TABLETAS,,TABLETAS,RONALD PHARMACEUTICALS PVT. LTD.,https://mav.farmaciasaas.com/api/images/articulos/DISTRIBUCION/54219.jpg,2,1
SUCRALFATO 1 G,38808,ME43073/2,SUCRALFATO 1 g X 10 TABLETAS,,TABLETAS,RONALD PHARMACEUTICALS PVT. LTD.,https://mav.farmaciasaas.com/api/images/articulos/DISTRIBUCION/25675.jpg,2,1
"SULIXTRA DUO 0,4 MG - 0,5 MG",38812,ME43279/2,"SULIXTRA DUO 0,4 mg - 0,5 mg X 10 CAPSULAS DE LIBERACION PROLONGADA",,CAPSULAS,TITAN LABORATORIES PVT. LTD.,https://mav.farmaciasaas.com/api/images/articulos/DISTRIBUCION/21023.jpg,2,1
"SULIXTRA DUO 0,4 MG - 0,5 MG",38813,ME43279/3,"SULIXTRA DUO 0,4 mg - 0,5 mg X 30 CAPSULAS DE LIBERACION PROLONGADA",,CAPSULAS,TITAN LABORATORIES PVT. LTD.,https://mav.farmaciasaas.com/api/images/articulos/DISTRIBUCION/21024.jpg,2,1
TADAFOX 20 MG,38824,ME38718/2,TADAFOX 20 mg X 1 TABLETAS RECUBIERTAS,Tadalafilo,TABLETAS,"LABORATORIOS VALMOR, C.A.",https://mav.farmaciasaas.com/api/images/articulos/DISTRIBUCION/99317.jpg,2,1
TADAFOX 20 MG,38825,ME38718/3,TADAFOX 20 mg X 2 TABLETAS RECUBIERTAS,Tadalafilo,TABLETAS,"LABORATORIOS VALMOR, C.A.",https://mav.farmaciasaas.com/api/images/articulos/DISTRIBUCION/99316.jpg,2,1
TADALAFILO 20 MG,38826,ME38493/2,TADALAFILO 20 mg X 1 TABLETAS RECUBIERTAS,Tadalafilo,TABLETAS,"CALOX INTERNATIONAL, C.A.",https://mav.farmaciasaas.com/api/images/articulos/DISTRIBUCION/97341.jpg,2,1
TADALAFILO 20 MG,38827,ME38493/3,TADALAFILO 20 mg X 2 TABLETAS RECUBIERTAS,Tadalafilo,TABLETAS,"CALOX INTERNATIONAL, C.A.",https://pccentro.net.ve/img/s/2/2/8/1/4/22814-large_default.webp,2,1
TADIFIL 20 MG,38830,ME38637/2,TADIFIL 20 mg X 1 COMPRIMIDOS RECUBIERTOS,Tadalafilo,COMPRIMIDOS,MEGALABS S.A.,https://mav.farmaciasaas.com/api/images/articulos/DISTRIBUCION/99201.jpg,2,1
TADIFIL 20 MG,38831,ME38637/3,TADIFIL 20 mg X 2 COMPRIMIDOS RECUBIERTOS,Tadalafilo,COMPRIMIDOS,MEGALABS S.A.,https://mav.farmaciasaas.com/api/images/articulos/DISTRIBUCION/99199.jpg,2,1
TALYSTO 5 MG,38833,ME41156/2,TALYSTO 5 mg X 10 TABLETAS MASTICABLES,Tadalafilo,TABLETAS,"MANUFACTURERA MUNDIAL FARMACEUTICA M.M.F., C.A.",https://pccentro.net.ve/img/s/2/2/8/1/2/22812-large_default.webp,2,1
TALYSTO 5 MG,38834,ME41156/3,TALYSTO 5 mg X 30 TABLETAS MASTICABLES,Tadalafilo,TABLETAS,"MANUFACTURERA MUNDIAL FARMACEUTICA M.M.F., C.A.",https://pccentro.net.ve/img/s/2/2/8/1/2/22812-large_default.webp,2,1
"TAMOSTIN 0,4 MG",38839,ME42467/3,"TAMOSTIN 0,4 mg X 30 CAPSULAS DE LIBERACION PROLONGADA",Tamsulosina,CAPSULAS,"LABORATORIOS LETI, S.A.V.",https://mav.farmaciasaas.com/api/images/articulos/DISTRIBUCION/54206.jpg,2,1
"TAMOSTIN 0,4 MG",38840,ME42467/2,"TAMOSTIN 0,4 mg X 20 CAPSULAS DE LIBERACION PROLONGADA",Tamsulosina,CAPSULAS,"LABORATORIOS LETI, S.A.V.",https://pccentro.net.ve/img/s/8/0/4/9/8/80498-large_default.webp,2,1
"TAMSULOSINA HCL 0,4 MG CAPSULAS DE LIBERACION PROGRAMADA",38842,ME36676/3,"TAMSULOSINA HCL 0,4 mg CAPSULAS DE LIBERACION PROGRAMADA X 30 CAPSULAS",Tamsulosina,CAPSULAS,"ESPECIALIDADES DOLLDER, C.A.",https://mav.farmaciasaas.com/api/images/articulos/DISTRIBUCION/24279.jpg,2,1
"TAMSULOSINA HCL 0,4 MG CAPSULAS DE LIBERACION PROGRAMADA",38843,ME36676/2,"TAMSULOSINA HCL 0,4 mg CAPSULAS DE LIBERACION PROGRAMADA X 10 CAPSULAS",Tamsulosina,CAPSULAS,"ESPECIALIDADES DOLLDER, C.A.",https://mav.farmaciasaas.com/api/images/articulos/DISTRIBUCION/53254.jpg,2,1
TEKRON 200 MG,38847,ME36643/2,TEKRON 200 mg X 10 COMPRIMIDOS RECUBIERTOS,Sulbutiamina,COMPRIMIDOS,"LABORATORIOS LETI, S.A.V.",https://pccentro.net.ve/img/s/7/8/8/6/8/78868-large_default.webp,2,1
TEKRON 200 MG,38848,ME36643/3,TEKRON 200 mg X 30 COMPRIMIDOS RECUBIERTOS,Sulbutiamina,COMPRIMIDOS,"LABORATORIOS LETI, S.A.V.",https://mav.farmaciasaas.com/api/images/articulos/DISTRIBUCION/90990.jpg,2,1
TENSOMAX 30 MG,38849,ME28561/3,TENSOMAX 30 mg X 30 CAPSULAS DE LIBERACION PROLONGADA,Nifedipino,CAPSULAS,"LABORATORIOS LETI, S.A.V.",https://mav.farmaciasaas.com/api/images/articulos/DISTRIBUCION/30143.jpg,2,1
TENSOMAX 30 MG,38850,ME28561/2,TENSOMAX 30 mg X 10 CAPSULAS DE LIBERACION PROLONGADA,Nifedipino,CAPSULAS,"LABORATORIOS LETI, S.A.V.",,2,1
TERAGRIPFORTE 650MG-20MG-2MG,38853,ME44418/2,TERAGRIPFORTE 650mg-20mg-2mg X 6 GRANULADO PARA SOLUCION ORAL,Acetaminofen - Cafeina - Clorfeniramina,SOLUCION ORAL,LABORATORIOS FARMA S.A.,https://mav.farmaciasaas.com/api/images/articulos/DISTRIBUCION/92190.jpg,3,1
TERAGRIPFORTE 650MG-20MG-2MG,38854,ME44418/3,TERAGRIPFORTE 650mg-20mg-2mg X 10 GRANULADO PARA SOLUCION ORAL,Acetaminofen - Cafeina - Clorfeniramina,SOLUCION ORAL,LABORATORIOS FARMA S.A.,,3,1
TERAGRIPFORTE 650MG-20MG-2MG,38855,ME44418/4,TERAGRIPFORTE 650mg-20mg-2mg X 20 GRANULADO PARA SOLUCION ORAL,Acetaminofen - Cafeina - Clorfeniramina,SOLUCION ORAL,LABORATORIOS FARMA S.A.,,3,1
TIALIN 50 MG,38858,ME30062/2,TIALIN 50 mg X 10 COMPRIMIDOS,,COMPRIMIDOS,MEGALABS S.A.,https://mav.farmaciasaas.com/api/images/articulos/DISTRIBUCION/10964.jpg,2,1
TIALIN 50 MG,38859,ME30062/3,TIALIN 50 mg X 30 COMPRIMIDOS,,COMPRIMIDOS,MEGALABS S.A.,https://mav.farmaciasaas.com/api/images/articulos/DISTRIBUCION/1374.jpg,2,1
TIOCOLCHICOSIDO 4 MG / 2 ML,38868,HO27849/2,TIOCOLCHICOSIDO 4 mg / 2 mL X 1 AMPOLLAS,Tiocolchicosido,INYECTABLE,"LABORATORIOS LETI, S.A.V.",https://mav.farmaciasaas.com/api/images/articulos/DISTRIBUCION/51472.jpg,5,3
TIOCOLCHICOSIDO 4 MG / 2 ML,38869,HO27849/4,TIOCOLCHICOSIDO 4 mg / 2 mL X 50 AMPOLLAS,Tiocolchicosido,INYECTABLE,"LABORATORIOS LETI, S.A.V.",https://mav.farmaciasaas.com/api/images/articulos/DISTRIBUCION/20404.jpg,5,3
TIOCOLCHICOSIDO 4 MG / 2 ML,38870,HO27849/3,TIOCOLCHICOSIDO 4 mg / 2 mL X 2 AMPOLLAS,Tiocolchicosido,INYECTABLE,"LABORATORIOS LETI, S.A.V.",https://mav.farmaciasaas.com/api/images/articulos/DISTRIBUCION/20405.jpg,5,3
TIOCOLCHICOSIDO 4 MG / 2 ML,39393,HO43730,TIOCOLCHICOSIDO 4 mg / 2 mL X 12 AMPOLLAS,Tiocolchicosido,INYECTABLE,"BIOTECH LABORATORIOS, C.A.",https://pccentro.net.ve/img/s/9/6/5/3/4/96534-large_default.webp,5,3
TIOCOLCHICOSIDO 4 MG / 2 ML,39394,HO37915,TIOCOLCHICOSIDO 4 mg / 2 mL X 12 AMPOLLAS,Tiocolchicosido,INYECTABLE,"CALOX INTERNATIONAL, C.A.",https://pccentro.net.ve/img/s/9/6/5/3/4/96534-large_default.webp,5,3
TIOCOLCHICOSIDO 4 MG,38871,ME26806,TIOCOLCHICOSIDO 4 mg X 10 COMPRIMIDOS,Tiocolchicosido,COMPRIMIDOS,"LABORATORIOS LETI, S.A.V.",https://mav.farmaciasaas.com/api/images/articulos/DISTRIBUCION/26050.jpg,3,3
TIOCOLCHICOSIDO 4 MG,38872,ME34453,TIOCOLCHICOSIDO 4 mg X 12 TABLETAS,Tiocolchicosido,TABLETAS,"BIOTECH LABORATORIOS, C.A.",https://mav.farmaciasaas.com/api/images/articulos/DISTRIBUCION/6808.jpg,3,3
TIOCOLCHICOSIDO 4 MG,38873,ME37086,TIOCOLCHICOSIDO 4 mg X 12 TABLETAS,Tiocolchicosido,TABLETAS,"CALOX INTERNATIONAL, C.A.",https://pccentro.net.ve/img/s/9/2/7/5/9/92759-large_default.webp,3,3
TRAMAL 100 MG / ML SOLUCION ORAL,38890,ME23882,TRAMAL 100 mg / mL SOLUCION ORAL,Tramadol,SOLUCION ORAL,TECNANDINA S.A.,https://mav.farmaciasaas.com/api/images/articulos/DISTRIBUCION/6148.jpg,4,2
TRAMAL 100 MG / ML SOLUCION ORAL,39605,,TRAMAL 100 mg / mL SOLUCION ORAL,,,,https://mav.farmaciasaas.com/api/images/articulos/DISTRIBUCION/10327.jpg,4,2
TRAMAL 100 MG / ML SOLUCION ORAL,39606,,TRAMAL 100 mg / mL SOLUCION ORAL,,,,,4,2
TRAMAL 100 MG / ML SOLUCION ORAL,39611,,TRAMAL 100 mg / mL SOLUCION ORAL,,,,,4,2
TRIMEBUTINA MALEATO 200 MG,38893,ME28553/2,TRIMEBUTINA MALEATO 200 mg X 10 TABLETAS,,TABLETAS,"LABORATORIO LA SANTE, C.A.",https://mav.farmaciasaas.com/api/images/articulos/DISTRIBUCION/25677.jpg,2,1
TRIMEBUTINA MALEATO 200 MG,38894,ME28553/3,TRIMEBUTINA MALEATO 200 mg X 30 TABLETAS,,TABLETAS,"LABORATORIO LA SANTE, C.A.",https://mav.farmaciasaas.com/api/images/articulos/DISTRIBUCION/26921.jpg,2,1
ULGARIN 20 MG,38904,ME36772/2,ULGARIN 20 mg X 16 CAPSULAS,Esomeprazol Magnesico,CAPSULAS,"LABORATORIOS LETI, S.A.V.",https://mav.farmaciasaas.com/api/images/articulos/DISTRIBUCION/23023.jpg,2,1
ULGARIN 20 MG,38905,ME36772/3,ULGARIN 20 mg X 28 CAPSULAS,Esomeprazol Magnesico,CAPSULAS,"LABORATORIOS LETI, S.A.V.",https://mav.farmaciasaas.com/api/images/articulos/DISTRIBUCION/13252.jpg,2,1
ULGARIN 40 MG,38906,ME36645/2,ULGARIN 40 mg X 16 CAPSULAS,Esomeprazol Magnesico,CAPSULAS,"LABORATORIOS LETI, S.A.V.",https://mav.farmaciasaas.com/api/images/articulos/DISTRIBUCION/23886.jpg,2,1
ULGARIN 40 MG,38907,ME36645/3,ULGARIN 40 mg X 32 CAPSULAS,Esomeprazol Magnesico,CAPSULAS,"LABORATORIOS LETI, S.A.V.",https://mav.farmaciasaas.com/api/images/articulos/DISTRIBUCION/13323.jpg,2,1
VALSARTAN 160MG,38913,ME44208/2,VALSARTÁN 160mg X 10 COMPRIMIDOS RECUBIERTOS,Valsartan,COMPRIMIDOS,"LABORATORIOS VARGAS, S.A.",https://mav.farmaciasaas.com/api/images/articulos/DISTRIBUCION/51784.jpg,3,1
VALSARTAN 160MG,38914,ME44208/3,VALSARTÁN 160mg X 28 COMPRIMIDOS RECUBIERTOS,Valsartan,COMPRIMIDOS,"LABORATORIOS VARGAS, S.A.",https://mav.farmaciasaas.com/api/images/articulos/DISTRIBUCION/54193.jpg,3,1
VALSARTAN 160MG,38915,ME44208/4,VALSARTÁN 160mg X 30 COMPRIMIDOS RECUBIERTOS,Valsartan,COMPRIMIDOS,"LABORATORIOS VARGAS, S.A.",https://mav.farmaciasaas.com/api/images/articulos/DISTRIBUCION/24321.jpg,3,1
VALSARTAN 160 MG,38916,ME31624/3,VALSARTAN 160 mg X 14 CAPSULAS,Valsartan,CAPSULAS,"LABORATORIOS LETI, S.A.V.",https://pccentro.net.ve/img/s/5/4/4/8/8/54488-large_default.webp,4,3
VALSARTAN 160 MG,38917,ME31624/2,VALSARTAN 160 mg X 7 CAPSULAS,Valsartan,CAPSULAS,"LABORATORIOS LETI, S.A.V.",https://mav.farmaciasaas.com/api/images/articulos/DISTRIBUCION/2620.jpg,4,3
VALSARTAN 160 MG,38931,ME44465,VALSARTAN 160 MG X 30 TABLETAS RECUBIERTAS,Valsartan,TABLETAS,"JIANGSU PENGYAO PHARMACEUTICAL CO., LTD",https://mav.farmaciasaas.com/api/images/articulos/DISTRIBUCION/54468.jpg,4,3
VALSARTAN 160 MG,39400,ME42451,VALSARTAN 160 mg X 20 CAPSULAS,Valsartan,CAPSULAS,"LABORATORIOS SPEFAR VENEZOLANOS, S.A.",https://pccentro.net.ve/img/s/5/4/4/8/8/54488-large_default.webp,4,3
"VALSARTAN - HIDROCLOROTIAZIDA 160 MG - 12,5 MG",38918,ME38559/3,"VALSARTAN - HIDROCLOROTIAZIDA 160 mg - 12,5 mg X 30 TABLETAS RECUBIERTAS",Hidroclorotiazida - Valsartan,TABLETAS,"LABORATORIOS VALMOR, C.A.",https://pccentro.net.ve/img/s/2/4/0/7/7/24077-large_default.webp,2,1
"VALSARTAN - HIDROCLOROTIAZIDA 160 MG - 12,5 MG",38919,ME38559/2,"VALSARTAN - HIDROCLOROTIAZIDA 160 mg - 12,5 mg X 14 TABLETAS RECUBIERTAS",Hidroclorotiazida - Valsartan,TABLETAS,"LABORATORIOS VALMOR, C.A.",https://mav.farmaciasaas.com/api/images/articulos/DISTRIBUCION/96316.jpg,2,1
VALSARTAN 80 MG,38920,ME31623/2,VALSARTAN 80 mg X 14 CAPSULAS,Valsartan,CAPSULAS,"LABORATORIOS LETI, S.A.V.",https://mav.farmaciasaas.com/api/images/articulos/DISTRIBUCION/22949.jpg,4,2
VALSARTAN 80 MG,38921,ME31623/3,VALSARTAN 80 mg X 30 CAPSULAS,Valsartan,CAPSULAS,"LABORATORIOS LETI, S.A.V.",https://mav.farmaciasaas.com/api/images/articulos/DISTRIBUCION/99610.jpg,4,2
VALSARTAN 80 MG,38932,ME37644/2,VALSARTAN 80 mg X 14 CAPSULAS,Valsartan,CAPSULAS,"SM PHARMA, C.A.",https://pccentro.net.ve/img/s/7/4/7/5/8/74758-large_default.webp,4,2
VALSARTAN 80 MG,38933,ME37644/3,VALSARTAN 80 mg X 30 CAPSULAS,Valsartan,CAPSULAS,"SM PHARMA, C.A.",https://pccentro.net.ve/img/s/7/4/7/5/8/74758-large_default.webp,4,2
"VALSARTAN - HIDROCLOROTIAZIDA 80 MG - 12,5 MG",38922,ME35562/3,"VALSARTAN - HIDROCLOROTIAZIDA 80 mg - 12,5 mg X 20 TABLETAS RECUBIERTAS",,TABLETAS,"CALOX INTERNATIONAL, C.A.",,7,2
"VALSARTAN - HIDROCLOROTIAZIDA 80 MG - 12,5 MG",38923,ME35562/5,"VALSARTAN - HIDROCLOROTIAZIDA 80 mg - 12,5 mg X 30 TABLETAS RECUBIERTAS",,TABLETAS,"CALOX INTERNATIONAL, C.A.",https://mav.farmaciasaas.com/api/images/articulos/DISTRIBUCION/28723.jpg,7,2
"VALSARTAN - HIDROCLOROTIAZIDA 80 MG - 12,5 MG",38924,ME35562/4,"VALSARTAN - HIDROCLOROTIAZIDA 80 mg - 12,5 mg X 28 TABLETAS RECUBIERTAS",,TABLETAS,"CALOX INTERNATIONAL, C.A.",https://mav.farmaciasaas.com/api/images/articulos/DISTRIBUCION/54281.jpg,7,2
"VALSARTAN - HIDROCLOROTIAZIDA 80 MG - 12,5 MG",38925,ME35562/2,"VALSARTAN - HIDROCLOROTIAZIDA 80 mg - 12,5 mg X 14 TABLETAS RECUBIERTAS",,TABLETAS,"CALOX INTERNATIONAL, C.A.",https://mav.farmaciasaas.com/api/images/articulos/DISTRIBUCION/9838.jpg,7,2
"VALSARTAN - HIDROCLOROTIAZIDA 80 MG - 12,5 MG",38926,ME38613,"VALSARTAN - HIDROCLOROTIAZIDA 80 mg - 12,5 mg X 30 TABLETAS RECUBIERTAS",Hidroclorotiazida - Valsartan,TABLETAS,"LABORATORIOS VALMOR, C.A.",https://pccentro.net.ve/img/s/2/4/0/7/7/24077-large_default.webp,7,2
"VALSARTAN - HIDROCLOROTIAZIDA 80 MG - 12,5 MG",38929,ME35526/2,"VALSARTAN - HIDROCLOROTIAZIDA 80 mg - 12,5 mg X 10 TABLETAS RECUBIERTAS",Hidroclorotiazida - Valsartan,TABLETAS,"CALOX INTERNATIONAL, C.A.",https://mav.farmaciasaas.com/api/images/articulos/DISTRIBUCION/21545.jpg,7,2
"VALSARTAN - HIDROCLOROTIAZIDA 80 MG - 12,5 MG",38930,ME35526/3,"VALSARTAN - HIDROCLOROTIAZIDA 80 mg - 12,5 mg X 30 TABLETAS RECUBIERTAS",Hidroclorotiazida - Valsartan,TABLETAS,"CALOX INTERNATIONAL, C.A.",https://pccentro.net.ve/img/s/2/4/0/7/7/24077-large_default.webp,7,2
"VASATEN HCT 80 MG - 12,5 MG",38927,ME33646/2,"VASATEN HCT 80 mg - 12,5 mg X 10 COMPRIMIDOS RECUBIERTOS",Hidroclorotiazida - Valsartan,COMPRIMIDOS,"LABORATORIOS LETI, S.A.V.",https://mav.farmaciasaas.com/api/images/articulos/DISTRIBUCION/50173.jpg,2,1
"VASATEN HCT 80 MG - 12,5 MG",38928,ME33646/3,"VASATEN HCT 80 mg - 12,5 mg X 14 COMPRIMIDOS RECUBIERTOS",Hidroclorotiazida - Valsartan,COMPRIMIDOS,"LABORATORIOS LETI, S.A.V.",https://mav.farmaciasaas.com/api/images/articulos/DISTRIBUCION/90886.jpg,2,1
VASPITOR 20 MG,38934,ME43273/3,VASPITOR 20 mg X 30 COMPRIMIDOS RECUBIERTOS,Atorvastatina,COMPRIMIDOS,MEGALABS S.A.,https://mav.farmaciasaas.com/api/images/articulos/DISTRIBUCION/50578.jpg,2,1
VASPITOR 20 MG,38935,ME43273/2,VASPITOR 20 mg X 10 COMPRIMIDOS RECUBIERTOS,Atorvastatina,COMPRIMIDOS,MEGALABS S.A.,https://mav.farmaciasaas.com/api/images/articulos/DISTRIBUCION/52641.jpg,2,1
VASPITOR 40 MG,38936,ME43342/3,VASPITOR 40 mg X 30 COMPRIMIDOS RECUBIERTOS,,COMPRIMIDOS,MEGALABS S.A.,https://mav.farmaciasaas.com/api/images/articulos/DISTRIBUCION/50530.jpg,2,1
VASPITOR 40 MG,38937,ME43342/2,VASPITOR 40 mg X 10 COMPRIMIDOS RECUBIERTOS,,COMPRIMIDOS,MEGALABS S.A.,https://mav.farmaciasaas.com/api/images/articulos/DISTRIBUCION/52642.jpg,2,1
VECTUS 20 MG,38940,ME43211/2,VECTUS 20 mg X 1 TABLETAS RECUBIERTAS,Tadalafilo,TABLETAS,LABORATORIOS SIEGFRIED S.A.,https://mav.farmaciasaas.com/api/images/articulos/DISTRIBUCION/29011.jpg,2,1
VECTUS 20 MG,38941,ME43211/3,VECTUS 20 mg X 2 TABLETAS RECUBIERTAS,Tadalafilo,TABLETAS,LABORATORIOS SIEGFRIED S.A.,https://mav.farmaciasaas.com/api/images/articulos/DISTRIBUCION/29012.jpg,2,1
VECTUS 5 MG,38942,ME43394/2,VECTUS 5 mg X 10 TABLETAS RECUBIERTAS,Tadalafilo,TABLETAS,LABORATORIOS SIEGFRIED S.A.,https://mav.farmaciasaas.com/api/images/articulos/DISTRIBUCION/30204.jpg,3,1
VECTUS 5 MG,38943,ME43394/3,VECTUS 5 mg X 20 TABLETAS RECUBIERTAS,Tadalafilo,TABLETAS,LABORATORIOS SIEGFRIED S.A.,https://mav.farmaciasaas.com/api/images/articulos/DISTRIBUCION/30212.jpg,3,1
VECTUS 5 MG,38944,ME43394/4,VECTUS 5 mg X 30 TABLETAS RECUBIERTAS,Tadalafilo,TABLETAS,LABORATORIOS SIEGFRIED S.A.,https://mav.farmaciasaas.com/api/images/articulos/DISTRIBUCION/30213.jpg,3,1
VIASEK 50 MG,38949,ME32610/3,VIASEk 50 mg X 2 COMPRIMIDOS RECUBIERTOS,Sildenafilo,COMPRIMIDOS,"LABORATORIOS LETI, S.A.V.",https://mav.farmaciasaas.com/api/images/articulos/DISTRIBUCION/2929.jpg,2,1
VIASEK 50 MG,38950,ME32610/2,VIASEk 50 mg X 1 COMPRIMIDOS RECUBIERTOS,Sildenafilo,COMPRIMIDOS,"LABORATORIOS LETI, S.A.V.",https://mav.farmaciasaas.com/api/images/articulos/DISTRIBUCION/5327.jpg,2,1
FARMAD 1000 UI,38955,ME39856/3,FARMAD 1000 UI X 60 TABLETAS RECUBIERTAS,Vitamina D3,TABLETAS,LABORATORIOS FARMA S.A.,https://mav.farmaciasaas.com/api/images/articulos/DISTRIBUCION/52137.jpg,3,1
FARMAD 1000 UI,38956,ME39856/4,FARMAD 1000 UI X 100 TABLETAS RECUBIERTAS,Vitamina D3,TABLETAS,LABORATORIOS FARMA S.A.,https://mav.farmaciasaas.com/api/images/articulos/DISTRIBUCION/5310.jpg,3,1
FARMAD 1000 UI,38957,ME39856/2,FARMAD 1000 UI X 30 TABLETAS RECUBIERTAS,Vitamina D3,TABLETAS,LABORATORIOS FARMA S.A.,https://mav.farmaciasaas.com/api/images/articulos/DISTRIBUCION/96976.jpg,3,1
VITAMINA E 400 UI,38968,ME32842/2,VITAMINA E 400 UI X 30 CAPSULAS BLANDAS,Vitamina A,CAPSULAS,"INDUSTRIAS INTERCAPS DE VENEZUELA, C.A.",https://mav.farmaciasaas.com/api/images/articulos/DISTRIBUCION/9750.jpg,2,1
VITAMINA E 400 UI,38969,ME32842/3,VITAMINA E 400 UI X 50 CAPSULAS BLANDAS,Vitamina A,CAPSULAS,"INDUSTRIAS INTERCAPS DE VENEZUELA, C.A.",https://mav.farmaciasaas.com/api/images/articulos/DISTRIBUCION/53029.jpg,2,1
VITADYN C 500 MG TABLETAS MASTICABLES SABOR A FRUTAS TROPICALES,38971,ME31004/2,VITADYN C 500 mg TABLETAS MASTICABLES SABOR A FRUTAS TROPICALES X 10 TABLETAS,,TABLETAS,"LABORATORIOS L.O. OFTALMI, C.A.",https://mav.farmaciasaas.com/api/images/articulos/DISTRIBUCION/54484.jpg,2,1
VITADYN C 500 MG TABLETAS MASTICABLES SABOR A FRUTAS TROPICALES,38972,ME31004/3,VITADYN C 500 mg TABLETAS MASTICABLES SABOR A FRUTAS TROPICALES X 30 TABLETAS,,TABLETAS,"LABORATORIOS L.O. OFTALMI, C.A.",https://mav.farmaciasaas.com/api/images/articulos/DISTRIBUCION/30132.jpg,2,1
VIZERUL 75 MG,38976,ME30487/2,VIZERUL 75 mg X 10 COMPRIMIDOS RECUBIERTOS,,COMPRIMIDOS,"ESPECIALIDADES DOLLDER, C.A.",https://mav.farmaciasaas.com/api/images/articulos/DISTRIBUCION/111.jpg,2,1
VIZERUL 75 MG,38977,ME30487/3,VIZERUL 75 mg X 20 COMPRIMIDOS RECUBIERTOS,,COMPRIMIDOS,"ESPECIALIDADES DOLLDER, C.A.",https://mav.farmaciasaas.com/api/images/articulos/DISTRIBUCION/24115.jpg,2,1
XANEXTRA 500 MG / 5 ML,38982,HO41121/2,XANEXTRA 500 mg / 5 mL X 1 AMPOLLAS,Tranexamico Acido,INYECTABLE,SWISS PARENTERALS LTD,https://pccentro.net.ve/img/s/3/0/6/1/1/30611-large_default.webp,2,1
XANEXTRA 500 MG / 5 ML,38983,HO41121/3,XANEXTRA 500 mg / 5 mL X 21 AMPOLLAS,Tranexamico Acido,INYECTABLE,SWISS PARENTERALS LTD,https://mav.farmaciasaas.com/api/images/articulos/DISTRIBUCION/29029.jpg,2,1
ZOLPIDEX 10 MG,38996,ME33820/2,ZOLPIDEX 10 mg X 10 COMPRIMIDOS RECUBIERTOS,,COMPRIMIDOS,MEGALABS S.A.,https://mav.farmaciasaas.com/api/images/articulos/DISTRIBUCION/6549.jpg,2,1
ZOLPIDEX 10 MG,38997,ME33820/3,ZOLPIDEX 10 mg X 20 COMPRIMIDOS RECUBIERTOS,,COMPRIMIDOS,MEGALABS S.A.,https://mav.farmaciasaas.com/api/images/articulos/DISTRIBUCION/6547.jpg,2,1
ZOST 50 MG,39002,ME33888/2,ZOST 50 mg X 1 COMPRIMIDOS,,COMPRIMIDOS,"ESPECIALIDADES DOLLDER, C.A.",https://mav.farmaciasaas.com/api/images/articulos/DISTRIBUCION/91511.jpg,3,1
ZOST 50 MG,39003,ME33888/3,ZOST 50 mg X 2 COMPRIMIDOS,,COMPRIMIDOS,"ESPECIALIDADES DOLLDER, C.A.",https://mav.farmaciasaas.com/api/images/articulos/DISTRIBUCION/91227.jpg,3,1
ZOST 50 MG,39004,ME33888/4,ZOST 50 mg X 4 COMPRIMIDOS,,COMPRIMIDOS,"ESPECIALIDADES DOLLDER, C.A.",https://mav.farmaciasaas.com/api/images/articulos/DISTRIBUCION/91228.jpg,3,1
ACETAMINOFEN 650 MG,39010,ME33906,ACETAMINOFEN 650 mg X 10 TABLETAS,Acetaminofen,TABLETAS,"CALOX INTERNATIONAL, C.A.",https://pccentro.net.ve/img/s/2/2/8/6/3/22863-large_default.webp,2,2
ACETAMINOFEN 650 MG,39013,ME41663,ACETAMINOFEN 650 mg X 10 COMPRIMIDOS,Acetaminofen,COMPRIMIDOS,"LABORATORIOS LETI, S.A.V.",https://pccentro.net.ve/img/s/2/2/8/6/3/22863-large_default.webp,2,2
AIRON 5 MG,39027,ME33777/2,AIRON 5 mg X 10 TABLETAS MASTICABLES,Montelukast,TABLETAS,"LABORATORIOS L.O. OFTALMI, C.A.",https://pccentro.net.ve/img/s/5/8/2/0/8/58208-large_default.webp,2,1
AIRON 5 MG,39028,ME33777/3,AIRON 5 mg X 30 TABLETAS MASTICABLES,Montelukast,TABLETAS,"LABORATORIOS L.O. OFTALMI, C.A.",https://mav.farmaciasaas.com/api/images/articulos/DISTRIBUCION/5931.jpg,2,1
AMOVIN 500 MG,39042,ME32836/2,AMOVIN 500 mg X 3 TABLETAS RECUBIERTAS,Azitromicina,TABLETAS,"LABORATORIO COFASA, S.A.",,2,1
AMOVIN 500 MG,39043,ME32836/3,AMOVIN 500 mg X 6 TABLETAS RECUBIERTAS,Azitromicina,TABLETAS,"LABORATORIO COFASA, S.A.",https://mav.farmaciasaas.com/api/images/articulos/DISTRIBUCION/92490.jpg,2,1
"ANTAAR 2,5 MG",39054,ME40060/3,"ANTAAR 2,5 mg X 30 TABLETAS RECUBIERTAS",Bisoprolol,TABLETAS,"CALOX INTERNATIONAL, C.A.",https://mav.farmaciasaas.com/api/images/articulos/DISTRIBUCION/15626.jpg,2,1
"ANTAAR 2,5 MG",39055,ME40060/2,"ANTAAR 2,5 mg X 10 TABLETAS RECUBIERTAS",Bisoprolol,TABLETAS,"CALOX INTERNATIONAL, C.A.",https://mav.farmaciasaas.com/api/images/articulos/DISTRIBUCION/21066.jpg,2,1
APLACAL 750 MG TABLETAS MASTICABLES SABOR A FRAMBUESA,39064,ME42368/2,APLACAL 750 mg TABLETAS MASTICABLES SABOR A FRAMBUESA X 10 TABLETAS,,TABLETAS,LABORATORIOS SIEGFRIED S.A.,https://mav.farmaciasaas.com/api/images/articulos/DISTRIBUCION/21596.jpg,2,1
APLACAL 750 MG TABLETAS MASTICABLES SABOR A FRAMBUESA,39065,ME42368/3,APLACAL 750 mg TABLETAS MASTICABLES SABOR A FRAMBUESA X 80 TABLETAS,,TABLETAS,LABORATORIOS SIEGFRIED S.A.,https://mav.farmaciasaas.com/api/images/articulos/DISTRIBUCION/52827.jpg,2,1
ARANDA 5 MG - 50 MG,39070,ME38655/2,ARANDA 5 mg - 50 mg X 10 CAPSULAS,Losartan,CAPSULAS,LABORATORIOS FARMA S.A.,https://pccentro.net.ve/img/s/7/5/0/7/6/75076-large_default.webp,2,1
ARANDA 5 MG - 50 MG,39071,ME38655/3,ARANDA 5 mg - 50 mg X 30 CAPSULAS,Losartan,CAPSULAS,LABORATORIOS FARMA S.A.,https://pccentro.net.ve/img/s/7/5/0/7/6/75076-large_default.webp,2,1
BRAL 500 MG / ML,39113,HO16263/3,BRAL 500 mg / mL X 100 AMPOLLAS,Dipirona,INYECTABLE,"BIOTECH LABORATORIOS, C.A.",,2,1
BRAL 500 MG / ML,39114,HO16263/2,BRAL 500 mg / mL X 20 AMPOLLAS,Dipirona,INYECTABLE,"BIOTECH LABORATORIOS, C.A.",,2,1
"CARVEDILOL 6,25 MG COMPRIMIDOS",39131,ME36805,"CARVEDILOL 6,25 mg COMPRIMIDOS",Carvedilol,COMPRIMIDOS,"LABORATORIOS LETI, S.A.V.",https://mav.farmaciasaas.com/api/images/articulos/DISTRIBUCION/25528.jpg,2,2
"CARVEDILOL 6,25 MG COMPRIMIDOS",39132,ME36892,"CARVEDILOL 6,25 mg COMPRIMIDOS",Carvedilol,COMPRIMIDOS,"LABORATORIOS SPEFAR VENEZOLANOS, S.A.",https://pccentro.net.ve/img/s/3/3/1/0/4/33104-large_default.webp,2,2
CRISOMET 50 MG - 850 MG,39165,ME41809/2,CRISOMET 50 mg - 850 mg X 10 TABLETAS RECUBIERTAS,Metformina - Sitagliptina,TABLETAS,LABORATORIOS FARMA S.A.,https://mav.farmaciasaas.com/api/images/articulos/DISTRIBUCION/17016.jpg,2,1
CRISOMET 50 MG - 850 MG,39166,ME41809/3,CRISOMET 50 mg - 850 mg X 30 TABLETAS RECUBIERTAS,Metformina - Sitagliptina,TABLETAS,LABORATORIOS FARMA S.A.,https://mav.farmaciasaas.com/api/images/articulos/DISTRIBUCION/19233.jpg,2,1
DOL FORTE 500 MG - 65 MG,39169,ME39525/3,DOL FORTE 500 mg - 65 mg X 10 TABLETAS,Acetaminofen - Cafeina,TABLETAS,"CALOX INTERNATIONAL, C.A.",https://pccentro.net.ve/img/s/6/4/0/7/1/64071-large_default.webp,2,1
DOL FORTE 500 MG - 65 MG,39170,ME39525/2,DOL FORTE 500 mg - 65 mg X 4 TABLETAS,Acetaminofen - Cafeina,TABLETAS,"CALOX INTERNATIONAL, C.A.",https://pccentro.net.ve/img/s/6/4/0/7/1/64071-large_default.webp,2,1
DICLOFENAC POTASICO 50 MG,39183,ME36983/2,DICLOFENAC POTASICO 50 mg X 10 TABLETAS RECUBIERTAS,Diclofenaco,TABLETAS,"LABORATORIOS L.O. OFTALMI, C.A.",https://mav.farmaciasaas.com/api/images/articulos/DISTRIBUCION/8409.jpg,3,2
DICLOFENAC POTASICO 50 MG,39184,ME36983/3,DICLOFENAC POTASICO 50 mg X 30 TABLETAS RECUBIERTAS,Diclofenaco,TABLETAS,"LABORATORIOS L.O. OFTALMI, C.A.",https://mav.farmaciasaas.com/api/images/articulos/DISTRIBUCION/13815.jpg,3,2
DICLOFENAC POTASICO 50 MG,39187,ME35439,DICLOFENAC POTASICO 50 mg X 20 COMPRIMIDOS RECUBIERTOS,Diclofenaco,COMPRIMIDOS,"LABORATORIOS SPEFAR VENEZOLANOS, S.A.",https://pccentro.net.ve/img/s/5/2/9/3/1/52931-large_default.webp,3,2
EUSILEN 4 MG / 2 ML,39205,HO27693/2,EUSILEN 4 mg / 2 mL X 1 AMPOLLAS,Tiocolchicosido,INYECTABLE,"LABORATORIO COFASA, S.A.",https://mav.farmaciasaas.com/api/images/articulos/DISTRIBUCION/9602.jpg,2,1
EUSILEN 4 MG / 2 ML,39206,HO27693/3,EUSILEN 4 mg / 2 mL X 2 AMPOLLAS,Tiocolchicosido,INYECTABLE,"LABORATORIO COFASA, S.A.",https://mav.farmaciasaas.com/api/images/articulos/DISTRIBUCION/5513.jpg,2,1
FARMAD 200UI/GOTA,39210,ME44388/3,FARMAD 200UI/gota X 30 SOLUCION ORAL,Vitamina D3,GOTAS,LABORATORIOS FARMA S.A.,https://pccentro.net.ve/img/s/7/2/5/5/9/72559-large_default.webp,2,1
FARMAD 200UI/GOTA,39211,ME44388/2,FARMAD 200UI/gota X 10 SOLUCION ORAL,Vitamina D3,GOTAS,LABORATORIOS FARMA S.A.,https://pccentro.net.ve/img/s/7/2/5/5/9/72559-large_default.webp,2,1
FERGANIC FOLIC 40 MG - 350 MCG,39216,ME33238/4,FERGANIC FOLIC 40 mg - 350 mcg X 24 TABLETAS MASTICABLES,Folico Acido,TABLETAS,MEGALABS S.A.,https://pccentro.net.ve/img/s/7/5/7/3/2/75732-large_default.webp,4,1
FERGANIC FOLIC 40 MG - 350 MCG,39217,ME33238/2,FERGANIC FOLIC 40 mg - 350 mcg X 14 TABLETAS MASTICABLES,Folico Acido,TABLETAS,MEGALABS S.A.,https://pccentro.net.ve/img/s/7/5/7/3/2/75732-large_default.webp,4,1
FERGANIC FOLIC 40 MG - 350 MCG,39218,ME33238/5,FERGANIC FOLIC 40 mg - 350 mcg X 30 TABLETAS MASTICABLES,Folico Acido,TABLETAS,MEGALABS S.A.,https://mav.farmaciasaas.com/api/images/articulos/DISTRIBUCION/90601.jpg,4,1
FERGANIC FOLIC 40 MG - 350 MCG,39219,ME33238/3,FERGANIC FOLIC 40 mg - 350 mcg X 20 TABLETAS MASTICABLES,Folico Acido,TABLETAS,MEGALABS S.A.,https://mav.farmaciasaas.com/api/images/articulos/DISTRIBUCION/3971.jpg,4,1
GEMKAST 4 MG,39229,ME43742/2,GEMKAST 4 mg X 10 TABLETAS MASTICABLES,Montelukast,TABLETAS,"GEMA LABS, C.A.",https://mav.farmaciasaas.com/api/images/articulos/DISTRIBUCION/53002.jpg,2,1
GEMKAST 4 MG,39230,ME43742/3,GEMKAST 4 mg X 30 TABLETAS MASTICABLES,Montelukast,TABLETAS,"GEMA LABS, C.A.",https://pccentro.net.ve/img/s/5/6/7/8/9/56789-large_default.webp,2,1
GEMKAST 5 MG,39231,ME43743/3,GEMKAST 5 mg X 30 TABLETAS MASTICABLES,Montelukast,TABLETAS,"GEMA LABS, C.A.",https://mav.farmaciasaas.com/api/images/articulos/DISTRIBUCION/53004.jpg,2,1
GEMKAST 5 MG,39232,ME43743/2,GEMKAST 5 mg X 10 TABLETAS MASTICABLES,Montelukast,TABLETAS,"GEMA LABS, C.A.",https://pccentro.net.ve/img/s/5/8/2/0/8/58208-large_default.webp,2,1
"HIDROCLOROTIAZIDA 12,5 MG COMPRIMIDOS",39245,ME42460,"HIDROCLOROTIAZIDA 12,5 mg COMPRIMIDOS",Hidroclorotiazida,COMPRIMIDOS,"LABORATORIOS SPEFAR VENEZOLANOS, S.A.",https://mav.farmaciasaas.com/api/images/articulos/DISTRIBUCION/53195.jpg,2,2
"HIDROCLOROTIAZIDA 12,5 MG COMPRIMIDOS",39246,ME41692,"HIDROCLOROTIAZIDA 12,5 mg COMPRIMIDOS",Hidroclorotiazida,COMPRIMIDOS,"LABORATORIOS LETI, S.A.V.",https://mav.farmaciasaas.com/api/images/articulos/DISTRIBUCION/17795.jpg,2,2
IRGEM 300 MG,39261,ME43609/2,IRGEM 300 mg X 10 TABLETAS,Irbesartan,TABLETAS,"GEMA LABS, C.A.",https://mav.farmaciasaas.com/api/images/articulos/DISTRIBUCION/52652.jpg,2,1
IRGEM 300 MG,39262,ME43609/3,IRGEM 300 mg X 30 TABLETAS,Irbesartan,TABLETAS,"GEMA LABS, C.A.",https://pccentro.net.ve/img/s/8/4/0/4/1/84041-large_default.webp,2,1
KETOPROFENO 100 MG / 2 ML,39267,HO33101/2,KETOPROFENO 100 mg / 2 mL X 10 AMPOLLAS,Ketoprofeno,INYECTABLE,"LABORATORIOS LETI, S.A.V.",https://pccentro.net.ve/img/s/7/7/7/0/1/77701-large_default.webp,4,2
KETOPROFENO 100 MG / 2 ML,39268,HO33101/3,KETOPROFENO 100 mg / 2 mL X 20 AMPOLLAS,Ketoprofeno,INYECTABLE,"LABORATORIOS LETI, S.A.V.",https://pccentro.net.ve/img/s/7/7/7/0/1/77701-large_default.webp,4,2
KETOPROFENO 100 MG / 2 ML,39270,HO30273/3,KETOPROFENO 100 mg / 2 mL X 10 AMPOLLAS,Ketoprofeno,INYECTABLE,"LABORATORIO COFASA, S.A.",https://pccentro.net.ve/img/s/7/7/7/0/1/77701-large_default.webp,4,2
KETOPROFENO 100 MG / 2 ML,39271,HO30273/2,KETOPROFENO 100 mg / 2 mL X 1 AMPOLLAS,Ketoprofeno,INYECTABLE,"LABORATORIO COFASA, S.A.",https://pccentro.net.ve/img/s/7/7/7/0/1/77701-large_default.webp,4,2
LAGEMIN 50 MG,39277,ME43611/3,LAGEMIN 50 mg X 30 TABLETAS DISPERSABLES,Lamotrigina,TABLETAS,"GEMA LABS, C.A.",https://mav.farmaciasaas.com/api/images/articulos/DISTRIBUCION/52656.jpg,2,1
LAGEMIN 50 MG,39278,ME43611/2,LAGEMIN 50 mg X 10 TABLETAS DISPERSABLES,Lamotrigina,TABLETAS,"GEMA LABS, C.A.",https://pccentro.net.ve/img/s/2/2/7/6/9/22769-large_default.webp,2,1
LAGEMIN 100 MG,39279,ME43637/2,LAGEMIN 100 mg X 10 TABLETAS DISPERSABLES,Lamotrigina,TABLETAS,"GEMA LABS, C.A.",https://mav.farmaciasaas.com/api/images/articulos/DISTRIBUCION/52657.jpg,2,1
LAGEMIN 100 MG,39280,ME43637/3,LAGEMIN 100 mg X 30 TABLETAS DISPERSABLES,Lamotrigina,TABLETAS,"GEMA LABS, C.A.",https://pccentro.net.ve/img/s/3/0/6/0/0/30600-large_default.webp,2,1
OXOLAMINA 50 MG / 5 ML JARABE,39335,ME26052,OXOLAMINA 50 mg / 5 mL JARABE,,JARABE,"LABORATORIOS VALMOR, C.A.",,2,2
OXOLAMINA 50 MG / 5 ML JARABE,39339,ME26205,OXOLAMINA 50 mg / 5 mL JARABE,,JARABE,"LABORATORIOS ELMOR, S.A.",,2,2
SILDENAFIL 50 MG,39363,ME34458,SILDENAFIL 50 mg X 2 TABLETAS RECUBIERTAS,Sildenafilo,TABLETAS,"LABORATORIOS KIMICEG, C.A.",https://mav.farmaciasaas.com/api/images/articulos/DISTRIBUCION/8404.jpg,2,2
SILDENAFIL 50 MG,39364,ME34567,SILDENAFIL 50 mg X 4 TABLETAS RECUBIERTAS,Sildenafilo,TABLETAS,LABORATORIOS SIEGFRIED S.A.,https://mav.farmaciasaas.com/api/images/articulos/DISTRIBUCION/20786.jpg,2,2
TARVINA 20 MG,39384,ME44195/2,TARVINA 20 mg X 10 TABLETAS RECUBIERTAS,Atorvastatina,TABLETAS,"GEMA LABS, C.A.",https://pccentro.net.ve/img/s/3/4/7/9/7/34797-large_default.webp,2,1
TARVINA 20 MG,39385,ME44195/3,TARVINA 20 mg X 30 TABLETAS RECUBIERTAS,Atorvastatina,TABLETAS,"GEMA LABS, C.A.",https://pccentro.net.ve/img/s/3/4/7/9/7/34797-large_default.webp,2,1
TERAGRIPFORTE NOCHE 650MG-4MG,39388,ME44419/3,TERAGRIPFORTE NOCHE 650mg-4mg X 6 GRANULADO PARA SOLUCION ORAL,Acetaminofen - Clorfeniramina,GRANULADOS,LABORATORIOS FARMA S.A.,https://mav.farmaciasaas.com/api/images/articulos/DISTRIBUCION/6270.jpg,2,1
TERAGRIPFORTE NOCHE 650MG-4MG,39390,ME44419/4,TERAGRIPFORTE NOCHE 650mg-4mg X 10 GRANULADO PARA SOLUCION ORAL,Acetaminofen - Clorfeniramina,GRANULADOS,LABORATORIOS FARMA S.A.,https://pccentro.net.ve/img/s/8/1/4/0/6/81406-large_default.webp,2,1
"VALGEM PLUS 160 MG-12,5 MG",39398,ME43779/2,"VALGEM PLUS 160 mg-12,5 mg X 10 TABLETAS RECUBIERTAS",Hidroclorotiazida - Valsartan,TABLETAS,"GEMA LABS, C.A.",https://mav.farmaciasaas.com/api/images/articulos/DISTRIBUCION/52665.jpg,2,1
"VALGEM PLUS 160 MG-12,5 MG",39399,ME43779/3,"VALGEM PLUS 160 mg-12,5 mg X 30 TABLETAS RECUBIERTAS",Hidroclorotiazida - Valsartan,TABLETAS,"GEMA LABS, C.A.",,2,1
VITAMINA B12 250 MCG,39411,ME6025/2,VITAMINA B12 250 mcg X 3 CAPSULAS,Cianocobalamina,CAPSULAS,MEGALABS S.A.,https://pccentro.net.ve/img/s/7/7/8/3/0/77830-large_default.webp,2,1
VITAMINA B12 250 MCG,39412,ME6025/3,VITAMINA B12 250 mcg X 20 CAPSULAS,Cianocobalamina,CAPSULAS,MEGALABS S.A.,https://mav.farmaciasaas.com/api/images/articulos/DISTRIBUCION/3790.jpg,2,1
DESLER M 5 MG - 10 MG,39476,ME39603/3,DESLER M 5 mg - 10 mg X 30 TABLETAS RECUBIERTAS,Desloratadina - Montelukast,TABLETAS,"LABORATORIO LA SANTE, C.A.",https://mav.farmaciasaas.com/api/images/articulos/DISTRIBUCION/96524/96524.jpg,2,1
DESLER M 5 MG - 10 MG,39477,ME39603/2,DESLER M 5 mg - 10 mg X 10 TABLETAS RECUBIERTAS,Desloratadina - Montelukast,TABLETAS,"LABORATORIO LA SANTE, C.A.",https://mav.farmaciasaas.com/api/images/articulos/DISTRIBUCION/18361.jpg,2,1
DOLAK 30 MG,39489,ME38932/4,DOLAK 30 mg X 4 COMPRIMIDOS SUBLINGUALES,,COMPRIMIDOS,"ESPECIALIDADES DOLLDER, C.A.",https://mav.farmaciasaas.com/api/images/articulos/DISTRIBUCION/94457.jpg,3,1
DOLAK 30 MG,39490,ME38932/2,DOLAK 30 mg X 1 COMPRIMIDOS SUBLINGUALES,,COMPRIMIDOS,"ESPECIALIDADES DOLLDER, C.A.",,3,1
DOLAK 30 MG,39491,ME38932/3,DOLAK 30 mg X 2 COMPRIMIDOS SUBLINGUALES,,COMPRIMIDOS,"ESPECIALIDADES DOLLDER, C.A.",,3,1
EVIGAX 125 MG,39502,ME35246/2,EVIGAX 125 mg X 10 CAPSULAS BLANDAS,Simeticona,CAPSULAS,"INDUSTRIAS INTERCAPS DE VENEZUELA, C.A.",https://mav.farmaciasaas.com/api/images/articulos/DISTRIBUCION/96795.jpg,2,1
EVIGAX 125 MG,39503,ME35246/3,EVIGAX 125 mg X 20 CAPSULAS BLANDAS,Simeticona,CAPSULAS,"INDUSTRIAS INTERCAPS DE VENEZUELA, C.A.",https://mav.farmaciasaas.com/api/images/articulos/DISTRIBUCION/8614.jpg,2,1
GLUTANIL AL 20 %,39521,HO41500/2,GLUTANIL AL 20 % X 30 AMPOLLAS,Glutamina,INYECTABLE,"LABORATORIO BEHRENS, C.A.",https://pccentro.net.ve/img/s/7/6/2/0/3/76203-large_default.webp,2,1
GLUTANIL AL 20 %,39522,HO41500/3,GLUTANIL AL 20 % X 60 AMPOLLAS,Glutamina,INYECTABLE,"LABORATORIO BEHRENS, C.A.",https://pccentro.net.ve/img/s/7/6/2/0/3/76203-large_default.webp,2,1
NEUROALFA,39552,HO39021/2,NEUROALFA X 1 AMPOLLAS,Vitamina B12,INYECTABLE,LABORATORIOS ALFA S.R.L.,https://pccentro.net.ve/img/s/9/1/1/3/1/91131-large_default.webp,2,1
NEUROALFA,39553,HO39021/3,NEUROALFA X 3 AMPOLLAS,Vitamina B12,INYECTABLE,LABORATORIOS ALFA S.R.L.,https://pccentro.net.ve/img/s/9/1/1/3/1/91131-large_default.webp,2,1