clave_mf,id,sku,nombre_comercial,molecula,forma,laboratorio,foto_url,total_grupo
ATOMOXETINA ||| CAPSULAS,37291,ME36296,ABRETIA 10 mg X 10 CAPSULAS,Atomoxetina,CAPSULAS,MEGALABS S.A.,https://mav.farmaciasaas.com/api/images/articulos/DISTRIBUCION/17769.jpg,3
ATOMOXETINA ||| CAPSULAS,37292,ME36437,ABRETIA 18 mg X 10 CAPSULAS,Atomoxetina,CAPSULAS,MEGALABS S.A.,https://mav.farmaciasaas.com/api/images/articulos/DISTRIBUCION/17770.jpg,3
ATOMOXETINA ||| CAPSULAS,37293,ME36438,ABRETIA 25 mg X 20 CAPSULAS,Atomoxetina,CAPSULAS,MEGALABS S.A.,https://mav.farmaciasaas.com/api/images/articulos/DISTRIBUCION/17768.jpg,3
FOLICO ACIDO ||| COMPRIMIDOS,37294,ME4629/3,ACIDO FOLICO 5 mg X 20 COMPRIMIDOS,Folico Acido,COMPRIMIDOS,MEGALABS S.A.,https://mav.farmaciasaas.com/api/images/articulos/DISTRIBUCION/10751.jpg,10
FOLICO ACIDO ||| COMPRIMIDOS,37295,ME4629/4,ACIDO FOLICO 5 mg X 30 COMPRIMIDOS,Folico Acido,COMPRIMIDOS,MEGALABS S.A.,https://mav.farmaciasaas.com/api/images/articulos/DISTRIBUCION/92955.jpg,10
FOLICO ACIDO ||| COMPRIMIDOS,37296,ME4629/2,ACIDO FOLICO 5 mg X 10 COMPRIMIDOS,Folico Acido,COMPRIMIDOS,MEGALABS S.A.,https://mav.farmaciasaas.com/api/images/articulos/DISTRIBUCION/20331.jpg,10
FOLICO ACIDO ||| COMPRIMIDOS,37353,ME33347,ACIDO FOLICO 10 mg COMPRIMIDOS,Folico Acido,COMPRIMIDOS,"LABORATORIOS VARGAS, S.A.",https://pccentro.net.ve/img/s/9/6/0/9/0/96090-large_default.webp,10
FOLICO ACIDO ||| COMPRIMIDOS,37354,ME4630/3,ACIDO FOLICO 10 mg X 20 COMPRIMIDOS,Folico Acido,COMPRIMIDOS,MEGALABS S.A.,https://mav.farmaciasaas.com/api/images/articulos/DISTRIBUCION/24.jpg,10
FOLICO ACIDO ||| COMPRIMIDOS,37355,ME4630/4,ACIDO FOLICO 10 mg X 30 COMPRIMIDOS,Folico Acido,COMPRIMIDOS,MEGALABS S.A.,https://mav.farmaciasaas.com/api/images/articulos/DISTRIBUCION/90738.jpg,10
FOLICO ACIDO ||| COMPRIMIDOS,37356,ME4630/2,ACIDO FOLICO 10 mg X 10 COMPRIMIDOS,Folico Acido,COMPRIMIDOS,MEGALABS S.A.,https://pccentro.net.ve/img/s/9/6/0/9/0/96090-large_default.webp,10
FOLICO ACIDO ||| COMPRIMIDOS,37357,ME38298,ACIDO FOLICO 10 mg X 30 COMPRIMIDOS,Folico Acido,COMPRIMIDOS,"LABORATORIOS LETI, S.A.V.",https://mav.farmaciasaas.com/api/images/articulos/DISTRIBUCION/98454.jpg,10
FOLICO ACIDO ||| COMPRIMIDOS,37372,ME27634,AFOKLIN 5 mg X 20 COMPRIMIDOS,Folico Acido,COMPRIMIDOS,MEGALABS S.A.,https://mav.farmaciasaas.com/api/images/articulos/DISTRIBUCION/778.jpg,10
FOLICO ACIDO ||| COMPRIMIDOS,39021,ME22033,ACIDO FOLICO 10 mg COMPRIMIDOS,Folico Acido,COMPRIMIDOS,"LABORATORIOS VALMOR, C.A.",https://pccentro.net.ve/img/s/9/6/0/9/0/96090-large_default.webp,10
FOLICO ACIDO ||| TABLETAS,37297,ME43837,ACIDO FOLICO 10 mg X 10 TABLETAS,Folico Acido,TABLETAS,"BIOQUIMICA INTERNACIONAL, C.A.",https://mav.farmaciasaas.com/api/images/articulos/DISTRIBUCION/20330.jpg,20
FOLICO ACIDO ||| TABLETAS,37298,ME36224/2,ACIDO FOLICO 10 mg X 10 TABLETAS,Folico Acido,TABLETAS,"LABORATORIO PLUSANDEX DE FARMACEUTICOS UNIDOS, PLUSANDEX, C.A.",https://mav.farmaciasaas.com/api/images/articulos/DISTRIBUCION/53779.jpg,20
FOLICO ACIDO ||| TABLETAS,37299,ME36224/3,ACIDO FOLICO 10 mg X 20 TABLETAS,Folico Acido,TABLETAS,"LABORATORIO PLUSANDEX DE FARMACEUTICOS UNIDOS, PLUSANDEX, C.A.",https://mav.farmaciasaas.com/api/images/articulos/DISTRIBUCION/92858.jpg,20
FOLICO ACIDO ||| TABLETAS,37300,ME36224/4,ACIDO FOLICO 10 mg X 30 TABLETAS,Folico Acido,TABLETAS,"LABORATORIO PLUSANDEX DE FARMACEUTICOS UNIDOS, PLUSANDEX, C.A.",https://mav.farmaciasaas.com/api/images/articulos/DISTRIBUCION/92857.jpg,20
FOLICO ACIDO ||| TABLETAS,37301,ME43836,ACIDO FOLICO 5 mg X 10 TABLETAS,Folico Acido,TABLETAS,"BIOQUIMICA INTERNACIONAL, C.A.",https://mav.farmaciasaas.com/api/images/articulos/DISTRIBUCION/53280.jpg,20
FOLICO ACIDO ||| TABLETAS,37359,ME33559,ACIDO FOLICO 10 mg X 30 TABLETAS,Folico Acido,TABLETAS,"CALOX INTERNATIONAL, C.A.",https://mav.farmaciasaas.com/api/images/articulos/DISTRIBUCION/29544.jpg,20
FOLICO ACIDO ||| TABLETAS,37360,ME36039,ACIDO FOLICO 5 mg X 30 TABLETAS,Folico Acido,TABLETAS,"LABORATORIO PLUSANDEX DE FARMACEUTICOS UNIDOS, PLUSANDEX, C.A.",https://mav.farmaciasaas.com/api/images/articulos/DISTRIBUCION/23782.jpg,20
FOLICO ACIDO ||| TABLETAS,38567,ME42319/2,NONAFOL 10 mg X 10 TABLETAS,Folico Acido,TABLETAS,LABORATORIOS SIEGFRIED S.A.,https://mav.farmaciasaas.com/api/images/articulos/DISTRIBUCION/23015.jpg,20
FOLICO ACIDO ||| TABLETAS,38568,ME42319/3,NONAFOL 10 mg X 20 TABLETAS,Folico Acido,TABLETAS,LABORATORIOS SIEGFRIED S.A.,https://mav.farmaciasaas.com/api/images/articulos/DISTRIBUCION/25245.jpg,20
FOLICO ACIDO ||| TABLETAS,38569,ME42319/4,NONAFOL 10 mg X 30 TABLETAS,Folico Acido,TABLETAS,LABORATORIOS SIEGFRIED S.A.,https://mav.farmaciasaas.com/api/images/articulos/DISTRIBUCION/23016.jpg,20
FOLICO ACIDO ||| TABLETAS,38570,ME42320/2,NONAFOL 5 mg X 10 TABLETAS,Folico Acido,TABLETAS,LABORATORIOS SIEGFRIED S.A.,https://mav.farmaciasaas.com/api/images/articulos/DISTRIBUCION/23099.jpg,20
FOLICO ACIDO ||| TABLETAS,38571,ME42320/3,NONAFOL 5 mg X 20 TABLETAS,Folico Acido,TABLETAS,LABORATORIOS SIEGFRIED S.A.,https://mav.farmaciasaas.com/api/images/articulos/DISTRIBUCION/21982.jpg,20
FOLICO ACIDO ||| TABLETAS,38572,ME42320/4,NONAFOL 5 mg X 30 TABLETAS,Folico Acido,TABLETAS,LABORATORIOS SIEGFRIED S.A.,https://mav.farmaciasaas.com/api/images/articulos/DISTRIBUCION/21983.jpg,20
FOLICO ACIDO ||| TABLETAS,39018,ME29911/2,ACIDO FOLICO 10 mg X 20 TABLETAS,Folico Acido,TABLETAS,LABORATORIOS SIEGFRIED S.A.,https://mav.farmaciasaas.com/api/images/articulos/DISTRIBUCION/4100.jpg,20
FOLICO ACIDO ||| TABLETAS,39019,ME29911/3,ACIDO FOLICO 10 mg X 30 TABLETAS,Folico Acido,TABLETAS,LABORATORIOS SIEGFRIED S.A.,https://pccentro.net.ve/img/s/9/6/0/9/0/96090-large_default.webp,20
FOLICO ACIDO ||| TABLETAS,39022,ME29912,ACIDO FOLICO 5 mg X 30 TABLETAS,Folico Acido,TABLETAS,LABORATORIOS SIEGFRIED S.A.,https://pccentro.net.ve/img/s/7/6/0/1/2/76012-large_default.webp,20
FOLICO ACIDO ||| TABLETAS,39216,ME33238/4,FERGANIC FOLIC 40 mg - 350 mcg X 24 TABLETAS MASTICABLES,Folico Acido,TABLETAS,MEGALABS S.A.,https://pccentro.net.ve/img/s/7/5/7/3/2/75732-large_default.webp,20
FOLICO ACIDO ||| TABLETAS,39217,ME33238/2,FERGANIC FOLIC 40 mg - 350 mcg X 14 TABLETAS MASTICABLES,Folico Acido,TABLETAS,MEGALABS S.A.,https://pccentro.net.ve/img/s/7/5/7/3/2/75732-large_default.webp,20
FOLICO ACIDO ||| TABLETAS,39218,ME33238/5,FERGANIC FOLIC 40 mg - 350 mcg X 30 TABLETAS MASTICABLES,Folico Acido,TABLETAS,MEGALABS S.A.,https://mav.farmaciasaas.com/api/images/articulos/DISTRIBUCION/90601.jpg,20
FOLICO ACIDO ||| TABLETAS,39219,ME33238/3,FERGANIC FOLIC 40 mg - 350 mcg X 20 TABLETAS MASTICABLES,Folico Acido,TABLETAS,MEGALABS S.A.,https://mav.farmaciasaas.com/api/images/articulos/DISTRIBUCION/3971.jpg,20
ACIDO IBANDRONICO SODIO MONOHIDRATO ||| TABLETAS,37302,ME43094,ACIDO IBANDRONICO 150 mg X 1 TABLETAS RECUBIERTAS,Acido Ibandronico Sodio Monohidrato,TABLETAS,MASCOT HEALTH SERIES PVT. LTD.,https://mav.farmaciasaas.com/api/images/articulos/DISTRIBUCION/52763.jpg,3
ACIDO IBANDRONICO SODIO MONOHIDRATO ||| TABLETAS,38204,ME38784,IBANDROMET 150 mg X 1 TABLETAS RECUBIERTAS,Acido Ibandronico Sodio Monohidrato,TABLETAS,LABORATORIOS SIEGFRIED S.A.,https://mav.farmaciasaas.com/api/images/articulos/DISTRIBUCION/97785.jpg,3
ACIDO IBANDRONICO SODIO MONOHIDRATO ||| TABLETAS,39112,ME37009,BONAMES 150 mg X 1 TABLETAS RECUBIERTAS,Acido Ibandronico Sodio Monohidrato,TABLETAS,LABORATORIOS FARMA S.A.,https://mav.farmaciasaas.com/api/images/articulos/DISTRIBUCION/99210.jpg,3
ACETAZOLAMIDA ||| TABLETAS,37307,ME36867,ACETAB 250 mg X 20 TABLETAS,Acetazolamida,TABLETAS,"LABORATORIOS L.O. OFTALMI, C.A.",https://mav.farmaciasaas.com/api/images/articulos/DISTRIBUCION/90118.jpg,3
ACETAZOLAMIDA ||| TABLETAS,37327,ME34148/3,ACETAZOLAMIDA 250 mg X 20 TABLETAS,Acetazolamida,TABLETAS,EMPRESA LABORATORIOS MEDSOL,https://mav.farmaciasaas.com/api/images/articulos/DISTRIBUCION/53492.jpg,3
ACETAZOLAMIDA ||| TABLETAS,37328,ME34148/2,ACETAZOLAMIDA 250 mg X 10 TABLETAS,Acetazolamida,TABLETAS,EMPRESA LABORATORIOS MEDSOL,https://mav.farmaciasaas.com/api/images/articulos/DISTRIBUCION/53177.jpg,3
ACETAMINOFEN ||| COMPRIMIDOS,37308,ME33539,ACETAMINOFEN 500 X 10 COMPRIMIDOS,Acetaminofen,COMPRIMIDOS,"LABORATORIOS LETI, S.A.V.",https://mav.farmaciasaas.com/api/images/articulos/DISTRIBUCION/23926.jpg,7
ACETAMINOFEN ||| COMPRIMIDOS,37316,ME25466/2,ACETAMINOFEN 500 mg X 10 COMPRIMIDOS,Acetaminofen,COMPRIMIDOS,"LABORATORIOS SPEFAR VENEZOLANOS, S.A.",https://mav.farmaciasaas.com/api/images/articulos/DISTRIBUCION/53478.jpg,7
ACETAMINOFEN ||| COMPRIMIDOS,37317,ME25466/3,ACETAMINOFEN 500 mg X 30 COMPRIMIDOS,Acetaminofen,COMPRIMIDOS,"LABORATORIOS SPEFAR VENEZOLANOS, S.A.",https://mav.farmaciasaas.com/api/images/articulos/DISTRIBUCION/30141.jpg,7
ACETAMINOFEN ||| COMPRIMIDOS,38069,ME43813,FEBRIP 500 mg X 20 COMPRIMIDOS,Acetaminofen,COMPRIMIDOS,MEGALABS S.A.,https://mav.farmaciasaas.com/api/images/articulos/DISTRIBUCION/54399.jpg,7
ACETAMINOFEN ||| COMPRIMIDOS,38990,ME33445,"ZALDIAR 37,5 mg - 325 mg X 20 COMPRIMIDOS RECUBIERTOS",Acetaminofen,COMPRIMIDOS,TECNANDINA S.A.,https://pccentro.net.ve/img/s/5/5/6/4/9/55649-large_default.webp,7
ACETAMINOFEN ||| COMPRIMIDOS,39007,ME39020,ACETAMINOFEN 1000 mg COMPRIMIDOS,Acetaminofen,COMPRIMIDOS,"LABORATORIOS SPEFAR VENEZOLANOS, S.A.",https://pccentro.net.ve/img/s/3/5/1/8/6/35186-large_default.webp,7
ACETAMINOFEN ||| COMPRIMIDOS,39013,ME41663,ACETAMINOFEN 650 mg X 10 COMPRIMIDOS,Acetaminofen,COMPRIMIDOS,"LABORATORIOS LETI, S.A.V.",https://pccentro.net.ve/img/s/2/2/8/6/3/22863-large_default.webp,7
ACETAMINOFEN ||| TABLETAS,37309,ME43639/2,ACETAMINOFEN 650mg X 10 TABLETAS,Acetaminofen,TABLETAS,"LABORATORIOS L.O. OFTALMI, C.A.",https://mav.farmaciasaas.com/api/images/articulos/DISTRIBUCION/11552.jpg,30
ACETAMINOFEN ||| TABLETAS,37310,ME43639/3,ACETAMINOFEN 650mg X 20 TABLETAS,Acetaminofen,TABLETAS,"LABORATORIOS L.O. OFTALMI, C.A.",https://mav.farmaciasaas.com/api/images/articulos/DISTRIBUCION/22403.jpg,30
ACETAMINOFEN ||| TABLETAS,37311,ME43639/4,ACETAMINOFEN 650mg X 30 TABLETAS,Acetaminofen,TABLETAS,"LABORATORIOS L.O. OFTALMI, C.A.",https://mav.farmaciasaas.com/api/images/articulos/DISTRIBUCION/15591.jpg,30
ACETAMINOFEN ||| TABLETAS,37318,ME31234,ACETAMINOFEN 500 mg X 10 TABLETAS,Acetaminofen,TABLETAS,"CALOX INTERNATIONAL, C.A.",https://mav.farmaciasaas.com/api/images/articulos/DISTRIBUCION/2337.jpg,30
ACETAMINOFEN ||| TABLETAS,37319,ME23275/2,ACETAMINOFEN 500 mg X 10 TABLETAS,Acetaminofen,TABLETAS,"LABORATORIO PLUSANDEX DE FARMACEUTICOS UNIDOS, PLUSANDEX, C.A.",https://pccentro.net.ve/img/s/8/7/8/2/6/87826-large_default.webp,30
ACETAMINOFEN ||| TABLETAS,37320,ME23275/3,ACETAMINOFEN 500 mg X 12 TABLETAS,Acetaminofen,TABLETAS,"LABORATORIO PLUSANDEX DE FARMACEUTICOS UNIDOS, PLUSANDEX, C.A.",https://mav.farmaciasaas.com/api/images/articulos/DISTRIBUCION/22400.jpg,30
ACETAMINOFEN ||| TABLETAS,37321,ME23275/4,ACETAMINOFEN 500 mg X 24 TABLETAS,Acetaminofen,TABLETAS,"LABORATORIO PLUSANDEX DE FARMACEUTICOS UNIDOS, PLUSANDEX, C.A.",https://mav.farmaciasaas.com/api/images/articulos/DISTRIBUCION/22401.jpg,30
ACETAMINOFEN ||| TABLETAS,37324,ME37095,ACETAMINOFEN 500 mg X 20 TABLETAS,Acetaminofen,TABLETAS,"SM PHARMA, C.A.",https://mav.farmaciasaas.com/api/images/articulos/DISTRIBUCION/7537.jpg,30
ACETAMINOFEN ||| TABLETAS,37331,ME30496/2,ACEVAL 650 mg X 10 TABLETAS,Acetaminofen,TABLETAS,"LABORATORIOS VALMOR, C.A.",https://mav.farmaciasaas.com/api/images/articulos/DISTRIBUCION/646.jpg,30
ACETAMINOFEN ||| TABLETAS,37332,ME30496/3,ACEVAL 650 mg X 50 TABLETAS,Acetaminofen,TABLETAS,"LABORATORIOS VALMOR, C.A.",https://mav.farmaciasaas.com/api/images/articulos/DISTRIBUCION/24308.jpg,30
ACETAMINOFEN ||| TABLETAS,37398,ME34933,AMITAFEN FORTE 650 mg X 10 TABLETAS,Acetaminofen,TABLETAS,"CALOX INTERNATIONAL, C.A.",https://mav.farmaciasaas.com/api/images/articulos/DISTRIBUCION/94308.jpg,30
ACETAMINOFEN ||| TABLETAS,37459,ME42977,ANANTY 650 mg X 10 TABLETAS,Acetaminofen,TABLETAS,"LABORATORIO PLUSANDEX DE FARMACEUTICOS UNIDOS, PLUSANDEX, C.A.",https://mav.farmaciasaas.com/api/images/articulos/DISTRIBUCION/6868.jpg,30
ACETAMINOFEN ||| TABLETAS,37475,ME43225,APIRET FORTE 650 mg X 10 TABLETAS,Acetaminofen,TABLETAS,"LABORATORIOS L.O. OFTALMI, C.A.",https://mav.farmaciasaas.com/api/images/articulos/DISTRIBUCION/50410.jpg,30
ACETAMINOFEN ||| TABLETAS,37478,ME43224,APIRET 500 mg X 10 TABLETAS,Acetaminofen,TABLETAS,"LABORATORIOS L.O. OFTALMI, C.A.",https://mav.farmaciasaas.com/api/images/articulos/DISTRIBUCION/28791.jpg,30
ACETAMINOFEN ||| TABLETAS,37507,ME33008,ATAMEL FORTE 650 mg X 10 TABLETAS,Acetaminofen,TABLETAS,"CALOX INTERNATIONAL, C.A.",https://mav.farmaciasaas.com/api/images/articulos/DISTRIBUCION/3689.jpg,30
ACETAMINOFEN ||| TABLETAS,37508,ME19621/2,ATAMEL 500 mg X 10 TABLETAS,Acetaminofen,TABLETAS,"CALOX INTERNATIONAL, C.A.",https://pccentro.net.ve/img/s/8/7/8/2/6/87826-large_default.webp,30
ACETAMINOFEN ||| TABLETAS,37509,ME19621/3,ATAMEL 500 mg X 20 TABLETAS,Acetaminofen,TABLETAS,"CALOX INTERNATIONAL, C.A.",https://mav.farmaciasaas.com/api/images/articulos/DISTRIBUCION/3692.jpg,30
ACETAMINOFEN ||| TABLETAS,37972,ME32091,DOLKIDS 160 mg X 20 TABLETAS MASTICABLES,Acetaminofen,TABLETAS,"CALOX INTERNATIONAL, C.A.",https://mav.farmaciasaas.com/api/images/articulos/DISTRIBUCION/5370.jpg,30
ACETAMINOFEN ||| TABLETAS,38068,ME32558,FEBRILIX 500 mg X 20 TABLETAS,Acetaminofen,TABLETAS,"LABORATORIOS KIMICEG, C.A.",https://mav.farmaciasaas.com/api/images/articulos/DISTRIBUCION/7037.jpg,30
ACETAMINOFEN ||| TABLETAS,38574,ME35872,NORSINA 500 mg - 10 mg X 12 TABLETAS,Acetaminofen,TABLETAS,"BIOTECH LABORATORIOS, C.A.",https://mav.farmaciasaas.com/api/images/articulos/DISTRIBUCION/97499.jpg,30
ACETAMINOFEN ||| TABLETAS,38579,ME42194,NOXPIRIN GRIP X 12 TABLETAS,Acetaminofen,TABLETAS,LABORATORIOS SIEGFRIED S.A.,https://mav.farmaciasaas.com/api/images/articulos/DISTRIBUCION/20329.jpg,30
ACETAMINOFEN ||| TABLETAS,38820,ME40210,TACHIFORTE 1 g X 20 TABLETAS,Acetaminofen,TABLETAS,"LABORATORIOS ELMOR, S.A.",https://mav.farmaciasaas.com/api/images/articulos/DISTRIBUCION/13061.jpg,30
ACETAMINOFEN ||| TABLETAS,38821,ME35368,TACHIFORTE 650 mg X 10 TABLETAS,Acetaminofen,TABLETAS,"LABORATORIOS ELMOR, S.A.",https://mav.farmaciasaas.com/api/images/articulos/DISTRIBUCION/93366.jpg,30
ACETAMINOFEN ||| TABLETAS,38947,ME35075,VESTAX 650 mg X 10 TABLETAS,Acetaminofen,TABLETAS,"LABORATORIOS VARGAS, S.A.",https://mav.farmaciasaas.com/api/images/articulos/DISTRIBUCION/9373.jpg,30
ACETAMINOFEN ||| TABLETAS,39010,ME33906,ACETAMINOFEN 650 mg X 10 TABLETAS,Acetaminofen,TABLETAS,"CALOX INTERNATIONAL, C.A.",https://pccentro.net.ve/img/s/2/2/8/6/3/22863-large_default.webp,30
ACETAMINOFEN ||| TABLETAS,39011,ME43427/2,ACETAMINOFEN 500 mg X 10 TABLETAS,Acetaminofen,TABLETAS,"LABORATORIOS L.O. OFTALMI, C.A.",https://mav.farmaciasaas.com/api/images/articulos/DISTRIBUCION/22931.jpg,30
ACETAMINOFEN ||| TABLETAS,39012,ME43427/3,ACETAMINOFEN 500 mg X 30 TABLETAS,Acetaminofen,TABLETAS,"LABORATORIOS L.O. OFTALMI, C.A.",https://pccentro.net.ve/img/s/8/7/8/2/6/87826-large_default.webp,30
ACETAMINOFEN ||| TABLETAS,39303,ME44313,MIDOL 500 mg X 10 TABLETAS,Acetaminofen,TABLETAS,"GEMA LABS, C.A.",https://pccentro.net.ve/img/s/8/7/8/2/6/87826-large_default.webp,30
ACETAMINOFEN ||| TABLETAS,39304,ME44314,MIDOL FORTE 650 mg X 10 TABLETAS,Acetaminofen,TABLETAS,"GEMA LABS, C.A.",https://pccentro.net.ve/img/s/2/2/8/6/3/22863-large_default.webp,30
ACETAMINOFEN ||| TABLETAS,39380,ME19288,TACHIPIRIN 500 mg X 20 TABLETAS,Acetaminofen,TABLETAS,"LABORATORIOS ELMOR, S.A.",https://pccentro.net.ve/img/s/8/7/8/2/6/87826-large_default.webp,30
ACETAMINOFEN ||| JARABE,37312,ME43707,ACETAMINOFEN 150 mg / 5 mL JARABE,Acetaminofen,JARABE,AARTI PHARMALABS LIMITED,https://pccentro.net.ve/img/s/1/8/1/9/5/18195-large_default.webp,3
ACETAMINOFEN ||| JARABE,39008,ME31636,ACETAMINOFEN 120 mg / 5 mL JARABE,Acetaminofen,JARABE,"LABORATORIO COFASA, S.A.",https://mav.farmaciasaas.com/api/images/articulos/DISTRIBUCION/1978.jpg,3
ACETAMINOFEN ||| JARABE,39433,ME24736,ATAMEL 120 mg / 5 mL JARABE,Acetaminofen,JARABE,"CALOX INTERNATIONAL, C.A.",https://mav.farmaciasaas.com/api/images/articulos/DISTRIBUCION/50583.jpg,3
ACETAMINOFEN ||| SOLUCION ORAL,37313,ME40083,ACETAMINOFEN 120 mg/5mL SOLUCION ORAL,Acetaminofen,SOLUCION ORAL,"SM PHARMA, C.A.",https://mav.farmaciasaas.com/api/images/articulos/DISTRIBUCION/53087.jpg,15
ACETAMINOFEN ||| SOLUCION ORAL,37314,ME40084,ACETAMINOFEN 180 mg/5 mL SOLUCION ORAL,Acetaminofen,SOLUCION ORAL,"SM PHARMA, C.A.",https://mav.farmaciasaas.com/api/images/articulos/DISTRIBUCION/14455.jpg,15
ACETAMINOFEN ||| SOLUCION ORAL,37315,ME42488,ACETAMINOFEN 180 mg / 5 mL SOLUCION ORAL,Acetaminofen,SOLUCION ORAL,"LABORATORIOS LETI, S.A.V.",https://mav.farmaciasaas.com/api/images/articulos/DISTRIBUCION/51788.jpg,15
ACETAMINOFEN ||| SOLUCION ORAL,37330,ME42976,ACEVAL 180 mg / 5 mL SOLUCION ORAL,Acetaminofen,SOLUCION ORAL,"LABORATORIOS VALMOR, C.A.",https://mav.farmaciasaas.com/api/images/articulos/DISTRIBUCION/22391.jpg,15
ACETAMINOFEN ||| SOLUCION ORAL,37608,ME21818,BREXIN 100 mg / mL SOLUCION ORAL,Acetaminofen,SOLUCION ORAL,"LABORATORIO COFASA, S.A.",https://mav.farmaciasaas.com/api/images/articulos/DISTRIBUCION/4861.jpg,15
ACETAMINOFEN ||| SOLUCION ORAL,38067,ME31439,FEBRILIX 120mg / 5mL SOLUCION ORAL,Acetaminofen,SOLUCION ORAL,"LABORATORIOS KIMICEG, C.A.",https://mav.farmaciasaas.com/api/images/articulos/DISTRIBUCION/8453.jpg,15
ACETAMINOFEN ||| SOLUCION ORAL,38070,ME42457,FEBRIP 180 mg / 5 mL SOLUCION ORAL,Acetaminofen,SOLUCION ORAL,MEGALABS S.A.,https://mav.farmaciasaas.com/api/images/articulos/DISTRIBUCION/27532.jpg,15
ACETAMINOFEN ||| SOLUCION ORAL,38558,ME39909,"NIPE 100 mg - 0,25 mg / mL X 6 SOLUCION ORAL EN GOTAS",Acetaminofen,SOLUCION ORAL,"LABORATORIOS VARGAS, S.A.",https://pccentro.net.ve/img/s/8/1/4/3/6/81436-large_default.webp,15
ACETAMINOFEN ||| SOLUCION ORAL,38641,ME43239,PASIM PLUS 2 mg - 100 mg / mL SOLUCION ORAL,Acetaminofen,SOLUCION ORAL,MEGALABS S.A.,https://mav.farmaciasaas.com/api/images/articulos/DISTRIBUCION/53746.jpg,15
ACETAMINOFEN ||| SOLUCION ORAL,38798,ME41645,"SINUTIL 80 mg - 0,5 mg / mL SOLUCION ORAL",Acetaminofen,SOLUCION ORAL,"LABORATORIOS VINCENTI, C.A.",https://mav.farmaciasaas.com/api/images/articulos/DISTRIBUCION/19538.jpg,15
ACETAMINOFEN ||| SOLUCION ORAL,39062,ME34032,APIRET 180 mg / 5 mL  SOLUCION ORAL,Acetaminofen,SOLUCION ORAL,"LABORATORIOS L.O. OFTALMI, C.A.",https://mav.farmaciasaas.com/api/images/articulos/DISTRIBUCION/19584.jpg,15
ACETAMINOFEN ||| SOLUCION ORAL,39080,ME19620,ATAMEL 100 mg / mL SOLUCION ORAL,Acetaminofen,SOLUCION ORAL,"CALOX INTERNATIONAL, C.A.",https://pccentro.net.ve/img/s/2/2/6/9/4/22694-large_default.webp,15
ACETAMINOFEN ||| SOLUCION ORAL,39321,ME42484,"NOXPIRIN 125 mg - 0,5 mg / 5 mL SOLUCION ORAL",Acetaminofen,SOLUCION ORAL,LABORATORIOS SIEGFRIED S.A.,https://mav.farmaciasaas.com/api/images/articulos/DISTRIBUCION/24256.jpg,15
ACETAMINOFEN ||| SOLUCION ORAL,39322,ME42453,"NOXPIRIN 325 mg - 1,25 mg / 5 mL SOLUCION ORAL",Acetaminofen,SOLUCION ORAL,LABORATORIOS SIEGFRIED S.A.,https://mav.farmaciasaas.com/api/images/articulos/DISTRIBUCION/24257.jpg,15
ACETAMINOFEN ||| SOLUCION ORAL,39378,ME18961,TACHIPIRIN 100 mg / mL SOLUCION ORAL,Acetaminofen,SOLUCION ORAL,"LABORATORIOS ELMOR, S.A.",https://mav.farmaciasaas.com/api/images/articulos/DISTRIBUCION/3414.jpg,15
ACICLOVIR ||| CREMA,37334,ME24209,ACICLOR 5 % CREMA,Aciclovir,CREMA,"LABORATORIOS LETI, S.A.V.",https://mav.farmaciasaas.com/api/images/articulos/DISTRIBUCION/8876.jpg,2
ACICLOVIR ||| CREMA,39016,ME42715,ACICLOR NANOPHARM 5 % CREMA,Aciclovir,CREMA,"LABORATORIOS LETI, S.A.V.",https://pccentro.net.ve/img/s/7/2/8/4/2/72842-large_default.webp,2
ACICLOVIR ||| TABLETAS,37339,ME26178/3,ACICLOVIR 200 mg X 20 TABLETAS,Aciclovir,TABLETAS,LABORATORIO PIFANO C.A.,https://mav.farmaciasaas.com/api/images/articulos/DISTRIBUCION/29551.jpg,5
ACICLOVIR ||| TABLETAS,37340,ME26178/2,ACICLOVIR 200 mg X 10 TABLETAS,Aciclovir,TABLETAS,LABORATORIO PIFANO C.A.,https://pccentro.net.ve/img/s/8/3/7/6/5/83765-large_default.webp,5
ACICLOVIR ||| TABLETAS,37341,ME26178/4,ACICLOVIR 200 mg X 24 TABLETAS,Aciclovir,TABLETAS,LABORATORIO PIFANO C.A.,https://mav.farmaciasaas.com/api/images/articulos/DISTRIBUCION/7859.jpg,5
ACICLOVIR ||| TABLETAS,37342,ME31108,ACICLOVIR 200 mg X 25 TABLETAS,Aciclovir,TABLETAS,"CALOX INTERNATIONAL, C.A.",https://mav.farmaciasaas.com/api/images/articulos/DISTRIBUCION/11560.jpg,5
ACICLOVIR ||| TABLETAS,37343,ME42505,ACICLOVIR 400 mg X 100 TABLETAS,Aciclovir,TABLETAS,CAPLIN POINT LABORATORIES LIMITED,,5
FOLICO ACIDO ||| INYECTABLE,37350,HO3187/3,ACIDO FOLICO 10 mg / mL X 10 AMPOLLAS,Folico Acido,INYECTABLE,MEGALABS S.A.,https://mav.farmaciasaas.com/api/images/articulos/DISTRIBUCION/22846.jpg,3
FOLICO ACIDO ||| INYECTABLE,37351,HO3187/2,ACIDO FOLICO 10 mg / mL X 3 AMPOLLAS,Folico Acido,INYECTABLE,MEGALABS S.A.,https://mav.farmaciasaas.com/api/images/articulos/DISTRIBUCION/20.jpg,3
FOLICO ACIDO ||| INYECTABLE,37352,HO3187/4,ACIDO FOLICO 10 mg / mL X 20 AMPOLLAS,Folico Acido,INYECTABLE,MEGALABS S.A.,https://pccentro.net.ve/img/s/7/7/6/9/5/77695-large_default.webp,3
FOLICO ACIDO ||| SOLUCION ORAL,37358,ME4631,ACIDO FOLICO 10 mg / mL SOLUCION ORAL,Folico Acido,SOLUCION ORAL,MEGALABS S.A.,https://mav.farmaciasaas.com/api/images/articulos/DISTRIBUCION/25.jpg,5
FOLICO ACIDO ||| SOLUCION ORAL,37373,ME27414,AFOKLIN 10 mg / mL SOLUCION ORAL,Folico Acido,SOLUCION ORAL,MEGALABS S.A.,https://mav.farmaciasaas.com/api/images/articulos/DISTRIBUCION/779.jpg,5
FOLICO ACIDO ||| SOLUCION ORAL,39020,ME33987,ACIDO FOLICO 10 mg / mL SOLUCION ORAL,Folico Acido,SOLUCION ORAL,"LABORATORIOS LETI, S.A.V.",https://pccentro.net.ve/img/s/7/6/7/7/5/76775-large_default.webp,5
FOLICO ACIDO ||| SOLUCION ORAL,39023,ME31178,ACIDO FOLICO 10 mg / mL SOLUCION ORAL,Folico Acido,SOLUCION ORAL,LABORATORIOS SIEGFRIED S.A.,https://pccentro.net.ve/img/s/7/6/7/7/5/76775-large_default.webp,5
FOLICO ACIDO ||| SOLUCION ORAL,39319,ME42092,NONAFOL 10 mg / mL X 10 SOLUCION ORAL,Folico Acido,SOLUCION ORAL,LABORATORIOS SIEGFRIED S.A.,https://mav.farmaciasaas.com/api/images/articulos/DISTRIBUCION/18358.jpg,5
ACIDO FUSIDICO HEMIHIDRATO ||| CREMA,37361,ME37466,FUCIDIN H 20 mg - 10 mg/g CREMA.,Acido Fusidico Hemihidrato,CREMA,"LEO LABORATORIES LTD, IRLANDA",,2
ACIDO FUSIDICO HEMIHIDRATO ||| CREMA,39595,ME44362,TOPISEPT 2 % CREMA TÓPICA ,Acido Fusidico Hemihidrato,CREMA,LABORATORIOS SIEGFRIED S.A.,https://pccentro.net.ve/img/s/7/4/9/4/3/74943-large_default.webp,2
VALPROICO ACIDO ||| TABLETAS,37363,ME23174/2,VALPRON 500 mg X 10 TABLETAS,Valproico Acido,TABLETAS,LABORATORIOS FARMA S.A.,https://mav.farmaciasaas.com/api/images/articulos/DISTRIBUCION/51480.jpg,3
VALPROICO ACIDO ||| TABLETAS,37364,ME23174/3,VALPRON 500 mg X 30 TABLETAS,Valproico Acido,TABLETAS,LABORATORIOS FARMA S.A.,https://mav.farmaciasaas.com/api/images/articulos/DISTRIBUCION/5235.jpg,3
VALPROICO ACIDO ||| TABLETAS,37365,ME23174/4,VALPRON 500 mg X 60 TABLETAS,Valproico Acido,TABLETAS,LABORATORIOS FARMA S.A.,https://pccentro.net.ve/img/s/7/1/6/1/7/71617-large_default.webp,3
DICLOFENACO ||| TABLETAS,37370,ME36828/2,AFLAMAX 50 mg X 10 TABLETAS RECUBIERTAS,Diclofenaco,TABLETAS,"LABORATORIOS L.O. OFTALMI, C.A.",https://mav.farmaciasaas.com/api/images/articulos/DISTRIBUCION/19583.jpg,10
DICLOFENACO ||| TABLETAS,37371,ME36828/3,AFLAMAX 50 mg X 20 TABLETAS RECUBIERTAS,Diclofenaco,TABLETAS,"LABORATORIOS L.O. OFTALMI, C.A.",https://mav.farmaciasaas.com/api/images/articulos/DISTRIBUCION/92341.jpg,10
DICLOFENACO ||| TABLETAS,37923,ME36464,DICLODEX 50 mg X 20 TABLETAS RECUBIERTAS,Diclofenaco,TABLETAS,"LABORATORIO PLUSANDEX DE FARMACEUTICOS UNIDOS, PLUSANDEX, C.A.",https://mav.farmaciasaas.com/api/images/articulos/DISTRIBUCION/90913.jpg,10
DICLOFENACO ||| TABLETAS,37929,ME43045/2,DICLOFENACO POTASICO 50 mg X 10 TABLETAS RECUBIERTAS,Diclofenaco,TABLETAS,"JIANGXI XIER KANGTAI PHARMACEUTICAL CO., LTD",https://mav.farmaciasaas.com/api/images/articulos/DISTRIBUCION/54424.jpg,10
DICLOFENACO ||| TABLETAS,37930,ME43045/4,DICLOFENACO POTASICO 50 mg X 30 TABLETAS RECUBIERTAS,Diclofenaco,TABLETAS,"JIANGXI XIER KANGTAI PHARMACEUTICAL CO., LTD",https://pccentro.net.ve/img/s/5/2/9/3/1/52931-large_default.webp,10
DICLOFENACO ||| TABLETAS,37931,ME43045/3,DICLOFENACO POTASICO 50 mg X 20 TABLETAS RECUBIERTAS,Diclofenaco,TABLETAS,"JIANGXI XIER KANGTAI PHARMACEUTICAL CO., LTD",https://pccentro.net.ve/img/s/5/2/9/3/1/52931-large_default.webp,10
DICLOFENACO ||| TABLETAS,37933,ME29516,DICLOFENAC SODICO 50 mg TABLETAS RECUBIERTAS,Diclofenaco,TABLETAS,"LABORATORIOS KIMICEG, C.A.",https://pccentro.net.ve/img/s/5/2/9/3/1/52931-large_default.webp,10
DICLOFENACO ||| TABLETAS,39183,ME36983/2,DICLOFENAC POTASICO 50 mg X 10 TABLETAS RECUBIERTAS,Diclofenaco,TABLETAS,"LABORATORIOS L.O. OFTALMI, C.A.",https://mav.farmaciasaas.com/api/images/articulos/DISTRIBUCION/8409.jpg,10
DICLOFENACO ||| TABLETAS,39184,ME36983/3,DICLOFENAC POTASICO 50 mg X 30 TABLETAS RECUBIERTAS,Diclofenaco,TABLETAS,"LABORATORIOS L.O. OFTALMI, C.A.",https://mav.farmaciasaas.com/api/images/articulos/DISTRIBUCION/13815.jpg,10
DICLOFENACO ||| TABLETAS,39185,ME30174,DICLOFENACO POTASICO 50 mg X 20 TABLETAS RECUBIERTAS,Diclofenaco,TABLETAS,"LABORATORIOS KIMICEG, C.A.",https://pccentro.net.ve/img/s/5/2/9/3/1/52931-large_default.webp,10
DESLORATADINA - MONTELUKAST ||| TABLETAS,37376,ME43879,"AIRCOF PLUS 5 mg - 2,5 mg X 30 TABLETAS MASTICABLES",Desloratadina - Montelukast,TABLETAS,"LABORATORIO COFASA, S.A.",https://mav.farmaciasaas.com/api/images/articulos/DISTRIBUCION/53225.jpg,5
DESLORATADINA - MONTELUKAST ||| TABLETAS,37896,ME43543,MONTELUKAST - DESLORATADINA 10 mg - 5 mg X 10 TABLETAS RECUBIERTAS,Desloratadina - Montelukast,TABLETAS,SG HEALTHCARE PVT. LTD.,https://pccentro.net.ve/img/s/7/2/5/2/6/72526-large_default.webp,5
DESLORATADINA - MONTELUKAST ||| TABLETAS,39476,ME39603/3,DESLER M 5 mg - 10 mg X 30 TABLETAS RECUBIERTAS,Desloratadina - Montelukast,TABLETAS,"LABORATORIO LA SANTE, C.A.",https://mav.farmaciasaas.com/api/images/articulos/DISTRIBUCION/96524/96524.jpg,5
DESLORATADINA - MONTELUKAST ||| TABLETAS,39477,ME39603/2,DESLER M 5 mg - 10 mg X 10 TABLETAS RECUBIERTAS,Desloratadina - Montelukast,TABLETAS,"LABORATORIO LA SANTE, C.A.",https://mav.farmaciasaas.com/api/images/articulos/DISTRIBUCION/18361.jpg,5
DESLORATADINA - MONTELUKAST ||| TABLETAS,39545,ME43010,DESLORATADINA - MONTELUKAST 5 mg - 10 mg X 30 TABLETAS RECUBIERTAS,Desloratadina - Montelukast,TABLETAS,MASCOT HEALTH SERIES PVT. LTD.,https://pccentro.net.ve/img/s/7/2/5/2/6/72526-large_default.webp,5
MONTELUKAST ||| TABLETAS,37377,ME43889,AIRCOF 10 mg X 30 TABLETAS MASTICABLES,Montelukast,TABLETAS,"LABORATORIO COFASA, S.A.",https://mav.farmaciasaas.com/api/images/articulos/DISTRIBUCION/53060.jpg,16
MONTELUKAST ||| TABLETAS,37379,ME33783/3,AIRON 10 mg X 30 TABLETAS RECUBIERTAS,Montelukast,TABLETAS,"LABORATORIOS L.O. OFTALMI, C.A.",https://mav.farmaciasaas.com/api/images/articulos/DISTRIBUCION/5930.jpg,16
MONTELUKAST ||| TABLETAS,37380,ME33783/2,AIRON 10 mg X 10 TABLETAS RECUBIERTAS,Montelukast,TABLETAS,"LABORATORIOS L.O. OFTALMI, C.A.",https://pccentro.net.ve/img/s/7/5/8/6/9/75869-large_default.webp,16
MONTELUKAST ||| TABLETAS,38504,ME33690/2,MONTELUKAST 10 mg X 10 TABLETAS RECUBIERTAS,Montelukast,TABLETAS,"LABORATORIOS L.O. OFTALMI, C.A.",https://mav.farmaciasaas.com/api/images/articulos/DISTRIBUCION/18804.jpg,16
MONTELUKAST ||| TABLETAS,38505,ME33690/3,MONTELUKAST 10 mg X 30 TABLETAS RECUBIERTAS,Montelukast,TABLETAS,"LABORATORIOS L.O. OFTALMI, C.A.",https://mav.farmaciasaas.com/api/images/articulos/DISTRIBUCION/27584.jpg,16
MONTELUKAST ||| TABLETAS,38506,ME35286,MONTELUKAST 5 mg X 30 TABLETAS MASTICABLES,Montelukast,TABLETAS,"CALOX INTERNATIONAL, C.A.",https://mav.farmaciasaas.com/api/images/articulos/DISTRIBUCION/92814.jpg,16
MONTELUKAST ||| TABLETAS,38512,ME35105,MONUKAST 5 mg X 30 TABLETAS MASTICABLES,Montelukast,TABLETAS,"LABORATORIO LA SANTE, C.A.",https://mav.farmaciasaas.com/api/images/articulos/DISTRIBUCION/50733.jpg,16
MONTELUKAST ||| TABLETAS,39027,ME33777/2,AIRON 5 mg X 10 TABLETAS MASTICABLES,Montelukast,TABLETAS,"LABORATORIOS L.O. OFTALMI, C.A.",https://pccentro.net.ve/img/s/5/8/2/0/8/58208-large_default.webp,16
MONTELUKAST ||| TABLETAS,39028,ME33777/3,AIRON 5 mg X 30 TABLETAS MASTICABLES,Montelukast,TABLETAS,"LABORATORIOS L.O. OFTALMI, C.A.",https://mav.farmaciasaas.com/api/images/articulos/DISTRIBUCION/5931.jpg,16
MONTELUKAST ||| TABLETAS,39228,ME43741,GEMKAST 10 mg X 30 TABLETAS RECUBIERTAS,Montelukast,TABLETAS,"GEMA LABS, C.A.",https://pccentro.net.ve/img/s/7/5/8/6/9/75869-large_default.webp,16
MONTELUKAST ||| TABLETAS,39229,ME43742/2,GEMKAST 4 mg X 10 TABLETAS MASTICABLES,Montelukast,TABLETAS,"GEMA LABS, C.A.",https://mav.farmaciasaas.com/api/images/articulos/DISTRIBUCION/53002.jpg,16
MONTELUKAST ||| TABLETAS,39230,ME43742/3,GEMKAST 4 mg X 30 TABLETAS MASTICABLES,Montelukast,TABLETAS,"GEMA LABS, C.A.",https://pccentro.net.ve/img/s/5/6/7/8/9/56789-large_default.webp,16
MONTELUKAST ||| TABLETAS,39231,ME43743/3,GEMKAST 5 mg X 30 TABLETAS MASTICABLES,Montelukast,TABLETAS,"GEMA LABS, C.A.",https://mav.farmaciasaas.com/api/images/articulos/DISTRIBUCION/53004.jpg,16
MONTELUKAST ||| TABLETAS,39232,ME43743/2,GEMKAST 5 mg X 10 TABLETAS MASTICABLES,Montelukast,TABLETAS,"GEMA LABS, C.A.",https://pccentro.net.ve/img/s/5/8/2/0/8/58208-large_default.webp,16
MONTELUKAST ||| TABLETAS,39309,ME37063,MONTELUKAST 10 mg X 10 TABLETAS RECUBIERTAS,Montelukast,TABLETAS,"LABORATORIOS SPEFAR VENEZOLANOS, S.A.",https://pccentro.net.ve/img/s/7/5/8/6/9/75869-large_default.webp,16
MONTELUKAST ||| TABLETAS,39310,ME42894,MONTELUKAST 5 mg X 30 TABLETAS MASTICABLES,Montelukast,TABLETAS,"LABORATORIOS L.O. OFTALMI, C.A.",https://pccentro.net.ve/img/s/5/8/2/0/8/58208-large_default.webp,16
ALBENDAZOL ||| TABLETAS,37381,ME43288,ALBENDAZOL 400 mg X 10 TABLETAS MASTICABLES,Albendazol,TABLETAS,CORAL LABORATORIES LTD,https://mav.farmaciasaas.com/api/images/articulos/DISTRIBUCION/52550.jpg,9
ALBENDAZOL ||| TABLETAS,37385,ME34122/2,ALBENDAZOL 200 mg X 2 TABLETAS,Albendazol,TABLETAS,"LABORATORIO PLUSANDEX DE FARMACEUTICOS UNIDOS, PLUSANDEX, C.A.",https://mav.farmaciasaas.com/api/images/articulos/DISTRIBUCION/17968.jpg,9
ALBENDAZOL ||| TABLETAS,37386,ME34122/3,ALBENDAZOL 200 mg X 6 TABLETAS,Albendazol,TABLETAS,"LABORATORIO PLUSANDEX DE FARMACEUTICOS UNIDOS, PLUSANDEX, C.A.",https://mav.farmaciasaas.com/api/images/articulos/DISTRIBUCION/20302.jpg,9
ALBENDAZOL ||| TABLETAS,37387,ME35827,ALBENDAZOL 200 mg X 6 TABLETAS MASTICABLES,Albendazol,TABLETAS,"CALOX INTERNATIONAL, C.A.",https://mav.farmaciasaas.com/api/images/articulos/DISTRIBUCION/94917.jpg,9
ALBENDAZOL ||| TABLETAS,37389,ME27447/2,ALBICAR 200 mg X 2 TABLETAS,Albendazol,TABLETAS,"LABORATORIOS ELMOR, S.A.",https://mav.farmaciasaas.com/api/images/articulos/DISTRIBUCION/9807.jpg,9
ALBENDAZOL ||| TABLETAS,37390,ME27447/3,ALBICAR 200 mg X 6 TABLETAS,Albendazol,TABLETAS,"LABORATORIOS ELMOR, S.A.",https://mav.farmaciasaas.com/api/images/articulos/DISTRIBUCION/9782.jpg,9
ALBENDAZOL ||| TABLETAS,39029,ME39048/2,ALBENDAZOL 200 mg X 2 TABLETAS MASTICABLES SABOR A BANANA,Albendazol,TABLETAS,"CALOX INTERNATIONAL, C.A.",https://pccentro.net.ve/img/s/1/8/1/8/6/18186-large_default.webp,9
ALBENDAZOL ||| TABLETAS,39030,ME39048/3,ALBENDAZOL 200 mg X 6 TABLETAS MASTICABLES SABOR A BANANA,Albendazol,TABLETAS,"CALOX INTERNATIONAL, C.A.",https://pccentro.net.ve/img/s/1/8/1/8/6/18186-large_default.webp,9
ALBENDAZOL ||| TABLETAS,39420,ME35027,ALBENDAZOL 200 mg TABLETAS RECUBIERTAS MASTICABLES,Albendazol,TABLETAS,"BIOTECH LABORATORIOS, C.A.",https://pccentro.net.ve/img/s/1/8/1/8/6/18186-large_default.webp,9
ALBENDAZOL ||| SUSPENSION ORAL,37382,ME27081,ALBENDAZOL 400 mg / 10 mL SUSPENSION,Albendazol,SUSPENSION ORAL,"LABORATORIO COFASA, S.A.",,2
ALBENDAZOL ||| SUSPENSION ORAL,37388,ME28826,ALBICAR 400 mg / 10 mL SUSPENSION,Albendazol,SUSPENSION ORAL,"LABORATORIOS ELMOR, S.A.",,2
ALBENDAZOL ||| COMPRIMIDOS,37383,ME40605/2,ALBENDAZOL 200 mg X 2 COMPRIMIDOS,Albendazol,COMPRIMIDOS,"SM PHARMA, C.A.",https://mav.farmaciasaas.com/api/images/articulos/DISTRIBUCION/9575.jpg,3
ALBENDAZOL ||| COMPRIMIDOS,37384,ME40605/3,ALBENDAZOL 200 mg X 6 COMPRIMIDOS,Albendazol,COMPRIMIDOS,"SM PHARMA, C.A.",https://mav.farmaciasaas.com/api/images/articulos/DISTRIBUCION/1526.jpg,3
ALBENDAZOL ||| COMPRIMIDOS,38186,ME25273,HELAL 200 mg X 2 COMPRIMIDOS,Albendazol,COMPRIMIDOS,MEGALABS S.A.,https://mav.farmaciasaas.com/api/images/articulos/DISTRIBUCION/6546.jpg,3
AZELASTINA ||| SOLUCION OFTALMICA,37393,ME33876,"ALERGOT 0,05 % SOLUCION OFTALMICA",Azelastina,SOLUCION OFTALMICA,"LABORATORIOS L.O. OFTALMI, C.A.",https://pccentro.net.ve/img/s/7/5/5/3/8/75538-large_default.webp,2
AZELASTINA ||| SOLUCION OFTALMICA,39447,ME32168,"BRIXIA 0,0 5% SOLUCION OFTALMICA",Azelastina,SOLUCION OFTALMICA,LABORATORIOS POEN S.A.U.,https://pccentro.net.ve/img/s/7/5/5/3/8/75538-large_default.webp,2
BRIMONIDINA ||| SOLUCION OFTALMICA,37394,ME35409,"ALFADYN 0,2 % SOLUCION OFTALMICA",Brimonidina,SOLUCION OFTALMICA,"LABORATORIOS L.O. OFTALMI, C.A.",https://pccentro.net.ve/img/s/7/5/4/9/5/75495-large_default.webp,2
BRIMONIDINA ||| SOLUCION OFTALMICA,39446,ME40814,"BRIMOPRESS 0,2 % SOLUCION OFTALMICA",Brimonidina,SOLUCION OFTALMICA,LABORATORIOS POEN S.A.U.,https://pccentro.net.ve/img/s/7/5/4/9/5/75495-large_default.webp,2
ACETAMINOFEN - CLORFENAMINA ||| SOLUCION ORAL,37399,ME43815,"ALIVET 100 mg - 0,42 mg / mL X 10 SOLUCIÓN ORAL",Acetaminofen - Clorfenamina,SOLUCION ORAL,"LABORATORIOS LETI, S.A.V.",,3
ACETAMINOFEN - CLORFENAMINA ||| SOLUCION ORAL,39148,ME44238/2,CLORACE 500 mg – 4 mg X 10 GRANULOS PARA SOLUCIÓN ORAL SABOR A LIMÓN,Acetaminofen - Clorfenamina,SOLUCION ORAL,"LABORATORIO COFASA, S.A.",,3
ACETAMINOFEN - CLORFENAMINA ||| SOLUCION ORAL,39149,ME44238/3,CLORACE 500 mg – 4 mg X 20 GRANULOS PARA SOLUCIÓN ORAL SABOR A LIMÓN,Acetaminofen - Clorfenamina,SOLUCION ORAL,"LABORATORIO COFASA, S.A.",,3
ALOPURINOL ||| TABLETAS,37400,ME44004,ALOPURINOL 100 mg X 30 TABLETAS,Alopurinol,TABLETAS,ANG LIFESCIENCES INDIA LTD,https://mav.farmaciasaas.com/api/images/articulos/DISTRIBUCION/21363.jpg,2
ALOPURINOL ||| TABLETAS,37412,ME16002,ALURON 100 mg X 30 TABLETAS,Alopurinol,TABLETAS,C.A. PRODUCTOS RONAVA,https://mav.farmaciasaas.com/api/images/articulos/DISTRIBUCION/119.jpg,2
ALPRAZOLAM ||| TABLETAS,37401,ME33170,"ALPRAM 0,5 mg X 30 TABLETAS",Alprazolam,TABLETAS,"LABORATORIOS VALMOR, C.A.",https://mav.farmaciasaas.com/api/images/articulos/DISTRIBUCION/5177.jpg,6
ALPRAZOLAM ||| TABLETAS,37402,ME33214,ALPRAM 1 mg X 30 TABLETAS,Alprazolam,TABLETAS,"LABORATORIOS VALMOR, C.A.",https://mav.farmaciasaas.com/api/images/articulos/DISTRIBUCION/5184.jpg,6
ALPRAZOLAM ||| TABLETAS,37403,ME33171,ALPRAM 2 mg X 30 TABLETAS,Alprazolam,TABLETAS,"LABORATORIOS VALMOR, C.A.",https://mav.farmaciasaas.com/api/images/articulos/DISTRIBUCION/5185.jpg,6
ALPRAZOLAM ||| TABLETAS,37404,ME28860,"ALPRAZOLAM 0,5 mg X 30 TABLETAS",Alprazolam,TABLETAS,"CALOX INTERNATIONAL, C.A.",https://mav.farmaciasaas.com/api/images/articulos/DISTRIBUCION/10378.jpg,6
ALPRAZOLAM ||| TABLETAS,37405,ME28861,ALPRAZOLAM 1 mg X 30 TABLETAS,Alprazolam,TABLETAS,"CALOX INTERNATIONAL, C.A.",https://mav.farmaciasaas.com/api/images/articulos/DISTRIBUCION/10377.jpg,6
ALPRAZOLAM ||| TABLETAS,37406,ME39231,ALPRAZOLAM 2 mg X 30 TABLETAS,Alprazolam,TABLETAS,"LABORATORIOS VALMOR, C.A.",https://mav.farmaciasaas.com/api/images/articulos/DISTRIBUCION/97351.jpg,6
VALSARTAN ||| CAPSULAS,37407,ME33085/2,ALSART 160 mg X 10 CAPSULAS,Valsartan,CAPSULAS,LABORATORIOS SIEGFRIED S.A.,https://mav.farmaciasaas.com/api/images/articulos/DISTRIBUCION/20787.jpg,14
VALSARTAN ||| CAPSULAS,37408,ME33085/3,ALSART 160 mg X 30 CAPSULAS,Valsartan,CAPSULAS,LABORATORIOS SIEGFRIED S.A.,https://pccentro.net.ve/img/s/5/4/4/8/8/54488-large_default.webp,14
VALSARTAN ||| CAPSULAS,37409,ME33084/2,ALSART 80 mg X 10 CAPSULAS,Valsartan,CAPSULAS,LABORATORIOS SIEGFRIED S.A.,https://mav.farmaciasaas.com/api/images/articulos/DISTRIBUCION/20332.jpg,14
VALSARTAN ||| CAPSULAS,37410,ME33084/3,ALSART 80 mg X 30 CAPSULAS,Valsartan,CAPSULAS,LABORATORIOS SIEGFRIED S.A.,https://mav.farmaciasaas.com/api/images/articulos/DISTRIBUCION/20333.jpg,14
VALSARTAN ||| CAPSULAS,38916,ME31624/3,VALSARTAN 160 mg X 14 CAPSULAS,Valsartan,CAPSULAS,"LABORATORIOS LETI, S.A.V.",https://pccentro.net.ve/img/s/5/4/4/8/8/54488-large_default.webp,14
VALSARTAN ||| CAPSULAS,38917,ME31624/2,VALSARTAN 160 mg X 7 CAPSULAS,Valsartan,CAPSULAS,"LABORATORIOS LETI, S.A.V.",https://mav.farmaciasaas.com/api/images/articulos/DISTRIBUCION/2620.jpg,14
VALSARTAN ||| CAPSULAS,38920,ME31623/2,VALSARTAN 80 mg X 14 CAPSULAS,Valsartan,CAPSULAS,"LABORATORIOS LETI, S.A.V.",https://mav.farmaciasaas.com/api/images/articulos/DISTRIBUCION/22949.jpg,14
VALSARTAN ||| CAPSULAS,38921,ME31623/3,VALSARTAN 80 mg X 30 CAPSULAS,Valsartan,CAPSULAS,"LABORATORIOS LETI, S.A.V.",https://mav.farmaciasaas.com/api/images/articulos/DISTRIBUCION/99610.jpg,14
VALSARTAN ||| CAPSULAS,38932,ME37644/2,VALSARTAN 80 mg X 14 CAPSULAS,Valsartan,CAPSULAS,"SM PHARMA, C.A.",https://pccentro.net.ve/img/s/7/4/7/5/8/74758-large_default.webp,14
VALSARTAN ||| CAPSULAS,38933,ME37644/3,VALSARTAN 80 mg X 30 CAPSULAS,Valsartan,CAPSULAS,"SM PHARMA, C.A.",https://pccentro.net.ve/img/s/7/4/7/5/8/74758-large_default.webp,14
VALSARTAN ||| CAPSULAS,39115,ME41912,BRASARTAN 80 mg X 30 CAPSULAS,Valsartan,CAPSULAS,LABORATORIOS FARMA S.A.,https://pccentro.net.ve/img/s/7/4/7/5/8/74758-large_default.webp,14
VALSARTAN ||| CAPSULAS,39400,ME42451,VALSARTAN 160 mg X 20 CAPSULAS,Valsartan,CAPSULAS,"LABORATORIOS SPEFAR VENEZOLANOS, S.A.",https://pccentro.net.ve/img/s/5/4/4/8/8/54488-large_default.webp,14
VALSARTAN ||| CAPSULAS,39402,ME38569,VALSARTAN 160 mg CAPSULAS,Valsartan,CAPSULAS,"LABORATORIOS KIMICEG, C.A.",https://pccentro.net.ve/img/s/5/4/4/8/8/54488-large_default.webp,14
VALSARTAN ||| CAPSULAS,39404,ME38568,VALSARTAN 80 mg CAPSULAS,Valsartan,CAPSULAS,"LABORATORIOS KIMICEG, C.A.",https://pccentro.net.ve/img/s/7/4/7/5/8/74758-large_default.webp,14
ACETILSALICILICO ACIDO ||| COMPRIMIDOS,37413,ME44324,AMANIRIS 81 mg X 30 COMPRIMIDOS CON CUBIERTA ENTERICA,Acetilsalicilico Acido,COMPRIMIDOS,INTECH HEALTHCARE,https://mav.farmaciasaas.com/api/images/articulos/DISTRIBUCION/29745.jpg,2
ACETILSALICILICO ACIDO ||| COMPRIMIDOS,39017,ME37056,ACIDO ACETIL SALICILICO 81 mg X 30 COMPRIMIDOS ENTERICOS,Acetilsalicilico Acido,COMPRIMIDOS,"LABORATORIOS SPEFAR VENEZOLANOS, S.A.",https://pccentro.net.ve/img/s/8/1/3/7/8/81378-large_default.webp,2
AMBROXOL ||| JARABE,37414,ME28493,AMBROXOL CLORHIDRATO 30 mg / 5 mL JARABE,Ambroxol,JARABE,"LABORATORIO LA SANTE, C.A.",https://pccentro.net.ve/img/s/7/4/8/1/5/74815-large_default.webp,5
AMBROXOL ||| JARABE,38502,ME28425,MISULVAN 30 mg / 5 mL JARABE,Ambroxol,JARABE,"LABORATORIO PLUSANDEX DE FARMACEUTICOS UNIDOS, PLUSANDEX, C.A.",https://mav.farmaciasaas.com/api/images/articulos/DISTRIBUCION/7179.jpg,5
AMBROXOL ||| JARABE,38522,ME43440,MUCOXOL 30 mg / 5 mL JARABE,Ambroxol,JARABE,"LABORATORIOS L.O. OFTALMI, C.A.",https://mav.farmaciasaas.com/api/images/articulos/DISTRIBUCION/30075.jpg,5
AMBROXOL ||| JARABE,39072,ME28426,ARBIXIL 15 mg - 10 mcg / 5 mL JARABE,Ambroxol,JARABE,LABORATORIOS SIEGFRIED S.A.,https://pccentro.net.ve/img/s/1/8/2/1/8/18218-large_default.webp,5
AMBROXOL ||| JARABE,39073,ME28401,"ARBIXIL 7,5 mg - 5 mcg / 5 mL JARABE",Ambroxol,JARABE,LABORATORIOS SIEGFRIED S.A.,https://pccentro.net.ve/img/s/1/8/1/9/8/18198-large_default.webp,5
AMBROXOL ||| SOLUCION ORAL,37415,ME29182,CLORHIDRATO DE AMBROXOL 15mg /5mL.SOLUCION ORAL,Ambroxol,SOLUCION ORAL,MEGALABS S.A.,,9
AMBROXOL ||| SOLUCION ORAL,37416,ME29181,CLORHIDRATO DE AMBROXOL 30mg/5mL SOLUCION ORAL,Ambroxol,SOLUCION ORAL,"LABORATORIOS KIMICEG, C.A.",,9
AMBROXOL ||| SOLUCION ORAL,37777,ME31537,"AMBROXOL-CLENBUTEROL 7,5 mg-0,005 mg/5 mL SOLUCION ORAL",Ambroxol,SOLUCION ORAL,"LABORATORIOS KIMICEG, C.A.",https://pccentro.net.ve/img/s/2/3/7/9/3/23793-large_default.webp,9
AMBROXOL ||| SOLUCION ORAL,37778,ME31538,"AMBROXOL-CLENBUTEROL 15mg - 0,01mg/5 mL SOLUION ORAL",Ambroxol,SOLUCION ORAL,"LABORATORIOS KIMICEG, C.A.",https://pccentro.net.ve/img/s/2/3/7/9/3/23793-large_default.webp,9
AMBROXOL ||| SOLUCION ORAL,38107,ME38680,FLENOX 15 mg / 5 mL SOLUCION ORAL,Ambroxol,SOLUCION ORAL,"BIOTECH LABORATORIOS, C.A.",https://mav.farmaciasaas.com/api/images/articulos/DISTRIBUCION/50900.jpg,9
AMBROXOL ||| SOLUCION ORAL,38521,ME40502,MUCOMAX 15 mg / 5 mL SOLUCION ORAL USO PEDIATRICO,Ambroxol,SOLUCION ORAL,"LABORATORIOS KIMICEG, C.A.",,9
AMBROXOL ||| SOLUCION ORAL,39074,ME31091,"ARBIXIL 7,5 mg - 5 mcg / mL SOLUCION ORAL",Ambroxol,SOLUCION ORAL,LABORATORIOS SIEGFRIED S.A.,https://mav.farmaciasaas.com/api/images/articulos/DISTRIBUCION/3798.jpg,9
AMBROXOL ||| SOLUCION ORAL,39209,ME44361,HEXANT 15mg/ 5mL SOLUCION ORAL SABOR A FRESA,Ambroxol,SOLUCION ORAL,MEGALABS S.A.,,9
AMBROXOL ||| SOLUCION ORAL,39220,ME38610,FLENOX 30 mg / 5 mL SOLUCION ORAL,Ambroxol,SOLUCION ORAL,"BIOTECH LABORATORIOS, C.A.",,9
AMIKACINA ||| INYECTABLE,37418,HO23247,AMIKACINA 500 mg / 2 mL X 1 AMPOLLAS,Amikacina,INYECTABLE,C.A. PRODUCTOS RONAVA,https://mav.farmaciasaas.com/api/images/articulos/DISTRIBUCION/10090.jpg,3
AMIKACINA ||| INYECTABLE,37419,HO24946,AMIKACINA 500 mg/2mL X 1 AMPOLLAS,Amikacina,INYECTABLE,"LABORATORIOS VALMOR, C.A.",https://mav.farmaciasaas.com/api/images/articulos/DISTRIBUCION/27450.jpg,3
AMIKACINA ||| INYECTABLE,37556,HO29957,BEHKACIN 500 mg / 2 mL X 1 AMPOLLAS,Amikacina,INYECTABLE,"LABORATORIO BEHRENS, C.A.",https://mav.farmaciasaas.com/api/images/articulos/DISTRIBUCION/52498.jpg,3
AMIODARONA ||| COMPRIMIDOS,37421,ME31452,AMIODARONA CLORHIDRATO 200 mg X 10 COMPRIMIDOS,Amiodarona,COMPRIMIDOS,"LABORATORIOS VALMOR, C.A.",https://mav.farmaciasaas.com/api/images/articulos/DISTRIBUCION/3505.jpg,2
AMIODARONA ||| COMPRIMIDOS,38578,ME23563,NOVARONA 200 mg X 10 COMPRIMIDOS,Amiodarona,COMPRIMIDOS,"ESPECIALIDADES DOLLDER, C.A.",https://mav.farmaciasaas.com/api/images/articulos/DISTRIBUCION/8426.jpg,2
AMIODARONA ||| TABLETAS,37422,ME32403,AMIODARONA CLORHIDRATO 200 mg X 10 TABLETAS,Amiodarona,TABLETAS,"BIOTECH LABORATORIOS, C.A.",https://mav.farmaciasaas.com/api/images/articulos/DISTRIBUCION/4602.jpg,2
AMIODARONA ||| TABLETAS,37920,ME25910,DIARONA 200 mg X 10 TABLETAS,Amiodarona,TABLETAS,"LABORATORIOS VARGAS, S.A.",https://mav.farmaciasaas.com/api/images/articulos/DISTRIBUCION/7335.jpg,2
AMLODIPINO ||| COMPRIMIDOS,37423,ME30206/3,AMLODIPINA 10 mg X 30 COMPRIMIDOS,Amlodipino,COMPRIMIDOS,"LABORATORIOS LETI, S.A.V.",https://mav.farmaciasaas.com/api/images/articulos/DISTRIBUCION/97973.jpg,4
AMLODIPINO ||| COMPRIMIDOS,37424,ME30206/4,AMLODIPINA 10 mg X 60 COMPRIMIDOS,Amlodipino,COMPRIMIDOS,"LABORATORIOS LETI, S.A.V.",https://mav.farmaciasaas.com/api/images/articulos/DISTRIBUCION/20112.jpg,4
AMLODIPINO ||| COMPRIMIDOS,37425,ME30206/2,AMLODIPINA 10 mg X 10 COMPRIMIDOS,Amlodipino,COMPRIMIDOS,"LABORATORIOS LETI, S.A.V.",https://mav.farmaciasaas.com/api/images/articulos/DISTRIBUCION/2419.jpg,4
AMLODIPINO ||| COMPRIMIDOS,37426,ME38145,AMLODIPINA 5 mg X 30 COMPRIMIDOS,Amlodipino,COMPRIMIDOS,"LABORATORIOS LETI, S.A.V.",https://mav.farmaciasaas.com/api/images/articulos/DISTRIBUCION/9206.jpg,4
AMLODIPINO ||| TABLETAS,37427,ME32016/2,AMLODIPINA 10 mg X 10 TABLETAS,Amlodipino,TABLETAS,"CALOX INTERNATIONAL, C.A.",https://pccentro.net.ve/img/s/1/8/1/9/3/18193-large_default.webp,7
AMLODIPINO ||| TABLETAS,37428,ME32016/3,AMLODIPINA 10 mg X 30 TABLETAS,Amlodipino,TABLETAS,"CALOX INTERNATIONAL, C.A.",https://mav.farmaciasaas.com/api/images/articulos/DISTRIBUCION/12054.jpg,7
AMLODIPINO ||| TABLETAS,37431,ME28705/2,AMLODIPINA 5 mg X 10 TABLETAS,Amlodipino,TABLETAS,"CALOX INTERNATIONAL, C.A.",https://mav.farmaciasaas.com/api/images/articulos/DISTRIBUCION/2417.jpg,7
AMLODIPINO ||| TABLETAS,37432,ME28705/3,AMLODIPINA 5 mg X 30 TABLETAS,Amlodipino,TABLETAS,"CALOX INTERNATIONAL, C.A.",https://mav.farmaciasaas.com/api/images/articulos/DISTRIBUCION/10982.jpg,7
AMLODIPINO ||| TABLETAS,39035,ME30270/2,AMLODIPINA 10 mg X 20 TABLETAS,Amlodipino,TABLETAS,"LABORATORIOS KIMICEG, C.A.",https://pccentro.net.ve/img/s/1/8/1/9/3/18193-large_default.webp,7
AMLODIPINO ||| TABLETAS,39036,ME30270/3,AMLODIPINA 10 mg X 30 TABLETAS,Amlodipino,TABLETAS,"LABORATORIOS KIMICEG, C.A.",https://pccentro.net.ve/img/s/1/8/1/9/3/18193-large_default.webp,7
AMLODIPINO ||| TABLETAS,39041,ME30269,AMLODIPINA 5 mg X 30 TABLETAS,Amlodipino,TABLETAS,"LABORATORIOS KIMICEG, C.A.",https://pccentro.net.ve/img/s/7/8/3/5/9/78359-large_default.webp,7
AMLODIPINO - VALSARTAN ||| COMPRIMIDOS,37434,ME40038,AMLODIPINA - VALSARTAN 5 mg - 160 mg X 30 COMPRIMIDOS RECUBIERTOS,Amlodipino - Valsartan,COMPRIMIDOS,"LABORATORIOS LETI, S.A.V.",https://mav.farmaciasaas.com/api/images/articulos/DISTRIBUCION/27732.jpg,2
AMLODIPINO - VALSARTAN ||| COMPRIMIDOS,39038,ME40042,AMLODIPINA - VALSARTAN 10 mg - 160 mg COMPRIMIDOS RECUBIERTOS,Amlodipino - Valsartan,COMPRIMIDOS,"LABORATORIOS LETI, S.A.V.",https://pccentro.net.ve/img/s/7/8/4/9/2/78492-large_default.webp,2
AMOXICILINA - CLAVULANICO ACIDO ||| POLVO PARA RECONSTITUCION,37435,ME42534,"AMOXICILINA - ACIDO CLAVULANICO 250 mg - 62,5 mg / 5 mL POLVO PARA SUSPENSION ORAL",Amoxicilina - Clavulanico Acido,POLVO PARA RECONSTITUCION,"LABORATORIOS SPEFAR VENEZOLANOS, S.A.",,2
AMOXICILINA - CLAVULANICO ACIDO ||| POLVO PARA RECONSTITUCION,38137,ME35373,"FULGRAM 600 mg - 42,9 mg / 5 mL POLVO PARA SUSPENSION",Amoxicilina - Clavulanico Acido,POLVO PARA RECONSTITUCION,"LABORATORIOS LETI, S.A.V.",,2
AMOXICILINA ||| COMPRIMIDOS,37436,ME44341,SINOT CLAV 875 mg – 125 mg X 14 COMPRIMIDOS,Amoxicilina,COMPRIMIDOS,MOMENTA FARMACEUTICA LTDA.,,2
AMOXICILINA ||| COMPRIMIDOS,37449,ME31313,AMOXIDUO 875 mg X 14 COMPRIMIDOS RECUBIERTOS,Amoxicilina,COMPRIMIDOS,ROEMMERS S.A.I.C.F,https://mav.farmaciasaas.com/api/images/articulos/DISTRIBUCION/1481.jpg,2
AMOXICILINA - CLAVULANICO ACIDO ||| TABLETAS,37437,ME43309,CLAVULAM 875 mg - 125 mg TABLETAS RECUBIERTAS,Amoxicilina - Clavulanico Acido,TABLETAS,LABORATE PHARMACEUTICALS INDIA LTD,,3
AMOXICILINA - CLAVULANICO ACIDO ||| TABLETAS,37531,ME25538,AUGMENTIN 500 mg - 125 mg TABLETAS RECUBIERTAS,Amoxicilina - Clavulanico Acido,TABLETAS,SMITHKLINE BEECHAM LIMITED,https://mav.farmaciasaas.com/api/images/articulos/DISTRIBUCION/9781.jpg,3
AMOXICILINA - CLAVULANICO ACIDO ||| TABLETAS,37532,ME29902,AUGMENTIN BID 875 mg - 125 mg TABLETAS RECUBIERTAS,Amoxicilina - Clavulanico Acido,TABLETAS,SMITHKLINE BEECHAM LIMITED,https://mav.farmaciasaas.com/api/images/articulos/DISTRIBUCION/92934.jpg,3
AMOXICILINA ||| CAPSULAS,37440,ME20340/3,AMOXICILINA 500 mg X 10 CAPSULAS,Amoxicilina,CAPSULAS,"CALOX INTERNATIONAL, C.A.",https://mav.farmaciasaas.com/api/images/articulos/DISTRIBUCION/52727.jpg,6
AMOXICILINA ||| CAPSULAS,37441,ME20340/4,AMOXICILINA 500 mg X 12 CAPSULAS,Amoxicilina,CAPSULAS,"CALOX INTERNATIONAL, C.A.",https://pccentro.net.ve/img/s/8/0/3/7/3/80373-large_default.webp,6
AMOXICILINA ||| CAPSULAS,37442,ME20340/2,AMOXICILINA 500 mg X 6 CAPSULAS,Amoxicilina,CAPSULAS,"CALOX INTERNATIONAL, C.A.",https://mav.farmaciasaas.com/api/images/articulos/DISTRIBUCION/5265.jpg,6
AMOXICILINA ||| CAPSULAS,37443,ME26817,AMOXICILINA 500 mg X 12 CAPSULAS,Amoxicilina,CAPSULAS,"LABORATORIOS LETI, S.A.V.",https://mav.farmaciasaas.com/api/images/articulos/DISTRIBUCION/25978.jpg,6
AMOXICILINA ||| CAPSULAS,37450,ME21824,AMOXIVAL 500 mg X 12 CAPSULAS,Amoxicilina,CAPSULAS,"LABORATORIOS VALMOR, C.A.",https://mav.farmaciasaas.com/api/images/articulos/DISTRIBUCION/5739.jpg,6
AMOXICILINA ||| CAPSULAS,39045,ME35012,AMOXICILINA 500 mg X 12 CAPSULAS,Amoxicilina,CAPSULAS,"LABORATORIOS VALMOR, C.A.",https://pccentro.net.ve/img/s/8/0/3/7/3/80373-large_default.webp,6
AMOXICILINA ||| POLVO PARA RECONSTITUCION,37444,ME35002,AMOXICILINA 250 mg / 5 ml POLVO PARA SUSPENSION ORAL,Amoxicilina,POLVO PARA RECONSTITUCION,"CALOX INTERNATIONAL, C.A.",https://mav.farmaciasaas.com/api/images/articulos/DISTRIBUCION/51378.jpg,8
AMOXICILINA ||| POLVO PARA RECONSTITUCION,37445,ME20104,AMOXICILINA 125 mg / 5 mL POLVO PARA SUSPENSION,Amoxicilina,POLVO PARA RECONSTITUCION,"CALOX INTERNATIONAL, C.A.",,8
AMOXICILINA ||| POLVO PARA RECONSTITUCION,37447,ME25639,AMOXICILINA 250 mg / 5 mL POLVO PARA SUSPENSION,Amoxicilina,POLVO PARA RECONSTITUCION,SYNTOFARMA S.A.,,8
AMOXICILINA ||| POLVO PARA RECONSTITUCION,37451,ME37262,AMOXIVAL 750 ml / 5 mL POLVO PARA SUSPENSION ORAL,Amoxicilina,POLVO PARA RECONSTITUCION,"LABORATORIOS VALMOR, C.A.",https://mav.farmaciasaas.com/api/images/articulos/DISTRIBUCION/90776.jpg,8
AMOXICILINA ||| POLVO PARA RECONSTITUCION,37452,ME22089,AMOXIVAL 250 mg / 5 mL POLVO PARA SUSPENSION ORAL,Amoxicilina,POLVO PARA RECONSTITUCION,"LABORATORIOS VALMOR, C.A.",https://mav.farmaciasaas.com/api/images/articulos/DISTRIBUCION/9638.jpg,8
AMOXICILINA ||| POLVO PARA RECONSTITUCION,39046,ME32087,AMOXICILINA 750 mg / 5 mL POLVO PARA SUSPENSION ORAL,Amoxicilina,POLVO PARA RECONSTITUCION,"LABORATORIOS SPEFAR VENEZOLANOS, S.A.",,8
AMOXICILINA ||| POLVO PARA RECONSTITUCION,39049,ME43949,"AMOXIVALAC 600 mg – 42,9 mg / 5 mL POLVO PARA SUSPENSIÓN ORAL",Amoxicilina,POLVO PARA RECONSTITUCION,"LABORATORIOS VALMOR, C.A.",,8
AMOXICILINA ||| POLVO PARA RECONSTITUCION,39423,ME31275,AMOXIDUO 750 mg / 5 mL POLVO PARA SUSPENSION ORAL,Amoxicilina,POLVO PARA RECONSTITUCION,ROEMMERS S.A.I.C.F,,8
ACETAMINOFEN ||| SUSPENSION ORAL,37457,ME40477,ANANTY FORTE 160 mg / 5 mL SUSPENSION,Acetaminofen,SUSPENSION ORAL,"LABORATORIO PLUSANDEX DE FARMACEUTICOS UNIDOS, PLUSANDEX, C.A.",https://mav.farmaciasaas.com/api/images/articulos/DISTRIBUCION/24237.jpg,3
ACETAMINOFEN ||| SUSPENSION ORAL,37458,ME38820,ANANTY 120 mg / 5 mL SUSPENSION,Acetaminofen,SUSPENSION ORAL,"LABORATORIO PLUSANDEX DE FARMACEUTICOS UNIDOS, PLUSANDEX, C.A.",https://mav.farmaciasaas.com/api/images/articulos/DISTRIBUCION/6865.jpg,3
ACETAMINOFEN ||| SUSPENSION ORAL,39381,ME35671,TACHIPIRIN FORTE 160 mg / 5 mL SUSPENSION ORAL,Acetaminofen,SUSPENSION ORAL,"LABORATORIOS ELMOR, S.A.",https://mav.farmaciasaas.com/api/images/articulos/DISTRIBUCION/11649.jpg,3
IBUPROFENO - TIOCOLCHICOSIDO ||| TABLETAS,37460,ME44118,ANAPIRFLEX 600 mg – 4 mg X 10 TABLETAS RECUBIERTAS,Ibuprofeno - Tiocolchicosido,TABLETAS,ORCHID PHARMA LIMITED,https://mav.farmaciasaas.com/api/images/articulos/DISTRIBUCION/29669.jpg,10
IBUPROFENO - TIOCOLCHICOSIDO ||| TABLETAS,38208,ME39249/2,IBUCOLVAL 600 mg - 4 mg X 10 TABLETAS RECUBIERTAS,Ibuprofeno - Tiocolchicosido,TABLETAS,"LABORATORIOS VALMOR, C.A.",https://mav.farmaciasaas.com/api/images/articulos/DISTRIBUCION/50513.jpg,10
IBUPROFENO - TIOCOLCHICOSIDO ||| TABLETAS,38209,ME39249/3,IBUCOLVAL 600 mg - 4 mg X 20 TABLETAS RECUBIERTAS,Ibuprofeno - Tiocolchicosido,TABLETAS,"LABORATORIOS VALMOR, C.A.",https://mav.farmaciasaas.com/api/images/articulos/DISTRIBUCION/94906.jpg,10
IBUPROFENO - TIOCOLCHICOSIDO ||| TABLETAS,38221,ME38318,IBUPROFENO - TIOCOLCHICOSIDO 400 mg - 4 mg X 10 TABLETAS RECUBIERTAS,Ibuprofeno - Tiocolchicosido,TABLETAS,"CALOX INTERNATIONAL, C.A.",https://mav.farmaciasaas.com/api/images/articulos/DISTRIBUCION/94963.jpg,10
IBUPROFENO - TIOCOLCHICOSIDO ||| TABLETAS,38232,ME40927/2,IBUTANCOL 400 mg - 4 mg X 10 TABLETAS,Ibuprofeno - Tiocolchicosido,TABLETAS,LABORATORIOS SIEGFRIED S.A.,https://mav.farmaciasaas.com/api/images/articulos/DISTRIBUCION/14204.jpg,10
IBUPROFENO - TIOCOLCHICOSIDO ||| TABLETAS,38233,ME40927/3,IBUTANCOL 400 mg - 4 mg X 20 TABLETAS,Ibuprofeno - Tiocolchicosido,TABLETAS,LABORATORIOS SIEGFRIED S.A.,https://mav.farmaciasaas.com/api/images/articulos/DISTRIBUCION/14205.jpg,10
IBUPROFENO - TIOCOLCHICOSIDO ||| TABLETAS,38234,ME39405/2,IBUTANCOL 600 mg - 4 mg X 10 TABLETAS,Ibuprofeno - Tiocolchicosido,TABLETAS,LABORATORIOS SIEGFRIED S.A.,https://mav.farmaciasaas.com/api/images/articulos/DISTRIBUCION/95589.jpg,10
IBUPROFENO - TIOCOLCHICOSIDO ||| TABLETAS,38235,ME39405/3,IBUTANCOL 600 mg - 4 mg X 20 TABLETAS,Ibuprofeno - Tiocolchicosido,TABLETAS,LABORATORIOS SIEGFRIED S.A.,https://mav.farmaciasaas.com/api/images/articulos/DISTRIBUCION/95590.jpg,10
IBUPROFENO - TIOCOLCHICOSIDO ||| TABLETAS,38865,ME42787,TIOCHAX PLUS 400 mg - 4 mg X 10 TABLETAS RECUBIERTAS,Ibuprofeno - Tiocolchicosido,TABLETAS,"LABORATORIO PLUSANDEX DE FARMACEUTICOS UNIDOS, PLUSANDEX, C.A.",https://mav.farmaciasaas.com/api/images/articulos/DISTRIBUCION/26615.jpg,10
IBUPROFENO - TIOCOLCHICOSIDO ||| TABLETAS,38874,ME37625,TIOCOLFEN 600 mg - 4 mg X 10 TABLETAS RECUBIERTAS,Ibuprofeno - Tiocolchicosido,TABLETAS,"LABORATORIO LA SANTE, C.A.",https://mav.farmaciasaas.com/api/images/articulos/DISTRIBUCION/90592.jpg,10
WARFARINA ||| COMPRIMIDOS,37461,ME24592/2,ANASMOL 5 mg X 10 COMPRIMIDOS,Warfarina,COMPRIMIDOS,MEGALABS S.A.,https://pccentro.net.ve/img/s/1/8/6/5/4/18654-large_default.webp,3
WARFARINA ||| COMPRIMIDOS,37462,ME24592/3,ANASMOL 5 mg X 30 COMPRIMIDOS,Warfarina,COMPRIMIDOS,MEGALABS S.A.,https://mav.farmaciasaas.com/api/images/articulos/DISTRIBUCION/95473.jpg,3
WARFARINA ||| COMPRIMIDOS,39051,ME27042,"ANASMOL 2,5 mg COMPRIMIDOS",Warfarina,COMPRIMIDOS,MEGALABS S.A.,https://mav.farmaciasaas.com/api/images/articulos/DISTRIBUCION/1878.jpg,3
ALPRAZOLAM ||| COMPRIMIDOS,37467,ME30811,"ANSILAN 0,5 mg X 30 COMPRIMIDOS RECUBIERTOS",Alprazolam,COMPRIMIDOS,MEGALABS S.A.,https://mav.farmaciasaas.com/api/images/articulos/DISTRIBUCION/1297.jpg,3
ALPRAZOLAM ||| COMPRIMIDOS,37468,ME30871,ANSILAN 1 mg X 30 COMPRIMIDOS RECUBIERTOS,Alprazolam,COMPRIMIDOS,MEGALABS S.A.,https://mav.farmaciasaas.com/api/images/articulos/DISTRIBUCION/1298.jpg,3
ALPRAZOLAM ||| COMPRIMIDOS,37469,ME41688,ANSILAN 2 mg X 30 COMPRIMIDOS RECUBIERTOS,Alprazolam,COMPRIMIDOS,MEGALABS S.A.,https://mav.farmaciasaas.com/api/images/articulos/DISTRIBUCION/16881.jpg,3
BISOPROLOL ||| TABLETAS,37472,ME39619,ANTAAR 10 mg X 30 TABLETAS RECUBIERTAS,Bisoprolol,TABLETAS,"CALOX INTERNATIONAL, C.A.",https://mav.farmaciasaas.com/api/images/articulos/DISTRIBUCION/17094.jpg,9
BISOPROLOL ||| TABLETAS,37506,ME43710,"ASTRIMOL 2,5 mg X 30 TABLETAS RECUBIERTAS",Bisoprolol,TABLETAS,"BIOTECH LABORATORIOS, C.A.",https://mav.farmaciasaas.com/api/images/articulos/DISTRIBUCION/53167.jpg,9
BISOPROLOL ||| TABLETAS,37593,ME43801,BISOPROLOL FUMARATO 10 mg X 30 TABLETAS RECUBIERTAS,Bisoprolol,TABLETAS,"CALOX INTERNATIONAL, C.A.",https://mav.farmaciasaas.com/api/images/articulos/DISTRIBUCION/53140.jpg,9
BISOPROLOL ||| TABLETAS,37594,ME44328,BISOPROLOL FUMARATO 5MG X 30 TABLETAS RECUBIERTAS,Bisoprolol,TABLETAS,RONALD PHARMACEUTICALS PVT. LTD.,https://mav.farmaciasaas.com/api/images/articulos/DISTRIBUCION/97001.jpg,9
BISOPROLOL ||| TABLETAS,39054,ME40060/3,"ANTAAR 2,5 mg X 30 TABLETAS RECUBIERTAS",Bisoprolol,TABLETAS,"CALOX INTERNATIONAL, C.A.",https://mav.farmaciasaas.com/api/images/articulos/DISTRIBUCION/15626.jpg,9
BISOPROLOL ||| TABLETAS,39055,ME40060/2,"ANTAAR 2,5 mg X 10 TABLETAS RECUBIERTAS",Bisoprolol,TABLETAS,"CALOX INTERNATIONAL, C.A.",https://mav.farmaciasaas.com/api/images/articulos/DISTRIBUCION/21066.jpg,9
BISOPROLOL ||| TABLETAS,39056,ME40058,ANTAAR 5 mg X 30 TABLETAS RECUBIERTAS,Bisoprolol,TABLETAS,"CALOX INTERNATIONAL, C.A.",https://mav.farmaciasaas.com/api/images/articulos/DISTRIBUCION/16094.jpg,9
BISOPROLOL ||| TABLETAS,39079,ME43853,ASTRIMOL 5 mg X 30 TABLETAS RECUBIERTAS,Bisoprolol,TABLETAS,"BIOTECH LABORATORIOS, C.A.",https://mav.farmaciasaas.com/api/images/articulos/DISTRIBUCION/53175.jpg,9
BISOPROLOL ||| TABLETAS,39106,ME39139,"BISOPROLOL FUMARATO 2,5 mg X 30 TABLETAS RECUBIERTAS",Bisoprolol,TABLETAS,"CALOX INTERNATIONAL, C.A.",https://mav.farmaciasaas.com/api/images/articulos/DISTRIBUCION/97002.jpg,9
APIXABAN ||| COMPRIMIDOS,37480,ME44489,"APITENA 2,5 mg X 30 COMPRIMIDOS RECUBIERTOS",Apixaban,COMPRIMIDOS,FARMACEUTICA PARAGUAYA S.A.,https://mav.farmaciasaas.com/api/images/articulos/DISTRIBUCION/30329.jpg,2
APIXABAN ||| COMPRIMIDOS,39539,ME42025,"MANTIXA 2,5 mg X 30 COMPRIMIDOS RECUBIERTOS",Apixaban,COMPRIMIDOS,MEGALABS S.A.,https://mav.farmaciasaas.com/api/images/articulos/DISTRIBUCION/27090.jpg,2
NAPROXENO ||| TABLETAS,37484,ME43975,APLEXIL 550 mg X 10 TABLETAS RECUBIERTAS,Naproxeno,TABLETAS,"LABORATORIO COFASA, S.A.",https://mav.farmaciasaas.com/api/images/articulos/DISTRIBUCION/53335.jpg,2
NAPROXENO ||| TABLETAS,38531,ME34793,NAPROXENO 250 mg X 10 TABLETAS,Naproxeno,TABLETAS,EMPRESA LABORATORIOS MEDSOL,https://mav.farmaciasaas.com/api/images/articulos/DISTRIBUCION/53117.jpg,2
LOSARTAN ||| CAPSULAS,37485,ME37211/2,"ARANDA 2,5 mg - 50 mg X 10 CAPSULAS",Losartan,CAPSULAS,ACHE LABORATORIOS FARMACEUTICOS S.A.,https://mav.farmaciasaas.com/api/images/articulos/DISTRIBUCION/27227.jpg,5
LOSARTAN ||| CAPSULAS,37486,ME37211/3,"ARANDA 2,5 mg - 50 mg X 30 CAPSULAS",Losartan,CAPSULAS,ACHE LABORATORIOS FARMACEUTICOS S.A.,https://pccentro.net.ve/img/s/7/5/0/7/6/75076-large_default.webp,5
LOSARTAN ||| CAPSULAS,37487,ME37212,ARANDA 5 mg - 100 mg X 10 CAPSULAS,Losartan,CAPSULAS,ACHE LABORATORIOS FARMACEUTICOS S.A.,https://pccentro.net.ve/img/s/7/8/3/6/0/78360-large_default.webp,5
LOSARTAN ||| CAPSULAS,39070,ME38655/2,ARANDA 5 mg - 50 mg X 10 CAPSULAS,Losartan,CAPSULAS,LABORATORIOS FARMA S.A.,https://pccentro.net.ve/img/s/7/5/0/7/6/75076-large_default.webp,5
LOSARTAN ||| CAPSULAS,39071,ME38655/3,ARANDA 5 mg - 50 mg X 30 CAPSULAS,Losartan,CAPSULAS,LABORATORIOS FARMA S.A.,https://pccentro.net.ve/img/s/7/5/0/7/6/75076-large_default.webp,5
ETORICOXIB ||| TABLETAS,37488,ME41482,ARCOVAL 60 mg X 10 TABLETAS RECUBIERTAS,Etoricoxib,TABLETAS,"LABORATORIOS VALMOR, C.A.",https://mav.farmaciasaas.com/api/images/articulos/DISTRIBUCION/52031.jpg,6
ETORICOXIB ||| TABLETAS,37489,ME41483,ARCOVAL 90 mg X 10 TABLETAS RECUBIERTAS,Etoricoxib,TABLETAS,"LABORATORIOS VALMOR, C.A.",https://mav.farmaciasaas.com/api/images/articulos/DISTRIBUCION/52032.jpg,6
ETORICOXIB ||| TABLETAS,38051,ME41333,ETORICOXIB 60 mg X 10 TABLETAS RECUBIERTAS,Etoricoxib,TABLETAS,"CALOX INTERNATIONAL, C.A.",https://mav.farmaciasaas.com/api/images/articulos/DISTRIBUCION/18990.jpg,6
ETORICOXIB ||| TABLETAS,38052,ME41306,ETORICOXIB 90 mg X 10 TABLETAS RECUBIERTAS,Etoricoxib,TABLETAS,"CALOX INTERNATIONAL, C.A.",https://mav.farmaciasaas.com/api/images/articulos/DISTRIBUCION/18572.jpg,6
ETORICOXIB ||| TABLETAS,38891,ME43933,TRICOX 60 mg X 14 TABLETAS RECUBIERTAS,Etoricoxib,TABLETAS,"EUROFARMA LABORATORIOS, S.A.",https://mav.farmaciasaas.com/api/images/articulos/DISTRIBUCION/50716.jpg,6
ETORICOXIB ||| TABLETAS,39585,ME43518,SYNARTROS 60 mg X 10 TABLETAS RECUBIERTAS,Etoricoxib,TABLETAS,PRECISE BIOPHARMA PVT. LTD.,https://pccentro.net.ve/img/s/8/3/9/6/5/83965-large_default.webp,6
ATENOLOL ||| TABLETAS,37492,ME23768,ARTENOLOL 100 mg X 30 TABLETAS,Atenolol,TABLETAS,C.A. PRODUCTOS RONAVA,https://mav.farmaciasaas.com/api/images/articulos/DISTRIBUCION/19753.jpg,3
ATENOLOL ||| TABLETAS,37512,ME25816,ATENOLOL 100 mg X 30 TABLETAS,Atenolol,TABLETAS,"CALOX INTERNATIONAL, C.A.",https://pccentro.net.ve/img/s/2/3/7/6/5/23765-large_default.webp,3
ATENOLOL ||| TABLETAS,37513,ME25817,ATENOLOL 50 mg X 30 TABLETAS,Atenolol,TABLETAS,"CALOX INTERNATIONAL, C.A.",https://mav.farmaciasaas.com/api/images/articulos/DISTRIBUCION/23700.jpg,3
RIVAROXABAN ||| TABLETAS,37493,ME41487/2,ARUDIL 15 mg X 10 TABLETAS RECUBIERTAS,Rivaroxaban,TABLETAS,LABORATORIOS FARMA S.A.,https://mav.farmaciasaas.com/api/images/articulos/DISTRIBUCION/19965.jpg,11
RIVAROXABAN ||| TABLETAS,37494,ME41487/3,ARUDIL 15 mg X 30 TABLETAS RECUBIERTAS,Rivaroxaban,TABLETAS,LABORATORIOS FARMA S.A.,https://mav.farmaciasaas.com/api/images/articulos/DISTRIBUCION/19966.jpg,11
RIVAROXABAN ||| TABLETAS,37495,ME41488/2,ARUDIL 20 mg X 10 TABLETAS RECUBIERTAS,Rivaroxaban,TABLETAS,LABORATORIOS FARMA S.A.,https://mav.farmaciasaas.com/api/images/articulos/DISTRIBUCION/19058.jpg,11
RIVAROXABAN ||| TABLETAS,37496,ME41488/3,ARUDIL 20 mg X 30 TABLETAS RECUBIERTAS,Rivaroxaban,TABLETAS,LABORATORIOS FARMA S.A.,https://mav.farmaciasaas.com/api/images/articulos/DISTRIBUCION/19059.jpg,11
RIVAROXABAN ||| TABLETAS,38744,ME42922,RIVAROXABAN 15 mg X 30 TABLETAS RECUBIERTAS,Rivaroxaban,TABLETAS,WEST-COAST PHARMACEUTICAL WORKS LTD,https://mav.farmaciasaas.com/api/images/articulos/DISTRIBUCION/24319.jpg,11
RIVAROXABAN ||| TABLETAS,38745,ME42923/2,RIVAROXABAN 20 mg X 10 TABLETAS RECUBIERTAS,Rivaroxaban,TABLETAS,WEST-COAST PHARMACEUTICAL WORKS LTD,https://mav.farmaciasaas.com/api/images/articulos/DISTRIBUCION/26738.jpg,11
RIVAROXABAN ||| TABLETAS,38746,ME42923/3,RIVAROXABAN 20 mg X 14 TABLETAS RECUBIERTAS,Rivaroxaban,TABLETAS,WEST-COAST PHARMACEUTICAL WORKS LTD,https://mav.farmaciasaas.com/api/images/articulos/DISTRIBUCION/54217.jpg,11
RIVAROXABAN ||| TABLETAS,38984,ME43896,XAROX 10 mg X 30 TABLETAS RECUBIERTAS.,Rivaroxaban,TABLETAS,PRAMUKH PHARMACHEM PRIVATE LIMITED,https://mav.farmaciasaas.com/api/images/articulos/DISTRIBUCION/52153.jpg,11
RIVAROXABAN ||| TABLETAS,38985,ME43897,XAROX 15 mg X 30 TABLETAS RECUBIERTAS,Rivaroxaban,TABLETAS,PRAMUKH PHARMACHEM PRIVATE LIMITED,https://mav.farmaciasaas.com/api/images/articulos/DISTRIBUCION/52924.jpg,11
RIVAROXABAN ||| TABLETAS,38986,ME43895,XAROX 20 mg X 30 TABLETAS RECUBIERTAS,Rivaroxaban,TABLETAS,PRAMUKH PHARMACHEM PRIVATE LIMITED,https://mav.farmaciasaas.com/api/images/articulos/DISTRIBUCION/52925.jpg,11
RIVAROXABAN ||| TABLETAS,39444,ME42416,BLOKXA 20 mg X 28 TABLETAS RECUBIERTAS,Rivaroxaban,TABLETAS,"CALOX INTERNATIONAL, C.A.",https://mav.farmaciasaas.com/api/images/articulos/DISTRIBUCION/54280.jpg,11
RIVAROXABAN ||| COMPRIMIDOS,37499,ME42249,ASARAP 10 mg X 30 COMPRIMIDOS RECUBIERTOS,Rivaroxaban,COMPRIMIDOS,"LABORATORIOS LETI, S.A.V.",https://mav.farmaciasaas.com/api/images/articulos/DISTRIBUCION/30076.jpg,4
RIVAROXABAN ||| COMPRIMIDOS,37500,ME42248,ASARAP 15 mg X 30 COMPRIMIDOS RECUBIERTOS,Rivaroxaban,COMPRIMIDOS,"LABORATORIOS LETI, S.A.V.",https://mav.farmaciasaas.com/api/images/articulos/DISTRIBUCION/30307.jpg,4
RIVAROXABAN ||| COMPRIMIDOS,37501,ME42294,ASARAP 20 mg X 30 COMPRIMIDOS RECUBIERTOS,Rivaroxaban,COMPRIMIDOS,"LABORATORIOS LETI, S.A.V.",https://mav.farmaciasaas.com/api/images/articulos/DISTRIBUCION/50067.jpg,4
RIVAROXABAN ||| COMPRIMIDOS,39572,ME43643,RIVAREX 10 mg X 30 COMPRIMIDOS RECUBIERTOS,Rivaroxaban,COMPRIMIDOS,"ESPECIALIDADES DOLLDER, C.A.",https://mav.farmaciasaas.com/api/images/articulos/DISTRIBUCION/52904.jpg,4
ACETAMINOFEN - CAFEINA ||| TABLETAS,37502,ME31150,ASCAFYL PLUS X 10 TABLETAS RECUBIERTAS,Acetaminofen - Cafeina,TABLETAS,LABORATORIOS SIEGFRIED S.A.,https://pccentro.net.ve/img/s/2/1/1/0/1/21101-large_default.webp,12
ACETAMINOFEN - CAFEINA ||| TABLETAS,37503,ME17492,ASCAFYL X 10 TABLETAS RECUBIERTAS,Acetaminofen - Cafeina,TABLETAS,LABORATORIOS SIEGFRIED S.A.,https://pccentro.net.ve/img/s/2/1/1/0/1/21101-large_default.webp,12
ACETAMINOFEN - CAFEINA ||| TABLETAS,37938,ME29117/2,DIFEN X 10 TABLETAS RECUBIERTAS,Acetaminofen - Cafeina,TABLETAS,LABORATORIOS SIEGFRIED S.A.,https://pccentro.net.ve/img/s/2/1/1/0/1/21101-large_default.webp,12
ACETAMINOFEN - CAFEINA ||| TABLETAS,37939,ME29117/3,DIFEN X 20 TABLETAS RECUBIERTAS,Acetaminofen - Cafeina,TABLETAS,LABORATORIOS SIEGFRIED S.A.,https://pccentro.net.ve/img/s/2/1/1/0/1/21101-large_default.webp,12
ACETAMINOFEN - CAFEINA ||| TABLETAS,37965,ME26655/3,DOL X 10 TABLETAS RECUBIERTAS,Acetaminofen - Cafeina,TABLETAS,"CALOX INTERNATIONAL, C.A.",https://pccentro.net.ve/img/s/2/1/1/0/1/21101-large_default.webp,12
ACETAMINOFEN - CAFEINA ||| TABLETAS,37966,ME26655/4,DOL X 20 TABLETAS RECUBIERTAS,Acetaminofen - Cafeina,TABLETAS,"CALOX INTERNATIONAL, C.A.",https://pccentro.net.ve/img/s/2/1/1/0/1/21101-large_default.webp,12
ACETAMINOFEN - CAFEINA ||| TABLETAS,37967,ME26655/2,DOL X 4 TABLETAS RECUBIERTAS,Acetaminofen - Cafeina,TABLETAS,"CALOX INTERNATIONAL, C.A.",https://pccentro.net.ve/img/s/2/1/1/0/1/21101-large_default.webp,12
ACETAMINOFEN - CAFEINA ||| TABLETAS,39081,ME33009,ATAMEL PLUS 500 mg - 32 mg X 10 TABLETAS,Acetaminofen - Cafeina,TABLETAS,"CALOX INTERNATIONAL, C.A.",https://mav.farmaciasaas.com/api/images/articulos/DISTRIBUCION/15413.jpg,12
ACETAMINOFEN - CAFEINA ||| TABLETAS,39169,ME39525/3,DOL FORTE 500 mg - 65 mg X 10 TABLETAS,Acetaminofen - Cafeina,TABLETAS,"CALOX INTERNATIONAL, C.A.",https://pccentro.net.ve/img/s/6/4/0/7/1/64071-large_default.webp,12
ACETAMINOFEN - CAFEINA ||| TABLETAS,39170,ME39525/2,DOL FORTE 500 mg - 65 mg X 4 TABLETAS,Acetaminofen - Cafeina,TABLETAS,"CALOX INTERNATIONAL, C.A.",https://pccentro.net.ve/img/s/6/4/0/7/1/64071-large_default.webp,12
ACETAMINOFEN - CAFEINA ||| TABLETAS,39189,ME38307,DIFEN PLUS X 10 TABLETAS,Acetaminofen - Cafeina,TABLETAS,LABORATORIOS SIEGFRIED S.A.,https://pccentro.net.ve/img/s/2/1/1/0/1/21101-large_default.webp,12
ACETAMINOFEN - CAFEINA ||| TABLETAS,39265,ME33620,IVAGAN FORTE X 100 TABLETAS RECUBIERTAS,Acetaminofen - Cafeina,TABLETAS,"BIOTECH LABORATORIOS, C.A.",https://mav.farmaciasaas.com/api/images/articulos/DISTRIBUCION/21170.jpg,12
ATENOLOL ||| COMPRIMIDOS,37511,ME42297,ATENOLOL 100 mg X 30 COMPRIMIDOS,Atenolol,COMPRIMIDOS,"BLUEPHARMA - INDUSTRIA FARMACEUTICA, S.A.",https://mav.farmaciasaas.com/api/images/articulos/DISTRIBUCION/25093.jpg,5
ATENOLOL ||| COMPRIMIDOS,37514,ME25982,ATENOLOL 50 mg X 30 COMPRIMIDOS,Atenolol,COMPRIMIDOS,"LABORATORIOS LETI, S.A.V.",https://mav.farmaciasaas.com/api/images/articulos/DISTRIBUCION/3028.jpg,5
ATENOLOL ||| COMPRIMIDOS,37600,ME22761,BLOKIUM 100 mg X 30 COMPRIMIDOS,Atenolol,COMPRIMIDOS,"LABORATORIOS LETI, S.A.V.",https://mav.farmaciasaas.com/api/images/articulos/DISTRIBUCION/4312.jpg,5
ATENOLOL ||| COMPRIMIDOS,39082,ME26047,ATENOLOL 100 mg COMPRIMIDOS,Atenolol,COMPRIMIDOS,"LABORATORIOS LETI, S.A.V.",https://pccentro.net.ve/img/s/2/3/7/6/5/23765-large_default.webp,5
ATENOLOL ||| COMPRIMIDOS,39083,ME27910,ATENOLOL 50 mg X 30 COMPRIMIDOS,Atenolol,COMPRIMIDOS,"LABORATORIOS KIMICEG, C.A.",https://pccentro.net.ve/img/s/9/5/1/1/6/95116-large_default.webp,5
ATORVASTATINA ||| TABLETAS,37515,ME39468/2,ATORVACOF 20 mg X 14 TABLETAS RECUBIERTAS,Atorvastatina,TABLETAS,"LABORATORIO COFASA, S.A.",https://mav.farmaciasaas.com/api/images/articulos/DISTRIBUCION/98600.jpg,11
ATORVASTATINA ||| TABLETAS,37516,ME39468/3,ATORVACOF 20 mg X 30 TABLETAS RECUBIERTAS,Atorvastatina,TABLETAS,"LABORATORIO COFASA, S.A.",https://pccentro.net.ve/img/s/3/4/7/9/7/34797-large_default.webp,11
ATORVASTATINA ||| TABLETAS,37521,ME36444,ATORVASTATINA 20 mg X 30 TABLETAS RECUBIERTAS,Atorvastatina,TABLETAS,"LABORATORIOS VALMOR, C.A.",https://mav.farmaciasaas.com/api/images/articulos/DISTRIBUCION/51293.jpg,11
ATORVASTATINA ||| TABLETAS,37523,ME35340/3,ATORVASTATINA 40 mg X 30 TABLETAS RECUBIERTAS,Atorvastatina,TABLETAS,LABORATORIOS FARMA S.A.,https://pccentro.net.ve/img/s/2/3/7/2/1/23721-large_default.webp,11
ATORVASTATINA ||| TABLETAS,37524,ME35340/2,ATORVASTATINA 40 mg X 14 TABLETAS RECUBIERTAS,Atorvastatina,TABLETAS,LABORATORIOS FARMA S.A.,https://mav.farmaciasaas.com/api/images/articulos/DISTRIBUCION/91726.jpg,11
ATORVASTATINA ||| TABLETAS,37525,ME32812,ATORVASTATINA 20 mg X 30 TABLETAS RECUBIERTAS,Atorvastatina,TABLETAS,"LABORATORIO LA SANTE, C.A.",https://pccentro.net.ve/img/s/3/4/7/9/7/34797-large_default.webp,11
ATORVASTATINA ||| TABLETAS,38325,ME37396,LESTECOL 20 mg X 30 TABLETAS RECUBIERTAS,Atorvastatina,TABLETAS,"BIOTECH LABORATORIOS, C.A.",https://mav.farmaciasaas.com/api/images/articulos/DISTRIBUCION/91318.jpg,11
ATORVASTATINA ||| TABLETAS,39384,ME44195/2,TARVINA 20 mg X 10 TABLETAS RECUBIERTAS,Atorvastatina,TABLETAS,"GEMA LABS, C.A.",https://pccentro.net.ve/img/s/3/4/7/9/7/34797-large_default.webp,11
ATORVASTATINA ||| TABLETAS,39385,ME44195/3,TARVINA 20 mg X 30 TABLETAS RECUBIERTAS,Atorvastatina,TABLETAS,"GEMA LABS, C.A.",https://pccentro.net.ve/img/s/3/4/7/9/7/34797-large_default.webp,11
ATORVASTATINA ||| TABLETAS,39386,ME44196,TARVINA 40 mg X 10 TABLETAS RECUBIERTAS,Atorvastatina,TABLETAS,"GEMA LABS, C.A.",https://pccentro.net.ve/img/s/2/3/7/2/1/23721-large_default.webp,11
ATORVASTATINA ||| TABLETAS,39537,ME36952,LESTECOL 40 mg X 30 TABLETAS RECUBIERTAS,Atorvastatina,TABLETAS,"BIOTECH LABORATORIOS, C.A. MIRANDA",https://mav.farmaciasaas.com/api/images/articulos/DISTRIBUCION/91315.jpg,11
ATORVASTATINA ||| COMPRIMIDOS,37517,ME32690/2,ATORVASTATINA 20 mg X 10 COMPRIMIDOS RECUBIERTOS,Atorvastatina,COMPRIMIDOS,"LABORATORIOS LETI, S.A.V.",https://mav.farmaciasaas.com/api/images/articulos/DISTRIBUCION/4070.jpg,8
ATORVASTATINA ||| COMPRIMIDOS,37518,ME32690/3,ATORVASTATINA 20 mg X 14 COMPRIMIDOS RECUBIERTOS,Atorvastatina,COMPRIMIDOS,"LABORATORIOS LETI, S.A.V.",https://mav.farmaciasaas.com/api/images/articulos/DISTRIBUCION/11565.jpg,8
ATORVASTATINA ||| COMPRIMIDOS,37519,ME32690/4,ATORVASTATINA 20 mg X 30 COMPRIMIDOS RECUBIERTOS,Atorvastatina,COMPRIMIDOS,"LABORATORIOS LETI, S.A.V.",https://mav.farmaciasaas.com/api/images/articulos/DISTRIBUCION/97977.jpg,8
ATORVASTATINA ||| COMPRIMIDOS,37520,ME35911,ATORVASTATINA 40 mg X 30 COMPRIMIDOS RECUBIERTOS,Atorvastatina,COMPRIMIDOS,"LABORATORIOS LETI, S.A.V.",https://mav.farmaciasaas.com/api/images/articulos/DISTRIBUCION/98292.jpg,8
ATORVASTATINA ||| COMPRIMIDOS,38934,ME43273/3,VASPITOR 20 mg X 30 COMPRIMIDOS RECUBIERTOS,Atorvastatina,COMPRIMIDOS,MEGALABS S.A.,https://mav.farmaciasaas.com/api/images/articulos/DISTRIBUCION/50578.jpg,8
ATORVASTATINA ||| COMPRIMIDOS,38935,ME43273/2,VASPITOR 20 mg X 10 COMPRIMIDOS RECUBIERTOS,Atorvastatina,COMPRIMIDOS,MEGALABS S.A.,https://mav.farmaciasaas.com/api/images/articulos/DISTRIBUCION/52641.jpg,8
ATORVASTATINA ||| COMPRIMIDOS,39085,ME39008,ATORVASTATINA 20 mg COMPRIMIDOS RECUBIERTOS,Atorvastatina,COMPRIMIDOS,"LABORATORIOS SPEFAR VENEZOLANOS, S.A.",https://pccentro.net.ve/img/s/3/4/7/9/7/34797-large_default.webp,8
ATORVASTATINA ||| COMPRIMIDOS,39086,ME42454,ATORVASTATINA 40 mg COMPRIMIDOS RECUBIERTOS,Atorvastatina,COMPRIMIDOS,"LABORATORIOS SPEFAR VENEZOLANOS, S.A.",https://pccentro.net.ve/img/s/2/3/7/2/1/23721-large_default.webp,8
IBUPROFENO ||| COMPRIMIDOS,37530,ME44345,ATROVERAN FEM 10mg-200mg X 10 COMPRIMIDOS RECUBIERTOS,Ibuprofeno,COMPRIMIDOS,"LABORATORIOS VARGAS, S.A.",https://mav.farmaciasaas.com/api/images/articulos/DISTRIBUCION/54524.jpg,9
IBUPROFENO ||| COMPRIMIDOS,37621,ME19149,BRUGESIC 400 mg X 10 COMPRIMIDOS,Ibuprofeno,COMPRIMIDOS,"LABORATORIOS ELMOR, S.A.",https://mav.farmaciasaas.com/api/images/articulos/DISTRIBUCION/22102.jpg,9
IBUPROFENO ||| COMPRIMIDOS,37623,ME40290,BRUGESIC FORTE 800 mg X 10 COMPRIMIDOS,Ibuprofeno,COMPRIMIDOS,"LABORATORIOS ELMOR, S.A.",https://mav.farmaciasaas.com/api/images/articulos/DISTRIBUCION/27805.jpg,9
IBUPROFENO ||| COMPRIMIDOS,38199,ME43845,PASIM FEM 20 mg - 400 mg X 10 COMPRIMIDOS RECUBIERTOS,Ibuprofeno,COMPRIMIDOS,MEGALABS S.A.,https://mav.farmaciasaas.com/api/images/articulos/DISTRIBUCION/54299.jpg,9
IBUPROFENO ||| COMPRIMIDOS,38214,ME26800,IBUPROFENO 600 mg X 10 COMPRIMIDOS RECUBIERTOS,Ibuprofeno,COMPRIMIDOS,"LABORATORIOS LETI, S.A.V.",https://mav.farmaciasaas.com/api/images/articulos/DISTRIBUCION/3823.jpg,9
IBUPROFENO ||| COMPRIMIDOS,38215,ME40877,IBUPROFENO 800 mg X 10 COMPRIMIDOS,Ibuprofeno,COMPRIMIDOS,"LABORATORIOS LETI, S.A.V.",https://mav.farmaciasaas.com/api/images/articulos/DISTRIBUCION/50176.jpg,9
IBUPROFENO ||| COMPRIMIDOS,38418,ME37320,LUMBAX 800 mg X 6 COMPRIMIDOS RECUBIERTOS,Ibuprofeno,COMPRIMIDOS,"LABORATORIOS VARGAS, S.A.",https://mav.farmaciasaas.com/api/images/articulos/DISTRIBUCION/20721.jpg,9
IBUPROFENO ||| COMPRIMIDOS,39250,ME26698,IBUPROFENO 400 mg COMPRIMIDOS RECUBIERTOS,Ibuprofeno,COMPRIMIDOS,"LABORATORIOS LETI, S.A.V.",https://pccentro.net.ve/img/s/3/4/0/7/2/34072-large_default.webp,9
IBUPROFENO ||| COMPRIMIDOS,39525,ME44135,IBUFEN 800 mg X 6 COMPRIMIDOS RECUBIERTOS,Ibuprofeno,COMPRIMIDOS,"LABORATORIOS VARGAS, S.A.",https://mav.farmaciasaas.com/api/images/articulos/DISTRIBUCION/54227.jpg,9
TICAGRELOR ||| COMPRIMIDOS,37533,ME42005,AUPREL 90 mg X 20 COMPRIMIDOS RECUBIERTOS,Ticagrelor,COMPRIMIDOS,"LABORATORIOS VARGAS, S.A.",https://mav.farmaciasaas.com/api/images/articulos/DISTRIBUCION/28697.jpg,2
TICAGRELOR ||| COMPRIMIDOS,37780,ME42462,CLENOSAN 90 mg X 30 COMPRIMIDOS RECUBIERTOS,Ticagrelor,COMPRIMIDOS,"LABORATORIOS LETI, S.A.V.",https://mav.farmaciasaas.com/api/images/articulos/DISTRIBUCION/52057.jpg,2
DUTASTERIDA ||| CAPSULAS,37535,ME34732,"AVODART 0,5 mg CAPSULAS BLANDAS",Dutasterida,CAPSULAS,DELPHARM POZNAN SPOLKA AKCYJNA UL,https://mav.farmaciasaas.com/api/images/articulos/DISTRIBUCION/10278.jpg,2
DUTASTERIDA ||| CAPSULAS,39050,ME42339,"AMPROVIL 0,5 mg X 30 CAPSULAS.",Dutasterida,CAPSULAS,"LABORATORIOS LETI, S.A.V.",,2
MOXIFLOXACINO ||| COMPRIMIDOS,37536,ME33902,AXOKINE 400 mg X 5 COMPRIMIDOS RECUBIERTOS,Moxifloxacino,COMPRIMIDOS,"LABORATORIOS LETI, S.A.V.",https://mav.farmaciasaas.com/api/images/articulos/DISTRIBUCION/90556.jpg,2
MOXIFLOXACINO ||| COMPRIMIDOS,38517,ME36486,MOXIFLOXACINA 400 mg X 10 COMPRIMIDOS RECUBIERTOS,Moxifloxacino,COMPRIMIDOS,"SM PHARMA, C.A.",https://mav.farmaciasaas.com/api/images/articulos/DISTRIBUCION/25226.jpg,2
AZITROMICINA ||| COMPRIMIDOS,37540,ME36378/2,AZIMAKROL 1 g X 2 COMPRIMIDOS RECUBIERTOS,Azitromicina,COMPRIMIDOS,MEGALABS S.A.,https://mav.farmaciasaas.com/api/images/articulos/DISTRIBUCION/91098.jpg,6
AZITROMICINA ||| COMPRIMIDOS,37541,ME36378/3,AZIMAKROL 1 g X 5 COMPRIMIDOS RECUBIERTOS,Azitromicina,COMPRIMIDOS,MEGALABS S.A.,https://mav.farmaciasaas.com/api/images/articulos/DISTRIBUCION/54042.jpg,6
AZITROMICINA ||| COMPRIMIDOS,37544,ME31564/3,AZITROMICINA 500mg X 5 COMPRIMIDOS RECUBIERTOS,Azitromicina,COMPRIMIDOS,"LABORATORIOS SPEFAR VENEZOLANOS, S.A.",https://mav.farmaciasaas.com/api/images/articulos/DISTRIBUCION/6090.jpg,6
AZITROMICINA ||| COMPRIMIDOS,37545,ME31564/2,AZITROMICINA 500mg X 3 COMPRIMIDOS RECUBIERTOS,Azitromicina,COMPRIMIDOS,"LABORATORIOS SPEFAR VENEZOLANOS, S.A.",https://mav.farmaciasaas.com/api/images/articulos/DISTRIBUCION/11009.jpg,6
AZITROMICINA ||| COMPRIMIDOS,38766,ME29493,SAVER 500 mg X 5 COMPRIMIDOS RECUBIERTOS,Azitromicina,COMPRIMIDOS,"LABORATORIOS ELMOR, S.A.",https://mav.farmaciasaas.com/api/images/articulos/DISTRIBUCION/207.jpg,6
AZITROMICINA ||| COMPRIMIDOS,39090,ME28805,AZITROMICINA 500 mg COMPRIMIDOS RECUBIERTOS,Azitromicina,COMPRIMIDOS,"LABORATORIOS LETI, S.A.V.",,6
AZITROMICINA ||| TABLETAS,37542,ME36516/2,AZITRODEX 500 mg X 3 TABLETAS RECUBIERTAS,Azitromicina,TABLETAS,"LABORATORIO PLUSANDEX DE FARMACEUTICOS UNIDOS, PLUSANDEX, C.A.",https://mav.farmaciasaas.com/api/images/articulos/DISTRIBUCION/92796.jpg,6
AZITROMICINA ||| TABLETAS,37543,ME36516/3,AZITRODEX 500 mg X 5 TABLETAS RECUBIERTAS,Azitromicina,TABLETAS,"LABORATORIO PLUSANDEX DE FARMACEUTICOS UNIDOS, PLUSANDEX, C.A.",https://mav.farmaciasaas.com/api/images/articulos/DISTRIBUCION/94416.jpg,6
AZITROMICINA ||| TABLETAS,37548,ME34643,AZITROMICINA 500 mg X 5 TABLETAS RECUBIERTAS,Azitromicina,TABLETAS,"LABORATORIOS VALMOR, C.A.",,6
AZITROMICINA ||| TABLETAS,39042,ME32836/2,AMOVIN 500 mg X 3 TABLETAS RECUBIERTAS,Azitromicina,TABLETAS,"LABORATORIO COFASA, S.A.",,6
AZITROMICINA ||| TABLETAS,39043,ME32836/3,AMOVIN 500 mg X 6 TABLETAS RECUBIERTAS,Azitromicina,TABLETAS,"LABORATORIO COFASA, S.A.",https://mav.farmaciasaas.com/api/images/articulos/DISTRIBUCION/92490.jpg,6
AZITROMICINA ||| TABLETAS,39437,ME36689,AZITROMICINA 500 mg X 3 TABLETA RECUBIERTA,Azitromicina,TABLETAS,"CORPORACION INFARMASA, S.A.",,6
BACITRACINA ||| UNGUENTO,37549,ME1645,BACITRACINA 125 mg/ 15 g UNGUENTO,Bacitracina,UNGUENTO,"PFIZER VENEZUELA, S.A.",https://pccentro.net.ve/img/s/7/3/6/4/5/73645-large_default.webp,3
BACITRACINA ||| UNGUENTO,37550,ME20140,BACITRACINA 500 UI - g UNGUENTO,Bacitracina,UNGUENTO,C.A. PRODUCTOS RONAVA,https://mav.farmaciasaas.com/api/images/articulos/DISTRIBUCION/26065.jpg,3
BACITRACINA ||| UNGUENTO,39092,ME20308,BACITRACINA 500 UI / g UNGUENTO,Bacitracina,UNGUENTO,MEGALABS S.A.,https://pccentro.net.ve/img/s/7/3/4/1/3/73413-large_default.webp,3
SULFAMETOXAZOL ||| TABLETAS,37552,ME35252,BACTRON FORTE 160 mg - 800 mg X 10 TABLETAS,Sulfametoxazol,TABLETAS,C.A. PRODUCTOS RONAVA,https://mav.farmaciasaas.com/api/images/articulos/DISTRIBUCION/9770.jpg,2
SULFAMETOXAZOL ||| TABLETAS,37554,ME18573,BACTRON 80 mg - 400 mg X 20 TABLETAS,Sulfametoxazol,TABLETAS,C.A. PRODUCTOS RONAVA,,2
METRONIDAZOL ||| INYECTABLE,37553,HO30851,BACTRIZOL 5 mg / mL SOLUCION INYECTABLE PARA INFUSION INTRAVENOSA,Metronidazol,INYECTABLE,"LABORATORIO BEHRENS, C.A.",https://mav.farmaciasaas.com/api/images/articulos/DISTRIBUCION/7496.jpg,2
METRONIDAZOL ||| INYECTABLE,38478,HO33361,METRONIDAZOL 500 mg / 100 mL SOLUCION PARA INFUSION INTRAVENOSA,Metronidazol,INYECTABLE,LABORATORIO BIOGALENIC C.A.,https://mav.farmaciasaas.com/api/images/articulos/DISTRIBUCION/21360.jpg,2
BETAMETASONA ||| INYECTABLE,37568,HO16114,BETAGEN 4 mg / mL X 1 AMPOLLAS,Betametasona,INYECTABLE,"BIOTECH LABORATORIOS, C.A.",https://mav.farmaciasaas.com/api/images/articulos/DISTRIBUCION/4359.jpg,4
BETAMETASONA ||| INYECTABLE,37569,HO34949,BETAGEN 12 mg / 3 mL X 1 AMPOLLAS,Betametasona,INYECTABLE,"BIOTECH LABORATORIOS, C.A.",https://mav.farmaciasaas.com/api/images/articulos/DISTRIBUCION/13138.jpg,4
BETAMETASONA ||| INYECTABLE,37573,HO36271/2,BETAMETASONA 4mg/mL X 1 AMPOLLAS,Betametasona,INYECTABLE,"PHARMAYECT, S.A.",https://mav.farmaciasaas.com/api/images/articulos/DISTRIBUCION/2117.jpg,4
BETAMETASONA ||| INYECTABLE,37574,HO36271/3,BETAMETASONA 4mg/mL X 10 AMPOLLAS,Betametasona,INYECTABLE,"PHARMAYECT, S.A.",https://pccentro.net.ve/img/s/8/9/7/6/7/89767-large_default.webp,4
BETAHISTINA ||| TABLETAS,37571,ME38280,BETAHISTINA 16 mg X 20 TABLETAS RECUBIERTAS,Betahistina,TABLETAS,"LABORATORIO LA SANTE, C.A.",https://mav.farmaciasaas.com/api/images/articulos/DISTRIBUCION/51762.jpg,4
BETAHISTINA ||| TABLETAS,37633,ME43035/3,BUTAL 8 mg X 20 TABLETAS RECUBIERTAS,Betahistina,TABLETAS,LABORATORIOS SIEGFRIED S.A.,https://mav.farmaciasaas.com/api/images/articulos/DISTRIBUCION/52802.jpg,4
BETAHISTINA ||| TABLETAS,37634,ME43035/2,BUTAL 8 mg X 10 TABLETAS RECUBIERTAS,Betahistina,TABLETAS,LABORATORIOS SIEGFRIED S.A.,https://pccentro.net.ve/img/s/5/7/7/1/1/57711-large_default.webp,4
BETAHISTINA ||| TABLETAS,38487,ME34758,MICROSER 16 mg X 20 TABLETAS,Betahistina,TABLETAS,TECNANDINA S.A.,https://pccentro.net.ve/img/s/1/9/3/6/0/19360-large_default.webp,4
BISOPROLOL - HIDROCLOROTIAZIDA ||| COMPRIMIDOS,37585,ME44259/3,"BIPROLIL HCT 5 mg - 6,25 mg X 30 COMPRIMIDOS RECUBIERTOS",Bisoprolol - Hidroclorotiazida,COMPRIMIDOS,"LABORATORIOS VARGAS, S.A.",https://mav.farmaciasaas.com/api/images/articulos/DISTRIBUCION/54525.jpg,6
BISOPROLOL - HIDROCLOROTIAZIDA ||| COMPRIMIDOS,37586,ME44259/2,"BIPROLIL HCT 5 mg - 6,25 mg X 15 COMPRIMIDOS RECUBIERTOS",Bisoprolol - Hidroclorotiazida,COMPRIMIDOS,"LABORATORIOS VARGAS, S.A.",,6
BISOPROLOL - HIDROCLOROTIAZIDA ||| COMPRIMIDOS,39102,ME43579,"BIOTALOL HCT 2,5 mg - 6,25 mg COMPRIMIDOS RECUBIERTOS",Bisoprolol - Hidroclorotiazida,COMPRIMIDOS,"LABORATORIOS LETI, S.A.V.",https://mav.farmaciasaas.com/api/images/articulos/DISTRIBUCION/53196.jpg,6
BISOPROLOL - HIDROCLOROTIAZIDA ||| COMPRIMIDOS,39160,ME35719,"CORENTEL H 10 mg - 6,25 mg COMPRIMIDOS RECUBIERTOS",Bisoprolol - Hidroclorotiazida,COMPRIMIDOS,MEGALABS S.A.,https://mav.farmaciasaas.com/api/images/articulos/DISTRIBUCION/94357.jpg,6
BISOPROLOL - HIDROCLOROTIAZIDA ||| COMPRIMIDOS,39161,ME35718,"CORENTEL H 5 mg - 6,25 mg COMPRIMIDOS RECUBIERTOS",Bisoprolol - Hidroclorotiazida,COMPRIMIDOS,MEGALABS S.A.,https://mav.farmaciasaas.com/api/images/articulos/DISTRIBUCION/94358.jpg,6
BISOPROLOL - HIDROCLOROTIAZIDA ||| COMPRIMIDOS,39443,ME43578,"BIOTALOL HCT 10 mg - 6,25 mg COMPRIMIDOS RECUBIERTOS ",Bisoprolol - Hidroclorotiazida,COMPRIMIDOS,"LABORATORIOS LETI, S.A.V.",https://mav.farmaciasaas.com/api/images/articulos/DISTRIBUCION/51791.jpg,6
BISOPROLOL - HIDROCLOROTIAZIDA ||| TABLETAS,37588,ME40280,"BISOBLOC H 5 mg - 6,25 mg TABLETAS RECUBIERTAS",Bisoprolol - Hidroclorotiazida,TABLETAS,"GLOBAL FARMA, S.A.",,2
BISOPROLOL - HIDROCLOROTIAZIDA ||| TABLETAS,37591,ME36891,"BISOPROLOL FUMARATO - HIDROCLOROTIAZIDA 5 mg - 6,25 mg X 30 TABLETAS",Bisoprolol - Hidroclorotiazida,TABLETAS,"CALOX INTERNATIONAL, C.A.",https://pccentro.net.ve/img/s/7/8/5/4/9/78549-large_default.webp,2
BISOPROLOL ||| COMPRIMIDOS,37590,ME39140,"BISOPROLOL FUMARATO 2,5 mg X 30 COMPRIMIDOS RECUBIERTOS",Bisoprolol,COMPRIMIDOS,"LABORATORIOS LETI, S.A.V.",https://mav.farmaciasaas.com/api/images/articulos/DISTRIBUCION/98667.jpg,7
BISOPROLOL ||| COMPRIMIDOS,37592,ME42421,BISOPROLOL FUMARATO 10 mg X 30 COMPRIMIDOS RECUBIERTOS,Bisoprolol,COMPRIMIDOS,"LABORATORIOS SPEFAR VENEZOLANOS, S.A.",https://mav.farmaciasaas.com/api/images/articulos/DISTRIBUCION/21371.jpg,7
BISOPROLOL ||| COMPRIMIDOS,37839,ME40574,CORBIS 10 mg X 30 COMPRIMIDOS RECUBIERTOS,Bisoprolol,COMPRIMIDOS,ROEMMERS S.A.I.C.F,https://mav.farmaciasaas.com/api/images/articulos/DISTRIBUCION/23009.jpg,7
BISOPROLOL ||| COMPRIMIDOS,37840,ME42767,CORBIS 5 mg X 30 COMPRIMIDOS RECUBIERTOS,Bisoprolol,COMPRIMIDOS,ROEMMERS S.A.I.C.F,https://mav.farmaciasaas.com/api/images/articulos/DISTRIBUCION/23008.jpg,7
BISOPROLOL ||| COMPRIMIDOS,39105,ME42418,"BISOPROLOL FUMARATO 1,25 mg COMPRIMIDOS RECUBIERTOS",Bisoprolol,COMPRIMIDOS,"LABORATORIOS SPEFAR VENEZOLANOS, S.A.",https://mav.farmaciasaas.com/api/images/articulos/DISTRIBUCION/97000.jpg,7
BISOPROLOL ||| COMPRIMIDOS,39107,ME42420,BISOPROLOL FUMARATO 5 mg COMPRIMIDOS RECUBIERTOS,Bisoprolol,COMPRIMIDOS,"LABORATORIOS SPEFAR VENEZOLANOS, S.A.",https://pccentro.net.ve/img/s/7/4/5/2/4/74524-large_default.webp,7
BISOPROLOL ||| COMPRIMIDOS,39110,ME42419,"BISOPROLOL FUMARATO 2,5 mg COMPRIMIDOS RECUBIERTOS",Bisoprolol,COMPRIMIDOS,"LABORATORIOS SPEFAR VENEZOLANOS, S.A.",https://pccentro.net.ve/img/s/7/4/5/2/5/74525-large_default.webp,7
CANDESARTAN CILEXETILO - HIDROCLOROTIAZIDA ||| TABLETAS,37596,ME40147/2,"BLOCAX PLUS 16 mg - 12,5 mg X 10 TABLETAS",Candesartan Cilexetilo - Hidroclorotiazida,TABLETAS,"BIOTECH LABORATORIOS, C.A.",https://mav.farmaciasaas.com/api/images/articulos/DISTRIBUCION/99775.jpg,2
CANDESARTAN CILEXETILO - HIDROCLOROTIAZIDA ||| TABLETAS,37597,ME40147/3,"BLOCAX PLUS 16 mg - 12,5 mg X 30 TABLETAS",Candesartan Cilexetilo - Hidroclorotiazida,TABLETAS,"BIOTECH LABORATORIOS, C.A.",https://mav.farmaciasaas.com/api/images/articulos/DISTRIBUCION/19969.jpg,2
CANDESARTAN CILEXETILO ||| TABLETAS,37598,ME41273/2,BLOCAX 8 mg X 10 TABLETAS,Candesartan Cilexetilo,TABLETAS,"BIOTECH LABORATORIOS, C.A.",https://mav.farmaciasaas.com/api/images/articulos/DISTRIBUCION/13408.jpg,4
CANDESARTAN CILEXETILO ||| TABLETAS,37599,ME41273/3,BLOCAX 8 mg X 30 TABLETAS,Candesartan Cilexetilo,TABLETAS,"BIOTECH LABORATORIOS, C.A.",https://mav.farmaciasaas.com/api/images/articulos/DISTRIBUCION/15065.jpg,4
CANDESARTAN CILEXETILO ||| TABLETAS,39125,ME43807,CARBETAL 16 mg X 30 TABLETAS,Candesartan Cilexetilo,TABLETAS,"LABORATORIO COFASA, S.A.",https://mav.farmaciasaas.com/api/images/articulos/DISTRIBUCION/54310.jpg,4
CANDESARTAN CILEXETILO ||| TABLETAS,39126,ME43806,CARBETAL 8 mg X 30 TABLETAS,Candesartan Cilexetilo,TABLETAS,"LABORATORIO COFASA, S.A.",https://pccentro.net.ve/img/s/8/3/8/3/5/83835-large_default.webp,4
VALSARTAN ||| TABLETAS,37601,ME35863,BRASARTAN 80 mg X 30 TABLETAS RECUBIERTAS,Valsartan,TABLETAS,LABORATORIOS FARMA S.A.,https://mav.farmaciasaas.com/api/images/articulos/DISTRIBUCION/19231.jpg,4
VALSARTAN ||| TABLETAS,37604,ME35864,BRASARTAN 160 mg X 30 TABLETAS RECUBIERTAS,Valsartan,TABLETAS,LABORATORIOS FARMA S.A.,https://pccentro.net.ve/img/s/5/4/4/8/8/54488-large_default.webp,4
VALSARTAN ||| TABLETAS,38931,ME44465,VALSARTAN 160 MG X 30 TABLETAS RECUBIERTAS,Valsartan,TABLETAS,"JIANGSU PENGYAO PHARMACEUTICAL CO., LTD",https://mav.farmaciasaas.com/api/images/articulos/DISTRIBUCION/54468.jpg,4
VALSARTAN ||| TABLETAS,39154,ME44093,COFASUR 160 mg X 30 TABLETAS RECUBIERTAS,Valsartan,TABLETAS,"LABORATORIO COFASA, S.A.",https://pccentro.net.ve/img/s/5/4/4/8/8/54488-large_default.webp,4
CLORTALIDONA - VALSARTAN ||| TABLETAS,37602,ME42224/2,"BRASARTAN CTDN 80 mg - 12,5 mg X 10 TABLETAS RECUBIERTAS",Clortalidona - Valsartan,TABLETAS,LABORATORIOS FARMA S.A.,https://pccentro.net.ve/img/s/2/3/8/4/2/23842-large_default.webp,4
CLORTALIDONA - VALSARTAN ||| TABLETAS,37603,ME42224/3,"BRASARTAN CTDN 80 mg - 12,5 mg X 30 TABLETAS RECUBIERTAS",Clortalidona - Valsartan,TABLETAS,LABORATORIOS FARMA S.A.,https://mav.farmaciasaas.com/api/images/articulos/DISTRIBUCION/22884.jpg,4
CLORTALIDONA - VALSARTAN ||| TABLETAS,39116,ME42373,"BRASARTAN CTDN 160 mg - 12,5 mg X 30 TABLETAS RECUBIERTAS",Clortalidona - Valsartan,TABLETAS,LABORATORIOS FARMA S.A.,https://pccentro.net.ve/img/s/2/3/8/4/2/23842-large_default.webp,4
CLORTALIDONA - VALSARTAN ||| TABLETAS,39155,ME44636,"COFASUR PLUS 80 mg - 12,5 mg X 30 TABLETAS RECUBIERTAS",Clortalidona - Valsartan,TABLETAS,"LABORATORIO COFASA, S.A.",,4
PIRACETAM ||| TABLETAS,37605,ME22276,BREINOX 800 mg X 30 TABLETAS,Piracetam,TABLETAS,LABORATORIOS FARMA S.A.,https://mav.farmaciasaas.com/api/images/articulos/DISTRIBUCION/50808.jpg,2
PIRACETAM ||| TABLETAS,38668,ME34513,BREINOX 400 mg X 30 TABLETAS,Piracetam,TABLETAS,LABORATORIOS FARMA S.A.,https://mav.farmaciasaas.com/api/images/articulos/DISTRIBUCION/50807.jpg,2
DIOSMINA ||| COMPRIMIDOS,37606,ME43812/2,BRESIS 600 mg X 20 COMPRIMIDOS RECUBIERTOS,Diosmina,COMPRIMIDOS,MEGALABS S.A.,https://mav.farmaciasaas.com/api/images/articulos/DISTRIBUCION/54187.jpg,6
DIOSMINA ||| COMPRIMIDOS,37607,ME43812/3,BRESIS 600 mg X 30 COMPRIMIDOS RECUBIERTOS,Diosmina,COMPRIMIDOS,MEGALABS S.A.,https://mav.farmaciasaas.com/api/images/articulos/DISTRIBUCION/53310.jpg,6
DIOSMINA ||| COMPRIMIDOS,37950,ME43969/4,DIOSMINA 600 mg X 30 COMPRIMIDOS RECUBIERTOS,Diosmina,COMPRIMIDOS,"LABORATORIOS VARGAS, S.A.",https://mav.farmaciasaas.com/api/images/articulos/DISTRIBUCION/53053.jpg,6
DIOSMINA ||| COMPRIMIDOS,37951,ME43969/2,DIOSMINA 600 mg X 10 COMPRIMIDOS RECUBIERTOS,Diosmina,COMPRIMIDOS,"LABORATORIOS VARGAS, S.A.",https://mav.farmaciasaas.com/api/images/articulos/DISTRIBUCION/50161.jpg,6
DIOSMINA ||| COMPRIMIDOS,37952,ME43969/3,DIOSMINA 600 mg X 15 COMPRIMIDOS RECUBIERTOS,Diosmina,COMPRIMIDOS,"LABORATORIOS VARGAS, S.A.",https://pccentro.net.ve/img/s/8/3/9/3/8/83938-large_default.webp,6
DIOSMINA ||| COMPRIMIDOS,39509,ME44069,FLEVOMAX - D 600 mg X 15 COMPRIMIDOS RECUBIERTOS,Diosmina,COMPRIMIDOS,"LABORATORIOS VARGAS, S.A.",https://mav.farmaciasaas.com/api/images/articulos/DISTRIBUCION/54226.jpg,6
BROMHEXINA ||| JARABE,37610,ME43576,BROFLEMA 4 mg - 5 mL JARABE,Bromhexina,JARABE,"BIOTECH LABORATORIOS, C.A.",https://mav.farmaciasaas.com/api/images/articulos/DISTRIBUCION/52164.jpg,3
BROMHEXINA ||| JARABE,37614,ME26069,CLORHIDRATO DE BROMEXINA 8 mg / 5 mL JARABE.,Bromhexina,JARABE,"LABORATORIOS SPEFAR VENEZOLANOS, S.A.",https://mav.farmaciasaas.com/api/images/articulos/DISTRIBUCION/27452.jpg,3
BROMHEXINA ||| JARABE,39118,ME42603,BROMHEXINA CLORHIDRATO 4 mg / 5 mL JARABE,Bromhexina,JARABE,"LABORATORIO QUIM-FAR, C.A.",,3
AMBROXOL - LORATADINA ||| TABLETAS,37611,ME40082,BROLAT 5 mg - 30 mg X 10 TABLETAS,Ambroxol - Loratadina,TABLETAS,LABORATORIOS SIEGFRIED S.A.,https://mav.farmaciasaas.com/api/images/articulos/DISTRIBUCION/98629.jpg,2
AMBROXOL - LORATADINA ||| TABLETAS,38389,ME43383,LORATADINA - AMBROXOL CLORHIDRATO 5 mg - 30 mg X 10 TABLETAS,Ambroxol - Loratadina,TABLETAS,"LABORATORIOS KIMICEG, C.A.",https://mav.farmaciasaas.com/api/images/articulos/DISTRIBUCION/29397.jpg,2
BROMAZEPAM ||| COMPRIMIDOS,37612,ME31206,BROMAZEPAM 3 mg X 30 COMPRIMIDOS,Bromazepam,COMPRIMIDOS,MEGALABS S.A.,https://mav.farmaciasaas.com/api/images/articulos/DISTRIBUCION/1301.jpg,2
BROMAZEPAM ||| COMPRIMIDOS,37613,ME31207,BROMAZEPAM 6 mg X 30 COMPRIMIDOS,Bromazepam,COMPRIMIDOS,MEGALABS S.A.,https://mav.farmaciasaas.com/api/images/articulos/DISTRIBUCION/1302.jpg,2
CAFEINA - IBUPROFENO ||| COMPRIMIDOS,37619,ME41040,BRUDOL 200 mg - 65 mg X 20 COMPRIMIDOS RECUBIERTOS,Cafeina - Ibuprofeno,COMPRIMIDOS,"LABORATORIOS ELMOR, S.A.",https://mav.farmaciasaas.com/api/images/articulos/DISTRIBUCION/16419.jpg,2
CAFEINA - IBUPROFENO ||| COMPRIMIDOS,37620,ME40856,BRUDOL 400 mg - 65 mg X 20 COMPRIMIDOS RECUBIERTOS,Cafeina - Ibuprofeno,COMPRIMIDOS,"LABORATORIOS ELMOR, S.A.",https://mav.farmaciasaas.com/api/images/articulos/DISTRIBUCION/16420.jpg,2
IBUPROFENO ||| SUSPENSION ORAL,37622,ME36416,BRUGESIC FORTE 200 mg / 5 mL X 10 SUSPENSION ORAL,Ibuprofeno,SUSPENSION ORAL,"LABORATORIOS ELMOR, S.A.",https://mav.farmaciasaas.com/api/images/articulos/DISTRIBUCION/92984.jpg,5
IBUPROFENO ||| SUSPENSION ORAL,38216,ME34468,IBUPROFENO 100 mg / 5 mL SUSPENSION,Ibuprofeno,SUSPENSION ORAL,"SM PHARMA, C.A.",https://mav.farmaciasaas.com/api/images/articulos/DISTRIBUCION/24123.jpg,5
IBUPROFENO ||| SUSPENSION ORAL,38217,ME32828,IBUPROFENO 100 mg / 5 mL SUSPENSION ORAL,Ibuprofeno,SUSPENSION ORAL,"LABORATORIOS LETI, S.A.V.",https://mav.farmaciasaas.com/api/images/articulos/DISTRIBUCION/99047.jpg,5
IBUPROFENO ||| SUSPENSION ORAL,38226,ME27398,IBUTAN 100 mg / 5 mL SUSPENSION,Ibuprofeno,SUSPENSION ORAL,LABORATORIOS SIEGFRIED S.A.,https://mav.farmaciasaas.com/api/images/articulos/DISTRIBUCION/8970.jpg,5
IBUPROFENO ||| SUSPENSION ORAL,38227,ME38880,IBUTAN 200 mg / 5 mL SUSPENSION,Ibuprofeno,SUSPENSION ORAL,LABORATORIOS SIEGFRIED S.A.,https://mav.farmaciasaas.com/api/images/articulos/DISTRIBUCION/94585.jpg,5
BUDESONIDA ||| SUSPENSION ORAL,37626,ME30917,BUDECORT 1 mg / mL SUSPENSION PARA INHALAR,Budesonida,SUSPENSION ORAL,"LABORATORIOS L.O. OFTALMI, C.A.",https://mav.farmaciasaas.com/api/images/articulos/DISTRIBUCION/30268.jpg,4
BUDESONIDA ||| SUSPENSION ORAL,37627,ME44539,BUDEQUIT 1 mg / mL SUSPENSION PARA INHALACION ORAL,Budesonida,SUSPENSION ORAL,MERIT ORGANICS LIMITED,https://mav.farmaciasaas.com/api/images/articulos/DISTRIBUCION/54403.jpg,4
BUDESONIDA ||| SUSPENSION ORAL,38707,ME37253,PULMOLET 1 mg / mL SUSPENSION PARA NEBULIZAR,Budesonida,SUSPENSION ORAL,"LABORATORIOS LETI, S.A.V.",https://mav.farmaciasaas.com/api/images/articulos/DISTRIBUCION/91027.jpg,4
BUDESONIDA ||| SUSPENSION ORAL,39448,ME32411,BUDESONIDA 50 mcg / DOSIS SUSPENSION PARA INHALACION ORAL,Budesonida,SUSPENSION ORAL,LABORATORIO ALDO UNION S.L.,,4
BUMETANIDA ||| COMPRIMIDOS,37629,ME22582/3,BUMELEX 1 mg X 30 COMPRIMIDOS,Bumetanida,COMPRIMIDOS,MEGALABS S.A.,https://mav.farmaciasaas.com/api/images/articulos/DISTRIBUCION/50048.jpg,2
BUMETANIDA ||| COMPRIMIDOS,37630,ME22582/2,BUMELEX 1 mg X 16 COMPRIMIDOS,Bumetanida,COMPRIMIDOS,MEGALABS S.A.,https://mav.farmaciasaas.com/api/images/articulos/DISTRIBUCION/1999.jpg,2
BUPIVACAINA ||| INYECTABLE,37632,HO43908,BUPIVACAINA 50 mg/10 mL SOLUCIÓN INYECTABLE,Bupivacaina,INYECTABLE,"MEDVAL, C.A.",,2
BUPIVACAINA ||| INYECTABLE,39198,HO32341,DURACAINA HIPERBARA 5 mg - 80 mg / mL X 1 AMPOLLAS,Bupivacaina,INYECTABLE,"LABORATORIO BEHRENS, C.A.",,2
ASCORBICO ACIDO - ZINC ||| TABLETAS,37638,ME42932/4,VITAMINA C - ZINC 500 mg - 15 mg X 60 TABLETAS MASTICABLES SABOR A MANDARINA,Ascorbico Acido - Zinc,TABLETAS,BIONUTREC S.A.S.,,3
ASCORBICO ACIDO - ZINC ||| TABLETAS,37639,ME42932/3,VITAMINA C - ZINC 500 mg - 15 mg X 30 TABLETAS MASTICABLES SABOR A MANDARINA,Ascorbico Acido - Zinc,TABLETAS,BIONUTREC S.A.S.,,3
ASCORBICO ACIDO - ZINC ||| TABLETAS,37640,ME42932/2,VITAMINA C - ZINC 500 mg - 15 mg X 10 TABLETAS MASTICABLES SABOR A MANDARINA,Ascorbico Acido - Zinc,TABLETAS,BIONUTREC S.A.S.,https://mav.farmaciasaas.com/api/images/articulos/DISTRIBUCION/52152.jpg,3
VITAMINA D3 ||| TABLETAS,37641,ME34121,CALCITREX D3 950 mg - 200 UI X 30 TABLETAS,Vitamina D3,TABLETAS,"LABORATORIOS L.O. OFTALMI, C.A.",https://mav.farmaciasaas.com/api/images/articulos/DISTRIBUCION/5529.jpg,4
VITAMINA D3 ||| TABLETAS,38955,ME39856/3,FARMAD 1000 UI X 60 TABLETAS RECUBIERTAS,Vitamina D3,TABLETAS,LABORATORIOS FARMA S.A.,https://mav.farmaciasaas.com/api/images/articulos/DISTRIBUCION/52137.jpg,4
VITAMINA D3 ||| TABLETAS,38956,ME39856/4,FARMAD 1000 UI X 100 TABLETAS RECUBIERTAS,Vitamina D3,TABLETAS,LABORATORIOS FARMA S.A.,https://mav.farmaciasaas.com/api/images/articulos/DISTRIBUCION/5310.jpg,4
VITAMINA D3 ||| TABLETAS,38957,ME39856/2,FARMAD 1000 UI X 30 TABLETAS RECUBIERTAS,Vitamina D3,TABLETAS,LABORATORIOS FARMA S.A.,https://mav.farmaciasaas.com/api/images/articulos/DISTRIBUCION/96976.jpg,4
MELOXICAM ||| TABLETAS,37642,ME30823/2,CALMOX 15 mg X 10 TABLETAS,Meloxicam,TABLETAS,LABORATORIOS SIEGFRIED S.A.,https://mav.farmaciasaas.com/api/images/articulos/DISTRIBUCION/644.jpg,8
MELOXICAM ||| TABLETAS,37643,ME30823/3,CALMOX 15 mg X 20 TABLETAS,Meloxicam,TABLETAS,LABORATORIOS SIEGFRIED S.A.,https://mav.farmaciasaas.com/api/images/articulos/DISTRIBUCION/24411.jpg,8
MELOXICAM ||| TABLETAS,37644,ME30822,"CALMOX 7,5 mg X 10 TABLETAS",Meloxicam,TABLETAS,LABORATORIOS SIEGFRIED S.A.,https://mav.farmaciasaas.com/api/images/articulos/DISTRIBUCION/643.jpg,8
MELOXICAM ||| TABLETAS,38438,ME33048,MELOXICAM 15 mg X 10 TABLETAS,Meloxicam,TABLETAS,"CALOX INTERNATIONAL, C.A.",https://mav.farmaciasaas.com/api/images/articulos/DISTRIBUCION/23028.jpg,8
MELOXICAM ||| TABLETAS,38439,ME30977,MELOXICAM 15 mg X 10 TABLETAS,Meloxicam,TABLETAS,"LABORATORIOS KIMICEG, C.A.",https://pccentro.net.ve/img/s/2/5/4/9/8/25498-large_default.webp,8
MELOXICAM ||| TABLETAS,38441,ME30976,"MELOXICAM 7,5 mg X 10 TABLETAS",Meloxicam,TABLETAS,"LABORATORIOS KIMICEG, C.A.",https://mav.farmaciasaas.com/api/images/articulos/DISTRIBUCION/1986.jpg,8
MELOXICAM ||| TABLETAS,38514,ME35996,MOVIMEX 15 mg X 10 TABLETAS,Meloxicam,TABLETAS,"LABORATORIOS L.O. OFTALMI, C.A.",https://mav.farmaciasaas.com/api/images/articulos/DISTRIBUCION/90529.jpg,8
MELOXICAM ||| TABLETAS,39295,ME42819,"MELOXICAM 7,5 mg X 10 TABLETAS",Meloxicam,TABLETAS,"LABORATORIOS L.O. OFTALMI, C.A.",https://pccentro.net.ve/img/s/8/5/3/0/8/85308-large_default.webp,8
CANDESARTAN ||| TABLETAS,37651,ME41061/3,CANDER 32 mg X 30 TABLETAS,Candesartan,TABLETAS,"LABORATORIOS VALMOR, C.A.",https://mav.farmaciasaas.com/api/images/articulos/DISTRIBUCION/14972.jpg,9
CANDESARTAN ||| TABLETAS,37652,ME41061/2,CANDER 32 mg X 15 TABLETAS,Candesartan,TABLETAS,"LABORATORIOS VALMOR, C.A.",https://mav.farmaciasaas.com/api/images/articulos/DISTRIBUCION/51481.jpg,9
CANDESARTAN ||| TABLETAS,37653,ME37346/2,CANDER 8 mg X 10 TABLETAS,Candesartan,TABLETAS,"LABORATORIOS VALMOR, C.A.",https://mav.farmaciasaas.com/api/images/articulos/DISTRIBUCION/50515.jpg,9
CANDESARTAN ||| TABLETAS,37654,ME37346/3,CANDER 8 mg X 30 TABLETAS,Candesartan,TABLETAS,"LABORATORIOS VALMOR, C.A.",https://pccentro.net.ve/img/s/8/3/8/3/5/83835-large_default.webp,9
CANDESARTAN ||| TABLETAS,37659,ME35007/3,CANDESARTAN CILEXETIL 16 mg X 28 TABLETAS,Candesartan,TABLETAS,"LABORATORIOS VALMOR, C.A.",https://mav.farmaciasaas.com/api/images/articulos/DISTRIBUCION/53248.jpg,9
CANDESARTAN ||| TABLETAS,37660,ME35007/2,CANDESARTAN CILEXETIL 16 mg X 10 TABLETAS,Candesartan,TABLETAS,"LABORATORIOS VALMOR, C.A.",https://pccentro.net.ve/img/s/2/4/1/9/0/24190-large_default.webp,9
CANDESARTAN ||| TABLETAS,37661,ME35007/4,CANDESARTAN CILEXETIL 16 mg X 30 TABLETAS,Candesartan,TABLETAS,"LABORATORIOS VALMOR, C.A.",https://mav.farmaciasaas.com/api/images/articulos/DISTRIBUCION/51918.jpg,9
CANDESARTAN ||| TABLETAS,37662,ME35006,CANDESARTAN CILEXETIL 8 mg X 28 TABLETAS,Candesartan,TABLETAS,"LABORATORIOS VALMOR, C.A.",https://mav.farmaciasaas.com/api/images/articulos/DISTRIBUCION/27454.jpg,9
CANDESARTAN ||| TABLETAS,37664,ME42861,CANDETIQUE 16 mg X 30 TABLETAS,Candesartan,TABLETAS,"LABORATORIO LA SANTE, C.A.",https://mav.farmaciasaas.com/api/images/articulos/DISTRIBUCION/27011.jpg,9
CANDESARTAN CILEXETILO ||| COMPRIMIDOS,37656,ME43971,CANDESARTAN CILEXETILO 16 mg X 10 COMPRIMIDOS,Candesartan Cilexetilo,COMPRIMIDOS,"LABORATORIOS LETI, S.A.V.",https://mav.farmaciasaas.com/api/images/articulos/DISTRIBUCION/53047.jpg,5
CANDESARTAN CILEXETILO ||| COMPRIMIDOS,37666,ME43829,CANTIP 16 mg X 30 COMPRIMIDOS,Candesartan Cilexetilo,COMPRIMIDOS,INTECH HEALTHCARE,https://mav.farmaciasaas.com/api/images/articulos/DISTRIBUCION/29751.jpg,5
CANDESARTAN CILEXETILO ||| COMPRIMIDOS,37667,ME43828,CANTIP 8 mg X 30 COMPRIMIDOS,Candesartan Cilexetilo,COMPRIMIDOS,INTECH HEALTHCARE,https://pccentro.net.ve/img/s/8/3/8/3/5/83835-large_default.webp,5
CANDESARTAN CILEXETILO ||| COMPRIMIDOS,37849,ME35926,COROPRES 8 mg X 30 COMPRIMIDOS,Candesartan Cilexetilo,COMPRIMIDOS,MEGALABS S.A.,https://mav.farmaciasaas.com/api/images/articulos/DISTRIBUCION/98452.jpg,5
CANDESARTAN CILEXETILO ||| COMPRIMIDOS,39162,ME35927,COROPRES 16 mg COMPRIMIDOS,Candesartan Cilexetilo,COMPRIMIDOS,MEGALABS S.A.,https://mav.farmaciasaas.com/api/images/articulos/DISTRIBUCION/98453.jpg,5
CANDESARTAN ||| COMPRIMIDOS,37657,ME32214/2,CANDESARTAN 8 mg X 10 COMPRIMIDOS,Candesartan,COMPRIMIDOS,"LABORATORIOS LETI, S.A.V.",https://mav.farmaciasaas.com/api/images/articulos/DISTRIBUCION/51789.jpg,3
CANDESARTAN ||| COMPRIMIDOS,37658,ME32214/3,CANDESARTAN 8 mg X 30 COMPRIMIDOS,Candesartan,COMPRIMIDOS,"LABORATORIOS LETI, S.A.V.",https://mav.farmaciasaas.com/api/images/articulos/DISTRIBUCION/14216.jpg,3
CANDESARTAN ||| COMPRIMIDOS,39121,ME42750,CANDESARTAN CILEXETILO 8 mg COMPRIMIDOS,Candesartan,COMPRIMIDOS,"LABORATORIOS SPEFAR VENEZOLANOS, S.A.",https://pccentro.net.ve/img/s/8/3/8/3/5/83835-large_default.webp,3
CAPTOPRIL ||| COMPRIMIDOS,37669,ME25978/3,CAPTOPRIL 25 mg X 30 COMPRIMIDOS,Captopril,COMPRIMIDOS,"LABORATORIOS LETI, S.A.V.",https://mav.farmaciasaas.com/api/images/articulos/DISTRIBUCION/97972.jpg,2
CAPTOPRIL ||| COMPRIMIDOS,37670,ME25978/2,CAPTOPRIL 25 mg X 20 COMPRIMIDOS,Captopril,COMPRIMIDOS,"LABORATORIOS LETI, S.A.V.",https://mav.farmaciasaas.com/api/images/articulos/DISTRIBUCION/2719.jpg,2
CAPTOPRIL ||| TABLETAS,37671,ME25738/2,CAPTOPRIL 25 mg X 20 TABLETAS,Captopril,TABLETAS,"CALOX INTERNATIONAL, C.A.",https://pccentro.net.ve/img/s/5/2/6/4/3/52643-large_default.webp,5
CAPTOPRIL ||| TABLETAS,37672,ME25738/3,CAPTOPRIL 25 mg X 30 TABLETAS,Captopril,TABLETAS,"CALOX INTERNATIONAL, C.A.",https://mav.farmaciasaas.com/api/images/articulos/DISTRIBUCION/99739.jpg,5
CAPTOPRIL ||| TABLETAS,37673,ME25737,CAPTOPRIL 50 mg X 30 TABLETAS,Captopril,TABLETAS,"CALOX INTERNATIONAL, C.A.",https://mav.farmaciasaas.com/api/images/articulos/DISTRIBUCION/99741.jpg,5
CAPTOPRIL ||| TABLETAS,39122,ME28953/3,CAPTOPRIL 25 mg X 30 TABLETAS,Captopril,TABLETAS,"LABORATORIOS KIMICEG, C.A.",https://pccentro.net.ve/img/s/5/2/6/4/3/52643-large_default.webp,5
CAPTOPRIL ||| TABLETAS,39123,ME28953/2,CAPTOPRIL 25 mg X 20 TABLETAS,Captopril,TABLETAS,"LABORATORIOS KIMICEG, C.A.",https://pccentro.net.ve/img/s/5/2/6/4/3/52643-large_default.webp,5
CARBAMAZEPINA ||| COMPRIMIDOS,37674,ME27075,CARBAMAZEPINA 200 mg X 30 COMPRIMIDOS,Carbamazepina,COMPRIMIDOS,"LABORATORIOS LETI, S.A.V.",https://mav.farmaciasaas.com/api/images/articulos/DISTRIBUCION/99338.jpg,6
CARBAMAZEPINA ||| COMPRIMIDOS,37675,ME24815/4,CARBAMAZEPINA 200 mg X 30 COMPRIMIDOS,Carbamazepina,COMPRIMIDOS,"LABORATORIOS VALMOR, C.A.",https://mav.farmaciasaas.com/api/images/articulos/DISTRIBUCION/51392.jpg,6
CARBAMAZEPINA ||| COMPRIMIDOS,37676,ME24815/2,CARBAMAZEPINA 200 mg X 10 COMPRIMIDOS,Carbamazepina,COMPRIMIDOS,"LABORATORIOS VALMOR, C.A.",https://mav.farmaciasaas.com/api/images/articulos/DISTRIBUCION/52560.jpg,6
CARBAMAZEPINA ||| COMPRIMIDOS,37677,ME24815/3,CARBAMAZEPINA 200 mg X 20 COMPRIMIDOS,Carbamazepina,COMPRIMIDOS,"LABORATORIOS VALMOR, C.A.",https://mav.farmaciasaas.com/api/images/articulos/DISTRIBUCION/20947.jpg,6
CARBAMAZEPINA ||| COMPRIMIDOS,38149,ME20787,GABOX 200 mg X 20 COMPRIMIDOS,Carbamazepina,COMPRIMIDOS,C.A. PRODUCTOS RONAVA,https://mav.farmaciasaas.com/api/images/articulos/DISTRIBUCION/6134.jpg,6
CARBAMAZEPINA ||| COMPRIMIDOS,39124,ME36838,CARBAMAZEPINA 200 mg COMPRIMIDOS RECUBIERTOS DE LIBERACION CONTROLADA,Carbamazepina,COMPRIMIDOS,"LABORATORIOS LETI, S.A.V.",https://pccentro.net.ve/img/s/7/8/6/4/2/78642-large_default.webp,6
CARBAMAZEPINA ||| TABLETAS,37678,ME28957,CARBAMAZEPINA 200 mg X 30 TABLETAS,Carbamazepina,TABLETAS,ESPROMED BIO C.A.,https://mav.farmaciasaas.com/api/images/articulos/DISTRIBUCION/20705.jpg,3
CARBAMAZEPINA ||| TABLETAS,37679,ME43783,CARBAMAZEPINA 200 mg X 30 TABLETAS,Carbamazepina,TABLETAS,"JIANGXI SYNERGY PHARMACEUTICAL CO., LTD",https://pccentro.net.ve/img/s/7/8/6/4/2/78642-large_default.webp,3
CARBAMAZEPINA ||| TABLETAS,37680,ME43998,CARBAMAZEPINA 400 mg X 30 TABLETAS,Carbamazepina,TABLETAS,BRAWN LABORATORIES LIMITED,https://mav.farmaciasaas.com/api/images/articulos/DISTRIBUCION/28515.jpg,3
CARVEDILOL ||| TABLETAS,37681,ME33422/3,"CARBATIL 12,5 mg X 30 TABLETAS",Carvedilol,TABLETAS,"BIOTECH LABORATORIOS, C.A.",https://mav.farmaciasaas.com/api/images/articulos/DISTRIBUCION/6143.jpg,18
CARVEDILOL ||| TABLETAS,37682,ME33422/2,"CARBATIL 12,5 mg X 10 TABLETAS",Carvedilol,TABLETAS,"BIOTECH LABORATORIOS, C.A.",https://pccentro.net.ve/img/s/8/3/8/7/5/83875-large_default.webp,18
CARVEDILOL ||| TABLETAS,37683,ME33523,"CARBATIL 6,25 mg X 30 TABLETAS",Carvedilol,TABLETAS,"BIOTECH LABORATORIOS, C.A.",https://mav.farmaciasaas.com/api/images/articulos/DISTRIBUCION/6142.jpg,18
CARVEDILOL ||| TABLETAS,37689,ME33780,"CARVEDIL 12,5 mg X 30 TABLETAS RECUBIERTAS",Carvedilol,TABLETAS,MACLEODS PHARMACEUTICALS LTD,https://mav.farmaciasaas.com/api/images/articulos/DISTRIBUCION/94090.jpg,18
CARVEDILOL ||| TABLETAS,37690,ME33806,"CARVEDIL 6,25 mg X 30 TABLETAS RECUBIERTAS",Carvedilol,TABLETAS,MACLEODS PHARMACEUTICALS LTD,https://pccentro.net.ve/img/s/3/3/1/0/4/33104-large_default.webp,18
CARVEDILOL ||| TABLETAS,37692,ME38916/3,"CARVEDILOL 6,5mg X 15 TABLETAS",Carvedilol,TABLETAS,"OKASA PHARMA,PVT,LTDA.",,18
CARVEDILOL ||| TABLETAS,37693,ME38916/6,"CARVEDILOL 6,5mg X 30 TABLETAS",Carvedilol,TABLETAS,"OKASA PHARMA,PVT,LTDA.",,18
CARVEDILOL ||| TABLETAS,37694,ME38916/4,"CARVEDILOL 6,5mg X 20 TABLETAS",Carvedilol,TABLETAS,"OKASA PHARMA,PVT,LTDA.",,18
CARVEDILOL ||| TABLETAS,37695,ME38916/2,"CARVEDILOL 6,5mg X 14 TABLETAS",Carvedilol,TABLETAS,"OKASA PHARMA,PVT,LTDA.",,18
CARVEDILOL ||| TABLETAS,37696,ME38916/5,"CARVEDILOL 6,5mg X 28 TABLETAS",Carvedilol,TABLETAS,"OKASA PHARMA,PVT,LTDA.",,18
CARVEDILOL ||| TABLETAS,37699,ME35572/3,"CARVEDILOL 6,25 mg X 30 TABLETAS RECUBIERTAS",Carvedilol,TABLETAS,"LABORATORIOS KIMICEG, C.A.",https://mav.farmaciasaas.com/api/images/articulos/DISTRIBUCION/98456.jpg,18
CARVEDILOL ||| TABLETAS,37700,ME35572/2,"CARVEDILOL 6,25 mg X 20 TABLETAS RECUBIERTAS",Carvedilol,TABLETAS,"LABORATORIOS KIMICEG, C.A.",https://mav.farmaciasaas.com/api/images/articulos/DISTRIBUCION/9486.jpg,18
CARVEDILOL ||| TABLETAS,37701,ME36321/2,CARVEDILOL 25 mg X 14 TABLETAS RECUBIERTAS,Carvedilol,TABLETAS,"CALOX INTERNATIONAL, C.A.",https://pccentro.net.ve/img/s/8/3/8/7/9/83879-large_default.webp,18
CARVEDILOL ||| TABLETAS,37702,ME36321/3,CARVEDILOL 25 mg X 28 TABLETAS RECUBIERTAS,Carvedilol,TABLETAS,"CALOX INTERNATIONAL, C.A.",https://mav.farmaciasaas.com/api/images/articulos/DISTRIBUCION/30061.jpg,18
CARVEDILOL ||| TABLETAS,37921,ME44533,Dicarvex 25mg X 30 Tabletas,Carvedilol,TABLETAS,"LABORATORIO PLUSANDEX DE FARMACEUTICOS UNIDOS, PLUSANDEX, C.A.",https://pccentro.net.ve/img/s/8/3/8/7/9/83879-large_default.webp,18
CARVEDILOL ||| TABLETAS,39128,ME35571/2,"CARVEDILOL 12,5 mg X 20 TABLETAS RECUBIERTAS",Carvedilol,TABLETAS,"LABORATORIOS KIMICEG, C.A.",https://mav.farmaciasaas.com/api/images/articulos/DISTRIBUCION/24657.jpg,18
CARVEDILOL ||| TABLETAS,39129,ME35571/3,"CARVEDILOL 12,5 mg X 30 TABLETAS RECUBIERTAS",Carvedilol,TABLETAS,"LABORATORIOS KIMICEG, C.A.",https://pccentro.net.ve/img/s/8/3/8/7/5/83875-large_default.webp,18
CARVEDILOL ||| TABLETAS,39130,ME40369,CARVEDILOL 25 mg X 20 TABLETAS RECUBIERTAS,Carvedilol,TABLETAS,"LABORATORIOS KIMICEG, C.A.",https://mav.farmaciasaas.com/api/images/articulos/DISTRIBUCION/24436.jpg,18
LITIO ||| CAPSULAS,37684,ME32430,CARBONATO DE LITIO 300 mg X 20 CAPSULAS,Litio,CAPSULAS,"BIOTECH LABORATORIOS, C.A.",https://mav.farmaciasaas.com/api/images/articulos/DISTRIBUCION/4553.jpg,2
LITIO ||| CAPSULAS,37685,ME1642,CARBONATO DE LITIO 300 mg X 20 CAPSULAS,Litio,CAPSULAS,"INDUSTRIAS DE MEDICAMENTOS GENERICOS R.X., C.A.",https://pccentro.net.ve/img/s/7/2/5/9/3/72593-large_default.webp,2
CARVEDILOL ||| COMPRIMIDOS,37691,ME31747,"CARVEDILOL 12,5 mg X 30 COMPRIMIDOS",Carvedilol,COMPRIMIDOS,"LABORATORIOS LETI, S.A.V.",https://mav.farmaciasaas.com/api/images/articulos/DISTRIBUCION/24421.jpg,11
CARVEDILOL ||| COMPRIMIDOS,37697,ME31748/3,CARVEDILOL 25 mg X 30 COMPRIMIDOS,Carvedilol,COMPRIMIDOS,"LABORATORIOS LETI, S.A.V.",https://mav.farmaciasaas.com/api/images/articulos/DISTRIBUCION/53573.jpg,11
CARVEDILOL ||| COMPRIMIDOS,37698,ME31748/2,CARVEDILOL 25 mg X 15 COMPRIMIDOS,Carvedilol,COMPRIMIDOS,"LABORATORIOS LETI, S.A.V.",https://pccentro.net.ve/img/s/8/3/8/7/9/83879-large_default.webp,11
CARVEDILOL ||| COMPRIMIDOS,37851,ME31743,"COVENTROL 6,25 mg X 30 COMPRIMIDOS",Carvedilol,COMPRIMIDOS,"LABORATORIOS LETI, S.A.V.",https://mav.farmaciasaas.com/api/images/articulos/DISTRIBUCION/99167.jpg,11
CARVEDILOL ||| COMPRIMIDOS,37855,ME35933/2,"CURPINOL 6,25 mg X 10 COMPRIMIDOS",Carvedilol,COMPRIMIDOS,MEGALABS S.A.,https://mav.farmaciasaas.com/api/images/articulos/DISTRIBUCION/26063.jpg,11
CARVEDILOL ||| COMPRIMIDOS,37856,ME35933/3,"CURPINOL 6,25 mg X 30 COMPRIMIDOS",Carvedilol,COMPRIMIDOS,MEGALABS S.A.,https://mav.farmaciasaas.com/api/images/articulos/DISTRIBUCION/92400.jpg,11
CARVEDILOL ||| COMPRIMIDOS,39131,ME36805,"CARVEDILOL 6,25 mg COMPRIMIDOS",Carvedilol,COMPRIMIDOS,"LABORATORIOS LETI, S.A.V.",https://mav.farmaciasaas.com/api/images/articulos/DISTRIBUCION/25528.jpg,11
CARVEDILOL ||| COMPRIMIDOS,39132,ME36892,"CARVEDILOL 6,25 mg COMPRIMIDOS",Carvedilol,COMPRIMIDOS,"LABORATORIOS SPEFAR VENEZOLANOS, S.A.",https://pccentro.net.ve/img/s/3/3/1/0/4/33104-large_default.webp,11
CARVEDILOL ||| COMPRIMIDOS,39164,ME31744,"COVENTROL 12,5 mg COMPRIMIDOS",Carvedilol,COMPRIMIDOS,"LABORATORIOS LETI, S.A.V.",https://pccentro.net.ve/img/s/8/3/8/7/5/83875-large_default.webp,11
CARVEDILOL ||| COMPRIMIDOS,39167,ME36263,"CURPINOL 12,5 mg COMPRIMIDOS",Carvedilol,COMPRIMIDOS,MEGALABS S.A.,https://mav.farmaciasaas.com/api/images/articulos/DISTRIBUCION/92399.jpg,11
CARVEDILOL ||| COMPRIMIDOS,39168,ME36264,CURPINOL 25 mg COMPRIMIDOS,Carvedilol,COMPRIMIDOS,MEGALABS S.A.,https://mav.farmaciasaas.com/api/images/articulos/DISTRIBUCION/92398.jpg,11
CEFADROXILO ||| CAPSULAS,37705,ME27532,CEFADROXILO 500 mg X 10 CAPSULAS,Cefadroxilo,CAPSULAS,SYNTOFARMA S.A.,https://mav.farmaciasaas.com/api/images/articulos/DISTRIBUCION/23703.jpg,4
CEFADROXILO ||| CAPSULAS,37706,ME28103,CEFADROXILO 500 mg X 10 CAPSULAS,Cefadroxilo,CAPSULAS,"LABORATORIOS LETI, S.A.V.",https://mav.farmaciasaas.com/api/images/articulos/DISTRIBUCION/22822.jpg,4
CEFADROXILO ||| CAPSULAS,37716,ME27816,CEFONAX 500 mg X 16 CAPSULAS,Cefadroxilo,CAPSULAS,SYNTOFARMA S.A.,https://mav.farmaciasaas.com/api/images/articulos/DISTRIBUCION/11648.jpg,4
CEFADROXILO ||| CAPSULAS,37718,ME43917,CEFOTAS 500 mg X 20 CAPSULAS,Cefadroxilo,CAPSULAS,SYNTOFARMA S.A.,,4
CEFADROXILO ||| POLVO PARA RECONSTITUCION,37707,ME31345,CEFADROXILO 250 mg / 5 mL POLVO PARA SUSPENSION ORAL,Cefadroxilo,POLVO PARA RECONSTITUCION,SYNTOFARMA S.A.,https://mav.farmaciasaas.com/api/images/articulos/DISTRIBUCION/3546.jpg,2
CEFADROXILO ||| POLVO PARA RECONSTITUCION,39452,ME44040,CEFOTAS 250 mg / 5 mL POLVO PARA SUSPENSION ORAL,Cefadroxilo,POLVO PARA RECONSTITUCION,SYNTOFARMA S.A.,,2
CEFIXIMA ||| CAPSULAS,37712,ME40533,CEFIXIMA 400 mg X 5 CAPSULAS,Cefixima,CAPSULAS,"LABORATORIOS LETI, S.A.V.",https://mav.farmaciasaas.com/api/images/articulos/DISTRIBUCION/29896.jpg,2
CEFIXIMA ||| CAPSULAS,38374,ME39217,LONGACEF 400 mg X 5 CAPSULAS,Cefixima,CAPSULAS,"LABORATORIOS LETI, S.A.V.",https://mav.farmaciasaas.com/api/images/articulos/DISTRIBUCION/98377.jpg,2
CEFIXIMA ||| POLVO PARA RECONSTITUCION,37713,ME40063,CEFIXIMA 100 mg / 5 mL POLVO PARA SUSPENSION ORAL,Cefixima,POLVO PARA RECONSTITUCION,"LABORATORIOS LETI, S.A.V.",https://mav.farmaciasaas.com/api/images/articulos/DISTRIBUCION/21785.jpg,2
CEFIXIMA ||| POLVO PARA RECONSTITUCION,38375,ME27475,LONGACEF 100 mg / 5 mL POLVO PARA SUSPENSION,Cefixima,POLVO PARA RECONSTITUCION,"LABORATORIOS LETI, S.A.V.",,2
CEFIXIMA ||| TABLETAS,37714,ME44329,CEFIXIMA 400 mg X 5 TABLETAS RECUBIERTAS,Cefixima,TABLETAS,"CALOX INTERNATIONAL, C.A.",,2
CEFIXIMA ||| TABLETAS,37715,ME44129,CEFIXIMA 400 mg X 10 TABLETAS DISPERSABLES,Cefixima,TABLETAS,BAROQUE PHARMACEUTICALS PVT. LTD.,,2
CETIRIZINA ||| SOLUCION ORAL,37721,ME38332,CELAY 5 mg / 5 mL SOLUCION ORAL,Cetirizina,SOLUCION ORAL,"LABORATORIO COFASA, S.A.",https://mav.farmaciasaas.com/api/images/articulos/DISTRIBUCION/96253.jpg,12
CETIRIZINA ||| SOLUCION ORAL,37724,ME43858,CETERIX 5 mg / 5 mL SOLUCIÓN ORAL,Cetirizina,SOLUCION ORAL,MEGALABS S.A.,https://mav.farmaciasaas.com/api/images/articulos/DISTRIBUCION/53603.jpg,12
CETIRIZINA ||| SOLUCION ORAL,37725,ME44376,CETIDEX 5 mg / 5 mL SOLUCIÓN ORAL,Cetirizina,SOLUCION ORAL,"LABORATORIO PLUSANDEX DE FARMACEUTICOS UNIDOS, PLUSANDEX, C.A.",https://mav.farmaciasaas.com/api/images/articulos/DISTRIBUCION/54330.jpg,12
CETIRIZINA ||| SOLUCION ORAL,37729,ME32490,CETIRIZINA 1 mg / mL SOLUCION ORAL,Cetirizina,SOLUCION ORAL,"LABORATORIOS KIMICEG, C.A.",https://pccentro.net.ve/img/s/8/0/1/1/4/80114-large_default.webp,12
CETIRIZINA ||| SOLUCION ORAL,37730,ME44603,CETIRIZINA 5 mg/ 5ml   Solucion Oral    ,Cetirizina,SOLUCION ORAL,ANTILA LIFESCIENCES PVT. LTD. (GANDHINAGAR),https://mav.farmaciasaas.com/api/images/articulos/DISTRIBUCION/2328.jpg,12
CETIRIZINA ||| SOLUCION ORAL,37732,ME29123,CETRAL 10 mg / mL SOLUCION ORAL,Cetirizina,SOLUCION ORAL,LABORATORIOS SIEGFRIED S.A.,https://mav.farmaciasaas.com/api/images/articulos/DISTRIBUCION/645.jpg,12
CETIRIZINA ||| SOLUCION ORAL,38836,ME29348,TALZIC 10 mg / mL SOLUCION ORAL,Cetirizina,SOLUCION ORAL,"LABORATORIOS ELMOR, S.A.",https://mav.farmaciasaas.com/api/images/articulos/DISTRIBUCION/10891.jpg,12
CETIRIZINA ||| SOLUCION ORAL,38837,ME32457,TALZIC 1 mg / mL SOLUCION ORAL,Cetirizina,SOLUCION ORAL,"LABORATORIOS ELMOR, S.A.",https://mav.farmaciasaas.com/api/images/articulos/DISTRIBUCION/3978.jpg,12
CETIRIZINA ||| SOLUCION ORAL,39134,ME36608,CETIRIZINA CLORHIDRATO 10 mg / mL SOLUCION ORAL GOTAS,Cetirizina,SOLUCION ORAL,"LABORATORIOS SPEFAR VENEZOLANOS, S.A.",https://pccentro.net.ve/img/s/7/5/2/4/3/75243-large_default.webp,12
CETIRIZINA ||| SOLUCION ORAL,39135,ME31589,CETIRIZINA 1 mg / mL SOLUCION ORAL,Cetirizina,SOLUCION ORAL,"LABORATORIOS LETI, S.A.V.",https://mav.farmaciasaas.com/api/images/articulos/DISTRIBUCION/1861.jpg,12
CETIRIZINA ||| SOLUCION ORAL,39137,ME32977,CETRAL 5 mg / 5 mL SOLUCION ORAL,Cetirizina,SOLUCION ORAL,LABORATORIOS SIEGFRIED S.A.,https://mav.farmaciasaas.com/api/images/articulos/DISTRIBUCION/3876.jpg,12
CETIRIZINA ||| SOLUCION ORAL,39587,ME33286,TALERC 10 mg / mL SOLUCION ORAL,Cetirizina,SOLUCION ORAL,"ESPECIALIDADES DOLLDER, C.A.",https://mav.farmaciasaas.com/api/images/articulos/DISTRIBUCION/8537.jpg,12
CETIRIZINA ||| TABLETAS,37726,ME31148,CETIRIZINA DICLORHIDRATO 10 mg X 10 TABLETAS RECUBIERTAS,Cetirizina,TABLETAS,"CALOX INTERNATIONAL, C.A.",https://mav.farmaciasaas.com/api/images/articulos/DISTRIBUCION/1505.jpg,3
CETIRIZINA ||| TABLETAS,37727,ME42717,CETIRIZINA CLORHIDRATO 10 mg X 10 TABLETAS RECUBIERTAS,Cetirizina,TABLETAS,CADILA PHARMACEUTICALS LIMITED,https://mav.farmaciasaas.com/api/images/articulos/DISTRIBUCION/53255.jpg,3
CETIRIZINA ||| TABLETAS,37733,ME29095,CETRAL 10 mg X 10 TABLETAS,Cetirizina,TABLETAS,LABORATORIOS SIEGFRIED S.A.,https://mav.farmaciasaas.com/api/images/articulos/DISTRIBUCION/626.jpg,3
CETIRIZINA ||| COMPRIMIDOS,37728,ME27761,CETIRIZINA 10 mg X 10 COMPRIMIDOS RECUBIERTOS,Cetirizina,COMPRIMIDOS,"LABORATORIOS LETI, S.A.V.",https://mav.farmaciasaas.com/api/images/articulos/DISTRIBUCION/11497.jpg,5
CETIRIZINA ||| COMPRIMIDOS,38832,ME32057,TALERC 10 mg X 10 COMPRIMIDOS,Cetirizina,COMPRIMIDOS,"ESPECIALIDADES DOLLDER, C.A.",https://mav.farmaciasaas.com/api/images/articulos/DISTRIBUCION/8473.jpg,5
CETIRIZINA ||| COMPRIMIDOS,38835,ME28274,TALZIC 10 mg X 10 COMPRIMIDOS RECUBIERTOS,Cetirizina,COMPRIMIDOS,"LABORATORIOS ELMOR, S.A.",https://mav.farmaciasaas.com/api/images/articulos/DISTRIBUCION/10310.jpg,5
CETIRIZINA ||| COMPRIMIDOS,39006,ME25566,ZYRTEC 10 mg X 20 COMPRIMIDOS RECUBIERTOS,Cetirizina,COMPRIMIDOS,"UCB FARCHIM, S.A.",https://mav.farmaciasaas.com/api/images/articulos/DISTRIBUCION/28894.jpg,5
CETIRIZINA ||| COMPRIMIDOS,39133,ME43851,CETERIX 10 mg COMPRIMIDOS,Cetirizina,COMPRIMIDOS,MEGALABS S.A.,https://pccentro.net.ve/img/s/9/5/9/5/2/95952-large_default.webp,5
TADALAFILO ||| COMPRIMIDOS,37736,ME33112,CIALIS 20 mg X 1 COMPRIMIDOS RECUBIERTOS,Tadalafilo,COMPRIMIDOS,"LILLY DEL CARIBE, INC.",https://mav.farmaciasaas.com/api/images/articulos/DISTRIBUCION/3344.jpg,5
TADALAFILO ||| COMPRIMIDOS,38829,ME41780,TADIFIL 5 mg X 30 COMPRIMIDOS RECUBIERTOS,Tadalafilo,COMPRIMIDOS,MEGALABS S.A.,https://mav.farmaciasaas.com/api/images/articulos/DISTRIBUCION/16883.jpg,5
TADALAFILO ||| COMPRIMIDOS,38830,ME38637/2,TADIFIL 20 mg X 1 COMPRIMIDOS RECUBIERTOS,Tadalafilo,COMPRIMIDOS,MEGALABS S.A.,https://mav.farmaciasaas.com/api/images/articulos/DISTRIBUCION/99201.jpg,5
TADALAFILO ||| COMPRIMIDOS,38831,ME38637/3,TADIFIL 20 mg X 2 COMPRIMIDOS RECUBIERTOS,Tadalafilo,COMPRIMIDOS,MEGALABS S.A.,https://mav.farmaciasaas.com/api/images/articulos/DISTRIBUCION/99199.jpg,5
TADALAFILO ||| COMPRIMIDOS,39382,ME42125,TADALAFILO 5 mg COMPRIMIDOS RECUBIERTOS,Tadalafilo,COMPRIMIDOS,"LABORATORIOS LETI, S.A.V.",https://mav.farmaciasaas.com/api/images/articulos/DISTRIBUCION/50485.jpg,5
CITICOLINA ||| INYECTABLE,37737,HO41522/2,CIATAL 500 mg / 2 mL X 1 AMPOLLAS,Citicolina,INYECTABLE,ROEMMERS S.A.I.C.F,https://mav.farmaciasaas.com/api/images/articulos/DISTRIBUCION/51327.jpg,3
CITICOLINA ||| INYECTABLE,37738,HO41522/3,CIATAL 500 mg / 2 mL X 9 AMPOLLAS,Citicolina,INYECTABLE,ROEMMERS S.A.I.C.F,https://mav.farmaciasaas.com/api/images/articulos/DISTRIBUCION/25233.jpg,3
CITICOLINA ||| INYECTABLE,38805,HO33901,SOMAZINA 1000 mg / 4 mL X 5 AMPOLLAS,Citicolina,INYECTABLE,"LABORATORIOS LETI, S.A.V.",https://pccentro.net.ve/img/s/6/9/8/8/3/69883-large_default.webp,3
TRANEXAMICO ACIDO ||| INYECTABLE,37740,HO36631,CICLOKAN 500 mg / 5 mL X 1 AMPOLLAS,Tranexamico Acido,INYECTABLE,MEGALABS S.A.,https://mav.farmaciasaas.com/api/images/articulos/DISTRIBUCION/94107.jpg,3
TRANEXAMICO ACIDO ||| INYECTABLE,38982,HO41121/2,XANEXTRA 500 mg / 5 mL X 1 AMPOLLAS,Tranexamico Acido,INYECTABLE,SWISS PARENTERALS LTD,https://pccentro.net.ve/img/s/3/0/6/1/1/30611-large_default.webp,3
TRANEXAMICO ACIDO ||| INYECTABLE,38983,HO41121/3,XANEXTRA 500 mg / 5 mL X 21 AMPOLLAS,Tranexamico Acido,INYECTABLE,SWISS PARENTERALS LTD,https://mav.farmaciasaas.com/api/images/articulos/DISTRIBUCION/29029.jpg,3
CILOSTAZOL ||| TABLETAS,37744,ME43391,CILOSTAZOL 50 mg X 30 TABLETAS RECUBIERTAS,Cilostazol,TABLETAS,RONALD PHARMACEUTICALS PVT. LTD.,https://mav.farmaciasaas.com/api/images/articulos/DISTRIBUCION/25678.jpg,6
CILOSTAZOL ||| TABLETAS,37745,ME42967,CILOSTAZOL 100 mg X 30 TABLETAS,Cilostazol,TABLETAS,WEST-COAST PHARMACEUTICAL WORKS LTD,https://mav.farmaciasaas.com/api/images/articulos/DISTRIBUCION/52907.jpg,6
CILOSTAZOL ||| TABLETAS,38761,ME43810,SADOXOL 50 mg X 30 TABLETAS,Cilostazol,TABLETAS,LABORATORIOS SIEGFRIED S.A.,https://mav.farmaciasaas.com/api/images/articulos/DISTRIBUCION/54369.jpg,6
CILOSTAZOL ||| TABLETAS,38788,ME43900,SIDAZOL 100 mg X 30 TABLETAS,Cilostazol,TABLETAS,"LABORATORIO COFASA, S.A.",https://mav.farmaciasaas.com/api/images/articulos/DISTRIBUCION/53221.jpg,6
CILOSTAZOL ||| TABLETAS,38789,ME43899,SIDAZOL 50 mg X 30 TABLETAS,Cilostazol,TABLETAS,"LABORATORIO COFASA, S.A.",https://mav.farmaciasaas.com/api/images/articulos/DISTRIBUCION/53222.jpg,6
CILOSTAZOL ||| TABLETAS,39454,ME38185,CILOSTAL 100 mg X 30 TABLETAS,Cilostazol,TABLETAS,ALTEA FARMACEUTICA S.A.,https://pccentro.net.ve/img/s/8/5/6/6/0/85660-large_default.webp,6
CINNARIZINA ||| CAPSULAS,37746,ME24520,CINAREN 75 mg X 20 CAPSULAS,Cinnarizina,CAPSULAS,"ESPECIALIDADES DOLLDER, C.A.",https://mav.farmaciasaas.com/api/images/articulos/DISTRIBUCION/7434.jpg,2
CINNARIZINA ||| CAPSULAS,37748,ME35819,CINNARIZINA 75 mg X 10 CAPSULAS,Cinnarizina,CAPSULAS,"CALOX INTERNATIONAL, C.A.",https://mav.farmaciasaas.com/api/images/articulos/DISTRIBUCION/90809.jpg,2
CIPROFLOXACINO ||| TABLETAS,37761,ME42422,CIPROFLOXACINO 500 mg X 10 TABLETAS RECUBIERTAS,Ciprofloxacino,TABLETAS,SWISS PARENTERALS LTD,https://mav.farmaciasaas.com/api/images/articulos/DISTRIBUCION/50785.jpg,5
CIPROFLOXACINO ||| TABLETAS,37857,ME27157/2,CYPRAL 500 mg X 14 TABLETAS RECUBIERTAS,Ciprofloxacino,TABLETAS,LABORATORIOS SIEGFRIED S.A.,https://mav.farmaciasaas.com/api/images/articulos/DISTRIBUCION/3660.jpg,5
CIPROFLOXACINO ||| TABLETAS,37858,ME27157/3,CYPRAL 500 mg X 20 TABLETAS RECUBIERTAS,Ciprofloxacino,TABLETAS,LABORATORIOS SIEGFRIED S.A.,https://mav.farmaciasaas.com/api/images/articulos/DISTRIBUCION/92798.jpg,5
CIPROFLOXACINO ||| TABLETAS,37859,ME27452,CYPRAL 750 mg X 6 TABLETAS RECUBIERTAS,Ciprofloxacino,TABLETAS,LABORATORIOS SIEGFRIED S.A.,https://mav.farmaciasaas.com/api/images/articulos/DISTRIBUCION/11353.jpg,5
CIPROFLOXACINO ||| TABLETAS,38252,ME44404,IPROXIN 750 mg X 10 TABLETAS RECUBIERTAS,Ciprofloxacino,TABLETAS,"LABORATORIO PLUSANDEX DE FARMACEUTICOS UNIDOS, PLUSANDEX, C.A.",https://mav.farmaciasaas.com/api/images/articulos/DISTRIBUCION/54333.jpg,5
CITICOLINA ||| TABLETAS,37764,ME41565/2,CITICOLINA 500 mg X 10 TABLETAS RECUBIERTAS,Citicolina,TABLETAS,"CALOX INTERNATIONAL, C.A.",https://mav.farmaciasaas.com/api/images/articulos/DISTRIBUCION/9109.jpg,2
CITICOLINA ||| TABLETAS,37765,ME41565/3,CITICOLINA 500 mg X 30 TABLETAS RECUBIERTAS,Citicolina,TABLETAS,"CALOX INTERNATIONAL, C.A.",https://mav.farmaciasaas.com/api/images/articulos/DISTRIBUCION/22770.jpg,2
CLARITROMICINA ||| TABLETAS,37770,ME31140,CLARITROMICINA 500 mg X 10 TABLETAS RECUBIERTAS,Claritromicina,TABLETAS,"CALOX INTERNATIONAL, C.A.",https://mav.farmaciasaas.com/api/images/articulos/DISTRIBUCION/1501.jpg,2
CLARITROMICINA ||| TABLETAS,38743,ME42436,RITROMI 500 mg X 10 TABLETAS RECUBIERTAS,Claritromicina,TABLETAS,MEGALABS S.A.,https://mav.farmaciasaas.com/api/images/articulos/DISTRIBUCION/29497.jpg,2
BENZOILO PEROXIDO ||| GEL,37781,ME41052,CLINAC  1 % - 5 % GEL,Benzoilo Peroxido,GEL,ARBOFARMA S.A.S.,https://pccentro.net.ve/img/s/7/3/9/8/1/73981-large_default.webp,2
BENZOILO PEROXIDO ||| GEL,38656,ME42593,"PEROXIDO DE BENZOILO 2,5 % GEL",Benzoilo Peroxido,GEL,AUROCHEM LABORATORIES (INDIA) PVT. LTD.,https://mav.farmaciasaas.com/api/images/articulos/DISTRIBUCION/21563.jpg,2
CLINDAMICINA ||| INYECTABLE,37782,HO27704,CLINDAMICINA 600 mg / 4 mL X 1 AMPOLLAS,Clindamicina,INYECTABLE,"LABORATORIOS LETI, S.A.V.",https://mav.farmaciasaas.com/api/images/articulos/DISTRIBUCION/5821.jpg,2
CLINDAMICINA ||| INYECTABLE,39145,HO36380,CLINDOX - D 12 mg / mL SOLUCION INYECTABLE PARA INFUSION INTRAVENOSA,Clindamicina,INYECTABLE,"LABORATORIO BEHRENS, C.A.",,2
CLINDAMICINA ||| CAPSULAS,37783,ME44654,CLINDAMICINA 300 mg X 16 CAPSULAS,Clindamicina,CAPSULAS,"ANMOL HEALTHCARE LABORATORY PVT, LTD",,3
CLINDAMICINA ||| CAPSULAS,37784,ME31466,CLINDAMICINA 300 mg X 20 CAPSULAS,Clindamicina,CAPSULAS,"LABORATORIO LA SANTE, C.A.",,3
CLINDAMICINA ||| CAPSULAS,39144,ME42557,CLINDAMICINA 300 mg X 16 CAPSULAS,Clindamicina,CAPSULAS,"LABORATORIOS SPEFAR VENEZOLANOS, S.A.",,3
CLONAZEPAM ||| COMPRIMIDOS,37789,ME33200,"CLONATRIL 0,5 mg X 30 COMPRIMIDOS",Clonazepam,COMPRIMIDOS,MEGALABS S.A.,https://pccentro.net.ve/img/s/9/5/1/2/0/95120-large_default.webp,3
CLONAZEPAM ||| COMPRIMIDOS,37790,ME42084,CLONATRIL 1 mg X 30 COMPRIMIDOS,Clonazepam,COMPRIMIDOS,MEGALABS S.A.,https://mav.farmaciasaas.com/api/images/articulos/DISTRIBUCION/20153.jpg,3
CLONAZEPAM ||| COMPRIMIDOS,37791,ME33201,CLONATRIL 2 mg X 30 COMPRIMIDOS,Clonazepam,COMPRIMIDOS,MEGALABS S.A.,https://mav.farmaciasaas.com/api/images/articulos/DISTRIBUCION/6642.jpg,3
CLONAZEPAM ||| TABLETAS,37792,ME38584,"CLONAZEPAM 0,5 mg X 30 TABLETAS",Clonazepam,TABLETAS,"CALOX INTERNATIONAL, C.A.",https://mav.farmaciasaas.com/api/images/articulos/DISTRIBUCION/98445.jpg,4
CLONAZEPAM ||| TABLETAS,37793,ME38585,CLONAZEPAM 2 mg X 30 TABLETAS,Clonazepam,TABLETAS,"CALOX INTERNATIONAL, C.A.",https://mav.farmaciasaas.com/api/images/articulos/DISTRIBUCION/98444.jpg,4
CLONAZEPAM ||| TABLETAS,37798,ME40816,"CLONZEP 0,5 mg X 30 TABLETAS",Clonazepam,TABLETAS,"LABORATORIOS VALMOR, C.A.",https://mav.farmaciasaas.com/api/images/articulos/DISTRIBUCION/13114.jpg,4
CLONAZEPAM ||| TABLETAS,37799,ME40818,CLONZEP 2 mg X 30 TABLETAS,Clonazepam,TABLETAS,"LABORATORIOS VALMOR, C.A.",https://mav.farmaciasaas.com/api/images/articulos/DISTRIBUCION/13115.jpg,4
CLOPIDOGREL ||| TABLETAS,37800,ME39070,CLOPIDEX 75 mg X 30 TABLETAS RECUBIERTAS,Clopidogrel,TABLETAS,IND. SWIFT LIMITED,https://mav.farmaciasaas.com/api/images/articulos/DISTRIBUCION/92148.jpg,9
CLOPIDOGREL ||| TABLETAS,37804,ME36122,CLOPIDOGREL 75 mg X 14 TABLETAS RECUBIERTAS,Clopidogrel,TABLETAS,"LABORATORIOS VALMOR, C.A.",https://pccentro.net.ve/img/s/7/6/0/5/6/76056-large_default.webp,9
CLOPIDOGREL ||| TABLETAS,37806,ME43375,CLOPIDOGREL 75 mg X 30 TABLETAS RECUBIERTAS,Clopidogrel,TABLETAS,"JIANGXI XIER KANGTAI PHARMACEUTICAL CO., LTD",https://mav.farmaciasaas.com/api/images/articulos/DISTRIBUCION/20426.jpg,9
CLOPIDOGREL ||| TABLETAS,37807,ME34774,CLOPIDOGREL 75 mg X 30 TABLETAS RECUBIERTAS,Clopidogrel,TABLETAS,LABORATORIOS SIEGFRIED S.A.,https://pccentro.net.ve/img/s/7/6/0/5/6/76056-large_default.webp,9
CLOPIDOGREL ||| TABLETAS,37808,ME37160,CLOPIVAL 75 mg X 30 TABLETAS RECUBIERTAS,Clopidogrel,TABLETAS,"LABORATORIOS VALMOR, C.A.",https://mav.farmaciasaas.com/api/images/articulos/DISTRIBUCION/11595.jpg,9
CLOPIDOGREL ||| TABLETAS,37809,ME43778,CLOPTAN 75 mg X 30 TABLETAS RECUBIERTAS,Clopidogrel,TABLETAS,REMUS PHARMACEUTICALS PVT. LTD.,https://mav.farmaciasaas.com/api/images/articulos/DISTRIBUCION/20161.jpg,9
CLOPIDOGREL ||| TABLETAS,38266,ME35154/2,KAPET 75 mg X 14 TABLETAS RECUBIERTAS,Clopidogrel,TABLETAS,LABORATORIOS SIEGFRIED S.A.,https://mav.farmaciasaas.com/api/images/articulos/DISTRIBUCION/7826.jpg,9
CLOPIDOGREL ||| TABLETAS,38267,ME35154/3,KAPET 75 mg X 30 TABLETAS RECUBIERTAS,Clopidogrel,TABLETAS,LABORATORIOS SIEGFRIED S.A.,https://pccentro.net.ve/img/s/7/6/0/5/6/76056-large_default.webp,9
CLOPIDOGREL ||| TABLETAS,38414,ME42760,LUDROX 75 mg X 30 TABLETAS RECUBIERTAS,Clopidogrel,TABLETAS,"BIOTECH LABORATORIOS, C.A.",https://mav.farmaciasaas.com/api/images/articulos/DISTRIBUCION/26078.jpg,9
CLOPIDOGREL ||| COMPRIMIDOS,37801,ME34084/2,CLOPIDOGREL 75 mg X 14 COMPRIMIDOS RECUBIERTOS,Clopidogrel,COMPRIMIDOS,"LABORATORIOS LETI, S.A.V.",https://mav.farmaciasaas.com/api/images/articulos/DISTRIBUCION/52340.jpg,6
CLOPIDOGREL ||| COMPRIMIDOS,37802,ME34084/3,CLOPIDOGREL 75 mg X 20 COMPRIMIDOS RECUBIERTOS,Clopidogrel,COMPRIMIDOS,"LABORATORIOS LETI, S.A.V.",https://mav.farmaciasaas.com/api/images/articulos/DISTRIBUCION/51767.jpg,6
CLOPIDOGREL ||| COMPRIMIDOS,37803,ME34084/4,CLOPIDOGREL 75 mg X 30 COMPRIMIDOS RECUBIERTOS,Clopidogrel,COMPRIMIDOS,"LABORATORIOS LETI, S.A.V.",https://mav.farmaciasaas.com/api/images/articulos/DISTRIBUCION/99858.jpg,6
CLOPIDOGREL ||| COMPRIMIDOS,38661,ME42325,PIGRAL 75 mg X 14 COMPRIMIDOS RECUBIERTOS,Clopidogrel,COMPRIMIDOS,MEGALABS S.A.,https://mav.farmaciasaas.com/api/images/articulos/DISTRIBUCION/24140.jpg,6
CLOPIDOGREL ||| COMPRIMIDOS,38670,ME30588,PLAVIX 75 mg X 14 COMPRIMIDOS RECUBIERTOS,Clopidogrel,COMPRIMIDOS,SANOFI WINTHROP INDUSTRIE,https://mav.farmaciasaas.com/api/images/articulos/DISTRIBUCION/11151.jpg,6
CLOPIDOGREL ||| COMPRIMIDOS,39147,ME36885,CLOPIDOGREL 75 mg COMPRIMIDOS RECUBIERTOS,Clopidogrel,COMPRIMIDOS,"LABORATORIOS SPEFAR VENEZOLANOS, S.A.",https://pccentro.net.ve/img/s/7/6/0/5/6/76056-large_default.webp,6
AMBROXOL - LORATADINA ||| SOLUCION ORAL,37813,ME43777,CLORACOLD 30 mg - 5 mg / 5 mL SOLUCIÓN ORAL,Ambroxol - Loratadina,SOLUCION ORAL,"LABORATORIO COFASA, S.A.",https://mav.farmaciasaas.com/api/images/articulos/DISTRIBUCION/53063.jpg,4
AMBROXOL - LORATADINA ||| SOLUCION ORAL,38385,ME40440,LORATADINA - AMBROXOL CLORHIDRATO 5 mg - 30 mg / 5 mL SOLUCION ORAL,Ambroxol - Loratadina,SOLUCION ORAL,"LABORATORIOS KIMICEG, C.A.",https://pccentro.net.ve/img/s/2/3/7/9/3/23793-large_default.webp,4
AMBROXOL - LORATADINA ||| SOLUCION ORAL,38503,ME42742,MISULVAN FORTE 30 mg - 5 mg / 5 mL SOLUCION ORAL,Ambroxol - Loratadina,SOLUCION ORAL,"LABORATORIO PLUSANDEX DE FARMACEUTICOS UNIDOS, PLUSANDEX, C.A.",https://mav.farmaciasaas.com/api/images/articulos/DISTRIBUCION/26235.jpg,4
AMBROXOL - LORATADINA ||| SOLUCION ORAL,39117,ME40193,BROLAT 5 mg - 30 mg / 5 mL X 10 SOLUCION ORAL,Ambroxol - Loratadina,SOLUCION ORAL,LABORATORIOS SIEGFRIED S.A.,https://pccentro.net.ve/img/s/2/3/7/9/3/23793-large_default.webp,4
MEBEVERINA ||| CAPSULAS,37814,ME43585/4,DOPALEN 200 mg X 30 CÁPSULAS DE LIBERACIÓN PROLONGADA,Mebeverina,CAPSULAS,"BIOTECH LABORATORIOS, C.A.",https://mav.farmaciasaas.com/api/images/articulos/DISTRIBUCION/54229.jpg,3
MEBEVERINA ||| CAPSULAS,37815,ME43585/2,DOPALEN 200 mg X 10 CÁPSULAS DE LIBERACIÓN PROLONGADA,Mebeverina,CAPSULAS,"BIOTECH LABORATORIOS, C.A.",https://mav.farmaciasaas.com/api/images/articulos/DISTRIBUCION/28633.jpg,3
MEBEVERINA ||| CAPSULAS,37816,ME43585/3,DOPALEN 200 mg X 20 CÁPSULAS DE LIBERACIÓN PROLONGADA,Mebeverina,CAPSULAS,"BIOTECH LABORATORIOS, C.A.",,3
CLORTALIDONA ||| TABLETAS,37817,ME34033,CLORTALIDONA 25 mg X 30 TABLETAS,Clortalidona,TABLETAS,EMPRESA LABORATORIOS MEDSOL,,3
CLORTALIDONA ||| TABLETAS,38197,ME39520,"HIDROTEN 12,5 mg X 30 TABLETAS",Clortalidona,TABLETAS,LABORATORIOS FARMA S.A.,https://mav.farmaciasaas.com/api/images/articulos/DISTRIBUCION/96218.jpg,3
CLORTALIDONA ||| TABLETAS,39460,ME43843,"CLORDITAN 12,5 mg X 30 Tabletas",Clortalidona,TABLETAS,SYNOKEM PHARMACEUTICALS LIMITED,https://mav.farmaciasaas.com/api/images/articulos/DISTRIBUCION/50972.jpg,3
CLOTRIMAZOL ||| CAPSULAS,37821,ME43020,CLOTRIMAZOL 200 mg CAPSULAS BLANDAS VAGINALES,Clotrimazol,CAPSULAS,"CALOX INTERNATIONAL, C.A.",https://pccentro.net.ve/img/s/5/8/6/9/2/58692-large_default.webp,2
CLOTRIMAZOL ||| CAPSULAS,39255,ME42947,IMAZOL DUAL 100 mg CAPSULAS BLANDAS VAGINALES - 1 % X 6 CREMA VAGINAL,Clotrimazol,CAPSULAS,LABORATORIOS SIEGFRIED S.A.,https://mav.farmaciasaas.com/api/images/articulos/DISTRIBUCION/9864.jpg,2
CLOTRIMAZOL ||| CREMA,37822,ME37900,CLOTRIMAZOL 10 % CREMA VAGINAL,Clotrimazol,CREMA,"LABORATORIOS KIMICEG, C.A.",https://mav.farmaciasaas.com/api/images/articulos/DISTRIBUCION/27973.jpg,8
CLOTRIMAZOL ||| CREMA,38242,ME42948,IMAZOL DUAL 500 mg CAPSULA BLANDA VAGINAL + 1 % X 1 CREMA VAGINAL,Clotrimazol,CREMA,LABORATORIOS SIEGFRIED S.A.,https://mav.farmaciasaas.com/api/images/articulos/DISTRIBUCION/8397.jpg,8
CLOTRIMAZOL ||| CREMA,38248,ME22931,IPALAT 1 % CREMA,Clotrimazol,CREMA,"LABORATORIO COFASA, S.A.",https://pccentro.net.ve/img/s/3/5/8/7/4/35874-large_default.webp,8
CLOTRIMAZOL ||| CREMA,39146,ME34986,GYNO CLOCIM 1% CREMA VAGINAL,Clotrimazol,CREMA,"LABORATORIOS KIMICEG, C.A.",https://pccentro.net.ve/img/s/3/5/8/7/4/35874-large_default.webp,8
CLOTRIMAZOL ||| CREMA,39152,ME34772,CLOTRIMAZOL 1 % CREMA VAGINAL,Clotrimazol,CREMA,"LABORATORIOS KIMICEG, C.A.",https://pccentro.net.ve/img/s/8/3/9/2/3/83923-large_default.webp,8
CLOTRIMAZOL ||| CREMA,39153,ME26813,CLOTRIMAZOL 1 % CREMA,Clotrimazol,CREMA,"LABORATORIOS LETI, S.A.V.",https://pccentro.net.ve/img/s/3/2/3/8/4/32384-large_default.webp,8
CLOTRIMAZOL ||| CREMA,39462,ME35192,CLOTRIMAZOL 2 % CREMA VAGINAL,Clotrimazol,CREMA,"LABORATORIOS KIMICEG, C.A.",https://pccentro.net.ve/img/s/6/8/7/7/7/68777-large_default.webp,8
CLOTRIMAZOL ||| CREMA,39602,ME35193,GYNOCLOCIM 2 % CREMA VAGINAL,Clotrimazol,CREMA,"LABORATORIOS KIMICEG, C.A.",https://pccentro.net.ve/img/s/3/5/8/7/4/35874-large_default.webp,8
CLOTRIMAZOL ||| OVULOS,37823,ME43751,CLOTRIMAZOL 100 mg X 6 ÓVULOS VAGINALES,Clotrimazol,OVULOS,"LABORATORIOS FARMACEUTICOS LAFAR, S.A. (CIUDAD DE EL ALTO)",https://mav.farmaciasaas.com/api/images/articulos/DISTRIBUCION/26419.jpg,3
CLOTRIMAZOL ||| OVULOS,37824,ME39062,CLOTRIMAZOL 500 mg X 1 OVULOS VAGINALES,Clotrimazol,OVULOS,LABORATORIOS ALFA C X A,https://mav.farmaciasaas.com/api/images/articulos/DISTRIBUCION/26410.jpg,3
CLOTRIMAZOL ||| OVULOS,39497,ME42647,CLOTRIMAZOL 200 mg X 3 OVULOS VAGINALES,Clotrimazol,OVULOS,BLISS GVS PHARMA LTD,https://pccentro.net.ve/img/s/6/0/7/4/2/60742-large_default.webp,3
DORZOLAMIDA - TIMOLOL ||| SOLUCION OFTALMICA,37827,ME44294,"COZOMINA T 2 % - 0,5 % SOLUCIÓN OFTÁLMICA ",Dorzolamida - Timolol,SOLUCION OFTALMICA,"LABORATORIO COFASA, S.A.",https://pccentro.net.ve/img/s/7/5/6/4/0/75640-large_default.webp,3
DORZOLAMIDA - TIMOLOL ||| SOLUCION OFTALMICA,38131,ME44703,"TIMOLOL - DORZOLAMIDA 0,5% - 2% X 28 SOLUCIÓN OFTALMICA",Dorzolamida - Timolol,SOLUCION OFTALMICA,"LABORATORIOS LETI, S.A.V.",https://pccentro.net.ve/img/s/7/5/6/4/0/75640-large_default.webp,3
DORZOLAMIDA - TIMOLOL ||| SOLUCION OFTALMICA,39516,ME31955,"GLAUCOTENSIL T  2 % - 0,5 % SOLUCION OFTALMICA",Dorzolamida - Timolol,SOLUCION OFTALMICA,LABORATORIOS POEN S.A.U.,https://pccentro.net.ve/img/s/7/5/6/4/0/75640-large_default.webp,3
IBUPROFENO - TIOCOLCHICOSIDO ||| COMPRIMIDOS,37828,ME33110,COLFENE 400 mg - 4 mg X 10 COMPRIMIDOS RECUBIERTOS,Ibuprofeno - Tiocolchicosido,COMPRIMIDOS,"LABORATORIOS ELMOR, S.A.",https://mav.farmaciasaas.com/api/images/articulos/DISTRIBUCION/6165.jpg,9
IBUPROFENO - TIOCOLCHICOSIDO ||| COMPRIMIDOS,37829,ME39320,COLFENE 600 mg - 4 mg X 15 COMPRIMIDOS RECUBIERTOS,Ibuprofeno - Tiocolchicosido,COMPRIMIDOS,"LABORATORIOS ELMOR, S.A.",https://mav.farmaciasaas.com/api/images/articulos/DISTRIBUCION/97446.jpg,9
IBUPROFENO - TIOCOLCHICOSIDO ||| COMPRIMIDOS,37830,ME38685,COLGESIC 400 mg - 40 mg X 15 COMPRIMIDOS RECUBIERTOS,Ibuprofeno - Tiocolchicosido,COMPRIMIDOS,"BIOTECH LABORATORIOS, C.A.",https://mav.farmaciasaas.com/api/images/articulos/DISTRIBUCION/94735.jpg,9
IBUPROFENO - TIOCOLCHICOSIDO ||| COMPRIMIDOS,38300,ME43754/2,KEYDOL 400 mg - 4 mg X 10 COMPRIMIDOS RECUBIERTOS,Ibuprofeno - Tiocolchicosido,COMPRIMIDOS,MEGALABS S.A.,https://mav.farmaciasaas.com/api/images/articulos/DISTRIBUCION/54359.jpg,9
IBUPROFENO - TIOCOLCHICOSIDO ||| COMPRIMIDOS,38301,ME43754/3,KEYDOL 400 mg - 4 mg X 20 COMPRIMIDOS RECUBIERTOS,Ibuprofeno - Tiocolchicosido,COMPRIMIDOS,MEGALABS S.A.,https://mav.farmaciasaas.com/api/images/articulos/DISTRIBUCION/54358.jpg,9
IBUPROFENO - TIOCOLCHICOSIDO ||| COMPRIMIDOS,38302,ME43753/2,KEYDOL 600 mg - 4 mg X 10 COMPRIMIDOS RECUBIERTOS,Ibuprofeno - Tiocolchicosido,COMPRIMIDOS,MEGALABS S.A.,https://mav.farmaciasaas.com/api/images/articulos/DISTRIBUCION/54360.jpg,9
IBUPROFENO - TIOCOLCHICOSIDO ||| COMPRIMIDOS,38303,ME43753/3,KEYDOL 600 mg - 4 mg X 20 COMPRIMIDOS RECUBIERTOS,Ibuprofeno - Tiocolchicosido,COMPRIMIDOS,MEGALABS S.A.,https://mav.farmaciasaas.com/api/images/articulos/DISTRIBUCION/54361.jpg,9
IBUPROFENO - TIOCOLCHICOSIDO ||| COMPRIMIDOS,39171,ME42243,DAYZOL 600 mg - 4 mg COMPRIMIDOS RECUBIERTOS,Ibuprofeno - Tiocolchicosido,COMPRIMIDOS,"LABORATORIOS LETI, S.A.V.",https://mav.farmaciasaas.com/api/images/articulos/DISTRIBUCION/50522.jpg,9
IBUPROFENO - TIOCOLCHICOSIDO ||| COMPRIMIDOS,39253,ME39079,IBUPROFENO - TIOCOLCHICOSIDO 600 mg - 4 mg COMPRIMIDOS RECUBIERTOS,Ibuprofeno - Tiocolchicosido,COMPRIMIDOS,"LABORATORIOS VARGAS, S.A.",https://mav.farmaciasaas.com/api/images/articulos/DISTRIBUCION/23146.jpg,9
TIOCOLCHICOSIDO ||| COMPRIMIDOS,37833,ME23524,COLVAL 4 mg X 12 COMPRIMIDOS,Tiocolchicosido,COMPRIMIDOS,"LABORATORIOS VALMOR, C.A.",https://mav.farmaciasaas.com/api/images/articulos/DISTRIBUCION/8062.jpg,7
TIOCOLCHICOSIDO ||| COMPRIMIDOS,38056,ME23115/3,EUSILEN 4 mg X 15 COMPRIMIDOS,Tiocolchicosido,COMPRIMIDOS,"LABORATORIO COFASA, S.A.",https://mav.farmaciasaas.com/api/images/articulos/DISTRIBUCION/97144.jpg,7
TIOCOLCHICOSIDO ||| COMPRIMIDOS,38057,ME23115/2,EUSILEN 4 mg X 8 COMPRIMIDOS,Tiocolchicosido,COMPRIMIDOS,"LABORATORIO COFASA, S.A.",https://mav.farmaciasaas.com/api/images/articulos/DISTRIBUCION/8831.jpg,7
TIOCOLCHICOSIDO ||| COMPRIMIDOS,38866,ME21386,TIOCHAX 4 mg X 12 COMPRIMIDOS,Tiocolchicosido,COMPRIMIDOS,"LABORATORIO PLUSANDEX DE FARMACEUTICOS UNIDOS, PLUSANDEX, C.A.",https://mav.farmaciasaas.com/api/images/articulos/DISTRIBUCION/91151.jpg,7
TIOCOLCHICOSIDO ||| COMPRIMIDOS,38871,ME26806,TIOCOLCHICOSIDO 4 mg X 10 COMPRIMIDOS,Tiocolchicosido,COMPRIMIDOS,"LABORATORIOS LETI, S.A.V.",https://mav.farmaciasaas.com/api/images/articulos/DISTRIBUCION/26050.jpg,7
TIOCOLCHICOSIDO ||| COMPRIMIDOS,38886,ME42277,TRACTIL FORTE 8 mg X 10 COMPRIMIDOS,Tiocolchicosido,COMPRIMIDOS,C.A. PRODUCTOS RONAVA,https://mav.farmaciasaas.com/api/images/articulos/DISTRIBUCION/28504.jpg,7
TIOCOLCHICOSIDO ||| COMPRIMIDOS,38887,ME20834,TRACTIL 4 mg X 12 COMPRIMIDOS,Tiocolchicosido,COMPRIMIDOS,C.A. PRODUCTOS RONAVA,https://mav.farmaciasaas.com/api/images/articulos/DISTRIBUCION/4638.jpg,7
SERTRALINA ||| COMPRIMIDOS,37836,ME34013,CONEXINE 50 mg X 30 COMPRIMIDOS RECUBIERTOS,Sertralina,COMPRIMIDOS,"MONTE VERDE, S.A.",https://mav.farmaciasaas.com/api/images/articulos/DISTRIBUCION/29374.jpg,10
SERTRALINA ||| COMPRIMIDOS,38777,ME32712,SERLINE 100 mg X 10 COMPRIMIDOS,Sertralina,COMPRIMIDOS,MEGALABS S.A.,https://mav.farmaciasaas.com/api/images/articulos/DISTRIBUCION/3699.jpg,10
SERTRALINA ||| COMPRIMIDOS,38778,ME30171/2,SERLINE 50 mg X 10 COMPRIMIDOS,Sertralina,COMPRIMIDOS,MEGALABS S.A.,https://mav.farmaciasaas.com/api/images/articulos/DISTRIBUCION/11400.jpg,10
SERTRALINA ||| COMPRIMIDOS,38779,ME30171/3,SERLINE 50 mg X 30 COMPRIMIDOS,Sertralina,COMPRIMIDOS,MEGALABS S.A.,https://pccentro.net.ve/img/s/8/4/1/1/0/84110-large_default.webp,10
SERTRALINA ||| COMPRIMIDOS,38783,ME31067/2,SERTRALINA 50 mg X 10 COMPRIMIDOS RECUBIERTOS,Sertralina,COMPRIMIDOS,"LABORATORIOS LETI, S.A.V.",https://pccentro.net.ve/img/s/8/4/1/1/0/84110-large_default.webp,10
SERTRALINA ||| COMPRIMIDOS,38784,ME31067/3,SERTRALINA 50 mg X 14 COMPRIMIDOS RECUBIERTOS,Sertralina,COMPRIMIDOS,"LABORATORIOS LETI, S.A.V.",https://mav.farmaciasaas.com/api/images/articulos/DISTRIBUCION/22393.jpg,10
SERTRALINA ||| COMPRIMIDOS,38785,ME31067/4,SERTRALINA 50 mg X 30 COMPRIMIDOS RECUBIERTOS,Sertralina,COMPRIMIDOS,"LABORATORIOS LETI, S.A.V.",https://mav.farmaciasaas.com/api/images/articulos/DISTRIBUCION/51984.jpg,10
SERTRALINA ||| COMPRIMIDOS,38857,ME38849,TIALIN 100 mg X 10 COMPRIMIDOS,Sertralina,COMPRIMIDOS,MEGALABS S.A.,https://mav.farmaciasaas.com/api/images/articulos/DISTRIBUCION/13811.jpg,10
SERTRALINA ||| COMPRIMIDOS,39361,ME42518,SERTRALINA 100 mg COMPRIMIDOS,Sertralina,COMPRIMIDOS,"LABORATORIOS SPEFAR VENEZOLANOS, S.A.",https://pccentro.net.ve/img/s/8/4/0/2/8/84028-large_default.webp,10
SERTRALINA ||| COMPRIMIDOS,39362,ME42517,SERTRALINA 50 mg COMPRIMIDOS,Sertralina,COMPRIMIDOS,"LABORATORIOS SPEFAR VENEZOLANOS, S.A.",https://pccentro.net.ve/img/s/8/4/1/1/0/84110-large_default.webp,10
TRAMADOL ||| SOLUCION ORAL,37837,ME43002,CONTRADOL 100 mg / mL SOLUCION ORAL,Tramadol,SOLUCION ORAL,"LABORATORIOS VALMOR, C.A.",https://mav.farmaciasaas.com/api/images/articulos/DISTRIBUCION/50553.jpg,2
TRAMADOL ||| SOLUCION ORAL,38890,ME23882,TRAMAL 100 mg / mL SOLUCION ORAL,Tramadol,SOLUCION ORAL,TECNANDINA S.A.,https://mav.farmaciasaas.com/api/images/articulos/DISTRIBUCION/6148.jpg,2
CANDESARTAN CILEXETILO - HIDROCLOROTIAZIDA ||| COMPRIMIDOS,37847,ME38312/2,"COROPRES HCT 16 mg - 12,5 mg X 10 COMPRIMIDOS",Candesartan Cilexetilo - Hidroclorotiazida,COMPRIMIDOS,MEGALABS S.A.,https://mav.farmaciasaas.com/api/images/articulos/DISTRIBUCION/28208.jpg,3
CANDESARTAN CILEXETILO - HIDROCLOROTIAZIDA ||| COMPRIMIDOS,37848,ME38312/3,"COROPRES HCT 16 mg - 12,5 mg X 30 COMPRIMIDOS",Candesartan Cilexetilo - Hidroclorotiazida,COMPRIMIDOS,MEGALABS S.A.,https://mav.farmaciasaas.com/api/images/articulos/DISTRIBUCION/96010.jpg,3
CANDESARTAN CILEXETILO - HIDROCLOROTIAZIDA ||| COMPRIMIDOS,39163,ME42233,"COROPRES HCT 32 mg - 12,5 mg COMPRIMIDOS",Candesartan Cilexetilo - Hidroclorotiazida,COMPRIMIDOS,MEGALABS S.A.,https://mav.farmaciasaas.com/api/images/articulos/DISTRIBUCION/28480.jpg,3
METFORMINA - SITAGLIPTINA ||| TABLETAS,37852,ME41808/2,CRISOMET 50 mg - 500 mg X 10 TABLETAS RECUBIERTAS,Metformina - Sitagliptina,TABLETAS,LABORATORIOS FARMA S.A.,https://mav.farmaciasaas.com/api/images/articulos/DISTRIBUCION/16905.jpg,10
METFORMINA - SITAGLIPTINA ||| TABLETAS,37853,ME41808/3,CRISOMET 50 mg - 500 mg X 30 TABLETAS RECUBIERTAS,Metformina - Sitagliptina,TABLETAS,LABORATORIOS FARMA S.A.,https://mav.farmaciasaas.com/api/images/articulos/DISTRIBUCION/19232.jpg,10
METFORMINA - SITAGLIPTINA ||| TABLETAS,38790,ME44582,SIGLUTAN 50 mg-500 mg X 30 TABLETAS RECUBIERTAS,Metformina - Sitagliptina,TABLETAS,REMUS PHARMACEUTICALS PVT. LTD.,https://mav.farmaciasaas.com/api/images/articulos/DISTRIBUCION/22555.jpg,10
METFORMINA - SITAGLIPTINA ||| TABLETAS,38800,ME43259/3,SITAGLIPTINA - METFORMINA CLORHIDRATO 50 mg - 500 mg X 30 TABLETAS RECUBIERTAS,Metformina - Sitagliptina,TABLETAS,REMUS PHARMACEUTICALS PVT. LTD.,https://pccentro.net.ve/img/s/2/4/4/5/6/24456-large_default.webp,10
METFORMINA - SITAGLIPTINA ||| TABLETAS,38801,ME43259/2,SITAGLIPTINA - METFORMINA CLORHIDRATO 50 mg - 500 mg X 10 TABLETAS RECUBIERTAS,Metformina - Sitagliptina,TABLETAS,REMUS PHARMACEUTICALS PVT. LTD.,https://mav.farmaciasaas.com/api/images/articulos/DISTRIBUCION/54216.jpg,10
METFORMINA - SITAGLIPTINA ||| TABLETAS,38802,ME44367,METFORMINA CLORHIDRATO - SITAGLIPTINA 850 mg - 50 mg X 28 TABLETAS RECUBIERTAS,Metformina - Sitagliptina,TABLETAS,"JIANGXI SYNERGY PHARMACEUTICAL CO., LTD",https://mav.farmaciasaas.com/api/images/articulos/DISTRIBUCION/53244.jpg,10
METFORMINA - SITAGLIPTINA ||| TABLETAS,39165,ME41809/2,CRISOMET 50 mg - 850 mg X 10 TABLETAS RECUBIERTAS,Metformina - Sitagliptina,TABLETAS,LABORATORIOS FARMA S.A.,https://mav.farmaciasaas.com/api/images/articulos/DISTRIBUCION/17016.jpg,10
METFORMINA - SITAGLIPTINA ||| TABLETAS,39166,ME41809/3,CRISOMET 50 mg - 850 mg X 30 TABLETAS RECUBIERTAS,Metformina - Sitagliptina,TABLETAS,LABORATORIOS FARMA S.A.,https://mav.farmaciasaas.com/api/images/articulos/DISTRIBUCION/19233.jpg,10
METFORMINA - SITAGLIPTINA ||| TABLETAS,39239,ME42452,GLUTAPTIN MET 50 mg - 500 mg X 30 TABLETAS RECUBIERTAS,Metformina - Sitagliptina,TABLETAS,"CALOX INTERNATIONAL, C.A.",https://mav.farmaciasaas.com/api/images/articulos/DISTRIBUCION/27355.jpg,10
METFORMINA - SITAGLIPTINA ||| TABLETAS,39479,ME42667,SITAGLIPTINA - METFORMINA CLORHIDRATO 50 mg - 500 mg TABLETAS RECUBIERTAS,Metformina - Sitagliptina,TABLETAS,THEON PHARMACEUTICALS LTD,https://pccentro.net.ve/img/s/2/4/4/5/6/24456-large_default.webp,10
ORLISTAT ||| CAPSULAS,37854,ME37867,CRISPLUS 120 mg X 30 CAPSULAS,Orlistat,CAPSULAS,LABORATORIO ELEA PHOENIX S.A.,https://mav.farmaciasaas.com/api/images/articulos/DISTRIBUCION/28167.jpg,7
ORLISTAT ||| CAPSULAS,37936,ME39086,DIECAPS 120 mg X 30 CAPSULAS,Orlistat,CAPSULAS,MEGALABS S.A.,https://mav.farmaciasaas.com/api/images/articulos/DISTRIBUCION/94852.jpg,7
ORLISTAT ||| CAPSULAS,37937,ME40899,DIECAPS 60 mg X 30 CAPSULAS,Orlistat,CAPSULAS,MEGALABS S.A.,https://mav.farmaciasaas.com/api/images/articulos/DISTRIBUCION/17245.jpg,7
ORLISTAT ||| CAPSULAS,38625,ME39093,ORLIDIET 120 mg X 30 CAPSULAS,Orlistat,CAPSULAS,MEGALABS S.A.,https://mav.farmaciasaas.com/api/images/articulos/DISTRIBUCION/94356.jpg,7
ORLISTAT ||| CAPSULAS,38626,ME40197,ORLIDIET 60 mg X 30 CAPSULAS,Orlistat,CAPSULAS,MEGALABS S.A.,https://mav.farmaciasaas.com/api/images/articulos/DISTRIBUCION/99789.jpg,7
ORLISTAT ||| CAPSULAS,38627,ME36024,ORLISTAT 120 mg X 30 CAPSULAS,Orlistat,CAPSULAS,"LABORATORIOS LETI, S.A.V.",https://pccentro.net.ve/img/s/7/8/7/5/5/78755-large_default.webp,7
ORLISTAT ||| CAPSULAS,38987,ME37761,XEROGRAX 120 mg X 60 CAPSULAS,Orlistat,CAPSULAS,"LABORATORIO LA SANTE, C.A.",https://mav.farmaciasaas.com/api/images/articulos/DISTRIBUCION/91024.jpg,7
DILTIAZEM ||| COMPRIMIDOS,37862,ME30715/2,DALTAZEN 60 mg X 10 COMPRIMIDOS,Diltiazem,COMPRIMIDOS,MEGALABS S.A.,https://mav.farmaciasaas.com/api/images/articulos/DISTRIBUCION/28478.jpg,3
DILTIAZEM ||| COMPRIMIDOS,37863,ME30715/3,DALTAZEN 60 mg X 20 COMPRIMIDOS,Diltiazem,COMPRIMIDOS,MEGALABS S.A.,https://mav.farmaciasaas.com/api/images/articulos/DISTRIBUCION/1303.jpg,3
DILTIAZEM ||| COMPRIMIDOS,37864,ME30715/4,DALTAZEN 60 mg X 30 COMPRIMIDOS,Diltiazem,COMPRIMIDOS,MEGALABS S.A.,https://mav.farmaciasaas.com/api/images/articulos/DISTRIBUCION/52575.jpg,3
DEXAMETASONA ||| TABLETAS,37867,ME21267/2,"DECOBEL 0,5 mg X 10 TABLETAS",Dexametasona,TABLETAS,C.A. PRODUCTOS RONAVA,https://pccentro.net.ve/img/s/3/0/8/5/6/30856-large_default.webp,3
DEXAMETASONA ||| TABLETAS,37868,ME21267/3,"DECOBEL 0,5 mg X 30 TABLETAS",Dexametasona,TABLETAS,C.A. PRODUCTOS RONAVA,https://mav.farmaciasaas.com/api/images/articulos/DISTRIBUCION/22694.jpg,3
DEXAMETASONA ||| TABLETAS,37905,ME26356,"DEXAMETASONA 0,5 mg X 30 TABLETAS",Dexametasona,TABLETAS,"LABORATORIOS VARGAS, S.A.",https://mav.farmaciasaas.com/api/images/articulos/DISTRIBUCION/54029.jpg,3
DEFLAZACORT ||| COMPRIMIDOS,37870,ME42577,DEFLARIN 6 mg X 10 COMPRIMIDOS,Deflazacort,COMPRIMIDOS,"ALTIAN PHARMA, S.A.",https://mav.farmaciasaas.com/api/images/articulos/DISTRIBUCION/21048.jpg,4
DEFLAZACORT ||| COMPRIMIDOS,37874,ME32194/2,DEFLAZACORT 6 mg X 10 COMPRIMIDOS,Deflazacort,COMPRIMIDOS,"LABORATORIOS LETI, S.A.V.",https://pccentro.net.ve/img/s/8/9/7/4/3/89743-large_default.webp,4
DEFLAZACORT ||| COMPRIMIDOS,37875,ME32194/3,DEFLAZACORT 6 mg X 30 COMPRIMIDOS,Deflazacort,COMPRIMIDOS,"LABORATORIOS LETI, S.A.V.",https://mav.farmaciasaas.com/api/images/articulos/DISTRIBUCION/52860.jpg,4
DEFLAZACORT ||| COMPRIMIDOS,39172,ME42595,DEFLAZACORT 6 mg COMPRIMIDOS,Deflazacort,COMPRIMIDOS,"LABORATORIOS SPEFAR VENEZOLANOS, S.A.",https://pccentro.net.ve/img/s/8/9/7/4/3/89743-large_default.webp,4
DEFLAZACORT ||| TABLETAS,37871,ME37306/2,DEFLAZACORT 30 mg X 10 TABLETAS,Deflazacort,TABLETAS,"CALOX INTERNATIONAL, C.A.",https://mav.farmaciasaas.com/api/images/articulos/DISTRIBUCION/22262.jpg,4
DEFLAZACORT ||| TABLETAS,37872,ME37306/3,DEFLAZACORT 30 mg X 30 TABLETAS,Deflazacort,TABLETAS,"CALOX INTERNATIONAL, C.A.",https://mav.farmaciasaas.com/api/images/articulos/DISTRIBUCION/91498.jpg,4
DEFLAZACORT ||| TABLETAS,37873,ME37255,DEFLAZACORT 6 mg X 10 TABLETAS,Deflazacort,TABLETAS,"CALOX INTERNATIONAL, C.A.",https://mav.farmaciasaas.com/api/images/articulos/DISTRIBUCION/91527.jpg,4
DEFLAZACORT ||| TABLETAS,39173,ME42426,ZARCOT 6 mg X 10 TABLETAS,Deflazacort,TABLETAS,"CALOX INTERNATIONAL, C.A.",https://pccentro.net.ve/img/s/8/9/7/4/3/89743-large_default.webp,4
MEDROXIPROGESTERONA ||| INYECTABLE,37879,ME43769,DEPOFEM 150mgmL X 1 AMPOLLAS,Medroxiprogesterona,INYECTABLE,"GUIZHOU TIANDI PHARMACEUTICAL CO., LTD",https://mav.farmaciasaas.com/api/images/articulos/DISTRIBUCION/28729.jpg,2
MEDROXIPROGESTERONA ||| INYECTABLE,39541,ME16930,DEPO - PROVERA 150 mg / mL X 1 AMPOLLAS,Medroxiprogesterona,INYECTABLE,PHARMACIA & UPJOHN COMPANY LLC.,https://mav.farmaciasaas.com/api/images/articulos/DISTRIBUCION/26711.jpg,2
DESLORATADINA ||| TABLETAS,37889,ME36632,DESLER 5 mg X 10 TABLETAS RECUBIERTAS,Desloratadina,TABLETAS,"LABORATORIO LA SANTE, C.A.",https://mav.farmaciasaas.com/api/images/articulos/DISTRIBUCION/18806.jpg,8
DESLORATADINA ||| TABLETAS,37890,ME34405/2,DESLORAT 5 mg X 10 TABLETAS RECUBIERTAS,Desloratadina,TABLETAS,"LABORATORIOS L.O. OFTALMI, C.A.",https://mav.farmaciasaas.com/api/images/articulos/DISTRIBUCION/7176.jpg,8
DESLORATADINA ||| TABLETAS,37891,ME34405/3,DESLORAT 5 mg X 20 TABLETAS RECUBIERTAS,Desloratadina,TABLETAS,"LABORATORIOS L.O. OFTALMI, C.A.",https://mav.farmaciasaas.com/api/images/articulos/DISTRIBUCION/8041.jpg,8
DESLORATADINA ||| TABLETAS,37894,ME37996,DESLORATADINA 5 mg X 10 TABLETAS RECUBIERTAS,Desloratadina,TABLETAS,"CALOX INTERNATIONAL, C.A.",https://mav.farmaciasaas.com/api/images/articulos/DISTRIBUCION/97003.jpg,8
DESLORATADINA ||| TABLETAS,38201,ME39098,HISTALER 5 mg X 10 TABLETAS RECUBIERTAS,Desloratadina,TABLETAS,"LABORATORIOS VALMOR, C.A.",https://mav.farmaciasaas.com/api/images/articulos/DISTRIBUCION/30267.jpg,8
DESLORATADINA ||| TABLETAS,38352,ME43146,LIBERDUX 5 mg X 10 TABLETAS RECUBIERTAS,Desloratadina,TABLETAS,LABORATORIOS SIEGFRIED S.A.,https://mav.farmaciasaas.com/api/images/articulos/DISTRIBUCION/28647.jpg,8
DESLORATADINA ||| TABLETAS,39180,ME36359,DESLORATADINA 5 mg X 10 TABLETAS RECUBIERTAS,Desloratadina,TABLETAS,"LABORATORIOS KIMICEG, C.A.",https://pccentro.net.ve/img/s/7/7/0/0/2/77002-large_default.webp,8
DESLORATADINA ||| TABLETAS,39181,ME43091,DESLORATADINA 5 mg X 10 TABLETAS RECUBIERTAS,Desloratadina,TABLETAS,LABORATORIOS SIEGFRIED S.A.,https://pccentro.net.ve/img/s/7/7/0/0/2/77002-large_default.webp,8
DESLORATADINA ||| JARABE,37892,ME36268,DESLORATADINA 2.5mg/5ml X 10 JARABE,Desloratadina,JARABE,"LABORATORIOS KIMICEG, C.A.",https://mav.farmaciasaas.com/api/images/articulos/DISTRIBUCION/8481.jpg,6
DESLORATADINA ||| JARABE,37893,ME36998,"DESLORATADINA 2,5 mg / 5 mL JARABE",Desloratadina,JARABE,"LABORATORIO LA SANTE, C.A.",https://pccentro.net.ve/img/s/7/4/5/1/9/74519-large_default.webp,6
DESLORATADINA ||| JARABE,38044,ME35208,"ESPARFLIN 0,5 mg / mL X 10 JARABE",Desloratadina,JARABE,MEGALABS S.A.,https://pccentro.net.ve/img/s/2/2/8/7/2/22872-large_default.webp,6
DESLORATADINA ||| JARABE,38425,ME34952,"MAILEN 2,5 mg / 5 mL JARABE",Desloratadina,JARABE,MEGALABS S.A.,https://mav.farmaciasaas.com/api/images/articulos/DISTRIBUCION/7559.jpg,6
DESLORATADINA ||| JARABE,38733,ME43791,"RINIFLU 2,5 mg / 5 mL JARABE",Desloratadina,JARABE,"BIOTECH LABORATORIOS, C.A.",https://pccentro.net.ve/img/s/7/4/5/1/9/74519-large_default.webp,6
DESLORATADINA ||| JARABE,39177,ME42524,"DESLORATADINA 2,5 mg / 5 mL JARABE",Desloratadina,JARABE,LABORATORIOS SIEGFRIED S.A.,https://pccentro.net.ve/img/s/7/4/5/1/9/74519-large_default.webp,6
DESLORATADINA ||| COMPRIMIDOS,37895,ME35486,DESLORATADINA 5 mg X 10 COMPRIMIDOS RECUBIERTOS,Desloratadina,COMPRIMIDOS,"LABORATORIOS LETI, S.A.V.",https://mav.farmaciasaas.com/api/images/articulos/DISTRIBUCION/8560.jpg,4
DESLORATADINA ||| COMPRIMIDOS,38423,ME34990/2,MAILEN 5 mg X 10 COMPRIMIDOS RECUBIERTOS,Desloratadina,COMPRIMIDOS,MEGALABS S.A.,https://mav.farmaciasaas.com/api/images/articulos/DISTRIBUCION/7557.jpg,4
DESLORATADINA ||| COMPRIMIDOS,38424,ME34990/3,MAILEN 5 mg X 30 COMPRIMIDOS RECUBIERTOS,Desloratadina,COMPRIMIDOS,MEGALABS S.A.,https://mav.farmaciasaas.com/api/images/articulos/DISTRIBUCION/95984.jpg,4
DESLORATADINA ||| COMPRIMIDOS,39203,ME43295,DESLORATADINA 5 mg COMPRIMIDOS RECUBIERTOS,Desloratadina,COMPRIMIDOS,MEGALABS S.A.,https://pccentro.net.ve/img/s/7/7/0/0/2/77002-large_default.webp,4
DEXAMETASONA ||| COMPRIMIDOS,37899,ME42492/2,DEXAMETASONA 4 mg X 10 COMPRIMIDOS,Dexametasona,COMPRIMIDOS,"LABORATORIOS SPEFAR VENEZOLANOS, S.A.",https://mav.farmaciasaas.com/api/images/articulos/DISTRIBUCION/53504.jpg,2
DEXAMETASONA ||| COMPRIMIDOS,37900,ME42492/3,DEXAMETASONA 4 mg X 100 COMPRIMIDOS,Dexametasona,COMPRIMIDOS,"LABORATORIOS SPEFAR VENEZOLANOS, S.A.",https://mav.farmaciasaas.com/api/images/articulos/DISTRIBUCION/25079.jpg,2
DEXAMETASONA ||| INYECTABLE,37903,HO43012,DEXAMETASONA FOSFATO 8 mg / 2 mL X 1 AMPOLLAS,Dexametasona,INYECTABLE,"LABORATORIOS VALMOR, C.A.",https://mav.farmaciasaas.com/api/images/articulos/DISTRIBUCION/53308.jpg,4
DEXAMETASONA ||| INYECTABLE,37904,HO42601,DEXAMETASONA 8 mg / 2 mL X 10 AMPOLLAS,Dexametasona,INYECTABLE,"LABORATORIO BIOSANO, S.A.",https://mav.farmaciasaas.com/api/images/articulos/DISTRIBUCION/23875.jpg,4
DEXAMETASONA ||| INYECTABLE,39475,HO26290,DEXAMETASONA 21-FOLATO 4 mg/mL X 10 AMPOLLAS,Dexametasona,INYECTABLE,LABORATORIO FARMACO FARMAHECO S.P.A,https://pccentro.net.ve/img/s/9/5/1/2/4/95124-large_default.webp,4
DEXAMETASONA ||| INYECTABLE,39480,HO44743,DEXABIOL 4mg / mL X 1 AMPOLLAS,Dexametasona,INYECTABLE,PLICA VACCINES PVT. LTD.,https://pccentro.net.ve/img/s/9/5/1/2/4/95124-large_default.webp,4
DESLORATADINA ||| SOLUCION ORAL,37907,ME42573,"DEXTAMIN 0,5 mg / mL X 10 SOLUCION ORAL",Desloratadina,SOLUCION ORAL,"LABORATORIO PLUSANDEX DE FARMACEUTICOS UNIDOS, PLUSANDEX, C.A.",,3
DESLORATADINA ||| SOLUCION ORAL,39176,ME35191,"DESLORATADINA 0,5 mg / mL SOLUCION ORAL",Desloratadina,SOLUCION ORAL,"LABORATORIOS LETI, S.A.V.",,3
DESLORATADINA ||| SOLUCION ORAL,39178,ME42540,"DESLORATADINA 2,5 mg / 5 mL SOLUCION ORAL",Desloratadina,SOLUCION ORAL,LABORATORIOS SIEGFRIED S.A.,https://mav.farmaciasaas.com/api/images/articulos/DISTRIBUCION/27626.jpg,3
DEXTROMETORFANO ||| SOLUCION ORAL,37910,ME40663,PREVERAL CON DEXTROMETORFANO 3 mg - 15 mg / 5 mL SOLUCION ORAL,Dextrometorfano,SOLUCION ORAL,"LABORATORIOS VARGAS, S.A.",https://pccentro.net.ve/img/s/8/1/4/4/4/81444-large_default.webp,4
DEXTROMETORFANO ||| SOLUCION ORAL,38989,ME43770,YONALIN 4 mg / mL SOLUCION ORAL GOTAS,Dextrometorfano,SOLUCION ORAL,"BIOTECH LABORATORIOS, C.A.",https://mav.farmaciasaas.com/api/images/articulos/DISTRIBUCION/53336.jpg,4
DEXTROMETORFANO ||| SOLUCION ORAL,39414,ME28666,YONAL 15 mg / 5 mL SOLUCION ORAL,Dextrometorfano,SOLUCION ORAL,"BIOTECH LABORATORIOS, C.A.",https://pccentro.net.ve/img/s/5/4/9/1/1/54911-large_default.webp,4
DEXTROMETORFANO ||| SOLUCION ORAL,39457,ME44393,Dolmobrox 15 mg / 5ml Solución Oral ,Dextrometorfano,SOLUCION ORAL,MEGALABS S.A.,https://pccentro.net.ve/img/s/5/4/9/1/1/54911-large_default.webp,4
HIDROCLOROTIAZIDA ||| TABLETAS,37912,ME10432,DI-EUDRIN 50 mg X 30 TABLETAS,Hidroclorotiazida,TABLETAS,"BIOTECH LABORATORIOS, C.A.",,2
HIDROCLOROTIAZIDA ||| TABLETAS,39057,ME41982,"ANTAAR HCT 2,5 mg - 6,25 mg X 30 TABLETAS",Hidroclorotiazida,TABLETAS,"CALOX INTERNATIONAL, C.A.",https://mav.farmaciasaas.com/api/images/articulos/DISTRIBUCION/19527.jpg,2
DIACEREINA ||| CAPSULAS,37913,ME43584,DIACEREINA 50 mg X 10 CAPSULAS,Diacereina,CAPSULAS,RONALD PHARMACEUTICALS PVT. LTD.,https://mav.farmaciasaas.com/api/images/articulos/DISTRIBUCION/50231.jpg,2
DIACEREINA ||| CAPSULAS,39076,ME31478,ARTRODAR 50 mg X 30 CAPSULAS,Diacereina,CAPSULAS,"LABORATORIOS LETI, S.A.V.",,2
DICLOFENACO ||| INYECTABLE,37916,HO33474/2,DIAGESIC 75 mg / 3 mL X 1 AMPOLLAS,Diclofenaco,INYECTABLE,"BIOTECH LABORATORIOS, C.A.",https://mav.farmaciasaas.com/api/images/articulos/DISTRIBUCION/51210.jpg,6
DICLOFENACO ||| INYECTABLE,37917,HO33474/3,DIAGESIC 75 mg / 3 mL X 2 AMPOLLAS,Diclofenaco,INYECTABLE,"BIOTECH LABORATORIOS, C.A.",https://mav.farmaciasaas.com/api/images/articulos/DISTRIBUCION/6136.jpg,6
DICLOFENACO ||| INYECTABLE,37927,HO36803/2,DICLOFENACO SODICO 75mg/3ml X 1 AMPOLLAS,Diclofenaco,INYECTABLE,"FARMIONNI SCALPI,S.A.",https://pccentro.net.ve/img/s/9/5/7/9/2/95792-large_default.webp,6
DICLOFENACO ||| INYECTABLE,37928,HO36803/3,DICLOFENACO SODICO 75mg/3ml X 10 AMPOLLAS,Diclofenaco,INYECTABLE,"FARMIONNI SCALPI,S.A.",https://mav.farmaciasaas.com/api/images/articulos/DISTRIBUCION/53115.jpg,6
DICLOFENACO ||| INYECTABLE,39192,HO36449,DIKLASON 75 mg / 3 mL X 1 AMPOLLAS,Diclofenaco,INYECTABLE,"LABORATORIOS LETI, S.A.V.",https://pccentro.net.ve/img/s/9/5/7/9/2/95792-large_default.webp,6
DICLOFENACO ||| INYECTABLE,39407,HO43946,VERALEN P 75 mg / 3 mL X 1 AMPOLLAS,Diclofenaco,INYECTABLE,"LABORATORIO COFASA, S.A.",https://pccentro.net.ve/img/s/9/5/7/9/2/95792-large_default.webp,6
DICLOFENACO ||| SOLUCION ORAL,37922,ME43814,"Diclodex 1,8 mg/mL Suspensión Oral",Diclofenaco,SOLUCION ORAL,"LABORATORIO PLUSANDEX DE FARMACEUTICOS UNIDOS, PLUSANDEX, C.A.",https://pccentro.net.ve/img/s/8/0/4/5/4/80454-large_default.webp,3
DICLOFENACO ||| SOLUCION ORAL,39120,ME44634,CAMPAL P 15 mg / mL SUSPENSIÓN ORAL,Diclofenaco,SOLUCION ORAL,LABORATORIOS SIEGFRIED S.A.,https://pccentro.net.ve/img/s/8/4/0/5/9/84059-large_default.webp,3
DICLOFENACO ||| SOLUCION ORAL,39213,ME38628,FEBRATIC 10 mg / 5 mL SUSPENSION ORAL,Diclofenaco,SOLUCION ORAL,MEGALABS S.A.,https://pccentro.net.ve/img/s/8/0/4/5/4/80454-large_default.webp,3
DICLOFENACO ||| ,37924,MI35435/2,DICLOFENAC POT X 6 UNIDADES,Diclofenaco,,LABORATORIO CHILE S.A.,https://pccentro.net.ve/img/s/8/0/5/8/7/80587-large_default.webp,4
DICLOFENACO ||| ,37925,MI35435/3,DICLOFENAC POT X 10 UNIDADES,Diclofenaco,,LABORATORIO CHILE S.A.,https://pccentro.net.ve/img/s/8/0/5/8/7/80587-large_default.webp,4
DICLOFENACO ||| ,37926,MI35435/4,DICLOFENAC POT X 30 UNIDADES,Diclofenaco,,LABORATORIO CHILE S.A.,https://pccentro.net.ve/img/s/8/0/5/8/7/80587-large_default.webp,4
DICLOFENACO ||| ,39482,MI37540,"DICLOFENAC DIETILAMINA 1,16% EMULGEL",Diclofenaco,,"LABORATORIOS VARGAS, S.A.",https://pccentro.net.ve/img/s/8/0/5/8/7/80587-large_default.webp,4
DICLOFENACO ||| SUSPENSION ORAL,37946,ME34580,"DIKLASON 1,8 mg / mL SUSPENSION ORAL",Diclofenaco,SUSPENSION ORAL,"LABORATORIOS LETI, S.A.V.",https://pccentro.net.ve/img/s/8/0/5/8/7/80587-large_default.webp,2
DICLOFENACO ||| SUSPENSION ORAL,38583,ME38330,DICLOFENAC POTASICO 15 mg / mL SUSPENSION ORAL,Diclofenaco,SUSPENSION ORAL,"LABORATORIOS ELMOR, S.A.",https://pccentro.net.ve/img/s/8/0/5/5/6/80556-large_default.webp,2
DIOSMINA ||| TABLETAS,37953,ME38177/3,DIOSMINA 600 mg X 28 TABLETAS RECUBIERTAS,Diosmina,TABLETAS,"CALOX INTERNATIONAL, C.A.",https://mav.farmaciasaas.com/api/images/articulos/DISTRIBUCION/29796.jpg,3
DIOSMINA ||| TABLETAS,37954,ME38177/2,DIOSMINA 600 mg X 14 TABLETAS RECUBIERTAS,Diosmina,TABLETAS,"CALOX INTERNATIONAL, C.A.",https://mav.farmaciasaas.com/api/images/articulos/DISTRIBUCION/97147.jpg,3
DIOSMINA ||| TABLETAS,37955,ME38177/4,DIOSMINA 600 mg X 30 TABLETAS RECUBIERTAS,Diosmina,TABLETAS,"CALOX INTERNATIONAL, C.A.",https://pccentro.net.ve/img/s/8/3/9/3/8/83938-large_default.webp,3
DIOSMINA - HESPERIDINA ||| TABLETAS,37956,ME36420,DIOSMINA - HESPERIDINA 450 mg - 50 mg X 30 TABLETAS RECUBIERTAS,Diosmina - Hesperidina,TABLETAS,"CALOX INTERNATIONAL, C.A.",https://mav.farmaciasaas.com/api/images/articulos/DISTRIBUCION/24807.jpg,2
DIOSMINA - HESPERIDINA ||| TABLETAS,39598,ME44209,VERICOLAN 450 mg - 50 mg X 30 TABLETAS RECUBIERTAS,Diosmina - Hesperidina,TABLETAS,"LABORATORIO COFASA, S.A.",,2
PREGABALINA ||| CAPSULAS,37973,ME42184,DOLNIX 150 mg X 20 CAPSULAS,Pregabalina,CAPSULAS,"ESPECIALIDADES DOLLDER, C.A.",https://mav.farmaciasaas.com/api/images/articulos/DISTRIBUCION/51126.jpg,20
PREGABALINA ||| CAPSULAS,38427,ME39216,MARTESIA 25 mg X 30 CAPSULAS,Pregabalina,CAPSULAS,MEGALABS S.A.,https://mav.farmaciasaas.com/api/images/articulos/DISTRIBUCION/17771.jpg,20
PREGABALINA ||| CAPSULAS,38428,ME38501,MARTESIA 300 mg X 14 CAPSULAS,Pregabalina,CAPSULAS,MEGALABS S.A.,https://mav.farmaciasaas.com/api/images/articulos/DISTRIBUCION/95724.jpg,20
PREGABALINA ||| CAPSULAS,38429,ME38503,MARTESIA 75 mg X 14 CAPSULAS,Pregabalina,CAPSULAS,MEGALABS S.A.,https://mav.farmaciasaas.com/api/images/articulos/DISTRIBUCION/95844.jpg,20
PREGABALINA ||| CAPSULAS,38547,ME38422,NEURIXA 150 mg X 14 CAPSULAS,Pregabalina,CAPSULAS,LABORATORIOS FARMA S.A.,https://mav.farmaciasaas.com/api/images/articulos/DISTRIBUCION/93669.jpg,20
PREGABALINA ||| CAPSULAS,38548,ME38421/2,NEURIXA 75 mg X 14 CAPSULAS,Pregabalina,CAPSULAS,LABORATORIOS FARMA S.A.,https://mav.farmaciasaas.com/api/images/articulos/DISTRIBUCION/93668.jpg,20
PREGABALINA ||| CAPSULAS,38549,ME38421/3,NEURIXA 75 mg X 21 CAPSULAS,Pregabalina,CAPSULAS,LABORATORIOS FARMA S.A.,https://pccentro.net.ve/img/s/2/5/8/0/6/25806-large_default.webp,20
PREGABALINA ||| CAPSULAS,38646,ME39670/2,PEGYT 150 mg X 20 CAPSULAS,Pregabalina,CAPSULAS,"LABORATORIOS LETI, S.A.V.",https://mav.farmaciasaas.com/api/images/articulos/DISTRIBUCION/21676.jpg,20
PREGABALINA ||| CAPSULAS,38647,ME39670/3,PEGYT 150 mg X 30 CAPSULAS,Pregabalina,CAPSULAS,"LABORATORIOS LETI, S.A.V.",https://pccentro.net.ve/img/s/8/4/1/0/5/84105-large_default.webp,20
PREGABALINA ||| CAPSULAS,38648,ME43568,PEGYT 25 mg X 30 CAPSULAS,Pregabalina,CAPSULAS,"LABORATORIOS LETI, S.A.V.",https://mav.farmaciasaas.com/api/images/articulos/DISTRIBUCION/52624.jpg,20
PREGABALINA ||| CAPSULAS,38649,ME39669,PEGYT 75 mg X 20 CAPSULAS,Pregabalina,CAPSULAS,"LABORATORIOS LETI, S.A.V.",https://mav.farmaciasaas.com/api/images/articulos/DISTRIBUCION/99406.jpg,20
PREGABALINA ||| CAPSULAS,38678,ME41289,PRALINA 75 mg X 14 CAPSULAS,Pregabalina,CAPSULAS,"BIOTECH LABORATORIOS, C.A.",https://mav.farmaciasaas.com/api/images/articulos/DISTRIBUCION/17014.jpg,20
PREGABALINA ||| CAPSULAS,38694,ME42570/3,PREGABALINA 150 mg X 30 CAPSULAS,Pregabalina,CAPSULAS,REMUS PHARMACEUTICALS PVT. LTD.,https://mav.farmaciasaas.com/api/images/articulos/DISTRIBUCION/27605.jpg,20
PREGABALINA ||| CAPSULAS,38695,ME42570/2,PREGABALINA 150 mg X 20 CAPSULAS,Pregabalina,CAPSULAS,REMUS PHARMACEUTICALS PVT. LTD.,https://pccentro.net.ve/img/s/8/4/1/0/5/84105-large_default.webp,20
PREGABALINA ||| CAPSULAS,38696,ME44579/3,PREGALIS 75MG X 30 CAPSULAS,Pregabalina,CAPSULAS,PINNACLE LIFE SCIENCE PVT. LTD.,https://mav.farmaciasaas.com/api/images/articulos/DISTRIBUCION/51773.jpg,20
PREGABALINA ||| CAPSULAS,38697,ME44579/2,PREGALIS 75MG X 14 CAPSULAS,Pregabalina,CAPSULAS,PINNACLE LIFE SCIENCE PVT. LTD.,https://mav.farmaciasaas.com/api/images/articulos/DISTRIBUCION/23488.jpg,20
PREGABALINA ||| CAPSULAS,38698,ME41141,PRELIVAL 150 mg X 20 CAPSULAS,Pregabalina,CAPSULAS,"LABORATORIOS VALMOR, C.A.",https://mav.farmaciasaas.com/api/images/articulos/DISTRIBUCION/22390.jpg,20
PREGABALINA ||| CAPSULAS,38699,ME41142,PRELIVAL 75 mg X 20 CAPSULAS,Pregabalina,CAPSULAS,"LABORATORIOS VALMOR, C.A.",https://mav.farmaciasaas.com/api/images/articulos/DISTRIBUCION/22389.jpg,20
PREGABALINA ||| CAPSULAS,39338,ME43569,PEGYT 50 mg X 30 CAPSULAS,Pregabalina,CAPSULAS,"LABORATORIOS LETI, S.A.V.",https://mav.farmaciasaas.com/api/images/articulos/DISTRIBUCION/52625.jpg,20
PREGABALINA ||| CAPSULAS,39567,ME44199,PREGATAN 75 mg X 30 CAPSULAS,Pregabalina,CAPSULAS,REMUS PHARMACEUTICALS PVT. LTD.,https://pccentro.net.ve/img/s/2/5/8/0/6/25806-large_default.webp,20
DOMPERIDONA ||| TABLETAS,37974,ME44581/2,Domperidona 10mg X 10 Tabletas,Domperidona,TABLETAS,"ANMOL HEALTHCARE LABORATORY PVT, LTD",https://mav.farmaciasaas.com/api/images/articulos/DISTRIBUCION/53481.jpg,5
DOMPERIDONA ||| TABLETAS,37975,ME44581/3,Domperidona 10mg X 15 Tabletas,Domperidona,TABLETAS,"ANMOL HEALTHCARE LABORATORY PVT, LTD",https://mav.farmaciasaas.com/api/images/articulos/DISTRIBUCION/11636.jpg,5
DOMPERIDONA ||| TABLETAS,37976,ME44581/4,Domperidona 10mg X 30 Tabletas,Domperidona,TABLETAS,"ANMOL HEALTHCARE LABORATORY PVT, LTD",https://mav.farmaciasaas.com/api/images/articulos/DISTRIBUCION/99579/99579.jpg,5
DOMPERIDONA ||| TABLETAS,38513,ME43308,MOPERID 10 mg X 20 TABLETAS,Domperidona,TABLETAS,LABORATORIOS SIEGFRIED S.A.,https://mav.farmaciasaas.com/api/images/articulos/DISTRIBUCION/20367.jpg,5
DOMPERIDONA ||| TABLETAS,38882,ME34350,TONUM 10 mg X 30 TABLETAS,Domperidona,TABLETAS,"BIOTECH LABORATORIOS, C.A.",https://mav.farmaciasaas.com/api/images/articulos/DISTRIBUCION/95057.jpg,5
DOMPERIDONA ||| COMPRIMIDOS,37977,ME36325,DOMPESIN 10 mg X 30 COMPRIMIDOS,Domperidona,COMPRIMIDOS,"ESPECIALIDADES DOLLDER, C.A.",https://mav.farmaciasaas.com/api/images/articulos/DISTRIBUCION/11584.jpg,2
DOMPERIDONA ||| COMPRIMIDOS,39196,ME35688,DOMPERIDONA 10 mg COMPRIMIDOS,Domperidona,COMPRIMIDOS,"LABORATORIOS SPEFAR VENEZOLANOS, S.A.",https://pccentro.net.ve/img/s/9/2/7/6/1/92761-large_default.webp,2
DOMPERIDONA ||| SUSPENSION ORAL,37978,ME38983,DOMPESIN 1 mg / mL SUSPENSION,Domperidona,SUSPENSION ORAL,"ESPECIALIDADES DOLLDER, C.A.",https://mav.farmaciasaas.com/api/images/articulos/DISTRIBUCION/94774.jpg,2
DOMPERIDONA ||| SUSPENSION ORAL,38881,ME34754,TONUM 1 mg / mL  SUSPENSION ORAL,Domperidona,SUSPENSION ORAL,"BIOTECH LABORATORIOS, C.A.",https://mav.farmaciasaas.com/api/images/articulos/DISTRIBUCION/9640.jpg,2
DONEPEZILO ||| CAPSULAS,37979,ME44460/3,DONEPEZILO CLORHIDRATO 10 mg X 56 CÁPSULAS,Donepezilo,CAPSULAS,"LABORATORIOS LETI, S.A.V.",https://mav.farmaciasaas.com/api/images/articulos/DISTRIBUCION/25141.jpg,2
DONEPEZILO ||| CAPSULAS,37980,ME44460/2,DONEPEZILO CLORHIDRATO 10 mg X 10 CÁPSULAS,Donepezilo,CAPSULAS,"LABORATORIOS LETI, S.A.V.",https://mav.farmaciasaas.com/api/images/articulos/DISTRIBUCION/51311.jpg,2
CICLOBENZAPRINA - CLONIXINO LISINA ||| COMPRIMIDOS,37981,ME32119/4,DORIXINA FLEX 125 mg - 5 mg X 20 COMPRIMIDOS RECUBIERTOS,Ciclobenzaprina - Clonixino Lisina,COMPRIMIDOS,MEGALABS S.A.,https://mav.farmaciasaas.com/api/images/articulos/DISTRIBUCION/50180.jpg,3
CICLOBENZAPRINA - CLONIXINO LISINA ||| COMPRIMIDOS,37982,ME32119/2,DORIXINA FLEX 125 mg - 5 mg X 5 COMPRIMIDOS RECUBIERTOS,Ciclobenzaprina - Clonixino Lisina,COMPRIMIDOS,MEGALABS S.A.,https://mav.farmaciasaas.com/api/images/articulos/DISTRIBUCION/29269.jpg,3
CICLOBENZAPRINA - CLONIXINO LISINA ||| COMPRIMIDOS,37983,ME32119/3,DORIXINA FLEX 125 mg - 5 mg X 10 COMPRIMIDOS RECUBIERTOS,Ciclobenzaprina - Clonixino Lisina,COMPRIMIDOS,MEGALABS S.A.,https://mav.farmaciasaas.com/api/images/articulos/DISTRIBUCION/4116.jpg,3
DOBESILATO DE CALCIO ||| CAPSULAS,37986,ME21021,DOXIUM 500 mg X 30 CAPSULAS,Dobesilato De Calcio,CAPSULAS,"LABORATORIOS LETI, S.A.V.",https://mav.farmaciasaas.com/api/images/articulos/DISTRIBUCION/52056.jpg,2
DOBESILATO DE CALCIO ||| CAPSULAS,39487,ME24286,DEOXICAL 500 mg X 30 CAPSULAS,Dobesilato De Calcio,CAPSULAS,"LABORATORIO LA SANTE, C.A.",https://pccentro.net.ve/img/s/8/5/3/0/3/85303-large_default.webp,2
DUTASTERIDA - TAMSULOSINA ||| CAPSULAS,37992,ME44389/2,"TAMSULON DUO 0,5 mg - 0,4 mg X 10 CÁPSULAS DE LIBERACION PROLONGADA",Dutasterida - Tamsulosina,CAPSULAS,ASOFARMA S.A.I. Y C,https://mav.farmaciasaas.com/api/images/articulos/DISTRIBUCION/54212.jpg,2
DUTASTERIDA - TAMSULOSINA ||| CAPSULAS,37993,ME44389/3,"TAMSULON DUO 0,5 mg - 0,4 mg X 30 CÁPSULAS DE LIBERACION PROLONGADA",Dutasterida - Tamsulosina,CAPSULAS,ASOFARMA S.A.I. Y C,,2
QUETIAPINA ||| COMPRIMIDOS,37995,ME36415,EDAGAN 200 mg X 30 COMPRIMIDOS RECUBIERTOS,Quetiapina,COMPRIMIDOS,MEGALABS S.A.,https://mav.farmaciasaas.com/api/images/articulos/DISTRIBUCION/90689.jpg,9
QUETIAPINA ||| COMPRIMIDOS,37996,ME36330,EDAGAN 25 mg X 30 COMPRIMIDOS RECUBIERTOS,Quetiapina,COMPRIMIDOS,MEGALABS S.A.,https://mav.farmaciasaas.com/api/images/articulos/DISTRIBUCION/90687.jpg,9
QUETIAPINA ||| COMPRIMIDOS,38711,ME39822,QUETIAZIC 300 mg X 30 COMPRIMIDOS RECUBIERTOS,Quetiapina,COMPRIMIDOS,"MONTE VERDE, S.A.",https://mav.farmaciasaas.com/api/images/articulos/DISTRIBUCION/51310.jpg,9
QUETIAPINA ||| COMPRIMIDOS,39345,ME42605B,QUETIAPINA 100 mg COMPRIMIDOS RECUBIERTOS,Quetiapina,COMPRIMIDOS,"LABORATORIOS LETI, S.A.V.",https://pccentro.net.ve/img/s/2/4/5/2/9/24529-large_default.webp,9
QUETIAPINA ||| COMPRIMIDOS,39347,ME42527,QUETIAPINA 100 mg COMPRIMIDOS,Quetiapina,COMPRIMIDOS,"LABORATORIOS SPEFAR VENEZOLANOS, S.A.",https://pccentro.net.ve/img/s/2/4/5/2/9/24529-large_default.webp,9
QUETIAPINA ||| COMPRIMIDOS,39348,ME42526,QUETIAPINA 25 mg COMPRIMIDOS,Quetiapina,COMPRIMIDOS,"LABORATORIOS SPEFAR VENEZOLANOS, S.A.",https://pccentro.net.ve/img/s/2/4/5/3/0/24530-large_default.webp,9
QUETIAPINA ||| COMPRIMIDOS,39434,ME44711,ATAPEC 25 mg X 30 COMPRIMIDOS RECUBIERTOS,Quetiapina,COMPRIMIDOS,VICENTE SCAVONE & CIA. S.A.E. - LABORATORIOS LASCA,https://mav.farmaciasaas.com/api/images/articulos/DISTRIBUCION/53750.jpg,9
QUETIAPINA ||| COMPRIMIDOS,39494,ME39862,DROPIL 100 mg X 40 COMPRIMIDOS RECUBIERTOS,Quetiapina,COMPRIMIDOS,"ESPECIALIDADES DOLLDER, C.A.",https://mav.farmaciasaas.com/api/images/articulos/DISTRIBUCION/96830.jpg,9
QUETIAPINA ||| COMPRIMIDOS,39495,ME39861,DROPIL 200 mg X 40 COMPRIMIDOS RECUBIERTOS,Quetiapina,COMPRIMIDOS,"ESPECIALIDADES DOLLDER, C.A.",https://mav.farmaciasaas.com/api/images/articulos/DISTRIBUCION/97140.jpg,9
FUROSEMIDA ||| INYECTABLE,37997,HO30096,EDEMID 10 mg / mL X 5 AMPOLLAS,Furosemida,INYECTABLE,"LABORATORIO PISA, S.A. DE C.V",https://mav.farmaciasaas.com/api/images/articulos/DISTRIBUCION/2361.jpg,2
FUROSEMIDA ||| INYECTABLE,38139,HO32365,FUROSEMIDA 20 mg / 2 mL X 3 AMPOLLAS,Furosemida,INYECTABLE,"LABORATORIOS VALMOR, C.A.",https://mav.farmaciasaas.com/api/images/articulos/DISTRIBUCION/28787.jpg,2
EMPAGLIFLOZINA - LINAGLIPTINA ||| COMPRIMIDOS,37998,ME44046,EMPAGLIFLOZINA - LINAGLIPTINA 10 mg - 5 mg X 30 COMPRIMIDOS RECUBIERTOS,Empagliflozina - Linagliptina,COMPRIMIDOS,"LABORATORIOS LETI, S.A.V.",,4
EMPAGLIFLOZINA - LINAGLIPTINA ||| COMPRIMIDOS,37999,ME44045,EMPAGLIFLOZINA - LINAGLIPTINA 25 mg - 5 mg X 30 COMPRIMIDOS RECUBIERTOS,Empagliflozina - Linagliptina,COMPRIMIDOS,"LABORATORIOS LETI, S.A.V.",,4
EMPAGLIFLOZINA - LINAGLIPTINA ||| COMPRIMIDOS,38265,ME44047,IZABAN DPP 25 mg - 5 mg X 30 COMPRIMIDOS RECUBIERTOS,Empagliflozina - Linagliptina,COMPRIMIDOS,"LABORATORIOS LETI, S.A.V.",https://mav.farmaciasaas.com/api/images/articulos/DISTRIBUCION/54207.jpg,4
EMPAGLIFLOZINA - LINAGLIPTINA ||| COMPRIMIDOS,39266,ME44048,IZABAN DPP 10 mg - 5 mg COMPRIMIDOS RECUBIERTOS,Empagliflozina - Linagliptina,COMPRIMIDOS,"LABORATORIOS LETI, S.A.V.",,4
ENALAPRIL ||| COMPRIMIDOS,38000,ME26688,ENALAPRIL MALEATO 10 mg X 20 COMPRIMIDOS RECUBIERTOS,Enalapril,COMPRIMIDOS,"LABORATORIOS LETI, S.A.V.",https://mav.farmaciasaas.com/api/images/articulos/DISTRIBUCION/23682.jpg,2
ENALAPRIL ||| COMPRIMIDOS,39199,ME26689,ENALAPRIL MALEATO 20 mg COMPRIMIDOS RECUBIERTOS,Enalapril,COMPRIMIDOS,"LABORATORIOS LETI, S.A.V.",https://pccentro.net.ve/img/s/2/5/0/0/1/25001-large_default.webp,2
ENALAPRIL - LERCANIDIPINO ||| COMPRIMIDOS,38001,ME43620,LERCANIDIPINA CLORHIDRATO – ENALAPRIL MALEATO 10 mg – 20 mg X 30 COMPRIMIDOS RECUBIERTOS,Enalapril - Lercanidipino,COMPRIMIDOS,"LABORATORIOS LETI, S.A.V.",,2
ENALAPRIL - LERCANIDIPINO ||| COMPRIMIDOS,38002,ME43619,LERCANIDIPINA CLORHIDRATO - ENALAPRIL MALEATO 10 mg - 10 mg X 30 COMPRIMIDOS RECUBIERTOS,Enalapril - Lercanidipino,COMPRIMIDOS,"LABORATORIOS LETI, S.A.V.",,2
ENALAPRIL ||| TABLETAS,38004,ME26416/2,ENALAPRIL 20 mg X 20 TABLETAS,Enalapril,TABLETAS,"CALOX INTERNATIONAL, C.A.",https://mav.farmaciasaas.com/api/images/articulos/DISTRIBUCION/7965.jpg,4
ENALAPRIL ||| TABLETAS,38005,ME26416/3,ENALAPRIL 20 mg X 30 TABLETAS,Enalapril,TABLETAS,"CALOX INTERNATIONAL, C.A.",https://mav.farmaciasaas.com/api/images/articulos/DISTRIBUCION/99636.jpg,4
ENALAPRIL ||| TABLETAS,38006,ME34824,ENALAPRIL MALEATO 20 mg X 30 TABLETAS,Enalapril,TABLETAS,"LABORATORIO PLUSANDEX DE FARMACEUTICOS UNIDOS, PLUSANDEX, C.A.",https://mav.farmaciasaas.com/api/images/articulos/DISTRIBUCION/13265.jpg,4
ENALAPRIL ||| TABLETAS,39200,ME27590,ENALAPRIL MALEATO 20 mg X 30 TABLETAS,Enalapril,TABLETAS,"LABORATORIOS KIMICEG, C.A.",https://mav.farmaciasaas.com/api/images/articulos/DISTRIBUCION/98889.jpg,4
LAMOTRIGINA ||| TABLETAS,38009,ME43715,EPITRAL 25 MG X 30 TABLETAS,Lamotrigina,TABLETAS,"LABORATORIOS VALMOR, C.A.",https://mav.farmaciasaas.com/api/images/articulos/DISTRIBUCION/52494.jpg,13
LAMOTRIGINA ||| TABLETAS,38010,ME42128,EPITRAL 100 mg X 30 TABLETAS,Lamotrigina,TABLETAS,"LABORATORIOS VALMOR, C.A.",https://mav.farmaciasaas.com/api/images/articulos/DISTRIBUCION/20035.jpg,13
LAMOTRIGINA ||| TABLETAS,38011,ME42127,EPITRAL 50 mg X 30 TABLETAS,Lamotrigina,TABLETAS,"LABORATORIOS VALMOR, C.A.",https://mav.farmaciasaas.com/api/images/articulos/DISTRIBUCION/20036.jpg,13
LAMOTRIGINA ||| TABLETAS,38310,ME44410,LAMICTAL 25 mg X 30 TABLETAS DISPERSABLES-MASTICABLES,Lamotrigina,TABLETAS,"DELPHARM POZNAN, S.A.",https://mav.farmaciasaas.com/api/images/articulos/DISTRIBUCION/11119.jpg,13
LAMOTRIGINA ||| TABLETAS,38311,ME42689,LAMOTRIGINA 100 mg X 30 TABLETAS RECUBIERTAS,Lamotrigina,TABLETAS,COOPER PHARMA LTD,https://mav.farmaciasaas.com/api/images/articulos/DISTRIBUCION/23029.jpg,13
LAMOTRIGINA ||| TABLETAS,38312,ME44647,LAMOTRIGINA 100 mg X 28 TABLETAS DE LIBERACION PROLONGADA,Lamotrigina,TABLETAS,ZYDUS LIFESCIENCIES LIMITED,https://mav.farmaciasaas.com/api/images/articulos/DISTRIBUCION/20096.jpg,13
LAMOTRIGINA ||| TABLETAS,39276,ME43612,LAGEMIN 25 mg X 30 TABLETAS DISPERSABLES,Lamotrigina,TABLETAS,"GEMA LABS, C.A.",https://mav.farmaciasaas.com/api/images/articulos/DISTRIBUCION/52653.jpg,13
LAMOTRIGINA ||| TABLETAS,39277,ME43611/3,LAGEMIN 50 mg X 30 TABLETAS DISPERSABLES,Lamotrigina,TABLETAS,"GEMA LABS, C.A.",https://mav.farmaciasaas.com/api/images/articulos/DISTRIBUCION/52656.jpg,13
LAMOTRIGINA ||| TABLETAS,39278,ME43611/2,LAGEMIN 50 mg X 10 TABLETAS DISPERSABLES,Lamotrigina,TABLETAS,"GEMA LABS, C.A.",https://pccentro.net.ve/img/s/2/2/7/6/9/22769-large_default.webp,13
LAMOTRIGINA ||| TABLETAS,39279,ME43637/2,LAGEMIN 100 mg X 10 TABLETAS DISPERSABLES,Lamotrigina,TABLETAS,"GEMA LABS, C.A.",https://mav.farmaciasaas.com/api/images/articulos/DISTRIBUCION/52657.jpg,13
LAMOTRIGINA ||| TABLETAS,39280,ME43637/3,LAGEMIN 100 mg X 30 TABLETAS DISPERSABLES,Lamotrigina,TABLETAS,"GEMA LABS, C.A.",https://pccentro.net.ve/img/s/3/0/6/0/0/30600-large_default.webp,13
LAMOTRIGINA ||| TABLETAS,39535,ME44412,LAMICTAL 100 mg X 30 TABLETAS DISPERSABLES-MASTICABLES,Lamotrigina,TABLETAS,"DELPHARM POZNAN, S.A.",https://mav.farmaciasaas.com/api/images/articulos/DISTRIBUCION/11117.jpg,13
LAMOTRIGINA ||| TABLETAS,39536,ME44411,LAMICTAL 50 mg X 30 TABLETAS DISPERSABLES - MASTICABLES,Lamotrigina,TABLETAS,"DELPHARM POZNAN, S.A.",https://mav.farmaciasaas.com/api/images/articulos/DISTRIBUCION/11118.jpg,13
ESCITALOPRAM ||| COMPRIMIDOS,38015,ME40959/4,ESCITALOPRAM 10 mg X 56 COMPRIMIDOS RECUBIERTOS,Escitalopram,COMPRIMIDOS,MEGALABS S.A.,https://mav.farmaciasaas.com/api/images/articulos/DISTRIBUCION/22243.jpg,6
ESCITALOPRAM ||| COMPRIMIDOS,38016,ME40959/2,ESCITALOPRAM 10 mg X 14 COMPRIMIDOS RECUBIERTOS,Escitalopram,COMPRIMIDOS,MEGALABS S.A.,https://mav.farmaciasaas.com/api/images/articulos/DISTRIBUCION/23490.jpg,6
ESCITALOPRAM ||| COMPRIMIDOS,38017,ME40959/3,ESCITALOPRAM 10 mg X 30 COMPRIMIDOS RECUBIERTOS,Escitalopram,COMPRIMIDOS,MEGALABS S.A.,https://mav.farmaciasaas.com/api/images/articulos/DISTRIBUCION/25666.jpg,6
ESCITALOPRAM ||| COMPRIMIDOS,38018,ME40960/3,ESCITALOPRAM 20 mg X 30 COMPRIMIDOS RECUBIERTOS,Escitalopram,COMPRIMIDOS,MEGALABS S.A.,https://pccentro.net.ve/img/s/2/4/7/2/5/24725-large_default.webp,6
ESCITALOPRAM ||| COMPRIMIDOS,38019,ME40960/2,ESCITALOPRAM 20 mg X 28 COMPRIMIDOS RECUBIERTOS,Escitalopram,COMPRIMIDOS,MEGALABS S.A.,https://mav.farmaciasaas.com/api/images/articulos/DISTRIBUCION/53635.jpg,6
ESCITALOPRAM ||| COMPRIMIDOS,39505,ME42994,EZENTIUS 20 mg X 20 COMPRIMIDOS RECUBIERTOS,Escitalopram,COMPRIMIDOS,MEGALABS S.A.,https://mav.farmaciasaas.com/api/images/articulos/DISTRIBUCION/53836.jpg,6
ESCITALOPRAM ||| TABLETAS,38023,ME41771/3,ESCITALOPRAM 20 mg X 30 TABLETAS RECUBIERTAS,Escitalopram,TABLETAS,"CALOX INTERNATIONAL, C.A.",https://mav.farmaciasaas.com/api/images/articulos/DISTRIBUCION/50533.jpg,4
ESCITALOPRAM ||| TABLETAS,38024,ME41771/2,ESCITALOPRAM 20 mg X 14 TABLETAS RECUBIERTAS,Escitalopram,TABLETAS,"CALOX INTERNATIONAL, C.A.",https://mav.farmaciasaas.com/api/images/articulos/DISTRIBUCION/29792.jpg,4
ESCITALOPRAM ||| TABLETAS,38026,ME43163,ESCITALOPRAM 10 mg X 28 TABLETAS RECUBIERTAS,Escitalopram,TABLETAS,RONALD PHARMACEUTICALS PVT. LTD.,https://pccentro.net.ve/img/s/7/2/4/9/3/72493-large_default.webp,4
ESCITALOPRAM ||| TABLETAS,38028,ME44181,ESOCOF 10 mg X 30 TABLETAS RECUBIERTAS,Escitalopram,TABLETAS,"LABORATORIO COFASA, S.A.",https://mav.farmaciasaas.com/api/images/articulos/DISTRIBUCION/54292.jpg,4
ESOMEPRAZOL MAGNESICO ||| TABLETAS,38029,ME35847/2,ESOMEPRAZOL 40mg X 10 TABLETAS RECUBIERTAS,Esomeprazol Magnesico,TABLETAS,"LABORATORIO LA SANTE, C.A.",https://mav.farmaciasaas.com/api/images/articulos/DISTRIBUCION/53297.jpg,13
ESOMEPRAZOL MAGNESICO ||| TABLETAS,38030,ME35847/5,ESOMEPRAZOL 40mg X 20 TABLETAS RECUBIERTAS,Esomeprazol Magnesico,TABLETAS,"LABORATORIO LA SANTE, C.A.",https://mav.farmaciasaas.com/api/images/articulos/DISTRIBUCION/52764.jpg,13
ESOMEPRAZOL MAGNESICO ||| TABLETAS,38031,ME35847/4,ESOMEPRAZOL 40mg X 16 TABLETAS RECUBIERTAS,Esomeprazol Magnesico,TABLETAS,"LABORATORIO LA SANTE, C.A.",https://mav.farmaciasaas.com/api/images/articulos/DISTRIBUCION/52333.jpg,13
ESOMEPRAZOL MAGNESICO ||| TABLETAS,38032,ME35847/3,ESOMEPRAZOL 40mg X 14 TABLETAS RECUBIERTAS,Esomeprazol Magnesico,TABLETAS,"LABORATORIO LA SANTE, C.A.",https://mav.farmaciasaas.com/api/images/articulos/DISTRIBUCION/24174.jpg,13
ESOMEPRAZOL MAGNESICO ||| TABLETAS,38036,ME35130/3,ESOMEPRAZOL 20 mg X 20 TABLETAS RECUBIERTAS,Esomeprazol Magnesico,TABLETAS,"CALOX INTERNATIONAL, C.A.",https://mav.farmaciasaas.com/api/images/articulos/DISTRIBUCION/96831.jpg,13
ESOMEPRAZOL MAGNESICO ||| TABLETAS,38037,ME35130/2,ESOMEPRAZOL 20 mg X 14 TABLETAS RECUBIERTAS,Esomeprazol Magnesico,TABLETAS,"CALOX INTERNATIONAL, C.A.",https://mav.farmaciasaas.com/api/images/articulos/DISTRIBUCION/24141.jpg,13
ESOMEPRAZOL MAGNESICO ||| TABLETAS,38038,ME35407/3,ESOZ 20 mg X 14 TABLETAS RECUBIERTAS,Esomeprazol Magnesico,TABLETAS,"LABORATORIO LA SANTE, C.A.",https://mav.farmaciasaas.com/api/images/articulos/DISTRIBUCION/98439/98439.jpg,13
ESOMEPRAZOL MAGNESICO ||| TABLETAS,38039,ME35407/4,ESOZ 20 mg X 28 TABLETAS RECUBIERTAS,Esomeprazol Magnesico,TABLETAS,"LABORATORIO LA SANTE, C.A.",https://mav.farmaciasaas.com/api/images/articulos/DISTRIBUCION/98438/98438.jpg,13
ESOMEPRAZOL MAGNESICO ||| TABLETAS,38040,ME35407/2,ESOZ 20 mg X 7 TABLETAS RECUBIERTAS,Esomeprazol Magnesico,TABLETAS,"LABORATORIO LA SANTE, C.A.",https://mav.farmaciasaas.com/api/images/articulos/DISTRIBUCION/18359.jpg,13
ESOMEPRAZOL MAGNESICO ||| TABLETAS,38041,ME34984/3,ESOZ 40 mg X 14 TABLETAS RECUBIERTAS DE LIBERACION RETARDADA,Esomeprazol Magnesico,TABLETAS,"LABORATORIO LA SANTE, C.A.",https://mav.farmaciasaas.com/api/images/articulos/DISTRIBUCION/97637/97637.jpg,13
ESOMEPRAZOL MAGNESICO ||| TABLETAS,38042,ME34984/4,ESOZ 40 mg X 28 TABLETAS RECUBIERTAS DE LIBERACION RETARDADA,Esomeprazol Magnesico,TABLETAS,"LABORATORIO LA SANTE, C.A.",https://mav.farmaciasaas.com/api/images/articulos/DISTRIBUCION/97588/97588.jpg,13
ESOMEPRAZOL MAGNESICO ||| TABLETAS,38043,ME34984/2,ESOZ 40 mg X 7 TABLETAS RECUBIERTAS DE LIBERACION RETARDADA,Esomeprazol Magnesico,TABLETAS,"LABORATORIO LA SANTE, C.A.",https://mav.farmaciasaas.com/api/images/articulos/DISTRIBUCION/18360.jpg,13
ESOMEPRAZOL MAGNESICO ||| TABLETAS,39501,ME42489,ESOFLUX 20 mg X 30 TABLETAS CON RECUBRIMIENTO ENTERICO,Esomeprazol Magnesico,TABLETAS,DEUTSCHE LABS. INC.,https://pccentro.net.ve/img/s/3/3/3/5/3/33353-large_default.webp,13
ESOMEPRAZOL MAGNESICO ||| CAPSULAS,38033,ME37458/2,ESOMEPRAZOL 20 mg X 16 CAPSULAS CON MICROGRANULOS DE LIBERACION ENTERICA,Esomeprazol Magnesico,CAPSULAS,"LABORATORIOS LETI, S.A.V.",https://mav.farmaciasaas.com/api/images/articulos/DISTRIBUCION/52348.jpg,9
ESOMEPRAZOL MAGNESICO ||| CAPSULAS,38034,ME37458/3,ESOMEPRAZOL 20 mg X 28 CAPSULAS CON MICROGRANULOS DE LIBERACION ENTERICA,Esomeprazol Magnesico,CAPSULAS,"LABORATORIOS LETI, S.A.V.",https://mav.farmaciasaas.com/api/images/articulos/DISTRIBUCION/52332.jpg,9
ESOMEPRAZOL MAGNESICO ||| CAPSULAS,38904,ME36772/2,ULGARIN 20 mg X 16 CAPSULAS,Esomeprazol Magnesico,CAPSULAS,"LABORATORIOS LETI, S.A.V.",https://mav.farmaciasaas.com/api/images/articulos/DISTRIBUCION/23023.jpg,9
ESOMEPRAZOL MAGNESICO ||| CAPSULAS,38905,ME36772/3,ULGARIN 20 mg X 28 CAPSULAS,Esomeprazol Magnesico,CAPSULAS,"LABORATORIOS LETI, S.A.V.",https://mav.farmaciasaas.com/api/images/articulos/DISTRIBUCION/13252.jpg,9
ESOMEPRAZOL MAGNESICO ||| CAPSULAS,38906,ME36645/2,ULGARIN 40 mg X 16 CAPSULAS,Esomeprazol Magnesico,CAPSULAS,"LABORATORIOS LETI, S.A.V.",https://mav.farmaciasaas.com/api/images/articulos/DISTRIBUCION/23886.jpg,9
ESOMEPRAZOL MAGNESICO ||| CAPSULAS,38907,ME36645/3,ULGARIN 40 mg X 32 CAPSULAS,Esomeprazol Magnesico,CAPSULAS,"LABORATORIOS LETI, S.A.V.",https://mav.farmaciasaas.com/api/images/articulos/DISTRIBUCION/13323.jpg,9
ESOMEPRAZOL MAGNESICO ||| CAPSULAS,38998,ME39051,ZONIUM 20 mg X 14 CAPSULAS CON MICROGRANULOS ENTERICOS,Esomeprazol Magnesico,CAPSULAS,"BIOTECH LABORATORIOS, C.A.",https://mav.farmaciasaas.com/api/images/articulos/DISTRIBUCION/22055.jpg,9
ESOMEPRAZOL MAGNESICO ||| CAPSULAS,38999,ME39050,ZONIUM 40 mg X 14 CAPSULAS CON MICROGRANULOS ENTERICOS,Esomeprazol Magnesico,CAPSULAS,"BIOTECH LABORATORIOS, C.A.",https://mav.farmaciasaas.com/api/images/articulos/DISTRIBUCION/22056.jpg,9
ESOMEPRAZOL MAGNESICO ||| CAPSULAS,39202,ME36883,ESOMEPRAZOL 40 mg X 16 CAPSULAS CON MICROGRANULOS DE LIBERACION ENTERICA.,Esomeprazol Magnesico,CAPSULAS,"LABORATORIOS LETI, S.A.V.",https://pccentro.net.ve/img/s/3/0/7/3/7/30737-large_default.webp,9
ESPIRONOLACTONA ||| TABLETAS,38045,ME33352/2,ESPIRONOLACTONA 25 mg X 10 TABLETAS,Espironolactona,TABLETAS,LABORATORIOS SIEGFRIED S.A.,https://mav.farmaciasaas.com/api/images/articulos/DISTRIBUCION/50567.jpg,3
ESPIRONOLACTONA ||| TABLETAS,38046,ME33352/4,ESPIRONOLACTONA 25 mg X 30 TABLETAS,Espironolactona,TABLETAS,LABORATORIOS SIEGFRIED S.A.,https://mav.farmaciasaas.com/api/images/articulos/DISTRIBUCION/51325.jpg,3
ESPIRONOLACTONA ||| TABLETAS,38047,ME33352/3,ESPIRONOLACTONA 25 mg X 20 TABLETAS,Espironolactona,TABLETAS,LABORATORIOS SIEGFRIED S.A.,https://mav.farmaciasaas.com/api/images/articulos/DISTRIBUCION/5474.jpg,3
RISPERIDONA ||| SOLUCION ORAL,38048,ME43795,ESQUIDONE 1 mg/mL X 30 SOLUCIÓN ORAL,Risperidona,SOLUCION ORAL,"LABORATORIOS VALMOR, C.A.",https://mav.farmaciasaas.com/api/images/articulos/DISTRIBUCION/98679.jpg,3
RISPERIDONA ||| SOLUCION ORAL,38728,ME39709,RIDAL 1 mg / mL SOLUCION ORAL,Risperidona,SOLUCION ORAL,MEGALABS S.A.,https://mav.farmaciasaas.com/api/images/articulos/DISTRIBUCION/96311.jpg,3
RISPERIDONA ||| SOLUCION ORAL,38738,ME36861,RISPERID 1 mg/ mL X 30 SOLUCION ORAL,Risperidona,SOLUCION ORAL,MEGALABS S.A.,https://mav.farmaciasaas.com/api/images/articulos/DISTRIBUCION/90686.jpg,3
RISPERIDONA ||| TABLETAS,38049,ME40159,ESQUIDONE 2 mg X 30 TABLETAS RECUBIERTAS,Risperidona,TABLETAS,"LABORATORIOS VALMOR, C.A.",https://mav.farmaciasaas.com/api/images/articulos/DISTRIBUCION/98680.jpg,3
RISPERIDONA ||| TABLETAS,38050,ME39561,ESQUIDONE 3 mg X 30 TABLETAS RECUBIERTAS,Risperidona,TABLETAS,"LABORATORIOS VALMOR, C.A.",https://mav.farmaciasaas.com/api/images/articulos/DISTRIBUCION/98681.jpg,3
RISPERIDONA ||| TABLETAS,38740,ME38180,RISPERIDONA 2 mg X 20 TABLETAS RECUBIERTAS,Risperidona,TABLETAS,"CALOX INTERNATIONAL, C.A.",https://mav.farmaciasaas.com/api/images/articulos/DISTRIBUCION/97451.jpg,3
HIDROCLOROTIAZIDA ||| COMPRIMIDOS,38055,ME42009,EUKENE HCT 40 mg - 25 mg X 30 COMPRIMIDOS RECUBIERTOS,Hidroclorotiazida,COMPRIMIDOS,MEGALABS S.A.,https://mav.farmaciasaas.com/api/images/articulos/DISTRIBUCION/26420.jpg,7
HIDROCLOROTIAZIDA ||| COMPRIMIDOS,38541,ME35489,NEFROTAL H 100 mg - 25 mg X 10 COMPRIMIDOS RECUBIERTOS,Hidroclorotiazida,COMPRIMIDOS,MEGALABS S.A.,https://mav.farmaciasaas.com/api/images/articulos/DISTRIBUCION/25321.jpg,7
HIDROCLOROTIAZIDA ||| COMPRIMIDOS,39108,ME42429,"BISOPROLOL FUMARATO - HIDROCLOROTIAZIDA 10 mg - 6,25 mg COMPRIMIDOS RECUBIERTOS",Hidroclorotiazida,COMPRIMIDOS,"LABORATORIOS SPEFAR VENEZOLANOS, S.A.",https://pccentro.net.ve/img/s/7/8/5/4/9/78549-large_default.webp,7
HIDROCLOROTIAZIDA ||| COMPRIMIDOS,39245,ME42460,"HIDROCLOROTIAZIDA 12,5 mg COMPRIMIDOS",Hidroclorotiazida,COMPRIMIDOS,"LABORATORIOS SPEFAR VENEZOLANOS, S.A.",https://mav.farmaciasaas.com/api/images/articulos/DISTRIBUCION/53195.jpg,7
HIDROCLOROTIAZIDA ||| COMPRIMIDOS,39246,ME41692,"HIDROCLOROTIAZIDA 12,5 mg COMPRIMIDOS",Hidroclorotiazida,COMPRIMIDOS,"LABORATORIOS LETI, S.A.V.",https://mav.farmaciasaas.com/api/images/articulos/DISTRIBUCION/17795.jpg,7
HIDROCLOROTIAZIDA ||| COMPRIMIDOS,39247,ME42590,HIDROCLOROTIAZIDA 25 mg COMPRIMIDOS,Hidroclorotiazida,COMPRIMIDOS,"LABORATORIOS SPEFAR VENEZOLANOS, S.A.",,7
HIDROCLOROTIAZIDA ||| COMPRIMIDOS,39323,ME40510,"OLMESARTAN MEDOXOMIL - HIDROCLOROTIAZIDA 40 mg - 12,5 mg COMPRIMIDOS RECUBIERTOS",Hidroclorotiazida,COMPRIMIDOS,"LABORATORIOS LETI, S.A.V.",https://pccentro.net.ve/img/s/8/3/7/3/7/83737-large_default.webp,7
EMPAGLIFLOZINA ||| TABLETAS,38059,ME44070,EVABOLIN 25 mg X 30 TABLETAS RECUBIERTAS,Empagliflozina,TABLETAS,"LABORATORIO COFASA, S.A.",https://mav.farmaciasaas.com/api/images/articulos/DISTRIBUCION/53346.jpg,4
EMPAGLIFLOZINA ||| TABLETAS,38174,ME44000,GLUCOVAL 10 mg X 30 TABLETAS RECUBIERTAS,Empagliflozina,TABLETAS,"LABORATORIOS VALMOR, C.A.",https://mav.farmaciasaas.com/api/images/articulos/DISTRIBUCION/53623.jpg,4
EMPAGLIFLOZINA ||| TABLETAS,38175,ME44001,GLUCOVAL 25 mg X 30 TABLETAS RECUBIERTAS,Empagliflozina,TABLETAS,"LABORATORIOS VALMOR, C.A.",https://mav.farmaciasaas.com/api/images/articulos/DISTRIBUCION/53624.jpg,4
EMPAGLIFLOZINA ||| TABLETAS,39207,ME44071,EVABOLIN 10 mg X 30 TABLETAS RECUBIERTAS,Empagliflozina,TABLETAS,"LABORATORIO COFASA, S.A.",https://mav.farmaciasaas.com/api/images/articulos/DISTRIBUCION/52002.jpg,4
FAMOTIDINA ||| TABLETAS,38064,ME28167,FAMULCER 40 mg X 10 TABLETAS,Famotidina,TABLETAS,"LABORATORIO PLUSANDEX DE FARMACEUTICOS UNIDOS, PLUSANDEX, C.A.",https://mav.farmaciasaas.com/api/images/articulos/DISTRIBUCION/6884.jpg,3
FAMOTIDINA ||| TABLETAS,38900,ME25349,ULCENOL 20 mg X 10 TABLETAS,Famotidina,TABLETAS,"LABORATORIOS ELMOR, S.A.",https://mav.farmaciasaas.com/api/images/articulos/DISTRIBUCION/2298.jpg,3
FAMOTIDINA ||| TABLETAS,38901,ME25348,ULCENOL 40 mg X 20 TABLETAS,Famotidina,TABLETAS,"LABORATORIOS ELMOR, S.A.",https://mav.farmaciasaas.com/api/images/articulos/DISTRIBUCION/92083.jpg,3
IBUPROFENO ||| CAPSULAS,38071,ME39949,FEMMEXTRA 200 mg - 10 mg X 10 CAPSULAS,Ibuprofeno,CAPSULAS,LABORATORIOS FARMA S.A.,https://pccentro.net.ve/img/s/3/0/7/4/8/30748-large_default.webp,4
IBUPROFENO ||| CAPSULAS,38210,ME21722,IBUFENAC 400 mg X 20 CAPSULAS,Ibuprofeno,CAPSULAS,C.A. PRODUCTOS RONAVA,https://mav.farmaciasaas.com/api/images/articulos/DISTRIBUCION/23089.jpg,4
IBUPROFENO ||| CAPSULAS,39425,ME41681,ANAPIR 400 mg X 10 CAPSULAS BLANDAS,Ibuprofeno,CAPSULAS,"INDUSTRIAS INTERCAPS DE VENEZUELA, C.A.",https://mav.farmaciasaas.com/api/images/articulos/DISTRIBUCION/17362.jpg,4
IBUPROFENO ||| CAPSULAS,39484,ME43166,IBUVIN 600 mg X 20 CAPSULAS BLANDAS,Ibuprofeno,CAPSULAS,DROMEX S.R.L.,https://pccentro.net.ve/img/s/8/9/2/1/1/89211-large_default.webp,4
FENITOINA ||| INYECTABLE,38072,HO41409,FENITOINA SODICA 50 mg / mL SOLUCION INYECTABLE,Fenitoina,INYECTABLE,VITALIS S.A.C.I.,,3
FENITOINA ||| INYECTABLE,38073,HO35889/3,FENITOINA SODICA 250 mg / 5 mL X 30 AMPOLLAS,Fenitoina,INYECTABLE,"LABORATORIO BIOSANO, S.A.",https://mav.farmaciasaas.com/api/images/articulos/DISTRIBUCION/53246.jpg,3
FENITOINA ||| INYECTABLE,38074,HO35889/2,FENITOINA SODICA 250 mg / 5 mL X 10 AMPOLLAS,Fenitoina,INYECTABLE,"LABORATORIO BIOSANO, S.A.",https://pccentro.net.ve/img/s/7/2/5/4/7/72547-large_default.webp,3
FOLICO ACIDO ||| JARABE,38079,ME33240/3,FERGANIC FOLIC 40 mg - 360 mcg / 15 mL X 20 JARABE,Folico Acido,JARABE,MEGALABS S.A.,https://mav.farmaciasaas.com/api/images/articulos/DISTRIBUCION/52465.jpg,3
FOLICO ACIDO ||| JARABE,38080,ME33240/2,FERGANIC FOLIC 40 mg - 360 mcg / 15 mL X 1 JARABE,Folico Acido,JARABE,MEGALABS S.A.,https://mav.farmaciasaas.com/api/images/articulos/DISTRIBUCION/3970.jpg,3
FOLICO ACIDO ||| JARABE,38081,ME33240/4,FERGANIC FOLIC 40 mg - 360 mcg / 15 mL X 30 JARABE,Folico Acido,JARABE,MEGALABS S.A.,https://pccentro.net.ve/img/s/7/5/7/3/4/75734-large_default.webp,3
ASCORBICO ACIDO ||| TABLETAS,38084,ME14878,FERROCE 300 mg - 50 mg X 30 TABLETAS ENTERICAS,Ascorbico Acido,TABLETAS,LABORATORIOS SIEGFRIED S.A.,https://pccentro.net.ve/img/s/7/5/8/1/6/75816-large_default.webp,4
ASCORBICO ACIDO ||| TABLETAS,38309,ME42656,VITAMINA C 500 mg X 16 TABLETAS MASTICABLES SABOR A TUTTI FRUTTI,Ascorbico Acido,TABLETAS,"LABORATORIO LA SANTE, C.A.",https://mav.farmaciasaas.com/api/images/articulos/DISTRIBUCION/1397.jpg,4
ASCORBICO ACIDO ||| TABLETAS,39284,ME38543,LETISAN 500 mg X 10 TABLETAS MASTICABLES SABOR UVA,Ascorbico Acido,TABLETAS,"LABORATORIOS LETI, S.A.V.",https://mav.farmaciasaas.com/api/images/articulos/DISTRIBUCION/19532.jpg,4
ASCORBICO ACIDO ||| TABLETAS,39410,ME31002,VITADYN C 500 mg X 30 TABLETAS MASTICABLES SABOR A FRESA,Ascorbico Acido,TABLETAS,"LABORATORIOS L.O. OFTALMI, C.A.",https://pccentro.net.ve/img/s/8/1/2/2/2/81222-large_default.webp,4
FEXOFENADINA ||| TABLETAS,38088,ME36163,FEXOFENADINA CLORHIDRATO 180 mg X 10 TABLETAS RECUBIERTAS,Fexofenadina,TABLETAS,"CALOX INTERNATIONAL, C.A.",https://mav.farmaciasaas.com/api/images/articulos/DISTRIBUCION/28713.jpg,4
FEXOFENADINA ||| TABLETAS,38089,ME36180,FEXOFENADINA CLORHIDRATO 120 mg X 10 TABLETAS RECUBIERTAS,Fexofenadina,TABLETAS,"CALOX INTERNATIONAL, C.A.",https://mav.farmaciasaas.com/api/images/articulos/DISTRIBUCION/92005.jpg,4
FEXOFENADINA ||| TABLETAS,38734,ME32231,RINOLAST 120 mg X 10 TABLETAS RECUBIERTAS,Fexofenadina,TABLETAS,LABORATORIOS FARMA S.A.,https://mav.farmaciasaas.com/api/images/articulos/DISTRIBUCION/6448.jpg,4
FEXOFENADINA ||| TABLETAS,39422,ME34071,ALERVAX 120 mg X 10 TABLETAS RECUBIERTAS,Fexofenadina,TABLETAS,"PROCAPS, S.A.",https://pccentro.net.ve/img/s/9/5/9/4/4/95944-large_default.webp,4
TADALAFILO ||| TABLETAS,38095,ME38634/2,FITEX 20 mg X 1 TABLETAS,Tadalafilo,TABLETAS,LABORATORIOS FARMA S.A.,https://mav.farmaciasaas.com/api/images/articulos/DISTRIBUCION/99114.jpg,19
TADALAFILO ||| TABLETAS,38096,ME38634/3,FITEX 20 mg X 2 TABLETAS,Tadalafilo,TABLETAS,LABORATORIOS FARMA S.A.,https://mav.farmaciasaas.com/api/images/articulos/DISTRIBUCION/99115.jpg,19
TADALAFILO ||| TABLETAS,38097,ME39597/2,FITEX 5 mg X 10 TABLETAS,Tadalafilo,TABLETAS,LABORATORIOS FARMA S.A.,https://mav.farmaciasaas.com/api/images/articulos/DISTRIBUCION/20284.jpg,19
TADALAFILO ||| TABLETAS,38098,ME39597/3,FITEX 5 mg X 30 TABLETAS,Tadalafilo,TABLETAS,LABORATORIOS FARMA S.A.,https://pccentro.net.ve/img/s/2/2/8/1/2/22812-large_default.webp,19
TADALAFILO ||| TABLETAS,38824,ME38718/2,TADAFOX 20 mg X 1 TABLETAS RECUBIERTAS,Tadalafilo,TABLETAS,"LABORATORIOS VALMOR, C.A.",https://mav.farmaciasaas.com/api/images/articulos/DISTRIBUCION/99317.jpg,19
TADALAFILO ||| TABLETAS,38825,ME38718/3,TADAFOX 20 mg X 2 TABLETAS RECUBIERTAS,Tadalafilo,TABLETAS,"LABORATORIOS VALMOR, C.A.",https://mav.farmaciasaas.com/api/images/articulos/DISTRIBUCION/99316.jpg,19
TADALAFILO ||| TABLETAS,38826,ME38493/2,TADALAFILO 20 mg X 1 TABLETAS RECUBIERTAS,Tadalafilo,TABLETAS,"CALOX INTERNATIONAL, C.A.",https://mav.farmaciasaas.com/api/images/articulos/DISTRIBUCION/97341.jpg,19
TADALAFILO ||| TABLETAS,38827,ME38493/3,TADALAFILO 20 mg X 2 TABLETAS RECUBIERTAS,Tadalafilo,TABLETAS,"CALOX INTERNATIONAL, C.A.",https://pccentro.net.ve/img/s/2/2/8/1/4/22814-large_default.webp,19
TADALAFILO ||| TABLETAS,38828,ME43450,TADALAFILO 5 mg X 30 TABLETAS RECUBIERTAS,Tadalafilo,TABLETAS,LABORATORIOS SIEGFRIED S.A.,https://pccentro.net.ve/img/s/2/2/8/1/2/22812-large_default.webp,19
TADALAFILO ||| TABLETAS,38833,ME41156/2,TALYSTO 5 mg X 10 TABLETAS MASTICABLES,Tadalafilo,TABLETAS,"MANUFACTURERA MUNDIAL FARMACEUTICA M.M.F., C.A.",https://pccentro.net.ve/img/s/2/2/8/1/2/22812-large_default.webp,19
TADALAFILO ||| TABLETAS,38834,ME41156/3,TALYSTO 5 mg X 30 TABLETAS MASTICABLES,Tadalafilo,TABLETAS,"MANUFACTURERA MUNDIAL FARMACEUTICA M.M.F., C.A.",https://pccentro.net.ve/img/s/2/2/8/1/2/22812-large_default.webp,19
TADALAFILO ||| TABLETAS,38940,ME43211/2,VECTUS 20 mg X 1 TABLETAS RECUBIERTAS,Tadalafilo,TABLETAS,LABORATORIOS SIEGFRIED S.A.,https://mav.farmaciasaas.com/api/images/articulos/DISTRIBUCION/29011.jpg,19
TADALAFILO ||| TABLETAS,38941,ME43211/3,VECTUS 20 mg X 2 TABLETAS RECUBIERTAS,Tadalafilo,TABLETAS,LABORATORIOS SIEGFRIED S.A.,https://mav.farmaciasaas.com/api/images/articulos/DISTRIBUCION/29012.jpg,19
TADALAFILO ||| TABLETAS,38942,ME43394/2,VECTUS 5 mg X 10 TABLETAS RECUBIERTAS,Tadalafilo,TABLETAS,LABORATORIOS SIEGFRIED S.A.,https://mav.farmaciasaas.com/api/images/articulos/DISTRIBUCION/30204.jpg,19
TADALAFILO ||| TABLETAS,38943,ME43394/3,VECTUS 5 mg X 20 TABLETAS RECUBIERTAS,Tadalafilo,TABLETAS,LABORATORIOS SIEGFRIED S.A.,https://mav.farmaciasaas.com/api/images/articulos/DISTRIBUCION/30212.jpg,19
TADALAFILO ||| TABLETAS,38944,ME43394/4,VECTUS 5 mg X 30 TABLETAS RECUBIERTAS,Tadalafilo,TABLETAS,LABORATORIOS SIEGFRIED S.A.,https://mav.farmaciasaas.com/api/images/articulos/DISTRIBUCION/30213.jpg,19
TADALAFILO ||| TABLETAS,39586,ME44180,TADAFER 5 mg X 15 TABLETAS RECUBIERTAS,Tadalafilo,TABLETAS,"LABORATORIO PLUSANDEX DE FARMACEUTICOS UNIDOS, PLUSANDEX, C.A.",https://pccentro.net.ve/img/s/2/2/8/1/2/22812-large_default.webp,19
TADALAFILO ||| TABLETAS,39588,ME43947,TALFIDEX 20 mg X 2 Tabletas Recubiertas,Tadalafilo,TABLETAS,"LABORATORIO PLUSANDEX DE FARMACEUTICOS UNIDOS, PLUSANDEX, C.A.",https://mav.farmaciasaas.com/api/images/articulos/DISTRIBUCION/53285.jpg,19
TADALAFILO ||| TABLETAS,39589,ME43499,TALYSTOR 20 mg X 1 TABLETAS MASTICABLES,Tadalafilo,TABLETAS,"LABORATORIO LA SANTE, C.A.",https://mav.farmaciasaas.com/api/images/articulos/DISTRIBUCION/50928.jpg,19
SIMETICONA ||| SUSPENSION ORAL,38099,ME35935,FLATORIL 80 mg / mL SUSPENSION GOTAS,Simeticona,SUSPENSION ORAL,"LABORATORIOS ELMOR, S.A.",https://pccentro.net.ve/img/s/7/6/7/6/3/76763-large_default.webp,2
SIMETICONA ||| SUSPENSION ORAL,39059,ME18498,ANTIFOM 80 mg / mL SUSPENSION ORAL,Simeticona,SUSPENSION ORAL,"LABORATORIOS VARGAS, S.A.",https://pccentro.net.ve/img/s/7/6/7/6/3/76763-large_default.webp,2
FLAVOXATO ||| COMPRIMIDOS,38101,ME40011/2,FLAVOXATO 200 mG X 10 COMPRIMIDOS RECUBIERTOS,Flavoxato,COMPRIMIDOS,"LABORATORIOS LETI, S.A.V.",https://mav.farmaciasaas.com/api/images/articulos/DISTRIBUCION/99485.jpg,2
FLAVOXATO ||| COMPRIMIDOS,38102,ME40011/3,FLAVOXATO 200 mG X 20 COMPRIMIDOS RECUBIERTOS,Flavoxato,COMPRIMIDOS,"LABORATORIOS LETI, S.A.V.",https://pccentro.net.ve/img/s/9/6/2/2/4/96224-large_default.webp,2
FLAVOXATO ||| TABLETAS,38103,ME44088,FLAVOXATO 200 mg X 30 TABLETAS RECUBIERTAS,Flavoxato,TABLETAS,"JIANGXI SYNERGY PHARMACEUTICAL CO., LTD",https://mav.farmaciasaas.com/api/images/articulos/DISTRIBUCION/23673.jpg,3
FLAVOXATO ||| TABLETAS,38104,ME41029,FLAVOXATO CLORHIDRATO 200 mg X 10 TABLETAS RECUBIERTAS,Flavoxato,TABLETAS,"LABORATORIO LA SANTE, C.A.",https://pccentro.net.ve/img/s/9/6/2/2/4/96224-large_default.webp,3
FLAVOXATO ||| TABLETAS,38909,ME43520,URODUTAN 200 mg X 10 TABLETAS RECUBIERTAS,Flavoxato,TABLETAS,ORCHID PHARMA LIMITED,https://mav.farmaciasaas.com/api/images/articulos/DISTRIBUCION/22852.jpg,3
FLUCONAZOL ||| CAPSULAS,38111,ME27243,FLUCON 150 mg X 2 CAPSULAS,Fluconazol,CAPSULAS,MEGALABS S.A.,https://mav.farmaciasaas.com/api/images/articulos/DISTRIBUCION/9690.jpg,6
FLUCONAZOL ||| CAPSULAS,38112,ME41686,FLUCON 200 mg X 4 CAPSULAS,Fluconazol,CAPSULAS,MEGALABS S.A.,,6
FLUCONAZOL ||| CAPSULAS,38114,ME27527,FLUCONAZOL 150 mg X 2 CAPSULAS,Fluconazol,CAPSULAS,"CALOX INTERNATIONAL, C.A.",https://mav.farmaciasaas.com/api/images/articulos/DISTRIBUCION/9668.jpg,6
FLUCONAZOL ||| CAPSULAS,38116,ME28339,FLUCONAZOL 150 mg X 2 CAPSULAS,Fluconazol,CAPSULAS,"LABORATORIOS LETI, S.A.V.",https://mav.farmaciasaas.com/api/images/articulos/DISTRIBUCION/4546.jpg,6
FLUCONAZOL ||| CAPSULAS,38117,ME34692,FLUCONAZOL 150 mg X 2 CAPSULAS,Fluconazol,CAPSULAS,"LABORATORIOS VALMOR, C.A.",https://mav.farmaciasaas.com/api/images/articulos/DISTRIBUCION/8645.jpg,6
FLUCONAZOL ||| CAPSULAS,39223,ME28575,FLUCONAZOL 150 mg X 2 CAPSULAS,Fluconazol,CAPSULAS,"LABORATORIOS KIMICEG, C.A.",,6
FLUCONAZOL ||| INYECTABLE,38113,HO36216,EXOMAX 200mg/100mL X 1 AMPOLLAS,Fluconazol,INYECTABLE,BAXTER PHARMACEUTICALS INDIA PRIVATE LIMITED,https://mav.farmaciasaas.com/api/images/articulos/DISTRIBUCION/29940.jpg,3
FLUCONAZOL ||| INYECTABLE,38119,HO40840,FLUCONAZOL 200 mg /100 mL SOLUCION INYECTABLE INTRAVENOSA,Fluconazol,INYECTABLE,VITALIS S.A.C.I.,,3
FLUCONAZOL ||| INYECTABLE,39510,HO43429,FLUCONAZOL 200 mg / 100 mL SOLUCION PARA INFUSION,Fluconazol,INYECTABLE,"HEBEI TIANCHENG PHARMACEUTICALS CO., LTD",,3
FLUCONAZOL ||| TABLETAS,38118,ME43904,FLUCONAZOL 200 mg TABLETAS RECUBIERTAS,Fluconazol,TABLETAS,BOEHRINGER INGELHEIM PHARMA GMBH & CO. KG.,https://mav.farmaciasaas.com/api/images/articulos/DISTRIBUCION/50070.jpg,3
FLUCONAZOL ||| TABLETAS,38120,ME42709/2,FLUCONAZOL 150 mg X 2 TABLETAS,Fluconazol,TABLETAS,MASCOT HEALTH SERIES PVT. LTD.,https://mav.farmaciasaas.com/api/images/articulos/DISTRIBUCION/23767.jpg,3
FLUCONAZOL ||| TABLETAS,38121,ME42709/3,FLUCONAZOL 150 mg X 4 TABLETAS,Fluconazol,TABLETAS,MASCOT HEALTH SERIES PVT. LTD.,https://mav.farmaciasaas.com/api/images/articulos/DISTRIBUCION/52581.jpg,3
FLUNARIZINA ||| TABLETAS,38122,ME28326/2,FLUDIL 10 mg X 20 TABLETAS,Flunarizina,TABLETAS,"LABORATORIO LA SANTE, C.A.",https://mav.farmaciasaas.com/api/images/articulos/DISTRIBUCION/1790.jpg,3
FLUNARIZINA ||| TABLETAS,38123,ME28326/3,FLUDIL 10 mg X 40 TABLETAS,Flunarizina,TABLETAS,"LABORATORIO LA SANTE, C.A.",https://mav.farmaciasaas.com/api/images/articulos/DISTRIBUCION/95624.jpg,3
FLUNARIZINA ||| TABLETAS,38125,ME43024,FLUNARIZINA 10 mg X 30 TABLETAS RECUBIERTAS,Flunarizina,TABLETAS,MASCOT HEALTH SERIES PVT. LTD.,https://mav.farmaciasaas.com/api/images/articulos/DISTRIBUCION/53116.jpg,3
FLUOXETINA ||| CAPSULAS,38127,ME28981,FLUOXETINA 20 mg X 14 CAPSULAS,Fluoxetina,CAPSULAS,"BIOTECH LABORATORIOS, C.A.",https://mav.farmaciasaas.com/api/images/articulos/DISTRIBUCION/3221.jpg,2
FLUOXETINA ||| CAPSULAS,38128,ME28948,FLUOXETINA 20 mg X 28 CAPSULAS,Fluoxetina,CAPSULAS,"CALOX INTERNATIONAL, C.A.",https://mav.farmaciasaas.com/api/images/articulos/DISTRIBUCION/50927.jpg,2
TROPICAMIDA ||| SOLUCION OFTALMICA,38134,ME31562,"FOTORRETIN 0,5 % - 5 % SOLUCION OFTALMICA",Tropicamida,SOLUCION OFTALMICA,LABORATORIOS POEN S.A.U.,,2
TROPICAMIDA ||| SOLUCION OFTALMICA,39312,ME30661,"DYFRIN 5 % - 0,5 % SOLUCION OFTALMICA",Tropicamida,SOLUCION OFTALMICA,"LABORATORIOS L.O. OFTALMI, C.A.",,2
CLOTRIMAZOL ||| LOCION,38135,ME24373,FUGOLIN 1 % SOLUCION,Clotrimazol,LOCION,"LABORATORIOS VINCENTI, C.A.",https://pccentro.net.ve/img/s/3/5/8/7/4/35874-large_default.webp,2
CLOTRIMAZOL ||| LOCION,39256,ME20149,IMAZOL 1 % SOLUCION,Clotrimazol,LOCION,LABORATORIOS SIEGFRIED S.A.,https://mav.farmaciasaas.com/api/images/articulos/DISTRIBUCION/1852.jpg,2
ITRACONAZOL ||| CAPSULAS,38138,ME43354,FUNTRAZOL 100 mg X 10 CAPSULAS,Itraconazol,CAPSULAS,RONALD PHARMACEUTICALS PVT. LTD.,https://mav.farmaciasaas.com/api/images/articulos/DISTRIBUCION/21367.jpg,2
ITRACONAZOL ||| CAPSULAS,38261,ME43740,Itraconazol 100 mg X 10 Cápsulas,Itraconazol,CAPSULAS,K.A. MALLE PHARMACEUTICALS LTD,https://mav.farmaciasaas.com/api/images/articulos/DISTRIBUCION/53012.jpg,2
FUROSEMIDA ||| TABLETAS,38140,ME33438/2,FUROSEMIDA 20 mg X 12 TABLETAS,Furosemida,TABLETAS,LABORATORIOS SIEGFRIED S.A.,https://mav.farmaciasaas.com/api/images/articulos/DISTRIBUCION/5054.jpg,5
FUROSEMIDA ||| TABLETAS,38141,ME33438/3,FUROSEMIDA 20 mg X 24 TABLETAS,Furosemida,TABLETAS,LABORATORIOS SIEGFRIED S.A.,https://mav.farmaciasaas.com/api/images/articulos/DISTRIBUCION/54373.jpg,5
FUROSEMIDA ||| TABLETAS,38143,ME33388/2,FUROSEMIDA 40 mg X 12 TABLETAS,Furosemida,TABLETAS,LABORATORIOS SIEGFRIED S.A.,https://mav.farmaciasaas.com/api/images/articulos/DISTRIBUCION/51326.jpg,5
FUROSEMIDA ||| TABLETAS,38144,ME33388/3,FUROSEMIDA 40 mg X 24 TABLETAS,Furosemida,TABLETAS,LABORATORIOS SIEGFRIED S.A.,https://mav.farmaciasaas.com/api/images/articulos/DISTRIBUCION/5296.jpg,5
FUROSEMIDA ||| TABLETAS,38145,ME21300,FUROSEMIDA 40 mg X 24 TABLETAS,Furosemida,TABLETAS,"PRODUCTOS FARMACEUTICOS PARA EL VIVIR VIVIENDO, C.A. (PROFARMACOS, C.A.)",https://pccentro.net.ve/img/s/3/0/8/1/2/30812-large_default.webp,5
FUROSEMIDA ||| COMPRIMIDOS,38142,ME23618,FUROSEMIDA 40 mg X 12 COMPRIMIDOS,Furosemida,COMPRIMIDOS,"LABORATORIO PLUSANDEX DE FARMACEUTICOS UNIDOS, PLUSANDEX, C.A.",https://mav.farmaciasaas.com/api/images/articulos/DISTRIBUCION/23177.jpg,2
FUROSEMIDA ||| COMPRIMIDOS,39282,ME23146,LASIX 20 mg COMPRIMIDOS,Furosemida,COMPRIMIDOS,"CALOX INTERNATIONAL, C.A.",https://mav.farmaciasaas.com/api/images/articulos/DISTRIBUCION/6018.jpg,2
GABAPENTINA ||| CAPSULAS,38146,ME37992,GABAPANTINA 300 mg X 20 CAPSULAS,Gabapentina,CAPSULAS,"CALOX INTERNATIONAL, C.A.",https://mav.farmaciasaas.com/api/images/articulos/DISTRIBUCION/97483.jpg,5
GABAPENTINA ||| CAPSULAS,38147,ME34981/2,GABAPENTINA 300 mg X 14 CAPSULAS,Gabapentina,CAPSULAS,KERN PHARMA S.L.,https://mav.farmaciasaas.com/api/images/articulos/DISTRIBUCION/23487.jpg,5
GABAPENTINA ||| CAPSULAS,38148,ME34981/3,GABAPENTINA 300 mg X 30 CAPSULAS,Gabapentina,CAPSULAS,KERN PHARMA S.L.,https://pccentro.net.ve/img/s/8/4/0/0/6/84006-large_default.webp,5
GABAPENTINA ||| CAPSULAS,39226,ME37496,GABAPENTINA 300 mg X 20 CAPSULAS,Gabapentina,CAPSULAS,"LABORATORIOS SPEFAR VENEZOLANOS, S.A.",https://pccentro.net.ve/img/s/8/4/0/0/6/84006-large_default.webp,5
GABAPENTINA ||| CAPSULAS,39227,ME37521,GABAPENTINA 400 mg X 20 CAPSULAS,Gabapentina,CAPSULAS,"LABORATORIOS SPEFAR VENEZOLANOS, S.A.",,5
GENTAMICINA ||| SOLUCION OFTALMICA,38150,ME24868,"GARABET 0,3 % - 0,1 % SOLUCION OFTALMICA",Gentamicina,SOLUCION OFTALMICA,"LABORATORIOS L.O. OFTALMI, C.A.",https://pccentro.net.ve/img/s/7/5/6/4/9/75649-large_default.webp,2
GENTAMICINA ||| SOLUCION OFTALMICA,38156,ME26131,"GENTAMICINA  0,3 % SOLUCION OFTALMICA",Gentamicina,SOLUCION OFTALMICA,"LABORATORIOS L.O. OFTALMI, C.A.",https://mav.farmaciasaas.com/api/images/articulos/DISTRIBUCION/22844.jpg,2
GENTAMICINA ||| INYECTABLE,38154,HO36306/3,GENTAMICINA 160mg / 2mL X 10 AMPOLLAS,Gentamicina,INYECTABLE,VITALIS S.A.C.I.,https://mav.farmaciasaas.com/api/images/articulos/DISTRIBUCION/30124.jpg,2
GENTAMICINA ||| INYECTABLE,38155,HO36306/2,GENTAMICINA 160mg / 2mL X 5 AMPOLLAS,Gentamicina,INYECTABLE,VITALIS S.A.C.I.,https://mav.farmaciasaas.com/api/images/articulos/DISTRIBUCION/52502.jpg,2
GLIBENCLAMIDA ||| TABLETAS,38159,ME26275,GLIBENCLAMIDA 5 mg X 30 TABLETAS,Glibenclamida,TABLETAS,"LABORATORIOS VARGAS, S.A.",https://mav.farmaciasaas.com/api/images/articulos/DISTRIBUCION/50984.jpg,3
GLIBENCLAMIDA ||| TABLETAS,38160,ME39843,METFORMINA CLORHIDRATO - GLIBENCLAMIDA 500 mg - 5 mg TABLETAS RECUBIERTAS,Glibenclamida,TABLETAS,LEK PHARMACEUTICALS D.D,https://mav.farmaciasaas.com/api/images/articulos/DISTRIBUCION/23902.jpg,3
GLIBENCLAMIDA ||| TABLETAS,38161,ME40365,GLICAZET 500 mg / 5 mg TABLETAS RECUBIERTAS,Glibenclamida,TABLETAS,"GLOBAL FARMA, S.A.",https://mav.farmaciasaas.com/api/images/articulos/DISTRIBUCION/26018.jpg,3
GLICERINA ||| SUPOSITORIOS,38162,ME43877,"GLICERINA 2,44g X 6 SUPOSITORIOS",Glicerina,SUPOSITORIOS,"LABORATORIOS ELMOR, S.A.",https://mav.farmaciasaas.com/api/images/articulos/DISTRIBUCION/53074.jpg,5
GLICERINA ||| SUPOSITORIOS,39234,ME44761,"GLICILAX 1,72 g SUPOSITORIOS",Glicerina,SUPOSITORIOS,"COMERCIALIZADORA TIARES, C.A.",https://mav.farmaciasaas.com/api/images/articulos/DISTRIBUCION/51145.jpg,5
GLICERINA ||| SUPOSITORIOS,39235,ME44763,"GLICILAX 0,86 g SUPOSITORIOS",Glicerina,SUPOSITORIOS,"COMERCIALIZADORA TIARES, C.A.",,5
GLICERINA ||| SUPOSITORIOS,39236,ME33712,"GLICERINA 1,68 g SUPOSITORIOS",Glicerina,SUPOSITORIOS,"LABORATORIOS VARGAS, S.A.",https://mav.farmaciasaas.com/api/images/articulos/DISTRIBUCION/97577.jpg,5
GLICERINA ||| SUPOSITORIOS,39237,ME33713,"GLICERINA 2,88 g SUPOSITORIOS",Glicerina,SUPOSITORIOS,"LABORATORIOS VARGAS, S.A.",https://mav.farmaciasaas.com/api/images/articulos/DISTRIBUCION/97222.jpg,5
METFORMINA ||| TABLETAS,38164,ME43215,GLIFORMIN 1000 mg X 30 TABLETAS RECUBIERTAS,Metformina,TABLETAS,LABORATORIOS SIEGFRIED S.A.,https://mav.farmaciasaas.com/api/images/articulos/DISTRIBUCION/22351.jpg,6
METFORMINA ||| TABLETAS,38452,ME37735,CLORHIDRATO DE METFORMINA 500 mg X 30 TABLETAS RECUBIERTAS,Metformina,TABLETAS,EMPRESA LABORATORIOS MEDSOL,https://mav.farmaciasaas.com/api/images/articulos/DISTRIBUCION/51771.jpg,6
METFORMINA ||| TABLETAS,38456,ME42410,METFORMINA CLORHIDRATO 1000 mg X 30 TABLETAS RECUBIERTAS,Metformina,TABLETAS,LEK PHARMACEUTICALS D.D,https://pccentro.net.ve/img/s/8/4/0/4/3/84043-large_default.webp,6
METFORMINA ||| TABLETAS,38459,ME44619,METFORMINA 500 mg X 30 TABLETAS RECUBIERTAS,Metformina,TABLETAS,ANG LIFESCIENCES INDIA LTD,https://pccentro.net.ve/img/s/8/0/4/9/6/80496-large_default.webp,6
METFORMINA ||| TABLETAS,38460,ME37538,METFORMINA CLORHIDRATO 500 mg X 30 TABLETAS RECUBIERTAS,Metformina,TABLETAS,BAROQUE PHARMACEUTICALS PVT. LTD.,https://pccentro.net.ve/img/s/8/0/4/9/6/80496-large_default.webp,6
METFORMINA ||| TABLETAS,39300,ME42761,METFORMINA CLORHIDRATO 500 mg X 30 TABLETAS,Metformina,TABLETAS,"BIOTECH LABORATORIOS, C.A.",https://mav.farmaciasaas.com/api/images/articulos/DISTRIBUCION/27232.jpg,6
GLIMEPIRIDA ||| COMPRIMIDOS,38166,ME32187,GLIMEPIRIDA 2 mg X 30 COMPRIMIDOS,Glimepirida,COMPRIMIDOS,"LABORATORIOS LETI, S.A.V.",https://mav.farmaciasaas.com/api/images/articulos/DISTRIBUCION/52337.jpg,2
GLIMEPIRIDA ||| COMPRIMIDOS,38167,ME36207,GLIMEPIRIDA 4 mg X 15 COMPRIMIDOS,Glimepirida,COMPRIMIDOS,"LABORATORIOS LETI, S.A.V.",https://mav.farmaciasaas.com/api/images/articulos/DISTRIBUCION/52338.jpg,2
GLIMEPIRIDA ||| TABLETAS,38168,ME32878,GLIMEPIRIDA 4 mg TABLETAS,Glimepirida,TABLETAS,"LABORATORIO LA SANTE, C.A.",https://pccentro.net.ve/img/s/2/2/8/8/2/22882-large_default.webp,5
GLIMEPIRIDA ||| TABLETAS,38169,ME32727,GLIMERID 2 mg X 30 TABLETAS,Glimepirida,TABLETAS,"LABORATORIO LA SANTE, C.A.",https://pccentro.net.ve/img/s/2/2/8/8/4/22884-large_default.webp,5
GLIMEPIRIDA ||| TABLETAS,38176,ME35669,GLYMAR 2 mg X 20 TABLETAS,Glimepirida,TABLETAS,LABORATORIOS SIEGFRIED S.A.,https://mav.farmaciasaas.com/api/images/articulos/DISTRIBUCION/9455.jpg,5
GLIMEPIRIDA ||| TABLETAS,38177,ME35616,GLYMAR 4 mg X 20 TABLETAS,Glimepirida,TABLETAS,MEYER PRODUCTOS TERAPEUTICOS S.A.,https://mav.farmaciasaas.com/api/images/articulos/DISTRIBUCION/9456.jpg,5
GLIMEPIRIDA ||| TABLETAS,39240,ME37715,GLYMAR 4 mg X 20 TABLETAS,Glimepirida,TABLETAS,LABORATORIOS SIEGFRIED S.A.,https://pccentro.net.ve/img/s/2/2/8/8/2/22882-large_default.webp,5
METFORMINA - SITAGLIPTINA ||| COMPRIMIDOS,38170,ME44696/2,GLIPTIN 500 mg - 50 mg X 10 COMPRIMIDOS RECUBIERTOS,Metformina - Sitagliptina,COMPRIMIDOS,"LABORATORIOS VALMOR, C.A.",https://mav.farmaciasaas.com/api/images/articulos/DISTRIBUCION/26771.jpg,7
METFORMINA - SITAGLIPTINA ||| COMPRIMIDOS,38171,ME44696/3,GLIPTIN 500 mg - 50 mg X 30 COMPRIMIDOS RECUBIERTOS,Metformina - Sitagliptina,COMPRIMIDOS,"LABORATORIOS VALMOR, C.A.",https://mav.farmaciasaas.com/api/images/articulos/DISTRIBUCION/28336.jpg,7
METFORMINA - SITAGLIPTINA ||| COMPRIMIDOS,38436,ME44574,MELIF 50 mg - 500 mg X 30 COMPRIMIDOS RECUBIERTOS,Metformina - Sitagliptina,COMPRIMIDOS,"LABORATORIOS ELMOR, S.A.",https://mav.farmaciasaas.com/api/images/articulos/DISTRIBUCION/52755.jpg,7
METFORMINA - SITAGLIPTINA ||| COMPRIMIDOS,39366,ME40535,SITAGLIS MET 50 mg - 850 mg COMPRIMIDOS RECUBIERTOS,Metformina - Sitagliptina,COMPRIMIDOS,"LABORATORIOS LETI, S.A.V.",https://mav.farmaciasaas.com/api/images/articulos/DISTRIBUCION/28420.jpg,7
METFORMINA - SITAGLIPTINA ||| COMPRIMIDOS,39442,ME43492,BIRGIT PLUS 50 mg - 850 mg X 30 COMPRIMIDOS RECUBIERTOS,Metformina - Sitagliptina,COMPRIMIDOS,MALVIYA CHEMICALS & PHARMACEUTICALS (P) LTD,https://mav.farmaciasaas.com/api/images/articulos/DISTRIBUCION/52040.jpg,7
METFORMINA - SITAGLIPTINA ||| COMPRIMIDOS,39578,ME43590,SIMULTAN DUO 50 mg - 850 mg X 30 COMPRIMIDOS RECUBIERTOS,Metformina - Sitagliptina,COMPRIMIDOS,"ESPECIALIDADES DOLLDER, C.A.",https://mav.farmaciasaas.com/api/images/articulos/DISTRIBUCION/52757.jpg,7
METFORMINA - SITAGLIPTINA ||| COMPRIMIDOS,39581,ME44749,ESLIPEL MET 50mg - 1000 mg X 10 COMPRIMIDOS RECUBIERTOS,Metformina - Sitagliptina,COMPRIMIDOS,LABORATORIO ELEA PHOENIX S.A.,https://mav.farmaciasaas.com/api/images/articulos/DISTRIBUCION/28502.jpg,7
GUAIFENESINA ||| SOLUCION ORAL,38179,ME42539,GUAIFENESINA 100 mg / 5 mL SOLUCION ORAL,Guaifenesina,SOLUCION ORAL,"BIOQUIMICA INTERNACIONAL, C.A.",,2
GUAIFENESINA ||| SOLUCION ORAL,39320,ME37950,NOVACODIN 50 mg / 5 mL SOLUCION ORAL,Guaifenesina,SOLUCION ORAL,"LABORATORIOS VARGAS, S.A.",,2
S-CARBOXIMETILCISTEINA ||| SOLUCION ORAL,38181,ME44629,GULAPER 250 MG / 5 ML SOLUCION ORAL SABOR A MENTA ,S-carboximetilcisteina,SOLUCION ORAL,MEGALABS S.A.,https://pccentro.net.ve/img/s/7/6/9/9/8/76998-large_default.webp,3
S-CARBOXIMETILCISTEINA ||| SOLUCION ORAL,39241,ME44628,GULAPER 100 MG / 5 ML SOLUCION ORAL SABOR CHICLE ,S-carboximetilcisteina,SOLUCION ORAL,MEGALABS S.A.,,3
S-CARBOXIMETILCISTEINA ||| SOLUCION ORAL,39243,ME43494,HEXANTFLEM 100 mg - 5 mL SOLUCIÓN ORAL,S-carboximetilcisteina,SOLUCION ORAL,MEGALABS S.A.,https://mav.farmaciasaas.com/api/images/articulos/DISTRIBUCION/53269.jpg,3
METRONIDAZOL - MICONAZOL ||| OVULOS,38184,ME43566,GYNOMET 750 mg - 200 mg X 7 OVULOS,Metronidazol - Miconazol,OVULOS,"LABORATORIOS LETI, S.A.V.",https://mav.farmaciasaas.com/api/images/articulos/DISTRIBUCION/53056.jpg,2
METRONIDAZOL - MICONAZOL ||| OVULOS,38484,ME43956,METRONIDAZOL - MICONAZOL 750 mg - 200 mg X 6 ÓVULOS,Metronidazol - Miconazol,OVULOS,BLISS GVS PHARMA LTD,https://mav.farmaciasaas.com/api/images/articulos/DISTRIBUCION/26405.jpg,2
TAMSULOSINA ||| CAPSULAS,38188,ME36675,"HEPROX 0,4 mg X 30 CAPSULAS DE LIBERACION PROLONGADA",Tamsulosina,CAPSULAS,"ESPECIALIDADES DOLLDER, C.A.",https://mav.farmaciasaas.com/api/images/articulos/DISTRIBUCION/91510.jpg,6
TAMSULOSINA ||| CAPSULAS,38839,ME42467/3,"TAMOSTIN 0,4 mg X 30 CAPSULAS DE LIBERACION PROLONGADA",Tamsulosina,CAPSULAS,"LABORATORIOS LETI, S.A.V.",https://mav.farmaciasaas.com/api/images/articulos/DISTRIBUCION/54206.jpg,6
TAMSULOSINA ||| CAPSULAS,38840,ME42467/2,"TAMOSTIN 0,4 mg X 20 CAPSULAS DE LIBERACION PROLONGADA",Tamsulosina,CAPSULAS,"LABORATORIOS LETI, S.A.V.",https://pccentro.net.ve/img/s/8/0/4/9/8/80498-large_default.webp,6
TAMSULOSINA ||| CAPSULAS,38842,ME36676/3,"TAMSULOSINA HCL 0,4 mg CAPSULAS DE LIBERACION PROGRAMADA X 30 CAPSULAS",Tamsulosina,CAPSULAS,"ESPECIALIDADES DOLLDER, C.A.",https://mav.farmaciasaas.com/api/images/articulos/DISTRIBUCION/24279.jpg,6
TAMSULOSINA ||| CAPSULAS,38843,ME36676/2,"TAMSULOSINA HCL 0,4 mg CAPSULAS DE LIBERACION PROGRAMADA X 10 CAPSULAS",Tamsulosina,CAPSULAS,"ESPECIALIDADES DOLLDER, C.A.",https://mav.farmaciasaas.com/api/images/articulos/DISTRIBUCION/53254.jpg,6
TAMSULOSINA ||| CAPSULAS,38844,ME42589,"TAMSULOSINA CLORHIDRATO 0,4 mg X 30 CAPSULAS DE LIBERACION PROLONGADA",Tamsulosina,CAPSULAS,"LABORATORIOS SPEFAR VENEZOLANOS, S.A.",https://mav.farmaciasaas.com/api/images/articulos/DISTRIBUCION/23537.jpg,6
HIDROCLOROTIAZIDA - LOSARTAN ||| COMPRIMIDOS,38190,ME35183/3,LOSARTAN POTASICO - HIDROCLOROTIAZIDA 100 mg - 25 mg X 30 COMPRIMIDOS RECUBIERTOS,Hidroclorotiazida - Losartan,COMPRIMIDOS,"LABORATORIOS LETI, S.A.V.",https://pccentro.net.ve/img/s/2/3/6/7/7/23677-large_default.webp,7
HIDROCLOROTIAZIDA - LOSARTAN ||| COMPRIMIDOS,38191,ME35183/2,LOSARTAN POTASICO - HIDROCLOROTIAZIDA 100 mg - 25 mg X 10 COMPRIMIDOS RECUBIERTOS,Hidroclorotiazida - Losartan,COMPRIMIDOS,"LABORATORIOS LETI, S.A.V.",https://pccentro.net.ve/img/s/2/3/6/7/7/23677-large_default.webp,7
HIDROCLOROTIAZIDA - LOSARTAN ||| COMPRIMIDOS,38534,ME31384/5,"NEFROTAL H 50 mg - 12,5 mg X 30 COMPRIMIDOS RECUBIERTOS",Hidroclorotiazida - Losartan,COMPRIMIDOS,MEGALABS S.A.,https://pccentro.net.ve/img/s/2/2/8/8/8/22888-large_default.webp,7
HIDROCLOROTIAZIDA - LOSARTAN ||| COMPRIMIDOS,38535,ME31384/4,"NEFROTAL H 50 mg - 12,5 mg X 15 COMPRIMIDOS RECUBIERTOS",Hidroclorotiazida - Losartan,COMPRIMIDOS,MEGALABS S.A.,https://pccentro.net.ve/img/s/2/2/8/8/8/22888-large_default.webp,7
HIDROCLOROTIAZIDA - LOSARTAN ||| COMPRIMIDOS,38536,ME31384/2,"NEFROTAL H 50 mg - 12,5 mg X 10 COMPRIMIDOS RECUBIERTOS",Hidroclorotiazida - Losartan,COMPRIMIDOS,MEGALABS S.A.,https://pccentro.net.ve/img/s/2/2/8/8/8/22888-large_default.webp,7
HIDROCLOROTIAZIDA - LOSARTAN ||| COMPRIMIDOS,38537,ME31384/3,"NEFROTAL H 50 mg - 12,5 mg X 14 COMPRIMIDOS RECUBIERTOS",Hidroclorotiazida - Losartan,COMPRIMIDOS,MEGALABS S.A.,https://mav.farmaciasaas.com/api/images/articulos/DISTRIBUCION/1511.jpg,7
HIDROCLOROTIAZIDA - LOSARTAN ||| COMPRIMIDOS,39316,ME38329,"NEFROTAL H 100 mg - 12,5 mg COMPRIMIDOS RECUBIERTOS",Hidroclorotiazida - Losartan,COMPRIMIDOS,MEGALABS S.A.,https://mav.farmaciasaas.com/api/images/articulos/DISTRIBUCION/25632.jpg,7
HIDROCLOROTIAZIDA - LOSARTAN ||| TABLETAS,38193,ME31250/3,"LOSARTAN POTASICO - HIDROCLOROTIAZIDA 50 mg -12,5 mg X 30 TABLETAS RECUBIERTAS",Hidroclorotiazida - Losartan,TABLETAS,"LABORATORIOS KIMICEG, C.A.",https://mav.farmaciasaas.com/api/images/articulos/DISTRIBUCION/25140.jpg,7
HIDROCLOROTIAZIDA - LOSARTAN ||| TABLETAS,38194,ME31250/2,"LOSARTAN POTASICO - HIDROCLOROTIAZIDA 50 mg -12,5 mg X 10 TABLETAS RECUBIERTAS",Hidroclorotiazida - Losartan,TABLETAS,"LABORATORIOS KIMICEG, C.A.",https://pccentro.net.ve/img/s/7/6/9/5/6/76956-large_default.webp,7
HIDROCLOROTIAZIDA - LOSARTAN ||| TABLETAS,38367,ME41446,"LODESTAR HCT 50 mg - 12,5 mg X 30 TABLETAS RECUBIERTAS",Hidroclorotiazida - Losartan,TABLETAS,"LABORATORIOS VALMOR, C.A.",https://mav.farmaciasaas.com/api/images/articulos/DISTRIBUCION/17318.jpg,7
HIDROCLOROTIAZIDA - LOSARTAN ||| TABLETAS,38399,ME37542/2,LOSARTAN POTASICO - HIDROCLOROTIAZIDA 100 mg - 25 mg X 10 TABLETAS RECUBIERTAS,Hidroclorotiazida - Losartan,TABLETAS,"LABORATORIO LA SANTE, C.A.",https://pccentro.net.ve/img/s/2/3/6/7/7/23677-large_default.webp,7
HIDROCLOROTIAZIDA - LOSARTAN ||| TABLETAS,38400,ME37542/3,LOSARTAN POTASICO - HIDROCLOROTIAZIDA 100 mg - 25 mg X 30 TABLETAS RECUBIERTAS,Hidroclorotiazida - Losartan,TABLETAS,"LABORATORIO LA SANTE, C.A.",https://pccentro.net.ve/img/s/2/3/6/7/7/23677-large_default.webp,7
HIDROCLOROTIAZIDA - LOSARTAN ||| TABLETAS,38405,ME36110/2,LOSARTAN POTASICO - HIDROCLOROTIZADA 100 mg - 25 mg X 10 TABLETAS RECUBIERTAS,Hidroclorotiazida - Losartan,TABLETAS,"CALOX INTERNATIONAL, C.A.",https://pccentro.net.ve/img/s/2/3/6/7/7/23677-large_default.webp,7
HIDROCLOROTIAZIDA - LOSARTAN ||| TABLETAS,38406,ME36110/3,LOSARTAN POTASICO - HIDROCLOROTIZADA 100 mg - 25 mg X 30 TABLETAS RECUBIERTAS,Hidroclorotiazida - Losartan,TABLETAS,"CALOX INTERNATIONAL, C.A.",https://pccentro.net.ve/img/s/2/3/6/7/7/23677-large_default.webp,7
BETAHISTINA ||| COMPRIMIDOS,38202,ME41648,HISTIVERT 16 mg X 30 COMPRIMIDOS,Betahistina,COMPRIMIDOS,"EUROFARMA LABORATORIOS, S.A.",https://pccentro.net.ve/img/s/1/9/3/6/0/19360-large_default.webp,2
BETAHISTINA ||| COMPRIMIDOS,38203,ME41649,HISTIVERT 24 mg X 30 COMPRIMIDOS,Betahistina,COMPRIMIDOS,"EUROFARMA LABORATORIOS, S.A.",https://mav.farmaciasaas.com/api/images/articulos/DISTRIBUCION/16044.jpg,2
IRBESARTAN ||| TABLETAS,38205,ME42272,IBECAR 150 mg X 30 TABLETAS RECUBIERTAS,Irbesartan,TABLETAS,"LABORATORIOS VALMOR, C.A.",https://mav.farmaciasaas.com/api/images/articulos/DISTRIBUCION/27009.jpg,11
IRBESARTAN ||| TABLETAS,38206,ME42142,IBECAR 300 mg X 30 TABLETAS RECUBIERTAS,Irbesartan,TABLETAS,"LABORATORIOS VALMOR, C.A.",https://mav.farmaciasaas.com/api/images/articulos/DISTRIBUCION/27010.jpg,11
IRBESARTAN ||| TABLETAS,38253,ME36068/3,IRBESARTAN 150 mg X 28 TABLETAS,Irbesartan,TABLETAS,"SM PHARMA, C.A.",https://mav.farmaciasaas.com/api/images/articulos/DISTRIBUCION/24260.jpg,11
IRBESARTAN ||| TABLETAS,38254,ME36068/2,IRBESARTAN 150 mg X 10 TABLETAS,Irbesartan,TABLETAS,"SM PHARMA, C.A.",https://mav.farmaciasaas.com/api/images/articulos/DISTRIBUCION/94012.jpg,11
IRBESARTAN ||| TABLETAS,38255,ME36068/4,IRBESARTAN 150 mg X 30 TABLETAS,Irbesartan,TABLETAS,"SM PHARMA, C.A.",https://pccentro.net.ve/img/s/5/5/0/4/9/55049-large_default.webp,11
IRBESARTAN ||| TABLETAS,38256,ME35908/3,IRBESARTAN 300 mg X 28 TABLETAS,Irbesartan,TABLETAS,"CALOX INTERNATIONAL, C.A.",https://mav.farmaciasaas.com/api/images/articulos/DISTRIBUCION/28779.jpg,11
IRBESARTAN ||| TABLETAS,38257,ME35908/2,IRBESARTAN 300 mg X 10 TABLETAS,Irbesartan,TABLETAS,"CALOX INTERNATIONAL, C.A.",https://mav.farmaciasaas.com/api/images/articulos/DISTRIBUCION/50766.jpg,11
IRBESARTAN ||| TABLETAS,39257,ME36204,IRBESARTAN 150 mg X 28 TABLETAS,Irbesartan,TABLETAS,"CALOX INTERNATIONAL, C.A.",https://mav.farmaciasaas.com/api/images/articulos/DISTRIBUCION/28781.jpg,11
IRBESARTAN ||| TABLETAS,39260,ME43610,IRGEM 150 mg X 30 TABLETAS,Irbesartan,TABLETAS,"GEMA LABS, C.A.",https://pccentro.net.ve/img/s/5/5/0/4/9/55049-large_default.webp,11
IRBESARTAN ||| TABLETAS,39261,ME43609/2,IRGEM 300 mg X 10 TABLETAS,Irbesartan,TABLETAS,"GEMA LABS, C.A.",https://mav.farmaciasaas.com/api/images/articulos/DISTRIBUCION/52652.jpg,11
IRBESARTAN ||| TABLETAS,39262,ME43609/3,IRGEM 300 mg X 30 TABLETAS,Irbesartan,TABLETAS,"GEMA LABS, C.A.",https://pccentro.net.ve/img/s/8/4/0/4/1/84041-large_default.webp,11
IBUPROFENO ||| TABLETAS,38207,ME43775,IBLUFEN 800 mg X 10 TABLETAS,Ibuprofeno,TABLETAS,RONAK HEALTH CARE PRIVATE LIMITED,https://mav.farmaciasaas.com/api/images/articulos/DISTRIBUCION/23883.jpg,19
IBUPROFENO ||| TABLETAS,38213,ME44025,IBUN 800 mg X 10 TABLETAS RECUBIERTAS,Ibuprofeno,TABLETAS,"LABORATORIO COFASA, S.A.",https://mav.farmaciasaas.com/api/images/articulos/DISTRIBUCION/53061.jpg,19
IBUPROFENO ||| TABLETAS,38218,ME38405,IBUPROFENO 400 mg X 20 TABLETAS,Ibuprofeno,TABLETAS,"BIOQUIMICA INTERNACIONAL, C.A.",https://mav.farmaciasaas.com/api/images/articulos/DISTRIBUCION/24334.jpg,19
IBUPROFENO ||| TABLETAS,38219,ME30509,IBUPROFENO 600 mg X 10 TABLETAS,Ibuprofeno,TABLETAS,"LABORATORIOS VARGAS, S.A.",https://mav.farmaciasaas.com/api/images/articulos/DISTRIBUCION/29649.jpg,19
IBUPROFENO ||| TABLETAS,38220,ME31850,IBUPROFENO 800 mg X 10 TABLETAS RECUBIERTAS,Ibuprofeno,TABLETAS,"LABORATORIO LA SANTE, C.A.",https://pccentro.net.ve/img/s/8/9/7/4/5/89745-large_default.webp,19
IBUPROFENO ||| TABLETAS,38222,ME27688/2,IBUPROFENO 400 mg X 10 TABLETAS RECUBIERTAS,Ibuprofeno,TABLETAS,"CALOX INTERNATIONAL, C.A.",https://mav.farmaciasaas.com/api/images/articulos/DISTRIBUCION/10070.jpg,19
IBUPROFENO ||| TABLETAS,38223,ME27688/3,IBUPROFENO 400 mg X 20 TABLETAS RECUBIERTAS,Ibuprofeno,TABLETAS,"CALOX INTERNATIONAL, C.A.",https://pccentro.net.ve/img/s/3/4/0/7/2/34072-large_default.webp,19
IBUPROFENO ||| TABLETAS,38224,ME33973,IBUPROFENO 400 mg X 10 TABLETAS RECUBIERTAS ENTERICAS,Ibuprofeno,TABLETAS,"LABORATORIO PLUSANDEX DE FARMACEUTICOS UNIDOS, PLUSANDEX, C.A.",https://mav.farmaciasaas.com/api/images/articulos/DISTRIBUCION/92855.jpg,19
IBUPROFENO ||| TABLETAS,38225,ME35615,IBUPROFENO 600 mg X 10 TABLETAS RECUBIERTAS,Ibuprofeno,TABLETAS,"CALOX INTERNATIONAL, C.A.",https://mav.farmaciasaas.com/api/images/articulos/DISTRIBUCION/10263.jpg,19
IBUPROFENO ||| TABLETAS,38228,ME42600,IBUTAN 200 mg X 10 TABLETAS,Ibuprofeno,TABLETAS,LABORATORIOS SIEGFRIED S.A.,https://mav.farmaciasaas.com/api/images/articulos/DISTRIBUCION/4835.jpg,19
IBUPROFENO ||| TABLETAS,38229,ME19994/2,IBUTAN 400 mg X 10 TABLETAS,Ibuprofeno,TABLETAS,LABORATORIOS SIEGFRIED S.A.,https://mav.farmaciasaas.com/api/images/articulos/DISTRIBUCION/8969.jpg,19
IBUPROFENO ||| TABLETAS,38230,ME19994/3,IBUTAN 400 mg X 20 TABLETAS,Ibuprofeno,TABLETAS,LABORATORIOS SIEGFRIED S.A.,https://mav.farmaciasaas.com/api/images/articulos/DISTRIBUCION/92332.jpg,19
IBUPROFENO ||| TABLETAS,38231,ME39059,IBUTAN 600 mg X 10 TABLETAS,Ibuprofeno,TABLETAS,LABORATORIOS SIEGFRIED S.A.,https://mav.farmaciasaas.com/api/images/articulos/DISTRIBUCION/127.jpg,19
IBUPROFENO ||| TABLETAS,38236,ME42479/2,IBUTANFEM 400 mg - 20 mg X 20 TABLETAS RECUBIERTAS,Ibuprofeno,TABLETAS,LABORATORIOS SIEGFRIED S.A.,https://mav.farmaciasaas.com/api/images/articulos/DISTRIBUCION/25251.jpg,19
IBUPROFENO ||| TABLETAS,38237,ME42479/3,IBUTANFEM 400 mg - 20 mg X 30 TABLETAS RECUBIERTAS,Ibuprofeno,TABLETAS,LABORATORIOS SIEGFRIED S.A.,https://mav.farmaciasaas.com/api/images/articulos/DISTRIBUCION/25252.jpg,19
IBUPROFENO ||| TABLETAS,38415,ME24925,LUMBAX 200 mg X 10 TABLETAS,Ibuprofeno,TABLETAS,"LABORATORIOS VARGAS, S.A.",https://mav.farmaciasaas.com/api/images/articulos/DISTRIBUCION/29648.jpg,19
IBUPROFENO ||| TABLETAS,38416,ME29063,LUMBAX 400 mg X 10 TABLETAS,Ibuprofeno,TABLETAS,"LABORATORIOS VARGAS, S.A.",https://mav.farmaciasaas.com/api/images/articulos/DISTRIBUCION/20349.jpg,19
IBUPROFENO ||| TABLETAS,38417,ME30211,LUMBAX 600 mg X 10 TABLETAS,Ibuprofeno,TABLETAS,"LABORATORIOS VARGAS, S.A.",https://mav.farmaciasaas.com/api/images/articulos/DISTRIBUCION/20720.jpg,19
IBUPROFENO ||| TABLETAS,39251,ME30069,IBUPROFENO 400 mg X 10 TABLETAS RECUBIERTAS,Ibuprofeno,TABLETAS,"LABORATORIOS KIMICEG, C.A.",https://pccentro.net.ve/img/s/3/4/0/7/2/34072-large_default.webp,19
IBUPROFENO ||| SOLUCION ORAL,38211,ME43466,IBUMAX 100 mg / 5 mL SUSPENSION ORAL,Ibuprofeno,SOLUCION ORAL,"LABORATORIO LA SANTE, C.A.",https://mav.farmaciasaas.com/api/images/articulos/DISTRIBUCION/50304.jpg,4
IBUPROFENO ||| SOLUCION ORAL,38250,ME36328,IPORET 40 mg / mL SUSPENSION ORAL GOTAS,Ibuprofeno,SOLUCION ORAL,"LABORATORIOS L.O. OFTALMI, C.A.",,4
IBUPROFENO ||| SOLUCION ORAL,39249,ME30199,IBUPROFENO 100 mg / 5 mL SUSPENSION ORAL,Ibuprofeno,SOLUCION ORAL,"LABORATORIOS SPEFAR VENEZOLANOS, S.A.",,4
IBUPROFENO ||| SOLUCION ORAL,39252,ME30286,IBUPROFENO 100 mg / 5 mL SUSPENSION ORAL,Ibuprofeno,SOLUCION ORAL,"LABORATORIOS KIMICEG, C.A.",,4
PANTOPRAZOL ||| COMPRIMIDOS,38246,ME41339,INIBIL 20 mg X 14 COMPRIMIDOS CON CUBIERTA ENTERICA,Pantoprazol,COMPRIMIDOS,"ESPECIALIDADES DOLLDER, C.A.",https://mav.farmaciasaas.com/api/images/articulos/DISTRIBUCION/13662.jpg,3
PANTOPRAZOL ||| COMPRIMIDOS,38247,ME41338,INIBIL 40 mg X 14 COMPRIMIDOS CON CUBIERTA ENTERICA,Pantoprazol,COMPRIMIDOS,"ESPECIALIDADES DOLLDER, C.A.",https://mav.farmaciasaas.com/api/images/articulos/DISTRIBUCION/13661.jpg,3
PANTOPRAZOL ||| COMPRIMIDOS,38634,ME37274,PANTOPRAZOL 40 mg X 10 COMPRIMIDOS CON CUBIERTA DE LIBERACION ENTERICA,Pantoprazol,COMPRIMIDOS,"LABORATORIOS LETI, S.A.V.",https://mav.farmaciasaas.com/api/images/articulos/DISTRIBUCION/98455.jpg,3
HIDROCLOROTIAZIDA - IRBESARTAN ||| TABLETAS,38259,ME43716,"IRBETIAZID 150 mg - 12,5 mg X 28 TABLETAS",Hidroclorotiazida - Irbesartan,TABLETAS,LABORATORIOS SIEGFRIED S.A.,,3
HIDROCLOROTIAZIDA - IRBESARTAN ||| TABLETAS,39259,ME43717,"IRBETIAZID 300 mg - 12,5 mg X 28 TABLETAS",Hidroclorotiazida - Irbesartan,TABLETAS,LABORATORIOS SIEGFRIED S.A.,https://mav.farmaciasaas.com/api/images/articulos/DISTRIBUCION/25237.jpg,3
HIDROCLOROTIAZIDA - IRBESARTAN ||| TABLETAS,39263,ME43668,"IRGEM PLUS 300 mg - 12,5 mg X 30 TABLETAS",Hidroclorotiazida - Irbesartan,TABLETAS,"GEMA LABS, C.A.",https://mav.farmaciasaas.com/api/images/articulos/DISTRIBUCION/52661.jpg,3
ITRACONAZOL - SECNIDAZOL ANHIDRO ||| CAPSULAS,38262,ME44504,"ITRASEC 33,33 mg – 166,66 mg X 12 CÁPSULAS",Itraconazol - Secnidazol Anhidro,CAPSULAS,"JIANGXI SYNERGY PHARMACEUTICAL CO., LTD",https://mav.farmaciasaas.com/api/images/articulos/DISTRIBUCION/52102.jpg,2
ITRACONAZOL - SECNIDAZOL ANHIDRO ||| CAPSULAS,39031,ME37677,"SECNIDAZOL - ITRACONAZOL 166,66 mg - 33,33 mg X 12 CAPSULAS",Itraconazol - Secnidazol Anhidro,CAPSULAS,"CALOX INTERNATIONAL, C.A.",https://pccentro.net.ve/img/s/7/7/0/6/8/77068-large_default.webp,2
KETOPROFENO ||| CAPSULAS,38274,ME31304,KELFEN 50 mg X 10 CAPSULAS,Ketoprofeno,CAPSULAS,MEGALABS S.A.,https://mav.farmaciasaas.com/api/images/articulos/DISTRIBUCION/1518.jpg,7
KETOPROFENO ||| CAPSULAS,38288,ME29236/2,KETOPROFENO 100 mg X 10 CAPSULAS,Ketoprofeno,CAPSULAS,"LABORATORIO LA SANTE, C.A.",https://mav.farmaciasaas.com/api/images/articulos/DISTRIBUCION/51778.jpg,7
KETOPROFENO ||| CAPSULAS,38289,ME29236/3,KETOPROFENO 100 mg X 20 CAPSULAS,Ketoprofeno,CAPSULAS,"LABORATORIO LA SANTE, C.A.",https://mav.farmaciasaas.com/api/images/articulos/DISTRIBUCION/4040.jpg,7
KETOPROFENO ||| CAPSULAS,38290,ME41682/2,KETOPROFENO 100 mg X 10 CAPSULAS,Ketoprofeno,CAPSULAS,"CALOX INTERNATIONAL, C.A.",https://mav.farmaciasaas.com/api/images/articulos/DISTRIBUCION/21061.jpg,7
KETOPROFENO ||| CAPSULAS,38291,ME41682/3,KETOPROFENO 100 mg X 20 CAPSULAS,Ketoprofeno,CAPSULAS,"CALOX INTERNATIONAL, C.A.",https://mav.farmaciasaas.com/api/images/articulos/DISTRIBUCION/2408.jpg,7
KETOPROFENO ||| CAPSULAS,38292,ME35351/2,KETOPROFENO 100 mg X 10 CAPSULAS,Ketoprofeno,CAPSULAS,"LABORATORIOS LETI, S.A.V.",https://mav.farmaciasaas.com/api/images/articulos/DISTRIBUCION/54274.jpg,7
KETOPROFENO ||| CAPSULAS,38293,ME35351/3,KETOPROFENO 100 mg X 20 CAPSULAS,Ketoprofeno,CAPSULAS,"LABORATORIOS LETI, S.A.V.",https://mav.farmaciasaas.com/api/images/articulos/DISTRIBUCION/8408.jpg,7
KETOPROFENO ||| COMPRIMIDOS,38275,ME28589,KELFEN 100 mg X 20 COMPRIMIDOS CON CUBIERTA ENTERICA,Ketoprofeno,COMPRIMIDOS,MEGALABS S.A.,https://mav.farmaciasaas.com/api/images/articulos/DISTRIBUCION/11061.jpg,3
KETOPROFENO ||| COMPRIMIDOS,39269,ME32070,KETOPROFENO 100 mg COMPRIMIDOS ENTERICOS,Ketoprofeno,COMPRIMIDOS,"LABORATORIOS SPEFAR VENEZOLANOS, S.A.",https://mav.farmaciasaas.com/api/images/articulos/DISTRIBUCION/94888.jpg,3
KETOPROFENO ||| COMPRIMIDOS,39332,ME42182,OROFENO 150 mg COMPRIMIDOS DE LIBERACION CONTROLADA,Ketoprofeno,COMPRIMIDOS,"LABORATORIOS LETI, S.A.V.",https://pccentro.net.ve/img/s/5/5/0/6/3/55063-large_default.webp,3
LEVETIRACETAM ||| TABLETAS,38276,ME37980,KEPPRA 1000 mg X 30 TABLETAS RECUBIERTAS,Levetiracetam,TABLETAS,UCB PHARMA S.A.,https://mav.farmaciasaas.com/api/images/articulos/DISTRIBUCION/28898.jpg,3
LEVETIRACETAM ||| TABLETAS,38277,ME37979,KEPPRA 500 mg X 30 TABLETAS RECUBIERTAS,Levetiracetam,TABLETAS,UCB PHARMA S.A.,https://mav.farmaciasaas.com/api/images/articulos/DISTRIBUCION/28897.jpg,3
LEVETIRACETAM ||| TABLETAS,38331,ME43729,LEVETIRACETAM 500 mg X 30 TABLETAS RECUBIERTAS,Levetiracetam,TABLETAS,SG HEALTHCARE PVT. LTD.,https://mav.farmaciasaas.com/api/images/articulos/DISTRIBUCION/25661.jpg,3
KETOCONAZOL ||| CHAMPU,38279,ME25621,KETAZOL 2 % CHAMPU,Ketoconazol,CHAMPU,"LABORATORIOS VARGAS, S.A.",https://mav.farmaciasaas.com/api/images/articulos/DISTRIBUCION/7281.jpg,2
KETOCONAZOL ||| CHAMPU,39533,ME28267,KETOMED 2 % CHAMPU,Ketoconazol,CHAMPU,ALTEA FARMACEUTCA S.A.,https://pccentro.net.ve/img/s/7/3/0/1/4/73014-large_default.webp,2
KETOCONAZOL ||| CREMA,38280,ME25126,KETAZOL 2 % CREMA,Ketoconazol,CREMA,"LABORATORIOS VARGAS, S.A.",https://mav.farmaciasaas.com/api/images/articulos/DISTRIBUCION/6552.jpg,2
KETOCONAZOL ||| CREMA,39531,ME26276,KETOCONAZOL 2% CREMA,Ketoconazol,CREMA,"LABORATORIOS KIMICEG, C.A.",https://pccentro.net.ve/img/s/2/5/2/5/5/25255-large_default.webp,2
KETOCONAZOL ||| OVULOS,38281,ME25867,KETAZOL 400 mg X 3 OVULOS,Ketoconazol,OVULOS,"LABORATORIOS VARGAS, S.A.",https://mav.farmaciasaas.com/api/images/articulos/DISTRIBUCION/7624.jpg,2
KETOCONAZOL ||| OVULOS,38282,ME43274,CLINDAMICINA - KETOCONAZOL 100 mg - 400 mg OVULOS VAGINALES,Ketoconazol,OVULOS,"LABORATORIOS SPEFAR VENEZOLANOS, S.A.",https://pccentro.net.ve/img/s/8/5/3/0/4/85304-large_default.webp,2
KETOPROFENO ||| INYECTABLE,38284,HO35019/2,KETOPROFENO 100mg / 2 mL X 1 AMPOLLAS,Ketoprofeno,INYECTABLE,"CALOX INTERNATIONAL, C.A.",https://mav.farmaciasaas.com/api/images/articulos/DISTRIBUCION/521.jpg,9
KETOPROFENO ||| INYECTABLE,38285,HO35019/3,KETOPROFENO 100mg / 2 mL X 2 AMPOLLAS,Ketoprofeno,INYECTABLE,"CALOX INTERNATIONAL, C.A.",https://mav.farmaciasaas.com/api/images/articulos/DISTRIBUCION/5201.jpg,9
KETOPROFENO ||| INYECTABLE,38286,HO35019/4,KETOPROFENO 100mg / 2 mL X 10 AMPOLLAS,Ketoprofeno,INYECTABLE,"CALOX INTERNATIONAL, C.A.",https://mav.farmaciasaas.com/api/images/articulos/DISTRIBUCION/26418.jpg,9
KETOPROFENO ||| INYECTABLE,38287,HO35019/5,KETOPROFENO 100mg / 2 mL X 20 AMPOLLAS,Ketoprofeno,INYECTABLE,"CALOX INTERNATIONAL, C.A.",https://pccentro.net.ve/img/s/7/7/7/0/1/77701-large_default.webp,9
KETOPROFENO ||| INYECTABLE,38294,HO43918,KETOPROFENO 50 mg / mL SOLUCIÓN INYECTABLE,Ketoprofeno,INYECTABLE,"JIANGXI SYNERGY PHARMACEUTICAL CO., LTD",,9
KETOPROFENO ||| INYECTABLE,39267,HO33101/2,KETOPROFENO 100 mg / 2 mL X 10 AMPOLLAS,Ketoprofeno,INYECTABLE,"LABORATORIOS LETI, S.A.V.",https://pccentro.net.ve/img/s/7/7/7/0/1/77701-large_default.webp,9
KETOPROFENO ||| INYECTABLE,39268,HO33101/3,KETOPROFENO 100 mg / 2 mL X 20 AMPOLLAS,Ketoprofeno,INYECTABLE,"LABORATORIOS LETI, S.A.V.",https://pccentro.net.ve/img/s/7/7/7/0/1/77701-large_default.webp,9
KETOPROFENO ||| INYECTABLE,39270,HO30273/3,KETOPROFENO 100 mg / 2 mL X 10 AMPOLLAS,Ketoprofeno,INYECTABLE,"LABORATORIO COFASA, S.A.",https://pccentro.net.ve/img/s/7/7/7/0/1/77701-large_default.webp,9
KETOPROFENO ||| INYECTABLE,39271,HO30273/2,KETOPROFENO 100 mg / 2 mL X 1 AMPOLLAS,Ketoprofeno,INYECTABLE,"LABORATORIO COFASA, S.A.",https://pccentro.net.ve/img/s/7/7/7/0/1/77701-large_default.webp,9
KETOROLACO ||| INYECTABLE,38296,HO42668/3,KETOROLACO TROMETAMOL 30 mg / mL X 10 AMPOLLAS,Ketorolaco,INYECTABLE,"LABORATORIO BIOSANO, S.A.",https://mav.farmaciasaas.com/api/images/articulos/DISTRIBUCION/29479.jpg,2
KETOROLACO ||| INYECTABLE,38297,HO42668/2,KETOROLACO TROMETAMOL 30 mg / mL X 8 AMPOLLAS,Ketorolaco,INYECTABLE,"LABORATORIO BIOSANO, S.A.",https://pccentro.net.ve/img/s/8/6/0/2/2/86022-large_default.webp,2
TIOCOLCHICOSIDO ||| INYECTABLE,38313,HO44183,LAMPRAL 4 mg / 2 mL X 2 AMPOLLAS,Tiocolchicosido,INYECTABLE,"BIOTECH LABORATORIOS, C.A.",https://mav.farmaciasaas.com/api/images/articulos/DISTRIBUCION/54482.jpg,9
TIOCOLCHICOSIDO ||| INYECTABLE,38868,HO27849/2,TIOCOLCHICOSIDO 4 mg / 2 mL X 1 AMPOLLAS,Tiocolchicosido,INYECTABLE,"LABORATORIOS LETI, S.A.V.",https://mav.farmaciasaas.com/api/images/articulos/DISTRIBUCION/51472.jpg,9
TIOCOLCHICOSIDO ||| INYECTABLE,38869,HO27849/4,TIOCOLCHICOSIDO 4 mg / 2 mL X 50 AMPOLLAS,Tiocolchicosido,INYECTABLE,"LABORATORIOS LETI, S.A.V.",https://mav.farmaciasaas.com/api/images/articulos/DISTRIBUCION/20404.jpg,9
TIOCOLCHICOSIDO ||| INYECTABLE,38870,HO27849/3,TIOCOLCHICOSIDO 4 mg / 2 mL X 2 AMPOLLAS,Tiocolchicosido,INYECTABLE,"LABORATORIOS LETI, S.A.V.",https://mav.farmaciasaas.com/api/images/articulos/DISTRIBUCION/20405.jpg,9
TIOCOLCHICOSIDO ||| INYECTABLE,39156,HO23451,COLVAL 4 mg / 2 mL X 2 AMPOLLAS,Tiocolchicosido,INYECTABLE,"LABORATORIOS VALMOR, C.A.",https://mav.farmaciasaas.com/api/images/articulos/DISTRIBUCION/8563.jpg,9
TIOCOLCHICOSIDO ||| INYECTABLE,39205,HO27693/2,EUSILEN 4 mg / 2 mL X 1 AMPOLLAS,Tiocolchicosido,INYECTABLE,"LABORATORIO COFASA, S.A.",https://mav.farmaciasaas.com/api/images/articulos/DISTRIBUCION/9602.jpg,9
TIOCOLCHICOSIDO ||| INYECTABLE,39206,HO27693/3,EUSILEN 4 mg / 2 mL X 2 AMPOLLAS,Tiocolchicosido,INYECTABLE,"LABORATORIO COFASA, S.A.",https://mav.farmaciasaas.com/api/images/articulos/DISTRIBUCION/5513.jpg,9
TIOCOLCHICOSIDO ||| INYECTABLE,39393,HO43730,TIOCOLCHICOSIDO 4 mg / 2 mL X 12 AMPOLLAS,Tiocolchicosido,INYECTABLE,"BIOTECH LABORATORIOS, C.A.",https://pccentro.net.ve/img/s/9/6/5/3/4/96534-large_default.webp,9
TIOCOLCHICOSIDO ||| INYECTABLE,39394,HO37915,TIOCOLCHICOSIDO 4 mg / 2 mL X 12 AMPOLLAS,Tiocolchicosido,INYECTABLE,"CALOX INTERNATIONAL, C.A.",https://pccentro.net.ve/img/s/9/6/5/3/4/96534-large_default.webp,9
LERCANIDIPINO ||| COMPRIMIDOS,38321,ME44041/2,LERCANIDIPINO 20 mg X 10 COMPRIMIDOS RECUBIERTOS,Lercanidipino,COMPRIMIDOS,"LABORATORIOS VARGAS, S.A.",https://pccentro.net.ve/img/s/8/4/0/5/5/84055-large_default.webp,4
LERCANIDIPINO ||| COMPRIMIDOS,38322,ME44041/3,LERCANIDIPINO 20 mg X 30 COMPRIMIDOS RECUBIERTOS,Lercanidipino,COMPRIMIDOS,"LABORATORIOS VARGAS, S.A.",https://mav.farmaciasaas.com/api/images/articulos/DISTRIBUCION/51324.jpg,4
LERCANIDIPINO ||| COMPRIMIDOS,38359,ME44241,LIPEND 10 mg X 30 COMPRIMIDOS RECUBIERTOS,Lercanidipino,COMPRIMIDOS,INTECH HEALTHCARE,https://mav.farmaciasaas.com/api/images/articulos/DISTRIBUCION/52071.jpg,4
LERCANIDIPINO ||| COMPRIMIDOS,38360,ME44242,LIPEND 20 mg X 30 COMPRIMIDOS RECUBIERTOS,Lercanidipino,COMPRIMIDOS,INTECH HEALTHCARE,https://mav.farmaciasaas.com/api/images/articulos/DISTRIBUCION/52072.jpg,4
LERCANIDIPINO ||| TABLETAS,38323,ME43991,LERCANIDIPINO CLOHIDRATO 10 mg X 30 TABLETAS RECUBIERTAS,Lercanidipino,TABLETAS,ANG LIFESCIENCES INDIA LTD,https://pccentro.net.ve/img/s/8/4/0/5/6/84056-large_default.webp,2
LERCANIDIPINO ||| TABLETAS,38324,ME44311,LERCANIDIPNO 20 mg X 30 TABLETAS RECUBIERTAS,Lercanidipino,TABLETAS,AXA PARENTERALS LTD,https://pccentro.net.ve/img/s/8/4/0/5/5/84055-large_default.webp,2
LEVOFLOXACINO ||| INYECTABLE,38332,HO37449,LEVOFLOXACINA 500 mg/100mL SOLUCION PARA INFUSION INTRAVENOSA,Levofloxacino,INYECTABLE,"EUROFARMA LABORATORIOS, S.A.",https://mav.farmaciasaas.com/api/images/articulos/DISTRIBUCION/26369.jpg,3
LEVOFLOXACINO ||| INYECTABLE,39285,HO36034,LEVOTEC 5 mg / mL SOLUCION INYECTABLE PARA INFUSION INTRAVENOSA,Levofloxacino,INYECTABLE,"LABORATORIO BEHRENS, C.A.",,3
LEVOFLOXACINO ||| INYECTABLE,39317,HO44715,NEULEVAL 500 mg/100 mL X 10 AMPOLLAS,Levofloxacino,INYECTABLE,"LABORATORIOS VALMOR, C.A.",,3
LEVOFLOXACINO ||| TABLETAS,38333,ME43817,LEVOFLOXACINO 500 mg X 10 TABLETAS RECUBIERTAS,Levofloxacino,TABLETAS,"JIANGXI SYNERGY PHARMACEUTICAL CO., LTD",,10
LEVOFLOXACINO ||| TABLETAS,38335,ME43531/2,LEVOFLOXACINA 750 mg X 5 TABLETAS RECUBIERTAS,Levofloxacino,TABLETAS,ANG LIFESCIENCES INDIA LTD,https://mav.farmaciasaas.com/api/images/articulos/DISTRIBUCION/19718.jpg,10
LEVOFLOXACINO ||| TABLETAS,38336,ME43531/3,LEVOFLOXACINA 750 mg X 7 TABLETAS RECUBIERTAS,Levofloxacino,TABLETAS,ANG LIFESCIENCES INDIA LTD,,10
LEVOFLOXACINO ||| TABLETAS,38337,ME43531/4,LEVOFLOXACINA 750 mg X 10 TABLETAS RECUBIERTAS,Levofloxacino,TABLETAS,ANG LIFESCIENCES INDIA LTD,https://mav.farmaciasaas.com/api/images/articulos/DISTRIBUCION/24415.jpg,10
LEVOFLOXACINO ||| TABLETAS,38338,ME35920/3,LEVOFLOXACINA 500 mg X 10 TABLETAS RECUBIERTAS,Levofloxacino,TABLETAS,"PROCAPS, S.A.",,10
LEVOFLOXACINO ||| TABLETAS,38339,ME35920/2,LEVOFLOXACINA 500 mg X 7 TABLETAS RECUBIERTAS,Levofloxacino,TABLETAS,"PROCAPS, S.A.",https://mav.farmaciasaas.com/api/images/articulos/DISTRIBUCION/24405.jpg,10
LEVOFLOXACINO ||| TABLETAS,38340,ME38925/3,LEVOFLOXACINO 500 mg X 7 TABLETAS RECUBIERTAS,Levofloxacino,TABLETAS,"LABORATORIOS KIMICEG, C.A.",https://mav.farmaciasaas.com/api/images/articulos/DISTRIBUCION/20100.jpg,10
LEVOFLOXACINO ||| TABLETAS,38341,ME38925/4,LEVOFLOXACINO 500 mg X 10 TABLETAS RECUBIERTAS,Levofloxacino,TABLETAS,"LABORATORIOS KIMICEG, C.A.",,10
LEVOFLOXACINO ||| TABLETAS,38342,ME38925/2,LEVOFLOXACINO 500 mg X 5 TABLETAS RECUBIERTAS,Levofloxacino,TABLETAS,"LABORATORIOS KIMICEG, C.A.",https://mav.farmaciasaas.com/api/images/articulos/DISTRIBUCION/53252.jpg,10
LEVOFLOXACINO ||| TABLETAS,38343,ME38926,LEVOFLOXACINO 750 mg X 5 TABLETAS RECUBIERTAS,Levofloxacino,TABLETAS,"LABORATORIOS KIMICEG, C.A.",https://mav.farmaciasaas.com/api/images/articulos/DISTRIBUCION/53251.jpg,10
LEVOFLOXACINO ||| COMPRIMIDOS,38334,ME32188,LEVOFLOXACINA 500 mg X 10 COMPRIMIDOS RECUBIERTOS,Levofloxacino,COMPRIMIDOS,"LABORATORIOS LETI, S.A.V.",https://mav.farmaciasaas.com/api/images/articulos/DISTRIBUCION/26132.jpg,2
LEVOFLOXACINO ||| COMPRIMIDOS,38706,ME35378,PROXIME 750 mg X 5 COMPRIMIDOS RECUBIERTOS,Levofloxacino,COMPRIMIDOS,"LABORATORIOS LETI, S.A.V.",https://mav.farmaciasaas.com/api/images/articulos/DISTRIBUCION/8044.jpg,2
LEVOSULPIRIDA ||| COMPRIMIDOS,38345,ME43586,LEVOPRIDE 25 MG X 30 COMPRIMIDOS,Levosulpirida,COMPRIMIDOS,INTECH HEALTHCARE,https://mav.farmaciasaas.com/api/images/articulos/DISTRIBUCION/29747.jpg,3
LEVOSULPIRIDA ||| COMPRIMIDOS,38814,ME44472,SULPIR 25mg X 30 COMPRIMIDOS,Levosulpirida,COMPRIMIDOS,"LABORATORIOS VARGAS, S.A.",https://mav.farmaciasaas.com/api/images/articulos/DISTRIBUCION/52407.jpg,3
LEVOSULPIRIDA ||| COMPRIMIDOS,38819,ME39943,SURIDE 25 mg X 30 COMPRIMIDOS RECUBIERTOS,Levosulpirida,COMPRIMIDOS,"BIOTECH LABORATORIOS, C.A.",https://mav.farmaciasaas.com/api/images/articulos/DISTRIBUCION/98364.jpg,3
LEVOTIROXINA ||| TABLETAS,38349,ME42576/2,LEVOTIROXINA SODICA 100 mcg X 10 TABLETAS,Levotiroxina,TABLETAS,MACLEODS PHARMACEUTICALS LTD,https://mav.farmaciasaas.com/api/images/articulos/DISTRIBUCION/22840.jpg,3
LEVOTIROXINA ||| TABLETAS,38350,ME42576/3,LEVOTIROXINA SODICA 100 mcg X 50 TABLETAS,Levotiroxina,TABLETAS,MACLEODS PHARMACEUTICALS LTD,https://mav.farmaciasaas.com/api/images/articulos/DISTRIBUCION/20026.jpg,3
LEVOTIROXINA ||| TABLETAS,38351,ME43141,LEVOTIROXINA SODICA 50 mcg X 50 TABLETAS,Levotiroxina,TABLETAS,HIRAL LABS LIMITED,https://mav.farmaciasaas.com/api/images/articulos/DISTRIBUCION/20025.jpg,3
LOSARTAN ||| TABLETAS,38366,ME43571,LODESTAR 100 mg X 30 TABLETAS RECUBIERTAS,Losartan,TABLETAS,"LABORATORIOS VALMOR, C.A.",https://mav.farmaciasaas.com/api/images/articulos/DISTRIBUCION/52796.jpg,9
LOSARTAN ||| TABLETAS,38401,ME35008,LOSARTAN POTASICO 50 mg X 30 TABLETAS RECUBIERTAS,Losartan,TABLETAS,"LABORATORIOS VALMOR, C.A.",https://mav.farmaciasaas.com/api/images/articulos/DISTRIBUCION/20271.jpg,9
LOSARTAN ||| TABLETAS,38404,ME42945,LOSARTAN POTASICO 50 mg X 30 TABLETAS RECUBIERTAS,Losartan,TABLETAS,"BIOTECH LABORATORIOS, C.A.",https://mav.farmaciasaas.com/api/images/articulos/DISTRIBUCION/27329.jpg,9
LOSARTAN ||| TABLETAS,38407,ME31205/2,LOSARTAN POTASICO 50 mg X 10 TABLETAS RECUBIERTAS,Losartan,TABLETAS,"LABORATORIOS KIMICEG, C.A.",https://pccentro.net.ve/img/s/8/0/7/1/4/80714-large_default.webp,9
LOSARTAN ||| TABLETAS,38408,ME31205/4,LOSARTAN POTASICO 50 mg X 30 TABLETAS RECUBIERTAS,Losartan,TABLETAS,"LABORATORIOS KIMICEG, C.A.",https://pccentro.net.ve/img/s/8/0/7/1/4/80714-large_default.webp,9
LOSARTAN ||| TABLETAS,38409,ME31205/3,LOSARTAN POTASICO 50 mg X 20 TABLETAS RECUBIERTAS,Losartan,TABLETAS,"LABORATORIOS KIMICEG, C.A.",https://pccentro.net.ve/img/s/8/0/7/1/4/80714-large_default.webp,9
LOSARTAN ||| TABLETAS,38410,ME34265,LOSARTAN POTASICO 50 mg X 30 TABLETAS RECUBIERTAS,Losartan,TABLETAS,"CALOX INTERNATIONAL, C.A.",https://mav.farmaciasaas.com/api/images/articulos/DISTRIBUCION/99640.jpg,9
LOSARTAN ||| TABLETAS,39289,ME36662,LOSARTAN POTASICO 50 mg X 14 TABLETAS RECUBIERTAS,Losartan,TABLETAS,"LABORATORIOS SPEFAR VENEZOLANOS, S.A.",https://pccentro.net.ve/img/s/8/0/7/1/4/80714-large_default.webp,9
LOSARTAN ||| TABLETAS,39290,ME36589,LOSARTAN POTASICO 100 mg X 10 TABLETAS RECUBIERTAS,Losartan,TABLETAS,"LABORATORIOS KIMICEG, C.A.",https://mav.farmaciasaas.com/api/images/articulos/DISTRIBUCION/23432.jpg,9
LOPERAMIDA ||| TABLETAS,38376,ME22142/2,LOPERAM 2 mg X 4 TABLETAS,Loperamida,TABLETAS,"LABORATORIOS VARGAS, S.A.",https://mav.farmaciasaas.com/api/images/articulos/DISTRIBUCION/5224.jpg,4
LOPERAMIDA ||| TABLETAS,38377,ME22142/3,LOPERAM 2 mg X 10 TABLETAS,Loperamida,TABLETAS,"LABORATORIOS VARGAS, S.A.",https://mav.farmaciasaas.com/api/images/articulos/DISTRIBUCION/18988.jpg,4
LOPERAMIDA ||| TABLETAS,38378,ME40887,LOPERAMIDA 2 mg X 10 TABLETAS,Loperamida,TABLETAS,"SM PHARMA, C.A.",https://mav.farmaciasaas.com/api/images/articulos/DISTRIBUCION/53152.jpg,4
LOPERAMIDA ||| TABLETAS,39060,ME33576,ANTILAX 2 mg X 10 TABLETAS,Loperamida,TABLETAS,LABORATORIOS FARMA S.A.,https://mav.farmaciasaas.com/api/images/articulos/DISTRIBUCION/93277.jpg,4
LORATADINA ||| TABLETAS,38380,ME36543,LORADEX 10 mg X 10 TABLETAS,Loratadina,TABLETAS,"LABORATORIO PLUSANDEX DE FARMACEUTICOS UNIDOS, PLUSANDEX, C.A.",https://mav.farmaciasaas.com/api/images/articulos/DISTRIBUCION/92795.jpg,5
LORATADINA ||| TABLETAS,38383,ME27529/2,LORATADINA 10 mg X 10 TABLETAS,Loratadina,TABLETAS,"CALOX INTERNATIONAL, C.A.",https://mav.farmaciasaas.com/api/images/articulos/DISTRIBUCION/9653.jpg,5
LORATADINA ||| TABLETAS,38384,ME27529/3,LORATADINA 10 mg X 20 TABLETAS,Loratadina,TABLETAS,"CALOX INTERNATIONAL, C.A.",https://mav.farmaciasaas.com/api/images/articulos/DISTRIBUCION/99082.jpg,5
LORATADINA ||| TABLETAS,38387,ME39257,LORATADINA 10 mg X 10 TABLETAS,Loratadina,TABLETAS,"BIOQUIMICA INTERNACIONAL, C.A.",https://mav.farmaciasaas.com/api/images/articulos/DISTRIBUCION/24536.jpg,5
LORATADINA ||| TABLETAS,38392,ME29176,LORAVAL 10 mg X 10 TABLETAS,Loratadina,TABLETAS,"LABORATORIOS VALMOR, C.A.",https://mav.farmaciasaas.com/api/images/articulos/DISTRIBUCION/9147.jpg,5
LORATADINA ||| COMPRIMIDOS,38381,ME28127,LORATADINA 10 mg X 10 COMPRIMIDOS,Loratadina,COMPRIMIDOS,"LABORATORIOS LETI, S.A.V.",https://mav.farmaciasaas.com/api/images/articulos/DISTRIBUCION/3401.jpg,2
LORATADINA ||| COMPRIMIDOS,39287,ME29812,LORATADINA 10 mg COMPRIMIDOS,Loratadina,COMPRIMIDOS,"LABORATORIOS SPEFAR VENEZOLANOS, S.A.",https://pccentro.net.ve/img/s/9/6/1/6/4/96164-large_default.webp,2
LORATADINA ||| JARABE,38382,ME30034,LORATADINA 1 mg / mL JARABE,Loratadina,JARABE,"LABORATORIOS SPEFAR VENEZOLANOS, S.A.",https://mav.farmaciasaas.com/api/images/articulos/DISTRIBUCION/24810.jpg,4
LORATADINA ||| JARABE,38386,ME28201,LORATADINA 5 mg / 5 mL JARABE,Loratadina,JARABE,"GENVEN GENERICOS VENEZOLANOS, S.A.",https://mav.farmaciasaas.com/api/images/articulos/DISTRIBUCION/23709.jpg,4
LORATADINA ||| JARABE,38391,ME29808,LORAVAL 5 mg / 5 mL JARABE,Loratadina,JARABE,"LABORATORIOS VALMOR, C.A.",https://mav.farmaciasaas.com/api/images/articulos/DISTRIBUCION/9150.jpg,4
LORATADINA ||| JARABE,38394,ME27541,LOREX 1 mg / mL JARABE,Loratadina,JARABE,"ESPECIALIDADES DOLLDER, C.A.",https://pccentro.net.ve/img/s/7/5/4/0/7/75407-large_default.webp,4
LOSARTAN ||| COMPRIMIDOS,38395,ME29469/4,LOSARTAN POTASICO 50 mg X 30 COMPRIMIDOS RECUBIERTOS,Losartan,COMPRIMIDOS,"LABORATORIOS LETI, S.A.V.",https://mav.farmaciasaas.com/api/images/articulos/DISTRIBUCION/97621.jpg,9
LOSARTAN ||| COMPRIMIDOS,38396,ME29469/2,LOSARTAN POTASICO 50 mg X 10 COMPRIMIDOS RECUBIERTOS,Losartan,COMPRIMIDOS,"LABORATORIOS LETI, S.A.V.",https://mav.farmaciasaas.com/api/images/articulos/DISTRIBUCION/54209.jpg,9
LOSARTAN ||| COMPRIMIDOS,38397,ME29469/3,LOSARTAN POTASICO 50 mg X 20 COMPRIMIDOS RECUBIERTOS,Losartan,COMPRIMIDOS,"LABORATORIOS LETI, S.A.V.",https://mav.farmaciasaas.com/api/images/articulos/DISTRIBUCION/92637.jpg,9
LOSARTAN ||| COMPRIMIDOS,38411,ME34979,LOSARTAN POTASICO 100 mg X 30 COMPRIMIDOS RECUBIERTOS,Losartan,COMPRIMIDOS,"LABORATORIOS VARGAS, S.A.",https://mav.farmaciasaas.com/api/images/articulos/DISTRIBUCION/52471.jpg,9
LOSARTAN ||| COMPRIMIDOS,38533,ME41823,NEFROTAL AMLO 50 mg - 5 mg X 30 COMPRIMIDOS,Losartan,COMPRIMIDOS,"LABORATORIOS ROWE, S.R.L.",https://mav.farmaciasaas.com/api/images/articulos/DISTRIBUCION/20154.jpg,9
LOSARTAN ||| COMPRIMIDOS,38538,ME35488/4,NEFROTAL 100 mg X 30 COMPRIMIDOS RECUBIERTOS,Losartan,COMPRIMIDOS,MEGALABS S.A.,https://mav.farmaciasaas.com/api/images/articulos/DISTRIBUCION/25248.jpg,9
LOSARTAN ||| COMPRIMIDOS,38539,ME35488/2,NEFROTAL 100 mg X 10 COMPRIMIDOS RECUBIERTOS,Losartan,COMPRIMIDOS,MEGALABS S.A.,https://mav.farmaciasaas.com/api/images/articulos/DISTRIBUCION/25320.jpg,9
LOSARTAN ||| COMPRIMIDOS,38540,ME35488/3,NEFROTAL 100 mg X 14 COMPRIMIDOS RECUBIERTOS,Losartan,COMPRIMIDOS,MEGALABS S.A.,https://mav.farmaciasaas.com/api/images/articulos/DISTRIBUCION/8487.jpg,9
LOSARTAN ||| COMPRIMIDOS,39291,ME42439,LOSARTAN POTASICO 100 mg COMPRIMIDOS RECUBIERTOS,Losartan,COMPRIMIDOS,"LABORATORIOS SPEFAR VENEZOLANOS, S.A.",https://pccentro.net.ve/img/s/8/0/6/8/3/80683-large_default.webp,9
TOBRAMICINA ||| SOLUCION OFTALMICA,38412,ME38053,"LOTEMICIN 0,5 % - 0,3 % SUSPENSION OFTALMICA",Tobramicina,SOLUCION OFTALMICA,LABORATORIOS POEN S.A.U.,https://mav.farmaciasaas.com/api/images/articulos/DISTRIBUCION/93654.jpg,4
TOBRAMICINA ||| SOLUCION OFTALMICA,38877,ME24679,"TOBRASOL 0,3 % SOLUCION OFTALMICA",Tobramicina,SOLUCION OFTALMICA,"LABORATORIOS L.O. OFTALMI, C.A.",https://pccentro.net.ve/img/s/7/5/4/9/9/75499-large_default.webp,4
TOBRAMICINA ||| SOLUCION OFTALMICA,39395,ME36574,"TOBRAMICINA 0,3 % SOLUCION OFTALMICA",Tobramicina,SOLUCION OFTALMICA,"LABORATORIOS L.O. OFTALMI, C.A.",https://pccentro.net.ve/img/s/7/5/5/3/3/75533-large_default.webp,4
TOBRAMICINA ||| SOLUCION OFTALMICA,39594,ME43863,"TOMYCIN 0,3 % SOLUCIÓN OFTALMICA",Tobramicina,SOLUCION OFTALMICA,THE IBN SINA PHARMACEUTICAL INDUSTRY LTD,https://pccentro.net.ve/img/s/7/5/4/9/9/75499-large_default.webp,4
NITROFURANTOINA ||| CAPSULAS,38419,ME16065,MACRODANTINA 50 mg X 30 CAPSULAS,Nitrofurantoina,CAPSULAS,LABORATORIOS FARMA S.A.,https://mav.farmaciasaas.com/api/images/articulos/DISTRIBUCION/2247.jpg,2
NITROFURANTOINA ||| CAPSULAS,39292,ME16064,MACRODANTINA 100 mg X 30 CAPSULAS,Nitrofurantoina,CAPSULAS,LABORATORIOS FARMA S.A.,,2
TIMOLOL ||| SOLUCION OFTALMICA,38431,ME23582,"MATILOL 0,5 % SOLUCION OFTALMICA",Timolol,SOLUCION OFTALMICA,"LABORATORIOS L.O. OFTALMI, C.A.",https://pccentro.net.ve/img/s/7/5/4/9/3/75493-large_default.webp,3
TIMOLOL ||| SOLUCION OFTALMICA,38863,ME42959,"TIMOLOL 0,5 % SOLUCION OFTALMICA",Timolol,SOLUCION OFTALMICA,CADILA PHARMACEUTICALS LIMITED,https://mav.farmaciasaas.com/api/images/articulos/DISTRIBUCION/22841.jpg,3
TIMOLOL ||| SOLUCION OFTALMICA,39194,ME30297,"MATIGEL 0,5 % SOLUCION OFTALMICA",Timolol,SOLUCION OFTALMICA,"LABORATORIOS L.O. OFTALMI, C.A.",https://pccentro.net.ve/img/s/7/5/4/9/3/75493-large_default.webp,3
EPLERENONA ||| COMPRIMIDOS,38433,ME42290,MAXOTEN 25 mg X 30 COMPRIMIDOS RECUBIERTOS,Eplerenona,COMPRIMIDOS,"LABORATORIOS LETI, S.A.V.",,2
EPLERENONA ||| COMPRIMIDOS,39294,ME42291,MAXOTEN 50 mg COMPRIMIDOS RECUBIERTOS,Eplerenona,COMPRIMIDOS,"LABORATORIOS LETI, S.A.V.",https://mav.farmaciasaas.com/api/images/articulos/DISTRIBUCION/50705.jpg,2
MEDROXIPROGESTERONA ||| TABLETAS,38434,ME43537/2,Medroxiprogesterona 10mg X 10 Tabletas,Medroxiprogesterona,TABLETAS,ACCENT PHARMACEUTICALS & DIAGNOSTICS,https://mav.farmaciasaas.com/api/images/articulos/DISTRIBUCION/53471.jpg,2
MEDROXIPROGESTERONA ||| TABLETAS,38435,ME43537/3,Medroxiprogesterona 10mg X 28 Tabletas,Medroxiprogesterona,TABLETAS,ACCENT PHARMACEUTICALS & DIAGNOSTICS,,2
MELOXICAM ||| COMPRIMIDOS,38440,ME30530,MELOXICAM 15 mg X 10 COMPRIMIDOS,Meloxicam,COMPRIMIDOS,"LABORATORIOS LETI, S.A.V.",https://mav.farmaciasaas.com/api/images/articulos/DISTRIBUCION/7370.jpg,2
MELOXICAM ||| COMPRIMIDOS,39296,ME31259,MELOXICAM 15 mg COMPRIMIDOS,Meloxicam,COMPRIMIDOS,"LABORATORIOS SPEFAR VENEZOLANOS, S.A.",https://pccentro.net.ve/img/s/2/5/4/9/8/25498-large_default.webp,2
MEMANTINA ||| TABLETAS,38442,ME43017/2,MEMANTINA CLORHIDRATO 10 mg X 10 TABLETAS RECUBIERTAS,Memantina,TABLETAS,MACLEODS PHARMACEUTICALS LTD,https://mav.farmaciasaas.com/api/images/articulos/DISTRIBUCION/50985.jpg,3
MEMANTINA ||| TABLETAS,38443,ME43017/4,MEMANTINA CLORHIDRATO 10 mg X 28 TABLETAS RECUBIERTAS,Memantina,TABLETAS,MACLEODS PHARMACEUTICALS LTD,https://mav.farmaciasaas.com/api/images/articulos/DISTRIBUCION/22396.jpg,3
MEMANTINA ||| TABLETAS,38444,ME43017/3,MEMANTINA CLORHIDRATO 10 mg X 14 TABLETAS RECUBIERTAS,Memantina,TABLETAS,MACLEODS PHARMACEUTICALS LTD,https://mav.farmaciasaas.com/api/images/articulos/DISTRIBUCION/26136.jpg,3
MEROPENEM ||| INYECTABLE,38447,HO34365,MEROPENEM 1 g X 10 AMPOLLAS,Meropenem,INYECTABLE,VITALIS S.A.C.I.,https://mav.farmaciasaas.com/api/images/articulos/DISTRIBUCION/26005.jpg,2
MEROPENEM ||| INYECTABLE,38449,HO41258,MESPEN 500 mg X 1 AMPOLLAS,Meropenem,INYECTABLE,SWISS PARENTERALS LTD,https://mav.farmaciasaas.com/api/images/articulos/DISTRIBUCION/20400.jpg,2
(+)-TETRABENAZINA - METFORMINA ||| TABLETAS,38453,ME43925/4,Metformina Clorhidrato 850mg X 30 Tabletas Recubiertas,(+)-tetrabenazina - Metformina,TABLETAS,"LABORATORIO PLUSANDEX DE FARMACEUTICOS UNIDOS, PLUSANDEX, C.A.",,5
(+)-TETRABENAZINA - METFORMINA ||| TABLETAS,38454,ME43925/2,Metformina Clorhidrato 850mg X 14 Tabletas Recubiertas,(+)-tetrabenazina - Metformina,TABLETAS,"LABORATORIO PLUSANDEX DE FARMACEUTICOS UNIDOS, PLUSANDEX, C.A.",,5
(+)-TETRABENAZINA - METFORMINA ||| TABLETAS,38455,ME43925/3,Metformina Clorhidrato 850mg X 28 Tabletas Recubiertas,(+)-tetrabenazina - Metformina,TABLETAS,"LABORATORIO PLUSANDEX DE FARMACEUTICOS UNIDOS, PLUSANDEX, C.A.",,5
(+)-TETRABENAZINA - METFORMINA ||| TABLETAS,39518,ME43923,Glidex 500 mg X 30 Tabletas Recubiertas,(+)-tetrabenazina - Metformina,TABLETAS,"LABORATORIO PLUSANDEX DE FARMACEUTICOS UNIDOS, PLUSANDEX, C.A.",,5
(+)-TETRABENAZINA - METFORMINA ||| TABLETAS,39519,ME43924,Glidex 850 mg X 30 Tabletas Recubiertas,(+)-tetrabenazina - Metformina,TABLETAS,"LABORATORIO PLUSANDEX DE FARMACEUTICOS UNIDOS, PLUSANDEX, C.A.",,5
METOCLOPRAMIDA ||| INYECTABLE,38467,HO44684,METOCLOPRAMIDA 10 mg / 2 mL X 3 AMPOLLAS,Metoclopramida,INYECTABLE,"CASA DE REPRESENTACIONES JMW, C.A.",https://mav.farmaciasaas.com/api/images/articulos/DISTRIBUCION/28789.jpg,2
METOCLOPRAMIDA ||| INYECTABLE,38468,HO26028,METOCLOPRAMIDA 10 mg / 2 mL X 6 AMPOLLAS,Metoclopramida,INYECTABLE,"LABORATORIOS VALMOR, C.A.",https://mav.farmaciasaas.com/api/images/articulos/DISTRIBUCION/7763.jpg,2
METRONIDAZOL ||| CAPSULAS,38471,ME29532/2,METREN 500 mg X 10 CAPSULAS BLANDAS VAGINALES,Metronidazol,CAPSULAS,LABORATORIOS SIEGFRIED S.A.,https://mav.farmaciasaas.com/api/images/articulos/DISTRIBUCION/6011.jpg,2
METRONIDAZOL ||| CAPSULAS,38472,ME29532/3,METREN 500 mg X 15 CAPSULAS BLANDAS VAGINALES,Metronidazol,CAPSULAS,LABORATORIOS SIEGFRIED S.A.,https://pccentro.net.ve/img/s/5/6/9/0/0/56900-large_default.webp,2
METRONIDAZOL ||| SUSPENSION ORAL,38473,ME29922,METREN 250 mg / 5 mL SUSPENSION,Metronidazol,SUSPENSION ORAL,LABORATORIOS SIEGFRIED S.A.,https://mav.farmaciasaas.com/api/images/articulos/DISTRIBUCION/6010.jpg,2
METRONIDAZOL ||| SUSPENSION ORAL,38480,ME31012,METRONIDAZOL BENZOIL 250 mg/ 5 mL SUSPENSION ORAL,Metronidazol,SUSPENSION ORAL,"LABORATORIOS KIMICEG, C.A.",https://mav.farmaciasaas.com/api/images/articulos/DISTRIBUCION/21794.jpg,2
METRONIDAZOL ||| TABLETAS,38474,ME28780,METREN 500 mg X 10 TABLETAS,Metronidazol,TABLETAS,LABORATORIOS SIEGFRIED S.A.,https://mav.farmaciasaas.com/api/images/articulos/DISTRIBUCION/6005.jpg,4
METRONIDAZOL ||| TABLETAS,38481,ME28549/2,METRONIDAZOL 500 mg X 10 TABLETAS,Metronidazol,TABLETAS,"LABORATORIO LA SANTE, C.A.",https://mav.farmaciasaas.com/api/images/articulos/DISTRIBUCION/51052.jpg,4
METRONIDAZOL ||| TABLETAS,38482,ME28549/3,METRONIDAZOL 500 mg X 30 TABLETAS,Metronidazol,TABLETAS,"LABORATORIO LA SANTE, C.A.",https://mav.farmaciasaas.com/api/images/articulos/DISTRIBUCION/20526.jpg,4
METRONIDAZOL ||| TABLETAS,38483,ME43038,METRONIDAZOL 500 mg X 30 TABLETAS,Metronidazol,TABLETAS,"JIANGXI XIER KANGTAI PHARMACEUTICAL CO., LTD",https://pccentro.net.ve/img/s/7/6/2/9/7/76297-large_default.webp,4
METRONIDAZOL ||| OVULOS,38477,ME42530,METRONIDAZOL 500 mg X 10 OVULOS VAGINALES,Metronidazol,OVULOS,BLISS GVS PHARMA LTD,https://mav.farmaciasaas.com/api/images/articulos/DISTRIBUCION/21032.jpg,2
METRONIDAZOL ||| OVULOS,39215,ME42352,FEMIZOL 750 mg - 200 mg OVULOS.,Metronidazol,OVULOS,"LABORATORIOS VARGAS, S.A.",https://pccentro.net.ve/img/s/4/1/3/1/4/41314-large_default.webp,2
METRONIDAZOL - MICONAZOL ||| CREMA,38486,ME40057,MICONAX 15 % - 4 % CREMA VAGINAL,Metronidazol - Miconazol,CREMA,LABORATORIOS SIEGFRIED S.A.,https://pccentro.net.ve/img/s/4/1/4/4/0/41440-large_default.webp,2
METRONIDAZOL - MICONAZOL ||| CREMA,39451,ME36249,GYNOTRAN 15%-4% CREMA VAGINAL,Metronidazol - Miconazol,CREMA,"CALOX INTERNATIONAL, C.A.",https://pccentro.net.ve/img/s/4/1/4/4/0/41440-large_default.webp,2
SUMATRIPTAN ||| COMPRIMIDOS,38488,ME31976/2,MIGRAVAL 100 mg X 2 COMPRIMIDOS RECUBIERTOS,Sumatriptan,COMPRIMIDOS,MEGALABS S.A.,https://mav.farmaciasaas.com/api/images/articulos/DISTRIBUCION/1945.jpg,3
SUMATRIPTAN ||| COMPRIMIDOS,38489,ME31976/3,MIGRAVAL 100 mg X 4 COMPRIMIDOS RECUBIERTOS,Sumatriptan,COMPRIMIDOS,MEGALABS S.A.,https://mav.farmaciasaas.com/api/images/articulos/DISTRIBUCION/19846.jpg,3
SUMATRIPTAN ||| COMPRIMIDOS,38490,ME31976/4,MIGRAVAL 100 mg X 8 COMPRIMIDOS RECUBIERTOS,Sumatriptan,COMPRIMIDOS,MEGALABS S.A.,https://mav.farmaciasaas.com/api/images/articulos/DISTRIBUCION/19847.jpg,3
CLOBETASOL PROPIONATO ||| CREMA,38497,ME43809,"VERNATE 0,05 % CREMA",Clobetasol Propionato,CREMA,"BIOTECH LABORATORIOS, C.A.",https://pccentro.net.ve/img/s/8/3/9/1/8/83918-large_default.webp,3
CLOBETASOL PROPIONATO ||| CREMA,39175,ME40790,"DERMAZOL 0,05 % CREMA",Clobetasol Propionato,CREMA,MEGALABS S.A.,https://pccentro.net.ve/img/s/8/3/9/1/8/83918-large_default.webp,3
CLOBETASOL PROPIONATO ||| CREMA,39459,ME44198,"CLOBETASOL PROPIONATO 0,05 % CREMA",Clobetasol Propionato,CREMA,FAREVA VILLA RICA S.A.S.,https://mav.farmaciasaas.com/api/images/articulos/DISTRIBUCION/90441.jpg,3
MIRTAZAPINA ||| TABLETAS,38498,ME43124,MIRTAZAPINA 15 mg X 30 TABLETAS RECUBIERTAS,Mirtazapina,TABLETAS,RONALD PHARMACEUTICALS PVT. LTD.,https://mav.farmaciasaas.com/api/images/articulos/DISTRIBUCION/25667.jpg,4
MIRTAZAPINA ||| TABLETAS,38499,ME37308,MIRTAZAPINA 30 mg X 30 TABLETAS RECUBIERTAS,Mirtazapina,TABLETAS,NOVARTIS LIMITED . BANGLADESH,https://mav.farmaciasaas.com/api/images/articulos/DISTRIBUCION/51322.jpg,4
MIRTAZAPINA ||| TABLETAS,38500,ME43794/3,MIRTAZAVAL 15 mg X 30 TABLETAS RECUBIERTAS,Mirtazapina,TABLETAS,"LABORATORIOS VALMOR, C.A.",https://mav.farmaciasaas.com/api/images/articulos/DISTRIBUCION/52793.jpg,4
MIRTAZAPINA ||| TABLETAS,38501,ME43794/2,MIRTAZAVAL 15 mg X 10 TABLETAS RECUBIERTAS,Mirtazapina,TABLETAS,"LABORATORIOS VALMOR, C.A.",https://pccentro.net.ve/img/s/5/2/3/9/1/52391-large_default.webp,4
MOXIFLOXACINO ||| TABLETAS,38516,ME37148,MOXIFLOXACINA 400 mg X 7 TABLETAS RECUBIERTAS,Moxifloxacino,TABLETAS,"LABORATORIO LA SANTE, C.A.",https://mav.farmaciasaas.com/api/images/articulos/DISTRIBUCION/90066.jpg,2
MOXIFLOXACINO ||| TABLETAS,38518,ME37302,MOXIFLOXACINA 400 mg X 5 TABLETAS RECUBIERTAS,Moxifloxacino,TABLETAS,"CALOX INTERNATIONAL, C.A.",https://mav.farmaciasaas.com/api/images/articulos/DISTRIBUCION/92489.jpg,2
NIFEDIPINO ||| CAPSULAS,38552,ME28779,NIFEDIPINA 10 mg X 14 CAPSULAS,Nifedipino,CAPSULAS,"LABORATORIO LA SANTE, C.A.",https://mav.farmaciasaas.com/api/images/articulos/DISTRIBUCION/27546.jpg,5
NIFEDIPINO ||| CAPSULAS,38849,ME28561/3,TENSOMAX 30 mg X 30 CAPSULAS DE LIBERACION PROLONGADA,Nifedipino,CAPSULAS,"LABORATORIOS LETI, S.A.V.",https://mav.farmaciasaas.com/api/images/articulos/DISTRIBUCION/30143.jpg,5
NIFEDIPINO ||| CAPSULAS,38850,ME28561/2,TENSOMAX 30 mg X 10 CAPSULAS DE LIBERACION PROLONGADA,Nifedipino,CAPSULAS,"LABORATORIOS LETI, S.A.V.",,5
NIFEDIPINO ||| CAPSULAS,39387,ME28562,TENSOMAX 60 mg X 10 CAPSULAS DE LIBERACION PROLONGADA,Nifedipino,CAPSULAS,"LABORATORIOS LETI, S.A.V.",,5
NIFEDIPINO ||| CAPSULAS,39554,ME34528,NIFEDIPINA 30 mg X 30 CAPSULAS DE LIBERACION PROLONGADA,Nifedipino,CAPSULAS,"LABORATORIOS LETI, S.A.V.",https://mav.farmaciasaas.com/api/images/articulos/DISTRIBUCION/52912.jpg,5
NIFEDIPINO ||| COMPRIMIDOS,38553,ME25984/3,NIFEDIPINA 10 mg X 30 COMPRIMIDOS DISPERSABLES,Nifedipino,COMPRIMIDOS,"LABORATORIOS LETI, S.A.V.",https://mav.farmaciasaas.com/api/images/articulos/DISTRIBUCION/51432.jpg,2
NIFEDIPINO ||| COMPRIMIDOS,38554,ME25984/2,NIFEDIPINA 10 mg X 10 COMPRIMIDOS DISPERSABLES,Nifedipino,COMPRIMIDOS,"LABORATORIOS LETI, S.A.V.",,2
NITROFURANTOINA ||| TABLETAS,38562,ME43051/3,NITROFURANTOINA 100 mg X 300 TABLETAS RECUBIERTAS,Nitrofurantoina,TABLETAS,RONALD PHARMACEUTICALS PVT. LTD.,https://mav.farmaciasaas.com/api/images/articulos/DISTRIBUCION/51871.jpg,2
NITROFURANTOINA ||| TABLETAS,38563,ME43051/2,NITROFURANTOINA 100 mg X 10 TABLETAS RECUBIERTAS,Nitrofurantoina,TABLETAS,RONALD PHARMACEUTICALS PVT. LTD.,https://mav.farmaciasaas.com/api/images/articulos/DISTRIBUCION/25663.jpg,2
DICLOFENACO ||| COMPRIMIDOS,38582,ME38888,OFAFLAN 50 mg X 10 COMPRIMIDOS CON CUBIERTA ENTERICA,Diclofenaco,COMPRIMIDOS,"LABORATORIOS ELMOR, S.A.",https://mav.farmaciasaas.com/api/images/articulos/DISTRIBUCION/95750.jpg,5
DICLOFENACO ||| COMPRIMIDOS,39186,ME28153,DICLOFENAC POTASICO 50 mg COMPRIMIDOS RECUBIERTOS,Diclofenaco,COMPRIMIDOS,"LABORATORIOS LETI, S.A.V.",https://pccentro.net.ve/img/s/5/2/9/3/1/52931-large_default.webp,5
DICLOFENACO ||| COMPRIMIDOS,39187,ME35439,DICLOFENAC POTASICO 50 mg X 20 COMPRIMIDOS RECUBIERTOS,Diclofenaco,COMPRIMIDOS,"LABORATORIOS SPEFAR VENEZOLANOS, S.A.",https://pccentro.net.ve/img/s/5/2/9/3/1/52931-large_default.webp,5
DICLOFENACO ||| COMPRIMIDOS,39191,ME27471,DIKLASON 50 mg COMPRIMIDOS RECUBIERTOS,Diclofenaco,COMPRIMIDOS,"LABORATORIOS LETI, S.A.V.",https://pccentro.net.ve/img/s/5/2/9/3/1/52931-large_default.webp,5
DICLOFENACO ||| COMPRIMIDOS,39483,ME24522,DIFENAC 100 mg X 10 COMPRIMIDOS RECUBIERTOS,Diclofenaco,COMPRIMIDOS,"ESPECIALIDADES DOLLDER, C.A.",https://mav.farmaciasaas.com/api/images/articulos/DISTRIBUCION/8420.jpg,5
OLMESARTAN MEDOXOMILO ||| COMPRIMIDOS,38587,ME39403,OLMECAR 20 mg X 30 COMPRIMIDOS RECUBIERTOS,Olmesartan Medoxomilo,COMPRIMIDOS,"LABORATORIOS LETI, S.A.V.",https://mav.farmaciasaas.com/api/images/articulos/DISTRIBUCION/18030.jpg,3
OLMESARTAN MEDOXOMILO ||| COMPRIMIDOS,39204,ME39326,EUKENE 20 mg COMPRIMIDOS RECUBIERTOS,Olmesartan Medoxomilo,COMPRIMIDOS,MEGALABS S.A.,https://mav.farmaciasaas.com/api/images/articulos/DISTRIBUCION/15025.jpg,3
OLMESARTAN MEDOXOMILO ||| COMPRIMIDOS,39526,ME43580,IMOL 20 mg X 30 COMPRIMIDOS RECUBIERTOS,Olmesartan Medoxomilo,COMPRIMIDOS,"ESPECIALIDADES DOLLDER, C.A.",https://mav.farmaciasaas.com/api/images/articulos/DISTRIBUCION/52408.jpg,3
OLMESARTAN MEDOXOMILO ||| TABLETAS,38590,ME42752/2,OLMESARTAN MEDOXOMILO 20 mg X 10 TABLETAS RECUBIERTAS,Olmesartan Medoxomilo,TABLETAS,SYNOKEM PHARMACEUTICALS LIMITED,https://mav.farmaciasaas.com/api/images/articulos/DISTRIBUCION/18568.jpg,6
OLMESARTAN MEDOXOMILO ||| TABLETAS,38591,ME42752/3,OLMESARTAN MEDOXOMILO 20 mg X 30 TABLETAS RECUBIERTAS,Olmesartan Medoxomilo,TABLETAS,SYNOKEM PHARMACEUTICALS LIMITED,https://mav.farmaciasaas.com/api/images/articulos/DISTRIBUCION/99097.jpg,6
OLMESARTAN MEDOXOMILO ||| TABLETAS,38593,ME42751/2,OLMESARTAN MEDOXOMILO 40 mg X 10 TABLETAS RECUBIERTAS,Olmesartan Medoxomilo,TABLETAS,SYNOKEM PHARMACEUTICALS LIMITED,https://mav.farmaciasaas.com/api/images/articulos/DISTRIBUCION/18584.jpg,6
OLMESARTAN MEDOXOMILO ||| TABLETAS,38594,ME42751/3,OLMESARTAN MEDOXOMILO 40 mg X 30 TABLETAS RECUBIERTAS,Olmesartan Medoxomilo,TABLETAS,SYNOKEM PHARMACEUTICALS LIMITED,https://mav.farmaciasaas.com/api/images/articulos/DISTRIBUCION/99045.jpg,6
OLMESARTAN MEDOXOMILO ||| TABLETAS,38595,ME42770,OLMETIQUE 20 mg X 30 TABLETAS RECUBIERTAS,Olmesartan Medoxomilo,TABLETAS,"LABORATORIO LA SANTE, C.A.",https://mav.farmaciasaas.com/api/images/articulos/DISTRIBUCION/27013.jpg,6
OLMESARTAN MEDOXOMILO ||| TABLETAS,39098,ME41690,BIOCOR 20 mg X 30 TABLETAS RECUBIERTAS,Olmesartan Medoxomilo,TABLETAS,"CALOX INTERNATIONAL, C.A.",https://mav.farmaciasaas.com/api/images/articulos/DISTRIBUCION/15627.jpg,6
(+)-TETRABENAZINA - OMEPRAZOL ||| CAPSULAS,38603,ME43675/4,OMEPRAZOL 20 mg X 10 CAPSULAS GASTRORRESISTENTES,(+)-tetrabenazina - Omeprazol,CAPSULAS,K.A. MALLE PHARMACEUTICALS LTD,,5
(+)-TETRABENAZINA - OMEPRAZOL ||| CAPSULAS,38604,ME43675/5,OMEPRAZOL 20 mg X 20 CAPSULAS GASTRORRESISTENTES,(+)-tetrabenazina - Omeprazol,CAPSULAS,K.A. MALLE PHARMACEUTICALS LTD,,5
(+)-TETRABENAZINA - OMEPRAZOL ||| CAPSULAS,38605,ME43675/6,OMEPRAZOL 20 mg X 30 CAPSULAS GASTRORRESISTENTES,(+)-tetrabenazina - Omeprazol,CAPSULAS,K.A. MALLE PHARMACEUTICALS LTD,,5
(+)-TETRABENAZINA - OMEPRAZOL ||| CAPSULAS,38606,ME43675/2,OMEPRAZOL 20 mg X 7 CAPSULAS GASTRORRESISTENTES,(+)-tetrabenazina - Omeprazol,CAPSULAS,K.A. MALLE PHARMACEUTICALS LTD,,5
(+)-TETRABENAZINA - OMEPRAZOL ||| CAPSULAS,38607,ME43675/3,OMEPRAZOL 20 mg X 8 CAPSULAS GASTRORRESISTENTES,(+)-tetrabenazina - Omeprazol,CAPSULAS,K.A. MALLE PHARMACEUTICALS LTD,,5
OMEPRAZOL ||| INYECTABLE,38613,HO33836,OMEPRAZOL 40 mg X 1 AMPOLLAS,Omeprazol,INYECTABLE,VITALIS S.A.C.I.,https://mav.farmaciasaas.com/api/images/articulos/DISTRIBUCION/51351.jpg,3
OMEPRAZOL ||| INYECTABLE,39555,HO44444,OMEPRAZOL 40 mg X 10 AMPOLLAS,Omeprazol,INYECTABLE,"ZHEJIANG XIANJU PHARMACEUTICAL CO., LTD. (TAIZHOU)",https://pccentro.net.ve/img/s/7/7/8/8/6/77886-large_default.webp,3
OMEPRAZOL ||| INYECTABLE,39557,HO44280,OLXAC 40 mg X 1 AMPOLLAS,Omeprazol,INYECTABLE,"SHANDONG YUXIN PHARMACEUTICAL, CO., LTD",https://pccentro.net.ve/img/s/7/7/8/8/6/77886-large_default.webp,3
ONDANSETRON ||| COMPRIMIDOS,38615,ME30342,ONDANSETRON 4 mg X 10 COMPRIMIDOS,Ondansetron,COMPRIMIDOS,MEGALABS S.A.,https://mav.farmaciasaas.com/api/images/articulos/DISTRIBUCION/1107.jpg,2
ONDANSETRON ||| COMPRIMIDOS,38616,ME30344,ONDANSETRON 8 mg X 10 COMPRIMIDOS,Ondansetron,COMPRIMIDOS,MEGALABS S.A.,https://mav.farmaciasaas.com/api/images/articulos/DISTRIBUCION/1108.jpg,2
ONDANSETRON ||| INYECTABLE,38619,HO30228,ONDANSETRON 2 mg / mL X 1 AMPOLLAS,Ondansetron,INYECTABLE,MEGALABS S.A.,https://mav.farmaciasaas.com/api/images/articulos/DISTRIBUCION/1111.jpg,3
ONDANSETRON ||| INYECTABLE,38621,HO35150/2,ONDATRIN 2 mg / mL X 1 AMPOLLAS,Ondansetron,INYECTABLE,"LABORATORIO BEHRENS, C.A.",https://mav.farmaciasaas.com/api/images/articulos/DISTRIBUCION/13380.jpg,3
ONDANSETRON ||| INYECTABLE,38622,HO35150/3,ONDATRIN 2 mg / mL X 5 AMPOLLAS,Ondansetron,INYECTABLE,"LABORATORIO BEHRENS, C.A.",https://pccentro.net.ve/img/s/6/8/7/8/0/68780-large_default.webp,3
DEXTROSA - ZINC ||| SOLUCION ORAL,38623,ME44637,  SUEROLITO ZINC 75 mEq/L SOLUCION ELECTROLITICA USO ORAL SABOR A FRUTAS TROPICALES,Dextrosa - Zinc,SOLUCION ORAL,LABORATORIOS BALKER C.A.,,7
DEXTROSA - ZINC ||| SOLUCION ORAL,39369,ME44642,SUEROLITO ZINC 75 mEq/L SOLUCION ELECTROLITICA USO ORAL SABOR A CHICLE ,Dextrosa - Zinc,SOLUCION ORAL,LABORATORIOS BALKER C.A.,,7
DEXTROSA - ZINC ||| SOLUCION ORAL,39370,ME44638,SUEROLITO ZINC 75 mEqL/L SOLUCION ELECTROLITICA USO ORAL SABOR A COCO,Dextrosa - Zinc,SOLUCION ORAL,LABORATORIOS BALKER C.A.,,7
DEXTROSA - ZINC ||| SOLUCION ORAL,39371,ME44639,SUEROLITO ZINC 75 mEQ/L SOLUCIÓN ELECTROLÍTICA USO ORAL SABOR A FRESA,Dextrosa - Zinc,SOLUCION ORAL,LABORATORIOS BALKER C.A.,,7
DEXTROSA - ZINC ||| SOLUCION ORAL,39372,ME44641,SUEROLITO ZINC 75 mEq/L SOLUCION ELECTROLITICA USO ORAL SABOR A MANDARINA,Dextrosa - Zinc,SOLUCION ORAL,LABORATORIOS BALKER C.A.,,7
DEXTROSA - ZINC ||| SOLUCION ORAL,39373,ME44640,SUEROLITO ZINC 75 mEq/L SOLUCIÓN ELECTROLÍTICA  USO ORAL SABOR A UVA,Dextrosa - Zinc,SOLUCION ORAL,LABORATORIOS BALKER C.A.,,7
DEXTROSA - ZINC ||| SOLUCION ORAL,39374,ME44643,SUEROLITO ZINC 75 mEq/L SOLUCION ELECTROLITICA USO ORAL SABOR A MANZANA,Dextrosa - Zinc,SOLUCION ORAL,LABORATORIOS BALKER C.A.,,7
PARACETAMOL ||| SOLUCION ORAL,38637,ME44653,ATAREM 100 mg / 5 mL SOLUCIÓN ORAL,Paracetamol,SOLUCION ORAL,LABORATORIOS SIEGFRIED S.A.,https://mav.farmaciasaas.com/api/images/articulos/DISTRIBUCION/23735.jpg,2
PARACETAMOL ||| SOLUCION ORAL,39558,ME43540,PARACETAMOL 120 mg / 5 mL SOLUCIÓN ORAL,Paracetamol,SOLUCION ORAL,MOREPEN LABORATORIES LIMITED,,2
PREDNISOLONA ||| SOLUCION ORAL,38645,ME41358,PEDIACORT 3 mg / mL SOLUCION ORAL,Prednisolona,SOLUCION ORAL,"LABORATORIOS L.O. OFTALMI, C.A.",https://mav.farmaciasaas.com/api/images/articulos/DISTRIBUCION/16975.jpg,4
PREDNISOLONA ||| SOLUCION ORAL,38681,ME37032,PREDNA 15 mg / 5 mL SOLUCION ORAL,Prednisolona,SOLUCION ORAL,"LABORATORIOS VARGAS, S.A.",https://mav.farmaciasaas.com/api/images/articulos/DISTRIBUCION/90974.jpg,4
PREDNISOLONA ||| SOLUCION ORAL,38682,ME44096,PRENIL 3 mg / 1 mL SOLUCIÓN ORAL,Prednisolona,SOLUCION ORAL,LABORATORIOS LEGRAND S.A.,https://mav.farmaciasaas.com/api/images/articulos/DISTRIBUCION/53054.jpg,4
PREDNISOLONA ||| SOLUCION ORAL,39493,ME43652,DOPRIL 3 mg / mL SOLUCIÓN ORAL,Prednisolona,SOLUCION ORAL,RONALD PHARMACEUTICALS PVT. LTD.,https://mav.farmaciasaas.com/api/images/articulos/DISTRIBUCION/28532.jpg,4
PINAVERIO ||| COMPRIMIDOS,38665,ME40606/3,PINAVIX 100 mg X 30 COMPRIMIDOS RECUBIERTOS,Pinaverio,COMPRIMIDOS,MEGALABS S.A.,https://mav.farmaciasaas.com/api/images/articulos/DISTRIBUCION/13663.jpg,2
PINAVERIO ||| COMPRIMIDOS,38666,ME40606/2,PINAVIX 100 mg X 20 COMPRIMIDOS RECUBIERTOS,Pinaverio,COMPRIMIDOS,MEGALABS S.A.,https://mav.farmaciasaas.com/api/images/articulos/DISTRIBUCION/50990.jpg,2
CLONIXINO LISINA ||| COMPRIMIDOS,38671,ME31051,PLIDAN COMPUESTO 10 mg / 125 mg X 10 COMPRIMIDOS RECUBIERTOS,Clonixino Lisina,COMPRIMIDOS,MEGALABS S.A.,https://mav.farmaciasaas.com/api/images/articulos/DISTRIBUCION/54271.jpg,2
CLONIXINO LISINA ||| COMPRIMIDOS,39507,ME31488,DOLOGINEX 125 mg - 10 mg X 10 COMPRIMIDOS RECUBIERTOS,Clonixino Lisina,COMPRIMIDOS,MEGALABS S.A.,https://mav.farmaciasaas.com/api/images/articulos/DISTRIBUCION/54561.jpg,2
CLONIXINO LISINA ||| INYECTABLE,38672,HO31052/2,PLIDAN COMPUESTO 15 mg / 2 mL - 100 mg / 2 mL X 1 AMPOLLAS,Clonixino Lisina,INYECTABLE,MEGALABS S.A.,https://mav.farmaciasaas.com/api/images/articulos/DISTRIBUCION/4114.jpg,2
CLONIXINO LISINA ||| INYECTABLE,38673,HO31052/3,PLIDAN COMPUESTO 15 mg / 2 mL - 100 mg / 2 mL X 2 AMPOLLAS,Clonixino Lisina,INYECTABLE,MEGALABS S.A.,https://pccentro.net.ve/img/s/8/4/0/4/6/84046-large_default.webp,2
DIPIRONA - SALICILAMIDA ||| COMPRIMIDOS,38679,ME15805/2,PRAXONA 150 mg X 10 COMPRIMIDOS,Dipirona - Salicilamida,COMPRIMIDOS,MEGALABS S.A.,,2
DIPIRONA - SALICILAMIDA ||| COMPRIMIDOS,38680,ME15805/3,PRAXONA 150 mg X 24 COMPRIMIDOS,Dipirona - Salicilamida,COMPRIMIDOS,MEGALABS S.A.,,2
PREDNISOLONA ||| TABLETAS,38686,ME42866/2,PREDNISOLONA 5 mg X 10 TABLETAS,Prednisolona,TABLETAS,RONALD PHARMACEUTICALS PVT. LTD.,https://mav.farmaciasaas.com/api/images/articulos/DISTRIBUCION/54512.jpg,2
PREDNISOLONA ||| TABLETAS,38687,ME42866/3,PREDNISOLONA 5 mg X 30 TABLETAS,Prednisolona,TABLETAS,RONALD PHARMACEUTICALS PVT. LTD.,https://mav.farmaciasaas.com/api/images/articulos/DISTRIBUCION/23882.jpg,2
PREDNISONA ||| TABLETAS,38688,ME27150,PREDNISONA 50 mg X 10 TABLETAS,Prednisona,TABLETAS,"CALOX INTERNATIONAL, C.A.",https://mav.farmaciasaas.com/api/images/articulos/DISTRIBUCION/10937.jpg,6
PREDNISONA ||| TABLETAS,38689,ME34836,PREDNISONA 50 mg X 10 TABLETAS.,Prednisona,TABLETAS,"LABORATORIOS VALMOR, C.A.",https://mav.farmaciasaas.com/api/images/articulos/DISTRIBUCION/7835.jpg,6
PREDNISONA ||| TABLETAS,38690,ME12419/2,PREDNISONA 5 mg X 10 TABLETAS,Prednisona,TABLETAS,"CALOX INTERNATIONAL, C.A.",https://mav.farmaciasaas.com/api/images/articulos/DISTRIBUCION/2998.jpg,6
PREDNISONA ||| TABLETAS,38691,ME12419/4,PREDNISONA 5 mg X 100 TABLETAS,Prednisona,TABLETAS,"CALOX INTERNATIONAL, C.A.",https://mav.farmaciasaas.com/api/images/articulos/DISTRIBUCION/22275.jpg,6
PREDNISONA ||| TABLETAS,38692,ME12419/3,PREDNISONA 5 mg X 30 TABLETAS,Prednisona,TABLETAS,"CALOX INTERNATIONAL, C.A.",https://mav.farmaciasaas.com/api/images/articulos/DISTRIBUCION/10460.jpg,6
PREDNISONA ||| TABLETAS,38693,ME32934,PREDNISONA 5 mg X 10 TABLETAS,Prednisona,TABLETAS,"LABORATORIOS VALMOR, C.A.",https://mav.farmaciasaas.com/api/images/articulos/DISTRIBUCION/3927.jpg,6
QUETIAPINA ||| TABLETAS,38712,ME42736,QUETIVAL 100 mg X 30 TABLETAS RECUBIERTAS,Quetiapina,TABLETAS,"LABORATORIOS VALMOR, C.A.",https://mav.farmaciasaas.com/api/images/articulos/DISTRIBUCION/27422.jpg,3
QUETIAPINA ||| TABLETAS,38713,ME43563,QUETIVAL 200 mg X 30 TABLETAS RECUBIERTAS,Quetiapina,TABLETAS,"LABORATORIOS VALMOR, C.A.",https://mav.farmaciasaas.com/api/images/articulos/DISTRIBUCION/52493.jpg,3
QUETIAPINA ||| TABLETAS,38714,ME42737,QUETIVAL 25 mg X 30 TABLETAS RECUBIERTAS,Quetiapina,TABLETAS,"LABORATORIOS VALMOR, C.A.",https://mav.farmaciasaas.com/api/images/articulos/DISTRIBUCION/27421.jpg,3
RAMIPRIL ||| COMPRIMIDOS,38717,ME40243,RAMIPRES 5 mg X 30 COMPRIMIDOS,Ramipril,COMPRIMIDOS,MEGALABS S.A.,https://mav.farmaciasaas.com/api/images/articulos/DISTRIBUCION/18617.jpg,2
RAMIPRIL ||| COMPRIMIDOS,38718,ME37058,"RAMIPRIL 2,5 mg X 30 COMPRIMIDOS",Ramipril,COMPRIMIDOS,"LABORATORIOS SPEFAR VENEZOLANOS, S.A.",https://pccentro.net.ve/img/s/8/3/9/7/9/83979-large_default.webp,2
RANITIDINA ||| COMPRIMIDOS,38720,ME26538,RANITIDINA 150 mg X 10 COMPRIMIDOS RECUBIERTOS,Ranitidina,COMPRIMIDOS,"LABORATORIOS LETI, S.A.V.",https://mav.farmaciasaas.com/api/images/articulos/DISTRIBUCION/54366.jpg,2
RANITIDINA ||| COMPRIMIDOS,39601,ME24761,VIZERUL 300 mg X 10 COMPRIMIDOS,Ranitidina,COMPRIMIDOS,"ESPECIALIDADES DOLLDER, C.A.",https://mav.farmaciasaas.com/api/images/articulos/DISTRIBUCION/8428.jpg,2
ROSUVASTATINA ||| TABLETAS,38722,ME39265,REGULIP 20 mg X 30 TABLETAS,Rosuvastatina,TABLETAS,LABORATORIOS FARMA S.A.,https://mav.farmaciasaas.com/api/images/articulos/DISTRIBUCION/95311.jpg,7
ROSUVASTATINA ||| TABLETAS,38748,ME44475,ROSUTAN 10 mg X 30 TABLETAS RECUBIERTAS,Rosuvastatina,TABLETAS,MACLEODS PHARMACEUTICALS LTD,https://pccentro.net.ve/img/s/3/5/6/2/9/35629-large_default.webp,7
ROSUVASTATINA ||| TABLETAS,38750,ME42632/2,ROSUVASTATINA 20 mg X 10 TABLETAS RECUBIERTAS,Rosuvastatina,TABLETAS,WEST-COAST PHARMACEUTICAL WORKS LTD,https://mav.farmaciasaas.com/api/images/articulos/DISTRIBUCION/24316.jpg,7
ROSUVASTATINA ||| TABLETAS,38751,ME42632/3,ROSUVASTATINA 20 mg X 30 TABLETAS RECUBIERTAS,Rosuvastatina,TABLETAS,WEST-COAST PHARMACEUTICAL WORKS LTD,https://pccentro.net.ve/img/s/8/3/9/9/8/83998-large_default.webp,7
ROSUVASTATINA ||| TABLETAS,38752,ME42676,ROSUVASTATINA 10 mg X 30 TABLETAS RECUBIERTAS,Rosuvastatina,TABLETAS,HIRAL LABS LIMITED,https://mav.farmaciasaas.com/api/images/articulos/DISTRIBUCION/29584.jpg,7
ROSUVASTATINA ||| TABLETAS,38760,ME43848,RUBIZON 20 mg X 35 TABLETAS RECUBIERTAS,Rosuvastatina,TABLETAS,"LABORATORIO COFASA, S.A.",https://mav.farmaciasaas.com/api/images/articulos/DISTRIBUCION/54290.jpg,7
ROSUVASTATINA ||| TABLETAS,39351,ME39374,REGULIP 10 mg X 30 TABLETAS,Rosuvastatina,TABLETAS,LABORATORIOS FARMA S.A.,https://pccentro.net.ve/img/s/3/5/6/2/9/35629-large_default.webp,7
RISPERIDONA ||| COMPRIMIDOS,38725,ME30106,RIDAL 2 mg X 20 COMPRIMIDOS RECUBIERTOS,Risperidona,COMPRIMIDOS,MEGALABS S.A.,https://mav.farmaciasaas.com/api/images/articulos/DISTRIBUCION/11398.jpg,6
RISPERIDONA ||| COMPRIMIDOS,38726,ME30105,RIDAL 3 mg X 20 COMPRIMIDOS RECUBIERTOS,Risperidona,COMPRIMIDOS,MEGALABS S.A.,https://mav.farmaciasaas.com/api/images/articulos/DISTRIBUCION/11399.jpg,6
RISPERIDONA ||| COMPRIMIDOS,38727,ME36450,RIDAL 1 mg X 20 COMPRIMIDOS RECUBIERTOS,Risperidona,COMPRIMIDOS,MEGALABS S.A.,https://mav.farmaciasaas.com/api/images/articulos/DISTRIBUCION/90076.jpg,6
RISPERIDONA ||| COMPRIMIDOS,38736,ME28992,RISPERID 2 mg X 30 COMPRIMIDOS RECUBIERTOS,Risperidona,COMPRIMIDOS,MEGALABS S.A.,https://mav.farmaciasaas.com/api/images/articulos/DISTRIBUCION/94360.jpg,6
RISPERIDONA ||| COMPRIMIDOS,38737,ME28993,RISPERID 3 mg X 30 COMPRIMIDOS RECUBIERTOS,Risperidona,COMPRIMIDOS,MEGALABS S.A.,https://mav.farmaciasaas.com/api/images/articulos/DISTRIBUCION/94359.jpg,6
RISPERIDONA ||| COMPRIMIDOS,38739,ME36375,RISPERID 1 mg X 20 COMPRIMIDOS RECUBIERTOS,Risperidona,COMPRIMIDOS,MEGALABS S.A.,https://mav.farmaciasaas.com/api/images/articulos/DISTRIBUCION/50986.jpg,6
RIFAXIMINA ||| COMPRIMIDOS,38729,ME39775/3,RIFAMIX 200 mg X 12 COMPRIMIDOS RECUBIERTOS,Rifaximina,COMPRIMIDOS,"LABORATORIOS LETI, S.A.V.",https://mav.farmaciasaas.com/api/images/articulos/DISTRIBUCION/99098.jpg,3
RIFAXIMINA ||| COMPRIMIDOS,38730,ME39775/2,RIFAMIX 200 mg X 10 COMPRIMIDOS RECUBIERTOS,Rifaximina,COMPRIMIDOS,"LABORATORIOS LETI, S.A.V.",https://pccentro.net.ve/img/s/7/8/8/9/3/78893-large_default.webp,3
RIFAXIMINA ||| COMPRIMIDOS,39571,ME42149,RIFAMIX 550 mg X 10 COMPRIMIDOS RECUBIERTOS,Rifaximina,COMPRIMIDOS,"LABORATORIOS LETI, S.A.V.",https://pccentro.net.ve/img/s/7/9/6/0/5/79605-large_default.webp,3
SACUBITRILO - VALSARTAN ||| COMPRIMIDOS,38741,ME44735,RISTONEL 100 mg X 30 COMPRIMIDOS RECUBIERTOS,Sacubitrilo - Valsartan,COMPRIMIDOS,"CALOX INTERNATIONAL, C.A.",,3
SACUBITRILO - VALSARTAN ||| COMPRIMIDOS,38742,ME44734,RISTONEL 50 mg X 30 COMPRIMIDOS RECUBIERTOS,Sacubitrilo - Valsartan,COMPRIMIDOS,"CALOX INTERNATIONAL, C.A.",,3
SACUBITRILO - VALSARTAN ||| COMPRIMIDOS,39574,ME44529,SACUMIC 50 mg X 30 COMPRIMIDOS RECUBIERTOS,Sacubitrilo - Valsartan,COMPRIMIDOS,MEGALABS S.A.,,3
ACETAMINOFEN - CLORFENIRAMINA ||| COMPRIMIDOS,38747,ME43974,RONARES 500 mg - 4 mg X 10 COMPRIMIDOS,Acetaminofen - Clorfeniramina,COMPRIMIDOS,C.A. PRODUCTOS RONAVA,https://mav.farmaciasaas.com/api/images/articulos/DISTRIBUCION/53742.jpg,2
ACETAMINOFEN - CLORFENIRAMINA ||| COMPRIMIDOS,39053,ME42001,ANGRIP FORTE NOCHE 650 mg - 4 mg COMPRIMIDOS RECUBIERTOS,Acetaminofen - Clorfeniramina,COMPRIMIDOS,MEGALABS S.A.,https://mav.farmaciasaas.com/api/images/articulos/DISTRIBUCION/30054.jpg,2
ROSUVASTATINA ||| COMPRIMIDOS,38749,ME37264,ROSUVASTATINA 20 mg X 30 COMPRIMIDOS RECUBIERTOS,Rosuvastatina,COMPRIMIDOS,"LABORATORIOS LETI, S.A.V.",https://mav.farmaciasaas.com/api/images/articulos/DISTRIBUCION/21364.jpg,2
ROSUVASTATINA ||| COMPRIMIDOS,38753,ME35905,ROVARTAL 10 mg X 30 COMPRIMIDOS RECUBIERTOS,Rosuvastatina,COMPRIMIDOS,MEGALABS S.A.,https://mav.farmaciasaas.com/api/images/articulos/DISTRIBUCION/9989.jpg,2
MONTELUKAST ||| COMPRIMIDOS,38755,ME37201/2,ROWELUK 5 mg X 10 COMPRIMIDOS MASTICABLES,Montelukast,COMPRIMIDOS,MEGALABS S.A.,https://mav.farmaciasaas.com/api/images/articulos/DISTRIBUCION/26093.jpg,6
MONTELUKAST ||| COMPRIMIDOS,38756,ME37201/3,ROWELUK 5 mg X 30 COMPRIMIDOS MASTICABLES,Montelukast,COMPRIMIDOS,MEGALABS S.A.,https://mav.farmaciasaas.com/api/images/articulos/DISTRIBUCION/92735.jpg,6
MONTELUKAST ||| COMPRIMIDOS,38757,ME37202,ROWELUK 10 mg X 10 COMPRIMIDOS RECUBIERTOS,Montelukast,COMPRIMIDOS,MEGALABS S.A.,https://pccentro.net.ve/img/s/7/5/8/6/9/75869-large_default.webp,6
MONTELUKAST ||| COMPRIMIDOS,38758,ME37200/3,ROWELUK 4 mg X 30 COMPRIMIDOS MASTICABLES,Montelukast,COMPRIMIDOS,MEGALABS S.A.,https://pccentro.net.ve/img/s/5/6/7/8/9/56789-large_default.webp,6
MONTELUKAST ||| COMPRIMIDOS,38759,ME37200/2,ROWELUK 4 mg X 10 COMPRIMIDOS MASTICABLES,Montelukast,COMPRIMIDOS,MEGALABS S.A.,https://mav.farmaciasaas.com/api/images/articulos/DISTRIBUCION/25403.jpg,6
MONTELUKAST ||| COMPRIMIDOS,39308,ME35447,MONTELUKAST 10 mg COMPRIMIDOS RECUBIERTOS,Montelukast,COMPRIMIDOS,"LABORATORIOS LETI, S.A.V.",https://pccentro.net.ve/img/s/7/5/8/6/9/75869-large_default.webp,6
SECNIDAZOL ANHIDRO ||| TABLETAS,38767,ME30953,SECNIDAZOL 500 mg X 4 TABLETAS RECUBIERTAS,Secnidazol Anhidro,TABLETAS,"LABORATORIOS KIMICEG, C.A.",https://mav.farmaciasaas.com/api/images/articulos/DISTRIBUCION/52731.jpg,6
SECNIDAZOL ANHIDRO ||| TABLETAS,38769,ME37061,SECNIDAZOL 1 g X 2 TABLETAS RECUBIERTAS,Secnidazol Anhidro,TABLETAS,"CALOX INTERNATIONAL, C.A.",https://mav.farmaciasaas.com/api/images/articulos/DISTRIBUCION/8585.jpg,6
SECNIDAZOL ANHIDRO ||| TABLETAS,38770,ME31560,SECNIDAZOL 1 g X 2 TABLETAS RECUBIERTAS,Secnidazol Anhidro,TABLETAS,"LABORATORIOS KIMICEG, C.A.",https://pccentro.net.ve/img/s/5/8/7/0/2/58702-large_default.webp,6
SECNIDAZOL ANHIDRO ||| TABLETAS,38772,ME37617,SECNIDAZOL 1 g X 2 TABLETAS RECUBIERTAS,Secnidazol Anhidro,TABLETAS,"LABORATORIOS VALMOR, C.A.",https://mav.farmaciasaas.com/api/images/articulos/DISTRIBUCION/92494.jpg,6
SECNIDAZOL ANHIDRO ||| TABLETAS,38773,ME37680,SECNIDEX 500 mg X 4 TABLETAS RECUBIERTAS,Secnidazol Anhidro,TABLETAS,"LABORATORIO PLUSANDEX DE FARMACEUTICOS UNIDOS, PLUSANDEX, C.A.",https://mav.farmaciasaas.com/api/images/articulos/DISTRIBUCION/92854.jpg,6
SECNIDAZOL ANHIDRO ||| TABLETAS,39302,ME32763,SECNIDAZOL 500 mg X 10 TABLETAS,Secnidazol Anhidro,TABLETAS,"CALOX INTERNATIONAL, C.A.",https://pccentro.net.ve/img/s/2/2/9/8/0/22980-large_default.webp,6
SECNIDAZOL ANHIDRO ||| COMPRIMIDOS,38768,ME32717,SECNIDAZOL 1 g COMPRIMIDOS RECUBIERTOS,Secnidazol Anhidro,COMPRIMIDOS,"LABORATORIOS LETI, S.A.V.",https://mav.farmaciasaas.com/api/images/articulos/DISTRIBUCION/52517.jpg,2
SECNIDAZOL ANHIDRO ||| COMPRIMIDOS,38771,ME37852,SECNIDAZOL 500 mg X 4 COMPRIMIDOS,Secnidazol Anhidro,COMPRIMIDOS,"LABORATORIOS SPEFAR VENEZOLANOS, S.A.",https://mav.farmaciasaas.com/api/images/articulos/DISTRIBUCION/3004.jpg,2
SELENIO - VITAMINA A ||| CAPSULAS,38774,ME33722,SELENE 400 UI - 70 mcg X 30 CAPSULAS BLANDAS,Selenio - Vitamina A,CAPSULAS,"INDUSTRIAS INTERCAPS DE VENEZUELA, C.A.",https://mav.farmaciasaas.com/api/images/articulos/DISTRIBUCION/4898.jpg,2
SELENIO - VITAMINA A ||| CAPSULAS,38775,ME37708,SELENE 100 UI - 70 mcg X 60 CAPSULAS BLANDAS,Selenio - Vitamina A,CAPSULAS,"INDUSTRIAS INTERCAPS DE VENEZUELA, C.A.",https://pccentro.net.ve/img/s/7/8/6/6/9/78669-large_default.webp,2
SERTRALINA ||| TABLETAS,38780,ME32466/3,SERTRALINA 50 mg X 30 TABLETAS,Sertralina,TABLETAS,"LABORATORIO LA SANTE, C.A.",https://mav.farmaciasaas.com/api/images/articulos/DISTRIBUCION/25669.jpg,5
SERTRALINA ||| TABLETAS,38781,ME32466/4,SERTRALINA 50 mg X 56 TABLETAS,Sertralina,TABLETAS,"LABORATORIO LA SANTE, C.A.",https://mav.farmaciasaas.com/api/images/articulos/DISTRIBUCION/53165.jpg,5
SERTRALINA ||| TABLETAS,38782,ME32466/2,SERTRALINA 50 mg X 10 TABLETAS,Sertralina,TABLETAS,"LABORATORIO LA SANTE, C.A.",https://mav.farmaciasaas.com/api/images/articulos/DISTRIBUCION/2960.jpg,5
SERTRALINA ||| TABLETAS,38786,ME43842,Sertralina 50 mg X 14 Tabletas Recubiertas,Sertralina,TABLETAS,HIRAL LABS LIMITED,https://pccentro.net.ve/img/s/8/4/1/1/0/84110-large_default.webp,5
SERTRALINA ||| TABLETAS,38888,ME44131,TRALIX 50 mg X 30 TABLETAS,Sertralina,TABLETAS,"LABORATORIO LA SANTE, C.A.",https://mav.farmaciasaas.com/api/images/articulos/DISTRIBUCION/50749.jpg,5
SILDENAFILO ||| TABLETAS,38791,ME43690/2,SILDENAFILO 50mg X 1 TABLETAS RECUBIERTAS,Sildenafilo,TABLETAS,"LABORATORIOS L.O. OFTALMI, C.A.",https://mav.farmaciasaas.com/api/images/articulos/DISTRIBUCION/53621.jpg,7
SILDENAFILO ||| TABLETAS,38792,ME43690/3,SILDENAFILO 50mg X 2 TABLETAS RECUBIERTAS,Sildenafilo,TABLETAS,"LABORATORIOS L.O. OFTALMI, C.A.",https://mav.farmaciasaas.com/api/images/articulos/DISTRIBUCION/53622.jpg,7
SILDENAFILO ||| TABLETAS,38793,ME43690/4,SILDENAFILO 50mg X 4 TABLETAS RECUBIERTAS,Sildenafilo,TABLETAS,"LABORATORIOS L.O. OFTALMI, C.A.",https://pccentro.net.ve/img/s/2/4/5/1/0/24510-large_default.webp,7
SILDENAFILO ||| TABLETAS,38796,ME37030/2,SILDEX 50 mg X 1 TABLETAS RECUBIERTAS,Sildenafilo,TABLETAS,"LABORATORIO PLUSANDEX DE FARMACEUTICOS UNIDOS, PLUSANDEX, C.A.",https://mav.farmaciasaas.com/api/images/articulos/DISTRIBUCION/90912.jpg,7
SILDENAFILO ||| TABLETAS,38797,ME37030/3,SILDEX 50 mg X 2 TABLETAS RECUBIERTAS,Sildenafilo,TABLETAS,"LABORATORIO PLUSANDEX DE FARMACEUTICOS UNIDOS, PLUSANDEX, C.A.",https://mav.farmaciasaas.com/api/images/articulos/DISTRIBUCION/94885.jpg,7
SILDENAFILO ||| TABLETAS,39363,ME34458,SILDENAFIL 50 mg X 2 TABLETAS RECUBIERTAS,Sildenafilo,TABLETAS,"LABORATORIOS KIMICEG, C.A.",https://mav.farmaciasaas.com/api/images/articulos/DISTRIBUCION/8404.jpg,7
SILDENAFILO ||| TABLETAS,39364,ME34567,SILDENAFIL 50 mg X 4 TABLETAS RECUBIERTAS,Sildenafilo,TABLETAS,LABORATORIOS SIEGFRIED S.A.,https://mav.farmaciasaas.com/api/images/articulos/DISTRIBUCION/20786.jpg,7
CITICOLINA ||| COMPRIMIDOS,38804,ME31026,SOMAZINA 500 mg X 30 COMPRIMIDOS RECUBIERTOS,Citicolina,COMPRIMIDOS,"LABORATORIOS LETI, S.A.V.",https://mav.farmaciasaas.com/api/images/articulos/DISTRIBUCION/1568.jpg,2
CITICOLINA ||| COMPRIMIDOS,39455,ME40067,CITICOLINA 500 mg X 30 COMPRIMIDOS RECUBIERTOS,Citicolina,COMPRIMIDOS,"LABORATORIOS LETI, S.A.V.",https://mav.farmaciasaas.com/api/images/articulos/DISTRIBUCION/53594.jpg,2
DOXICICLINA ||| TABLETAS,38817,ME28856,SUPRAMYCINA FORTE 200 mg X 10 TABLETAS,Doxiciclina,TABLETAS,TECNANDINA S.A.,https://mav.farmaciasaas.com/api/images/articulos/DISTRIBUCION/52474.jpg,2
DOXICICLINA ||| TABLETAS,38818,ME28673,SUPRAMYCINA 100 mg X 10 TABLETAS,Doxiciclina,TABLETAS,TECNANDINA S.A.,https://mav.farmaciasaas.com/api/images/articulos/DISTRIBUCION/52475.jpg,2
ACETAMINOFEN ||| SUPOSITORIOS,38822,ME23819,TACHIPIRIN 125 mg X 6 SUPOSITORIOS,Acetaminofen,SUPOSITORIOS,"LABORATORIOS ELMOR, S.A.",https://mav.farmaciasaas.com/api/images/articulos/DISTRIBUCION/5253.jpg,5
ACETAMINOFEN ||| SUPOSITORIOS,39009,ME43970,ACETAMINOFEN 125 mg SUPOSITORIOS,Acetaminofen,SUPOSITORIOS,"LABORATORIOS VARGAS, S.A.",https://mav.farmaciasaas.com/api/images/articulos/DISTRIBUCION/53592.jpg,5
ACETAMINOFEN ||| SUPOSITORIOS,39061,ME42275,APIRET 125 mg SUPOSITORIOS,Acetaminofen,SUPOSITORIOS,"LABORATORIOS L.O. OFTALMI, C.A.",https://mav.farmaciasaas.com/api/images/articulos/DISTRIBUCION/26389.jpg,5
ACETAMINOFEN ||| SUPOSITORIOS,39063,ME42141,APIRET 250 mg SUPOSITORIOS,Acetaminofen,SUPOSITORIOS,"LABORATORIOS L.O. OFTALMI, C.A.",https://mav.farmaciasaas.com/api/images/articulos/DISTRIBUCION/22131.jpg,5
ACETAMINOFEN ||| SUPOSITORIOS,39379,ME25934,ACETAMINOFEN 250 mg SUPOSITORIOS,Acetaminofen,SUPOSITORIOS,"LABORATORIOS ELMOR, S.A.",https://mav.farmaciasaas.com/api/images/articulos/DISTRIBUCION/28642.jpg,5
TACROLIMUS ||| UNGUENTO,38823,ME44534,"TACROLIMUS 0,03% UNGÜENTO",Tacrolimus,UNGUENTO,HIRAL LABS LIMITED,https://mav.farmaciasaas.com/api/images/articulos/DISTRIBUCION/53403.jpg,2
TACROLIMUS ||| UNGUENTO,39465,ME36834,"CROMUS 0,1 % UNGUENTO",Tacrolimus,UNGUENTO,"PROCAPS, S.A.",https://pccentro.net.ve/img/s/7/2/8/1/9/72819-large_default.webp,2
SULBUTIAMINA ||| COMPRIMIDOS,38847,ME36643/2,TEKRON 200 mg X 10 COMPRIMIDOS RECUBIERTOS,Sulbutiamina,COMPRIMIDOS,"LABORATORIOS LETI, S.A.V.",https://pccentro.net.ve/img/s/7/8/8/6/8/78868-large_default.webp,2
SULBUTIAMINA ||| COMPRIMIDOS,38848,ME36643/3,TEKRON 200 mg X 30 COMPRIMIDOS RECUBIERTOS,Sulbutiamina,COMPRIMIDOS,"LABORATORIOS LETI, S.A.V.",https://mav.farmaciasaas.com/api/images/articulos/DISTRIBUCION/90990.jpg,2
ACETAMINOFEN - CAFEINA - CLORFENIRAMINA ||| SOLUCION ORAL,38853,ME44418/2,TERAGRIPFORTE 650mg-20mg-2mg X 6 GRANULADO PARA SOLUCION ORAL,Acetaminofen - Cafeina - Clorfeniramina,SOLUCION ORAL,LABORATORIOS FARMA S.A.,https://mav.farmaciasaas.com/api/images/articulos/DISTRIBUCION/92190.jpg,3
ACETAMINOFEN - CAFEINA - CLORFENIRAMINA ||| SOLUCION ORAL,38854,ME44418/3,TERAGRIPFORTE 650mg-20mg-2mg X 10 GRANULADO PARA SOLUCION ORAL,Acetaminofen - Cafeina - Clorfeniramina,SOLUCION ORAL,LABORATORIOS FARMA S.A.,,3
ACETAMINOFEN - CAFEINA - CLORFENIRAMINA ||| SOLUCION ORAL,38855,ME44418/4,TERAGRIPFORTE 650mg-20mg-2mg X 20 GRANULADO PARA SOLUCION ORAL,Acetaminofen - Cafeina - Clorfeniramina,SOLUCION ORAL,LABORATORIOS FARMA S.A.,,3
TIOCOLCHICOSIDO ||| TABLETAS,38867,ME39852,TIOCOL 8 mg X 10 TABLETAS RECUBIERTAS,Tiocolchicosido,TABLETAS,"LABORATORIO LA SANTE, C.A.",https://mav.farmaciasaas.com/api/images/articulos/DISTRIBUCION/26009.jpg,3
TIOCOLCHICOSIDO ||| TABLETAS,38872,ME34453,TIOCOLCHICOSIDO 4 mg X 12 TABLETAS,Tiocolchicosido,TABLETAS,"BIOTECH LABORATORIOS, C.A.",https://mav.farmaciasaas.com/api/images/articulos/DISTRIBUCION/6808.jpg,3
TIOCOLCHICOSIDO ||| TABLETAS,38873,ME37086,TIOCOLCHICOSIDO 4 mg X 12 TABLETAS,Tiocolchicosido,TABLETAS,"CALOX INTERNATIONAL, C.A.",https://pccentro.net.ve/img/s/9/2/7/5/9/92759-large_default.webp,3
TRIMEBUTINA ||| COMPRIMIDOS,38892,ME43627,TRIMBUTOP 200 MG X 10 COMPRIMIDOS,Trimebutina,COMPRIMIDOS,SERUM INSTITUTE OF INDIA PVT. LTD.,https://mav.farmaciasaas.com/api/images/articulos/DISTRIBUCION/54049.jpg,2
TRIMEBUTINA ||| COMPRIMIDOS,38895,ME40389,TRIMEBUTINA 300 mg X 10 COMPRIMIDOS RECUBIERTOS DE LIBERACION PROLONGADA,Trimebutina,COMPRIMIDOS,"LABORATORIOS LETI, S.A.V.",https://mav.farmaciasaas.com/api/images/articulos/DISTRIBUCION/53502.jpg,2
TRAZODONA ||| TABLETAS,38898,ME22572,TRITTICO 100 mg X 30 TABLETAS,Trazodona,TABLETAS,"LABORATORIOS ELMOR, S.A.",https://mav.farmaciasaas.com/api/images/articulos/DISTRIBUCION/4228.jpg,2
TRAZODONA ||| TABLETAS,38899,ME22699,TRITTICO 50 mg X 30 TABLETAS,Trazodona,TABLETAS,"LABORATORIOS ELMOR, S.A.",https://mav.farmaciasaas.com/api/images/articulos/DISTRIBUCION/4227.jpg,2
VALSARTAN ||| COMPRIMIDOS,38913,ME44208/2,VALSARTÁN 160mg X 10 COMPRIMIDOS RECUBIERTOS,Valsartan,COMPRIMIDOS,"LABORATORIOS VARGAS, S.A.",https://mav.farmaciasaas.com/api/images/articulos/DISTRIBUCION/51784.jpg,4
VALSARTAN ||| COMPRIMIDOS,38914,ME44208/3,VALSARTÁN 160mg X 28 COMPRIMIDOS RECUBIERTOS,Valsartan,COMPRIMIDOS,"LABORATORIOS VARGAS, S.A.",https://mav.farmaciasaas.com/api/images/articulos/DISTRIBUCION/54193.jpg,4
VALSARTAN ||| COMPRIMIDOS,38915,ME44208/4,VALSARTÁN 160mg X 30 COMPRIMIDOS RECUBIERTOS,Valsartan,COMPRIMIDOS,"LABORATORIOS VARGAS, S.A.",https://mav.farmaciasaas.com/api/images/articulos/DISTRIBUCION/24321.jpg,4
VALSARTAN ||| COMPRIMIDOS,39405,ME42915,VALSARTAN 80 mg COMPRIMIDOS RECUBIERTOS,Valsartan,COMPRIMIDOS,"LABORATORIOS VARGAS, S.A.",https://mav.farmaciasaas.com/api/images/articulos/DISTRIBUCION/29789.jpg,4
HIDROCLOROTIAZIDA - VALSARTAN ||| TABLETAS,38918,ME38559/3,"VALSARTAN - HIDROCLOROTIAZIDA 160 mg - 12,5 mg X 30 TABLETAS RECUBIERTAS",Hidroclorotiazida - Valsartan,TABLETAS,"LABORATORIOS VALMOR, C.A.",https://pccentro.net.ve/img/s/2/4/0/7/7/24077-large_default.webp,7
HIDROCLOROTIAZIDA - VALSARTAN ||| TABLETAS,38919,ME38559/2,"VALSARTAN - HIDROCLOROTIAZIDA 160 mg - 12,5 mg X 14 TABLETAS RECUBIERTAS",Hidroclorotiazida - Valsartan,TABLETAS,"LABORATORIOS VALMOR, C.A.",https://mav.farmaciasaas.com/api/images/articulos/DISTRIBUCION/96316.jpg,7
HIDROCLOROTIAZIDA - VALSARTAN ||| TABLETAS,38926,ME38613,"VALSARTAN - HIDROCLOROTIAZIDA 80 mg - 12,5 mg X 30 TABLETAS RECUBIERTAS",Hidroclorotiazida - Valsartan,TABLETAS,"LABORATORIOS VALMOR, C.A.",https://pccentro.net.ve/img/s/2/4/0/7/7/24077-large_default.webp,7
HIDROCLOROTIAZIDA - VALSARTAN ||| TABLETAS,38929,ME35526/2,"VALSARTAN - HIDROCLOROTIAZIDA 80 mg - 12,5 mg X 10 TABLETAS RECUBIERTAS",Hidroclorotiazida - Valsartan,TABLETAS,"CALOX INTERNATIONAL, C.A.",https://mav.farmaciasaas.com/api/images/articulos/DISTRIBUCION/21545.jpg,7
HIDROCLOROTIAZIDA - VALSARTAN ||| TABLETAS,38930,ME35526/3,"VALSARTAN - HIDROCLOROTIAZIDA 80 mg - 12,5 mg X 30 TABLETAS RECUBIERTAS",Hidroclorotiazida - Valsartan,TABLETAS,"CALOX INTERNATIONAL, C.A.",https://pccentro.net.ve/img/s/2/4/0/7/7/24077-large_default.webp,7
HIDROCLOROTIAZIDA - VALSARTAN ||| TABLETAS,39398,ME43779/2,"VALGEM PLUS 160 mg-12,5 mg X 10 TABLETAS RECUBIERTAS",Hidroclorotiazida - Valsartan,TABLETAS,"GEMA LABS, C.A.",https://mav.farmaciasaas.com/api/images/articulos/DISTRIBUCION/52665.jpg,7
HIDROCLOROTIAZIDA - VALSARTAN ||| TABLETAS,39399,ME43779/3,"VALGEM PLUS 160 mg-12,5 mg X 30 TABLETAS RECUBIERTAS",Hidroclorotiazida - Valsartan,TABLETAS,"GEMA LABS, C.A.",,7
HIDROCLOROTIAZIDA - VALSARTAN ||| COMPRIMIDOS,38927,ME33646/2,"VASATEN HCT 80 mg - 12,5 mg X 10 COMPRIMIDOS RECUBIERTOS",Hidroclorotiazida - Valsartan,COMPRIMIDOS,"LABORATORIOS LETI, S.A.V.",https://mav.farmaciasaas.com/api/images/articulos/DISTRIBUCION/50173.jpg,4
HIDROCLOROTIAZIDA - VALSARTAN ||| COMPRIMIDOS,38928,ME33646/3,"VASATEN HCT 80 mg - 12,5 mg X 14 COMPRIMIDOS RECUBIERTOS",Hidroclorotiazida - Valsartan,COMPRIMIDOS,"LABORATORIOS LETI, S.A.V.",https://mav.farmaciasaas.com/api/images/articulos/DISTRIBUCION/90886.jpg,4
HIDROCLOROTIAZIDA - VALSARTAN ||| COMPRIMIDOS,39401,ME37747,"VALSARTAN CON HIDROCLOROTIAZIDA 160 mg - 12,5 mg COMPRIMIDOS RECUBIERTOS",Hidroclorotiazida - Valsartan,COMPRIMIDOS,"LABORATORIOS VARGAS, S.A.",https://pccentro.net.ve/img/s/2/4/0/7/7/24077-large_default.webp,4
HIDROCLOROTIAZIDA - VALSARTAN ||| COMPRIMIDOS,39406,ME37749,"VALSARTAN CON HIDROCLOROTIAZIDA 80 mg - 12,5 mg COMPRIMIDOS",Hidroclorotiazida - Valsartan,COMPRIMIDOS,"LABORATORIOS VARGAS, S.A.",https://pccentro.net.ve/img/s/2/4/0/7/7/24077-large_default.webp,4
HESPERIDINA ||| CAPSULAS,38945,ME43348/3,DIOSMINA - HESPERIDINA 450 mg - 50 mg X 30 CAPSULAS BLANDAS,Hesperidina,CAPSULAS,"CALOX INTERNATIONAL, C.A.",https://pccentro.net.ve/img/s/8/5/8/3/1/85831-large_default.webp,2
HESPERIDINA ||| CAPSULAS,38946,ME43348/2,DIOSMINA - HESPERIDINA 450 mg - 50 mg X 10 CAPSULAS BLANDAS,Hesperidina,CAPSULAS,"CALOX INTERNATIONAL, C.A.",https://pccentro.net.ve/img/s/8/5/8/3/1/85831-large_default.webp,2
SILDENAFILO ||| COMPRIMIDOS,38949,ME32610/3,VIASEk 50 mg X 2 COMPRIMIDOS RECUBIERTOS,Sildenafilo,COMPRIMIDOS,"LABORATORIOS LETI, S.A.V.",https://mav.farmaciasaas.com/api/images/articulos/DISTRIBUCION/2929.jpg,3
SILDENAFILO ||| COMPRIMIDOS,38950,ME32610/2,VIASEk 50 mg X 1 COMPRIMIDOS RECUBIERTOS,Sildenafilo,COMPRIMIDOS,"LABORATORIOS LETI, S.A.V.",https://mav.farmaciasaas.com/api/images/articulos/DISTRIBUCION/5327.jpg,3
SILDENAFILO ||| COMPRIMIDOS,38951,ME32611,VIGRASOL 50 mg X 1 COMPRIMIDOS RECUBIERTOS,Sildenafilo,COMPRIMIDOS,MEGALABS S.A.,https://mav.farmaciasaas.com/api/images/articulos/DISTRIBUCION/7331.jpg,3
VITAMINA D3 ||| CAPSULAS,38954,ME41583,DARLIDE 1.000 UI X 100 CAPSULAS BLANDAS,Vitamina D3,CAPSULAS,"INDUSTRIAS INTERCAPS DE VENEZUELA, C.A.",https://pccentro.net.ve/img/s/3/5/5/7/0/35570-large_default.webp,3
VITAMINA D3 ||| CAPSULAS,38961,ME44594/2,DEROVIT 5000 UI X 60 CÁPSULAS BLANDAS,Vitamina D3,CAPSULAS,"INDUSTRIAS INTERCAPS DE VENEZUELA, C.A.",https://pccentro.net.ve/img/s/7/3/3/1/6/73316-large_default.webp,3
VITAMINA D3 ||| CAPSULAS,38962,ME44594/3,DEROVIT 5000 UI X 100 CÁPSULAS BLANDAS,Vitamina D3,CAPSULAS,"INDUSTRIAS INTERCAPS DE VENEZUELA, C.A.",https://pccentro.net.ve/img/s/7/3/3/1/6/73316-large_default.webp,3
VITAMINA C ||| TABLETAS,38963,ME44099/3,VITAMINA C 500 mg X 15 TABLETAS MASTICABLES SABOR A NARANJA,Vitamina C,TABLETAS,HIRAL LABS LIMITED,https://mav.farmaciasaas.com/api/images/articulos/DISTRIBUCION/23924.jpg,3
VITAMINA C ||| TABLETAS,38964,ME44099/4,VITAMINA C 500 mg X 30 TABLETAS MASTICABLES SABOR A NARANJA,Vitamina C,TABLETAS,HIRAL LABS LIMITED,https://mav.farmaciasaas.com/api/images/articulos/DISTRIBUCION/27114.jpg,3
VITAMINA C ||| TABLETAS,38965,ME44099/2,VITAMINA C 500 mg X 10 TABLETAS MASTICABLES SABOR A NARANJA,Vitamina C,TABLETAS,HIRAL LABS LIMITED,https://mav.farmaciasaas.com/api/images/articulos/DISTRIBUCION/20327.jpg,3
VITAMINA D3 ||| SUSPENSION ORAL,38966,ME23088,CALCIO OSTELIN 175 mg - 60 UI / 5 mL SUSPENSION,Vitamina D3,SUSPENSION ORAL,LABORATORIOS FARMA S.A.,,2
VITAMINA D3 ||| SUSPENSION ORAL,39119,ME37021,CALCIO OSTELIN FORTE 300 mg - 200 UI / 5 mL X 30 SUSPENSION,Vitamina D3,SUSPENSION ORAL,LABORATORIOS FARMA S.A.,https://pccentro.net.ve/img/s/7/6/8/0/5/76805-large_default.webp,2
VITAMINA A ||| CAPSULAS,38968,ME32842/2,VITAMINA E 400 UI X 30 CAPSULAS BLANDAS,Vitamina A,CAPSULAS,"INDUSTRIAS INTERCAPS DE VENEZUELA, C.A.",https://mav.farmaciasaas.com/api/images/articulos/DISTRIBUCION/9750.jpg,2
VITAMINA A ||| CAPSULAS,38969,ME32842/3,VITAMINA E 400 UI X 50 CAPSULAS BLANDAS,Vitamina A,CAPSULAS,"INDUSTRIAS INTERCAPS DE VENEZUELA, C.A.",https://mav.farmaciasaas.com/api/images/articulos/DISTRIBUCION/53029.jpg,2
ASCORBICO ACIDO - ZINC SULFATO HEPTAHIDRATO ||| CAPSULAS,38993,ME43669/2,"VITADYN C ZINC 500mg - 7,5mg X 30 CÁPSULAS",Ascorbico Acido - Zinc Sulfato Heptahidrato,CAPSULAS,"LABORATORIOS L.O. OFTALMI, C.A.",https://mav.farmaciasaas.com/api/images/articulos/DISTRIBUCION/53166.jpg,2
ASCORBICO ACIDO - ZINC SULFATO HEPTAHIDRATO ||| CAPSULAS,38994,ME43669/3,"VITADYN C ZINC 500mg - 7,5mg X 60 CÁPSULAS",Ascorbico Acido - Zinc Sulfato Heptahidrato,CAPSULAS,"LABORATORIOS L.O. OFTALMI, C.A.",,2
ZOPICLONA ||| TABLETAS,39001,ME43207,"ZOPICLONA 7,5 mg X 10 TABLETAS RECUBIERTAS",Zopiclona,TABLETAS,"LABORATORIO LA SANTE, C.A.",https://mav.farmaciasaas.com/api/images/articulos/DISTRIBUCION/28451.jpg,2
ZOPICLONA ||| TABLETAS,39604,ME43206,"ZOCLONAX 7,5 mg X 10 TABLETAS RECUBIERTAS",Zopiclona,TABLETAS,"LABORATORIO LA SANTE, C.A.",https://mav.farmaciasaas.com/api/images/articulos/DISTRIBUCION/28792.jpg,2
OXIMETAZOLINA ||| SOLUCION NASAL,39025,ME43679,"AIREX 0,05% SOLUCION NASAL",Oximetazolina,SOLUCION NASAL,"MANUFACTURERA MUNDIAL FARMACEUTICA M.M.F., C.A.",https://pccentro.net.ve/img/s/7/5/2/6/7/75267-large_default.webp,2
OXIMETAZOLINA ||| SOLUCION NASAL,39456,ME18142,"NASIN 0,05 % SOLUCION NASAL",Oximetazolina,SOLUCION NASAL,"LABORATORIOS LETI, S.A.V.",https://pccentro.net.ve/img/s/7/5/2/6/7/75267-large_default.webp,2
OLOPATADINA ||| SOLUCION OFTALMICA,39026,ME44293,"OLOCOF 0,02% SOLUCIÓN OFTÁLMICA ",Olopatadina,SOLUCION OFTALMICA,"LABORATORIO COFASA, S.A.",https://pccentro.net.ve/img/s/7/5/4/9/1/75491-large_default.webp,3
OLOPATADINA ||| SOLUCION OFTALMICA,39559,ME44305,"BIOTADIN 0,2% SOLUCIÓN OFTALMICA",Olopatadina,SOLUCION OFTALMICA,ARION HEALTHCARE,https://pccentro.net.ve/img/s/7/5/4/9/1/75491-large_default.webp,3
OLOPATADINA ||| SOLUCION OFTALMICA,39560,ME34819,"OPAT 0,1 % SOLUCION OFTALMICA",Olopatadina,SOLUCION OFTALMICA,"LABORATORIOS L.O. OFTALMI, C.A.",https://pccentro.net.ve/img/s/7/5/4/9/1/75491-large_default.webp,3
ACETAMINOFEN - CLORFENIRAMINA ||| GRANULADOS,39033,ME32123,ALIVETNOC 500 mg - 3 mg GRANULADO SABOR LIMON - MIEL,Acetaminofen - Clorfeniramina,GRANULADOS,"LABORATORIOS LETI, S.A.V.",,3
ACETAMINOFEN - CLORFENIRAMINA ||| GRANULADOS,39388,ME44419/3,TERAGRIPFORTE NOCHE 650mg-4mg X 6 GRANULADO PARA SOLUCION ORAL,Acetaminofen - Clorfeniramina,GRANULADOS,LABORATORIOS FARMA S.A.,https://mav.farmaciasaas.com/api/images/articulos/DISTRIBUCION/6270.jpg,3
ACETAMINOFEN - CLORFENIRAMINA ||| GRANULADOS,39390,ME44419/4,TERAGRIPFORTE NOCHE 650mg-4mg X 10 GRANULADO PARA SOLUCION ORAL,Acetaminofen - Clorfeniramina,GRANULADOS,LABORATORIOS FARMA S.A.,https://pccentro.net.ve/img/s/8/1/4/0/6/81406-large_default.webp,3
AMOXICILINA - CLAVULANATO POTASIO ||| POLVO PARA RECONSTITUCION,39047,ME34160,AMOXICILINA - ACIDO CLAVULANICO 400 mg - 57 mg / 5 mL  POLVO PARA SUSPENSION ORAL,Amoxicilina - Clavulanato Potasio,POLVO PARA RECONSTITUCION,"LABORATORIOS LETI, S.A.V.",,2
AMOXICILINA - CLAVULANATO POTASIO ||| POLVO PARA RECONSTITUCION,39048,ME43043,"AMOXIVALAC 250 mg - 62,5 mg / 5 mL POLVO PARA SUSPENSION ORAL",Amoxicilina - Clavulanato Potasio,POLVO PARA RECONSTITUCION,"LABORATORIOS VALMOR, C.A.",,2
ACETAMINOFEN - CAFEINA - CLORFENIRAMINA ||| COMPRIMIDOS,39052,ME42104,ANGRIP FORTE DIA 650 mg - 2 mg - 20 mg COMPRIMIDOS RECUBIERTOS,Acetaminofen - Cafeina - Clorfeniramina,COMPRIMIDOS,MEGALABS S.A.,https://mav.farmaciasaas.com/api/images/articulos/DISTRIBUCION/30055.jpg,2
ACETAMINOFEN - CAFEINA - CLORFENIRAMINA ||| COMPRIMIDOS,39471,ME37218,MEDIGRIP DIA 500mg - 2mg - 3mg X 10 COMPRIMIDOS,Acetaminofen - Cafeina - Clorfeniramina,COMPRIMIDOS,"SM PHARMA, C.A.",,2
ACETILSALICILICO ACIDO ||| TABLETAS,39078,ME43205,ASPIXAN 81 mg X 100 TABLETAS CON RECUBRIMIENTO ENTERICO,Acetilsalicilico Acido,TABLETAS,"BIOTECH LABORATORIOS, C.A.",https://pccentro.net.ve/img/s/8/1/3/7/8/81378-large_default.webp,3
ACETILSALICILICO ACIDO ||| TABLETAS,39432,ME44038,ASPIANDEX 81 mg X 30 TABLETAS CON RECUBRIMIENTO ENTERICO,Acetilsalicilico Acido,TABLETAS,"LABORATORIO PLUSANDEX DE FARMACEUTICOS UNIDOS, PLUSANDEX, C.A.",https://mav.farmaciasaas.com/api/images/articulos/DISTRIBUCION/52971.jpg,3
ACETILSALICILICO ACIDO ||| TABLETAS,39464,ME31523,CORASPIRINA 81 mg X 100 TABLETAS CON CUBIERTA ENTERICA,Acetilsalicilico Acido,TABLETAS,"BAYER, S.A.",https://pccentro.net.ve/img/s/8/1/3/7/8/81378-large_default.webp,3
BETAMETASONA ||| CREMA,39094,ME40374,"BETADERM 0,05 % CREMA",Betametasona,CREMA,"BIOTECH LABORATORIOS, C.A.",https://pccentro.net.ve/img/s/7/5/2/5/4/75254-large_default.webp,2
BETAMETASONA ||| CREMA,39527,ME21014,"ITISONA 0,1 % CREMA",Betametasona,CREMA,"LABORATORIO LA SANTE, C.A.",https://pccentro.net.ve/img/s/7/5/2/5/4/75254-large_default.webp,2
BISOPROLOL - PERINDOPRIL ||| COMPRIMIDOS,39101,ME44721,BIOTALOL PE 10 mg - 5 mg COMPRIMIDOS RECUBIERTOS,Bisoprolol - Perindopril,COMPRIMIDOS,"LABORATORIOS LETI, S.A.V.",,2
BISOPROLOL - PERINDOPRIL ||| COMPRIMIDOS,39103,ME44717,BIOTALOL PE 5 mg - 10 mg COMPRIMIDOS RECUBIERTOS ,Bisoprolol - Perindopril,COMPRIMIDOS,"LABORATORIOS LETI, S.A.V.",,2
DIPIRONA ||| INYECTABLE,39113,HO16263/3,BRAL 500 mg / mL X 100 AMPOLLAS,Dipirona,INYECTABLE,"BIOTECH LABORATORIOS, C.A.",,2
DIPIRONA ||| INYECTABLE,39114,HO16263/2,BRAL 500 mg / mL X 20 AMPOLLAS,Dipirona,INYECTABLE,"BIOTECH LABORATORIOS, C.A.",,2
CLOBETASOL ||| UNGUENTO,39174,ME40804,"DERMAZOL 0,05 % UNGUENTO",Clobetasol,UNGUENTO,MEGALABS S.A.,https://pccentro.net.ve/img/s/7/3/0/0/6/73006-large_default.webp,2
CLOBETASOL ||| UNGUENTO,39439,ME36242,"CLOBETASOL PROPIONATO 0,05% UNGUENTO",Clobetasol,UNGUENTO,"CALOX INTERNATIONAL, C.A.",https://mav.farmaciasaas.com/api/images/articulos/DISTRIBUCION/50804.jpg,2
DESLORATADINA - MONTELUKAST ||| COMPRIMIDOS,39179,ME43570,DESLORATADINA - MONTELUKAST 5 mg - 10 mg COMPRIMIDOS RECUBIERTOS,Desloratadina - Montelukast,COMPRIMIDOS,"LABORATORIOS LETI, S.A.V.",https://pccentro.net.ve/img/s/7/2/5/2/6/72526-large_default.webp,2
DESLORATADINA - MONTELUKAST ||| COMPRIMIDOS,39293,ME42469,"ROWELUK PLUS 5 mg - 2,5 mg X 10 COMPRIMIDOS MASTICABLES",Desloratadina - Montelukast,COMPRIMIDOS,MEGALABS S.A.,https://mav.farmaciasaas.com/api/images/articulos/DISTRIBUCION/28868.jpg,2
VITAMINA D3 ||| GOTAS,39210,ME44388/3,FARMAD 200UI/gota X 30 SOLUCION ORAL,Vitamina D3,GOTAS,LABORATORIOS FARMA S.A.,https://pccentro.net.ve/img/s/7/2/5/5/9/72559-large_default.webp,2
VITAMINA D3 ||| GOTAS,39211,ME44388/2,FARMAD 200UI/gota X 10 SOLUCION ORAL,Vitamina D3,GOTAS,LABORATORIOS FARMA S.A.,https://pccentro.net.ve/img/s/7/2/5/5/9/72559-large_default.webp,2
BENCIDAMINA ||| SOLUCION TOPICA,39222,ME41147,"FLOMED 0,15 % - 0,25 % SOLUCION TOPICA BUCAL",Bencidamina,SOLUCION TOPICA,"LABORATORIOS ELMOR, S.A.",https://pccentro.net.ve/img/s/7/8/9/8/1/78981-large_default.webp,3
BENCIDAMINA ||| SOLUCION TOPICA,39438,ME42975,"BEDEX 0,15 % SOLUCION TOPICA BUCAL",Bencidamina,SOLUCION TOPICA,"LABORATORIO PLUSANDEX DE FARMACEUTICOS UNIDOS, PLUSANDEX, C.A.",https://mav.farmaciasaas.com/api/images/articulos/DISTRIBUCION/28364.jpg,3
BENCIDAMINA ||| SOLUCION TOPICA,39590,ME41676,"BUCOXOLGAR 0,15 % - 0,25 % SOLUCION TOPICA BUCAL ATOMIZADORA SABOR A MENTA FRESCA",Bencidamina,SOLUCION TOPICA,"LABORATORIO LA SANTE, C.A.",https://pccentro.net.ve/img/s/7/8/9/8/1/78981-large_default.webp,3
CARNITINA ||| SOLUCION ORAL,39283,ME40013,LECART 1 g / 10 mL SOLUCION ORAL,Carnitina,SOLUCION ORAL,LABORATORIOS SIEGFRIED S.A.,https://mav.farmaciasaas.com/api/images/articulos/DISTRIBUCION/13056.jpg,2
CARNITINA ||| SOLUCION ORAL,39534,ME33435,KATIVIL 1 g / 10 mL X 60 SOLUCION ORAL,Carnitina,SOLUCION ORAL,"LABORATORIO COFASA, S.A.",https://mav.farmaciasaas.com/api/images/articulos/DISTRIBUCION/21580.jpg,2
LEVODROPROPIZINA ||| SOLUCION ORAL,39286,ME43371,LOBEDRIN 6 mg / mL SOLUCION ORAL,Levodropropizina,SOLUCION ORAL,"LABORATORIOS SPEFAR VENEZOLANOS, S.A.",,2
LEVODROPROPIZINA ||| SOLUCION ORAL,39486,ME43831,LEVODROPROPIZINA 6 mg/ml SOLUCIÓN ORAL,Levodropropizina,SOLUCION ORAL,"BIOQUIMICA INTERNACIONAL, C.A.",,2
METFORMINA ||| COMPRIMIDOS,39297,ME42459,METFORMINA CLORHIDRATO 1000 mg COMPRIMIDOS,Metformina,COMPRIMIDOS,"LABORATORIOS SPEFAR VENEZOLANOS, S.A.",https://pccentro.net.ve/img/s/8/4/0/4/3/84043-large_default.webp,3
METFORMINA ||| COMPRIMIDOS,39298,ME37583,METFORMINA CLORHIDRATO 500 mg COMPRIMIDOS,Metformina,COMPRIMIDOS,"LABORATORIOS SPEFAR VENEZOLANOS, S.A.",https://pccentro.net.ve/img/s/8/0/4/9/6/80496-large_default.webp,3
METFORMINA ||| COMPRIMIDOS,39299,ME37492,METFORMINA CLORHIDRATO 850 mg COMPRIMIDOS,Metformina,COMPRIMIDOS,"LABORATORIOS SPEFAR VENEZOLANOS, S.A.",https://mav.farmaciasaas.com/api/images/articulos/DISTRIBUCION/51389.jpg,3
TERBINAFINA ||| CREMA,39340,ME37330,PERTEN 1 % CREMA,Terbinafina,CREMA,LABORATORIOS SIEGFRIED S.A.,https://pccentro.net.ve/img/s/5/4/9/1/0/54910-large_default.webp,3
TERBINAFINA ||| CREMA,39506,ME37839,TERBINAFINA CLORHIDRATO 1 % CREMA,Terbinafina,CREMA,"CALOX INTERNATIONAL, C.A.",https://pccentro.net.ve/img/s/5/4/9/1/0/54910-large_default.webp,3
TERBINAFINA ||| CREMA,39592,ME34224,TERBICRYM 1 % CREMA,Terbinafina,CREMA,"LABORATORIOS VARGAS, S.A.",https://mav.farmaciasaas.com/api/images/articulos/DISTRIBUCION/21458.jpg,3
SIMVASTATINA ||| COMPRIMIDOS,39358,ME36523,SIMVASTATINA 20 mg COMPRIMIDOS RECUBIERTOS,Simvastatina,COMPRIMIDOS,"LABORATORIOS SPEFAR VENEZOLANOS, S.A.",https://pccentro.net.ve/img/s/7/8/3/5/3/78353-large_default.webp,3
SIMVASTATINA ||| COMPRIMIDOS,39467,ME33257,CYNT 20 mg X 20 COMPRIMIDOS RECUBIERTOS,Simvastatina,COMPRIMIDOS,"ESPECIALIDADES DOLLDER, C.A.",https://mav.farmaciasaas.com/api/images/articulos/DISTRIBUCION/5489.jpg,3
SIMVASTATINA ||| COMPRIMIDOS,39468,ME33255,CYNT 40 mg COMPRIMIDOS RECIBIERTOS X 10 COMPRIMIDOS,Simvastatina,COMPRIMIDOS,"ESPECIALIDADES DOLLDER, C.A.",https://mav.farmaciasaas.com/api/images/articulos/DISTRIBUCION/92664.jpg,3
ASCORBICO ACIDO ||| JARABE,39408,ME998,VITAMINA C 100 mg/5 ml JARABE,Ascorbico Acido,JARABE,MEGALABS S.A.,https://pccentro.net.ve/img/s/7/7/8/3/5/77835-large_default.webp,2
ASCORBICO ACIDO ||| JARABE,39413,ME36008,VITAMINA C 50 mg / 5 mL JARABE,Ascorbico Acido,JARABE,"LABORATORIOS VARGAS, S.A.",https://pccentro.net.ve/img/s/7/7/8/5/9/77859-large_default.webp,2
CIANOCOBALAMINA ||| CAPSULAS,39411,ME6025/2,VITAMINA B12 250 mcg X 3 CAPSULAS,Cianocobalamina,CAPSULAS,MEGALABS S.A.,https://pccentro.net.ve/img/s/7/7/8/3/0/77830-large_default.webp,2
CIANOCOBALAMINA ||| CAPSULAS,39412,ME6025/3,VITAMINA B12 250 mcg X 20 CAPSULAS,Cianocobalamina,CAPSULAS,MEGALABS S.A.,https://mav.farmaciasaas.com/api/images/articulos/DISTRIBUCION/3790.jpg,2
ALBENDAZOL ||| SOLUCION ORAL,39419,ME43846,ALBENDAZOL 100 mg / 5 mL SUSPENSIÓN ORAL,Albendazol,SOLUCION ORAL,MOREPEN LABORATORIES LIMITED,https://mav.farmaciasaas.com/api/images/articulos/20742.jpg,2
ALBENDAZOL ||| SOLUCION ORAL,39481,ME43256,ALBENDAZOL 200 mg / 5 mL SUSPENSION ORAL,Albendazol,SOLUCION ORAL,KWALITY PHARMACEUTICALS LTD,,2
SIMETICONA ||| CAPSULAS,39429,ME38633,APRIX 125 mg X 10 CAPSULAS BLANDAS,Simeticona,CAPSULAS,"INDUSTRIAS INTERCAPS DE VENEZUELA, C.A.",https://mav.farmaciasaas.com/api/images/articulos/DISTRIBUCION/50995.jpg,6
SIMETICONA ||| CAPSULAS,39502,ME35246/2,EVIGAX 125 mg X 10 CAPSULAS BLANDAS,Simeticona,CAPSULAS,"INDUSTRIAS INTERCAPS DE VENEZUELA, C.A.",https://mav.farmaciasaas.com/api/images/articulos/DISTRIBUCION/96795.jpg,6
SIMETICONA ||| CAPSULAS,39503,ME35246/3,EVIGAX 125 mg X 20 CAPSULAS BLANDAS,Simeticona,CAPSULAS,"INDUSTRIAS INTERCAPS DE VENEZUELA, C.A.",https://mav.farmaciasaas.com/api/images/articulos/DISTRIBUCION/8614.jpg,6
SIMETICONA ||| CAPSULAS,39508,ME39967,FLATVIN 125 mg X 10 CAPSULAS BLANDAS,Simeticona,CAPSULAS,"INDUSTRIAS INTERCAPS DE VENEZUELA, C.A.",https://mav.farmaciasaas.com/api/images/articulos/DISTRIBUCION/24281.jpg,6
SIMETICONA ||| CAPSULAS,39579,ME43556/2,SINMEGAS 125 mg X 20 CÁPSULAS BLANDAS,Simeticona,CAPSULAS,"INDUSTRIAS INTERCAPS DE VENEZUELA, C.A.",https://mav.farmaciasaas.com/api/images/articulos/DISTRIBUCION/53113.jpg,6
SIMETICONA ||| CAPSULAS,39580,ME43556/3,SINMEGAS 125 mg X 30 CÁPSULAS BLANDAS,Simeticona,CAPSULAS,"INDUSTRIAS INTERCAPS DE VENEZUELA, C.A.",https://mav.farmaciasaas.com/api/images/articulos/DISTRIBUCION/53114.jpg,6
MOMETASONA FUROATO ||| CREMA,39474,ME42875,"AUTEX 0,1 % CREMA",Mometasona Furoato,CREMA,"LABORATORIOS LETI, S.A.V.",https://pccentro.net.ve/img/s/1/9/4/0/2/19402-large_default.webp,3
MOMETASONA FUROATO ||| CREMA,39499,ME44466,"ELOK 0,1% CREMA",Mometasona Furoato,CREMA,RECKON ORGANICS PVT. LTD.,https://pccentro.net.ve/img/s/1/9/4/0/2/19402-large_default.webp,3
MOMETASONA FUROATO ||| CREMA,39544,ME38201,"MOMEQ 0,1 % CREMA",Mometasona Furoato,CREMA,"LABORATORIO LA SANTE, C.A.",https://pccentro.net.ve/img/s/1/9/4/0/2/19402-large_default.webp,3
GABAPENTINA ||| COMPRIMIDOS,39512,ME35724,GABICTAL 400 mg X 15 COMPRIMIDOS RECUBIERTOS,Gabapentina,COMPRIMIDOS,"MONTE VERDE, S.A.",,2
GABAPENTINA ||| COMPRIMIDOS,39513,ME35723,GABICTAL 300 mg X 30 COMPRIMIDOS RECUBIERTOS,Gabapentina,COMPRIMIDOS,"MONTE VERDE, S.A.",https://mav.farmaciasaas.com/api/images/articulos/DISTRIBUCION/20432.jpg,2
PROGESTERONA ||| CAPSULAS,39514,ME43614,GESTAGENO 100 mg CAPSULAS DE GELATINA BLANDA X 10 CAPSULAS,Progesterona,CAPSULAS,"LABORATORIOS LEON FARMA, S.A.",https://mav.farmaciasaas.com/api/images/articulos/DISTRIBUCION/21412.jpg,3
PROGESTERONA ||| CAPSULAS,39515,ME43613,GESTAGENO 200 mg CAPSULAS DE GELATINA BLANDA X 10 CAPSULAS,Progesterona,CAPSULAS,"LABORATORIOS LEON FARMA, S.A.",https://mav.farmaciasaas.com/api/images/articulos/DISTRIBUCION/21413.jpg,3
PROGESTERONA ||| CAPSULAS,39529,ME41832,JARIT 100 mg X 30 CAPSULAS BLANDAS,Progesterona,CAPSULAS,"PROCAPS, S.A.",https://pccentro.net.ve/img/s/3/9/7/7/1/39771-large_default.webp,3
GLUTAMINA ||| INYECTABLE,39521,HO41500/2,GLUTANIL AL 20 % X 30 AMPOLLAS,Glutamina,INYECTABLE,"LABORATORIO BEHRENS, C.A.",https://pccentro.net.ve/img/s/7/6/2/0/3/76203-large_default.webp,2
GLUTAMINA ||| INYECTABLE,39522,HO41500/3,GLUTANIL AL 20 % X 60 AMPOLLAS,Glutamina,INYECTABLE,"LABORATORIO BEHRENS, C.A.",https://pccentro.net.ve/img/s/7/6/2/0/3/76203-large_default.webp,2
HIDROCORTISONA ||| INYECTABLE,39523,HO34920,HIDROCORTISONA 100 mg X 10 AMPOLLAS,Hidrocortisona,INYECTABLE,VITROFARMA S.A.,https://pccentro.net.ve/img/s/8/6/8/2/6/86826-large_default.webp,2
HIDROCORTISONA ||| INYECTABLE,39524,HO44584,Biocortin 500mg X 1 AMPOLLAS,Hidrocortisona,INYECTABLE,SUNLIFE PHARMA SERVICES - NIXI LABORATORIES PVT. LTD.,https://mav.farmaciasaas.com/api/images/articulos/DISTRIBUCION/23085.jpg,2
VITAMINA B12 ||| INYECTABLE,39552,HO39021/2,NEUROALFA X 1 AMPOLLAS,Vitamina B12,INYECTABLE,LABORATORIOS ALFA S.R.L.,https://pccentro.net.ve/img/s/9/1/1/3/1/91131-large_default.webp,2
VITAMINA B12 ||| INYECTABLE,39553,HO39021/3,NEUROALFA X 3 AMPOLLAS,Vitamina B12,INYECTABLE,LABORATORIOS ALFA S.R.L.,https://pccentro.net.ve/img/s/9/1/1/3/1/91131-large_default.webp,2