id,sku,nombre_comercial,laboratorio,linea,forma,molecula,fuente_inhhr_ef,foto_url
37312,ME43707,ACETAMINOFEN 150 MG / 5 ML JARABE,AARTI PHARMALABS LIMITED,Linea Farmacia,JARABE,Acetaminofen,,
37832,ME1491,COLOZIN® (LACTOBACILLUS PLANTARUM - PEDIOCOCCUS ACIDILACTICI) 150 MG (3.0 X 10⁹ UFC) X 30 CAPSULAS,AB-BIOTICS S.A.,Linea Farmacia,CAPSULAS,,,
39520,ME42581,PEDIALYTE ZINC 60 MEQ SOLUCION ELECTROLITICA DE USO ORAL SABOR A UVA X 60 SOLUCION ORAL,ABBOTT LABORATORIES DE MEXICO S.A. DE C.V,Linea Farmacia,SOLUCION ORAL,Glucosa - Zinc,,
38434,ME43537/2,MEDROXIPROGESTERONA 10 MG X 10 TABLETAS,ACCENT PHARMACEUTICALS & DIAGNOSTICS,Linea Farmacia,TABLETAS,Medroxiprogesterona,,
38435,ME43537/3,MEDROXIPROGESTERONA 10 MG X 28 TABLETAS,ACCENT PHARMACEUTICALS & DIAGNOSTICS,Linea Farmacia,TABLETAS,Medroxiprogesterona,,
37668,MI1290,OXIGENO MEDICINAL,AGA GAS C.A.,Linea Farmacia,,,,
39551,MI44357,FOSFATO DE SODIO MONOBASICO 16 % - FOSFATO DE SODIO DIBASICO 6 %,AIRELA INDUSTRIA FARMACEUTICA LTDA.,Linea Farmacia,,,,
39454,ME38185,CILOSTAL 100 MG X 30 TABLETAS,ALTEA FARMACEUTICA S.A.,Linea Farmacia,TABLETAS,Cilostazol,,
38323,ME43991,LERCANIDIPINO CLOHIDRATO 10 MG X 30 TABLETAS RECUBIERTAS,ANG LIFESCIENCES INDIA LTD,Linea Farmacia,TABLETAS,Lercanidipino,,
38337,ME43531/4,LEVOFLOXACINA 750 MG X 10 TABLETAS RECUBIERTAS,ANG LIFESCIENCES INDIA LTD,Linea Farmacia,TABLETAS,Levofloxacino,,
38335,ME43531/2,LEVOFLOXACINA 750 MG X 5 TABLETAS RECUBIERTAS,ANG LIFESCIENCES INDIA LTD,Linea Farmacia,TABLETAS,Levofloxacino,,
38336,ME43531/3,LEVOFLOXACINA 750 MG X 7 TABLETAS RECUBIERTAS,ANG LIFESCIENCES INDIA LTD,Linea Farmacia,TABLETAS,Levofloxacino,,
38555,ME43990,NIFEDIPINO 10 MG X 30 TABLETAS RECUBIERTAS,ANG LIFESCIENCES INDIA LTD,Linea Farmacia,TABLETAS,Nifedipino,,
37783,ME44654,CLINDAMICINA 300 MG X 16 CAPSULAS,ANMOL HEALTHCARE LABORATORY PVT LTD,Linea Farmacia,CAPSULAS,Clindamicina,,
37974,ME44581/2,DOMPERIDONA 10 MG X 10 TABLETAS,ANMOL HEALTHCARE LABORATORY PVT LTD,Linea Farmacia,TABLETAS,Domperidona,,
37975,ME44581/3,DOMPERIDONA 10 MG X 15 TABLETAS,ANMOL HEALTHCARE LABORATORY PVT LTD,Linea Farmacia,TABLETAS,Domperidona,,
37976,ME44581/4,DOMPERIDONA 10 MG X 30 TABLETAS,ANMOL HEALTHCARE LABORATORY PVT LTD,Linea Farmacia,TABLETAS,Domperidona,,
37730,ME44603,CETIRIZINA 5 MG / 5 ML SOLUCION ORAL,ANTILA LIFESCIENCES PVT. LTD. (GANDHINAGAR),Linea Farmacia,SOLUCION ORAL,Cetirizina,,
39559,ME44305,BIOTADIN 0.2 % SOLUCION OFTALMICA,ARION HEALTHCARE,Linea Farmacia,SOLUCION OFTALMICA,Olopatadina,,
37992,ME44389/2,TAMSULON DUO 0.5 MG - 0.4 MG X 10 CAPSULAS DE LIBERACION PROLONGADA,ASOFARMA S.A.I. Y C,Linea Farmacia,CAPSULAS,Dutasterida - Tamsulosina,,
37993,ME44389/3,TAMSULON DUO 0.5 MG - 0.4 MG X 30 CAPSULAS DE LIBERACION PROLONGADA,ASOFARMA S.A.I. Y C,Linea Farmacia,CAPSULAS,Dutasterida - Tamsulosina,,
38559,ME44261,NISTATINA 100.000 UI / ML SUSPENSION,ASPEN BIOPHARMA LABS PVT. LTD.,Linea Farmacia,SUSPENSION ORAL,Nistatina,,
39511,ME32076,SYMBICORT TURBUHALER 160 MCG - 4.5 MCG / DOSIS X 60 POLVO INHALACION ORAL,ASTRAZENECA A.B,Linea Farmacia,POLVO PARA RECONSTITUCION,Budesonida - Formoterol,,
38470,ME37626,BETALOCZOK 47.5 MG X 30 COMPRIMIDOS DE LIBERACION CONTROLADA,ASTRAZENECA AB.,Linea Farmacia,COMPRIMIDOS,Metoprolol,,
38458,ME36815,METFORMINA 500 MG X 30 TABLETAS RECUBIERTAS,AUROBINDO PHARMA LIMITED,Linea Farmacia,TABLETAS,,,
39582,ME42849,PERMETRINA 5 % LOCION,AUROCHEM LABORATORIES (INDIA) PVT. LTD.,Linea Farmacia,LOCION,Permetrina,,
38656,ME42593,PEROXIDO DE BENZOILO 2.5 % GEL,AUROCHEM LABORATORIES (INDIA) PVT. LTD.,Linea Farmacia,GEL,Benzoilo Peroxido,,
38324,ME44311,LERCANIDIPNO 20 MG X 30 TABLETAS RECUBIERTAS,AXA PARENTERALS LTD,Linea Farmacia,TABLETAS,Lercanidipino,,
37715,ME44129,CEFIXIMA 400 MG X 10 TABLETAS DISPERSABLES,BAROQUE PHARMACEUTICALS PVT. LTD.,Linea Farmacia,TABLETAS,Cefixima,,
38460,ME37538,METFORMINA CLORHIDRATO 500 MG X 30 TABLETAS RECUBIERTAS,BAROQUE PHARMACEUTICALS PVT. LTD.,Linea Farmacia,TABLETAS,Metformina,,
38113,HO36216,EXOMAX 200 MG / 100 ML X 1 AMPOLLA,BAXTER PHARMACEUTICALS INDIA PRIVATE LIMITED,Linea Hospitalaria,INYECTABLE,Fluconazol,,
39464,ME31523,CORASPIRINA 81 MG X 100 TABLETAS CON CUBIERTA ENTERICA,BAYER S.A.,Linea Farmacia,TABLETAS,Acetilsalicilico Acido,,
38992,ME32695,REDOXON ZINC X 100 COMPRIMIDOS EFERVESCENTES,BAYER S.A.,Linea Farmacia,COMPRIMIDOS,Vitamina C - Zinc,,
38716,ME29673,OTIRILIN 4 % - 1 % SOLUCION OTICA,BIOCODEX,Linea Farmacia,SOLUCION OTICA,,,
37640,ME42932/2,VITAMINA C - ZINC 500 MG - 15 MG X 10 TABLETAS MASTICABLES SABOR A MANDARINA,BIONUTREC S.A.S.,Linea Farmacia,TABLETAS,Ascorbico Acido - Zinc,,
37639,ME42932/3,VITAMINA C - ZINC 500 MG - 15 MG X 30 TABLETAS MASTICABLES SABOR A MANDARINA,BIONUTREC S.A.S.,Linea Farmacia,TABLETAS,Ascorbico Acido - Zinc,,
37638,ME42932/4,VITAMINA C - ZINC 500 MG - 15 MG X 60 TABLETAS MASTICABLES SABOR A MANDARINA,BIONUTREC S.A.S.,Linea Farmacia,TABLETAS,Ascorbico Acido - Zinc,,
38179,ME42539,GUAIFENESINA 100 MG / 5 ML SOLUCION ORAL,BIOQUIMICA INTERNACIONAL C.A.,Linea Farmacia,SOLUCION ORAL,Guaifenesina,,
39486,ME43831,LEVODROPROPIZINA 6 MG / ML SOLUCION ORAL,BIOQUIMICA INTERNACIONAL C.A.,Linea Farmacia,SOLUCION ORAL,Levodropropizina,,
38806,ME44260,SUCRALFATO 100 MG / ML SUSPENSION ORAL,BIOQUIMICA INTERNACIONAL C.A.,Linea Farmacia,SOLUCION ORAL,,,
39420,ME35027,ALBENDAZOL 200 MG TABLETAS RECUBIERTAS MASTICABLES,BIOTECH LABORATORIOS C.A.,Linea Farmacia,TABLETAS,Albendazol,,
39032,ME34717,ALIPAL FORTE NOCHE 650 MG - 4 MG X 12 CAPSULAS,BIOTECH LABORATORIOS C.A.,Linea Farmacia,CAPSULAS,Acetaminofen - Clorfeniramina,,
39075,ME40610,ARESAN HCT 20 MG - 12.5 MG X 10 TABLETAS RECUBIERTAS,BIOTECH LABORATORIOS C.A.,Linea Farmacia,TABLETAS,Hidroclorotiazida - Olmesartan Medoxomilo,,
39078,ME43205,ASPIXAN 81 MG X 100 TABLETAS CON RECUBRIMIENTO ENTERICO,BIOTECH LABORATORIOS C.A.,Linea Farmacia,TABLETAS,Acetilsalicilico Acido,,
39095,ME16167,BETADERM CON GENTAMICINA 0.1 % - 0.1 % X 1 CREMA,BIOTECH LABORATORIOS C.A.,Linea Farmacia,CREMA,Betametasona - Gentamicina,,
37570,ME16115,BETAGEN SOLSPEN X 1 AMPOLLA,BIOTECH LABORATORIOS C.A.,Linea Farmacia,INYECTABLE,,,
39113,HO16263/3,BRAL 500 MG / ML X 100 AMPOLLAS,BIOTECH LABORATORIOS C.A.,Linea Hospitalaria,INYECTABLE,Dipirona,,
39114,HO16263/2,BRAL 500 MG / ML X 20 AMPOLLAS,BIOTECH LABORATORIOS C.A.,Linea Hospitalaria,INYECTABLE,Dipirona,,
37682,ME33422/2,CARBATIL 12.5 MG X 10 TABLETAS,BIOTECH LABORATORIOS C.A.,Linea Farmacia,TABLETAS,Carvedilol,,
39136,HO33073,CLORHIDRATO DE MORFINA 10 MG / ML X 10 AMPOLLAS,BIOTECH LABORATORIOS C.A.,Linea Hospitalaria,INYECTABLE,,,
37830,ME38685,COLGESIC 400 MG - 40 MG X 15 COMPRIMIDOS RECUBIERTOS,BIOTECH LABORATORIOS C.A.,Linea Farmacia,COMPRIMIDOS,Ibuprofeno - Tiocolchicosido,,
37866,HO13931,DECALONA 4 MG / ML X 1 AMPOLLA,BIOTECH LABORATORIOS C.A.,Linea Hospitalaria,INYECTABLE,,,
37912,ME10432,DI-EUDRIN 50 MG X 30 TABLETAS,BIOTECH LABORATORIOS C.A.,Linea Farmacia,TABLETAS,Hidroclorotiazida,,
37918,ME35040,DIAGESIC 1.8 MG / ML SUSPENSION ORAL,BIOTECH LABORATORIOS C.A.,Linea Farmacia,SUSPENSION ORAL,,,
37816,ME43585/3,DOPALEN 200 MG X 20 CAPSULAS DE LIBERACION PROLONGADA,BIOTECH LABORATORIOS C.A.,Linea Farmacia,CAPSULAS,Mebeverina,,
37814,ME43585/4,DOPALEN 200 MG X 30 CAPSULAS DE LIBERACION PROLONGADA,BIOTECH LABORATORIOS C.A.,Linea Farmacia,CAPSULAS,Mebeverina,,
38012,ME19381,ERILON 1 MG / ML LOCION,BIOTECH LABORATORIOS C.A.,Linea Farmacia,LOCION,,,
39220,ME38610,FLENOX 30 MG / 5 ML SOLUCION ORAL,BIOTECH LABORATORIOS C.A.,Linea Farmacia,SOLUCION ORAL,Ambroxol,,
39265,ME33620,IVAGAN FORTE X 100 TABLETAS RECUBIERTAS,BIOTECH LABORATORIOS C.A.,Linea Farmacia,TABLETAS,Acetaminofen - Cafeina,,
38307,ME36925/3,LACTBET 3000 U X 20 CAPSULAS,BIOTECH LABORATORIOS C.A.,Linea Farmacia,CAPSULAS,,,
38371,ME22858,LOGANIL 250 MG / 5 ML JARABE,BIOTECH LABORATORIOS C.A.,Linea Farmacia,JARABE,,,
38509,ME39173,MONTRAX 4 MG X 10 TABLETAS MASTICABLES,BIOTECH LABORATORIOS C.A.,Linea Farmacia,TABLETAS,,,
38733,ME43791,RINIFLU 2.5 MG / 5 ML JARABE,BIOTECH LABORATORIOS C.A.,Linea Farmacia,JARABE,Desloratadina,,
39417,ME21870,SAX X 10 SOLUCION,BIOTECH LABORATORIOS C.A.,Linea Farmacia,LOCION,,,
38838,ME18855,TAMOA 250 MG / 5 ML X 6 SUSPENSION,BIOTECH LABORATORIOS C.A.,Linea Farmacia,SUSPENSION ORAL,,,
39393,HO43730,TIOCOLCHICOSIDO 4 MG / 2 ML X 12 AMPOLLAS,BIOTECH LABORATORIOS C.A.,Linea Hospitalaria,INYECTABLE,Tiocolchicosido,,
38497,ME43809,VERNATE 0.05 % CREMA,BIOTECH LABORATORIOS C.A.,Linea Farmacia,CREMA,Clobetasol Propionato,,
39414,ME28666,YONAL 15 MG / 5 ML SOLUCION ORAL,BIOTECH LABORATORIOS C.A.,Linea Farmacia,SOLUCION ORAL,Dextrometorfano,,
39415,ME42111,YONALAT 15 MG - 3 MG / 5 ML SOLUCION ORAL,BIOTECH LABORATORIOS C.A.,Linea Farmacia,SOLUCION ORAL,Clorfeniramina,,
39497,ME42647,CLOTRIMAZOL 200 MG X 3 OVULOS VAGINALES,BLISS GVS PHARMA LTD,Linea Farmacia,OVULOS,Clotrimazol,,
38484,ME43956,METRONIDAZOL - MICONAZOL 750 MG - 200 MG X 6 OVULOS,BLISS GVS PHARMA LTD,Linea Farmacia,OVULOS,Metronidazol - Miconazol,,
38477,ME42530,METRONIDAZOL 500 MG X 10 OVULOS VAGINALES,BLISS GVS PHARMA LTD,Linea Farmacia,OVULOS,Metronidazol,,
38330,ME41919,LEVETIRACETAM 1000 MG X 10 COMPRIMIDOS RECUBIERTOS,BLUEPHARMA - INDUSTRIA FARMACEUTICA S.A.,Linea Farmacia,COMPRIMIDOS,Levetiracetam,,
38118,ME43904,FLUCONAZOL 200 MG TABLETAS RECUBIERTAS,BOEHRINGER INGELHEIM PHARMA GMBH & CO. KG.,Linea Farmacia,TABLETAS,Fluconazol,,
37680,ME43998,CARBAMAZEPINA 400 MG X 30 TABLETAS,BRAWN LABORATORIES LIMITED,Linea Farmacia,TABLETAS,Carbamazepina,,
37418,HO23247,AMIKACINA 500 MG / 2 ML X 1 AMPOLLA,C.A. PRODUCTOS RONAVA,Linea Hospitalaria,INYECTABLE,Amikacina,,
37550,ME20140,BACITRACINA 500 UI - G UNGUENTO,C.A. PRODUCTOS RONAVA,Linea Farmacia,UNGUENTO,Bacitracina,,
39600,ME43973,FLOGAREN 1.16 % GEL,C.A. PRODUCTOS RONAVA,Linea Farmacia,GEL,,,
38764,ME20265,SARIFAN COMPOSITUM 0.01 G - 0.25 G X 20 TABLETAS RECUBIERTAS,C.A. PRODUCTOS RONAVA,Linea Farmacia,TABLETAS,,,
38958,HO26226,VITAMINA B12 5 MG / ML X 1 AMPOLLA,C.A. PRODUCTOS RONAVA,Linea Hospitalaria,INYECTABLE,,,
37727,ME42717,CETIRIZINA CLORHIDRATO 10 MG X 10 TABLETAS RECUBIERTAS,CADILA PHARMACEUTICALS LIMITED,Linea Farmacia,TABLETAS,Cetirizina,,
38298,HO42686,KETOROLACO TROMETAMINA 30 MG / ML X 3 AMPOLLAS,CADILA PHARMACEUTICALS LIMITED,Linea Hospitalaria,INYECTABLE,,,
38863,ME42959,TIMOLOL 0.5 % SOLUCION OFTALMICA,CADILA PHARMACEUTICALS LIMITED,Linea Farmacia,SOLUCION OFTALMICA,Timolol,,
37344,ME44064,ACICLOVIR 5 % CREMA TOPICA,CALOX INTERNATIONAL C.A.,Linea Farmacia,SOLUCION TOPICA,Aciclovir,,
37366,ME38066,ACIDO IBANDRONICO 150 MG X 1 TABLETA RECUBIERTA,CALOX INTERNATIONAL C.A.,Linea Farmacia,TABLETAS,,,
37429,ME39126/2,AMLODIPINA 10 MG X 20 TABLETAS,CALOX INTERNATIONAL C.A.,Linea Farmacia,TABLETAS,,,
37445,ME20104,AMOXICILINA 125 MG / 5 ML POLVO PARA SUSPENSION,CALOX INTERNATIONAL C.A.,Linea Farmacia,POLVO PARA RECONSTITUCION,Amoxicilina,,
37440,ME20340/3,AMOXICILINA 500 MG X 10 CAPSULAS,CALOX INTERNATIONAL C.A.,Linea Farmacia,CAPSULAS,Amoxicilina,,
37441,ME20340/4,AMOXICILINA 500 MG X 12 CAPSULAS,CALOX INTERNATIONAL C.A.,Linea Farmacia,CAPSULAS,Amoxicilina,,
37442,ME20340/2,AMOXICILINA 500 MG X 6 CAPSULAS,CALOX INTERNATIONAL C.A.,Linea Farmacia,CAPSULAS,Amoxicilina,,
37471,ME43410/2,ANTAAR 1.25 MG X 10 TABLETAS RECUBIERTAS,CALOX INTERNATIONAL C.A.,Linea Farmacia,TABLETAS,,,
39057,ME41982,ANTAAR HCT 2.5 MG - 6.25 MG X 30 TABLETAS,CALOX INTERNATIONAL C.A.,Linea Farmacia,TABLETAS,Hidroclorotiazida,,
39080,ME19620,ATAMEL 100 MG / ML SOLUCION ORAL,CALOX INTERNATIONAL C.A.,Linea Farmacia,SOLUCION ORAL,Acetaminofen,,
37512,ME25816,ATENOLOL 100 MG X 30 TABLETAS,CALOX INTERNATIONAL C.A.,Linea Farmacia,TABLETAS,Atenolol,,
37513,ME25817,ATENOLOL 50 MG X 30 TABLETAS,CALOX INTERNATIONAL C.A.,Linea Farmacia,TABLETAS,Atenolol,,
37591,ME36891,BISOPROLOL FUMARATO - HIDROCLOROTIAZIDA 5 MG - 6.25 MG X 30 TABLETAS,CALOX INTERNATIONAL C.A.,Linea Farmacia,TABLETAS,Bisoprolol - Hidroclorotiazida,,
37671,ME25738/2,CAPTOPRIL 25 MG X 20 TABLETAS,CALOX INTERNATIONAL C.A.,Linea Farmacia,TABLETAS,Captopril,,
37714,ME44329,CEFIXIMA 400 MG X 5 TABLETAS RECUBIERTAS,CALOX INTERNATIONAL C.A.,Linea Farmacia,TABLETAS,Cefixima,,
37722,ME41586,CELECOXIB 200 MG X 10 CAPSULAS,CALOX INTERNATIONAL C.A.,Linea Farmacia,CAPSULAS,Celecoxib,,
37755,ME27827/4,CIPROFLOXACINA 500 MG X 10 TABLETAS RECUBIERTAS,CALOX INTERNATIONAL C.A.,Linea Farmacia,TABLETAS,,,
37758,ME27827/2,CIPROFLOXACINA 500 MG X 5 TABLETAS RECUBIERTAS,CALOX INTERNATIONAL C.A.,Linea Farmacia,TABLETAS,,,
37756,ME27827/3,CIPROFLOXACINA 500 MG X 6 TABLETAS RECUBIERTAS,CALOX INTERNATIONAL C.A.,Linea Farmacia,TABLETAS,,,
37763,ME35266,CITALOPRAM 40 MG X 10 TABLETAS RECUBIERTAS,CALOX INTERNATIONAL C.A.,Linea Farmacia,TABLETAS,Citalopram,,
37767,ME36822/2,CITRATO DE CALCIO 1190 MG X 30 TABLETAS MASTICABLES SABOR A MANDARINA,CALOX INTERNATIONAL C.A.,Linea Farmacia,TABLETAS,,,
37766,ME36822/3,CITRATO DE CALCIO 1190 MG X 60 TABLETAS MASTICABLES SABOR A MANDARINA,CALOX INTERNATIONAL C.A.,Linea Farmacia,TABLETAS,,,
37792,ME38584,CLONAZEPAM 0.5 MG X 30 TABLETAS,CALOX INTERNATIONAL C.A.,Linea Farmacia,TABLETAS,Clonazepam,,
37793,ME38585,CLONAZEPAM 2 MG X 30 TABLETAS,CALOX INTERNATIONAL C.A.,Linea Farmacia,TABLETAS,Clonazepam,,
37821,ME43020,CLOTRIMAZOL 200 MG CAPSULAS BLANDAS VAGINALES,CALOX INTERNATIONAL C.A.,Linea Farmacia,CAPSULAS,Clotrimazol,,
37906,ME44066,DEXKETOPROFENO 25 MG / 10 ML X 20 SOLUCION ORAL,CALOX INTERNATIONAL C.A.,Linea Farmacia,SOLUCION ORAL,Dexketoprofeno Trometamol,,
38945,ME43348/3,DIOSMINA - HESPERIDINA 450 MG - 50 MG X 30 CAPSULAS BLANDAS,CALOX INTERNATIONAL C.A.,Linea Farmacia,CAPSULAS,Hesperidina,,
37956,ME36420,DIOSMINA - HESPERIDINA 450 MG - 50 MG X 30 TABLETAS RECUBIERTAS,CALOX INTERNATIONAL C.A.,Linea Farmacia,TABLETAS,Diosmina - Hesperidina,,
37955,ME38177/4,DIOSMINA 600 MG X 30 TABLETAS RECUBIERTAS,CALOX INTERNATIONAL C.A.,Linea Farmacia,TABLETAS,Diosmina,,
39169,ME39525/3,DOL FORTE 500 MG - 65 MG X 10 TABLETAS,CALOX INTERNATIONAL C.A.,Linea Farmacia,TABLETAS,Acetaminofen - Cafeina,,
39170,ME39525/2,DOL FORTE 500 MG - 65 MG X 4 TABLETAS,CALOX INTERNATIONAL C.A.,Linea Farmacia,TABLETAS,Acetaminofen - Cafeina,,
37967,ME26655/2,DOL X 4 TABLETAS RECUBIERTAS,CALOX INTERNATIONAL C.A.,Linea Farmacia,TABLETAS,Acetaminofen - Cafeina,,
39195,ME41759,DOLGRIP X 10 CAPSULAS,CALOX INTERNATIONAL C.A.,Linea Farmacia,CAPSULAS,Acetaminofen - Cafeina,,
37985,ME20337,DOXICICLINA 100 MG X 10 CAPSULAS,CALOX INTERNATIONAL C.A.,Linea Farmacia,CAPSULAS,Doxiciclina,,
38004,ME26416/2,ENALAPRIL 20 MG X 20 TABLETAS,CALOX INTERNATIONAL C.A.,Linea Farmacia,TABLETAS,Enalapril,,
38021,ME38504/3,ESCITALOPRAM 10 MG X 30 TABLETAS RECUBIERTAS,CALOX INTERNATIONAL C.A.,Linea Farmacia,TABLETAS,,,
38023,ME41771/3,ESCITALOPRAM 20 MG X 30 TABLETAS RECUBIERTAS,CALOX INTERNATIONAL C.A.,Linea Farmacia,TABLETAS,Escitalopram,,
38086,ME1319/2,FESTAL (PANCREATINA DE ORIGEN PORCINO) X 10 GRAGEAS,CALOX INTERNATIONAL C.A.,Linea Farmacia,GRAGEAS,,,
38087,ME1319/3,FESTAL (PANCREATINA DE ORIGEN PORCINO) X 20 GRAGEAS,CALOX INTERNATIONAL C.A.,Linea Farmacia,GRAGEAS,,,
38088,ME36163,FEXOFENADINA CLORHIDRATO 180 MG X 10 TABLETAS RECUBIERTAS,CALOX INTERNATIONAL C.A.,Linea Farmacia,TABLETAS,Fexofenadina,,
38128,ME28948,FLUOXETINA 20 MG X 28 CAPSULAS,CALOX INTERNATIONAL C.A.,Linea Farmacia,CAPSULAS,Fluoxetina,,
39517,ME32507,GLICLAZIDA 80 MG X 20 TABLETAS,CALOX INTERNATIONAL C.A.,Linea Farmacia,TABLETAS,Gliclazida,,
39244,ME15830,HEXOMEDINE 1 MG - 0.5 MG / ML COLUTORIO AEROSOL,CALOX INTERNATIONAL C.A.,Linea Farmacia,INHALACION,Lidocaina,,
38974,ME36327,HISTAGRIP FORTE X 10 TABLETAS RECUBIERTAS,CALOX INTERNATIONAL C.A.,Linea Farmacia,TABLETAS,Acetaminofen - Pseudoefedrina,,
39254,ME34966,IBUCAF 200 MG - 30 MG X 10 TABLETAS,CALOX INTERNATIONAL C.A.,Linea Farmacia,TABLETAS,Cafeina - Ibuprofeno,,
38258,ME36807,IRBESARTAN -HIDROCLOROTIAZIDA 150 MG -12.5 MG X 28 TABLETAS,CALOX INTERNATIONAL C.A.,Linea Farmacia,TABLETAS,,,
38257,ME35908/2,IRBESARTAN 300 MG X 10 TABLETAS,CALOX INTERNATIONAL C.A.,Linea Farmacia,TABLETAS,Irbesartan,,
38284,HO35019/2,KETOPROFENO 100 MG / 2 ML X 1 AMPOLLA,CALOX INTERNATIONAL C.A.,Linea Hospitalaria,INYECTABLE,Ketoprofeno,,
38286,HO35019/4,KETOPROFENO 100 MG / 2 ML X 10 AMPOLLAS,CALOX INTERNATIONAL C.A.,Linea Hospitalaria,INYECTABLE,Ketoprofeno,,
38285,HO35019/3,KETOPROFENO 100 MG / 2 ML X 2 AMPOLLAS,CALOX INTERNATIONAL C.A.,Linea Hospitalaria,INYECTABLE,Ketoprofeno,,
38287,HO35019/5,KETOPROFENO 100 MG / 2 ML X 20 AMPOLLAS,CALOX INTERNATIONAL C.A.,Linea Hospitalaria,INYECTABLE,Ketoprofeno,,
38384,ME27529/3,LORATADINA 10 MG X 20 TABLETAS,CALOX INTERNATIONAL C.A.,Linea Farmacia,TABLETAS,Loratadina,,
38405,ME36110/2,LOSARTAN POTASICO - HIDROCLOROTIZADA 100 MG - 25 MG X 10 TABLETAS RECUBIERTAS,CALOX INTERNATIONAL C.A.,Linea Farmacia,TABLETAS,Hidroclorotiazida - Losartan,,
38438,ME33048,MELOXICAM 15 MG X 10 TABLETAS,CALOX INTERNATIONAL C.A.,Linea Farmacia,TABLETAS,Meloxicam,,
38461,ME32508/3,METFORMINA CLORHIDRATO 850 MG X 30 TABLETAS,CALOX INTERNATIONAL C.A.,Linea Farmacia,TABLETAS,,,
38506,ME35286,MONTELUKAST 5 MG X 30 TABLETAS MASTICABLES,CALOX INTERNATIONAL C.A.,Linea Farmacia,TABLETAS,Montelukast,,
38564,ME44220/2,NITROFURANTOINA 50 MG X 10 TABLETAS RECUBIERTAS,CALOX INTERNATIONAL C.A.,Linea Farmacia,TABLETAS,,,
38596,ME27785/3,OMEPRAZOL 20 MG X 10 CAPSULAS CON MICROGRANULOS ENTERICOS,CALOX INTERNATIONAL C.A.,Linea Farmacia,CAPSULAS,,,
38599,ME27785/6,OMEPRAZOL 20 MG X 30 CAPSULAS CON MICROGRANULOS ENTERICOS,CALOX INTERNATIONAL C.A.,Linea Farmacia,CAPSULAS,,,
38600,ME27785/2,OMEPRAZOL 20 MG X 7 CAPSULAS CON MICROGRANULOS ENTERICOS,CALOX INTERNATIONAL C.A.,Linea Farmacia,CAPSULAS,,,
38663,ME37698/2,PINAVERIUM BROMURO 100 MG X 20 TABLETAS RECUBIERTAS,CALOX INTERNATIONAL C.A.,Linea Farmacia,TABLETAS,,,
38664,ME37698/3,PINAVERIUM BROMURO 100 MG X 30 TABLETAS RECUBIERTAS,CALOX INTERNATIONAL C.A.,Linea Farmacia,TABLETAS,,,
38691,ME12419/4,PREDNISONA 5 MG X 100 TABLETAS,CALOX INTERNATIONAL C.A.,Linea Farmacia,TABLETAS,Prednisona,,
38721,ME31884,RANITIDINA 300 MG X 10 TABLETAS,CALOX INTERNATIONAL C.A.,Linea Farmacia,TABLETAS,Ranitidina,,
39302,ME32763,SECNIDAZOL 500 MG X 10 TABLETAS,CALOX INTERNATIONAL C.A.,Linea Farmacia,TABLETAS,Secnidazol Anhidro,,
39584,ME30367,SULTAMICILINA 250 MG / 5 ML POLVO PARA SUSPENSION ORAL,CALOX INTERNATIONAL C.A.,Linea Farmacia,POLVO PARA RECONSTITUCION,,,
39506,ME37839,TERBINAFINA CLORHIDRATO 1 % CREMA,CALOX INTERNATIONAL C.A.,Linea Farmacia,CREMA,Terbinafina,,
39157,HO1278,TIMOGLOBULINA (INMUNOGLOBULINA DE CONEJO ANTITIMOCITOS HUMANOS) 5 MG / ML X 3 AMPOLLAS,CALOX INTERNATIONAL C.A.,Linea Hospitalaria,INYECTABLE,Inmunoglobulina Conejo Antitimocitos Humanos,,
39394,HO37915,TIOCOLCHICOSIDO 4 MG / 2 ML X 12 AMPOLLAS,CALOX INTERNATIONAL C.A.,Linea Hospitalaria,INYECTABLE,Tiocolchicosido,,
38929,ME35526/2,VALSARTAN - HIDROCLOROTIAZIDA 80 MG - 12.5 MG X 10 TABLETAS RECUBIERTAS,CALOX INTERNATIONAL C.A.,Linea Farmacia,TABLETAS,Hidroclorotiazida - Valsartan,,
38922,ME35562/3,VALSARTAN - HIDROCLOROTIAZIDA 80 MG - 12.5 MG X 20 TABLETAS RECUBIERTAS,CALOX INTERNATIONAL C.A.,Linea Farmacia,TABLETAS,,,
38923,ME35562/5,VALSARTAN - HIDROCLOROTIAZIDA 80 MG - 12.5 MG X 30 TABLETAS RECUBIERTAS,CALOX INTERNATIONAL C.A.,Linea Farmacia,TABLETAS,,,
38192,ME36876,VALSARTAN -HIDROCLOROTIAZIDA 160 MG-25 MG X 20 TABLETAS RECUBIERTAS,CALOX INTERNATIONAL C.A.,Linea Farmacia,TABLETAS,,,
37734,ME33334/2,VITAMINA C 500 MG X 15 TABLETAS MASTICABLES SABOR A PINA,CALOX INTERNATIONAL C.A.,Linea Farmacia,TABLETAS,,,
37735,ME33334/3,VITAMINA C 500 MG X 30 TABLETAS MASTICABLES SABOR A PINA,CALOX INTERNATIONAL C.A.,Linea Farmacia,TABLETAS,,,
37343,ME42505,ACICLOVIR 400 MG X 100 TABLETAS,CAPLIN POINT LABORATORIES LIMITED,Linea Farmacia,TABLETAS,Aciclovir,,
37901,HO42510,DEXAMETASONA FOSFATO SODICO 4 MG / ML SOLUCION INYECTABLE,CAPLIN POINT LABORATORIES LIMITED,Linea Hospitalaria,INYECTABLE,,,
38467,HO44684,METOCLOPRAMIDA 10 MG / 2 ML X 3 AMPOLLAS,CASA DE REPRESENTACIONES JMW C.A.,Linea Hospitalaria,INYECTABLE,Metoclopramida,,
39426,ME1482,ANGIOFLUX (SULODEXIDA) 250 LSU X 25 CAPSULAS BLANDAS,CATALENT ITALY S.P.A,Linea Farmacia,CAPSULAS,Sulodexida,,
38876,ME37412,TOBRAMICINA 300 MG / 5 ML SOLUCION PARA INHALACION,CATALENT PHARMA SOLUTIONS LLC. USA,Linea Farmacia,INHALACION,Tobramicina,,
38200,ME1384,HIRUDOID (POLISULFATO DE MUCOPOLISACARIDO) 25.000 UI / 100 G GEL,CIFARMA S.A.C,Linea Farmacia,GEL,,,
37546,ME42509,AZITROMICINA 200 MG / 5 ML SUSPENSION ORAL,COOPER PHARMA LTD,Linea Farmacia,SUSPENSION ORAL,Azitromicina,,
37547,ME42465,AZITROMICINA 500 MG X 5 TABLETAS RECUBIERTAS,COOPER PHARMA LTD,Linea Farmacia,TABLETAS,,,
38311,ME42689,LAMOTRIGINA 100 MG X 30 TABLETAS RECUBIERTAS,COOPER PHARMA LTD,Linea Farmacia,TABLETAS,Lamotrigina,,
37381,ME43288,ALBENDAZOL 400 MG X 10 TABLETAS MASTICABLES,CORAL LABORATORIES LTD,Linea Farmacia,TABLETAS,Albendazol,,
37818,HO37055,CLORURO DE POTASIO 2 MEQ / ML SOLUCION INYECTABLE,CORPAUL COLOMBIA,Linea Hospitalaria,INYECTABLE,,,
39437,ME36689,AZITROMICINA 500 MG X 3 TABLETA RECUBIERTA,CORPORACION INFARMASA S.A.,Linea Farmacia,TABLETAS,Azitromicina,,
38469,ME36811,METOCLOPRAMIDA 10 MG X 10 TABLETAS,CORPORACION INFARMASA S.A.,Linea Farmacia,TABLETAS,Metoclopramida,,
37902,HO42502,DEXAMETASONA FOSFATO SODICO 8 MG / 2 ML SOLUCION INYECTABLE,DEUTSCHE LABS. INC.,Linea Hospitalaria,INYECTABLE,,,
39501,ME42489,ESOFLUX 20 MG X 30 TABLETAS CON RECUBRIMIENTO ENTERICO,DEUTSCHE LABS. INC.,Linea Farmacia,TABLETAS,Esomeprazol Magnesico,,
39561,ME42565,PATFLUX 40 MG X 1 TABLETA CON RECUBRIMIENTO ENTERICO,DEUTSCHE LABS. INC.,Linea Farmacia,TABLETAS,Pantoprazol,,
38633,HO41149,PALONOSETRON 0.25 MG / 5 ML SOLUCION INYECTABLE,DIF S.A.,Linea Hospitalaria,INYECTABLE,Palonosetron,,
39484,ME43166,IBUVIN 600 MG X 20 CAPSULAS BLANDAS,DROMEX S.R.L.,Linea Farmacia,CAPSULAS,Ibuprofeno,,
37709,ME40269,CEFALEXINA 125 MG / 5 ML POLVO PARA SUSPENSION ORAL,EMPRESA FARMACEUTICA 8 DE MARZO,Linea Farmacia,POLVO PARA RECONSTITUCION,Cefalexina,,
37720,HO29420,CEFTRIAXONA 1 G POLVO PARA SOLUCION INYECTABLE,EMPRESA FARMACEUTICA 8 DE MARZO,Linea Hospitalaria,INYECTABLE,Ceftriaxona,,
38566,ME34437,NITROFURAZONA 0.2 % CREMA,EMPRESA LABORATORIO FARMACEUTICO ROBERTO ESCUDERO UNIDAD EMPRESARIAL DE BASE (UEB) PRODUCCION DE SEMISOLIDOS,Linea Farmacia,CREMA,Nitrofurazona,,
38185,HO32537,HALOPERIDOL 5 MG / ML X 30 AMPOLLAS,EMPRESA LABORATORIOS AICA,Linea Hospitalaria,INYECTABLE,Haloperidol,,
38353,HO32824,LIDOCAINA - EPINEFRINA 2 % - 1:50.000 SOLUCION INYECTABLE,EMPRESA LABORATORIOS AICA,Linea Hospitalaria,INYECTABLE,,,
38617,HO37763/2,ONDANSETRON 8 MG / 4 ML X 1 AMPOLLA,EMPRESA LABORATORIOS AICA,Linea Hospitalaria,INYECTABLE,,,
38618,HO37763/3,ONDANSETRON 8 MG / 4 ML X 5 AMPOLLAS,EMPRESA LABORATORIOS AICA,Linea Hospitalaria,INYECTABLE,,,
38650,HO38517,PENTOXIFILINA 300 MG / 15 ML X 5 AMPOLLAS,EMPRESA LABORATORIOS AICA,Linea Hospitalaria,INYECTABLE,Pentoxifilina,,
38810,HO37696,SULFATO DE MAGNESIO 10 % SOLUCION INYECTABLE,EMPRESA LABORATORIOS AICA,Linea Hospitalaria,INYECTABLE,Citrato Magnesio,,
37328,ME34148/2,ACETAZOLAMIDA 250 MG X 10 TABLETAS,EMPRESA LABORATORIOS MEDSOL,Linea Farmacia,TABLETAS,Acetazolamida,,
37327,ME34148/3,ACETAZOLAMIDA 250 MG X 20 TABLETAS,EMPRESA LABORATORIOS MEDSOL,Linea Farmacia,TABLETAS,Acetazolamida,,
37522,ME37775,ATORVASTATINA 20 MG X 30 TABLETAS RECUBIERTAS,EMPRESA LABORATORIOS MEDSOL,Linea Farmacia,TABLETAS,,,
37805,ME37534,CLOPIDOGREL 75 MG X 30 TABLETAS RECUBIERTAS,EMPRESA LABORATORIOS MEDSOL,Linea Farmacia,TABLETAS,,,
38452,ME37735,CLORHIDRATO DE METFORMINA 500 MG X 30 TABLETAS RECUBIERTAS,EMPRESA LABORATORIOS MEDSOL,Linea Farmacia,TABLETAS,Metformina,,
37817,ME34033,CLORTALIDONA 25 MG X 30 TABLETAS,EMPRESA LABORATORIOS MEDSOL,Linea Farmacia,TABLETAS,Clortalidona,,
38531,ME34793,NAPROXENO 250 MG X 10 TABLETAS,EMPRESA LABORATORIOS MEDSOL,Linea Farmacia,TABLETAS,Naproxeno,,
39562,ME34155,PENTOXIFILINA 400 MG X 30 TABLETAS RECUBIERTAS DE LIBERACION PROLONGADA,EMPRESA LABORATORIOS MEDSOL,Linea Farmacia,TABLETAS,Pentoxifilina,,
37787,ME33581,CLOFEN 1.8 MG / ML SUSPENSION ORAL,ESPECIALIDADES DOLLDER C.A.,Linea Farmacia,SUSPENSION ORAL,,,
39490,ME38932/2,DOLAK 30 MG X 1 COMPRIMIDO SUBLINGUAL,ESPECIALIDADES DOLLDER C.A.,Linea Farmacia,COMPRIMIDOS,,,
39491,ME38932/3,DOLAK 30 MG X 2 COMPRIMIDOS SUBLINGUALES,ESPECIALIDADES DOLLDER C.A.,Linea Farmacia,COMPRIMIDOS,,,
38843,ME36676/2,TAMSULOSINA HCL 0.4 MG CAPSULAS DE LIBERACION PROGRAMADA X 10 CAPSULAS,ESPECIALIDADES DOLLDER C.A.,Linea Farmacia,CAPSULAS,Tamsulosina,,
38842,ME36676/3,TAMSULOSINA HCL 0.4 MG CAPSULAS DE LIBERACION PROGRAMADA X 30 CAPSULAS,ESPECIALIDADES DOLLDER C.A.,Linea Farmacia,CAPSULAS,Tamsulosina,,
37678,ME28957,CARBAMAZEPINA 200 MG X 30 TABLETAS,ESPROMED BIO C.A.,Linea Farmacia,TABLETAS,Carbamazepina,,
38202,ME41648,HISTIVERT 16 MG X 30 COMPRIMIDOS,EUROFARMA LABORATORIOS S.A.,Linea Farmacia,COMPRIMIDOS,Betahistina,,
38332,HO37449,LEVOFLOXACINA 500 MG / 100 ML SOLUCION PARA INFUSION INTRAVENOSA,EUROFARMA LABORATORIOS S.A.,Linea Hospitalaria,INYECTABLE,Levofloxacino,,
39459,ME44198,CLOBETASOL PROPIONATO 0.05 % CREMA,FAREVA VILLA RICA S.A.S.,Linea Farmacia,CREMA,Clobetasol Propionato,,
37480,ME44489,APITENA 2.5 MG X 30 COMPRIMIDOS RECUBIERTOS,FARMACEUTICA PARAGUAYA S.A.,Linea Farmacia,COMPRIMIDOS,Apixaban,,
37704,ME30368,CEFADROXILO 500 MG X 10 CAPSULAS,FARMACOOP LTDA.,Linea Farmacia,CAPSULAS,,,
37711,HO44435,CEFAZOLINA 1 G X 10 AMPOLLAS,FARMALOGICA S.A.,Linea Hospitalaria,INYECTABLE,Cefazolina,,
37927,HO36803/2,DICLOFENACO SODICO 75 MG / 3 ML X 1 AMPOLLA,FARMIONNI SCALPI S.A.,Linea Hospitalaria,INYECTABLE,Diclofenaco,,
37928,HO36803/3,DICLOFENACO SODICO 75 MG / 3 ML X 10 AMPOLLAS,FARMIONNI SCALPI S.A.,Linea Hospitalaria,INYECTABLE,Diclofenaco,,
37960,ME37926,PENTASA 500 MG X 30 COMPRIMIDOS DE LIBERACION PROLONGADA,FERRING INTERNATIONAL CENTER S.A.,Linea Farmacia,COMPRIMIDOS,Mesalazina,,
37984,ME43060,DOXICICLINA 100 MG X 10 CAPSULAS,FLAMINGO PHARMACEUTICALS LTD,Linea Farmacia,CAPSULAS,Doxiciclina Hiclato,,
38464,ME42625,METFORMINA CLORHIDRATO 1000 MG X 30 TABLETAS RECUBIERTAS,FLAMINGO PHARMACEUTICALS LTD,Linea Farmacia,TABLETAS,,,
39228,ME43741,GEMKAST 10 MG X 30 TABLETAS RECUBIERTAS,GEMA LABS C.A.,Linea Farmacia,TABLETAS,Montelukast,,
39260,ME43610,IRGEM 150 MG X 30 TABLETAS,GEMA LABS C.A.,Linea Farmacia,TABLETAS,Irbesartan,,
39303,ME44313,MIDOL 500 MG X 10 TABLETAS,GEMA LABS C.A.,Linea Farmacia,TABLETAS,Acetaminofen,,
39304,ME44314,MIDOL FORTE 650 MG X 10 TABLETAS,GEMA LABS C.A.,Linea Farmacia,TABLETAS,Acetaminofen,,
39384,ME44195/2,TARVINA 20 MG X 10 TABLETAS RECUBIERTAS,GEMA LABS C.A.,Linea Farmacia,TABLETAS,Atorvastatina,,
39385,ME44195/3,TARVINA 20 MG X 30 TABLETAS RECUBIERTAS,GEMA LABS C.A.,Linea Farmacia,TABLETAS,Atorvastatina,,
39386,ME44196,TARVINA 40 MG X 10 TABLETAS RECUBIERTAS,GEMA LABS C.A.,Linea Farmacia,TABLETAS,Atorvastatina,,
38014,ME37000,ERITROMICINA 500 MG X 10 TABLETAS RECUBIERTAS,GENFAR S.A.,Linea Farmacia,TABLETAS,Eritromicina,,
38386,ME28201,LORATADINA 5 MG / 5 ML JARABE,GENVEN GENERICOS VENEZOLANOS S.A.,Linea Farmacia,JARABE,Loratadina,,
38198,HO35867,BUTILBROMURO DE HIOSCINA 20 MG / ML SOLUCION INYECTABLE,GLAND PHARMA LIMITED,Linea Hospitalaria,INYECTABLE,,,
38763,ME16041,SALBUTAN 100 MCG / DOSIS X 200 SUSPENSION PARA INHALACION ORAL,GLAXO WELLCOME S.A.,Linea Farmacia,SUSPENSION ORAL,,,
38644,ME34116,PAXIL CR 25 MG X 30 TABLETAS DE LIBERACION CONTROLADA,GLAXOSMITHKLINE INC,Linea Farmacia,TABLETAS,Paroxetina,,
38422,ME38235,GLETOP 20 MG X 60 TABLETAS CON CUBIERTA ENTERICA,GLENMARK PHARMACEUTICALS LIMITED,Linea Farmacia,TABLETAS,Esomeprazol Magnesio Trihidrato,,
37347,HO44464,ACIDO ASCORBICO 500 MG / 5 ML SOLUCION INYECTABLE,GUIZHOU TIANDI PHARMACEUTICAL CO. LTD,Linea Hospitalaria,INYECTABLE,Ascorbico Acido,,
39510,HO43429,FLUCONAZOL 200 MG / 100 ML SOLUCION PARA INFUSION,HEBEI TIANCHENG PHARMACEUTICALS CO. LTD,Linea Hospitalaria,INYECTABLE,Fluconazol,,
37987,ME42749,DULOXETINA 60 MG X 28 TABLETAS GASTRORRESISTENTES,HIRAL LABS LIMITED,Linea Farmacia,TABLETAS,Duloxetina,,
38351,ME43141,LEVOTIROXINA SODICA 50 MCG X 50 TABLETAS,HIRAL LABS LIMITED,Linea Farmacia,TABLETAS,Levotiroxina,,
38752,ME42676,ROSUVASTATINA 10 MG X 30 TABLETAS RECUBIERTAS,HIRAL LABS LIMITED,Linea Farmacia,TABLETAS,Rosuvastatina,,
38786,ME43842,SERTRALINA 50 MG X 14 TABLETAS RECUBIERTAS,HIRAL LABS LIMITED,Linea Farmacia,TABLETAS,Sertralina,,
38823,ME44534,TACROLIMUS 0.03 % UNGUENTO,HIRAL LABS LIMITED,Linea Farmacia,UNGUENTO,Tacrolimus,,
38965,ME44099/2,VITAMINA C 500 MG X 10 TABLETAS MASTICABLES SABOR A NARANJA,HIRAL LABS LIMITED,Linea Farmacia,TABLETAS,Vitamina C,,
38963,ME44099/3,VITAMINA C 500 MG X 15 TABLETAS MASTICABLES SABOR A NARANJA,HIRAL LABS LIMITED,Linea Farmacia,TABLETAS,Vitamina C,,
38964,ME44099/4,VITAMINA C 500 MG X 30 TABLETAS MASTICABLES SABOR A NARANJA,HIRAL LABS LIMITED,Linea Farmacia,TABLETAS,Vitamina C,,
39450,ME44027,NAFAZOLINA CLORHIDRATO 0.012 % SOLUCION OFTALMICA,INDIANA OPHTHALMICS,Linea Farmacia,SOLUCION OFTALMICA,Nafazolina,,
38683,ME43177,PREDNISOLONA ACETATO 1 % SUSPENSION OFTALMICA,INDIANA OPHTHALMICS,Linea Farmacia,SOLUCION OFTALMICA,Prednisolona,,
37685,ME1642,CARBONATO DE LITIO 300 MG X 20 CAPSULAS,INDUSTRIAS DE MEDICAMENTOS GENERICOS R.X. C.A.,Linea Farmacia,CAPSULAS,Litio,,
38954,ME41583,DARLIDE 1.000 UI X 100 CAPSULAS BLANDAS,INDUSTRIAS INTERCAPS DE VENEZUELA C.A.,Linea Farmacia,CAPSULAS,Vitamina D3,,
38962,ME44594/3,DEROVIT 5000 UI X 100 CAPSULAS BLANDAS,INDUSTRIAS INTERCAPS DE VENEZUELA C.A.,Linea Farmacia,CAPSULAS,Vitamina D3,,
38961,ME44594/2,DEROVIT 5000 UI X 60 CAPSULAS BLANDAS,INDUSTRIAS INTERCAPS DE VENEZUELA C.A.,Linea Farmacia,CAPSULAS,Vitamina D3,,
38775,ME37708,SELENE 100 UI - 70 MCG X 60 CAPSULAS BLANDAS,INDUSTRIAS INTERCAPS DE VENEZUELA C.A.,Linea Farmacia,CAPSULAS,Selenio - Vitamina A,,
39431,ME34821,ULTRAFEN FORTE 650 MG X 10 CAPSULAS BLANDAS,INDUSTRIAS INTERCAPS DE VENEZUELA C.A.,Linea Farmacia,CAPSULAS,Acetaminofen,,
38973,ME27330,VITAMINA E 100 MG X 60 CAPSULAS BLANDAS,INDUSTRIAS INTERCAPS DE VENEZUELA C.A.,Linea Farmacia,CAPSULAS,,,
39440,HO37882,PREDNIDET 500 MG X 1 AMPOLLA,INSTITUTO BIOLOGICO CONTEMPORANEO S.A.,Linea Hospitalaria,INYECTABLE,Metilprednisolona,,
38328,ME37661,LETROZOL 2.5 MG X 30 TABLETAS RECUBIERTAS,INTAS PHARMACEUTICAS LTD. INDIA,Linea Farmacia,TABLETAS,Letrozol,,
39453,ME44550,CIBROLIP 100 MG X 30 CAPSULAS,INTECH HEALTHCARE,Linea Farmacia,CAPSULAS,,,
38931,ME44465,VALSARTAN 160 MG X 30 TABLETAS RECUBIERTAS,JIANGSU PENGYAO PHARMACEUTICAL CO. LTD,Linea Farmacia,TABLETAS,Valsartan,,
37335,ME43512,ACICLOVIR CREMA 5 %,JIANGXI SYNERGY PHARMACEUTICAL CO. LTD,Linea Farmacia,CREMA,Aciclovir - Parafina Blanda - Sodio Hidrogeno Carbonato,,
39427,ME43734,ARIPIPRAZOL 15 MG X 30 TABLETAS,JIANGXI SYNERGY PHARMACEUTICAL CO. LTD,Linea Farmacia,TABLETAS,Aripiprazol,,
37679,ME43783,CARBAMAZEPINA 200 MG X 30 TABLETAS,JIANGXI SYNERGY PHARMACEUTICAL CO. LTD,Linea Farmacia,TABLETAS,Carbamazepina,,
38103,ME44088,FLAVOXATO 200 MG X 30 TABLETAS RECUBIERTAS,JIANGXI SYNERGY PHARMACEUTICAL CO. LTD,Linea Farmacia,TABLETAS,Flavoxato,,
38115,ME43733,FLUCONAZOL 150 MG X 2 CAPSULAS,JIANGXI SYNERGY PHARMACEUTICAL CO. LTD,Linea Farmacia,CAPSULAS,Fluconazol - Gelatina,,
38262,ME44504,ITRASEC 33.33 MG – 166.66 MG X 12 CAPSULAS,JIANGXI SYNERGY PHARMACEUTICAL CO. LTD,Linea Farmacia,CAPSULAS,Itraconazol - Secnidazol Anhidro,,
38294,HO43918,KETOPROFENO 50 MG / ML SOLUCION INYECTABLE,JIANGXI SYNERGY PHARMACEUTICAL CO. LTD,Linea Hospitalaria,INYECTABLE,Ketoprofeno,,
38333,ME43817,LEVOFLOXACINO 500 MG X 10 TABLETAS RECUBIERTAS,JIANGXI SYNERGY PHARMACEUTICAL CO. LTD,Linea Farmacia,TABLETAS,Levofloxacino,,
39540,ME44316,MAXIFURFORTE 100 MG X 30 CAPSULAS,JIANGXI SYNERGY PHARMACEUTICAL CO. LTD,Linea Farmacia,CAPSULAS,,,
38802,ME44367,METFORMINA CLORHIDRATO - SITAGLIPTINA 850 MG - 50 MG X 28 TABLETAS RECUBIERTAS,JIANGXI SYNERGY PHARMACEUTICAL CO. LTD,Linea Farmacia,TABLETAS,Metformina - Sitagliptina,,
38629,ME43862,OXCARBAZEPINA 300 MG X 30 TABLETAS RECUBIERTAS,JIANGXI SYNERGY PHARMACEUTICAL CO. LTD,Linea Farmacia,TABLETAS,Oxcarbazepina,,
38988,ME44211,PRAMIPEXOL 1 MG X 28 TABLETAS,JIANGXI SYNERGY PHARMACEUTICAL CO. LTD,Linea Farmacia,TABLETAS,Citrato Magnesio - Manitol - Povidona - Pramipexol,,
37438,ME43040,AMOXICILINA 500 MG X 10 CAPSULAS,JIANGXI XIER KANGTAI PHARMACEUTICAL CO. LTD,Linea Farmacia,CAPSULAS,,,
37806,ME43375,CLOPIDOGREL 75 MG X 30 TABLETAS RECUBIERTAS,JIANGXI XIER KANGTAI PHARMACEUTICAL CO. LTD,Linea Farmacia,TABLETAS,Clopidogrel,,
37929,ME43045/2,DICLOFENACO POTASICO 50 MG X 10 TABLETAS RECUBIERTAS,JIANGXI XIER KANGTAI PHARMACEUTICAL CO. LTD,Linea Farmacia,TABLETAS,Diclofenaco,,
37931,ME43045/3,DICLOFENACO POTASICO 50 MG X 20 TABLETAS RECUBIERTAS,JIANGXI XIER KANGTAI PHARMACEUTICAL CO. LTD,Linea Farmacia,TABLETAS,Diclofenaco,,
37930,ME43045/4,DICLOFENACO POTASICO 50 MG X 30 TABLETAS RECUBIERTAS,JIANGXI XIER KANGTAI PHARMACEUTICAL CO. LTD,Linea Farmacia,TABLETAS,Diclofenaco,,
39449,ME43037,HIOSCINA N-BUTILBROMURO 10 MG X 10 TABLETAS RECUBIERTAS,JIANGXI XIER KANGTAI PHARMACEUTICAL CO. LTD,Linea Farmacia,TABLETAS,,,
38483,ME43038,METRONIDAZOL 500 MG X 30 TABLETAS,JIANGXI XIER KANGTAI PHARMACEUTICAL CO. LTD,Linea Farmacia,TABLETAS,Metronidazol,,
38684,ME43039/2,PREDNISOLONA 5 MG X 10 TABLETAS,JIANGXI XIER KANGTAI PHARMACEUTICAL CO. LTD,Linea Farmacia,TABLETAS,,,
38685,ME43039/3,PREDNISOLONA 5 MG X 30 TABLETAS,JIANGXI XIER KANGTAI PHARMACEUTICAL CO. LTD,Linea Farmacia,TABLETAS,,,
38261,ME43740,ITRACONAZOL 100 MG X 10 CAPSULAS,K.A. MALLE PHARMACEUTICALS LTD,Linea Farmacia,CAPSULAS,Itraconazol,,
38603,ME43675/4,OMEPRAZOL 20 MG X 10 CAPSULAS GASTRORRESISTENTES,K.A. MALLE PHARMACEUTICALS LTD,Linea Farmacia,CAPSULAS,(+)-tetrabenazina - Omeprazol,,
38604,ME43675/5,OMEPRAZOL 20 MG X 20 CAPSULAS GASTRORRESISTENTES,K.A. MALLE PHARMACEUTICALS LTD,Linea Farmacia,CAPSULAS,(+)-tetrabenazina - Omeprazol,,
38605,ME43675/6,OMEPRAZOL 20 MG X 30 CAPSULAS GASTRORRESISTENTES,K.A. MALLE PHARMACEUTICALS LTD,Linea Farmacia,CAPSULAS,(+)-tetrabenazina - Omeprazol,,
38606,ME43675/2,OMEPRAZOL 20 MG X 7 CAPSULAS GASTRORRESISTENTES,K.A. MALLE PHARMACEUTICALS LTD,Linea Farmacia,CAPSULAS,(+)-tetrabenazina - Omeprazol,,
38607,ME43675/3,OMEPRAZOL 20 MG X 8 CAPSULAS GASTRORRESISTENTES,K.A. MALLE PHARMACEUTICALS LTD,Linea Farmacia,CAPSULAS,(+)-tetrabenazina - Omeprazol,,
38147,ME34981/2,GABAPENTINA 300 MG X 14 CAPSULAS,KERN PHARMA S.L.,Linea Farmacia,CAPSULAS,Gabapentina,,
38148,ME34981/3,GABAPENTINA 300 MG X 30 CAPSULAS,KERN PHARMA S.L.,Linea Farmacia,CAPSULAS,Gabapentina,,
38639,ME37850,PAROXETINA 20 MG X 30 COMPRIMIDOS RECUBIERTAS,KERN PHARMA S.L.,Linea Farmacia,COMPRIMIDOS,Paroxetina,,
39481,ME43256,ALBENDAZOL 200 MG / 5 ML SUSPENSION ORAL,KWALITY PHARMACEUTICALS LTD,Linea Farmacia,SOLUCION ORAL,Albendazol,,
37437,ME43309,CLAVULAM 875 MG - 125 MG TABLETAS RECUBIERTAS,LABORATE PHARMACEUTICALS INDIA LTD,Linea Farmacia,TABLETAS,Amoxicilina - Clavulanico Acido,,
39448,ME32411,BUDESONIDA 50 MCG / DOSIS SUSPENSION PARA INHALACION ORAL,LABORATORIO ALDO UNION S.L.,Linea Farmacia,SUSPENSION ORAL,Budesonida,,
37742,HO9190,CIFARCAINA AL 2 % X 2 AMPOLLAS,LABORATORIO BEHRENS C.A.,Linea Hospitalaria,INYECTABLE,,,
39145,HO36380,CLINDOX - D 12 MG / ML SOLUCION INYECTABLE PARA INFUSION INTRAVENOSA,LABORATORIO BEHRENS C.A.,Linea Hospitalaria,INYECTABLE,Clindamicina,,
39150,HO32581,CLORURO DE POTASIO 7.5 % SOLUCION HIPERTONICA X 1 AMPOLLA,LABORATORIO BEHRENS C.A.,Linea Hospitalaria,INYECTABLE,,,
37820,ME32566,CLORURO DE SODIO 0.9 % SOLUCION ISOTONICA PARA IRRIGACION ESTERIL,LABORATORIO BEHRENS C.A.,Linea Farmacia,LOCION,,,
39151,HO32515,CLORURO DE SODIO AL 20 % SOLUCION HIPERTONICA INYECTABLE,LABORATORIO BEHRENS C.A.,Linea Hospitalaria,INYECTABLE,,,
39198,HO32341,DURACAINA HIPERBARA 5 MG - 80 MG / ML X 1 AMPOLLA,LABORATORIO BEHRENS C.A.,Linea Hospitalaria,INYECTABLE,Bupivacaina,,
39576,ME42256,FLUDINAX 0.9 % SOLUCION NASAL,LABORATORIO BEHRENS C.A.,Linea Farmacia,SOLUCION NASAL,,,
39521,HO41500/2,GLUTANIL AL 20 % X 30 AMPOLLAS,LABORATORIO BEHRENS C.A.,Linea Hospitalaria,INYECTABLE,Glutamina,,
39522,HO41500/3,GLUTANIL AL 20 % X 60 AMPOLLAS,LABORATORIO BEHRENS C.A.,Linea Hospitalaria,INYECTABLE,Glutamina,,
38355,HO40559,LINEZID 2 MG / ML SOLUCION INYECTABLE PARA INFUSION IV,LABORATORIO BEHRENS C.A.,Linea Hospitalaria,INYECTABLE,,,
38622,HO35150/3,ONDATRIN 2 MG / ML X 5 AMPOLLAS,LABORATORIO BEHRENS C.A.,Linea Hospitalaria,INYECTABLE,Ondansetron,,
39352,ME42185,REHIDROSOL 45 MEQ / L SOLUCION ELECTROLITICA USO ORAL SABOR A FRAMBUESA,LABORATORIO BEHRENS C.A.,Linea Farmacia,SOLUCION ORAL,,,
39354,ME42186,REHIDROSOL 60 MEQ / L SOLUCION ELECTROLITICA USO ORAL SABOR A MANZANA,LABORATORIO BEHRENS C.A.,Linea Farmacia,SOLUCION ORAL,,,
38732,HO1370B,SOLUCION DE RINGER LACTATO (SOLUCION DE HARTMANN) INYECTABLE,LABORATORIO BEHRENS C.A.,Linea Hospitalaria,INYECTABLE,,,
39356,HO32579,SOLUCION RINGER LACTATO (SOLUCION HARTMAN) INYECTABLE,LABORATORIO BEHRENS C.A.,Linea Hospitalaria,INYECTABLE,,,
39532,ME35431,BIOKETOF 2.5 % GEL PARA USO T,LABORATORIO BIOGALENIC C.A.,Linea Farmacia,GEL,Ketoprofeno,,
37617,ME36318,BROMHEXINA CLORHIDRATO 8 MG / 5 ML JARABE,LABORATORIO BIOGALENIC C.A.,Linea Farmacia,JARABE,,,
38478,HO33361,METRONIDAZOL 500 MG / 100 ML SOLUCION PARA INFUSION INTRAVENOSA,LABORATORIO BIOGALENIC C.A.,Linea Hospitalaria,INYECTABLE,Metronidazol,,
39461,ME34036,SOLUCION PARA DIALISIS PERITONEAL CON DEXTROSA AL 1.5 % BAJA EN MAGNESIO,LABORATORIO BIOGALENIC C.A.,Linea Farmacia,LOCION,Citrato Magnesio,,
37369,HO34745,ADRENALINA 1 MG / ML X 5 AMPOLLAS,LABORATORIO BIOSANO S.A.,Linea Hospitalaria,INYECTABLE,Adrenalina,,
37904,HO42601,DEXAMETASONA 8 MG / 2 ML X 10 AMPOLLAS,LABORATORIO BIOSANO S.A.,Linea Hospitalaria,INYECTABLE,Dexametasona,,
37964,HO42487,DOBUTAMINA 250 MG / 5 ML X 5 AMPOLLAS,LABORATORIO BIOSANO S.A.,Linea Hospitalaria,INYECTABLE,Dobutamina,,
38074,HO35889/2,FENITOINA SODICA 250 MG / 5 ML X 10 AMPOLLAS,LABORATORIO BIOSANO S.A.,Linea Hospitalaria,INYECTABLE,Fenitoina,,
38073,HO35889/3,FENITOINA SODICA 250 MG / 5 ML X 30 AMPOLLAS,LABORATORIO BIOSANO S.A.,Linea Hospitalaria,INYECTABLE,Fenitoina,,
38296,HO42668/3,KETOROLACO TROMETAMOL 30 MG / ML X 10 AMPOLLAS,LABORATORIO BIOSANO S.A.,Linea Hospitalaria,INYECTABLE,Ketorolaco,,
38297,HO42668/2,KETOROLACO TROMETAMOL 30 MG / ML X 8 AMPOLLAS,LABORATORIO BIOSANO S.A.,Linea Hospitalaria,INYECTABLE,Ketorolaco,,
37925,MI35435/3,DICLOFENAC POT X 10 UNIDADES,LABORATORIO CHILE S.A.,Linea Farmacia,,Diclofenaco,,
37926,MI35435/4,DICLOFENAC POT X 30 UNIDADES,LABORATORIO CHILE S.A.,Linea Farmacia,,Diclofenaco,,
37924,MI35435/2,DICLOFENAC POT X 6 UNIDADES,LABORATORIO CHILE S.A.,Linea Farmacia,,Diclofenaco,,
38403,ME35402/2,LOSARTAN POTASICO - HIDROCLOROTIAZIDA 50 MG - 12.5 MG X 15 COMPRIMIDOS RECU,LABORATORIO CHILE S.A.,Linea Farmacia,COMPRIMIDOS,,,
38402,ME35402/3,LOSARTAN POTASICO - HIDROCLOROTIAZIDA 50 MG - 12.5 MG X 30 COMPRIMIDOS RECU,LABORATORIO CHILE S.A.,Linea Farmacia,COMPRIMIDOS,,,
37374,HO32804,AGUA BIDESTILADA INYECTABLE,LABORATORIO COFASA S.A.,Linea Hospitalaria,INYECTABLE,,,
37382,ME27081,ALBENDAZOL 400 MG / 10 ML SUSPENSION,LABORATORIO COFASA S.A.,Linea Farmacia,SUSPENSION ORAL,Albendazol,,
37433,ME31230,AMLODIPINA 5 MG X 30 TABLETAS,LABORATORIO COFASA S.A.,Linea Farmacia,TABLETAS,,,
39042,ME32836/2,AMOVIN 500 MG X 3 TABLETAS RECUBIERTAS,LABORATORIO COFASA S.A.,Linea Farmacia,TABLETAS,Azitromicina,,
37516,ME39468/3,ATORVACOF 20 MG X 30 TABLETAS RECUBIERTAS,LABORATORIO COFASA S.A.,Linea Farmacia,TABLETAS,Atorvastatina,,
39126,ME43806,CARBETAL 8 MG X 30 TABLETAS,LABORATORIO COFASA S.A.,Linea Farmacia,TABLETAS,Candesartan Cilexetilo,,
37810,ME29314,CLORACE 125 - 0.5 MG / 5 ML SOLUCION ORAL,LABORATORIO COFASA S.A.,Linea Farmacia,SOLUCION ORAL,,,
39148,ME44238/2,CLORACE 500 MG – 4 MG X 10 GRANULOS PARA SOLUCION ORAL SABOR A LIMON,LABORATORIO COFASA S.A.,Linea Farmacia,SOLUCION ORAL,Acetaminofen - Clorfenamina,,
39149,ME44238/3,CLORACE 500 MG – 4 MG X 20 GRANULOS PARA SOLUCION ORAL SABOR A LIMON,LABORATORIO COFASA S.A.,Linea Farmacia,SOLUCION ORAL,Acetaminofen - Clorfenamina,,
39154,ME44093,COFASUR 160 MG X 30 TABLETAS RECUBIERTAS,LABORATORIO COFASA S.A.,Linea Farmacia,TABLETAS,Valsartan,,
39155,ME44636,COFASUR PLUS 80 MG - 12.5 MG X 30 TABLETAS RECUBIERTAS,LABORATORIO COFASA S.A.,Linea Farmacia,TABLETAS,Clortalidona - Valsartan,,
37827,ME44294,COZOMINA T 2 % - 0.5 % SOLUCION OFTALMICA,LABORATORIO COFASA S.A.,Linea Farmacia,SOLUCION OFTALMICA,Dorzolamida - Timolol,,
39207,ME44071,EVABOLIN 10 MG X 30 TABLETAS RECUBIERTAS,LABORATORIO COFASA S.A.,Linea Farmacia,TABLETAS,Empagliflozina,,
39270,HO30273/3,KETOPROFENO 100 MG / 2 ML X 10 AMPOLLAS,LABORATORIO COFASA S.A.,Linea Hospitalaria,INYECTABLE,Ketoprofeno,,
38495,ME22476/2,MIOVIT X 10 COMPRIMIDOS RECUBIERTOS,LABORATORIO COFASA S.A.,Linea Farmacia,COMPRIMIDOS,,,
38496,ME22476/3,MIOVIT X 30 COMPRIMIDOS RECUBIERTOS,LABORATORIO COFASA S.A.,Linea Farmacia,COMPRIMIDOS,,,
38520,ME20385,MUCOBROL 4 MG / 5 ML JARABE,LABORATORIO COFASA S.A.,Linea Farmacia,JARABE,,,
39026,ME44293,OLOCOF 0.02 % SOLUCION OFTALMICA,LABORATORIO COFASA S.A.,Linea Farmacia,SOLUCION OFTALMICA,Olopatadina,,
39341,ME21271,PINVEX 5 % - 1 % SOLUCION,LABORATORIO COFASA S.A.,Linea Farmacia,LOCION,Salicilico Acido,,
38719,HO30929,RANITIDINA 50 MG / 2 ML X 10 AMPOLLAS,LABORATORIO COFASA S.A.,Linea Hospitalaria,INYECTABLE,Ranitidina,,
39407,HO43946,VERALEN P 75 MG / 3 ML X 1 AMPOLLA,LABORATORIO COFASA S.A.,Linea Hospitalaria,INYECTABLE,Diclofenaco,,
39598,ME44209,VERICOLAN 450 MG - 50 MG X 30 TABLETAS RECUBIERTAS,LABORATORIO COFASA S.A.,Linea Farmacia,TABLETAS,Diosmina - Hesperidina,,
37957,ME40371,DIOSMINA-HESPERIDINA 450 MG-50 MG COMPRIMIDOS RECUBIERTOS,LABORATORIO ELEA PHOENIX S.A.,Linea Farmacia,COMPRIMIDOS,,,
39581,ME44749,ESLIPEL MET 50 MG - 1000 MG X 10 COMPRIMIDOS RECUBIERTOS,LABORATORIO ELEA PHOENIX S.A.,Linea Farmacia,COMPRIMIDOS,Metformina - Sitagliptina,,
38628,ME8463,OTANOL 50 MG / ML SOLUCION OTICA,LABORATORIO ETICOS ETIFAR C.A.,Linea Farmacia,SOLUCION OTICA,,,
39475,HO26290,DEXAMETASONA 21-FOLATO 4 MG / ML X 10 AMPOLLAS,LABORATORIO FARMACO FARMAHECO S.P.A,Linea Hospitalaria,INYECTABLE,Dexametasona,,
37323,ME37101/2,ACETAMINOFEN - HIOSCINA N BUTIL BROMURO 500 MG-10 MG X 10 TABLETAS RE,LABORATORIO LA SANTE C.A.,Linea Farmacia,TABLETAS,,,
37414,ME28493,AMBROXOL CLORHIDRATO 30 MG / 5 ML JARABE,LABORATORIO LA SANTE C.A.,Linea Farmacia,JARABE,Ambroxol,,
39424,ME34809,ANALPERNAX 250 MG X 10 CAPSULAS,LABORATORIO LA SANTE C.A.,Linea Farmacia,CAPSULAS,Naproxeno,,
37751,ME28283/3,CIPROFLOXACINA 500 MG X 14 TABLETAS RECUBIERTAS,LABORATORIO LA SANTE C.A.,Linea Farmacia,TABLETAS,,,
37752,ME28283/2,CIPROFLOXACINA 500 MG X 6 TABLETAS RECUBIERTAS,LABORATORIO LA SANTE C.A.,Linea Farmacia,TABLETAS,,,
37784,ME31466,CLINDAMICINA 300 MG X 20 CAPSULAS,LABORATORIO LA SANTE C.A.,Linea Farmacia,CAPSULAS,Clindamicina,,
39485,ME36125,CLOTRIMAZOL - NEOMICINA - DEXAMETASONA 1 % - 0.5 % - 0.04 % X 1 CREMA,LABORATORIO LA SANTE C.A.,Linea Farmacia,CREMA,Clotrimazol - Dexametasona,,
39487,ME24286,DEOXICAL 500 MG X 30 CAPSULAS,LABORATORIO LA SANTE C.A.,Linea Farmacia,CAPSULAS,Dobesilato De Calcio,,
37932,ME28851,DICLOFENAC SODICO 50 MG X 20 TABLETAS CON RECUBRIMIENTO ENTERICO,LABORATORIO LA SANTE C.A.,Linea Farmacia,TABLETAS,,,
39573,ME38530,ESOZ 10 MG X 10 MICROGRANULOS ENTERICOS PARA SUSPENSION ORAL,LABORATORIO LA SANTE C.A.,Linea Farmacia,SOLUCION ORAL,Esomeprazol Magnesico,,
38104,ME41029,FLAVOXATO CLORHIDRATO 200 MG X 10 TABLETAS RECUBIERTAS,LABORATORIO LA SANTE C.A.,Linea Farmacia,TABLETAS,Flavoxato,,
38126,ME31214,FLUOXETINA 20 MG X 14 CAPSULAS,LABORATORIO LA SANTE C.A.,Linea Farmacia,CAPSULAS,,,
38168,ME32878,GLIMEPIRIDA 4 MG TABLETAS,LABORATORIO LA SANTE C.A.,Linea Farmacia,TABLETAS,Glimepirida,,
38169,ME32727,GLIMERID 2 MG X 30 TABLETAS,LABORATORIO LA SANTE C.A.,Linea Farmacia,TABLETAS,Glimepirida,,
38399,ME37542/2,LOSARTAN POTASICO - HIDROCLOROTIAZIDA 100 MG - 25 MG X 10 TABLETAS RECUBIERTAS,LABORATORIO LA SANTE C.A.,Linea Farmacia,TABLETAS,Hidroclorotiazida - Losartan,,
38482,ME28549/3,METRONIDAZOL 500 MG X 30 TABLETAS,LABORATORIO LA SANTE C.A.,Linea Farmacia,TABLETAS,Metronidazol,,
38561,ME37921,NITAZOXANIDA 500 MG X 6 TABLETAS RECUBIERTAS,LABORATORIO LA SANTE C.A.,Linea Farmacia,TABLETAS,,,
38592,ME40779,OLMESARTAN MEDOXOMIL 20 MG X 30 TABLETAS RECUBIERTAS,LABORATORIO LA SANTE C.A.,Linea Farmacia,TABLETAS,,,
38589,ME40904,OLMESARTAN MEDOXOMIL 40 MG - HIDROLOCOTIAZIDA 12.5 MG X 30 TABLETAS RECUBIERTAS,LABORATORIO LA SANTE C.A.,Linea Farmacia,TABLETAS,,,
38608,ME42404/3,OMEPRAZOL 40 MG X 30 CAPSULAS CON MICROGRANULOS GASTRORRESISTENTES,LABORATORIO LA SANTE C.A.,Linea Farmacia,CAPSULAS,,,
38609,ME42404/2,OMEPRAZOL 40 MG X 7 CAPSULAS CON MICROGRANULOS GASTRORRESISTENTES,LABORATORIO LA SANTE C.A.,Linea Farmacia,CAPSULAS,,,
38781,ME32466/4,SERTRALINA 50 MG X 56 TABLETAS,LABORATORIO LA SANTE C.A.,Linea Farmacia,TABLETAS,Sertralina,,
38893,ME28553/2,TRIMEBUTINA MALEATO 200 MG X 10 TABLETAS,LABORATORIO LA SANTE C.A.,Linea Farmacia,TABLETAS,,,
37340,ME26178/2,ACICLOVIR 200 MG X 10 TABLETAS,LABORATORIO PIFANO C.A.,Linea Farmacia,TABLETAS,Aciclovir,,
37339,ME26178/3,ACICLOVIR 200 MG X 20 TABLETAS,LABORATORIO PIFANO C.A.,Linea Farmacia,TABLETAS,Aciclovir,,
37341,ME26178/4,ACICLOVIR 200 MG X 24 TABLETAS,LABORATORIO PIFANO C.A.,Linea Farmacia,TABLETAS,Aciclovir,,
37319,ME23275/2,ACETAMINOFEN 500 MG X 10 TABLETAS,LABORATORIO PLUSANDEX DE FARMACEUTICOS UNIDOS PLUSANDEX C.A.,Linea Farmacia,TABLETAS,Acetaminofen,,
37320,ME23275/3,ACETAMINOFEN 500 MG X 12 TABLETAS,LABORATORIO PLUSANDEX DE FARMACEUTICOS UNIDOS PLUSANDEX C.A.,Linea Farmacia,TABLETAS,Acetaminofen,,
37321,ME23275/4,ACETAMINOFEN 500 MG X 24 TABLETAS,LABORATORIO PLUSANDEX DE FARMACEUTICOS UNIDOS PLUSANDEX C.A.,Linea Farmacia,TABLETAS,Acetaminofen,,
37575,ME22866,BEXILON 4 MG / 5 ML JARABE,LABORATORIO PLUSANDEX DE FARMACEUTICOS UNIDOS PLUSANDEX C.A.,Linea Farmacia,JARABE,,,
37907,ME42573,DEXTAMIN 0.5 MG / ML X 10 SOLUCION ORAL,LABORATORIO PLUSANDEX DE FARMACEUTICOS UNIDOS PLUSANDEX C.A.,Linea Farmacia,SOLUCION ORAL,Desloratadina,,
37921,ME44533,DICARVEX 25 MG X 30 TABLETAS,LABORATORIO PLUSANDEX DE FARMACEUTICOS UNIDOS PLUSANDEX C.A.,Linea Farmacia,TABLETAS,Carvedilol,,
37922,ME43814,DICLODEX 1.8 MG / ML SUSPENSION ORAL,LABORATORIO PLUSANDEX DE FARMACEUTICOS UNIDOS PLUSANDEX C.A.,Linea Farmacia,SOLUCION ORAL,Diclofenaco,,
38454,ME43925/2,METFORMINA CLORHIDRATO 850 MG X 14 TABLETAS RECUBIERTAS,LABORATORIO PLUSANDEX DE FARMACEUTICOS UNIDOS PLUSANDEX C.A.,Linea Farmacia,TABLETAS,(+)-tetrabenazina - Metformina,,
38455,ME43925/3,METFORMINA CLORHIDRATO 850 MG X 28 TABLETAS RECUBIERTAS,LABORATORIO PLUSANDEX DE FARMACEUTICOS UNIDOS PLUSANDEX C.A.,Linea Farmacia,TABLETAS,(+)-tetrabenazina - Metformina,,
38503,ME42742,MISULVAN FORTE 30 MG - 5 MG / 5 ML SOLUCION ORAL,LABORATORIO PLUSANDEX DE FARMACEUTICOS UNIDOS PLUSANDEX C.A.,Linea Farmacia,SOLUCION ORAL,Ambroxol - Loratadina,,
39586,ME44180,TADAFER 5 MG X 15 TABLETAS RECUBIERTAS,LABORATORIO PLUSANDEX DE FARMACEUTICOS UNIDOS PLUSANDEX C.A.,Linea Farmacia,TABLETAS,Tadalafilo,,
39015,ME1388,ACIDO ASCORBICO 10 % SOLUCION ORAL EN GOTAS,LABORATORIO QUIM-FAR C.A.,Linea Farmacia,GOTAS,Ascorbico Acido,,
39118,ME42603,BROMHEXINA CLORHIDRATO 4 MG / 5 ML JARABE,LABORATORIO QUIM-FAR C.A.,Linea Farmacia,JARABE,Bromhexina,,
39549,ME13354,FANASAL 0.05 % SOLUCION NASAL,LABORATORIO QUIM-FAR C.A.,Linea Farmacia,SOLUCION NASAL,Nafazolina,,
37824,ME39062,CLOTRIMAZOL 500 MG X 1 OVULO VAGINAL,LABORATORIOS ALFA C X A,Linea Farmacia,OVULOS,Clotrimazol,,
38388,ME39177,LORATADINA 10 MG X 10 TABLETAS,LABORATORIOS ALFA C X A,Linea Farmacia,TABLETAS,,,
38702,ME39191,PROPRANOLOL 40 MG X 20 TABLETAS,LABORATORIOS ALFA C X A,Linea Farmacia,TABLETAS,,,
39552,HO39021/2,NEUROALFA X 1 AMPOLLA,LABORATORIOS ALFA S.R.L.,Linea Hospitalaria,INYECTABLE,Vitamina B12,,
39553,HO39021/3,NEUROALFA X 3 AMPOLLAS,LABORATORIOS ALFA S.R.L.,Linea Hospitalaria,INYECTABLE,Vitamina B12,,
39369,ME44642,SUEROLITO ZINC 75 MEQ / L SOLUCION ELECTROLITICA USO ORAL SABOR A CHICLE,LABORATORIOS BALKER C.A.,Linea Farmacia,SOLUCION ORAL,Dextrosa - Zinc,,
39371,ME44639,SUEROLITO ZINC 75 MEQ / L SOLUCION ELECTROLITICA USO ORAL SABOR A FRESA,LABORATORIOS BALKER C.A.,Linea Farmacia,SOLUCION ORAL,Dextrosa - Zinc,,
38623,ME44637,SUEROLITO ZINC 75 MEQ / L SOLUCION ELECTROLITICA USO ORAL SABOR A FRUTAS TROPICALES,LABORATORIOS BALKER C.A.,Linea Farmacia,SOLUCION ORAL,Dextrosa - Zinc,,
39372,ME44641,SUEROLITO ZINC 75 MEQ / L SOLUCION ELECTROLITICA USO ORAL SABOR A MANDARINA,LABORATORIOS BALKER C.A.,Linea Farmacia,SOLUCION ORAL,Dextrosa - Zinc,,
39374,ME44643,SUEROLITO ZINC 75 MEQ / L SOLUCION ELECTROLITICA USO ORAL SABOR A MANZANA,LABORATORIOS BALKER C.A.,Linea Farmacia,SOLUCION ORAL,Dextrosa - Zinc,,
39373,ME44640,SUEROLITO ZINC 75 MEQ / L SOLUCION ELECTROLITICA USO ORAL SABOR A UVA,LABORATORIOS BALKER C.A.,Linea Farmacia,SOLUCION ORAL,Dextrosa - Zinc,,
39370,ME44638,SUEROLITO ZINC 75 MEQL / L SOLUCION ELECTROLITICA USO ORAL SABOR A COCO,LABORATORIOS BALKER C.A.,Linea Farmacia,SOLUCION ORAL,Dextrosa - Zinc,,
37624,ME29895,BRUGESIC PLUS 600 MG X 10 POLVO PARA SOLUCION ORAL,LABORATORIOS ELMOR S.A.,Linea Farmacia,POLVO PARA RECONSTITUCION,Ibuprofeno,,
39344,ME24456,CARNITENE 1 G / 10 ML SOLUCION ORAL,LABORATORIOS ELMOR S.A.,Linea Farmacia,SOLUCION ORAL,,,
38099,ME35935,FLATORIL 80 MG / ML SUSPENSION GOTAS,LABORATORIOS ELMOR S.A.,Linea Farmacia,SUSPENSION ORAL,Simeticona,,
38157,ME24164,GENURIN 200 MG X 10 COMPRIMIDOS RECUBIERTOS,LABORATORIOS ELMOR S.A.,Linea Farmacia,COMPRIMIDOS,,,
38158,ME33501,GLIBENCLAMIDA 5 MG X 10 COMPRIMIDOS,LABORATORIOS ELMOR S.A.,Linea Farmacia,COMPRIMIDOS,Glibenclamida,,
38356,MI318,LIOLACTIL X 20 SOBRES,LABORATORIOS ELMOR S.A.,Linea Farmacia,,,,
39339,ME26205,OXOLAMINA 50 MG / 5 ML JARABE,LABORATORIOS ELMOR S.A.,Linea Farmacia,JARABE,,,
38631,ME25936,OXOLAMINA JARABE,LABORATORIOS ELMOR S.A.,Linea Farmacia,JARABE,,,
38653,ME12460,PEREBRON 28 MG / 5 ML JARABE SABOR A FRAMBUESA,LABORATORIOS ELMOR S.A.,Linea Farmacia,JARABE,,,
38654,ME41148,PEREBRON 28 MG / 5 ML JARABE SABOR MIEL - LIMON,LABORATORIOS ELMOR S.A.,Linea Farmacia,JARABE,,,
38705,ME40343,PROVICAR 2 G / 10 ML SOLUCION ORAL,LABORATORIOS ELMOR S.A.,Linea Farmacia,SOLUCION ORAL,,,
38765,ME38854,SAVER 200 MG / 5 ML X 37 POLVO PARA SUSPENSION ORAL,LABORATORIOS ELMOR S.A.,Linea Farmacia,POLVO PARA RECONSTITUCION,Azitromicina,,
38995,ME24576,ZITOXIL 3 % SOLUCION,LABORATORIOS ELMOR S.A.,Linea Farmacia,LOCION,Minoxidil,,
37367,ME44457,ACTUMIR DUO 12.5 MG-850 MG X 30 TABLETAS RECUBIERTAS,LABORATORIOS FARMA S.A.,Linea Farmacia,TABLETAS,Empagliflozina - Metformina,,
37474,ME40266,ANTILAX PLUS 2 MG - 125 MG X 10 CAPSULAS,LABORATORIOS FARMA S.A.,Linea Farmacia,CAPSULAS,,,
39070,ME38655/2,ARANDA 5 MG - 50 MG X 10 CAPSULAS,LABORATORIOS FARMA S.A.,Linea Farmacia,CAPSULAS,Losartan,,
39071,ME38655/3,ARANDA 5 MG - 50 MG X 30 CAPSULAS,LABORATORIOS FARMA S.A.,Linea Farmacia,CAPSULAS,Losartan,,
37524,ME35340/2,ATORVASTATINA 40 MG X 14 TABLETAS RECUBIERTAS,LABORATORIOS FARMA S.A.,Linea Farmacia,TABLETAS,Atorvastatina,,
37523,ME35340/3,ATORVASTATINA 40 MG X 30 TABLETAS RECUBIERTAS,LABORATORIOS FARMA S.A.,Linea Farmacia,TABLETAS,Atorvastatina,,
37566,ME26475,BETADINE 8 % SOLUCION TOPICO BUCAL,LABORATORIOS FARMA S.A.,Linea Farmacia,SOLUCION TOPICA,,,
37604,ME35864,BRASARTAN 160 MG X 30 TABLETAS RECUBIERTAS,LABORATORIOS FARMA S.A.,Linea Farmacia,TABLETAS,Valsartan,,
38668,ME34513,BREINOX 400 MG X 30 TABLETAS,LABORATORIOS FARMA S.A.,Linea Farmacia,TABLETAS,Piracetam,,
37637,ME30197,CALCIBON 200 MG X 30 TABLETAS RECUBIERTOS,LABORATORIOS FARMA S.A.,Linea Farmacia,TABLETAS,,,
38966,ME23088,CALCIO OSTELIN 175 MG - 60 UI / 5 ML SUSPENSION,LABORATORIOS FARMA S.A.,Linea Farmacia,SUSPENSION ORAL,Vitamina D3,,
39119,ME37021,CALCIO OSTELIN FORTE 300 MG - 200 UI / 5 ML X 30 SUSPENSION,LABORATORIOS FARMA S.A.,Linea Farmacia,SUSPENSION ORAL,Vitamina D3,,
39212,ME30812,FARMACAINA 10 % SOLUCION ATOMIZADORA TOPICO BUCAL,LABORATORIOS FARMA S.A.,Linea Farmacia,SOLUCION TOPICA,Lidocaina,,
38956,ME39856/4,FARMAD 1000 UI X 100 TABLETAS RECUBIERTAS,LABORATORIOS FARMA S.A.,Linea Farmacia,TABLETAS,Vitamina D3,,
38955,ME39856/3,FARMAD 1000 UI X 60 TABLETAS RECUBIERTAS,LABORATORIOS FARMA S.A.,Linea Farmacia,TABLETAS,Vitamina D3,,
39211,ME44388/2,FARMAD 200 UI / GOTA X 10 SOLUCION ORAL,LABORATORIOS FARMA S.A.,Linea Farmacia,GOTAS,Vitamina D3,,
39210,ME44388/3,FARMAD 200 UI / GOTA X 30 SOLUCION ORAL,LABORATORIOS FARMA S.A.,Linea Farmacia,GOTAS,Vitamina D3,,
38446,MI4470,FRICSOL 10 % - 10 % LINIMENTO,LABORATORIOS FARMA S.A.,Linea Farmacia,UNGUENTO,Mentol - Salicilato Metilo,,
38358,ME39972,LIPACOMB 40 MG - 10 MG X 30 TABLETAS,LABORATORIOS FARMA S.A.,Linea Farmacia,TABLETAS,,,
39292,ME16064,MACRODANTINA 100 MG X 30 CAPSULAS,LABORATORIOS FARMA S.A.,Linea Farmacia,CAPSULAS,Nitrofurantoina,,
39315,ME42653,NEBLUM 50 MG X 30 TABLETAS RECUBIERTAS,LABORATORIOS FARMA S.A.,Linea Farmacia,TABLETAS,Sacubitrilo - Valsartan,,
38549,ME38421/3,NEURIXA 75 MG X 21 CAPSULAS,LABORATORIOS FARMA S.A.,Linea Farmacia,CAPSULAS,Pregabalina,,
38577,ME27271/2,NOTOLAC 20 MG X 4 TABLETAS,LABORATORIOS FARMA S.A.,Linea Farmacia,TABLETAS,,,
38652,ME44126,PEPTO-BISMOL 525 MG / 30 ML SUSPENSION ORAL,LABORATORIOS FARMA S.A.,Linea Farmacia,SOLUCION ORAL,,,
38731,ME40087,RINARIS 2.5 MG - 30 MG / 5 ML X 10 SOLUCION ORAL,LABORATORIOS FARMA S.A.,Linea Farmacia,SOLUCION ORAL,,,
38855,ME44418/4,TERAGRIPFORTE 650 MG-20 MG-2 MG X 20 GRANULADO PARA SOLUCION ORAL,LABORATORIOS FARMA S.A.,Linea Farmacia,SOLUCION ORAL,Acetaminofen - Cafeina - Clorfeniramina,,
39159,ME34030,TERAGRIPFORTE DIA 650 MG - 30 MG X 20 TABLETAS RECUBIERTAS,LABORATORIOS FARMA S.A.,Linea Farmacia,TABLETAS,Acetaminofen - Paracetamol - Pseudoefedrina,,
39390,ME44419/4,TERAGRIPFORTE NOCHE 650 MG-4 MG X 10 GRANULADO PARA SOLUCION ORAL,LABORATORIOS FARMA S.A.,Linea Farmacia,GRANULADOS,Acetaminofen - Clorfeniramina,,
39388,ME44419/3,TERAGRIPFORTE NOCHE 650 MG-4 MG X 6 GRANULADO PARA SOLUCION ORAL,LABORATORIOS FARMA S.A.,Linea Farmacia,GRANULADOS,Acetaminofen - Clorfeniramina,,
38880,ME42035,TONERVOL 5 MG X 30 TABLETAS,LABORATORIOS FARMA S.A.,Linea Farmacia,TABLETAS,,,
38912,ME23835,VALPRON 250 MG / 5 ML JARABE,LABORATORIOS FARMA S.A.,Linea Farmacia,JARABE,,,
37363,ME23174/2,VALPRON 500 MG X 10 TABLETAS,LABORATORIOS FARMA S.A.,Linea Farmacia,TABLETAS,Valproico Acido,,
37823,ME43751,CLOTRIMAZOL 100 MG X 6 OVULOS VAGINALES,LABORATORIOS FARMACEUTICOS LAFAR S.A. (CIUDAD DE EL ALTO),Linea Farmacia,OVULOS,Clotrimazol,,
37819,HO1672,SOLUCION ISOTONICA DE CLORURO DE SODIO(SOL.FISIOLOGICA)PARENTERAL,LABORATORIOS FLUPAL C.A.,Linea Hospitalaria,INYECTABLE,,,
38249,ME40027,FLUTIXAIR 125 MG - 25 MCG / DOSIS X 200 SUSPENSION INHALACION ORAL,LABORATORIOS HAYMANN S.A.,Linea Farmacia,SOLUCION ORAL,,,
38896,ME40028,FLUTIXAIR 250 MCG -25 MCG / DOSIS X 120 SUSPENSION PARA INHALACION ORAL,LABORATORIOS HAYMANN S.A.,Linea Farmacia,SOLUCION ORAL,,,
37778,ME31538,AMBROXOL-CLENBUTEROL 15 MG - 0.01 MG / 5 ML SOLUION ORAL,LABORATORIOS KIMICEG C.A.,Linea Farmacia,SOLUCION ORAL,Ambroxol,,
37777,ME31537,AMBROXOL-CLENBUTEROL 7.5 MG-0.005 MG / 5 ML SOLUCION ORAL,LABORATORIOS KIMICEG C.A.,Linea Farmacia,SOLUCION ORAL,Ambroxol,,
37416,ME29181,CLORHIDRATO DE AMBROXOL 30 MG / 5 ML SOLUCION ORAL,LABORATORIOS KIMICEG C.A.,Linea Farmacia,SOLUCION ORAL,Ambroxol,,
39462,ME35192,CLOTRIMAZOL 2 % CREMA VAGINAL,LABORATORIOS KIMICEG C.A.,Linea Farmacia,CREMA,Clotrimazol,,
38007,ME44613,ENALAPRIL MALEATO - HIDROCLOROTIAZIDA 20 MG - 12.5 MG TABLETAS,LABORATORIOS KIMICEG C.A.,Linea Farmacia,TABLETAS,Enalapril - Hidroclorotiazida,,
39602,ME35193,GYNOCLOCIM 2 % CREMA VAGINAL,LABORATORIOS KIMICEG C.A.,Linea Farmacia,CREMA,Clotrimazol,,
38341,ME38925/4,LEVOFLOXACINO 500 MG X 10 TABLETAS RECUBIERTAS,LABORATORIOS KIMICEG C.A.,Linea Farmacia,TABLETAS,Levofloxacino,,
38342,ME38925/2,LEVOFLOXACINO 500 MG X 5 TABLETAS RECUBIERTAS,LABORATORIOS KIMICEG C.A.,Linea Farmacia,TABLETAS,Levofloxacino,,
38340,ME38925/3,LEVOFLOXACINO 500 MG X 7 TABLETAS RECUBIERTAS,LABORATORIOS KIMICEG C.A.,Linea Farmacia,TABLETAS,Levofloxacino,,
38343,ME38926,LEVOFLOXACINO 750 MG X 5 TABLETAS RECUBIERTAS,LABORATORIOS KIMICEG C.A.,Linea Farmacia,TABLETAS,Levofloxacino,,
38407,ME31205/2,LOSARTAN POTASICO 50 MG X 10 TABLETAS RECUBIERTAS,LABORATORIOS KIMICEG C.A.,Linea Farmacia,TABLETAS,Losartan,,
38441,ME30976,MELOXICAM 7.5 MG X 10 TABLETAS,LABORATORIOS KIMICEG C.A.,Linea Farmacia,TABLETAS,Meloxicam,,
38762,ME25529,SALBUTAMOL 40 MG / 100 ML JARABE,LABORATORIOS KIMICEG C.A.,Linea Farmacia,JARABE,Salbutamol,,
38770,ME31560,SECNIDAZOL 1 G X 2 TABLETAS RECUBIERTAS,LABORATORIOS KIMICEG C.A.,Linea Farmacia,TABLETAS,Secnidazol Anhidro,,
39397,ME30908,TRIMETOPRIM / SULFAMETOXASOL 40 MG - 200 MG / 5 ML SUSPENSION,LABORATORIOS KIMICEG C.A.,Linea Farmacia,SUSPENSION ORAL,,,
39402,ME38569,VALSARTAN 160 MG CAPSULAS,LABORATORIOS KIMICEG C.A.,Linea Farmacia,CAPSULAS,Valsartan,,
39014,ME42908,ACETAMINOFEN 120 MG / 5 ML X 10 SOLUCION ORAL,LABORATORIOS L.O. OFTALMI C.A.,Linea Farmacia,SOLUCION ORAL,,,
37311,ME43639/4,ACETAMINOFEN 650 MG X 30 TABLETAS,LABORATORIOS L.O. OFTALMI C.A.,Linea Farmacia,TABLETAS,Acetaminofen,,
37346,ME34553/3,ACIDO ACETILSALICILICO 81 MG X 30 TABLETAS CON CUBIERTA ENTERICA,LABORATORIOS L.O. OFTALMI C.A.,Linea Farmacia,TABLETAS,,,
39027,ME33777/2,AIRON 5 MG X 10 TABLETAS MASTICABLES,LABORATORIOS L.O. OFTALMI C.A.,Linea Farmacia,TABLETAS,Montelukast,,
37476,ME42864,APIRET 120 MG / 5 ML SOLUCION ORAL,LABORATORIOS L.O. OFTALMI C.A.,Linea Farmacia,SOLUCION ORAL,,,
37477,ME42860,APIRET 160 MG / 5 ML SOLUCION ORAL,LABORATORIOS L.O. OFTALMI C.A.,Linea Farmacia,SOLUCION ORAL,,,
37479,ME42943,APIRETFLU DIA X 6 GRANULADO,LABORATORIOS L.O. OFTALMI C.A.,Linea Farmacia,GRANULADOS,Acetaminofen - Cafeina,,
37768,ME33790,CALCITREX D3 1500 MG - 200 UI X 30 TABLETAS,LABORATORIOS L.O. OFTALMI C.A.,Linea Farmacia,TABLETAS,,,
37771,ME25929,CLARIX 0.25 MG / ML SOLUCION NASAL,LABORATORIOS L.O. OFTALMI C.A.,Linea Farmacia,SOLUCION NASAL,,,
37850,ME44702,CORTYNASE PLUS 50 MCG - 140 MCG / DOSIS SUSPENSION NASAL,LABORATORIOS L.O. OFTALMI C.A.,Linea Farmacia,SOLUCION NASAL,Azelastina - Mometasona Furoato,,
39197,ME28504,DUOVENT 0.4 MG - 1 MG AEROSOL,LABORATORIOS L.O. OFTALMI C.A.,Linea Farmacia,INHALACION,Bromuro De Ipratropio Monohidratado,,
39312,ME30661,DYFRIN 5 % - 0.5 % SOLUCION OFTALMICA,LABORATORIOS L.O. OFTALMI C.A.,Linea Farmacia,SOLUCION OFTALMICA,Tropicamida,,
38393,ME37256,LORECORT 1 MG - 0.05 MG / 5 ML SOLUCION ORAL,LABORATORIOS L.O. OFTALMI C.A.,Linea Farmacia,SOLUCION ORAL,,,
39194,ME30297,MATIGEL 0.5 % SOLUCION OFTALMICA,LABORATORIOS L.O. OFTALMI C.A.,Linea Farmacia,SOLUCION OFTALMICA,Timolol,,
39337,ME23662,MAXICORT SUSPENSION OFTALMICA,LABORATORIOS L.O. OFTALMI C.A.,Linea Farmacia,SUSPENSION ORAL,Dexametasona - Polimixina B,,
38551,ME42077,NEVAC 0.1 % SUSPENSION OFTALMICA,LABORATORIOS L.O. OFTALMI C.A.,Linea Farmacia,SUSPENSION ORAL,Nepafenaco,,
38585,ME26287,OFTERRA UNGUENTO OFTALMICO,LABORATORIOS L.O. OFTALMI C.A.,Linea Farmacia,UNGUENTO,,,
38581,ME43411,PREDNISOLONA ACETATO 1 % SUSPENSION OFTALMICA,LABORATORIOS L.O. OFTALMI C.A.,Linea Farmacia,SUSPENSION ORAL,,,
38723,ME43467,RESEQUIL 0.1 % LOCION TOPICA,LABORATORIOS L.O. OFTALMI C.A.,Linea Farmacia,SOLUCION TOPICA,Mometasona Furoato,,
39360,ME30996,SALBUTAMOL 0.5 % SOLUCION PARA INHALAR,LABORATORIOS L.O. OFTALMI C.A.,Linea Farmacia,LOCION,Salbutamol,,
38793,ME43690/4,SILDENAFILO 50 MG X 4 TABLETAS RECUBIERTAS,LABORATORIOS L.O. OFTALMI C.A.,Linea Farmacia,TABLETAS,Sildenafilo,,
39396,ME28025,TOBRASOL 3 MG / G UNGUENTO OFTALMICO,LABORATORIOS L.O. OFTALMI C.A.,Linea Farmacia,UNGUENTO,Tobramicina,,
38994,ME43669/3,VITADYN C ZINC 500 MG - 7.5 MG X 60 CAPSULAS,LABORATORIOS L.O. OFTALMI C.A.,Linea Farmacia,CAPSULAS,Ascorbico Acido - Zinc Sulfato Heptahidrato,,
38682,ME44096,PRENIL 3 MG / 1 ML SOLUCION ORAL,LABORATORIOS LEGRAND S.A.,Linea Farmacia,SOLUCION ORAL,Prednisolona,,
38153,ME39975/2,GENESA 3 MG-20 MCG X 21 COMPRIMIDOS RECUBIERTOS,LABORATORIOS LEON FARMA S.A.,Linea Farmacia,COMPRIMIDOS,,,
37338,ME28634,ACICLOR 200 MG / 5 ML POLVO PARA SUSPENSION,LABORATORIOS LETI S.A.V.,Linea Farmacia,POLVO PARA RECONSTITUCION,Aciclovir,,
39016,ME42715,ACICLOR NANOPHARM 5 % CREMA,LABORATORIOS LETI S.A.V.,Linea Farmacia,CREMA,Aciclovir,,
39020,ME33987,ACIDO FOLICO 10 MG / ML SOLUCION ORAL,LABORATORIOS LETI S.A.V.,Linea Farmacia,SOLUCION ORAL,Folico Acido,,
37391,ME32131,ALENDRONATO SODICO 70 MG X 4 COMPRIMIDOS,LABORATORIOS LETI S.A.V.,Linea Farmacia,COMPRIMIDOS,Alendronico Acido,,
37399,ME43815,ALIVET 100 MG - 0.42 MG / ML X 10 SOLUCION ORAL,LABORATORIOS LETI S.A.V.,Linea Farmacia,SOLUCION ORAL,Acetaminofen - Clorfenamina,,
39488,ME44089,ALIVETOS 3 MG - 15 MG / 5 ML SOLUCION ORAL,LABORATORIOS LETI S.A.V.,Linea Farmacia,SOLUCION ORAL,Clorfenamina - Dextrometorfano,,
37434,ME40038,AMLODIPINA - VALSARTAN 5 MG - 160 MG X 30 COMPRIMIDOS RECUBIERTOS,LABORATORIOS LETI S.A.V.,Linea Farmacia,COMPRIMIDOS,Amlodipino - Valsartan,,
37425,ME30206/2,AMLODIPINA 10 MG X 10 COMPRIMIDOS,LABORATORIOS LETI S.A.V.,Linea Farmacia,COMPRIMIDOS,Amlodipino,,
37424,ME30206/4,AMLODIPINA 10 MG X 60 COMPRIMIDOS,LABORATORIOS LETI S.A.V.,Linea Farmacia,COMPRIMIDOS,Amlodipino,,
39050,ME42339,AMPROVIL 0.5 MG X 30 CAPSULAS.,LABORATORIOS LETI S.A.V.,Linea Farmacia,CAPSULAS,Dutasterida,,
39076,ME31478,ARTRODAR 50 MG X 30 CAPSULAS,LABORATORIOS LETI S.A.V.,Linea Farmacia,CAPSULAS,Diacereina,,
37514,ME25982,ATENOLOL 50 MG X 30 COMPRIMIDOS,LABORATORIOS LETI S.A.V.,Linea Farmacia,COMPRIMIDOS,Atenolol,,
39084,ME43982,ATORVASTATINA - EZETIMIBA 20 MG - 10 MG COMPRIMIDOS RECUBIERTOS,LABORATORIOS LETI S.A.V.,Linea Farmacia,COMPRIMIDOS,Atorvastatina - Ezetimiba,,
37518,ME32690/3,ATORVASTATINA 20 MG X 14 COMPRIMIDOS RECUBIERTOS,LABORATORIOS LETI S.A.V.,Linea Farmacia,COMPRIMIDOS,Atorvastatina,,
39474,ME42875,AUTEX 0.1 % CREMA,LABORATORIOS LETI S.A.V.,Linea Farmacia,CREMA,Mometasona Furoato,,
39101,ME44721,BIOTALOL PE 10 MG - 5 MG COMPRIMIDOS RECUBIERTOS,LABORATORIOS LETI S.A.V.,Linea Farmacia,COMPRIMIDOS,Bisoprolol - Perindopril,,
39103,ME44717,BIOTALOL PE 5 MG - 10 MG COMPRIMIDOS RECUBIERTOS,LABORATORIOS LETI S.A.V.,Linea Farmacia,COMPRIMIDOS,Bisoprolol - Perindopril,,
39039,ME44262,BISOPROLOL FUMARATO - AMLODIPINA 5 MG - 10 MG COMPRIMIDOS,LABORATORIOS LETI S.A.V.,Linea Farmacia,COMPRIMIDOS,Amlodipino - Bisoprolol,,
39109,ME39033,BISOPROLOL FUMARATO - HIDROCLOROTIZIDA 2.5 MG - 6.25 MG COMPRIMIDOS RECUBIERTOS,LABORATORIOS LETI S.A.V.,Linea Farmacia,COMPRIMIDOS,,,
37665,ME40335,CANFIR 500 MG X 30 COMPRIMIDOS RECUBIERTOS DE LIBERACION PROLONGADA,LABORATORIOS LETI S.A.V.,Linea Farmacia,COMPRIMIDOS,,,
37670,ME25978/2,CAPTOPRIL 25 MG X 20 COMPRIMIDOS,LABORATORIOS LETI S.A.V.,Linea Farmacia,COMPRIMIDOS,Captopril,,
39100,ME44036,CARIBAN FORTE 20 MG - 20 MG X 20 COMPRIMIDOS RECUBIERTOS DE LIBERACION CONTROLADA,LABORATORIOS LETI S.A.V.,Linea Farmacia,COMPRIMIDOS,Doxilamina - Piridoxina,,
39127,ME43086,CARICEL 2 MG - 0.02 MG COMPRIMIDOS RECUBIERTOS,LABORATORIOS LETI S.A.V.,Linea Farmacia,COMPRIMIDOS,Etinilestradiol,,
37698,ME31748/2,CARVEDILOL 25 MG X 15 COMPRIMIDOS,LABORATORIOS LETI S.A.V.,Linea Farmacia,COMPRIMIDOS,Carvedilol,,
37713,ME40063,CEFIXIMA 100 MG / 5 ML POLVO PARA SUSPENSION ORAL,LABORATORIOS LETI S.A.V.,Linea Farmacia,POLVO PARA RECONSTITUCION,Cefixima,,
39135,ME31589,CETIRIZINA 1 MG / ML SOLUCION ORAL,LABORATORIOS LETI S.A.V.,Linea Farmacia,SOLUCION ORAL,Cetirizina,,
37759,ME26487/3,CIPROFLOXACINA 500 MG X 10 COMPRIMIDOS RECUBIERTOS,LABORATORIOS LETI S.A.V.,Linea Farmacia,COMPRIMIDOS,,,
37760,ME26487/2,CIPROFLOXACINA 500 MG X 6 COMPRIMIDOS RECUBIERTOS,LABORATORIOS LETI S.A.V.,Linea Farmacia,COMPRIMIDOS,,,
37802,ME34084/3,CLOPIDOGREL 75 MG X 20 COMPRIMIDOS RECUBIERTOS,LABORATORIOS LETI S.A.V.,Linea Farmacia,COMPRIMIDOS,Clopidogrel,,
37803,ME34084/4,CLOPIDOGREL 75 MG X 30 COMPRIMIDOS RECUBIERTOS,LABORATORIOS LETI S.A.V.,Linea Farmacia,COMPRIMIDOS,Clopidogrel,,
38542,ME43802,CORIOSYL 500 U.I. - 3.5 MG - 10.000 U.I. / G UNGUENTO,LABORATORIOS LETI S.A.V.,Linea Farmacia,UNGUENTO,Bacitracina - Neomicina - Polimixina B,,
37874,ME32194/2,DEFLAZACORT 6 MG X 10 COMPRIMIDOS,LABORATORIOS LETI S.A.V.,Linea Farmacia,COMPRIMIDOS,Deflazacort,,
37875,ME32194/3,DEFLAZACORT 6 MG X 30 COMPRIMIDOS,LABORATORIOS LETI S.A.V.,Linea Farmacia,COMPRIMIDOS,Deflazacort,,
39179,ME43570,DESLORATADINA - MONTELUKAST 5 MG - 10 MG COMPRIMIDOS RECUBIERTOS,LABORATORIOS LETI S.A.V.,Linea Farmacia,COMPRIMIDOS,Desloratadina - Montelukast,,
39176,ME35191,DESLORATADINA 0.5 MG / ML SOLUCION ORAL,LABORATORIOS LETI S.A.V.,Linea Farmacia,SOLUCION ORAL,Desloratadina,,
39193,ME38499,DIKLASON 1.16 % GEL,LABORATORIOS LETI S.A.V.,Linea Farmacia,GEL,,,
37980,ME44460/2,DONEPEZILO CLORHIDRATO 10 MG X 10 CAPSULAS,LABORATORIOS LETI S.A.V.,Linea Farmacia,CAPSULAS,Donepezilo,,
37979,ME44460/3,DONEPEZILO CLORHIDRATO 10 MG X 56 CAPSULAS,LABORATORIOS LETI S.A.V.,Linea Farmacia,CAPSULAS,Donepezilo,,
37998,ME44046,EMPAGLIFLOZINA - LINAGLIPTINA 10 MG - 5 MG X 30 COMPRIMIDOS RECUBIERTOS,LABORATORIOS LETI S.A.V.,Linea Farmacia,COMPRIMIDOS,Empagliflozina - Linagliptina,,
37999,ME44045,EMPAGLIFLOZINA - LINAGLIPTINA 25 MG - 5 MG X 30 COMPRIMIDOS RECUBIERTOS,LABORATORIOS LETI S.A.V.,Linea Farmacia,COMPRIMIDOS,Empagliflozina - Linagliptina,,
38102,ME40011/3,FLAVOXATO 200 MG X 20 COMPRIMIDOS RECUBIERTOS,LABORATORIOS LETI S.A.V.,Linea Farmacia,COMPRIMIDOS,Flavoxato,,
38137,ME35373,FULGRAM 600 MG - 42.9 MG / 5 ML POLVO PARA SUSPENSION,LABORATORIOS LETI S.A.V.,Linea Farmacia,POLVO PARA RECONSTITUCION,Amoxicilina - Clavulanico Acido,,
39250,ME26698,IBUPROFENO 400 MG COMPRIMIDOS RECUBIERTOS,LABORATORIOS LETI S.A.V.,Linea Farmacia,COMPRIMIDOS,Ibuprofeno,,
39266,ME44048,IZABAN DPP 10 MG - 5 MG COMPRIMIDOS RECUBIERTOS,LABORATORIOS LETI S.A.V.,Linea Farmacia,COMPRIMIDOS,Empagliflozina - Linagliptina,,
38002,ME43619,LERCANIDIPINA CLORHIDRATO - ENALAPRIL MALEATO 10 MG - 10 MG X 30 COMPRIMIDOS RECUBIERTOS,LABORATORIOS LETI S.A.V.,Linea Farmacia,COMPRIMIDOS,Enalapril - Lercanidipino,,
38375,ME27475,LONGACEF 100 MG / 5 ML POLVO PARA SUSPENSION,LABORATORIOS LETI S.A.V.,Linea Farmacia,POLVO PARA RECONSTITUCION,Cefixima,,
38191,ME35183/2,LOSARTAN POTASICO - HIDROCLOROTIAZIDA 100 MG - 25 MG X 10 COMPRIMIDOS RECUBIERTOS,LABORATORIOS LETI S.A.V.,Linea Farmacia,COMPRIMIDOS,Hidroclorotiazida - Losartan,,
38397,ME29469/3,LOSARTAN POTASICO 50 MG X 20 COMPRIMIDOS RECUBIERTOS,LABORATORIOS LETI S.A.V.,Linea Farmacia,COMPRIMIDOS,Losartan,,
38433,ME42290,MAXOTEN 25 MG X 30 COMPRIMIDOS RECUBIERTOS,LABORATORIOS LETI S.A.V.,Linea Farmacia,COMPRIMIDOS,Eplerenona,,
38093,ME13715,MONOSULPA X 260 SOLUCION NASAL,LABORATORIOS LETI S.A.V.,Linea Farmacia,SOLUCION NASAL,,,
39308,ME35447,MONTELUKAST 10 MG COMPRIMIDOS RECUBIERTOS,LABORATORIOS LETI S.A.V.,Linea Farmacia,COMPRIMIDOS,Montelukast,,
39313,ME42756,NAFAZOLINA CLORHIDRATO 0.12 MG / ML SOLUCION OFTALMICA,LABORATORIOS LETI S.A.V.,Linea Farmacia,SOLUCION OFTALMICA,,,
38550,ME43041,NEUROMIX X 30 SOLUCION ORAL,LABORATORIOS LETI S.A.V.,Linea Farmacia,SOLUCION ORAL,Cianocobalamina - Nicotinamida - Piridoxina - Riboflavina - Tiamina,,
38554,ME25984/2,NIFEDIPINA 10 MG X 10 COMPRIMIDOS DISPERSABLES,LABORATORIOS LETI S.A.V.,Linea Farmacia,COMPRIMIDOS,Nifedipino,,
38610,ME41965/3,OMEPRAZOL 40 MG X 30 CAPSULAS GASTRORRESISTENTES,LABORATORIOS LETI S.A.V.,Linea Farmacia,CAPSULAS,,,
38627,ME36024,ORLISTAT 120 MG X 30 CAPSULAS,LABORATORIOS LETI S.A.V.,Linea Farmacia,CAPSULAS,Orlistat,,
39336,ME35922,OXOLAMINA CITRATO 50 MG / 5 ML JARABE,LABORATORIOS LETI S.A.V.,Linea Farmacia,JARABE,,,
38647,ME39670/3,PEGYT 150 MG X 30 CAPSULAS,LABORATORIOS LETI S.A.V.,Linea Farmacia,CAPSULAS,Pregabalina,,
38651,ME27020,PENTOXIFILINA 400 MG X 30 COMPRIMIDOS RECUBIERTOS DE ACCION PROLONGADA,LABORATORIOS LETI S.A.V.,Linea Farmacia,COMPRIMIDOS,Pentoxifilina,,
39345,ME42605B,QUETIAPINA 100 MG COMPRIMIDOS RECUBIERTOS,LABORATORIOS LETI S.A.V.,Linea Farmacia,COMPRIMIDOS,Quetiapina,,
39346,ME42604,QUETIAPINA 25 MG COMPRIMIDOS RECUBIERTOS,LABORATORIOS LETI S.A.V.,Linea Farmacia,COMPRIMIDOS,Quetiapina Hemifumarato,,
38720,ME26538,RANITIDINA 150 MG X 10 COMPRIMIDOS RECUBIERTOS,LABORATORIOS LETI S.A.V.,Linea Farmacia,COMPRIMIDOS,Ranitidina,,
38730,ME39775/2,RIFAMIX 200 MG X 10 COMPRIMIDOS RECUBIERTOS,LABORATORIOS LETI S.A.V.,Linea Farmacia,COMPRIMIDOS,Rifaximina,,
38784,ME31067/3,SERTRALINA 50 MG X 14 COMPRIMIDOS RECUBIERTOS,LABORATORIOS LETI S.A.V.,Linea Farmacia,COMPRIMIDOS,Sertralina,,
38465,ME40568,SITAGLIPTINA -METFORMINA CLORHIDRATO 50 MG-500 MG X 30 COMPRIMIDOS,LABORATORIOS LETI S.A.V.,Linea Farmacia,COMPRIMIDOS,,,
38463,MI41036,SITAGLIPTINA-METFORMINA CLORHIDRATO 50 MG-1000 MG X 30 COMP RECUBIERTOS,LABORATORIOS LETI S.A.V.,Linea Farmacia,,,,
39366,ME40535,SITAGLIS MET 50 MG - 850 MG COMPRIMIDOS RECUBIERTOS,LABORATORIOS LETI S.A.V.,Linea Farmacia,COMPRIMIDOS,Metformina - Sitagliptina,,
38868,HO27849/2,TIOCOLCHICOSIDO 4 MG / 2 ML X 1 AMPOLLA,LABORATORIOS LETI S.A.V.,Linea Hospitalaria,INYECTABLE,Tiocolchicosido,,
38870,HO27849/3,TIOCOLCHICOSIDO 4 MG / 2 ML X 2 AMPOLLAS,LABORATORIOS LETI S.A.V.,Linea Hospitalaria,INYECTABLE,Tiocolchicosido,,
38869,HO27849/4,TIOCOLCHICOSIDO 4 MG / 2 ML X 50 AMPOLLAS,LABORATORIOS LETI S.A.V.,Linea Hospitalaria,INYECTABLE,Tiocolchicosido,,
38916,ME31624/3,VALSARTAN 160 MG X 14 CAPSULAS,LABORATORIOS LETI S.A.V.,Linea Farmacia,CAPSULAS,Valsartan,,
39403,ME36230,VALSARTAN-HIDROCLOROTIAZIDA 160 MG-12.5 MG X 30 COMPRIMIDOS RECUBIERTOS,LABORATORIOS LETI S.A.V.,Linea Farmacia,COMPRIMIDOS,,,
38927,ME33646/2,VASATEN HCT 80 MG - 12.5 MG X 10 COMPRIMIDOS RECUBIERTOS,LABORATORIOS LETI S.A.V.,Linea Farmacia,COMPRIMIDOS,Hidroclorotiazida - Valsartan,,
38928,ME33646/3,VASATEN HCT 80 MG - 12.5 MG X 14 COMPRIMIDOS RECUBIERTOS,LABORATORIOS LETI S.A.V.,Linea Farmacia,COMPRIMIDOS,Hidroclorotiazida - Valsartan,,
39000,ME36302,ZONTRICON 100 MG / 5 ML POLVO PARA SUSPENSION,LABORATORIOS LETI S.A.V.,Linea Farmacia,POLVO PARA RECONSTITUCION,,,
39418,ME32679,ACRYLARM 0.2 % GEL OFTALMICO,LABORATORIOS POEN S.A.U.,Linea Farmacia,GEL,,,
38134,ME31562,FOTORRETIN 0.5 % - 5 % SOLUCION OFTALMICA,LABORATORIOS POEN S.A.U.,Linea Farmacia,SOLUCION OFTALMICA,Tropicamida,,
39565,ME31563,POENTOBRAL PLUS 0.3 %- 0.1 % SUSPENSION OFTALMICA,LABORATORIOS POEN S.A.U.,Linea Farmacia,SUSPENSION ORAL,Dexametasona - Tobramicina,,
37502,ME31150,ASCAFYL PLUS X 10 TABLETAS RECUBIERTAS,LABORATORIOS SIEGFRIED S.A.,Linea Farmacia,TABLETAS,Acetaminofen - Cafeina,,
39077,ME41093,ASCAFYL SC 80 MG - 0.4 MG / ML SOLUCION ORAL,LABORATORIOS SIEGFRIED S.A.,Linea Farmacia,SOLUCION ORAL,Acetaminofen - Clorfeniramina,,
37503,ME17492,ASCAFYL X 10 TABLETAS RECUBIERTAS,LABORATORIOS SIEGFRIED S.A.,Linea Farmacia,TABLETAS,Acetaminofen - Cafeina,,
38637,ME44653,ATAREM 100 MG / 5 ML SOLUCION ORAL,LABORATORIOS SIEGFRIED S.A.,Linea Farmacia,SOLUCION ORAL,Paracetamol,,
37563,ME33045/2,BENZODIAZOL 0.25 MG - 5 MG X 4 PASTILLAS SABOR A TUTTI FRUTTI,LABORATORIOS SIEGFRIED S.A.,Linea Farmacia,PASTILLA,,,
37634,ME43035/2,BUTAL 8 MG X 10 TABLETAS RECUBIERTAS,LABORATORIOS SIEGFRIED S.A.,Linea Farmacia,TABLETAS,Betahistina,,
37648,ME25320,CAMPAL 50 MG X 20 TABLETAS ENTERICAS,LABORATORIOS SIEGFRIED S.A.,Linea Farmacia,TABLETAS,,,
39120,ME44634,CAMPAL P 15 MG / ML SUSPENSION ORAL,LABORATORIOS SIEGFRIED S.A.,Linea Farmacia,SOLUCION ORAL,Diclofenaco,,
37807,ME34774,CLOPIDOGREL 75 MG X 30 TABLETAS RECUBIERTAS,LABORATORIOS SIEGFRIED S.A.,Linea Farmacia,TABLETAS,Clopidogrel,,
38045,ME33352/2,ESPIRONOLACTONA 25 MG X 10 TABLETAS,LABORATORIOS SIEGFRIED S.A.,Linea Farmacia,TABLETAS,Espironolactona,,
39255,ME42947,IMAZOL DUAL 100 MG CAPSULAS BLANDAS VAGINALES - 1 % X 6 CREMA VAGINAL,LABORATORIOS SIEGFRIED S.A.,Linea Farmacia,CAPSULAS,Clotrimazol,,
38259,ME43716,IRBETIAZID 150 MG - 12.5 MG X 28 TABLETAS,LABORATORIOS SIEGFRIED S.A.,Linea Farmacia,TABLETAS,Hidroclorotiazida - Irbesartan,,
38370,ME28967,LOFLOX 400 MG X 10 TABLETAS RECUBIERTAS,LABORATORIOS SIEGFRIED S.A.,Linea Farmacia,TABLETAS,,,
38472,ME29532/3,METREN 500 MG X 15 CAPSULAS BLANDAS VAGINALES,LABORATORIOS SIEGFRIED S.A.,Linea Farmacia,CAPSULAS,Metronidazol,,
38643,ME42399,PASOLAX POLVO PARA SOLUCION ORAL,LABORATORIOS SIEGFRIED S.A.,Linea Farmacia,POLVO PARA RECONSTITUCION,,,
39504,MI44615,SIEGEXANIA 0.05 % EMULSION,LABORATORIOS SIEGFRIED S.A.,Linea Farmacia,INYECTABLE,Clobetasol Propionato,,
38862,ME17508,TILODRIN 30 MG / 15 ML JARABE,LABORATORIOS SIEGFRIED S.A.,Linea Farmacia,JARABE,,,
38861,ME12998,TILODRIN 4 MG / ML SOLUCION ORAL,LABORATORIOS SIEGFRIED S.A.,Linea Farmacia,SOLUCION ORAL,,,
39564,ME41980,DUSTALOX 0.5 % SOLUCION OFTALMICA,LABORATORIOS SOPHIA S.A. DE C.V,Linea Farmacia,SOLUCION OFTALMICA,,,
37326,ME39115,ACETAMINOFEN - TRAMADOL 325 MG - 37.5 MG X 10 COMPRIMIDOS,LABORATORIOS SPEFAR VENEZOLANOS S.A.,Linea Farmacia,COMPRIMIDOS,,,
37316,ME25466/2,ACETAMINOFEN 500 MG X 10 COMPRIMIDOS,LABORATORIOS SPEFAR VENEZOLANOS S.A.,Linea Farmacia,COMPRIMIDOS,Acetaminofen,,
37317,ME25466/3,ACETAMINOFEN 500 MG X 30 COMPRIMIDOS,LABORATORIOS SPEFAR VENEZOLANOS S.A.,Linea Farmacia,COMPRIMIDOS,Acetaminofen,,
39017,ME37056,ACIDO ACETIL SALICILICO 81 MG X 30 COMPRIMIDOS ENTERICOS,LABORATORIOS SPEFAR VENEZOLANOS S.A.,Linea Farmacia,COMPRIMIDOS,Acetilsalicilico Acido,,
37368,ME43334,ADAPALENO - CLINDAMICINA 0.1 % - 1 % GEL,LABORATORIOS SPEFAR VENEZOLANOS S.A.,Linea Farmacia,GEL,Adapaleno,,
39037,ME42427,AMLODIPINO 10 MG X 20 COMPRIMIDOS,LABORATORIOS SPEFAR VENEZOLANOS S.A.,Linea Farmacia,COMPRIMIDOS,,,
39040,ME42428,AMLODIPINO 5 MG X 20 COMPRIMIDOS,LABORATORIOS SPEFAR VENEZOLANOS S.A.,Linea Farmacia,COMPRIMIDOS,,,
37435,ME42534,AMOXICILINA - ACIDO CLAVULANICO 250 MG - 62.5 MG / 5 ML POLVO PARA SUSPENSION ORAL,LABORATORIOS SPEFAR VENEZOLANOS S.A.,Linea Farmacia,POLVO PARA RECONSTITUCION,Amoxicilina - Clavulanico Acido,,
39044,ME29931,AMOXICILINA 250 MG / 5 ML POLVO PARA SUSPENSION ORAL,LABORATORIOS SPEFAR VENEZOLANOS S.A.,Linea Farmacia,POLVO PARA RECONSTITUCION,,,
39046,ME32087,AMOXICILINA 750 MG / 5 ML POLVO PARA SUSPENSION ORAL,LABORATORIOS SPEFAR VENEZOLANOS S.A.,Linea Farmacia,POLVO PARA RECONSTITUCION,Amoxicilina,,
39086,ME42454,ATORVASTATINA 40 MG COMPRIMIDOS RECUBIERTOS,LABORATORIOS SPEFAR VENEZOLANOS S.A.,Linea Farmacia,COMPRIMIDOS,Atorvastatina,,
37545,ME31564/2,AZITROMICINA 500 MG X 3 COMPRIMIDOS RECUBIERTOS,LABORATORIOS SPEFAR VENEZOLANOS S.A.,Linea Farmacia,COMPRIMIDOS,Azitromicina,,
37544,ME31564/3,AZITROMICINA 500 MG X 5 COMPRIMIDOS RECUBIERTOS,LABORATORIOS SPEFAR VENEZOLANOS S.A.,Linea Farmacia,COMPRIMIDOS,Azitromicina,,
39108,ME42429,BISOPROLOL FUMARATO - HIDROCLOROTIAZIDA 10 MG - 6.25 MG COMPRIMIDOS RECUBIERTOS,LABORATORIOS SPEFAR VENEZOLANOS S.A.,Linea Farmacia,COMPRIMIDOS,Hidroclorotiazida,,
39105,ME42418,BISOPROLOL FUMARATO 1.25 MG COMPRIMIDOS RECUBIERTOS,LABORATORIOS SPEFAR VENEZOLANOS S.A.,Linea Farmacia,COMPRIMIDOS,Bisoprolol,,
37592,ME42421,BISOPROLOL FUMARATO 10 MG X 30 COMPRIMIDOS RECUBIERTOS,LABORATORIOS SPEFAR VENEZOLANOS S.A.,Linea Farmacia,COMPRIMIDOS,Bisoprolol,,
39110,ME42419,BISOPROLOL FUMARATO 2.5 MG COMPRIMIDOS RECUBIERTOS,LABORATORIOS SPEFAR VENEZOLANOS S.A.,Linea Farmacia,COMPRIMIDOS,Bisoprolol,,
39107,ME42420,BISOPROLOL FUMARATO 5 MG COMPRIMIDOS RECUBIERTOS,LABORATORIOS SPEFAR VENEZOLANOS S.A.,Linea Farmacia,COMPRIMIDOS,Bisoprolol,,
37616,ME35158,BROMHEXINA CLORHIDRATO 8 MG / 5 ML JARABE,LABORATORIOS SPEFAR VENEZOLANOS S.A.,Linea Farmacia,JARABE,,,
39121,ME42750,CANDESARTAN CILEXETILO 8 MG COMPRIMIDOS,LABORATORIOS SPEFAR VENEZOLANOS S.A.,Linea Farmacia,COMPRIMIDOS,Candesartan,,
39496,ME42542,CARBONATO DE CALCIO 750 MG X 20 TABLETAS MASTICABLES SABOR MENTA,LABORATORIOS SPEFAR VENEZOLANOS S.A.,Linea Farmacia,TABLETAS,,,
39134,ME36608,CETIRIZINA CLORHIDRATO 10 MG / ML SOLUCION ORAL GOTAS,LABORATORIOS SPEFAR VENEZOLANOS S.A.,Linea Farmacia,SOLUCION ORAL,Cetirizina,,
39142,ME32032,CIPROFLOXACINA 750 MG COMPRIMIDOS RECUBIERTOS,LABORATORIOS SPEFAR VENEZOLANOS S.A.,Linea Farmacia,COMPRIMIDOS,,,
39143,ME33398,CLARITROMICINA 500 MG COMPRIMIDOS RECUBIERTOS,LABORATORIOS SPEFAR VENEZOLANOS S.A.,Linea Farmacia,COMPRIMIDOS,Claritromicina,,
39458,ME42403,CLINDAMICINA 1 % GEL TOPICO,LABORATORIOS SPEFAR VENEZOLANOS S.A.,Linea Farmacia,GEL,Clindamicina,,
39144,ME42557,CLINDAMICINA 300 MG X 16 CAPSULAS,LABORATORIOS SPEFAR VENEZOLANOS S.A.,Linea Farmacia,CAPSULAS,Clindamicina,,
37614,ME26069,CLORHIDRATO DE BROMEXINA 8 MG / 5 ML JARABE.,LABORATORIOS SPEFAR VENEZOLANOS S.A.,Linea Farmacia,JARABE,Bromhexina,,
39158,ME1412,COMPLEJO DE VITAMINA B X 20 TABLETAS,LABORATORIOS SPEFAR VENEZOLANOS S.A.,Linea Farmacia,TABLETAS,,,
37900,ME42492/3,DEXAMETASONA 4 MG X 100 COMPRIMIDOS,LABORATORIOS SPEFAR VENEZOLANOS S.A.,Linea Farmacia,COMPRIMIDOS,Dexametasona,,
39182,ME31107,DICLOFENAC DIETILAMINO 1.16 % GEL,LABORATORIOS SPEFAR VENEZOLANOS S.A.,Linea Farmacia,GEL,,,
39227,ME37521,GABAPENTINA 400 MG X 20 CAPSULAS,LABORATORIOS SPEFAR VENEZOLANOS S.A.,Linea Farmacia,CAPSULAS,Gabapentina,,
39245,ME42460,HIDROCLOROTIAZIDA 12.5 MG COMPRIMIDOS,LABORATORIOS SPEFAR VENEZOLANOS S.A.,Linea Farmacia,COMPRIMIDOS,Hidroclorotiazida,,
39247,ME42590,HIDROCLOROTIAZIDA 25 MG COMPRIMIDOS,LABORATORIOS SPEFAR VENEZOLANOS S.A.,Linea Farmacia,COMPRIMIDOS,Hidroclorotiazida,,
39249,ME30199,IBUPROFENO 100 MG / 5 ML SUSPENSION ORAL,LABORATORIOS SPEFAR VENEZOLANOS S.A.,Linea Farmacia,SOLUCION ORAL,Ibuprofeno,,
39248,ME39472,IBUPROFENO 400 MG-TIOCOLCHICOSIDO 4 MG COMPRIMIDOS,LABORATORIOS SPEFAR VENEZOLANOS S.A.,Linea Farmacia,COMPRIMIDOS,,,
39258,ME42456,IRBESARTAN 300 MG COMPRIMIDOS,LABORATORIOS SPEFAR VENEZOLANOS S.A.,Linea Farmacia,COMPRIMIDOS,Irbesartan,,
38299,ME36886,KETOROLAC TROMETAMINA 20 MG X 10 COMPRIMIDOS,LABORATORIOS SPEFAR VENEZOLANOS S.A.,Linea Farmacia,COMPRIMIDOS,,,
38365,ME22407,LISOMUCIN 8 MG / 5 ML JARABE,LABORATORIOS SPEFAR VENEZOLANOS S.A.,Linea Farmacia,JARABE,,,
39286,ME43371,LOBEDRIN 6 MG / ML SOLUCION ORAL,LABORATORIOS SPEFAR VENEZOLANOS S.A.,Linea Farmacia,SOLUCION ORAL,Levodropropizina,,
38379,ME43709,LOPERAMIDA 2 MG X 100 COMPRIMIDOS,LABORATORIOS SPEFAR VENEZOLANOS S.A.,Linea Farmacia,COMPRIMIDOS,Loperamida,,
38390,ME42490,LORATADINA - BETAMETASONA 5 MG - 0.25 MG COMPRIMIDOS,LABORATORIOS SPEFAR VENEZOLANOS S.A.,Linea Farmacia,COMPRIMIDOS,Betametasona - Loratadina,,
38382,ME30034,LORATADINA 1 MG / ML JARABE,LABORATORIOS SPEFAR VENEZOLANOS S.A.,Linea Farmacia,JARABE,Loratadina,,
39287,ME29812,LORATADINA 10 MG COMPRIMIDOS,LABORATORIOS SPEFAR VENEZOLANOS S.A.,Linea Farmacia,COMPRIMIDOS,Loratadina,,
39291,ME42439,LOSARTAN POTASICO 100 MG COMPRIMIDOS RECUBIERTOS,LABORATORIOS SPEFAR VENEZOLANOS S.A.,Linea Farmacia,COMPRIMIDOS,Losartan,,
39296,ME31259,MELOXICAM 15 MG COMPRIMIDOS,LABORATORIOS SPEFAR VENEZOLANOS S.A.,Linea Farmacia,COMPRIMIDOS,Meloxicam,,
39299,ME37492,METFORMINA CLORHIDRATO 850 MG COMPRIMIDOS,LABORATORIOS SPEFAR VENEZOLANOS S.A.,Linea Farmacia,COMPRIMIDOS,Metformina,,
38475,ME42520,METRONIDAZOL 0.75 % GEL,LABORATORIOS SPEFAR VENEZOLANOS S.A.,Linea Farmacia,GEL,Metronidazol,,
39328,ME30489,OMEPRAZOL 20 MG X 28 CAPSULAS,LABORATORIOS SPEFAR VENEZOLANOS S.A.,Linea Farmacia,CAPSULAS,,,
38632,ME26219,OXOLAMINA CITRATO 50 MG / 5 ML JARABE,LABORATORIOS SPEFAR VENEZOLANOS S.A.,Linea Farmacia,JARABE,,,
39348,ME42526,QUETIAPINA 25 MG COMPRIMIDOS,LABORATORIOS SPEFAR VENEZOLANOS S.A.,Linea Farmacia,COMPRIMIDOS,Quetiapina,,
38718,ME37058,RAMIPRIL 2.5 MG X 30 COMPRIMIDOS,LABORATORIOS SPEFAR VENEZOLANOS S.A.,Linea Farmacia,COMPRIMIDOS,Ramipril,,
39361,ME42518,SERTRALINA 100 MG COMPRIMIDOS,LABORATORIOS SPEFAR VENEZOLANOS S.A.,Linea Farmacia,COMPRIMIDOS,Sertralina,,
39362,ME42517,SERTRALINA 50 MG COMPRIMIDOS,LABORATORIOS SPEFAR VENEZOLANOS S.A.,Linea Farmacia,COMPRIMIDOS,Sertralina,,
39358,ME36523,SIMVASTATINA 20 MG COMPRIMIDOS RECUBIERTOS,LABORATORIOS SPEFAR VENEZOLANOS S.A.,Linea Farmacia,COMPRIMIDOS,Simvastatina,,
39375,ME31158,SULTAMICILINA 250 MG / 5 ML POLVO PARA SUSPENSION ORAL,LABORATORIOS SPEFAR VENEZOLANOS S.A.,Linea Farmacia,POLVO PARA RECONSTITUCION,,,
39376,ME32130,SULTAMICILINA 750 MG COMPRIMIDOS RECUBIERTOS,LABORATORIOS SPEFAR VENEZOLANOS S.A.,Linea Farmacia,COMPRIMIDOS,,,
38844,ME42589,TAMSULOSINA CLORHIDRATO 0.4 MG X 30 CAPSULAS DE LIBERACION PROLONGADA,LABORATORIOS SPEFAR VENEZOLANOS S.A.,Linea Farmacia,CAPSULAS,Tamsulosina,,
37375,HO1694,AGUA DESTILADA ESTERIL SOLUCION INYECTABLE,LABORATORIOS VALMOR C.A.,Linea Hospitalaria,INYECTABLE,,,
37420,HO26424,AMIKACINA 100 MG / 2 ML X 10 AMPOLLAS,LABORATORIOS VALMOR C.A.,Linea Hospitalaria,INYECTABLE,,,
37419,HO24946,AMIKACINA 500 MG / 2 ML X 1 AMPOLLA,LABORATORIOS VALMOR C.A.,Linea Hospitalaria,INYECTABLE,Amikacina,,
37452,ME22089,AMOXIVAL 250 MG / 5 ML POLVO PARA SUSPENSION ORAL,LABORATORIOS VALMOR C.A.,Linea Farmacia,POLVO PARA RECONSTITUCION,Amoxicilina,,
37451,ME37262,AMOXIVAL 750 ML / 5 ML POLVO PARA SUSPENSION ORAL,LABORATORIOS VALMOR C.A.,Linea Farmacia,POLVO PARA RECONSTITUCION,Amoxicilina,,
39048,ME43043,AMOXIVALAC 250 MG - 62.5 MG / 5 ML POLVO PARA SUSPENSION ORAL,LABORATORIOS VALMOR C.A.,Linea Farmacia,POLVO PARA RECONSTITUCION,Amoxicilina - Clavulanato Potasio,,
39049,ME43949,AMOXIVALAC 600 MG – 42.9 MG / 5 ML POLVO PARA SUSPENSION ORAL,LABORATORIOS VALMOR C.A.,Linea Farmacia,POLVO PARA RECONSTITUCION,Amoxicilina,,
37650,ME40363/2,CANDER HCT 16 MG - 12.5 MG X 10 TABLETAS,LABORATORIOS VALMOR C.A.,Linea Farmacia,TABLETAS,,,
37676,ME24815/2,CARBAMAZEPINA 200 MG X 10 COMPRIMIDOS,LABORATORIOS VALMOR C.A.,Linea Farmacia,COMPRIMIDOS,Carbamazepina,,
37677,ME24815/3,CARBAMAZEPINA 200 MG X 20 COMPRIMIDOS,LABORATORIOS VALMOR C.A.,Linea Farmacia,COMPRIMIDOS,Carbamazepina,,
37795,HO31483/3,CLONIDINA CLORHIDRATO 0.150 MG / ML X 30 AMPOLLAS,LABORATORIOS VALMOR C.A.,Linea Hospitalaria,INYECTABLE,,,
37825,ME25498,CO-SULTRIN 40 MG - 200 MG / 5 ML X 20 SUSPENSION,LABORATORIOS VALMOR C.A.,Linea Farmacia,SUSPENSION ORAL,,,
38451,HO21983/3,DIPIRONA 1 G / 2 ML X 5 AMPOLLAS,LABORATORIOS VALMOR C.A.,Linea Hospitalaria,INYECTABLE,,,
37991,ME32615/5,DUROVAL 50 MG X 10 TABLETAS RECUBIERTAS,LABORATORIOS VALMOR C.A.,Linea Farmacia,TABLETAS,,,
38048,ME43795,ESQUIDONE 1 MG / ML X 30 SOLUCION ORAL,LABORATORIOS VALMOR C.A.,Linea Farmacia,SOLUCION ORAL,Risperidona,,
38139,HO32365,FUROSEMIDA 20 MG / 2 ML X 3 AMPOLLAS,LABORATORIOS VALMOR C.A.,Linea Hospitalaria,INYECTABLE,Furosemida,,
38501,ME43794/2,MIRTAZAVAL 15 MG X 10 TABLETAS RECUBIERTAS,LABORATORIOS VALMOR C.A.,Linea Farmacia,TABLETAS,Mirtazapina,,
39317,HO44715,NEULEVAL 500 MG / 100 ML X 10 AMPOLLAS,LABORATORIOS VALMOR C.A.,Linea Hospitalaria,INYECTABLE,Levofloxacino,,
39334,ME26053,OXOLAMINA 28 MG / 5 ML JARABE,LABORATORIOS VALMOR C.A.,Linea Farmacia,JARABE,,,
39335,ME26052,OXOLAMINA 50 MG / 5 ML JARABE,LABORATORIOS VALMOR C.A.,Linea Farmacia,JARABE,,,
39359,ME27689,SALBUROL 0.5 % SOLUCION PARA INHALACION,LABORATORIOS VALMOR C.A.,Linea Farmacia,INHALACION,Salbutamol,,
38884,ME40295,TRACEVAL 500 MG - 50 MG X 20 TABLETAS,LABORATORIOS VALMOR C.A.,Linea Farmacia,TABLETAS,,,
38926,ME38613,VALSARTAN - HIDROCLOROTIAZIDA 80 MG - 12.5 MG X 30 TABLETAS RECUBIERTAS,LABORATORIOS VALMOR C.A.,Linea Farmacia,TABLETAS,Hidroclorotiazida - Valsartan,,
39089,ME44273,ATROVERAN FORTE 20 MG TABLETAS RECUBIERTAS,LABORATORIOS VARGAS S.A.,Linea Farmacia,TABLETAS,,,
37586,ME44259/2,BIPROLIL HCT 5 MG - 6.25 MG X 15 COMPRIMIDOS RECUBIERTOS,LABORATORIOS VARGAS S.A.,Linea Farmacia,COMPRIMIDOS,Bisoprolol - Hidroclorotiazida,,
37831,ME34845,COLLOVAR SOLUCION,LABORATORIOS VARGAS S.A.,Linea Farmacia,LOCION,Lactico Acido - Salicilico Acido,,
39472,ME37301,DICLOFENAC SODICO 1 % GEL,LABORATORIOS VARGAS S.A.,Linea Farmacia,GEL,Diclofenaco,,
38159,ME26275,GLIBENCLAMIDA 5 MG X 30 TABLETAS,LABORATORIOS VARGAS S.A.,Linea Farmacia,TABLETAS,Glibenclamida,,
39242,ME27231,GYNOVIT SOLUCION DUCHA VAGINAL,LABORATORIOS VARGAS S.A.,Linea Farmacia,LOCION,Acetico Acido,,
39190,ME43966,LERCANIDIPINO 10 MG X 10 COMPRIMIDOS RECUBIERTOS,LABORATORIOS VARGAS S.A.,Linea Farmacia,COMPRIMIDOS,Acetaminofen - Lercanidipino,,
38195,ME36980/2,LOSARTAN POTASICO - HIDROCLOROTIAZIDA 100 MG - 25 MG X 10 COMPRIMIDOS RECUB,LABORATORIOS VARGAS S.A.,Linea Farmacia,COMPRIMIDOS,,,
38196,ME36980/3,LOSARTAN POTASICO - HIDROCLOROTIAZIDA 100 MG - 25 MG X 30 COMPRIMIDOS RECUB,LABORATORIOS VARGAS S.A.,Linea Farmacia,COMPRIMIDOS,,,
38398,ME36979,LOSARTAN POTASICO - HIDROCLOROTIAZIDA 50 MG - 12.5 MG COMPRIMIDOS RECU,LABORATORIOS VARGAS S.A.,Linea Farmacia,COMPRIMIDOS,,,
39307,ME21495,MODERAN 10.1 G / 15 ML SOLUCION ORAL,LABORATORIOS VARGAS S.A.,Linea Farmacia,SOLUCION ORAL,Lactulosa,,
38558,ME39909,NIPE 100 MG - 0.25 MG / ML X 6 SOLUCION ORAL EN GOTAS,LABORATORIOS VARGAS S.A.,Linea Farmacia,SOLUCION ORAL,Acetaminofen,,
39320,ME37950,NOVACODIN 50 MG / 5 ML SOLUCION ORAL,LABORATORIOS VARGAS S.A.,Linea Farmacia,SOLUCION ORAL,Guaifenesina,,
38852,ME22980,NUELIN 80 MG / 15 ML JARABE,LABORATORIOS VARGAS S.A.,Linea Farmacia,JARABE,Teofilina,,
37910,ME40663,PREVERAL CON DEXTROMETORFANO 3 MG - 15 MG / 5 ML SOLUCION ORAL,LABORATORIOS VARGAS S.A.,Linea Farmacia,SOLUCION ORAL,Dextrometorfano,,
39350,ME34879,REFLUXYL 0.400 G - 0.375 G / 15 ML SUSPENSION ORAL,LABORATORIOS VARGAS S.A.,Linea Farmacia,SUSPENSION ORAL,Alginato Sodio,,
39583,ME26303,ULCIRAM 1 G / 5 ML X 20 SUSPENSION ORAL,LABORATORIOS VARGAS S.A.,Linea Farmacia,SUSPENSION ORAL,,,
38913,ME44208/2,VALSARTAN 160 MG X 10 COMPRIMIDOS RECUBIERTOS,LABORATORIOS VARGAS S.A.,Linea Farmacia,COMPRIMIDOS,Valsartan,,
38915,ME44208/4,VALSARTAN 160 MG X 30 COMPRIMIDOS RECUBIERTOS,LABORATORIOS VARGAS S.A.,Linea Farmacia,COMPRIMIDOS,Valsartan,,
39538,ME40272,LEVOFERIN 30 MG / 5 ML SOLUCION,LABORATORIOS VINCENTI C.A.,Linea Farmacia,LOCION,Levodropropizina,,
38799,ME32020,SINUTIL JARABE,LABORATORIOS VINCENTI C.A.,Linea Farmacia,JARABE,Acetaminofen - Cafeina,,
38701,ME14671,PREVERAL CON CODEINA JARABE,LABORATORIOS WYETH S.A.,Linea Farmacia,JARABE,,,
37908,ME14784,PREVERAL CON DEXTROMETORFANO 6.25 MG-15.00 MG / 5 ML JARABE PEDIATRICO,LABORATORIOS WYETH S.A.,Linea Farmacia,JARABE,,,
38160,ME39843,METFORMINA CLORHIDRATO - GLIBENCLAMIDA 500 MG - 5 MG TABLETAS RECUBIERTAS,LEK PHARMACEUTICALS D.D,Linea Farmacia,TABLETAS,Glibenclamida,,
38456,ME42410,METFORMINA CLORHIDRATO 1000 MG X 30 TABLETAS RECUBIERTAS,LEK PHARMACEUTICALS D.D,Linea Farmacia,TABLETAS,Metformina,,
37361,ME37466,FUCIDIN H 20 MG - 10 MG / G CREMA.,LEO LABORATORIES LTD IRLANDA,Linea Farmacia,CREMA,Acido Fusidico Hemihidrato,,
38349,ME42576/2,LEVOTIROXINA SODICA 100 MCG X 10 TABLETAS,MACLEODS PHARMACEUTICALS LTD,Linea Farmacia,TABLETAS,Levotiroxina,,
38350,ME42576/3,LEVOTIROXINA SODICA 100 MCG X 50 TABLETAS,MACLEODS PHARMACEUTICALS LTD,Linea Farmacia,TABLETAS,Levotiroxina,,
38442,ME43017/2,MEMANTINA CLORHIDRATO 10 MG X 10 TABLETAS RECUBIERTAS,MACLEODS PHARMACEUTICALS LTD,Linea Farmacia,TABLETAS,Memantina,,
38444,ME43017/3,MEMANTINA CLORHIDRATO 10 MG X 14 TABLETAS RECUBIERTAS,MACLEODS PHARMACEUTICALS LTD,Linea Farmacia,TABLETAS,Memantina,,
38443,ME43017/4,MEMANTINA CLORHIDRATO 10 MG X 28 TABLETAS RECUBIERTAS,MACLEODS PHARMACEUTICALS LTD,Linea Farmacia,TABLETAS,Memantina,,
37749,ME39629,PROFITIP 100 MG X 30 TABLETAS,MACLEODS PHARMACEUTICALS LTD,Linea Farmacia,TABLETAS,,,
38748,ME44475,ROSUTAN 10 MG X 30 TABLETAS RECUBIERTAS,MACLEODS PHARMACEUTICALS LTD,Linea Farmacia,TABLETAS,Rosuvastatina,,
39469,ME44385,DUNIXI 10 MG X 30 COMPRIMIDOS RECUBIERTOS,MALVIYA CHEMICALS & PHARMACEUTICALS (P) LTD,Linea Farmacia,COMPRIMIDOS,Dapagliflozina,,
38833,ME41156/2,TALYSTO 5 MG X 10 TABLETAS MASTICABLES,MANUFACTURERA MUNDIAL FARMACEUTICA M.M.F. C.A.,Linea Farmacia,TABLETAS,Tadalafilo,,
38834,ME41156/3,TALYSTO 5 MG X 30 TABLETAS MASTICABLES,MANUFACTURERA MUNDIAL FARMACEUTICA M.M.F. C.A.,Linea Farmacia,TABLETAS,Tadalafilo,,
37935,ME43220,DICLOXACILINA 250 MG / 5 ML POLVO PARA SUSPENSION ORAL,MANUFACTURERA MUNDIAL FARMACEUTICA S.A.,Linea Farmacia,POLVO PARA RECONSTITUCION,,,
37708,ME42857,CEFADROXILO 500 MG X 10 TABLETAS,MARS REMEDIES PVT. LTD.,Linea Farmacia,TABLETAS,Cefadroxilo,,
37302,ME43094,ACIDO IBANDRONICO 150 MG X 1 TABLETA RECUBIERTA,MASCOT HEALTH SERIES PVT. LTD.,Linea Farmacia,TABLETAS,Acido Ibandronico Sodio Monohidrato,,
37655,ME43341,CANDESARTAN CILETEXILO – HIDROCLOROTIAZIDA 8 MG – 12.5 MG TABLETAS RECUBIERTAS,MASCOT HEALTH SERIES PVT. LTD.,Linea Farmacia,TABLETAS,,,
39545,ME43010,DESLORATADINA - MONTELUKAST 5 MG - 10 MG X 30 TABLETAS RECUBIERTAS,MASCOT HEALTH SERIES PVT. LTD.,Linea Farmacia,TABLETAS,Desloratadina - Montelukast,,
38120,ME42709/2,FLUCONAZOL 150 MG X 2 TABLETAS,MASCOT HEALTH SERIES PVT. LTD.,Linea Farmacia,TABLETAS,Fluconazol,,
38121,ME42709/3,FLUCONAZOL 150 MG X 4 TABLETAS,MASCOT HEALTH SERIES PVT. LTD.,Linea Farmacia,TABLETAS,Fluconazol,,
38125,ME43024,FLUNARIZINA 10 MG X 30 TABLETAS RECUBIERTAS,MASCOT HEALTH SERIES PVT. LTD.,Linea Farmacia,TABLETAS,Flunarizina,,
37632,HO43908,BUPIVACAINA 50 MG / 10 ML SOLUCION INYECTABLE,MEDVAL C.A.,Linea Hospitalaria,INYECTABLE,Bupivacaina,,
37350,HO3187/3,ACIDO FOLICO 10 MG / ML X 10 AMPOLLAS,MEGALABS S.A.,Linea Hospitalaria,INYECTABLE,Folico Acido,,
37352,HO3187/4,ACIDO FOLICO 10 MG / ML X 20 AMPOLLAS,MEGALABS S.A.,Linea Hospitalaria,INYECTABLE,Folico Acido,,
37356,ME4630/2,ACIDO FOLICO 10 MG X 10 COMPRIMIDOS,MEGALABS S.A.,Linea Farmacia,COMPRIMIDOS,Folico Acido,,
37296,ME4629/2,ACIDO FOLICO 5 MG X 10 COMPRIMIDOS,MEGALABS S.A.,Linea Farmacia,COMPRIMIDOS,Folico Acido,,
39133,ME43851,CETERIX 10 MG COMPRIMIDOS,MEGALABS S.A.,Linea Farmacia,COMPRIMIDOS,Cetirizina,,
37774,ME23979,CLENBUNAL 0.005 MG / 5 ML SOLUCION ORAL,MEGALABS S.A.,Linea Farmacia,SOLUCION ORAL,,,
37775,ME29289,CLENBUNAL 0.014 MG / ML SOLUCION ORAL,MEGALABS S.A.,Linea Farmacia,SOLUCION ORAL,,,
37415,ME29182,CLORHIDRATO DE AMBROXOL 15 MG / 5ML.SOLUCION ORAL,MEGALABS S.A.,Linea Farmacia,SOLUCION ORAL,Ambroxol,,
37844,ME39494/3,CORENTEL 1.25 MG X 30 COMPRIMIDOS RECUBIERTOS,MEGALABS S.A.,Linea Farmacia,COMPRIMIDOS,,,
37841,ME35619/2,CORENTEL 10 MG X 10 COMPRIMIDOS RECUBIERTOS,MEGALABS S.A.,Linea Farmacia,COMPRIMIDOS,,,
37842,ME35619/3,CORENTEL 10 MG X 30 COMPRIMIDOS RECUBIERTOS,MEGALABS S.A.,Linea Farmacia,COMPRIMIDOS,,,
37864,ME30715/4,DALTAZEN 60 MG X 30 COMPRIMIDOS,MEGALABS S.A.,Linea Farmacia,COMPRIMIDOS,Diltiazem,,
37882,MI37676,DERMACORTINE 0.1 % EMULSION,MEGALABS S.A.,Linea Farmacia,INYECTABLE,Mometasona,,
37971,ME43320,DOLCAN 9 MG / 5 ML SUSPENSION ORAL,MEGALABS S.A.,Linea Farmacia,SOLUCION ORAL,,,
39457,ME44393,DOLMOBROX 15 MG / 5 ML SOLUCION ORAL,MEGALABS S.A.,Linea Farmacia,SOLUCION ORAL,Dextrometorfano,,
38016,ME40959/2,ESCITALOPRAM 10 MG X 14 COMPRIMIDOS RECUBIERTOS,MEGALABS S.A.,Linea Farmacia,COMPRIMIDOS,Escitalopram,,
38015,ME40959/4,ESCITALOPRAM 10 MG X 56 COMPRIMIDOS RECUBIERTOS,MEGALABS S.A.,Linea Farmacia,COMPRIMIDOS,Escitalopram,,
38019,ME40960/2,ESCITALOPRAM 20 MG X 28 COMPRIMIDOS RECUBIERTOS,MEGALABS S.A.,Linea Farmacia,COMPRIMIDOS,Escitalopram,,
38044,ME35208,ESPARFLIN 0.5 MG / ML X 10 JARABE,MEGALABS S.A.,Linea Farmacia,JARABE,Desloratadina,,
38066,ME42311,FEBRATIC 15 MG / ML SUSPENSION ORAL,MEGALABS S.A.,Linea Farmacia,SUSPENSION ORAL,,,
38078,ME27552,FERGANIC 20 MG / ML SOLUCION ORAL,MEGALABS S.A.,Linea Farmacia,SOLUCION ORAL,,,
38075,ME27405/2,FERGANIC 40 MG X 14 CAPSULAS,MEGALABS S.A.,Linea Farmacia,CAPSULAS,,,
39217,ME33238/2,FERGANIC FOLIC 40 MG - 350 MCG X 14 TABLETAS MASTICABLES,MEGALABS S.A.,Linea Farmacia,TABLETAS,Folico Acido,,
39216,ME33238/4,FERGANIC FOLIC 40 MG - 350 MCG X 24 TABLETAS MASTICABLES,MEGALABS S.A.,Linea Farmacia,TABLETAS,Folico Acido,,
38112,ME41686,FLUCON 200 MG X 4 CAPSULAS,MEGALABS S.A.,Linea Farmacia,CAPSULAS,Fluconazol,,
39209,ME44361,HEXANT 15 MG / 5 ML SOLUCION ORAL SABOR A FRESA,MEGALABS S.A.,Linea Farmacia,SOLUCION ORAL,Ambroxol,,
38272,HO30748/4,KELAC 30 MG / ML X 4 AMPOLLAS,MEGALABS S.A.,Linea Hospitalaria,INYECTABLE,,,
39274,ME42263,KLINCOSAL 262 MG - 500 MG / 15 ML SUSPENSION ORAL SABOR A FRESA,MEGALABS S.A.,Linea Farmacia,SOLUCION ORAL,,,
39275,ME42264,KLINCOSAL 262 MG - 500 MG / 15 ML SUSPENSION ORAL SABOR A UVA,MEGALABS S.A.,Linea Farmacia,SOLUCION ORAL,,,
38369,ME39867,LODIPIN VL 10 MG - 160 MG X 30 CAPSULAS,MEGALABS S.A.,Linea Farmacia,CAPSULAS,,,
38536,ME31384/2,NEFROTAL H 50 MG - 12.5 MG X 10 COMPRIMIDOS RECUBIERTOS,MEGALABS S.A.,Linea Farmacia,COMPRIMIDOS,Hidroclorotiazida - Losartan,,
38535,ME31384/4,NEFROTAL H 50 MG - 12.5 MG X 15 COMPRIMIDOS RECUBIERTOS,MEGALABS S.A.,Linea Farmacia,COMPRIMIDOS,Hidroclorotiazida - Losartan,,
38534,ME31384/5,NEFROTAL H 50 MG - 12.5 MG X 30 COMPRIMIDOS RECUBIERTOS,MEGALABS S.A.,Linea Farmacia,COMPRIMIDOS,Hidroclorotiazida - Losartan,,
38543,HO7099/2,NEOSTIGMINA 0.5 MG / ML X 3 AMPOLLAS,MEGALABS S.A.,Linea Hospitalaria,INYECTABLE,,,
38544,HO7099/3,NEOSTIGMINA 0.5 MG / ML X 6 AMPOLLAS,MEGALABS S.A.,Linea Hospitalaria,INYECTABLE,,,
39441,ME31588,OTALEX 0.2 % - 1 % SUSPENSION OTICA,MEGALABS S.A.,Linea Farmacia,SUSPENSION ORAL,Ciprofloxacino - Hidrocortisona,,
39343,MI25491,PROTOSULFIL 1 % POLVO,MEGALABS S.A.,Linea Farmacia,POLVO PARA RECONSTITUCION,,,
39349,ME40285,RAMIPRES HCT 2.5 MG - 12.5 MG COMPRIMIDOS,MEGALABS S.A.,Linea Farmacia,COMPRIMIDOS,Hidroclorotiazida - Ramipril,,
38779,ME30171/3,SERLINE 50 MG X 30 COMPRIMIDOS,MEGALABS S.A.,Linea Farmacia,COMPRIMIDOS,Sertralina,,
39411,ME6025/2,VITAMINA B12 250 MCG X 3 CAPSULAS,MEGALABS S.A.,Linea Farmacia,CAPSULAS,Cianocobalamina,,
38959,ME6024,VITAMINA B12 500 MCG X 20 CAPSULAS,MEGALABS S.A.,Linea Farmacia,CAPSULAS,,,
38967,ME32643,VITAMINA C 100 MG / 5 ML SOLUCION ORAL,MEGALABS S.A.,Linea Farmacia,SOLUCION ORAL,,,
38970,HO16233,VITAMINA K1 10 MG / ML X 3 AMPOLLAS,MEGALABS S.A.,Linea Hospitalaria,INYECTABLE,,,
39416,ME43457,ZUDENINA PEB 0.1 % - 2.5 % GEL,MEGALABS S.A.,Linea Farmacia,GEL,Adapaleno - Benzoilo Peroxido,,
38172,ME35866,GLUCOFAGE 500 MG XR X 30 TABLETAS DE LIBERACION RETARDADA,MERCK SANTE S.A.S.,Linea Farmacia,TABLETAS,,,
38177,ME35616,GLYMAR 4 MG X 20 TABLETAS,MEYER PRODUCTOS TERAPEUTICOS S.A.,Linea Farmacia,TABLETAS,Glimepirida,,
38856,ME36877,TERBINAFINA CLORHIDRATO 1 % CREMA TOPICA,MEYER PRODUCTOS TERAPEUTICOS S.A.,Linea Farmacia,CREMA,,,
37436,ME44341,SINOT CLAV 875 MG – 125 MG X 14 COMPRIMIDOS,MOMENTA FARMACEUTICA LTDA.,Linea Farmacia,COMPRIMIDOS,Amoxicilina,,
39513,ME35723,GABICTAL 300 MG X 30 COMPRIMIDOS RECUBIERTOS,MONTE VERDE S.A.,Linea Farmacia,COMPRIMIDOS,Gabapentina,,
39512,ME35724,GABICTAL 400 MG X 15 COMPRIMIDOS RECUBIERTOS,MONTE VERDE S.A.,Linea Farmacia,COMPRIMIDOS,Gabapentina,,
38711,ME39822,QUETIAZIC 300 MG X 30 COMPRIMIDOS RECUBIERTOS,MONTE VERDE S.A.,Linea Farmacia,COMPRIMIDOS,Quetiapina,,
39419,ME43846,ALBENDAZOL 100 MG / 5 ML SUSPENSION ORAL,MOREPEN LABORATORIES LIMITED,Linea Farmacia,SOLUCION ORAL,Albendazol,,
39558,ME43540,PARACETAMOL 120 MG / 5 ML SOLUCION ORAL,MOREPEN LABORATORIES LIMITED,Linea Farmacia,SOLUCION ORAL,Paracetamol,,
39566,ME43937,PREDNISONA 5 MG / 5 ML SOLUCION ORAL,MOREPEN LABORATORIES LIMITED,Linea Farmacia,SOLUCION ORAL,Prednisona,,
39478,ME33867,MARVELON 28 0.15 MG - 0.03 MG X 21 COMPRIMIDOS,N.V ORGANON,Linea Farmacia,COMPRIMIDOS,Desogestrel - Etinilestradiol,,
38724,ME44650,REUMAQUINE 200 MG X 20 TABLETAS RECUBIERTAS,NEEL NAYAN PHARMA PVT. LTD.,Linea Farmacia,TABLETAS,Hidroxicloroquina,,
38499,ME37308,MIRTAZAPINA 30 MG X 30 TABLETAS RECUBIERTAS,NOVARTIS LIMITED . BANGLADESH,Linea Farmacia,TABLETAS,Mirtazapina,,
38952,ME42486,VILDAGLIPTINA 50 MG X 30 COMPRIMIDOS,NOVARTIS PHARMACEUTICAL MANUFACTURING LLC.,Linea Farmacia,COMPRIMIDOS,Vildagliptina,,
38841,ME30979,TAMSULON 0.4 MG X 30 CAPSULAS DE LIBERACION CONTROLADA,NOVOCAP S.A.,Linea Farmacia,CAPSULAS,,,
39546,ME43731,MUPIROCINA 2 % UNGUENTO,OHAD PHARMACEUTICALS PVT. LTD.,Linea Farmacia,UNGUENTO,Mupirocina,,
37695,ME38916/2,CARVEDILOL 6.5 MG X 14 TABLETAS,OKASA PHARMA PVT LTDA.,Linea Farmacia,TABLETAS,Carvedilol,,
37692,ME38916/3,CARVEDILOL 6.5 MG X 15 TABLETAS,OKASA PHARMA PVT LTDA.,Linea Farmacia,TABLETAS,Carvedilol,,
37694,ME38916/4,CARVEDILOL 6.5 MG X 20 TABLETAS,OKASA PHARMA PVT LTDA.,Linea Farmacia,TABLETAS,Carvedilol,,
37696,ME38916/5,CARVEDILOL 6.5 MG X 28 TABLETAS,OKASA PHARMA PVT LTDA.,Linea Farmacia,TABLETAS,Carvedilol,,
37693,ME38916/6,CARVEDILOL 6.5 MG X 30 TABLETAS,OKASA PHARMA PVT LTDA.,Linea Farmacia,TABLETAS,Carvedilol,,
39556,ME44095,OPRABLU 20 MG X 30 CAPSULAS,OLON S.P.A,Linea Farmacia,CAPSULAS,Omeprazol,,
38674,ME8400,OTODON 2 % - 5 % SOLUCION GOTAS USO OTICO.,ORGANIFAR S.A.,Linea Farmacia,GOTAS,,,
37549,ME1645,BACITRACINA 125 MG / 15 G UNGUENTO,PFIZER VENEZUELA S.A.,Linea Farmacia,UNGUENTO,Bacitracina,,
39500,ME36507,INSPRA 50 MG X 30 TABLETAS RECUBIERTAS,PFIZER VENEZUELA S.A.,Linea Farmacia,TABLETAS,Eplerenona,,
39541,ME16930,DEPO - PROVERA 150 MG / ML X 1 AMPOLLA,PHARMACIA & UPJOHN COMPANY LLC.,Linea Farmacia,INYECTABLE,Medroxiprogesterona,,
38981,HO33694,VORCUM 200 MG POLVO LIOFILIZADO PARA SOLUCION PARA INFUSION,PHARMACIA & UPJOHN COMPANY LLC.,Linea Hospitalaria,INYECTABLE,Voriconazol,,
37567,ME37878,BETADUO 6.430 MG - 2.631 MG / ML X 1 AMPOLLA,PHARMAYECT S.A.,Linea Farmacia,INYECTABLE,,,
37573,HO36271/2,BETAMETASONA 4 MG / ML X 1 AMPOLLA,PHARMAYECT S.A.,Linea Hospitalaria,INYECTABLE,Betametasona,,
37574,HO36271/3,BETAMETASONA 4 MG / ML X 10 AMPOLLAS,PHARMAYECT S.A.,Linea Hospitalaria,INYECTABLE,Betametasona,,
38697,ME44579/2,PREGALIS 75 MG X 14 CAPSULAS,PINNACLE LIFE SCIENCE PVT. LTD.,Linea Farmacia,CAPSULAS,Pregabalina,,
38696,ME44579/3,PREGALIS 75 MG X 30 CAPSULAS,PINNACLE LIFE SCIENCE PVT. LTD.,Linea Farmacia,CAPSULAS,Pregabalina,,
38708,ME43431/2,QUETIAPINA 100 MG X 10 TABLETAS RECUBIERTAS,PINNACLE LIFE SCIENCE PVT. LTD.,Linea Farmacia,TABLETAS,,,
38709,ME43431/3,QUETIAPINA 100 MG X 30 TABLETAS RECUBIERTAS,PINNACLE LIFE SCIENCE PVT. LTD.,Linea Farmacia,TABLETAS,,,
38710,ME43426,QUETIAPINA 25 MG X 30 TABLETAS RECUBIERTAS,PINNACLE LIFE SCIENCE PVT. LTD.,Linea Farmacia,TABLETAS,,,
39480,HO44743,DEXABIOL 4 MG / ML X 1 AMPOLLA,PLICA VACCINES PVT. LTD.,Linea Hospitalaria,INYECTABLE,Dexametasona,,
39422,ME34071,ALERVAX 120 MG X 10 TABLETAS RECUBIERTAS,PROCAPS S.A.,Linea Farmacia,TABLETAS,Fexofenadina,,
38240,ME37122,ILANA 600 MG X 1 CAPSULA BLANDA VAGINAL,PROCAPS S.A.,Linea Farmacia,CAPSULAS,,,
39466,ME37545,ISOTRETINOINA 10 MG X 30 CAPSULAS BLANDAS,PROCAPS S.A.,Linea Farmacia,CAPSULAS,Isotretinoina,,
39529,ME41832,JARIT 100 MG X 30 CAPSULAS BLANDAS,PROCAPS S.A.,Linea Farmacia,CAPSULAS,Progesterona,,
38338,ME35920/3,LEVOFLOXACINA 500 MG X 10 TABLETAS RECUBIERTAS,PROCAPS S.A.,Linea Farmacia,TABLETAS,Levofloxacino,,
38339,ME35920/2,LEVOFLOXACINA 500 MG X 7 TABLETAS RECUBIERTAS,PROCAPS S.A.,Linea Farmacia,TABLETAS,Levofloxacino,,
38580,ME37707,NYTAXIN 500 MG X 6 CAPSULAS BLANDAS,PROCAPS S.A.,Linea Farmacia,CAPSULAS,,,
38532,ME43615,TRASS (NAPROXENO SODICO 500 MG + SUMATRIPTAN 85 MG) X 10 TABLETAS RECUBIERTAS,PROCAPS S.A.,Linea Farmacia,TABLETAS,Naproxeno - Sumatriptan,,
38145,ME21300,FUROSEMIDA 40 MG X 24 TABLETAS,PRODUCTOS FARMACEUTICOS PARA EL VIVIR VIVIENDO C.A. (PROFARMACOS C.A.),Linea Farmacia,TABLETAS,Furosemida,,
38586,ME42964,OLANZAPINA 5 MG X 30 TABLETAS ORODISPERSABLES,PSICOFARMA S.A. DE C.V,Linea Farmacia,TABLETAS,Olanzapina,,
37349,ME1457,RESTYLANE PERLANE LIDOCAINA (ACIDO HIALURONICO - LIDOCAINA CLORHIDRATO) 20 MG / ML - 3 MG / ML GEL INYECTABLE,Q-MED AB.,Linea Farmacia,INYECTABLE,Hialuronico Acido,,
39499,ME44466,ELOK 0.1 % CREMA,RECKON ORGANICS PVT. LTD.,Linea Farmacia,CREMA,Mometasona Furoato,,
38875,ME43629,TIZANIDINA 2 MG X 10 TABLETAS,RECKON ORGANICS PVT. LTD.,Linea Farmacia,TABLETAS,Tizanidina,,
38636,ME43468,PANTOPRAZOL 40 MG X 7 TABLETAS DE LIBERACION RETARDADA,REMUS PHARMACEUTICALS PVT. LTD.,Linea Farmacia,TABLETAS,,,
38695,ME42570/2,PREGABALINA 150 MG X 20 CAPSULAS,REMUS PHARMACEUTICALS PVT. LTD.,Linea Farmacia,CAPSULAS,Pregabalina,,
38694,ME42570/3,PREGABALINA 150 MG X 30 CAPSULAS,REMUS PHARMACEUTICALS PVT. LTD.,Linea Farmacia,CAPSULAS,Pregabalina,,
39567,ME44199,PREGATAN 75 MG X 30 CAPSULAS,REMUS PHARMACEUTICALS PVT. LTD.,Linea Farmacia,CAPSULAS,Pregabalina,,
38801,ME43259/2,SITAGLIPTINA - METFORMINA CLORHIDRATO 50 MG - 500 MG X 10 TABLETAS RECUBIERTAS,REMUS PHARMACEUTICALS PVT. LTD.,Linea Farmacia,TABLETAS,Metformina - Sitagliptina,,
38800,ME43259/3,SITAGLIPTINA - METFORMINA CLORHIDRATO 50 MG - 500 MG X 30 TABLETAS RECUBIERTAS,REMUS PHARMACEUTICALS PVT. LTD.,Linea Farmacia,TABLETAS,Metformina - Sitagliptina,,
37717,HO43171,CEFOPERAZONA - SULBACTAM 1 G - 0.5 G X 1 AMPOLLA,REYOUNG PHARMACEUTICAL CO. LTD,Linea Hospitalaria,INYECTABLE,Sulbactam,,
38448,HO42154,MEROPENEM 1 G - 0.5 G X 1 AMPOLLA,REYOUNG PHARMACEUTICAL CO. LTD,Linea Hospitalaria,INYECTABLE,,,
39423,ME31275,AMOXIDUO 750 MG / 5 ML POLVO PARA SUSPENSION ORAL,ROEMMERS S.A.I.C.F,Linea Farmacia,POLVO PARA RECONSTITUCION,Amoxicilina,,
39543,ME41549,MITAR 50 MCG / DOSIS SOLUCION PARA INHALACION NASAL,ROEMMERS S.A.I.C.F,Linea Farmacia,INHALACION,Mometasona,,
37594,ME44328,BISOPROLOL FUMARATO 5 MG X 30 TABLETAS RECUBIERTAS,RONALD PHARMACEUTICALS PVT. LTD.,Linea Farmacia,TABLETAS,Bisoprolol,,
37744,ME43391,CILOSTAZOL 50 MG X 30 TABLETAS RECUBIERTAS,RONALD PHARMACEUTICALS PVT. LTD.,Linea Farmacia,TABLETAS,Cilostazol,,
37913,ME43584,DIACEREINA 50 MG X 10 CAPSULAS,RONALD PHARMACEUTICALS PVT. LTD.,Linea Farmacia,CAPSULAS,Diacereina,,
38026,ME43163,ESCITALOPRAM 10 MG X 28 TABLETAS RECUBIERTAS,RONALD PHARMACEUTICALS PVT. LTD.,Linea Farmacia,TABLETAS,Escitalopram,,
38025,ME43340,ESCITALOPRAM 5 MG X 30 TABLETAS RECUBIERTAS,RONALD PHARMACEUTICALS PVT. LTD.,Linea Farmacia,TABLETAS,,,
38498,ME43124,MIRTAZAPINA 15 MG X 30 TABLETAS RECUBIERTAS,RONALD PHARMACEUTICALS PVT. LTD.,Linea Farmacia,TABLETAS,Mirtazapina,,
38563,ME43051/2,NITROFURANTOINA 100 MG X 10 TABLETAS RECUBIERTAS,RONALD PHARMACEUTICALS PVT. LTD.,Linea Farmacia,TABLETAS,Nitrofurantoina,,
38562,ME43051/3,NITROFURANTOINA 100 MG X 300 TABLETAS RECUBIERTAS,RONALD PHARMACEUTICALS PVT. LTD.,Linea Farmacia,TABLETAS,Nitrofurantoina,,
38686,ME42866/2,PREDNISOLONA 5 MG X 10 TABLETAS,RONALD PHARMACEUTICALS PVT. LTD.,Linea Farmacia,TABLETAS,Prednisolona,,
38687,ME42866/3,PREDNISOLONA 5 MG X 30 TABLETAS,RONALD PHARMACEUTICALS PVT. LTD.,Linea Farmacia,TABLETAS,Prednisolona,,
38808,ME43073/2,SUCRALFATO 1 G X 10 TABLETAS,RONALD PHARMACEUTICALS PVT. LTD.,Linea Farmacia,TABLETAS,,,
38807,ME43073/3,SUCRALFATO 1 G X 20 TABLETAS,RONALD PHARMACEUTICALS PVT. LTD.,Linea Farmacia,TABLETAS,,,
38910,ME43451,UROSINA 0.4 MG X 30 TABLETAS RECUBIERTAS DE LIBERACION PROLONGADA,RONALD PHARMACEUTICALS PVT. LTD.,Linea Farmacia,TABLETAS,,,
37463,ME42609,ANASTROZOL 1 MG X 30 TABLETAS RECUBIERTAS,SALUTAS PHARMA GMBH.,Linea Farmacia,TABLETAS,Anastrozol,,
38421,ME37893,MAALOX 460 MG - 400 MG / 4.3 ML X 30 SUSPENSION,SANOFI AVENTIS S.P.A ITALIA,Linea Farmacia,SUSPENSION ORAL,Aluminio Hidroxido - Magnesio Hidroxido,,
39430,ME31240,CO-APROVEL 150 MG - 12.5 MG X 28 COMPRIMIDOS RECUBIERTOS,SANOFI WINTHROP INDUSTRIE,Linea Farmacia,COMPRIMIDOS,Hidroclorotiazida - Irbesartan,,
37439,ME44669,AMOXICILINA - ACIDO CLAVULANICO 500 MG - 125 MG X 10 TABLETAS RECUBIERTAS,SARTHI PHARMA,Linea Farmacia,TABLETAS,,,
37587,ME43626,BISACODILO 5 MG X 10 TABLETAS GASTRORRESISTENTES,SG HEALTHCARE PVT. LTD.,Linea Farmacia,TABLETAS,Bisacodilo,,
38331,ME43729,LEVETIRACETAM 500 MG X 30 TABLETAS RECUBIERTAS,SG HEALTHCARE PVT. LTD.,Linea Farmacia,TABLETAS,Levetiracetam,,
38476,HO42390,METRONIDAZOL 500 MG / 100 ML SOLUCION PARA INFUSION.,SHANDONG SHENGLU PHARMACEUTICAL CO. LTD,Linea Hospitalaria,INYECTABLE,,,
39557,HO44280,OLXAC 40 MG X 1 AMPOLLA,SHANDONG YUXIN PHARMACEUTICAL CO. LTD,Linea Hospitalaria,INYECTABLE,Omeprazol,,
37753,HO44719,CIPROFLOXACINA 200 MG / 100 ML SOLUCION INYECTABLE,SHIJIAZHUANG NO 4 PHARMACEUTICAL CO. LTD,Linea Hospitalaria,INYECTABLE,,,
38638,HO44116,PARACETAMOL 1 G / 100 ML SOLUCION PARA INFUSION,SHIJIAZHUANG NO 4 PHARMACEUTICAL CO. LTD,Linea Hospitalaria,INYECTABLE,Paracetamol,,
37303,ME43992,ACIDO TRANEXAMICO 500 MG X 10 TABLETAS RECUBIERTAS,SHILPA PHARMA LIFESCIENCES LIMITED,Linea Farmacia,TABLETAS,Tranexamico Acido,,
39575,HO42230,CLORURO DE SODIO 0.9 % - GLUCOSA 5 % X 10 AMPOLLAS,SHIYAO YINHU PHARMACEUTICAL CO. LTD,Linea Hospitalaria,INYECTABLE,Glucosa,,
37325,ME40713,ACETAMINOFEN - CLORFENIRAMINA 125 MG - 1 MG / 5 ML JARABE,SM PHARMA C.A.,Linea Farmacia,JARABE,,,
37313,ME40083,ACETAMINOFEN 120 MG / 5 ML SOLUCION ORAL,SM PHARMA C.A.,Linea Farmacia,SOLUCION ORAL,Acetaminofen,,
37314,ME40084,ACETAMINOFEN 180 MG / 5 ML SOLUCION ORAL,SM PHARMA C.A.,Linea Farmacia,SOLUCION ORAL,Acetaminofen,,
37324,ME37095,ACETAMINOFEN 500 MG X 20 TABLETAS,SM PHARMA C.A.,Linea Farmacia,TABLETAS,Acetaminofen,,
37383,ME40605/2,ALBENDAZOL 200 MG X 2 COMPRIMIDOS,SM PHARMA C.A.,Linea Farmacia,COMPRIMIDOS,Albendazol,,
37384,ME40605/3,ALBENDAZOL 200 MG X 6 COMPRIMIDOS,SM PHARMA C.A.,Linea Farmacia,COMPRIMIDOS,Albendazol,,
37446,ME23745,AMOXICILINA 125 MG / 5 ML SUSPENSION,SM PHARMA C.A.,Linea Farmacia,SUSPENSION ORAL,,,
37454,ME24809,AMPICILINA 250 MG / 5 ML POLVO PARA SUSPENSION ORAL,SM PHARMA C.A.,Linea Farmacia,POLVO PARA RECONSTITUCION,Ampicilina,,
37615,ME40260,BROMEXINA CLORHIDRATO 4 MG / 5 ML JARABE,SM PHARMA C.A.,Linea Farmacia,JARABE,,,
37769,ME42521,CITRAPOL SOLUCION,SM PHARMA C.A.,Linea Farmacia,LOCION,Citrico Acido,,
38216,ME34468,IBUPROFENO 100 MG / 5 ML SUSPENSION,SM PHARMA C.A.,Linea Farmacia,SUSPENSION ORAL,Ibuprofeno,,
38254,ME36068/2,IRBESARTAN 150 MG X 10 TABLETAS,SM PHARMA C.A.,Linea Farmacia,TABLETAS,Irbesartan,,
38253,ME36068/3,IRBESARTAN 150 MG X 28 TABLETAS,SM PHARMA C.A.,Linea Farmacia,TABLETAS,Irbesartan,,
38255,ME36068/4,IRBESARTAN 150 MG X 30 TABLETAS,SM PHARMA C.A.,Linea Farmacia,TABLETAS,Irbesartan,,
38378,ME40887,LOPERAMIDA 2 MG X 10 TABLETAS,SM PHARMA C.A.,Linea Farmacia,TABLETAS,Loperamida,,
39471,ME37218,MEDIGRIP DIA 500 MG - 2 MG - 3 MG X 10 COMPRIMIDOS,SM PHARMA C.A.,Linea Farmacia,COMPRIMIDOS,Acetaminofen - Cafeina - Clorfeniramina,,
38517,ME36486,MOXIFLOXACINA 400 MG X 10 COMPRIMIDOS RECUBIERTOS,SM PHARMA C.A.,Linea Farmacia,COMPRIMIDOS,Moxifloxacino,,
39569,ME40781,RANITIDINA 150 MG / 10 ML X 10 SOLUCION ORAL,SM PHARMA C.A.,Linea Farmacia,SOLUCION ORAL,Ranitidina,,
38932,ME37644/2,VALSARTAN 80 MG X 14 CAPSULAS,SM PHARMA C.A.,Linea Farmacia,CAPSULAS,Valsartan,,
38933,ME37644/3,VALSARTAN 80 MG X 30 CAPSULAS,SM PHARMA C.A.,Linea Farmacia,CAPSULAS,Valsartan,,
38960,HO27999,VITAMINA C 500 MG / 5 ML X 10 AMPOLLAS,SM PHARMA C.A.,Linea Hospitalaria,INYECTABLE,,,
37532,ME29902,AUGMENTIN BID 875 MG - 125 MG TABLETAS RECUBIERTAS,SMITHKLINE BEECHAM LIMITED,Linea Farmacia,TABLETAS,Amoxicilina - Clavulanico Acido,,
39524,HO44584,BIOCORTIN 500 MG X 1 AMPOLLA,SUNLIFE PHARMA SERVICES - NIXI LABORATORIES PVT. LTD.,Linea Hospitalaria,INYECTABLE,Hidrocortisona,,
37576,ME42551,BILOL 2.5 MG X 10 TABLETAS RECUBIERTAS,SWISS PARENTERALS LTD,Linea Farmacia,TABLETAS,,,
37761,ME42422,CIPROFLOXACINO 500 MG X 10 TABLETAS RECUBIERTAS,SWISS PARENTERALS LTD,Linea Farmacia,TABLETAS,Ciprofloxacino,,
38983,HO41121/3,XANEXTRA 500 MG / 5 ML X 21 AMPOLLAS,SWISS PARENTERALS LTD,Linea Hospitalaria,INYECTABLE,Tranexamico Acido,,
37481,ME43847,APIBLOTAN 5 MG X 60 TABLETAS RECUBIERTAS,SYNOKEM PHARMACEUTICALS LIMITED,Linea Farmacia,TABLETAS,Apixaban,,
37595,ME43390,BISOPROLOL FUMARATO 1.25 MG X 15 TABLETAS RECUBIERTAS,SYNOKEM PHARMACEUTICALS LIMITED,Linea Farmacia,TABLETAS,,,
39460,ME43843,CLORDITAN 12.5 MG X 30 TABLETAS,SYNOKEM PHARMACEUTICALS LIMITED,Linea Farmacia,TABLETAS,Clortalidona,,
38344,ME43297,LEVONORGESTREL 1.5 MG X 1 TABLETA RECUBIERTA,SYNOKEM PHARMACEUTICALS LIMITED,Linea Farmacia,TABLETAS,Levonorgestrel,,
38590,ME42752/2,OLMESARTAN MEDOXOMILO 20 MG X 10 TABLETAS RECUBIERTAS,SYNOKEM PHARMACEUTICALS LIMITED,Linea Farmacia,TABLETAS,Olmesartan Medoxomilo,,
38591,ME42752/3,OLMESARTAN MEDOXOMILO 20 MG X 30 TABLETAS RECUBIERTAS,SYNOKEM PHARMACEUTICALS LIMITED,Linea Farmacia,TABLETAS,Olmesartan Medoxomilo,,
38593,ME42751/2,OLMESARTAN MEDOXOMILO 40 MG X 10 TABLETAS RECUBIERTAS,SYNOKEM PHARMACEUTICALS LIMITED,Linea Farmacia,TABLETAS,Olmesartan Medoxomilo,,
38594,ME42751/3,OLMESARTAN MEDOXOMILO 40 MG X 30 TABLETAS RECUBIERTAS,SYNOKEM PHARMACEUTICALS LIMITED,Linea Farmacia,TABLETAS,Olmesartan Medoxomilo,,
37447,ME25639,AMOXICILINA 250 MG / 5 ML POLVO PARA SUSPENSION,SYNTOFARMA S.A.,Linea Farmacia,POLVO PARA RECONSTITUCION,Amoxicilina,,
37707,ME31345,CEFADROXILO 250 MG / 5 ML POLVO PARA SUSPENSION ORAL,SYNTOFARMA S.A.,Linea Farmacia,POLVO PARA RECONSTITUCION,Cefadroxilo,,
37705,ME27532,CEFADROXILO 500 MG X 10 CAPSULAS,SYNTOFARMA S.A.,Linea Farmacia,CAPSULAS,Cefadroxilo,,
39452,ME44040,CEFOTAS 250 MG / 5 ML POLVO PARA SUSPENSION ORAL,SYNTOFARMA S.A.,Linea Farmacia,POLVO PARA RECONSTITUCION,Cefadroxilo,,
37718,ME43917,CEFOTAS 500 MG X 20 CAPSULAS,SYNTOFARMA S.A.,Linea Farmacia,CAPSULAS,Cefadroxilo,,
38487,ME34758,MICROSER 16 MG X 20 TABLETAS,TECNANDINA S.A.,Linea Farmacia,TABLETAS,Betahistina,,
38889,ME30065,TRAMAL LONG 150 MG X 20 TABLETAS RECUBIERTAS DE LIBERACION PROLONGADA,TECNANDINA S.A.,Linea Farmacia,TABLETAS,,,
39593,ME43940,TOMYCIN DEX 0.3 % - 0.1 % SUSPENSION OFTALMICA,THE IBN SINA PHARMACEUTICAL INDUSTRY LTD,Linea Farmacia,SOLUCION OFTALMICA,Dexametasona - Tobramicina,,
37306,ME42665,ACECLOFENACO 100 MG X 10 TABLETAS RECUBIERTAS,THEON PHARMACEUTICALS LTD,Linea Farmacia,TABLETAS,Aceclofenaco,,
39479,ME42667,SITAGLIPTINA - METFORMINA CLORHIDRATO 50 MG - 500 MG TABLETAS RECUBIERTAS,THEON PHARMACEUTICALS LTD,Linea Farmacia,TABLETAS,Metformina - Sitagliptina,,
37510,ME43445,ATAPEC 100 MG X 30 TABLETAS RECUBIERTAS,TITAN LABORATORIES PVT. LTD.,Linea Farmacia,TABLETAS,,,
37754,HO44679,CIPROFLOXACINA INFUSION 0.2 G / 100 ML SOLUCION PARA INFUSION INTRAVENOSA,U SQUARE LIFESCIENCE PVT. LTD.,Linea Hospitalaria,INYECTABLE,Ciprofloxacino,,
37919,ME24715,DIANE 35 MCG - 2 MG X 21 GRAGEAS,UNIAO QUIMICA INTERNACIONAL LTDA.,Linea Farmacia,GRAGEAS,Etinilestradiol,,
37934,ME43099,DICLOFENACO POTASICO 50 MG X 20 TABLETAS CON RECUBRIMIENTO ENTERICO,VIDA LABORATORIES (P) LIMITED,Linea Farmacia,TABLETAS,,,
37336,HO40581,ACICLOVIR 250 MG POLVO LIOFILIZADO PARA SOLUCION INYECTABLE PARA INFUSION INTRAVENOSA,VITALIS S.A.C.I.,Linea Hospitalaria,INYECTABLE,Aciclovir,,
37719,HO33864,CEFTRIAXONA 1 G X 1 AMPOLLA,VITALIS S.A.C.I.,Linea Hospitalaria,INYECTABLE,,,
38072,HO41409,FENITOINA SODICA 50 MG / ML SOLUCION INYECTABLE,VITALIS S.A.C.I.,Linea Hospitalaria,INYECTABLE,Fenitoina,,
38119,HO40840,FLUCONAZOL 200 MG / 100 ML SOLUCION INYECTABLE INTRAVENOSA,VITALIS S.A.C.I.,Linea Hospitalaria,INYECTABLE,Fluconazol,,
38154,HO36306/3,GENTAMICINA 160 MG / 2 ML X 10 AMPOLLAS,VITALIS S.A.C.I.,Linea Hospitalaria,INYECTABLE,Gentamicina,,
38155,HO36306/2,GENTAMICINA 160 MG / 2 ML X 5 AMPOLLAS,VITALIS S.A.C.I.,Linea Hospitalaria,INYECTABLE,Gentamicina,,
38447,HO34365,MEROPENEM 1 G X 10 AMPOLLAS,VITALIS S.A.C.I.,Linea Hospitalaria,INYECTABLE,Meropenem,,
38528,HO36014,N-BUTIL BROMURO DE HIOSCINA 20 MG / ML X 5 AMPOLLAS,VITALIS S.A.C.I.,Linea Hospitalaria,INYECTABLE,,,
38613,HO33836,OMEPRAZOL 40 MG X 1 AMPOLLA,VITALIS S.A.C.I.,Linea Hospitalaria,INYECTABLE,Omeprazol,,
39523,HO34920,HIDROCORTISONA 100 MG X 10 AMPOLLAS,VITROFARMA S.A.,Linea Hospitalaria,INYECTABLE,Hidrocortisona,,
37745,ME42967,CILOSTAZOL 100 MG X 30 TABLETAS,WEST-COAST PHARMACEUTICAL WORKS LTD,Linea Farmacia,TABLETAS,Cilostazol,,
37788,ME42956,CLOMIFENO CITRATO 50 MG X 30 TABLETAS,WEST-COAST PHARMACEUTICAL WORKS LTD,Linea Farmacia,TABLETAS,Clomifeno,,
39550,ME43190,NEMAX 16 % - 6 % SOLUCION RECTAL,WEST-COAST PHARMACEUTICAL WORKS LTD,Linea Farmacia,LOCION,,,
38744,ME42922,RIVAROXABAN 15 MG X 30 TABLETAS RECUBIERTAS,WEST-COAST PHARMACEUTICAL WORKS LTD,Linea Farmacia,TABLETAS,Rivaroxaban,,
38745,ME42923/2,RIVAROXABAN 20 MG X 10 TABLETAS RECUBIERTAS,WEST-COAST PHARMACEUTICAL WORKS LTD,Linea Farmacia,TABLETAS,Rivaroxaban,,
38746,ME42923/3,RIVAROXABAN 20 MG X 14 TABLETAS RECUBIERTAS,WEST-COAST PHARMACEUTICAL WORKS LTD,Linea Farmacia,TABLETAS,Rivaroxaban,,
38750,ME42632/2,ROSUVASTATINA 20 MG X 10 TABLETAS RECUBIERTAS,WEST-COAST PHARMACEUTICAL WORKS LTD,Linea Farmacia,TABLETAS,Rosuvastatina,,
38751,ME42632/3,ROSUVASTATINA 20 MG X 30 TABLETAS RECUBIERTAS,WEST-COAST PHARMACEUTICAL WORKS LTD,Linea Farmacia,TABLETAS,Rosuvastatina,,
38635,HO39516,PANTOPRAZOL 40 MG X 1 AMPOLLA,WEXFORD LABORATORIES PVT. LTD.,Linea Hospitalaria,INYECTABLE,,,
39548,ME44057/2,ACECOL 600 MG X 10 POLVO PARA SOLUCION ORAL,XL LABORATORIES PVT. LTD.,Linea Farmacia,POLVO PARA RECONSTITUCION,,,
39547,ME44057/3,ACECOL 600 MG X 100 POLVO PARA SOLUCION ORAL,XL LABORATORIES PVT. LTD.,Linea Farmacia,POLVO PARA RECONSTITUCION,,,
39555,HO44444,OMEPRAZOL 40 MG X 10 AMPOLLAS,ZHEJIANG XIANJU PHARMACEUTICAL CO. LTD. (TAIZHOU),Linea Hospitalaria,INYECTABLE,Omeprazol,,
39528,ME44524,IVABRADINA 5 MG X 30 TABLETAS RECUBIERTAS,ZYDUS LIFESCIENCIES LIMITED,Linea Farmacia,TABLETAS,Ivabradina,,
38312,ME44647,LAMOTRIGINA 100 MG X 28 TABLETAS DE LIBERACION PROLONGADA,ZYDUS LIFESCIENCIES LIMITED,Linea Farmacia,TABLETAS,Lamotrigina,,
39614,,Dexanetasona 8mgs/4ml ampolla,,,,,,
39613,,Dipirona ampolla,,,,,,
39612,,Ketoprofeno 100mgs x Ampolla,,,,,,
39615,,Ondansetron 8mgs x ampolla,,,,,,
39617,,"Solucion 0,9% 100ml",,,,,,
39616,,Tramadol 100mgs x ampolla,,,,,,